Commodity_Description,Market_Year,Attribute_Description,Unit_Description,Value
"Animal Numbers, Cattle",1975,Beef Cows Beg. Stocks,(1000 HEAD),0.0
"Animal Numbers, Cattle",1975,Beginning Stocks,(1000 HEAD),74554.0
"Animal Numbers, Cattle",1975,Calf Slaughter,(1000 HEAD),0.0
"Animal Numbers, Cattle",1975,Cow Slaughter,(1000 HEAD),0.0
"Animal Numbers, Cattle",1975,Dairy Cows Beg. Stocks,(1000 HEAD),0.0
"Animal Numbers, Cattle",1975,Ending Stocks,(1000 HEAD),73547.0
"Animal Numbers, Cattle",1975,Exports,(1000 HEAD),145.0
"Animal Numbers, Cattle",1975,Imports,(1000 HEAD),0.0
"Animal Numbers, Cattle",1975,Loss and Residual,(1000 HEAD),0.0
"Animal Numbers, Cattle",1975,Production,(1000 HEAD),2983.0
"Animal Numbers, Cattle",1975,Total Distribution,(1000 HEAD),77537.0
"Animal Numbers, Cattle",1975,Total Slaughter,(1000 HEAD),3845.0
"Animal Numbers, Cattle",1975,Total Supply,(1000 HEAD),77537.0
"Animal Numbers, Cattle",1976,Beef Cows Beg. Stocks,(1000 HEAD),0.0
"Animal Numbers, Cattle",1976,Beginning Stocks,(1000 HEAD),73547.0
"Animal Numbers, Cattle",1976,Calf Slaughter,(1000 HEAD),0.0
"Animal Numbers, Cattle",1976,Cow Slaughter,(1000 HEAD),0.0
"Animal Numbers, Cattle",1976,Dairy Cows Beg. Stocks,(1000 HEAD),0.0
"Animal Numbers, Cattle",1976,Ending Stocks,(1000 HEAD),71693.0
"Animal Numbers, Cattle",1976,Exports,(1000 HEAD),140.0
"Animal Numbers, Cattle",1976,Imports,(1000 HEAD),0.0
"Animal Numbers, Cattle",1976,Loss and Residual,(1000 HEAD),0.0
"Animal Numbers, Cattle",1976,Production,(1000 HEAD),2466.0
"Animal Numbers, Cattle",1976,Total Distribution,(1000 HEAD),76013.0
"Animal Numbers, Cattle",1976,Total Slaughter,(1000 HEAD),4180.0
"Animal Numbers, Cattle",1976,Total Supply,(1000 HEAD),76013.0
"Animal Numbers, Cattle",1977,Beef Cows Beg. Stocks,(1000 HEAD),0.0
"Animal Numbers, Cattle",1977,Beginning Stocks,(1000 HEAD),71693.0
"Animal Numbers, Cattle",1977,Calf Slaughter,(1000 HEAD),0.0
"Animal Numbers, Cattle",1977,Cow Slaughter,(1000 HEAD),0.0
"Animal Numbers, Cattle",1977,Dairy Cows Beg. Stocks,(1000 HEAD),0.0
"Animal Numbers, Cattle",1977,Ending Stocks,(1000 HEAD),70398.0
"Animal Numbers, Cattle",1977,Exports,(1000 HEAD),134.0
"Animal Numbers, Cattle",1977,Imports,(1000 HEAD),0.0
"Animal Numbers, Cattle",1977,Loss and Residual,(1000 HEAD),0.0
"Animal Numbers, Cattle",1977,Production,(1000 HEAD),2904.0
"Animal Numbers, Cattle",1977,Total Distribution,(1000 HEAD),74597.0
"Animal Numbers, Cattle",1977,Total Slaughter,(1000 HEAD),4065.0
"Animal Numbers, Cattle",1977,Total Supply,(1000 HEAD),74597.0
"Animal Numbers, Cattle",1978,Beef Cows Beg. Stocks,(1000 HEAD),0.0
"Animal Numbers, Cattle",1978,Beginning Stocks,(1000 HEAD),70398.0
"Animal Numbers, Cattle",1978,Calf Slaughter,(1000 HEAD),0.0
"Animal Numbers, Cattle",1978,Cow Slaughter,(1000 HEAD),0.0
"Animal Numbers, Cattle",1978,Dairy Cows Beg. Stocks,(1000 HEAD),0.0
"Animal Numbers, Cattle",1978,Ending Stocks,(1000 HEAD),70724.0
"Animal Numbers, Cattle",1978,Exports,(1000 HEAD),134.0
"Animal Numbers, Cattle",1978,Imports,(1000 HEAD),0.0
"Animal Numbers, Cattle",1978,Loss and Residual,(1000 HEAD),0.0
"Animal Numbers, Cattle",1978,Production,(1000 HEAD),4460.0
"Animal Numbers, Cattle",1978,Total Distribution,(1000 HEAD),74858.0
"Animal Numbers, Cattle",1978,Total Slaughter,(1000 HEAD),4000.0
"Animal Numbers, Cattle",1978,Total Supply,(1000 HEAD),74858.0
"Animal Numbers, Cattle",1979,Beef Cows Beg. Stocks,(1000 HEAD),0.0
"Animal Numbers, Cattle",1979,Beginning Stocks,(1000 HEAD),70724.0
"Animal Numbers, Cattle",1979,Calf Slaughter,(1000 HEAD),0.0
"Animal Numbers, Cattle",1979,Cow Slaughter,(1000 HEAD),0.0
"Animal Numbers, Cattle",1979,Dairy Cows Beg. Stocks,(1000 HEAD),475.0
"Animal Numbers, Cattle",1979,Ending Stocks,(1000 HEAD),71346.0
"Animal Numbers, Cattle",1979,Exports,(1000 HEAD),188.0
"Animal Numbers, Cattle",1979,Imports,(1000 HEAD),0.0
"Animal Numbers, Cattle",1979,Loss and Residual,(1000 HEAD),0.0
"Animal Numbers, Cattle",1979,Production,(1000 HEAD),3778.0
"Animal Numbers, Cattle",1979,Total Distribution,(1000 HEAD),74502.0
"Animal Numbers, Cattle",1979,Total Slaughter,(1000 HEAD),2968.0
"Animal Numbers, Cattle",1979,Total Supply,(1000 HEAD),74502.0
"Animal Numbers, Cattle",1980,Beef Cows Beg. Stocks,(1000 HEAD),0.0
"Animal Numbers, Cattle",1980,Beginning Stocks,(1000 HEAD),71346.0
"Animal Numbers, Cattle",1980,Calf Slaughter,(1000 HEAD),0.0
"Animal Numbers, Cattle",1980,Cow Slaughter,(1000 HEAD),0.0
"Animal Numbers, Cattle",1980,Dairy Cows Beg. Stocks,(1000 HEAD),557.0
"Animal Numbers, Cattle",1980,Ending Stocks,(1000 HEAD),71676.0
"Animal Numbers, Cattle",1980,Exports,(1000 HEAD),237.0
"Animal Numbers, Cattle",1980,Imports,(1000 HEAD),0.0
"Animal Numbers, Cattle",1980,Loss and Residual,(1000 HEAD),0.0
"Animal Numbers, Cattle",1980,Production,(1000 HEAD),3889.0
"Animal Numbers, Cattle",1980,Total Distribution,(1000 HEAD),75235.0
"Animal Numbers, Cattle",1980,Total Slaughter,(1000 HEAD),3322.0
"Animal Numbers, Cattle",1980,Total Supply,(1000 HEAD),75235.0
"Animal Numbers, Cattle",1981,Beef Cows Beg. Stocks,(1000 HEAD),0.0
"Animal Numbers, Cattle",1981,Beginning Stocks,(1000 HEAD),71676.0
"Animal Numbers, Cattle",1981,Calf Slaughter,(1000 HEAD),0.0
"Animal Numbers, Cattle",1981,Cow Slaughter,(1000 HEAD),0.0
"Animal Numbers, Cattle",1981,Dairy Cows Beg. Stocks,(1000 HEAD),640.0
"Animal Numbers, Cattle",1981,Ending Stocks,(1000 HEAD),73301.0
"Animal Numbers, Cattle",1981,Exports,(1000 HEAD),220.0
"Animal Numbers, Cattle",1981,Imports,(1000 HEAD),0.0
"Animal Numbers, Cattle",1981,Loss and Residual,(1000 HEAD),0.0
"Animal Numbers, Cattle",1981,Production,(1000 HEAD),4861.0
"Animal Numbers, Cattle",1981,Total Distribution,(1000 HEAD),76537.0
"Animal Numbers, Cattle",1981,Total Slaughter,(1000 HEAD),3016.0
"Animal Numbers, Cattle",1981,Total Supply,(1000 HEAD),76537.0
"Animal Numbers, Cattle",1982,Beef Cows Beg. Stocks,(1000 HEAD),0.0
"Animal Numbers, Cattle",1982,Beginning Stocks,(1000 HEAD),73301.0
"Animal Numbers, Cattle",1982,Calf Slaughter,(1000 HEAD),0.0
"Animal Numbers, Cattle",1982,Cow Slaughter,(1000 HEAD),0.0
"Animal Numbers, Cattle",1982,Dairy Cows Beg. Stocks,(1000 HEAD),700.0
"Animal Numbers, Cattle",1982,Ending Stocks,(1000 HEAD),76073.0
"Animal Numbers, Cattle",1982,Exports,(1000 HEAD),224.0
"Animal Numbers, Cattle",1982,Imports,(1000 HEAD),0.0
"Animal Numbers, Cattle",1982,Loss and Residual,(1000 HEAD),0.0
"Animal Numbers, Cattle",1982,Production,(1000 HEAD),6096.0
"Animal Numbers, Cattle",1982,Total Distribution,(1000 HEAD),79397.0
"Animal Numbers, Cattle",1982,Total Slaughter,(1000 HEAD),3100.0
"Animal Numbers, Cattle",1982,Total Supply,(1000 HEAD),79397.0
"Animal Numbers, Cattle",1983,Beef Cows Beg. Stocks,(1000 HEAD),2965.0
"Animal Numbers, Cattle",1983,Beginning Stocks,(1000 HEAD),76073.0
"Animal Numbers, Cattle",1983,Calf Slaughter,(1000 HEAD),0.0
"Animal Numbers, Cattle",1983,Cow Slaughter,(1000 HEAD),0.0
"Animal Numbers, Cattle",1983,Dairy Cows Beg. Stocks,(1000 HEAD),817.0
"Animal Numbers, Cattle",1983,Ending Stocks,(1000 HEAD),78084.0
"Animal Numbers, Cattle",1983,Exports,(1000 HEAD),209.0
"Animal Numbers, Cattle",1983,Imports,(1000 HEAD),0.0
"Animal Numbers, Cattle",1983,Loss and Residual,(1000 HEAD),0.0
"Animal Numbers, Cattle",1983,Production,(1000 HEAD),6157.0
"Animal Numbers, Cattle",1983,Total Distribution,(1000 HEAD),82230.0
"Animal Numbers, Cattle",1983,Total Slaughter,(1000 HEAD),3937.0
"Animal Numbers, Cattle",1983,Total Supply,(1000 HEAD),82230.0
"Animal Numbers, Cattle",1984,Beef Cows Beg. Stocks,(1000 HEAD),3869.0
"Animal Numbers, Cattle",1984,Beginning Stocks,(1000 HEAD),78084.0
"Animal Numbers, Cattle",1984,Calf Slaughter,(1000 HEAD),0.0
"Animal Numbers, Cattle",1984,Cow Slaughter,(1000 HEAD),0.0
"Animal Numbers, Cattle",1984,Dairy Cows Beg. Stocks,(1000 HEAD),1100.0
"Animal Numbers, Cattle",1984,Ending Stocks,(1000 HEAD),82593.0
"Animal Numbers, Cattle",1984,Exports,(1000 HEAD),200.0
"Animal Numbers, Cattle",1984,Imports,(1000 HEAD),1.0
"Animal Numbers, Cattle",1984,Loss and Residual,(1000 HEAD),0.0
"Animal Numbers, Cattle",1984,Production,(1000 HEAD),8577.0
"Animal Numbers, Cattle",1984,Total Distribution,(1000 HEAD),86662.0
"Animal Numbers, Cattle",1984,Total Slaughter,(1000 HEAD),3869.0
"Animal Numbers, Cattle",1984,Total Supply,(1000 HEAD),86662.0
"Animal Numbers, Cattle",1985,Beef Cows Beg. Stocks,(1000 HEAD),39967.0
"Animal Numbers, Cattle",1985,Beginning Stocks,(1000 HEAD),82593.0
"Animal Numbers, Cattle",1985,Calf Slaughter,(1000 HEAD),0.0
"Animal Numbers, Cattle",1985,Cow Slaughter,(1000 HEAD),0.0
"Animal Numbers, Cattle",1985,Dairy Cows Beg. Stocks,(1000 HEAD),1330.0
"Animal Numbers, Cattle",1985,Ending Stocks,(1000 HEAD),86820.0
"Animal Numbers, Cattle",1985,Exports,(1000 HEAD),200.0
"Animal Numbers, Cattle",1985,Imports,(1000 HEAD),5.0
"Animal Numbers, Cattle",1985,Loss and Residual,(1000 HEAD),0.0
"Animal Numbers, Cattle",1985,Production,(1000 HEAD),9000.0
"Animal Numbers, Cattle",1985,Total Distribution,(1000 HEAD),91598.0
"Animal Numbers, Cattle",1985,Total Slaughter,(1000 HEAD),4578.0
"Animal Numbers, Cattle",1985,Total Supply,(1000 HEAD),91598.0
"Animal Numbers, Cattle",1986,Beef Cows Beg. Stocks,(1000 HEAD),41783.0
"Animal Numbers, Cattle",1986,Beginning Stocks,(1000 HEAD),86820.0
"Animal Numbers, Cattle",1986,Calf Slaughter,(1000 HEAD),0.0
"Animal Numbers, Cattle",1986,Cow Slaughter,(1000 HEAD),0.0
"Animal Numbers, Cattle",1986,Dairy Cows Beg. Stocks,(1000 HEAD),1627.0
"Animal Numbers, Cattle",1986,Ending Stocks,(1000 HEAD),91670.0
"Animal Numbers, Cattle",1986,Exports,(1000 HEAD),191.0
"Animal Numbers, Cattle",1986,Imports,(1000 HEAD),3.0
"Animal Numbers, Cattle",1986,Loss and Residual,(1000 HEAD),0.0
"Animal Numbers, Cattle",1986,Production,(1000 HEAD),10588.0
"Animal Numbers, Cattle",1986,Total Distribution,(1000 HEAD),97411.0
"Animal Numbers, Cattle",1986,Total Slaughter,(1000 HEAD),5550.0
"Animal Numbers, Cattle",1986,Total Supply,(1000 HEAD),97411.0
"Animal Numbers, Cattle",1987,Beef Cows Beg. Stocks,(1000 HEAD),43989.0
"Animal Numbers, Cattle",1987,Beginning Stocks,(1000 HEAD),91670.0
"Animal Numbers, Cattle",1987,Calf Slaughter,(1000 HEAD),0.0
"Animal Numbers, Cattle",1987,Cow Slaughter,(1000 HEAD),0.0
"Animal Numbers, Cattle",1987,Dairy Cows Beg. Stocks,(1000 HEAD),1846.0
"Animal Numbers, Cattle",1987,Ending Stocks,(1000 HEAD),94650.0
"Animal Numbers, Cattle",1987,Exports,(1000 HEAD),190.0
"Animal Numbers, Cattle",1987,Imports,(1000 HEAD),5.0
"Animal Numbers, Cattle",1987,Loss and Residual,(1000 HEAD),0.0
"Animal Numbers, Cattle",1987,Production,(1000 HEAD),10568.0
"Animal Numbers, Cattle",1987,Total Distribution,(1000 HEAD),102243.0
"Animal Numbers, Cattle",1987,Total Slaughter,(1000 HEAD),7403.0
"Animal Numbers, Cattle",1987,Total Supply,(1000 HEAD),102243.0
"Animal Numbers, Cattle",1988,Beef Cows Beg. Stocks,(1000 HEAD),45161.0
"Animal Numbers, Cattle",1988,Beginning Stocks,(1000 HEAD),94650.0
"Animal Numbers, Cattle",1988,Calf Slaughter,(1000 HEAD),0.0
"Animal Numbers, Cattle",1988,Cow Slaughter,(1000 HEAD),0.0
"Animal Numbers, Cattle",1988,Dairy Cows Beg. Stocks,(1000 HEAD),2164.0
"Animal Numbers, Cattle",1988,Ending Stocks,(1000 HEAD),97948.0
"Animal Numbers, Cattle",1988,Exports,(1000 HEAD),186.0
"Animal Numbers, Cattle",1988,Imports,(1000 HEAD),1.0
"Animal Numbers, Cattle",1988,Loss and Residual,(1000 HEAD),0.0
"Animal Numbers, Cattle",1988,Production,(1000 HEAD),12035.0
"Animal Numbers, Cattle",1988,Total Distribution,(1000 HEAD),106686.0
"Animal Numbers, Cattle",1988,Total Slaughter,(1000 HEAD),8552.0
"Animal Numbers, Cattle",1988,Total Supply,(1000 HEAD),106686.0
"Animal Numbers, Cattle",1989,Beef Cows Beg. Stocks,(1000 HEAD),46752.0
"Animal Numbers, Cattle",1989,Beginning Stocks,(1000 HEAD),97948.0
"Animal Numbers, Cattle",1989,Calf Slaughter,(1000 HEAD),0.0
"Animal Numbers, Cattle",1989,Cow Slaughter,(1000 HEAD),0.0
"Animal Numbers, Cattle",1989,Dairy Cows Beg. Stocks,(1000 HEAD),1152.0
"Animal Numbers, Cattle",1989,Ending Stocks,(1000 HEAD),100752.0
"Animal Numbers, Cattle",1989,Exports,(1000 HEAD),183.0
"Animal Numbers, Cattle",1989,Imports,(1000 HEAD),1.0
"Animal Numbers, Cattle",1989,Loss and Residual,(1000 HEAD),0.0
"Animal Numbers, Cattle",1989,Production,(1000 HEAD),12414.0
"Animal Numbers, Cattle",1989,Total Distribution,(1000 HEAD),110363.0
"Animal Numbers, Cattle",1989,Total Slaughter,(1000 HEAD),9428.0
"Animal Numbers, Cattle",1989,Total Supply,(1000 HEAD),110363.0
"Animal Numbers, Cattle",1990,Beef Cows Beg. Stocks,(1000 HEAD),47850.0
"Animal Numbers, Cattle",1990,Beginning Stocks,(1000 HEAD),100752.0
"Animal Numbers, Cattle",1990,Calf Slaughter,(1000 HEAD),0.0
"Animal Numbers, Cattle",1990,Cow Slaughter,(1000 HEAD),0.0
"Animal Numbers, Cattle",1990,Dairy Cows Beg. Stocks,(1000 HEAD),1290.0
"Animal Numbers, Cattle",1990,Ending Stocks,(1000 HEAD),102884.0
"Animal Numbers, Cattle",1990,Exports,(1000 HEAD),190.0
"Animal Numbers, Cattle",1990,Imports,(1000 HEAD),1.0
"Animal Numbers, Cattle",1990,Loss and Residual,(1000 HEAD),4027.0
"Animal Numbers, Cattle",1990,Production,(1000 HEAD),17231.0
"Animal Numbers, Cattle",1990,Total Distribution,(1000 HEAD),117984.0
"Animal Numbers, Cattle",1990,Total Slaughter,(1000 HEAD),10883.0
"Animal Numbers, Cattle",1990,Total Supply,(1000 HEAD),117984.0
"Animal Numbers, Cattle",1991,Beef Cows Beg. Stocks,(1000 HEAD),48751.0
"Animal Numbers, Cattle",1991,Beginning Stocks,(1000 HEAD),102884.0
"Animal Numbers, Cattle",1991,Calf Slaughter,(1000 HEAD),0.0
"Animal Numbers, Cattle",1991,Cow Slaughter,(1000 HEAD),0.0
"Animal Numbers, Cattle",1991,Dairy Cows Beg. Stocks,(1000 HEAD),1346.0
"Animal Numbers, Cattle",1991,Ending Stocks,(1000 HEAD),104592.0
"Animal Numbers, Cattle",1991,Exports,(1000 HEAD),173.0
"Animal Numbers, Cattle",1991,Imports,(1000 HEAD),0.0
"Animal Numbers, Cattle",1991,Loss and Residual,(1000 HEAD),3150.0
"Animal Numbers, Cattle",1991,Production,(1000 HEAD),18070.0
"Animal Numbers, Cattle",1991,Total Distribution,(1000 HEAD),120954.0
"Animal Numbers, Cattle",1991,Total Slaughter,(1000 HEAD),13039.0
"Animal Numbers, Cattle",1991,Total Supply,(1000 HEAD),120954.0
"Animal Numbers, Cattle",1992,Beef Cows Beg. Stocks,(1000 HEAD),49350.0
"Animal Numbers, Cattle",1992,Beginning Stocks,(1000 HEAD),104592.0
"Animal Numbers, Cattle",1992,Calf Slaughter,(1000 HEAD),0.0
"Animal Numbers, Cattle",1992,Cow Slaughter,(1000 HEAD),0.0
"Animal Numbers, Cattle",1992,Dairy Cows Beg. Stocks,(1000 HEAD),2946.0
"Animal Numbers, Cattle",1992,Ending Stocks,(1000 HEAD),107840.0
"Animal Numbers, Cattle",1992,Exports,(1000 HEAD),166.0
"Animal Numbers, Cattle",1992,Imports,(1000 HEAD),0.0
"Animal Numbers, Cattle",1992,Loss and Residual,(1000 HEAD),294.0
"Animal Numbers, Cattle",1992,Production,(1000 HEAD),18900.0
"Animal Numbers, Cattle",1992,Total Distribution,(1000 HEAD),123492.0
"Animal Numbers, Cattle",1992,Total Slaughter,(1000 HEAD),15192.0
"Animal Numbers, Cattle",1992,Total Supply,(1000 HEAD),123492.0
"Animal Numbers, Cattle",1993,Beef Cows Beg. Stocks,(1000 HEAD),54000.0
"Animal Numbers, Cattle",1993,Beginning Stocks,(1000 HEAD),107840.0
"Animal Numbers, Cattle",1993,Calf Slaughter,(1000 HEAD),0.0
"Animal Numbers, Cattle",1993,Cow Slaughter,(1000 HEAD),0.0
"Animal Numbers, Cattle",1993,Dairy Cows Beg. Stocks,(1000 HEAD),3139.0
"Animal Numbers, Cattle",1993,Ending Stocks,(1000 HEAD),113157.0
"Animal Numbers, Cattle",1993,Exports,(1000 HEAD),144.0
"Animal Numbers, Cattle",1993,Imports,(1000 HEAD),0.0
"Animal Numbers, Cattle",1993,Loss and Residual,(1000 HEAD),539.0
"Animal Numbers, Cattle",1993,Production,(1000 HEAD),25000.0
"Animal Numbers, Cattle",1993,Total Distribution,(1000 HEAD),132840.0
"Animal Numbers, Cattle",1993,Total Slaughter,(1000 HEAD),19000.0
"Animal Numbers, Cattle",1993,Total Supply,(1000 HEAD),132840.0
"Animal Numbers, Cattle",1994,Beef Cows Beg. Stocks,(1000 HEAD),56000.0
"Animal Numbers, Cattle",1994,Beginning Stocks,(1000 HEAD),113157.0
"Animal Numbers, Cattle",1994,Calf Slaughter,(1000 HEAD),0.0
"Animal Numbers, Cattle",1994,Cow Slaughter,(1000 HEAD),0.0
"Animal Numbers, Cattle",1994,Dairy Cows Beg. Stocks,(1000 HEAD),3200.0
"Animal Numbers, Cattle",1994,Ending Stocks,(1000 HEAD),123317.0
"Animal Numbers, Cattle",1994,Exports,(1000 HEAD),141.0
"Animal Numbers, Cattle",1994,Imports,(1000 HEAD),0.0
"Animal Numbers, Cattle",1994,Loss and Residual,(1000 HEAD),20.0
"Animal Numbers, Cattle",1994,Production,(1000 HEAD),34800.0
"Animal Numbers, Cattle",1994,Total Distribution,(1000 HEAD),147957.0
"Animal Numbers, Cattle",1994,Total Slaughter,(1000 HEAD),24479.0
"Animal Numbers, Cattle",1994,Total Supply,(1000 HEAD),147957.0
"Animal Numbers, Cattle",1995,Beef Cows Beg. Stocks,(1000 HEAD),59737.0
"Animal Numbers, Cattle",1995,Beginning Stocks,(1000 HEAD),123317.0
"Animal Numbers, Cattle",1995,Calf Slaughter,(1000 HEAD),0.0
"Animal Numbers, Cattle",1995,Cow Slaughter,(1000 HEAD),0.0
"Animal Numbers, Cattle",1995,Dairy Cows Beg. Stocks,(1000 HEAD),1922.0
"Animal Numbers, Cattle",1995,Ending Stocks,(1000 HEAD),104000.0
"Animal Numbers, Cattle",1995,Exports,(1000 HEAD),116.0
"Animal Numbers, Cattle",1995,Imports,(1000 HEAD),0.0
"Animal Numbers, Cattle",1995,Loss and Residual,(1000 HEAD),20.0
"Animal Numbers, Cattle",1995,Production,(1000 HEAD),39374.0
"Animal Numbers, Cattle",1995,Total Distribution,(1000 HEAD),134633.0
"Animal Numbers, Cattle",1995,Total Slaughter,(1000 HEAD),30497.0
"Animal Numbers, Cattle",1995,Total Supply,(1000 HEAD),162691.0
"Animal Numbers, Cattle",1996,Beef Cows Beg. Stocks,(1000 HEAD),48880.0
"Animal Numbers, Cattle",1996,Beginning Stocks,(1000 HEAD),104000.0
"Animal Numbers, Cattle",1996,Calf Slaughter,(1000 HEAD),0.0
"Animal Numbers, Cattle",1996,Cow Slaughter,(1000 HEAD),0.0
"Animal Numbers, Cattle",1996,Dairy Cows Beg. Stocks,(1000 HEAD),3120.0
"Animal Numbers, Cattle",1996,Ending Stocks,(1000 HEAD),110318.0
"Animal Numbers, Cattle",1996,Exports,(1000 HEAD),88.0
"Animal Numbers, Cattle",1996,Imports,(1000 HEAD),1.0
"Animal Numbers, Cattle",1996,Loss and Residual,(1000 HEAD),35.0
"Animal Numbers, Cattle",1996,Production,(1000 HEAD),33299.0
"Animal Numbers, Cattle",1996,Total Distribution,(1000 HEAD),137300.0
"Animal Numbers, Cattle",1996,Total Slaughter,(1000 HEAD),26859.0
"Animal Numbers, Cattle",1996,Total Supply,(1000 HEAD),137300.0
"Animal Numbers, Cattle",1997,Beef Cows Beg. Stocks,(1000 HEAD),52000.0
"Animal Numbers, Cattle",1997,Beginning Stocks,(1000 HEAD),110318.0
"Animal Numbers, Cattle",1997,Calf Slaughter,(1000 HEAD),0.0
"Animal Numbers, Cattle",1997,Cow Slaughter,(1000 HEAD),0.0
"Animal Numbers, Cattle",1997,Dairy Cows Beg. Stocks,(1000 HEAD),3310.0
"Animal Numbers, Cattle",1997,Ending Stocks,(1000 HEAD),121822.0
"Animal Numbers, Cattle",1997,Exports,(1000 HEAD),66.0
"Animal Numbers, Cattle",1997,Imports,(1000 HEAD),2.0
"Animal Numbers, Cattle",1997,Loss and Residual,(1000 HEAD),310.0
"Animal Numbers, Cattle",1997,Production,(1000 HEAD),45128.0
"Animal Numbers, Cattle",1997,Total Distribution,(1000 HEAD),155448.0
"Animal Numbers, Cattle",1997,Total Slaughter,(1000 HEAD),33250.0
"Animal Numbers, Cattle",1997,Total Supply,(1000 HEAD),155448.0
"Animal Numbers, Cattle",1998,Beef Cows Beg. Stocks,(1000 HEAD),52000.0
"Animal Numbers, Cattle",1998,Beginning Stocks,(1000 HEAD),121822.0
"Animal Numbers, Cattle",1998,Calf Slaughter,(1000 HEAD),0.0
"Animal Numbers, Cattle",1998,Cow Slaughter,(1000 HEAD),0.0
"Animal Numbers, Cattle",1998,Dairy Cows Beg. Stocks,(1000 HEAD),3500.0
"Animal Numbers, Cattle",1998,Ending Stocks,(1000 HEAD),124419.0
"Animal Numbers, Cattle",1998,Exports,(1000 HEAD),75.0
"Animal Numbers, Cattle",1998,Imports,(1000 HEAD),2.0
"Animal Numbers, Cattle",1998,Loss and Residual,(1000 HEAD),752.0
"Animal Numbers, Cattle",1998,Production,(1000 HEAD),39172.0
"Animal Numbers, Cattle",1998,Total Distribution,(1000 HEAD),160996.0
"Animal Numbers, Cattle",1998,Total Slaughter,(1000 HEAD),35750.0
"Animal Numbers, Cattle",1998,Total Supply,(1000 HEAD),160996.0
"Animal Numbers, Cattle",1999,Beef Cows Beg. Stocks,(1000 HEAD),53000.0
"Animal Numbers, Cattle",1999,Beginning Stocks,(1000 HEAD),124419.0
"Animal Numbers, Cattle",1999,Calf Slaughter,(1000 HEAD),0.0
"Animal Numbers, Cattle",1999,Cow Slaughter,(1000 HEAD),0.0
"Animal Numbers, Cattle",1999,Dairy Cows Beg. Stocks,(1000 HEAD),4000.0
"Animal Numbers, Cattle",1999,Ending Stocks,(1000 HEAD),126983.0
"Animal Numbers, Cattle",1999,Exports,(1000 HEAD),66.0
"Animal Numbers, Cattle",1999,Imports,(1000 HEAD),0.0
"Animal Numbers, Cattle",1999,Loss and Residual,(1000 HEAD),500.0
"Animal Numbers, Cattle",1999,Production,(1000 HEAD),40792.0
"Animal Numbers, Cattle",1999,Total Distribution,(1000 HEAD),165211.0
"Animal Numbers, Cattle",1999,Total Slaughter,(1000 HEAD),37662.0
"Animal Numbers, Cattle",1999,Total Supply,(1000 HEAD),165211.0
"Animal Numbers, Cattle",2000,Beef Cows Beg. Stocks,(1000 HEAD),50000.0
"Animal Numbers, Cattle",2000,Beginning Stocks,(1000 HEAD),126983.0
"Animal Numbers, Cattle",2000,Calf Slaughter,(1000 HEAD),0.0
"Animal Numbers, Cattle",2000,Cow Slaughter,(1000 HEAD),0.0
"Animal Numbers, Cattle",2000,Dairy Cows Beg. Stocks,(1000 HEAD),4600.0
"Animal Numbers, Cattle",2000,Ending Stocks,(1000 HEAD),123532.0
"Animal Numbers, Cattle",2000,Exports,(1000 HEAD),65.0
"Animal Numbers, Cattle",2000,Imports,(1000 HEAD),1.0
"Animal Numbers, Cattle",2000,Loss and Residual,(1000 HEAD),600.0
"Animal Numbers, Cattle",2000,Production,(1000 HEAD),35463.0
"Animal Numbers, Cattle",2000,Total Distribution,(1000 HEAD),162447.0
"Animal Numbers, Cattle",2000,Total Slaughter,(1000 HEAD),38250.0
"Animal Numbers, Cattle",2000,Total Supply,(1000 HEAD),162447.0
"Animal Numbers, Cattle",2001,Beef Cows Beg. Stocks,(1000 HEAD),48000.0
"Animal Numbers, Cattle",2001,Beginning Stocks,(1000 HEAD),123532.0
"Animal Numbers, Cattle",2001,Calf Slaughter,(1000 HEAD),0.0
"Animal Numbers, Cattle",2001,Cow Slaughter,(1000 HEAD),0.0
"Animal Numbers, Cattle",2001,Dairy Cows Beg. Stocks,(1000 HEAD),5274.0
"Animal Numbers, Cattle",2001,Ending Stocks,(1000 HEAD),118092.0
"Animal Numbers, Cattle",2001,Exports,(1000 HEAD),57.0
"Animal Numbers, Cattle",2001,Imports,(1000 HEAD),3.0
"Animal Numbers, Cattle",2001,Loss and Residual,(1000 HEAD),1200.0
"Animal Numbers, Cattle",2001,Production,(1000 HEAD),33814.0
"Animal Numbers, Cattle",2001,Total Distribution,(1000 HEAD),157349.0
"Animal Numbers, Cattle",2001,Total Slaughter,(1000 HEAD),38000.0
"Animal Numbers, Cattle",2001,Total Supply,(1000 HEAD),157349.0
"Animal Numbers, Cattle",2002,Beef Cows Beg. Stocks,(1000 HEAD),49750.0
"Animal Numbers, Cattle",2002,Beginning Stocks,(1000 HEAD),118092.0
"Animal Numbers, Cattle",2002,Calf Slaughter,(1000 HEAD),0.0
"Animal Numbers, Cattle",2002,Cow Slaughter,(1000 HEAD),0.0
"Animal Numbers, Cattle",2002,Dairy Cows Beg. Stocks,(1000 HEAD),5662.0
"Animal Numbers, Cattle",2002,Ending Stocks,(1000 HEAD),115678.0
"Animal Numbers, Cattle",2002,Exports,(1000 HEAD),58.0
"Animal Numbers, Cattle",2002,Imports,(1000 HEAD),11.0
"Animal Numbers, Cattle",2002,Loss and Residual,(1000 HEAD),500.0
"Animal Numbers, Cattle",2002,Production,(1000 HEAD),36883.0
"Animal Numbers, Cattle",2002,Total Distribution,(1000 HEAD),154986.0
"Animal Numbers, Cattle",2002,Total Slaughter,(1000 HEAD),38750.0
"Animal Numbers, Cattle",2002,Total Supply,(1000 HEAD),154986.0
"Animal Numbers, Cattle",2003,Beef Cows Beg. Stocks,(1000 HEAD),49900.0
"Animal Numbers, Cattle",2003,Beginning Stocks,(1000 HEAD),115678.0
"Animal Numbers, Cattle",2003,Calf Slaughter,(1000 HEAD),0.0
"Animal Numbers, Cattle",2003,Cow Slaughter,(1000 HEAD),0.0
"Animal Numbers, Cattle",2003,Dairy Cows Beg. Stocks,(1000 HEAD),6873.0
"Animal Numbers, Cattle",2003,Ending Stocks,(1000 HEAD),114344.0
"Animal Numbers, Cattle",2003,Exports,(1000 HEAD),51.0
"Animal Numbers, Cattle",2003,Imports,(1000 HEAD),50.0
"Animal Numbers, Cattle",2003,Loss and Residual,(1000 HEAD),799.0
"Animal Numbers, Cattle",2003,Production,(1000 HEAD),39466.0
"Animal Numbers, Cattle",2003,Total Distribution,(1000 HEAD),155194.0
"Animal Numbers, Cattle",2003,Total Slaughter,(1000 HEAD),40000.0
"Animal Numbers, Cattle",2003,Total Supply,(1000 HEAD),155194.0
"Animal Numbers, Cattle",2004,Beef Cows Beg. Stocks,(1000 HEAD),50300.0
"Animal Numbers, Cattle",2004,Beginning Stocks,(1000 HEAD),114344.0
"Animal Numbers, Cattle",2004,Calf Slaughter,(1000 HEAD),0.0
"Animal Numbers, Cattle",2004,Cow Slaughter,(1000 HEAD),0.0
"Animal Numbers, Cattle",2004,Dairy Cows Beg. Stocks,(1000 HEAD),8932.0
"Animal Numbers, Cattle",2004,Ending Stocks,(1000 HEAD),112354.0
"Animal Numbers, Cattle",2004,Exports,(1000 HEAD),59.0
"Animal Numbers, Cattle",2004,Imports,(1000 HEAD),132.0
"Animal Numbers, Cattle",2004,Loss and Residual,(1000 HEAD),900.0
"Animal Numbers, Cattle",2004,Production,(1000 HEAD),40087.0
"Animal Numbers, Cattle",2004,Total Distribution,(1000 HEAD),154563.0
"Animal Numbers, Cattle",2004,Total Slaughter,(1000 HEAD),41250.0
"Animal Numbers, Cattle",2004,Total Supply,(1000 HEAD),154563.0
"Animal Numbers, Cattle",2005,Beef Cows Beg. Stocks,(1000 HEAD),53000.0
"Animal Numbers, Cattle",2005,Beginning Stocks,(1000 HEAD),112354.0
"Animal Numbers, Cattle",2005,Calf Slaughter,(1000 HEAD),0.0
"Animal Numbers, Cattle",2005,Cow Slaughter,(1000 HEAD),0.0
"Animal Numbers, Cattle",2005,Dairy Cows Beg. Stocks,(1000 HEAD),11080.0
"Animal Numbers, Cattle",2005,Ending Stocks,(1000 HEAD),109908.0
"Animal Numbers, Cattle",2005,Exports,(1000 HEAD),54.0
"Animal Numbers, Cattle",2005,Imports,(1000 HEAD),50.0
"Animal Numbers, Cattle",2005,Loss and Residual,(1000 HEAD),383.0
"Animal Numbers, Cattle",2005,Production,(1000 HEAD),39441.0
"Animal Numbers, Cattle",2005,Total Distribution,(1000 HEAD),151845.0
"Animal Numbers, Cattle",2005,Total Slaughter,(1000 HEAD),41500.0
"Animal Numbers, Cattle",2005,Total Supply,(1000 HEAD),151845.0
"Animal Numbers, Cattle",2006,Beef Cows Beg. Stocks,(1000 HEAD),50400.0
"Animal Numbers, Cattle",2006,Beginning Stocks,(1000 HEAD),109908.0
"Animal Numbers, Cattle",2006,Calf Slaughter,(1000 HEAD),0.0
"Animal Numbers, Cattle",2006,Cow Slaughter,(1000 HEAD),0.0
"Animal Numbers, Cattle",2006,Dairy Cows Beg. Stocks,(1000 HEAD),11090.0
"Animal Numbers, Cattle",2006,Ending Stocks,(1000 HEAD),104651.0
"Animal Numbers, Cattle",2006,Exports,(1000 HEAD),54.0
"Animal Numbers, Cattle",2006,Imports,(1000 HEAD),15.0
"Animal Numbers, Cattle",2006,Loss and Residual,(1000 HEAD),2825.0
"Animal Numbers, Cattle",2006,Production,(1000 HEAD),39827.0
"Animal Numbers, Cattle",2006,Total Distribution,(1000 HEAD),149750.0
"Animal Numbers, Cattle",2006,Total Slaughter,(1000 HEAD),42220.0
"Animal Numbers, Cattle",2006,Total Supply,(1000 HEAD),149750.0
"Animal Numbers, Cattle",2007,Beef Cows Beg. Stocks,(1000 HEAD),50585.0
"Animal Numbers, Cattle",2007,Beginning Stocks,(1000 HEAD),104651.0
"Animal Numbers, Cattle",2007,Calf Slaughter,(1000 HEAD),0.0
"Animal Numbers, Cattle",2007,Cow Slaughter,(1000 HEAD),0.0
"Animal Numbers, Cattle",2007,Dairy Cows Beg. Stocks,(1000 HEAD),11400.0
"Animal Numbers, Cattle",2007,Ending Stocks,(1000 HEAD),103975.0
"Animal Numbers, Cattle",2007,Exports,(1000 HEAD),51.0
"Animal Numbers, Cattle",2007,Imports,(1000 HEAD),15.0
"Animal Numbers, Cattle",2007,Loss and Residual,(1000 HEAD),425.0
"Animal Numbers, Cattle",2007,Production,(1000 HEAD),43380.0
"Animal Numbers, Cattle",2007,Total Distribution,(1000 HEAD),148046.0
"Animal Numbers, Cattle",2007,Total Slaughter,(1000 HEAD),43595.0
"Animal Numbers, Cattle",2007,Total Supply,(1000 HEAD),148046.0
"Animal Numbers, Cattle",2008,Beef Cows Beg. Stocks,(1000 HEAD),49700.0
"Animal Numbers, Cattle",2008,Beginning Stocks,(1000 HEAD),103975.0
"Animal Numbers, Cattle",2008,Calf Slaughter,(1000 HEAD),0.0
"Animal Numbers, Cattle",2008,Cow Slaughter,(1000 HEAD),0.0
"Animal Numbers, Cattle",2008,Dairy Cows Beg. Stocks,(1000 HEAD),12259.0
"Animal Numbers, Cattle",2008,Ending Stocks,(1000 HEAD),100680.0
"Animal Numbers, Cattle",2008,Exports,(1000 HEAD),28.0
"Animal Numbers, Cattle",2008,Imports,(1000 HEAD),16.0
"Animal Numbers, Cattle",2008,Loss and Residual,(1000 HEAD),1075.0
"Animal Numbers, Cattle",2008,Production,(1000 HEAD),42250.0
"Animal Numbers, Cattle",2008,Total Distribution,(1000 HEAD),146241.0
"Animal Numbers, Cattle",2008,Total Slaughter,(1000 HEAD),44458.0
"Animal Numbers, Cattle",2008,Total Supply,(1000 HEAD),146241.0
"Animal Numbers, Cattle",2009,Beef Cows Beg. Stocks,(1000 HEAD),52500.0
"Animal Numbers, Cattle",2009,Beginning Stocks,(1000 HEAD),100680.0
"Animal Numbers, Cattle",2009,Calf Slaughter,(1000 HEAD),0.0
"Animal Numbers, Cattle",2009,Cow Slaughter,(1000 HEAD),0.0
"Animal Numbers, Cattle",2009,Dairy Cows Beg. Stocks,(1000 HEAD),12335.0
"Animal Numbers, Cattle",2009,Ending Stocks,(1000 HEAD),100359.0
"Animal Numbers, Cattle",2009,Exports,(1000 HEAD),29.0
"Animal Numbers, Cattle",2009,Imports,(1000 HEAD),47.0
"Animal Numbers, Cattle",2009,Loss and Residual,(1000 HEAD),1014.0
"Animal Numbers, Cattle",2009,Production,(1000 HEAD),45675.0
"Animal Numbers, Cattle",2009,Total Distribution,(1000 HEAD),146402.0
"Animal Numbers, Cattle",2009,Total Slaughter,(1000 HEAD),45000.0
"Animal Numbers, Cattle",2009,Total Supply,(1000 HEAD),146402.0
"Animal Numbers, Cattle",2010,Beef Cows Beg. Stocks,(1000 HEAD),51000.0
"Animal Numbers, Cattle",2010,Beginning Stocks,(1000 HEAD),100359.0
"Animal Numbers, Cattle",2010,Calf Slaughter,(1000 HEAD),0.0
"Animal Numbers, Cattle",2010,Cow Slaughter,(1000 HEAD),0.0
"Animal Numbers, Cattle",2010,Dairy Cows Beg. Stocks,(1000 HEAD),12603.0
"Animal Numbers, Cattle",2010,Ending Stocks,(1000 HEAD),98200.0
"Animal Numbers, Cattle",2010,Exports,(1000 HEAD),31.0
"Animal Numbers, Cattle",2010,Imports,(1000 HEAD),83.0
"Animal Numbers, Cattle",2010,Loss and Residual,(1000 HEAD),1061.0
"Animal Numbers, Cattle",2010,Production,(1000 HEAD),45350.0
"Animal Numbers, Cattle",2010,Total Distribution,(1000 HEAD),145792.0
"Animal Numbers, Cattle",2010,Total Slaughter,(1000 HEAD),46500.0
"Animal Numbers, Cattle",2010,Total Supply,(1000 HEAD),145792.0
"Animal Numbers, Cattle",2011,Beef Cows Beg. Stocks,(1000 HEAD),46480.0
"Animal Numbers, Cattle",2011,Beginning Stocks,(1000 HEAD),98200.0
"Animal Numbers, Cattle",2011,Calf Slaughter,(1000 HEAD),0.0
"Animal Numbers, Cattle",2011,Cow Slaughter,(1000 HEAD),0.0
"Animal Numbers, Cattle",2011,Dairy Cows Beg. Stocks,(1000 HEAD),14201.0
"Animal Numbers, Cattle",2011,Ending Stocks,(1000 HEAD),93840.0
"Animal Numbers, Cattle",2011,Exports,(1000 HEAD),32.0
"Animal Numbers, Cattle",2011,Imports,(1000 HEAD),103.0
"Animal Numbers, Cattle",2011,Loss and Residual,(1000 HEAD),1231.0
"Animal Numbers, Cattle",2011,Production,(1000 HEAD),42800.0
"Animal Numbers, Cattle",2011,Total Distribution,(1000 HEAD),141103.0
"Animal Numbers, Cattle",2011,Total Slaughter,(1000 HEAD),46000.0
"Animal Numbers, Cattle",2011,Total Supply,(1000 HEAD),141103.0
"Animal Numbers, Cattle",2012,Beef Cows Beg. Stocks,(1000 HEAD),51000.0
"Animal Numbers, Cattle",2012,Beginning Stocks,(1000 HEAD),93840.0
"Animal Numbers, Cattle",2012,Calf Slaughter,(1000 HEAD),0.0
"Animal Numbers, Cattle",2012,Cow Slaughter,(1000 HEAD),0.0
"Animal Numbers, Cattle",2012,Dairy Cows Beg. Stocks,(1000 HEAD),14402.0
"Animal Numbers, Cattle",2012,Ending Stocks,(1000 HEAD),91373.0
"Animal Numbers, Cattle",2012,Exports,(1000 HEAD),29.0
"Animal Numbers, Cattle",2012,Imports,(1000 HEAD),259.0
"Animal Numbers, Cattle",2012,Loss and Residual,(1000 HEAD),1397.0
"Animal Numbers, Cattle",2012,Production,(1000 HEAD),45700.0
"Animal Numbers, Cattle",2012,Total Distribution,(1000 HEAD),139799.0
"Animal Numbers, Cattle",2012,Total Slaughter,(1000 HEAD),47000.0
"Animal Numbers, Cattle",2012,Total Supply,(1000 HEAD),139799.0
"Animal Numbers, Cattle",2013,Beef Cows Beg. Stocks,(1000 HEAD),52500.0
"Animal Numbers, Cattle",2013,Beginning Stocks,(1000 HEAD),91373.0
"Animal Numbers, Cattle",2013,Calf Slaughter,(1000 HEAD),0.0
"Animal Numbers, Cattle",2013,Cow Slaughter,(1000 HEAD),0.0
"Animal Numbers, Cattle",2013,Dairy Cows Beg. Stocks,(1000 HEAD),14939.0
"Animal Numbers, Cattle",2013,Ending Stocks,(1000 HEAD),89858.0
"Animal Numbers, Cattle",2013,Exports,(1000 HEAD),21.0
"Animal Numbers, Cattle",2013,Imports,(1000 HEAD),98.0
"Animal Numbers, Cattle",2013,Loss and Residual,(1000 HEAD),1312.0
"Animal Numbers, Cattle",2013,Production,(1000 HEAD),47720.0
"Animal Numbers, Cattle",2013,Total Distribution,(1000 HEAD),139191.0
"Animal Numbers, Cattle",2013,Total Slaughter,(1000 HEAD),48000.0
"Animal Numbers, Cattle",2013,Total Supply,(1000 HEAD),139191.0
"Animal Numbers, Cattle",2014,Beef Cows Beg. Stocks,(1000 HEAD),54000.0
"Animal Numbers, Cattle",2014,Beginning Stocks,(1000 HEAD),89858.0
"Animal Numbers, Cattle",2014,Calf Slaughter,(1000 HEAD),0.0
"Animal Numbers, Cattle",2014,Cow Slaughter,(1000 HEAD),0.0
"Animal Numbers, Cattle",2014,Dairy Cows Beg. Stocks,(1000 HEAD),15000.0
"Animal Numbers, Cattle",2014,Ending Stocks,(1000 HEAD),90073.0
"Animal Numbers, Cattle",2014,Exports,(1000 HEAD),20.0
"Animal Numbers, Cattle",2014,Imports,(1000 HEAD),316.0
"Animal Numbers, Cattle",2014,Loss and Residual,(1000 HEAD),1381.0
"Animal Numbers, Cattle",2014,Production,(1000 HEAD),50400.0
"Animal Numbers, Cattle",2014,Total Distribution,(1000 HEAD),140574.0
"Animal Numbers, Cattle",2014,Total Slaughter,(1000 HEAD),49100.0
"Animal Numbers, Cattle",2014,Total Supply,(1000 HEAD),140574.0
"Animal Numbers, Cattle",2015,Beef Cows Beg. Stocks,(1000 HEAD),53000.0
"Animal Numbers, Cattle",2015,Beginning Stocks,(1000 HEAD),90073.0
"Animal Numbers, Cattle",2015,Calf Slaughter,(1000 HEAD),0.0
"Animal Numbers, Cattle",2015,Cow Slaughter,(1000 HEAD),0.0
"Animal Numbers, Cattle",2015,Dairy Cows Beg. Stocks,(1000 HEAD),14000.0
"Animal Numbers, Cattle",2015,Ending Stocks,(1000 HEAD),90558.0
"Animal Numbers, Cattle",2015,Exports,(1000 HEAD),20.0
"Animal Numbers, Cattle",2015,Imports,(1000 HEAD),129.0
"Animal Numbers, Cattle",2015,Loss and Residual,(1000 HEAD),1284.0
"Animal Numbers, Cattle",2015,Production,(1000 HEAD),49660.0
"Animal Numbers, Cattle",2015,Total Distribution,(1000 HEAD),139862.0
"Animal Numbers, Cattle",2015,Total Slaughter,(1000 HEAD),48000.0
"Animal Numbers, Cattle",2015,Total Supply,(1000 HEAD),139862.0
"Animal Numbers, Cattle",2016,Beef Cows Beg. Stocks,(1000 HEAD),53000.0
"Animal Numbers, Cattle",2016,Beginning Stocks,(1000 HEAD),90558.0
"Animal Numbers, Cattle",2016,Calf Slaughter,(1000 HEAD),0.0
"Animal Numbers, Cattle",2016,Cow Slaughter,(1000 HEAD),0.0
"Animal Numbers, Cattle",2016,Dairy Cows Beg. Stocks,(1000 HEAD),13000.0
"Animal Numbers, Cattle",2016,Ending Stocks,(1000 HEAD),88345.0
"Animal Numbers, Cattle",2016,Exports,(1000 HEAD),19.0
"Animal Numbers, Cattle",2016,Imports,(1000 HEAD),133.0
"Animal Numbers, Cattle",2016,Loss and Residual,(1000 HEAD),1217.0
"Animal Numbers, Cattle",2016,Production,(1000 HEAD),48890.0
"Animal Numbers, Cattle",2016,Total Distribution,(1000 HEAD),139581.0
"Animal Numbers, Cattle",2016,Total Slaughter,(1000 HEAD),50000.0
"Animal Numbers, Cattle",2016,Total Supply,(1000 HEAD),139581.0
"Animal Numbers, Cattle",2017,Beef Cows Beg. Stocks,(1000 HEAD),53000.0
"Animal Numbers, Cattle",2017,Beginning Stocks,(1000 HEAD),88345.0
"Animal Numbers, Cattle",2017,Calf Slaughter,(1000 HEAD),0.0
"Animal Numbers, Cattle",2017,Cow Slaughter,(1000 HEAD),0.0
"Animal Numbers, Cattle",2017,Dairy Cows Beg. Stocks,(1000 HEAD),12300.0
"Animal Numbers, Cattle",2017,Ending Stocks,(1000 HEAD),90386.0
"Animal Numbers, Cattle",2017,Exports,(1000 HEAD),19.0
"Animal Numbers, Cattle",2017,Imports,(1000 HEAD),115.0
"Animal Numbers, Cattle",2017,Loss and Residual,(1000 HEAD),1155.0
"Animal Numbers, Cattle",2017,Production,(1000 HEAD),48800.0
"Animal Numbers, Cattle",2017,Total Distribution,(1000 HEAD),137260.0
"Animal Numbers, Cattle",2017,Total Slaughter,(1000 HEAD),45700.0
"Animal Numbers, Cattle",2017,Total Supply,(1000 HEAD),137260.0
"Animal Numbers, Cattle",2018,Beef Cows Beg. Stocks,(1000 HEAD),52000.0
"Animal Numbers, Cattle",2018,Beginning Stocks,(1000 HEAD),90386.0
"Animal Numbers, Cattle",2018,Calf Slaughter,(1000 HEAD),0.0
"Animal Numbers, Cattle",2018,Cow Slaughter,(1000 HEAD),0.0
"Animal Numbers, Cattle",2018,Dairy Cows Beg. Stocks,(1000 HEAD),12000.0
"Animal Numbers, Cattle",2018,Ending Stocks,(1000 HEAD),89153.0
"Animal Numbers, Cattle",2018,Exports,(1000 HEAD),19.0
"Animal Numbers, Cattle",2018,Imports,(1000 HEAD),157.0
"Animal Numbers, Cattle",2018,Loss and Residual,(1000 HEAD),971.0
"Animal Numbers, Cattle",2018,Production,(1000 HEAD),46400.0
"Animal Numbers, Cattle",2018,Total Distribution,(1000 HEAD),136943.0
"Animal Numbers, Cattle",2018,Total Slaughter,(1000 HEAD),46800.0
"Animal Numbers, Cattle",2018,Total Supply,(1000 HEAD),136943.0
"Animal Numbers, Cattle",2019,Beef Cows Beg. Stocks,(1000 HEAD),52500.0
"Animal Numbers, Cattle",2019,Beginning Stocks,(1000 HEAD),89153.0
"Animal Numbers, Cattle",2019,Calf Slaughter,(1000 HEAD),0.0
"Animal Numbers, Cattle",2019,Cow Slaughter,(1000 HEAD),0.0
"Animal Numbers, Cattle",2019,Dairy Cows Beg. Stocks,(1000 HEAD),13000.0
"Animal Numbers, Cattle",2019,Ending Stocks,(1000 HEAD),91383.0
"Animal Numbers, Cattle",2019,Exports,(1000 HEAD),17.0
"Animal Numbers, Cattle",2019,Imports,(1000 HEAD),199.0
"Animal Numbers, Cattle",2019,Loss and Residual,(1000 HEAD),1202.0
"Animal Numbers, Cattle",2019,Production,(1000 HEAD),50750.0
"Animal Numbers, Cattle",2019,Total Distribution,(1000 HEAD),140102.0
"Animal Numbers, Cattle",2019,Total Slaughter,(1000 HEAD),47500.0
"Animal Numbers, Cattle",2019,Total Supply,(1000 HEAD),140102.0
"Animal Numbers, Cattle",2020,Beef Cows Beg. Stocks,(1000 HEAD),53000.0
"Animal Numbers, Cattle",2020,Beginning Stocks,(1000 HEAD),91383.0
"Animal Numbers, Cattle",2020,Calf Slaughter,(1000 HEAD),0.0
"Animal Numbers, Cattle",2020,Cow Slaughter,(1000 HEAD),0.0
"Animal Numbers, Cattle",2020,Dairy Cows Beg. Stocks,(1000 HEAD),13600.0
"Animal Numbers, Cattle",2020,Ending Stocks,(1000 HEAD),95621.0
"Animal Numbers, Cattle",2020,Exports,(1000 HEAD),16.0
"Animal Numbers, Cattle",2020,Imports,(1000 HEAD),266.0
"Animal Numbers, Cattle",2020,Loss and Residual,(1000 HEAD),1262.0
"Animal Numbers, Cattle",2020,Production,(1000 HEAD),51900.0
"Animal Numbers, Cattle",2020,Total Distribution,(1000 HEAD),143549.0
"Animal Numbers, Cattle",2020,Total Slaughter,(1000 HEAD),46650.0
"Animal Numbers, Cattle",2020,Total Supply,(1000 HEAD),143549.0
"Animal Numbers, Cattle",2021,Beef Cows Beg. Stocks,(1000 HEAD),53400.0
"Animal Numbers, Cattle",2021,Beginning Stocks,(1000 HEAD),95621.0
"Animal Numbers, Cattle",2021,Calf Slaughter,(1000 HEAD),0.0
"Animal Numbers, Cattle",2021,Cow Slaughter,(1000 HEAD),0.0
"Animal Numbers, Cattle",2021,Dairy Cows Beg. Stocks,(1000 HEAD),13900.0
"Animal Numbers, Cattle",2021,Ending Stocks,(1000 HEAD),98172.0
"Animal Numbers, Cattle",2021,Exports,(1000 HEAD),15.0
"Animal Numbers, Cattle",2021,Imports,(1000 HEAD),361.0
"Animal Numbers, Cattle",2021,Loss and Residual,(1000 HEAD),1250.0
"Animal Numbers, Cattle",2021,Production,(1000 HEAD),50525.0
"Animal Numbers, Cattle",2021,Total Distribution,(1000 HEAD),146507.0
"Animal Numbers, Cattle",2021,Total Slaughter,(1000 HEAD),47070.0
"Animal Numbers, Cattle",2021,Total Supply,(1000 HEAD),146507.0
"Animal Numbers, Cattle",2022,Beef Cows Beg. Stocks,(1000 HEAD),56200.0
"Animal Numbers, Cattle",2022,Beginning Stocks,(1000 HEAD),98172.0
"Animal Numbers, Cattle",2022,Calf Slaughter,(1000 HEAD),0.0
"Animal Numbers, Cattle",2022,Cow Slaughter,(1000 HEAD),0.0
"Animal Numbers, Cattle",2022,Dairy Cows Beg. Stocks,(1000 HEAD),14000.0
"Animal Numbers, Cattle",2022,Ending Stocks,(1000 HEAD),102160.0
"Animal Numbers, Cattle",2022,Exports,(1000 HEAD),13.0
"Animal Numbers, Cattle",2022,Imports,(1000 HEAD),350.0
"Animal Numbers, Cattle",2022,Loss and Residual,(1000 HEAD),1189.0
"Animal Numbers, Cattle",2022,Production,(1000 HEAD),53240.0
"Animal Numbers, Cattle",2022,Total Distribution,(1000 HEAD),151762.0
"Animal Numbers, Cattle",2022,Total Slaughter,(1000 HEAD),48400.0
"Animal Numbers, Cattle",2022,Total Supply,(1000 HEAD),151762.0
"Animal Numbers, Cattle",2023,Beef Cows Beg. Stocks,(1000 HEAD),57600.0
"Animal Numbers, Cattle",2023,Beginning Stocks,(1000 HEAD),102160.0
"Animal Numbers, Cattle",2023,Calf Slaughter,(1000 HEAD),0.0
"Animal Numbers, Cattle",2023,Cow Slaughter,(1000 HEAD),0.0
"Animal Numbers, Cattle",2023,Dairy Cows Beg. Stocks,(1000 HEAD),14050.0
"Animal Numbers, Cattle",2023,Ending Stocks,(1000 HEAD),105090.0
"Animal Numbers, Cattle",2023,Exports,(1000 HEAD),12.0
"Animal Numbers, Cattle",2023,Imports,(1000 HEAD),148.0
"Animal Numbers, Cattle",2023,Loss and Residual,(1000 HEAD),1114.0
"Animal Numbers, Cattle",2023,Production,(1000 HEAD),54138.0
"Animal Numbers, Cattle",2023,Total Distribution,(1000 HEAD),156446.0
"Animal Numbers, Cattle",2023,Total Slaughter,(1000 HEAD),50230.0
"Animal Numbers, Cattle",2023,Total Supply,(1000 HEAD),156446.0
"Animal Numbers, Cattle",2024,Beef Cows Beg. Stocks,(1000 HEAD),50000.0
"Animal Numbers, Cattle",2024,Beginning Stocks,(1000 HEAD),105090.0
"Animal Numbers, Cattle",2024,Calf Slaughter,(1000 HEAD),0.0
"Animal Numbers, Cattle",2024,Cow Slaughter,(1000 HEAD),0.0
"Animal Numbers, Cattle",2024,Dairy Cows Beg. Stocks,(1000 HEAD),14000.0
"Animal Numbers, Cattle",2024,Ending Stocks,(1000 HEAD),100470.0
"Animal Numbers, Cattle",2024,Exports,(1000 HEAD),11.0
"Animal Numbers, Cattle",2024,Imports,(1000 HEAD),56.0
"Animal Numbers, Cattle",2024,Loss and Residual,(1000 HEAD),1175.0
"Animal Numbers, Cattle",2024,Production,(1000 HEAD),47500.0
"Animal Numbers, Cattle",2024,Total Distribution,(1000 HEAD),152646.0
"Animal Numbers, Cattle",2024,Total Slaughter,(1000 HEAD),50990.0
"Animal Numbers, Cattle",2024,Total Supply,(1000 HEAD),152646.0
"Animal Numbers, Cattle",2025,Beef Cows Beg. Stocks,(1000 HEAD),49000.0
"Animal Numbers, Cattle",2025,Beginning Stocks,(1000 HEAD),100470.0
"Animal Numbers, Cattle",2025,Calf Slaughter,(1000 HEAD),0.0
"Animal Numbers, Cattle",2025,Cow Slaughter,(1000 HEAD),0.0
"Animal Numbers, Cattle",2025,Dairy Cows Beg. Stocks,(1000 HEAD),13000.0
"Animal Numbers, Cattle",2025,Ending Stocks,(1000 HEAD),94080.0
"Animal Numbers, Cattle",2025,Exports,(1000 HEAD),11.0
"Animal Numbers, Cattle",2025,Imports,(1000 HEAD),30.0
"Animal Numbers, Cattle",2025,Loss and Residual,(1000 HEAD),979.0
"Animal Numbers, Cattle",2025,Production,(1000 HEAD),45900.0
"Animal Numbers, Cattle",2025,Total Distribution,(1000 HEAD),146400.0
"Animal Numbers, Cattle",2025,Total Slaughter,(1000 HEAD),51330.0
"Animal Numbers, Cattle",2025,Total Supply,(1000 HEAD),146400.0
"Animal Numbers, Cattle",2026,Beef Cows Beg. Stocks,(1000 HEAD),47000.0
"Animal Numbers, Cattle",2026,Beginning Stocks,(1000 HEAD),94080.0
"Animal Numbers, Cattle",2026,Calf Slaughter,(1000 HEAD),0.0
"Animal Numbers, Cattle",2026,Cow Slaughter,(1000 HEAD),0.0
"Animal Numbers, Cattle",2026,Dairy Cows Beg. Stocks,(1000 HEAD),12500.0
"Animal Numbers, Cattle",2026,Ending Stocks,(1000 HEAD),87560.0
"Animal Numbers, Cattle",2026,Exports,(1000 HEAD),11.0
"Animal Numbers, Cattle",2026,Imports,(1000 HEAD),30.0
"Animal Numbers, Cattle",2026,Loss and Residual,(1000 HEAD),1039.0
"Animal Numbers, Cattle",2026,Production,(1000 HEAD),44000.0
"Animal Numbers, Cattle",2026,Total Distribution,(1000 HEAD),138110.0
"Animal Numbers, Cattle",2026,Total Slaughter,(1000 HEAD),49500.0
"Animal Numbers, Cattle",2026,Total Supply,(1000 HEAD),138110.0
"Animal Numbers, Swine",1976,Beginning Stocks,(1000 HEAD),281170.0
"Animal Numbers, Swine",1976,Ending Stocks,(1000 HEAD),287250.0
"Animal Numbers, Swine",1976,Exports,(1000 HEAD),2311.0
"Animal Numbers, Swine",1976,Imports,(1000 HEAD),0.0
"Animal Numbers, Swine",1976,Loss and Residual,(1000 HEAD),0.0
"Animal Numbers, Swine",1976,Production,(1000 HEAD),174891.0
"Animal Numbers, Swine",1976,Sow Beginning Stocks,(1000 HEAD),0.0
"Animal Numbers, Swine",1976,Sow Slaughter,(1000 HEAD),0.0
"Animal Numbers, Swine",1976,Total Distribution,(1000 HEAD),456061.0
"Animal Numbers, Swine",1976,Total Slaughter,(1000 HEAD),166500.0
"Animal Numbers, Swine",1976,Total Supply,(1000 HEAD),456061.0
"Animal Numbers, Swine",1977,Beginning Stocks,(1000 HEAD),287250.0
"Animal Numbers, Swine",1977,Ending Stocks,(1000 HEAD),291780.0
"Animal Numbers, Swine",1977,Exports,(1000 HEAD),2313.0
"Animal Numbers, Swine",1977,Imports,(1000 HEAD),0.0
"Animal Numbers, Swine",1977,Loss and Residual,(1000 HEAD),0.0
"Animal Numbers, Swine",1977,Production,(1000 HEAD),174713.0
"Animal Numbers, Swine",1977,Sow Beginning Stocks,(1000 HEAD),0.0
"Animal Numbers, Swine",1977,Sow Slaughter,(1000 HEAD),0.0
"Animal Numbers, Swine",1977,Total Distribution,(1000 HEAD),461963.0
"Animal Numbers, Swine",1977,Total Slaughter,(1000 HEAD),167870.0
"Animal Numbers, Swine",1977,Total Supply,(1000 HEAD),461963.0
"Animal Numbers, Swine",1978,Beginning Stocks,(1000 HEAD),291780.0
"Animal Numbers, Swine",1978,Ending Stocks,(1000 HEAD),301290.0
"Animal Numbers, Swine",1978,Exports,(1000 HEAD),2463.0
"Animal Numbers, Swine",1978,Imports,(1000 HEAD),0.0
"Animal Numbers, Swine",1978,Loss and Residual,(1000 HEAD),0.0
"Animal Numbers, Swine",1978,Production,(1000 HEAD),173073.0
"Animal Numbers, Swine",1978,Sow Beginning Stocks,(1000 HEAD),0.0
"Animal Numbers, Swine",1978,Sow Slaughter,(1000 HEAD),0.0
"Animal Numbers, Swine",1978,Total Distribution,(1000 HEAD),464853.0
"Animal Numbers, Swine",1978,Total Slaughter,(1000 HEAD),161100.0
"Animal Numbers, Swine",1978,Total Supply,(1000 HEAD),464853.0
"Animal Numbers, Swine",1979,Beginning Stocks,(1000 HEAD),301290.0
"Animal Numbers, Swine",1979,Ending Stocks,(1000 HEAD),319710.0
"Animal Numbers, Swine",1979,Exports,(1000 HEAD),2422.0
"Animal Numbers, Swine",1979,Imports,(1000 HEAD),0.0
"Animal Numbers, Swine",1979,Loss and Residual,(1000 HEAD),0.0
"Animal Numbers, Swine",1979,Production,(1000 HEAD),208522.0
"Animal Numbers, Swine",1979,Sow Beginning Stocks,(1000 HEAD),0.0
"Animal Numbers, Swine",1979,Sow Slaughter,(1000 HEAD),0.0
"Animal Numbers, Swine",1979,Total Distribution,(1000 HEAD),509812.0
"Animal Numbers, Swine",1979,Total Slaughter,(1000 HEAD),187680.0
"Animal Numbers, Swine",1979,Total Supply,(1000 HEAD),509812.0
"Animal Numbers, Swine",1980,Beginning Stocks,(1000 HEAD),319710.0
"Animal Numbers, Swine",1980,Ending Stocks,(1000 HEAD),305430.0
"Animal Numbers, Swine",1980,Exports,(1000 HEAD),2468.0
"Animal Numbers, Swine",1980,Imports,(1000 HEAD),0.0
"Animal Numbers, Swine",1980,Loss and Residual,(1000 HEAD),0.0
"Animal Numbers, Swine",1980,Production,(1000 HEAD),186798.0
"Animal Numbers, Swine",1980,Sow Beginning Stocks,(1000 HEAD),25948.0
"Animal Numbers, Swine",1980,Sow Slaughter,(1000 HEAD),0.0
"Animal Numbers, Swine",1980,Total Distribution,(1000 HEAD),506508.0
"Animal Numbers, Swine",1980,Total Slaughter,(1000 HEAD),198610.0
"Animal Numbers, Swine",1980,Total Supply,(1000 HEAD),506508.0
"Animal Numbers, Swine",1981,Beginning Stocks,(1000 HEAD),305430.0
"Animal Numbers, Swine",1981,Ending Stocks,(1000 HEAD),293702.0
"Animal Numbers, Swine",1981,Exports,(1000 HEAD),2574.0
"Animal Numbers, Swine",1981,Imports,(1000 HEAD),0.0
"Animal Numbers, Swine",1981,Loss and Residual,(1000 HEAD),0.0
"Animal Numbers, Swine",1981,Production,(1000 HEAD),185796.0
"Animal Numbers, Swine",1981,Sow Beginning Stocks,(1000 HEAD),21620.0
"Animal Numbers, Swine",1981,Sow Slaughter,(1000 HEAD),0.0
"Animal Numbers, Swine",1981,Total Distribution,(1000 HEAD),491226.0
"Animal Numbers, Swine",1981,Total Slaughter,(1000 HEAD),194950.0
"Animal Numbers, Swine",1981,Total Supply,(1000 HEAD),491226.0
"Animal Numbers, Swine",1982,Beginning Stocks,(1000 HEAD),293702.0
"Animal Numbers, Swine",1982,Ending Stocks,(1000 HEAD),300780.0
"Animal Numbers, Swine",1982,Exports,(1000 HEAD),2650.0
"Animal Numbers, Swine",1982,Imports,(1000 HEAD),0.0
"Animal Numbers, Swine",1982,Loss and Residual,(1000 HEAD),0.0
"Animal Numbers, Swine",1982,Production,(1000 HEAD),210358.0
"Animal Numbers, Swine",1982,Sow Beginning Stocks,(1000 HEAD),20616.0
"Animal Numbers, Swine",1982,Sow Slaughter,(1000 HEAD),0.0
"Animal Numbers, Swine",1982,Total Distribution,(1000 HEAD),504060.0
"Animal Numbers, Swine",1982,Total Slaughter,(1000 HEAD),200630.0
"Animal Numbers, Swine",1982,Total Supply,(1000 HEAD),504060.0
"Animal Numbers, Swine",1983,Beginning Stocks,(1000 HEAD),300780.0
"Animal Numbers, Swine",1983,Ending Stocks,(1000 HEAD),298536.0
"Animal Numbers, Swine",1983,Exports,(1000 HEAD),2621.0
"Animal Numbers, Swine",1983,Imports,(1000 HEAD),0.0
"Animal Numbers, Swine",1983,Loss and Residual,(1000 HEAD),0.0
"Animal Numbers, Swine",1983,Production,(1000 HEAD),206987.0
"Animal Numbers, Swine",1983,Sow Beginning Stocks,(1000 HEAD),22562.0
"Animal Numbers, Swine",1983,Sow Slaughter,(1000 HEAD),0.0
"Animal Numbers, Swine",1983,Total Distribution,(1000 HEAD),507767.0
"Animal Numbers, Swine",1983,Total Slaughter,(1000 HEAD),206610.0
"Animal Numbers, Swine",1983,Total Supply,(1000 HEAD),507767.0
"Animal Numbers, Swine",1984,Beginning Stocks,(1000 HEAD),298536.0
"Animal Numbers, Swine",1984,Ending Stocks,(1000 HEAD),306790.0
"Animal Numbers, Swine",1984,Exports,(1000 HEAD),3080.0
"Animal Numbers, Swine",1984,Imports,(1000 HEAD),0.0
"Animal Numbers, Swine",1984,Loss and Residual,(1000 HEAD),0.0
"Animal Numbers, Swine",1984,Production,(1000 HEAD),231804.0
"Animal Numbers, Swine",1984,Sow Beginning Stocks,(1000 HEAD),21666.0
"Animal Numbers, Swine",1984,Sow Slaughter,(1000 HEAD),0.0
"Animal Numbers, Swine",1984,Total Distribution,(1000 HEAD),530340.0
"Animal Numbers, Swine",1984,Total Slaughter,(1000 HEAD),220470.0
"Animal Numbers, Swine",1984,Total Supply,(1000 HEAD),530340.0
"Animal Numbers, Swine",1985,Beginning Stocks,(1000 HEAD),306790.0
"Animal Numbers, Swine",1985,Ending Stocks,(1000 HEAD),331396.0
"Animal Numbers, Swine",1985,Exports,(1000 HEAD),3150.0
"Animal Numbers, Swine",1985,Imports,(1000 HEAD),0.0
"Animal Numbers, Swine",1985,Loss and Residual,(1000 HEAD),0.0
"Animal Numbers, Swine",1985,Production,(1000 HEAD),266790.0
"Animal Numbers, Swine",1985,Sow Beginning Stocks,(1000 HEAD),22120.0
"Animal Numbers, Swine",1985,Sow Slaughter,(1000 HEAD),0.0
"Animal Numbers, Swine",1985,Total Distribution,(1000 HEAD),573580.0
"Animal Numbers, Swine",1985,Total Slaughter,(1000 HEAD),239034.0
"Animal Numbers, Swine",1985,Total Supply,(1000 HEAD),573580.0
"Animal Numbers, Swine",1986,Beginning Stocks,(1000 HEAD),331396.0
"Animal Numbers, Swine",1986,Ending Stocks,(1000 HEAD),337191.0
"Animal Numbers, Swine",1986,Exports,(1000 HEAD),3100.0
"Animal Numbers, Swine",1986,Imports,(1000 HEAD),0.0
"Animal Numbers, Swine",1986,Loss and Residual,(1000 HEAD),0.0
"Animal Numbers, Swine",1986,Production,(1000 HEAD),266110.0
"Animal Numbers, Swine",1986,Sow Beginning Stocks,(1000 HEAD),25473.0
"Animal Numbers, Swine",1986,Sow Slaughter,(1000 HEAD),0.0
"Animal Numbers, Swine",1986,Total Distribution,(1000 HEAD),597506.0
"Animal Numbers, Swine",1986,Total Slaughter,(1000 HEAD),257215.0
"Animal Numbers, Swine",1986,Total Supply,(1000 HEAD),597506.0
"Animal Numbers, Swine",1987,Beginning Stocks,(1000 HEAD),337191.0
"Animal Numbers, Swine",1987,Ending Stocks,(1000 HEAD),327730.0
"Animal Numbers, Swine",1987,Exports,(1000 HEAD),3020.0
"Animal Numbers, Swine",1987,Imports,(1000 HEAD),0.0
"Animal Numbers, Swine",1987,Loss and Residual,(1000 HEAD),0.0
"Animal Numbers, Swine",1987,Production,(1000 HEAD),255369.0
"Animal Numbers, Swine",1987,Sow Beginning Stocks,(1000 HEAD),23980.0
"Animal Numbers, Swine",1987,Sow Slaughter,(1000 HEAD),0.0
"Animal Numbers, Swine",1987,Total Distribution,(1000 HEAD),592560.0
"Animal Numbers, Swine",1987,Total Slaughter,(1000 HEAD),261810.0
"Animal Numbers, Swine",1987,Total Supply,(1000 HEAD),592560.0
"Animal Numbers, Swine",1988,Beginning Stocks,(1000 HEAD),327730.0
"Animal Numbers, Swine",1988,Ending Stocks,(1000 HEAD),342218.0
"Animal Numbers, Swine",1988,Exports,(1000 HEAD),3027.0
"Animal Numbers, Swine",1988,Imports,(1000 HEAD),1.0
"Animal Numbers, Swine",1988,Loss and Residual,(1000 HEAD),0.0
"Animal Numbers, Swine",1988,Production,(1000 HEAD),293275.0
"Animal Numbers, Swine",1988,Sow Beginning Stocks,(1000 HEAD),22000.0
"Animal Numbers, Swine",1988,Sow Slaughter,(1000 HEAD),0.0
"Animal Numbers, Swine",1988,Total Distribution,(1000 HEAD),621006.0
"Animal Numbers, Swine",1988,Total Slaughter,(1000 HEAD),275761.0
"Animal Numbers, Swine",1988,Total Supply,(1000 HEAD),621006.0
"Animal Numbers, Swine",1989,Beginning Stocks,(1000 HEAD),342218.0
"Animal Numbers, Swine",1989,Ending Stocks,(1000 HEAD),352810.0
"Animal Numbers, Swine",1989,Exports,(1000 HEAD),2985.0
"Animal Numbers, Swine",1989,Imports,(1000 HEAD),0.0
"Animal Numbers, Swine",1989,Loss and Residual,(1000 HEAD),0.0
"Animal Numbers, Swine",1989,Production,(1000 HEAD),303808.0
"Animal Numbers, Swine",1989,Sow Beginning Stocks,(1000 HEAD),25192.0
"Animal Numbers, Swine",1989,Sow Slaughter,(1000 HEAD),0.0
"Animal Numbers, Swine",1989,Total Distribution,(1000 HEAD),646026.0
"Animal Numbers, Swine",1989,Total Slaughter,(1000 HEAD),290231.0
"Animal Numbers, Swine",1989,Total Supply,(1000 HEAD),646026.0
"Animal Numbers, Swine",1990,Beginning Stocks,(1000 HEAD),352810.0
"Animal Numbers, Swine",1990,Ending Stocks,(1000 HEAD),362408.0
"Animal Numbers, Swine",1990,Exports,(1000 HEAD),2999.0
"Animal Numbers, Swine",1990,Imports,(1000 HEAD),0.0
"Animal Numbers, Swine",1990,Loss and Residual,(1000 HEAD),2.0
"Animal Numbers, Swine",1990,Production,(1000 HEAD),322509.0
"Animal Numbers, Swine",1990,Sow Beginning Stocks,(1000 HEAD),25426.0
"Animal Numbers, Swine",1990,Sow Slaughter,(1000 HEAD),0.0
"Animal Numbers, Swine",1990,Total Distribution,(1000 HEAD),675319.0
"Animal Numbers, Swine",1990,Total Slaughter,(1000 HEAD),309910.0
"Animal Numbers, Swine",1990,Total Supply,(1000 HEAD),675319.0
"Animal Numbers, Swine",1991,Beginning Stocks,(1000 HEAD),362408.0
"Animal Numbers, Swine",1991,Ending Stocks,(1000 HEAD),369646.0
"Animal Numbers, Swine",1991,Exports,(1000 HEAD),2850.0
"Animal Numbers, Swine",1991,Imports,(1000 HEAD),0.0
"Animal Numbers, Swine",1991,Loss and Residual,(1000 HEAD),941.0
"Animal Numbers, Swine",1991,Production,(1000 HEAD),340000.0
"Animal Numbers, Swine",1991,Sow Beginning Stocks,(1000 HEAD),25214.0
"Animal Numbers, Swine",1991,Sow Slaughter,(1000 HEAD),0.0
"Animal Numbers, Swine",1991,Total Distribution,(1000 HEAD),702408.0
"Animal Numbers, Swine",1991,Total Slaughter,(1000 HEAD),328971.0
"Animal Numbers, Swine",1991,Total Supply,(1000 HEAD),702408.0
"Animal Numbers, Swine",1992,Beginning Stocks,(1000 HEAD),369646.0
"Animal Numbers, Swine",1992,Ending Stocks,(1000 HEAD),384210.0
"Animal Numbers, Swine",1992,Exports,(1000 HEAD),2913.0
"Animal Numbers, Swine",1992,Imports,(1000 HEAD),0.0
"Animal Numbers, Swine",1992,Loss and Residual,(1000 HEAD),87.0
"Animal Numbers, Swine",1992,Production,(1000 HEAD),369261.0
"Animal Numbers, Swine",1992,Sow Beginning Stocks,(1000 HEAD),26267.0
"Animal Numbers, Swine",1992,Sow Slaughter,(1000 HEAD),0.0
"Animal Numbers, Swine",1992,Total Distribution,(1000 HEAD),738907.0
"Animal Numbers, Swine",1992,Total Slaughter,(1000 HEAD),351697.0
"Animal Numbers, Swine",1992,Total Supply,(1000 HEAD),738907.0
"Animal Numbers, Swine",1993,Beginning Stocks,(1000 HEAD),384210.0
"Animal Numbers, Swine",1993,Ending Stocks,(1000 HEAD),393000.0
"Animal Numbers, Swine",1993,Exports,(1000 HEAD),2744.0
"Animal Numbers, Swine",1993,Imports,(1000 HEAD),0.0
"Animal Numbers, Swine",1993,Loss and Residual,(1000 HEAD),226.0
"Animal Numbers, Swine",1993,Production,(1000 HEAD),390000.0
"Animal Numbers, Swine",1993,Sow Beginning Stocks,(1000 HEAD),30000.0
"Animal Numbers, Swine",1993,Sow Slaughter,(1000 HEAD),0.0
"Animal Numbers, Swine",1993,Total Distribution,(1000 HEAD),774210.0
"Animal Numbers, Swine",1993,Total Slaughter,(1000 HEAD),378240.0
"Animal Numbers, Swine",1993,Total Supply,(1000 HEAD),774210.0
"Animal Numbers, Swine",1994,Beginning Stocks,(1000 HEAD),393000.0
"Animal Numbers, Swine",1994,Ending Stocks,(1000 HEAD),414619.0
"Animal Numbers, Swine",1994,Exports,(1000 HEAD),2704.0
"Animal Numbers, Swine",1994,Imports,(1000 HEAD),1.0
"Animal Numbers, Swine",1994,Loss and Residual,(1000 HEAD),0.0
"Animal Numbers, Swine",1994,Production,(1000 HEAD),445354.0
"Animal Numbers, Swine",1994,Sow Beginning Stocks,(1000 HEAD),32000.0
"Animal Numbers, Swine",1994,Sow Slaughter,(1000 HEAD),0.0
"Animal Numbers, Swine",1994,Total Distribution,(1000 HEAD),838355.0
"Animal Numbers, Swine",1994,Total Slaughter,(1000 HEAD),421032.0
"Animal Numbers, Swine",1994,Total Supply,(1000 HEAD),838355.0
"Animal Numbers, Swine",1995,Beginning Stocks,(1000 HEAD),414619.0
"Animal Numbers, Swine",1995,Ending Stocks,(1000 HEAD),441692.0
"Animal Numbers, Swine",1995,Exports,(1000 HEAD),2400.0
"Animal Numbers, Swine",1995,Imports,(1000 HEAD),97.0
"Animal Numbers, Swine",1995,Loss and Residual,(1000 HEAD),33.0
"Animal Numbers, Swine",1995,Production,(1000 HEAD),505000.0
"Animal Numbers, Swine",1995,Sow Beginning Stocks,(1000 HEAD),34500.0
"Animal Numbers, Swine",1995,Sow Slaughter,(1000 HEAD),0.0
"Animal Numbers, Swine",1995,Total Distribution,(1000 HEAD),919716.0
"Animal Numbers, Swine",1995,Total Slaughter,(1000 HEAD),475591.0
"Animal Numbers, Swine",1995,Total Supply,(1000 HEAD),919716.0
"Animal Numbers, Swine",1996,Beginning Stocks,(1000 HEAD),441692.0
"Animal Numbers, Swine",1996,Ending Stocks,(1000 HEAD),362836.0
"Animal Numbers, Swine",1996,Exports,(1000 HEAD),2281.0
"Animal Numbers, Swine",1996,Imports,(1000 HEAD),2.0
"Animal Numbers, Swine",1996,Loss and Residual,(1000 HEAD),482.0
"Animal Numbers, Swine",1996,Production,(1000 HEAD),432000.0
"Animal Numbers, Swine",1996,Sow Beginning Stocks,(1000 HEAD),28000.0
"Animal Numbers, Swine",1996,Sow Slaughter,(1000 HEAD),0.0
"Animal Numbers, Swine",1996,Total Distribution,(1000 HEAD),777850.0
"Animal Numbers, Swine",1996,Total Slaughter,(1000 HEAD),412251.0
"Animal Numbers, Swine",1996,Total Supply,(1000 HEAD),873694.0
"Animal Numbers, Swine",1997,Beginning Stocks,(1000 HEAD),362836.0
"Animal Numbers, Swine",1997,Ending Stocks,(1000 HEAD),400348.0
"Animal Numbers, Swine",1997,Exports,(1000 HEAD),2281.0
"Animal Numbers, Swine",1997,Imports,(1000 HEAD),13.0
"Animal Numbers, Swine",1997,Loss and Residual,(1000 HEAD),500.0
"Animal Numbers, Swine",1997,Production,(1000 HEAD),505117.0
"Animal Numbers, Swine",1997,Sow Beginning Stocks,(1000 HEAD),32500.0
"Animal Numbers, Swine",1997,Sow Slaughter,(1000 HEAD),0.0
"Animal Numbers, Swine",1997,Total Distribution,(1000 HEAD),867966.0
"Animal Numbers, Swine",1997,Total Slaughter,(1000 HEAD),464837.0
"Animal Numbers, Swine",1997,Total Supply,(1000 HEAD),867966.0
"Animal Numbers, Swine",1998,Beginning Stocks,(1000 HEAD),400348.0
"Animal Numbers, Swine",1998,Ending Stocks,(1000 HEAD),422563.0
"Animal Numbers, Swine",1998,Exports,(1000 HEAD),2204.0
"Animal Numbers, Swine",1998,Imports,(1000 HEAD),4.0
"Animal Numbers, Swine",1998,Loss and Residual,(1000 HEAD),1434.0
"Animal Numbers, Swine",1998,Production,(1000 HEAD),528000.0
"Animal Numbers, Swine",1998,Sow Beginning Stocks,(1000 HEAD),34000.0
"Animal Numbers, Swine",1998,Sow Slaughter,(1000 HEAD),0.0
"Animal Numbers, Swine",1998,Total Distribution,(1000 HEAD),928352.0
"Animal Numbers, Swine",1998,Total Slaughter,(1000 HEAD),502151.0
"Animal Numbers, Swine",1998,Total Supply,(1000 HEAD),928352.0
"Animal Numbers, Swine",1999,Beginning Stocks,(1000 HEAD),422563.0
"Animal Numbers, Swine",1999,Ending Stocks,(1000 HEAD),431442.0
"Animal Numbers, Swine",1999,Exports,(1000 HEAD),1961.0
"Animal Numbers, Swine",1999,Imports,(1000 HEAD),2.0
"Animal Numbers, Swine",1999,Loss and Residual,(1000 HEAD),1084.0
"Animal Numbers, Swine",1999,Production,(1000 HEAD),531694.0
"Animal Numbers, Swine",1999,Sow Beginning Stocks,(1000 HEAD),35000.0
"Animal Numbers, Swine",1999,Sow Slaughter,(1000 HEAD),0.0
"Animal Numbers, Swine",1999,Total Distribution,(1000 HEAD),954259.0
"Animal Numbers, Swine",1999,Total Slaughter,(1000 HEAD),519772.0
"Animal Numbers, Swine",1999,Total Supply,(1000 HEAD),954259.0
"Animal Numbers, Swine",2000,Beginning Stocks,(1000 HEAD),431442.0
"Animal Numbers, Swine",2000,Ending Stocks,(1000 HEAD),416336.0
"Animal Numbers, Swine",2000,Exports,(1000 HEAD),2039.0
"Animal Numbers, Swine",2000,Imports,(1000 HEAD),3.0
"Animal Numbers, Swine",2000,Loss and Residual,(1000 HEAD),1020.0
"Animal Numbers, Swine",2000,Production,(1000 HEAD),506573.0
"Animal Numbers, Swine",2000,Sow Beginning Stocks,(1000 HEAD),35500.0
"Animal Numbers, Swine",2000,Sow Slaughter,(1000 HEAD),0.0
"Animal Numbers, Swine",2000,Total Distribution,(1000 HEAD),938018.0
"Animal Numbers, Swine",2000,Total Slaughter,(1000 HEAD),518623.0
"Animal Numbers, Swine",2000,Total Supply,(1000 HEAD),938018.0
"Animal Numbers, Swine",2001,Beginning Stocks,(1000 HEAD),416336.0
"Animal Numbers, Swine",2001,Ending Stocks,(1000 HEAD),419505.0
"Animal Numbers, Swine",2001,Exports,(1000 HEAD),1973.0
"Animal Numbers, Swine",2001,Imports,(1000 HEAD),1.0
"Animal Numbers, Swine",2001,Loss and Residual,(1000 HEAD),998.0
"Animal Numbers, Swine",2001,Production,(1000 HEAD),538950.0
"Animal Numbers, Swine",2001,Sow Beginning Stocks,(1000 HEAD),36500.0
"Animal Numbers, Swine",2001,Sow Slaughter,(1000 HEAD),0.0
"Animal Numbers, Swine",2001,Total Distribution,(1000 HEAD),955287.0
"Animal Numbers, Swine",2001,Total Slaughter,(1000 HEAD),532811.0
"Animal Numbers, Swine",2001,Total Supply,(1000 HEAD),955287.0
"Animal Numbers, Swine",2002,Beginning Stocks,(1000 HEAD),419505.0
"Animal Numbers, Swine",2002,Ending Stocks,(1000 HEAD),417762.0
"Animal Numbers, Swine",2002,Exports,(1000 HEAD),1889.0
"Animal Numbers, Swine",2002,Imports,(1000 HEAD),1.0
"Animal Numbers, Swine",2002,Loss and Residual,(1000 HEAD),999.0
"Animal Numbers, Swine",2002,Production,(1000 HEAD),542583.0
"Animal Numbers, Swine",2002,Sow Beginning Stocks,(1000 HEAD),37250.0
"Animal Numbers, Swine",2002,Sow Slaughter,(1000 HEAD),0.0
"Animal Numbers, Swine",2002,Total Distribution,(1000 HEAD),962089.0
"Animal Numbers, Swine",2002,Total Slaughter,(1000 HEAD),541439.0
"Animal Numbers, Swine",2002,Total Supply,(1000 HEAD),962089.0
"Animal Numbers, Swine",2003,Beginning Stocks,(1000 HEAD),417762.0
"Animal Numbers, Swine",2003,Ending Stocks,(1000 HEAD),413818.0
"Animal Numbers, Swine",2003,Exports,(1000 HEAD),1887.0
"Animal Numbers, Swine",2003,Imports,(1000 HEAD),2.0
"Animal Numbers, Swine",2003,Loss and Residual,(1000 HEAD),822.0
"Animal Numbers, Swine",2003,Production,(1000 HEAD),555781.0
"Animal Numbers, Swine",2003,Sow Beginning Stocks,(1000 HEAD),38000.0
"Animal Numbers, Swine",2003,Sow Slaughter,(1000 HEAD),0.0
"Animal Numbers, Swine",2003,Total Distribution,(1000 HEAD),973545.0
"Animal Numbers, Swine",2003,Total Slaughter,(1000 HEAD),557018.0
"Animal Numbers, Swine",2003,Total Supply,(1000 HEAD),973545.0
"Animal Numbers, Swine",2004,Beginning Stocks,(1000 HEAD),413818.0
"Animal Numbers, Swine",2004,Ending Stocks,(1000 HEAD),421234.0
"Animal Numbers, Swine",2004,Exports,(1000 HEAD),1973.0
"Animal Numbers, Swine",2004,Imports,(1000 HEAD),2.0
"Animal Numbers, Swine",2004,Loss and Residual,(1000 HEAD),890.0
"Animal Numbers, Swine",2004,Production,(1000 HEAD),583062.0
"Animal Numbers, Swine",2004,Sow Beginning Stocks,(1000 HEAD),40250.0
"Animal Numbers, Swine",2004,Sow Slaughter,(1000 HEAD),0.0
"Animal Numbers, Swine",2004,Total Distribution,(1000 HEAD),996882.0
"Animal Numbers, Swine",2004,Total Slaughter,(1000 HEAD),572785.0
"Animal Numbers, Swine",2004,Total Supply,(1000 HEAD),996882.0
"Animal Numbers, Swine",2005,Beginning Stocks,(1000 HEAD),421234.0
"Animal Numbers, Swine",2005,Ending Stocks,(1000 HEAD),433191.0
"Animal Numbers, Swine",2005,Exports,(1000 HEAD),1769.0
"Animal Numbers, Swine",2005,Imports,(1000 HEAD),3.0
"Animal Numbers, Swine",2005,Loss and Residual,(1000 HEAD),1190.0
"Animal Numbers, Swine",2005,Production,(1000 HEAD),618587.0
"Animal Numbers, Swine",2005,Sow Beginning Stocks,(1000 HEAD),43000.0
"Animal Numbers, Swine",2005,Sow Slaughter,(1000 HEAD),0.0
"Animal Numbers, Swine",2005,Total Distribution,(1000 HEAD),1039824.0
"Animal Numbers, Swine",2005,Total Slaughter,(1000 HEAD),603674.0
"Animal Numbers, Swine",2005,Total Supply,(1000 HEAD),1039824.0
"Animal Numbers, Swine",2006,Beginning Stocks,(1000 HEAD),433191.0
"Animal Numbers, Swine",2006,Ending Stocks,(1000 HEAD),418504.0
"Animal Numbers, Swine",2006,Exports,(1000 HEAD),1723.0
"Animal Numbers, Swine",2006,Imports,(1000 HEAD),2.0
"Animal Numbers, Swine",2006,Loss and Residual,(1000 HEAD),6716.0
"Animal Numbers, Swine",2006,Production,(1000 HEAD),605823.0
"Animal Numbers, Swine",2006,Sow Beginning Stocks,(1000 HEAD),47000.0
"Animal Numbers, Swine",2006,Sow Slaughter,(1000 HEAD),0.0
"Animal Numbers, Swine",2006,Total Distribution,(1000 HEAD),1039016.0
"Animal Numbers, Swine",2006,Total Slaughter,(1000 HEAD),612073.0
"Animal Numbers, Swine",2006,Total Supply,(1000 HEAD),1039016.0
"Animal Numbers, Swine",2007,Beginning Stocks,(1000 HEAD),418504.0
"Animal Numbers, Swine",2007,Ending Stocks,(1000 HEAD),439332.0
"Animal Numbers, Swine",2007,Exports,(1000 HEAD),1609.0
"Animal Numbers, Swine",2007,Imports,(1000 HEAD),3.0
"Animal Numbers, Swine",2007,Loss and Residual,(1000 HEAD),4563.0
"Animal Numbers, Swine",2007,Production,(1000 HEAD),592080.0
"Animal Numbers, Swine",2007,Sow Beginning Stocks,(1000 HEAD),44206.0
"Animal Numbers, Swine",2007,Sow Slaughter,(1000 HEAD),0.0
"Animal Numbers, Swine",2007,Total Distribution,(1000 HEAD),1010587.0
"Animal Numbers, Swine",2007,Total Slaughter,(1000 HEAD),565083.0
"Animal Numbers, Swine",2007,Total Supply,(1000 HEAD),1010587.0
"Animal Numbers, Swine",2008,Beginning Stocks,(1000 HEAD),439332.0
"Animal Numbers, Swine",2008,Ending Stocks,(1000 HEAD),464331.0
"Animal Numbers, Swine",2008,Exports,(1000 HEAD),1645.0
"Animal Numbers, Swine",2008,Imports,(1000 HEAD),12.0
"Animal Numbers, Swine",2008,Loss and Residual,(1000 HEAD),2202.0
"Animal Numbers, Swine",2008,Production,(1000 HEAD),639000.0
"Animal Numbers, Swine",2008,Sow Beginning Stocks,(1000 HEAD),47416.0
"Animal Numbers, Swine",2008,Sow Slaughter,(1000 HEAD),0.0
"Animal Numbers, Swine",2008,Total Distribution,(1000 HEAD),1078344.0
"Animal Numbers, Swine",2008,Total Slaughter,(1000 HEAD),610166.0
"Animal Numbers, Swine",2008,Total Supply,(1000 HEAD),1078344.0
"Animal Numbers, Swine",2009,Beginning Stocks,(1000 HEAD),464331.0
"Animal Numbers, Swine",2009,Ending Stocks,(1000 HEAD),471772.0
"Animal Numbers, Swine",2009,Exports,(1000 HEAD),1696.0
"Animal Numbers, Swine",2009,Imports,(1000 HEAD),6.0
"Animal Numbers, Swine",2009,Loss and Residual,(1000 HEAD),2483.0
"Animal Numbers, Swine",2009,Production,(1000 HEAD),657000.0
"Animal Numbers, Swine",2009,Sow Beginning Stocks,(1000 HEAD),48788.0
"Animal Numbers, Swine",2009,Sow Slaughter,(1000 HEAD),0.0
"Animal Numbers, Swine",2009,Total Distribution,(1000 HEAD),1121337.0
"Animal Numbers, Swine",2009,Total Slaughter,(1000 HEAD),645386.0
"Animal Numbers, Swine",2009,Total Supply,(1000 HEAD),1121337.0
"Animal Numbers, Swine",2010,Beginning Stocks,(1000 HEAD),471772.0
"Animal Numbers, Swine",2010,Ending Stocks,(1000 HEAD),467652.0
"Animal Numbers, Swine",2010,Exports,(1000 HEAD),1721.0
"Animal Numbers, Swine",2010,Imports,(1000 HEAD),6.0
"Animal Numbers, Swine",2010,Loss and Residual,(1000 HEAD),2541.0
"Animal Numbers, Swine",2010,Production,(1000 HEAD),667000.0
"Animal Numbers, Swine",2010,Sow Beginning Stocks,(1000 HEAD),49100.0
"Animal Numbers, Swine",2010,Sow Slaughter,(1000 HEAD),0.0
"Animal Numbers, Swine",2010,Total Distribution,(1000 HEAD),1138778.0
"Animal Numbers, Swine",2010,Total Slaughter,(1000 HEAD),666864.0
"Animal Numbers, Swine",2010,Total Supply,(1000 HEAD),1138778.0
"Animal Numbers, Swine",2011,Beginning Stocks,(1000 HEAD),467652.0
"Animal Numbers, Swine",2011,Ending Stocks,(1000 HEAD),470748.0
"Animal Numbers, Swine",2011,Exports,(1000 HEAD),1563.0
"Animal Numbers, Swine",2011,Imports,(1000 HEAD),15.0
"Animal Numbers, Swine",2011,Loss and Residual,(1000 HEAD),1985.0
"Animal Numbers, Swine",2011,Production,(1000 HEAD),670250.0
"Animal Numbers, Swine",2011,Sow Beginning Stocks,(1000 HEAD),47500.0
"Animal Numbers, Swine",2011,Sow Slaughter,(1000 HEAD),0.0
"Animal Numbers, Swine",2011,Total Distribution,(1000 HEAD),1137917.0
"Animal Numbers, Swine",2011,Total Slaughter,(1000 HEAD),663621.0
"Animal Numbers, Swine",2011,Total Supply,(1000 HEAD),1137917.0
"Animal Numbers, Swine",2012,Beginning Stocks,(1000 HEAD),470748.0
"Animal Numbers, Swine",2012,Ending Stocks,(1000 HEAD),480302.0
"Animal Numbers, Swine",2012,Exports,(1000 HEAD),1643.0
"Animal Numbers, Swine",2012,Imports,(1000 HEAD),20.0
"Animal Numbers, Swine",2012,Loss and Residual,(1000 HEAD),1928.0
"Animal Numbers, Swine",2012,Production,(1000 HEAD),711000.0
"Animal Numbers, Swine",2012,Sow Beginning Stocks,(1000 HEAD),49280.0
"Animal Numbers, Swine",2012,Sow Slaughter,(1000 HEAD),0.0
"Animal Numbers, Swine",2012,Total Distribution,(1000 HEAD),1181768.0
"Animal Numbers, Swine",2012,Total Slaughter,(1000 HEAD),697895.0
"Animal Numbers, Swine",2012,Total Supply,(1000 HEAD),1181768.0
"Animal Numbers, Swine",2013,Beginning Stocks,(1000 HEAD),480302.0
"Animal Numbers, Swine",2013,Ending Stocks,(1000 HEAD),478931.0
"Animal Numbers, Swine",2013,Exports,(1000 HEAD),1684.0
"Animal Numbers, Swine",2013,Imports,(1000 HEAD),24.0
"Animal Numbers, Swine",2013,Loss and Residual,(1000 HEAD),2136.0
"Animal Numbers, Swine",2013,Production,(1000 HEAD),718000.0
"Animal Numbers, Swine",2013,Sow Beginning Stocks,(1000 HEAD),50432.0
"Animal Numbers, Swine",2013,Sow Slaughter,(1000 HEAD),0.0
"Animal Numbers, Swine",2013,Total Distribution,(1000 HEAD),1198326.0
"Animal Numbers, Swine",2013,Total Slaughter,(1000 HEAD),715575.0
"Animal Numbers, Swine",2013,Total Supply,(1000 HEAD),1198326.0
"Animal Numbers, Swine",2014,Beginning Stocks,(1000 HEAD),478931.0
"Animal Numbers, Swine",2014,Ending Stocks,(1000 HEAD),471602.0
"Animal Numbers, Swine",2014,Exports,(1000 HEAD),1737.0
"Animal Numbers, Swine",2014,Imports,(1000 HEAD),9.0
"Animal Numbers, Swine",2014,Loss and Residual,(1000 HEAD),2001.0
"Animal Numbers, Swine",2014,Production,(1000 HEAD),731500.0
"Animal Numbers, Swine",2014,Sow Beginning Stocks,(1000 HEAD),50000.0
"Animal Numbers, Swine",2014,Sow Slaughter,(1000 HEAD),0.0
"Animal Numbers, Swine",2014,Total Distribution,(1000 HEAD),1210440.0
"Animal Numbers, Swine",2014,Total Slaughter,(1000 HEAD),735100.0
"Animal Numbers, Swine",2014,Total Supply,(1000 HEAD),1210440.0
"Animal Numbers, Swine",2015,Beginning Stocks,(1000 HEAD),471602.0
"Animal Numbers, Swine",2015,Ending Stocks,(1000 HEAD),458029.0
"Animal Numbers, Swine",2015,Exports,(1000 HEAD),1696.0
"Animal Numbers, Swine",2015,Imports,(1000 HEAD),4.0
"Animal Numbers, Swine",2015,Loss and Residual,(1000 HEAD),1631.0
"Animal Numbers, Swine",2015,Production,(1000 HEAD),698000.0
"Animal Numbers, Swine",2015,Sow Beginning Stocks,(1000 HEAD),47000.0
"Animal Numbers, Swine",2015,Sow Slaughter,(1000 HEAD),0.0
"Animal Numbers, Swine",2015,Total Distribution,(1000 HEAD),1169606.0
"Animal Numbers, Swine",2015,Total Slaughter,(1000 HEAD),708250.0
"Animal Numbers, Swine",2015,Total Supply,(1000 HEAD),1169606.0
"Animal Numbers, Swine",2016,Beginning Stocks,(1000 HEAD),458029.0
"Animal Numbers, Swine",2016,Ending Stocks,(1000 HEAD),442092.0
"Animal Numbers, Swine",2016,Exports,(1000 HEAD),1551.0
"Animal Numbers, Swine",2016,Imports,(1000 HEAD),8.0
"Animal Numbers, Swine",2016,Loss and Residual,(1000 HEAD),1874.0
"Animal Numbers, Swine",2016,Production,(1000 HEAD),672500.0
"Animal Numbers, Swine",2016,Sow Beginning Stocks,(1000 HEAD),45100.0
"Animal Numbers, Swine",2016,Sow Slaughter,(1000 HEAD),0.0
"Animal Numbers, Swine",2016,Total Distribution,(1000 HEAD),1130537.0
"Animal Numbers, Swine",2016,Total Slaughter,(1000 HEAD),685020.0
"Animal Numbers, Swine",2016,Total Supply,(1000 HEAD),1130537.0
"Animal Numbers, Swine",2017,Beginning Stocks,(1000 HEAD),442092.0
"Animal Numbers, Swine",2017,Ending Stocks,(1000 HEAD),441589.0
"Animal Numbers, Swine",2017,Exports,(1000 HEAD),1567.0
"Animal Numbers, Swine",2017,Imports,(1000 HEAD),11.0
"Animal Numbers, Swine",2017,Loss and Residual,(1000 HEAD),1926.0
"Animal Numbers, Swine",2017,Production,(1000 HEAD),705000.0
"Animal Numbers, Swine",2017,Sow Beginning Stocks,(1000 HEAD),44950.0
"Animal Numbers, Swine",2017,Sow Slaughter,(1000 HEAD),0.0
"Animal Numbers, Swine",2017,Total Distribution,(1000 HEAD),1147103.0
"Animal Numbers, Swine",2017,Total Slaughter,(1000 HEAD),702021.0
"Animal Numbers, Swine",2017,Total Supply,(1000 HEAD),1147103.0
"Animal Numbers, Swine",2018,Beginning Stocks,(1000 HEAD),441589.0
"Animal Numbers, Swine",2018,Ending Stocks,(1000 HEAD),428070.0
"Animal Numbers, Swine",2018,Exports,(1000 HEAD),1580.0
"Animal Numbers, Swine",2018,Imports,(1000 HEAD),8.0
"Animal Numbers, Swine",2018,Loss and Residual,(1000 HEAD),5627.0
"Animal Numbers, Swine",2018,Production,(1000 HEAD),687500.0
"Animal Numbers, Swine",2018,Sow Beginning Stocks,(1000 HEAD),43610.0
"Animal Numbers, Swine",2018,Sow Slaughter,(1000 HEAD),0.0
"Animal Numbers, Swine",2018,Total Distribution,(1000 HEAD),1129097.0
"Animal Numbers, Swine",2018,Total Slaughter,(1000 HEAD),693820.0
"Animal Numbers, Swine",2018,Total Supply,(1000 HEAD),1129097.0
"Animal Numbers, Swine",2019,Beginning Stocks,(1000 HEAD),428070.0
"Animal Numbers, Swine",2019,Ending Stocks,(1000 HEAD),310410.0
"Animal Numbers, Swine",2019,Exports,(1000 HEAD),947.0
"Animal Numbers, Swine",2019,Imports,(1000 HEAD),1.0
"Animal Numbers, Swine",2019,Loss and Residual,(1000 HEAD),12524.0
"Animal Numbers, Swine",2019,Production,(1000 HEAD),440000.0
"Animal Numbers, Swine",2019,Sow Beginning Stocks,(1000 HEAD),37000.0
"Animal Numbers, Swine",2019,Sow Slaughter,(1000 HEAD),0.0
"Animal Numbers, Swine",2019,Total Distribution,(1000 HEAD),868071.0
"Animal Numbers, Swine",2019,Total Slaughter,(1000 HEAD),544190.0
"Animal Numbers, Swine",2019,Total Supply,(1000 HEAD),868071.0
"Animal Numbers, Swine",2020,Beginning Stocks,(1000 HEAD),310410.0
"Animal Numbers, Swine",2020,Ending Stocks,(1000 HEAD),406500.0
"Animal Numbers, Swine",2020,Exports,(1000 HEAD),718.0
"Animal Numbers, Swine",2020,Imports,(1000 HEAD),29.0
"Animal Numbers, Swine",2020,Loss and Residual,(1000 HEAD),8221.0
"Animal Numbers, Swine",2020,Production,(1000 HEAD),565000.0
"Animal Numbers, Swine",2020,Sow Beginning Stocks,(1000 HEAD),31000.0
"Animal Numbers, Swine",2020,Sow Slaughter,(1000 HEAD),0.0
"Animal Numbers, Swine",2020,Total Distribution,(1000 HEAD),875439.0
"Animal Numbers, Swine",2020,Total Slaughter,(1000 HEAD),460000.0
"Animal Numbers, Swine",2020,Total Supply,(1000 HEAD),875439.0
"Animal Numbers, Swine",2021,Beginning Stocks,(1000 HEAD),406500.0
"Animal Numbers, Swine",2021,Ending Stocks,(1000 HEAD),449220.0
"Animal Numbers, Swine",2021,Exports,(1000 HEAD),881.0
"Animal Numbers, Swine",2021,Imports,(1000 HEAD),23.0
"Animal Numbers, Swine",2021,Loss and Residual,(1000 HEAD),11422.0
"Animal Numbers, Swine",2021,Production,(1000 HEAD),655000.0
"Animal Numbers, Swine",2021,Sow Beginning Stocks,(1000 HEAD),39500.0
"Animal Numbers, Swine",2021,Sow Slaughter,(1000 HEAD),0.0
"Animal Numbers, Swine",2021,Total Distribution,(1000 HEAD),1061523.0
"Animal Numbers, Swine",2021,Total Slaughter,(1000 HEAD),600000.0
"Animal Numbers, Swine",2021,Total Supply,(1000 HEAD),1061523.0
"Animal Numbers, Swine",2022,Beginning Stocks,(1000 HEAD),449220.0
"Animal Numbers, Swine",2022,Ending Stocks,(1000 HEAD),452560.0
"Animal Numbers, Swine",2022,Exports,(1000 HEAD),1066.0
"Animal Numbers, Swine",2022,Imports,(1000 HEAD),5.0
"Animal Numbers, Swine",2022,Loss and Residual,(1000 HEAD),8159.0
"Animal Numbers, Swine",2022,Production,(1000 HEAD),712510.0
"Animal Numbers, Swine",2022,Sow Beginning Stocks,(1000 HEAD),42000.0
"Animal Numbers, Swine",2022,Sow Slaughter,(1000 HEAD),0.0
"Animal Numbers, Swine",2022,Total Distribution,(1000 HEAD),1161735.0
"Animal Numbers, Swine",2022,Total Slaughter,(1000 HEAD),699950.0
"Animal Numbers, Swine",2022,Total Supply,(1000 HEAD),1161735.0
"Animal Numbers, Swine",2023,Beginning Stocks,(1000 HEAD),452560.0
"Animal Numbers, Swine",2023,Ending Stocks,(1000 HEAD),434220.0
"Animal Numbers, Swine",2023,Exports,(1000 HEAD),1120.0
"Animal Numbers, Swine",2023,Imports,(1000 HEAD),8.0
"Animal Numbers, Swine",2023,Loss and Residual,(1000 HEAD),7857.0
"Animal Numbers, Swine",2023,Production,(1000 HEAD),717249.0
"Animal Numbers, Swine",2023,Sow Beginning Stocks,(1000 HEAD),43000.0
"Animal Numbers, Swine",2023,Sow Slaughter,(1000 HEAD),0.0
"Animal Numbers, Swine",2023,Total Distribution,(1000 HEAD),1169817.0
"Animal Numbers, Swine",2023,Total Slaughter,(1000 HEAD),726620.0
"Animal Numbers, Swine",2023,Total Supply,(1000 HEAD),1169817.0
"Animal Numbers, Swine",2024,Beginning Stocks,(1000 HEAD),434220.0
"Animal Numbers, Swine",2024,Ending Stocks,(1000 HEAD),427430.0
"Animal Numbers, Swine",2024,Exports,(1000 HEAD),1149.0
"Animal Numbers, Swine",2024,Imports,(1000 HEAD),4.0
"Animal Numbers, Swine",2024,Loss and Residual,(1000 HEAD),8055.0
"Animal Numbers, Swine",2024,Production,(1000 HEAD),704970.0
"Animal Numbers, Swine",2024,Sow Beginning Stocks,(1000 HEAD),41420.0
"Animal Numbers, Swine",2024,Sow Slaughter,(1000 HEAD),0.0
"Animal Numbers, Swine",2024,Total Distribution,(1000 HEAD),1139194.0
"Animal Numbers, Swine",2024,Total Slaughter,(1000 HEAD),702560.0
"Animal Numbers, Swine",2024,Total Supply,(1000 HEAD),1139194.0
"Animal Numbers, Swine",2025,Beginning Stocks,(1000 HEAD),427430.0
"Animal Numbers, Swine",2025,Ending Stocks,(1000 HEAD),429670.0
"Animal Numbers, Swine",2025,Exports,(1000 HEAD),1225.0
"Animal Numbers, Swine",2025,Imports,(1000 HEAD),8.0
"Animal Numbers, Swine",2025,Loss and Residual,(1000 HEAD),7813.0
"Animal Numbers, Swine",2025,Production,(1000 HEAD),731000.0
"Animal Numbers, Swine",2025,Sow Beginning Stocks,(1000 HEAD),40780.0
"Animal Numbers, Swine",2025,Sow Slaughter,(1000 HEAD),0.0
"Animal Numbers, Swine",2025,Total Distribution,(1000 HEAD),1158438.0
"Animal Numbers, Swine",2025,Total Slaughter,(1000 HEAD),719730.0
"Animal Numbers, Swine",2025,Total Supply,(1000 HEAD),1158438.0
"Animal Numbers, Swine",2026,Beginning Stocks,(1000 HEAD),429670.0
"Animal Numbers, Swine",2026,Ending Stocks,(1000 HEAD),429930.0
"Animal Numbers, Swine",2026,Exports,(1000 HEAD),1275.0
"Animal Numbers, Swine",2026,Imports,(1000 HEAD),8.0
"Animal Numbers, Swine",2026,Loss and Residual,(1000 HEAD),7473.0
"Animal Numbers, Swine",2026,Production,(1000 HEAD),732000.0
"Animal Numbers, Swine",2026,Sow Beginning Stocks,(1000 HEAD),39610.0
"Animal Numbers, Swine",2026,Sow Slaughter,(1000 HEAD),0.0
"Animal Numbers, Swine",2026,Total Distribution,(1000 HEAD),1161678.0
"Animal Numbers, Swine",2026,Total Slaughter,(1000 HEAD),723000.0
"Animal Numbers, Swine",2026,Total Supply,(1000 HEAD),1161678.0
"Meat, Beef and Veal",1975,Beginning Stocks,(1000 MT CWE),0.0
"Meat, Beef and Veal",1975,Domestic Consumption,(1000 MT CWE),298.0
"Meat, Beef and Veal",1975,Ending Stocks,(1000 MT CWE),0.0
"Meat, Beef and Veal",1975,Exports,(1000 MT CWE),0.0
"Meat, Beef and Veal",1975,Imports,(1000 MT CWE),0.0
"Meat, Beef and Veal",1975,Production,(1000 MT CWE),298.0
"Meat, Beef and Veal",1975,Total Distribution,(1000 MT CWE),298.0
"Meat, Beef and Veal",1975,Total Supply,(1000 MT CWE),298.0
"Meat, Beef and Veal",1976,Beginning Stocks,(1000 MT CWE),0.0
"Meat, Beef and Veal",1976,Domestic Consumption,(1000 MT CWE),324.0
"Meat, Beef and Veal",1976,Ending Stocks,(1000 MT CWE),0.0
"Meat, Beef and Veal",1976,Exports,(1000 MT CWE),0.0
"Meat, Beef and Veal",1976,Imports,(1000 MT CWE),0.0
"Meat, Beef and Veal",1976,Production,(1000 MT CWE),324.0
"Meat, Beef and Veal",1976,Total Distribution,(1000 MT CWE),324.0
"Meat, Beef and Veal",1976,Total Supply,(1000 MT CWE),324.0
"Meat, Beef and Veal",1977,Beginning Stocks,(1000 MT CWE),0.0
"Meat, Beef and Veal",1977,Domestic Consumption,(1000 MT CWE),315.0
"Meat, Beef and Veal",1977,Ending Stocks,(1000 MT CWE),0.0
"Meat, Beef and Veal",1977,Exports,(1000 MT CWE),0.0
"Meat, Beef and Veal",1977,Imports,(1000 MT CWE),0.0
"Meat, Beef and Veal",1977,Production,(1000 MT CWE),315.0
"Meat, Beef and Veal",1977,Total Distribution,(1000 MT CWE),315.0
"Meat, Beef and Veal",1977,Total Supply,(1000 MT CWE),315.0
"Meat, Beef and Veal",1978,Beginning Stocks,(1000 MT CWE),0.0
"Meat, Beef and Veal",1978,Domestic Consumption,(1000 MT CWE),310.0
"Meat, Beef and Veal",1978,Ending Stocks,(1000 MT CWE),0.0
"Meat, Beef and Veal",1978,Exports,(1000 MT CWE),0.0
"Meat, Beef and Veal",1978,Imports,(1000 MT CWE),0.0
"Meat, Beef and Veal",1978,Production,(1000 MT CWE),310.0
"Meat, Beef and Veal",1978,Total Distribution,(1000 MT CWE),310.0
"Meat, Beef and Veal",1978,Total Supply,(1000 MT CWE),310.0
"Meat, Beef and Veal",1979,Beginning Stocks,(1000 MT CWE),0.0
"Meat, Beef and Veal",1979,Domestic Consumption,(1000 MT CWE),230.0
"Meat, Beef and Veal",1979,Ending Stocks,(1000 MT CWE),0.0
"Meat, Beef and Veal",1979,Exports,(1000 MT CWE),0.0
"Meat, Beef and Veal",1979,Imports,(1000 MT CWE),0.0
"Meat, Beef and Veal",1979,Production,(1000 MT CWE),230.0
"Meat, Beef and Veal",1979,Total Distribution,(1000 MT CWE),230.0
"Meat, Beef and Veal",1979,Total Supply,(1000 MT CWE),230.0
"Meat, Beef and Veal",1980,Beginning Stocks,(1000 MT CWE),0.0
"Meat, Beef and Veal",1980,Domestic Consumption,(1000 MT CWE),269.0
"Meat, Beef and Veal",1980,Ending Stocks,(1000 MT CWE),0.0
"Meat, Beef and Veal",1980,Exports,(1000 MT CWE),0.0
"Meat, Beef and Veal",1980,Imports,(1000 MT CWE),0.0
"Meat, Beef and Veal",1980,Production,(1000 MT CWE),269.0
"Meat, Beef and Veal",1980,Total Distribution,(1000 MT CWE),269.0
"Meat, Beef and Veal",1980,Total Supply,(1000 MT CWE),269.0
"Meat, Beef and Veal",1981,Beginning Stocks,(1000 MT CWE),0.0
"Meat, Beef and Veal",1981,Domestic Consumption,(1000 MT CWE),241.0
"Meat, Beef and Veal",1981,Ending Stocks,(1000 MT CWE),0.0
"Meat, Beef and Veal",1981,Exports,(1000 MT CWE),8.0
"Meat, Beef and Veal",1981,Imports,(1000 MT CWE),0.0
"Meat, Beef and Veal",1981,Production,(1000 MT CWE),249.0
"Meat, Beef and Veal",1981,Total Distribution,(1000 MT CWE),249.0
"Meat, Beef and Veal",1981,Total Supply,(1000 MT CWE),249.0
"Meat, Beef and Veal",1982,Beginning Stocks,(1000 MT CWE),0.0
"Meat, Beef and Veal",1982,Domestic Consumption,(1000 MT CWE),254.0
"Meat, Beef and Veal",1982,Ending Stocks,(1000 MT CWE),0.0
"Meat, Beef and Veal",1982,Exports,(1000 MT CWE),12.0
"Meat, Beef and Veal",1982,Imports,(1000 MT CWE),0.0
"Meat, Beef and Veal",1982,Production,(1000 MT CWE),266.0
"Meat, Beef and Veal",1982,Total Distribution,(1000 MT CWE),266.0
"Meat, Beef and Veal",1982,Total Supply,(1000 MT CWE),266.0
"Meat, Beef and Veal",1983,Beginning Stocks,(1000 MT CWE),0.0
"Meat, Beef and Veal",1983,Domestic Consumption,(1000 MT CWE),299.0
"Meat, Beef and Veal",1983,Ending Stocks,(1000 MT CWE),0.0
"Meat, Beef and Veal",1983,Exports,(1000 MT CWE),16.0
"Meat, Beef and Veal",1983,Imports,(1000 MT CWE),0.0
"Meat, Beef and Veal",1983,Production,(1000 MT CWE),315.0
"Meat, Beef and Veal",1983,Total Distribution,(1000 MT CWE),315.0
"Meat, Beef and Veal",1983,Total Supply,(1000 MT CWE),315.0
"Meat, Beef and Veal",1984,Beginning Stocks,(1000 MT CWE),0.0
"Meat, Beef and Veal",1984,Domestic Consumption,(1000 MT CWE),358.0
"Meat, Beef and Veal",1984,Ending Stocks,(1000 MT CWE),0.0
"Meat, Beef and Veal",1984,Exports,(1000 MT CWE),15.0
"Meat, Beef and Veal",1984,Imports,(1000 MT CWE),0.0
"Meat, Beef and Veal",1984,Production,(1000 MT CWE),373.0
"Meat, Beef and Veal",1984,Total Distribution,(1000 MT CWE),373.0
"Meat, Beef and Veal",1984,Total Supply,(1000 MT CWE),373.0
"Meat, Beef and Veal",1985,Beginning Stocks,(1000 MT CWE),0.0
"Meat, Beef and Veal",1985,Domestic Consumption,(1000 MT CWE),452.0
"Meat, Beef and Veal",1985,Ending Stocks,(1000 MT CWE),0.0
"Meat, Beef and Veal",1985,Exports,(1000 MT CWE),15.0
"Meat, Beef and Veal",1985,Imports,(1000 MT CWE),0.0
"Meat, Beef and Veal",1985,Production,(1000 MT CWE),467.0
"Meat, Beef and Veal",1985,Total Distribution,(1000 MT CWE),467.0
"Meat, Beef and Veal",1985,Total Supply,(1000 MT CWE),467.0
"Meat, Beef and Veal",1986,Beginning Stocks,(1000 MT CWE),0.0
"Meat, Beef and Veal",1986,Domestic Consumption,(1000 MT CWE),563.0
"Meat, Beef and Veal",1986,Ending Stocks,(1000 MT CWE),0.0
"Meat, Beef and Veal",1986,Exports,(1000 MT CWE),26.0
"Meat, Beef and Veal",1986,Imports,(1000 MT CWE),0.0
"Meat, Beef and Veal",1986,Production,(1000 MT CWE),589.0
"Meat, Beef and Veal",1986,Total Distribution,(1000 MT CWE),589.0
"Meat, Beef and Veal",1986,Total Supply,(1000 MT CWE),589.0
"Meat, Beef and Veal",1987,Beginning Stocks,(1000 MT CWE),0.0
"Meat, Beef and Veal",1987,Domestic Consumption,(1000 MT CWE),759.0
"Meat, Beef and Veal",1987,Ending Stocks,(1000 MT CWE),0.0
"Meat, Beef and Veal",1987,Exports,(1000 MT CWE),34.0
"Meat, Beef and Veal",1987,Imports,(1000 MT CWE),0.0
"Meat, Beef and Veal",1987,Production,(1000 MT CWE),793.0
"Meat, Beef and Veal",1987,Total Distribution,(1000 MT CWE),793.0
"Meat, Beef and Veal",1987,Total Supply,(1000 MT CWE),793.0
"Meat, Beef and Veal",1988,Beginning Stocks,(1000 MT CWE),0.0
"Meat, Beef and Veal",1988,Domestic Consumption,(1000 MT CWE),904.0
"Meat, Beef and Veal",1988,Ending Stocks,(1000 MT CWE),0.0
"Meat, Beef and Veal",1988,Exports,(1000 MT CWE),54.0
"Meat, Beef and Veal",1988,Imports,(1000 MT CWE),0.0
"Meat, Beef and Veal",1988,Production,(1000 MT CWE),958.0
"Meat, Beef and Veal",1988,Total Distribution,(1000 MT CWE),958.0
"Meat, Beef and Veal",1988,Total Supply,(1000 MT CWE),958.0
"Meat, Beef and Veal",1989,Beginning Stocks,(1000 MT CWE),0.0
"Meat, Beef and Veal",1989,Domestic Consumption,(1000 MT CWE),1015.0
"Meat, Beef and Veal",1989,Ending Stocks,(1000 MT CWE),0.0
"Meat, Beef and Veal",1989,Exports,(1000 MT CWE),57.0
"Meat, Beef and Veal",1989,Imports,(1000 MT CWE),0.0
"Meat, Beef and Veal",1989,Production,(1000 MT CWE),1072.0
"Meat, Beef and Veal",1989,Total Distribution,(1000 MT CWE),1072.0
"Meat, Beef and Veal",1989,Total Supply,(1000 MT CWE),1072.0
"Meat, Beef and Veal",1990,Beginning Stocks,(1000 MT CWE),0.0
"Meat, Beef and Veal",1990,Domestic Consumption,(1000 MT CWE),1101.0
"Meat, Beef and Veal",1990,Ending Stocks,(1000 MT CWE),0.0
"Meat, Beef and Veal",1990,Exports,(1000 MT CWE),155.0
"Meat, Beef and Veal",1990,Imports,(1000 MT CWE),0.0
"Meat, Beef and Veal",1990,Production,(1000 MT CWE),1256.0
"Meat, Beef and Veal",1990,Total Distribution,(1000 MT CWE),1256.0
"Meat, Beef and Veal",1990,Total Supply,(1000 MT CWE),1256.0
"Meat, Beef and Veal",1991,Beginning Stocks,(1000 MT CWE),0.0
"Meat, Beef and Veal",1991,Domestic Consumption,(1000 MT CWE),1313.0
"Meat, Beef and Veal",1991,Ending Stocks,(1000 MT CWE),0.0
"Meat, Beef and Veal",1991,Exports,(1000 MT CWE),222.0
"Meat, Beef and Veal",1991,Imports,(1000 MT CWE),0.0
"Meat, Beef and Veal",1991,Production,(1000 MT CWE),1535.0
"Meat, Beef and Veal",1991,Total Distribution,(1000 MT CWE),1535.0
"Meat, Beef and Veal",1991,Total Supply,(1000 MT CWE),1535.0
"Meat, Beef and Veal",1992,Beginning Stocks,(1000 MT CWE),0.0
"Meat, Beef and Veal",1992,Domestic Consumption,(1000 MT CWE),1729.0
"Meat, Beef and Veal",1992,Ending Stocks,(1000 MT CWE),0.0
"Meat, Beef and Veal",1992,Exports,(1000 MT CWE),75.0
"Meat, Beef and Veal",1992,Imports,(1000 MT CWE),1.0
"Meat, Beef and Veal",1992,Production,(1000 MT CWE),1803.0
"Meat, Beef and Veal",1992,Total Distribution,(1000 MT CWE),1804.0
"Meat, Beef and Veal",1992,Total Supply,(1000 MT CWE),1804.0
"Meat, Beef and Veal",1993,Beginning Stocks,(1000 MT CWE),0.0
"Meat, Beef and Veal",1993,Domestic Consumption,(1000 MT CWE),2184.0
"Meat, Beef and Veal",1993,Ending Stocks,(1000 MT CWE),0.0
"Meat, Beef and Veal",1993,Exports,(1000 MT CWE),155.0
"Meat, Beef and Veal",1993,Imports,(1000 MT CWE),2.0
"Meat, Beef and Veal",1993,Production,(1000 MT CWE),2337.0
"Meat, Beef and Veal",1993,Total Distribution,(1000 MT CWE),2339.0
"Meat, Beef and Veal",1993,Total Supply,(1000 MT CWE),2339.0
"Meat, Beef and Veal",1994,Beginning Stocks,(1000 MT CWE),0.0
"Meat, Beef and Veal",1994,Domestic Consumption,(1000 MT CWE),3036.0
"Meat, Beef and Veal",1994,Ending Stocks,(1000 MT CWE),0.0
"Meat, Beef and Veal",1994,Exports,(1000 MT CWE),238.0
"Meat, Beef and Veal",1994,Imports,(1000 MT CWE),4.0
"Meat, Beef and Veal",1994,Production,(1000 MT CWE),3270.0
"Meat, Beef and Veal",1994,Total Distribution,(1000 MT CWE),3274.0
"Meat, Beef and Veal",1994,Total Supply,(1000 MT CWE),3274.0
"Meat, Beef and Veal",1995,Beginning Stocks,(1000 MT CWE),0.0
"Meat, Beef and Veal",1995,Domestic Consumption,(1000 MT CWE),4051.0
"Meat, Beef and Veal",1995,Ending Stocks,(1000 MT CWE),0.0
"Meat, Beef and Veal",1995,Exports,(1000 MT CWE),107.0
"Meat, Beef and Veal",1995,Imports,(1000 MT CWE),4.0
"Meat, Beef and Veal",1995,Production,(1000 MT CWE),4154.0
"Meat, Beef and Veal",1995,Total Distribution,(1000 MT CWE),4158.0
"Meat, Beef and Veal",1995,Total Supply,(1000 MT CWE),4158.0
"Meat, Beef and Veal",1996,Beginning Stocks,(1000 MT CWE),0.0
"Meat, Beef and Veal",1996,Domestic Consumption,(1000 MT CWE),3457.0
"Meat, Beef and Veal",1996,Ending Stocks,(1000 MT CWE),0.0
"Meat, Beef and Veal",1996,Exports,(1000 MT CWE),105.0
"Meat, Beef and Veal",1996,Imports,(1000 MT CWE),5.0
"Meat, Beef and Veal",1996,Production,(1000 MT CWE),3557.0
"Meat, Beef and Veal",1996,Total Distribution,(1000 MT CWE),3562.0
"Meat, Beef and Veal",1996,Total Supply,(1000 MT CWE),3562.0
"Meat, Beef and Veal",1997,Beginning Stocks,(1000 MT CWE),0.0
"Meat, Beef and Veal",1997,Domestic Consumption,(1000 MT CWE),4323.0
"Meat, Beef and Veal",1997,Ending Stocks,(1000 MT CWE),0.0
"Meat, Beef and Veal",1997,Exports,(1000 MT CWE),90.0
"Meat, Beef and Veal",1997,Imports,(1000 MT CWE),4.0
"Meat, Beef and Veal",1997,Production,(1000 MT CWE),4409.0
"Meat, Beef and Veal",1997,Total Distribution,(1000 MT CWE),4413.0
"Meat, Beef and Veal",1997,Total Supply,(1000 MT CWE),4413.0
"Meat, Beef and Veal",1998,Beginning Stocks,(1000 MT CWE),0.0
"Meat, Beef and Veal",1998,Domestic Consumption,(1000 MT CWE),4727.0
"Meat, Beef and Veal",1998,Ending Stocks,(1000 MT CWE),0.0
"Meat, Beef and Veal",1998,Exports,(1000 MT CWE),84.0
"Meat, Beef and Veal",1998,Imports,(1000 MT CWE),12.0
"Meat, Beef and Veal",1998,Production,(1000 MT CWE),4799.0
"Meat, Beef and Veal",1998,Total Distribution,(1000 MT CWE),4811.0
"Meat, Beef and Veal",1998,Total Supply,(1000 MT CWE),4811.0
"Meat, Beef and Veal",1999,Beginning Stocks,(1000 MT CWE),0.0
"Meat, Beef and Veal",1999,Domestic Consumption,(1000 MT CWE),5017.0
"Meat, Beef and Veal",1999,Ending Stocks,(1000 MT CWE),0.0
"Meat, Beef and Veal",1999,Exports,(1000 MT CWE),50.0
"Meat, Beef and Veal",1999,Imports,(1000 MT CWE),13.0
"Meat, Beef and Veal",1999,Production,(1000 MT CWE),5054.0
"Meat, Beef and Veal",1999,Total Distribution,(1000 MT CWE),5067.0
"Meat, Beef and Veal",1999,Total Supply,(1000 MT CWE),5067.0
"Meat, Beef and Veal",2000,Beginning Stocks,(1000 MT CWE),0.0
"Meat, Beef and Veal",2000,Domestic Consumption,(1000 MT CWE),5100.0
"Meat, Beef and Veal",2000,Ending Stocks,(1000 MT CWE),0.0
"Meat, Beef and Veal",2000,Exports,(1000 MT CWE),47.0
"Meat, Beef and Veal",2000,Imports,(1000 MT CWE),16.0
"Meat, Beef and Veal",2000,Production,(1000 MT CWE),5131.0
"Meat, Beef and Veal",2000,Total Distribution,(1000 MT CWE),5147.0
"Meat, Beef and Veal",2000,Total Supply,(1000 MT CWE),5147.0
"Meat, Beef and Veal",2001,Beginning Stocks,(1000 MT CWE),0.0
"Meat, Beef and Veal",2001,Domestic Consumption,(1000 MT CWE),5052.0
"Meat, Beef and Veal",2001,Ending Stocks,(1000 MT CWE),0.0
"Meat, Beef and Veal",2001,Exports,(1000 MT CWE),53.0
"Meat, Beef and Veal",2001,Imports,(1000 MT CWE),19.0
"Meat, Beef and Veal",2001,Production,(1000 MT CWE),5086.0
"Meat, Beef and Veal",2001,Total Distribution,(1000 MT CWE),5105.0
"Meat, Beef and Veal",2001,Total Supply,(1000 MT CWE),5105.0
"Meat, Beef and Veal",2002,Beginning Stocks,(1000 MT CWE),0.0
"Meat, Beef and Veal",2002,Domestic Consumption,(1000 MT CWE),5214.0
"Meat, Beef and Veal",2002,Ending Stocks,(1000 MT CWE),0.0
"Meat, Beef and Veal",2002,Exports,(1000 MT CWE),37.0
"Meat, Beef and Veal",2002,Imports,(1000 MT CWE),32.0
"Meat, Beef and Veal",2002,Production,(1000 MT CWE),5219.0
"Meat, Beef and Veal",2002,Total Distribution,(1000 MT CWE),5251.0
"Meat, Beef and Veal",2002,Total Supply,(1000 MT CWE),5251.0
"Meat, Beef and Veal",2003,Beginning Stocks,(1000 MT CWE),0.0
"Meat, Beef and Veal",2003,Domestic Consumption,(1000 MT CWE),5415.0
"Meat, Beef and Veal",2003,Ending Stocks,(1000 MT CWE),0.0
"Meat, Beef and Veal",2003,Exports,(1000 MT CWE),36.0
"Meat, Beef and Veal",2003,Imports,(1000 MT CWE),26.0
"Meat, Beef and Veal",2003,Production,(1000 MT CWE),5425.0
"Meat, Beef and Veal",2003,Total Distribution,(1000 MT CWE),5451.0
"Meat, Beef and Veal",2003,Total Supply,(1000 MT CWE),5451.0
"Meat, Beef and Veal",2004,Beginning Stocks,(1000 MT CWE),0.0
"Meat, Beef and Veal",2004,Domestic Consumption,(1000 MT CWE),5566.0
"Meat, Beef and Veal",2004,Ending Stocks,(1000 MT CWE),0.0
"Meat, Beef and Veal",2004,Exports,(1000 MT CWE),52.0
"Meat, Beef and Veal",2004,Imports,(1000 MT CWE),14.0
"Meat, Beef and Veal",2004,Production,(1000 MT CWE),5604.0
"Meat, Beef and Veal",2004,Total Distribution,(1000 MT CWE),5618.0
"Meat, Beef and Veal",2004,Total Supply,(1000 MT CWE),5618.0
"Meat, Beef and Veal",2005,Beginning Stocks,(1000 MT CWE),0.0
"Meat, Beef and Veal",2005,Domestic Consumption,(1000 MT CWE),5595.0
"Meat, Beef and Veal",2005,Ending Stocks,(1000 MT CWE),0.0
"Meat, Beef and Veal",2005,Exports,(1000 MT CWE),89.0
"Meat, Beef and Veal",2005,Imports,(1000 MT CWE),3.0
"Meat, Beef and Veal",2005,Production,(1000 MT CWE),5681.0
"Meat, Beef and Veal",2005,Total Distribution,(1000 MT CWE),5684.0
"Meat, Beef and Veal",2005,Total Supply,(1000 MT CWE),5684.0
"Meat, Beef and Veal",2006,Beginning Stocks,(1000 MT CWE),0.0
"Meat, Beef and Veal",2006,Domestic Consumption,(1000 MT CWE),5672.0
"Meat, Beef and Veal",2006,Ending Stocks,(1000 MT CWE),0.0
"Meat, Beef and Veal",2006,Exports,(1000 MT CWE),97.0
"Meat, Beef and Veal",2006,Imports,(1000 MT CWE),2.0
"Meat, Beef and Veal",2006,Production,(1000 MT CWE),5767.0
"Meat, Beef and Veal",2006,Total Distribution,(1000 MT CWE),5769.0
"Meat, Beef and Veal",2006,Total Supply,(1000 MT CWE),5769.0
"Meat, Beef and Veal",2007,Beginning Stocks,(1000 MT CWE),0.0
"Meat, Beef and Veal",2007,Domestic Consumption,(1000 MT CWE),6178.0
"Meat, Beef and Veal",2007,Ending Stocks,(1000 MT CWE),0.0
"Meat, Beef and Veal",2007,Exports,(1000 MT CWE),92.0
"Meat, Beef and Veal",2007,Imports,(1000 MT CWE),8.0
"Meat, Beef and Veal",2007,Production,(1000 MT CWE),6262.0
"Meat, Beef and Veal",2007,Total Distribution,(1000 MT CWE),6270.0
"Meat, Beef and Veal",2007,Total Supply,(1000 MT CWE),6270.0
"Meat, Beef and Veal",2008,Beginning Stocks,(1000 MT CWE),0.0
"Meat, Beef and Veal",2008,Domestic Consumption,(1000 MT CWE),6119.0
"Meat, Beef and Veal",2008,Ending Stocks,(1000 MT CWE),0.0
"Meat, Beef and Veal",2008,Exports,(1000 MT CWE),65.0
"Meat, Beef and Veal",2008,Imports,(1000 MT CWE),7.0
"Meat, Beef and Veal",2008,Production,(1000 MT CWE),6177.0
"Meat, Beef and Veal",2008,Total Distribution,(1000 MT CWE),6184.0
"Meat, Beef and Veal",2008,Total Supply,(1000 MT CWE),6184.0
"Meat, Beef and Veal",2009,Beginning Stocks,(1000 MT CWE),0.0
"Meat, Beef and Veal",2009,Domestic Consumption,(1000 MT CWE),6241.0
"Meat, Beef and Veal",2009,Ending Stocks,(1000 MT CWE),0.0
"Meat, Beef and Veal",2009,Exports,(1000 MT CWE),43.0
"Meat, Beef and Veal",2009,Imports,(1000 MT CWE),22.0
"Meat, Beef and Veal",2009,Production,(1000 MT CWE),6262.0
"Meat, Beef and Veal",2009,Total Distribution,(1000 MT CWE),6284.0
"Meat, Beef and Veal",2009,Total Supply,(1000 MT CWE),6284.0
"Meat, Beef and Veal",2010,Beginning Stocks,(1000 MT CWE),0.0
"Meat, Beef and Veal",2010,Domestic Consumption,(1000 MT CWE),6274.0
"Meat, Beef and Veal",2010,Ending Stocks,(1000 MT CWE),0.0
"Meat, Beef and Veal",2010,Exports,(1000 MT CWE),55.0
"Meat, Beef and Veal",2010,Imports,(1000 MT CWE),38.0
"Meat, Beef and Veal",2010,Production,(1000 MT CWE),6291.0
"Meat, Beef and Veal",2010,Total Distribution,(1000 MT CWE),6329.0
"Meat, Beef and Veal",2010,Total Supply,(1000 MT CWE),6329.0
"Meat, Beef and Veal",2011,Beginning Stocks,(1000 MT CWE),0.0
"Meat, Beef and Veal",2011,Domestic Consumption,(1000 MT CWE),6073.0
"Meat, Beef and Veal",2011,Ending Stocks,(1000 MT CWE),0.0
"Meat, Beef and Veal",2011,Exports,(1000 MT CWE),61.0
"Meat, Beef and Veal",2011,Imports,(1000 MT CWE),27.0
"Meat, Beef and Veal",2011,Production,(1000 MT CWE),6107.0
"Meat, Beef and Veal",2011,Total Distribution,(1000 MT CWE),6134.0
"Meat, Beef and Veal",2011,Total Supply,(1000 MT CWE),6134.0
"Meat, Beef and Veal",2012,Beginning Stocks,(1000 MT CWE),0.0
"Meat, Beef and Veal",2012,Domestic Consumption,(1000 MT CWE),6190.0
"Meat, Beef and Veal",2012,Ending Stocks,(1000 MT CWE),0.0
"Meat, Beef and Veal",2012,Exports,(1000 MT CWE),49.0
"Meat, Beef and Veal",2012,Imports,(1000 MT CWE),92.0
"Meat, Beef and Veal",2012,Production,(1000 MT CWE),6147.0
"Meat, Beef and Veal",2012,Total Distribution,(1000 MT CWE),6239.0
"Meat, Beef and Veal",2012,Total Supply,(1000 MT CWE),6239.0
"Meat, Beef and Veal",2013,Beginning Stocks,(1000 MT CWE),0.0
"Meat, Beef and Veal",2013,Domestic Consumption,(1000 MT CWE),6473.0
"Meat, Beef and Veal",2013,Ending Stocks,(1000 MT CWE),0.0
"Meat, Beef and Veal",2013,Exports,(1000 MT CWE),36.0
"Meat, Beef and Veal",2013,Imports,(1000 MT CWE),378.0
"Meat, Beef and Veal",2013,Production,(1000 MT CWE),6131.0
"Meat, Beef and Veal",2013,Total Distribution,(1000 MT CWE),6509.0
"Meat, Beef and Veal",2013,Total Supply,(1000 MT CWE),6509.0
"Meat, Beef and Veal",2014,Beginning Stocks,(1000 MT CWE),0.0
"Meat, Beef and Veal",2014,Domestic Consumption,(1000 MT CWE),6491.0
"Meat, Beef and Veal",2014,Ending Stocks,(1000 MT CWE),0.0
"Meat, Beef and Veal",2014,Exports,(1000 MT CWE),36.0
"Meat, Beef and Veal",2014,Imports,(1000 MT CWE),370.0
"Meat, Beef and Veal",2014,Production,(1000 MT CWE),6157.0
"Meat, Beef and Veal",2014,Total Distribution,(1000 MT CWE),6527.0
"Meat, Beef and Veal",2014,Total Supply,(1000 MT CWE),6527.0
"Meat, Beef and Veal",2015,Beginning Stocks,(1000 MT CWE),0.0
"Meat, Beef and Veal",2015,Domestic Consumption,(1000 MT CWE),6754.0
"Meat, Beef and Veal",2015,Ending Stocks,(1000 MT CWE),0.0
"Meat, Beef and Veal",2015,Exports,(1000 MT CWE),28.0
"Meat, Beef and Veal",2015,Imports,(1000 MT CWE),613.0
"Meat, Beef and Veal",2015,Production,(1000 MT CWE),6169.0
"Meat, Beef and Veal",2015,Total Distribution,(1000 MT CWE),6782.0
"Meat, Beef and Veal",2015,Total Supply,(1000 MT CWE),6782.0
"Meat, Beef and Veal",2016,Beginning Stocks,(1000 MT CWE),0.0
"Meat, Beef and Veal",2016,Domestic Consumption,(1000 MT CWE),6873.0
"Meat, Beef and Veal",2016,Ending Stocks,(1000 MT CWE),30.0
"Meat, Beef and Veal",2016,Exports,(1000 MT CWE),27.0
"Meat, Beef and Veal",2016,Imports,(1000 MT CWE),761.0
"Meat, Beef and Veal",2016,Production,(1000 MT CWE),6169.0
"Meat, Beef and Veal",2016,Total Distribution,(1000 MT CWE),6930.0
"Meat, Beef and Veal",2016,Total Supply,(1000 MT CWE),6930.0
"Meat, Beef and Veal",2017,Beginning Stocks,(1000 MT CWE),30.0
"Meat, Beef and Veal",2017,Domestic Consumption,(1000 MT CWE),7237.0
"Meat, Beef and Veal",2017,Ending Stocks,(1000 MT CWE),20.0
"Meat, Beef and Veal",2017,Exports,(1000 MT CWE),21.0
"Meat, Beef and Veal",2017,Imports,(1000 MT CWE),902.0
"Meat, Beef and Veal",2017,Production,(1000 MT CWE),6346.0
"Meat, Beef and Veal",2017,Total Distribution,(1000 MT CWE),7278.0
"Meat, Beef and Veal",2017,Total Supply,(1000 MT CWE),7278.0
"Meat, Beef and Veal",2018,Beginning Stocks,(1000 MT CWE),20.0
"Meat, Beef and Veal",2018,Domestic Consumption,(1000 MT CWE),7808.0
"Meat, Beef and Veal",2018,Ending Stocks,(1000 MT CWE),0.0
"Meat, Beef and Veal",2018,Exports,(1000 MT CWE),21.0
"Meat, Beef and Veal",2018,Imports,(1000 MT CWE),1369.0
"Meat, Beef and Veal",2018,Production,(1000 MT CWE),6440.0
"Meat, Beef and Veal",2018,Total Distribution,(1000 MT CWE),7829.0
"Meat, Beef and Veal",2018,Total Supply,(1000 MT CWE),7829.0
"Meat, Beef and Veal",2019,Beginning Stocks,(1000 MT CWE),0.0
"Meat, Beef and Veal",2019,Domestic Consumption,(1000 MT CWE),8826.0
"Meat, Beef and Veal",2019,Ending Stocks,(1000 MT CWE),0.0
"Meat, Beef and Veal",2019,Exports,(1000 MT CWE),21.0
"Meat, Beef and Veal",2019,Imports,(1000 MT CWE),2177.0
"Meat, Beef and Veal",2019,Production,(1000 MT CWE),6670.0
"Meat, Beef and Veal",2019,Total Distribution,(1000 MT CWE),8847.0
"Meat, Beef and Veal",2019,Total Supply,(1000 MT CWE),8847.0
"Meat, Beef and Veal",2020,Beginning Stocks,(1000 MT CWE),0.0
"Meat, Beef and Veal",2020,Domestic Consumption,(1000 MT CWE),9485.0
"Meat, Beef and Veal",2020,Ending Stocks,(1000 MT CWE),0.0
"Meat, Beef and Veal",2020,Exports,(1000 MT CWE),16.0
"Meat, Beef and Veal",2020,Imports,(1000 MT CWE),2781.0
"Meat, Beef and Veal",2020,Production,(1000 MT CWE),6720.0
"Meat, Beef and Veal",2020,Total Distribution,(1000 MT CWE),9501.0
"Meat, Beef and Veal",2020,Total Supply,(1000 MT CWE),9501.0
"Meat, Beef and Veal",2021,Beginning Stocks,(1000 MT CWE),0.0
"Meat, Beef and Veal",2021,Domestic Consumption,(1000 MT CWE),9987.0
"Meat, Beef and Veal",2021,Ending Stocks,(1000 MT CWE),0.0
"Meat, Beef and Veal",2021,Exports,(1000 MT CWE),17.0
"Meat, Beef and Veal",2021,Imports,(1000 MT CWE),3024.0
"Meat, Beef and Veal",2021,Production,(1000 MT CWE),6980.0
"Meat, Beef and Veal",2021,Total Distribution,(1000 MT CWE),10004.0
"Meat, Beef and Veal",2021,Total Supply,(1000 MT CWE),10004.0
"Meat, Beef and Veal",2022,Beginning Stocks,(1000 MT CWE),0.0
"Meat, Beef and Veal",2022,Domestic Consumption,(1000 MT CWE),10661.0
"Meat, Beef and Veal",2022,Ending Stocks,(1000 MT CWE),0.0
"Meat, Beef and Veal",2022,Exports,(1000 MT CWE),20.0
"Meat, Beef and Veal",2022,Imports,(1000 MT CWE),3501.0
"Meat, Beef and Veal",2022,Production,(1000 MT CWE),7180.0
"Meat, Beef and Veal",2022,Total Distribution,(1000 MT CWE),10681.0
"Meat, Beef and Veal",2022,Total Supply,(1000 MT CWE),10681.0
"Meat, Beef and Veal",2023,Beginning Stocks,(1000 MT CWE),0.0
"Meat, Beef and Veal",2023,Domestic Consumption,(1000 MT CWE),11089.0
"Meat, Beef and Veal",2023,Ending Stocks,(1000 MT CWE),0.0
"Meat, Beef and Veal",2023,Exports,(1000 MT CWE),18.0
"Meat, Beef and Veal",2023,Imports,(1000 MT CWE),3577.0
"Meat, Beef and Veal",2023,Production,(1000 MT CWE),7530.0
"Meat, Beef and Veal",2023,Total Distribution,(1000 MT CWE),11107.0
"Meat, Beef and Veal",2023,Total Supply,(1000 MT CWE),11107.0
"Meat, Beef and Veal",2024,Beginning Stocks,(1000 MT CWE),0.0
"Meat, Beef and Veal",2024,Domestic Consumption,(1000 MT CWE),11515.0
"Meat, Beef and Veal",2024,Ending Stocks,(1000 MT CWE),0.0
"Meat, Beef and Veal",2024,Exports,(1000 MT CWE),18.0
"Meat, Beef and Veal",2024,Imports,(1000 MT CWE),3743.0
"Meat, Beef and Veal",2024,Production,(1000 MT CWE),7790.0
"Meat, Beef and Veal",2024,Total Distribution,(1000 MT CWE),11533.0
"Meat, Beef and Veal",2024,Total Supply,(1000 MT CWE),11533.0
"Meat, Beef and Veal",2025,Beginning Stocks,(1000 MT CWE),0.0
"Meat, Beef and Veal",2025,Domestic Consumption,(1000 MT CWE),11644.0
"Meat, Beef and Veal",2025,Ending Stocks,(1000 MT CWE),0.0
"Meat, Beef and Veal",2025,Exports,(1000 MT CWE),24.0
"Meat, Beef and Veal",2025,Imports,(1000 MT CWE),3658.0
"Meat, Beef and Veal",2025,Production,(1000 MT CWE),8010.0
"Meat, Beef and Veal",2025,Total Distribution,(1000 MT CWE),11668.0
"Meat, Beef and Veal",2025,Total Supply,(1000 MT CWE),11668.0
"Meat, Beef and Veal",2026,Beginning Stocks,(1000 MT CWE),0.0
"Meat, Beef and Veal",2026,Domestic Consumption,(1000 MT CWE),10775.0
"Meat, Beef and Veal",2026,Ending Stocks,(1000 MT CWE),0.0
"Meat, Beef and Veal",2026,Exports,(1000 MT CWE),25.0
"Meat, Beef and Veal",2026,Imports,(1000 MT CWE),3200.0
"Meat, Beef and Veal",2026,Production,(1000 MT CWE),7600.0
"Meat, Beef and Veal",2026,Total Distribution,(1000 MT CWE),10800.0
"Meat, Beef and Veal",2026,Total Supply,(1000 MT CWE),10800.0
"Meat, Chicken",1999,Beginning Stocks,(1000 MT),0.0
"Meat, Chicken",1999,Domestic Consumption,(1000 MT),8833.0
"Meat, Chicken",1999,Ending Stocks,(1000 MT),0.0
"Meat, Chicken",1999,Exports,(1000 MT),375.0
"Meat, Chicken",1999,Imports,(1000 MT),555.0
"Meat, Chicken",1999,Production,(1000 MT),8653.0
"Meat, Chicken",1999,Total Distribution,(1000 MT),9208.0
"Meat, Chicken",1999,Total Supply,(1000 MT),9208.0
"Meat, Chicken",1999,Total Use,(1000 MT),9208.0
"Meat, Chicken",2000,Beginning Stocks,(1000 MT),0.0
"Meat, Chicken",2000,Domestic Consumption,(1000 MT),9504.0
"Meat, Chicken",2000,Ending Stocks,(1000 MT),0.0
"Meat, Chicken",2000,Exports,(1000 MT),464.0
"Meat, Chicken",2000,Imports,(1000 MT),588.0
"Meat, Chicken",2000,Production,(1000 MT),9380.0
"Meat, Chicken",2000,Total Distribution,(1000 MT),9968.0
"Meat, Chicken",2000,Total Supply,(1000 MT),9968.0
"Meat, Chicken",2000,Total Use,(1000 MT),9968.0
"Meat, Chicken",2001,Beginning Stocks,(1000 MT),0.0
"Meat, Chicken",2001,Domestic Consumption,(1000 MT),9348.0
"Meat, Chicken",2001,Ending Stocks,(1000 MT),0.0
"Meat, Chicken",2001,Exports,(1000 MT),489.0
"Meat, Chicken",2001,Imports,(1000 MT),448.0
"Meat, Chicken",2001,Production,(1000 MT),9389.0
"Meat, Chicken",2001,Total Distribution,(1000 MT),9837.0
"Meat, Chicken",2001,Total Supply,(1000 MT),9837.0
"Meat, Chicken",2001,Total Use,(1000 MT),9837.0
"Meat, Chicken",2002,Beginning Stocks,(1000 MT),0.0
"Meat, Chicken",2002,Domestic Consumption,(1000 MT),9671.0
"Meat, Chicken",2002,Ending Stocks,(1000 MT),0.0
"Meat, Chicken",2002,Exports,(1000 MT),438.0
"Meat, Chicken",2002,Imports,(1000 MT),436.0
"Meat, Chicken",2002,Production,(1000 MT),9673.0
"Meat, Chicken",2002,Total Distribution,(1000 MT),10109.0
"Meat, Chicken",2002,Total Supply,(1000 MT),10109.0
"Meat, Chicken",2002,Total Use,(1000 MT),10109.0
"Meat, Chicken",2003,Beginning Stocks,(1000 MT),0.0
"Meat, Chicken",2003,Domestic Consumption,(1000 MT),10082.0
"Meat, Chicken",2003,Ending Stocks,(1000 MT),0.0
"Meat, Chicken",2003,Exports,(1000 MT),388.0
"Meat, Chicken",2003,Imports,(1000 MT),453.0
"Meat, Chicken",2003,Production,(1000 MT),10017.0
"Meat, Chicken",2003,Total Distribution,(1000 MT),10470.0
"Meat, Chicken",2003,Total Supply,(1000 MT),10470.0
"Meat, Chicken",2003,Total Use,(1000 MT),10470.0
"Meat, Chicken",2004,Beginning Stocks,(1000 MT),0.0
"Meat, Chicken",2004,Domestic Consumption,(1000 MT),10051.0
"Meat, Chicken",2004,Ending Stocks,(1000 MT),0.0
"Meat, Chicken",2004,Exports,(1000 MT),241.0
"Meat, Chicken",2004,Imports,(1000 MT),174.0
"Meat, Chicken",2004,Production,(1000 MT),10118.0
"Meat, Chicken",2004,Total Distribution,(1000 MT),10292.0
"Meat, Chicken",2004,Total Supply,(1000 MT),10292.0
"Meat, Chicken",2004,Total Use,(1000 MT),10292.0
"Meat, Chicken",2005,Beginning Stocks,(1000 MT),0.0
"Meat, Chicken",2005,Domestic Consumption,(1000 MT),10209.0
"Meat, Chicken",2005,Ending Stocks,(1000 MT),0.0
"Meat, Chicken",2005,Exports,(1000 MT),332.0
"Meat, Chicken",2005,Imports,(1000 MT),219.0
"Meat, Chicken",2005,Production,(1000 MT),10322.0
"Meat, Chicken",2005,Total Distribution,(1000 MT),10541.0
"Meat, Chicken",2005,Total Supply,(1000 MT),10541.0
"Meat, Chicken",2005,Total Use,(1000 MT),10541.0
"Meat, Chicken",2006,Beginning Stocks,(1000 MT),0.0
"Meat, Chicken",2006,Domestic Consumption,(1000 MT),10495.0
"Meat, Chicken",2006,Ending Stocks,(1000 MT),0.0
"Meat, Chicken",2006,Exports,(1000 MT),322.0
"Meat, Chicken",2006,Imports,(1000 MT),343.0
"Meat, Chicken",2006,Production,(1000 MT),10474.0
"Meat, Chicken",2006,Total Distribution,(1000 MT),10817.0
"Meat, Chicken",2006,Total Supply,(1000 MT),10817.0
"Meat, Chicken",2006,Total Use,(1000 MT),10817.0
"Meat, Chicken",2007,Beginning Stocks,(1000 MT),0.0
"Meat, Chicken",2007,Domestic Consumption,(1000 MT),11550.0
"Meat, Chicken",2007,Ending Stocks,(1000 MT),0.0
"Meat, Chicken",2007,Exports,(1000 MT),358.0
"Meat, Chicken",2007,Imports,(1000 MT),482.0
"Meat, Chicken",2007,Production,(1000 MT),11426.0
"Meat, Chicken",2007,Total Distribution,(1000 MT),11908.0
"Meat, Chicken",2007,Total Supply,(1000 MT),11908.0
"Meat, Chicken",2007,Total Use,(1000 MT),11908.0
"Meat, Chicken",2008,Beginning Stocks,(1000 MT),0.0
"Meat, Chicken",2008,Domestic Consumption,(1000 MT),12096.0
"Meat, Chicken",2008,Ending Stocks,(1000 MT),0.0
"Meat, Chicken",2008,Exports,(1000 MT),285.0
"Meat, Chicken",2008,Imports,(1000 MT),399.0
"Meat, Chicken",2008,Production,(1000 MT),11982.0
"Meat, Chicken",2008,Total Distribution,(1000 MT),12381.0
"Meat, Chicken",2008,Total Supply,(1000 MT),12381.0
"Meat, Chicken",2008,Total Use,(1000 MT),12381.0
"Meat, Chicken",2009,Beginning Stocks,(1000 MT),0.0
"Meat, Chicken",2009,Domestic Consumption,(1000 MT),12355.0
"Meat, Chicken",2009,Ending Stocks,(1000 MT),0.0
"Meat, Chicken",2009,Exports,(1000 MT),291.0
"Meat, Chicken",2009,Imports,(1000 MT),401.0
"Meat, Chicken",2009,Production,(1000 MT),12245.0
"Meat, Chicken",2009,Total Distribution,(1000 MT),12646.0
"Meat, Chicken",2009,Total Supply,(1000 MT),12646.0
"Meat, Chicken",2009,Total Use,(1000 MT),12646.0
"Meat, Chicken",2010,Beginning Stocks,(1000 MT),0.0
"Meat, Chicken",2010,Domestic Consumption,(1000 MT),12608.0
"Meat, Chicken",2010,Ending Stocks,(1000 MT),0.0
"Meat, Chicken",2010,Exports,(1000 MT),379.0
"Meat, Chicken",2010,Imports,(1000 MT),286.0
"Meat, Chicken",2010,Production,(1000 MT),12701.0
"Meat, Chicken",2010,Total Distribution,(1000 MT),12987.0
"Meat, Chicken",2010,Total Supply,(1000 MT),12987.0
"Meat, Chicken",2010,Total Use,(1000 MT),12987.0
"Meat, Chicken",2011,Beginning Stocks,(1000 MT),0.0
"Meat, Chicken",2011,Domestic Consumption,(1000 MT),13174.0
"Meat, Chicken",2011,Ending Stocks,(1000 MT),0.0
"Meat, Chicken",2011,Exports,(1000 MT),422.0
"Meat, Chicken",2011,Imports,(1000 MT),238.0
"Meat, Chicken",2011,Production,(1000 MT),13358.0
"Meat, Chicken",2011,Total Distribution,(1000 MT),13596.0
"Meat, Chicken",2011,Total Supply,(1000 MT),13596.0
"Meat, Chicken",2011,Total Use,(1000 MT),13596.0
"Meat, Chicken",2012,Beginning Stocks,(1000 MT),0.0
"Meat, Chicken",2012,Domestic Consumption,(1000 MT),13707.0
"Meat, Chicken",2012,Ending Stocks,(1000 MT),0.0
"Meat, Chicken",2012,Exports,(1000 MT),411.0
"Meat, Chicken",2012,Imports,(1000 MT),254.0
"Meat, Chicken",2012,Production,(1000 MT),13864.0
"Meat, Chicken",2012,Total Distribution,(1000 MT),14118.0
"Meat, Chicken",2012,Total Supply,(1000 MT),14118.0
"Meat, Chicken",2012,Total Use,(1000 MT),14118.0
"Meat, Chicken",2013,Beginning Stocks,(1000 MT),0.0
"Meat, Chicken",2013,Domestic Consumption,(1000 MT),13334.0
"Meat, Chicken",2013,Ending Stocks,(1000 MT),0.0
"Meat, Chicken",2013,Exports,(1000 MT),420.0
"Meat, Chicken",2013,Imports,(1000 MT),244.0
"Meat, Chicken",2013,Production,(1000 MT),13510.0
"Meat, Chicken",2013,Total Distribution,(1000 MT),13754.0
"Meat, Chicken",2013,Total Supply,(1000 MT),13754.0
"Meat, Chicken",2013,Total Use,(1000 MT),13754.0
"Meat, Chicken",2014,Beginning Stocks,(1000 MT),0.0
"Meat, Chicken",2014,Domestic Consumption,(1000 MT),12986.0
"Meat, Chicken",2014,Ending Stocks,(1000 MT),0.0
"Meat, Chicken",2014,Exports,(1000 MT),430.0
"Meat, Chicken",2014,Imports,(1000 MT),260.0
"Meat, Chicken",2014,Production,(1000 MT),13156.0
"Meat, Chicken",2014,Total Distribution,(1000 MT),13416.0
"Meat, Chicken",2014,Total Supply,(1000 MT),13416.0
"Meat, Chicken",2014,Total Use,(1000 MT),13416.0
"Meat, Chicken",2015,Beginning Stocks,(1000 MT),0.0
"Meat, Chicken",2015,Domestic Consumption,(1000 MT),13428.0
"Meat, Chicken",2015,Ending Stocks,(1000 MT),0.0
"Meat, Chicken",2015,Exports,(1000 MT),401.0
"Meat, Chicken",2015,Imports,(1000 MT),268.0
"Meat, Chicken",2015,Production,(1000 MT),13561.0
"Meat, Chicken",2015,Total Distribution,(1000 MT),13829.0
"Meat, Chicken",2015,Total Supply,(1000 MT),13829.0
"Meat, Chicken",2015,Total Use,(1000 MT),13829.0
"Meat, Chicken",2016,Beginning Stocks,(1000 MT),0.0
"Meat, Chicken",2016,Domestic Consumption,(1000 MT),12492.0
"Meat, Chicken",2016,Ending Stocks,(1000 MT),0.0
"Meat, Chicken",2016,Exports,(1000 MT),386.0
"Meat, Chicken",2016,Imports,(1000 MT),430.0
"Meat, Chicken",2016,Production,(1000 MT),12448.0
"Meat, Chicken",2016,Total Distribution,(1000 MT),12878.0
"Meat, Chicken",2016,Total Supply,(1000 MT),12878.0
"Meat, Chicken",2016,Total Use,(1000 MT),12878.0
"Meat, Chicken",2017,Beginning Stocks,(1000 MT),0.0
"Meat, Chicken",2017,Domestic Consumption,(1000 MT),11475.0
"Meat, Chicken",2017,Ending Stocks,(1000 MT),0.0
"Meat, Chicken",2017,Exports,(1000 MT),436.0
"Meat, Chicken",2017,Imports,(1000 MT),311.0
"Meat, Chicken",2017,Production,(1000 MT),11600.0
"Meat, Chicken",2017,Total Distribution,(1000 MT),11911.0
"Meat, Chicken",2017,Total Supply,(1000 MT),11911.0
"Meat, Chicken",2017,Total Use,(1000 MT),11911.0
"Meat, Chicken",2018,Beginning Stocks,(1000 MT),0.0
"Meat, Chicken",2018,Domestic Consumption,(1000 MT),11595.0
"Meat, Chicken",2018,Ending Stocks,(1000 MT),0.0
"Meat, Chicken",2018,Exports,(1000 MT),447.0
"Meat, Chicken",2018,Imports,(1000 MT),342.0
"Meat, Chicken",2018,Production,(1000 MT),11700.0
"Meat, Chicken",2018,Total Distribution,(1000 MT),12042.0
"Meat, Chicken",2018,Total Supply,(1000 MT),12042.0
"Meat, Chicken",2018,Total Use,(1000 MT),12042.0
"Meat, Chicken",2019,Beginning Stocks,(1000 MT),0.0
"Meat, Chicken",2019,Domestic Consumption,(1000 MT),13952.0
"Meat, Chicken",2019,Ending Stocks,(1000 MT),0.0
"Meat, Chicken",2019,Exports,(1000 MT),428.0
"Meat, Chicken",2019,Imports,(1000 MT),580.0
"Meat, Chicken",2019,Production,(1000 MT),13800.0
"Meat, Chicken",2019,Total Distribution,(1000 MT),14380.0
"Meat, Chicken",2019,Total Supply,(1000 MT),14380.0
"Meat, Chicken",2019,Total Use,(1000 MT),14380.0
"Meat, Chicken",2020,Beginning Stocks,(1000 MT),0.0
"Meat, Chicken",2020,Domestic Consumption,(1000 MT),15211.0
"Meat, Chicken",2020,Ending Stocks,(1000 MT),0.0
"Meat, Chicken",2020,Exports,(1000 MT),388.0
"Meat, Chicken",2020,Imports,(1000 MT),999.0
"Meat, Chicken",2020,Production,(1000 MT),14600.0
"Meat, Chicken",2020,Total Distribution,(1000 MT),15599.0
"Meat, Chicken",2020,Total Supply,(1000 MT),15599.0
"Meat, Chicken",2020,Total Use,(1000 MT),15599.0
"Meat, Chicken",2021,Beginning Stocks,(1000 MT),0.0
"Meat, Chicken",2021,Domestic Consumption,(1000 MT),15031.0
"Meat, Chicken",2021,Ending Stocks,(1000 MT),0.0
"Meat, Chicken",2021,Exports,(1000 MT),457.0
"Meat, Chicken",2021,Imports,(1000 MT),788.0
"Meat, Chicken",2021,Production,(1000 MT),14700.0
"Meat, Chicken",2021,Total Distribution,(1000 MT),15488.0
"Meat, Chicken",2021,Total Supply,(1000 MT),15488.0
"Meat, Chicken",2021,Total Use,(1000 MT),15488.0
"Meat, Chicken",2022,Beginning Stocks,(1000 MT),0.0
"Meat, Chicken",2022,Domestic Consumption,(1000 MT),14401.0
"Meat, Chicken",2022,Ending Stocks,(1000 MT),0.0
"Meat, Chicken",2022,Exports,(1000 MT),532.0
"Meat, Chicken",2022,Imports,(1000 MT),633.0
"Meat, Chicken",2022,Production,(1000 MT),14300.0
"Meat, Chicken",2022,Total Distribution,(1000 MT),14933.0
"Meat, Chicken",2022,Total Supply,(1000 MT),14933.0
"Meat, Chicken",2022,Total Use,(1000 MT),14933.0
"Meat, Chicken",2023,Beginning Stocks,(1000 MT),0.0
"Meat, Chicken",2023,Domestic Consumption,(1000 MT),15002.0
"Meat, Chicken",2023,Ending Stocks,(1000 MT),0.0
"Meat, Chicken",2023,Exports,(1000 MT),554.0
"Meat, Chicken",2023,Imports,(1000 MT),756.0
"Meat, Chicken",2023,Production,(1000 MT),14800.0
"Meat, Chicken",2023,Total Distribution,(1000 MT),15556.0
"Meat, Chicken",2023,Total Supply,(1000 MT),15556.0
"Meat, Chicken",2023,Total Use,(1000 MT),15556.0
"Meat, Chicken",2024,Beginning Stocks,(1000 MT),0.0
"Meat, Chicken",2024,Domestic Consumption,(1000 MT),15057.0
"Meat, Chicken",2024,Ending Stocks,(1000 MT),0.0
"Meat, Chicken",2024,Exports,(1000 MT),770.0
"Meat, Chicken",2024,Imports,(1000 MT),477.0
"Meat, Chicken",2024,Production,(1000 MT),15350.0
"Meat, Chicken",2024,Total Distribution,(1000 MT),15827.0
"Meat, Chicken",2024,Total Supply,(1000 MT),15827.0
"Meat, Chicken",2024,Total Use,(1000 MT),15827.0
"Meat, Chicken",2025,Beginning Stocks,(1000 MT),0.0
"Meat, Chicken",2025,Domestic Consumption,(1000 MT),15712.0
"Meat, Chicken",2025,Ending Stocks,(1000 MT),0.0
"Meat, Chicken",2025,Exports,(1000 MT),1085.0
"Meat, Chicken",2025,Imports,(1000 MT),297.0
"Meat, Chicken",2025,Production,(1000 MT),16500.0
"Meat, Chicken",2025,Total Distribution,(1000 MT),16797.0
"Meat, Chicken",2025,Total Supply,(1000 MT),16797.0
"Meat, Chicken",2025,Total Use,(1000 MT),16797.0
"Meat, Chicken",2026,Beginning Stocks,(1000 MT),0.0
"Meat, Chicken",2026,Domestic Consumption,(1000 MT),16150.0
"Meat, Chicken",2026,Ending Stocks,(1000 MT),0.0
"Meat, Chicken",2026,Exports,(1000 MT),1400.0
"Meat, Chicken",2026,Imports,(1000 MT),250.0
"Meat, Chicken",2026,Production,(1000 MT),17300.0
"Meat, Chicken",2026,Total Distribution,(1000 MT),17550.0
"Meat, Chicken",2026,Total Supply,(1000 MT),17550.0
"Meat, Chicken",2026,Total Use,(1000 MT),17550.0
"Meat, Swine",1975,Beginning Stocks,(1000 MT CWE),0.0
"Meat, Swine",1975,Domestic Consumption,(1000 MT CWE),7000.0
"Meat, Swine",1975,Ending Stocks,(1000 MT CWE),0.0
"Meat, Swine",1975,Exports,(1000 MT CWE),94.0
"Meat, Swine",1975,Imports,(1000 MT CWE),0.0
"Meat, Swine",1975,Production,(1000 MT CWE),7094.0
"Meat, Swine",1975,Total Distribution,(1000 MT CWE),7094.0
"Meat, Swine",1975,Total Supply,(1000 MT CWE),7094.0
"Meat, Swine",1976,Beginning Stocks,(1000 MT CWE),0.0
"Meat, Swine",1976,Domestic Consumption,(1000 MT CWE),7028.0
"Meat, Swine",1976,Ending Stocks,(1000 MT CWE),0.0
"Meat, Swine",1976,Exports,(1000 MT CWE),94.0
"Meat, Swine",1976,Imports,(1000 MT CWE),0.0
"Meat, Swine",1976,Production,(1000 MT CWE),7122.0
"Meat, Swine",1976,Total Distribution,(1000 MT CWE),7122.0
"Meat, Swine",1976,Total Supply,(1000 MT CWE),7122.0
"Meat, Swine",1977,Beginning Stocks,(1000 MT CWE),0.0
"Meat, Swine",1977,Domestic Consumption,(1000 MT CWE),7069.0
"Meat, Swine",1977,Ending Stocks,(1000 MT CWE),0.0
"Meat, Swine",1977,Exports,(1000 MT CWE),68.0
"Meat, Swine",1977,Imports,(1000 MT CWE),0.0
"Meat, Swine",1977,Production,(1000 MT CWE),7137.0
"Meat, Swine",1977,Total Distribution,(1000 MT CWE),7137.0
"Meat, Swine",1977,Total Supply,(1000 MT CWE),7137.0
"Meat, Swine",1978,Beginning Stocks,(1000 MT CWE),0.0
"Meat, Swine",1978,Domestic Consumption,(1000 MT CWE),7788.0
"Meat, Swine",1978,Ending Stocks,(1000 MT CWE),0.0
"Meat, Swine",1978,Exports,(1000 MT CWE),102.0
"Meat, Swine",1978,Imports,(1000 MT CWE),0.0
"Meat, Swine",1978,Production,(1000 MT CWE),7890.0
"Meat, Swine",1978,Total Distribution,(1000 MT CWE),7890.0
"Meat, Swine",1978,Total Supply,(1000 MT CWE),7890.0
"Meat, Swine",1979,Beginning Stocks,(1000 MT CWE),0.0
"Meat, Swine",1979,Domestic Consumption,(1000 MT CWE),9891.0
"Meat, Swine",1979,Ending Stocks,(1000 MT CWE),0.0
"Meat, Swine",1979,Exports,(1000 MT CWE),119.0
"Meat, Swine",1979,Imports,(1000 MT CWE),0.0
"Meat, Swine",1979,Production,(1000 MT CWE),10010.0
"Meat, Swine",1979,Total Distribution,(1000 MT CWE),10010.0
"Meat, Swine",1979,Total Supply,(1000 MT CWE),10010.0
"Meat, Swine",1980,Beginning Stocks,(1000 MT CWE),0.0
"Meat, Swine",1980,Domestic Consumption,(1000 MT CWE),11181.0
"Meat, Swine",1980,Ending Stocks,(1000 MT CWE),0.0
"Meat, Swine",1980,Exports,(1000 MT CWE),160.0
"Meat, Swine",1980,Imports,(1000 MT CWE),0.0
"Meat, Swine",1980,Production,(1000 MT CWE),11341.0
"Meat, Swine",1980,Total Distribution,(1000 MT CWE),11341.0
"Meat, Swine",1980,Total Supply,(1000 MT CWE),11341.0
"Meat, Swine",1981,Beginning Stocks,(1000 MT CWE),0.0
"Meat, Swine",1981,Domestic Consumption,(1000 MT CWE),11718.0
"Meat, Swine",1981,Ending Stocks,(1000 MT CWE),0.0
"Meat, Swine",1981,Exports,(1000 MT CWE),166.0
"Meat, Swine",1981,Imports,(1000 MT CWE),0.0
"Meat, Swine",1981,Production,(1000 MT CWE),11884.0
"Meat, Swine",1981,Total Distribution,(1000 MT CWE),11884.0
"Meat, Swine",1981,Total Supply,(1000 MT CWE),11884.0
"Meat, Swine",1982,Beginning Stocks,(1000 MT CWE),0.0
"Meat, Swine",1982,Domestic Consumption,(1000 MT CWE),12488.0
"Meat, Swine",1982,Ending Stocks,(1000 MT CWE),0.0
"Meat, Swine",1982,Exports,(1000 MT CWE),230.0
"Meat, Swine",1982,Imports,(1000 MT CWE),0.0
"Meat, Swine",1982,Production,(1000 MT CWE),12718.0
"Meat, Swine",1982,Total Distribution,(1000 MT CWE),12718.0
"Meat, Swine",1982,Total Supply,(1000 MT CWE),12718.0
"Meat, Swine",1983,Beginning Stocks,(1000 MT CWE),0.0
"Meat, Swine",1983,Domestic Consumption,(1000 MT CWE),12913.0
"Meat, Swine",1983,Ending Stocks,(1000 MT CWE),0.0
"Meat, Swine",1983,Exports,(1000 MT CWE),248.0
"Meat, Swine",1983,Imports,(1000 MT CWE),0.0
"Meat, Swine",1983,Production,(1000 MT CWE),13161.0
"Meat, Swine",1983,Total Distribution,(1000 MT CWE),13161.0
"Meat, Swine",1983,Total Supply,(1000 MT CWE),13161.0
"Meat, Swine",1984,Beginning Stocks,(1000 MT CWE),0.0
"Meat, Swine",1984,Domestic Consumption,(1000 MT CWE),14174.0
"Meat, Swine",1984,Ending Stocks,(1000 MT CWE),0.0
"Meat, Swine",1984,Exports,(1000 MT CWE),273.0
"Meat, Swine",1984,Imports,(1000 MT CWE),0.0
"Meat, Swine",1984,Production,(1000 MT CWE),14447.0
"Meat, Swine",1984,Total Distribution,(1000 MT CWE),14447.0
"Meat, Swine",1984,Total Supply,(1000 MT CWE),14447.0
"Meat, Swine",1985,Beginning Stocks,(1000 MT CWE),0.0
"Meat, Swine",1985,Domestic Consumption,(1000 MT CWE),16284.0
"Meat, Swine",1985,Ending Stocks,(1000 MT CWE),0.0
"Meat, Swine",1985,Exports,(1000 MT CWE),263.0
"Meat, Swine",1985,Imports,(1000 MT CWE),0.0
"Meat, Swine",1985,Production,(1000 MT CWE),16547.0
"Meat, Swine",1985,Total Distribution,(1000 MT CWE),16547.0
"Meat, Swine",1985,Total Supply,(1000 MT CWE),16547.0
"Meat, Swine",1986,Beginning Stocks,(1000 MT CWE),0.0
"Meat, Swine",1986,Domestic Consumption,(1000 MT CWE),17767.0
"Meat, Swine",1986,Ending Stocks,(1000 MT CWE),0.0
"Meat, Swine",1986,Exports,(1000 MT CWE),193.0
"Meat, Swine",1986,Imports,(1000 MT CWE),0.0
"Meat, Swine",1986,Production,(1000 MT CWE),17960.0
"Meat, Swine",1986,Total Distribution,(1000 MT CWE),17960.0
"Meat, Swine",1986,Total Supply,(1000 MT CWE),17960.0
"Meat, Swine",1987,Beginning Stocks,(1000 MT CWE),0.0
"Meat, Swine",1987,Domestic Consumption,(1000 MT CWE),18149.0
"Meat, Swine",1987,Ending Stocks,(1000 MT CWE),0.0
"Meat, Swine",1987,Exports,(1000 MT CWE),200.0
"Meat, Swine",1987,Imports,(1000 MT CWE),0.0
"Meat, Swine",1987,Production,(1000 MT CWE),18349.0
"Meat, Swine",1987,Total Distribution,(1000 MT CWE),18349.0
"Meat, Swine",1987,Total Supply,(1000 MT CWE),18349.0
"Meat, Swine",1988,Beginning Stocks,(1000 MT CWE),0.0
"Meat, Swine",1988,Domestic Consumption,(1000 MT CWE),20006.0
"Meat, Swine",1988,Ending Stocks,(1000 MT CWE),0.0
"Meat, Swine",1988,Exports,(1000 MT CWE),170.0
"Meat, Swine",1988,Imports,(1000 MT CWE),0.0
"Meat, Swine",1988,Production,(1000 MT CWE),20176.0
"Meat, Swine",1988,Total Distribution,(1000 MT CWE),20176.0
"Meat, Swine",1988,Total Supply,(1000 MT CWE),20176.0
"Meat, Swine",1989,Beginning Stocks,(1000 MT CWE),0.0
"Meat, Swine",1989,Domestic Consumption,(1000 MT CWE),21025.0
"Meat, Swine",1989,Ending Stocks,(1000 MT CWE),0.0
"Meat, Swine",1989,Exports,(1000 MT CWE),203.0
"Meat, Swine",1989,Imports,(1000 MT CWE),0.0
"Meat, Swine",1989,Production,(1000 MT CWE),21228.0
"Meat, Swine",1989,Total Distribution,(1000 MT CWE),21228.0
"Meat, Swine",1989,Total Supply,(1000 MT CWE),21228.0
"Meat, Swine",1990,Beginning Stocks,(1000 MT CWE),0.0
"Meat, Swine",1990,Domestic Consumption,(1000 MT CWE),22573.0
"Meat, Swine",1990,Ending Stocks,(1000 MT CWE),0.0
"Meat, Swine",1990,Exports,(1000 MT CWE),235.0
"Meat, Swine",1990,Imports,(1000 MT CWE),0.0
"Meat, Swine",1990,Production,(1000 MT CWE),22808.0
"Meat, Swine",1990,Total Distribution,(1000 MT CWE),22808.0
"Meat, Swine",1990,Total Supply,(1000 MT CWE),22808.0
"Meat, Swine",1991,Beginning Stocks,(1000 MT CWE),0.0
"Meat, Swine",1991,Domestic Consumption,(1000 MT CWE),24255.0
"Meat, Swine",1991,Ending Stocks,(1000 MT CWE),0.0
"Meat, Swine",1991,Exports,(1000 MT CWE),268.0
"Meat, Swine",1991,Imports,(1000 MT CWE),0.0
"Meat, Swine",1991,Production,(1000 MT CWE),24523.0
"Meat, Swine",1991,Total Distribution,(1000 MT CWE),24523.0
"Meat, Swine",1991,Total Supply,(1000 MT CWE),24523.0
"Meat, Swine",1992,Beginning Stocks,(1000 MT CWE),0.0
"Meat, Swine",1992,Domestic Consumption,(1000 MT CWE),26236.0
"Meat, Swine",1992,Ending Stocks,(1000 MT CWE),0.0
"Meat, Swine",1992,Exports,(1000 MT CWE),117.0
"Meat, Swine",1992,Imports,(1000 MT CWE),0.0
"Meat, Swine",1992,Production,(1000 MT CWE),26353.0
"Meat, Swine",1992,Total Distribution,(1000 MT CWE),26353.0
"Meat, Swine",1992,Total Supply,(1000 MT CWE),26353.0
"Meat, Swine",1993,Beginning Stocks,(1000 MT CWE),0.0
"Meat, Swine",1993,Domestic Consumption,(1000 MT CWE),28394.0
"Meat, Swine",1993,Ending Stocks,(1000 MT CWE),0.0
"Meat, Swine",1993,Exports,(1000 MT CWE),150.0
"Meat, Swine",1993,Imports,(1000 MT CWE),0.0
"Meat, Swine",1993,Production,(1000 MT CWE),28544.0
"Meat, Swine",1993,Total Distribution,(1000 MT CWE),28544.0
"Meat, Swine",1993,Total Supply,(1000 MT CWE),28544.0
"Meat, Swine",1994,Beginning Stocks,(1000 MT CWE),0.0
"Meat, Swine",1994,Domestic Consumption,(1000 MT CWE),31867.0
"Meat, Swine",1994,Ending Stocks,(1000 MT CWE),0.0
"Meat, Swine",1994,Exports,(1000 MT CWE),181.0
"Meat, Swine",1994,Imports,(1000 MT CWE),0.0
"Meat, Swine",1994,Production,(1000 MT CWE),32048.0
"Meat, Swine",1994,Total Distribution,(1000 MT CWE),32048.0
"Meat, Swine",1994,Total Supply,(1000 MT CWE),32048.0
"Meat, Swine",1995,Beginning Stocks,(1000 MT CWE),0.0
"Meat, Swine",1995,Domestic Consumption,(1000 MT CWE),36382.0
"Meat, Swine",1995,Ending Stocks,(1000 MT CWE),0.0
"Meat, Swine",1995,Exports,(1000 MT CWE),105.0
"Meat, Swine",1995,Imports,(1000 MT CWE),3.0
"Meat, Swine",1995,Production,(1000 MT CWE),36484.0
"Meat, Swine",1995,Total Distribution,(1000 MT CWE),36487.0
"Meat, Swine",1995,Total Supply,(1000 MT CWE),36487.0
"Meat, Swine",1996,Beginning Stocks,(1000 MT CWE),0.0
"Meat, Swine",1996,Domestic Consumption,(1000 MT CWE),31447.0
"Meat, Swine",1996,Ending Stocks,(1000 MT CWE),0.0
"Meat, Swine",1996,Exports,(1000 MT CWE),135.0
"Meat, Swine",1996,Imports,(1000 MT CWE),2.0
"Meat, Swine",1996,Production,(1000 MT CWE),31580.0
"Meat, Swine",1996,Total Distribution,(1000 MT CWE),31582.0
"Meat, Swine",1996,Total Supply,(1000 MT CWE),31582.0
"Meat, Swine",1997,Beginning Stocks,(1000 MT CWE),0.0
"Meat, Swine",1997,Domestic Consumption,(1000 MT CWE),35776.0
"Meat, Swine",1997,Ending Stocks,(1000 MT CWE),0.0
"Meat, Swine",1997,Exports,(1000 MT CWE),201.0
"Meat, Swine",1997,Imports,(1000 MT CWE),14.0
"Meat, Swine",1997,Production,(1000 MT CWE),35963.0
"Meat, Swine",1997,Total Distribution,(1000 MT CWE),35977.0
"Meat, Swine",1997,Total Supply,(1000 MT CWE),35977.0
"Meat, Swine",1998,Beginning Stocks,(1000 MT CWE),0.0
"Meat, Swine",1998,Domestic Consumption,(1000 MT CWE),38694.0
"Meat, Swine",1998,Ending Stocks,(1000 MT CWE),0.0
"Meat, Swine",1998,Exports,(1000 MT CWE),203.0
"Meat, Swine",1998,Imports,(1000 MT CWE),60.0
"Meat, Swine",1998,Production,(1000 MT CWE),38837.0
"Meat, Swine",1998,Total Distribution,(1000 MT CWE),38897.0
"Meat, Swine",1998,Total Supply,(1000 MT CWE),38897.0
"Meat, Swine",1999,Beginning Stocks,(1000 MT CWE),0.0
"Meat, Swine",1999,Domestic Consumption,(1000 MT CWE),39970.0
"Meat, Swine",1999,Ending Stocks,(1000 MT CWE),0.0
"Meat, Swine",1999,Exports,(1000 MT CWE),143.0
"Meat, Swine",1999,Imports,(1000 MT CWE),57.0
"Meat, Swine",1999,Production,(1000 MT CWE),40056.0
"Meat, Swine",1999,Total Distribution,(1000 MT CWE),40113.0
"Meat, Swine",1999,Total Supply,(1000 MT CWE),40113.0
"Meat, Swine",2000,Annual % Change Per Cap. Cons.,(PERCENT),0.0
"Meat, Swine",2000,Beginning Stocks,(1000 MT CWE),0.0
"Meat, Swine",2000,Domestic Consumption,(1000 MT CWE),39581.0
"Meat, Swine",2000,Ending Stocks,(1000 MT CWE),0.0
"Meat, Swine",2000,Exports,(1000 MT CWE),144.0
"Meat, Swine",2000,Imports,(1000 MT CWE),65.0
"Meat, Swine",2000,Production,(1000 MT CWE),39660.0
"Meat, Swine",2000,Total Distribution,(1000 MT CWE),39725.0
"Meat, Swine",2000,Total Supply,(1000 MT CWE),39725.0
"Meat, Swine",2001,Annual % Change Per Cap. Cons.,(PERCENT),1.4
"Meat, Swine",2001,Beginning Stocks,(1000 MT CWE),0.0
"Meat, Swine",2001,Domestic Consumption,(1000 MT CWE),40370.0
"Meat, Swine",2001,Ending Stocks,(1000 MT CWE),0.0
"Meat, Swine",2001,Exports,(1000 MT CWE),223.0
"Meat, Swine",2001,Imports,(1000 MT CWE),76.0
"Meat, Swine",2001,Production,(1000 MT CWE),40517.0
"Meat, Swine",2001,Total Distribution,(1000 MT CWE),40593.0
"Meat, Swine",2001,Total Supply,(1000 MT CWE),40593.0
"Meat, Swine",2002,Annual % Change Per Cap. Cons.,(PERCENT),1.1
"Meat, Swine",2002,Beginning Stocks,(1000 MT CWE),0.0
"Meat, Swine",2002,Domestic Consumption,(1000 MT CWE),41015.0
"Meat, Swine",2002,Ending Stocks,(1000 MT CWE),0.0
"Meat, Swine",2002,Exports,(1000 MT CWE),307.0
"Meat, Swine",2002,Imports,(1000 MT CWE),91.0
"Meat, Swine",2002,Production,(1000 MT CWE),41231.0
"Meat, Swine",2002,Total Distribution,(1000 MT CWE),41322.0
"Meat, Swine",2002,Total Supply,(1000 MT CWE),41322.0
"Meat, Swine",2003,Annual % Change Per Cap. Cons.,(PERCENT),2.2
"Meat, Swine",2003,Beginning Stocks,(1000 MT CWE),0.0
"Meat, Swine",2003,Domestic Consumption,(1000 MT CWE),42113.0
"Meat, Swine",2003,Ending Stocks,(1000 MT CWE),0.0
"Meat, Swine",2003,Exports,(1000 MT CWE),397.0
"Meat, Swine",2003,Imports,(1000 MT CWE),124.0
"Meat, Swine",2003,Production,(1000 MT CWE),42386.0
"Meat, Swine",2003,Total Distribution,(1000 MT CWE),42510.0
"Meat, Swine",2003,Total Supply,(1000 MT CWE),42510.0
"Meat, Swine",2004,Annual % Change Per Cap. Cons.,(PERCENT),1.6
"Meat, Swine",2004,Beginning Stocks,(1000 MT CWE),0.0
"Meat, Swine",2004,Domestic Consumption,(1000 MT CWE),43010.0
"Meat, Swine",2004,Ending Stocks,(1000 MT CWE),0.0
"Meat, Swine",2004,Exports,(1000 MT CWE),537.0
"Meat, Swine",2004,Imports,(1000 MT CWE),137.0
"Meat, Swine",2004,Production,(1000 MT CWE),43410.0
"Meat, Swine",2004,Total Distribution,(1000 MT CWE),43547.0
"Meat, Swine",2004,Total Supply,(1000 MT CWE),43547.0
"Meat, Swine",2005,Annual % Change Per Cap. Cons.,(PERCENT),4.3
"Meat, Swine",2005,Beginning Stocks,(1000 MT CWE),0.0
"Meat, Swine",2005,Domestic Consumption,(1000 MT CWE),45100.0
"Meat, Swine",2005,Ending Stocks,(1000 MT CWE),0.0
"Meat, Swine",2005,Exports,(1000 MT CWE),496.0
"Meat, Swine",2005,Imports,(1000 MT CWE),43.0
"Meat, Swine",2005,Production,(1000 MT CWE),45553.0
"Meat, Swine",2005,Total Distribution,(1000 MT CWE),45596.0
"Meat, Swine",2005,Total Supply,(1000 MT CWE),45596.0
"Meat, Swine",2006,Annual % Change Per Cap. Cons.,(PERCENT),1.5
"Meat, Swine",2006,Beginning Stocks,(1000 MT CWE),0.0
"Meat, Swine",2006,Domestic Consumption,(1000 MT CWE),46017.0
"Meat, Swine",2006,Ending Stocks,(1000 MT CWE),0.0
"Meat, Swine",2006,Exports,(1000 MT CWE),538.0
"Meat, Swine",2006,Imports,(1000 MT CWE),50.0
"Meat, Swine",2006,Production,(1000 MT CWE),46505.0
"Meat, Swine",2006,Total Distribution,(1000 MT CWE),46555.0
"Meat, Swine",2006,Total Supply,(1000 MT CWE),46555.0
"Meat, Swine",2007,Annual % Change Per Cap. Cons.,(PERCENT),-7.3
"Meat, Swine",2007,Beginning Stocks,(1000 MT CWE),0.0
"Meat, Swine",2007,Domestic Consumption,(1000 MT CWE),42903.0
"Meat, Swine",2007,Ending Stocks,(1000 MT CWE),0.0
"Meat, Swine",2007,Exports,(1000 MT CWE),346.0
"Meat, Swine",2007,Imports,(1000 MT CWE),169.0
"Meat, Swine",2007,Production,(1000 MT CWE),43080.0
"Meat, Swine",2007,Total Distribution,(1000 MT CWE),43249.0
"Meat, Swine",2007,Total Supply,(1000 MT CWE),43249.0
"Meat, Swine",2008,Annual % Change Per Cap. Cons.,(PERCENT),9.6
"Meat, Swine",2008,Beginning Stocks,(1000 MT CWE),0.0
"Meat, Swine",2008,Domestic Consumption,(1000 MT CWE),47273.0
"Meat, Swine",2008,Ending Stocks,(1000 MT CWE),0.0
"Meat, Swine",2008,Exports,(1000 MT CWE),221.0
"Meat, Swine",2008,Imports,(1000 MT CWE),674.0
"Meat, Swine",2008,Production,(1000 MT CWE),46820.0
"Meat, Swine",2008,Total Distribution,(1000 MT CWE),47494.0
"Meat, Swine",2008,Total Supply,(1000 MT CWE),47494.0
"Meat, Swine",2009,Annual % Change Per Cap. Cons.,(PERCENT),3.9
"Meat, Swine",2009,Beginning Stocks,(1000 MT CWE),0.0
"Meat, Swine",2009,Domestic Consumption,(1000 MT CWE),49365.0
"Meat, Swine",2009,Ending Stocks,(1000 MT CWE),0.0
"Meat, Swine",2009,Exports,(1000 MT CWE),229.0
"Meat, Swine",2009,Imports,(1000 MT CWE),266.0
"Meat, Swine",2009,Production,(1000 MT CWE),49328.0
"Meat, Swine",2009,Total Distribution,(1000 MT CWE),49594.0
"Meat, Swine",2009,Total Supply,(1000 MT CWE),49594.0
"Meat, Swine",2010,Annual % Change Per Cap. Cons.,(PERCENT),3.9
"Meat, Swine",2010,Beginning Stocks,(1000 MT CWE),0.0
"Meat, Swine",2010,Domestic Consumption,(1000 MT CWE),51515.0
"Meat, Swine",2010,Ending Stocks,(1000 MT CWE),0.0
"Meat, Swine",2010,Exports,(1000 MT CWE),275.0
"Meat, Swine",2010,Imports,(1000 MT CWE),406.0
"Meat, Swine",2010,Production,(1000 MT CWE),51384.0
"Meat, Swine",2010,Total Distribution,(1000 MT CWE),51790.0
"Meat, Swine",2010,Total Supply,(1000 MT CWE),51790.0
"Meat, Swine",2011,Annual % Change Per Cap. Cons.,(PERCENT),0.1
"Meat, Swine",2011,Beginning Stocks,(1000 MT CWE),0.0
"Meat, Swine",2011,Domestic Consumption,(1000 MT CWE),51785.0
"Meat, Swine",2011,Ending Stocks,(1000 MT CWE),0.0
"Meat, Swine",2011,Exports,(1000 MT CWE),241.0
"Meat, Swine",2011,Imports,(1000 MT CWE),710.0
"Meat, Swine",2011,Production,(1000 MT CWE),51316.0
"Meat, Swine",2011,Total Distribution,(1000 MT CWE),52026.0
"Meat, Swine",2011,Total Supply,(1000 MT CWE),52026.0
"Meat, Swine",2012,Annual % Change Per Cap. Cons.,(PERCENT),5.5
"Meat, Swine",2012,Beginning Stocks,(1000 MT CWE),0.0
"Meat, Swine",2012,Domestic Consumption,(1000 MT CWE),54885.0
"Meat, Swine",2012,Ending Stocks,(1000 MT CWE),0.0
"Meat, Swine",2012,Exports,(1000 MT CWE),233.0
"Meat, Swine",2012,Imports,(1000 MT CWE),683.0
"Meat, Swine",2012,Production,(1000 MT CWE),54435.0
"Meat, Swine",2012,Total Distribution,(1000 MT CWE),55118.0
"Meat, Swine",2012,Total Supply,(1000 MT CWE),55118.0
"Meat, Swine",2013,Annual % Change Per Cap. Cons.,(PERCENT),2.8
"Meat, Swine",2013,Beginning Stocks,(1000 MT CWE),0.0
"Meat, Swine",2013,Domestic Consumption,(1000 MT CWE),56668.0
"Meat, Swine",2013,Ending Stocks,(1000 MT CWE),0.0
"Meat, Swine",2013,Exports,(1000 MT CWE),243.0
"Meat, Swine",2013,Imports,(1000 MT CWE),728.0
"Meat, Swine",2013,Production,(1000 MT CWE),56183.0
"Meat, Swine",2013,Total Distribution,(1000 MT CWE),56911.0
"Meat, Swine",2013,Total Supply,(1000 MT CWE),56911.0
"Meat, Swine",2014,Annual % Change Per Cap. Cons.,(PERCENT),3.0
"Meat, Swine",2014,Beginning Stocks,(1000 MT CWE),0.0
"Meat, Swine",2014,Domestic Consumption,(1000 MT CWE),58652.0
"Meat, Swine",2014,Ending Stocks,(1000 MT CWE),0.0
"Meat, Swine",2014,Exports,(1000 MT CWE),276.0
"Meat, Swine",2014,Imports,(1000 MT CWE),720.0
"Meat, Swine",2014,Production,(1000 MT CWE),58208.0
"Meat, Swine",2014,Total Distribution,(1000 MT CWE),58928.0
"Meat, Swine",2014,Total Supply,(1000 MT CWE),58928.0
"Meat, Swine",2015,Annual % Change Per Cap. Cons.,(PERCENT),-2.9
"Meat, Swine",2015,Beginning Stocks,(1000 MT CWE),0.0
"Meat, Swine",2015,Domestic Consumption,(1000 MT CWE),57180.0
"Meat, Swine",2015,Ending Stocks,(1000 MT CWE),0.0
"Meat, Swine",2015,Exports,(1000 MT CWE),229.0
"Meat, Swine",2015,Imports,(1000 MT CWE),955.0
"Meat, Swine",2015,Production,(1000 MT CWE),56454.0
"Meat, Swine",2015,Total Distribution,(1000 MT CWE),57409.0
"Meat, Swine",2015,Total Supply,(1000 MT CWE),57409.0
"Meat, Swine",2016,Annual % Change Per Cap. Cons.,(PERCENT),-2.3
"Meat, Swine",2016,Beginning Stocks,(1000 MT CWE),0.0
"Meat, Swine",2016,Domestic Consumption,(1000 MT CWE),56086.0
"Meat, Swine",2016,Ending Stocks,(1000 MT CWE),0.0
"Meat, Swine",2016,Exports,(1000 MT CWE),190.0
"Meat, Swine",2016,Imports,(1000 MT CWE),2021.0
"Meat, Swine",2016,Production,(1000 MT CWE),54255.0
"Meat, Swine",2016,Total Distribution,(1000 MT CWE),56276.0
"Meat, Swine",2016,Total Supply,(1000 MT CWE),56276.0
"Meat, Swine",2017,Annual % Change Per Cap. Cons.,(PERCENT),-0.9
"Meat, Swine",2017,Beginning Stocks,(1000 MT CWE),0.0
"Meat, Swine",2017,Domestic Consumption,(1000 MT CWE),55812.0
"Meat, Swine",2017,Ending Stocks,(1000 MT CWE),0.0
"Meat, Swine",2017,Exports,(1000 MT CWE),207.0
"Meat, Swine",2017,Imports,(1000 MT CWE),1501.0
"Meat, Swine",2017,Production,(1000 MT CWE),54518.0
"Meat, Swine",2017,Total Distribution,(1000 MT CWE),56019.0
"Meat, Swine",2017,Total Supply,(1000 MT CWE),56019.0
"Meat, Swine",2018,Annual % Change Per Cap. Cons.,(PERCENT),-1.3
"Meat, Swine",2018,Beginning Stocks,(1000 MT CWE),0.0
"Meat, Swine",2018,Domestic Consumption,(1000 MT CWE),55285.0
"Meat, Swine",2018,Ending Stocks,(1000 MT CWE),0.0
"Meat, Swine",2018,Exports,(1000 MT CWE),202.0
"Meat, Swine",2018,Imports,(1000 MT CWE),1447.0
"Meat, Swine",2018,Production,(1000 MT CWE),54040.0
"Meat, Swine",2018,Total Distribution,(1000 MT CWE),55487.0
"Meat, Swine",2018,Total Supply,(1000 MT CWE),55487.0
"Meat, Swine",2019,Annual % Change Per Cap. Cons.,(PERCENT),-19.1
"Meat, Swine",2019,Beginning Stocks,(1000 MT CWE),0.0
"Meat, Swine",2019,Domestic Consumption,(1000 MT CWE),44865.0
"Meat, Swine",2019,Ending Stocks,(1000 MT CWE),0.0
"Meat, Swine",2019,Exports,(1000 MT CWE),135.0
"Meat, Swine",2019,Imports,(1000 MT CWE),2450.0
"Meat, Swine",2019,Production,(1000 MT CWE),42550.0
"Meat, Swine",2019,Total Distribution,(1000 MT CWE),45000.0
"Meat, Swine",2019,Total Supply,(1000 MT CWE),45000.0
"Meat, Swine",2020,Annual % Change Per Cap. Cons.,(PERCENT),-7.7
"Meat, Swine",2020,Beginning Stocks,(1000 MT CWE),0.0
"Meat, Swine",2020,Domestic Consumption,(1000 MT CWE),41517.0
"Meat, Swine",2020,Ending Stocks,(1000 MT CWE),0.0
"Meat, Swine",2020,Exports,(1000 MT CWE),100.0
"Meat, Swine",2020,Imports,(1000 MT CWE),5277.0
"Meat, Swine",2020,Production,(1000 MT CWE),36340.0
"Meat, Swine",2020,Total Distribution,(1000 MT CWE),41617.0
"Meat, Swine",2020,Total Supply,(1000 MT CWE),41617.0
"Meat, Swine",2021,Annual % Change Per Cap. Cons.,(PERCENT),24.3
"Meat, Swine",2021,Beginning Stocks,(1000 MT CWE),0.0
"Meat, Swine",2021,Domestic Consumption,(1000 MT CWE),51724.0
"Meat, Swine",2021,Ending Stocks,(1000 MT CWE),0.0
"Meat, Swine",2021,Exports,(1000 MT CWE),104.0
"Meat, Swine",2021,Imports,(1000 MT CWE),4328.0
"Meat, Swine",2021,Production,(1000 MT CWE),47500.0
"Meat, Swine",2021,Total Distribution,(1000 MT CWE),51828.0
"Meat, Swine",2021,Total Supply,(1000 MT CWE),51828.0
"Meat, Swine",2022,Annual % Change Per Cap. Cons.,(PERCENT),10.8
"Meat, Swine",2022,Beginning Stocks,(1000 MT CWE),0.0
"Meat, Swine",2022,Domestic Consumption,(1000 MT CWE),57434.0
"Meat, Swine",2022,Ending Stocks,(1000 MT CWE),0.0
"Meat, Swine",2022,Exports,(1000 MT CWE),101.0
"Meat, Swine",2022,Imports,(1000 MT CWE),2125.0
"Meat, Swine",2022,Production,(1000 MT CWE),55410.0
"Meat, Swine",2022,Total Distribution,(1000 MT CWE),57535.0
"Meat, Swine",2022,Total Supply,(1000 MT CWE),57535.0
"Meat, Swine",2023,Annual % Change Per Cap. Cons.,(PERCENT),3.8
"Meat, Swine",2023,Beginning Stocks,(1000 MT CWE),0.0
"Meat, Swine",2023,Domestic Consumption,(1000 MT CWE),59741.0
"Meat, Swine",2023,Ending Stocks,(1000 MT CWE),0.0
"Meat, Swine",2023,Exports,(1000 MT CWE),96.0
"Meat, Swine",2023,Imports,(1000 MT CWE),1897.0
"Meat, Swine",2023,Production,(1000 MT CWE),57940.0
"Meat, Swine",2023,Total Distribution,(1000 MT CWE),59837.0
"Meat, Swine",2023,Total Supply,(1000 MT CWE),59837.0
"Meat, Swine",2024,Annual % Change Per Cap. Cons.,(PERCENT),-2.7
"Meat, Swine",2024,Beginning Stocks,(1000 MT CWE),0.0
"Meat, Swine",2024,Domestic Consumption,(1000 MT CWE),58269.0
"Meat, Swine",2024,Ending Stocks,(1000 MT CWE),0.0
"Meat, Swine",2024,Exports,(1000 MT CWE),97.0
"Meat, Swine",2024,Imports,(1000 MT CWE),1306.0
"Meat, Swine",2024,Production,(1000 MT CWE),57060.0
"Meat, Swine",2024,Total Distribution,(1000 MT CWE),58366.0
"Meat, Swine",2024,Total Supply,(1000 MT CWE),58366.0
"Meat, Swine",2025,Annual % Change Per Cap. Cons.,(PERCENT),3.5
"Meat, Swine",2025,Beginning Stocks,(1000 MT CWE),0.0
"Meat, Swine",2025,Domestic Consumption,(1000 MT CWE),60445.0
"Meat, Swine",2025,Ending Stocks,(1000 MT CWE),0.0
"Meat, Swine",2025,Exports,(1000 MT CWE),123.0
"Meat, Swine",2025,Imports,(1000 MT CWE),1188.0
"Meat, Swine",2025,Production,(1000 MT CWE),59380.0
"Meat, Swine",2025,Total Distribution,(1000 MT CWE),60568.0
"Meat, Swine",2025,Total Supply,(1000 MT CWE),60568.0
"Meat, Swine",2026,Annual % Change Per Cap. Cons.,(PERCENT),-0.3
"Meat, Swine",2026,Beginning Stocks,(1000 MT CWE),0.0
"Meat, Swine",2026,Domestic Consumption,(1000 MT CWE),60355.0
"Meat, Swine",2026,Ending Stocks,(1000 MT CWE),0.0
"Meat, Swine",2026,Exports,(1000 MT CWE),145.0
"Meat, Swine",2026,Imports,(1000 MT CWE),1000.0
"Meat, Swine",2026,Production,(1000 MT CWE),59500.0
"Meat, Swine",2026,Total Distribution,(1000 MT CWE),60500.0
"Meat, Swine",2026,Total Supply,(1000 MT CWE),60500.0
"Poultry, Meat, Broiler",1987,Beginning Stocks,(1000 MT),0.0
"Poultry, Meat, Broiler",1987,Domestic Consumption,(1000 MT),1528.0
"Poultry, Meat, Broiler",1987,Ending Stocks,(1000 MT),0.0
"Poultry, Meat, Broiler",1987,Exports,(1000 MT),54.0
"Poultry, Meat, Broiler",1987,Imports,(1000 MT),0.0
"Poultry, Meat, Broiler",1987,Production,(1000 MT),1582.0
"Poultry, Meat, Broiler",1987,Total Distribution,(1000 MT),1582.0
"Poultry, Meat, Broiler",1987,Total Supply,(1000 MT),1582.0
"Poultry, Meat, Broiler",1987,Total Use,(1000 MT),1582.0
"Poultry, Meat, Broiler",1988,Beginning Stocks,(1000 MT),0.0
"Poultry, Meat, Broiler",1988,Domestic Consumption,(1000 MT),1996.0
"Poultry, Meat, Broiler",1988,Ending Stocks,(1000 MT),0.0
"Poultry, Meat, Broiler",1988,Exports,(1000 MT),74.0
"Poultry, Meat, Broiler",1988,Imports,(1000 MT),22.0
"Poultry, Meat, Broiler",1988,Production,(1000 MT),2048.0
"Poultry, Meat, Broiler",1988,Total Distribution,(1000 MT),2070.0
"Poultry, Meat, Broiler",1988,Total Supply,(1000 MT),2070.0
"Poultry, Meat, Broiler",1988,Total Use,(1000 MT),2070.0
"Poultry, Meat, Broiler",1989,Beginning Stocks,(1000 MT),0.0
"Poultry, Meat, Broiler",1989,Domestic Consumption,(1000 MT),2067.0
"Poultry, Meat, Broiler",1989,Ending Stocks,(1000 MT),0.0
"Poultry, Meat, Broiler",1989,Exports,(1000 MT),83.0
"Poultry, Meat, Broiler",1989,Imports,(1000 MT),49.0
"Poultry, Meat, Broiler",1989,Production,(1000 MT),2101.0
"Poultry, Meat, Broiler",1989,Total Distribution,(1000 MT),2150.0
"Poultry, Meat, Broiler",1989,Total Supply,(1000 MT),2150.0
"Poultry, Meat, Broiler",1989,Total Use,(1000 MT),2150.0
"Poultry, Meat, Broiler",1990,Beginning Stocks,(1000 MT),0.0
"Poultry, Meat, Broiler",1990,Domestic Consumption,(1000 MT),2406.0
"Poultry, Meat, Broiler",1990,Ending Stocks,(1000 MT),0.0
"Poultry, Meat, Broiler",1990,Exports,(1000 MT),86.0
"Poultry, Meat, Broiler",1990,Imports,(1000 MT),65.0
"Poultry, Meat, Broiler",1990,Production,(1000 MT),2427.0
"Poultry, Meat, Broiler",1990,Total Distribution,(1000 MT),2492.0
"Poultry, Meat, Broiler",1990,Total Supply,(1000 MT),2492.0
"Poultry, Meat, Broiler",1990,Total Use,(1000 MT),2492.0
"Poultry, Meat, Broiler",1991,Beginning Stocks,(1000 MT),0.0
"Poultry, Meat, Broiler",1991,Domestic Consumption,(1000 MT),3059.0
"Poultry, Meat, Broiler",1991,Ending Stocks,(1000 MT),0.0
"Poultry, Meat, Broiler",1991,Exports,(1000 MT),93.0
"Poultry, Meat, Broiler",1991,Imports,(1000 MT),123.0
"Poultry, Meat, Broiler",1991,Production,(1000 MT),3029.0
"Poultry, Meat, Broiler",1991,Total Distribution,(1000 MT),3152.0
"Poultry, Meat, Broiler",1991,Total Supply,(1000 MT),3152.0
"Poultry, Meat, Broiler",1991,Total Use,(1000 MT),3152.0
"Poultry, Meat, Broiler",1992,Beginning Stocks,(1000 MT),0.0
"Poultry, Meat, Broiler",1992,Domestic Consumption,(1000 MT),3493.0
"Poultry, Meat, Broiler",1992,Ending Stocks,(1000 MT),0.0
"Poultry, Meat, Broiler",1992,Exports,(1000 MT),132.0
"Poultry, Meat, Broiler",1992,Imports,(1000 MT),165.0
"Poultry, Meat, Broiler",1992,Production,(1000 MT),3460.0
"Poultry, Meat, Broiler",1992,Total Distribution,(1000 MT),3625.0
"Poultry, Meat, Broiler",1992,Total Supply,(1000 MT),3625.0
"Poultry, Meat, Broiler",1992,Total Use,(1000 MT),3625.0
"Poultry, Meat, Broiler",1993,Beginning Stocks,(1000 MT),0.0
"Poultry, Meat, Broiler",1993,Domestic Consumption,(1000 MT),4455.0
"Poultry, Meat, Broiler",1993,Ending Stocks,(1000 MT),0.0
"Poultry, Meat, Broiler",1993,Exports,(1000 MT),145.0
"Poultry, Meat, Broiler",1993,Imports,(1000 MT),224.0
"Poultry, Meat, Broiler",1993,Production,(1000 MT),4376.0
"Poultry, Meat, Broiler",1993,Total Distribution,(1000 MT),4600.0
"Poultry, Meat, Broiler",1993,Total Supply,(1000 MT),4600.0
"Poultry, Meat, Broiler",1993,Total Use,(1000 MT),4600.0
"Poultry, Meat, Broiler",1994,Beginning Stocks,(1000 MT),0.0
"Poultry, Meat, Broiler",1994,Domestic Consumption,(1000 MT),6100.0
"Poultry, Meat, Broiler",1994,Ending Stocks,(1000 MT),0.0
"Poultry, Meat, Broiler",1994,Exports,(1000 MT),177.0
"Poultry, Meat, Broiler",1994,Imports,(1000 MT),323.0
"Poultry, Meat, Broiler",1994,Production,(1000 MT),5954.0
"Poultry, Meat, Broiler",1994,Total Distribution,(1000 MT),6277.0
"Poultry, Meat, Broiler",1994,Total Supply,(1000 MT),6277.0
"Poultry, Meat, Broiler",1994,Total Use,(1000 MT),6277.0
"Poultry, Meat, Broiler",1995,Beginning Stocks,(1000 MT),0.0
"Poultry, Meat, Broiler",1995,Domestic Consumption,(1000 MT),7703.0
"Poultry, Meat, Broiler",1995,Ending Stocks,(1000 MT),0.0
"Poultry, Meat, Broiler",1995,Exports,(1000 MT),263.0
"Poultry, Meat, Broiler",1995,Imports,(1000 MT),547.0
"Poultry, Meat, Broiler",1995,Production,(1000 MT),7419.0
"Poultry, Meat, Broiler",1995,Total Distribution,(1000 MT),7966.0
"Poultry, Meat, Broiler",1995,Total Supply,(1000 MT),7966.0
"Poultry, Meat, Broiler",1995,Total Use,(1000 MT),7966.0
"Poultry, Meat, Broiler",1996,Beginning Stocks,(1000 MT),0.0
"Poultry, Meat, Broiler",1996,Domestic Consumption,(1000 MT),8988.0
"Poultry, Meat, Broiler",1996,Ending Stocks,(1000 MT),0.0
"Poultry, Meat, Broiler",1996,Exports,(1000 MT),318.0
"Poultry, Meat, Broiler",1996,Imports,(1000 MT),633.0
"Poultry, Meat, Broiler",1996,Production,(1000 MT),8673.0
"Poultry, Meat, Broiler",1996,Total Distribution,(1000 MT),9306.0
"Poultry, Meat, Broiler",1996,Total Supply,(1000 MT),9306.0
"Poultry, Meat, Broiler",1996,Total Use,(1000 MT),9306.0
"Poultry, Meat, Broiler",1997,Beginning Stocks,(1000 MT),0.0
"Poultry, Meat, Broiler",1997,Domestic Consumption,(1000 MT),7442.0
"Poultry, Meat, Broiler",1997,Ending Stocks,(1000 MT),0.0
"Poultry, Meat, Broiler",1997,Exports,(1000 MT),331.0
"Poultry, Meat, Broiler",1997,Imports,(1000 MT),367.0
"Poultry, Meat, Broiler",1997,Production,(1000 MT),7406.0
"Poultry, Meat, Broiler",1997,Total Distribution,(1000 MT),7773.0
"Poultry, Meat, Broiler",1997,Total Supply,(1000 MT),7773.0
"Poultry, Meat, Broiler",1997,Total Use,(1000 MT),7773.0
"Poultry, Meat, Broiler",1998,Beginning Stocks,(1000 MT),0.0
"Poultry, Meat, Broiler",1998,Domestic Consumption,(1000 MT),8194.0
"Poultry, Meat, Broiler",1998,Ending Stocks,(1000 MT),0.0
"Poultry, Meat, Broiler",1998,Exports,(1000 MT),323.0
"Poultry, Meat, Broiler",1998,Imports,(1000 MT),397.0
"Poultry, Meat, Broiler",1998,Production,(1000 MT),8120.0
"Poultry, Meat, Broiler",1998,Total Distribution,(1000 MT),8517.0
"Poultry, Meat, Broiler",1998,Total Supply,(1000 MT),8517.0
"Poultry, Meat, Broiler",1998,Total Use,(1000 MT),8517.0
"Poultry, Meat, Broiler",1999,Annual % Change Per Cap. Cons.,(PERCENT),0.0
"Poultry, Meat, Broiler",1999,Beginning Stocks,(1000 MT),0.0
"Poultry, Meat, Broiler",1999,Domestic Consumption,(1000 MT),8730.0
"Poultry, Meat, Broiler",1999,Ending Stocks,(1000 MT),0.0
"Poultry, Meat, Broiler",1999,Exports,(1000 MT),375.0
"Poultry, Meat, Broiler",1999,Imports,(1000 MT),555.0
"Poultry, Meat, Broiler",1999,Production,(1000 MT),8550.0
"Poultry, Meat, Broiler",1999,Total Distribution,(1000 MT),9105.0
"Poultry, Meat, Broiler",1999,Total Supply,(1000 MT),9105.0
"Poultry, Meat, Broiler",1999,Total Use,(1000 MT),9105.0
"Poultry, Meat, Broiler",2000,Annual % Change Per Cap. Cons.,(PERCENT),100.0
"Poultry, Meat, Broiler",2000,Beginning Stocks,(1000 MT),0.0
"Poultry, Meat, Broiler",2000,Domestic Consumption,(1000 MT),9393.0
"Poultry, Meat, Broiler",2000,Ending Stocks,(1000 MT),0.0
"Poultry, Meat, Broiler",2000,Exports,(1000 MT),464.0
"Poultry, Meat, Broiler",2000,Imports,(1000 MT),588.0
"Poultry, Meat, Broiler",2000,Production,(1000 MT),9269.0
"Poultry, Meat, Broiler",2000,Total Distribution,(1000 MT),9857.0
"Poultry, Meat, Broiler",2000,Total Supply,(1000 MT),9857.0
"Poultry, Meat, Broiler",2000,Total Use,(1000 MT),9857.0
"Poultry, Meat, Broiler",2001,Annual % Change Per Cap. Cons.,(PERCENT),-2.7
"Poultry, Meat, Broiler",2001,Beginning Stocks,(1000 MT),0.0
"Poultry, Meat, Broiler",2001,Domestic Consumption,(1000 MT),9237.0
"Poultry, Meat, Broiler",2001,Ending Stocks,(1000 MT),0.0
"Poultry, Meat, Broiler",2001,Exports,(1000 MT),489.0
"Poultry, Meat, Broiler",2001,Imports,(1000 MT),448.0
"Poultry, Meat, Broiler",2001,Production,(1000 MT),9278.0
"Poultry, Meat, Broiler",2001,Total Distribution,(1000 MT),9726.0
"Poultry, Meat, Broiler",2001,Total Supply,(1000 MT),9726.0
"Poultry, Meat, Broiler",2001,Total Use,(1000 MT),9726.0
"Poultry, Meat, Broiler",2002,Annual % Change Per Cap. Cons.,(PERCENT),4.17
"Poultry, Meat, Broiler",2002,Beginning Stocks,(1000 MT),0.0
"Poultry, Meat, Broiler",2002,Domestic Consumption,(1000 MT),9556.0
"Poultry, Meat, Broiler",2002,Ending Stocks,(1000 MT),0.0
"Poultry, Meat, Broiler",2002,Exports,(1000 MT),438.0
"Poultry, Meat, Broiler",2002,Imports,(1000 MT),436.0
"Poultry, Meat, Broiler",2002,Production,(1000 MT),9558.0
"Poultry, Meat, Broiler",2002,Total Distribution,(1000 MT),9994.0
"Poultry, Meat, Broiler",2002,Total Supply,(1000 MT),9994.0
"Poultry, Meat, Broiler",2002,Total Use,(1000 MT),9994.0
"Poultry, Meat, Broiler",2003,Annual % Change Per Cap. Cons.,(PERCENT),2.67
"Poultry, Meat, Broiler",2003,Beginning Stocks,(1000 MT),0.0
"Poultry, Meat, Broiler",2003,Domestic Consumption,(1000 MT),9963.0
"Poultry, Meat, Broiler",2003,Ending Stocks,(1000 MT),0.0
"Poultry, Meat, Broiler",2003,Exports,(1000 MT),388.0
"Poultry, Meat, Broiler",2003,Imports,(1000 MT),453.0
"Poultry, Meat, Broiler",2003,Production,(1000 MT),9898.0
"Poultry, Meat, Broiler",2003,Total Distribution,(1000 MT),10351.0
"Poultry, Meat, Broiler",2003,Total Supply,(1000 MT),10351.0
"Poultry, Meat, Broiler",2003,Total Use,(1000 MT),10351.0
"Poultry, Meat, Broiler",2004,Annual % Change Per Cap. Cons.,(PERCENT),0.0
"Poultry, Meat, Broiler",2004,Beginning Stocks,(1000 MT),0.0
"Poultry, Meat, Broiler",2004,Domestic Consumption,(1000 MT),9931.0
"Poultry, Meat, Broiler",2004,Ending Stocks,(1000 MT),0.0
"Poultry, Meat, Broiler",2004,Exports,(1000 MT),241.0
"Poultry, Meat, Broiler",2004,Imports,(1000 MT),174.0
"Poultry, Meat, Broiler",2004,Production,(1000 MT),9998.0
"Poultry, Meat, Broiler",2004,Total Distribution,(1000 MT),10172.0
"Poultry, Meat, Broiler",2004,Total Supply,(1000 MT),10172.0
"Poultry, Meat, Broiler",2004,Total Use,(1000 MT),10172.0
"Poultry, Meat, Broiler",2005,Annual % Change Per Cap. Cons.,(PERCENT),0.0
"Poultry, Meat, Broiler",2005,Beginning Stocks,(1000 MT),0.0
"Poultry, Meat, Broiler",2005,Domestic Consumption,(1000 MT),10087.0
"Poultry, Meat, Broiler",2005,Ending Stocks,(1000 MT),0.0
"Poultry, Meat, Broiler",2005,Exports,(1000 MT),332.0
"Poultry, Meat, Broiler",2005,Imports,(1000 MT),219.0
"Poultry, Meat, Broiler",2005,Production,(1000 MT),10200.0
"Poultry, Meat, Broiler",2005,Total Distribution,(1000 MT),10419.0
"Poultry, Meat, Broiler",2005,Total Supply,(1000 MT),10419.0
"Poultry, Meat, Broiler",2005,Total Use,(1000 MT),10419.0
"Poultry, Meat, Broiler",2006,Annual % Change Per Cap. Cons.,(PERCENT),2.6
"Poultry, Meat, Broiler",2006,Beginning Stocks,(1000 MT),0.0
"Poultry, Meat, Broiler",2006,Domestic Consumption,(1000 MT),10371.0
"Poultry, Meat, Broiler",2006,Ending Stocks,(1000 MT),0.0
"Poultry, Meat, Broiler",2006,Exports,(1000 MT),322.0
"Poultry, Meat, Broiler",2006,Imports,(1000 MT),343.0
"Poultry, Meat, Broiler",2006,Production,(1000 MT),10350.0
"Poultry, Meat, Broiler",2006,Total Distribution,(1000 MT),10693.0
"Poultry, Meat, Broiler",2006,Total Supply,(1000 MT),10693.0
"Poultry, Meat, Broiler",2006,Total Use,(1000 MT),10693.0
"Poultry, Meat, Broiler",2007,Annual % Change Per Cap. Cons.,(PERCENT),10.13
"Poultry, Meat, Broiler",2007,Beginning Stocks,(1000 MT),0.0
"Poultry, Meat, Broiler",2007,Domestic Consumption,(1000 MT),11415.0
"Poultry, Meat, Broiler",2007,Ending Stocks,(1000 MT),0.0
"Poultry, Meat, Broiler",2007,Exports,(1000 MT),358.0
"Poultry, Meat, Broiler",2007,Imports,(1000 MT),482.0
"Poultry, Meat, Broiler",2007,Production,(1000 MT),11291.0
"Poultry, Meat, Broiler",2007,Total Distribution,(1000 MT),11773.0
"Poultry, Meat, Broiler",2007,Total Supply,(1000 MT),11773.0
"Poultry, Meat, Broiler",2007,Total Use,(1000 MT),11773.0
"Poultry, Meat, Broiler",2008,Annual % Change Per Cap. Cons.,(PERCENT),3.45
"Poultry, Meat, Broiler",2008,Beginning Stocks,(1000 MT),0.0
"Poultry, Meat, Broiler",2008,Domestic Consumption,(1000 MT),11954.0
"Poultry, Meat, Broiler",2008,Ending Stocks,(1000 MT),0.0
"Poultry, Meat, Broiler",2008,Exports,(1000 MT),285.0
"Poultry, Meat, Broiler",2008,Imports,(1000 MT),399.0
"Poultry, Meat, Broiler",2008,Production,(1000 MT),11840.0
"Poultry, Meat, Broiler",2008,Total Distribution,(1000 MT),12239.0
"Poultry, Meat, Broiler",2008,Total Supply,(1000 MT),12239.0
"Poultry, Meat, Broiler",2008,Total Use,(1000 MT),12239.0
"Poultry, Meat, Broiler",2009,Annual % Change Per Cap. Cons.,(PERCENT),2.22
"Poultry, Meat, Broiler",2009,Beginning Stocks,(1000 MT),0.0
"Poultry, Meat, Broiler",2009,Domestic Consumption,(1000 MT),12210.0
"Poultry, Meat, Broiler",2009,Ending Stocks,(1000 MT),0.0
"Poultry, Meat, Broiler",2009,Exports,(1000 MT),291.0
"Poultry, Meat, Broiler",2009,Imports,(1000 MT),401.0
"Poultry, Meat, Broiler",2009,Production,(1000 MT),12100.0
"Poultry, Meat, Broiler",2009,Total Distribution,(1000 MT),12501.0
"Poultry, Meat, Broiler",2009,Total Supply,(1000 MT),12501.0
"Poultry, Meat, Broiler",2009,Total Use,(1000 MT),12501.0
"Poultry, Meat, Broiler",2010,Annual % Change Per Cap. Cons.,(PERCENT),1.09
"Poultry, Meat, Broiler",2010,Beginning Stocks,(1000 MT),0.0
"Poultry, Meat, Broiler",2010,Domestic Consumption,(1000 MT),12457.0
"Poultry, Meat, Broiler",2010,Ending Stocks,(1000 MT),0.0
"Poultry, Meat, Broiler",2010,Exports,(1000 MT),379.0
"Poultry, Meat, Broiler",2010,Imports,(1000 MT),286.0
"Poultry, Meat, Broiler",2010,Production,(1000 MT),12550.0
"Poultry, Meat, Broiler",2010,Total Distribution,(1000 MT),12836.0
"Poultry, Meat, Broiler",2010,Total Supply,(1000 MT),12836.0
"Poultry, Meat, Broiler",2010,Total Use,(1000 MT),12836.0
"Poultry, Meat, Broiler",2011,Annual % Change Per Cap. Cons.,(PERCENT),4.3
"Poultry, Meat, Broiler",2011,Beginning Stocks,(1000 MT),0.0
"Poultry, Meat, Broiler",2011,Domestic Consumption,(1000 MT),13016.0
"Poultry, Meat, Broiler",2011,Ending Stocks,(1000 MT),0.0
"Poultry, Meat, Broiler",2011,Exports,(1000 MT),422.0
"Poultry, Meat, Broiler",2011,Imports,(1000 MT),238.0
"Poultry, Meat, Broiler",2011,Production,(1000 MT),13200.0
"Poultry, Meat, Broiler",2011,Total Distribution,(1000 MT),13438.0
"Poultry, Meat, Broiler",2011,Total Supply,(1000 MT),13438.0
"Poultry, Meat, Broiler",2011,Total Use,(1000 MT),13438.0
"Poultry, Meat, Broiler",2012,Annual % Change Per Cap. Cons.,(PERCENT),3.09
"Poultry, Meat, Broiler",2012,Beginning Stocks,(1000 MT),0.0
"Poultry, Meat, Broiler",2012,Domestic Consumption,(1000 MT),13543.0
"Poultry, Meat, Broiler",2012,Ending Stocks,(1000 MT),0.0
"Poultry, Meat, Broiler",2012,Exports,(1000 MT),411.0
"Poultry, Meat, Broiler",2012,Imports,(1000 MT),254.0
"Poultry, Meat, Broiler",2012,Production,(1000 MT),13700.0
"Poultry, Meat, Broiler",2012,Total Distribution,(1000 MT),13954.0
"Poultry, Meat, Broiler",2012,Total Supply,(1000 MT),13954.0
"Poultry, Meat, Broiler",2012,Total Use,(1000 MT),13954.0
"Poultry, Meat, Broiler",2013,Annual % Change Per Cap. Cons.,(PERCENT),-3.0
"Poultry, Meat, Broiler",2013,Beginning Stocks,(1000 MT),0.0
"Poultry, Meat, Broiler",2013,Domestic Consumption,(1000 MT),13174.0
"Poultry, Meat, Broiler",2013,Ending Stocks,(1000 MT),0.0
"Poultry, Meat, Broiler",2013,Exports,(1000 MT),420.0
"Poultry, Meat, Broiler",2013,Imports,(1000 MT),244.0
"Poultry, Meat, Broiler",2013,Production,(1000 MT),13350.0
"Poultry, Meat, Broiler",2013,Total Distribution,(1000 MT),13594.0
"Poultry, Meat, Broiler",2013,Total Supply,(1000 MT),13594.0
"Poultry, Meat, Broiler",2013,Total Use,(1000 MT),13594.0
"Poultry, Meat, Broiler",2014,Annual % Change Per Cap. Cons.,(PERCENT),-3.09
"Poultry, Meat, Broiler",2014,Beginning Stocks,(1000 MT),0.0
"Poultry, Meat, Broiler",2014,Domestic Consumption,(1000 MT),12830.0
"Poultry, Meat, Broiler",2014,Ending Stocks,(1000 MT),0.0
"Poultry, Meat, Broiler",2014,Exports,(1000 MT),430.0
"Poultry, Meat, Broiler",2014,Imports,(1000 MT),260.0
"Poultry, Meat, Broiler",2014,Production,(1000 MT),13000.0
"Poultry, Meat, Broiler",2014,Total Distribution,(1000 MT),13260.0
"Poultry, Meat, Broiler",2014,Total Supply,(1000 MT),13260.0
"Poultry, Meat, Broiler",2014,Total Use,(1000 MT),13260.0
"Poultry, Meat, Broiler",2015,Annual % Change Per Cap. Cons.,(PERCENT),3.19
"Poultry, Meat, Broiler",2015,Beginning Stocks,(1000 MT),0.0
"Poultry, Meat, Broiler",2015,Domestic Consumption,(1000 MT),13267.0
"Poultry, Meat, Broiler",2015,Ending Stocks,(1000 MT),0.0
"Poultry, Meat, Broiler",2015,Exports,(1000 MT),401.0
"Poultry, Meat, Broiler",2015,Imports,(1000 MT),268.0
"Poultry, Meat, Broiler",2015,Production,(1000 MT),13400.0
"Poultry, Meat, Broiler",2015,Total Distribution,(1000 MT),13668.0
"Poultry, Meat, Broiler",2015,Total Supply,(1000 MT),13668.0
"Poultry, Meat, Broiler",2015,Total Use,(1000 MT),13668.0
"Poultry, Meat, Broiler",2016,Annual % Change Per Cap. Cons.,(PERCENT),-7.2
"Poultry, Meat, Broiler",2016,Beginning Stocks,(1000 MT),0.0
"Poultry, Meat, Broiler",2016,Domestic Consumption,(1000 MT),12344.0
"Poultry, Meat, Broiler",2016,Ending Stocks,(1000 MT),0.0
"Poultry, Meat, Broiler",2016,Exports,(1000 MT),386.0
"Poultry, Meat, Broiler",2016,Imports,(1000 MT),430.0
"Poultry, Meat, Broiler",2016,Production,(1000 MT),12300.0
"Poultry, Meat, Broiler",2016,Total Distribution,(1000 MT),12730.0
"Poultry, Meat, Broiler",2016,Total Supply,(1000 MT),12730.0
"Poultry, Meat, Broiler",2016,Total Use,(1000 MT),12730.0
