Commodity_Description,Market_Year,Attribute_Description,Unit_Description,Value
Barley,1960,Area Harvested,(1000 HA),4550.0
Barley,1960,Beginning Stocks,(1000 MT),837.0
Barley,1960,Domestic Consumption,(1000 MT),4578.0
Barley,1960,Ending Stocks,(1000 MT),379.0
Barley,1960,Exports,(1000 MT),17.0
Barley,1960,Feed Dom. Consumption,(1000 MT),1110.0
Barley,1960,FSI Consumption,(1000 MT),3468.0
Barley,1960,Imports,(1000 MT),595.0
Barley,1960,Production,(1000 MT),3542.0
Barley,1960,Total Distribution,(1000 MT),4974.0
Barley,1960,Total Supply,(1000 MT),4974.0
Barley,1960,TY Exports,(1000 MT),17.0
Barley,1960,TY Imp. from U.S.,(1000 MT),0.0
Barley,1960,TY Imports,(1000 MT),595.0
Barley,1960,Yield,(MT/HA),0.78
Barley,1961,Area Harvested,(1000 HA),5260.0
Barley,1961,Beginning Stocks,(1000 MT),379.0
Barley,1961,Domestic Consumption,(1000 MT),5752.0
Barley,1961,Ending Stocks,(1000 MT),1507.0
Barley,1961,Exports,(1000 MT),3.0
Barley,1961,Feed Dom. Consumption,(1000 MT),860.0
Barley,1961,FSI Consumption,(1000 MT),4892.0
Barley,1961,Imports,(1000 MT),929.0
Barley,1961,Production,(1000 MT),5954.0
Barley,1961,Total Distribution,(1000 MT),7262.0
Barley,1961,Total Supply,(1000 MT),7262.0
Barley,1961,TY Exports,(1000 MT),3.0
Barley,1961,TY Imp. from U.S.,(1000 MT),0.0
Barley,1961,TY Imports,(1000 MT),929.0
Barley,1961,Yield,(MT/HA),1.13
Barley,1962,Area Harvested,(1000 HA),5475.0
Barley,1962,Beginning Stocks,(1000 MT),1507.0
Barley,1962,Domestic Consumption,(1000 MT),5805.0
Barley,1962,Ending Stocks,(1000 MT),1320.0
Barley,1962,Exports,(1000 MT),0.0
Barley,1962,Feed Dom. Consumption,(1000 MT),711.0
Barley,1962,FSI Consumption,(1000 MT),5094.0
Barley,1962,Imports,(1000 MT),48.0
Barley,1962,Production,(1000 MT),5570.0
Barley,1962,Total Distribution,(1000 MT),7125.0
Barley,1962,Total Supply,(1000 MT),7125.0
Barley,1962,TY Exports,(1000 MT),0.0
Barley,1962,TY Imp. from U.S.,(1000 MT),0.0
Barley,1962,TY Imports,(1000 MT),48.0
Barley,1962,Yield,(MT/HA),1.02
Barley,1963,Area Harvested,(1000 HA),4298.0
Barley,1963,Beginning Stocks,(1000 MT),1320.0
Barley,1963,Domestic Consumption,(1000 MT),5318.0
Barley,1963,Ending Stocks,(1000 MT),1380.0
Barley,1963,Exports,(1000 MT),0.0
Barley,1963,Feed Dom. Consumption,(1000 MT),1524.0
Barley,1963,FSI Consumption,(1000 MT),3794.0
Barley,1963,Imports,(1000 MT),450.0
Barley,1963,Production,(1000 MT),4928.0
Barley,1963,Total Distribution,(1000 MT),6698.0
Barley,1963,Total Supply,(1000 MT),6698.0
Barley,1963,TY Exports,(1000 MT),0.0
Barley,1963,TY Imp. from U.S.,(1000 MT),0.0
Barley,1963,TY Imports,(1000 MT),450.0
Barley,1963,Yield,(MT/HA),1.15
Barley,1964,Area Harvested,(1000 HA),3991.0
Barley,1964,Beginning Stocks,(1000 MT),1380.0
Barley,1964,Domestic Consumption,(1000 MT),6451.0
Barley,1964,Ending Stocks,(1000 MT),1047.0
Barley,1964,Exports,(1000 MT),0.0
Barley,1964,Feed Dom. Consumption,(1000 MT),2516.0
Barley,1964,FSI Consumption,(1000 MT),3935.0
Barley,1964,Imports,(1000 MT),154.0
Barley,1964,Production,(1000 MT),5964.0
Barley,1964,Total Distribution,(1000 MT),7498.0
Barley,1964,Total Supply,(1000 MT),7498.0
Barley,1964,TY Exports,(1000 MT),0.0
Barley,1964,TY Imp. from U.S.,(1000 MT),0.0
Barley,1964,TY Imports,(1000 MT),154.0
Barley,1964,Yield,(MT/HA),1.49
Barley,1965,Area Harvested,(1000 HA),3811.0
Barley,1965,Beginning Stocks,(1000 MT),1047.0
Barley,1965,Domestic Consumption,(1000 MT),6065.0
Barley,1965,Ending Stocks,(1000 MT),726.0
Barley,1965,Exports,(1000 MT),1.0
Barley,1965,Feed Dom. Consumption,(1000 MT),2391.0
Barley,1965,FSI Consumption,(1000 MT),3674.0
Barley,1965,Imports,(1000 MT),31.0
Barley,1965,Production,(1000 MT),5714.0
Barley,1965,Total Distribution,(1000 MT),6792.0
Barley,1965,Total Supply,(1000 MT),6792.0
Barley,1965,TY Exports,(1000 MT),1.0
Barley,1965,TY Imp. from U.S.,(1000 MT),0.0
Barley,1965,TY Imports,(1000 MT),31.0
Barley,1965,Yield,(MT/HA),1.5
Barley,1966,Area Harvested,(1000 HA),3797.0
Barley,1966,Beginning Stocks,(1000 MT),726.0
Barley,1966,Domestic Consumption,(1000 MT),5874.0
Barley,1966,Ending Stocks,(1000 MT),891.0
Barley,1966,Exports,(1000 MT),0.0
Barley,1966,Feed Dom. Consumption,(1000 MT),2271.0
Barley,1966,FSI Consumption,(1000 MT),3603.0
Barley,1966,Imports,(1000 MT),1.0
Barley,1966,Production,(1000 MT),6038.0
Barley,1966,Total Distribution,(1000 MT),6765.0
Barley,1966,Total Supply,(1000 MT),6765.0
Barley,1966,TY Exports,(1000 MT),0.0
Barley,1966,TY Imp. from U.S.,(1000 MT),0.0
Barley,1966,TY Imports,(1000 MT),1.0
Barley,1966,Yield,(MT/HA),1.59
Barley,1967,Area Harvested,(1000 HA),3394.0
Barley,1967,Beginning Stocks,(1000 MT),891.0
Barley,1967,Domestic Consumption,(1000 MT),5693.0
Barley,1967,Ending Stocks,(1000 MT),1062.0
Barley,1967,Exports,(1000 MT),1.0
Barley,1967,Feed Dom. Consumption,(1000 MT),2180.0
Barley,1967,FSI Consumption,(1000 MT),3513.0
Barley,1967,Imports,(1000 MT),0.0
Barley,1967,Production,(1000 MT),5865.0
Barley,1967,Total Distribution,(1000 MT),6756.0
Barley,1967,Total Supply,(1000 MT),6756.0
Barley,1967,TY Exports,(1000 MT),1.0
Barley,1967,TY Imp. from U.S.,(1000 MT),0.0
Barley,1967,TY Imports,(1000 MT),0.0
Barley,1967,Yield,(MT/HA),1.73
Barley,1968,Area Harvested,(1000 HA),3307.0
Barley,1968,Beginning Stocks,(1000 MT),1062.0
Barley,1968,Domestic Consumption,(1000 MT),4863.0
Barley,1968,Ending Stocks,(1000 MT),968.0
Barley,1968,Exports,(1000 MT),1.0
Barley,1968,Feed Dom. Consumption,(1000 MT),1517.0
Barley,1968,FSI Consumption,(1000 MT),3346.0
Barley,1968,Imports,(1000 MT),0.0
Barley,1968,Production,(1000 MT),4770.0
Barley,1968,Total Distribution,(1000 MT),5832.0
Barley,1968,Total Supply,(1000 MT),5832.0
Barley,1968,TY Exports,(1000 MT),1.0
Barley,1968,TY Imp. from U.S.,(1000 MT),0.0
Barley,1968,TY Imports,(1000 MT),0.0
Barley,1968,Yield,(MT/HA),1.44
Barley,1969,Area Harvested,(1000 HA),3229.0
Barley,1969,Beginning Stocks,(1000 MT),968.0
Barley,1969,Domestic Consumption,(1000 MT),4574.0
Barley,1969,Ending Stocks,(1000 MT),820.0
Barley,1969,Exports,(1000 MT),1.0
Barley,1969,Feed Dom. Consumption,(1000 MT),1326.0
Barley,1969,FSI Consumption,(1000 MT),3248.0
Barley,1969,Imports,(1000 MT),1.0
Barley,1969,Production,(1000 MT),4426.0
Barley,1969,Total Distribution,(1000 MT),5395.0
Barley,1969,Total Supply,(1000 MT),5395.0
Barley,1969,TY Exports,(1000 MT),1.0
Barley,1969,TY Imp. from U.S.,(1000 MT),0.0
Barley,1969,TY Imports,(1000 MT),1.0
Barley,1969,Yield,(MT/HA),1.37
Barley,1970,Area Harvested,(1000 HA),3113.0
Barley,1970,Beginning Stocks,(1000 MT),820.0
Barley,1970,Domestic Consumption,(1000 MT),4474.0
Barley,1970,Ending Stocks,(1000 MT),1033.0
Barley,1970,Exports,(1000 MT),0.0
Barley,1970,Feed Dom. Consumption,(1000 MT),1255.0
Barley,1970,FSI Consumption,(1000 MT),3219.0
Barley,1970,Imports,(1000 MT),0.0
Barley,1970,Production,(1000 MT),4687.0
Barley,1970,Total Distribution,(1000 MT),5507.0
Barley,1970,Total Supply,(1000 MT),5507.0
Barley,1970,TY Exports,(1000 MT),0.0
Barley,1970,TY Imp. from U.S.,(1000 MT),0.0
Barley,1970,TY Imports,(1000 MT),0.0
Barley,1970,Yield,(MT/HA),1.51
Barley,1971,Area Harvested,(1000 HA),2902.0
Barley,1971,Beginning Stocks,(1000 MT),1033.0
Barley,1971,Domestic Consumption,(1000 MT),5170.0
Barley,1971,Ending Stocks,(1000 MT),1258.0
Barley,1971,Exports,(1000 MT),0.0
Barley,1971,Feed Dom. Consumption,(1000 MT),1906.0
Barley,1971,FSI Consumption,(1000 MT),3264.0
Barley,1971,Imports,(1000 MT),413.0
Barley,1971,Production,(1000 MT),4982.0
Barley,1971,Total Distribution,(1000 MT),6428.0
Barley,1971,Total Supply,(1000 MT),6428.0
Barley,1971,TY Exports,(1000 MT),0.0
Barley,1971,TY Imp. from U.S.,(1000 MT),0.0
Barley,1971,TY Imports,(1000 MT),413.0
Barley,1971,Yield,(MT/HA),1.72
Barley,1972,Area Harvested,(1000 HA),2746.0
Barley,1972,Beginning Stocks,(1000 MT),1258.0
Barley,1972,Domestic Consumption,(1000 MT),4724.0
Barley,1972,Ending Stocks,(1000 MT),818.0
Barley,1972,Exports,(1000 MT),0.0
Barley,1972,Feed Dom. Consumption,(1000 MT),1759.0
Barley,1972,FSI Consumption,(1000 MT),2965.0
Barley,1972,Imports,(1000 MT),0.0
Barley,1972,Production,(1000 MT),4284.0
Barley,1972,Total Distribution,(1000 MT),5542.0
Barley,1972,Total Supply,(1000 MT),5542.0
Barley,1972,TY Exports,(1000 MT),0.0
Barley,1972,TY Imp. from U.S.,(1000 MT),0.0
Barley,1972,TY Imports,(1000 MT),0.0
Barley,1972,Yield,(MT/HA),1.56
Barley,1973,Area Harvested,(1000 HA),2641.0
Barley,1973,Beginning Stocks,(1000 MT),818.0
Barley,1973,Domestic Consumption,(1000 MT),3678.0
Barley,1973,Ending Stocks,(1000 MT),368.0
Barley,1973,Exports,(1000 MT),0.0
Barley,1973,Feed Dom. Consumption,(1000 MT),759.0
Barley,1973,FSI Consumption,(1000 MT),2919.0
Barley,1973,Imports,(1000 MT),0.0
Barley,1973,Production,(1000 MT),3228.0
Barley,1973,Total Distribution,(1000 MT),4046.0
Barley,1973,Total Supply,(1000 MT),4046.0
Barley,1973,TY Exports,(1000 MT),0.0
Barley,1973,TY Imp. from U.S.,(1000 MT),0.0
Barley,1973,TY Imports,(1000 MT),0.0
Barley,1973,Yield,(MT/HA),1.22
Barley,1974,Area Harvested,(1000 HA),2385.0
Barley,1974,Beginning Stocks,(1000 MT),368.0
Barley,1974,Domestic Consumption,(1000 MT),3912.0
Barley,1974,Ending Stocks,(1000 MT),563.0
Barley,1974,Exports,(1000 MT),0.0
Barley,1974,Feed Dom. Consumption,(1000 MT),1156.0
Barley,1974,FSI Consumption,(1000 MT),2756.0
Barley,1974,Imports,(1000 MT),0.0
Barley,1974,Production,(1000 MT),4107.0
Barley,1974,Total Distribution,(1000 MT),4475.0
Barley,1974,Total Supply,(1000 MT),4475.0
Barley,1974,TY Exports,(1000 MT),0.0
Barley,1974,TY Imp. from U.S.,(1000 MT),0.0
Barley,1974,TY Imports,(1000 MT),0.0
Barley,1974,Yield,(MT/HA),1.72
Barley,1975,Area Harvested,(1000 HA),1972.0
Barley,1975,Beginning Stocks,(1000 MT),563.0
Barley,1975,Domestic Consumption,(1000 MT),3988.0
Barley,1975,Ending Stocks,(1000 MT),433.0
Barley,1975,Exports,(1000 MT),0.0
Barley,1975,Feed Dom. Consumption,(1000 MT),1230.0
Barley,1975,FSI Consumption,(1000 MT),2758.0
Barley,1975,Imports,(1000 MT),0.0
Barley,1975,Production,(1000 MT),3858.0
Barley,1975,Total Distribution,(1000 MT),4421.0
Barley,1975,Total Supply,(1000 MT),4421.0
Barley,1975,TY Exports,(1000 MT),0.0
Barley,1975,TY Imp. from U.S.,(1000 MT),0.0
Barley,1975,TY Imports,(1000 MT),0.0
Barley,1975,Yield,(MT/HA),1.96
Barley,1976,Area Harvested,(1000 HA),2094.0
Barley,1976,Beginning Stocks,(1000 MT),433.0
Barley,1976,Domestic Consumption,(1000 MT),4245.0
Barley,1976,Ending Stocks,(1000 MT),553.0
Barley,1976,Exports,(1000 MT),0.0
Barley,1976,Feed Dom. Consumption,(1000 MT),1450.0
Barley,1976,FSI Consumption,(1000 MT),2795.0
Barley,1976,Imports,(1000 MT),0.0
Barley,1976,Production,(1000 MT),4365.0
Barley,1976,Total Distribution,(1000 MT),4798.0
Barley,1976,Total Supply,(1000 MT),4798.0
Barley,1976,TY Exports,(1000 MT),0.0
Barley,1976,TY Imp. from U.S.,(1000 MT),0.0
Barley,1976,TY Imports,(1000 MT),0.0
Barley,1976,Yield,(MT/HA),2.08
Barley,1977,Area Harvested,(1000 HA),2032.0
Barley,1977,Beginning Stocks,(1000 MT),553.0
Barley,1977,Domestic Consumption,(1000 MT),4052.0
Barley,1977,Ending Stocks,(1000 MT),412.0
Barley,1977,Exports,(1000 MT),0.0
Barley,1977,Feed Dom. Consumption,(1000 MT),1218.0
Barley,1977,FSI Consumption,(1000 MT),2834.0
Barley,1977,Imports,(1000 MT),0.0
Barley,1977,Production,(1000 MT),3911.0
Barley,1977,Total Distribution,(1000 MT),4464.0
Barley,1977,Total Supply,(1000 MT),4464.0
Barley,1977,TY Exports,(1000 MT),0.0
Barley,1977,TY Imp. from U.S.,(1000 MT),0.0
Barley,1977,TY Imports,(1000 MT),0.0
Barley,1977,Yield,(MT/HA),1.92
Barley,1978,Area Harvested,(1000 HA),1908.0
Barley,1978,Beginning Stocks,(1000 MT),412.0
Barley,1978,Domestic Consumption,(1000 MT),4231.0
Barley,1978,Ending Stocks,(1000 MT),741.0
Barley,1978,Exports,(1000 MT),0.0
Barley,1978,Feed Dom. Consumption,(1000 MT),1376.0
Barley,1978,FSI Consumption,(1000 MT),2855.0
Barley,1978,Imports,(1000 MT),40.0
Barley,1978,Production,(1000 MT),4520.0
Barley,1978,Total Distribution,(1000 MT),4972.0
Barley,1978,Total Supply,(1000 MT),4972.0
Barley,1978,TY Exports,(1000 MT),0.0
Barley,1978,TY Imp. from U.S.,(1000 MT),0.0
Barley,1978,TY Imports,(1000 MT),40.0
Barley,1978,Yield,(MT/HA),2.37
Barley,1979,Area Harvested,(1000 HA),1876.0
Barley,1979,Beginning Stocks,(1000 MT),741.0
Barley,1979,Domestic Consumption,(1000 MT),4437.0
Barley,1979,Ending Stocks,(1000 MT),975.0
Barley,1979,Exports,(1000 MT),0.0
Barley,1979,Feed Dom. Consumption,(1000 MT),1550.0
Barley,1979,FSI Consumption,(1000 MT),2887.0
Barley,1979,Imports,(1000 MT),66.0
Barley,1979,Production,(1000 MT),4605.0
Barley,1979,Total Distribution,(1000 MT),5412.0
Barley,1979,Total Supply,(1000 MT),5412.0
Barley,1979,TY Exports,(1000 MT),0.0
Barley,1979,TY Imp. from U.S.,(1000 MT),0.0
Barley,1979,TY Imports,(1000 MT),66.0
Barley,1979,Yield,(MT/HA),2.45
Barley,1980,Area Harvested,(1000 HA),1850.0
Barley,1980,Beginning Stocks,(1000 MT),975.0
Barley,1980,Domestic Consumption,(1000 MT),4459.0
Barley,1980,Ending Stocks,(1000 MT),1006.0
Barley,1980,Exports,(1000 MT),0.0
Barley,1980,Feed Dom. Consumption,(1000 MT),1600.0
Barley,1980,FSI Consumption,(1000 MT),2859.0
Barley,1980,Imports,(1000 MT),79.0
Barley,1980,Production,(1000 MT),4411.0
Barley,1980,Total Distribution,(1000 MT),5465.0
Barley,1980,Total Supply,(1000 MT),5465.0
Barley,1980,TY Exports,(1000 MT),0.0
Barley,1980,TY Imp. from U.S.,(1000 MT),0.0
Barley,1980,TY Imports,(1000 MT),79.0
Barley,1980,Yield,(MT/HA),2.38
Barley,1981,Area Harvested,(1000 HA),1811.0
Barley,1981,Beginning Stocks,(1000 MT),1006.0
Barley,1981,Domestic Consumption,(1000 MT),4552.0
Barley,1981,Ending Stocks,(1000 MT),938.0
Barley,1981,Exports,(1000 MT),0.0
Barley,1981,Feed Dom. Consumption,(1000 MT),1700.0
Barley,1981,FSI Consumption,(1000 MT),2852.0
Barley,1981,Imports,(1000 MT),155.0
Barley,1981,Production,(1000 MT),4329.0
Barley,1981,Total Distribution,(1000 MT),5490.0
Barley,1981,Total Supply,(1000 MT),5490.0
Barley,1981,TY Exports,(1000 MT),0.0
Barley,1981,TY Imp. from U.S.,(1000 MT),0.0
Barley,1981,TY Imports,(1000 MT),155.0
Barley,1981,Yield,(MT/HA),2.39
Barley,1982,Area Harvested,(1000 HA),1819.0
Barley,1982,Beginning Stocks,(1000 MT),938.0
Barley,1982,Domestic Consumption,(1000 MT),4513.0
Barley,1982,Ending Stocks,(1000 MT),933.0
Barley,1982,Exports,(1000 MT),0.0
Barley,1982,Feed Dom. Consumption,(1000 MT),1650.0
Barley,1982,FSI Consumption,(1000 MT),2863.0
Barley,1982,Imports,(1000 MT),107.0
Barley,1982,Production,(1000 MT),4401.0
Barley,1982,Total Distribution,(1000 MT),5446.0
Barley,1982,Total Supply,(1000 MT),5446.0
Barley,1982,TY Exports,(1000 MT),0.0
Barley,1982,TY Imp. from U.S.,(1000 MT),0.0
Barley,1982,TY Imports,(1000 MT),107.0
Barley,1982,Yield,(MT/HA),2.42
Barley,1983,Area Harvested,(1000 HA),1814.0
Barley,1983,Beginning Stocks,(1000 MT),933.0
Barley,1983,Domestic Consumption,(1000 MT),4467.0
Barley,1983,Ending Stocks,(1000 MT),953.0
Barley,1983,Exports,(1000 MT),0.0
Barley,1983,Feed Dom. Consumption,(1000 MT),1600.0
Barley,1983,FSI Consumption,(1000 MT),2867.0
Barley,1983,Imports,(1000 MT),100.0
Barley,1983,Production,(1000 MT),4387.0
Barley,1983,Total Distribution,(1000 MT),5420.0
Barley,1983,Total Supply,(1000 MT),5420.0
Barley,1983,TY Exports,(1000 MT),0.0
Barley,1983,TY Imp. from U.S.,(1000 MT),0.0
Barley,1983,TY Imports,(1000 MT),100.0
Barley,1983,Yield,(MT/HA),2.42
Barley,1984,Area Harvested,(1000 HA),1951.0
Barley,1984,Beginning Stocks,(1000 MT),953.0
Barley,1984,Domestic Consumption,(1000 MT),4529.0
Barley,1984,Ending Stocks,(1000 MT),1047.0
Barley,1984,Exports,(1000 MT),0.0
Barley,1984,Feed Dom. Consumption,(1000 MT),1550.0
Barley,1984,FSI Consumption,(1000 MT),2979.0
Barley,1984,Imports,(1000 MT),40.0
Barley,1984,Production,(1000 MT),4583.0
Barley,1984,Total Distribution,(1000 MT),5576.0
Barley,1984,Total Supply,(1000 MT),5576.0
Barley,1984,TY Exports,(1000 MT),0.0
Barley,1984,TY Imp. from U.S.,(1000 MT),0.0
Barley,1984,TY Imports,(1000 MT),40.0
Barley,1984,Yield,(MT/HA),2.35
Barley,1985,Area Harvested,(1000 HA),1748.0
Barley,1985,Beginning Stocks,(1000 MT),1047.0
Barley,1985,Domestic Consumption,(1000 MT),4960.0
Barley,1985,Ending Stocks,(1000 MT),1126.0
Barley,1985,Exports,(1000 MT),0.0
Barley,1985,Feed Dom. Consumption,(1000 MT),1800.0
Barley,1985,FSI Consumption,(1000 MT),3160.0
Barley,1985,Imports,(1000 MT),325.0
Barley,1985,Production,(1000 MT),4714.0
Barley,1985,Total Distribution,(1000 MT),6086.0
Barley,1985,Total Supply,(1000 MT),6086.0
Barley,1985,TY Exports,(1000 MT),0.0
Barley,1985,TY Imp. from U.S.,(1000 MT),0.0
Barley,1985,TY Imports,(1000 MT),325.0
Barley,1985,Yield,(MT/HA),2.7
Barley,1986,Area Harvested,(1000 HA),1913.0
Barley,1986,Beginning Stocks,(1000 MT),1126.0
Barley,1986,Domestic Consumption,(1000 MT),5145.0
Barley,1986,Ending Stocks,(1000 MT),1302.0
Barley,1986,Exports,(1000 MT),0.0
Barley,1986,Feed Dom. Consumption,(1000 MT),1775.0
Barley,1986,FSI Consumption,(1000 MT),3370.0
Barley,1986,Imports,(1000 MT),518.0
Barley,1986,Production,(1000 MT),4803.0
Barley,1986,Total Distribution,(1000 MT),6447.0
Barley,1986,Total Supply,(1000 MT),6447.0
Barley,1986,TY Exports,(1000 MT),0.0
Barley,1986,TY Imp. from U.S.,(1000 MT),0.0
Barley,1986,TY Imports,(1000 MT),518.0
Barley,1986,Yield,(MT/HA),2.51
Barley,1987,Area Harvested,(1000 HA),1941.0
Barley,1987,Beginning Stocks,(1000 MT),1302.0
Barley,1987,Domestic Consumption,(1000 MT),5399.0
Barley,1987,Ending Stocks,(1000 MT),1331.0
Barley,1987,Exports,(1000 MT),0.0
Barley,1987,Feed Dom. Consumption,(1000 MT),1775.0
Barley,1987,FSI Consumption,(1000 MT),3624.0
Barley,1987,Imports,(1000 MT),332.0
Barley,1987,Production,(1000 MT),5096.0
Barley,1987,Total Distribution,(1000 MT),6730.0
Barley,1987,Total Supply,(1000 MT),6730.0
Barley,1987,TY Exports,(1000 MT),0.0
Barley,1987,TY Imp. from U.S.,(1000 MT),0.0
Barley,1987,TY Imports,(1000 MT),332.0
Barley,1987,Yield,(MT/HA),2.63
Barley,1988,Area Harvested,(1000 HA),2022.0
Barley,1988,Beginning Stocks,(1000 MT),1331.0
Barley,1988,Domestic Consumption,(1000 MT),5415.0
Barley,1988,Ending Stocks,(1000 MT),1338.0
Barley,1988,Exports,(1000 MT),0.0
Barley,1988,Feed Dom. Consumption,(1000 MT),1625.0
Barley,1988,FSI Consumption,(1000 MT),3790.0
Barley,1988,Imports,(1000 MT),256.0
Barley,1988,Production,(1000 MT),5166.0
Barley,1988,Total Distribution,(1000 MT),6753.0
Barley,1988,Total Supply,(1000 MT),6753.0
Barley,1988,TY Exports,(1000 MT),0.0
Barley,1988,TY Imp. from U.S.,(1000 MT),0.0
Barley,1988,TY Imports,(1000 MT),256.0
Barley,1988,Yield,(MT/HA),2.55
Barley,1989,Area Harvested,(1000 HA),1848.0
Barley,1989,Beginning Stocks,(1000 MT),1338.0
Barley,1989,Domestic Consumption,(1000 MT),5417.0
Barley,1989,Ending Stocks,(1000 MT),1354.0
Barley,1989,Exports,(1000 MT),0.0
Barley,1989,Feed Dom. Consumption,(1000 MT),1675.0
Barley,1989,FSI Consumption,(1000 MT),3742.0
Barley,1989,Imports,(1000 MT),581.0
Barley,1989,Production,(1000 MT),4852.0
Barley,1989,Total Distribution,(1000 MT),6771.0
Barley,1989,Total Supply,(1000 MT),6771.0
Barley,1989,TY Exports,(1000 MT),0.0
Barley,1989,TY Imp. from U.S.,(1000 MT),0.0
Barley,1989,TY Imports,(1000 MT),581.0
Barley,1989,Yield,(MT/HA),2.63
Barley,1990,Area Harvested,(1000 HA),1809.0
Barley,1990,Beginning Stocks,(1000 MT),1354.0
Barley,1990,Domestic Consumption,(1000 MT),5652.0
Barley,1990,Ending Stocks,(1000 MT),1520.0
Barley,1990,Exports,(1000 MT),0.0
Barley,1990,Feed Dom. Consumption,(1000 MT),1850.0
Barley,1990,FSI Consumption,(1000 MT),3802.0
Barley,1990,Imports,(1000 MT),915.0
Barley,1990,Production,(1000 MT),4903.0
Barley,1990,Total Distribution,(1000 MT),7172.0
Barley,1990,Total Supply,(1000 MT),7172.0
Barley,1990,TY Exports,(1000 MT),0.0
Barley,1990,TY Imp. from U.S.,(1000 MT),0.0
Barley,1990,TY Imports,(1000 MT),915.0
Barley,1990,Yield,(MT/HA),2.71
Barley,1991,Area Harvested,(1000 HA),1618.0
Barley,1991,Beginning Stocks,(1000 MT),1520.0
Barley,1991,Domestic Consumption,(1000 MT),5714.0
Barley,1991,Ending Stocks,(1000 MT),1437.0
Barley,1991,Exports,(1000 MT),0.0
Barley,1991,Feed Dom. Consumption,(1000 MT),1725.0
Barley,1991,FSI Consumption,(1000 MT),3989.0
Barley,1991,Imports,(1000 MT),1009.0
Barley,1991,Production,(1000 MT),4622.0
Barley,1991,Total Distribution,(1000 MT),7151.0
Barley,1991,Total Supply,(1000 MT),7151.0
Barley,1991,TY Exports,(1000 MT),0.0
Barley,1991,TY Imp. from U.S.,(1000 MT),0.0
Barley,1991,TY Imports,(1000 MT),1009.0
Barley,1991,Yield,(MT/HA),2.86
Barley,1992,Area Harvested,(1000 HA),1526.0
Barley,1992,Beginning Stocks,(1000 MT),1437.0
Barley,1992,Domestic Consumption,(1000 MT),5673.0
Barley,1992,Ending Stocks,(1000 MT),1076.0
Barley,1992,Exports,(1000 MT),0.0
Barley,1992,Feed Dom. Consumption,(1000 MT),1550.0
Barley,1992,FSI Consumption,(1000 MT),4123.0
Barley,1992,Imports,(1000 MT),647.0
Barley,1992,Production,(1000 MT),4665.0
Barley,1992,Total Distribution,(1000 MT),6749.0
Barley,1992,Total Supply,(1000 MT),6749.0
Barley,1992,TY Exports,(1000 MT),0.0
Barley,1992,TY Imp. from U.S.,(1000 MT),0.0
Barley,1992,TY Imports,(1000 MT),647.0
Barley,1992,Yield,(MT/HA),3.06
Barley,1993,Area Harvested,(1000 HA),1355.0
Barley,1993,Beginning Stocks,(1000 MT),1076.0
Barley,1993,Domestic Consumption,(1000 MT),5743.0
Barley,1993,Ending Stocks,(1000 MT),978.0
Barley,1993,Exports,(1000 MT),0.0
Barley,1993,Feed Dom. Consumption,(1000 MT),1450.0
Barley,1993,FSI Consumption,(1000 MT),4293.0
Barley,1993,Imports,(1000 MT),1318.0
Barley,1993,Production,(1000 MT),4327.0
Barley,1993,Total Distribution,(1000 MT),6721.0
Barley,1993,Total Supply,(1000 MT),6721.0
Barley,1993,TY Exports,(1000 MT),0.0
Barley,1993,TY Imp. from U.S.,(1000 MT),0.0
Barley,1993,TY Imports,(1000 MT),1318.0
Barley,1993,Yield,(MT/HA),3.19
Barley,1994,Area Harvested,(1000 HA),1395.0
Barley,1994,Beginning Stocks,(1000 MT),978.0
Barley,1994,Domestic Consumption,(1000 MT),5854.0
Barley,1994,Ending Stocks,(1000 MT),899.0
Barley,1994,Exports,(1000 MT),1.0
Barley,1994,Feed Dom. Consumption,(1000 MT),1300.0
Barley,1994,FSI Consumption,(1000 MT),4554.0
Barley,1994,Imports,(1000 MT),1365.0
Barley,1994,Production,(1000 MT),4411.0
Barley,1994,Total Distribution,(1000 MT),6754.0
Barley,1994,Total Supply,(1000 MT),6754.0
Barley,1994,TY Exports,(1000 MT),1.0
Barley,1994,TY Imp. from U.S.,(1000 MT),78.0
Barley,1994,TY Imports,(1000 MT),1365.0
Barley,1994,Yield,(MT/HA),3.16
Barley,1995,Area Harvested,(1000 HA),1283.0
Barley,1995,Beginning Stocks,(1000 MT),899.0
Barley,1995,Domestic Consumption,(1000 MT),5550.0
Barley,1995,Ending Stocks,(1000 MT),837.0
Barley,1995,Exports,(1000 MT),0.0
Barley,1995,Feed Dom. Consumption,(1000 MT),1000.0
Barley,1995,FSI Consumption,(1000 MT),4550.0
Barley,1995,Imports,(1000 MT),1399.0
Barley,1995,Production,(1000 MT),4089.0
Barley,1995,Total Distribution,(1000 MT),6387.0
Barley,1995,Total Supply,(1000 MT),6387.0
Barley,1995,TY Exports,(1000 MT),0.0
Barley,1995,TY Imp. from U.S.,(1000 MT),0.0
Barley,1995,TY Imports,(1000 MT),1399.0
Barley,1995,Yield,(MT/HA),3.19
Barley,1996,Area Harvested,(1000 HA),1300.0
Barley,1996,Beginning Stocks,(1000 MT),837.0
Barley,1996,Domestic Consumption,(1000 MT),5700.0
Barley,1996,Ending Stocks,(1000 MT),1166.0
Barley,1996,Exports,(1000 MT),7.0
Barley,1996,Feed Dom. Consumption,(1000 MT),1000.0
Barley,1996,FSI Consumption,(1000 MT),4700.0
Barley,1996,Imports,(1000 MT),2036.0
Barley,1996,Production,(1000 MT),4000.0
Barley,1996,Total Distribution,(1000 MT),6873.0
Barley,1996,Total Supply,(1000 MT),6873.0
Barley,1996,TY Exports,(1000 MT),7.0
Barley,1996,TY Imp. from U.S.,(1000 MT),0.0
Barley,1996,TY Imports,(1000 MT),2036.0
Barley,1996,Yield,(MT/HA),3.08
Barley,1997,Area Harvested,(1000 HA),1300.0
Barley,1997,Beginning Stocks,(1000 MT),1166.0
Barley,1997,Domestic Consumption,(1000 MT),5575.0
Barley,1997,Ending Stocks,(1000 MT),767.0
Barley,1997,Exports,(1000 MT),0.0
Barley,1997,Feed Dom. Consumption,(1000 MT),2775.0
Barley,1997,FSI Consumption,(1000 MT),2800.0
Barley,1997,Imports,(1000 MT),1176.0
Barley,1997,Production,(1000 MT),4000.0
Barley,1997,Total Distribution,(1000 MT),6342.0
Barley,1997,Total Supply,(1000 MT),6342.0
Barley,1997,TY Exports,(1000 MT),0.0
Barley,1997,TY Imp. from U.S.,(1000 MT),0.0
Barley,1997,TY Imports,(1000 MT),1176.0
Barley,1997,Yield,(MT/HA),3.08
Barley,1998,Area Harvested,(1000 HA),904.0
Barley,1998,Beginning Stocks,(1000 MT),767.0
Barley,1998,Domestic Consumption,(1000 MT),5209.0
Barley,1998,Ending Stocks,(1000 MT),163.0
Barley,1998,Exports,(1000 MT),6.0
Barley,1998,Feed Dom. Consumption,(1000 MT),2209.0
Barley,1998,FSI Consumption,(1000 MT),3000.0
Barley,1998,Imports,(1000 MT),1955.0
Barley,1998,Production,(1000 MT),2656.0
Barley,1998,Total Distribution,(1000 MT),5378.0
Barley,1998,Total Supply,(1000 MT),5378.0
Barley,1998,TY Exports,(1000 MT),6.0
Barley,1998,TY Imp. from U.S.,(1000 MT),0.0
Barley,1998,TY Imports,(1000 MT),1955.0
Barley,1998,Yield,(MT/HA),2.94
Barley,1999,Area Harvested,(1000 HA),868.0
Barley,1999,Beginning Stocks,(1000 MT),163.0
Barley,1999,Domestic Consumption,(1000 MT),5200.0
Barley,1999,Ending Stocks,(1000 MT),176.0
Barley,1999,Exports,(1000 MT),1.0
Barley,1999,Feed Dom. Consumption,(1000 MT),1950.0
Barley,1999,FSI Consumption,(1000 MT),3250.0
Barley,1999,Imports,(1000 MT),2244.0
Barley,1999,Production,(1000 MT),2970.0
Barley,1999,Total Distribution,(1000 MT),5377.0
Barley,1999,Total Supply,(1000 MT),5377.0
Barley,1999,TY Exports,(1000 MT),1.0
Barley,1999,TY Imp. from U.S.,(1000 MT),0.0
Barley,1999,TY Imports,(1000 MT),2244.0
Barley,1999,Yield,(MT/HA),3.42
Barley,2000,Area Harvested,(1000 HA),889.0
Barley,2000,Beginning Stocks,(1000 MT),176.0
Barley,2000,Domestic Consumption,(1000 MT),4900.0
Barley,2000,Ending Stocks,(1000 MT),162.0
Barley,2000,Exports,(1000 MT),1.0
Barley,2000,Feed Dom. Consumption,(1000 MT),1600.0
Barley,2000,FSI Consumption,(1000 MT),3300.0
Barley,2000,Imports,(1000 MT),2305.0
Barley,2000,Production,(1000 MT),2582.0
Barley,2000,Total Distribution,(1000 MT),5063.0
Barley,2000,Total Supply,(1000 MT),5063.0
Barley,2000,TY Exports,(1000 MT),1.0
Barley,2000,TY Imp. from U.S.,(1000 MT),57.0
Barley,2000,TY Imports,(1000 MT),2305.0
Barley,2000,Yield,(MT/HA),2.9
Barley,2001,Area Harvested,(1000 HA),770.0
Barley,2001,Beginning Stocks,(1000 MT),162.0
Barley,2001,Domestic Consumption,(1000 MT),4500.0
Barley,2001,Ending Stocks,(1000 MT),468.0
Barley,2001,Exports,(1000 MT),0.0
Barley,2001,Feed Dom. Consumption,(1000 MT),1200.0
Barley,2001,FSI Consumption,(1000 MT),3300.0
Barley,2001,Imports,(1000 MT),1913.0
Barley,2001,Production,(1000 MT),2893.0
Barley,2001,Total Distribution,(1000 MT),4968.0
Barley,2001,Total Supply,(1000 MT),4968.0
Barley,2001,TY Exports,(1000 MT),0.0
Barley,2001,TY Imp. from U.S.,(1000 MT),0.0
Barley,2001,TY Imports,(1000 MT),1913.0
Barley,2001,Yield,(MT/HA),3.76
Barley,2002,Area Harvested,(1000 HA),914.0
Barley,2002,Beginning Stocks,(1000 MT),468.0
Barley,2002,Domestic Consumption,(1000 MT),4900.0
Barley,2002,Ending Stocks,(1000 MT),678.0
Barley,2002,Exports,(1000 MT),4.0
Barley,2002,Feed Dom. Consumption,(1000 MT),1400.0
Barley,2002,FSI Consumption,(1000 MT),3500.0
Barley,2002,Imports,(1000 MT),1792.0
Barley,2002,Production,(1000 MT),3322.0
Barley,2002,Total Distribution,(1000 MT),5582.0
Barley,2002,Total Supply,(1000 MT),5582.0
Barley,2002,TY Exports,(1000 MT),4.0
Barley,2002,TY Imp. from U.S.,(1000 MT),0.0
Barley,2002,TY Imports,(1000 MT),1792.0
Barley,2002,Yield,(MT/HA),3.63
Barley,2003,Area Harvested,(1000 HA),913.0
Barley,2003,Beginning Stocks,(1000 MT),678.0
Barley,2003,Domestic Consumption,(1000 MT),5200.0
Barley,2003,Ending Stocks,(1000 MT),245.0
Barley,2003,Exports,(1000 MT),2.0
Barley,2003,Feed Dom. Consumption,(1000 MT),1500.0
Barley,2003,FSI Consumption,(1000 MT),3700.0
Barley,2003,Imports,(1000 MT),1519.0
Barley,2003,Production,(1000 MT),3250.0
Barley,2003,Total Distribution,(1000 MT),5447.0
Barley,2003,Total Supply,(1000 MT),5447.0
Barley,2003,TY Exports,(1000 MT),2.0
Barley,2003,TY Imp. from U.S.,(1000 MT),0.0
Barley,2003,TY Imports,(1000 MT),1519.0
Barley,2003,Yield,(MT/HA),3.56
Barley,2004,Area Harvested,(1000 HA),785.0
Barley,2004,Beginning Stocks,(1000 MT),245.0
Barley,2004,Domestic Consumption,(1000 MT),5350.0
Barley,2004,Ending Stocks,(1000 MT),163.0
Barley,2004,Exports,(1000 MT),3.0
Barley,2004,Feed Dom. Consumption,(1000 MT),1500.0
Barley,2004,FSI Consumption,(1000 MT),3850.0
Barley,2004,Imports,(1000 MT),2049.0
Barley,2004,Production,(1000 MT),3222.0
Barley,2004,Total Distribution,(1000 MT),5516.0
Barley,2004,Total Supply,(1000 MT),5516.0
Barley,2004,TY Exports,(1000 MT),3.0
Barley,2004,TY Imp. from U.S.,(1000 MT),0.0
Barley,2004,TY Imports,(1000 MT),2049.0
Barley,2004,Yield,(MT/HA),4.1
Barley,2005,Area Harvested,(1000 HA),831.0
Barley,2005,Beginning Stocks,(1000 MT),163.0
Barley,2005,Domestic Consumption,(1000 MT),5400.0
Barley,2005,Ending Stocks,(1000 MT),421.0
Barley,2005,Exports,(1000 MT),3.0
Barley,2005,Feed Dom. Consumption,(1000 MT),1500.0
Barley,2005,FSI Consumption,(1000 MT),3900.0
Barley,2005,Imports,(1000 MT),2217.0
Barley,2005,Production,(1000 MT),3444.0
Barley,2005,Total Distribution,(1000 MT),5824.0
Barley,2005,Total Supply,(1000 MT),5824.0
Barley,2005,TY Exports,(1000 MT),3.0
Barley,2005,TY Imp. from U.S.,(1000 MT),0.0
Barley,2005,TY Imports,(1000 MT),2217.0
Barley,2005,Yield,(MT/HA),4.14
Barley,2006,Area Harvested,(1000 HA),832.0
Barley,2006,Beginning Stocks,(1000 MT),421.0
Barley,2006,Domestic Consumption,(1000 MT),4300.0
Barley,2006,Ending Stocks,(1000 MT),329.0
Barley,2006,Exports,(1000 MT),49.0
Barley,2006,Feed Dom. Consumption,(1000 MT),400.0
Barley,2006,FSI Consumption,(1000 MT),3900.0
Barley,2006,Imports,(1000 MT),1127.0
Barley,2006,Production,(1000 MT),3130.0
Barley,2006,Total Distribution,(1000 MT),4678.0
Barley,2006,Total Supply,(1000 MT),4678.0
Barley,2006,TY Exports,(1000 MT),49.0
Barley,2006,TY Imp. from U.S.,(1000 MT),0.0
Barley,2006,TY Imports,(1000 MT),1127.0
Barley,2006,Yield,(MT/HA),3.76
Barley,2007,Area Harvested,(1000 HA),792.0
Barley,2007,Beginning Stocks,(1000 MT),329.0
Barley,2007,Domestic Consumption,(1000 MT),3800.0
Barley,2007,Ending Stocks,(1000 MT),319.0
Barley,2007,Exports,(1000 MT),81.0
Barley,2007,Feed Dom. Consumption,(1000 MT),100.0
Barley,2007,FSI Consumption,(1000 MT),3700.0
Barley,2007,Imports,(1000 MT),1091.0
Barley,2007,Production,(1000 MT),2780.0
Barley,2007,Total Distribution,(1000 MT),4200.0
Barley,2007,Total Supply,(1000 MT),4200.0
Barley,2007,TY Exports,(1000 MT),81.0
Barley,2007,TY Imp. from U.S.,(1000 MT),0.0
Barley,2007,TY Imports,(1000 MT),1091.0
Barley,2007,Yield,(MT/HA),3.51
Barley,2008,Area Harvested,(1000 HA),760.0
Barley,2008,Beginning Stocks,(1000 MT),319.0
Barley,2008,Domestic Consumption,(1000 MT),4300.0
Barley,2008,Ending Stocks,(1000 MT),161.0
Barley,2008,Exports,(1000 MT),17.0
Barley,2008,Feed Dom. Consumption,(1000 MT),500.0
Barley,2008,FSI Consumption,(1000 MT),3800.0
Barley,2008,Imports,(1000 MT),1551.0
Barley,2008,Production,(1000 MT),2608.0
Barley,2008,Total Distribution,(1000 MT),4478.0
Barley,2008,Total Supply,(1000 MT),4478.0
Barley,2008,TY Exports,(1000 MT),17.0
Barley,2008,TY Imp. from U.S.,(1000 MT),0.0
Barley,2008,TY Imports,(1000 MT),1551.0
Barley,2008,Yield,(MT/HA),3.43
Barley,2009,Area Harvested,(1000 HA),623.0
Barley,2009,Beginning Stocks,(1000 MT),161.0
Barley,2009,Domestic Consumption,(1000 MT),4400.0
Barley,2009,Ending Stocks,(1000 MT),299.0
Barley,2009,Exports,(1000 MT),13.0
Barley,2009,Feed Dom. Consumption,(1000 MT),500.0
Barley,2009,FSI Consumption,(1000 MT),3900.0
Barley,2009,Imports,(1000 MT),2341.0
Barley,2009,Production,(1000 MT),2210.0
Barley,2009,Total Distribution,(1000 MT),4712.0
Barley,2009,Total Supply,(1000 MT),4712.0
Barley,2009,TY Exports,(1000 MT),13.0
Barley,2009,TY Imp. from U.S.,(1000 MT),0.0
Barley,2009,TY Imports,(1000 MT),2341.0
Barley,2009,Yield,(MT/HA),3.55
Barley,2010,Area Harvested,(1000 HA),553.0
Barley,2010,Beginning Stocks,(1000 MT),299.0
Barley,2010,Domestic Consumption,(1000 MT),3850.0
Barley,2010,Ending Stocks,(1000 MT),48.0
Barley,2010,Exports,(1000 MT),9.0
Barley,2010,Feed Dom. Consumption,(1000 MT),50.0
Barley,2010,FSI Consumption,(1000 MT),3800.0
Barley,2010,Imports,(1000 MT),1656.0
Barley,2010,Production,(1000 MT),1952.0
Barley,2010,Total Distribution,(1000 MT),3907.0
Barley,2010,Total Supply,(1000 MT),3907.0
Barley,2010,TY Exports,(1000 MT),9.0
Barley,2010,TY Imp. from U.S.,(1000 MT),0.0
Barley,2010,TY Imports,(1000 MT),1656.0
Barley,2010,Yield,(MT/HA),3.53
Barley,2011,Area Harvested,(1000 HA),533.0
Barley,2011,Beginning Stocks,(1000 MT),48.0
Barley,2011,Domestic Consumption,(1000 MT),4100.0
Barley,2011,Ending Stocks,(1000 MT),389.0
Barley,2011,Exports,(1000 MT),4.0
Barley,2011,Feed Dom. Consumption,(1000 MT),300.0
Barley,2011,FSI Consumption,(1000 MT),3800.0
Barley,2011,Imports,(1000 MT),2541.0
Barley,2011,Production,(1000 MT),1904.0
Barley,2011,Total Distribution,(1000 MT),4493.0
Barley,2011,Total Supply,(1000 MT),4493.0
Barley,2011,TY Exports,(1000 MT),4.0
Barley,2011,TY Imp. from U.S.,(1000 MT),0.0
Barley,2011,TY Imports,(1000 MT),2541.0
Barley,2011,Yield,(MT/HA),3.57
Barley,2012,Area Harvested,(1000 HA),499.0
Barley,2012,Beginning Stocks,(1000 MT),389.0
Barley,2012,Domestic Consumption,(1000 MT),4000.0
Barley,2012,Ending Stocks,(1000 MT),256.0
Barley,2012,Exports,(1000 MT),1.0
Barley,2012,Feed Dom. Consumption,(1000 MT),300.0
Barley,2012,FSI Consumption,(1000 MT),3700.0
Barley,2012,Imports,(1000 MT),2183.0
Barley,2012,Production,(1000 MT),1685.0
Barley,2012,Total Distribution,(1000 MT),4257.0
Barley,2012,Total Supply,(1000 MT),4257.0
Barley,2012,TY Exports,(1000 MT),1.0
Barley,2012,TY Imp. from U.S.,(1000 MT),0.0
Barley,2012,TY Imports,(1000 MT),2183.0
Barley,2012,Yield,(MT/HA),3.38
Barley,2013,Area Harvested,(1000 HA),441.0
Barley,2013,Beginning Stocks,(1000 MT),256.0
Barley,2013,Domestic Consumption,(1000 MT),6300.0
Barley,2013,Ending Stocks,(1000 MT),382.0
Barley,2013,Exports,(1000 MT),0.0
Barley,2013,Feed Dom. Consumption,(1000 MT),2400.0
Barley,2013,FSI Consumption,(1000 MT),3900.0
Barley,2013,Imports,(1000 MT),4891.0
Barley,2013,Production,(1000 MT),1535.0
Barley,2013,Total Distribution,(1000 MT),6682.0
Barley,2013,Total Supply,(1000 MT),6682.0
Barley,2013,TY Exports,(1000 MT),0.0
Barley,2013,TY Imp. from U.S.,(1000 MT),0.0
Barley,2013,TY Imports,(1000 MT),4891.0
Barley,2013,Yield,(MT/HA),3.48
Barley,2014,Area Harvested,(1000 HA),381.0
Barley,2014,Beginning Stocks,(1000 MT),382.0
Barley,2014,Domestic Consumption,(1000 MT),11400.0
Barley,2014,Ending Stocks,(1000 MT),302.0
Barley,2014,Exports,(1000 MT),0.0
Barley,2014,Feed Dom. Consumption,(1000 MT),7400.0
Barley,2014,FSI Consumption,(1000 MT),4000.0
Barley,2014,Imports,(1000 MT),9859.0
Barley,2014,Production,(1000 MT),1461.0
Barley,2014,Total Distribution,(1000 MT),11702.0
Barley,2014,Total Supply,(1000 MT),11702.0
Barley,2014,TY Exports,(1000 MT),0.0
Barley,2014,TY Imp. from U.S.,(1000 MT),0.0
Barley,2014,TY Imports,(1000 MT),9859.0
Barley,2014,Yield,(MT/HA),3.83
Barley,2015,Area Harvested,(1000 HA),375.0
Barley,2015,Beginning Stocks,(1000 MT),302.0
Barley,2015,Domestic Consumption,(1000 MT),7500.0
Barley,2015,Ending Stocks,(1000 MT),82.0
Barley,2015,Exports,(1000 MT),0.0
Barley,2015,Feed Dom. Consumption,(1000 MT),3800.0
Barley,2015,FSI Consumption,(1000 MT),3700.0
Barley,2015,Imports,(1000 MT),5869.0
Barley,2015,Production,(1000 MT),1411.0
Barley,2015,Total Distribution,(1000 MT),7582.0
Barley,2015,Total Supply,(1000 MT),7582.0
Barley,2015,TY Exports,(1000 MT),0.0
Barley,2015,TY Imp. from U.S.,(1000 MT),0.0
Barley,2015,TY Imports,(1000 MT),5869.0
Barley,2015,Yield,(MT/HA),3.76
Barley,2016,Area Harvested,(1000 HA),361.0
Barley,2016,Beginning Stocks,(1000 MT),82.0
Barley,2016,Domestic Consumption,(1000 MT),9200.0
Barley,2016,Ending Stocks,(1000 MT),178.0
Barley,2016,Exports,(1000 MT),0.0
Barley,2016,Feed Dom. Consumption,(1000 MT),5300.0
Barley,2016,FSI Consumption,(1000 MT),3900.0
Barley,2016,Imports,(1000 MT),8104.0
Barley,2016,Production,(1000 MT),1192.0
Barley,2016,Total Distribution,(1000 MT),9378.0
Barley,2016,Total Supply,(1000 MT),9378.0
Barley,2016,TY Exports,(1000 MT),0.0
Barley,2016,TY Imp. from U.S.,(1000 MT),0.0
Barley,2016,TY Imports,(1000 MT),8104.0
Barley,2016,Yield,(MT/HA),3.3
Barley,2017,Area Harvested,(1000 HA),330.0
Barley,2017,Beginning Stocks,(1000 MT),178.0
Barley,2017,Domestic Consumption,(1000 MT),9300.0
Barley,2017,Ending Stocks,(1000 MT),107.0
Barley,2017,Exports,(1000 MT),0.0
Barley,2017,Feed Dom. Consumption,(1000 MT),5500.0
Barley,2017,FSI Consumption,(1000 MT),3800.0
Barley,2017,Imports,(1000 MT),8144.0
Barley,2017,Production,(1000 MT),1085.0
Barley,2017,Total Distribution,(1000 MT),9407.0
Barley,2017,Total Supply,(1000 MT),9407.0
Barley,2017,TY Exports,(1000 MT),0.0
Barley,2017,TY Imp. from U.S.,(1000 MT),0.0
Barley,2017,TY Imports,(1000 MT),8144.0
Barley,2017,Yield,(MT/HA),3.29
Barley,2018,Area Harvested,(1000 HA),262.0
Barley,2018,Beginning Stocks,(1000 MT),107.0
Barley,2018,Domestic Consumption,(1000 MT),6100.0
Barley,2018,Ending Stocks,(1000 MT),145.0
Barley,2018,Exports,(1000 MT),0.0
Barley,2018,Feed Dom. Consumption,(1000 MT),2200.0
Barley,2018,FSI Consumption,(1000 MT),3900.0
Barley,2018,Imports,(1000 MT),5181.0
Barley,2018,Production,(1000 MT),957.0
Barley,2018,Total Distribution,(1000 MT),6245.0
Barley,2018,Total Supply,(1000 MT),6245.0
Barley,2018,TY Exports,(1000 MT),0.0
Barley,2018,TY Imp. from U.S.,(1000 MT),0.0
Barley,2018,TY Imports,(1000 MT),5181.0
Barley,2018,Yield,(MT/HA),3.65
Barley,2019,Area Harvested,(1000 HA),511.0
Barley,2019,Beginning Stocks,(1000 MT),145.0
Barley,2019,Domestic Consumption,(1000 MT),8000.0
Barley,2019,Ending Stocks,(1000 MT),125.0
Barley,2019,Exports,(1000 MT),0.0
Barley,2019,Feed Dom. Consumption,(1000 MT),4000.0
Barley,2019,FSI Consumption,(1000 MT),4000.0
Barley,2019,Imports,(1000 MT),5969.0
Barley,2019,Production,(1000 MT),2011.0
Barley,2019,Total Distribution,(1000 MT),8125.0
Barley,2019,Total Supply,(1000 MT),8125.0
Barley,2019,TY Exports,(1000 MT),0.0
Barley,2019,TY Imp. from U.S.,(1000 MT),0.0
Barley,2019,TY Imports,(1000 MT),5969.0
Barley,2019,Yield,(MT/HA),3.94
Barley,2020,Area Harvested,(1000 HA),509.0
Barley,2020,Beginning Stocks,(1000 MT),125.0
Barley,2020,Domestic Consumption,(1000 MT),12600.0
Barley,2020,Ending Stocks,(1000 MT),1610.0
Barley,2020,Exports,(1000 MT),0.0
Barley,2020,Feed Dom. Consumption,(1000 MT),8500.0
Barley,2020,FSI Consumption,(1000 MT),4100.0
Barley,2020,Imports,(1000 MT),12049.0
Barley,2020,Production,(1000 MT),2036.0
Barley,2020,Total Distribution,(1000 MT),14210.0
Barley,2020,Total Supply,(1000 MT),14210.0
Barley,2020,TY Exports,(1000 MT),0.0
Barley,2020,TY Imp. from U.S.,(1000 MT),0.0
Barley,2020,TY Imports,(1000 MT),12049.0
Barley,2020,Yield,(MT/HA),4.0
Barley,2021,Area Harvested,(1000 HA),542.0
Barley,2021,Beginning Stocks,(1000 MT),1610.0
Barley,2021,Domestic Consumption,(1000 MT),11600.0
Barley,2021,Ending Stocks,(1000 MT),426.0
Barley,2021,Exports,(1000 MT),0.0
Barley,2021,Feed Dom. Consumption,(1000 MT),7500.0
Barley,2021,FSI Consumption,(1000 MT),4100.0
Barley,2021,Imports,(1000 MT),8282.0
Barley,2021,Production,(1000 MT),2134.0
Barley,2021,Total Distribution,(1000 MT),12026.0
Barley,2021,Total Supply,(1000 MT),12026.0
Barley,2021,TY Exports,(1000 MT),0.0
Barley,2021,TY Imp. from U.S.,(1000 MT),0.0
Barley,2021,TY Imports,(1000 MT),8282.0
Barley,2021,Yield,(MT/HA),3.94
Barley,2022,Area Harvested,(1000 HA),560.0
Barley,2022,Beginning Stocks,(1000 MT),426.0
Barley,2022,Domestic Consumption,(1000 MT),11000.0
Barley,2022,Ending Stocks,(1000 MT),200.0
Barley,2022,Exports,(1000 MT),0.0
Barley,2022,Feed Dom. Consumption,(1000 MT),6800.0
Barley,2022,FSI Consumption,(1000 MT),4200.0
Barley,2022,Imports,(1000 MT),8582.0
Barley,2022,Production,(1000 MT),2192.0
Barley,2022,Total Distribution,(1000 MT),11200.0
Barley,2022,Total Supply,(1000 MT),11200.0
Barley,2022,TY Exports,(1000 MT),0.0
Barley,2022,TY Imp. from U.S.,(1000 MT),0.0
Barley,2022,TY Imports,(1000 MT),8582.0
Barley,2022,Yield,(MT/HA),3.91
Barley,2023,Area Harvested,(1000 HA),500.0
Barley,2023,Beginning Stocks,(1000 MT),200.0
Barley,2023,Domestic Consumption,(1000 MT),16400.0
Barley,2023,Ending Stocks,(1000 MT),1698.0
Barley,2023,Exports,(1000 MT),0.0
Barley,2023,Feed Dom. Consumption,(1000 MT),11900.0
Barley,2023,FSI Consumption,(1000 MT),4500.0
Barley,2023,Imports,(1000 MT),15898.0
Barley,2023,Production,(1000 MT),2000.0
Barley,2023,Total Distribution,(1000 MT),18098.0
Barley,2023,Total Supply,(1000 MT),18098.0
Barley,2023,TY Exports,(1000 MT),0.0
Barley,2023,TY Imp. from U.S.,(1000 MT),0.0
Barley,2023,TY Imports,(1000 MT),15898.0
Barley,2023,Yield,(MT/HA),4.0
Barley,2024,Area Harvested,(1000 HA),500.0
Barley,2024,Beginning Stocks,(1000 MT),1698.0
Barley,2024,Domestic Consumption,(1000 MT),13400.0
Barley,2024,Ending Stocks,(1000 MT),550.0
Barley,2024,Exports,(1000 MT),0.0
Barley,2024,Feed Dom. Consumption,(1000 MT),9200.0
Barley,2024,FSI Consumption,(1000 MT),4200.0
Barley,2024,Imports,(1000 MT),10252.0
Barley,2024,Production,(1000 MT),2000.0
Barley,2024,Total Distribution,(1000 MT),13950.0
Barley,2024,Total Supply,(1000 MT),13950.0
Barley,2024,TY Exports,(1000 MT),0.0
Barley,2024,TY Imp. from U.S.,(1000 MT),0.0
Barley,2024,TY Imports,(1000 MT),10252.0
Barley,2024,Yield,(MT/HA),4.0
Barley,2025,Area Harvested,(1000 HA),560.0
Barley,2025,Beginning Stocks,(1000 MT),550.0
Barley,2025,Domestic Consumption,(1000 MT),14900.0
Barley,2025,Ending Stocks,(1000 MT),450.0
Barley,2025,Exports,(1000 MT),0.0
Barley,2025,Feed Dom. Consumption,(1000 MT),10700.0
Barley,2025,FSI Consumption,(1000 MT),4200.0
Barley,2025,Imports,(1000 MT),12500.0
Barley,2025,Production,(1000 MT),2300.0
Barley,2025,Total Distribution,(1000 MT),15350.0
Barley,2025,Total Supply,(1000 MT),15350.0
Barley,2025,TY Exports,(1000 MT),0.0
Barley,2025,TY Imp. from U.S.,(1000 MT),0.0
Barley,2025,TY Imports,(1000 MT),12500.0
Barley,2025,Yield,(MT/HA),4.11
Barley,2026,Area Harvested,(1000 HA),560.0
Barley,2026,Beginning Stocks,(1000 MT),450.0
Barley,2026,Domestic Consumption,(1000 MT),13100.0
Barley,2026,Ending Stocks,(1000 MT),350.0
Barley,2026,Exports,(1000 MT),0.0
Barley,2026,Feed Dom. Consumption,(1000 MT),8900.0
Barley,2026,FSI Consumption,(1000 MT),4200.0
Barley,2026,Imports,(1000 MT),10700.0
Barley,2026,Production,(1000 MT),2300.0
Barley,2026,Total Distribution,(1000 MT),13450.0
Barley,2026,Total Supply,(1000 MT),13450.0
Barley,2026,TY Exports,(1000 MT),0.0
Barley,2026,TY Imp. from U.S.,(1000 MT),0.0
Barley,2026,TY Imports,(1000 MT),10700.0
Barley,2026,Yield,(MT/HA),4.11
Corn,1960,Area Harvested,(1000 HA),14090.0
Corn,1960,Beginning Stocks,(1000 MT),3389.0
Corn,1960,Domestic Consumption,(1000 MT),16398.0
Corn,1960,Ending Stocks,(1000 MT),1358.0
Corn,1960,Exports,(1000 MT),14.0
Corn,1960,Feed Dom. Consumption,(1000 MT),4494.0
Corn,1960,FSI Consumption,(1000 MT),11904.0
Corn,1960,Imports,(1000 MT),33.0
Corn,1960,Production,(1000 MT),14348.0
Corn,1960,Total Distribution,(1000 MT),17770.0
Corn,1960,Total Supply,(1000 MT),17770.0
Corn,1960,TY Exports,(1000 MT),14.0
Corn,1960,TY Imp. from U.S.,(1000 MT),0.0
Corn,1960,TY Imports,(1000 MT),33.0
Corn,1960,Yield,(MT/HA),1.02
Corn,1961,Area Harvested,(1000 HA),13602.0
Corn,1961,Beginning Stocks,(1000 MT),1358.0
Corn,1961,Domestic Consumption,(1000 MT),17262.0
Corn,1961,Ending Stocks,(1000 MT),5653.0
Corn,1961,Exports,(1000 MT),0.0
Corn,1961,Feed Dom. Consumption,(1000 MT),3082.0
Corn,1961,FSI Consumption,(1000 MT),14180.0
Corn,1961,Imports,(1000 MT),212.0
Corn,1961,Production,(1000 MT),21345.0
Corn,1961,Total Distribution,(1000 MT),22915.0
Corn,1961,Total Supply,(1000 MT),22915.0
Corn,1961,TY Exports,(1000 MT),0.0
Corn,1961,TY Imp. from U.S.,(1000 MT),0.0
Corn,1961,TY Imports,(1000 MT),212.0
Corn,1961,Yield,(MT/HA),1.57
Corn,1962,Area Harvested,(1000 HA),12817.0
Corn,1962,Beginning Stocks,(1000 MT),5653.0
Corn,1962,Domestic Consumption,(1000 MT),21276.0
Corn,1962,Ending Stocks,(1000 MT),5514.0
Corn,1962,Exports,(1000 MT),19.0
Corn,1962,Feed Dom. Consumption,(1000 MT),2668.0
Corn,1962,FSI Consumption,(1000 MT),18608.0
Corn,1962,Imports,(1000 MT),264.0
Corn,1962,Production,(1000 MT),20892.0
Corn,1962,Total Distribution,(1000 MT),26809.0
Corn,1962,Total Supply,(1000 MT),26809.0
Corn,1962,TY Exports,(1000 MT),19.0
Corn,1962,TY Imp. from U.S.,(1000 MT),0.0
Corn,1962,TY Imports,(1000 MT),264.0
Corn,1962,Yield,(MT/HA),1.63
Corn,1963,Area Harvested,(1000 HA),15376.0
Corn,1963,Beginning Stocks,(1000 MT),5514.0
Corn,1963,Domestic Consumption,(1000 MT),20957.0
Corn,1963,Ending Stocks,(1000 MT),5251.0
Corn,1963,Exports,(1000 MT),98.0
Corn,1963,Feed Dom. Consumption,(1000 MT),6363.0
Corn,1963,FSI Consumption,(1000 MT),14594.0
Corn,1963,Imports,(1000 MT),212.0
Corn,1963,Production,(1000 MT),20580.0
Corn,1963,Total Distribution,(1000 MT),26306.0
Corn,1963,Total Supply,(1000 MT),26306.0
Corn,1963,TY Exports,(1000 MT),98.0
Corn,1963,TY Imp. from U.S.,(1000 MT),0.0
Corn,1963,TY Imports,(1000 MT),212.0
Corn,1963,Yield,(MT/HA),1.34
Corn,1964,Area Harvested,(1000 HA),15363.0
Corn,1964,Beginning Stocks,(1000 MT),5251.0
Corn,1964,Domestic Consumption,(1000 MT),23420.0
Corn,1964,Ending Stocks,(1000 MT),4337.0
Corn,1964,Exports,(1000 MT),285.0
Corn,1964,Feed Dom. Consumption,(1000 MT),9572.0
Corn,1964,FSI Consumption,(1000 MT),13848.0
Corn,1964,Imports,(1000 MT),101.0
Corn,1964,Production,(1000 MT),22690.0
Corn,1964,Total Distribution,(1000 MT),28042.0
Corn,1964,Total Supply,(1000 MT),28042.0
Corn,1964,TY Exports,(1000 MT),285.0
Corn,1964,TY Imp. from U.S.,(1000 MT),0.0
Corn,1964,TY Imports,(1000 MT),101.0
Corn,1964,Yield,(MT/HA),1.48
Corn,1965,Area Harvested,(1000 HA),15671.0
Corn,1965,Beginning Stocks,(1000 MT),4337.0
Corn,1965,Domestic Consumption,(1000 MT),24475.0
Corn,1965,Ending Stocks,(1000 MT),3321.0
Corn,1965,Exports,(1000 MT),232.0
Corn,1965,Feed Dom. Consumption,(1000 MT),9902.0
Corn,1965,FSI Consumption,(1000 MT),14573.0
Corn,1965,Imports,(1000 MT),31.0
Corn,1965,Production,(1000 MT),23660.0
Corn,1965,Total Distribution,(1000 MT),28028.0
Corn,1965,Total Supply,(1000 MT),28028.0
Corn,1965,TY Exports,(1000 MT),232.0
Corn,1965,TY Imp. from U.S.,(1000 MT),0.0
Corn,1965,TY Imports,(1000 MT),31.0
Corn,1965,Yield,(MT/HA),1.51
Corn,1966,Area Harvested,(1000 HA),16292.0
Corn,1966,Beginning Stocks,(1000 MT),3321.0
Corn,1966,Domestic Consumption,(1000 MT),26359.0
Corn,1966,Ending Stocks,(1000 MT),4515.0
Corn,1966,Exports,(1000 MT),123.0
Corn,1966,Feed Dom. Consumption,(1000 MT),10386.0
Corn,1966,FSI Consumption,(1000 MT),15973.0
Corn,1966,Imports,(1000 MT),63.0
Corn,1966,Production,(1000 MT),27613.0
Corn,1966,Total Distribution,(1000 MT),30997.0
Corn,1966,Total Supply,(1000 MT),30997.0
Corn,1966,TY Exports,(1000 MT),123.0
Corn,1966,TY Imp. from U.S.,(1000 MT),0.0
Corn,1966,TY Imports,(1000 MT),63.0
Corn,1966,Yield,(MT/HA),1.69
Corn,1967,Area Harvested,(1000 HA),15740.0
Corn,1967,Beginning Stocks,(1000 MT),4515.0
Corn,1967,Domestic Consumption,(1000 MT),28339.0
Corn,1967,Ending Stocks,(1000 MT),5979.0
Corn,1967,Exports,(1000 MT),25.0
Corn,1967,Feed Dom. Consumption,(1000 MT),12563.0
Corn,1967,FSI Consumption,(1000 MT),15776.0
Corn,1967,Imports,(1000 MT),113.0
Corn,1967,Production,(1000 MT),29715.0
Corn,1967,Total Distribution,(1000 MT),34343.0
Corn,1967,Total Supply,(1000 MT),34343.0
Corn,1967,TY Exports,(1000 MT),25.0
Corn,1967,TY Imp. from U.S.,(1000 MT),0.0
Corn,1967,TY Imports,(1000 MT),113.0
Corn,1967,Yield,(MT/HA),1.89
Corn,1968,Area Harvested,(1000 HA),15474.0
Corn,1968,Beginning Stocks,(1000 MT),5979.0
Corn,1968,Domestic Consumption,(1000 MT),26721.0
Corn,1968,Ending Stocks,(1000 MT),6085.0
Corn,1968,Exports,(1000 MT),35.0
Corn,1968,Feed Dom. Consumption,(1000 MT),11359.0
Corn,1968,FSI Consumption,(1000 MT),15362.0
Corn,1968,Imports,(1000 MT),1.0
Corn,1968,Production,(1000 MT),26861.0
Corn,1968,Total Distribution,(1000 MT),32841.0
Corn,1968,Total Supply,(1000 MT),32841.0
Corn,1968,TY Exports,(1000 MT),35.0
Corn,1968,TY Imp. from U.S.,(1000 MT),0.0
Corn,1968,TY Imports,(1000 MT),1.0
Corn,1968,Yield,(MT/HA),1.74
Corn,1969,Area Harvested,(1000 HA),15797.0
Corn,1969,Beginning Stocks,(1000 MT),6085.0
Corn,1969,Domestic Consumption,(1000 MT),27426.0
Corn,1969,Ending Stocks,(1000 MT),6485.0
Corn,1969,Exports,(1000 MT),0.0
Corn,1969,Feed Dom. Consumption,(1000 MT),10225.0
Corn,1969,FSI Consumption,(1000 MT),17201.0
Corn,1969,Imports,(1000 MT),0.0
Corn,1969,Production,(1000 MT),27826.0
Corn,1969,Total Distribution,(1000 MT),33911.0
Corn,1969,Total Supply,(1000 MT),33911.0
Corn,1969,TY Exports,(1000 MT),0.0
Corn,1969,TY Imp. from U.S.,(1000 MT),0.0
Corn,1969,TY Imports,(1000 MT),0.0
Corn,1969,Yield,(MT/HA),1.76
Corn,1970,Area Harvested,(1000 HA),15831.0
Corn,1970,Beginning Stocks,(1000 MT),6485.0
Corn,1970,Domestic Consumption,(1000 MT),30609.0
Corn,1970,Ending Stocks,(1000 MT),8875.0
Corn,1970,Exports,(1000 MT),31.0
Corn,1970,Feed Dom. Consumption,(1000 MT),8140.0
Corn,1970,FSI Consumption,(1000 MT),22469.0
Corn,1970,Imports,(1000 MT),0.0
Corn,1970,Production,(1000 MT),33030.0
Corn,1970,Total Distribution,(1000 MT),39515.0
Corn,1970,Total Supply,(1000 MT),39515.0
Corn,1970,TY Exports,(1000 MT),31.0
Corn,1970,TY Imp. from U.S.,(1000 MT),0.0
Corn,1970,TY Imports,(1000 MT),0.0
Corn,1970,Yield,(MT/HA),2.09
Corn,1971,Area Harvested,(1000 HA),16726.0
Corn,1971,Beginning Stocks,(1000 MT),8875.0
Corn,1971,Domestic Consumption,(1000 MT),33498.0
Corn,1971,Ending Stocks,(1000 MT),10927.0
Corn,1971,Exports,(1000 MT),300.0
Corn,1971,Feed Dom. Consumption,(1000 MT),11914.0
Corn,1971,FSI Consumption,(1000 MT),21584.0
Corn,1971,Imports,(1000 MT),0.0
Corn,1971,Production,(1000 MT),35850.0
Corn,1971,Total Distribution,(1000 MT),44725.0
Corn,1971,Total Supply,(1000 MT),44725.0
Corn,1971,TY Exports,(1000 MT),300.0
Corn,1971,TY Imp. from U.S.,(1000 MT),0.0
Corn,1971,TY Imports,(1000 MT),0.0
Corn,1971,Yield,(MT/HA),2.14
Corn,1972,Area Harvested,(1000 HA),16703.0
Corn,1972,Beginning Stocks,(1000 MT),10927.0
Corn,1972,Domestic Consumption,(1000 MT),32801.0
Corn,1972,Ending Stocks,(1000 MT),10981.0
Corn,1972,Exports,(1000 MT),200.0
Corn,1972,Feed Dom. Consumption,(1000 MT),13179.0
Corn,1972,FSI Consumption,(1000 MT),19622.0
Corn,1972,Imports,(1000 MT),955.0
Corn,1972,Production,(1000 MT),32100.0
Corn,1972,Total Distribution,(1000 MT),43982.0
Corn,1972,Total Supply,(1000 MT),43982.0
Corn,1972,TY Exports,(1000 MT),200.0
Corn,1972,TY Imp. from U.S.,(1000 MT),887.0
Corn,1972,TY Imports,(1000 MT),955.0
Corn,1972,Yield,(MT/HA),1.92
Corn,1973,Area Harvested,(1000 HA),16571.0
Corn,1973,Beginning Stocks,(1000 MT),10981.0
Corn,1973,Domestic Consumption,(1000 MT),38269.0
Corn,1973,Ending Stocks,(1000 MT),13250.0
Corn,1973,Exports,(1000 MT),150.0
Corn,1973,Feed Dom. Consumption,(1000 MT),12674.0
Corn,1973,FSI Consumption,(1000 MT),25595.0
Corn,1973,Imports,(1000 MT),2058.0
Corn,1973,Production,(1000 MT),38630.0
Corn,1973,Total Distribution,(1000 MT),51669.0
Corn,1973,Total Supply,(1000 MT),51669.0
Corn,1973,TY Exports,(1000 MT),150.0
Corn,1973,TY Imp. from U.S.,(1000 MT),1806.0
Corn,1973,TY Imports,(1000 MT),2058.0
Corn,1973,Yield,(MT/HA),2.33
Corn,1974,Area Harvested,(1000 HA),17410.0
Corn,1974,Beginning Stocks,(1000 MT),13250.0
Corn,1974,Domestic Consumption,(1000 MT),38540.0
Corn,1974,Ending Stocks,(1000 MT),17901.0
Corn,1974,Exports,(1000 MT),225.0
Corn,1974,Feed Dom. Consumption,(1000 MT),11039.0
Corn,1974,FSI Consumption,(1000 MT),27501.0
Corn,1974,Imports,(1000 MT),496.0
Corn,1974,Production,(1000 MT),42920.0
Corn,1974,Total Distribution,(1000 MT),56666.0
Corn,1974,Total Supply,(1000 MT),56666.0
Corn,1974,TY Exports,(1000 MT),225.0
Corn,1974,TY Imp. from U.S.,(1000 MT),23.0
Corn,1974,TY Imports,(1000 MT),496.0
Corn,1974,Yield,(MT/HA),2.47
Corn,1975,Area Harvested,(1000 HA),18598.0
Corn,1975,Beginning Stocks,(1000 MT),17901.0
Corn,1975,Domestic Consumption,(1000 MT),43570.0
Corn,1975,Ending Stocks,(1000 MT),21326.0
Corn,1975,Exports,(1000 MT),225.0
Corn,1975,Feed Dom. Consumption,(1000 MT),11383.0
Corn,1975,FSI Consumption,(1000 MT),32187.0
Corn,1975,Imports,(1000 MT),0.0
Corn,1975,Production,(1000 MT),47220.0
Corn,1975,Total Distribution,(1000 MT),65121.0
Corn,1975,Total Supply,(1000 MT),65121.0
Corn,1975,TY Exports,(1000 MT),225.0
Corn,1975,TY Imp. from U.S.,(1000 MT),0.0
Corn,1975,TY Imports,(1000 MT),0.0
Corn,1975,Yield,(MT/HA),2.54
Corn,1976,Area Harvested,(1000 HA),19230.0
Corn,1976,Beginning Stocks,(1000 MT),21326.0
Corn,1976,Domestic Consumption,(1000 MT),47223.0
Corn,1976,Ending Stocks,(1000 MT),22138.0
Corn,1976,Exports,(1000 MT),125.0
Corn,1976,Feed Dom. Consumption,(1000 MT),11590.0
Corn,1976,FSI Consumption,(1000 MT),35633.0
Corn,1976,Imports,(1000 MT),0.0
Corn,1976,Production,(1000 MT),48160.0
Corn,1976,Total Distribution,(1000 MT),69486.0
Corn,1976,Total Supply,(1000 MT),69486.0
Corn,1976,TY Exports,(1000 MT),125.0
Corn,1976,TY Imp. from U.S.,(1000 MT),0.0
Corn,1976,TY Imports,(1000 MT),0.0
Corn,1976,Yield,(MT/HA),2.5
Corn,1977,Area Harvested,(1000 HA),19657.0
Corn,1977,Beginning Stocks,(1000 MT),22138.0
Corn,1977,Domestic Consumption,(1000 MT),49090.0
Corn,1977,Ending Stocks,(1000 MT),22422.0
Corn,1977,Exports,(1000 MT),75.0
Corn,1977,Feed Dom. Consumption,(1000 MT),10326.0
Corn,1977,FSI Consumption,(1000 MT),38764.0
Corn,1977,Imports,(1000 MT),59.0
Corn,1977,Production,(1000 MT),49390.0
Corn,1977,Total Distribution,(1000 MT),71587.0
Corn,1977,Total Supply,(1000 MT),71587.0
Corn,1977,TY Exports,(1000 MT),75.0
Corn,1977,TY Imp. from U.S.,(1000 MT),0.0
Corn,1977,TY Imports,(1000 MT),59.0
Corn,1977,Yield,(MT/HA),2.51
Corn,1978,Area Harvested,(1000 HA),19961.0
Corn,1978,Beginning Stocks,(1000 MT),22422.0
Corn,1978,Domestic Consumption,(1000 MT),48600.0
Corn,1978,Ending Stocks,(1000 MT),32749.0
Corn,1978,Exports,(1000 MT),50.0
Corn,1978,Feed Dom. Consumption,(1000 MT),11900.0
Corn,1978,FSI Consumption,(1000 MT),36700.0
Corn,1978,Imports,(1000 MT),3032.0
Corn,1978,Production,(1000 MT),55945.0
Corn,1978,Total Distribution,(1000 MT),81399.0
Corn,1978,Total Supply,(1000 MT),81399.0
Corn,1978,TY Exports,(1000 MT),50.0
Corn,1978,TY Imp. from U.S.,(1000 MT),2800.0
Corn,1978,TY Imports,(1000 MT),3032.0
Corn,1978,Yield,(MT/HA),2.8
Corn,1979,Area Harvested,(1000 HA),20133.0
Corn,1979,Beginning Stocks,(1000 MT),32749.0
Corn,1979,Domestic Consumption,(1000 MT),53300.0
Corn,1979,Ending Stocks,(1000 MT),41375.0
Corn,1979,Exports,(1000 MT),75.0
Corn,1979,Feed Dom. Consumption,(1000 MT),17800.0
Corn,1979,FSI Consumption,(1000 MT),35500.0
Corn,1979,Imports,(1000 MT),1966.0
Corn,1979,Production,(1000 MT),60035.0
Corn,1979,Total Distribution,(1000 MT),94750.0
Corn,1979,Total Supply,(1000 MT),94750.0
Corn,1979,TY Exports,(1000 MT),75.0
Corn,1979,TY Imp. from U.S.,(1000 MT),1788.0
Corn,1979,TY Imports,(1000 MT),1966.0
Corn,1979,Yield,(MT/HA),2.98
Corn,1980,Area Harvested,(1000 HA),20353.0
Corn,1980,Beginning Stocks,(1000 MT),41375.0
Corn,1980,Domestic Consumption,(1000 MT),61800.0
Corn,1980,Ending Stocks,(1000 MT),42822.0
Corn,1980,Exports,(1000 MT),125.0
Corn,1980,Feed Dom. Consumption,(1000 MT),27100.0
Corn,1980,FSI Consumption,(1000 MT),34700.0
Corn,1980,Imports,(1000 MT),772.0
Corn,1980,Production,(1000 MT),62600.0
Corn,1980,Total Distribution,(1000 MT),104747.0
Corn,1980,Total Supply,(1000 MT),104747.0
Corn,1980,TY Exports,(1000 MT),125.0
Corn,1980,TY Imp. from U.S.,(1000 MT),650.0
Corn,1980,TY Imports,(1000 MT),772.0
Corn,1980,Yield,(MT/HA),3.08
Corn,1981,Area Harvested,(1000 HA),19425.0
Corn,1981,Beginning Stocks,(1000 MT),42822.0
Corn,1981,Domestic Consumption,(1000 MT),62000.0
Corn,1981,Ending Stocks,(1000 MT),41172.0
Corn,1981,Exports,(1000 MT),100.0
Corn,1981,Feed Dom. Consumption,(1000 MT),29500.0
Corn,1981,FSI Consumption,(1000 MT),32500.0
Corn,1981,Imports,(1000 MT),1245.0
Corn,1981,Production,(1000 MT),59205.0
Corn,1981,Total Distribution,(1000 MT),103272.0
Corn,1981,Total Supply,(1000 MT),103272.0
Corn,1981,TY Exports,(1000 MT),100.0
Corn,1981,TY Imp. from U.S.,(1000 MT),1117.0
Corn,1981,TY Imports,(1000 MT),1245.0
Corn,1981,Yield,(MT/HA),3.05
Corn,1982,Area Harvested,(1000 HA),18543.0
Corn,1982,Beginning Stocks,(1000 MT),41172.0
Corn,1982,Domestic Consumption,(1000 MT),61400.0
Corn,1982,Ending Stocks,(1000 MT),42723.0
Corn,1982,Exports,(1000 MT),50.0
Corn,1982,Feed Dom. Consumption,(1000 MT),31300.0
Corn,1982,FSI Consumption,(1000 MT),30100.0
Corn,1982,Imports,(1000 MT),2441.0
Corn,1982,Production,(1000 MT),60560.0
Corn,1982,Total Distribution,(1000 MT),104173.0
Corn,1982,Total Supply,(1000 MT),104173.0
Corn,1982,TY Exports,(1000 MT),50.0
Corn,1982,TY Imp. from U.S.,(1000 MT),2161.0
Corn,1982,TY Imports,(1000 MT),2441.0
Corn,1982,Yield,(MT/HA),3.27
Corn,1983,Area Harvested,(1000 HA),18824.0
Corn,1983,Beginning Stocks,(1000 MT),42723.0
Corn,1983,Domestic Consumption,(1000 MT),61800.0
Corn,1983,Ending Stocks,(1000 MT),48929.0
Corn,1983,Exports,(1000 MT),330.0
Corn,1983,Feed Dom. Consumption,(1000 MT),33100.0
Corn,1983,FSI Consumption,(1000 MT),28700.0
Corn,1983,Imports,(1000 MT),131.0
Corn,1983,Production,(1000 MT),68205.0
Corn,1983,Total Distribution,(1000 MT),111059.0
Corn,1983,Total Supply,(1000 MT),111059.0
Corn,1983,TY Exports,(1000 MT),330.0
Corn,1983,TY Imp. from U.S.,(1000 MT),0.0
Corn,1983,TY Imports,(1000 MT),131.0
Corn,1983,Yield,(MT/HA),3.62
Corn,1984,Area Harvested,(1000 HA),18537.0
Corn,1984,Beginning Stocks,(1000 MT),48929.0
Corn,1984,Domestic Consumption,(1000 MT),61200.0
Corn,1984,Ending Stocks,(1000 MT),55999.0
Corn,1984,Exports,(1000 MT),5240.0
Corn,1984,Feed Dom. Consumption,(1000 MT),35500.0
Corn,1984,FSI Consumption,(1000 MT),25700.0
Corn,1984,Imports,(1000 MT),100.0
Corn,1984,Production,(1000 MT),73410.0
Corn,1984,Total Distribution,(1000 MT),122439.0
Corn,1984,Total Supply,(1000 MT),122439.0
Corn,1984,TY Exports,(1000 MT),5240.0
Corn,1984,TY Imp. from U.S.,(1000 MT),0.0
Corn,1984,TY Imports,(1000 MT),100.0
Corn,1984,Yield,(MT/HA),3.96
Corn,1985,Area Harvested,(1000 HA),17694.0
Corn,1985,Beginning Stocks,(1000 MT),55999.0
Corn,1985,Domestic Consumption,(1000 MT),59700.0
Corn,1985,Ending Stocks,(1000 MT),54099.0
Corn,1985,Exports,(1000 MT),6400.0
Corn,1985,Feed Dom. Consumption,(1000 MT),37200.0
Corn,1985,FSI Consumption,(1000 MT),22500.0
Corn,1985,Imports,(1000 MT),374.0
Corn,1985,Production,(1000 MT),63826.0
Corn,1985,Total Distribution,(1000 MT),120199.0
Corn,1985,Total Supply,(1000 MT),120199.0
Corn,1985,TY Exports,(1000 MT),6400.0
Corn,1985,TY Imp. from U.S.,(1000 MT),0.0
Corn,1985,TY Imports,(1000 MT),374.0
Corn,1985,Yield,(MT/HA),3.61
Corn,1986,Area Harvested,(1000 HA),19124.0
Corn,1986,Beginning Stocks,(1000 MT),54099.0
Corn,1986,Domestic Consumption,(1000 MT),64100.0
Corn,1986,Ending Stocks,(1000 MT),58656.0
Corn,1986,Exports,(1000 MT),3750.0
Corn,1986,Feed Dom. Consumption,(1000 MT),40600.0
Corn,1986,FSI Consumption,(1000 MT),23500.0
Corn,1986,Imports,(1000 MT),1551.0
Corn,1986,Production,(1000 MT),70856.0
Corn,1986,Total Distribution,(1000 MT),126506.0
Corn,1986,Total Supply,(1000 MT),126506.0
Corn,1986,TY Exports,(1000 MT),3750.0
Corn,1986,TY Imp. from U.S.,(1000 MT),1090.0
Corn,1986,TY Imports,(1000 MT),1551.0
Corn,1986,Yield,(MT/HA),3.71
Corn,1987,Area Harvested,(1000 HA),20212.0
Corn,1987,Beginning Stocks,(1000 MT),58656.0
Corn,1987,Domestic Consumption,(1000 MT),67300.0
Corn,1987,Ending Stocks,(1000 MT),66303.0
Corn,1987,Exports,(1000 MT),4510.0
Corn,1987,Feed Dom. Consumption,(1000 MT),43000.0
Corn,1987,FSI Consumption,(1000 MT),24300.0
Corn,1987,Imports,(1000 MT),217.0
Corn,1987,Production,(1000 MT),79240.0
Corn,1987,Total Distribution,(1000 MT),138113.0
Corn,1987,Total Supply,(1000 MT),138113.0
Corn,1987,TY Exports,(1000 MT),4510.0
Corn,1987,TY Imp. from U.S.,(1000 MT),217.0
Corn,1987,TY Imports,(1000 MT),217.0
Corn,1987,Yield,(MT/HA),3.92
Corn,1988,Area Harvested,(1000 HA),19692.0
Corn,1988,Beginning Stocks,(1000 MT),66303.0
Corn,1988,Domestic Consumption,(1000 MT),69000.0
Corn,1988,Ending Stocks,(1000 MT),70646.0
Corn,1988,Exports,(1000 MT),4008.0
Corn,1988,Feed Dom. Consumption,(1000 MT),45000.0
Corn,1988,FSI Consumption,(1000 MT),24000.0
Corn,1988,Imports,(1000 MT),0.0
Corn,1988,Production,(1000 MT),77351.0
Corn,1988,Total Distribution,(1000 MT),143654.0
Corn,1988,Total Supply,(1000 MT),143654.0
Corn,1988,TY Exports,(1000 MT),4008.0
Corn,1988,TY Imp. from U.S.,(1000 MT),0.0
Corn,1988,TY Imports,(1000 MT),0.0
Corn,1988,Yield,(MT/HA),3.93
Corn,1989,Area Harvested,(1000 HA),20353.0
Corn,1989,Beginning Stocks,(1000 MT),70646.0
Corn,1989,Domestic Consumption,(1000 MT),74200.0
Corn,1989,Ending Stocks,(1000 MT),72731.0
Corn,1989,Exports,(1000 MT),3085.0
Corn,1989,Feed Dom. Consumption,(1000 MT),48000.0
Corn,1989,FSI Consumption,(1000 MT),26200.0
Corn,1989,Imports,(1000 MT),442.0
Corn,1989,Production,(1000 MT),78928.0
Corn,1989,Total Distribution,(1000 MT),150016.0
Corn,1989,Total Supply,(1000 MT),150016.0
Corn,1989,TY Exports,(1000 MT),3085.0
Corn,1989,TY Imp. from U.S.,(1000 MT),442.0
Corn,1989,TY Imports,(1000 MT),442.0
Corn,1989,Yield,(MT/HA),3.88
Corn,1990,Area Harvested,(1000 HA),21402.0
Corn,1990,Beginning Stocks,(1000 MT),72731.0
Corn,1990,Domestic Consumption,(1000 MT),79850.0
Corn,1990,Ending Stocks,(1000 MT),82821.0
Corn,1990,Exports,(1000 MT),6880.0
Corn,1990,Feed Dom. Consumption,(1000 MT),53350.0
Corn,1990,FSI Consumption,(1000 MT),26500.0
Corn,1990,Imports,(1000 MT),0.0
Corn,1990,Production,(1000 MT),96820.0
Corn,1990,Total Distribution,(1000 MT),169551.0
Corn,1990,Total Supply,(1000 MT),169551.0
Corn,1990,TY Exports,(1000 MT),6880.0
Corn,1990,TY Imp. from U.S.,(1000 MT),0.0
Corn,1990,TY Imports,(1000 MT),0.0
Corn,1990,Yield,(MT/HA),4.52
Corn,1991,Area Harvested,(1000 HA),21574.0
Corn,1991,Beginning Stocks,(1000 MT),82821.0
Corn,1991,Domestic Consumption,(1000 MT),83200.0
Corn,1991,Ending Stocks,(1000 MT),88417.0
Corn,1991,Exports,(1000 MT),9974.0
Corn,1991,Feed Dom. Consumption,(1000 MT),56500.0
Corn,1991,FSI Consumption,(1000 MT),26700.0
Corn,1991,Imports,(1000 MT),0.0
Corn,1991,Production,(1000 MT),98770.0
Corn,1991,Total Distribution,(1000 MT),181591.0
Corn,1991,Total Supply,(1000 MT),181591.0
Corn,1991,TY Exports,(1000 MT),9974.0
Corn,1991,TY Imp. from U.S.,(1000 MT),0.0
Corn,1991,TY Imports,(1000 MT),0.0
Corn,1991,Yield,(MT/HA),4.58
Corn,1992,Area Harvested,(1000 HA),21040.0
Corn,1992,Beginning Stocks,(1000 MT),88417.0
Corn,1992,Domestic Consumption,(1000 MT),87800.0
Corn,1992,Ending Stocks,(1000 MT),84534.0
Corn,1992,Exports,(1000 MT),11463.0
Corn,1992,Feed Dom. Consumption,(1000 MT),61000.0
Corn,1992,FSI Consumption,(1000 MT),26800.0
Corn,1992,Imports,(1000 MT),0.0
Corn,1992,Production,(1000 MT),95380.0
Corn,1992,Total Distribution,(1000 MT),183797.0
Corn,1992,Total Supply,(1000 MT),183797.0
Corn,1992,TY Exports,(1000 MT),11463.0
Corn,1992,TY Imp. from U.S.,(1000 MT),0.0
Corn,1992,TY Imports,(1000 MT),0.0
Corn,1992,Yield,(MT/HA),4.53
Corn,1993,Area Harvested,(1000 HA),20690.0
Corn,1993,Beginning Stocks,(1000 MT),84534.0
Corn,1993,Domestic Consumption,(1000 MT),92900.0
Corn,1993,Ending Stocks,(1000 MT),82740.0
Corn,1993,Exports,(1000 MT),11594.0
Corn,1993,Feed Dom. Consumption,(1000 MT),66000.0
Corn,1993,FSI Consumption,(1000 MT),26900.0
Corn,1993,Imports,(1000 MT),0.0
Corn,1993,Production,(1000 MT),102700.0
Corn,1993,Total Distribution,(1000 MT),187234.0
Corn,1993,Total Supply,(1000 MT),187234.0
Corn,1993,TY Exports,(1000 MT),11594.0
Corn,1993,TY Imp. from U.S.,(1000 MT),0.0
Corn,1993,TY Imports,(1000 MT),0.0
Corn,1993,Yield,(MT/HA),4.96
Corn,1994,Area Harvested,(1000 HA),21152.0
Corn,1994,Beginning Stocks,(1000 MT),82740.0
Corn,1994,Domestic Consumption,(1000 MT),97000.0
Corn,1994,Ending Stocks,(1000 MT),87974.0
Corn,1994,Exports,(1000 MT),1333.0
Corn,1994,Feed Dom. Consumption,(1000 MT),71000.0
Corn,1994,FSI Consumption,(1000 MT),26000.0
Corn,1994,Imports,(1000 MT),4287.0
Corn,1994,Production,(1000 MT),99280.0
Corn,1994,Total Distribution,(1000 MT),186307.0
Corn,1994,Total Supply,(1000 MT),186307.0
Corn,1994,TY Exports,(1000 MT),1333.0
Corn,1994,TY Imp. from U.S.,(1000 MT),3989.0
Corn,1994,TY Imports,(1000 MT),4287.0
Corn,1994,Yield,(MT/HA),4.69
Corn,1995,Area Harvested,(1000 HA),22767.0
Corn,1995,Beginning Stocks,(1000 MT),87974.0
Corn,1995,Domestic Consumption,(1000 MT),101200.0
Corn,1995,Ending Stocks,(1000 MT),100093.0
Corn,1995,Exports,(1000 MT),157.0
Corn,1995,Feed Dom. Consumption,(1000 MT),75000.0
Corn,1995,FSI Consumption,(1000 MT),26200.0
Corn,1995,Imports,(1000 MT),1476.0
Corn,1995,Production,(1000 MT),112000.0
Corn,1995,Total Distribution,(1000 MT),201450.0
Corn,1995,Total Supply,(1000 MT),201450.0
Corn,1995,TY Exports,(1000 MT),157.0
Corn,1995,TY Imp. from U.S.,(1000 MT),1458.0
Corn,1995,TY Imports,(1000 MT),1476.0
Corn,1995,Yield,(MT/HA),4.92
Corn,1996,Area Harvested,(1000 HA),24498.0
Corn,1996,Beginning Stocks,(1000 MT),100093.0
Corn,1996,Domestic Consumption,(1000 MT),105750.0
Corn,1996,Ending Stocks,(1000 MT),117996.0
Corn,1996,Exports,(1000 MT),3892.0
Corn,1996,Feed Dom. Consumption,(1000 MT),79000.0
Corn,1996,FSI Consumption,(1000 MT),26750.0
Corn,1996,Imports,(1000 MT),75.0
Corn,1996,Production,(1000 MT),127470.0
Corn,1996,Total Distribution,(1000 MT),227638.0
Corn,1996,Total Supply,(1000 MT),227638.0
Corn,1996,TY Exports,(1000 MT),3892.0
Corn,1996,TY Imp. from U.S.,(1000 MT),53.0
Corn,1996,TY Imports,(1000 MT),75.0
Corn,1996,Yield,(MT/HA),5.2
Corn,1997,Area Harvested,(1000 HA),23775.0
Corn,1997,Beginning Stocks,(1000 MT),117996.0
Corn,1997,Domestic Consumption,(1000 MT),109500.0
Corn,1997,Ending Stocks,(1000 MT),106919.0
Corn,1997,Exports,(1000 MT),6173.0
Corn,1997,Feed Dom. Consumption,(1000 MT),82500.0
Corn,1997,FSI Consumption,(1000 MT),27000.0
Corn,1997,Imports,(1000 MT),287.0
Corn,1997,Production,(1000 MT),104309.0
Corn,1997,Total Distribution,(1000 MT),222592.0
Corn,1997,Total Supply,(1000 MT),222592.0
Corn,1997,TY Exports,(1000 MT),6173.0
Corn,1997,TY Imp. from U.S.,(1000 MT),212.0
Corn,1997,TY Imports,(1000 MT),287.0
Corn,1997,Yield,(MT/HA),4.39
Corn,1998,Area Harvested,(1000 HA),25239.0
Corn,1998,Beginning Stocks,(1000 MT),106919.0
Corn,1998,Domestic Consumption,(1000 MT),113920.0
Corn,1998,Ending Stocks,(1000 MT),122877.0
Corn,1998,Exports,(1000 MT),3338.0
Corn,1998,Feed Dom. Consumption,(1000 MT),86500.0
Corn,1998,FSI Consumption,(1000 MT),27420.0
Corn,1998,Imports,(1000 MT),262.0
Corn,1998,Production,(1000 MT),132954.0
Corn,1998,Total Distribution,(1000 MT),240135.0
Corn,1998,Total Supply,(1000 MT),240135.0
Corn,1998,TY Exports,(1000 MT),3338.0
Corn,1998,TY Imp. from U.S.,(1000 MT),262.0
Corn,1998,TY Imports,(1000 MT),262.0
Corn,1998,Yield,(MT/HA),5.27
Corn,1999,Area Harvested,(1000 HA),25904.0
Corn,1999,Beginning Stocks,(1000 MT),122877.0
Corn,1999,Domestic Consumption,(1000 MT),117300.0
Corn,1999,Ending Stocks,(1000 MT),123799.0
Corn,1999,Exports,(1000 MT),9935.0
Corn,1999,Feed Dom. Consumption,(1000 MT),89500.0
Corn,1999,FSI Consumption,(1000 MT),27800.0
Corn,1999,Imports,(1000 MT),71.0
Corn,1999,Production,(1000 MT),128086.0
Corn,1999,Total Distribution,(1000 MT),251034.0
Corn,1999,Total Supply,(1000 MT),251034.0
Corn,1999,TY Exports,(1000 MT),9935.0
Corn,1999,TY Imp. from U.S.,(1000 MT),0.0
Corn,1999,TY Imports,(1000 MT),71.0
Corn,1999,Yield,(MT/HA),4.94
Corn,2000,Area Harvested,(1000 HA),23056.0
Corn,2000,Beginning Stocks,(1000 MT),123799.0
Corn,2000,Domestic Consumption,(1000 MT),120240.0
Corn,2000,Ending Stocks,(1000 MT),102372.0
Corn,2000,Exports,(1000 MT),7276.0
Corn,2000,Feed Dom. Consumption,(1000 MT),92000.0
Corn,2000,FSI Consumption,(1000 MT),28240.0
Corn,2000,Imports,(1000 MT),89.0
Corn,2000,Production,(1000 MT),106000.0
Corn,2000,Total Distribution,(1000 MT),229888.0
Corn,2000,Total Supply,(1000 MT),229888.0
Corn,2000,TY Exports,(1000 MT),7276.0
Corn,2000,TY Imp. from U.S.,(1000 MT),0.0
Corn,2000,TY Imports,(1000 MT),89.0
Corn,2000,Yield,(MT/HA),4.6
Corn,2001,Area Harvested,(1000 HA),24282.0
Corn,2001,Beginning Stocks,(1000 MT),102372.0
Corn,2001,Domestic Consumption,(1000 MT),123100.0
Corn,2001,Ending Stocks,(1000 MT),84788.0
Corn,2001,Exports,(1000 MT),8611.0
Corn,2001,Feed Dom. Consumption,(1000 MT),94000.0
Corn,2001,FSI Consumption,(1000 MT),29100.0
Corn,2001,Imports,(1000 MT),39.0
Corn,2001,Production,(1000 MT),114088.0
Corn,2001,Total Distribution,(1000 MT),216499.0
Corn,2001,Total Supply,(1000 MT),216499.0
Corn,2001,TY Exports,(1000 MT),8611.0
Corn,2001,TY Imp. from U.S.,(1000 MT),20.0
Corn,2001,TY Imports,(1000 MT),39.0
Corn,2001,Yield,(MT/HA),4.7
Corn,2002,Area Harvested,(1000 HA),24634.0
Corn,2002,Beginning Stocks,(1000 MT),84788.0
Corn,2002,Domestic Consumption,(1000 MT),125900.0
Corn,2002,Ending Stocks,(1000 MT),64981.0
Corn,2002,Exports,(1000 MT),15244.0
Corn,2002,Feed Dom. Consumption,(1000 MT),96000.0
Corn,2002,FSI Consumption,(1000 MT),29900.0
Corn,2002,Imports,(1000 MT),29.0
Corn,2002,Production,(1000 MT),121308.0
Corn,2002,Total Distribution,(1000 MT),206125.0
Corn,2002,Total Supply,(1000 MT),206125.0
Corn,2002,TY Exports,(1000 MT),15244.0
Corn,2002,TY Imp. from U.S.,(1000 MT),0.0
Corn,2002,TY Imports,(1000 MT),29.0
Corn,2002,Yield,(MT/HA),4.92
Corn,2003,Area Harvested,(1000 HA),24068.0
Corn,2003,Beginning Stocks,(1000 MT),64981.0
Corn,2003,Domestic Consumption,(1000 MT),128400.0
Corn,2003,Ending Stocks,(1000 MT),44860.0
Corn,2003,Exports,(1000 MT),7553.0
Corn,2003,Feed Dom. Consumption,(1000 MT),97000.0
Corn,2003,FSI Consumption,(1000 MT),31400.0
Corn,2003,Imports,(1000 MT),2.0
Corn,2003,Production,(1000 MT),115830.0
Corn,2003,Total Distribution,(1000 MT),180813.0
Corn,2003,Total Supply,(1000 MT),180813.0
Corn,2003,TY Exports,(1000 MT),7553.0
Corn,2003,TY Imp. from U.S.,(1000 MT),1.0
Corn,2003,TY Imports,(1000 MT),2.0
Corn,2003,Yield,(MT/HA),4.81
Corn,2004,Area Harvested,(1000 HA),25446.0
Corn,2004,Beginning Stocks,(1000 MT),44860.0
Corn,2004,Domestic Consumption,(1000 MT),131000.0
Corn,2004,Ending Stocks,(1000 MT),36560.0
Corn,2004,Exports,(1000 MT),7589.0
Corn,2004,Feed Dom. Consumption,(1000 MT),98000.0
Corn,2004,FSI Consumption,(1000 MT),33000.0
Corn,2004,Imports,(1000 MT),2.0
Corn,2004,Production,(1000 MT),130287.0
Corn,2004,Total Distribution,(1000 MT),175149.0
Corn,2004,Total Supply,(1000 MT),175149.0
Corn,2004,TY Exports,(1000 MT),7589.0
Corn,2004,TY Imp. from U.S.,(1000 MT),2.0
Corn,2004,TY Imports,(1000 MT),2.0
Corn,2004,Yield,(MT/HA),5.12
Corn,2005,Area Harvested,(1000 HA),26358.0
Corn,2005,Beginning Stocks,(1000 MT),36560.0
Corn,2005,Domestic Consumption,(1000 MT),137000.0
Corn,2005,Ending Stocks,(1000 MT),35260.0
Corn,2005,Exports,(1000 MT),3727.0
Corn,2005,Feed Dom. Consumption,(1000 MT),101000.0
Corn,2005,FSI Consumption,(1000 MT),36000.0
Corn,2005,Imports,(1000 MT),62.0
Corn,2005,Production,(1000 MT),139365.0
Corn,2005,Total Distribution,(1000 MT),175987.0
Corn,2005,Total Supply,(1000 MT),175987.0
Corn,2005,TY Exports,(1000 MT),3727.0
Corn,2005,TY Imp. from U.S.,(1000 MT),55.0
Corn,2005,TY Imports,(1000 MT),62.0
Corn,2005,Yield,(MT/HA),5.29
Corn,2006,Area Harvested,(1000 HA),28463.0
Corn,2006,Beginning Stocks,(1000 MT),35260.0
Corn,2006,Domestic Consumption,(1000 MT),145000.0
Corn,2006,Ending Stocks,(1000 MT),36610.0
Corn,2006,Exports,(1000 MT),5269.0
Corn,2006,Feed Dom. Consumption,(1000 MT),104000.0
Corn,2006,FSI Consumption,(1000 MT),41000.0
Corn,2006,Imports,(1000 MT),16.0
Corn,2006,Production,(1000 MT),151603.0
Corn,2006,Total Distribution,(1000 MT),186879.0
Corn,2006,Total Supply,(1000 MT),186879.0
Corn,2006,TY Exports,(1000 MT),5269.0
Corn,2006,TY Imp. from U.S.,(1000 MT),49.0
Corn,2006,TY Imports,(1000 MT),16.0
Corn,2006,Yield,(MT/HA),5.33
Corn,2007,Area Harvested,(1000 HA),30024.0
Corn,2007,Beginning Stocks,(1000 MT),36610.0
Corn,2007,Domestic Consumption,(1000 MT),155000.0
Corn,2007,Ending Stocks,(1000 MT),36225.0
Corn,2007,Exports,(1000 MT),549.0
Corn,2007,Feed Dom. Consumption,(1000 MT),111000.0
Corn,2007,FSI Consumption,(1000 MT),44000.0
Corn,2007,Imports,(1000 MT),41.0
Corn,2007,Production,(1000 MT),155123.0
Corn,2007,Total Distribution,(1000 MT),191774.0
Corn,2007,Total Supply,(1000 MT),191774.0
Corn,2007,TY Exports,(1000 MT),549.0
Corn,2007,TY Imp. from U.S.,(1000 MT),9.0
Corn,2007,TY Imports,(1000 MT),41.0
Corn,2007,Yield,(MT/HA),5.17
Corn,2008,Area Harvested,(1000 HA),30981.0
Corn,2008,Beginning Stocks,(1000 MT),36225.0
Corn,2008,Domestic Consumption,(1000 MT),164000.0
Corn,2008,Ending Stocks,(1000 MT),44220.0
Corn,2008,Exports,(1000 MT),172.0
Corn,2008,Feed Dom. Consumption,(1000 MT),119000.0
Corn,2008,FSI Consumption,(1000 MT),45000.0
Corn,2008,Imports,(1000 MT),47.0
Corn,2008,Production,(1000 MT),172120.0
Corn,2008,Total Distribution,(1000 MT),208392.0
Corn,2008,Total Supply,(1000 MT),208392.0
Corn,2008,TY Exports,(1000 MT),172.0
Corn,2008,TY Imp. from U.S.,(1000 MT),90.0
Corn,2008,TY Imports,(1000 MT),47.0
Corn,2008,Yield,(MT/HA),5.56
Corn,2009,Area Harvested,(1000 HA),32948.0
Corn,2009,Beginning Stocks,(1000 MT),44220.0
Corn,2009,Domestic Consumption,(1000 MT),176000.0
Corn,2009,Ending Stocks,(1000 MT),42624.0
Corn,2009,Exports,(1000 MT),151.0
Corn,2009,Feed Dom. Consumption,(1000 MT),129000.0
Corn,2009,FSI Consumption,(1000 MT),47000.0
Corn,2009,Imports,(1000 MT),1296.0
Corn,2009,Production,(1000 MT),173259.0
Corn,2009,Total Distribution,(1000 MT),218775.0
Corn,2009,Total Supply,(1000 MT),218775.0
Corn,2009,TY Exports,(1000 MT),151.0
Corn,2009,TY Imp. from U.S.,(1000 MT),1513.0
Corn,2009,TY Imports,(1000 MT),1296.0
Corn,2009,Yield,(MT/HA),5.26
Corn,2010,Area Harvested,(1000 HA),34977.0
Corn,2010,Beginning Stocks,(1000 MT),42624.0
Corn,2010,Domestic Consumption,(1000 MT),191000.0
Corn,2010,Ending Stocks,(1000 MT),43244.0
Corn,2010,Exports,(1000 MT),111.0
Corn,2010,Feed Dom. Consumption,(1000 MT),139000.0
Corn,2010,FSI Consumption,(1000 MT),52000.0
Corn,2010,Imports,(1000 MT),979.0
Corn,2010,Production,(1000 MT),190752.0
Corn,2010,Total Distribution,(1000 MT),234355.0
Corn,2010,Total Supply,(1000 MT),234355.0
Corn,2010,TY Exports,(1000 MT),111.0
Corn,2010,TY Imp. from U.S.,(1000 MT),1028.0
Corn,2010,TY Imports,(1000 MT),979.0
Corn,2010,Yield,(MT/HA),5.45
Corn,2011,Area Harvested,(1000 HA),36767.0
Corn,2011,Beginning Stocks,(1000 MT),43244.0
Corn,2011,Domestic Consumption,(1000 MT),204000.0
Corn,2011,Ending Stocks,(1000 MT),55700.0
Corn,2011,Exports,(1000 MT),91.0
Corn,2011,Feed Dom. Consumption,(1000 MT),147000.0
Corn,2011,FSI Consumption,(1000 MT),57000.0
Corn,2011,Imports,(1000 MT),5231.0
Corn,2011,Production,(1000 MT),211316.0
Corn,2011,Total Distribution,(1000 MT),259791.0
Corn,2011,Total Supply,(1000 MT),259791.0
Corn,2011,TY Exports,(1000 MT),91.0
Corn,2011,TY Imp. from U.S.,(1000 MT),5337.0
Corn,2011,TY Imports,(1000 MT),5231.0
Corn,2011,Yield,(MT/HA),5.75
Corn,2012,Area Harvested,(1000 HA),39109.0
Corn,2012,Beginning Stocks,(1000 MT),55700.0
Corn,2012,Domestic Consumption,(1000 MT),207000.0
Corn,2012,Ending Stocks,(1000 MT),80880.0
Corn,2012,Exports,(1000 MT),81.0
Corn,2012,Feed Dom. Consumption,(1000 MT),151000.0
Corn,2012,FSI Consumption,(1000 MT),56000.0
Corn,2012,Imports,(1000 MT),2702.0
Corn,2012,Production,(1000 MT),229559.0
Corn,2012,Total Distribution,(1000 MT),287961.0
Corn,2012,Total Supply,(1000 MT),287961.0
Corn,2012,TY Exports,(1000 MT),81.0
Corn,2012,TY Imp. from U.S.,(1000 MT),2196.0
Corn,2012,TY Imports,(1000 MT),2702.0
Corn,2012,Yield,(MT/HA),5.87
Corn,2013,Area Harvested,(1000 HA),41299.0
Corn,2013,Beginning Stocks,(1000 MT),80880.0
Corn,2013,Domestic Consumption,(1000 MT),209000.0
Corn,2013,Ending Stocks,(1000 MT),123588.0
Corn,2013,Exports,(1000 MT),22.0
Corn,2013,Feed Dom. Consumption,(1000 MT),151000.0
Corn,2013,FSI Consumption,(1000 MT),58000.0
Corn,2013,Imports,(1000 MT),3277.0
Corn,2013,Production,(1000 MT),248453.0
Corn,2013,Total Distribution,(1000 MT),332610.0
Corn,2013,Total Supply,(1000 MT),332610.0
Corn,2013,TY Exports,(1000 MT),22.0
Corn,2013,TY Imp. from U.S.,(1000 MT),2381.0
Corn,2013,TY Imports,(1000 MT),3277.0
Corn,2013,Yield,(MT/HA),6.02
Corn,2014,Area Harvested,(1000 HA),42997.0
Corn,2014,Beginning Stocks,(1000 MT),123588.0
Corn,2014,Domestic Consumption,(1000 MT),206000.0
Corn,2014,Ending Stocks,(1000 MT),172855.0
Corn,2014,Exports,(1000 MT),13.0
Corn,2014,Feed Dom. Consumption,(1000 MT),144000.0
Corn,2014,FSI Consumption,(1000 MT),62000.0
Corn,2014,Imports,(1000 MT),5516.0
Corn,2014,Production,(1000 MT),249764.0
Corn,2014,Total Distribution,(1000 MT),378868.0
Corn,2014,Total Supply,(1000 MT),378868.0
Corn,2014,TY Exports,(1000 MT),13.0
Corn,2014,TY Imp. from U.S.,(1000 MT),739.0
Corn,2014,TY Imports,(1000 MT),5516.0
Corn,2014,Yield,(MT/HA),5.81
Corn,2015,Area Harvested,(1000 HA),44968.0
Corn,2015,Beginning Stocks,(1000 MT),172855.0
Corn,2015,Domestic Consumption,(1000 MT),229000.0
Corn,2015,Ending Stocks,(1000 MT),212017.0
Corn,2015,Exports,(1000 MT),4.0
Corn,2015,Feed Dom. Consumption,(1000 MT),165000.0
Corn,2015,FSI Consumption,(1000 MT),64000.0
Corn,2015,Imports,(1000 MT),3174.0
Corn,2015,Production,(1000 MT),264992.0
Corn,2015,Total Distribution,(1000 MT),441021.0
Corn,2015,Total Supply,(1000 MT),441021.0
Corn,2015,TY Exports,(1000 MT),4.0
Corn,2015,TY Imp. from U.S.,(1000 MT),321.0
Corn,2015,TY Imports,(1000 MT),3174.0
Corn,2015,Yield,(MT/HA),5.89
Corn,2016,Area Harvested,(1000 HA),44178.0
Corn,2016,Beginning Stocks,(1000 MT),212017.0
Corn,2016,Domestic Consumption,(1000 MT),255000.0
Corn,2016,Ending Stocks,(1000 MT),223033.0
Corn,2016,Exports,(1000 MT),61.0
Corn,2016,Feed Dom. Consumption,(1000 MT),185000.0
Corn,2016,FSI Consumption,(1000 MT),70000.0
Corn,2016,Imports,(1000 MT),2464.0
Corn,2016,Production,(1000 MT),263613.0
Corn,2016,Total Distribution,(1000 MT),478094.0
Corn,2016,Total Supply,(1000 MT),478094.0
Corn,2016,TY Exports,(1000 MT),61.0
Corn,2016,TY Imp. from U.S.,(1000 MT),825.0
Corn,2016,TY Imports,(1000 MT),2464.0
Corn,2016,Yield,(MT/HA),5.97
Corn,2017,Area Harvested,(1000 HA),42399.0
Corn,2017,Beginning Stocks,(1000 MT),223033.0
Corn,2017,Domestic Consumption,(1000 MT),263000.0
Corn,2017,Ending Stocks,(1000 MT),222541.0
Corn,2017,Exports,(1000 MT),19.0
Corn,2017,Feed Dom. Consumption,(1000 MT),187000.0
Corn,2017,FSI Consumption,(1000 MT),76000.0
Corn,2017,Imports,(1000 MT),3456.0
Corn,2017,Production,(1000 MT),259071.0
Corn,2017,Total Distribution,(1000 MT),485560.0
Corn,2017,Total Supply,(1000 MT),485560.0
Corn,2017,TY Exports,(1000 MT),19.0
Corn,2017,TY Imp. from U.S.,(1000 MT),321.0
Corn,2017,TY Imports,(1000 MT),3456.0
Corn,2017,Yield,(MT/HA),6.11
Corn,2018,Area Harvested,(1000 HA),42130.0
Corn,2018,Beginning Stocks,(1000 MT),222541.0
Corn,2018,Domestic Consumption,(1000 MT),274000.0
Corn,2018,Ending Stocks,(1000 MT),210179.0
Corn,2018,Exports,(1000 MT),19.0
Corn,2018,Feed Dom. Consumption,(1000 MT),191000.0
Corn,2018,FSI Consumption,(1000 MT),83000.0
Corn,2018,Imports,(1000 MT),4483.0
Corn,2018,Production,(1000 MT),257174.0
Corn,2018,Total Distribution,(1000 MT),484198.0
Corn,2018,Total Supply,(1000 MT),484198.0
Corn,2018,TY Exports,(1000 MT),19.0
Corn,2018,TY Imp. from U.S.,(1000 MT),322.0
Corn,2018,TY Imports,(1000 MT),4483.0
Corn,2018,Yield,(MT/HA),6.1
Corn,2019,Area Harvested,(1000 HA),41280.0
Corn,2019,Beginning Stocks,(1000 MT),210179.0
Corn,2019,Domestic Consumption,(1000 MT),278000.0
Corn,2019,Ending Stocks,(1000 MT),200526.0
Corn,2019,Exports,(1000 MT),12.0
Corn,2019,Feed Dom. Consumption,(1000 MT),193000.0
Corn,2019,FSI Consumption,(1000 MT),85000.0
Corn,2019,Imports,(1000 MT),7580.0
Corn,2019,Production,(1000 MT),260779.0
Corn,2019,Total Distribution,(1000 MT),478538.0
Corn,2019,Total Supply,(1000 MT),478538.0
Corn,2019,TY Exports,(1000 MT),12.0
Corn,2019,TY Imp. from U.S.,(1000 MT),3139.0
Corn,2019,TY Imports,(1000 MT),7580.0
Corn,2019,Yield,(MT/HA),6.32
Corn,2020,Area Harvested,(1000 HA),41264.0
Corn,2020,Beginning Stocks,(1000 MT),200526.0
Corn,2020,Domestic Consumption,(1000 MT),285000.0
Corn,2020,Ending Stocks,(1000 MT),205704.0
Corn,2020,Exports,(1000 MT),4.0
Corn,2020,Feed Dom. Consumption,(1000 MT),203000.0
Corn,2020,FSI Consumption,(1000 MT),82000.0
Corn,2020,Imports,(1000 MT),29512.0
Corn,2020,Production,(1000 MT),260670.0
Corn,2020,Total Distribution,(1000 MT),490708.0
Corn,2020,Total Supply,(1000 MT),490708.0
Corn,2020,TY Exports,(1000 MT),4.0
Corn,2020,TY Imp. from U.S.,(1000 MT),20869.0
Corn,2020,TY Imports,(1000 MT),29512.0
Corn,2020,Yield,(MT/HA),6.32
Corn,2021,Area Harvested,(1000 HA),43324.0
Corn,2021,Beginning Stocks,(1000 MT),205704.0
Corn,2021,Domestic Consumption,(1000 MT),291000.0
Corn,2021,Ending Stocks,(1000 MT),209137.0
Corn,2021,Exports,(1000 MT),3.0
Corn,2021,Feed Dom. Consumption,(1000 MT),209000.0
Corn,2021,FSI Consumption,(1000 MT),82000.0
Corn,2021,Imports,(1000 MT),21884.0
Corn,2021,Production,(1000 MT),272552.0
Corn,2021,Total Distribution,(1000 MT),500140.0
Corn,2021,Total Supply,(1000 MT),500140.0
Corn,2021,TY Exports,(1000 MT),3.0
Corn,2021,TY Imp. from U.S.,(1000 MT),15075.0
Corn,2021,TY Imports,(1000 MT),21884.0
Corn,2021,Yield,(MT/HA),6.29
Corn,2022,Area Harvested,(1000 HA),43070.0
Corn,2022,Beginning Stocks,(1000 MT),209137.0
Corn,2022,Domestic Consumption,(1000 MT),299000.0
Corn,2022,Ending Stocks,(1000 MT),206023.0
Corn,2022,Exports,(1000 MT),8.0
Corn,2022,Feed Dom. Consumption,(1000 MT),218000.0
Corn,2022,FSI Consumption,(1000 MT),81000.0
Corn,2022,Imports,(1000 MT),18694.0
Corn,2022,Production,(1000 MT),277200.0
Corn,2022,Total Distribution,(1000 MT),505031.0
Corn,2022,Total Supply,(1000 MT),505031.0
Corn,2022,TY Exports,(1000 MT),8.0
Corn,2022,TY Imp. from U.S.,(1000 MT),7490.0
Corn,2022,TY Imports,(1000 MT),18694.0
Corn,2022,Yield,(MT/HA),6.44
Corn,2023,Area Harvested,(1000 HA),44218.0
Corn,2023,Beginning Stocks,(1000 MT),206023.0
Corn,2023,Domestic Consumption,(1000 MT),307000.0
Corn,2023,Ending Stocks,(1000 MT),211192.0
Corn,2023,Exports,(1000 MT),3.0
Corn,2023,Feed Dom. Consumption,(1000 MT),225000.0
Corn,2023,FSI Consumption,(1000 MT),82000.0
Corn,2023,Imports,(1000 MT),23330.0
Corn,2023,Production,(1000 MT),288842.0
Corn,2023,Total Distribution,(1000 MT),518195.0
Corn,2023,Total Supply,(1000 MT),518195.0
Corn,2023,TY Exports,(1000 MT),3.0
Corn,2023,TY Imp. from U.S.,(1000 MT),2301.0
Corn,2023,TY Imports,(1000 MT),23330.0
Corn,2023,Yield,(MT/HA),6.53
Corn,2024,Area Harvested,(1000 HA),44741.0
Corn,2024,Beginning Stocks,(1000 MT),211192.0
Corn,2024,Domestic Consumption,(1000 MT),316000.0
Corn,2024,Ending Stocks,(1000 MT),191928.0
Corn,2024,Exports,(1000 MT),4.0
Corn,2024,Feed Dom. Consumption,(1000 MT),234000.0
Corn,2024,FSI Consumption,(1000 MT),82000.0
Corn,2024,Imports,(1000 MT),1823.0
Corn,2024,Production,(1000 MT),294917.0
Corn,2024,Total Distribution,(1000 MT),507932.0
Corn,2024,Total Supply,(1000 MT),507932.0
Corn,2024,TY Exports,(1000 MT),4.0
Corn,2024,TY Imp. from U.S.,(1000 MT),27.0
Corn,2024,TY Imports,(1000 MT),1823.0
Corn,2024,Yield,(MT/HA),6.59
Corn,2025,Area Harvested,(1000 HA),44960.0
Corn,2025,Beginning Stocks,(1000 MT),191928.0
Corn,2025,Domestic Consumption,(1000 MT),321000.0
Corn,2025,Ending Stocks,(1000 MT),177148.0
Corn,2025,Exports,(1000 MT),20.0
Corn,2025,Feed Dom. Consumption,(1000 MT),239000.0
Corn,2025,FSI Consumption,(1000 MT),82000.0
Corn,2025,Imports,(1000 MT),5000.0
Corn,2025,Production,(1000 MT),301240.0
Corn,2025,Total Distribution,(1000 MT),498168.0
Corn,2025,Total Supply,(1000 MT),498168.0
Corn,2025,TY Exports,(1000 MT),20.0
Corn,2025,TY Imp. from U.S.,(1000 MT),0.0
Corn,2025,TY Imports,(1000 MT),5000.0
Corn,2025,Yield,(MT/HA),6.7
Corn,2026,Area Harvested,(1000 HA),45400.0
Corn,2026,Beginning Stocks,(1000 MT),177148.0
Corn,2026,Domestic Consumption,(1000 MT),325000.0
Corn,2026,Ending Stocks,(1000 MT),165128.0
Corn,2026,Exports,(1000 MT),20.0
Corn,2026,Feed Dom. Consumption,(1000 MT),243000.0
Corn,2026,FSI Consumption,(1000 MT),82000.0
Corn,2026,Imports,(1000 MT),6000.0
Corn,2026,Production,(1000 MT),307000.0
Corn,2026,Total Distribution,(1000 MT),490148.0
Corn,2026,Total Supply,(1000 MT),490148.0
Corn,2026,TY Exports,(1000 MT),20.0
Corn,2026,TY Imp. from U.S.,(1000 MT),0.0
Corn,2026,TY Imports,(1000 MT),6000.0
Corn,2026,Yield,(MT/HA),6.76
Millet,1960,Area Harvested,(1000 HA),6730.0
Millet,1960,Beginning Stocks,(1000 MT),981.0
Millet,1960,Domestic Consumption,(1000 MT),5101.0
Millet,1960,Ending Stocks,(1000 MT),346.0
Millet,1960,Exports,(1000 MT),0.0
Millet,1960,Feed Dom. Consumption,(1000 MT),85.0
Millet,1960,FSI Consumption,(1000 MT),5016.0
Millet,1960,Imports,(1000 MT),0.0
Millet,1960,Production,(1000 MT),4466.0
Millet,1960,Total Distribution,(1000 MT),5447.0
Millet,1960,Total Supply,(1000 MT),5447.0
Millet,1960,TY Exports,(1000 MT),0.0
Millet,1960,TY Imp. from U.S.,(1000 MT),0.0
Millet,1960,TY Imports,(1000 MT),0.0
Millet,1960,Yield,(MT/HA),0.66
Millet,1961,Area Harvested,(1000 HA),7197.0
Millet,1961,Beginning Stocks,(1000 MT),346.0
Millet,1961,Domestic Consumption,(1000 MT),5049.0
Millet,1961,Ending Stocks,(1000 MT),1322.0
Millet,1961,Exports,(1000 MT),0.0
Millet,1961,Feed Dom. Consumption,(1000 MT),62.0
Millet,1961,FSI Consumption,(1000 MT),4987.0
Millet,1961,Imports,(1000 MT),0.0
Millet,1961,Production,(1000 MT),6025.0
Millet,1961,Total Distribution,(1000 MT),6371.0
Millet,1961,Total Supply,(1000 MT),6371.0
Millet,1961,TY Exports,(1000 MT),0.0
Millet,1961,TY Imp. from U.S.,(1000 MT),0.0
Millet,1961,TY Imports,(1000 MT),0.0
Millet,1961,Yield,(MT/HA),0.84
Millet,1962,Area Harvested,(1000 HA),7468.0
Millet,1962,Beginning Stocks,(1000 MT),1322.0
Millet,1962,Domestic Consumption,(1000 MT),5277.0
Millet,1962,Ending Stocks,(1000 MT),1345.0
Millet,1962,Exports,(1000 MT),0.0
Millet,1962,Feed Dom. Consumption,(1000 MT),82.0
Millet,1962,FSI Consumption,(1000 MT),5195.0
Millet,1962,Imports,(1000 MT),0.0
Millet,1962,Production,(1000 MT),5300.0
Millet,1962,Total Distribution,(1000 MT),6622.0
Millet,1962,Total Supply,(1000 MT),6622.0
Millet,1962,TY Exports,(1000 MT),0.0
Millet,1962,TY Imp. from U.S.,(1000 MT),0.0
Millet,1962,TY Imports,(1000 MT),0.0
Millet,1962,Yield,(MT/HA),0.71
Millet,1963,Area Harvested,(1000 HA),7154.0
Millet,1963,Beginning Stocks,(1000 MT),1345.0
Millet,1963,Domestic Consumption,(1000 MT),5343.0
Millet,1963,Ending Stocks,(1000 MT),1309.0
Millet,1963,Exports,(1000 MT),0.0
Millet,1963,Feed Dom. Consumption,(1000 MT),116.0
Millet,1963,FSI Consumption,(1000 MT),5227.0
Millet,1963,Imports,(1000 MT),0.0
Millet,1963,Production,(1000 MT),5307.0
Millet,1963,Total Distribution,(1000 MT),6652.0
Millet,1963,Total Supply,(1000 MT),6652.0
Millet,1963,TY Exports,(1000 MT),0.0
Millet,1963,TY Imp. from U.S.,(1000 MT),0.0
Millet,1963,TY Imports,(1000 MT),0.0
Millet,1963,Yield,(MT/HA),0.74
Millet,1964,Area Harvested,(1000 HA),6750.0
Millet,1964,Beginning Stocks,(1000 MT),1309.0
Millet,1964,Domestic Consumption,(1000 MT),6343.0
Millet,1964,Ending Stocks,(1000 MT),1055.0
Millet,1964,Exports,(1000 MT),0.0
Millet,1964,Feed Dom. Consumption,(1000 MT),133.0
Millet,1964,FSI Consumption,(1000 MT),6210.0
Millet,1964,Imports,(1000 MT),0.0
Millet,1964,Production,(1000 MT),6089.0
Millet,1964,Total Distribution,(1000 MT),7398.0
Millet,1964,Total Supply,(1000 MT),7398.0
Millet,1964,TY Exports,(1000 MT),0.0
Millet,1964,TY Imp. from U.S.,(1000 MT),0.0
Millet,1964,TY Imports,(1000 MT),0.0
Millet,1964,Yield,(MT/HA),0.9
Millet,1965,Area Harvested,(1000 HA),6560.0
Millet,1965,Beginning Stocks,(1000 MT),1055.0
Millet,1965,Domestic Consumption,(1000 MT),6441.0
Millet,1965,Ending Stocks,(1000 MT),814.0
Millet,1965,Exports,(1000 MT),0.0
Millet,1965,Feed Dom. Consumption,(1000 MT),136.0
Millet,1965,FSI Consumption,(1000 MT),6305.0
Millet,1965,Imports,(1000 MT),0.0
Millet,1965,Production,(1000 MT),6200.0
Millet,1965,Total Distribution,(1000 MT),7255.0
Millet,1965,Total Supply,(1000 MT),7255.0
Millet,1965,TY Exports,(1000 MT),0.0
Millet,1965,TY Imp. from U.S.,(1000 MT),0.0
Millet,1965,TY Imports,(1000 MT),0.0
Millet,1965,Yield,(MT/HA),0.95
Millet,1966,Area Harvested,(1000 HA),6882.0
Millet,1966,Beginning Stocks,(1000 MT),814.0
Millet,1966,Domestic Consumption,(1000 MT),6957.0
Millet,1966,Ending Stocks,(1000 MT),1117.0
Millet,1966,Exports,(1000 MT),0.0
Millet,1966,Feed Dom. Consumption,(1000 MT),138.0
Millet,1966,FSI Consumption,(1000 MT),6819.0
Millet,1966,Imports,(1000 MT),0.0
Millet,1966,Production,(1000 MT),7260.0
Millet,1966,Total Distribution,(1000 MT),8074.0
Millet,1966,Total Supply,(1000 MT),8074.0
Millet,1966,TY Exports,(1000 MT),0.0
Millet,1966,TY Imp. from U.S.,(1000 MT),0.0
Millet,1966,TY Imports,(1000 MT),0.0
Millet,1966,Yield,(MT/HA),1.05
Millet,1967,Area Harvested,(1000 HA),6708.0
Millet,1967,Beginning Stocks,(1000 MT),1117.0
Millet,1967,Domestic Consumption,(1000 MT),7464.0
Millet,1967,Ending Stocks,(1000 MT),1492.0
Millet,1967,Exports,(1000 MT),0.0
Millet,1967,Feed Dom. Consumption,(1000 MT),152.0
Millet,1967,FSI Consumption,(1000 MT),7312.0
Millet,1967,Imports,(1000 MT),0.0
Millet,1967,Production,(1000 MT),7839.0
Millet,1967,Total Distribution,(1000 MT),8956.0
Millet,1967,Total Supply,(1000 MT),8956.0
Millet,1967,TY Exports,(1000 MT),0.0
Millet,1967,TY Imp. from U.S.,(1000 MT),0.0
Millet,1967,TY Imports,(1000 MT),0.0
Millet,1967,Yield,(MT/HA),1.17
Millet,1968,Area Harvested,(1000 HA),6646.0
Millet,1968,Beginning Stocks,(1000 MT),1492.0
Millet,1968,Domestic Consumption,(1000 MT),7076.0
Millet,1968,Ending Stocks,(1000 MT),1531.0
Millet,1968,Exports,(1000 MT),0.0
Millet,1968,Feed Dom. Consumption,(1000 MT),137.0
Millet,1968,FSI Consumption,(1000 MT),6939.0
Millet,1968,Imports,(1000 MT),0.0
Millet,1968,Production,(1000 MT),7115.0
Millet,1968,Total Distribution,(1000 MT),8607.0
Millet,1968,Total Supply,(1000 MT),8607.0
Millet,1968,TY Exports,(1000 MT),0.0
Millet,1968,TY Imp. from U.S.,(1000 MT),0.0
Millet,1968,TY Imports,(1000 MT),0.0
Millet,1968,Yield,(MT/HA),1.07
Millet,1969,Area Harvested,(1000 HA),6841.0
Millet,1969,Beginning Stocks,(1000 MT),1531.0
Millet,1969,Domestic Consumption,(1000 MT),7280.0
Millet,1969,Ending Stocks,(1000 MT),1644.0
Millet,1969,Exports,(1000 MT),0.0
Millet,1969,Feed Dom. Consumption,(1000 MT),155.0
Millet,1969,FSI Consumption,(1000 MT),7125.0
Millet,1969,Imports,(1000 MT),0.0
Millet,1969,Production,(1000 MT),7393.0
Millet,1969,Total Distribution,(1000 MT),8924.0
Millet,1969,Total Supply,(1000 MT),8924.0
Millet,1969,TY Exports,(1000 MT),0.0
Millet,1969,TY Imp. from U.S.,(1000 MT),0.0
Millet,1969,TY Imports,(1000 MT),0.0
Millet,1969,Yield,(MT/HA),1.08
Millet,1970,Area Harvested,(1000 HA),6910.0
Millet,1970,Beginning Stocks,(1000 MT),1644.0
Millet,1970,Domestic Consumption,(1000 MT),8420.0
Millet,1970,Ending Stocks,(1000 MT),2024.0
Millet,1970,Exports,(1000 MT),0.0
Millet,1970,Feed Dom. Consumption,(1000 MT),182.0
Millet,1970,FSI Consumption,(1000 MT),8238.0
Millet,1970,Imports,(1000 MT),0.0
Millet,1970,Production,(1000 MT),8800.0
Millet,1970,Total Distribution,(1000 MT),10444.0
Millet,1970,Total Supply,(1000 MT),10444.0
Millet,1970,TY Exports,(1000 MT),0.0
Millet,1970,TY Imp. from U.S.,(1000 MT),0.0
Millet,1970,TY Imports,(1000 MT),0.0
Millet,1970,Yield,(MT/HA),1.27
Millet,1971,Area Harvested,(1000 HA),6478.0
Millet,1971,Beginning Stocks,(1000 MT),2024.0
Millet,1971,Domestic Consumption,(1000 MT),8413.0
Millet,1971,Ending Stocks,(1000 MT),2272.0
Millet,1971,Exports,(1000 MT),0.0
Millet,1971,Feed Dom. Consumption,(1000 MT),176.0
Millet,1971,FSI Consumption,(1000 MT),8237.0
Millet,1971,Imports,(1000 MT),0.0
Millet,1971,Production,(1000 MT),8661.0
Millet,1971,Total Distribution,(1000 MT),10685.0
Millet,1971,Total Supply,(1000 MT),10685.0
Millet,1971,TY Exports,(1000 MT),0.0
Millet,1971,TY Imp. from U.S.,(1000 MT),0.0
Millet,1971,TY Imports,(1000 MT),0.0
Millet,1971,Yield,(MT/HA),1.34
Millet,1972,Area Harvested,(1000 HA),6040.0
Millet,1972,Beginning Stocks,(1000 MT),2272.0
Millet,1972,Domestic Consumption,(1000 MT),7264.0
Millet,1972,Ending Stocks,(1000 MT),2078.0
Millet,1972,Exports,(1000 MT),0.0
Millet,1972,Feed Dom. Consumption,(1000 MT),156.0
Millet,1972,FSI Consumption,(1000 MT),7108.0
Millet,1972,Imports,(1000 MT),0.0
Millet,1972,Production,(1000 MT),7070.0
Millet,1972,Total Distribution,(1000 MT),9342.0
Millet,1972,Total Supply,(1000 MT),9342.0
Millet,1972,TY Exports,(1000 MT),0.0
Millet,1972,TY Imp. from U.S.,(1000 MT),0.0
Millet,1972,TY Imports,(1000 MT),0.0
Millet,1972,Yield,(MT/HA),1.17
Millet,1973,Area Harvested,(1000 HA),5662.0
Millet,1973,Beginning Stocks,(1000 MT),2078.0
Millet,1973,Domestic Consumption,(1000 MT),7251.0
Millet,1973,Ending Stocks,(1000 MT),2244.0
Millet,1973,Exports,(1000 MT),0.0
Millet,1973,Feed Dom. Consumption,(1000 MT),158.0
Millet,1973,FSI Consumption,(1000 MT),7093.0
Millet,1973,Imports,(1000 MT),0.0
Millet,1973,Production,(1000 MT),7417.0
Millet,1973,Total Distribution,(1000 MT),9495.0
Millet,1973,Total Supply,(1000 MT),9495.0
Millet,1973,TY Exports,(1000 MT),0.0
Millet,1973,TY Imp. from U.S.,(1000 MT),0.0
Millet,1973,TY Imports,(1000 MT),0.0
Millet,1973,Yield,(MT/HA),1.31
Millet,1974,Area Harvested,(1000 HA),5238.0
Millet,1974,Beginning Stocks,(1000 MT),2244.0
Millet,1974,Domestic Consumption,(1000 MT),7131.0
Millet,1974,Ending Stocks,(1000 MT),2622.0
Millet,1974,Exports,(1000 MT),0.0
Millet,1974,Feed Dom. Consumption,(1000 MT),154.0
Millet,1974,FSI Consumption,(1000 MT),6977.0
Millet,1974,Imports,(1000 MT),0.0
Millet,1974,Production,(1000 MT),7509.0
Millet,1974,Total Distribution,(1000 MT),9753.0
Millet,1974,Total Supply,(1000 MT),9753.0
Millet,1974,TY Exports,(1000 MT),0.0
Millet,1974,TY Imp. from U.S.,(1000 MT),0.0
Millet,1974,TY Imports,(1000 MT),0.0
Millet,1974,Yield,(MT/HA),1.43
Millet,1975,Area Harvested,(1000 HA),4884.0
Millet,1975,Beginning Stocks,(1000 MT),2622.0
Millet,1975,Domestic Consumption,(1000 MT),7408.0
Millet,1975,Ending Stocks,(1000 MT),2364.0
Millet,1975,Exports,(1000 MT),0.0
Millet,1975,Feed Dom. Consumption,(1000 MT),162.0
Millet,1975,FSI Consumption,(1000 MT),7246.0
Millet,1975,Imports,(1000 MT),0.0
Millet,1975,Production,(1000 MT),7150.0
Millet,1975,Total Distribution,(1000 MT),9772.0
Millet,1975,Total Supply,(1000 MT),9772.0
Millet,1975,TY Exports,(1000 MT),0.0
Millet,1975,TY Imp. from U.S.,(1000 MT),0.0
Millet,1975,TY Imports,(1000 MT),0.0
Millet,1975,Yield,(MT/HA),1.46
Millet,1976,Area Harvested,(1000 HA),4500.0
Millet,1976,Beginning Stocks,(1000 MT),2364.0
Millet,1976,Domestic Consumption,(1000 MT),5252.0
Millet,1976,Ending Stocks,(1000 MT),2662.0
Millet,1976,Exports,(1000 MT),0.0
Millet,1976,Feed Dom. Consumption,(1000 MT),119.0
Millet,1976,FSI Consumption,(1000 MT),5133.0
Millet,1976,Imports,(1000 MT),0.0
Millet,1976,Production,(1000 MT),5550.0
Millet,1976,Total Distribution,(1000 MT),7914.0
Millet,1976,Total Supply,(1000 MT),7914.0
Millet,1976,TY Exports,(1000 MT),0.0
Millet,1976,TY Imp. from U.S.,(1000 MT),0.0
Millet,1976,TY Imports,(1000 MT),0.0
Millet,1976,Yield,(MT/HA),1.23
Millet,1977,Area Harvested,(1000 HA),4477.0
Millet,1977,Beginning Stocks,(1000 MT),2662.0
Millet,1977,Domestic Consumption,(1000 MT),6274.0
Millet,1977,Ending Stocks,(1000 MT),2538.0
Millet,1977,Exports,(1000 MT),0.0
Millet,1977,Feed Dom. Consumption,(1000 MT),121.0
Millet,1977,FSI Consumption,(1000 MT),6153.0
Millet,1977,Imports,(1000 MT),0.0
Millet,1977,Production,(1000 MT),6150.0
Millet,1977,Total Distribution,(1000 MT),8812.0
Millet,1977,Total Supply,(1000 MT),8812.0
Millet,1977,TY Exports,(1000 MT),0.0
Millet,1977,TY Imp. from U.S.,(1000 MT),0.0
Millet,1977,TY Imports,(1000 MT),0.0
Millet,1977,Yield,(MT/HA),1.37
Millet,1978,Area Harvested,(1000 HA),4271.0
Millet,1978,Beginning Stocks,(1000 MT),2538.0
Millet,1978,Domestic Consumption,(1000 MT),6472.0
Millet,1978,Ending Stocks,(1000 MT),2631.0
Millet,1978,Exports,(1000 MT),0.0
Millet,1978,Feed Dom. Consumption,(1000 MT),147.0
Millet,1978,FSI Consumption,(1000 MT),6325.0
Millet,1978,Imports,(1000 MT),0.0
Millet,1978,Production,(1000 MT),6565.0
Millet,1978,Total Distribution,(1000 MT),9103.0
Millet,1978,Total Supply,(1000 MT),9103.0
Millet,1978,TY Exports,(1000 MT),0.0
Millet,1978,TY Imp. from U.S.,(1000 MT),0.0
Millet,1978,TY Imports,(1000 MT),0.0
Millet,1978,Yield,(MT/HA),1.54
Millet,1979,Area Harvested,(1000 HA),4173.0
Millet,1979,Beginning Stocks,(1000 MT),2631.0
Millet,1979,Domestic Consumption,(1000 MT),6284.0
Millet,1979,Ending Stocks,(1000 MT),2472.0
Millet,1979,Exports,(1000 MT),0.0
Millet,1979,Feed Dom. Consumption,(1000 MT),142.0
Millet,1979,FSI Consumption,(1000 MT),6142.0
Millet,1979,Imports,(1000 MT),0.0
Millet,1979,Production,(1000 MT),6125.0
Millet,1979,Total Distribution,(1000 MT),8756.0
Millet,1979,Total Supply,(1000 MT),8756.0
Millet,1979,TY Exports,(1000 MT),0.0
Millet,1979,TY Imp. from U.S.,(1000 MT),0.0
Millet,1979,TY Imports,(1000 MT),0.0
Millet,1979,Yield,(MT/HA),1.47
Millet,1980,Area Harvested,(1000 HA),3872.0
Millet,1980,Beginning Stocks,(1000 MT),2472.0
Millet,1980,Domestic Consumption,(1000 MT),5494.0
Millet,1980,Ending Stocks,(1000 MT),2423.0
Millet,1980,Exports,(1000 MT),0.0
Millet,1980,Feed Dom. Consumption,(1000 MT),116.0
Millet,1980,FSI Consumption,(1000 MT),5378.0
Millet,1980,Imports,(1000 MT),0.0
Millet,1980,Production,(1000 MT),5445.0
Millet,1980,Total Distribution,(1000 MT),7917.0
Millet,1980,Total Supply,(1000 MT),7917.0
Millet,1980,TY Exports,(1000 MT),0.0
Millet,1980,TY Imp. from U.S.,(1000 MT),0.0
Millet,1980,TY Imports,(1000 MT),0.0
Millet,1980,Yield,(MT/HA),1.41
Millet,1981,Area Harvested,(1000 HA),3889.0
Millet,1981,Beginning Stocks,(1000 MT),2423.0
Millet,1981,Domestic Consumption,(1000 MT),5728.0
Millet,1981,Ending Stocks,(1000 MT),2445.0
Millet,1981,Exports,(1000 MT),0.0
Millet,1981,Feed Dom. Consumption,(1000 MT),124.0
Millet,1981,FSI Consumption,(1000 MT),5604.0
Millet,1981,Imports,(1000 MT),0.0
Millet,1981,Production,(1000 MT),5750.0
Millet,1981,Total Distribution,(1000 MT),8173.0
Millet,1981,Total Supply,(1000 MT),8173.0
Millet,1981,TY Exports,(1000 MT),0.0
Millet,1981,TY Imp. from U.S.,(1000 MT),0.0
Millet,1981,TY Imports,(1000 MT),0.0
Millet,1981,Yield,(MT/HA),1.48
Millet,1982,Area Harvested,(1000 HA),4039.0
Millet,1982,Beginning Stocks,(1000 MT),2445.0
Millet,1982,Domestic Consumption,(1000 MT),6606.0
Millet,1982,Ending Stocks,(1000 MT),2419.0
Millet,1982,Exports,(1000 MT),0.0
Millet,1982,Feed Dom. Consumption,(1000 MT),141.0
Millet,1982,FSI Consumption,(1000 MT),6465.0
Millet,1982,Imports,(1000 MT),0.0
Millet,1982,Production,(1000 MT),6580.0
Millet,1982,Total Distribution,(1000 MT),9025.0
Millet,1982,Total Supply,(1000 MT),9025.0
Millet,1982,TY Exports,(1000 MT),0.0
Millet,1982,TY Imp. from U.S.,(1000 MT),0.0
Millet,1982,TY Imports,(1000 MT),0.0
Millet,1982,Yield,(MT/HA),1.63
Millet,1983,Area Harvested,(1000 HA),4087.0
Millet,1983,Beginning Stocks,(1000 MT),2419.0
Millet,1983,Domestic Consumption,(1000 MT),7521.0
Millet,1983,Ending Stocks,(1000 MT),2438.0
Millet,1983,Exports,(1000 MT),0.0
Millet,1983,Feed Dom. Consumption,(1000 MT),163.0
Millet,1983,FSI Consumption,(1000 MT),7358.0
Millet,1983,Imports,(1000 MT),0.0
Millet,1983,Production,(1000 MT),7540.0
Millet,1983,Total Distribution,(1000 MT),9959.0
Millet,1983,Total Supply,(1000 MT),9959.0
Millet,1983,TY Exports,(1000 MT),0.0
Millet,1983,TY Imp. from U.S.,(1000 MT),0.0
Millet,1983,TY Imports,(1000 MT),0.0
Millet,1983,Yield,(MT/HA),1.84
Millet,1984,Area Harvested,(1000 HA),3797.0
Millet,1984,Beginning Stocks,(1000 MT),2438.0
Millet,1984,Domestic Consumption,(1000 MT),6892.0
Millet,1984,Ending Stocks,(1000 MT),2571.0
Millet,1984,Exports,(1000 MT),0.0
Millet,1984,Feed Dom. Consumption,(1000 MT),157.0
Millet,1984,FSI Consumption,(1000 MT),6735.0
Millet,1984,Imports,(1000 MT),0.0
Millet,1984,Production,(1000 MT),7025.0
Millet,1984,Total Distribution,(1000 MT),9463.0
Millet,1984,Total Supply,(1000 MT),9463.0
Millet,1984,TY Exports,(1000 MT),0.0
Millet,1984,TY Imp. from U.S.,(1000 MT),0.0
Millet,1984,TY Imports,(1000 MT),0.0
Millet,1984,Yield,(MT/HA),1.85
Millet,1985,Area Harvested,(1000 HA),3318.0
Millet,1985,Beginning Stocks,(1000 MT),2571.0
Millet,1985,Domestic Consumption,(1000 MT),6800.0
Millet,1985,Ending Stocks,(1000 MT),1751.0
Millet,1985,Exports,(1000 MT),0.0
Millet,1985,Feed Dom. Consumption,(1000 MT),162.0
Millet,1985,FSI Consumption,(1000 MT),6638.0
Millet,1985,Imports,(1000 MT),0.0
Millet,1985,Production,(1000 MT),5980.0
Millet,1985,Total Distribution,(1000 MT),8551.0
Millet,1985,Total Supply,(1000 MT),8551.0
Millet,1985,TY Exports,(1000 MT),0.0
Millet,1985,TY Imp. from U.S.,(1000 MT),0.0
Millet,1985,TY Imports,(1000 MT),0.0
Millet,1985,Yield,(MT/HA),1.8
Millet,1986,Area Harvested,(1000 HA),2980.0
Millet,1986,Beginning Stocks,(1000 MT),1751.0
Millet,1986,Domestic Consumption,(1000 MT),4881.0
Millet,1986,Ending Stocks,(1000 MT),1410.0
Millet,1986,Exports,(1000 MT),0.0
Millet,1986,Feed Dom. Consumption,(1000 MT),138.0
Millet,1986,FSI Consumption,(1000 MT),4743.0
Millet,1986,Imports,(1000 MT),0.0
Millet,1986,Production,(1000 MT),4540.0
Millet,1986,Total Distribution,(1000 MT),6291.0
Millet,1986,Total Supply,(1000 MT),6291.0
Millet,1986,TY Exports,(1000 MT),0.0
Millet,1986,TY Imp. from U.S.,(1000 MT),0.0
Millet,1986,TY Imports,(1000 MT),0.0
Millet,1986,Yield,(MT/HA),1.52
Millet,1987,Area Harvested,(1000 HA),2688.0
Millet,1987,Beginning Stocks,(1000 MT),1410.0
Millet,1987,Domestic Consumption,(1000 MT),4969.0
Millet,1987,Ending Stocks,(1000 MT),979.0
Millet,1987,Exports,(1000 MT),0.0
Millet,1987,Feed Dom. Consumption,(1000 MT),140.0
Millet,1987,FSI Consumption,(1000 MT),4829.0
Millet,1987,Imports,(1000 MT),0.0
Millet,1987,Production,(1000 MT),4538.0
Millet,1987,Total Distribution,(1000 MT),5948.0
Millet,1987,Total Supply,(1000 MT),5948.0
Millet,1987,TY Exports,(1000 MT),0.0
Millet,1987,TY Imp. from U.S.,(1000 MT),0.0
Millet,1987,TY Imports,(1000 MT),0.0
Millet,1987,Yield,(MT/HA),1.69
Millet,1988,Area Harvested,(1000 HA),2513.0
Millet,1988,Beginning Stocks,(1000 MT),979.0
Millet,1988,Domestic Consumption,(1000 MT),5032.0
Millet,1988,Ending Stocks,(1000 MT),459.0
Millet,1988,Exports,(1000 MT),0.0
Millet,1988,Feed Dom. Consumption,(1000 MT),2.0
Millet,1988,FSI Consumption,(1000 MT),5030.0
Millet,1988,Imports,(1000 MT),0.0
Millet,1988,Production,(1000 MT),4512.0
Millet,1988,Total Distribution,(1000 MT),5491.0
Millet,1988,Total Supply,(1000 MT),5491.0
Millet,1988,TY Exports,(1000 MT),0.0
Millet,1988,TY Imp. from U.S.,(1000 MT),0.0
Millet,1988,TY Imports,(1000 MT),0.0
Millet,1988,Yield,(MT/HA),1.8
Millet,1989,Area Harvested,(1000 HA),2396.0
Millet,1989,Beginning Stocks,(1000 MT),459.0
Millet,1989,Domestic Consumption,(1000 MT),4095.0
Millet,1989,Ending Stocks,(1000 MT),117.0
Millet,1989,Exports,(1000 MT),0.0
Millet,1989,Feed Dom. Consumption,(1000 MT),140.0
Millet,1989,FSI Consumption,(1000 MT),3955.0
Millet,1989,Imports,(1000 MT),0.0
Millet,1989,Production,(1000 MT),3753.0
Millet,1989,Total Distribution,(1000 MT),4212.0
Millet,1989,Total Supply,(1000 MT),4212.0
Millet,1989,TY Exports,(1000 MT),0.0
Millet,1989,TY Imp. from U.S.,(1000 MT),0.0
Millet,1989,TY Imports,(1000 MT),0.0
Millet,1989,Yield,(MT/HA),1.57
Millet,1990,Area Harvested,(1000 HA),2279.0
Millet,1990,Beginning Stocks,(1000 MT),117.0
Millet,1990,Domestic Consumption,(1000 MT),4430.0
Millet,1990,Ending Stocks,(1000 MT),257.0
Millet,1990,Exports,(1000 MT),5.0
Millet,1990,Feed Dom. Consumption,(1000 MT),140.0
Millet,1990,FSI Consumption,(1000 MT),4290.0
Millet,1990,Imports,(1000 MT),0.0
Millet,1990,Production,(1000 MT),4575.0
Millet,1990,Total Distribution,(1000 MT),4692.0
Millet,1990,Total Supply,(1000 MT),4692.0
Millet,1990,TY Exports,(1000 MT),5.0
Millet,1990,TY Imp. from U.S.,(1000 MT),0.0
Millet,1990,TY Imports,(1000 MT),0.0
Millet,1990,Yield,(MT/HA),2.01
Millet,1991,Area Harvested,(1000 HA),2081.0
Millet,1991,Beginning Stocks,(1000 MT),257.0
Millet,1991,Domestic Consumption,(1000 MT),3463.0
Millet,1991,Ending Stocks,(1000 MT),153.0
Millet,1991,Exports,(1000 MT),4.0
Millet,1991,Feed Dom. Consumption,(1000 MT),0.0
Millet,1991,FSI Consumption,(1000 MT),3463.0
Millet,1991,Imports,(1000 MT),0.0
Millet,1991,Production,(1000 MT),3363.0
Millet,1991,Total Distribution,(1000 MT),3620.0
Millet,1991,Total Supply,(1000 MT),3620.0
Millet,1991,TY Exports,(1000 MT),0.0
Millet,1991,TY Imp. from U.S.,(1000 MT),0.0
Millet,1991,TY Imports,(1000 MT),0.0
Millet,1991,Yield,(MT/HA),1.62
Millet,1992,Area Harvested,(1000 HA),1867.0
Millet,1992,Beginning Stocks,(1000 MT),153.0
Millet,1992,Domestic Consumption,(1000 MT),3880.0
Millet,1992,Ending Stocks,(1000 MT),153.0
Millet,1992,Exports,(1000 MT),0.0
Millet,1992,Feed Dom. Consumption,(1000 MT),0.0
Millet,1992,FSI Consumption,(1000 MT),3880.0
Millet,1992,Imports,(1000 MT),0.0
Millet,1992,Production,(1000 MT),3880.0
Millet,1992,Total Distribution,(1000 MT),4033.0
Millet,1992,Total Supply,(1000 MT),4033.0
Millet,1992,TY Exports,(1000 MT),0.0
Millet,1992,TY Imp. from U.S.,(1000 MT),0.0
Millet,1992,TY Imports,(1000 MT),0.0
Millet,1992,Yield,(MT/HA),2.08
Millet,1993,Area Harvested,(1000 HA),1832.0
Millet,1993,Beginning Stocks,(1000 MT),153.0
Millet,1993,Domestic Consumption,(1000 MT),4000.0
Millet,1993,Ending Stocks,(1000 MT),153.0
Millet,1993,Exports,(1000 MT),0.0
Millet,1993,Feed Dom. Consumption,(1000 MT),0.0
Millet,1993,FSI Consumption,(1000 MT),4000.0
Millet,1993,Imports,(1000 MT),0.0
Millet,1993,Production,(1000 MT),4000.0
Millet,1993,Total Distribution,(1000 MT),4153.0
Millet,1993,Total Supply,(1000 MT),4153.0
Millet,1993,TY Exports,(1000 MT),0.0
Millet,1993,TY Imp. from U.S.,(1000 MT),0.0
Millet,1993,TY Imports,(1000 MT),0.0
Millet,1993,Yield,(MT/HA),2.18
Millet,1994,Area Harvested,(1000 HA),1672.0
Millet,1994,Beginning Stocks,(1000 MT),153.0
Millet,1994,Domestic Consumption,(1000 MT),3853.0
Millet,1994,Ending Stocks,(1000 MT),0.0
Millet,1994,Exports,(1000 MT),0.0
Millet,1994,Feed Dom. Consumption,(1000 MT),0.0
Millet,1994,FSI Consumption,(1000 MT),3853.0
Millet,1994,Imports,(1000 MT),0.0
Millet,1994,Production,(1000 MT),3700.0
Millet,1994,Total Distribution,(1000 MT),3853.0
Millet,1994,Total Supply,(1000 MT),3853.0
Millet,1994,TY Exports,(1000 MT),0.0
Millet,1994,TY Imp. from U.S.,(1000 MT),0.0
Millet,1994,TY Imports,(1000 MT),0.0
Millet,1994,Yield,(MT/HA),2.21
Millet,1995,Area Harvested,(1000 HA),1523.0
Millet,1995,Beginning Stocks,(1000 MT),0.0
Millet,1995,Domestic Consumption,(1000 MT),3020.0
Millet,1995,Ending Stocks,(1000 MT),0.0
Millet,1995,Exports,(1000 MT),0.0
Millet,1995,Feed Dom. Consumption,(1000 MT),0.0
Millet,1995,FSI Consumption,(1000 MT),3020.0
Millet,1995,Imports,(1000 MT),0.0
Millet,1995,Production,(1000 MT),3020.0
Millet,1995,Total Distribution,(1000 MT),3020.0
Millet,1995,Total Supply,(1000 MT),3020.0
Millet,1995,TY Exports,(1000 MT),0.0
Millet,1995,TY Imp. from U.S.,(1000 MT),0.0
Millet,1995,TY Imports,(1000 MT),0.0
Millet,1995,Yield,(MT/HA),1.98
Millet,1996,Area Harvested,(1000 HA),1514.0
Millet,1996,Beginning Stocks,(1000 MT),0.0
Millet,1996,Domestic Consumption,(1000 MT),3572.0
Millet,1996,Ending Stocks,(1000 MT),0.0
Millet,1996,Exports,(1000 MT),0.0
Millet,1996,Feed Dom. Consumption,(1000 MT),0.0
Millet,1996,FSI Consumption,(1000 MT),3572.0
Millet,1996,Imports,(1000 MT),0.0
Millet,1996,Production,(1000 MT),3572.0
Millet,1996,Total Distribution,(1000 MT),3572.0
Millet,1996,Total Supply,(1000 MT),3572.0
Millet,1996,TY Exports,(1000 MT),0.0
Millet,1996,TY Imp. from U.S.,(1000 MT),0.0
Millet,1996,TY Imports,(1000 MT),0.0
Millet,1996,Yield,(MT/HA),2.36
Millet,1997,Area Harvested,(1000 HA),1442.0
Millet,1997,Beginning Stocks,(1000 MT),0.0
Millet,1997,Domestic Consumption,(1000 MT),2313.0
Millet,1997,Ending Stocks,(1000 MT),0.0
Millet,1997,Exports,(1000 MT),0.0
Millet,1997,Feed Dom. Consumption,(1000 MT),0.0
Millet,1997,FSI Consumption,(1000 MT),2313.0
Millet,1997,Imports,(1000 MT),0.0
Millet,1997,Production,(1000 MT),2313.0
Millet,1997,Total Distribution,(1000 MT),2313.0
Millet,1997,Total Supply,(1000 MT),2313.0
Millet,1997,TY Exports,(1000 MT),0.0
Millet,1997,TY Imp. from U.S.,(1000 MT),0.0
Millet,1997,TY Imports,(1000 MT),0.0
Millet,1997,Yield,(MT/HA),1.6
Millet,1998,Area Harvested,(1000 HA),1411.0
Millet,1998,Beginning Stocks,(1000 MT),0.0
Millet,1998,Domestic Consumption,(1000 MT),3113.0
Millet,1998,Ending Stocks,(1000 MT),0.0
Millet,1998,Exports,(1000 MT),0.0
Millet,1998,Feed Dom. Consumption,(1000 MT),0.0
Millet,1998,FSI Consumption,(1000 MT),3113.0
Millet,1998,Imports,(1000 MT),0.0
Millet,1998,Production,(1000 MT),3113.0
Millet,1998,Total Distribution,(1000 MT),3113.0
Millet,1998,Total Supply,(1000 MT),3113.0
Millet,1998,TY Exports,(1000 MT),0.0
Millet,1998,TY Imp. from U.S.,(1000 MT),0.0
Millet,1998,TY Imports,(1000 MT),0.0
Millet,1998,Yield,(MT/HA),2.21
Millet,1999,Area Harvested,(1000 HA),1330.0
Millet,1999,Beginning Stocks,(1000 MT),0.0
Millet,1999,Domestic Consumption,(1000 MT),2320.0
Millet,1999,Ending Stocks,(1000 MT),0.0
Millet,1999,Exports,(1000 MT),0.0
Millet,1999,Feed Dom. Consumption,(1000 MT),0.0
Millet,1999,FSI Consumption,(1000 MT),2320.0
Millet,1999,Imports,(1000 MT),0.0
Millet,1999,Production,(1000 MT),2320.0
Millet,1999,Total Distribution,(1000 MT),2320.0
Millet,1999,Total Supply,(1000 MT),2320.0
Millet,1999,TY Exports,(1000 MT),0.0
Millet,1999,TY Imp. from U.S.,(1000 MT),0.0
Millet,1999,TY Imports,(1000 MT),0.0
Millet,1999,Yield,(MT/HA),1.74
Millet,2000,Area Harvested,(1000 HA),1250.0
Millet,2000,Beginning Stocks,(1000 MT),0.0
Millet,2000,Domestic Consumption,(1000 MT),2125.0
Millet,2000,Ending Stocks,(1000 MT),0.0
Millet,2000,Exports,(1000 MT),0.0
Millet,2000,Feed Dom. Consumption,(1000 MT),0.0
Millet,2000,FSI Consumption,(1000 MT),2125.0
Millet,2000,Imports,(1000 MT),0.0
Millet,2000,Production,(1000 MT),2125.0
Millet,2000,Total Distribution,(1000 MT),2125.0
Millet,2000,Total Supply,(1000 MT),2125.0
Millet,2000,TY Exports,(1000 MT),0.0
Millet,2000,TY Imp. from U.S.,(1000 MT),0.0
Millet,2000,TY Imports,(1000 MT),0.0
Millet,2000,Yield,(MT/HA),1.7
Millet,2001,Area Harvested,(1000 HA),1148.0
Millet,2001,Beginning Stocks,(1000 MT),0.0
Millet,2001,Domestic Consumption,(1000 MT),1967.0
Millet,2001,Ending Stocks,(1000 MT),0.0
Millet,2001,Exports,(1000 MT),0.0
Millet,2001,Feed Dom. Consumption,(1000 MT),0.0
Millet,2001,FSI Consumption,(1000 MT),1967.0
Millet,2001,Imports,(1000 MT),0.0
Millet,2001,Production,(1000 MT),1967.0
Millet,2001,Total Distribution,(1000 MT),1967.0
Millet,2001,Total Supply,(1000 MT),1967.0
Millet,2001,TY Exports,(1000 MT),0.0
Millet,2001,TY Imp. from U.S.,(1000 MT),0.0
Millet,2001,TY Imports,(1000 MT),0.0
Millet,2001,Yield,(MT/HA),1.71
Millet,2002,Area Harvested,(1000 HA),1140.0
Millet,2002,Beginning Stocks,(1000 MT),0.0
Millet,2002,Domestic Consumption,(1000 MT),2176.0
Millet,2002,Ending Stocks,(1000 MT),0.0
Millet,2002,Exports,(1000 MT),0.0
Millet,2002,Feed Dom. Consumption,(1000 MT),0.0
Millet,2002,FSI Consumption,(1000 MT),2176.0
Millet,2002,Imports,(1000 MT),0.0
Millet,2002,Production,(1000 MT),2176.0
Millet,2002,Total Distribution,(1000 MT),2176.0
Millet,2002,Total Supply,(1000 MT),2176.0
Millet,2002,TY Exports,(1000 MT),0.0
Millet,2002,TY Imp. from U.S.,(1000 MT),0.0
Millet,2002,TY Imports,(1000 MT),0.0
Millet,2002,Yield,(MT/HA),1.91
Millet,2003,Area Harvested,(1000 HA),1024.0
Millet,2003,Beginning Stocks,(1000 MT),0.0
Millet,2003,Domestic Consumption,(1000 MT),1941.0
Millet,2003,Ending Stocks,(1000 MT),0.0
Millet,2003,Exports,(1000 MT),0.0
Millet,2003,Feed Dom. Consumption,(1000 MT),0.0
Millet,2003,FSI Consumption,(1000 MT),1941.0
Millet,2003,Imports,(1000 MT),0.0
Millet,2003,Production,(1000 MT),1941.0
Millet,2003,Total Distribution,(1000 MT),1941.0
Millet,2003,Total Supply,(1000 MT),1941.0
Millet,2003,TY Exports,(1000 MT),0.0
Millet,2003,TY Imp. from U.S.,(1000 MT),0.0
Millet,2003,TY Imports,(1000 MT),0.0
Millet,2003,Yield,(MT/HA),1.9
Millet,2004,Area Harvested,(1000 HA),916.0
Millet,2004,Beginning Stocks,(1000 MT),0.0
Millet,2004,Domestic Consumption,(1000 MT),1813.0
Millet,2004,Ending Stocks,(1000 MT),0.0
Millet,2004,Exports,(1000 MT),0.0
Millet,2004,Feed Dom. Consumption,(1000 MT),0.0
Millet,2004,FSI Consumption,(1000 MT),1813.0
Millet,2004,Imports,(1000 MT),0.0
Millet,2004,Production,(1000 MT),1813.0
Millet,2004,Total Distribution,(1000 MT),1813.0
Millet,2004,Total Supply,(1000 MT),1813.0
Millet,2004,TY Exports,(1000 MT),0.0
Millet,2004,TY Imp. from U.S.,(1000 MT),0.0
Millet,2004,TY Imports,(1000 MT),0.0
Millet,2004,Yield,(MT/HA),1.98
Millet,2005,Area Harvested,(1000 HA),849.0
Millet,2005,Beginning Stocks,(1000 MT),0.0
Millet,2005,Domestic Consumption,(1000 MT),1784.0
Millet,2005,Ending Stocks,(1000 MT),0.0
Millet,2005,Exports,(1000 MT),0.0
Millet,2005,Feed Dom. Consumption,(1000 MT),0.0
Millet,2005,FSI Consumption,(1000 MT),1784.0
Millet,2005,Imports,(1000 MT),0.0
Millet,2005,Production,(1000 MT),1784.0
Millet,2005,Total Distribution,(1000 MT),1784.0
Millet,2005,Total Supply,(1000 MT),1784.0
Millet,2005,TY Exports,(1000 MT),0.0
Millet,2005,TY Imp. from U.S.,(1000 MT),0.0
Millet,2005,TY Imports,(1000 MT),0.0
Millet,2005,Yield,(MT/HA),2.1
Millet,2006,Area Harvested,(1000 HA),858.0
Millet,2006,Beginning Stocks,(1000 MT),0.0
Millet,2006,Domestic Consumption,(1000 MT),1639.0
Millet,2006,Ending Stocks,(1000 MT),0.0
Millet,2006,Exports,(1000 MT),0.0
Millet,2006,Feed Dom. Consumption,(1000 MT),0.0
Millet,2006,FSI Consumption,(1000 MT),1639.0
Millet,2006,Imports,(1000 MT),0.0
Millet,2006,Production,(1000 MT),1639.0
Millet,2006,Total Distribution,(1000 MT),1639.0
Millet,2006,Total Supply,(1000 MT),1639.0
Millet,2006,TY Exports,(1000 MT),0.0
Millet,2006,TY Imp. from U.S.,(1000 MT),0.0
Millet,2006,TY Imports,(1000 MT),0.0
Millet,2006,Yield,(MT/HA),1.91
Millet,2007,Area Harvested,(1000 HA),835.0
Millet,2007,Beginning Stocks,(1000 MT),0.0
Millet,2007,Domestic Consumption,(1000 MT),1521.0
Millet,2007,Ending Stocks,(1000 MT),0.0
Millet,2007,Exports,(1000 MT),0.0
Millet,2007,Feed Dom. Consumption,(1000 MT),0.0
Millet,2007,FSI Consumption,(1000 MT),1521.0
Millet,2007,Imports,(1000 MT),0.0
Millet,2007,Production,(1000 MT),1521.0
Millet,2007,Total Distribution,(1000 MT),1521.0
Millet,2007,Total Supply,(1000 MT),1521.0
Millet,2007,TY Exports,(1000 MT),0.0
Millet,2007,TY Imp. from U.S.,(1000 MT),0.0
Millet,2007,TY Imports,(1000 MT),0.0
Millet,2007,Yield,(MT/HA),1.82
Millet,2008,Area Harvested,(1000 HA),834.0
Millet,2008,Beginning Stocks,(1000 MT),0.0
Millet,2008,Domestic Consumption,(1000 MT),1247.0
Millet,2008,Ending Stocks,(1000 MT),0.0
Millet,2008,Exports,(1000 MT),0.0
Millet,2008,Feed Dom. Consumption,(1000 MT),0.0
Millet,2008,FSI Consumption,(1000 MT),1247.0
Millet,2008,Imports,(1000 MT),0.0
Millet,2008,Production,(1000 MT),1247.0
Millet,2008,Total Distribution,(1000 MT),1247.0
Millet,2008,Total Supply,(1000 MT),1247.0
Millet,2008,TY Exports,(1000 MT),0.0
Millet,2008,TY Imp. from U.S.,(1000 MT),0.0
Millet,2008,TY Imports,(1000 MT),0.0
Millet,2008,Yield,(MT/HA),1.5
Millet,2009,Area Harvested,(1000 HA),796.0
Millet,2009,Beginning Stocks,(1000 MT),0.0
Millet,2009,Domestic Consumption,(1000 MT),1256.0
Millet,2009,Ending Stocks,(1000 MT),0.0
Millet,2009,Exports,(1000 MT),0.0
Millet,2009,Feed Dom. Consumption,(1000 MT),0.0
Millet,2009,FSI Consumption,(1000 MT),1256.0
Millet,2009,Imports,(1000 MT),0.0
Millet,2009,Production,(1000 MT),1256.0
Millet,2009,Total Distribution,(1000 MT),1256.0
Millet,2009,Total Supply,(1000 MT),1256.0
Millet,2009,TY Exports,(1000 MT),0.0
Millet,2009,TY Imp. from U.S.,(1000 MT),0.0
Millet,2009,TY Imports,(1000 MT),0.0
Millet,2009,Yield,(MT/HA),1.58
Millet,2010,Area Harvested,(1000 HA),814.0
Millet,2010,Beginning Stocks,(1000 MT),0.0
Millet,2010,Domestic Consumption,(1000 MT),1619.0
Millet,2010,Ending Stocks,(1000 MT),0.0
Millet,2010,Exports,(1000 MT),0.0
Millet,2010,Feed Dom. Consumption,(1000 MT),0.0
Millet,2010,FSI Consumption,(1000 MT),1619.0
Millet,2010,Imports,(1000 MT),0.0
Millet,2010,Production,(1000 MT),1619.0
Millet,2010,Total Distribution,(1000 MT),1619.0
Millet,2010,Total Supply,(1000 MT),1619.0
Millet,2010,TY Exports,(1000 MT),0.0
Millet,2010,TY Imp. from U.S.,(1000 MT),0.0
Millet,2010,TY Imports,(1000 MT),0.0
Millet,2010,Yield,(MT/HA),1.99
Millet,2011,Area Harvested,(1000 HA),768.0
Millet,2011,Beginning Stocks,(1000 MT),0.0
Millet,2011,Domestic Consumption,(1000 MT),1737.0
Millet,2011,Ending Stocks,(1000 MT),0.0
Millet,2011,Exports,(1000 MT),0.0
Millet,2011,Feed Dom. Consumption,(1000 MT),0.0
Millet,2011,FSI Consumption,(1000 MT),1737.0
Millet,2011,Imports,(1000 MT),0.0
Millet,2011,Production,(1000 MT),1737.0
Millet,2011,Total Distribution,(1000 MT),1737.0
Millet,2011,Total Supply,(1000 MT),1737.0
Millet,2011,TY Exports,(1000 MT),0.0
Millet,2011,TY Imp. from U.S.,(1000 MT),0.0
Millet,2011,TY Imports,(1000 MT),0.0
Millet,2011,Yield,(MT/HA),2.26
Millet,2012,Area Harvested,(1000 HA),759.0
Millet,2012,Beginning Stocks,(1000 MT),0.0
Millet,2012,Domestic Consumption,(1000 MT),1775.0
Millet,2012,Ending Stocks,(1000 MT),0.0
Millet,2012,Exports,(1000 MT),0.0
Millet,2012,Feed Dom. Consumption,(1000 MT),0.0
Millet,2012,FSI Consumption,(1000 MT),1775.0
Millet,2012,Imports,(1000 MT),0.0
Millet,2012,Production,(1000 MT),1775.0
Millet,2012,Total Distribution,(1000 MT),1775.0
Millet,2012,Total Supply,(1000 MT),1775.0
Millet,2012,TY Exports,(1000 MT),0.0
Millet,2012,TY Imp. from U.S.,(1000 MT),0.0
Millet,2012,TY Imports,(1000 MT),0.0
Millet,2012,Yield,(MT/HA),2.34
Millet,2013,Area Harvested,(1000 HA),721.0
Millet,2013,Beginning Stocks,(1000 MT),0.0
Millet,2013,Domestic Consumption,(1000 MT),1776.0
Millet,2013,Ending Stocks,(1000 MT),0.0
Millet,2013,Exports,(1000 MT),0.0
Millet,2013,Feed Dom. Consumption,(1000 MT),0.0
Millet,2013,FSI Consumption,(1000 MT),1776.0
Millet,2013,Imports,(1000 MT),0.0
Millet,2013,Production,(1000 MT),1776.0
Millet,2013,Total Distribution,(1000 MT),1776.0
Millet,2013,Total Supply,(1000 MT),1776.0
Millet,2013,TY Exports,(1000 MT),0.0
Millet,2013,TY Imp. from U.S.,(1000 MT),0.0
Millet,2013,TY Imports,(1000 MT),0.0
Millet,2013,Yield,(MT/HA),2.46
Millet,2014,Area Harvested,(1000 HA),792.0
Millet,2014,Beginning Stocks,(1000 MT),0.0
Millet,2014,Domestic Consumption,(1000 MT),1972.0
Millet,2014,Ending Stocks,(1000 MT),0.0
Millet,2014,Exports,(1000 MT),0.0
Millet,2014,Feed Dom. Consumption,(1000 MT),0.0
Millet,2014,FSI Consumption,(1000 MT),1972.0
Millet,2014,Imports,(1000 MT),0.0
Millet,2014,Production,(1000 MT),1972.0
Millet,2014,Total Distribution,(1000 MT),1972.0
Millet,2014,Total Supply,(1000 MT),1972.0
Millet,2014,TY Exports,(1000 MT),0.0
Millet,2014,TY Imp. from U.S.,(1000 MT),0.0
Millet,2014,TY Imports,(1000 MT),0.0
Millet,2014,Yield,(MT/HA),2.49
Millet,2015,Area Harvested,(1000 HA),842.0
Millet,2015,Beginning Stocks,(1000 MT),0.0
Millet,2015,Domestic Consumption,(1000 MT),2120.0
Millet,2015,Ending Stocks,(1000 MT),0.0
Millet,2015,Exports,(1000 MT),0.0
Millet,2015,Feed Dom. Consumption,(1000 MT),0.0
Millet,2015,FSI Consumption,(1000 MT),2120.0
Millet,2015,Imports,(1000 MT),0.0
Millet,2015,Production,(1000 MT),2120.0
Millet,2015,Total Distribution,(1000 MT),2120.0
Millet,2015,Total Supply,(1000 MT),2120.0
Millet,2015,TY Exports,(1000 MT),0.0
Millet,2015,TY Imp. from U.S.,(1000 MT),0.0
Millet,2015,TY Imports,(1000 MT),0.0
Millet,2015,Yield,(MT/HA),2.52
Millet,2016,Area Harvested,(1000 HA),857.0
Millet,2016,Beginning Stocks,(1000 MT),0.0
Millet,2016,Domestic Consumption,(1000 MT),2330.0
Millet,2016,Ending Stocks,(1000 MT),0.0
Millet,2016,Exports,(1000 MT),0.0
Millet,2016,Feed Dom. Consumption,(1000 MT),0.0
Millet,2016,FSI Consumption,(1000 MT),2330.0
Millet,2016,Imports,(1000 MT),0.0
Millet,2016,Production,(1000 MT),2330.0
Millet,2016,Total Distribution,(1000 MT),2330.0
Millet,2016,Total Supply,(1000 MT),2330.0
Millet,2016,TY Exports,(1000 MT),0.0
Millet,2016,TY Imp. from U.S.,(1000 MT),0.0
Millet,2016,TY Imports,(1000 MT),0.0
Millet,2016,Yield,(MT/HA),2.72
Millet,2017,Area Harvested,(1000 HA),861.0
Millet,2017,Beginning Stocks,(1000 MT),0.0
Millet,2017,Domestic Consumption,(1000 MT),2548.0
Millet,2017,Ending Stocks,(1000 MT),0.0
Millet,2017,Exports,(1000 MT),0.0
Millet,2017,Feed Dom. Consumption,(1000 MT),0.0
Millet,2017,FSI Consumption,(1000 MT),2548.0
Millet,2017,Imports,(1000 MT),0.0
Millet,2017,Production,(1000 MT),2548.0
Millet,2017,Total Distribution,(1000 MT),2548.0
Millet,2017,Total Supply,(1000 MT),2548.0
Millet,2017,TY Exports,(1000 MT),0.0
Millet,2017,TY Imp. from U.S.,(1000 MT),0.0
Millet,2017,TY Imports,(1000 MT),0.0
Millet,2017,Yield,(MT/HA),2.96
Millet,2018,Area Harvested,(1000 HA),778.0
Millet,2018,Beginning Stocks,(1000 MT),0.0
Millet,2018,Domestic Consumption,(1000 MT),2342.0
Millet,2018,Ending Stocks,(1000 MT),0.0
Millet,2018,Exports,(1000 MT),0.0
Millet,2018,Feed Dom. Consumption,(1000 MT),0.0
Millet,2018,FSI Consumption,(1000 MT),2342.0
Millet,2018,Imports,(1000 MT),0.0
Millet,2018,Production,(1000 MT),2342.0
Millet,2018,Total Distribution,(1000 MT),2342.0
Millet,2018,Total Supply,(1000 MT),2342.0
Millet,2018,TY Exports,(1000 MT),0.0
Millet,2018,TY Imp. from U.S.,(1000 MT),0.0
Millet,2018,TY Imports,(1000 MT),0.0
Millet,2018,Yield,(MT/HA),3.01
Millet,2019,Area Harvested,(1000 HA),831.0
Millet,2019,Beginning Stocks,(1000 MT),0.0
Millet,2019,Domestic Consumption,(1000 MT),2540.0
Millet,2019,Ending Stocks,(1000 MT),0.0
Millet,2019,Exports,(1000 MT),0.0
Millet,2019,Feed Dom. Consumption,(1000 MT),0.0
Millet,2019,FSI Consumption,(1000 MT),2540.0
Millet,2019,Imports,(1000 MT),0.0
Millet,2019,Production,(1000 MT),2540.0
Millet,2019,Total Distribution,(1000 MT),2540.0
Millet,2019,Total Supply,(1000 MT),2540.0
Millet,2019,TY Exports,(1000 MT),0.0
Millet,2019,TY Imp. from U.S.,(1000 MT),0.0
Millet,2019,TY Imports,(1000 MT),0.0
Millet,2019,Yield,(MT/HA),3.06
Millet,2020,Area Harvested,(1000 HA),906.0
Millet,2020,Beginning Stocks,(1000 MT),0.0
Millet,2020,Domestic Consumption,(1000 MT),2807.0
Millet,2020,Ending Stocks,(1000 MT),0.0
Millet,2020,Exports,(1000 MT),0.0
Millet,2020,Feed Dom. Consumption,(1000 MT),0.0
Millet,2020,FSI Consumption,(1000 MT),2807.0
Millet,2020,Imports,(1000 MT),0.0
Millet,2020,Production,(1000 MT),2807.0
Millet,2020,Total Distribution,(1000 MT),2807.0
Millet,2020,Total Supply,(1000 MT),2807.0
Millet,2020,TY Exports,(1000 MT),0.0
Millet,2020,TY Imp. from U.S.,(1000 MT),0.0
Millet,2020,TY Imports,(1000 MT),0.0
Millet,2020,Yield,(MT/HA),3.1
Millet,2021,Area Harvested,(1000 HA),929.0
Millet,2021,Beginning Stocks,(1000 MT),0.0
Millet,2021,Domestic Consumption,(1000 MT),2886.0
Millet,2021,Ending Stocks,(1000 MT),0.0
Millet,2021,Exports,(1000 MT),0.0
Millet,2021,Feed Dom. Consumption,(1000 MT),0.0
Millet,2021,FSI Consumption,(1000 MT),2886.0
Millet,2021,Imports,(1000 MT),0.0
Millet,2021,Production,(1000 MT),2886.0
Millet,2021,Total Distribution,(1000 MT),2886.0
Millet,2021,Total Supply,(1000 MT),2886.0
Millet,2021,TY Exports,(1000 MT),0.0
Millet,2021,TY Imp. from U.S.,(1000 MT),0.0
Millet,2021,TY Imports,(1000 MT),0.0
Millet,2021,Yield,(MT/HA),3.11
Millet,2022,Area Harvested,(1000 HA),840.0
Millet,2022,Beginning Stocks,(1000 MT),0.0
Millet,2022,Domestic Consumption,(1000 MT),2618.0
Millet,2022,Ending Stocks,(1000 MT),0.0
Millet,2022,Exports,(1000 MT),0.0
Millet,2022,Feed Dom. Consumption,(1000 MT),0.0
Millet,2022,FSI Consumption,(1000 MT),2618.0
Millet,2022,Imports,(1000 MT),0.0
Millet,2022,Production,(1000 MT),2618.0
Millet,2022,Total Distribution,(1000 MT),2618.0
Millet,2022,Total Supply,(1000 MT),2618.0
Millet,2022,TY Exports,(1000 MT),0.0
Millet,2022,TY Imp. from U.S.,(1000 MT),0.0
Millet,2022,TY Imports,(1000 MT),0.0
Millet,2022,Yield,(MT/HA),3.12
Millet,2023,Area Harvested,(1000 HA),900.0
Millet,2023,Beginning Stocks,(1000 MT),0.0
Millet,2023,Domestic Consumption,(1000 MT),2700.0
Millet,2023,Ending Stocks,(1000 MT),0.0
Millet,2023,Exports,(1000 MT),0.0
Millet,2023,Feed Dom. Consumption,(1000 MT),0.0
Millet,2023,FSI Consumption,(1000 MT),2700.0
Millet,2023,Imports,(1000 MT),0.0
Millet,2023,Production,(1000 MT),2700.0
Millet,2023,Total Distribution,(1000 MT),2700.0
Millet,2023,Total Supply,(1000 MT),2700.0
Millet,2023,TY Exports,(1000 MT),0.0
Millet,2023,TY Imp. from U.S.,(1000 MT),0.0
Millet,2023,TY Imports,(1000 MT),0.0
Millet,2023,Yield,(MT/HA),3.0
Millet,2024,Area Harvested,(1000 HA),900.0
Millet,2024,Beginning Stocks,(1000 MT),0.0
Millet,2024,Domestic Consumption,(1000 MT),2700.0
Millet,2024,Ending Stocks,(1000 MT),0.0
Millet,2024,Exports,(1000 MT),0.0
Millet,2024,Feed Dom. Consumption,(1000 MT),0.0
Millet,2024,FSI Consumption,(1000 MT),2700.0
Millet,2024,Imports,(1000 MT),0.0
Millet,2024,Production,(1000 MT),2700.0
Millet,2024,Total Distribution,(1000 MT),2700.0
Millet,2024,Total Supply,(1000 MT),2700.0
Millet,2024,TY Exports,(1000 MT),0.0
Millet,2024,TY Imp. from U.S.,(1000 MT),0.0
Millet,2024,TY Imports,(1000 MT),0.0
Millet,2024,Yield,(MT/HA),3.0
Millet,2025,Area Harvested,(1000 HA),900.0
Millet,2025,Beginning Stocks,(1000 MT),0.0
Millet,2025,Domestic Consumption,(1000 MT),2700.0
Millet,2025,Ending Stocks,(1000 MT),0.0
Millet,2025,Exports,(1000 MT),0.0
Millet,2025,Feed Dom. Consumption,(1000 MT),0.0
Millet,2025,FSI Consumption,(1000 MT),2700.0
Millet,2025,Imports,(1000 MT),0.0
Millet,2025,Production,(1000 MT),2700.0
Millet,2025,Total Distribution,(1000 MT),2700.0
Millet,2025,Total Supply,(1000 MT),2700.0
Millet,2025,TY Exports,(1000 MT),0.0
Millet,2025,TY Imp. from U.S.,(1000 MT),0.0
Millet,2025,TY Imports,(1000 MT),0.0
Millet,2025,Yield,(MT/HA),3.0
Millet,2026,Area Harvested,(1000 HA),900.0
Millet,2026,Beginning Stocks,(1000 MT),0.0
Millet,2026,Domestic Consumption,(1000 MT),2700.0
Millet,2026,Ending Stocks,(1000 MT),0.0
Millet,2026,Exports,(1000 MT),0.0
Millet,2026,Feed Dom. Consumption,(1000 MT),0.0
Millet,2026,FSI Consumption,(1000 MT),2700.0
Millet,2026,Imports,(1000 MT),0.0
Millet,2026,Production,(1000 MT),2700.0
Millet,2026,Total Distribution,(1000 MT),2700.0
Millet,2026,Total Supply,(1000 MT),2700.0
Millet,2026,TY Exports,(1000 MT),0.0
Millet,2026,TY Imp. from U.S.,(1000 MT),0.0
Millet,2026,TY Imports,(1000 MT),0.0
Millet,2026,Yield,(MT/HA),3.0
Oats,1960,Area Harvested,(1000 HA),1343.0
Oats,1960,Beginning Stocks,(1000 MT),141.0
Oats,1960,Domestic Consumption,(1000 MT),739.0
Oats,1960,Ending Stocks,(1000 MT),64.0
Oats,1960,Exports,(1000 MT),0.0
Oats,1960,Feed Dom. Consumption,(1000 MT),187.0
Oats,1960,FSI Consumption,(1000 MT),552.0
Oats,1960,Imports,(1000 MT),65.0
Oats,1960,Production,(1000 MT),597.0
Oats,1960,Total Distribution,(1000 MT),803.0
Oats,1960,Total Supply,(1000 MT),803.0
Oats,1960,TY Exports,(1000 MT),0.0
Oats,1960,TY Imp. from U.S.,(1000 MT),0.0
Oats,1960,TY Imports,(1000 MT),65.0
Oats,1960,Yield,(MT/HA),0.44
Oats,1961,Area Harvested,(1000 HA),1573.0
Oats,1961,Beginning Stocks,(1000 MT),64.0
Oats,1961,Domestic Consumption,(1000 MT),861.0
Oats,1961,Ending Stocks,(1000 MT),255.0
Oats,1961,Exports,(1000 MT),0.0
Oats,1961,Feed Dom. Consumption,(1000 MT),145.0
Oats,1961,FSI Consumption,(1000 MT),716.0
Oats,1961,Imports,(1000 MT),47.0
Oats,1961,Production,(1000 MT),1005.0
Oats,1961,Total Distribution,(1000 MT),1116.0
Oats,1961,Total Supply,(1000 MT),1116.0
Oats,1961,TY Exports,(1000 MT),0.0
Oats,1961,TY Imp. from U.S.,(1000 MT),0.0
Oats,1961,TY Imports,(1000 MT),47.0
Oats,1961,Yield,(MT/HA),0.64
Oats,1962,Area Harvested,(1000 HA),1659.0
Oats,1962,Beginning Stocks,(1000 MT),255.0
Oats,1962,Domestic Consumption,(1000 MT),1000.0
Oats,1962,Ending Stocks,(1000 MT),223.0
Oats,1962,Exports,(1000 MT),0.0
Oats,1962,Feed Dom. Consumption,(1000 MT),120.0
Oats,1962,FSI Consumption,(1000 MT),880.0
Oats,1962,Imports,(1000 MT),27.0
Oats,1962,Production,(1000 MT),941.0
Oats,1962,Total Distribution,(1000 MT),1223.0
Oats,1962,Total Supply,(1000 MT),1223.0
Oats,1962,TY Exports,(1000 MT),0.0
Oats,1962,TY Imp. from U.S.,(1000 MT),0.0
Oats,1962,TY Imports,(1000 MT),27.0
Oats,1962,Yield,(MT/HA),0.57
Oats,1963,Area Harvested,(1000 HA),1320.0
Oats,1963,Beginning Stocks,(1000 MT),223.0
Oats,1963,Domestic Consumption,(1000 MT),951.0
Oats,1963,Ending Stocks,(1000 MT),234.0
Oats,1963,Exports,(1000 MT),0.0
Oats,1963,Feed Dom. Consumption,(1000 MT),258.0
Oats,1963,FSI Consumption,(1000 MT),693.0
Oats,1963,Imports,(1000 MT),128.0
Oats,1963,Production,(1000 MT),834.0
Oats,1963,Total Distribution,(1000 MT),1185.0
Oats,1963,Total Supply,(1000 MT),1185.0
Oats,1963,TY Exports,(1000 MT),0.0
Oats,1963,TY Imp. from U.S.,(1000 MT),0.0
Oats,1963,TY Imports,(1000 MT),128.0
Oats,1963,Yield,(MT/HA),0.63
Oats,1964,Area Harvested,(1000 HA),1242.0
Oats,1964,Beginning Stocks,(1000 MT),234.0
Oats,1964,Domestic Consumption,(1000 MT),1136.0
Oats,1964,Ending Stocks,(1000 MT),178.0
Oats,1964,Exports,(1000 MT),0.0
Oats,1964,Feed Dom. Consumption,(1000 MT),426.0
Oats,1964,FSI Consumption,(1000 MT),710.0
Oats,1964,Imports,(1000 MT),70.0
Oats,1964,Production,(1000 MT),1010.0
Oats,1964,Total Distribution,(1000 MT),1314.0
Oats,1964,Total Supply,(1000 MT),1314.0
Oats,1964,TY Exports,(1000 MT),0.0
Oats,1964,TY Imp. from U.S.,(1000 MT),0.0
Oats,1964,TY Imports,(1000 MT),70.0
Oats,1964,Yield,(MT/HA),0.81
Oats,1965,Area Harvested,(1000 HA),1203.0
Oats,1965,Beginning Stocks,(1000 MT),178.0
Oats,1965,Domestic Consumption,(1000 MT),1024.0
Oats,1965,Ending Stocks,(1000 MT),123.0
Oats,1965,Exports,(1000 MT),0.0
Oats,1965,Feed Dom. Consumption,(1000 MT),406.0
Oats,1965,FSI Consumption,(1000 MT),618.0
Oats,1965,Imports,(1000 MT),0.0
Oats,1965,Production,(1000 MT),969.0
Oats,1965,Total Distribution,(1000 MT),1147.0
Oats,1965,Total Supply,(1000 MT),1147.0
Oats,1965,TY Exports,(1000 MT),0.0
Oats,1965,TY Imp. from U.S.,(1000 MT),0.0
Oats,1965,TY Imports,(1000 MT),0.0
Oats,1965,Yield,(MT/HA),0.81
Oats,1966,Area Harvested,(1000 HA),1215.0
Oats,1966,Beginning Stocks,(1000 MT),123.0
Oats,1966,Domestic Consumption,(1000 MT),997.0
Oats,1966,Ending Stocks,(1000 MT),151.0
Oats,1966,Exports,(1000 MT),0.0
Oats,1966,Feed Dom. Consumption,(1000 MT),386.0
Oats,1966,FSI Consumption,(1000 MT),611.0
Oats,1966,Imports,(1000 MT),0.0
Oats,1966,Production,(1000 MT),1025.0
Oats,1966,Total Distribution,(1000 MT),1148.0
Oats,1966,Total Supply,(1000 MT),1148.0
Oats,1966,TY Exports,(1000 MT),0.0
Oats,1966,TY Imp. from U.S.,(1000 MT),0.0
Oats,1966,TY Imports,(1000 MT),0.0
Oats,1966,Yield,(MT/HA),0.84
Oats,1967,Area Harvested,(1000 HA),1102.0
Oats,1967,Beginning Stocks,(1000 MT),151.0
Oats,1967,Domestic Consumption,(1000 MT),966.0
Oats,1967,Ending Stocks,(1000 MT),181.0
Oats,1967,Exports,(1000 MT),0.0
Oats,1967,Feed Dom. Consumption,(1000 MT),421.0
Oats,1967,FSI Consumption,(1000 MT),545.0
Oats,1967,Imports,(1000 MT),0.0
Oats,1967,Production,(1000 MT),996.0
Oats,1967,Total Distribution,(1000 MT),1147.0
Oats,1967,Total Supply,(1000 MT),1147.0
Oats,1967,TY Exports,(1000 MT),0.0
Oats,1967,TY Imp. from U.S.,(1000 MT),0.0
Oats,1967,TY Imports,(1000 MT),0.0
Oats,1967,Yield,(MT/HA),0.9
Oats,1968,Area Harvested,(1000 HA),1089.0
Oats,1968,Beginning Stocks,(1000 MT),181.0
Oats,1968,Domestic Consumption,(1000 MT),827.0
Oats,1968,Ending Stocks,(1000 MT),165.0
Oats,1968,Exports,(1000 MT),0.0
Oats,1968,Feed Dom. Consumption,(1000 MT),343.0
Oats,1968,FSI Consumption,(1000 MT),484.0
Oats,1968,Imports,(1000 MT),0.0
Oats,1968,Production,(1000 MT),811.0
Oats,1968,Total Distribution,(1000 MT),992.0
Oats,1968,Total Supply,(1000 MT),992.0
Oats,1968,TY Exports,(1000 MT),0.0
Oats,1968,TY Imp. from U.S.,(1000 MT),0.0
Oats,1968,TY Imports,(1000 MT),0.0
Oats,1968,Yield,(MT/HA),0.74
Oats,1969,Area Harvested,(1000 HA),1079.0
Oats,1969,Beginning Stocks,(1000 MT),165.0
Oats,1969,Domestic Consumption,(1000 MT),762.0
Oats,1969,Ending Stocks,(1000 MT),157.0
Oats,1969,Exports,(1000 MT),0.0
Oats,1969,Feed Dom. Consumption,(1000 MT),277.0
Oats,1969,FSI Consumption,(1000 MT),485.0
Oats,1969,Imports,(1000 MT),0.0
Oats,1969,Production,(1000 MT),754.0
Oats,1969,Total Distribution,(1000 MT),919.0
Oats,1969,Total Supply,(1000 MT),919.0
Oats,1969,TY Exports,(1000 MT),0.0
Oats,1969,TY Imp. from U.S.,(1000 MT),0.0
Oats,1969,TY Imports,(1000 MT),0.0
Oats,1969,Yield,(MT/HA),0.7
Oats,1970,Area Harvested,(1000 HA),1056.0
Oats,1970,Beginning Stocks,(1000 MT),157.0
Oats,1970,Domestic Consumption,(1000 MT),746.0
Oats,1970,Ending Stocks,(1000 MT),210.0
Oats,1970,Exports,(1000 MT),0.0
Oats,1970,Feed Dom. Consumption,(1000 MT),197.0
Oats,1970,FSI Consumption,(1000 MT),549.0
Oats,1970,Imports,(1000 MT),0.0
Oats,1970,Production,(1000 MT),799.0
Oats,1970,Total Distribution,(1000 MT),956.0
Oats,1970,Total Supply,(1000 MT),956.0
Oats,1970,TY Exports,(1000 MT),0.0
Oats,1970,TY Imp. from U.S.,(1000 MT),0.0
Oats,1970,TY Imports,(1000 MT),0.0
Oats,1970,Yield,(MT/HA),0.76
Oats,1971,Area Harvested,(1000 HA),999.0
Oats,1971,Beginning Stocks,(1000 MT),210.0
Oats,1971,Domestic Consumption,(1000 MT),811.0
Oats,1971,Ending Stocks,(1000 MT),249.0
Oats,1971,Exports,(1000 MT),0.0
Oats,1971,Feed Dom. Consumption,(1000 MT),282.0
Oats,1971,FSI Consumption,(1000 MT),529.0
Oats,1971,Imports,(1000 MT),0.0
Oats,1971,Production,(1000 MT),850.0
Oats,1971,Total Distribution,(1000 MT),1060.0
Oats,1971,Total Supply,(1000 MT),1060.0
Oats,1971,TY Exports,(1000 MT),0.0
Oats,1971,TY Imp. from U.S.,(1000 MT),0.0
Oats,1971,TY Imports,(1000 MT),0.0
Oats,1971,Yield,(MT/HA),0.85
Oats,1972,Area Harvested,(1000 HA),960.0
Oats,1972,Beginning Stocks,(1000 MT),249.0
Oats,1972,Domestic Consumption,(1000 MT),824.0
Oats,1972,Ending Stocks,(1000 MT),157.0
Oats,1972,Exports,(1000 MT),0.0
Oats,1972,Feed Dom. Consumption,(1000 MT),301.0
Oats,1972,FSI Consumption,(1000 MT),523.0
Oats,1972,Imports,(1000 MT),0.0
Oats,1972,Production,(1000 MT),732.0
Oats,1972,Total Distribution,(1000 MT),981.0
Oats,1972,Total Supply,(1000 MT),981.0
Oats,1972,TY Exports,(1000 MT),0.0
Oats,1972,TY Imp. from U.S.,(1000 MT),0.0
Oats,1972,TY Imports,(1000 MT),0.0
Oats,1972,Yield,(MT/HA),0.76
Oats,1973,Area Harvested,(1000 HA),938.0
Oats,1973,Beginning Stocks,(1000 MT),157.0
Oats,1973,Domestic Consumption,(1000 MT),492.0
Oats,1973,Ending Stocks,(1000 MT),217.0
Oats,1973,Exports,(1000 MT),0.0
Oats,1973,Feed Dom. Consumption,(1000 MT),181.0
Oats,1973,FSI Consumption,(1000 MT),311.0
Oats,1973,Imports,(1000 MT),0.0
Oats,1973,Production,(1000 MT),552.0
Oats,1973,Total Distribution,(1000 MT),709.0
Oats,1973,Total Supply,(1000 MT),709.0
Oats,1973,TY Exports,(1000 MT),0.0
Oats,1973,TY Imp. from U.S.,(1000 MT),0.0
Oats,1973,TY Imports,(1000 MT),0.0
Oats,1973,Yield,(MT/HA),0.59
Oats,1974,Area Harvested,(1000 HA),861.0
Oats,1974,Beginning Stocks,(1000 MT),217.0
Oats,1974,Domestic Consumption,(1000 MT),669.0
Oats,1974,Ending Stocks,(1000 MT),251.0
Oats,1974,Exports,(1000 MT),0.0
Oats,1974,Feed Dom. Consumption,(1000 MT),181.0
Oats,1974,FSI Consumption,(1000 MT),488.0
Oats,1974,Imports,(1000 MT),0.0
Oats,1974,Production,(1000 MT),703.0
Oats,1974,Total Distribution,(1000 MT),920.0
Oats,1974,Total Supply,(1000 MT),920.0
Oats,1974,TY Exports,(1000 MT),0.0
Oats,1974,TY Imp. from U.S.,(1000 MT),0.0
Oats,1974,TY Imports,(1000 MT),0.0
Oats,1974,Yield,(MT/HA),0.82
Oats,1975,Area Harvested,(1000 HA),723.0
Oats,1975,Beginning Stocks,(1000 MT),251.0
Oats,1975,Domestic Consumption,(1000 MT),580.0
Oats,1975,Ending Stocks,(1000 MT),332.0
Oats,1975,Exports,(1000 MT),0.0
Oats,1975,Feed Dom. Consumption,(1000 MT),159.0
Oats,1975,FSI Consumption,(1000 MT),421.0
Oats,1975,Imports,(1000 MT),0.0
Oats,1975,Production,(1000 MT),661.0
Oats,1975,Total Distribution,(1000 MT),912.0
Oats,1975,Total Supply,(1000 MT),912.0
Oats,1975,TY Exports,(1000 MT),0.0
Oats,1975,TY Imp. from U.S.,(1000 MT),0.0
Oats,1975,TY Imports,(1000 MT),0.0
Oats,1975,Yield,(MT/HA),0.91
Oats,1976,Area Harvested,(1000 HA),780.0
Oats,1976,Beginning Stocks,(1000 MT),332.0
Oats,1976,Domestic Consumption,(1000 MT),780.0
Oats,1976,Ending Stocks,(1000 MT),301.0
Oats,1976,Exports,(1000 MT),0.0
Oats,1976,Feed Dom. Consumption,(1000 MT),180.0
Oats,1976,FSI Consumption,(1000 MT),600.0
Oats,1976,Imports,(1000 MT),0.0
Oats,1976,Production,(1000 MT),749.0
Oats,1976,Total Distribution,(1000 MT),1081.0
Oats,1976,Total Supply,(1000 MT),1081.0
Oats,1976,TY Exports,(1000 MT),0.0
Oats,1976,TY Imp. from U.S.,(1000 MT),0.0
Oats,1976,TY Imports,(1000 MT),0.0
Oats,1976,Yield,(MT/HA),0.96
Oats,1977,Area Harvested,(1000 HA),770.0
Oats,1977,Beginning Stocks,(1000 MT),301.0
Oats,1977,Domestic Consumption,(1000 MT),662.0
Oats,1977,Ending Stocks,(1000 MT),311.0
Oats,1977,Exports,(1000 MT),0.0
Oats,1977,Feed Dom. Consumption,(1000 MT),141.0
Oats,1977,FSI Consumption,(1000 MT),521.0
Oats,1977,Imports,(1000 MT),0.0
Oats,1977,Production,(1000 MT),672.0
Oats,1977,Total Distribution,(1000 MT),973.0
Oats,1977,Total Supply,(1000 MT),973.0
Oats,1977,TY Exports,(1000 MT),0.0
Oats,1977,TY Imp. from U.S.,(1000 MT),0.0
Oats,1977,TY Imports,(1000 MT),0.0
Oats,1977,Yield,(MT/HA),0.87
Oats,1978,Area Harvested,(1000 HA),735.0
Oats,1978,Beginning Stocks,(1000 MT),311.0
Oats,1978,Domestic Consumption,(1000 MT),719.0
Oats,1978,Ending Stocks,(1000 MT),369.0
Oats,1978,Exports,(1000 MT),0.0
Oats,1978,Feed Dom. Consumption,(1000 MT),165.0
Oats,1978,FSI Consumption,(1000 MT),554.0
Oats,1978,Imports,(1000 MT),0.0
Oats,1978,Production,(1000 MT),777.0
Oats,1978,Total Distribution,(1000 MT),1088.0
Oats,1978,Total Supply,(1000 MT),1088.0
Oats,1978,TY Exports,(1000 MT),0.0
Oats,1978,TY Imp. from U.S.,(1000 MT),0.0
Oats,1978,TY Imports,(1000 MT),0.0
Oats,1978,Yield,(MT/HA),1.06
Oats,1979,Area Harvested,(1000 HA),735.0
Oats,1979,Beginning Stocks,(1000 MT),369.0
Oats,1979,Domestic Consumption,(1000 MT),856.0
Oats,1979,Ending Stocks,(1000 MT),340.0
Oats,1979,Exports,(1000 MT),0.0
Oats,1979,Feed Dom. Consumption,(1000 MT),246.0
Oats,1979,FSI Consumption,(1000 MT),610.0
Oats,1979,Imports,(1000 MT),0.0
Oats,1979,Production,(1000 MT),827.0
Oats,1979,Total Distribution,(1000 MT),1196.0
Oats,1979,Total Supply,(1000 MT),1196.0
Oats,1979,TY Exports,(1000 MT),0.0
Oats,1979,TY Imp. from U.S.,(1000 MT),0.0
Oats,1979,TY Imports,(1000 MT),0.0
Oats,1979,Yield,(MT/HA),1.13
Oats,1980,Area Harvested,(1000 HA),698.0
Oats,1980,Beginning Stocks,(1000 MT),340.0
Oats,1980,Domestic Consumption,(1000 MT),737.0
Oats,1980,Ending Stocks,(1000 MT),329.0
Oats,1980,Exports,(1000 MT),0.0
Oats,1980,Feed Dom. Consumption,(1000 MT),302.0
Oats,1980,FSI Consumption,(1000 MT),435.0
Oats,1980,Imports,(1000 MT),0.0
Oats,1980,Production,(1000 MT),726.0
Oats,1980,Total Distribution,(1000 MT),1066.0
Oats,1980,Total Supply,(1000 MT),1066.0
Oats,1980,TY Exports,(1000 MT),0.0
Oats,1980,TY Imp. from U.S.,(1000 MT),0.0
Oats,1980,TY Imports,(1000 MT),0.0
Oats,1980,Yield,(MT/HA),1.04
Oats,1981,Area Harvested,(1000 HA),695.0
Oats,1981,Beginning Stocks,(1000 MT),329.0
Oats,1981,Domestic Consumption,(1000 MT),793.0
Oats,1981,Ending Stocks,(1000 MT),291.0
Oats,1981,Exports,(1000 MT),0.0
Oats,1981,Feed Dom. Consumption,(1000 MT),363.0
Oats,1981,FSI Consumption,(1000 MT),430.0
Oats,1981,Imports,(1000 MT),0.0
Oats,1981,Production,(1000 MT),755.0
Oats,1981,Total Distribution,(1000 MT),1084.0
Oats,1981,Total Supply,(1000 MT),1084.0
Oats,1981,TY Exports,(1000 MT),0.0
Oats,1981,TY Imp. from U.S.,(1000 MT),0.0
Oats,1981,TY Imports,(1000 MT),0.0
Oats,1981,Yield,(MT/HA),1.09
Oats,1982,Area Harvested,(1000 HA),659.0
Oats,1982,Beginning Stocks,(1000 MT),291.0
Oats,1982,Domestic Consumption,(1000 MT),812.0
Oats,1982,Ending Stocks,(1000 MT),239.0
Oats,1982,Exports,(1000 MT),0.0
Oats,1982,Feed Dom. Consumption,(1000 MT),370.0
Oats,1982,FSI Consumption,(1000 MT),442.0
Oats,1982,Imports,(1000 MT),0.0
Oats,1982,Production,(1000 MT),760.0
Oats,1982,Total Distribution,(1000 MT),1051.0
Oats,1982,Total Supply,(1000 MT),1051.0
Oats,1982,TY Exports,(1000 MT),0.0
Oats,1982,TY Imp. from U.S.,(1000 MT),0.0
Oats,1982,TY Imports,(1000 MT),0.0
Oats,1982,Yield,(MT/HA),1.15
Oats,1983,Area Harvested,(1000 HA),658.0
Oats,1983,Beginning Stocks,(1000 MT),239.0
Oats,1983,Domestic Consumption,(1000 MT),686.0
Oats,1983,Ending Stocks,(1000 MT),277.0
Oats,1983,Exports,(1000 MT),0.0
Oats,1983,Feed Dom. Consumption,(1000 MT),325.0
Oats,1983,FSI Consumption,(1000 MT),361.0
Oats,1983,Imports,(1000 MT),0.0
Oats,1983,Production,(1000 MT),724.0
Oats,1983,Total Distribution,(1000 MT),963.0
Oats,1983,Total Supply,(1000 MT),963.0
Oats,1983,TY Exports,(1000 MT),0.0
Oats,1983,TY Imp. from U.S.,(1000 MT),0.0
Oats,1983,TY Imports,(1000 MT),0.0
Oats,1983,Yield,(MT/HA),1.1
Oats,1984,Area Harvested,(1000 HA),644.0
Oats,1984,Beginning Stocks,(1000 MT),277.0
Oats,1984,Domestic Consumption,(1000 MT),759.0
Oats,1984,Ending Stocks,(1000 MT),294.0
Oats,1984,Exports,(1000 MT),0.0
Oats,1984,Feed Dom. Consumption,(1000 MT),375.0
Oats,1984,FSI Consumption,(1000 MT),384.0
Oats,1984,Imports,(1000 MT),0.0
Oats,1984,Production,(1000 MT),776.0
Oats,1984,Total Distribution,(1000 MT),1053.0
Oats,1984,Total Supply,(1000 MT),1053.0
Oats,1984,TY Exports,(1000 MT),0.0
Oats,1984,TY Imp. from U.S.,(1000 MT),0.0
Oats,1984,TY Imports,(1000 MT),0.0
Oats,1984,Yield,(MT/HA),1.21
Oats,1985,Area Harvested,(1000 HA),591.0
Oats,1985,Beginning Stocks,(1000 MT),294.0
Oats,1985,Domestic Consumption,(1000 MT),786.0
Oats,1985,Ending Stocks,(1000 MT),172.0
Oats,1985,Exports,(1000 MT),0.0
Oats,1985,Feed Dom. Consumption,(1000 MT),449.0
Oats,1985,FSI Consumption,(1000 MT),337.0
Oats,1985,Imports,(1000 MT),0.0
Oats,1985,Production,(1000 MT),664.0
Oats,1985,Total Distribution,(1000 MT),958.0
Oats,1985,Total Supply,(1000 MT),958.0
Oats,1985,TY Exports,(1000 MT),0.0
Oats,1985,TY Imp. from U.S.,(1000 MT),0.0
Oats,1985,TY Imports,(1000 MT),0.0
Oats,1985,Yield,(MT/HA),1.12
Oats,1986,Area Harvested,(1000 HA),574.0
Oats,1986,Beginning Stocks,(1000 MT),172.0
Oats,1986,Domestic Consumption,(1000 MT),637.0
Oats,1986,Ending Stocks,(1000 MT),134.0
Oats,1986,Exports,(1000 MT),0.0
Oats,1986,Feed Dom. Consumption,(1000 MT),402.0
Oats,1986,FSI Consumption,(1000 MT),235.0
Oats,1986,Imports,(1000 MT),0.0
Oats,1986,Production,(1000 MT),599.0
Oats,1986,Total Distribution,(1000 MT),771.0
Oats,1986,Total Supply,(1000 MT),771.0
Oats,1986,TY Exports,(1000 MT),0.0
Oats,1986,TY Imp. from U.S.,(1000 MT),0.0
Oats,1986,TY Imports,(1000 MT),0.0
Oats,1986,Yield,(MT/HA),1.04
Oats,1987,Area Harvested,(1000 HA),585.0
Oats,1987,Beginning Stocks,(1000 MT),134.0
Oats,1987,Domestic Consumption,(1000 MT),632.0
Oats,1987,Ending Stocks,(1000 MT),148.0
Oats,1987,Exports,(1000 MT),0.0
Oats,1987,Feed Dom. Consumption,(1000 MT),408.0
Oats,1987,FSI Consumption,(1000 MT),224.0
Oats,1987,Imports,(1000 MT),0.0
Oats,1987,Production,(1000 MT),646.0
Oats,1987,Total Distribution,(1000 MT),780.0
Oats,1987,Total Supply,(1000 MT),780.0
Oats,1987,TY Exports,(1000 MT),0.0
Oats,1987,TY Imp. from U.S.,(1000 MT),0.0
Oats,1987,TY Imports,(1000 MT),0.0
Oats,1987,Yield,(MT/HA),1.1
Oats,1988,Area Harvested,(1000 HA),581.0
Oats,1988,Beginning Stocks,(1000 MT),148.0
Oats,1988,Domestic Consumption,(1000 MT),723.0
Oats,1988,Ending Stocks,(1000 MT),119.0
Oats,1988,Exports,(1000 MT),0.0
Oats,1988,Feed Dom. Consumption,(1000 MT),455.0
Oats,1988,FSI Consumption,(1000 MT),268.0
Oats,1988,Imports,(1000 MT),0.0
Oats,1988,Production,(1000 MT),694.0
Oats,1988,Total Distribution,(1000 MT),842.0
Oats,1988,Total Supply,(1000 MT),842.0
Oats,1988,TY Exports,(1000 MT),0.0
Oats,1988,TY Imp. from U.S.,(1000 MT),0.0
Oats,1988,TY Imports,(1000 MT),0.0
Oats,1988,Yield,(MT/HA),1.19
Oats,1989,Area Harvested,(1000 HA),577.0
Oats,1989,Beginning Stocks,(1000 MT),119.0
Oats,1989,Domestic Consumption,(1000 MT),639.0
Oats,1989,Ending Stocks,(1000 MT),102.0
Oats,1989,Exports,(1000 MT),0.0
Oats,1989,Feed Dom. Consumption,(1000 MT),418.0
Oats,1989,FSI Consumption,(1000 MT),221.0
Oats,1989,Imports,(1000 MT),0.0
Oats,1989,Production,(1000 MT),622.0
Oats,1989,Total Distribution,(1000 MT),741.0
Oats,1989,Total Supply,(1000 MT),741.0
Oats,1989,TY Exports,(1000 MT),0.0
Oats,1989,TY Imp. from U.S.,(1000 MT),0.0
Oats,1989,TY Imports,(1000 MT),0.0
Oats,1989,Yield,(MT/HA),1.08
Oats,1990,Area Harvested,(1000 HA),580.0
Oats,1990,Beginning Stocks,(1000 MT),102.0
Oats,1990,Domestic Consumption,(1000 MT),616.0
Oats,1990,Ending Stocks,(1000 MT),171.0
Oats,1990,Exports,(1000 MT),0.0
Oats,1990,Feed Dom. Consumption,(1000 MT),394.0
Oats,1990,FSI Consumption,(1000 MT),222.0
Oats,1990,Imports,(1000 MT),0.0
Oats,1990,Production,(1000 MT),685.0
Oats,1990,Total Distribution,(1000 MT),787.0
Oats,1990,Total Supply,(1000 MT),787.0
Oats,1990,TY Exports,(1000 MT),0.0
Oats,1990,TY Imp. from U.S.,(1000 MT),0.0
Oats,1990,TY Imports,(1000 MT),0.0
Oats,1990,Yield,(MT/HA),1.18
Oats,1991,Area Harvested,(1000 HA),550.0
Oats,1991,Beginning Stocks,(1000 MT),171.0
Oats,1991,Domestic Consumption,(1000 MT),661.0
Oats,1991,Ending Stocks,(1000 MT),160.0
Oats,1991,Exports,(1000 MT),0.0
Oats,1991,Feed Dom. Consumption,(1000 MT),416.0
Oats,1991,FSI Consumption,(1000 MT),245.0
Oats,1991,Imports,(1000 MT),0.0
Oats,1991,Production,(1000 MT),650.0
Oats,1991,Total Distribution,(1000 MT),821.0
Oats,1991,Total Supply,(1000 MT),821.0
Oats,1991,TY Exports,(1000 MT),0.0
Oats,1991,TY Imp. from U.S.,(1000 MT),0.0
Oats,1991,TY Imports,(1000 MT),0.0
Oats,1991,Yield,(MT/HA),1.18
Oats,1992,Area Harvested,(1000 HA),540.0
Oats,1992,Beginning Stocks,(1000 MT),160.0
Oats,1992,Domestic Consumption,(1000 MT),722.0
Oats,1992,Ending Stocks,(1000 MT),78.0
Oats,1992,Exports,(1000 MT),0.0
Oats,1992,Feed Dom. Consumption,(1000 MT),310.0
Oats,1992,FSI Consumption,(1000 MT),412.0
Oats,1992,Imports,(1000 MT),0.0
Oats,1992,Production,(1000 MT),640.0
Oats,1992,Total Distribution,(1000 MT),800.0
Oats,1992,Total Supply,(1000 MT),800.0
Oats,1992,TY Exports,(1000 MT),0.0
Oats,1992,TY Imp. from U.S.,(1000 MT),0.0
Oats,1992,TY Imports,(1000 MT),0.0
Oats,1992,Yield,(MT/HA),1.19
Oats,1993,Area Harvested,(1000 HA),540.0
Oats,1993,Beginning Stocks,(1000 MT),78.0
Oats,1993,Domestic Consumption,(1000 MT),640.0
Oats,1993,Ending Stocks,(1000 MT),78.0
Oats,1993,Exports,(1000 MT),0.0
Oats,1993,Feed Dom. Consumption,(1000 MT),310.0
Oats,1993,FSI Consumption,(1000 MT),330.0
Oats,1993,Imports,(1000 MT),0.0
Oats,1993,Production,(1000 MT),640.0
Oats,1993,Total Distribution,(1000 MT),718.0
Oats,1993,Total Supply,(1000 MT),718.0
Oats,1993,TY Exports,(1000 MT),0.0
Oats,1993,TY Imp. from U.S.,(1000 MT),0.0
Oats,1993,TY Imports,(1000 MT),0.0
Oats,1993,Yield,(MT/HA),1.19
Oats,1994,Area Harvested,(1000 HA),500.0
Oats,1994,Beginning Stocks,(1000 MT),78.0
Oats,1994,Domestic Consumption,(1000 MT),640.0
Oats,1994,Ending Stocks,(1000 MT),38.0
Oats,1994,Exports,(1000 MT),0.0
Oats,1994,Feed Dom. Consumption,(1000 MT),310.0
Oats,1994,FSI Consumption,(1000 MT),330.0
Oats,1994,Imports,(1000 MT),0.0
Oats,1994,Production,(1000 MT),600.0
Oats,1994,Total Distribution,(1000 MT),678.0
Oats,1994,Total Supply,(1000 MT),678.0
Oats,1994,TY Exports,(1000 MT),0.0
Oats,1994,TY Imp. from U.S.,(1000 MT),0.0
Oats,1994,TY Imports,(1000 MT),0.0
Oats,1994,Yield,(MT/HA),1.2
Oats,1995,Area Harvested,(1000 HA),540.0
Oats,1995,Beginning Stocks,(1000 MT),38.0
Oats,1995,Domestic Consumption,(1000 MT),640.0
Oats,1995,Ending Stocks,(1000 MT),38.0
Oats,1995,Exports,(1000 MT),0.0
Oats,1995,Feed Dom. Consumption,(1000 MT),310.0
Oats,1995,FSI Consumption,(1000 MT),330.0
Oats,1995,Imports,(1000 MT),0.0
Oats,1995,Production,(1000 MT),640.0
Oats,1995,Total Distribution,(1000 MT),678.0
Oats,1995,Total Supply,(1000 MT),678.0
Oats,1995,TY Exports,(1000 MT),0.0
Oats,1995,TY Imp. from U.S.,(1000 MT),0.0
Oats,1995,TY Imports,(1000 MT),0.0
Oats,1995,Yield,(MT/HA),1.19
Oats,1996,Area Harvested,(1000 HA),500.0
Oats,1996,Beginning Stocks,(1000 MT),38.0
Oats,1996,Domestic Consumption,(1000 MT),593.0
Oats,1996,Ending Stocks,(1000 MT),48.0
Oats,1996,Exports,(1000 MT),0.0
Oats,1996,Feed Dom. Consumption,(1000 MT),250.0
Oats,1996,FSI Consumption,(1000 MT),343.0
Oats,1996,Imports,(1000 MT),3.0
Oats,1996,Production,(1000 MT),600.0
Oats,1996,Total Distribution,(1000 MT),641.0
Oats,1996,Total Supply,(1000 MT),641.0
Oats,1996,TY Exports,(1000 MT),0.0
Oats,1996,TY Imp. from U.S.,(1000 MT),0.0
Oats,1996,TY Imports,(1000 MT),3.0
Oats,1996,Yield,(MT/HA),1.2
Oats,1997,Area Harvested,(1000 HA),450.0
Oats,1997,Beginning Stocks,(1000 MT),48.0
Oats,1997,Domestic Consumption,(1000 MT),400.0
Oats,1997,Ending Stocks,(1000 MT),50.0
Oats,1997,Exports,(1000 MT),0.0
Oats,1997,Feed Dom. Consumption,(1000 MT),100.0
Oats,1997,FSI Consumption,(1000 MT),300.0
Oats,1997,Imports,(1000 MT),2.0
Oats,1997,Production,(1000 MT),400.0
Oats,1997,Total Distribution,(1000 MT),450.0
Oats,1997,Total Supply,(1000 MT),450.0
Oats,1997,TY Exports,(1000 MT),0.0
Oats,1997,TY Imp. from U.S.,(1000 MT),0.0
Oats,1997,TY Imports,(1000 MT),2.0
Oats,1997,Yield,(MT/HA),0.89
Oats,1998,Area Harvested,(1000 HA),550.0
Oats,1998,Beginning Stocks,(1000 MT),50.0
Oats,1998,Domestic Consumption,(1000 MT),600.0
Oats,1998,Ending Stocks,(1000 MT),100.0
Oats,1998,Exports,(1000 MT),0.0
Oats,1998,Feed Dom. Consumption,(1000 MT),300.0
Oats,1998,FSI Consumption,(1000 MT),300.0
Oats,1998,Imports,(1000 MT),0.0
Oats,1998,Production,(1000 MT),650.0
Oats,1998,Total Distribution,(1000 MT),700.0
Oats,1998,Total Supply,(1000 MT),700.0
Oats,1998,TY Exports,(1000 MT),0.0
Oats,1998,TY Imp. from U.S.,(1000 MT),0.0
Oats,1998,TY Imports,(1000 MT),0.0
Oats,1998,Yield,(MT/HA),1.18
Oats,1999,Area Harvested,(1000 HA),500.0
Oats,1999,Beginning Stocks,(1000 MT),100.0
Oats,1999,Domestic Consumption,(1000 MT),600.0
Oats,1999,Ending Stocks,(1000 MT),100.0
Oats,1999,Exports,(1000 MT),0.0
Oats,1999,Feed Dom. Consumption,(1000 MT),300.0
Oats,1999,FSI Consumption,(1000 MT),300.0
Oats,1999,Imports,(1000 MT),0.0
Oats,1999,Production,(1000 MT),600.0
Oats,1999,Total Distribution,(1000 MT),700.0
Oats,1999,Total Supply,(1000 MT),700.0
Oats,1999,TY Exports,(1000 MT),0.0
Oats,1999,TY Imp. from U.S.,(1000 MT),0.0
Oats,1999,TY Imports,(1000 MT),0.0
Oats,1999,Yield,(MT/HA),1.2
Oats,2000,Area Harvested,(1000 HA),500.0
Oats,2000,Beginning Stocks,(1000 MT),100.0
Oats,2000,Domestic Consumption,(1000 MT),600.0
Oats,2000,Ending Stocks,(1000 MT),100.0
Oats,2000,Exports,(1000 MT),0.0
Oats,2000,Feed Dom. Consumption,(1000 MT),300.0
Oats,2000,FSI Consumption,(1000 MT),300.0
Oats,2000,Imports,(1000 MT),0.0
Oats,2000,Production,(1000 MT),600.0
Oats,2000,Total Distribution,(1000 MT),700.0
Oats,2000,Total Supply,(1000 MT),700.0
Oats,2000,TY Exports,(1000 MT),0.0
Oats,2000,TY Imp. from U.S.,(1000 MT),0.0
Oats,2000,TY Imports,(1000 MT),0.0
Oats,2000,Yield,(MT/HA),1.2
Oats,2001,Area Harvested,(1000 HA),400.0
Oats,2001,Beginning Stocks,(1000 MT),100.0
Oats,2001,Domestic Consumption,(1000 MT),500.0
Oats,2001,Ending Stocks,(1000 MT),83.0
Oats,2001,Exports,(1000 MT),0.0
Oats,2001,Feed Dom. Consumption,(1000 MT),200.0
Oats,2001,FSI Consumption,(1000 MT),300.0
Oats,2001,Imports,(1000 MT),3.0
Oats,2001,Production,(1000 MT),480.0
Oats,2001,Total Distribution,(1000 MT),583.0
Oats,2001,Total Supply,(1000 MT),583.0
Oats,2001,TY Exports,(1000 MT),0.0
Oats,2001,TY Imp. from U.S.,(1000 MT),0.0
Oats,2001,TY Imports,(1000 MT),3.0
Oats,2001,Yield,(MT/HA),1.2
Oats,2002,Area Harvested,(1000 HA),275.0
Oats,2002,Beginning Stocks,(1000 MT),83.0
Oats,2002,Domestic Consumption,(1000 MT),350.0
Oats,2002,Ending Stocks,(1000 MT),44.0
Oats,2002,Exports,(1000 MT),0.0
Oats,2002,Feed Dom. Consumption,(1000 MT),150.0
Oats,2002,FSI Consumption,(1000 MT),200.0
Oats,2002,Imports,(1000 MT),6.0
Oats,2002,Production,(1000 MT),305.0
Oats,2002,Total Distribution,(1000 MT),394.0
Oats,2002,Total Supply,(1000 MT),394.0
Oats,2002,TY Exports,(1000 MT),0.0
Oats,2002,TY Imp. from U.S.,(1000 MT),0.0
Oats,2002,TY Imports,(1000 MT),6.0
Oats,2002,Yield,(MT/HA),1.11
Oats,2003,Area Harvested,(1000 HA),260.0
Oats,2003,Beginning Stocks,(1000 MT),44.0
Oats,2003,Domestic Consumption,(1000 MT),350.0
Oats,2003,Ending Stocks,(1000 MT),27.0
Oats,2003,Exports,(1000 MT),0.0
Oats,2003,Feed Dom. Consumption,(1000 MT),200.0
Oats,2003,FSI Consumption,(1000 MT),150.0
Oats,2003,Imports,(1000 MT),8.0
Oats,2003,Production,(1000 MT),325.0
Oats,2003,Total Distribution,(1000 MT),377.0
Oats,2003,Total Supply,(1000 MT),377.0
Oats,2003,TY Exports,(1000 MT),0.0
Oats,2003,TY Imp. from U.S.,(1000 MT),0.0
Oats,2003,TY Imports,(1000 MT),8.0
Oats,2003,Yield,(MT/HA),1.25
Oats,2004,Area Harvested,(1000 HA),270.0
Oats,2004,Beginning Stocks,(1000 MT),27.0
Oats,2004,Domestic Consumption,(1000 MT),300.0
Oats,2004,Ending Stocks,(1000 MT),30.0
Oats,2004,Exports,(1000 MT),0.0
Oats,2004,Feed Dom. Consumption,(1000 MT),150.0
Oats,2004,FSI Consumption,(1000 MT),150.0
Oats,2004,Imports,(1000 MT),13.0
Oats,2004,Production,(1000 MT),290.0
Oats,2004,Total Distribution,(1000 MT),330.0
Oats,2004,Total Supply,(1000 MT),330.0
Oats,2004,TY Exports,(1000 MT),0.0
Oats,2004,TY Imp. from U.S.,(1000 MT),0.0
Oats,2004,TY Imports,(1000 MT),13.0
Oats,2004,Yield,(MT/HA),1.07
Oats,2005,Area Harvested,(1000 HA),220.0
Oats,2005,Beginning Stocks,(1000 MT),30.0
Oats,2005,Domestic Consumption,(1000 MT),275.0
Oats,2005,Ending Stocks,(1000 MT),33.0
Oats,2005,Exports,(1000 MT),0.0
Oats,2005,Feed Dom. Consumption,(1000 MT),150.0
Oats,2005,FSI Consumption,(1000 MT),125.0
Oats,2005,Imports,(1000 MT),18.0
Oats,2005,Production,(1000 MT),260.0
Oats,2005,Total Distribution,(1000 MT),308.0
Oats,2005,Total Supply,(1000 MT),308.0
Oats,2005,TY Exports,(1000 MT),0.0
Oats,2005,TY Imp. from U.S.,(1000 MT),0.0
Oats,2005,TY Imports,(1000 MT),18.0
Oats,2005,Yield,(MT/HA),1.18
Oats,2006,Area Harvested,(1000 HA),225.0
Oats,2006,Beginning Stocks,(1000 MT),33.0
Oats,2006,Domestic Consumption,(1000 MT),225.0
Oats,2006,Ending Stocks,(1000 MT),42.0
Oats,2006,Exports,(1000 MT),0.0
Oats,2006,Feed Dom. Consumption,(1000 MT),100.0
Oats,2006,FSI Consumption,(1000 MT),125.0
Oats,2006,Imports,(1000 MT),9.0
Oats,2006,Production,(1000 MT),225.0
Oats,2006,Total Distribution,(1000 MT),267.0
Oats,2006,Total Supply,(1000 MT),267.0
Oats,2006,TY Exports,(1000 MT),0.0
Oats,2006,TY Imp. from U.S.,(1000 MT),0.0
Oats,2006,TY Imports,(1000 MT),9.0
Oats,2006,Yield,(MT/HA),1.0
Oats,2007,Area Harvested,(1000 HA),230.0
Oats,2007,Beginning Stocks,(1000 MT),42.0
Oats,2007,Domestic Consumption,(1000 MT),275.0
Oats,2007,Ending Stocks,(1000 MT),30.0
Oats,2007,Exports,(1000 MT),0.0
Oats,2007,Feed Dom. Consumption,(1000 MT),150.0
Oats,2007,FSI Consumption,(1000 MT),125.0
Oats,2007,Imports,(1000 MT),13.0
Oats,2007,Production,(1000 MT),250.0
Oats,2007,Total Distribution,(1000 MT),305.0
Oats,2007,Total Supply,(1000 MT),305.0
Oats,2007,TY Exports,(1000 MT),0.0
Oats,2007,TY Imp. from U.S.,(1000 MT),0.0
Oats,2007,TY Imports,(1000 MT),13.0
Oats,2007,Yield,(MT/HA),1.09
Oats,2008,Area Harvested,(1000 HA),215.0
Oats,2008,Beginning Stocks,(1000 MT),30.0
Oats,2008,Domestic Consumption,(1000 MT),275.0
Oats,2008,Ending Stocks,(1000 MT),19.0
Oats,2008,Exports,(1000 MT),0.0
Oats,2008,Feed Dom. Consumption,(1000 MT),150.0
Oats,2008,FSI Consumption,(1000 MT),125.0
Oats,2008,Imports,(1000 MT),39.0
Oats,2008,Production,(1000 MT),225.0
Oats,2008,Total Distribution,(1000 MT),294.0
Oats,2008,Total Supply,(1000 MT),294.0
Oats,2008,TY Exports,(1000 MT),0.0
Oats,2008,TY Imp. from U.S.,(1000 MT),0.0
Oats,2008,TY Imports,(1000 MT),39.0
Oats,2008,Yield,(MT/HA),1.05
Oats,2009,Area Harvested,(1000 HA),200.0
Oats,2009,Beginning Stocks,(1000 MT),19.0
Oats,2009,Domestic Consumption,(1000 MT),275.0
Oats,2009,Ending Stocks,(1000 MT),16.0
Oats,2009,Exports,(1000 MT),0.0
Oats,2009,Feed Dom. Consumption,(1000 MT),150.0
Oats,2009,FSI Consumption,(1000 MT),125.0
Oats,2009,Imports,(1000 MT),57.0
Oats,2009,Production,(1000 MT),215.0
Oats,2009,Total Distribution,(1000 MT),291.0
Oats,2009,Total Supply,(1000 MT),291.0
Oats,2009,TY Exports,(1000 MT),0.0
Oats,2009,TY Imp. from U.S.,(1000 MT),0.0
Oats,2009,TY Imports,(1000 MT),57.0
Oats,2009,Yield,(MT/HA),1.08
Oats,2010,Area Harvested,(1000 HA),195.0
Oats,2010,Beginning Stocks,(1000 MT),16.0
Oats,2010,Domestic Consumption,(1000 MT),275.0
Oats,2010,Ending Stocks,(1000 MT),19.0
Oats,2010,Exports,(1000 MT),0.0
Oats,2010,Feed Dom. Consumption,(1000 MT),150.0
Oats,2010,FSI Consumption,(1000 MT),125.0
Oats,2010,Imports,(1000 MT),58.0
Oats,2010,Production,(1000 MT),220.0
Oats,2010,Total Distribution,(1000 MT),294.0
Oats,2010,Total Supply,(1000 MT),294.0
Oats,2010,TY Exports,(1000 MT),0.0
Oats,2010,TY Imp. from U.S.,(1000 MT),0.0
Oats,2010,TY Imports,(1000 MT),58.0
Oats,2010,Yield,(MT/HA),1.13
Oats,2011,Area Harvested,(1000 HA),210.0
Oats,2011,Beginning Stocks,(1000 MT),19.0
Oats,2011,Domestic Consumption,(1000 MT),350.0
Oats,2011,Ending Stocks,(1000 MT),32.0
Oats,2011,Exports,(1000 MT),0.0
Oats,2011,Feed Dom. Consumption,(1000 MT),200.0
Oats,2011,FSI Consumption,(1000 MT),150.0
Oats,2011,Imports,(1000 MT),68.0
Oats,2011,Production,(1000 MT),295.0
Oats,2011,Total Distribution,(1000 MT),382.0
Oats,2011,Total Supply,(1000 MT),382.0
Oats,2011,TY Exports,(1000 MT),0.0
Oats,2011,TY Imp. from U.S.,(1000 MT),0.0
Oats,2011,TY Imports,(1000 MT),68.0
Oats,2011,Yield,(MT/HA),1.4
Oats,2012,Area Harvested,(1000 HA),200.0
Oats,2012,Beginning Stocks,(1000 MT),32.0
Oats,2012,Domestic Consumption,(1000 MT),350.0
Oats,2012,Ending Stocks,(1000 MT),19.0
Oats,2012,Exports,(1000 MT),0.0
Oats,2012,Feed Dom. Consumption,(1000 MT),180.0
Oats,2012,FSI Consumption,(1000 MT),170.0
Oats,2012,Imports,(1000 MT),87.0
Oats,2012,Production,(1000 MT),250.0
Oats,2012,Total Distribution,(1000 MT),369.0
Oats,2012,Total Supply,(1000 MT),369.0
Oats,2012,TY Exports,(1000 MT),0.0
Oats,2012,TY Imp. from U.S.,(1000 MT),0.0
Oats,2012,TY Imports,(1000 MT),87.0
Oats,2012,Yield,(MT/HA),1.25
Oats,2013,Area Harvested,(1000 HA),190.0
Oats,2013,Beginning Stocks,(1000 MT),19.0
Oats,2013,Domestic Consumption,(1000 MT),350.0
Oats,2013,Ending Stocks,(1000 MT),20.0
Oats,2013,Exports,(1000 MT),0.0
Oats,2013,Feed Dom. Consumption,(1000 MT),170.0
Oats,2013,FSI Consumption,(1000 MT),180.0
Oats,2013,Imports,(1000 MT),116.0
Oats,2013,Production,(1000 MT),235.0
Oats,2013,Total Distribution,(1000 MT),370.0
Oats,2013,Total Supply,(1000 MT),370.0
Oats,2013,TY Exports,(1000 MT),0.0
Oats,2013,TY Imp. from U.S.,(1000 MT),0.0
Oats,2013,TY Imports,(1000 MT),116.0
Oats,2013,Yield,(MT/HA),1.24
Oats,2014,Area Harvested,(1000 HA),230.0
Oats,2014,Beginning Stocks,(1000 MT),20.0
Oats,2014,Domestic Consumption,(1000 MT),400.0
Oats,2014,Ending Stocks,(1000 MT),92.0
Oats,2014,Exports,(1000 MT),0.0
Oats,2014,Feed Dom. Consumption,(1000 MT),170.0
Oats,2014,FSI Consumption,(1000 MT),230.0
Oats,2014,Imports,(1000 MT),162.0
Oats,2014,Production,(1000 MT),310.0
Oats,2014,Total Distribution,(1000 MT),492.0
Oats,2014,Total Supply,(1000 MT),492.0
Oats,2014,TY Exports,(1000 MT),0.0
Oats,2014,TY Imp. from U.S.,(1000 MT),1.0
Oats,2014,TY Imports,(1000 MT),162.0
Oats,2014,Yield,(MT/HA),1.35
Oats,2015,Area Harvested,(1000 HA),250.0
Oats,2015,Beginning Stocks,(1000 MT),92.0
Oats,2015,Domestic Consumption,(1000 MT),500.0
Oats,2015,Ending Stocks,(1000 MT),104.0
Oats,2015,Exports,(1000 MT),0.0
Oats,2015,Feed Dom. Consumption,(1000 MT),250.0
Oats,2015,FSI Consumption,(1000 MT),250.0
Oats,2015,Imports,(1000 MT),172.0
Oats,2015,Production,(1000 MT),340.0
Oats,2015,Total Distribution,(1000 MT),604.0
Oats,2015,Total Supply,(1000 MT),604.0
Oats,2015,TY Exports,(1000 MT),0.0
Oats,2015,TY Imp. from U.S.,(1000 MT),1.0
Oats,2015,TY Imports,(1000 MT),172.0
Oats,2015,Yield,(MT/HA),1.36
Oats,2016,Area Harvested,(1000 HA),370.0
Oats,2016,Beginning Stocks,(1000 MT),104.0
Oats,2016,Domestic Consumption,(1000 MT),730.0
Oats,2016,Ending Stocks,(1000 MT),152.0
Oats,2016,Exports,(1000 MT),0.0
Oats,2016,Feed Dom. Consumption,(1000 MT),450.0
Oats,2016,FSI Consumption,(1000 MT),280.0
Oats,2016,Imports,(1000 MT),278.0
Oats,2016,Production,(1000 MT),500.0
Oats,2016,Total Distribution,(1000 MT),882.0
Oats,2016,Total Supply,(1000 MT),882.0
Oats,2016,TY Exports,(1000 MT),0.0
Oats,2016,TY Imp. from U.S.,(1000 MT),3.0
Oats,2016,TY Imports,(1000 MT),278.0
Oats,2016,Yield,(MT/HA),1.35
Oats,2017,Area Harvested,(1000 HA),370.0
Oats,2017,Beginning Stocks,(1000 MT),152.0
Oats,2017,Domestic Consumption,(1000 MT),800.0
Oats,2017,Ending Stocks,(1000 MT),241.0
Oats,2017,Exports,(1000 MT),0.0
Oats,2017,Feed Dom. Consumption,(1000 MT),500.0
Oats,2017,FSI Consumption,(1000 MT),300.0
Oats,2017,Imports,(1000 MT),389.0
Oats,2017,Production,(1000 MT),500.0
Oats,2017,Total Distribution,(1000 MT),1041.0
Oats,2017,Total Supply,(1000 MT),1041.0
Oats,2017,TY Exports,(1000 MT),0.0
Oats,2017,TY Imp. from U.S.,(1000 MT),0.0
Oats,2017,TY Imports,(1000 MT),389.0
Oats,2017,Yield,(MT/HA),1.35
Oats,2018,Area Harvested,(1000 HA),320.0
Oats,2018,Beginning Stocks,(1000 MT),241.0
Oats,2018,Domestic Consumption,(1000 MT),710.0
Oats,2018,Ending Stocks,(1000 MT),155.0
Oats,2018,Exports,(1000 MT),0.0
Oats,2018,Feed Dom. Consumption,(1000 MT),400.0
Oats,2018,FSI Consumption,(1000 MT),310.0
Oats,2018,Imports,(1000 MT),224.0
Oats,2018,Production,(1000 MT),400.0
Oats,2018,Total Distribution,(1000 MT),865.0
Oats,2018,Total Supply,(1000 MT),865.0
Oats,2018,TY Exports,(1000 MT),0.0
Oats,2018,TY Imp. from U.S.,(1000 MT),1.0
Oats,2018,TY Imports,(1000 MT),224.0
Oats,2018,Yield,(MT/HA),1.25
Oats,2019,Area Harvested,(1000 HA),350.0
Oats,2019,Beginning Stocks,(1000 MT),155.0
Oats,2019,Domestic Consumption,(1000 MT),890.0
Oats,2019,Ending Stocks,(1000 MT),107.0
Oats,2019,Exports,(1000 MT),0.0
Oats,2019,Feed Dom. Consumption,(1000 MT),540.0
Oats,2019,FSI Consumption,(1000 MT),350.0
Oats,2019,Imports,(1000 MT),222.0
Oats,2019,Production,(1000 MT),620.0
Oats,2019,Total Distribution,(1000 MT),997.0
Oats,2019,Total Supply,(1000 MT),997.0
Oats,2019,TY Exports,(1000 MT),0.0
Oats,2019,TY Imp. from U.S.,(1000 MT),3.0
Oats,2019,TY Imports,(1000 MT),222.0
Oats,2019,Yield,(MT/HA),1.77
Oats,2020,Area Harvested,(1000 HA),420.0
Oats,2020,Beginning Stocks,(1000 MT),107.0
Oats,2020,Domestic Consumption,(1000 MT),1025.0
Oats,2020,Ending Stocks,(1000 MT),143.0
Oats,2020,Exports,(1000 MT),0.0
Oats,2020,Feed Dom. Consumption,(1000 MT),675.0
Oats,2020,FSI Consumption,(1000 MT),350.0
Oats,2020,Imports,(1000 MT),301.0
Oats,2020,Production,(1000 MT),760.0
Oats,2020,Total Distribution,(1000 MT),1168.0
Oats,2020,Total Supply,(1000 MT),1168.0
Oats,2020,TY Exports,(1000 MT),0.0
Oats,2020,TY Imp. from U.S.,(1000 MT),5.0
Oats,2020,TY Imports,(1000 MT),301.0
Oats,2020,Yield,(MT/HA),1.81
Oats,2021,Area Harvested,(1000 HA),430.0
Oats,2021,Beginning Stocks,(1000 MT),143.0
Oats,2021,Domestic Consumption,(1000 MT),1125.0
Oats,2021,Ending Stocks,(1000 MT),140.0
Oats,2021,Exports,(1000 MT),0.0
Oats,2021,Feed Dom. Consumption,(1000 MT),725.0
Oats,2021,FSI Consumption,(1000 MT),400.0
Oats,2021,Imports,(1000 MT),342.0
Oats,2021,Production,(1000 MT),780.0
Oats,2021,Total Distribution,(1000 MT),1265.0
Oats,2021,Total Supply,(1000 MT),1265.0
Oats,2021,TY Exports,(1000 MT),0.0
Oats,2021,TY Imp. from U.S.,(1000 MT),3.0
Oats,2021,TY Imports,(1000 MT),342.0
Oats,2021,Yield,(MT/HA),1.81
Oats,2022,Area Harvested,(1000 HA),430.0
Oats,2022,Beginning Stocks,(1000 MT),140.0
Oats,2022,Domestic Consumption,(1000 MT),1250.0
Oats,2022,Ending Stocks,(1000 MT),143.0
Oats,2022,Exports,(1000 MT),0.0
Oats,2022,Feed Dom. Consumption,(1000 MT),850.0
Oats,2022,FSI Consumption,(1000 MT),400.0
Oats,2022,Imports,(1000 MT),463.0
Oats,2022,Production,(1000 MT),790.0
Oats,2022,Total Distribution,(1000 MT),1393.0
Oats,2022,Total Supply,(1000 MT),1393.0
Oats,2022,TY Exports,(1000 MT),0.0
Oats,2022,TY Imp. from U.S.,(1000 MT),3.0
Oats,2022,TY Imports,(1000 MT),463.0
Oats,2022,Yield,(MT/HA),1.84
Oats,2023,Area Harvested,(1000 HA),460.0
Oats,2023,Beginning Stocks,(1000 MT),143.0
Oats,2023,Domestic Consumption,(1000 MT),1300.0
Oats,2023,Ending Stocks,(1000 MT),144.0
Oats,2023,Exports,(1000 MT),0.0
Oats,2023,Feed Dom. Consumption,(1000 MT),900.0
Oats,2023,FSI Consumption,(1000 MT),400.0
Oats,2023,Imports,(1000 MT),461.0
Oats,2023,Production,(1000 MT),840.0
Oats,2023,Total Distribution,(1000 MT),1444.0
Oats,2023,Total Supply,(1000 MT),1444.0
Oats,2023,TY Exports,(1000 MT),0.0
Oats,2023,TY Imp. from U.S.,(1000 MT),1.0
Oats,2023,TY Imports,(1000 MT),461.0
Oats,2023,Yield,(MT/HA),1.83
Oats,2024,Area Harvested,(1000 HA),465.0
Oats,2024,Beginning Stocks,(1000 MT),144.0
Oats,2024,Domestic Consumption,(1000 MT),1475.0
Oats,2024,Ending Stocks,(1000 MT),153.0
Oats,2024,Exports,(1000 MT),0.0
Oats,2024,Feed Dom. Consumption,(1000 MT),1050.0
Oats,2024,FSI Consumption,(1000 MT),425.0
Oats,2024,Imports,(1000 MT),634.0
Oats,2024,Production,(1000 MT),850.0
Oats,2024,Total Distribution,(1000 MT),1628.0
Oats,2024,Total Supply,(1000 MT),1628.0
Oats,2024,TY Exports,(1000 MT),0.0
Oats,2024,TY Imp. from U.S.,(1000 MT),2.0
Oats,2024,TY Imports,(1000 MT),634.0
Oats,2024,Yield,(MT/HA),1.83
Oats,2025,Area Harvested,(1000 HA),465.0
Oats,2025,Beginning Stocks,(1000 MT),153.0
Oats,2025,Domestic Consumption,(1000 MT),1550.0
Oats,2025,Ending Stocks,(1000 MT),153.0
Oats,2025,Exports,(1000 MT),0.0
Oats,2025,Feed Dom. Consumption,(1000 MT),1125.0
Oats,2025,FSI Consumption,(1000 MT),425.0
Oats,2025,Imports,(1000 MT),700.0
Oats,2025,Production,(1000 MT),850.0
Oats,2025,Total Distribution,(1000 MT),1703.0
Oats,2025,Total Supply,(1000 MT),1703.0
Oats,2025,TY Exports,(1000 MT),0.0
Oats,2025,TY Imp. from U.S.,(1000 MT),0.0
Oats,2025,TY Imports,(1000 MT),700.0
Oats,2025,Yield,(MT/HA),1.83
Oats,2026,Area Harvested,(1000 HA),465.0
Oats,2026,Beginning Stocks,(1000 MT),153.0
Oats,2026,Domestic Consumption,(1000 MT),1575.0
Oats,2026,Ending Stocks,(1000 MT),128.0
Oats,2026,Exports,(1000 MT),0.0
Oats,2026,Feed Dom. Consumption,(1000 MT),1150.0
Oats,2026,FSI Consumption,(1000 MT),425.0
Oats,2026,Imports,(1000 MT),700.0
Oats,2026,Production,(1000 MT),850.0
Oats,2026,Total Distribution,(1000 MT),1703.0
Oats,2026,Total Supply,(1000 MT),1703.0
Oats,2026,TY Exports,(1000 MT),0.0
Oats,2026,TY Imp. from U.S.,(1000 MT),0.0
Oats,2026,TY Imports,(1000 MT),700.0
Oats,2026,Yield,(MT/HA),1.83
"Rice, Milled",1960,Area Harvested,(1000 HA),31500.0
"Rice, Milled",1960,Beginning Stocks,(1000 MT),8000.0
"Rice, Milled",1960,Domestic Consumption,(1000 MT),46383.0
"Rice, Milled",1960,Ending Stocks,(1000 MT),3000.0
"Rice, Milled",1960,Exports,(1000 MT),428.0
"Rice, Milled",1960,Imports,(1000 MT),0.0
"Rice, Milled",1960,Milling Rate (.9999),(1000 MT),7000.0
"Rice, Milled",1960,Production,(1000 MT),41811.0
"Rice, Milled",1960,Rough Production,(1000 MT),59730.0
"Rice, Milled",1960,Total Distribution,(1000 MT),49811.0
"Rice, Milled",1960,Total Supply,(1000 MT),49811.0
"Rice, Milled",1960,TY Exports,(1000 MT),428.0
"Rice, Milled",1960,TY Imp. from U.S.,(1000 MT),0.0
"Rice, Milled",1960,TY Imports,(1000 MT),0.0
"Rice, Milled",1960,Yield,(MT/HA),1.9
"Rice, Milled",1961,Area Harvested,(1000 HA),26276.0
"Rice, Milled",1961,Beginning Stocks,(1000 MT),3000.0
"Rice, Milled",1961,Domestic Consumption,(1000 MT),38590.0
"Rice, Milled",1961,Ending Stocks,(1000 MT),1500.0
"Rice, Milled",1961,Exports,(1000 MT),458.0
"Rice, Milled",1961,Imports,(1000 MT),0.0
"Rice, Milled",1961,Milling Rate (.9999),(1000 MT),7000.0
"Rice, Milled",1961,Production,(1000 MT),37548.0
"Rice, Milled",1961,Rough Production,(1000 MT),53640.0
"Rice, Milled",1961,Total Distribution,(1000 MT),40548.0
"Rice, Milled",1961,Total Supply,(1000 MT),40548.0
"Rice, Milled",1961,TY Exports,(1000 MT),458.0
"Rice, Milled",1961,TY Imp. from U.S.,(1000 MT),0.0
"Rice, Milled",1961,TY Imports,(1000 MT),0.0
"Rice, Milled",1961,Yield,(MT/HA),2.04
"Rice, Milled",1962,Area Harvested,(1000 HA),26935.0
"Rice, Milled",1962,Beginning Stocks,(1000 MT),1500.0
"Rice, Milled",1962,Domestic Consumption,(1000 MT),39406.0
"Rice, Milled",1962,Ending Stocks,(1000 MT),5500.0
"Rice, Milled",1962,Exports,(1000 MT),684.0
"Rice, Milled",1962,Imports,(1000 MT),0.0
"Rice, Milled",1962,Milling Rate (.9999),(1000 MT),7000.0
"Rice, Milled",1962,Production,(1000 MT),44090.0
"Rice, Milled",1962,Rough Production,(1000 MT),62986.0
"Rice, Milled",1962,Total Distribution,(1000 MT),45590.0
"Rice, Milled",1962,Total Supply,(1000 MT),45590.0
"Rice, Milled",1962,TY Exports,(1000 MT),684.0
"Rice, Milled",1962,TY Imp. from U.S.,(1000 MT),0.0
"Rice, Milled",1962,TY Imports,(1000 MT),0.0
"Rice, Milled",1962,Yield,(MT/HA),2.34
"Rice, Milled",1963,Area Harvested,(1000 HA),27715.0
"Rice, Milled",1963,Beginning Stocks,(1000 MT),5500.0
"Rice, Milled",1963,Domestic Consumption,(1000 MT),48874.0
"Rice, Milled",1963,Ending Stocks,(1000 MT),7500.0
"Rice, Milled",1963,Exports,(1000 MT),762.0
"Rice, Milled",1963,Imports,(1000 MT),0.0
"Rice, Milled",1963,Milling Rate (.9999),(1000 MT),7000.0
"Rice, Milled",1963,Production,(1000 MT),51636.0
"Rice, Milled",1963,Rough Production,(1000 MT),73766.0
"Rice, Milled",1963,Total Distribution,(1000 MT),57136.0
"Rice, Milled",1963,Total Supply,(1000 MT),57136.0
"Rice, Milled",1963,TY Exports,(1000 MT),762.0
"Rice, Milled",1963,TY Imp. from U.S.,(1000 MT),0.0
"Rice, Milled",1963,TY Imports,(1000 MT),0.0
"Rice, Milled",1963,Yield,(MT/HA),2.66
"Rice, Milled",1964,Area Harvested,(1000 HA),29607.0
"Rice, Milled",1964,Beginning Stocks,(1000 MT),7500.0
"Rice, Milled",1964,Domestic Consumption,(1000 MT),59115.0
"Rice, Milled",1964,Ending Stocks,(1000 MT),5500.0
"Rice, Milled",1964,Exports,(1000 MT),985.0
"Rice, Milled",1964,Imports,(1000 MT),0.0
"Rice, Milled",1964,Milling Rate (.9999),(1000 MT),7000.0
"Rice, Milled",1964,Production,(1000 MT),58100.0
"Rice, Milled",1964,Rough Production,(1000 MT),83000.0
"Rice, Milled",1964,Total Distribution,(1000 MT),65600.0
"Rice, Milled",1964,Total Supply,(1000 MT),65600.0
"Rice, Milled",1964,TY Exports,(1000 MT),985.0
"Rice, Milled",1964,TY Imp. from U.S.,(1000 MT),0.0
"Rice, Milled",1964,TY Imports,(1000 MT),0.0
"Rice, Milled",1964,Yield,(MT/HA),2.8
"Rice, Milled",1965,Area Harvested,(1000 HA),29825.0
"Rice, Milled",1965,Beginning Stocks,(1000 MT),5500.0
"Rice, Milled",1965,Domestic Consumption,(1000 MT),59418.0
"Rice, Milled",1965,Ending Stocks,(1000 MT),6000.0
"Rice, Milled",1965,Exports,(1000 MT),1487.0
"Rice, Milled",1965,Imports,(1000 MT),0.0
"Rice, Milled",1965,Milling Rate (.9999),(1000 MT),7000.0
"Rice, Milled",1965,Production,(1000 MT),61405.0
"Rice, Milled",1965,Rough Production,(1000 MT),87721.0
"Rice, Milled",1965,Total Distribution,(1000 MT),66905.0
"Rice, Milled",1965,Total Supply,(1000 MT),66905.0
"Rice, Milled",1965,TY Exports,(1000 MT),1487.0
"Rice, Milled",1965,TY Imp. from U.S.,(1000 MT),0.0
"Rice, Milled",1965,TY Imports,(1000 MT),0.0
"Rice, Milled",1965,Yield,(MT/HA),2.94
"Rice, Milled",1966,Area Harvested,(1000 HA),30529.0
"Rice, Milled",1966,Beginning Stocks,(1000 MT),6000.0
"Rice, Milled",1966,Domestic Consumption,(1000 MT),63196.0
"Rice, Milled",1966,Ending Stocks,(1000 MT),8000.0
"Rice, Milled",1966,Exports,(1000 MT),1577.0
"Rice, Milled",1966,Imports,(1000 MT),0.0
"Rice, Milled",1966,Milling Rate (.9999),(1000 MT),7000.0
"Rice, Milled",1966,Production,(1000 MT),66773.0
"Rice, Milled",1966,Rough Production,(1000 MT),95390.0
"Rice, Milled",1966,Total Distribution,(1000 MT),72773.0
"Rice, Milled",1966,Total Supply,(1000 MT),72773.0
"Rice, Milled",1966,TY Exports,(1000 MT),1577.0
"Rice, Milled",1966,TY Imp. from U.S.,(1000 MT),0.0
"Rice, Milled",1966,TY Imports,(1000 MT),0.0
"Rice, Milled",1966,Yield,(MT/HA),3.12
"Rice, Milled",1967,Area Harvested,(1000 HA),30436.0
"Rice, Milled",1967,Beginning Stocks,(1000 MT),8000.0
"Rice, Milled",1967,Domestic Consumption,(1000 MT),64781.0
"Rice, Milled",1967,Ending Stocks,(1000 MT),7500.0
"Rice, Milled",1967,Exports,(1000 MT),1299.0
"Rice, Milled",1967,Imports,(1000 MT),0.0
"Rice, Milled",1967,Milling Rate (.9999),(1000 MT),7000.0
"Rice, Milled",1967,Production,(1000 MT),65580.0
"Rice, Milled",1967,Rough Production,(1000 MT),93686.0
"Rice, Milled",1967,Total Distribution,(1000 MT),73580.0
"Rice, Milled",1967,Total Supply,(1000 MT),73580.0
"Rice, Milled",1967,TY Exports,(1000 MT),1299.0
"Rice, Milled",1967,TY Imp. from U.S.,(1000 MT),0.0
"Rice, Milled",1967,TY Imports,(1000 MT),0.0
"Rice, Milled",1967,Yield,(MT/HA),3.08
"Rice, Milled",1968,Area Harvested,(1000 HA),29894.0
"Rice, Milled",1968,Beginning Stocks,(1000 MT),7500.0
"Rice, Milled",1968,Domestic Consumption,(1000 MT),64491.0
"Rice, Milled",1968,Ending Stocks,(1000 MT),8000.0
"Rice, Milled",1968,Exports,(1000 MT),1179.0
"Rice, Milled",1968,Imports,(1000 MT),0.0
"Rice, Milled",1968,Milling Rate (.9999),(1000 MT),7000.0
"Rice, Milled",1968,Production,(1000 MT),66170.0
"Rice, Milled",1968,Rough Production,(1000 MT),94529.0
"Rice, Milled",1968,Total Distribution,(1000 MT),73670.0
"Rice, Milled",1968,Total Supply,(1000 MT),73670.0
"Rice, Milled",1968,TY Exports,(1000 MT),1179.0
"Rice, Milled",1968,TY Imp. from U.S.,(1000 MT),0.0
"Rice, Milled",1968,TY Imports,(1000 MT),0.0
"Rice, Milled",1968,Yield,(MT/HA),3.16
"Rice, Milled",1969,Area Harvested,(1000 HA),30432.0
"Rice, Milled",1969,Beginning Stocks,(1000 MT),8000.0
"Rice, Milled",1969,Domestic Consumption,(1000 MT),65771.0
"Rice, Milled",1969,Ending Stocks,(1000 MT),7500.0
"Rice, Milled",1969,Exports,(1000 MT),1280.0
"Rice, Milled",1969,Imports,(1000 MT),5.0
"Rice, Milled",1969,Milling Rate (.9999),(1000 MT),7000.0
"Rice, Milled",1969,Production,(1000 MT),66546.0
"Rice, Milled",1969,Rough Production,(1000 MT),95066.0
"Rice, Milled",1969,Total Distribution,(1000 MT),74551.0
"Rice, Milled",1969,Total Supply,(1000 MT),74551.0
"Rice, Milled",1969,TY Exports,(1000 MT),1280.0
"Rice, Milled",1969,TY Imp. from U.S.,(1000 MT),0.0
"Rice, Milled",1969,TY Imports,(1000 MT),5.0
"Rice, Milled",1969,Yield,(MT/HA),3.12
"Rice, Milled",1970,Area Harvested,(1000 HA),32358.0
"Rice, Milled",1970,Beginning Stocks,(1000 MT),7500.0
"Rice, Milled",1970,Domestic Consumption,(1000 MT),72209.0
"Rice, Milled",1970,Ending Stocks,(1000 MT),11000.0
"Rice, Milled",1970,Exports,(1000 MT),1292.0
"Rice, Milled",1970,Imports,(1000 MT),8.0
"Rice, Milled",1970,Milling Rate (.9999),(1000 MT),7000.0
"Rice, Milled",1970,Production,(1000 MT),76993.0
"Rice, Milled",1970,Rough Production,(1000 MT),109990.0
"Rice, Milled",1970,Total Distribution,(1000 MT),84501.0
"Rice, Milled",1970,Total Supply,(1000 MT),84501.0
"Rice, Milled",1970,TY Exports,(1000 MT),1292.0
"Rice, Milled",1970,TY Imp. from U.S.,(1000 MT),0.0
"Rice, Milled",1970,TY Imports,(1000 MT),8.0
"Rice, Milled",1970,Yield,(MT/HA),3.4
"Rice, Milled",1971,Area Harvested,(1000 HA),34918.0
"Rice, Milled",1971,Beginning Stocks,(1000 MT),11000.0
"Rice, Milled",1971,Domestic Consumption,(1000 MT),77236.0
"Rice, Milled",1971,Ending Stocks,(1000 MT),13000.0
"Rice, Milled",1971,Exports,(1000 MT),1426.0
"Rice, Milled",1971,Imports,(1000 MT),19.0
"Rice, Milled",1971,Milling Rate (.9999),(1000 MT),7000.0
"Rice, Milled",1971,Production,(1000 MT),80643.0
"Rice, Milled",1971,Rough Production,(1000 MT),115204.0
"Rice, Milled",1971,Total Distribution,(1000 MT),91662.0
"Rice, Milled",1971,Total Supply,(1000 MT),91662.0
"Rice, Milled",1971,TY Exports,(1000 MT),1426.0
"Rice, Milled",1971,TY Imp. from U.S.,(1000 MT),0.0
"Rice, Milled",1971,TY Imports,(1000 MT),19.0
"Rice, Milled",1971,Yield,(MT/HA),3.3
"Rice, Milled",1972,Area Harvested,(1000 HA),35143.0
"Rice, Milled",1972,Beginning Stocks,(1000 MT),13000.0
"Rice, Milled",1972,Domestic Consumption,(1000 MT),76717.0
"Rice, Milled",1972,Ending Stocks,(1000 MT),13000.0
"Rice, Milled",1972,Exports,(1000 MT),2631.0
"Rice, Milled",1972,Imports,(1000 MT),0.0
"Rice, Milled",1972,Milling Rate (.9999),(1000 MT),7000.0
"Rice, Milled",1972,Production,(1000 MT),79348.0
"Rice, Milled",1972,Rough Production,(1000 MT),113354.0
"Rice, Milled",1972,Total Distribution,(1000 MT),92348.0
"Rice, Milled",1972,Total Supply,(1000 MT),92348.0
"Rice, Milled",1972,TY Exports,(1000 MT),2631.0
"Rice, Milled",1972,TY Imp. from U.S.,(1000 MT),0.0
"Rice, Milled",1972,TY Imports,(1000 MT),0.0
"Rice, Milled",1972,Yield,(MT/HA),3.23
"Rice, Milled",1973,Area Harvested,(1000 HA),35090.0
"Rice, Milled",1973,Beginning Stocks,(1000 MT),13000.0
"Rice, Milled",1973,Domestic Consumption,(1000 MT),80257.0
"Rice, Milled",1973,Ending Stocks,(1000 MT),16000.0
"Rice, Milled",1973,Exports,(1000 MT),2060.0
"Rice, Milled",1973,Imports,(1000 MT),102.0
"Rice, Milled",1973,Milling Rate (.9999),(1000 MT),7000.0
"Rice, Milled",1973,Production,(1000 MT),85215.0
"Rice, Milled",1973,Rough Production,(1000 MT),121736.0
"Rice, Milled",1973,Total Distribution,(1000 MT),98317.0
"Rice, Milled",1973,Total Supply,(1000 MT),98317.0
"Rice, Milled",1973,TY Exports,(1000 MT),2060.0
"Rice, Milled",1973,TY Imp. from U.S.,(1000 MT),0.0
"Rice, Milled",1973,TY Imports,(1000 MT),102.0
"Rice, Milled",1973,Yield,(MT/HA),3.47
"Rice, Milled",1974,Area Harvested,(1000 HA),35512.0
"Rice, Milled",1974,Beginning Stocks,(1000 MT),16000.0
"Rice, Milled",1974,Domestic Consumption,(1000 MT),83633.0
"Rice, Milled",1974,Ending Stocks,(1000 MT),17500.0
"Rice, Milled",1974,Exports,(1000 MT),1630.0
"Rice, Milled",1974,Imports,(1000 MT),30.0
"Rice, Milled",1974,Milling Rate (.9999),(1000 MT),7000.0
"Rice, Milled",1974,Production,(1000 MT),86733.0
"Rice, Milled",1974,Rough Production,(1000 MT),123904.0
"Rice, Milled",1974,Total Distribution,(1000 MT),102763.0
"Rice, Milled",1974,Total Supply,(1000 MT),102763.0
"Rice, Milled",1974,TY Exports,(1000 MT),1630.0
"Rice, Milled",1974,TY Imp. from U.S.,(1000 MT),0.0
"Rice, Milled",1974,TY Imports,(1000 MT),30.0
"Rice, Milled",1974,Yield,(MT/HA),3.49
"Rice, Milled",1975,Area Harvested,(1000 HA),35729.0
"Rice, Milled",1975,Beginning Stocks,(1000 MT),17500.0
"Rice, Milled",1975,Domestic Consumption,(1000 MT),85130.0
"Rice, Milled",1975,Ending Stocks,(1000 MT),19500.0
"Rice, Milled",1975,Exports,(1000 MT),876.0
"Rice, Milled",1975,Imports,(1000 MT),114.0
"Rice, Milled",1975,Milling Rate (.9999),(1000 MT),7000.0
"Rice, Milled",1975,Production,(1000 MT),87892.0
"Rice, Milled",1975,Rough Production,(1000 MT),125560.0
"Rice, Milled",1975,Total Distribution,(1000 MT),105506.0
"Rice, Milled",1975,Total Supply,(1000 MT),105506.0
"Rice, Milled",1975,TY Exports,(1000 MT),876.0
"Rice, Milled",1975,TY Imp. from U.S.,(1000 MT),0.0
"Rice, Milled",1975,TY Imports,(1000 MT),114.0
"Rice, Milled",1975,Yield,(MT/HA),3.51
"Rice, Milled",1976,Area Harvested,(1000 HA),36217.0
"Rice, Milled",1976,Beginning Stocks,(1000 MT),19500.0
"Rice, Milled",1976,Domestic Consumption,(1000 MT),86530.0
"Rice, Milled",1976,Ending Stocks,(1000 MT),20000.0
"Rice, Milled",1976,Exports,(1000 MT),1033.0
"Rice, Milled",1976,Imports,(1000 MT),0.0
"Rice, Milled",1976,Milling Rate (.9999),(1000 MT),7000.0
"Rice, Milled",1976,Production,(1000 MT),88063.0
"Rice, Milled",1976,Rough Production,(1000 MT),125804.0
"Rice, Milled",1976,Total Distribution,(1000 MT),107563.0
"Rice, Milled",1976,Total Supply,(1000 MT),107563.0
"Rice, Milled",1976,TY Exports,(1000 MT),1033.0
"Rice, Milled",1976,TY Imp. from U.S.,(1000 MT),0.0
"Rice, Milled",1976,TY Imports,(1000 MT),0.0
"Rice, Milled",1976,Yield,(MT/HA),3.47
"Rice, Milled",1977,Area Harvested,(1000 HA),35526.0
"Rice, Milled",1977,Beginning Stocks,(1000 MT),20000.0
"Rice, Milled",1977,Domestic Consumption,(1000 MT),87561.0
"Rice, Milled",1977,Ending Stocks,(1000 MT),21000.0
"Rice, Milled",1977,Exports,(1000 MT),1435.0
"Rice, Milled",1977,Imports,(1000 MT),0.0
"Rice, Milled",1977,Milling Rate (.9999),(1000 MT),7000.0
"Rice, Milled",1977,Production,(1000 MT),89996.0
"Rice, Milled",1977,Rough Production,(1000 MT),128566.0
"Rice, Milled",1977,Total Distribution,(1000 MT),109996.0
"Rice, Milled",1977,Total Supply,(1000 MT),109996.0
"Rice, Milled",1977,TY Exports,(1000 MT),1435.0
"Rice, Milled",1977,TY Imp. from U.S.,(1000 MT),0.0
"Rice, Milled",1977,TY Imports,(1000 MT),0.0
"Rice, Milled",1977,Yield,(MT/HA),3.62
"Rice, Milled",1978,Area Harvested,(1000 HA),34421.0
"Rice, Milled",1978,Beginning Stocks,(1000 MT),21000.0
"Rice, Milled",1978,Domestic Consumption,(1000 MT),89868.0
"Rice, Milled",1978,Ending Stocks,(1000 MT),26000.0
"Rice, Milled",1978,Exports,(1000 MT),1053.0
"Rice, Milled",1978,Imports,(1000 MT),71.0
"Rice, Milled",1978,Milling Rate (.9999),(1000 MT),7000.0
"Rice, Milled",1978,Production,(1000 MT),95850.0
"Rice, Milled",1978,Rough Production,(1000 MT),136929.0
"Rice, Milled",1978,Total Distribution,(1000 MT),116921.0
"Rice, Milled",1978,Total Supply,(1000 MT),116921.0
"Rice, Milled",1978,TY Exports,(1000 MT),1053.0
"Rice, Milled",1978,TY Imp. from U.S.,(1000 MT),0.0
"Rice, Milled",1978,TY Imports,(1000 MT),71.0
"Rice, Milled",1978,Yield,(MT/HA),3.98
"Rice, Milled",1979,Area Harvested,(1000 HA),33344.0
"Rice, Milled",1979,Beginning Stocks,(1000 MT),26000.0
"Rice, Milled",1979,Domestic Consumption,(1000 MT),96527.0
"Rice, Milled",1979,Ending Stocks,(1000 MT),29000.0
"Rice, Milled",1979,Exports,(1000 MT),1116.0
"Rice, Milled",1979,Imports,(1000 MT),18.0
"Rice, Milled",1979,Milling Rate (.9999),(1000 MT),7000.0
"Rice, Milled",1979,Production,(1000 MT),100625.0
"Rice, Milled",1979,Rough Production,(1000 MT),143750.0
"Rice, Milled",1979,Total Distribution,(1000 MT),126643.0
"Rice, Milled",1979,Total Supply,(1000 MT),126643.0
"Rice, Milled",1979,TY Exports,(1000 MT),1116.0
"Rice, Milled",1979,TY Imp. from U.S.,(1000 MT),0.0
"Rice, Milled",1979,TY Imports,(1000 MT),18.0
"Rice, Milled",1979,Yield,(MT/HA),4.31
"Rice, Milled",1980,Area Harvested,(1000 HA),33878.0
"Rice, Milled",1980,Beginning Stocks,(1000 MT),29000.0
"Rice, Milled",1980,Domestic Consumption,(1000 MT),98587.0
"Rice, Milled",1980,Ending Stocks,(1000 MT),28000.0
"Rice, Milled",1980,Exports,(1000 MT),509.0
"Rice, Milled",1980,Imports,(1000 MT),162.0
"Rice, Milled",1980,Milling Rate (.9999),(1000 MT),7000.0
"Rice, Milled",1980,Production,(1000 MT),97934.0
"Rice, Milled",1980,Rough Production,(1000 MT),139906.0
"Rice, Milled",1980,Total Distribution,(1000 MT),127096.0
"Rice, Milled",1980,Total Supply,(1000 MT),127096.0
"Rice, Milled",1980,TY Exports,(1000 MT),509.0
"Rice, Milled",1980,TY Imp. from U.S.,(1000 MT),0.0
"Rice, Milled",1980,TY Imports,(1000 MT),162.0
"Rice, Milled",1980,Yield,(MT/HA),4.13
"Rice, Milled",1981,Area Harvested,(1000 HA),33293.0
"Rice, Milled",1981,Beginning Stocks,(1000 MT),28000.0
"Rice, Milled",1981,Domestic Consumption,(1000 MT),101085.0
"Rice, Milled",1981,Ending Stocks,(1000 MT),27500.0
"Rice, Milled",1981,Exports,(1000 MT),446.0
"Rice, Milled",1981,Imports,(1000 MT),263.0
"Rice, Milled",1981,Milling Rate (.9999),(1000 MT),7000.0
"Rice, Milled",1981,Production,(1000 MT),100768.0
"Rice, Milled",1981,Rough Production,(1000 MT),143954.0
"Rice, Milled",1981,Total Distribution,(1000 MT),129031.0
"Rice, Milled",1981,Total Supply,(1000 MT),129031.0
"Rice, Milled",1981,TY Exports,(1000 MT),446.0
"Rice, Milled",1981,TY Imp. from U.S.,(1000 MT),0.0
"Rice, Milled",1981,TY Imports,(1000 MT),263.0
"Rice, Milled",1981,Yield,(MT/HA),4.32
"Rice, Milled",1982,Area Harvested,(1000 HA),33056.0
"Rice, Milled",1982,Beginning Stocks,(1000 MT),27500.0
"Rice, Milled",1982,Domestic Consumption,(1000 MT),103350.0
"Rice, Milled",1982,Ending Stocks,(1000 MT),37000.0
"Rice, Milled",1982,Exports,(1000 MT),328.0
"Rice, Milled",1982,Imports,(1000 MT),61.0
"Rice, Milled",1982,Milling Rate (.9999),(1000 MT),7000.0
"Rice, Milled",1982,Production,(1000 MT),113117.0
"Rice, Milled",1982,Rough Production,(1000 MT),161596.0
"Rice, Milled",1982,Total Distribution,(1000 MT),140678.0
"Rice, Milled",1982,Total Supply,(1000 MT),140678.0
"Rice, Milled",1982,TY Exports,(1000 MT),328.0
"Rice, Milled",1982,TY Imp. from U.S.,(1000 MT),0.0
"Rice, Milled",1982,TY Imports,(1000 MT),61.0
"Rice, Milled",1982,Yield,(MT/HA),4.89
"Rice, Milled",1983,Area Harvested,(1000 HA),33136.0
"Rice, Milled",1983,Beginning Stocks,(1000 MT),37000.0
"Rice, Milled",1983,Domestic Consumption,(1000 MT),105212.0
"Rice, Milled",1983,Ending Stocks,(1000 MT),49000.0
"Rice, Milled",1983,Exports,(1000 MT),1125.0
"Rice, Milled",1983,Imports,(1000 MT),131.0
"Rice, Milled",1983,Milling Rate (.9999),(1000 MT),7000.0
"Rice, Milled",1983,Production,(1000 MT),118206.0
"Rice, Milled",1983,Rough Production,(1000 MT),168866.0
"Rice, Milled",1983,Total Distribution,(1000 MT),155337.0
"Rice, Milled",1983,Total Supply,(1000 MT),155337.0
"Rice, Milled",1983,TY Exports,(1000 MT),1125.0
"Rice, Milled",1983,TY Imp. from U.S.,(1000 MT),0.0
"Rice, Milled",1983,TY Imports,(1000 MT),131.0
"Rice, Milled",1983,Yield,(MT/HA),5.1
"Rice, Milled",1984,Area Harvested,(1000 HA),33178.0
"Rice, Milled",1984,Beginning Stocks,(1000 MT),49000.0
"Rice, Milled",1984,Domestic Consumption,(1000 MT),110461.0
"Rice, Milled",1984,Ending Stocks,(1000 MT),62500.0
"Rice, Milled",1984,Exports,(1000 MT),1019.0
"Rice, Milled",1984,Imports,(1000 MT),201.0
"Rice, Milled",1984,Milling Rate (.9999),(1000 MT),7000.0
"Rice, Milled",1984,Production,(1000 MT),124779.0
"Rice, Milled",1984,Rough Production,(1000 MT),178256.0
"Rice, Milled",1984,Total Distribution,(1000 MT),173980.0
"Rice, Milled",1984,Total Supply,(1000 MT),173980.0
"Rice, Milled",1984,TY Exports,(1000 MT),1019.0
"Rice, Milled",1984,TY Imp. from U.S.,(1000 MT),0.0
"Rice, Milled",1984,TY Imports,(1000 MT),201.0
"Rice, Milled",1984,Yield,(MT/HA),5.37
"Rice, Milled",1985,Area Harvested,(1000 HA),32070.0
"Rice, Milled",1985,Beginning Stocks,(1000 MT),62500.0
"Rice, Milled",1985,Domestic Consumption,(1000 MT),111894.0
"Rice, Milled",1985,Ending Stocks,(1000 MT),68000.0
"Rice, Milled",1985,Exports,(1000 MT),957.0
"Rice, Milled",1985,Imports,(1000 MT),352.0
"Rice, Milled",1985,Milling Rate (.9999),(1000 MT),7000.0
"Rice, Milled",1985,Production,(1000 MT),117999.0
"Rice, Milled",1985,Rough Production,(1000 MT),168570.0
"Rice, Milled",1985,Total Distribution,(1000 MT),180851.0
"Rice, Milled",1985,Total Supply,(1000 MT),180851.0
"Rice, Milled",1985,TY Exports,(1000 MT),957.0
"Rice, Milled",1985,TY Imp. from U.S.,(1000 MT),0.0
"Rice, Milled",1985,TY Imports,(1000 MT),352.0
"Rice, Milled",1985,Yield,(MT/HA),5.26
"Rice, Milled",1986,Area Harvested,(1000 HA),32266.0
"Rice, Milled",1986,Beginning Stocks,(1000 MT),68000.0
"Rice, Milled",1986,Domestic Consumption,(1000 MT),112685.0
"Rice, Milled",1986,Ending Stocks,(1000 MT),75000.0
"Rice, Milled",1986,Exports,(1000 MT),1301.0
"Rice, Milled",1986,Imports,(1000 MT),429.0
"Rice, Milled",1986,Milling Rate (.9999),(1000 MT),7000.0
"Rice, Milled",1986,Production,(1000 MT),120557.0
"Rice, Milled",1986,Rough Production,(1000 MT),172224.0
"Rice, Milled",1986,Total Distribution,(1000 MT),188986.0
"Rice, Milled",1986,Total Supply,(1000 MT),188986.0
"Rice, Milled",1986,TY Exports,(1000 MT),1301.0
"Rice, Milled",1986,TY Imp. from U.S.,(1000 MT),0.0
"Rice, Milled",1986,TY Imports,(1000 MT),429.0
"Rice, Milled",1986,Yield,(MT/HA),5.34
"Rice, Milled",1987,Area Harvested,(1000 HA),32139.0
"Rice, Milled",1987,Beginning Stocks,(1000 MT),75000.0
"Rice, Milled",1987,Domestic Consumption,(1000 MT),115939.0
"Rice, Milled",1987,Ending Stocks,(1000 MT),80500.0
"Rice, Milled",1987,Exports,(1000 MT),698.0
"Rice, Milled",1987,Imports,(1000 MT),421.0
"Rice, Milled",1987,Milling Rate (.9999),(1000 MT),7000.0
"Rice, Milled",1987,Production,(1000 MT),121716.0
"Rice, Milled",1987,Rough Production,(1000 MT),173880.0
"Rice, Milled",1987,Total Distribution,(1000 MT),197137.0
"Rice, Milled",1987,Total Supply,(1000 MT),197137.0
"Rice, Milled",1987,TY Exports,(1000 MT),698.0
"Rice, Milled",1987,TY Imp. from U.S.,(1000 MT),0.0
"Rice, Milled",1987,TY Imports,(1000 MT),421.0
"Rice, Milled",1987,Yield,(MT/HA),5.41
"Rice, Milled",1988,Area Harvested,(1000 HA),31914.0
"Rice, Milled",1988,Beginning Stocks,(1000 MT),80500.0
"Rice, Milled",1988,Domestic Consumption,(1000 MT),118605.0
"Rice, Milled",1988,Ending Stocks,(1000 MT),81000.0
"Rice, Milled",1988,Exports,(1000 MT),315.0
"Rice, Milled",1988,Imports,(1000 MT),1043.0
"Rice, Milled",1988,Milling Rate (.9999),(1000 MT),7000.0
"Rice, Milled",1988,Production,(1000 MT),118377.0
"Rice, Milled",1988,Rough Production,(1000 MT),169110.0
"Rice, Milled",1988,Total Distribution,(1000 MT),199920.0
"Rice, Milled",1988,Total Supply,(1000 MT),199920.0
"Rice, Milled",1988,TY Exports,(1000 MT),315.0
"Rice, Milled",1988,TY Imp. from U.S.,(1000 MT),0.0
"Rice, Milled",1988,TY Imports,(1000 MT),1043.0
"Rice, Milled",1988,Yield,(MT/HA),5.3
"Rice, Milled",1989,Area Harvested,(1000 HA),32700.0
"Rice, Milled",1989,Beginning Stocks,(1000 MT),81000.0
"Rice, Milled",1989,Domestic Consumption,(1000 MT),120822.0
"Rice, Milled",1989,Ending Stocks,(1000 MT),86000.0
"Rice, Milled",1989,Exports,(1000 MT),326.0
"Rice, Milled",1989,Imports,(1000 MT),57.0
"Rice, Milled",1989,Milling Rate (.9999),(1000 MT),7000.0
"Rice, Milled",1989,Production,(1000 MT),126091.0
"Rice, Milled",1989,Rough Production,(1000 MT),180130.0
"Rice, Milled",1989,Total Distribution,(1000 MT),207148.0
"Rice, Milled",1989,Total Supply,(1000 MT),207148.0
"Rice, Milled",1989,TY Exports,(1000 MT),326.0
"Rice, Milled",1989,TY Imp. from U.S.,(1000 MT),0.0
"Rice, Milled",1989,TY Imports,(1000 MT),57.0
"Rice, Milled",1989,Yield,(MT/HA),5.51
"Rice, Milled",1990,Area Harvested,(1000 HA),33064.0
"Rice, Milled",1990,Beginning Stocks,(1000 MT),86000.0
"Rice, Milled",1990,Domestic Consumption,(1000 MT),123911.0
"Rice, Milled",1990,Ending Stocks,(1000 MT),94000.0
"Rice, Milled",1990,Exports,(1000 MT),689.0
"Rice, Milled",1990,Imports,(1000 MT),68.0
"Rice, Milled",1990,Milling Rate (.9999),(1000 MT),7000.0
"Rice, Milled",1990,Production,(1000 MT),132532.0
"Rice, Milled",1990,Rough Production,(1000 MT),189331.0
"Rice, Milled",1990,Total Distribution,(1000 MT),218600.0
"Rice, Milled",1990,Total Supply,(1000 MT),218600.0
"Rice, Milled",1990,TY Exports,(1000 MT),689.0
"Rice, Milled",1990,TY Imp. from U.S.,(1000 MT),0.0
"Rice, Milled",1990,TY Imports,(1000 MT),68.0
"Rice, Milled",1990,Yield,(MT/HA),5.73
"Rice, Milled",1991,Area Harvested,(1000 HA),32590.0
"Rice, Milled",1991,Beginning Stocks,(1000 MT),94000.0
"Rice, Milled",1991,Domestic Consumption,(1000 MT),126827.0
"Rice, Milled",1991,Ending Stocks,(1000 MT),95000.0
"Rice, Milled",1991,Exports,(1000 MT),933.0
"Rice, Milled",1991,Imports,(1000 MT),93.0
"Rice, Milled",1991,Milling Rate (.9999),(1000 MT),7000.0
"Rice, Milled",1991,Production,(1000 MT),128667.0
"Rice, Milled",1991,Rough Production,(1000 MT),183810.0
"Rice, Milled",1991,Total Distribution,(1000 MT),222760.0
"Rice, Milled",1991,Total Supply,(1000 MT),222760.0
"Rice, Milled",1991,TY Exports,(1000 MT),933.0
"Rice, Milled",1991,TY Imp. from U.S.,(1000 MT),0.0
"Rice, Milled",1991,TY Imports,(1000 MT),93.0
"Rice, Milled",1991,Yield,(MT/HA),5.64
"Rice, Milled",1992,Area Harvested,(1000 HA),32090.0
"Rice, Milled",1992,Beginning Stocks,(1000 MT),95000.0
"Rice, Milled",1992,Domestic Consumption,(1000 MT),128135.0
"Rice, Milled",1992,Ending Stocks,(1000 MT),96000.0
"Rice, Milled",1992,Exports,(1000 MT),1431.0
"Rice, Milled",1992,Imports,(1000 MT),212.0
"Rice, Milled",1992,Milling Rate (.9999),(1000 MT),7000.0
"Rice, Milled",1992,Production,(1000 MT),130354.0
"Rice, Milled",1992,Rough Production,(1000 MT),186220.0
"Rice, Milled",1992,Total Distribution,(1000 MT),225566.0
"Rice, Milled",1992,Total Supply,(1000 MT),225566.0
"Rice, Milled",1992,TY Exports,(1000 MT),1431.0
"Rice, Milled",1992,TY Imp. from U.S.,(1000 MT),0.0
"Rice, Milled",1992,TY Imports,(1000 MT),212.0
"Rice, Milled",1992,Yield,(MT/HA),5.8
"Rice, Milled",1993,Area Harvested,(1000 HA),30360.0
"Rice, Milled",1993,Beginning Stocks,(1000 MT),96000.0
"Rice, Milled",1993,Domestic Consumption,(1000 MT),129340.0
"Rice, Milled",1993,Ending Stocks,(1000 MT),90500.0
"Rice, Milled",1993,Exports,(1000 MT),1518.0
"Rice, Milled",1993,Imports,(1000 MT),968.0
"Rice, Milled",1993,Milling Rate (.9999),(1000 MT),7000.0
"Rice, Milled",1993,Production,(1000 MT),124390.0
"Rice, Milled",1993,Rough Production,(1000 MT),177700.0
"Rice, Milled",1993,Total Distribution,(1000 MT),221358.0
"Rice, Milled",1993,Total Supply,(1000 MT),221358.0
"Rice, Milled",1993,TY Exports,(1000 MT),1518.0
"Rice, Milled",1993,TY Imp. from U.S.,(1000 MT),0.0
"Rice, Milled",1993,TY Imports,(1000 MT),968.0
"Rice, Milled",1993,Yield,(MT/HA),5.85
"Rice, Milled",1994,Area Harvested,(1000 HA),30171.0
"Rice, Milled",1994,Beginning Stocks,(1000 MT),90500.0
"Rice, Milled",1994,Domestic Consumption,(1000 MT),130117.0
"Rice, Milled",1994,Ending Stocks,(1000 MT),85500.0
"Rice, Milled",1994,Exports,(1000 MT),32.0
"Rice, Milled",1994,Imports,(1000 MT),1998.0
"Rice, Milled",1994,Milling Rate (.9999),(1000 MT),7000.0
"Rice, Milled",1994,Production,(1000 MT),123151.0
"Rice, Milled",1994,Rough Production,(1000 MT),175930.0
"Rice, Milled",1994,Total Distribution,(1000 MT),215649.0
"Rice, Milled",1994,Total Supply,(1000 MT),215649.0
"Rice, Milled",1994,TY Exports,(1000 MT),32.0
"Rice, Milled",1994,TY Imp. from U.S.,(1000 MT),0.0
"Rice, Milled",1994,TY Imports,(1000 MT),1998.0
"Rice, Milled",1994,Yield,(MT/HA),5.83
"Rice, Milled",1995,Area Harvested,(1000 HA),30745.0
"Rice, Milled",1995,Beginning Stocks,(1000 MT),85500.0
"Rice, Milled",1995,Domestic Consumption,(1000 MT),131237.0
"Rice, Milled",1995,Ending Stocks,(1000 MT),84500.0
"Rice, Milled",1995,Exports,(1000 MT),265.0
"Rice, Milled",1995,Imports,(1000 MT),852.0
"Rice, Milled",1995,Milling Rate (.9999),(1000 MT),7000.0
"Rice, Milled",1995,Production,(1000 MT),129650.0
"Rice, Milled",1995,Rough Production,(1000 MT),185214.0
"Rice, Milled",1995,Total Distribution,(1000 MT),216002.0
"Rice, Milled",1995,Total Supply,(1000 MT),216002.0
"Rice, Milled",1995,TY Exports,(1000 MT),265.0
"Rice, Milled",1995,TY Imp. from U.S.,(1000 MT),0.0
"Rice, Milled",1995,TY Imports,(1000 MT),852.0
"Rice, Milled",1995,Yield,(MT/HA),6.02
"Rice, Milled",1996,Area Harvested,(1000 HA),31406.0
"Rice, Milled",1996,Beginning Stocks,(1000 MT),84500.0
"Rice, Milled",1996,Domestic Consumption,(1000 MT),131954.0
"Rice, Milled",1996,Ending Stocks,(1000 MT),88500.0
"Rice, Milled",1996,Exports,(1000 MT),938.0
"Rice, Milled",1996,Imports,(1000 MT),322.0
"Rice, Milled",1996,Milling Rate (.9999),(1000 MT),7000.0
"Rice, Milled",1996,Production,(1000 MT),136570.0
"Rice, Milled",1996,Rough Production,(1000 MT),195100.0
"Rice, Milled",1996,Total Distribution,(1000 MT),221392.0
"Rice, Milled",1996,Total Supply,(1000 MT),221392.0
"Rice, Milled",1996,TY Exports,(1000 MT),938.0
"Rice, Milled",1996,TY Imp. from U.S.,(1000 MT),0.0
"Rice, Milled",1996,TY Imports,(1000 MT),322.0
"Rice, Milled",1996,Yield,(MT/HA),6.21
"Rice, Milled",1997,Area Harvested,(1000 HA),31765.0
"Rice, Milled",1997,Beginning Stocks,(1000 MT),88500.0
"Rice, Milled",1997,Domestic Consumption,(1000 MT),132700.0
"Rice, Milled",1997,Ending Stocks,(1000 MT),92817.0
"Rice, Milled",1997,Exports,(1000 MT),3734.0
"Rice, Milled",1997,Imports,(1000 MT),261.0
"Rice, Milled",1997,Milling Rate (.9999),(1000 MT),7000.0
"Rice, Milled",1997,Production,(1000 MT),140490.0
"Rice, Milled",1997,Rough Production,(1000 MT),200700.0
"Rice, Milled",1997,Total Distribution,(1000 MT),229251.0
"Rice, Milled",1997,Total Supply,(1000 MT),229251.0
"Rice, Milled",1997,TY Exports,(1000 MT),3734.0
"Rice, Milled",1997,TY Imp. from U.S.,(1000 MT),0.0
"Rice, Milled",1997,TY Imports,(1000 MT),261.0
"Rice, Milled",1997,Yield,(MT/HA),6.32
"Rice, Milled",1998,Area Harvested,(1000 HA),31214.0
"Rice, Milled",1998,Beginning Stocks,(1000 MT),92817.0
"Rice, Milled",1998,Domestic Consumption,(1000 MT),134100.0
"Rice, Milled",1998,Ending Stocks,(1000 MT),95287.0
"Rice, Milled",1998,Exports,(1000 MT),2708.0
"Rice, Milled",1998,Imports,(1000 MT),178.0
"Rice, Milled",1998,Milling Rate (.9999),(1000 MT),7000.0
"Rice, Milled",1998,Production,(1000 MT),139100.0
"Rice, Milled",1998,Rough Production,(1000 MT),198714.0
"Rice, Milled",1998,Total Distribution,(1000 MT),232095.0
"Rice, Milled",1998,Total Supply,(1000 MT),232095.0
"Rice, Milled",1998,TY Exports,(1000 MT),2708.0
"Rice, Milled",1998,TY Imp. from U.S.,(1000 MT),0.0
"Rice, Milled",1998,TY Imports,(1000 MT),178.0
"Rice, Milled",1998,Yield,(MT/HA),6.37
"Rice, Milled",1999,Area Harvested,(1000 HA),31284.0
"Rice, Milled",1999,Beginning Stocks,(1000 MT),95287.0
"Rice, Milled",1999,Domestic Consumption,(1000 MT),134200.0
"Rice, Milled",1999,Ending Stocks,(1000 MT),97350.0
"Rice, Milled",1999,Exports,(1000 MT),2951.0
"Rice, Milled",1999,Imports,(1000 MT),278.0
"Rice, Milled",1999,Milling Rate (.9999),(1000 MT),7000.0
"Rice, Milled",1999,Production,(1000 MT),138936.0
"Rice, Milled",1999,Rough Production,(1000 MT),198480.0
"Rice, Milled",1999,Total Distribution,(1000 MT),234501.0
"Rice, Milled",1999,Total Supply,(1000 MT),234501.0
"Rice, Milled",1999,TY Exports,(1000 MT),2951.0
"Rice, Milled",1999,TY Imp. from U.S.,(1000 MT),1.0
"Rice, Milled",1999,TY Imports,(1000 MT),278.0
"Rice, Milled",1999,Yield,(MT/HA),6.34
"Rice, Milled",2000,Area Harvested,(1000 HA),29962.0
"Rice, Milled",2000,Beginning Stocks,(1000 MT),97350.0
"Rice, Milled",2000,Domestic Consumption,(1000 MT),134300.0
"Rice, Milled",2000,Ending Stocks,(1000 MT),93009.0
"Rice, Milled",2000,Exports,(1000 MT),1847.0
"Rice, Milled",2000,Imports,(1000 MT),270.0
"Rice, Milled",2000,Milling Rate (.9999),(1000 MT),7000.0
"Rice, Milled",2000,Production,(1000 MT),131536.0
"Rice, Milled",2000,Rough Production,(1000 MT),187909.0
"Rice, Milled",2000,Total Distribution,(1000 MT),229156.0
"Rice, Milled",2000,Total Supply,(1000 MT),229156.0
"Rice, Milled",2000,TY Exports,(1000 MT),1847.0
"Rice, Milled",2000,TY Imp. from U.S.,(1000 MT),0.0
"Rice, Milled",2000,TY Imports,(1000 MT),270.0
"Rice, Milled",2000,Yield,(MT/HA),6.27
"Rice, Milled",2001,Area Harvested,(1000 HA),28812.0
"Rice, Milled",2001,Beginning Stocks,(1000 MT),93009.0
"Rice, Milled",2001,Domestic Consumption,(1000 MT),136500.0
"Rice, Milled",2001,Ending Stocks,(1000 MT),79156.0
"Rice, Milled",2001,Exports,(1000 MT),1963.0
"Rice, Milled",2001,Imports,(1000 MT),304.0
"Rice, Milled",2001,Milling Rate (.9999),(1000 MT),7000.0
"Rice, Milled",2001,Production,(1000 MT),124306.0
"Rice, Milled",2001,Rough Production,(1000 MT),177580.0
"Rice, Milled",2001,Total Distribution,(1000 MT),217619.0
"Rice, Milled",2001,Total Supply,(1000 MT),217619.0
"Rice, Milled",2001,TY Exports,(1000 MT),1963.0
"Rice, Milled",2001,TY Imp. from U.S.,(1000 MT),3.0
"Rice, Milled",2001,TY Imports,(1000 MT),304.0
"Rice, Milled",2001,Yield,(MT/HA),6.16
"Rice, Milled",2002,Area Harvested,(1000 HA),28200.0
"Rice, Milled",2002,Beginning Stocks,(1000 MT),79156.0
"Rice, Milled",2002,Domestic Consumption,(1000 MT),135700.0
"Rice, Milled",2002,Ending Stocks,(1000 MT),63311.0
"Rice, Milled",2002,Exports,(1000 MT),2583.0
"Rice, Milled",2002,Imports,(1000 MT),258.0
"Rice, Milled",2002,Milling Rate (.9999),(1000 MT),7000.0
"Rice, Milled",2002,Production,(1000 MT),122180.0
"Rice, Milled",2002,Rough Production,(1000 MT),174543.0
"Rice, Milled",2002,Total Distribution,(1000 MT),201594.0
"Rice, Milled",2002,Total Supply,(1000 MT),201594.0
"Rice, Milled",2002,TY Exports,(1000 MT),2583.0
"Rice, Milled",2002,TY Imp. from U.S.,(1000 MT),0.0
"Rice, Milled",2002,TY Imports,(1000 MT),258.0
"Rice, Milled",2002,Yield,(MT/HA),6.19
"Rice, Milled",2003,Area Harvested,(1000 HA),26508.0
"Rice, Milled",2003,Beginning Stocks,(1000 MT),63311.0
"Rice, Milled",2003,Domestic Consumption,(1000 MT),132100.0
"Rice, Milled",2003,Ending Stocks,(1000 MT),43915.0
"Rice, Milled",2003,Exports,(1000 MT),880.0
"Rice, Milled",2003,Imports,(1000 MT),1122.0
"Rice, Milled",2003,Milling Rate (.9999),(1000 MT),7000.0
"Rice, Milled",2003,Production,(1000 MT),112462.0
"Rice, Milled",2003,Rough Production,(1000 MT),160660.0
"Rice, Milled",2003,Total Distribution,(1000 MT),176895.0
"Rice, Milled",2003,Total Supply,(1000 MT),176895.0
"Rice, Milled",2003,TY Exports,(1000 MT),880.0
"Rice, Milled",2003,TY Imp. from U.S.,(1000 MT),0.0
"Rice, Milled",2003,TY Imports,(1000 MT),1122.0
"Rice, Milled",2003,Yield,(MT/HA),6.06
"Rice, Milled",2004,Area Harvested,(1000 HA),28379.0
"Rice, Milled",2004,Beginning Stocks,(1000 MT),43915.0
"Rice, Milled",2004,Domestic Consumption,(1000 MT),130300.0
"Rice, Milled",2004,Ending Stocks,(1000 MT),38931.0
"Rice, Milled",2004,Exports,(1000 MT),656.0
"Rice, Milled",2004,Imports,(1000 MT),609.0
"Rice, Milled",2004,Milling Rate (.9999),(1000 MT),7000.0
"Rice, Milled",2004,Production,(1000 MT),125363.0
"Rice, Milled",2004,Rough Production,(1000 MT),179090.0
"Rice, Milled",2004,Total Distribution,(1000 MT),169887.0
"Rice, Milled",2004,Total Supply,(1000 MT),169887.0
"Rice, Milled",2004,TY Exports,(1000 MT),656.0
"Rice, Milled",2004,TY Imp. from U.S.,(1000 MT),0.0
"Rice, Milled",2004,TY Imports,(1000 MT),609.0
"Rice, Milled",2004,Yield,(MT/HA),6.31
"Rice, Milled",2005,Area Harvested,(1000 HA),28847.0
"Rice, Milled",2005,Beginning Stocks,(1000 MT),38931.0
"Rice, Milled",2005,Domestic Consumption,(1000 MT),128000.0
"Rice, Milled",2005,Ending Stocks,(1000 MT),36783.0
"Rice, Milled",2005,Exports,(1000 MT),1216.0
"Rice, Milled",2005,Imports,(1000 MT),654.0
"Rice, Milled",2005,Milling Rate (.9999),(1000 MT),7000.0
"Rice, Milled",2005,Production,(1000 MT),126414.0
"Rice, Milled",2005,Rough Production,(1000 MT),180591.0
"Rice, Milled",2005,Total Distribution,(1000 MT),165999.0
"Rice, Milled",2005,Total Supply,(1000 MT),165999.0
"Rice, Milled",2005,TY Exports,(1000 MT),1216.0
"Rice, Milled",2005,TY Imp. from U.S.,(1000 MT),0.0
"Rice, Milled",2005,TY Imports,(1000 MT),654.0
"Rice, Milled",2005,Yield,(MT/HA),6.26
"Rice, Milled",2006,Area Harvested,(1000 HA),28938.0
"Rice, Milled",2006,Beginning Stocks,(1000 MT),36783.0
"Rice, Milled",2006,Domestic Consumption,(1000 MT),127200.0
"Rice, Milled",2006,Ending Stocks,(1000 MT),35915.0
"Rice, Milled",2006,Exports,(1000 MT),1340.0
"Rice, Milled",2006,Imports,(1000 MT),472.0
"Rice, Milled",2006,Milling Rate (.9999),(1000 MT),7000.0
"Rice, Milled",2006,Production,(1000 MT),127200.0
"Rice, Milled",2006,Rough Production,(1000 MT),181714.0
"Rice, Milled",2006,Total Distribution,(1000 MT),164455.0
"Rice, Milled",2006,Total Supply,(1000 MT),164455.0
"Rice, Milled",2006,TY Exports,(1000 MT),1340.0
"Rice, Milled",2006,TY Imp. from U.S.,(1000 MT),0.0
"Rice, Milled",2006,TY Imports,(1000 MT),472.0
"Rice, Milled",2006,Yield,(MT/HA),6.28
"Rice, Milled",2007,Area Harvested,(1000 HA),28973.0
"Rice, Milled",2007,Beginning Stocks,(1000 MT),35915.0
"Rice, Milled",2007,Domestic Consumption,(1000 MT),127455.0
"Rice, Milled",2007,Ending Stocks,(1000 MT),38000.0
"Rice, Milled",2007,Exports,(1000 MT),1372.0
"Rice, Milled",2007,Imports,(1000 MT),445.0
"Rice, Milled",2007,Milling Rate (.9999),(1000 MT),7000.0
"Rice, Milled",2007,Production,(1000 MT),130467.0
"Rice, Milled",2007,Rough Production,(1000 MT),186381.0
"Rice, Milled",2007,Total Distribution,(1000 MT),166827.0
"Rice, Milled",2007,Total Supply,(1000 MT),166827.0
"Rice, Milled",2007,TY Exports,(1000 MT),969.0
"Rice, Milled",2007,TY Imp. from U.S.,(1000 MT),4.0
"Rice, Milled",2007,TY Imports,(1000 MT),295.0
"Rice, Milled",2007,Yield,(MT/HA),6.43
"Rice, Milled",2008,Area Harvested,(1000 HA),29350.0
"Rice, Milled",2008,Beginning Stocks,(1000 MT),38000.0
"Rice, Milled",2008,Domestic Consumption,(1000 MT),132782.0
"Rice, Milled",2008,Ending Stocks,(1000 MT),39500.0
"Rice, Milled",2008,Exports,(1000 MT),747.0
"Rice, Milled",2008,Imports,(1000 MT),201.0
"Rice, Milled",2008,Milling Rate (.9999),(1000 MT),7000.0
"Rice, Milled",2008,Production,(1000 MT),134828.0
"Rice, Milled",2008,Rough Production,(1000 MT),192611.0
"Rice, Milled",2008,Total Distribution,(1000 MT),173029.0
"Rice, Milled",2008,Total Supply,(1000 MT),173029.0
"Rice, Milled",2008,TY Exports,(1000 MT),783.0
"Rice, Milled",2008,TY Imp. from U.S.,(1000 MT),1.0
"Rice, Milled",2008,TY Imports,(1000 MT),337.0
"Rice, Milled",2008,Yield,(MT/HA),6.56
"Rice, Milled",2009,Area Harvested,(1000 HA),29793.0
"Rice, Milled",2009,Beginning Stocks,(1000 MT),39500.0
"Rice, Milled",2009,Domestic Consumption,(1000 MT),134576.0
"Rice, Milled",2009,Ending Stocks,(1000 MT),42000.0
"Rice, Milled",2009,Exports,(1000 MT),650.0
"Rice, Milled",2009,Imports,(1000 MT),388.0
"Rice, Milled",2009,Milling Rate (.9999),(1000 MT),7000.0
"Rice, Milled",2009,Production,(1000 MT),137338.0
"Rice, Milled",2009,Rough Production,(1000 MT),196197.0
"Rice, Milled",2009,Total Distribution,(1000 MT),177226.0
"Rice, Milled",2009,Total Supply,(1000 MT),177226.0
"Rice, Milled",2009,TY Exports,(1000 MT),619.0
"Rice, Milled",2009,TY Imp. from U.S.,(1000 MT),5.0
"Rice, Milled",2009,TY Imports,(1000 MT),366.0
"Rice, Milled",2009,Yield,(MT/HA),6.59
"Rice, Milled",2010,Area Harvested,(1000 HA),30097.0
"Rice, Milled",2010,Beginning Stocks,(1000 MT),42000.0
"Rice, Milled",2010,Domestic Consumption,(1000 MT),135598.0
"Rice, Milled",2010,Ending Stocks,(1000 MT),44500.0
"Rice, Milled",2010,Exports,(1000 MT),500.0
"Rice, Milled",2010,Imports,(1000 MT),540.0
"Rice, Milled",2010,Milling Rate (.9999),(1000 MT),7000.0
"Rice, Milled",2010,Production,(1000 MT),138058.0
"Rice, Milled",2010,Rough Production,(1000 MT),197226.0
"Rice, Milled",2010,Total Distribution,(1000 MT),180598.0
"Rice, Milled",2010,Total Supply,(1000 MT),180598.0
"Rice, Milled",2010,TY Exports,(1000 MT),487.0
"Rice, Milled",2010,TY Imp. from U.S.,(1000 MT),0.0
"Rice, Milled",2010,TY Imports,(1000 MT),575.0
"Rice, Milled",2010,Yield,(MT/HA),6.55
"Rice, Milled",2011,Area Harvested,(1000 HA),30338.0
"Rice, Milled",2011,Beginning Stocks,(1000 MT),44500.0
"Rice, Milled",2011,Domestic Consumption,(1000 MT),137867.0
"Rice, Milled",2011,Ending Stocks,(1000 MT),50000.0
"Rice, Milled",2011,Exports,(1000 MT),441.0
"Rice, Milled",2011,Imports,(1000 MT),1790.0
"Rice, Milled",2011,Milling Rate (.9999),(1000 MT),7000.0
"Rice, Milled",2011,Production,(1000 MT),142018.0
"Rice, Milled",2011,Rough Production,(1000 MT),202883.0
"Rice, Milled",2011,Total Distribution,(1000 MT),188308.0
"Rice, Milled",2011,Total Supply,(1000 MT),188308.0
"Rice, Milled",2011,TY Exports,(1000 MT),267.0
"Rice, Milled",2011,TY Imp. from U.S.,(1000 MT),0.0
"Rice, Milled",2011,TY Imports,(1000 MT),2900.0
"Rice, Milled",2011,Yield,(MT/HA),6.69
"Rice, Milled",2012,Area Harvested,(1000 HA),30476.0
"Rice, Milled",2012,Beginning Stocks,(1000 MT),50000.0
"Rice, Milled",2012,Domestic Consumption,(1000 MT),139381.0
"Rice, Milled",2012,Ending Stocks,(1000 MT),58000.0
"Rice, Milled",2012,Exports,(1000 MT),341.0
"Rice, Milled",2012,Imports,(1000 MT),3150.0
"Rice, Milled",2012,Milling Rate (.9999),(1000 MT),7000.0
"Rice, Milled",2012,Production,(1000 MT),144572.0
"Rice, Milled",2012,Rough Production,(1000 MT),206531.0
"Rice, Milled",2012,Total Distribution,(1000 MT),197722.0
"Rice, Milled",2012,Total Supply,(1000 MT),197722.0
"Rice, Milled",2012,TY Exports,(1000 MT),447.0
"Rice, Milled",2012,TY Imp. from U.S.,(1000 MT),0.0
"Rice, Milled",2012,TY Imports,(1000 MT),3500.0
"Rice, Milled",2012,Yield,(MT/HA),6.78
"Rice, Milled",2013,Area Harvested,(1000 HA),30710.0
"Rice, Milled",2013,Beginning Stocks,(1000 MT),58000.0
"Rice, Milled",2013,Domestic Consumption,(1000 MT),140140.0
"Rice, Milled",2013,Ending Stocks,(1000 MT),66000.0
"Rice, Milled",2013,Exports,(1000 MT),260.0
"Rice, Milled",2013,Imports,(1000 MT),4000.0
"Rice, Milled",2013,Milling Rate (.9999),(1000 MT),7000.0
"Rice, Milled",2013,Production,(1000 MT),144400.0
"Rice, Milled",2013,Rough Production,(1000 MT),206286.0
"Rice, Milled",2013,Total Distribution,(1000 MT),206400.0
"Rice, Milled",2013,Total Supply,(1000 MT),206400.0
"Rice, Milled",2013,TY Exports,(1000 MT),393.0
"Rice, Milled",2013,TY Imp. from U.S.,(1000 MT),0.0
"Rice, Milled",2013,TY Imports,(1000 MT),4450.0
"Rice, Milled",2013,Yield,(MT/HA),6.72
"Rice, Milled",2014,Area Harvested,(1000 HA),30765.0
"Rice, Milled",2014,Beginning Stocks,(1000 MT),66000.0
"Rice, Milled",2014,Domestic Consumption,(1000 MT),141000.0
"Rice, Milled",2014,Ending Stocks,(1000 MT),76000.0
"Rice, Milled",2014,Exports,(1000 MT),426.0
"Rice, Milled",2014,Imports,(1000 MT),4700.0
"Rice, Milled",2014,Milling Rate (.9999),(1000 MT),7000.0
"Rice, Milled",2014,Production,(1000 MT),146726.0
"Rice, Milled",2014,Rough Production,(1000 MT),209609.0
"Rice, Milled",2014,Total Distribution,(1000 MT),217426.0
"Rice, Milled",2014,Total Supply,(1000 MT),217426.0
"Rice, Milled",2014,TY Exports,(1000 MT),262.0
"Rice, Milled",2014,TY Imp. from U.S.,(1000 MT),0.0
"Rice, Milled",2014,TY Imports,(1000 MT),5150.0
"Rice, Milled",2014,Yield,(MT/HA),6.81
"Rice, Milled",2015,Area Harvested,(1000 HA),30784.0
"Rice, Milled",2015,Beginning Stocks,(1000 MT),76000.0
"Rice, Milled",2015,Domestic Consumption,(1000 MT),141028.0
"Rice, Milled",2015,Ending Stocks,(1000 MT),88000.0
"Rice, Milled",2015,Exports,(1000 MT),271.0
"Rice, Milled",2015,Imports,(1000 MT),4800.0
"Rice, Milled",2015,Milling Rate (.9999),(1000 MT),7000.0
"Rice, Milled",2015,Production,(1000 MT),148499.0
"Rice, Milled",2015,Rough Production,(1000 MT),212141.0
"Rice, Milled",2015,Total Distribution,(1000 MT),229299.0
"Rice, Milled",2015,Total Supply,(1000 MT),229299.0
"Rice, Milled",2015,TY Exports,(1000 MT),368.0
"Rice, Milled",2015,TY Imp. from U.S.,(1000 MT),0.0
"Rice, Milled",2015,TY Imports,(1000 MT),4600.0
"Rice, Milled",2015,Yield,(MT/HA),6.89
"Rice, Milled",2016,Area Harvested,(1000 HA),30746.0
"Rice, Milled",2016,Beginning Stocks,(1000 MT),88000.0
"Rice, Milled",2016,Domestic Consumption,(1000 MT),141761.0
"Rice, Milled",2016,Ending Stocks,(1000 MT),98500.0
"Rice, Milled",2016,Exports,(1000 MT),805.0
"Rice, Milled",2016,Imports,(1000 MT),5300.0
"Rice, Milled",2016,Milling Rate (.9999),(1000 MT),7000.0
"Rice, Milled",2016,Production,(1000 MT),147766.0
"Rice, Milled",2016,Rough Production,(1000 MT),211094.0
"Rice, Milled",2016,Total Distribution,(1000 MT),241066.0
"Rice, Milled",2016,Total Supply,(1000 MT),241066.0
"Rice, Milled",2016,TY Exports,(1000 MT),1173.0
"Rice, Milled",2016,TY Imp. from U.S.,(1000 MT),1.0
"Rice, Milled",2016,TY Imports,(1000 MT),5900.0
"Rice, Milled",2016,Yield,(MT/HA),6.87
"Rice, Milled",2017,Area Harvested,(1000 HA),30747.0
"Rice, Milled",2017,Beginning Stocks,(1000 MT),98500.0
"Rice, Milled",2017,Domestic Consumption,(1000 MT),142509.0
"Rice, Milled",2017,Ending Stocks,(1000 MT),109000.0
"Rice, Milled",2017,Exports,(1000 MT),1364.0
"Rice, Milled",2017,Imports,(1000 MT),5500.0
"Rice, Milled",2017,Milling Rate (.9999),(1000 MT),7000.0
"Rice, Milled",2017,Production,(1000 MT),148873.0
"Rice, Milled",2017,Rough Production,(1000 MT),212676.0
"Rice, Milled",2017,Total Distribution,(1000 MT),252873.0
"Rice, Milled",2017,Total Supply,(1000 MT),252873.0
"Rice, Milled",2017,TY Exports,(1000 MT),2059.0
"Rice, Milled",2017,TY Imp. from U.S.,(1000 MT),0.0
"Rice, Milled",2017,TY Imports,(1000 MT),4500.0
"Rice, Milled",2017,Yield,(MT/HA),6.92
"Rice, Milled",2018,Area Harvested,(1000 HA),30189.0
"Rice, Milled",2018,Beginning Stocks,(1000 MT),109000.0
"Rice, Milled",2018,Domestic Consumption,(1000 MT),142920.0
"Rice, Milled",2018,Ending Stocks,(1000 MT),115000.0
"Rice, Milled",2018,Exports,(1000 MT),2770.0
"Rice, Milled",2018,Imports,(1000 MT),3200.0
"Rice, Milled",2018,Milling Rate (.9999),(1000 MT),7000.0
"Rice, Milled",2018,Production,(1000 MT),148490.0
"Rice, Milled",2018,Rough Production,(1000 MT),212129.0
"Rice, Milled",2018,Total Distribution,(1000 MT),260690.0
"Rice, Milled",2018,Total Supply,(1000 MT),260690.0
"Rice, Milled",2018,TY Exports,(1000 MT),2720.0
"Rice, Milled",2018,TY Imp. from U.S.,(1000 MT),0.0
"Rice, Milled",2018,TY Imports,(1000 MT),2800.0
"Rice, Milled",2018,Yield,(MT/HA),7.03
"Rice, Milled",2019,Area Harvested,(1000 HA),29690.0
"Rice, Milled",2019,Beginning Stocks,(1000 MT),115000.0
"Rice, Milled",2019,Domestic Consumption,(1000 MT),145230.0
"Rice, Milled",2019,Ending Stocks,(1000 MT),116500.0
"Rice, Milled",2019,Exports,(1000 MT),2600.0
"Rice, Milled",2019,Imports,(1000 MT),2600.0
"Rice, Milled",2019,Milling Rate (.9999),(1000 MT),7000.0
"Rice, Milled",2019,Production,(1000 MT),146730.0
"Rice, Milled",2019,Rough Production,(1000 MT),209614.0
"Rice, Milled",2019,Total Distribution,(1000 MT),264330.0
"Rice, Milled",2019,Total Supply,(1000 MT),264330.0
"Rice, Milled",2019,TY Exports,(1000 MT),2265.0
"Rice, Milled",2019,TY Imp. from U.S.,(1000 MT),0.0
"Rice, Milled",2019,TY Imports,(1000 MT),3200.0
"Rice, Milled",2019,Yield,(MT/HA),7.06
"Rice, Milled",2020,Area Harvested,(1000 HA),30076.0
"Rice, Milled",2020,Beginning Stocks,(1000 MT),116500.0
"Rice, Milled",2020,Domestic Consumption,(1000 MT),150293.0
"Rice, Milled",2020,Ending Stocks,(1000 MT),116500.0
"Rice, Milled",2020,Exports,(1000 MT),2222.0
"Rice, Milled",2020,Imports,(1000 MT),4215.0
"Rice, Milled",2020,Milling Rate (.9999),(1000 MT),7000.0
"Rice, Milled",2020,Production,(1000 MT),148300.0
"Rice, Milled",2020,Rough Production,(1000 MT),211857.0
"Rice, Milled",2020,Total Distribution,(1000 MT),269015.0
"Rice, Milled",2020,Total Supply,(1000 MT),269015.0
"Rice, Milled",2020,TY Exports,(1000 MT),2407.0
"Rice, Milled",2020,TY Imp. from U.S.,(1000 MT),0.0
"Rice, Milled",2020,TY Imports,(1000 MT),4921.0
"Rice, Milled",2020,Yield,(MT/HA),7.04
"Rice, Milled",2021,Area Harvested,(1000 HA),29921.0
"Rice, Milled",2021,Beginning Stocks,(1000 MT),116500.0
"Rice, Milled",2021,Domestic Consumption,(1000 MT),156360.0
"Rice, Milled",2021,Ending Stocks,(1000 MT),113000.0
"Rice, Milled",2021,Exports,(1000 MT),2079.0
"Rice, Milled",2021,Imports,(1000 MT),5949.0
"Rice, Milled",2021,Milling Rate (.9999),(1000 MT),7000.0
"Rice, Milled",2021,Production,(1000 MT),148990.0
"Rice, Milled",2021,Rough Production,(1000 MT),212843.0
"Rice, Milled",2021,Total Distribution,(1000 MT),271439.0
"Rice, Milled",2021,Total Supply,(1000 MT),271439.0
"Rice, Milled",2021,TY Exports,(1000 MT),2172.0
"Rice, Milled",2021,TY Imp. from U.S.,(1000 MT),0.0
"Rice, Milled",2021,TY Imports,(1000 MT),6155.0
"Rice, Milled",2021,Yield,(MT/HA),7.11
"Rice, Milled",2022,Area Harvested,(1000 HA),29450.0
"Rice, Milled",2022,Beginning Stocks,(1000 MT),113000.0
"Rice, Milled",2022,Domestic Consumption,(1000 MT),154994.0
"Rice, Milled",2022,Ending Stocks,(1000 MT),106600.0
"Rice, Milled",2022,Exports,(1000 MT),1736.0
"Rice, Milled",2022,Imports,(1000 MT),4384.0
"Rice, Milled",2022,Milling Rate (.9999),(1000 MT),7000.0
"Rice, Milled",2022,Production,(1000 MT),145946.0
"Rice, Milled",2022,Rough Production,(1000 MT),208494.0
"Rice, Milled",2022,Total Distribution,(1000 MT),263330.0
"Rice, Milled",2022,Total Supply,(1000 MT),263330.0
"Rice, Milled",2022,TY Exports,(1000 MT),1602.0
"Rice, Milled",2022,TY Imp. from U.S.,(1000 MT),0.0
"Rice, Milled",2022,TY Imports,(1000 MT),2597.0
"Rice, Milled",2022,Yield,(MT/HA),7.08
"Rice, Milled",2023,Area Harvested,(1000 HA),28949.0
"Rice, Milled",2023,Beginning Stocks,(1000 MT),106600.0
"Rice, Milled",2023,Domestic Consumption,(1000 MT),148115.0
"Rice, Milled",2023,Ending Stocks,(1000 MT),103000.0
"Rice, Milled",2023,Exports,(1000 MT),1632.0
"Rice, Milled",2023,Imports,(1000 MT),1527.0
"Rice, Milled",2023,Milling Rate (.9999),(1000 MT),7000.0
"Rice, Milled",2023,Production,(1000 MT),144620.0
"Rice, Milled",2023,Rough Production,(1000 MT),206600.0
"Rice, Milled",2023,Total Distribution,(1000 MT),252747.0
"Rice, Milled",2023,Total Supply,(1000 MT),252747.0
"Rice, Milled",2023,TY Exports,(1000 MT),1115.0
"Rice, Milled",2023,TY Imp. from U.S.,(1000 MT),0.0
"Rice, Milled",2023,TY Imports,(1000 MT),1625.0
"Rice, Milled",2023,Yield,(MT/HA),7.14
"Rice, Milled",2024,Area Harvested,(1000 HA),29007.0
"Rice, Milled",2024,Beginning Stocks,(1000 MT),103000.0
"Rice, Milled",2024,Domestic Consumption,(1000 MT),144957.0
"Rice, Milled",2024,Ending Stocks,(1000 MT),104500.0
"Rice, Milled",2024,Exports,(1000 MT),1153.0
"Rice, Milled",2024,Imports,(1000 MT),2335.0
"Rice, Milled",2024,Milling Rate (.9999),(1000 MT),7000.0
"Rice, Milled",2024,Production,(1000 MT),145275.0
"Rice, Milled",2024,Rough Production,(1000 MT),207536.0
"Rice, Milled",2024,Total Distribution,(1000 MT),250610.0
"Rice, Milled",2024,Total Supply,(1000 MT),250610.0
"Rice, Milled",2024,TY Exports,(1000 MT),1725.0
"Rice, Milled",2024,TY Imp. from U.S.,(1000 MT),0.0
"Rice, Milled",2024,TY Imports,(1000 MT),3102.0
"Rice, Milled",2024,Yield,(MT/HA),7.15
"Rice, Milled",2025,Area Harvested,(1000 HA),29000.0
"Rice, Milled",2025,Beginning Stocks,(1000 MT),104500.0
"Rice, Milled",2025,Domestic Consumption,(1000 MT),147229.0
"Rice, Milled",2025,Ending Stocks,(1000 MT),105500.0
"Rice, Milled",2025,Exports,(1000 MT),2000.0
"Rice, Milled",2025,Imports,(1000 MT),3900.0
"Rice, Milled",2025,Milling Rate (.9999),(1000 MT),7000.0
"Rice, Milled",2025,Production,(1000 MT),146329.0
"Rice, Milled",2025,Rough Production,(1000 MT),209041.0
"Rice, Milled",2025,Total Distribution,(1000 MT),254729.0
"Rice, Milled",2025,Total Supply,(1000 MT),254729.0
"Rice, Milled",2025,TY Exports,(1000 MT),1900.0
"Rice, Milled",2025,TY Imp. from U.S.,(1000 MT),0.0
"Rice, Milled",2025,TY Imports,(1000 MT),3900.0
"Rice, Milled",2025,Yield,(MT/HA),7.21
"Rice, Milled",2026,Area Harvested,(1000 HA),29000.0
"Rice, Milled",2026,Beginning Stocks,(1000 MT),105500.0
"Rice, Milled",2026,Domestic Consumption,(1000 MT),147200.0
"Rice, Milled",2026,Ending Stocks,(1000 MT),107000.0
"Rice, Milled",2026,Exports,(1000 MT),2200.0
"Rice, Milled",2026,Imports,(1000 MT),3900.0
"Rice, Milled",2026,Milling Rate (.9999),(1000 MT),7000.0
"Rice, Milled",2026,Production,(1000 MT),147000.0
"Rice, Milled",2026,Rough Production,(1000 MT),210000.0
"Rice, Milled",2026,Total Distribution,(1000 MT),256400.0
"Rice, Milled",2026,Total Supply,(1000 MT),256400.0
"Rice, Milled",2026,TY Exports,(1000 MT),2200.0
"Rice, Milled",2026,TY Imp. from U.S.,(1000 MT),0.0
"Rice, Milled",2026,TY Imports,(1000 MT),3900.0
"Rice, Milled",2026,Yield,(MT/HA),7.24
Rye,1994,Area Harvested,(1000 HA),0.0
Rye,1994,Beginning Stocks,(1000 MT),0.0
Rye,1994,Domestic Consumption,(1000 MT),704.0
Rye,1994,Ending Stocks,(1000 MT),0.0
Rye,1994,Exports,(1000 MT),0.0
Rye,1994,Feed Dom. Consumption,(1000 MT),704.0
Rye,1994,FSI Consumption,(1000 MT),0.0
Rye,1994,Imports,(1000 MT),704.0
Rye,1994,Production,(1000 MT),0.0
Rye,1994,Total Distribution,(1000 MT),704.0
Rye,1994,Total Supply,(1000 MT),704.0
Rye,1994,TY Exports,(1000 MT),0.0
Rye,1994,TY Imp. from U.S.,(1000 MT),0.0
Rye,1994,TY Imports,(1000 MT),704.0
Rye,1994,Yield,(MT/HA),0.0
Rye,1995,Area Harvested,(1000 HA),0.0
Rye,1995,Beginning Stocks,(1000 MT),0.0
Rye,1995,Domestic Consumption,(1000 MT),87.0
Rye,1995,Ending Stocks,(1000 MT),0.0
Rye,1995,Exports,(1000 MT),0.0
Rye,1995,Feed Dom. Consumption,(1000 MT),87.0
Rye,1995,FSI Consumption,(1000 MT),0.0
Rye,1995,Imports,(1000 MT),87.0
Rye,1995,Production,(1000 MT),0.0
Rye,1995,Total Distribution,(1000 MT),87.0
Rye,1995,Total Supply,(1000 MT),87.0
Rye,1995,TY Exports,(1000 MT),0.0
Rye,1995,TY Imp. from U.S.,(1000 MT),0.0
Rye,1995,TY Imports,(1000 MT),87.0
Rye,1995,Yield,(MT/HA),0.0
Rye,1996,Area Harvested,(1000 HA),0.0
Rye,1996,Beginning Stocks,(1000 MT),0.0
Rye,1996,Domestic Consumption,(1000 MT),11.0
Rye,1996,Ending Stocks,(1000 MT),0.0
Rye,1996,Exports,(1000 MT),0.0
Rye,1996,Feed Dom. Consumption,(1000 MT),11.0
Rye,1996,FSI Consumption,(1000 MT),0.0
Rye,1996,Imports,(1000 MT),11.0
Rye,1996,Production,(1000 MT),0.0
Rye,1996,Total Distribution,(1000 MT),11.0
Rye,1996,Total Supply,(1000 MT),11.0
Rye,1996,TY Exports,(1000 MT),0.0
Rye,1996,TY Imp. from U.S.,(1000 MT),0.0
Rye,1996,TY Imports,(1000 MT),11.0
Rye,1996,Yield,(MT/HA),0.0
Rye,1997,Area Harvested,(1000 HA),0.0
Rye,1997,Beginning Stocks,(1000 MT),0.0
Rye,1997,Domestic Consumption,(1000 MT),126.0
Rye,1997,Ending Stocks,(1000 MT),0.0
Rye,1997,Exports,(1000 MT),0.0
Rye,1997,Feed Dom. Consumption,(1000 MT),126.0
Rye,1997,FSI Consumption,(1000 MT),0.0
Rye,1997,Imports,(1000 MT),126.0
Rye,1997,Production,(1000 MT),0.0
Rye,1997,Total Distribution,(1000 MT),126.0
Rye,1997,Total Supply,(1000 MT),126.0
Rye,1997,TY Exports,(1000 MT),0.0
Rye,1997,TY Imp. from U.S.,(1000 MT),0.0
Rye,1997,TY Imports,(1000 MT),126.0
Rye,1997,Yield,(MT/HA),0.0
Rye,1998,Area Harvested,(1000 HA),0.0
Rye,1998,Beginning Stocks,(1000 MT),0.0
Rye,1998,Domestic Consumption,(1000 MT),367.0
Rye,1998,Ending Stocks,(1000 MT),0.0
Rye,1998,Exports,(1000 MT),0.0
Rye,1998,Feed Dom. Consumption,(1000 MT),367.0
Rye,1998,FSI Consumption,(1000 MT),0.0
Rye,1998,Imports,(1000 MT),367.0
Rye,1998,Production,(1000 MT),0.0
Rye,1998,Total Distribution,(1000 MT),367.0
Rye,1998,Total Supply,(1000 MT),367.0
Rye,1998,TY Exports,(1000 MT),0.0
Rye,1998,TY Imp. from U.S.,(1000 MT),0.0
Rye,1998,TY Imports,(1000 MT),367.0
Rye,1998,Yield,(MT/HA),0.0
Rye,1999,Area Harvested,(1000 HA),0.0
Rye,1999,Beginning Stocks,(1000 MT),0.0
Rye,1999,Domestic Consumption,(1000 MT),25.0
Rye,1999,Ending Stocks,(1000 MT),0.0
Rye,1999,Exports,(1000 MT),0.0
Rye,1999,Feed Dom. Consumption,(1000 MT),25.0
Rye,1999,FSI Consumption,(1000 MT),0.0
Rye,1999,Imports,(1000 MT),25.0
Rye,1999,Production,(1000 MT),0.0
Rye,1999,Total Distribution,(1000 MT),25.0
Rye,1999,Total Supply,(1000 MT),25.0
Rye,1999,TY Exports,(1000 MT),0.0
Rye,1999,TY Imp. from U.S.,(1000 MT),0.0
Rye,1999,TY Imports,(1000 MT),25.0
Rye,1999,Yield,(MT/HA),0.0
Rye,2001,Area Harvested,(1000 HA),0.0
Rye,2001,Beginning Stocks,(1000 MT),0.0
Rye,2001,Domestic Consumption,(1000 MT),7.0
Rye,2001,Ending Stocks,(1000 MT),0.0
Rye,2001,Exports,(1000 MT),0.0
Rye,2001,Feed Dom. Consumption,(1000 MT),7.0
Rye,2001,FSI Consumption,(1000 MT),0.0
Rye,2001,Imports,(1000 MT),7.0
Rye,2001,Production,(1000 MT),0.0
Rye,2001,Total Distribution,(1000 MT),7.0
Rye,2001,Total Supply,(1000 MT),7.0
Rye,2001,TY Exports,(1000 MT),0.0
Rye,2001,TY Imp. from U.S.,(1000 MT),0.0
Rye,2001,TY Imports,(1000 MT),7.0
Rye,2001,Yield,(MT/HA),0.0
Sorghum,1960,Area Harvested,(1000 HA),3946.0
Sorghum,1960,Beginning Stocks,(1000 MT),1078.0
Sorghum,1960,Domestic Consumption,(1000 MT),5275.0
Sorghum,1960,Ending Stocks,(1000 MT),366.0
Sorghum,1960,Exports,(1000 MT),0.0
Sorghum,1960,Feed Dom. Consumption,(1000 MT),1429.0
Sorghum,1960,FSI Consumption,(1000 MT),3846.0
Sorghum,1960,Imports,(1000 MT),0.0
Sorghum,1960,Production,(1000 MT),4563.0
Sorghum,1960,Total Distribution,(1000 MT),5641.0
Sorghum,1960,Total Supply,(1000 MT),5641.0
Sorghum,1960,TY Exports,(1000 MT),0.0
Sorghum,1960,TY Imp. from U.S.,(1000 MT),0.0
Sorghum,1960,TY Imports,(1000 MT),0.0
Sorghum,1960,Yield,(MT/HA),1.16
Sorghum,1961,Area Harvested,(1000 HA),5567.0
Sorghum,1961,Beginning Stocks,(1000 MT),366.0
Sorghum,1961,Domestic Consumption,(1000 MT),4465.0
Sorghum,1961,Ending Stocks,(1000 MT),1651.0
Sorghum,1961,Exports,(1000 MT),0.0
Sorghum,1961,Feed Dom. Consumption,(1000 MT),830.0
Sorghum,1961,FSI Consumption,(1000 MT),3635.0
Sorghum,1961,Imports,(1000 MT),0.0
Sorghum,1961,Production,(1000 MT),5750.0
Sorghum,1961,Total Distribution,(1000 MT),6116.0
Sorghum,1961,Total Supply,(1000 MT),6116.0
Sorghum,1961,TY Exports,(1000 MT),0.0
Sorghum,1961,TY Imp. from U.S.,(1000 MT),0.0
Sorghum,1961,TY Imports,(1000 MT),0.0
Sorghum,1961,Yield,(MT/HA),1.03
Sorghum,1962,Area Harvested,(1000 HA),6327.0
Sorghum,1962,Beginning Stocks,(1000 MT),1651.0
Sorghum,1962,Domestic Consumption,(1000 MT),5916.0
Sorghum,1962,Ending Stocks,(1000 MT),1835.0
Sorghum,1962,Exports,(1000 MT),0.0
Sorghum,1962,Feed Dom. Consumption,(1000 MT),779.0
Sorghum,1962,FSI Consumption,(1000 MT),5137.0
Sorghum,1962,Imports,(1000 MT),0.0
Sorghum,1962,Production,(1000 MT),6100.0
Sorghum,1962,Total Distribution,(1000 MT),7751.0
Sorghum,1962,Total Supply,(1000 MT),7751.0
Sorghum,1962,TY Exports,(1000 MT),0.0
Sorghum,1962,TY Imp. from U.S.,(1000 MT),0.0
Sorghum,1962,TY Imports,(1000 MT),0.0
Sorghum,1962,Yield,(MT/HA),0.96
Sorghum,1963,Area Harvested,(1000 HA),6716.0
Sorghum,1963,Beginning Stocks,(1000 MT),1835.0
Sorghum,1963,Domestic Consumption,(1000 MT),7135.0
Sorghum,1963,Ending Stocks,(1000 MT),1550.0
Sorghum,1963,Exports,(1000 MT),0.0
Sorghum,1963,Feed Dom. Consumption,(1000 MT),2118.0
Sorghum,1963,FSI Consumption,(1000 MT),5017.0
Sorghum,1963,Imports,(1000 MT),0.0
Sorghum,1963,Production,(1000 MT),6850.0
Sorghum,1963,Total Distribution,(1000 MT),8685.0
Sorghum,1963,Total Supply,(1000 MT),8685.0
Sorghum,1963,TY Exports,(1000 MT),0.0
Sorghum,1963,TY Imp. from U.S.,(1000 MT),0.0
Sorghum,1963,TY Imports,(1000 MT),0.0
Sorghum,1963,Yield,(MT/HA),1.02
Sorghum,1964,Area Harvested,(1000 HA),6252.0
Sorghum,1964,Beginning Stocks,(1000 MT),1550.0
Sorghum,1964,Domestic Consumption,(1000 MT),6949.0
Sorghum,1964,Ending Stocks,(1000 MT),1301.0
Sorghum,1964,Exports,(1000 MT),0.0
Sorghum,1964,Feed Dom. Consumption,(1000 MT),2827.0
Sorghum,1964,FSI Consumption,(1000 MT),4122.0
Sorghum,1964,Imports,(1000 MT),0.0
Sorghum,1964,Production,(1000 MT),6700.0
Sorghum,1964,Total Distribution,(1000 MT),8250.0
Sorghum,1964,Total Supply,(1000 MT),8250.0
Sorghum,1964,TY Exports,(1000 MT),0.0
Sorghum,1964,TY Imp. from U.S.,(1000 MT),0.0
Sorghum,1964,TY Imports,(1000 MT),0.0
Sorghum,1964,Yield,(MT/HA),1.07
Sorghum,1965,Area Harvested,(1000 HA),6150.0
Sorghum,1965,Beginning Stocks,(1000 MT),1301.0
Sorghum,1965,Domestic Consumption,(1000 MT),7444.0
Sorghum,1965,Ending Stocks,(1000 MT),957.0
Sorghum,1965,Exports,(1000 MT),0.0
Sorghum,1965,Feed Dom. Consumption,(1000 MT),2971.0
Sorghum,1965,FSI Consumption,(1000 MT),4473.0
Sorghum,1965,Imports,(1000 MT),0.0
Sorghum,1965,Production,(1000 MT),7100.0
Sorghum,1965,Total Distribution,(1000 MT),8401.0
Sorghum,1965,Total Supply,(1000 MT),8401.0
Sorghum,1965,TY Exports,(1000 MT),0.0
Sorghum,1965,TY Imp. from U.S.,(1000 MT),0.0
Sorghum,1965,TY Imports,(1000 MT),0.0
Sorghum,1965,Yield,(MT/HA),1.15
Sorghum,1966,Area Harvested,(1000 HA),6180.0
Sorghum,1966,Beginning Stocks,(1000 MT),957.0
Sorghum,1966,Domestic Consumption,(1000 MT),7660.0
Sorghum,1966,Ending Stocks,(1000 MT),1251.0
Sorghum,1966,Exports,(1000 MT),0.0
Sorghum,1966,Feed Dom. Consumption,(1000 MT),2992.0
Sorghum,1966,FSI Consumption,(1000 MT),4668.0
Sorghum,1966,Imports,(1000 MT),0.0
Sorghum,1966,Production,(1000 MT),7954.0
Sorghum,1966,Total Distribution,(1000 MT),8911.0
Sorghum,1966,Total Supply,(1000 MT),8911.0
Sorghum,1966,TY Exports,(1000 MT),0.0
Sorghum,1966,TY Imp. from U.S.,(1000 MT),0.0
Sorghum,1966,TY Imports,(1000 MT),0.0
Sorghum,1966,Yield,(MT/HA),1.29
Sorghum,1967,Area Harvested,(1000 HA),5769.0
Sorghum,1967,Beginning Stocks,(1000 MT),1251.0
Sorghum,1967,Domestic Consumption,(1000 MT),7892.0
Sorghum,1967,Ending Stocks,(1000 MT),1595.0
Sorghum,1967,Exports,(1000 MT),0.0
Sorghum,1967,Feed Dom. Consumption,(1000 MT),3482.0
Sorghum,1967,FSI Consumption,(1000 MT),4410.0
Sorghum,1967,Imports,(1000 MT),0.0
Sorghum,1967,Production,(1000 MT),8236.0
Sorghum,1967,Total Distribution,(1000 MT),9487.0
Sorghum,1967,Total Supply,(1000 MT),9487.0
Sorghum,1967,TY Exports,(1000 MT),0.0
Sorghum,1967,TY Imp. from U.S.,(1000 MT),0.0
Sorghum,1967,TY Imports,(1000 MT),0.0
Sorghum,1967,Yield,(MT/HA),1.43
Sorghum,1968,Area Harvested,(1000 HA),5474.0
Sorghum,1968,Beginning Stocks,(1000 MT),1595.0
Sorghum,1968,Domestic Consumption,(1000 MT),7195.0
Sorghum,1968,Ending Stocks,(1000 MT),1566.0
Sorghum,1968,Exports,(1000 MT),0.0
Sorghum,1968,Feed Dom. Consumption,(1000 MT),3030.0
Sorghum,1968,FSI Consumption,(1000 MT),4165.0
Sorghum,1968,Imports,(1000 MT),0.0
Sorghum,1968,Production,(1000 MT),7166.0
Sorghum,1968,Total Distribution,(1000 MT),8761.0
Sorghum,1968,Total Supply,(1000 MT),8761.0
Sorghum,1968,TY Exports,(1000 MT),0.0
Sorghum,1968,TY Imp. from U.S.,(1000 MT),0.0
Sorghum,1968,TY Imports,(1000 MT),0.0
Sorghum,1968,Yield,(MT/HA),1.31
Sorghum,1969,Area Harvested,(1000 HA),5397.0
Sorghum,1969,Beginning Stocks,(1000 MT),1566.0
Sorghum,1969,Domestic Consumption,(1000 MT),7116.0
Sorghum,1969,Ending Stocks,(1000 MT),1610.0
Sorghum,1969,Exports,(1000 MT),0.0
Sorghum,1969,Feed Dom. Consumption,(1000 MT),2631.0
Sorghum,1969,FSI Consumption,(1000 MT),4485.0
Sorghum,1969,Imports,(1000 MT),0.0
Sorghum,1969,Production,(1000 MT),7160.0
Sorghum,1969,Total Distribution,(1000 MT),8726.0
Sorghum,1969,Total Supply,(1000 MT),8726.0
Sorghum,1969,TY Exports,(1000 MT),0.0
Sorghum,1969,TY Imp. from U.S.,(1000 MT),0.0
Sorghum,1969,TY Imports,(1000 MT),0.0
Sorghum,1969,Yield,(MT/HA),1.33
Sorghum,1970,Area Harvested,(1000 HA),5219.0
Sorghum,1970,Beginning Stocks,(1000 MT),1610.0
Sorghum,1970,Domestic Consumption,(1000 MT),7635.0
Sorghum,1970,Ending Stocks,(1000 MT),2175.0
Sorghum,1970,Exports,(1000 MT),0.0
Sorghum,1970,Feed Dom. Consumption,(1000 MT),2021.0
Sorghum,1970,FSI Consumption,(1000 MT),5614.0
Sorghum,1970,Imports,(1000 MT),0.0
Sorghum,1970,Production,(1000 MT),8200.0
Sorghum,1970,Total Distribution,(1000 MT),9810.0
Sorghum,1970,Total Supply,(1000 MT),9810.0
Sorghum,1970,TY Exports,(1000 MT),0.0
Sorghum,1970,TY Imp. from U.S.,(1000 MT),0.0
Sorghum,1970,TY Imports,(1000 MT),0.0
Sorghum,1970,Yield,(MT/HA),1.57
Sorghum,1971,Area Harvested,(1000 HA),4988.0
Sorghum,1971,Beginning Stocks,(1000 MT),2175.0
Sorghum,1971,Domestic Consumption,(1000 MT),8144.0
Sorghum,1971,Ending Stocks,(1000 MT),2740.0
Sorghum,1971,Exports,(1000 MT),75.0
Sorghum,1971,Feed Dom. Consumption,(1000 MT),2919.0
Sorghum,1971,FSI Consumption,(1000 MT),5225.0
Sorghum,1971,Imports,(1000 MT),0.0
Sorghum,1971,Production,(1000 MT),8784.0
Sorghum,1971,Total Distribution,(1000 MT),10959.0
Sorghum,1971,Total Supply,(1000 MT),10959.0
Sorghum,1971,TY Exports,(1000 MT),75.0
Sorghum,1971,TY Imp. from U.S.,(1000 MT),0.0
Sorghum,1971,TY Imports,(1000 MT),0.0
Sorghum,1971,Yield,(MT/HA),1.76
Sorghum,1972,Area Harvested,(1000 HA),5357.0
Sorghum,1972,Beginning Stocks,(1000 MT),2740.0
Sorghum,1972,Domestic Consumption,(1000 MT),7690.0
Sorghum,1972,Ending Stocks,(1000 MT),3025.0
Sorghum,1972,Exports,(1000 MT),75.0
Sorghum,1972,Feed Dom. Consumption,(1000 MT),3300.0
Sorghum,1972,FSI Consumption,(1000 MT),4390.0
Sorghum,1972,Imports,(1000 MT),0.0
Sorghum,1972,Production,(1000 MT),8050.0
Sorghum,1972,Total Distribution,(1000 MT),10790.0
Sorghum,1972,Total Supply,(1000 MT),10790.0
Sorghum,1972,TY Exports,(1000 MT),75.0
Sorghum,1972,TY Imp. from U.S.,(1000 MT),0.0
Sorghum,1972,TY Imports,(1000 MT),0.0
Sorghum,1972,Yield,(MT/HA),1.5
Sorghum,1973,Area Harvested,(1000 HA),5227.0
Sorghum,1973,Beginning Stocks,(1000 MT),3025.0
Sorghum,1973,Domestic Consumption,(1000 MT),10075.0
Sorghum,1973,Ending Stocks,(1000 MT),3500.0
Sorghum,1973,Exports,(1000 MT),100.0
Sorghum,1973,Feed Dom. Consumption,(1000 MT),3500.0
Sorghum,1973,FSI Consumption,(1000 MT),6575.0
Sorghum,1973,Imports,(1000 MT),0.0
Sorghum,1973,Production,(1000 MT),10650.0
Sorghum,1973,Total Distribution,(1000 MT),13675.0
Sorghum,1973,Total Supply,(1000 MT),13675.0
Sorghum,1973,TY Exports,(1000 MT),100.0
Sorghum,1973,TY Imp. from U.S.,(1000 MT),0.0
Sorghum,1973,TY Imports,(1000 MT),0.0
Sorghum,1973,Yield,(MT/HA),2.04
Sorghum,1974,Area Harvested,(1000 HA),5254.0
Sorghum,1974,Beginning Stocks,(1000 MT),3500.0
Sorghum,1974,Domestic Consumption,(1000 MT),10675.0
Sorghum,1974,Ending Stocks,(1000 MT),4075.0
Sorghum,1974,Exports,(1000 MT),100.0
Sorghum,1974,Feed Dom. Consumption,(1000 MT),2900.0
Sorghum,1974,FSI Consumption,(1000 MT),7775.0
Sorghum,1974,Imports,(1000 MT),0.0
Sorghum,1974,Production,(1000 MT),11350.0
Sorghum,1974,Total Distribution,(1000 MT),14850.0
Sorghum,1974,Total Supply,(1000 MT),14850.0
Sorghum,1974,TY Exports,(1000 MT),100.0
Sorghum,1974,TY Imp. from U.S.,(1000 MT),0.0
Sorghum,1974,TY Imports,(1000 MT),0.0
Sorghum,1974,Yield,(MT/HA),2.16
Sorghum,1975,Area Harvested,(1000 HA),4670.0
Sorghum,1975,Beginning Stocks,(1000 MT),4075.0
Sorghum,1975,Domestic Consumption,(1000 MT),10850.0
Sorghum,1975,Ending Stocks,(1000 MT),3850.0
Sorghum,1975,Exports,(1000 MT),125.0
Sorghum,1975,Feed Dom. Consumption,(1000 MT),2600.0
Sorghum,1975,FSI Consumption,(1000 MT),8250.0
Sorghum,1975,Imports,(1000 MT),0.0
Sorghum,1975,Production,(1000 MT),10750.0
Sorghum,1975,Total Distribution,(1000 MT),14825.0
Sorghum,1975,Total Supply,(1000 MT),14825.0
Sorghum,1975,TY Exports,(1000 MT),125.0
Sorghum,1975,TY Imp. from U.S.,(1000 MT),0.0
Sorghum,1975,TY Imports,(1000 MT),0.0
Sorghum,1975,Yield,(MT/HA),2.3
Sorghum,1976,Area Harvested,(1000 HA),4329.0
Sorghum,1976,Beginning Stocks,(1000 MT),3850.0
Sorghum,1976,Domestic Consumption,(1000 MT),9000.0
Sorghum,1976,Ending Stocks,(1000 MT),3450.0
Sorghum,1976,Exports,(1000 MT),100.0
Sorghum,1976,Feed Dom. Consumption,(1000 MT),2100.0
Sorghum,1976,FSI Consumption,(1000 MT),6900.0
Sorghum,1976,Imports,(1000 MT),0.0
Sorghum,1976,Production,(1000 MT),8700.0
Sorghum,1976,Total Distribution,(1000 MT),12550.0
Sorghum,1976,Total Supply,(1000 MT),12550.0
Sorghum,1976,TY Exports,(1000 MT),100.0
Sorghum,1976,TY Imp. from U.S.,(1000 MT),0.0
Sorghum,1976,TY Imports,(1000 MT),0.0
Sorghum,1976,Yield,(MT/HA),2.01
Sorghum,1977,Area Harvested,(1000 HA),3759.0
Sorghum,1977,Beginning Stocks,(1000 MT),3450.0
Sorghum,1977,Domestic Consumption,(1000 MT),7900.0
Sorghum,1977,Ending Stocks,(1000 MT),3200.0
Sorghum,1977,Exports,(1000 MT),50.0
Sorghum,1977,Feed Dom. Consumption,(1000 MT),1600.0
Sorghum,1977,FSI Consumption,(1000 MT),6300.0
Sorghum,1977,Imports,(1000 MT),0.0
Sorghum,1977,Production,(1000 MT),7700.0
Sorghum,1977,Total Distribution,(1000 MT),11150.0
Sorghum,1977,Total Supply,(1000 MT),11150.0
Sorghum,1977,TY Exports,(1000 MT),50.0
Sorghum,1977,TY Imp. from U.S.,(1000 MT),0.0
Sorghum,1977,TY Imports,(1000 MT),0.0
Sorghum,1977,Yield,(MT/HA),2.05
Sorghum,1978,Area Harvested,(1000 HA),3457.0
Sorghum,1978,Beginning Stocks,(1000 MT),3200.0
Sorghum,1978,Domestic Consumption,(1000 MT),7837.0
Sorghum,1978,Ending Stocks,(1000 MT),3400.0
Sorghum,1978,Exports,(1000 MT),50.0
Sorghum,1978,Feed Dom. Consumption,(1000 MT),1700.0
Sorghum,1978,FSI Consumption,(1000 MT),6137.0
Sorghum,1978,Imports,(1000 MT),27.0
Sorghum,1978,Production,(1000 MT),8060.0
Sorghum,1978,Total Distribution,(1000 MT),11287.0
Sorghum,1978,Total Supply,(1000 MT),11287.0
Sorghum,1978,TY Exports,(1000 MT),50.0
Sorghum,1978,TY Imp. from U.S.,(1000 MT),0.0
Sorghum,1978,TY Imports,(1000 MT),27.0
Sorghum,1978,Yield,(MT/HA),2.33
Sorghum,1979,Area Harvested,(1000 HA),3173.0
Sorghum,1979,Beginning Stocks,(1000 MT),3400.0
Sorghum,1979,Domestic Consumption,(1000 MT),7800.0
Sorghum,1979,Ending Stocks,(1000 MT),3200.0
Sorghum,1979,Exports,(1000 MT),25.0
Sorghum,1979,Feed Dom. Consumption,(1000 MT),2300.0
Sorghum,1979,FSI Consumption,(1000 MT),5500.0
Sorghum,1979,Imports,(1000 MT),0.0
Sorghum,1979,Production,(1000 MT),7625.0
Sorghum,1979,Total Distribution,(1000 MT),11025.0
Sorghum,1979,Total Supply,(1000 MT),11025.0
Sorghum,1979,TY Exports,(1000 MT),25.0
Sorghum,1979,TY Imp. from U.S.,(1000 MT),0.0
Sorghum,1979,TY Imports,(1000 MT),0.0
Sorghum,1979,Yield,(MT/HA),2.4
Sorghum,1980,Area Harvested,(1000 HA),2693.0
Sorghum,1980,Beginning Stocks,(1000 MT),3200.0
Sorghum,1980,Domestic Consumption,(1000 MT),7000.0
Sorghum,1980,Ending Stocks,(1000 MT),2900.0
Sorghum,1980,Exports,(1000 MT),75.0
Sorghum,1980,Feed Dom. Consumption,(1000 MT),3000.0
Sorghum,1980,FSI Consumption,(1000 MT),4000.0
Sorghum,1980,Imports,(1000 MT),0.0
Sorghum,1980,Production,(1000 MT),6775.0
Sorghum,1980,Total Distribution,(1000 MT),9975.0
Sorghum,1980,Total Supply,(1000 MT),9975.0
Sorghum,1980,TY Exports,(1000 MT),75.0
Sorghum,1980,TY Imp. from U.S.,(1000 MT),0.0
Sorghum,1980,TY Imports,(1000 MT),0.0
Sorghum,1980,Yield,(MT/HA),2.52
Sorghum,1981,Area Harvested,(1000 HA),2610.0
Sorghum,1981,Beginning Stocks,(1000 MT),2900.0
Sorghum,1981,Domestic Consumption,(1000 MT),6823.0
Sorghum,1981,Ending Stocks,(1000 MT),2650.0
Sorghum,1981,Exports,(1000 MT),100.0
Sorghum,1981,Feed Dom. Consumption,(1000 MT),2800.0
Sorghum,1981,FSI Consumption,(1000 MT),4023.0
Sorghum,1981,Imports,(1000 MT),23.0
Sorghum,1981,Production,(1000 MT),6650.0
Sorghum,1981,Total Distribution,(1000 MT),9573.0
Sorghum,1981,Total Supply,(1000 MT),9573.0
Sorghum,1981,TY Exports,(1000 MT),100.0
Sorghum,1981,TY Imp. from U.S.,(1000 MT),23.0
Sorghum,1981,TY Imports,(1000 MT),23.0
Sorghum,1981,Yield,(MT/HA),2.55
Sorghum,1982,Area Harvested,(1000 HA),2784.0
Sorghum,1982,Beginning Stocks,(1000 MT),2650.0
Sorghum,1982,Domestic Consumption,(1000 MT),6820.0
Sorghum,1982,Ending Stocks,(1000 MT),2750.0
Sorghum,1982,Exports,(1000 MT),50.0
Sorghum,1982,Feed Dom. Consumption,(1000 MT),2900.0
Sorghum,1982,FSI Consumption,(1000 MT),3920.0
Sorghum,1982,Imports,(1000 MT),0.0
Sorghum,1982,Production,(1000 MT),6970.0
Sorghum,1982,Total Distribution,(1000 MT),9620.0
Sorghum,1982,Total Supply,(1000 MT),9620.0
Sorghum,1982,TY Exports,(1000 MT),50.0
Sorghum,1982,TY Imp. from U.S.,(1000 MT),0.0
Sorghum,1982,TY Imports,(1000 MT),0.0
Sorghum,1982,Yield,(MT/HA),2.5
Sorghum,1983,Area Harvested,(1000 HA),2707.0
Sorghum,1983,Beginning Stocks,(1000 MT),2750.0
Sorghum,1983,Domestic Consumption,(1000 MT),8305.0
Sorghum,1983,Ending Stocks,(1000 MT),2750.0
Sorghum,1983,Exports,(1000 MT),50.0
Sorghum,1983,Feed Dom. Consumption,(1000 MT),5300.0
Sorghum,1983,FSI Consumption,(1000 MT),3005.0
Sorghum,1983,Imports,(1000 MT),0.0
Sorghum,1983,Production,(1000 MT),8355.0
Sorghum,1983,Total Distribution,(1000 MT),11105.0
Sorghum,1983,Total Supply,(1000 MT),11105.0
Sorghum,1983,TY Exports,(1000 MT),10.0
Sorghum,1983,TY Imp. from U.S.,(1000 MT),0.0
Sorghum,1983,TY Imports,(1000 MT),0.0
Sorghum,1983,Yield,(MT/HA),3.09
Sorghum,1984,Area Harvested,(1000 HA),2450.0
Sorghum,1984,Beginning Stocks,(1000 MT),2750.0
Sorghum,1984,Domestic Consumption,(1000 MT),7465.0
Sorghum,1984,Ending Stocks,(1000 MT),2500.0
Sorghum,1984,Exports,(1000 MT),500.0
Sorghum,1984,Feed Dom. Consumption,(1000 MT),3700.0
Sorghum,1984,FSI Consumption,(1000 MT),3765.0
Sorghum,1984,Imports,(1000 MT),0.0
Sorghum,1984,Production,(1000 MT),7715.0
Sorghum,1984,Total Distribution,(1000 MT),10465.0
Sorghum,1984,Total Supply,(1000 MT),10465.0
Sorghum,1984,TY Exports,(1000 MT),500.0
Sorghum,1984,TY Imp. from U.S.,(1000 MT),0.0
Sorghum,1984,TY Imports,(1000 MT),0.0
Sorghum,1984,Yield,(MT/HA),3.15
Sorghum,1985,Area Harvested,(1000 HA),1937.0
Sorghum,1985,Beginning Stocks,(1000 MT),2500.0
Sorghum,1985,Domestic Consumption,(1000 MT),5844.0
Sorghum,1985,Ending Stocks,(1000 MT),1550.0
Sorghum,1985,Exports,(1000 MT),715.0
Sorghum,1985,Feed Dom. Consumption,(1000 MT),3000.0
Sorghum,1985,FSI Consumption,(1000 MT),2844.0
Sorghum,1985,Imports,(1000 MT),0.0
Sorghum,1985,Production,(1000 MT),5609.0
Sorghum,1985,Total Distribution,(1000 MT),8109.0
Sorghum,1985,Total Supply,(1000 MT),8109.0
Sorghum,1985,TY Exports,(1000 MT),715.0
Sorghum,1985,TY Imp. from U.S.,(1000 MT),0.0
Sorghum,1985,TY Imports,(1000 MT),3.0
Sorghum,1985,Yield,(MT/HA),2.9
Sorghum,1986,Area Harvested,(1000 HA),1876.0
Sorghum,1986,Beginning Stocks,(1000 MT),1550.0
Sorghum,1986,Domestic Consumption,(1000 MT),5430.0
Sorghum,1986,Ending Stocks,(1000 MT),1125.0
Sorghum,1986,Exports,(1000 MT),379.0
Sorghum,1986,Feed Dom. Consumption,(1000 MT),2800.0
Sorghum,1986,FSI Consumption,(1000 MT),2630.0
Sorghum,1986,Imports,(1000 MT),0.0
Sorghum,1986,Production,(1000 MT),5384.0
Sorghum,1986,Total Distribution,(1000 MT),6934.0
Sorghum,1986,Total Supply,(1000 MT),6934.0
Sorghum,1986,TY Exports,(1000 MT),379.0
Sorghum,1986,TY Imp. from U.S.,(1000 MT),0.0
Sorghum,1986,TY Imports,(1000 MT),0.0
Sorghum,1986,Yield,(MT/HA),2.87
Sorghum,1987,Area Harvested,(1000 HA),1864.0
Sorghum,1987,Beginning Stocks,(1000 MT),1125.0
Sorghum,1987,Domestic Consumption,(1000 MT),5289.0
Sorghum,1987,Ending Stocks,(1000 MT),1190.0
Sorghum,1987,Exports,(1000 MT),74.0
Sorghum,1987,Feed Dom. Consumption,(1000 MT),2500.0
Sorghum,1987,FSI Consumption,(1000 MT),2789.0
Sorghum,1987,Imports,(1000 MT),0.0
Sorghum,1987,Production,(1000 MT),5428.0
Sorghum,1987,Total Distribution,(1000 MT),6553.0
Sorghum,1987,Total Supply,(1000 MT),6553.0
Sorghum,1987,TY Exports,(1000 MT),74.0
Sorghum,1987,TY Imp. from U.S.,(1000 MT),0.0
Sorghum,1987,TY Imports,(1000 MT),0.0
Sorghum,1987,Yield,(MT/HA),2.91
Sorghum,1988,Area Harvested,(1000 HA),1784.0
Sorghum,1988,Beginning Stocks,(1000 MT),1190.0
Sorghum,1988,Domestic Consumption,(1000 MT),4787.0
Sorghum,1988,Ending Stocks,(1000 MT),850.0
Sorghum,1988,Exports,(1000 MT),1147.0
Sorghum,1988,Feed Dom. Consumption,(1000 MT),1900.0
Sorghum,1988,FSI Consumption,(1000 MT),2887.0
Sorghum,1988,Imports,(1000 MT),0.0
Sorghum,1988,Production,(1000 MT),5594.0
Sorghum,1988,Total Distribution,(1000 MT),6784.0
Sorghum,1988,Total Supply,(1000 MT),6784.0
Sorghum,1988,TY Exports,(1000 MT),1147.0
Sorghum,1988,TY Imp. from U.S.,(1000 MT),0.0
Sorghum,1988,TY Imports,(1000 MT),0.0
Sorghum,1988,Yield,(MT/HA),3.14
Sorghum,1989,Area Harvested,(1000 HA),1630.0
Sorghum,1989,Beginning Stocks,(1000 MT),850.0
Sorghum,1989,Domestic Consumption,(1000 MT),4169.0
Sorghum,1989,Ending Stocks,(1000 MT),850.0
Sorghum,1989,Exports,(1000 MT),266.0
Sorghum,1989,Feed Dom. Consumption,(1000 MT),1000.0
Sorghum,1989,FSI Consumption,(1000 MT),3169.0
Sorghum,1989,Imports,(1000 MT),0.0
Sorghum,1989,Production,(1000 MT),4435.0
Sorghum,1989,Total Distribution,(1000 MT),5285.0
Sorghum,1989,Total Supply,(1000 MT),5285.0
Sorghum,1989,TY Exports,(1000 MT),266.0
Sorghum,1989,TY Imp. from U.S.,(1000 MT),0.0
Sorghum,1989,TY Imports,(1000 MT),0.0
Sorghum,1989,Yield,(MT/HA),2.72
Sorghum,1990,Area Harvested,(1000 HA),1545.0
Sorghum,1990,Beginning Stocks,(1000 MT),850.0
Sorghum,1990,Domestic Consumption,(1000 MT),4999.0
Sorghum,1990,Ending Stocks,(1000 MT),1200.0
Sorghum,1990,Exports,(1000 MT),326.0
Sorghum,1990,Feed Dom. Consumption,(1000 MT),2100.0
Sorghum,1990,FSI Consumption,(1000 MT),2899.0
Sorghum,1990,Imports,(1000 MT),0.0
Sorghum,1990,Production,(1000 MT),5675.0
Sorghum,1990,Total Distribution,(1000 MT),6525.0
Sorghum,1990,Total Supply,(1000 MT),6525.0
Sorghum,1990,TY Exports,(1000 MT),326.0
Sorghum,1990,TY Imp. from U.S.,(1000 MT),0.0
Sorghum,1990,TY Imports,(1000 MT),0.0
Sorghum,1990,Yield,(MT/HA),3.67
Sorghum,1991,Area Harvested,(1000 HA),1388.0
Sorghum,1991,Beginning Stocks,(1000 MT),1200.0
Sorghum,1991,Domestic Consumption,(1000 MT),4805.0
Sorghum,1991,Ending Stocks,(1000 MT),925.0
Sorghum,1991,Exports,(1000 MT),462.0
Sorghum,1991,Feed Dom. Consumption,(1000 MT),1900.0
Sorghum,1991,FSI Consumption,(1000 MT),2905.0
Sorghum,1991,Imports,(1000 MT),60.0
Sorghum,1991,Production,(1000 MT),4932.0
Sorghum,1991,Total Distribution,(1000 MT),6192.0
Sorghum,1991,Total Supply,(1000 MT),6192.0
Sorghum,1991,TY Exports,(1000 MT),462.0
Sorghum,1991,TY Imp. from U.S.,(1000 MT),0.0
Sorghum,1991,TY Imports,(1000 MT),60.0
Sorghum,1991,Yield,(MT/HA),3.55
Sorghum,1992,Area Harvested,(1000 HA),1300.0
Sorghum,1992,Beginning Stocks,(1000 MT),925.0
Sorghum,1992,Domestic Consumption,(1000 MT),4574.0
Sorghum,1992,Ending Stocks,(1000 MT),700.0
Sorghum,1992,Exports,(1000 MT),391.0
Sorghum,1992,Feed Dom. Consumption,(1000 MT),1500.0
Sorghum,1992,FSI Consumption,(1000 MT),3074.0
Sorghum,1992,Imports,(1000 MT),0.0
Sorghum,1992,Production,(1000 MT),4740.0
Sorghum,1992,Total Distribution,(1000 MT),5665.0
Sorghum,1992,Total Supply,(1000 MT),5665.0
Sorghum,1992,TY Exports,(1000 MT),391.0
Sorghum,1992,TY Imp. from U.S.,(1000 MT),0.0
Sorghum,1992,TY Imports,(1000 MT),0.0
Sorghum,1992,Yield,(MT/HA),3.65
Sorghum,1993,Area Harvested,(1000 HA),1340.0
Sorghum,1993,Beginning Stocks,(1000 MT),700.0
Sorghum,1993,Domestic Consumption,(1000 MT),5416.0
Sorghum,1993,Ending Stocks,(1000 MT),550.0
Sorghum,1993,Exports,(1000 MT),245.0
Sorghum,1993,Feed Dom. Consumption,(1000 MT),2400.0
Sorghum,1993,FSI Consumption,(1000 MT),3016.0
Sorghum,1993,Imports,(1000 MT),0.0
Sorghum,1993,Production,(1000 MT),5511.0
Sorghum,1993,Total Distribution,(1000 MT),6211.0
Sorghum,1993,Total Supply,(1000 MT),6211.0
Sorghum,1993,TY Exports,(1000 MT),245.0
Sorghum,1993,TY Imp. from U.S.,(1000 MT),0.0
Sorghum,1993,TY Imports,(1000 MT),0.0
Sorghum,1993,Yield,(MT/HA),4.11
Sorghum,1994,Area Harvested,(1000 HA),1370.0
Sorghum,1994,Beginning Stocks,(1000 MT),550.0
Sorghum,1994,Domestic Consumption,(1000 MT),6355.0
Sorghum,1994,Ending Stocks,(1000 MT),325.0
Sorghum,1994,Exports,(1000 MT),188.0
Sorghum,1994,Feed Dom. Consumption,(1000 MT),3300.0
Sorghum,1994,FSI Consumption,(1000 MT),3055.0
Sorghum,1994,Imports,(1000 MT),18.0
Sorghum,1994,Production,(1000 MT),6300.0
Sorghum,1994,Total Distribution,(1000 MT),6868.0
Sorghum,1994,Total Supply,(1000 MT),6868.0
Sorghum,1994,TY Exports,(1000 MT),188.0
Sorghum,1994,TY Imp. from U.S.,(1000 MT),0.0
Sorghum,1994,TY Imports,(1000 MT),18.0
Sorghum,1994,Yield,(MT/HA),4.6
Sorghum,1995,Area Harvested,(1000 HA),1216.0
Sorghum,1995,Beginning Stocks,(1000 MT),325.0
Sorghum,1995,Domestic Consumption,(1000 MT),4935.0
Sorghum,1995,Ending Stocks,(1000 MT),125.0
Sorghum,1995,Exports,(1000 MT),20.0
Sorghum,1995,Feed Dom. Consumption,(1000 MT),2000.0
Sorghum,1995,FSI Consumption,(1000 MT),2935.0
Sorghum,1995,Imports,(1000 MT),0.0
Sorghum,1995,Production,(1000 MT),4755.0
Sorghum,1995,Total Distribution,(1000 MT),5080.0
Sorghum,1995,Total Supply,(1000 MT),5080.0
Sorghum,1995,TY Exports,(1000 MT),20.0
Sorghum,1995,TY Imp. from U.S.,(1000 MT),0.0
Sorghum,1995,TY Imports,(1000 MT),0.0
Sorghum,1995,Yield,(MT/HA),3.91
Sorghum,1996,Area Harvested,(1000 HA),1292.0
Sorghum,1996,Beginning Stocks,(1000 MT),125.0
Sorghum,1996,Domestic Consumption,(1000 MT),5379.0
Sorghum,1996,Ending Stocks,(1000 MT),325.0
Sorghum,1996,Exports,(1000 MT),97.0
Sorghum,1996,Feed Dom. Consumption,(1000 MT),2300.0
Sorghum,1996,FSI Consumption,(1000 MT),3079.0
Sorghum,1996,Imports,(1000 MT),0.0
Sorghum,1996,Production,(1000 MT),5676.0
Sorghum,1996,Total Distribution,(1000 MT),5801.0
Sorghum,1996,Total Supply,(1000 MT),5801.0
Sorghum,1996,TY Exports,(1000 MT),97.0
Sorghum,1996,TY Imp. from U.S.,(1000 MT),0.0
Sorghum,1996,TY Imports,(1000 MT),0.0
Sorghum,1996,Yield,(MT/HA),4.39
Sorghum,1997,Area Harvested,(1000 HA),1084.0
Sorghum,1997,Beginning Stocks,(1000 MT),325.0
Sorghum,1997,Domestic Consumption,(1000 MT),3650.0
Sorghum,1997,Ending Stocks,(1000 MT),285.0
Sorghum,1997,Exports,(1000 MT),30.0
Sorghum,1997,Feed Dom. Consumption,(1000 MT),1650.0
Sorghum,1997,FSI Consumption,(1000 MT),2000.0
Sorghum,1997,Imports,(1000 MT),0.0
Sorghum,1997,Production,(1000 MT),3640.0
Sorghum,1997,Total Distribution,(1000 MT),3965.0
Sorghum,1997,Total Supply,(1000 MT),3965.0
Sorghum,1997,TY Exports,(1000 MT),30.0
Sorghum,1997,TY Imp. from U.S.,(1000 MT),0.0
Sorghum,1997,TY Imports,(1000 MT),0.0
Sorghum,1997,Yield,(MT/HA),3.36
Sorghum,1998,Area Harvested,(1000 HA),969.0
Sorghum,1998,Beginning Stocks,(1000 MT),285.0
Sorghum,1998,Domestic Consumption,(1000 MT),4134.0
Sorghum,1998,Ending Stocks,(1000 MT),221.0
Sorghum,1998,Exports,(1000 MT),17.0
Sorghum,1998,Feed Dom. Consumption,(1000 MT),2034.0
Sorghum,1998,FSI Consumption,(1000 MT),2100.0
Sorghum,1998,Imports,(1000 MT),0.0
Sorghum,1998,Production,(1000 MT),4087.0
Sorghum,1998,Total Distribution,(1000 MT),4372.0
Sorghum,1998,Total Supply,(1000 MT),4372.0
Sorghum,1998,TY Exports,(1000 MT),17.0
Sorghum,1998,TY Imp. from U.S.,(1000 MT),0.0
Sorghum,1998,TY Imports,(1000 MT),0.0
Sorghum,1998,Yield,(MT/HA),4.22
Sorghum,1999,Area Harvested,(1000 HA),979.0
Sorghum,1999,Beginning Stocks,(1000 MT),221.0
Sorghum,1999,Domestic Consumption,(1000 MT),3319.0
Sorghum,1999,Ending Stocks,(1000 MT),126.0
Sorghum,1999,Exports,(1000 MT),18.0
Sorghum,1999,Feed Dom. Consumption,(1000 MT),900.0
Sorghum,1999,FSI Consumption,(1000 MT),2419.0
Sorghum,1999,Imports,(1000 MT),0.0
Sorghum,1999,Production,(1000 MT),3242.0
Sorghum,1999,Total Distribution,(1000 MT),3463.0
Sorghum,1999,Total Supply,(1000 MT),3463.0
Sorghum,1999,TY Exports,(1000 MT),18.0
Sorghum,1999,TY Imp. from U.S.,(1000 MT),0.0
Sorghum,1999,TY Imports,(1000 MT),0.0
Sorghum,1999,Yield,(MT/HA),3.31
Sorghum,2000,Area Harvested,(1000 HA),889.0
Sorghum,2000,Beginning Stocks,(1000 MT),126.0
Sorghum,2000,Domestic Consumption,(1000 MT),2561.0
Sorghum,2000,Ending Stocks,(1000 MT),150.0
Sorghum,2000,Exports,(1000 MT),19.0
Sorghum,2000,Feed Dom. Consumption,(1000 MT),477.0
Sorghum,2000,FSI Consumption,(1000 MT),2084.0
Sorghum,2000,Imports,(1000 MT),22.0
Sorghum,2000,Production,(1000 MT),2582.0
Sorghum,2000,Total Distribution,(1000 MT),2730.0
Sorghum,2000,Total Supply,(1000 MT),2730.0
Sorghum,2000,TY Exports,(1000 MT),19.0
Sorghum,2000,TY Imp. from U.S.,(1000 MT),22.0
Sorghum,2000,TY Imports,(1000 MT),22.0
Sorghum,2000,Yield,(MT/HA),2.9
Sorghum,2001,Area Harvested,(1000 HA),783.0
Sorghum,2001,Beginning Stocks,(1000 MT),150.0
Sorghum,2001,Domestic Consumption,(1000 MT),2700.0
Sorghum,2001,Ending Stocks,(1000 MT),131.0
Sorghum,2001,Exports,(1000 MT),19.0
Sorghum,2001,Feed Dom. Consumption,(1000 MT),700.0
Sorghum,2001,FSI Consumption,(1000 MT),2000.0
Sorghum,2001,Imports,(1000 MT),3.0
Sorghum,2001,Production,(1000 MT),2697.0
Sorghum,2001,Total Distribution,(1000 MT),2850.0
Sorghum,2001,Total Supply,(1000 MT),2850.0
Sorghum,2001,TY Exports,(1000 MT),19.0
Sorghum,2001,TY Imp. from U.S.,(1000 MT),0.0
Sorghum,2001,TY Imports,(1000 MT),3.0
Sorghum,2001,Yield,(MT/HA),3.44
Sorghum,2002,Area Harvested,(1000 HA),843.0
Sorghum,2002,Beginning Stocks,(1000 MT),131.0
Sorghum,2002,Domestic Consumption,(1000 MT),2725.0
Sorghum,2002,Ending Stocks,(1000 MT),647.0
Sorghum,2002,Exports,(1000 MT),88.0
Sorghum,2002,Feed Dom. Consumption,(1000 MT),725.0
Sorghum,2002,FSI Consumption,(1000 MT),2000.0
Sorghum,2002,Imports,(1000 MT),2.0
Sorghum,2002,Production,(1000 MT),3327.0
Sorghum,2002,Total Distribution,(1000 MT),3460.0
Sorghum,2002,Total Supply,(1000 MT),3460.0
Sorghum,2002,TY Exports,(1000 MT),88.0
Sorghum,2002,TY Imp. from U.S.,(1000 MT),0.0
Sorghum,2002,TY Imports,(1000 MT),2.0
Sorghum,2002,Yield,(MT/HA),3.95
Sorghum,2003,Area Harvested,(1000 HA),722.0
Sorghum,2003,Beginning Stocks,(1000 MT),647.0
Sorghum,2003,Domestic Consumption,(1000 MT),2650.0
Sorghum,2003,Ending Stocks,(1000 MT),694.0
Sorghum,2003,Exports,(1000 MT),168.0
Sorghum,2003,Feed Dom. Consumption,(1000 MT),750.0
Sorghum,2003,FSI Consumption,(1000 MT),1900.0
Sorghum,2003,Imports,(1000 MT),3.0
Sorghum,2003,Production,(1000 MT),2862.0
Sorghum,2003,Total Distribution,(1000 MT),3512.0
Sorghum,2003,Total Supply,(1000 MT),3512.0
Sorghum,2003,TY Exports,(1000 MT),168.0
Sorghum,2003,TY Imp. from U.S.,(1000 MT),0.0
Sorghum,2003,TY Imports,(1000 MT),3.0
Sorghum,2003,Yield,(MT/HA),3.96
Sorghum,2004,Area Harvested,(1000 HA),567.0
Sorghum,2004,Beginning Stocks,(1000 MT),694.0
Sorghum,2004,Domestic Consumption,(1000 MT),2300.0
Sorghum,2004,Ending Stocks,(1000 MT),702.0
Sorghum,2004,Exports,(1000 MT),28.0
Sorghum,2004,Feed Dom. Consumption,(1000 MT),500.0
Sorghum,2004,FSI Consumption,(1000 MT),1800.0
Sorghum,2004,Imports,(1000 MT),9.0
Sorghum,2004,Production,(1000 MT),2327.0
Sorghum,2004,Total Distribution,(1000 MT),3030.0
Sorghum,2004,Total Supply,(1000 MT),3030.0
Sorghum,2004,TY Exports,(1000 MT),28.0
Sorghum,2004,TY Imp. from U.S.,(1000 MT),0.0
Sorghum,2004,TY Imports,(1000 MT),9.0
Sorghum,2004,Yield,(MT/HA),4.1
Sorghum,2005,Area Harvested,(1000 HA),570.0
Sorghum,2005,Beginning Stocks,(1000 MT),702.0
Sorghum,2005,Domestic Consumption,(1000 MT),2300.0
Sorghum,2005,Ending Stocks,(1000 MT),931.0
Sorghum,2005,Exports,(1000 MT),26.0
Sorghum,2005,Feed Dom. Consumption,(1000 MT),500.0
Sorghum,2005,FSI Consumption,(1000 MT),1800.0
Sorghum,2005,Imports,(1000 MT),9.0
Sorghum,2005,Production,(1000 MT),2546.0
Sorghum,2005,Total Distribution,(1000 MT),3257.0
Sorghum,2005,Total Supply,(1000 MT),3257.0
Sorghum,2005,TY Exports,(1000 MT),26.0
Sorghum,2005,TY Imp. from U.S.,(1000 MT),0.0
Sorghum,2005,TY Imports,(1000 MT),9.0
Sorghum,2005,Yield,(MT/HA),4.47
Sorghum,2006,Area Harvested,(1000 HA),733.0
Sorghum,2006,Beginning Stocks,(1000 MT),931.0
Sorghum,2006,Domestic Consumption,(1000 MT),2050.0
Sorghum,2006,Ending Stocks,(1000 MT),923.0
Sorghum,2006,Exports,(1000 MT),144.0
Sorghum,2006,Feed Dom. Consumption,(1000 MT),150.0
Sorghum,2006,FSI Consumption,(1000 MT),1900.0
Sorghum,2006,Imports,(1000 MT),4.0
Sorghum,2006,Production,(1000 MT),2182.0
Sorghum,2006,Total Distribution,(1000 MT),3117.0
Sorghum,2006,Total Supply,(1000 MT),3117.0
Sorghum,2006,TY Exports,(1000 MT),144.0
Sorghum,2006,TY Imp. from U.S.,(1000 MT),0.0
Sorghum,2006,TY Imports,(1000 MT),4.0
Sorghum,2006,Yield,(MT/HA),2.98
Sorghum,2007,Area Harvested,(1000 HA),523.0
Sorghum,2007,Beginning Stocks,(1000 MT),923.0
Sorghum,2007,Domestic Consumption,(1000 MT),2000.0
Sorghum,2007,Ending Stocks,(1000 MT),461.0
Sorghum,2007,Exports,(1000 MT),223.0
Sorghum,2007,Feed Dom. Consumption,(1000 MT),100.0
Sorghum,2007,FSI Consumption,(1000 MT),1900.0
Sorghum,2007,Imports,(1000 MT),12.0
Sorghum,2007,Production,(1000 MT),1749.0
Sorghum,2007,Total Distribution,(1000 MT),2684.0
Sorghum,2007,Total Supply,(1000 MT),2684.0
Sorghum,2007,TY Exports,(1000 MT),223.0
Sorghum,2007,TY Imp. from U.S.,(1000 MT),0.0
Sorghum,2007,TY Imports,(1000 MT),12.0
Sorghum,2007,Yield,(MT/HA),3.34
Sorghum,2008,Area Harvested,(1000 HA),517.0
Sorghum,2008,Beginning Stocks,(1000 MT),461.0
Sorghum,2008,Domestic Consumption,(1000 MT),2000.0
Sorghum,2008,Ending Stocks,(1000 MT),192.0
Sorghum,2008,Exports,(1000 MT),32.0
Sorghum,2008,Feed Dom. Consumption,(1000 MT),100.0
Sorghum,2008,FSI Consumption,(1000 MT),1900.0
Sorghum,2008,Imports,(1000 MT),14.0
Sorghum,2008,Production,(1000 MT),1749.0
Sorghum,2008,Total Distribution,(1000 MT),2224.0
Sorghum,2008,Total Supply,(1000 MT),2224.0
Sorghum,2008,TY Exports,(1000 MT),32.0
Sorghum,2008,TY Imp. from U.S.,(1000 MT),9.0
Sorghum,2008,TY Imports,(1000 MT),14.0
Sorghum,2008,Yield,(MT/HA),3.38
Sorghum,2009,Area Harvested,(1000 HA),488.0
Sorghum,2009,Beginning Stocks,(1000 MT),192.0
Sorghum,2009,Domestic Consumption,(1000 MT),1700.0
Sorghum,2009,Ending Stocks,(1000 MT),37.0
Sorghum,2009,Exports,(1000 MT),41.0
Sorghum,2009,Feed Dom. Consumption,(1000 MT),100.0
Sorghum,2009,FSI Consumption,(1000 MT),1600.0
Sorghum,2009,Imports,(1000 MT),83.0
Sorghum,2009,Production,(1000 MT),1503.0
Sorghum,2009,Total Distribution,(1000 MT),1778.0
Sorghum,2009,Total Supply,(1000 MT),1778.0
Sorghum,2009,TY Exports,(1000 MT),41.0
Sorghum,2009,TY Imp. from U.S.,(1000 MT),0.0
Sorghum,2009,TY Imports,(1000 MT),83.0
Sorghum,2009,Yield,(MT/HA),3.08
Sorghum,2010,Area Harvested,(1000 HA),510.0
Sorghum,2010,Beginning Stocks,(1000 MT),37.0
Sorghum,2010,Domestic Consumption,(1000 MT),1800.0
Sorghum,2010,Ending Stocks,(1000 MT),106.0
Sorghum,2010,Exports,(1000 MT),68.0
Sorghum,2010,Feed Dom. Consumption,(1000 MT),100.0
Sorghum,2010,FSI Consumption,(1000 MT),1700.0
Sorghum,2010,Imports,(1000 MT),4.0
Sorghum,2010,Production,(1000 MT),1933.0
Sorghum,2010,Total Distribution,(1000 MT),1974.0
Sorghum,2010,Total Supply,(1000 MT),1974.0
Sorghum,2010,TY Exports,(1000 MT),68.0
Sorghum,2010,TY Imp. from U.S.,(1000 MT),0.0
Sorghum,2010,TY Imports,(1000 MT),4.0
Sorghum,2010,Yield,(MT/HA),3.79
Sorghum,2011,Area Harvested,(1000 HA),454.0
Sorghum,2011,Beginning Stocks,(1000 MT),106.0
Sorghum,2011,Domestic Consumption,(1000 MT),2000.0
Sorghum,2011,Ending Stocks,(1000 MT),46.0
Sorghum,2011,Exports,(1000 MT),36.0
Sorghum,2011,Feed Dom. Consumption,(1000 MT),200.0
Sorghum,2011,FSI Consumption,(1000 MT),1800.0
Sorghum,2011,Imports,(1000 MT),84.0
Sorghum,2011,Production,(1000 MT),1892.0
Sorghum,2011,Total Distribution,(1000 MT),2082.0
Sorghum,2011,Total Supply,(1000 MT),2082.0
Sorghum,2011,TY Exports,(1000 MT),36.0
Sorghum,2011,TY Imp. from U.S.,(1000 MT),0.0
Sorghum,2011,TY Imports,(1000 MT),84.0
Sorghum,2011,Yield,(MT/HA),4.17
Sorghum,2012,Area Harvested,(1000 HA),489.0
Sorghum,2012,Beginning Stocks,(1000 MT),46.0
Sorghum,2012,Domestic Consumption,(1000 MT),2500.0
Sorghum,2012,Ending Stocks,(1000 MT),140.0
Sorghum,2012,Exports,(1000 MT),27.0
Sorghum,2012,Feed Dom. Consumption,(1000 MT),700.0
Sorghum,2012,FSI Consumption,(1000 MT),1800.0
Sorghum,2012,Imports,(1000 MT),631.0
Sorghum,2012,Production,(1000 MT),1990.0
Sorghum,2012,Total Distribution,(1000 MT),2667.0
Sorghum,2012,Total Supply,(1000 MT),2667.0
Sorghum,2012,TY Exports,(1000 MT),27.0
Sorghum,2012,TY Imp. from U.S.,(1000 MT),123.0
Sorghum,2012,TY Imports,(1000 MT),631.0
Sorghum,2012,Yield,(MT/HA),4.07
Sorghum,2013,Area Harvested,(1000 HA),487.0
Sorghum,2013,Beginning Stocks,(1000 MT),140.0
Sorghum,2013,Domestic Consumption,(1000 MT),6500.0
Sorghum,2013,Ending Stocks,(1000 MT),220.0
Sorghum,2013,Exports,(1000 MT),11.0
Sorghum,2013,Feed Dom. Consumption,(1000 MT),4500.0
Sorghum,2013,FSI Consumption,(1000 MT),2000.0
Sorghum,2013,Imports,(1000 MT),4161.0
Sorghum,2013,Production,(1000 MT),2430.0
Sorghum,2013,Total Distribution,(1000 MT),6731.0
Sorghum,2013,Total Supply,(1000 MT),6731.0
Sorghum,2013,TY Exports,(1000 MT),11.0
Sorghum,2013,TY Imp. from U.S.,(1000 MT),4805.0
Sorghum,2013,TY Imports,(1000 MT),4161.0
Sorghum,2013,Yield,(MT/HA),4.99
Sorghum,2014,Area Harvested,(1000 HA),491.0
Sorghum,2014,Beginning Stocks,(1000 MT),220.0
Sorghum,2014,Domestic Consumption,(1000 MT),12700.0
Sorghum,2014,Ending Stocks,(1000 MT),173.0
Sorghum,2014,Exports,(1000 MT),9.0
Sorghum,2014,Feed Dom. Consumption,(1000 MT),10500.0
Sorghum,2014,FSI Consumption,(1000 MT),2200.0
Sorghum,2014,Imports,(1000 MT),10162.0
Sorghum,2014,Production,(1000 MT),2500.0
Sorghum,2014,Total Distribution,(1000 MT),12882.0
Sorghum,2014,Total Supply,(1000 MT),12882.0
Sorghum,2014,TY Exports,(1000 MT),9.0
Sorghum,2014,TY Imp. from U.S.,(1000 MT),8719.0
Sorghum,2014,TY Imports,(1000 MT),10162.0
Sorghum,2014,Yield,(MT/HA),5.09
Sorghum,2015,Area Harvested,(1000 HA),425.0
Sorghum,2015,Beginning Stocks,(1000 MT),173.0
Sorghum,2015,Domestic Consumption,(1000 MT),10500.0
Sorghum,2015,Ending Stocks,(1000 MT),137.0
Sorghum,2015,Exports,(1000 MT),23.0
Sorghum,2015,Feed Dom. Consumption,(1000 MT),8400.0
Sorghum,2015,FSI Consumption,(1000 MT),2100.0
Sorghum,2015,Imports,(1000 MT),8284.0
Sorghum,2015,Production,(1000 MT),2203.0
Sorghum,2015,Total Distribution,(1000 MT),10660.0
Sorghum,2015,Total Supply,(1000 MT),10660.0
Sorghum,2015,TY Exports,(1000 MT),23.0
Sorghum,2015,TY Imp. from U.S.,(1000 MT),6300.0
Sorghum,2015,TY Imports,(1000 MT),8284.0
Sorghum,2015,Yield,(MT/HA),5.18
Sorghum,2016,Area Harvested,(1000 HA),473.0
Sorghum,2016,Beginning Stocks,(1000 MT),137.0
Sorghum,2016,Domestic Consumption,(1000 MT),7400.0
Sorghum,2016,Ending Stocks,(1000 MT),147.0
Sorghum,2016,Exports,(1000 MT),34.0
Sorghum,2016,Feed Dom. Consumption,(1000 MT),5200.0
Sorghum,2016,FSI Consumption,(1000 MT),2200.0
Sorghum,2016,Imports,(1000 MT),5209.0
Sorghum,2016,Production,(1000 MT),2235.0
Sorghum,2016,Total Distribution,(1000 MT),7581.0
Sorghum,2016,Total Supply,(1000 MT),7581.0
Sorghum,2016,TY Exports,(1000 MT),34.0
Sorghum,2016,TY Imp. from U.S.,(1000 MT),4764.0
Sorghum,2016,TY Imports,(1000 MT),5209.0
Sorghum,2016,Yield,(MT/HA),4.73
Sorghum,2017,Area Harvested,(1000 HA),506.0
Sorghum,2017,Beginning Stocks,(1000 MT),147.0
Sorghum,2017,Domestic Consumption,(1000 MT),6900.0
Sorghum,2017,Ending Stocks,(1000 MT),105.0
Sorghum,2017,Exports,(1000 MT),43.0
Sorghum,2017,Feed Dom. Consumption,(1000 MT),4500.0
Sorghum,2017,FSI Consumption,(1000 MT),2400.0
Sorghum,2017,Imports,(1000 MT),4436.0
Sorghum,2017,Production,(1000 MT),2465.0
Sorghum,2017,Total Distribution,(1000 MT),7048.0
Sorghum,2017,Total Supply,(1000 MT),7048.0
Sorghum,2017,TY Exports,(1000 MT),43.0
Sorghum,2017,TY Imp. from U.S.,(1000 MT),3863.0
Sorghum,2017,TY Imports,(1000 MT),4436.0
Sorghum,2017,Yield,(MT/HA),4.87
Sorghum,2018,Area Harvested,(1000 HA),619.0
Sorghum,2018,Beginning Stocks,(1000 MT),105.0
Sorghum,2018,Domestic Consumption,(1000 MT),3600.0
Sorghum,2018,Ending Stocks,(1000 MT),17.0
Sorghum,2018,Exports,(1000 MT),49.0
Sorghum,2018,Feed Dom. Consumption,(1000 MT),1500.0
Sorghum,2018,FSI Consumption,(1000 MT),2100.0
Sorghum,2018,Imports,(1000 MT),652.0
Sorghum,2018,Production,(1000 MT),2909.0
Sorghum,2018,Total Distribution,(1000 MT),3666.0
Sorghum,2018,Total Supply,(1000 MT),3666.0
Sorghum,2018,TY Exports,(1000 MT),49.0
Sorghum,2018,TY Imp. from U.S.,(1000 MT),601.0
Sorghum,2018,TY Imports,(1000 MT),652.0
Sorghum,2018,Yield,(MT/HA),4.7
Sorghum,2019,Area Harvested,(1000 HA),640.0
Sorghum,2019,Beginning Stocks,(1000 MT),17.0
Sorghum,2019,Domestic Consumption,(1000 MT),6800.0
Sorghum,2019,Ending Stocks,(1000 MT),34.0
Sorghum,2019,Exports,(1000 MT),29.0
Sorghum,2019,Feed Dom. Consumption,(1000 MT),4200.0
Sorghum,2019,FSI Consumption,(1000 MT),2600.0
Sorghum,2019,Imports,(1000 MT),3709.0
Sorghum,2019,Production,(1000 MT),3137.0
Sorghum,2019,Total Distribution,(1000 MT),6863.0
Sorghum,2019,Total Supply,(1000 MT),6863.0
Sorghum,2019,TY Exports,(1000 MT),29.0
Sorghum,2019,TY Imp. from U.S.,(1000 MT),4012.0
Sorghum,2019,TY Imports,(1000 MT),3709.0
Sorghum,2019,Yield,(MT/HA),4.9
Sorghum,2020,Area Harvested,(1000 HA),635.0
Sorghum,2020,Beginning Stocks,(1000 MT),34.0
Sorghum,2020,Domestic Consumption,(1000 MT),11400.0
Sorghum,2020,Ending Stocks,(1000 MT),269.0
Sorghum,2020,Exports,(1000 MT),4.0
Sorghum,2020,Feed Dom. Consumption,(1000 MT),8700.0
Sorghum,2020,FSI Consumption,(1000 MT),2700.0
Sorghum,2020,Imports,(1000 MT),8669.0
Sorghum,2020,Production,(1000 MT),2970.0
Sorghum,2020,Total Distribution,(1000 MT),11673.0
Sorghum,2020,Total Supply,(1000 MT),11673.0
Sorghum,2020,TY Exports,(1000 MT),4.0
Sorghum,2020,TY Imp. from U.S.,(1000 MT),6386.0
Sorghum,2020,TY Imports,(1000 MT),8669.0
Sorghum,2020,Yield,(MT/HA),4.68
Sorghum,2021,Area Harvested,(1000 HA),713.0
Sorghum,2021,Beginning Stocks,(1000 MT),269.0
Sorghum,2021,Domestic Consumption,(1000 MT),14300.0
Sorghum,2021,Ending Stocks,(1000 MT),332.0
Sorghum,2021,Exports,(1000 MT),5.0
Sorghum,2021,Feed Dom. Consumption,(1000 MT),11000.0
Sorghum,2021,FSI Consumption,(1000 MT),3300.0
Sorghum,2021,Imports,(1000 MT),10991.0
Sorghum,2021,Production,(1000 MT),3377.0
Sorghum,2021,Total Distribution,(1000 MT),14637.0
Sorghum,2021,Total Supply,(1000 MT),14637.0
Sorghum,2021,TY Exports,(1000 MT),5.0
Sorghum,2021,TY Imp. from U.S.,(1000 MT),6474.0
Sorghum,2021,TY Imports,(1000 MT),10991.0
Sorghum,2021,Yield,(MT/HA),4.74
Sorghum,2022,Area Harvested,(1000 HA),675.0
Sorghum,2022,Beginning Stocks,(1000 MT),332.0
Sorghum,2022,Domestic Consumption,(1000 MT),7900.0
Sorghum,2022,Ending Stocks,(1000 MT),387.0
Sorghum,2022,Exports,(1000 MT),2.0
Sorghum,2022,Feed Dom. Consumption,(1000 MT),4800.0
Sorghum,2022,FSI Consumption,(1000 MT),3100.0
Sorghum,2022,Imports,(1000 MT),4863.0
Sorghum,2022,Production,(1000 MT),3094.0
Sorghum,2022,Total Distribution,(1000 MT),8289.0
Sorghum,2022,Total Supply,(1000 MT),8289.0
Sorghum,2022,TY Exports,(1000 MT),2.0
Sorghum,2022,TY Imp. from U.S.,(1000 MT),2435.0
Sorghum,2022,TY Imports,(1000 MT),4863.0
Sorghum,2022,Yield,(MT/HA),4.58
Sorghum,2023,Area Harvested,(1000 HA),630.0
Sorghum,2023,Beginning Stocks,(1000 MT),387.0
Sorghum,2023,Domestic Consumption,(1000 MT),11300.0
Sorghum,2023,Ending Stocks,(1000 MT),426.0
Sorghum,2023,Exports,(1000 MT),2.0
Sorghum,2023,Feed Dom. Consumption,(1000 MT),8000.0
Sorghum,2023,FSI Consumption,(1000 MT),3300.0
Sorghum,2023,Imports,(1000 MT),8341.0
Sorghum,2023,Production,(1000 MT),3000.0
Sorghum,2023,Total Distribution,(1000 MT),11728.0
Sorghum,2023,Total Supply,(1000 MT),11728.0
Sorghum,2023,TY Exports,(1000 MT),2.0
Sorghum,2023,TY Imp. from U.S.,(1000 MT),5449.0
Sorghum,2023,TY Imports,(1000 MT),8341.0
Sorghum,2023,Yield,(MT/HA),4.76
Sorghum,2024,Area Harvested,(1000 HA),630.0
Sorghum,2024,Beginning Stocks,(1000 MT),426.0
Sorghum,2024,Domestic Consumption,(1000 MT),8500.0
Sorghum,2024,Ending Stocks,(1000 MT),455.0
Sorghum,2024,Exports,(1000 MT),2.0
Sorghum,2024,Feed Dom. Consumption,(1000 MT),5500.0
Sorghum,2024,FSI Consumption,(1000 MT),3000.0
Sorghum,2024,Imports,(1000 MT),5531.0
Sorghum,2024,Production,(1000 MT),3000.0
Sorghum,2024,Total Distribution,(1000 MT),8957.0
Sorghum,2024,Total Supply,(1000 MT),8957.0
Sorghum,2024,TY Exports,(1000 MT),2.0
Sorghum,2024,TY Imp. from U.S.,(1000 MT),866.0
Sorghum,2024,TY Imports,(1000 MT),5531.0
Sorghum,2024,Yield,(MT/HA),4.76
Sorghum,2025,Area Harvested,(1000 HA),650.0
Sorghum,2025,Beginning Stocks,(1000 MT),455.0
Sorghum,2025,Domestic Consumption,(1000 MT),10700.0
Sorghum,2025,Ending Stocks,(1000 MT),350.0
Sorghum,2025,Exports,(1000 MT),5.0
Sorghum,2025,Feed Dom. Consumption,(1000 MT),7700.0
Sorghum,2025,FSI Consumption,(1000 MT),3000.0
Sorghum,2025,Imports,(1000 MT),7500.0
Sorghum,2025,Production,(1000 MT),3100.0
Sorghum,2025,Total Distribution,(1000 MT),11055.0
Sorghum,2025,Total Supply,(1000 MT),11055.0
Sorghum,2025,TY Exports,(1000 MT),5.0
Sorghum,2025,TY Imp. from U.S.,(1000 MT),0.0
Sorghum,2025,TY Imports,(1000 MT),7500.0
Sorghum,2025,Yield,(MT/HA),4.77
Sorghum,2026,Area Harvested,(1000 HA),650.0
Sorghum,2026,Beginning Stocks,(1000 MT),350.0
Sorghum,2026,Domestic Consumption,(1000 MT),10700.0
Sorghum,2026,Ending Stocks,(1000 MT),245.0
Sorghum,2026,Exports,(1000 MT),5.0
Sorghum,2026,Feed Dom. Consumption,(1000 MT),7700.0
Sorghum,2026,FSI Consumption,(1000 MT),3000.0
Sorghum,2026,Imports,(1000 MT),7500.0
Sorghum,2026,Production,(1000 MT),3100.0
Sorghum,2026,Total Distribution,(1000 MT),10950.0
Sorghum,2026,Total Supply,(1000 MT),10950.0
Sorghum,2026,TY Exports,(1000 MT),5.0
Sorghum,2026,TY Imp. from U.S.,(1000 MT),0.0
Sorghum,2026,TY Imports,(1000 MT),7500.0
Sorghum,2026,Yield,(MT/HA),4.77
Wheat,1960,Area Harvested,(1000 HA),26800.0
Wheat,1960,Beginning Stocks,(1000 MT),4000.0
Wheat,1960,Domestic Consumption,(1000 MT),23907.0
Wheat,1960,Ending Stocks,(1000 MT),3000.0
Wheat,1960,Exports,(1000 MT),2.0
Wheat,1960,Feed Dom. Consumption,(1000 MT),400.0
Wheat,1960,FSI Consumption,(1000 MT),23507.0
Wheat,1960,Imports,(1000 MT),1949.0
Wheat,1960,Production,(1000 MT),20960.0
Wheat,1960,Total Distribution,(1000 MT),26909.0
Wheat,1960,Total Supply,(1000 MT),26909.0
Wheat,1960,TY Exports,(1000 MT),2.0
Wheat,1960,TY Imp. from U.S.,(1000 MT),0.0
Wheat,1960,TY Imports,(1000 MT),1949.0
Wheat,1960,Yield,(MT/HA),0.78
Wheat,1961,Area Harvested,(1000 HA),25572.0
Wheat,1961,Beginning Stocks,(1000 MT),3000.0
Wheat,1961,Domestic Consumption,(1000 MT),20521.0
Wheat,1961,Ending Stocks,(1000 MT),1500.0
Wheat,1961,Exports,(1000 MT),122.0
Wheat,1961,Feed Dom. Consumption,(1000 MT),250.0
Wheat,1961,FSI Consumption,(1000 MT),20271.0
Wheat,1961,Imports,(1000 MT),4893.0
Wheat,1961,Production,(1000 MT),14250.0
Wheat,1961,Total Distribution,(1000 MT),22143.0
Wheat,1961,Total Supply,(1000 MT),22143.0
Wheat,1961,TY Exports,(1000 MT),122.0
Wheat,1961,TY Imp. from U.S.,(1000 MT),0.0
Wheat,1961,TY Imports,(1000 MT),4893.0
Wheat,1961,Yield,(MT/HA),0.56
Wheat,1962,Area Harvested,(1000 HA),24075.0
Wheat,1962,Beginning Stocks,(1000 MT),1500.0
Wheat,1962,Domestic Consumption,(1000 MT),19268.0
Wheat,1962,Ending Stocks,(1000 MT),3700.0
Wheat,1962,Exports,(1000 MT),89.0
Wheat,1962,Feed Dom. Consumption,(1000 MT),300.0
Wheat,1962,FSI Consumption,(1000 MT),18968.0
Wheat,1962,Imports,(1000 MT),4892.0
Wheat,1962,Production,(1000 MT),16665.0
Wheat,1962,Total Distribution,(1000 MT),23057.0
Wheat,1962,Total Supply,(1000 MT),23057.0
Wheat,1962,TY Exports,(1000 MT),89.0
Wheat,1962,TY Imp. from U.S.,(1000 MT),0.0
Wheat,1962,TY Imports,(1000 MT),4892.0
Wheat,1962,Yield,(MT/HA),0.69
Wheat,1963,Area Harvested,(1000 HA),23771.0
Wheat,1963,Beginning Stocks,(1000 MT),3700.0
Wheat,1963,Domestic Consumption,(1000 MT),23070.0
Wheat,1963,Ending Stocks,(1000 MT),4200.0
Wheat,1963,Exports,(1000 MT),113.0
Wheat,1963,Feed Dom. Consumption,(1000 MT),500.0
Wheat,1963,FSI Consumption,(1000 MT),22570.0
Wheat,1963,Imports,(1000 MT),5208.0
Wheat,1963,Production,(1000 MT),18475.0
Wheat,1963,Total Distribution,(1000 MT),27383.0
Wheat,1963,Total Supply,(1000 MT),27383.0
Wheat,1963,TY Exports,(1000 MT),113.0
Wheat,1963,TY Imp. from U.S.,(1000 MT),0.0
Wheat,1963,TY Imports,(1000 MT),5208.0
Wheat,1963,Yield,(MT/HA),0.78
Wheat,1964,Area Harvested,(1000 HA),25408.0
Wheat,1964,Beginning Stocks,(1000 MT),4200.0
Wheat,1964,Domestic Consumption,(1000 MT),26257.0
Wheat,1964,Ending Stocks,(1000 MT),3700.0
Wheat,1964,Exports,(1000 MT),115.0
Wheat,1964,Feed Dom. Consumption,(1000 MT),550.0
Wheat,1964,FSI Consumption,(1000 MT),25707.0
Wheat,1964,Imports,(1000 MT),5032.0
Wheat,1964,Production,(1000 MT),20840.0
Wheat,1964,Total Distribution,(1000 MT),30072.0
Wheat,1964,Total Supply,(1000 MT),30072.0
Wheat,1964,TY Exports,(1000 MT),115.0
Wheat,1964,TY Imp. from U.S.,(1000 MT),0.0
Wheat,1964,TY Imports,(1000 MT),5032.0
Wheat,1964,Yield,(MT/HA),0.82
Wheat,1965,Area Harvested,(1000 HA),24709.0
Wheat,1965,Beginning Stocks,(1000 MT),3700.0
Wheat,1965,Domestic Consumption,(1000 MT),30998.0
Wheat,1965,Ending Stocks,(1000 MT),4200.0
Wheat,1965,Exports,(1000 MT),4.0
Wheat,1965,Feed Dom. Consumption,(1000 MT),650.0
Wheat,1965,FSI Consumption,(1000 MT),30348.0
Wheat,1965,Imports,(1000 MT),6282.0
Wheat,1965,Production,(1000 MT),25220.0
Wheat,1965,Total Distribution,(1000 MT),35202.0
Wheat,1965,Total Supply,(1000 MT),35202.0
Wheat,1965,TY Exports,(1000 MT),4.0
Wheat,1965,TY Imp. from U.S.,(1000 MT),0.0
Wheat,1965,TY Imports,(1000 MT),6282.0
Wheat,1965,Yield,(MT/HA),1.02
Wheat,1966,Area Harvested,(1000 HA),23919.0
Wheat,1966,Beginning Stocks,(1000 MT),4200.0
Wheat,1966,Domestic Consumption,(1000 MT),30275.0
Wheat,1966,Ending Stocks,(1000 MT),4200.0
Wheat,1966,Exports,(1000 MT),30.0
Wheat,1966,Feed Dom. Consumption,(1000 MT),600.0
Wheat,1966,FSI Consumption,(1000 MT),29675.0
Wheat,1966,Imports,(1000 MT),5025.0
Wheat,1966,Production,(1000 MT),25280.0
Wheat,1966,Total Distribution,(1000 MT),34505.0
Wheat,1966,Total Supply,(1000 MT),34505.0
Wheat,1966,TY Exports,(1000 MT),30.0
Wheat,1966,TY Imp. from U.S.,(1000 MT),0.0
Wheat,1966,TY Imports,(1000 MT),5025.0
Wheat,1966,Yield,(MT/HA),1.06
Wheat,1967,Area Harvested,(1000 HA),25299.0
Wheat,1967,Beginning Stocks,(1000 MT),4200.0
Wheat,1967,Domestic Consumption,(1000 MT),29628.0
Wheat,1967,Ending Stocks,(1000 MT),7200.0
Wheat,1967,Exports,(1000 MT),13.0
Wheat,1967,Feed Dom. Consumption,(1000 MT),600.0
Wheat,1967,FSI Consumption,(1000 MT),29028.0
Wheat,1967,Imports,(1000 MT),4156.0
Wheat,1967,Production,(1000 MT),28485.0
Wheat,1967,Total Distribution,(1000 MT),36841.0
Wheat,1967,Total Supply,(1000 MT),36841.0
Wheat,1967,TY Exports,(1000 MT),13.0
Wheat,1967,TY Imp. from U.S.,(1000 MT),0.0
Wheat,1967,TY Imports,(1000 MT),4156.0
Wheat,1967,Yield,(MT/HA),1.13
Wheat,1968,Area Harvested,(1000 HA),24658.0
Wheat,1968,Beginning Stocks,(1000 MT),7200.0
Wheat,1968,Domestic Consumption,(1000 MT),30991.0
Wheat,1968,Ending Stocks,(1000 MT),7200.0
Wheat,1968,Exports,(1000 MT),1.0
Wheat,1968,Feed Dom. Consumption,(1000 MT),600.0
Wheat,1968,FSI Consumption,(1000 MT),30391.0
Wheat,1968,Imports,(1000 MT),3537.0
Wheat,1968,Production,(1000 MT),27455.0
Wheat,1968,Total Distribution,(1000 MT),38192.0
Wheat,1968,Total Supply,(1000 MT),38192.0
Wheat,1968,TY Exports,(1000 MT),1.0
Wheat,1968,TY Imp. from U.S.,(1000 MT),0.0
Wheat,1968,TY Imports,(1000 MT),3537.0
Wheat,1968,Yield,(MT/HA),1.11
Wheat,1969,Area Harvested,(1000 HA),25162.0
Wheat,1969,Beginning Stocks,(1000 MT),7200.0
Wheat,1969,Domestic Consumption,(1000 MT),32909.0
Wheat,1969,Ending Stocks,(1000 MT),6700.0
Wheat,1969,Exports,(1000 MT),1.0
Wheat,1969,Feed Dom. Consumption,(1000 MT),700.0
Wheat,1969,FSI Consumption,(1000 MT),32209.0
Wheat,1969,Imports,(1000 MT),5125.0
Wheat,1969,Production,(1000 MT),27285.0
Wheat,1969,Total Distribution,(1000 MT),39610.0
Wheat,1969,Total Supply,(1000 MT),39610.0
Wheat,1969,TY Exports,(1000 MT),1.0
Wheat,1969,TY Imp. from U.S.,(1000 MT),0.0
Wheat,1969,TY Imports,(1000 MT),5125.0
Wheat,1969,Yield,(MT/HA),1.08
Wheat,1970,Area Harvested,(1000 HA),25458.0
Wheat,1970,Beginning Stocks,(1000 MT),6700.0
Wheat,1970,Domestic Consumption,(1000 MT),32343.0
Wheat,1970,Ending Stocks,(1000 MT),7200.0
Wheat,1970,Exports,(1000 MT),3.0
Wheat,1970,Feed Dom. Consumption,(1000 MT),700.0
Wheat,1970,FSI Consumption,(1000 MT),31643.0
Wheat,1970,Imports,(1000 MT),3661.0
Wheat,1970,Production,(1000 MT),29185.0
Wheat,1970,Total Distribution,(1000 MT),39546.0
Wheat,1970,Total Supply,(1000 MT),39546.0
Wheat,1970,TY Exports,(1000 MT),3.0
Wheat,1970,TY Imp. from U.S.,(1000 MT),0.0
Wheat,1970,TY Imports,(1000 MT),3661.0
Wheat,1970,Yield,(MT/HA),1.15
Wheat,1971,Area Harvested,(1000 HA),25639.0
Wheat,1971,Beginning Stocks,(1000 MT),7200.0
Wheat,1971,Domestic Consumption,(1000 MT),33538.0
Wheat,1971,Ending Stocks,(1000 MT),9200.0
Wheat,1971,Exports,(1000 MT),5.0
Wheat,1971,Feed Dom. Consumption,(1000 MT),700.0
Wheat,1971,FSI Consumption,(1000 MT),32838.0
Wheat,1971,Imports,(1000 MT),2968.0
Wheat,1971,Production,(1000 MT),32575.0
Wheat,1971,Total Distribution,(1000 MT),42743.0
Wheat,1971,Total Supply,(1000 MT),42743.0
Wheat,1971,TY Exports,(1000 MT),5.0
Wheat,1971,TY Imp. from U.S.,(1000 MT),0.0
Wheat,1971,TY Imports,(1000 MT),2968.0
Wheat,1971,Yield,(MT/HA),1.27
Wheat,1972,Area Harvested,(1000 HA),26302.0
Wheat,1972,Beginning Stocks,(1000 MT),9200.0
Wheat,1972,Domestic Consumption,(1000 MT),37270.0
Wheat,1972,Ending Stocks,(1000 MT),13200.0
Wheat,1972,Exports,(1000 MT),5.0
Wheat,1972,Feed Dom. Consumption,(1000 MT),800.0
Wheat,1972,FSI Consumption,(1000 MT),36470.0
Wheat,1972,Imports,(1000 MT),5290.0
Wheat,1972,Production,(1000 MT),35985.0
Wheat,1972,Total Distribution,(1000 MT),50475.0
Wheat,1972,Total Supply,(1000 MT),50475.0
Wheat,1972,TY Exports,(1000 MT),5.0
Wheat,1972,TY Imp. from U.S.,(1000 MT),591.0
Wheat,1972,TY Imports,(1000 MT),5290.0
Wheat,1972,Yield,(MT/HA),1.37
Wheat,1973,Area Harvested,(1000 HA),26439.0
Wheat,1973,Beginning Stocks,(1000 MT),13200.0
Wheat,1973,Domestic Consumption,(1000 MT),41365.0
Wheat,1973,Ending Stocks,(1000 MT),12700.0
Wheat,1973,Exports,(1000 MT),5.0
Wheat,1973,Feed Dom. Consumption,(1000 MT),900.0
Wheat,1973,FSI Consumption,(1000 MT),40465.0
Wheat,1973,Imports,(1000 MT),5645.0
Wheat,1973,Production,(1000 MT),35225.0
Wheat,1973,Total Distribution,(1000 MT),54070.0
Wheat,1973,Total Supply,(1000 MT),54070.0
Wheat,1973,TY Exports,(1000 MT),5.0
Wheat,1973,TY Imp. from U.S.,(1000 MT),3190.0
Wheat,1973,TY Imports,(1000 MT),5645.0
Wheat,1973,Yield,(MT/HA),1.33
Wheat,1974,Area Harvested,(1000 HA),27061.0
Wheat,1974,Beginning Stocks,(1000 MT),12700.0
Wheat,1974,Domestic Consumption,(1000 MT),41606.0
Wheat,1974,Ending Stocks,(1000 MT),17700.0
Wheat,1974,Exports,(1000 MT),5.0
Wheat,1974,Feed Dom. Consumption,(1000 MT),900.0
Wheat,1974,FSI Consumption,(1000 MT),40706.0
Wheat,1974,Imports,(1000 MT),5746.0
Wheat,1974,Production,(1000 MT),40865.0
Wheat,1974,Total Distribution,(1000 MT),59311.0
Wheat,1974,Total Supply,(1000 MT),59311.0
Wheat,1974,TY Exports,(1000 MT),5.0
Wheat,1974,TY Imp. from U.S.,(1000 MT),1496.0
Wheat,1974,TY Imports,(1000 MT),5746.0
Wheat,1974,Yield,(MT/HA),1.51
Wheat,1975,Area Harvested,(1000 HA),27661.0
Wheat,1975,Beginning Stocks,(1000 MT),17700.0
Wheat,1975,Domestic Consumption,(1000 MT),43510.0
Wheat,1975,Ending Stocks,(1000 MT),21700.0
Wheat,1975,Exports,(1000 MT),0.0
Wheat,1975,Feed Dom. Consumption,(1000 MT),950.0
Wheat,1975,FSI Consumption,(1000 MT),42560.0
Wheat,1975,Imports,(1000 MT),2200.0
Wheat,1975,Production,(1000 MT),45310.0
Wheat,1975,Total Distribution,(1000 MT),65210.0
Wheat,1975,Total Supply,(1000 MT),65210.0
Wheat,1975,TY Exports,(1000 MT),0.0
Wheat,1975,TY Imp. from U.S.,(1000 MT),0.0
Wheat,1975,TY Imports,(1000 MT),2200.0
Wheat,1975,Yield,(MT/HA),1.64
Wheat,1976,Area Harvested,(1000 HA),28417.0
Wheat,1976,Beginning Stocks,(1000 MT),21700.0
Wheat,1976,Domestic Consumption,(1000 MT),48543.0
Wheat,1976,Ending Stocks,(1000 MT),26700.0
Wheat,1976,Exports,(1000 MT),0.0
Wheat,1976,Feed Dom. Consumption,(1000 MT),1100.0
Wheat,1976,FSI Consumption,(1000 MT),47443.0
Wheat,1976,Imports,(1000 MT),3158.0
Wheat,1976,Production,(1000 MT),50385.0
Wheat,1976,Total Distribution,(1000 MT),75243.0
Wheat,1976,Total Supply,(1000 MT),75243.0
Wheat,1976,TY Exports,(1000 MT),0.0
Wheat,1976,TY Imp. from U.S.,(1000 MT),0.0
Wheat,1976,TY Imports,(1000 MT),3158.0
Wheat,1976,Yield,(MT/HA),1.77
Wheat,1977,Area Harvested,(1000 HA),28065.0
Wheat,1977,Beginning Stocks,(1000 MT),26700.0
Wheat,1977,Domestic Consumption,(1000 MT),51675.0
Wheat,1977,Ending Stocks,(1000 MT),24700.0
Wheat,1977,Exports,(1000 MT),0.0
Wheat,1977,Feed Dom. Consumption,(1000 MT),1000.0
Wheat,1977,FSI Consumption,(1000 MT),50675.0
Wheat,1977,Imports,(1000 MT),8600.0
Wheat,1977,Production,(1000 MT),41075.0
Wheat,1977,Total Distribution,(1000 MT),76375.0
Wheat,1977,Total Supply,(1000 MT),76375.0
Wheat,1977,TY Exports,(1000 MT),0.0
Wheat,1977,TY Imp. from U.S.,(1000 MT),283.0
Wheat,1977,TY Imports,(1000 MT),8600.0
Wheat,1977,Yield,(MT/HA),1.46
Wheat,1978,Area Harvested,(1000 HA),29183.0
Wheat,1978,Beginning Stocks,(1000 MT),24700.0
Wheat,1978,Domestic Consumption,(1000 MT),52887.0
Wheat,1978,Ending Stocks,(1000 MT),33700.0
Wheat,1978,Exports,(1000 MT),0.0
Wheat,1978,Feed Dom. Consumption,(1000 MT),1200.0
Wheat,1978,FSI Consumption,(1000 MT),51687.0
Wheat,1978,Imports,(1000 MT),8047.0
Wheat,1978,Production,(1000 MT),53840.0
Wheat,1978,Total Distribution,(1000 MT),86587.0
Wheat,1978,Total Supply,(1000 MT),86587.0
Wheat,1978,TY Exports,(1000 MT),0.0
Wheat,1978,TY Imp. from U.S.,(1000 MT),2600.0
Wheat,1978,TY Imports,(1000 MT),8047.0
Wheat,1978,Yield,(MT/HA),1.84
Wheat,1979,Area Harvested,(1000 HA),29357.0
Wheat,1979,Beginning Stocks,(1000 MT),33700.0
Wheat,1979,Domestic Consumption,(1000 MT),66595.0
Wheat,1979,Ending Stocks,(1000 MT),38700.0
Wheat,1979,Exports,(1000 MT),0.0
Wheat,1979,Feed Dom. Consumption,(1000 MT),1500.0
Wheat,1979,FSI Consumption,(1000 MT),65095.0
Wheat,1979,Imports,(1000 MT),8865.0
Wheat,1979,Production,(1000 MT),62730.0
Wheat,1979,Total Distribution,(1000 MT),105295.0
Wheat,1979,Total Supply,(1000 MT),105295.0
Wheat,1979,TY Exports,(1000 MT),0.0
Wheat,1979,TY Imp. from U.S.,(1000 MT),2080.0
Wheat,1979,TY Imports,(1000 MT),8865.0
Wheat,1979,Yield,(MT/HA),2.14
Wheat,1980,Area Harvested,(1000 HA),29228.0
Wheat,1980,Beginning Stocks,(1000 MT),38700.0
Wheat,1980,Domestic Consumption,(1000 MT),75999.0
Wheat,1980,Ending Stocks,(1000 MT),31700.0
Wheat,1980,Exports,(1000 MT),0.0
Wheat,1980,Feed Dom. Consumption,(1000 MT),1600.0
Wheat,1980,FSI Consumption,(1000 MT),74399.0
Wheat,1980,Imports,(1000 MT),13789.0
Wheat,1980,Production,(1000 MT),55210.0
Wheat,1980,Total Distribution,(1000 MT),107699.0
Wheat,1980,Total Supply,(1000 MT),107699.0
Wheat,1980,TY Exports,(1000 MT),0.0
Wheat,1980,TY Imp. from U.S.,(1000 MT),8698.0
Wheat,1980,TY Imports,(1000 MT),13789.0
Wheat,1980,Yield,(MT/HA),1.89
Wheat,1981,Area Harvested,(1000 HA),28307.0
Wheat,1981,Beginning Stocks,(1000 MT),31700.0
Wheat,1981,Domestic Consumption,(1000 MT),78840.0
Wheat,1981,Ending Stocks,(1000 MT),25700.0
Wheat,1981,Exports,(1000 MT),0.0
Wheat,1981,Feed Dom. Consumption,(1000 MT),1700.0
Wheat,1981,FSI Consumption,(1000 MT),77140.0
Wheat,1981,Imports,(1000 MT),13200.0
Wheat,1981,Production,(1000 MT),59640.0
Wheat,1981,Total Distribution,(1000 MT),104540.0
Wheat,1981,Total Supply,(1000 MT),104540.0
Wheat,1981,TY Exports,(1000 MT),0.0
Wheat,1981,TY Imp. from U.S.,(1000 MT),8245.0
Wheat,1981,TY Imports,(1000 MT),13200.0
Wheat,1981,Yield,(MT/HA),2.11
Wheat,1982,Area Harvested,(1000 HA),27955.0
Wheat,1982,Beginning Stocks,(1000 MT),25700.0
Wheat,1982,Domestic Consumption,(1000 MT),79470.0
Wheat,1982,Ending Stocks,(1000 MT),27700.0
Wheat,1982,Exports,(1000 MT),0.0
Wheat,1982,Feed Dom. Consumption,(1000 MT),1700.0
Wheat,1982,FSI Consumption,(1000 MT),77770.0
Wheat,1982,Imports,(1000 MT),13000.0
Wheat,1982,Production,(1000 MT),68470.0
Wheat,1982,Total Distribution,(1000 MT),107170.0
Wheat,1982,Total Supply,(1000 MT),107170.0
Wheat,1982,TY Exports,(1000 MT),0.0
Wheat,1982,TY Imp. from U.S.,(1000 MT),4206.0
Wheat,1982,TY Imports,(1000 MT),13000.0
Wheat,1982,Yield,(MT/HA),2.45
Wheat,1983,Area Harvested,(1000 HA),29050.0
Wheat,1983,Beginning Stocks,(1000 MT),27700.0
Wheat,1983,Domestic Consumption,(1000 MT),82990.0
Wheat,1983,Ending Stocks,(1000 MT),35700.0
Wheat,1983,Exports,(1000 MT),0.0
Wheat,1983,Feed Dom. Consumption,(1000 MT),1800.0
Wheat,1983,FSI Consumption,(1000 MT),81190.0
Wheat,1983,Imports,(1000 MT),9600.0
Wheat,1983,Production,(1000 MT),81390.0
Wheat,1983,Total Distribution,(1000 MT),118690.0
Wheat,1983,Total Supply,(1000 MT),118690.0
Wheat,1983,TY Exports,(1000 MT),0.0
Wheat,1983,TY Imp. from U.S.,(1000 MT),3072.0
Wheat,1983,TY Imports,(1000 MT),9600.0
Wheat,1983,Yield,(MT/HA),2.8
Wheat,1984,Area Harvested,(1000 HA),29576.0
Wheat,1984,Beginning Stocks,(1000 MT),35700.0
Wheat,1984,Domestic Consumption,(1000 MT),89105.0
Wheat,1984,Ending Stocks,(1000 MT),41810.0
Wheat,1984,Exports,(1000 MT),0.0
Wheat,1984,Feed Dom. Consumption,(1000 MT),2100.0
Wheat,1984,FSI Consumption,(1000 MT),87005.0
Wheat,1984,Imports,(1000 MT),7400.0
Wheat,1984,Production,(1000 MT),87815.0
Wheat,1984,Total Distribution,(1000 MT),130915.0
Wheat,1984,Total Supply,(1000 MT),130915.0
Wheat,1984,TY Exports,(1000 MT),0.0
Wheat,1984,TY Imp. from U.S.,(1000 MT),2440.0
Wheat,1984,TY Imports,(1000 MT),7400.0
Wheat,1984,Yield,(MT/HA),2.97
Wheat,1985,Area Harvested,(1000 HA),29218.0
Wheat,1985,Beginning Stocks,(1000 MT),41810.0
Wheat,1985,Domestic Consumption,(1000 MT),95155.0
Wheat,1985,Ending Stocks,(1000 MT),39065.0
Wheat,1985,Exports,(1000 MT),0.0
Wheat,1985,Feed Dom. Consumption,(1000 MT),2300.0
Wheat,1985,FSI Consumption,(1000 MT),92855.0
Wheat,1985,Imports,(1000 MT),6600.0
Wheat,1985,Production,(1000 MT),85810.0
Wheat,1985,Total Distribution,(1000 MT),134220.0
Wheat,1985,Total Supply,(1000 MT),134220.0
Wheat,1985,TY Exports,(1000 MT),0.0
Wheat,1985,TY Imp. from U.S.,(1000 MT),510.0
Wheat,1985,TY Imports,(1000 MT),6600.0
Wheat,1985,Yield,(MT/HA),2.94
Wheat,1986,Area Harvested,(1000 HA),29616.0
Wheat,1986,Beginning Stocks,(1000 MT),39065.0
Wheat,1986,Domestic Consumption,(1000 MT),97265.0
Wheat,1986,Ending Stocks,(1000 MT),40650.0
Wheat,1986,Exports,(1000 MT),7.0
Wheat,1986,Feed Dom. Consumption,(1000 MT),2400.0
Wheat,1986,FSI Consumption,(1000 MT),94865.0
Wheat,1986,Imports,(1000 MT),8817.0
Wheat,1986,Production,(1000 MT),90040.0
Wheat,1986,Total Distribution,(1000 MT),137922.0
Wheat,1986,Total Supply,(1000 MT),137922.0
Wheat,1986,TY Exports,(1000 MT),7.0
Wheat,1986,TY Imp. from U.S.,(1000 MT),270.0
Wheat,1986,TY Imports,(1000 MT),8817.0
Wheat,1986,Yield,(MT/HA),3.04
Wheat,1987,Area Harvested,(1000 HA),28798.0
Wheat,1987,Beginning Stocks,(1000 MT),40650.0
Wheat,1987,Domestic Consumption,(1000 MT),99040.0
Wheat,1987,Ending Stocks,(1000 MT),44694.0
Wheat,1987,Exports,(1000 MT),7.0
Wheat,1987,Feed Dom. Consumption,(1000 MT),2500.0
Wheat,1987,FSI Consumption,(1000 MT),96540.0
Wheat,1987,Imports,(1000 MT),15327.0
Wheat,1987,Production,(1000 MT),87764.0
Wheat,1987,Total Distribution,(1000 MT),143741.0
Wheat,1987,Total Supply,(1000 MT),143741.0
Wheat,1987,TY Exports,(1000 MT),7.0
Wheat,1987,TY Imp. from U.S.,(1000 MT),4426.0
Wheat,1987,TY Imports,(1000 MT),15327.0
Wheat,1987,Yield,(MT/HA),3.05
Wheat,1988,Area Harvested,(1000 HA),28785.0
Wheat,1988,Beginning Stocks,(1000 MT),44694.0
Wheat,1988,Domestic Consumption,(1000 MT),101826.0
Wheat,1988,Ending Stocks,(1000 MT),43676.0
Wheat,1988,Exports,(1000 MT),8.0
Wheat,1988,Feed Dom. Consumption,(1000 MT),2600.0
Wheat,1988,FSI Consumption,(1000 MT),99226.0
Wheat,1988,Imports,(1000 MT),15384.0
Wheat,1988,Production,(1000 MT),85432.0
Wheat,1988,Total Distribution,(1000 MT),145510.0
Wheat,1988,Total Supply,(1000 MT),145510.0
Wheat,1988,TY Exports,(1000 MT),8.0
Wheat,1988,TY Imp. from U.S.,(1000 MT),7257.0
Wheat,1988,TY Imports,(1000 MT),15384.0
Wheat,1988,Yield,(MT/HA),2.97
Wheat,1989,Area Harvested,(1000 HA),29841.0
Wheat,1989,Beginning Stocks,(1000 MT),43676.0
Wheat,1989,Domestic Consumption,(1000 MT),102367.0
Wheat,1989,Ending Stocks,(1000 MT),44908.0
Wheat,1989,Exports,(1000 MT),8.0
Wheat,1989,Feed Dom. Consumption,(1000 MT),2600.0
Wheat,1989,FSI Consumption,(1000 MT),99767.0
Wheat,1989,Imports,(1000 MT),12800.0
Wheat,1989,Production,(1000 MT),90807.0
Wheat,1989,Total Distribution,(1000 MT),147283.0
Wheat,1989,Total Supply,(1000 MT),147283.0
Wheat,1989,TY Exports,(1000 MT),8.0
Wheat,1989,TY Imp. from U.S.,(1000 MT),5556.0
Wheat,1989,TY Imports,(1000 MT),12800.0
Wheat,1989,Yield,(MT/HA),3.04
Wheat,1990,Area Harvested,(1000 HA),30753.0
Wheat,1990,Beginning Stocks,(1000 MT),44908.0
Wheat,1990,Domestic Consumption,(1000 MT),102598.0
Wheat,1990,Ending Stocks,(1000 MT),49940.0
Wheat,1990,Exports,(1000 MT),8.0
Wheat,1990,Feed Dom. Consumption,(1000 MT),2700.0
Wheat,1990,FSI Consumption,(1000 MT),99898.0
Wheat,1990,Imports,(1000 MT),9409.0
Wheat,1990,Production,(1000 MT),98229.0
Wheat,1990,Total Distribution,(1000 MT),152546.0
Wheat,1990,Total Supply,(1000 MT),152546.0
Wheat,1990,TY Exports,(1000 MT),8.0
Wheat,1990,TY Imp. from U.S.,(1000 MT),3545.0
Wheat,1990,TY Imports,(1000 MT),9409.0
Wheat,1990,Yield,(MT/HA),3.19
Wheat,1991,Area Harvested,(1000 HA),30948.0
Wheat,1991,Beginning Stocks,(1000 MT),49940.0
Wheat,1991,Domestic Consumption,(1000 MT),105429.0
Wheat,1991,Ending Stocks,(1000 MT),56364.0
Wheat,1991,Exports,(1000 MT),10.0
Wheat,1991,Feed Dom. Consumption,(1000 MT),5000.0
Wheat,1991,FSI Consumption,(1000 MT),100429.0
Wheat,1991,Imports,(1000 MT),15863.0
Wheat,1991,Production,(1000 MT),96000.0
Wheat,1991,Total Distribution,(1000 MT),161803.0
Wheat,1991,Total Supply,(1000 MT),161803.0
Wheat,1991,TY Exports,(1000 MT),10.0
Wheat,1991,TY Imp. from U.S.,(1000 MT),5574.0
Wheat,1991,TY Imports,(1000 MT),15863.0
Wheat,1991,Yield,(MT/HA),3.1
Wheat,1992,Area Harvested,(1000 HA),30500.0
Wheat,1992,Beginning Stocks,(1000 MT),56364.0
Wheat,1992,Domestic Consumption,(1000 MT),104281.0
Wheat,1992,Ending Stocks,(1000 MT),60217.0
Wheat,1992,Exports,(1000 MT),184.0
Wheat,1992,Feed Dom. Consumption,(1000 MT),2750.0
Wheat,1992,FSI Consumption,(1000 MT),101531.0
Wheat,1992,Imports,(1000 MT),6728.0
Wheat,1992,Production,(1000 MT),101590.0
Wheat,1992,Total Distribution,(1000 MT),164682.0
Wheat,1992,Total Supply,(1000 MT),164682.0
Wheat,1992,TY Exports,(1000 MT),184.0
Wheat,1992,TY Imp. from U.S.,(1000 MT),2086.0
Wheat,1992,TY Imports,(1000 MT),6728.0
Wheat,1992,Yield,(MT/HA),3.33
Wheat,1993,Area Harvested,(1000 HA),30240.0
Wheat,1993,Beginning Stocks,(1000 MT),60217.0
Wheat,1993,Domestic Consumption,(1000 MT),105343.0
Wheat,1993,Ending Stocks,(1000 MT),64953.0
Wheat,1993,Exports,(1000 MT),631.0
Wheat,1993,Feed Dom. Consumption,(1000 MT),2700.0
Wheat,1993,FSI Consumption,(1000 MT),102643.0
Wheat,1993,Imports,(1000 MT),4320.0
Wheat,1993,Production,(1000 MT),106390.0
Wheat,1993,Total Distribution,(1000 MT),170927.0
Wheat,1993,Total Supply,(1000 MT),170927.0
Wheat,1993,TY Exports,(1000 MT),631.0
Wheat,1993,TY Imp. from U.S.,(1000 MT),1670.0
Wheat,1993,TY Imports,(1000 MT),4320.0
Wheat,1993,Yield,(MT/HA),3.52
Wheat,1994,Area Harvested,(1000 HA),28981.0
Wheat,1994,Beginning Stocks,(1000 MT),64953.0
Wheat,1994,Domestic Consumption,(1000 MT),105355.0
Wheat,1994,Ending Stocks,(1000 MT),68743.0
Wheat,1994,Exports,(1000 MT),411.0
Wheat,1994,Feed Dom. Consumption,(1000 MT),3000.0
Wheat,1994,FSI Consumption,(1000 MT),102355.0
Wheat,1994,Imports,(1000 MT),10256.0
Wheat,1994,Production,(1000 MT),99300.0
Wheat,1994,Total Distribution,(1000 MT),174509.0
Wheat,1994,Total Supply,(1000 MT),174509.0
Wheat,1994,TY Exports,(1000 MT),411.0
Wheat,1994,TY Imp. from U.S.,(1000 MT),3456.0
Wheat,1994,TY Imports,(1000 MT),10256.0
Wheat,1994,Yield,(MT/HA),3.43
Wheat,1995,Area Harvested,(1000 HA),28860.0
Wheat,1995,Beginning Stocks,(1000 MT),68743.0
Wheat,1995,Domestic Consumption,(1000 MT),106499.0
Wheat,1995,Ending Stocks,(1000 MT),76494.0
Wheat,1995,Exports,(1000 MT),496.0
Wheat,1995,Feed Dom. Consumption,(1000 MT),3200.0
Wheat,1995,FSI Consumption,(1000 MT),103299.0
Wheat,1995,Imports,(1000 MT),12531.0
Wheat,1995,Production,(1000 MT),102215.0
Wheat,1995,Total Distribution,(1000 MT),183489.0
Wheat,1995,Total Supply,(1000 MT),183489.0
Wheat,1995,TY Exports,(1000 MT),496.0
Wheat,1995,TY Imp. from U.S.,(1000 MT),2767.0
Wheat,1995,TY Imports,(1000 MT),12531.0
Wheat,1995,Yield,(MT/HA),3.54
Wheat,1996,Area Harvested,(1000 HA),29610.0
Wheat,1996,Beginning Stocks,(1000 MT),76494.0
Wheat,1996,Domestic Consumption,(1000 MT),107615.0
Wheat,1996,Ending Stocks,(1000 MT),81185.0
Wheat,1996,Exports,(1000 MT),969.0
Wheat,1996,Feed Dom. Consumption,(1000 MT),3400.0
Wheat,1996,FSI Consumption,(1000 MT),104215.0
Wheat,1996,Imports,(1000 MT),2705.0
Wheat,1996,Production,(1000 MT),110570.0
Wheat,1996,Total Distribution,(1000 MT),189769.0
Wheat,1996,Total Supply,(1000 MT),189769.0
Wheat,1996,TY Exports,(1000 MT),969.0
Wheat,1996,TY Imp. from U.S.,(1000 MT),841.0
Wheat,1996,TY Imports,(1000 MT),2705.0
Wheat,1996,Yield,(MT/HA),3.73
Wheat,1997,Area Harvested,(1000 HA),30057.0
Wheat,1997,Beginning Stocks,(1000 MT),81185.0
Wheat,1997,Domestic Consumption,(1000 MT),109056.0
Wheat,1997,Ending Stocks,(1000 MT),96172.0
Wheat,1997,Exports,(1000 MT),1162.0
Wheat,1997,Feed Dom. Consumption,(1000 MT),4900.0
Wheat,1997,FSI Consumption,(1000 MT),104156.0
Wheat,1997,Imports,(1000 MT),1916.0
Wheat,1997,Production,(1000 MT),123289.0
Wheat,1997,Total Distribution,(1000 MT),206390.0
Wheat,1997,Total Supply,(1000 MT),206390.0
Wheat,1997,TY Exports,(1000 MT),1162.0
Wheat,1997,TY Imp. from U.S.,(1000 MT),323.0
Wheat,1997,TY Imports,(1000 MT),1916.0
Wheat,1997,Yield,(MT/HA),4.1
Wheat,1998,Area Harvested,(1000 HA),29774.0
Wheat,1998,Beginning Stocks,(1000 MT),96172.0
Wheat,1998,Domestic Consumption,(1000 MT),108250.0
Wheat,1998,Ending Stocks,(1000 MT),97935.0
Wheat,1998,Exports,(1000 MT),542.0
Wheat,1998,Feed Dom. Consumption,(1000 MT),5000.0
Wheat,1998,FSI Consumption,(1000 MT),103250.0
Wheat,1998,Imports,(1000 MT),829.0
Wheat,1998,Production,(1000 MT),109726.0
Wheat,1998,Total Distribution,(1000 MT),206727.0
Wheat,1998,Total Supply,(1000 MT),206727.0
Wheat,1998,TY Exports,(1000 MT),542.0
Wheat,1998,TY Imp. from U.S.,(1000 MT),366.0
Wheat,1998,TY Imports,(1000 MT),829.0
Wheat,1998,Yield,(MT/HA),3.69
Wheat,1999,Area Harvested,(1000 HA),28855.0
Wheat,1999,Beginning Stocks,(1000 MT),97935.0
Wheat,1999,Domestic Consumption,(1000 MT),109340.0
Wheat,1999,Ending Stocks,(1000 MT),102943.0
Wheat,1999,Exports,(1000 MT),542.0
Wheat,1999,Feed Dom. Consumption,(1000 MT),6500.0
Wheat,1999,FSI Consumption,(1000 MT),102840.0
Wheat,1999,Imports,(1000 MT),1010.0
Wheat,1999,Production,(1000 MT),113880.0
Wheat,1999,Total Distribution,(1000 MT),212825.0
Wheat,1999,Total Supply,(1000 MT),212825.0
Wheat,1999,TY Exports,(1000 MT),542.0
Wheat,1999,TY Imp. from U.S.,(1000 MT),192.0
Wheat,1999,TY Imports,(1000 MT),1010.0
Wheat,1999,Yield,(MT/HA),3.95
Wheat,2000,Area Harvested,(1000 HA),26653.0
Wheat,2000,Beginning Stocks,(1000 MT),102943.0
Wheat,2000,Domestic Consumption,(1000 MT),110274.0
Wheat,2000,Ending Stocks,(1000 MT),91877.0
Wheat,2000,Exports,(1000 MT),623.0
Wheat,2000,Feed Dom. Consumption,(1000 MT),10000.0
Wheat,2000,FSI Consumption,(1000 MT),100274.0
Wheat,2000,Imports,(1000 MT),195.0
Wheat,2000,Production,(1000 MT),99636.0
Wheat,2000,Total Distribution,(1000 MT),202774.0
Wheat,2000,Total Supply,(1000 MT),202774.0
Wheat,2000,TY Exports,(1000 MT),623.0
Wheat,2000,TY Imp. from U.S.,(1000 MT),65.0
Wheat,2000,TY Imports,(1000 MT),195.0
Wheat,2000,Yield,(MT/HA),3.74
Wheat,2001,Area Harvested,(1000 HA),24664.0
Wheat,2001,Beginning Stocks,(1000 MT),91877.0
Wheat,2001,Domestic Consumption,(1000 MT),108742.0
Wheat,2001,Ending Stocks,(1000 MT),76588.0
Wheat,2001,Exports,(1000 MT),1512.0
Wheat,2001,Feed Dom. Consumption,(1000 MT),9000.0
Wheat,2001,FSI Consumption,(1000 MT),99742.0
Wheat,2001,Imports,(1000 MT),1092.0
Wheat,2001,Production,(1000 MT),93873.0
Wheat,2001,Total Distribution,(1000 MT),186842.0
Wheat,2001,Total Supply,(1000 MT),186842.0
Wheat,2001,TY Exports,(1000 MT),1512.0
Wheat,2001,TY Imp. from U.S.,(1000 MT),221.0
Wheat,2001,TY Imports,(1000 MT),1092.0
Wheat,2001,Yield,(MT/HA),3.81
Wheat,2002,Area Harvested,(1000 HA),23908.0
Wheat,2002,Beginning Stocks,(1000 MT),76588.0
Wheat,2002,Domestic Consumption,(1000 MT),105200.0
Wheat,2002,Ending Stocks,(1000 MT),60378.0
Wheat,2002,Exports,(1000 MT),1718.0
Wheat,2002,Feed Dom. Consumption,(1000 MT),6500.0
Wheat,2002,FSI Consumption,(1000 MT),98700.0
Wheat,2002,Imports,(1000 MT),418.0
Wheat,2002,Production,(1000 MT),90290.0
Wheat,2002,Total Distribution,(1000 MT),167296.0
Wheat,2002,Total Supply,(1000 MT),167296.0
Wheat,2002,TY Exports,(1000 MT),1718.0
Wheat,2002,TY Imp. from U.S.,(1000 MT),89.0
Wheat,2002,TY Imports,(1000 MT),418.0
Wheat,2002,Yield,(MT/HA),3.78
Wheat,2003,Area Harvested,(1000 HA),21997.0
Wheat,2003,Beginning Stocks,(1000 MT),60378.0
Wheat,2003,Domestic Consumption,(1000 MT),104500.0
Wheat,2003,Ending Stocks,(1000 MT),43292.0
Wheat,2003,Exports,(1000 MT),2824.0
Wheat,2003,Feed Dom. Consumption,(1000 MT),6000.0
Wheat,2003,FSI Consumption,(1000 MT),98500.0
Wheat,2003,Imports,(1000 MT),3749.0
Wheat,2003,Production,(1000 MT),86489.0
Wheat,2003,Total Distribution,(1000 MT),150616.0
Wheat,2003,Total Supply,(1000 MT),150616.0
Wheat,2003,TY Exports,(1000 MT),2824.0
Wheat,2003,TY Imp. from U.S.,(1000 MT),1466.0
Wheat,2003,TY Imports,(1000 MT),3749.0
Wheat,2003,Yield,(MT/HA),3.93
Wheat,2004,Area Harvested,(1000 HA),21626.0
Wheat,2004,Beginning Stocks,(1000 MT),43292.0
Wheat,2004,Domestic Consumption,(1000 MT),102000.0
Wheat,2004,Ending Stocks,(1000 MT),38820.0
Wheat,2004,Exports,(1000 MT),1171.0
Wheat,2004,Feed Dom. Consumption,(1000 MT),4000.0
Wheat,2004,FSI Consumption,(1000 MT),98000.0
Wheat,2004,Imports,(1000 MT),6747.0
Wheat,2004,Production,(1000 MT),91952.0
Wheat,2004,Total Distribution,(1000 MT),141991.0
Wheat,2004,Total Supply,(1000 MT),141991.0
Wheat,2004,TY Exports,(1000 MT),1171.0
Wheat,2004,TY Imp. from U.S.,(1000 MT),1786.0
Wheat,2004,TY Imports,(1000 MT),6747.0
Wheat,2004,Yield,(MT/HA),4.25
Wheat,2005,Area Harvested,(1000 HA),22793.0
Wheat,2005,Beginning Stocks,(1000 MT),38820.0
Wheat,2005,Domestic Consumption,(1000 MT),101500.0
Wheat,2005,Ending Stocks,(1000 MT),34497.0
Wheat,2005,Exports,(1000 MT),1397.0
Wheat,2005,Feed Dom. Consumption,(1000 MT),3500.0
Wheat,2005,FSI Consumption,(1000 MT),98000.0
Wheat,2005,Imports,(1000 MT),1129.0
Wheat,2005,Production,(1000 MT),97445.0
Wheat,2005,Total Distribution,(1000 MT),137394.0
Wheat,2005,Total Supply,(1000 MT),137394.0
Wheat,2005,TY Exports,(1000 MT),1397.0
Wheat,2005,TY Imp. from U.S.,(1000 MT),407.0
Wheat,2005,TY Imports,(1000 MT),1129.0
Wheat,2005,Yield,(MT/HA),4.28
Wheat,2006,Area Harvested,(1000 HA),23613.0
Wheat,2006,Beginning Stocks,(1000 MT),34497.0
Wheat,2006,Domestic Consumption,(1000 MT),102000.0
Wheat,2006,Ending Stocks,(1000 MT),38568.0
Wheat,2006,Exports,(1000 MT),2783.0
Wheat,2006,Feed Dom. Consumption,(1000 MT),4000.0
Wheat,2006,FSI Consumption,(1000 MT),98000.0
Wheat,2006,Imports,(1000 MT),388.0
Wheat,2006,Production,(1000 MT),108466.0
Wheat,2006,Total Distribution,(1000 MT),143351.0
Wheat,2006,Total Supply,(1000 MT),143351.0
Wheat,2006,TY Exports,(1000 MT),2783.0
Wheat,2006,TY Imp. from U.S.,(1000 MT),388.0
Wheat,2006,TY Imports,(1000 MT),388.0
Wheat,2006,Yield,(MT/HA),4.59
Wheat,2007,Area Harvested,(1000 HA),23762.0
Wheat,2007,Beginning Stocks,(1000 MT),38568.0
Wheat,2007,Domestic Consumption,(1000 MT),106000.0
Wheat,2007,Ending Stocks,(1000 MT),39274.0
Wheat,2007,Exports,(1000 MT),2835.0
Wheat,2007,Feed Dom. Consumption,(1000 MT),8000.0
Wheat,2007,FSI Consumption,(1000 MT),98000.0
Wheat,2007,Imports,(1000 MT),49.0
Wheat,2007,Production,(1000 MT),109492.0
Wheat,2007,Total Distribution,(1000 MT),148109.0
Wheat,2007,Total Supply,(1000 MT),148109.0
Wheat,2007,TY Exports,(1000 MT),2835.0
Wheat,2007,TY Imp. from U.S.,(1000 MT),16.0
Wheat,2007,TY Imports,(1000 MT),49.0
Wheat,2007,Yield,(MT/HA),4.61
Wheat,2008,Area Harvested,(1000 HA),23704.0
Wheat,2008,Beginning Stocks,(1000 MT),39274.0
Wheat,2008,Domestic Consumption,(1000 MT),105500.0
Wheat,2008,Ending Stocks,(1000 MT),46433.0
Wheat,2008,Exports,(1000 MT),723.0
Wheat,2008,Feed Dom. Consumption,(1000 MT),8000.0
Wheat,2008,FSI Consumption,(1000 MT),97500.0
Wheat,2008,Imports,(1000 MT),481.0
Wheat,2008,Production,(1000 MT),112901.0
Wheat,2008,Total Distribution,(1000 MT),152656.0
Wheat,2008,Total Supply,(1000 MT),152656.0
Wheat,2008,TY Exports,(1000 MT),723.0
Wheat,2008,TY Imp. from U.S.,(1000 MT),209.0
Wheat,2008,TY Imports,(1000 MT),481.0
Wheat,2008,Yield,(MT/HA),4.76
Wheat,2009,Area Harvested,(1000 HA),24425.0
Wheat,2009,Beginning Stocks,(1000 MT),46433.0
Wheat,2009,Domestic Consumption,(1000 MT),108500.0
Wheat,2009,Ending Stocks,(1000 MT),54231.0
Wheat,2009,Exports,(1000 MT),892.0
Wheat,2009,Feed Dom. Consumption,(1000 MT),11000.0
Wheat,2009,FSI Consumption,(1000 MT),97500.0
Wheat,2009,Imports,(1000 MT),1394.0
Wheat,2009,Production,(1000 MT),115796.0
Wheat,2009,Total Distribution,(1000 MT),163623.0
Wheat,2009,Total Supply,(1000 MT),163623.0
Wheat,2009,TY Exports,(1000 MT),892.0
Wheat,2009,TY Imp. from U.S.,(1000 MT),382.0
Wheat,2009,TY Imports,(1000 MT),1394.0
Wheat,2009,Yield,(MT/HA),4.74
Wheat,2010,Area Harvested,(1000 HA),24442.0
Wheat,2010,Beginning Stocks,(1000 MT),54231.0
Wheat,2010,Domestic Consumption,(1000 MT),111500.0
Wheat,2010,Ending Stocks,(1000 MT),58810.0
Wheat,2010,Exports,(1000 MT),941.0
Wheat,2010,Feed Dom. Consumption,(1000 MT),14000.0
Wheat,2010,FSI Consumption,(1000 MT),97500.0
Wheat,2010,Imports,(1000 MT),927.0
Wheat,2010,Production,(1000 MT),116093.0
Wheat,2010,Total Distribution,(1000 MT),171251.0
Wheat,2010,Total Supply,(1000 MT),171251.0
Wheat,2010,TY Exports,(1000 MT),941.0
Wheat,2010,TY Imp. from U.S.,(1000 MT),156.0
Wheat,2010,TY Imports,(1000 MT),927.0
Wheat,2010,Yield,(MT/HA),4.75
Wheat,2011,Area Harvested,(1000 HA),24507.0
Wheat,2011,Beginning Stocks,(1000 MT),58810.0
Wheat,2011,Domestic Consumption,(1000 MT),123500.0
Wheat,2011,Ending Stocks,(1000 MT),55835.0
Wheat,2011,Exports,(1000 MT),978.0
Wheat,2011,Feed Dom. Consumption,(1000 MT),25000.0
Wheat,2011,FSI Consumption,(1000 MT),98500.0
Wheat,2011,Imports,(1000 MT),2933.0
Wheat,2011,Production,(1000 MT),118570.0
Wheat,2011,Total Distribution,(1000 MT),180313.0
Wheat,2011,Total Supply,(1000 MT),180313.0
Wheat,2011,TY Exports,(1000 MT),978.0
Wheat,2011,TY Imp. from U.S.,(1000 MT),597.0
Wheat,2011,TY Imports,(1000 MT),2933.0
Wheat,2011,Yield,(MT/HA),4.84
Wheat,2012,Area Harvested,(1000 HA),24551.0
Wheat,2012,Beginning Stocks,(1000 MT),55835.0
Wheat,2012,Domestic Consumption,(1000 MT),126000.0
Wheat,2012,Ending Stocks,(1000 MT),54301.0
Wheat,2012,Exports,(1000 MT),969.0
Wheat,2012,Feed Dom. Consumption,(1000 MT),26000.0
Wheat,2012,FSI Consumption,(1000 MT),100000.0
Wheat,2012,Imports,(1000 MT),2960.0
Wheat,2012,Production,(1000 MT),122475.0
Wheat,2012,Total Distribution,(1000 MT),181270.0
Wheat,2012,Total Supply,(1000 MT),181270.0
Wheat,2012,TY Exports,(1000 MT),969.0
Wheat,2012,TY Imp. from U.S.,(1000 MT),1174.0
Wheat,2012,TY Imports,(1000 MT),2960.0
Wheat,2012,Yield,(MT/HA),4.99
Wheat,2013,Area Harvested,(1000 HA),24440.0
Wheat,2013,Beginning Stocks,(1000 MT),54301.0
Wheat,2013,Domestic Consumption,(1000 MT),117500.0
Wheat,2013,Ending Stocks,(1000 MT),66324.0
Wheat,2013,Exports,(1000 MT),889.0
Wheat,2013,Feed Dom. Consumption,(1000 MT),17000.0
Wheat,2013,FSI Consumption,(1000 MT),100500.0
Wheat,2013,Imports,(1000 MT),6773.0
Wheat,2013,Production,(1000 MT),123639.0
Wheat,2013,Total Distribution,(1000 MT),184713.0
Wheat,2013,Total Supply,(1000 MT),184713.0
Wheat,2013,TY Exports,(1000 MT),889.0
Wheat,2013,TY Imp. from U.S.,(1000 MT),3965.0
Wheat,2013,TY Imports,(1000 MT),6773.0
Wheat,2013,Yield,(MT/HA),5.06
Wheat,2014,Area Harvested,(1000 HA),24443.0
Wheat,2014,Beginning Stocks,(1000 MT),66324.0
Wheat,2014,Domestic Consumption,(1000 MT),118000.0
Wheat,2014,Ending Stocks,(1000 MT),77682.0
Wheat,2014,Exports,(1000 MT),803.0
Wheat,2014,Feed Dom. Consumption,(1000 MT),17000.0
Wheat,2014,FSI Consumption,(1000 MT),101000.0
Wheat,2014,Imports,(1000 MT),1926.0
Wheat,2014,Production,(1000 MT),128235.0
Wheat,2014,Total Distribution,(1000 MT),196485.0
Wheat,2014,Total Supply,(1000 MT),196485.0
Wheat,2014,TY Exports,(1000 MT),803.0
Wheat,2014,TY Imp. from U.S.,(1000 MT),326.0
Wheat,2014,TY Imports,(1000 MT),1926.0
Wheat,2014,Yield,(MT/HA),5.25
Wheat,2015,Area Harvested,(1000 HA),24567.0
Wheat,2015,Beginning Stocks,(1000 MT),77682.0
Wheat,2015,Domestic Consumption,(1000 MT),117500.0
Wheat,2015,Ending Stocks,(1000 MT),95484.0
Wheat,2015,Exports,(1000 MT),729.0
Wheat,2015,Feed Dom. Consumption,(1000 MT),16000.0
Wheat,2015,FSI Consumption,(1000 MT),101500.0
Wheat,2015,Imports,(1000 MT),3476.0
Wheat,2015,Production,(1000 MT),132555.0
Wheat,2015,Total Distribution,(1000 MT),213713.0
Wheat,2015,Total Supply,(1000 MT),213713.0
Wheat,2015,TY Exports,(1000 MT),729.0
Wheat,2015,TY Imp. from U.S.,(1000 MT),613.0
Wheat,2015,TY Imports,(1000 MT),3476.0
Wheat,2015,Yield,(MT/HA),5.4
Wheat,2016,Area Harvested,(1000 HA),24666.0
Wheat,2016,Beginning Stocks,(1000 MT),95484.0
Wheat,2016,Domestic Consumption,(1000 MT),119000.0
Wheat,2016,Ending Stocks,(1000 MT),113334.0
Wheat,2016,Exports,(1000 MT),748.0
Wheat,2016,Feed Dom. Consumption,(1000 MT),17000.0
Wheat,2016,FSI Consumption,(1000 MT),102000.0
Wheat,2016,Imports,(1000 MT),4410.0
Wheat,2016,Production,(1000 MT),133188.0
Wheat,2016,Total Distribution,(1000 MT),233082.0
Wheat,2016,Total Supply,(1000 MT),233082.0
Wheat,2016,TY Exports,(1000 MT),748.0
Wheat,2016,TY Imp. from U.S.,(1000 MT),1768.0
Wheat,2016,TY Imports,(1000 MT),4410.0
Wheat,2016,Yield,(MT/HA),5.4
Wheat,2017,Area Harvested,(1000 HA),24478.0
Wheat,2017,Beginning Stocks,(1000 MT),113334.0
Wheat,2017,Domestic Consumption,(1000 MT),121000.0
Wheat,2017,Ending Stocks,(1000 MT),129508.0
Wheat,2017,Exports,(1000 MT),1004.0
Wheat,2017,Feed Dom. Consumption,(1000 MT),17500.0
Wheat,2017,FSI Consumption,(1000 MT),103500.0
Wheat,2017,Imports,(1000 MT),3937.0
Wheat,2017,Production,(1000 MT),134241.0
Wheat,2017,Total Distribution,(1000 MT),251512.0
Wheat,2017,Total Supply,(1000 MT),251512.0
Wheat,2017,TY Exports,(1000 MT),1004.0
Wheat,2017,TY Imp. from U.S.,(1000 MT),774.0
Wheat,2017,TY Imports,(1000 MT),3937.0
Wheat,2017,Yield,(MT/HA),5.48
Wheat,2018,Area Harvested,(1000 HA),24266.0
Wheat,2018,Beginning Stocks,(1000 MT),129508.0
Wheat,2018,Domestic Consumption,(1000 MT),125000.0
Wheat,2018,Ending Stocks,(1000 MT),138088.0
Wheat,2018,Exports,(1000 MT),1006.0
Wheat,2018,Feed Dom. Consumption,(1000 MT),20000.0
Wheat,2018,FSI Consumption,(1000 MT),105000.0
Wheat,2018,Imports,(1000 MT),3145.0
Wheat,2018,Production,(1000 MT),131441.0
Wheat,2018,Total Distribution,(1000 MT),264094.0
Wheat,2018,Total Supply,(1000 MT),264094.0
Wheat,2018,TY Exports,(1000 MT),1006.0
Wheat,2018,TY Imp. from U.S.,(1000 MT),45.0
Wheat,2018,TY Imports,(1000 MT),3145.0
Wheat,2018,Yield,(MT/HA),5.42
Wheat,2019,Area Harvested,(1000 HA),23728.0
Wheat,2019,Beginning Stocks,(1000 MT),138088.0
Wheat,2019,Domestic Consumption,(1000 MT),126000.0
Wheat,2019,Ending Stocks,(1000 MT),150015.0
Wheat,2019,Exports,(1000 MT),1049.0
Wheat,2019,Feed Dom. Consumption,(1000 MT),19000.0
Wheat,2019,FSI Consumption,(1000 MT),107000.0
Wheat,2019,Imports,(1000 MT),5376.0
Wheat,2019,Production,(1000 MT),133600.0
Wheat,2019,Total Distribution,(1000 MT),277064.0
Wheat,2019,Total Supply,(1000 MT),277064.0
Wheat,2019,TY Exports,(1000 MT),1049.0
Wheat,2019,TY Imp. from U.S.,(1000 MT),762.0
Wheat,2019,TY Imports,(1000 MT),5376.0
Wheat,2019,Yield,(MT/HA),5.63
Wheat,2020,Area Harvested,(1000 HA),23380.0
Wheat,2020,Beginning Stocks,(1000 MT),150015.0
Wheat,2020,Domestic Consumption,(1000 MT),155000.0
Wheat,2020,Ending Stocks,(1000 MT),139120.0
Wheat,2020,Exports,(1000 MT),763.0
Wheat,2020,Feed Dom. Consumption,(1000 MT),45000.0
Wheat,2020,FSI Consumption,(1000 MT),110000.0
Wheat,2020,Imports,(1000 MT),10618.0
Wheat,2020,Production,(1000 MT),134250.0
Wheat,2020,Total Distribution,(1000 MT),294883.0
Wheat,2020,Total Supply,(1000 MT),294883.0
Wheat,2020,TY Exports,(1000 MT),763.0
Wheat,2020,TY Imp. from U.S.,(1000 MT),3301.0
Wheat,2020,TY Imports,(1000 MT),10618.0
Wheat,2020,Yield,(MT/HA),5.74
Wheat,2021,Area Harvested,(1000 HA),23568.0
Wheat,2021,Beginning Stocks,(1000 MT),139120.0
Wheat,2021,Domestic Consumption,(1000 MT),148000.0
Wheat,2021,Ending Stocks,(1000 MT),136759.0
Wheat,2021,Exports,(1000 MT),875.0
Wheat,2021,Feed Dom. Consumption,(1000 MT),35000.0
Wheat,2021,FSI Consumption,(1000 MT),113000.0
Wheat,2021,Imports,(1000 MT),9568.0
Wheat,2021,Production,(1000 MT),136946.0
Wheat,2021,Total Distribution,(1000 MT),285634.0
Wheat,2021,Total Supply,(1000 MT),285634.0
Wheat,2021,TY Exports,(1000 MT),875.0
Wheat,2021,TY Imp. from U.S.,(1000 MT),1075.0
Wheat,2021,TY Imports,(1000 MT),9568.0
Wheat,2021,Yield,(MT/HA),5.81
Wheat,2022,Area Harvested,(1000 HA),23519.0
Wheat,2022,Beginning Stocks,(1000 MT),136759.0
Wheat,2022,Domestic Consumption,(1000 MT),148000.0
Wheat,2022,Ending Stocks,(1000 MT),138818.0
Wheat,2022,Exports,(1000 MT),946.0
Wheat,2022,Feed Dom. Consumption,(1000 MT),33000.0
Wheat,2022,FSI Consumption,(1000 MT),115000.0
Wheat,2022,Imports,(1000 MT),13282.0
Wheat,2022,Production,(1000 MT),137723.0
Wheat,2022,Total Distribution,(1000 MT),287764.0
Wheat,2022,Total Supply,(1000 MT),287764.0
Wheat,2022,TY Exports,(1000 MT),946.0
Wheat,2022,TY Imp. from U.S.,(1000 MT),1480.0
Wheat,2022,TY Imports,(1000 MT),13282.0
Wheat,2022,Yield,(MT/HA),5.86
Wheat,2023,Area Harvested,(1000 HA),23627.0
Wheat,2023,Beginning Stocks,(1000 MT),138818.0
Wheat,2023,Domestic Consumption,(1000 MT),153500.0
Wheat,2023,Ending Stocks,(1000 MT),134523.0
Wheat,2023,Exports,(1000 MT),1012.0
Wheat,2023,Feed Dom. Consumption,(1000 MT),37000.0
Wheat,2023,FSI Consumption,(1000 MT),116500.0
Wheat,2023,Imports,(1000 MT),13627.0
Wheat,2023,Production,(1000 MT),136590.0
Wheat,2023,Total Distribution,(1000 MT),289035.0
Wheat,2023,Total Supply,(1000 MT),289035.0
Wheat,2023,TY Exports,(1000 MT),1012.0
Wheat,2023,TY Imp. from U.S.,(1000 MT),2179.0
Wheat,2023,TY Imports,(1000 MT),13627.0
Wheat,2023,Yield,(MT/HA),5.78
Wheat,2024,Area Harvested,(1000 HA),23587.0
Wheat,2024,Beginning Stocks,(1000 MT),134523.0
Wheat,2024,Domestic Consumption,(1000 MT),150000.0
Wheat,2024,Ending Stocks,(1000 MT),127775.0
Wheat,2024,Exports,(1000 MT),1016.0
Wheat,2024,Feed Dom. Consumption,(1000 MT),33000.0
Wheat,2024,FSI Consumption,(1000 MT),117000.0
Wheat,2024,Imports,(1000 MT),4169.0
Wheat,2024,Production,(1000 MT),140099.0
Wheat,2024,Total Distribution,(1000 MT),278791.0
Wheat,2024,Total Supply,(1000 MT),278791.0
Wheat,2024,TY Exports,(1000 MT),1016.0
Wheat,2024,TY Imp. from U.S.,(1000 MT),160.0
Wheat,2024,TY Imports,(1000 MT),4169.0
Wheat,2024,Yield,(MT/HA),5.94
Wheat,2025,Area Harvested,(1000 HA),23580.0
Wheat,2025,Beginning Stocks,(1000 MT),127775.0
Wheat,2025,Domestic Consumption,(1000 MT),150000.0
Wheat,2025,Ending Stocks,(1000 MT),122645.0
Wheat,2025,Exports,(1000 MT),1000.0
Wheat,2025,Feed Dom. Consumption,(1000 MT),33000.0
Wheat,2025,FSI Consumption,(1000 MT),117000.0
Wheat,2025,Imports,(1000 MT),5800.0
Wheat,2025,Production,(1000 MT),140070.0
Wheat,2025,Total Distribution,(1000 MT),273645.0
Wheat,2025,Total Supply,(1000 MT),273645.0
Wheat,2025,TY Exports,(1000 MT),1000.0
Wheat,2025,TY Imp. from U.S.,(1000 MT),0.0
Wheat,2025,TY Imports,(1000 MT),5800.0
Wheat,2025,Yield,(MT/HA),5.94
Wheat,2026,Area Harvested,(1000 HA),23600.0
Wheat,2026,Beginning Stocks,(1000 MT),122645.0
Wheat,2026,Domestic Consumption,(1000 MT),148000.0
Wheat,2026,Ending Stocks,(1000 MT),120645.0
Wheat,2026,Exports,(1000 MT),1000.0
Wheat,2026,Feed Dom. Consumption,(1000 MT),31000.0
Wheat,2026,FSI Consumption,(1000 MT),117000.0
Wheat,2026,Imports,(1000 MT),6000.0
Wheat,2026,Production,(1000 MT),141000.0
Wheat,2026,Total Distribution,(1000 MT),269645.0
Wheat,2026,Total Supply,(1000 MT),269645.0
Wheat,2026,TY Exports,(1000 MT),1000.0
Wheat,2026,TY Imp. from U.S.,(1000 MT),0.0
Wheat,2026,TY Imports,(1000 MT),6000.0
Wheat,2026,Yield,(MT/HA),5.97
