date,tmax,tmin,tmean,precip,gwetroot,tdew,solar
1984-01-01,31.76,18.59,24.49,4.38,0.45,15.46,25.72
1984-01-02,30.9,19.56,25.04,3.68,0.44,13.52,24.67
1984-01-03,29.58,17.01,23.17,0.0,0.42,11.87,32.74
1984-01-04,28.58,13.66,21.3,0.0,0.41,5.63,32.91
1984-01-05,33.26,15.7,24.84,0.01,0.4,12.63,31.1
1984-01-06,32.0,18.41,25.64,1.91,0.4,14.31,24.57
1984-01-07,35.1,19.59,27.76,4.85,0.4,16.65,23.33
1984-01-08,27.63,19.64,24.05,4.49,0.41,17.59,20.46
1984-01-09,33.62,17.59,25.07,0.16,0.4,12.05,30.65
1984-01-10,32.47,15.86,24.34,0.0,0.4,9.02,31.62
1984-01-11,34.56,16.96,26.24,0.0,0.39,10.49,32.44
1984-01-12,35.8,21.86,28.89,3.97,0.39,16.02,23.29
1984-01-13,31.05,22.52,26.47,1.79,0.39,19.29,20.31
1984-01-14,25.37,18.57,21.68,22.39,0.4,16.35,12.3
1984-01-15,29.59,17.83,23.57,32.96,0.46,19.45,15.38
1984-01-16,29.29,15.82,23.35,4.38,0.48,15.27,25.83
1984-01-17,23.2,10.41,16.96,0.46,0.46,5.63,31.57
1984-01-18,24.51,10.62,17.74,0.0,0.45,6.43,31.42
1984-01-19,28.0,11.2,20.03,0.01,0.44,7.16,30.93
1984-01-20,30.02,13.16,22.12,0.0,0.43,8.95,30.86
1984-01-21,30.64,15.82,23.25,0.0,0.42,9.2,30.78
1984-01-22,25.18,12.58,19.19,0.0,0.42,5.97,28.46
1984-01-23,30.6,15.11,22.99,0.0,0.41,5.82,32.25
1984-01-24,36.21,17.33,27.14,2.09,0.41,9.09,30.96
1984-01-25,34.95,19.73,26.45,21.9,0.42,16.51,24.6
1984-01-26,23.12,14.39,18.14,58.23,0.53,14.27,14.24
1984-01-27,24.47,11.19,17.75,0.0,0.52,8.4,31.8
1984-01-28,28.17,11.2,20.31,0.0,0.5,10.7,30.81
1984-01-29,21.53,15.1,18.49,8.59,0.49,15.05,23.14
1984-01-30,23.07,13.86,17.91,0.79,0.49,9.98,27.17
1984-01-31,25.15,9.7,17.48,0.22,0.48,8.49,28.93
1984-02-01,27.03,9.96,18.72,0.0,0.48,8.02,30.8
1984-02-02,29.84,11.68,21.82,0.0,0.47,10.46,30.64
1984-02-03,32.13,16.31,24.88,0.0,0.46,11.79,30.93
1984-02-04,33.94,17.52,25.85,0.0,0.45,12.87,30.62
1984-02-05,35.26,18.51,26.62,0.31,0.45,13.91,30.58
1984-02-06,36.7,19.05,28.09,0.12,0.44,14.65,28.8
1984-02-07,35.14,21.32,27.61,1.32,0.44,15.31,26.25
1984-02-08,31.89,16.55,24.24,0.0,0.43,12.33,29.95
1984-02-09,32.31,16.76,24.17,0.0,0.43,11.19,29.78
1984-02-10,28.95,11.74,20.47,0.0,0.42,6.39,29.96
1984-02-11,31.29,13.07,22.98,0.0,0.42,10.87,29.97
1984-02-12,34.38,17.09,25.65,0.0,0.42,9.73,29.28
1984-02-13,30.22,16.55,23.51,0.26,0.41,11.81,28.1
1984-02-14,33.47,16.59,25.54,0.1,0.41,12.99,29.15
1984-02-15,31.46,20.91,26.0,1.01,0.41,17.01,26.15
1984-02-16,33.97,20.76,26.61,2.67,0.41,16.32,21.79
1984-02-17,29.91,17.21,23.75,8.4,0.42,14.53,23.94
1984-02-18,30.02,17.04,23.48,0.05,0.42,14.28,26.86
1984-02-19,32.47,17.68,25.38,0.01,0.41,15.67,24.71
1984-02-20,32.71,20.56,26.81,0.17,0.41,17.03,25.29
1984-02-21,34.47,21.08,27.03,4.19,0.4,16.52,22.85
1984-02-22,30.64,21.88,25.4,1.81,0.41,17.5,25.15
1984-02-23,34.13,17.19,25.95,0.0,0.4,14.29,26.66
1984-02-24,28.19,13.11,20.36,0.0,0.4,5.43,28.41
1984-02-25,30.55,12.8,21.8,0.0,0.4,6.49,27.64
1984-02-26,33.88,18.33,26.45,0.32,0.39,15.58,24.82
1984-02-27,35.73,21.23,28.29,2.09,0.39,15.53,24.19
1984-02-28,23.66,13.32,18.01,1.73,0.39,4.47,27.74
1984-02-29,24.06,10.56,17.29,0.0,0.39,4.56,27.34
1984-03-01,26.1,10.95,18.27,0.0,0.39,6.68,27.04
1984-03-02,25.03,10.23,17.32,0.0,0.38,4.57,26.95
1984-03-03,26.91,10.3,18.36,0.0,0.38,5.45,26.93
1984-03-04,29.73,10.94,20.32,0.0,0.38,3.45,26.27
1984-03-05,31.41,13.13,22.48,0.0,0.38,5.98,22.51
1984-03-06,32.88,16.18,24.54,0.05,0.37,7.25,25.34
1984-03-07,35.59,16.79,25.99,0.0,0.37,8.44,25.55
1984-03-08,26.96,12.16,19.32,0.0,0.37,3.63,24.99
1984-03-09,29.8,10.1,20.03,0.0,0.37,6.71,25.01
1984-03-10,30.67,13.91,22.54,0.02,0.36,9.01,22.84
1984-03-11,30.37,15.95,22.9,0.02,0.36,7.02,25.04
1984-03-12,32.23,14.24,23.26,0.07,0.36,3.53,24.78
1984-03-13,25.58,14.93,20.62,5.03,0.36,9.08,7.51
1984-03-14,22.04,9.28,15.44,0.0,0.37,3.78,23.77
1984-03-15,25.29,10.41,17.51,0.0,0.37,7.52,24.34
1984-03-16,27.26,11.02,19.0,0.0,0.36,6.2,24.37
1984-03-17,30.89,12.62,22.3,0.0,0.36,6.37,23.64
1984-03-18,32.46,15.63,23.69,0.0,0.36,7.47,22.27
1984-03-19,24.09,13.76,18.68,0.0,0.36,7.17,20.31
1984-03-20,26.85,10.92,18.4,0.0,0.36,6.86,23.11
1984-03-21,28.07,13.18,20.59,0.0,0.36,10.01,15.87
1984-03-22,30.36,16.81,23.28,0.1,0.35,12.25,15.64
1984-03-23,29.28,16.54,22.92,0.73,0.35,12.6,19.37
1984-03-24,29.98,17.78,23.59,1.69,0.36,13.75,15.07
1984-03-25,27.08,12.55,20.84,1.33,0.36,10.53,14.75
1984-03-26,23.63,8.72,16.52,0.15,0.36,2.83,21.49
1984-03-27,19.73,9.25,14.75,0.31,0.35,3.15,20.66
1984-03-28,22.98,6.16,14.18,0.0,0.35,0.89,22.43
1984-03-29,27.55,8.83,18.59,0.0,0.35,2.72,22.23
1984-03-30,29.32,15.94,22.19,0.0,0.35,1.35,21.83
1984-03-31,31.01,13.34,21.95,0.0,0.35,0.68,21.78
1984-04-01,31.01,13.07,21.06,0.0,0.35,3.89,17.96
1984-04-02,31.87,14.18,22.33,0.0,0.35,7.68,20.49
1984-04-03,31.06,14.46,21.89,0.0,0.34,5.4,20.81
1984-04-04,24.82,10.1,16.71,0.0,0.34,1.18,20.83
1984-04-05,26.93,8.22,17.72,0.2,0.34,-1.54,20.22
1984-04-06,31.18,12.44,20.35,9.01,0.35,6.58,16.31
1984-04-07,25.15,13.98,17.69,5.87,0.37,12.9,5.93
1984-04-08,25.12,13.68,18.52,0.19,0.37,10.15,17.97
1984-04-09,24.62,10.81,17.36,0.0,0.36,7.14,20.33
1984-04-10,25.71,10.69,17.81,0.0,0.36,9.47,19.26
1984-04-11,26.69,11.67,19.02,0.0,0.36,9.15,18.79
1984-04-12,26.63,13.38,19.49,1.78,0.36,8.66,14.39
1984-04-13,26.07,12.27,19.21,0.03,0.35,7.98,18.71
1984-04-14,26.81,11.93,19.03,0.0,0.35,7.22,17.25
1984-04-15,25.83,13.22,18.75,0.0,0.35,7.13,14.18
1984-04-16,26.49,16.0,20.34,1.64,0.35,11.17,11.92
1984-04-17,27.03,15.62,20.9,0.23,0.35,13.22,18.21
1984-04-18,23.98,15.86,19.34,2.45,0.35,12.99,5.72
1984-04-19,18.77,12.7,16.06,25.61,0.39,14.15,4.96
1984-04-20,16.65,9.59,12.82,2.74,0.41,8.6,8.61
1984-04-21,19.53,8.35,13.66,0.3,0.4,8.5,10.0
1984-04-22,23.5,8.59,16.12,0.0,0.39,6.83,17.49
1984-04-23,21.1,10.61,15.9,0.05,0.39,7.16,9.75
1984-04-24,19.28,7.24,13.07,0.0,0.38,5.04,14.65
1984-04-25,20.11,7.29,13.38,0.0,0.38,6.11,15.63
1984-04-26,21.38,6.45,13.42,0.0,0.38,5.4,15.57
1984-04-27,21.45,9.21,14.13,0.0,0.38,6.41,15.56
1984-04-28,20.47,6.67,12.7,0.0,0.38,6.01,16.55
1984-04-29,23.78,5.84,13.76,0.0,0.38,6.62,16.85
1984-04-30,22.97,7.86,15.61,0.0,0.38,7.94,16.06
1984-05-01,24.32,11.08,17.13,0.0,0.37,6.88,15.79
1984-05-02,24.77,11.34,17.0,0.0,0.37,6.07,15.54
1984-05-03,25.45,9.54,17.72,0.08,0.37,6.45,11.28
1984-05-04,21.14,10.6,15.7,0.07,0.37,7.21,10.25
1984-05-05,16.05,4.87,9.97,0.0,0.37,1.94,15.72
1984-05-06,15.11,2.3,7.99,0.07,0.37,1.63,15.83
1984-05-07,16.93,1.63,8.6,0.04,0.37,1.59,13.77
1984-05-08,17.41,4.19,9.55,0.0,0.37,0.39,15.55
1984-05-09,18.54,3.01,10.4,0.0,0.37,2.82,15.28
1984-05-10,17.71,6.18,11.02,0.0,0.37,4.57,11.9
1984-05-11,20.95,6.86,12.96,0.01,0.37,3.87,12.6
1984-05-12,20.36,6.66,12.79,0.0,0.37,4.05,14.82
1984-05-13,21.49,8.81,13.69,0.0,0.37,6.27,12.24
1984-05-14,19.18,6.56,11.52,0.0,0.36,3.58,14.19
1984-05-15,18.26,4.83,10.51,0.0,0.36,1.49,14.46
1984-05-16,20.54,5.61,11.49,0.19,0.36,1.96,14.21
1984-05-17,22.07,6.2,13.42,0.06,0.36,5.33,14.21
1984-05-18,22.19,8.52,15.22,0.0,0.36,8.55,11.22
1984-05-19,22.19,13.22,16.63,0.01,0.36,9.99,12.49
1984-05-20,22.93,10.28,15.38,0.0,0.36,8.88,13.32
1984-05-21,22.47,9.4,14.84,0.0,0.36,7.02,10.86
1984-05-22,22.6,10.67,15.72,0.41,0.36,7.22,10.81
1984-05-23,16.45,9.38,12.17,0.11,0.36,5.2,12.73
1984-05-24,17.41,7.59,11.81,0.01,0.36,6.08,9.96
1984-05-25,17.16,5.88,10.23,0.0,0.36,4.57,12.55
1984-05-26,19.15,4.41,11.09,0.0,0.36,3.78,12.35
1984-05-27,20.12,7.28,11.73,0.0,0.36,3.39,10.31
1984-05-28,20.96,4.82,11.98,0.0,0.36,2.75,12.06
1984-05-29,18.19,8.65,12.06,0.34,0.36,6.99,8.2
1984-05-30,22.37,9.15,14.33,0.09,0.36,8.15,10.38
1984-05-31,22.3,9.2,14.32,0.02,0.36,6.13,12.38
1984-06-01,15.93,6.18,11.15,0.0,0.36,4.67,11.31
1984-06-02,16.46,5.57,10.23,0.0,0.36,2.98,10.57
1984-06-03,18.0,4.65,10.76,0.0,0.36,2.88,12.03
1984-06-04,19.66,7.23,12.71,0.0,0.36,5.74,11.72
1984-06-05,19.96,5.36,11.65,0.0,0.35,5.66,12.14
1984-06-06,20.85,5.92,11.94,0.37,0.35,5.25,11.74
1984-06-07,21.96,7.45,13.77,0.0,0.35,4.64,12.05
1984-06-08,18.06,8.68,12.54,0.0,0.35,3.36,10.08
1984-06-09,16.75,4.46,9.68,0.0,0.35,2.26,9.52
1984-06-10,15.27,3.55,7.95,0.0,0.35,3.21,9.4
1984-06-11,15.79,0.65,6.77,0.0,0.35,0.95,10.2
1984-06-12,16.21,0.7,7.14,0.0,0.35,-0.5,10.99
1984-06-13,19.13,2.23,9.36,0.0,0.35,2.69,10.25
1984-06-14,19.5,6.05,11.92,0.1,0.35,6.68,9.77
1984-06-15,19.43,8.81,12.87,0.01,0.35,7.39,9.88
1984-06-16,19.06,8.54,12.8,0.75,0.35,9.08,8.23
1984-06-17,20.43,7.82,12.7,0.18,0.35,8.39,8.63
1984-06-18,15.94,4.98,9.78,0.03,0.35,4.55,10.75
1984-06-19,15.87,2.32,8.28,0.0,0.35,3.42,11.12
1984-06-20,18.3,5.31,9.85,0.0,0.35,5.05,11.24
1984-06-21,18.18,4.58,9.78,0.0,0.35,2.89,10.49
1984-06-22,18.24,3.11,9.64,0.0,0.35,-0.43,10.19
1984-06-23,18.92,4.4,10.17,0.0,0.35,1.94,11.07
1984-06-24,18.31,3.65,9.96,0.0,0.35,1.38,11.27
1984-06-25,17.93,4.96,10.18,0.0,0.35,1.17,9.25
1984-06-26,17.5,3.55,9.24,0.0,0.35,0.57,8.07
1984-06-27,16.68,5.11,9.34,0.2,0.35,1.74,7.74
1984-06-28,14.15,3.26,7.68,0.12,0.35,2.36,10.25
1984-06-29,11.89,3.24,7.38,0.03,0.35,3.59,10.03
1984-06-30,14.93,3.82,8.15,0.0,0.35,3.31,11.6
1984-07-01,13.69,3.65,6.89,0.1,0.35,4.26,11.52
1984-07-02,11.49,3.38,6.65,2.23,0.35,2.45,10.19
1984-07-03,6.38,3.01,4.17,6.53,0.35,2.66,4.91
1984-07-04,8.23,3.72,5.51,1.1,0.37,3.76,11.46
1984-07-05,12.14,1.63,4.93,0.0,0.36,2.31,10.76
1984-07-06,12.3,0.4,5.69,0.0,0.36,1.55,11.55
1984-07-07,16.5,4.87,9.1,0.03,0.36,0.93,5.62
1984-07-08,18.62,2.56,9.17,0.0,0.36,-0.51,12.06
1984-07-09,17.97,6.38,10.45,0.04,0.36,3.01,12.03
1984-07-10,15.79,4.43,8.93,0.07,0.36,1.47,11.96
1984-07-11,15.01,2.65,8.65,0.04,0.36,3.51,11.83
1984-07-12,16.54,5.13,9.8,0.01,0.36,3.86,10.68
1984-07-13,15.47,5.02,8.9,0.05,0.36,3.82,7.39
1984-07-14,14.91,2.78,7.63,0.0,0.35,3.05,11.72
1984-07-15,9.58,1.22,6.47,12.57,0.36,4.14,6.94
1984-07-16,13.06,3.58,8.67,7.2,0.39,4.84,5.02
1984-07-17,13.47,1.43,6.79,0.32,0.39,2.9,6.19
1984-07-18,14.65,3.37,8.51,0.03,0.38,2.13,9.83
1984-07-19,8.63,2.84,5.75,3.72,0.38,3.19,1.89
1984-07-20,11.24,2.74,5.39,0.32,0.39,2.97,6.84
1984-07-21,12.04,1.04,5.43,0.29,0.38,1.73,1.83
1984-07-22,10.1,4.92,7.29,11.82,0.4,6.04,1.94
1984-07-23,11.72,3.79,7.15,1.0,0.4,4.37,2.08
1984-07-24,12.95,2.48,6.64,0.83,0.4,3.64,2.07
1984-07-25,13.65,2.88,7.35,0.15,0.4,4.67,3.09
1984-07-26,13.48,4.38,8.53,1.3,0.4,6.32,4.06
1984-07-27,9.67,5.61,7.69,12.25,0.41,6.97,2.03
1984-07-28,12.66,4.02,7.02,1.45,0.42,3.74,7.77
1984-07-29,13.66,4.87,8.15,0.71,0.42,5.21,2.47
1984-07-30,14.1,5.56,9.4,0.68,0.41,6.07,4.17
1984-07-31,17.23,5.83,10.98,0.01,0.41,6.72,2.55
1984-08-01,17.47,4.6,10.56,0.0,0.41,5.78,12.68
1984-08-02,18.55,4.79,11.48,0.0,0.41,4.56,14.46
1984-08-03,19.6,4.59,11.07,0.01,0.4,3.77,14.67
1984-08-04,21.62,6.14,13.7,0.04,0.4,6.58,14.1
1984-08-05,20.48,11.45,14.66,10.1,0.41,10.53,10.91
1984-08-06,18.76,7.65,12.47,0.32,0.42,6.75,10.88
1984-08-07,18.57,4.36,11.06,0.02,0.41,4.5,14.82
1984-08-08,19.9,5.3,11.28,0.0,0.41,2.06,15.2
1984-08-09,21.76,6.02,13.08,0.76,0.41,2.89,6.24
1984-08-10,14.24,6.73,10.04,1.84,0.41,4.9,13.62
1984-08-11,11.85,5.74,7.97,1.81,0.41,4.24,8.86
1984-08-12,14.1,5.96,9.31,0.23,0.41,4.07,7.93
1984-08-13,14.58,5.21,9.01,0.02,0.41,3.99,12.8
1984-08-14,14.15,3.93,8.35,0.0,0.41,3.29,13.36
1984-08-15,13.79,2.82,7.11,0.06,0.41,3.17,14.47
1984-08-16,12.92,3.42,7.7,5.22,0.41,3.07,13.36
1984-08-17,14.2,5.84,8.65,1.37,0.42,4.11,14.87
1984-08-18,16.83,5.73,11.03,0.32,0.41,4.87,16.1
1984-08-19,17.14,8.15,11.96,0.24,0.41,5.43,14.49
1984-08-20,15.77,7.69,11.32,8.34,0.42,7.57,5.5
1984-08-21,15.28,5.26,9.69,0.07,0.42,4.21,14.71
1984-08-22,16.48,5.15,10.33,0.0,0.42,3.62,15.55
1984-08-23,18.58,5.16,11.37,0.0,0.42,5.25,17.88
1984-08-24,23.74,7.6,14.61,1.3,0.41,4.11,13.35
1984-08-25,15.43,5.2,9.48,0.33,0.41,4.09,13.81
1984-08-26,17.67,4.41,11.7,0.12,0.41,5.72,13.82
1984-08-27,15.75,6.15,10.3,0.7,0.41,4.45,17.1
1984-08-28,14.12,4.95,8.66,0.67,0.41,4.29,17.55
1984-08-29,16.42,4.61,9.11,0.05,0.41,4.92,18.95
1984-08-30,19.27,4.43,11.15,0.0,0.41,3.81,19.08
1984-08-31,19.65,6.28,12.2,0.0,0.4,2.45,13.53
1984-09-01,15.18,6.43,10.72,0.81,0.4,4.38,16.03
1984-09-02,18.41,5.26,11.99,0.18,0.4,6.57,16.4
1984-09-03,22.33,8.63,14.68,0.0,0.4,3.71,13.09
1984-09-04,18.6,5.72,11.49,2.9,0.4,4.65,16.7
1984-09-05,13.6,4.97,7.85,5.4,0.41,4.39,8.18
1984-09-06,19.66,2.55,11.48,0.0,0.41,3.47,17.61
1984-09-07,22.98,8.44,14.68,0.1,0.41,3.48,16.15
1984-09-08,19.79,7.7,13.71,0.07,0.4,5.92,20.33
1984-09-09,22.02,8.24,14.87,0.0,0.4,4.61,21.05
1984-09-10,25.46,9.77,17.8,0.22,0.4,4.31,19.71
1984-09-11,16.42,5.82,11.7,7.26,0.41,5.75,13.71
1984-09-12,16.09,1.39,8.56,0.0,0.4,0.78,21.46
1984-09-13,19.49,2.99,10.84,0.09,0.4,1.44,20.22
1984-09-14,20.28,5.74,12.09,0.19,0.4,4.03,21.63
1984-09-15,21.47,4.61,12.73,0.15,0.4,1.77,21.75
1984-09-16,16.98,6.25,11.74,7.29,0.4,7.67,8.88
1984-09-17,16.16,8.22,11.49,2.0,0.41,7.41,13.04
1984-09-18,15.13,5.09,9.44,1.06,0.41,3.61,14.67
1984-09-19,11.98,5.41,8.77,2.94,0.41,6.15,10.41
1984-09-20,16.37,8.07,11.96,0.9,0.41,8.7,11.38
1984-09-21,19.89,8.69,13.7,0.56,0.41,5.12,20.83
1984-09-22,14.86,4.36,9.74,0.34,0.41,3.37,17.43
1984-09-23,16.19,3.59,9.85,0.23,0.4,2.72,21.16
1984-09-24,18.9,3.96,11.65,0.14,0.4,4.48,19.72
1984-09-25,17.19,6.5,11.13,0.01,0.4,2.35,17.52
1984-09-26,18.11,3.41,10.56,0.0,0.4,2.63,23.85
1984-09-27,20.08,6.13,12.89,0.0,0.4,2.8,21.75
1984-09-28,17.94,4.49,11.19,0.0,0.39,3.45,18.13
1984-09-29,16.67,2.59,9.02,0.0,0.39,-0.69,23.87
1984-09-30,19.22,0.27,9.87,0.0,0.39,-0.91,24.68
1984-10-01,21.54,5.91,13.2,0.38,0.39,3.54,16.19
1984-10-02,29.35,9.76,18.63,1.11,0.39,5.35,18.65
1984-10-03,19.67,11.99,15.72,28.75,0.43,12.36,8.71
1984-10-04,20.08,7.51,13.41,0.05,0.43,6.09,19.19
1984-10-05,21.61,6.83,14.1,0.01,0.42,4.58,21.98
1984-10-06,24.4,6.88,15.53,0.0,0.42,6.74,25.07
1984-10-07,26.65,8.67,18.18,0.0,0.41,6.85,25.41
1984-10-08,28.8,11.84,19.79,0.0,0.41,5.91,25.6
1984-10-09,29.06,13.94,20.37,0.07,0.4,8.37,17.15
1984-10-10,23.3,9.84,16.35,0.02,0.4,6.9,25.13
1984-10-11,23.56,6.54,15.29,0.0,0.39,3.47,27.12
1984-10-12,27.71,8.96,18.98,0.0,0.39,3.06,26.93
1984-10-13,31.23,12.03,21.48,0.0,0.39,5.83,15.9
1984-10-14,29.74,11.5,20.34,0.0,0.39,8.96,27.67
1984-10-15,27.34,10.52,19.28,0.01,0.38,4.11,27.94
1984-10-16,17.35,8.29,13.17,0.21,0.38,1.39,26.74
1984-10-17,17.41,3.17,10.27,0.0,0.38,-1.3,26.87
1984-10-18,18.84,3.57,11.19,0.0,0.38,0.39,27.92
1984-10-19,22.89,4.01,13.6,0.0,0.38,1.71,28.73
1984-10-20,23.89,7.68,15.29,0.0,0.38,4.82,28.51
1984-10-21,23.98,7.04,15.46,0.0,0.37,2.74,28.96
1984-10-22,27.33,8.58,18.17,0.01,0.37,3.9,28.55
1984-10-23,29.26,11.4,21.23,0.0,0.37,3.21,27.83
1984-10-24,33.18,12.61,23.06,0.01,0.37,4.08,25.64
1984-10-25,25.23,14.72,18.99,0.21,0.36,9.76,12.16
1984-10-26,28.35,11.04,19.42,1.89,0.36,11.58,18.2
1984-10-27,27.84,15.77,20.84,9.25,0.37,14.87,16.2
1984-10-28,29.34,14.66,21.81,1.95,0.38,12.78,29.4
1984-10-29,20.2,11.99,15.53,4.62,0.39,7.46,16.74
1984-10-30,25.37,9.79,17.3,0.51,0.38,6.93,26.01
1984-10-31,27.04,10.41,19.0,0.01,0.38,7.35,29.58
1984-11-01,29.08,12.31,21.2,0.03,0.37,9.67,25.26
1984-11-02,31.02,16.49,23.36,7.89,0.38,14.28,25.17
1984-11-03,30.44,12.21,21.53,0.19,0.38,9.03,30.59
1984-11-04,27.5,13.84,20.0,0.98,0.38,8.86,20.11
1984-11-05,25.27,10.22,17.95,0.0,0.37,6.98,30.35
1984-11-06,27.36,14.16,20.06,0.0,0.37,9.53,26.28
1984-11-07,27.06,11.54,19.1,0.0,0.37,9.59,28.72
1984-11-08,30.72,13.16,22.46,0.0,0.37,12.18,30.73
1984-11-09,32.95,16.37,25.41,0.0,0.36,12.04,29.94
1984-11-10,37.71,19.25,29.19,3.88,0.36,11.67,19.95
1984-11-11,27.98,15.14,21.27,1.47,0.37,9.04,31.5
1984-11-12,24.44,11.9,17.97,0.55,0.36,6.61,22.86
1984-11-13,24.76,10.42,17.89,0.19,0.36,7.46,23.82
1984-11-14,26.59,10.54,18.73,0.0,0.36,5.44,31.82
1984-11-15,27.57,11.06,19.24,0.0,0.36,4.49,31.87
1984-11-16,31.87,12.57,22.62,0.0,0.35,7.97,31.88
1984-11-17,34.91,16.78,26.3,0.0,0.35,8.91,31.83
1984-11-18,36.28,19.85,28.18,0.0,0.35,8.62,31.85
1984-11-19,37.15,20.08,27.25,0.0,0.35,5.26,24.39
1984-11-20,32.03,15.83,23.55,0.0,0.34,6.61,31.84
1984-11-21,32.99,16.31,24.65,0.01,0.34,5.89,32.08
1984-11-22,18.58,12.5,16.13,2.01,0.35,4.2,22.89
1984-11-23,22.69,8.92,16.08,0.0,0.35,0.73,22.92
1984-11-24,26.66,10.24,18.35,0.0,0.34,4.06,25.51
1984-11-25,30.86,12.5,22.13,0.0,0.34,3.34,32.43
1984-11-26,34.2,15.88,25.54,0.11,0.34,5.84,32.53
1984-11-27,38.1,19.89,28.07,0.05,0.34,7.68,30.79
1984-11-28,28.02,16.26,21.69,0.03,0.34,7.21,30.13
1984-11-29,28.78,13.68,21.31,0.0,0.34,0.19,29.7
1984-11-30,30.47,13.87,21.8,0.0,0.34,2.7,32.09
1984-12-01,31.19,12.92,23.01,0.0,0.33,1.81,33.56
1984-12-02,34.63,16.58,24.1,0.34,0.33,7.8,20.32
1984-12-03,25.83,14.26,19.41,0.0,0.33,1.12,34.07
1984-12-04,25.0,10.54,18.07,0.0,0.33,0.53,33.63
1984-12-05,28.56,12.32,20.42,0.0,0.33,4.58,33.67
1984-12-06,30.13,14.53,22.43,0.0,0.33,2.88,23.7
1984-12-07,31.71,16.08,24.02,0.0,0.33,3.05,32.97
1984-12-08,31.93,15.51,23.72,0.0,0.33,6.23,33.16
1984-12-09,31.55,15.3,23.42,0.0,0.33,2.8,33.35
1984-12-10,34.05,14.88,25.21,0.17,0.33,4.64,23.25
1984-12-11,32.71,19.52,26.19,0.1,0.33,7.34,32.33
1984-12-12,28.99,14.22,21.83,0.0,0.32,1.74,25.62
1984-12-13,31.95,15.72,23.64,0.03,0.32,3.43,16.48
1984-12-14,30.45,17.97,23.97,0.04,0.32,8.67,29.67
1984-12-15,29.43,14.62,22.02,0.0,0.32,3.67,33.6
1984-12-16,32.29,14.35,24.37,0.0,0.32,2.1,32.83
1984-12-17,35.1,17.38,27.26,0.0,0.32,4.21,33.6
1984-12-18,39.16,22.23,30.22,0.0,0.32,6.82,32.86
1984-12-19,31.02,14.66,23.15,0.0,0.32,1.51,33.55
1984-12-20,26.07,15.56,20.33,0.0,0.32,3.4,32.15
1984-12-21,28.03,11.4,20.0,0.0,0.32,-0.57,33.84
1984-12-22,32.98,14.25,24.26,0.0,0.32,3.15,33.9
1984-12-23,36.14,18.16,27.99,0.0,0.32,3.7,33.68
1984-12-24,40.89,21.72,31.75,0.0,0.31,2.3,29.39
1984-12-25,42.2,21.72,30.48,0.0,0.31,3.81,22.62
1984-12-26,30.53,13.88,22.4,0.0,0.31,4.44,34.21
1984-12-27,32.6,14.33,23.63,0.0,0.31,0.27,33.98
1984-12-28,32.82,15.57,24.45,0.0,0.31,1.56,33.99
1984-12-29,32.44,17.25,25.23,0.09,0.31,8.5,27.99
1984-12-30,32.04,18.17,25.52,1.78,0.31,10.73,27.5
1984-12-31,28.31,19.75,23.77,1.87,0.32,11.65,23.9
1985-01-01,33.61,16.71,25.35,0.0,0.32,5.44,32.56
1985-01-02,34.04,16.96,22.9,2.17,0.32,6.54,19.9
1985-01-03,27.68,13.99,20.69,0.03,0.32,6.41,24.55
1985-01-04,31.75,13.44,23.1,0.0,0.32,4.51,34.35
1985-01-05,30.29,15.24,22.75,0.09,0.31,5.58,34.12
1985-01-06,29.07,12.99,21.22,0.13,0.31,-0.02,34.2
1985-01-07,31.76,14.48,23.67,0.0,0.31,1.74,34.26
1985-01-08,33.78,16.4,25.33,0.0,0.31,0.82,25.86
1985-01-09,31.78,18.19,25.05,0.0,0.31,3.77,34.2
1985-01-10,30.83,15.21,23.3,0.0,0.31,4.05,34.14
1985-01-11,32.92,15.73,24.26,0.0,0.31,4.22,32.75
1985-01-12,39.32,16.12,28.15,0.0,0.31,3.12,33.93
1985-01-13,42.05,21.25,32.56,0.0,0.31,2.44,33.44
1985-01-14,43.41,23.93,33.99,0.01,0.31,4.0,26.92
1985-01-15,43.86,25.16,34.24,0.14,0.3,5.25,33.02
1985-01-16,41.77,26.32,33.11,1.54,0.31,8.79,28.01
1985-01-17,27.82,17.7,22.99,0.0,0.31,1.68,33.43
1985-01-18,28.7,12.42,20.56,0.0,0.31,-1.4,33.53
1985-01-19,31.56,13.16,22.93,0.0,0.3,-1.83,23.23
1985-01-20,32.4,14.47,23.79,0.0,0.3,-1.15,30.91
1985-01-21,35.13,15.05,25.85,0.0,0.3,0.48,27.63
1985-01-22,31.77,21.66,26.45,0.09,0.3,5.26,26.99
1985-01-23,31.22,17.98,24.23,0.0,0.3,2.61,30.31
1985-01-24,32.43,16.2,24.2,0.0,0.3,2.95,30.82
1985-01-25,35.09,14.03,25.43,0.0,0.3,-0.22,31.77
1985-01-26,37.26,19.59,28.5,0.0,0.3,8.53,32.42
1985-01-27,41.92,23.69,33.16,0.0,0.3,8.74,28.11
1985-01-28,41.0,21.84,31.3,0.0,0.3,1.77,31.47
1985-01-29,41.8,20.91,31.65,0.0,0.3,-3.59,30.79
1985-01-30,43.87,22.99,34.23,0.41,0.3,1.54,27.55
1985-01-31,31.66,19.5,25.89,4.34,0.31,6.53,18.89
1985-02-01,32.04,13.78,22.82,0.0,0.3,0.45,32.34
1985-02-02,36.06,16.45,26.79,0.0,0.3,5.93,30.62
1985-02-03,38.95,21.72,30.63,1.24,0.3,10.94,28.05
1985-02-04,38.55,24.12,31.73,0.39,0.3,12.02,25.32
1985-02-05,39.33,23.68,32.16,0.01,0.3,9.15,29.13
1985-02-06,40.52,24.34,32.69,0.0,0.3,8.57,28.07
1985-02-07,35.3,18.33,26.87,0.0,0.3,4.62,25.04
1985-02-08,32.83,13.54,23.3,0.0,0.3,4.69,30.72
1985-02-09,32.52,15.55,23.86,0.0,0.3,2.37,30.82
1985-02-10,34.54,16.25,25.68,0.0,0.3,2.3,30.68
1985-02-11,34.52,19.28,26.43,0.0,0.3,4.78,29.15
1985-02-12,36.12,20.77,28.0,0.03,0.3,9.07,20.74
1985-02-13,39.14,21.58,30.43,0.0,0.3,9.95,27.62
1985-02-14,34.63,20.09,26.48,0.0,0.3,2.06,30.25
1985-02-15,40.91,18.26,29.34,0.0,0.3,4.42,30.01
1985-02-16,30.01,19.71,25.19,0.0,0.3,3.09,29.94
1985-02-17,32.2,13.06,22.53,0.0,0.3,1.8,29.6
1985-02-18,33.04,15.12,24.63,0.0,0.3,6.4,29.15
1985-02-19,33.96,20.11,26.99,0.0,0.29,11.44,28.24
1985-02-20,34.51,18.66,26.77,0.0,0.29,11.57,28.12
1985-02-21,34.59,20.47,27.84,0.01,0.29,12.12,27.31
1985-02-22,34.92,22.35,28.74,2.05,0.3,13.31,23.06
1985-02-23,37.15,22.23,30.05,0.28,0.3,10.87,27.47
1985-02-24,38.31,21.87,30.24,0.02,0.3,12.1,27.52
1985-02-25,37.94,22.14,30.2,0.08,0.3,5.47,27.49
1985-02-26,28.98,16.32,22.28,0.0,0.29,2.1,26.59
1985-02-27,27.77,12.91,20.7,0.03,0.29,-2.2,14.24
1985-02-28,32.37,15.69,23.97,0.0,0.29,1.79,26.95
1985-03-01,32.92,14.55,24.38,0.0,0.29,1.5,27.74
1985-03-02,29.34,19.45,23.95,0.0,0.29,3.36,27.13
1985-03-03,32.01,13.7,23.0,0.0,0.29,2.85,26.79
1985-03-04,27.18,14.41,21.1,0.0,0.29,0.28,26.56
1985-03-05,23.91,9.97,17.05,0.01,0.29,1.37,26.01
1985-03-06,27.2,11.68,19.28,0.0,0.29,4.04,25.93
1985-03-07,28.56,13.09,21.2,2.44,0.29,9.45,21.44
1985-03-08,29.1,18.24,22.88,1.93,0.3,13.3,22.06
1985-03-09,31.97,17.01,24.12,0.05,0.3,11.12,24.29
1985-03-10,32.64,18.17,25.41,0.0,0.3,9.69,25.12
1985-03-11,33.25,20.45,27.5,0.01,0.3,13.16,19.58
1985-03-12,37.01,22.55,29.65,0.0,0.3,12.26,23.45
1985-03-13,37.38,23.77,29.62,0.0,0.29,9.28,24.31
1985-03-14,34.2,21.49,27.35,0.18,0.29,12.93,23.29
1985-03-15,35.01,20.88,27.08,0.0,0.29,10.86,24.2
1985-03-16,36.38,20.04,28.35,0.02,0.29,8.84,22.44
1985-03-17,28.83,20.59,23.59,5.57,0.3,14.61,8.78
1985-03-18,28.29,18.56,22.69,2.65,0.31,13.08,20.61
1985-03-19,31.03,16.07,23.95,1.03,0.31,13.24,20.5
1985-03-20,32.91,20.87,26.29,0.72,0.3,15.6,20.64
1985-03-21,33.99,20.64,26.93,0.43,0.3,12.95,21.96
1985-03-22,34.67,20.66,27.49,0.08,0.3,13.23,20.37
1985-03-23,35.65,21.51,28.27,0.73,0.3,12.87,18.74
1985-03-24,28.08,19.14,24.21,14.61,0.32,13.77,15.55
1985-03-25,28.42,14.87,21.75,0.76,0.32,11.88,22.12
1985-03-26,29.54,14.89,22.08,0.0,0.32,10.73,22.28
1985-03-27,30.47,17.97,23.88,0.0,0.32,12.51,22.14
1985-03-28,31.29,18.0,24.51,0.0,0.31,11.35,20.52
1985-03-29,33.44,20.47,25.96,0.0,0.31,9.6,20.14
1985-03-30,33.49,18.73,25.74,0.02,0.31,8.28,19.75
1985-03-31,32.82,17.53,24.8,0.13,0.31,8.01,21.99
1985-04-01,32.08,18.43,24.29,2.83,0.31,8.15,15.28
1985-04-02,19.1,12.94,16.17,0.15,0.31,8.14,10.67
1985-04-03,23.69,10.86,16.87,0.0,0.31,6.09,20.6
1985-04-04,26.25,12.31,19.41,0.18,0.31,7.94,19.19
1985-04-05,26.65,15.46,21.0,3.13,0.31,11.77,17.4
1985-04-06,27.76,14.77,21.01,0.93,0.31,11.26,21.89
1985-04-07,28.2,15.05,21.94,0.0,0.31,12.18,21.05
1985-04-08,29.58,17.38,22.51,0.0,0.31,9.45,19.37
1985-04-09,29.62,13.54,21.09,0.0,0.31,6.31,20.32
1985-04-10,31.59,14.04,22.54,0.03,0.31,7.19,18.24
1985-04-11,32.66,16.55,24.31,0.0,0.31,7.77,19.34
1985-04-12,34.47,17.61,25.13,0.0,0.31,6.99,19.07
1985-04-13,34.07,17.17,24.56,0.0,0.31,6.08,18.95
1985-04-14,27.89,14.96,20.49,0.0,0.3,5.16,18.44
1985-04-15,23.31,12.79,17.73,1.59,0.31,7.71,9.5
1985-04-16,20.42,11.31,15.13,0.01,0.31,3.82,13.14
1985-04-17,18.06,7.49,12.86,0.02,0.31,3.31,16.34
1985-04-18,18.49,7.3,13.14,0.2,0.31,3.35,15.15
1985-04-19,19.07,7.86,12.96,0.18,0.31,4.64,16.01
1985-04-20,20.89,6.84,13.44,0.0,0.31,4.09,17.84
1985-04-21,23.47,6.63,14.99,0.0,0.31,4.29,17.4
1985-04-22,24.35,10.4,16.72,0.0,0.31,4.82,16.68
1985-04-23,22.98,10.76,16.67,0.0,0.31,6.32,13.18
1985-04-24,21.15,12.24,16.33,6.01,0.31,8.39,11.69
1985-04-25,16.63,11.64,13.85,16.11,0.34,11.42,7.59
1985-04-26,19.42,10.84,14.82,3.15,0.35,10.78,11.48
1985-04-27,23.0,9.52,15.67,0.04,0.35,8.15,15.32
1985-04-28,24.33,8.93,15.88,0.07,0.34,7.9,17.02
1985-04-29,25.51,10.1,16.9,0.0,0.34,7.34,16.72
1985-04-30,24.78,10.41,17.15,0.07,0.33,9.1,16.45
1985-05-01,24.91,10.39,16.81,0.0,0.33,7.66,16.1
1985-05-02,25.26,10.63,17.39,0.01,0.33,9.5,15.97
1985-05-03,25.82,12.17,18.28,0.06,0.33,9.69,16.0
1985-05-04,26.97,12.34,18.99,0.0,0.33,10.72,15.82
1985-05-05,28.38,13.74,20.58,0.12,0.33,10.86,13.58
1985-05-06,24.27,11.09,18.95,0.19,0.33,8.67,14.69
1985-05-07,18.97,8.55,13.08,0.0,0.33,2.11,9.43
1985-05-08,16.63,6.9,11.31,0.0,0.33,4.92,12.96
1985-05-09,17.89,4.65,10.97,0.0,0.33,2.69,13.61
1985-05-10,20.87,8.53,13.7,0.0,0.33,5.39,13.18
1985-05-11,22.06,10.39,15.13,0.0,0.32,8.19,12.29
1985-05-12,23.35,7.59,14.58,0.0,0.32,6.18,14.77
1985-05-13,23.02,8.18,15.06,0.0,0.32,7.07,13.59
1985-05-14,19.73,12.11,15.3,0.04,0.32,8.23,10.3
1985-05-15,23.07,11.52,16.12,4.07,0.32,6.82,8.69
1985-05-16,17.76,6.5,12.19,2.8,0.34,4.86,13.74
1985-05-17,16.77,4.53,10.16,0.0,0.33,0.72,14.0
1985-05-18,16.94,6.68,10.65,4.26,0.33,2.75,10.02
1985-05-19,11.71,4.65,7.42,2.95,0.34,4.42,7.06
1985-05-20,17.36,3.82,8.77,0.01,0.34,1.75,13.95
1985-05-21,18.45,1.96,8.88,0.0,0.34,0.12,13.76
1985-05-22,19.59,2.31,9.82,0.0,0.34,2.18,13.45
1985-05-23,18.58,4.41,10.08,0.0,0.34,1.55,13.19
1985-05-24,19.62,2.61,10.29,0.0,0.34,4.03,13.13
1985-05-25,19.44,7.11,12.65,0.01,0.34,6.57,12.21
1985-05-26,20.36,8.72,13.55,0.08,0.34,7.97,12.37
1985-05-27,21.74,8.66,15.19,0.1,0.33,8.67,9.23
1985-05-28,21.87,11.93,16.0,0.01,0.33,8.81,9.79
1985-05-29,23.49,13.44,17.59,1.49,0.34,10.28,9.08
1985-05-30,16.33,10.99,15.02,15.04,0.36,12.47,4.63
1985-05-31,16.92,5.72,10.42,0.04,0.36,6.1,6.91
1985-06-01,12.31,3.67,8.17,4.64,0.36,5.65,5.14
1985-06-02,15.51,5.53,9.75,0.83,0.37,5.46,11.57
1985-06-03,15.84,9.09,11.25,4.53,0.37,7.43,9.35
1985-06-04,12.08,5.09,8.46,7.21,0.37,5.88,6.66
1985-06-05,9.6,4.8,6.57,2.63,0.38,5.1,7.16
1985-06-06,15.11,4.8,8.35,0.02,0.38,3.73,12.22
1985-06-07,17.33,2.5,8.44,0.0,0.38,3.41,12.37
1985-06-08,18.36,3.06,10.11,0.01,0.37,3.16,11.82
1985-06-09,18.89,5.16,11.04,0.17,0.37,5.16,7.99
1985-06-10,18.64,7.24,11.18,0.25,0.37,3.49,12.02
1985-06-11,17.17,3.98,10.14,0.0,0.37,5.77,9.04
1985-06-12,14.61,3.82,8.91,0.29,0.37,4.31,11.75
1985-06-13,15.17,1.88,7.38,0.01,0.37,1.86,11.59
1985-06-14,15.74,3.8,9.12,0.0,0.37,4.02,10.83
1985-06-15,16.26,4.71,10.2,0.0,0.37,5.15,11.1
1985-06-16,16.72,3.23,9.44,0.0,0.37,4.11,10.87
1985-06-17,14.42,2.53,8.25,0.0,0.37,1.57,11.45
1985-06-18,19.49,3.94,10.63,0.0,0.37,1.78,11.61
1985-06-19,13.15,3.67,7.89,0.17,0.37,2.97,10.41
1985-06-20,12.38,6.66,8.48,1.76,0.37,5.88,7.14
1985-06-21,12.35,1.32,6.09,0.15,0.37,2.33,11.38
1985-06-22,11.63,-0.76,4.07,0.0,0.37,0.25,10.45
1985-06-23,12.24,-0.61,5.03,0.02,0.37,1.5,9.43
1985-06-24,14.81,1.17,7.15,0.01,0.37,1.03,9.11
1985-06-25,16.98,4.74,10.01,0.21,0.37,4.07,10.75
1985-06-26,18.27,4.06,9.61,0.0,0.37,1.58,10.0
1985-06-27,16.92,1.94,8.24,0.0,0.37,1.95,11.16
1985-06-28,15.71,2.92,8.72,0.0,0.36,4.38,7.85
1985-06-29,17.79,3.66,9.82,0.0,0.36,4.42,11.7
1985-06-30,19.37,3.88,11.06,0.0,0.36,4.54,11.57
1985-07-01,20.0,6.71,12.46,0.0,0.36,3.8,11.39
1985-07-02,20.03,4.65,10.85,0.09,0.36,3.4,11.53
1985-07-03,19.51,4.85,11.25,0.0,0.36,2.26,11.39
1985-07-04,20.96,6.05,12.15,0.0,0.36,4.46,10.91
1985-07-05,20.97,6.15,11.91,0.0,0.36,3.83,11.61
1985-07-06,18.26,5.78,10.44,0.02,0.36,3.71,10.06
1985-07-07,15.28,2.71,7.92,0.0,0.36,0.73,8.87
1985-07-08,16.41,1.78,8.37,0.0,0.36,3.28,12.27
1985-07-09,15.6,2.92,8.07,0.0,0.36,1.95,12.16
1985-07-10,16.1,2.46,7.9,0.0,0.36,1.41,12.7
1985-07-11,13.36,-0.05,5.33,0.0,0.36,1.92,12.61
1985-07-12,14.15,2.08,7.05,0.0,0.36,3.32,9.21
1985-07-13,13.01,0.97,5.94,0.0,0.36,1.37,12.61
1985-07-14,14.39,1.42,8.19,0.34,0.36,0.77,6.68
1985-07-15,11.89,7.42,9.21,1.73,0.36,3.37,3.77
1985-07-16,12.08,4.45,7.4,0.72,0.36,2.54,10.92
1985-07-17,9.78,2.59,5.99,2.26,0.36,4.51,11.89
1985-07-18,13.34,3.31,6.87,0.16,0.36,3.76,13.3
1985-07-19,15.01,1.25,6.82,0.02,0.36,1.62,12.3
1985-07-20,15.92,0.91,7.69,0.05,0.36,0.19,13.11
1985-07-21,13.05,4.39,8.27,0.99,0.36,2.22,5.08
1985-07-22,14.9,4.98,8.94,0.16,0.36,4.84,12.38
1985-07-23,13.1,1.93,6.11,0.02,0.36,0.63,13.3
1985-07-24,16.34,-0.95,6.62,0.0,0.36,-1.35,12.8
1985-07-25,18.22,2.38,9.33,0.0,0.36,0.2,12.34
1985-07-26,17.02,4.35,9.45,0.0,0.36,1.81,13.72
1985-07-27,17.54,4.41,9.51,0.0,0.36,0.06,13.35
1985-07-28,23.74,4.97,13.52,0.0,0.36,0.87,14.18
1985-07-29,18.15,6.42,12.24,0.02,0.36,6.02,13.26
1985-07-30,11.46,3.08,7.09,0.02,0.36,1.07,11.45
1985-07-31,12.11,1.79,5.74,0.02,0.36,1.3,12.83
1985-08-01,13.61,2.23,6.43,0.0,0.36,1.86,14.13
1985-08-02,13.26,-0.94,6.33,0.0,0.36,0.31,13.59
1985-08-03,17.26,3.51,9.64,0.21,0.35,0.76,9.78
1985-08-04,20.04,4.69,11.8,2.8,0.35,1.84,10.19
1985-08-05,18.26,8.17,12.85,1.77,0.36,6.34,10.74
1985-08-06,13.44,5.57,9.27,21.94,0.38,7.74,5.18
1985-08-07,13.27,3.56,7.81,5.12,0.41,4.74,8.74
1985-08-08,13.32,6.19,9.25,0.88,0.4,5.96,9.51
1985-08-09,14.06,1.86,7.47,0.35,0.4,1.55,12.57
1985-08-10,13.74,3.55,8.4,0.36,0.39,-0.17,11.39
1985-08-11,14.38,1.94,8.66,0.17,0.39,0.17,13.51
1985-08-12,16.93,3.1,9.7,1.17,0.39,2.68,12.07
1985-08-13,19.07,4.58,11.18,0.03,0.39,2.01,16.59
1985-08-14,20.54,4.26,11.53,0.0,0.39,0.46,16.6
1985-08-15,12.37,5.73,8.37,11.02,0.39,4.92,5.93
1985-08-16,15.16,4.0,8.87,0.97,0.4,4.88,10.63
1985-08-17,14.42,4.59,9.48,1.33,0.4,6.47,11.58
1985-08-18,14.68,4.49,8.35,0.36,0.4,4.09,13.1
1985-08-19,15.36,3.52,8.28,0.06,0.4,3.07,15.12
1985-08-20,16.02,0.81,8.55,0.0,0.4,0.96,17.7
1985-08-21,17.69,6.29,11.25,2.41,0.39,5.94,8.98
1985-08-22,18.96,9.91,13.23,3.36,0.4,7.76,12.11
1985-08-23,17.62,6.83,11.8,1.49,0.4,6.26,13.5
1985-08-24,18.85,5.53,11.29,0.17,0.4,5.55,16.87
1985-08-25,18.6,7.51,13.02,0.27,0.4,4.24,8.03
1985-08-26,18.46,6.24,11.56,0.02,0.4,4.87,16.93
1985-08-27,21.28,6.51,13.02,0.0,0.39,4.57,18.59
1985-08-28,19.89,8.03,12.27,6.58,0.39,6.32,5.9
1985-08-29,16.11,4.14,9.08,0.14,0.4,2.61,19.02
1985-08-30,18.13,1.99,9.96,0.15,0.4,3.01,19.05
1985-08-31,19.55,4.67,11.8,0.13,0.4,2.08,19.22
1985-09-01,13.63,4.11,7.54,11.02,0.4,2.79,7.15
1985-09-02,14.36,3.76,8.52,0.81,0.42,2.45,17.33
1985-09-03,16.09,3.52,8.4,0.17,0.41,3.82,19.57
1985-09-04,16.4,2.81,8.56,0.0,0.41,2.64,20.75
1985-09-05,18.84,1.69,9.71,0.0,0.4,1.18,20.71
1985-09-06,20.2,3.08,11.09,0.1,0.4,2.1,20.29
1985-09-07,21.11,3.2,11.56,0.0,0.4,2.3,20.7
1985-09-08,22.0,3.52,12.65,0.0,0.4,2.03,20.71
1985-09-09,22.98,6.65,14.46,0.02,0.39,3.04,21.24
1985-09-10,18.55,9.29,13.33,3.93,0.4,8.2,19.27
1985-09-11,17.63,6.58,12.35,0.37,0.4,8.03,19.62
1985-09-12,20.12,9.26,14.3,0.57,0.4,7.59,21.36
1985-09-13,17.57,6.6,12.02,0.57,0.4,6.5,20.77
1985-09-14,21.33,7.57,13.78,0.12,0.39,7.55,21.9
1985-09-15,21.37,7.68,14.17,0.04,0.39,6.13,21.44
1985-09-16,23.36,8.28,15.61,0.03,0.39,5.85,20.83
1985-09-17,24.33,7.84,15.12,0.0,0.39,7.16,21.7
1985-09-18,20.92,7.62,13.83,0.01,0.39,4.12,22.76
1985-09-19,18.3,5.22,11.78,0.01,0.38,3.15,19.33
1985-09-20,15.02,9.07,11.24,0.87,0.38,6.55,11.61
1985-09-21,19.9,4.79,11.87,0.04,0.38,4.0,21.6
1985-09-22,22.22,5.6,13.76,0.0,0.38,1.36,24.06
1985-09-23,24.84,8.73,16.38,0.0,0.38,2.77,19.57
1985-09-24,29.83,10.96,19.5,0.0,0.38,4.14,17.25
1985-09-25,19.94,11.0,15.98,0.05,0.37,5.13,19.54
1985-09-26,17.53,7.0,12.08,0.14,0.37,3.39,17.43
1985-09-27,16.67,4.62,10.34,0.0,0.37,1.06,21.11
1985-09-28,18.28,4.15,10.94,0.0,0.37,1.6,23.18
1985-09-29,20.38,4.72,12.0,0.0,0.37,2.0,21.92
1985-09-30,21.99,4.67,13.61,0.0,0.37,1.08,25.11
1985-10-01,25.47,6.73,16.96,0.0,0.37,-0.01,23.9
1985-10-02,28.49,9.99,18.44,0.0,0.37,2.48,23.58
1985-10-03,31.41,11.07,20.62,0.0,0.36,3.16,21.4
1985-10-04,32.16,14.14,22.56,0.0,0.36,3.56,23.09
1985-10-05,28.32,13.93,20.96,0.05,0.36,6.96,11.28
1985-10-06,29.44,9.85,19.73,0.92,0.36,10.0,23.25
1985-10-07,20.6,12.73,16.22,24.25,0.38,12.49,6.81
1985-10-08,22.88,13.47,17.18,17.23,0.42,13.53,15.95
1985-10-09,25.06,11.78,18.23,0.26,0.42,11.75,24.37
1985-10-10,26.82,11.27,19.56,0.23,0.41,10.23,23.53
1985-10-11,27.77,16.17,21.23,0.93,0.4,11.61,17.8
1985-10-12,16.82,12.1,13.82,25.7,0.43,11.39,10.58
1985-10-13,19.47,10.34,13.92,7.33,0.45,9.6,21.74
1985-10-14,24.39,9.62,16.91,0.13,0.44,10.16,26.42
1985-10-15,21.78,13.13,16.76,3.48,0.44,12.5,17.15
1985-10-16,26.12,12.06,18.92,3.42,0.44,12.3,17.26
1985-10-17,24.08,13.12,18.91,1.0,0.43,10.45,23.36
1985-10-18,22.96,11.66,16.86,0.27,0.43,8.87,17.69
1985-10-19,19.04,7.27,12.94,0.0,0.42,1.05,28.21
1985-10-20,19.82,4.99,12.07,0.0,0.42,1.13,28.79
1985-10-21,22.24,5.9,14.47,0.0,0.41,1.77,29.14
1985-10-22,26.96,7.99,17.51,0.34,0.41,4.71,22.14
1985-10-23,16.28,7.99,11.77,4.51,0.41,5.54,17.93
1985-10-24,20.16,8.66,13.96,3.57,0.42,7.85,13.86
1985-10-25,21.76,8.38,15.2,0.01,0.42,7.6,20.49
1985-10-26,23.87,9.88,16.65,0.0,0.41,6.13,26.94
1985-10-27,24.94,9.73,17.49,0.0,0.41,6.25,28.97
1985-10-28,26.07,10.3,18.43,0.0,0.4,7.01,29.92
1985-10-29,29.4,12.4,21.45,0.0,0.4,8.72,28.84
1985-10-30,24.84,12.65,19.28,0.0,0.4,7.06,29.93
1985-10-31,23.93,6.83,15.26,0.0,0.39,1.15,30.44
1985-11-01,27.11,7.8,17.83,0.0,0.39,2.15,29.24
1985-11-02,30.68,10.89,20.99,0.0,0.39,4.84,29.55
1985-11-03,28.79,15.32,21.63,0.02,0.38,12.41,21.7
1985-11-04,25.19,14.81,19.77,0.16,0.38,11.42,17.08
1985-11-05,21.56,15.89,18.28,4.04,0.38,12.43,12.86
1985-11-06,26.76,15.24,21.91,4.13,0.39,15.15,20.78
1985-11-07,31.06,16.15,23.63,0.2,0.39,10.29,30.79
1985-11-08,23.97,15.89,19.44,11.39,0.4,12.24,21.56
1985-11-09,30.43,12.95,21.79,0.0,0.4,9.75,31.36
1985-11-10,31.99,14.24,23.74,0.12,0.4,9.35,29.5
1985-11-11,28.75,17.96,23.15,0.79,0.39,12.07,20.85
1985-11-12,32.3,15.41,23.97,0.04,0.39,11.09,30.7
1985-11-13,31.0,14.65,22.9,0.0,0.38,9.58,31.63
1985-11-14,33.05,16.87,23.65,11.16,0.38,13.61,24.24
1985-11-15,26.35,13.8,19.41,0.46,0.4,8.74,23.44
1985-11-16,28.35,10.53,20.57,0.0,0.39,5.07,31.96
1985-11-17,23.64,13.44,18.34,0.0,0.39,3.93,28.91
1985-11-18,22.46,10.42,16.38,0.0,0.38,5.14,24.63
1985-11-19,26.62,10.41,19.09,0.0,0.38,6.59,31.59
1985-11-20,29.21,14.72,22.09,0.0,0.38,5.62,31.98
1985-11-21,24.45,12.55,18.45,0.0,0.37,3.42,26.31
1985-11-22,26.44,8.41,17.57,0.0,0.37,2.87,32.48
1985-11-23,28.85,10.9,19.96,0.0,0.37,3.42,32.27
1985-11-24,29.24,13.89,21.83,0.61,0.37,8.42,20.13
1985-11-25,29.55,16.86,22.59,14.52,0.39,13.78,17.28
1985-11-26,23.87,13.27,18.72,1.72,0.39,9.83,24.76
1985-11-27,22.91,15.42,18.91,3.33,0.39,11.08,20.89
1985-11-28,26.75,12.99,19.68,0.45,0.39,9.55,27.13
1985-11-29,28.77,11.64,20.63,0.0,0.38,6.66,33.18
1985-11-30,29.27,13.24,22.09,0.01,0.38,7.44,31.41
1985-12-01,30.67,14.99,22.42,0.19,0.37,9.03,21.93
1985-12-02,28.91,16.4,22.87,10.89,0.38,13.89,27.14
1985-12-03,29.97,16.22,22.67,6.32,0.39,14.22,23.15
1985-12-04,31.19,14.38,22.64,0.47,0.39,8.57,32.57
1985-12-05,33.93,16.57,24.5,0.21,0.38,8.2,27.41
1985-12-06,30.09,20.52,24.72,3.6,0.38,12.05,16.25
1985-12-07,29.7,19.8,23.69,16.7,0.41,18.36,15.92
1985-12-08,30.96,14.74,23.14,0.2,0.4,8.07,32.02
1985-12-09,24.92,14.76,19.7,0.52,0.4,8.92,27.57
1985-12-10,23.68,13.66,18.96,5.62,0.4,10.52,25.11
1985-12-11,26.08,13.69,19.93,2.36,0.4,11.65,22.5
1985-12-12,27.16,15.32,20.74,0.0,0.4,9.7,20.49
1985-12-13,29.9,12.96,21.86,0.0,0.39,7.94,33.94
1985-12-14,30.71,14.43,23.18,0.0,0.38,8.2,33.63
1985-12-15,33.68,16.05,25.89,0.09,0.38,8.24,34.34
1985-12-16,27.18,15.69,21.45,0.01,0.38,5.88,34.13
1985-12-17,25.88,11.21,19.01,0.19,0.37,6.69,34.15
1985-12-18,29.21,13.45,21.68,0.0,0.37,7.88,34.37
1985-12-19,36.09,15.91,26.0,0.07,0.37,5.82,25.15
1985-12-20,30.55,16.4,23.17,0.0,0.37,5.77,34.18
1985-12-21,31.71,14.61,23.14,0.06,0.36,6.11,32.34
1985-12-22,25.65,13.26,19.73,0.02,0.36,6.34,25.71
1985-12-23,21.84,13.81,18.12,0.39,0.36,4.68,27.5
1985-12-24,27.92,11.62,20.12,0.0,0.36,5.42,32.81
1985-12-25,32.11,14.26,23.47,0.03,0.36,3.82,24.46
1985-12-26,35.83,16.87,25.24,0.0,0.35,3.62,33.14
1985-12-27,25.91,13.61,19.63,0.0,0.35,4.67,34.85
1985-12-28,30.21,12.51,21.78,0.0,0.35,3.9,34.4
1985-12-29,33.89,15.8,25.4,0.0,0.35,4.11,34.17
1985-12-30,35.34,19.73,27.44,0.0,0.35,3.23,29.26
1985-12-31,29.49,16.9,23.57,0.0,0.35,7.02,32.76
1986-01-01,28.67,12.04,20.65,0.0,0.34,3.92,34.49
1986-01-02,28.36,13.88,21.03,0.0,0.34,5.36,34.39
1986-01-03,30.72,13.09,22.92,0.0,0.34,4.01,31.82
1986-01-04,35.72,18.53,26.45,0.0,0.34,2.3,31.26
1986-01-05,30.51,14.55,22.73,0.0,0.34,4.28,33.63
1986-01-06,34.72,14.73,25.42,0.0,0.34,5.24,34.35
1986-01-07,36.83,17.35,27.93,0.0,0.34,6.72,34.16
1986-01-08,34.04,17.25,26.59,0.0,0.33,3.37,31.08
1986-01-09,25.21,12.31,18.47,0.0,0.33,1.25,34.25
1986-01-10,28.26,11.82,20.16,0.0,0.33,5.49,34.03
1986-01-11,34.33,17.3,25.7,0.0,0.33,1.61,34.25
1986-01-12,35.77,19.32,27.79,0.09,0.33,2.05,33.78
1986-01-13,35.01,17.4,26.54,0.0,0.33,1.42,33.06
1986-01-14,39.02,18.52,29.69,0.02,0.33,3.37,32.09
1986-01-15,37.73,23.46,29.92,13.47,0.33,15.83,14.82
1986-01-16,28.21,17.02,22.61,2.6,0.36,10.42,24.14
1986-01-17,26.08,13.44,19.65,0.0,0.35,3.93,33.73
1986-01-18,27.76,12.12,20.19,0.01,0.35,5.49,28.35
1986-01-19,32.4,15.09,23.74,0.0,0.34,2.64,33.69
1986-01-20,34.89,15.11,25.29,0.0,0.34,2.87,32.58
1986-01-21,35.82,15.58,26.27,0.0,0.34,3.4,32.66
1986-01-22,34.18,15.88,25.39,0.34,0.33,9.06,32.76
1986-01-23,29.32,16.49,22.28,0.04,0.33,9.13,32.07
1986-01-24,30.48,14.7,22.51,0.0,0.33,5.8,32.98
1986-01-25,33.98,14.3,24.62,0.0,0.33,5.97,32.84
1986-01-26,35.57,15.74,26.03,0.0,0.33,3.33,32.71
1986-01-27,34.3,15.23,25.03,0.0,0.33,1.52,32.69
1986-01-28,37.33,16.49,27.81,0.0,0.33,8.84,32.09
1986-01-29,39.55,21.64,30.69,0.0,0.33,10.54,31.82
1986-01-30,41.31,23.14,31.1,0.0,0.32,4.3,30.82
1986-01-31,36.06,16.67,26.38,0.0,0.32,0.57,32.25
1986-02-01,40.18,17.04,29.72,0.0,0.32,1.84,32.57
1986-02-02,32.43,19.32,26.06,0.0,0.32,3.86,30.79
1986-02-03,31.29,14.22,22.42,0.0,0.32,-2.32,32.55
1986-02-04,33.93,14.89,24.54,0.0,0.32,-3.0,32.21
1986-02-05,33.89,15.82,25.02,0.0,0.32,2.44,32.16
1986-02-06,31.54,15.56,23.29,0.0,0.32,3.11,32.01
1986-02-07,34.82,16.26,25.7,0.0,0.32,0.3,31.35
1986-02-08,41.86,21.06,31.61,0.0,0.32,1.4,30.68
1986-02-09,34.77,20.29,27.78,0.0,0.32,2.08,31.16
1986-02-10,32.23,15.21,24.04,0.0,0.31,1.15,30.68
1986-02-11,31.94,16.22,24.24,0.0,0.31,2.6,30.76
1986-02-12,34.66,15.74,25.72,0.0,0.31,2.75,30.55
1986-02-13,36.29,21.34,28.73,0.01,0.31,11.13,29.89
1986-02-14,36.68,22.56,28.96,0.0,0.31,8.19,30.3
1986-02-15,36.34,19.36,27.95,0.0,0.31,4.85,29.32
1986-02-16,36.61,22.99,28.78,0.0,0.31,6.82,27.87
1986-02-17,36.68,20.28,28.66,1.97,0.31,7.95,17.81
1986-02-18,25.64,17.54,20.7,0.04,0.31,6.63,28.04
1986-02-19,28.57,14.11,21.22,0.01,0.31,6.41,30.28
1986-02-20,30.81,13.81,22.6,0.0,0.31,5.59,28.79
1986-02-21,32.3,14.61,23.68,0.0,0.31,5.44,26.54
1986-02-22,31.1,15.9,23.55,0.0,0.31,2.18,27.7
1986-02-23,29.05,13.0,21.01,0.0,0.31,-0.37,24.76
1986-02-24,31.92,11.15,21.79,0.0,0.31,-0.57,26.75
1986-02-25,34.48,16.18,25.38,0.0,0.31,0.04,27.66
1986-02-26,36.14,17.48,26.8,0.0,0.31,5.16,28.05
1986-02-27,36.49,18.65,27.95,0.0,0.31,5.09,27.79
1986-02-28,39.01,21.66,30.33,0.0,0.31,7.31,23.85
1986-03-01,38.64,24.88,30.51,0.06,0.31,7.86,23.79
1986-03-02,34.36,18.42,25.98,0.0,0.31,2.44,27.45
1986-03-03,38.23,15.41,26.67,0.0,0.31,1.01,27.4
1986-03-04,37.84,18.55,28.05,0.0,0.3,0.26,27.42
1986-03-05,38.48,17.99,28.42,0.0,0.3,3.16,26.77
1986-03-06,40.52,21.84,30.61,0.0,0.3,7.44,26.62
1986-03-07,41.64,21.67,31.53,0.0,0.3,8.43,26.65
1986-03-08,26.05,14.67,20.16,0.0,0.3,1.91,23.92
1986-03-09,27.06,12.74,19.9,0.0,0.3,3.19,25.07
1986-03-10,23.58,11.69,17.41,0.0,0.3,2.15,25.7
1986-03-11,24.87,10.09,17.12,0.0,0.3,0.45,22.83
1986-03-12,29.12,11.16,20.13,0.0,0.3,-0.6,25.35
1986-03-13,31.19,14.31,22.79,0.0,0.3,-3.21,24.79
1986-03-14,34.47,15.51,25.37,0.0,0.3,-3.53,24.8
1986-03-15,31.85,17.73,24.19,0.0,0.3,2.32,24.5
1986-03-16,31.08,14.71,22.49,0.0,0.3,4.98,23.99
1986-03-17,33.55,15.44,23.85,0.0,0.3,1.42,23.6
1986-03-18,34.71,15.86,24.88,0.0,0.3,-0.76,24.51
1986-03-19,36.92,19.76,27.38,0.0,0.3,0.11,23.35
1986-03-20,39.26,19.9,29.38,0.0,0.3,1.5,23.59
1986-03-21,39.93,21.88,30.2,0.0,0.3,3.55,22.33
1986-03-22,39.73,23.13,30.76,0.0,0.3,6.11,23.97
1986-03-23,37.51,21.33,29.32,0.0,0.3,5.71,21.58
1986-03-24,36.47,18.39,27.19,0.0,0.3,5.45,22.53
1986-03-25,34.67,18.86,27.06,4.04,0.3,8.09,20.35
1986-03-26,35.97,21.22,27.36,1.01,0.31,7.99,20.75
1986-03-27,34.96,18.51,26.0,0.0,0.3,4.92,22.53
1986-03-28,34.28,17.31,25.15,0.0,0.3,6.09,22.92
1986-03-29,36.3,18.66,26.64,0.0,0.3,8.82,22.31
1986-03-30,35.2,18.78,26.62,0.0,0.3,9.78,22.08
1986-03-31,33.79,19.24,25.73,0.0,0.3,9.39,19.24
1986-04-01,33.91,18.3,25.67,0.0,0.3,9.85,20.56
1986-04-02,35.05,18.68,26.1,0.0,0.3,5.18,20.76
1986-04-03,36.47,17.76,27.19,0.0,0.3,0.24,21.77
1986-04-04,37.29,18.46,27.57,0.0,0.3,0.68,21.55
1986-04-05,24.69,13.7,20.05,0.0,0.3,3.0,17.26
1986-04-06,24.25,8.49,15.96,0.0,0.3,-0.96,20.6
1986-04-07,26.96,8.12,17.21,0.0,0.3,-4.06,20.52
1986-04-08,28.81,10.39,18.9,0.0,0.3,-3.11,20.62
1986-04-09,29.45,9.76,18.95,0.0,0.3,-1.76,20.53
1986-04-10,33.32,14.37,23.3,0.05,0.3,0.47,19.6
1986-04-11,29.57,17.24,22.02,1.36,0.3,5.21,10.52
1986-04-12,28.23,14.13,20.88,0.01,0.3,8.22,18.89
1986-04-13,28.03,14.4,21.05,0.0,0.3,7.35,18.86
1986-04-14,30.02,15.35,22.67,0.04,0.3,9.09,18.85
1986-04-15,28.37,18.38,23.13,0.45,0.3,9.1,15.62
1986-04-16,21.12,11.37,16.52,6.46,0.31,8.64,8.69
1986-04-17,21.73,10.23,15.28,0.18,0.31,6.69,13.26
1986-04-18,21.95,9.06,15.61,0.0,0.31,8.26,15.81
1986-04-19,21.96,8.27,14.99,0.0,0.31,6.1,18.71
1986-04-20,24.13,7.82,15.56,0.0,0.31,1.53,18.55
1986-04-21,25.41,10.31,17.25,0.0,0.3,1.17,18.45
1986-04-22,26.63,10.22,17.55,0.0,0.3,-0.18,18.22
1986-04-23,25.38,9.52,17.73,0.0,0.3,4.13,17.27
1986-04-24,26.29,12.79,18.16,0.0,0.3,4.1,15.87
1986-04-25,23.84,10.98,17.41,0.0,0.3,6.48,16.52
1986-04-26,18.21,7.93,12.58,0.0,0.3,1.15,17.21
1986-04-27,20.03,5.75,12.87,0.0,0.3,3.74,16.94
1986-04-28,19.18,8.05,13.0,0.0,0.3,3.77,14.64
1986-04-29,18.17,4.45,10.88,0.04,0.3,4.9,14.63
1986-04-30,21.61,7.62,13.71,0.0,0.3,6.0,16.15
1986-05-01,22.05,5.23,12.44,0.0,0.3,2.34,15.89
1986-05-02,23.55,5.87,14.22,0.04,0.3,4.24,15.52
1986-05-03,24.86,10.68,16.71,0.04,0.3,6.81,15.6
1986-05-04,25.13,9.98,16.95,0.0,0.3,5.43,14.98
1986-05-05,20.65,12.1,15.37,2.94,0.3,9.23,7.67
1986-05-06,21.38,13.47,16.85,1.96,0.31,12.01,11.18
1986-05-07,23.83,10.88,16.5,0.01,0.31,7.43,13.49
1986-05-08,24.84,11.11,17.24,0.58,0.31,5.94,15.05
1986-05-09,24.12,12.14,16.77,3.91,0.31,6.07,9.99
1986-05-10,18.5,8.96,13.6,6.92,0.33,8.44,10.29
1986-05-11,18.87,6.0,11.67,0.0,0.32,1.47,14.81
1986-05-12,22.0,6.58,13.47,0.25,0.32,2.91,14.82
1986-05-13,22.38,8.17,13.99,0.0,0.32,6.42,12.49
1986-05-14,22.27,7.79,14.51,0.0,0.32,6.83,14.62
1986-05-15,24.57,9.52,15.92,0.0,0.32,6.93,14.15
1986-05-16,25.16,12.3,17.66,0.24,0.32,8.63,9.7
1986-05-17,21.81,13.33,16.72,2.02,0.32,9.94,9.64
1986-05-18,19.05,8.3,13.45,0.0,0.32,6.1,12.8
1986-05-19,16.91,8.54,12.49,0.61,0.32,7.12,9.72
1986-05-20,16.3,7.37,11.3,0.07,0.32,6.66,9.44
1986-05-21,18.69,7.88,13.05,0.0,0.32,5.79,11.79
1986-05-22,24.28,9.13,15.6,0.01,0.32,4.69,13.1
1986-05-23,19.14,11.14,14.58,12.7,0.34,9.4,7.14
1986-05-24,17.75,8.41,12.4,0.23,0.34,7.42,13.22
1986-05-25,17.49,5.06,10.24,0.01,0.33,5.34,12.03
1986-05-26,17.58,4.41,9.94,0.0,0.33,1.97,12.88
1986-05-27,20.32,4.47,11.99,0.0,0.33,1.84,12.74
1986-05-28,20.72,8.33,13.24,0.0,0.33,2.97,12.76
1986-05-29,17.19,4.35,9.77,0.0,0.33,3.93,10.79
1986-05-30,15.09,3.97,8.38,0.01,0.33,4.25,12.88
1986-05-31,16.74,0.98,7.14,0.0,0.33,1.72,10.87
1986-06-01,20.4,2.57,9.39,0.0,0.33,0.81,10.64
1986-06-02,19.52,3.39,9.36,0.01,0.33,1.28,10.23
1986-06-03,16.62,1.44,8.14,0.04,0.33,3.55,8.54
1986-06-04,16.03,3.73,8.55,0.0,0.33,5.57,10.99
1986-06-05,16.77,5.52,9.67,0.01,0.32,5.62,11.71
1986-06-06,18.29,4.57,10.49,0.0,0.32,4.07,10.7
1986-06-07,21.48,5.24,11.37,0.0,0.32,2.23,10.51
1986-06-08,17.6,4.23,10.73,0.0,0.32,4.8,10.9
1986-06-09,14.27,3.69,8.52,0.0,0.32,4.25,6.95
1986-06-10,14.84,4.51,8.36,0.01,0.32,4.66,7.27
1986-06-11,14.12,3.44,8.42,0.0,0.32,2.05,8.46
1986-06-12,15.24,6.76,10.22,0.0,0.32,3.31,8.11
1986-06-13,17.28,3.99,9.78,0.0,0.32,4.48,11.53
1986-06-14,19.39,4.43,10.58,0.0,0.32,5.78,11.8
1986-06-15,18.57,6.19,11.54,0.0,0.32,6.31,10.99
1986-06-16,18.41,8.5,12.99,0.06,0.32,7.3,9.84
1986-06-17,17.88,10.39,13.07,1.39,0.32,7.27,9.88
1986-06-18,12.85,5.99,9.22,2.7,0.33,3.38,10.82
1986-06-19,13.52,5.55,8.91,1.95,0.33,5.21,9.97
1986-06-20,12.56,2.34,6.23,0.03,0.33,2.14,11.07
1986-06-21,11.5,0.03,4.91,0.03,0.33,0.63,7.57
1986-06-22,12.46,3.11,6.72,0.22,0.33,2.3,7.47
1986-06-23,11.34,-0.16,4.72,0.03,0.33,0.56,9.76
1986-06-24,12.51,-0.35,5.4,0.01,0.33,2.04,8.85
1986-06-25,12.86,2.22,6.99,0.0,0.33,1.88,7.46
1986-06-26,14.98,2.04,7.27,0.0,0.33,1.79,10.4
1986-06-27,14.58,4.74,8.11,0.19,0.33,4.16,5.68
1986-06-28,14.23,3.31,7.99,0.02,0.33,2.63,10.76
1986-06-29,14.67,1.82,7.09,0.0,0.33,2.53,12.16
1986-06-30,13.75,1.35,7.1,0.0,0.33,-0.08,6.83
1986-07-01,9.97,5.71,8.19,2.52,0.33,5.0,4.71
1986-07-02,12.65,9.92,11.35,14.66,0.35,10.79,3.61
1986-07-03,16.97,7.4,12.18,0.25,0.36,7.18,9.93
1986-07-04,12.57,8.08,10.8,8.09,0.37,6.22,6.24
1986-07-05,13.37,6.33,9.34,2.81,0.37,5.56,7.82
1986-07-06,14.85,3.55,8.01,0.02,0.37,2.76,12.17
1986-07-07,13.27,5.16,8.23,1.08,0.36,3.86,6.42
1986-07-08,10.88,4.72,6.55,1.87,0.36,4.16,9.24
1986-07-09,9.27,2.22,4.95,0.39,0.36,1.64,10.09
1986-07-10,12.15,2.8,6.19,0.21,0.36,3.39,10.39
1986-07-11,11.69,3.59,6.33,0.0,0.36,3.24,9.44
1986-07-12,13.55,1.0,5.89,0.0,0.36,1.46,12.29
1986-07-13,15.48,-0.78,6.75,0.0,0.36,-0.66,12.57
1986-07-14,18.97,1.7,9.39,0.15,0.36,3.21,12.63
1986-07-15,15.47,8.4,11.59,6.36,0.36,9.65,4.66
1986-07-16,19.98,6.3,11.33,6.05,0.37,7.62,8.01
1986-07-17,13.61,4.93,8.99,1.41,0.38,4.08,8.44
1986-07-18,13.36,4.55,8.06,0.52,0.38,5.12,6.07
1986-07-19,15.63,3.88,8.93,0.0,0.37,3.88,7.68
1986-07-20,15.31,4.02,7.91,0.0,0.37,4.22,13.32
1986-07-21,16.84,2.13,8.31,0.06,0.37,2.28,13.35
1986-07-22,19.19,5.1,11.4,0.69,0.37,4.2,8.1
1986-07-23,13.3,11.33,12.34,1.82,0.37,10.01,4.93
1986-07-24,16.11,10.35,12.54,1.31,0.37,9.42,8.76
1986-07-25,9.92,0.61,6.07,0.06,0.37,-0.62,12.79
1986-07-26,10.79,-2.84,3.2,0.0,0.37,-3.08,13.13
1986-07-27,12.24,-2.7,3.66,0.0,0.37,-4.65,10.55
1986-07-28,11.71,-2.78,3.72,0.0,0.37,0.46,9.01
1986-07-29,14.13,0.2,6.75,0.01,0.37,2.62,12.69
1986-07-30,15.15,1.48,7.87,0.02,0.37,3.01,11.08
1986-07-31,14.56,4.06,8.75,0.0,0.37,1.82,13.09
1986-08-01,18.9,1.62,9.46,0.0,0.37,0.55,14.23
1986-08-02,18.53,1.76,9.18,0.12,0.37,-0.83,14.55
1986-08-03,10.92,2.24,6.62,0.97,0.37,2.1,7.96
1986-08-04,6.94,1.77,4.29,9.73,0.38,3.42,9.45
1986-08-05,14.5,4.95,8.83,1.12,0.39,5.51,11.8
1986-08-06,17.34,4.96,10.06,0.01,0.38,5.61,14.97
1986-08-07,16.78,5.64,10.12,0.0,0.38,4.95,15.37
1986-08-08,17.22,5.17,10.06,0.0,0.38,3.46,14.46
1986-08-09,15.49,3.29,7.91,0.0,0.38,0.58,14.62
1986-08-10,16.78,1.44,8.37,0.0,0.38,1.3,14.75
1986-08-11,13.55,3.23,8.18,0.09,0.38,3.12,9.57
1986-08-12,16.4,3.65,9.5,0.0,0.37,3.62,15.34
1986-08-13,18.5,2.85,10.58,0.0,0.37,2.13,16.22
1986-08-14,20.93,4.57,11.99,12.56,0.37,6.91,9.11
1986-08-15,14.76,7.38,11.4,1.06,0.4,6.89,8.12
1986-08-16,14.61,5.33,9.56,0.66,0.39,5.13,11.53
1986-08-17,13.38,3.52,7.69,0.23,0.39,4.21,11.14
1986-08-18,14.04,1.87,6.97,0.13,0.39,1.65,13.46
1986-08-19,17.19,2.8,10.07,0.0,0.39,-0.58,17.01
1986-08-20,20.54,5.43,12.64,0.0,0.39,0.52,17.55
1986-08-21,21.64,6.32,13.44,0.0,0.38,2.4,15.88
1986-08-22,22.49,5.81,13.37,0.0,0.38,3.05,17.7
1986-08-23,20.08,5.74,12.35,8.35,0.38,5.19,11.01
1986-08-24,15.42,6.89,11.29,2.91,0.4,7.23,11.29
1986-08-25,15.02,3.9,8.68,0.41,0.4,2.8,17.01
1986-08-26,17.07,1.74,9.4,0.0,0.39,3.34,16.89
1986-08-27,19.68,5.03,11.59,0.04,0.39,4.98,17.01
1986-08-28,21.4,5.8,12.88,0.01,0.39,3.17,16.03
1986-08-29,16.69,8.14,11.91,0.71,0.39,4.6,13.91
1986-08-30,11.57,3.1,7.86,1.37,0.39,2.05,15.07
1986-08-31,16.85,1.96,8.86,0.04,0.39,1.84,17.55
1986-09-01,19.17,3.2,10.57,0.02,0.39,3.85,19.0
1986-09-02,20.04,6.39,12.58,0.0,0.38,6.22,16.42
1986-09-03,20.38,7.57,14.31,0.0,0.38,6.69,17.37
1986-09-04,24.78,9.96,16.29,0.0,0.38,3.01,17.95
1986-09-05,23.02,11.14,16.41,0.0,0.38,4.88,15.7
1986-09-06,18.2,5.61,11.98,0.0,0.38,3.23,18.24
1986-09-07,16.6,3.16,9.09,0.0,0.38,1.45,19.88
1986-09-08,19.05,2.63,10.34,0.0,0.38,4.07,19.7
1986-09-09,20.84,3.66,12.0,0.0,0.37,4.07,20.59
1986-09-10,20.95,6.39,13.01,0.0,0.37,3.07,20.74
1986-09-11,21.8,5.33,13.54,0.0,0.37,3.78,20.18
1986-09-12,18.2,9.33,12.79,7.59,0.37,7.06,8.74
1986-09-13,17.79,9.48,13.08,3.7,0.39,10.05,12.64
1986-09-14,17.24,7.38,11.22,1.03,0.39,7.24,11.54
1986-09-15,20.36,6.33,13.34,0.72,0.39,7.68,17.03
1986-09-16,16.42,9.97,13.1,11.31,0.39,8.95,6.65
1986-09-17,17.19,6.18,11.65,0.53,0.4,5.27,13.62
1986-09-18,17.93,6.08,11.09,0.13,0.4,4.98,12.31
1986-09-19,18.18,4.73,11.54,0.08,0.39,3.05,21.48
1986-09-20,18.76,5.99,11.46,0.0,0.39,3.61,20.89
1986-09-21,20.86,5.39,13.16,0.0,0.39,6.09,21.9
1986-09-22,21.15,6.1,13.2,0.09,0.39,4.83,21.07
1986-09-23,22.07,5.46,13.8,0.01,0.38,4.08,22.67
1986-09-24,29.04,9.79,19.19,0.04,0.38,6.31,17.71
1986-09-25,22.85,7.49,15.1,0.0,0.38,4.98,23.93
1986-09-26,28.11,8.44,18.44,0.0,0.38,3.48,24.35
1986-09-27,27.92,11.96,18.79,0.01,0.37,6.38,24.44
1986-09-28,24.02,10.25,16.95,0.66,0.37,10.81,20.34
1986-09-29,22.16,11.29,16.53,2.09,0.37,10.92,15.21
1986-09-30,22.79,11.78,16.81,1.18,0.38,12.56,14.94
1986-10-01,25.55,12.56,18.5,0.22,0.37,11.69,20.14
1986-10-02,30.14,12.95,19.89,0.36,0.37,10.08,16.64
1986-10-03,17.37,7.84,13.4,7.83,0.38,6.69,14.04
1986-10-04,21.77,7.32,13.88,0.0,0.38,1.68,24.57
1986-10-05,25.64,7.32,16.32,2.59,0.38,2.35,21.83
1986-10-06,23.86,12.37,17.28,7.6,0.39,9.82,20.72
1986-10-07,20.15,8.65,13.9,0.08,0.39,5.03,24.02
1986-10-08,18.61,3.34,11.62,0.02,0.39,0.79,18.73
1986-10-09,15.47,6.82,10.94,11.25,0.4,6.95,11.88
1986-10-10,19.5,5.94,11.93,0.05,0.4,3.56,25.05
1986-10-11,21.34,6.86,14.23,0.02,0.39,3.43,23.58
1986-10-12,25.25,9.02,17.47,0.47,0.39,3.79,26.42
1986-10-13,28.26,13.56,20.75,4.18,0.39,4.18,12.69
1986-10-14,19.27,8.21,13.92,3.86,0.4,5.39,22.25
1986-10-15,22.57,5.39,14.55,0.0,0.39,2.99,27.94
1986-10-16,23.98,9.54,16.6,0.14,0.39,3.51,28.54
1986-10-17,25.91,8.35,17.27,0.03,0.38,2.49,27.35
1986-10-18,23.9,12.69,16.81,1.85,0.38,4.66,14.2
1986-10-19,20.16,8.81,14.19,0.74,0.38,3.59,26.55
1986-10-20,19.3,4.42,11.94,0.04,0.38,1.13,28.76
1986-10-21,24.12,5.65,16.04,0.0,0.38,0.39,29.51
1986-10-22,23.79,7.9,15.12,10.5,0.39,4.46,10.7
1986-10-23,19.86,5.78,12.58,0.01,0.39,2.08,28.42
1986-10-24,20.02,7.08,13.61,1.61,0.39,4.07,22.58
1986-10-25,19.25,5.17,12.61,0.03,0.39,4.37,22.13
1986-10-26,20.08,7.6,13.49,0.2,0.39,4.15,21.3
1986-10-27,20.55,5.49,13.18,0.17,0.38,3.83,22.27
1986-10-28,24.47,6.62,15.91,0.03,0.38,4.64,29.99
1986-10-29,27.55,10.77,19.14,0.0,0.38,5.16,23.34
1986-10-30,28.4,11.12,20.31,0.0,0.37,4.31,30.43
1986-10-31,23.56,11.22,17.66,0.01,0.37,3.79,17.88
1986-11-01,23.22,6.99,15.31,0.01,0.37,3.63,29.73
1986-11-02,27.91,8.7,18.49,0.0,0.37,6.77,30.88
1986-11-03,31.96,11.15,21.8,0.0,0.36,6.47,30.97
1986-11-04,35.86,14.18,25.53,0.0,0.36,6.23,31.53
1986-11-05,36.71,19.69,28.43,0.0,0.36,7.92,30.17
1986-11-06,28.15,17.46,22.84,1.23,0.36,12.79,12.56
1986-11-07,26.68,11.74,18.97,0.29,0.36,6.35,30.18
1986-11-08,26.33,9.15,17.92,0.0,0.35,3.12,31.63
1986-11-09,28.06,11.17,19.54,0.0,0.35,5.84,31.22
1986-11-10,30.78,12.74,22.06,0.0,0.35,4.05,31.33
1986-11-11,32.94,15.74,23.37,0.12,0.35,6.5,13.77
1986-11-12,24.33,14.31,19.74,1.1,0.35,10.81,20.9
1986-11-13,28.19,12.98,20.3,0.08,0.35,9.96,28.59
1986-11-14,30.14,12.83,22.03,0.02,0.35,10.61,31.65
1986-11-15,35.47,16.7,26.26,0.21,0.35,9.13,27.34
1986-11-16,36.76,19.33,28.08,0.36,0.34,8.81,14.36
1986-11-17,35.53,19.84,27.16,2.09,0.34,11.33,26.15
1986-11-18,20.03,8.96,13.81,35.43,0.37,8.79,10.78
1986-11-19,20.33,6.22,13.31,2.57,0.41,3.18,28.29
1986-11-20,23.18,8.42,15.83,0.43,0.4,5.1,32.82
1986-11-21,23.99,7.63,15.99,0.0,0.39,2.49,32.53
1986-11-22,29.86,9.9,20.46,0.0,0.38,4.16,32.44
1986-11-23,28.69,11.75,20.31,0.0,0.38,5.34,32.69
1986-11-24,30.5,11.76,21.32,0.0,0.37,5.78,32.59
1986-11-25,32.83,13.14,23.37,0.0,0.37,5.13,33.07
1986-11-26,34.75,15.99,26.01,0.0,0.36,8.1,31.95
1986-11-27,24.72,8.5,16.1,0.0,0.36,-0.4,32.65
1986-11-28,27.89,10.7,19.19,0.0,0.36,4.0,33.01
1986-11-29,28.68,11.19,19.79,0.01,0.36,4.27,22.13
1986-11-30,29.54,14.27,21.53,0.02,0.36,7.81,30.62
1986-12-01,27.86,14.4,21.2,0.38,0.35,9.52,30.3
1986-12-02,31.15,15.06,23.62,0.0,0.35,8.96,32.43
1986-12-03,32.4,19.39,26.09,0.08,0.35,11.05,29.41
1986-12-04,33.94,20.58,27.38,0.55,0.35,10.5,23.65
1986-12-05,32.78,22.0,27.82,0.86,0.35,11.67,23.73
1986-12-06,34.19,20.81,26.07,4.55,0.35,11.0,21.96
1986-12-07,24.71,13.27,20.0,10.75,0.37,10.59,20.52
1986-12-08,22.81,10.98,16.44,0.24,0.37,2.82,31.75
1986-12-09,26.47,9.0,17.9,0.0,0.36,2.49,33.84
1986-12-10,30.9,12.12,21.56,0.0,0.36,4.43,32.28
1986-12-11,25.4,12.13,19.33,0.0,0.36,4.48,31.81
1986-12-12,24.15,11.0,17.83,0.0,0.35,5.82,26.55
1986-12-13,25.62,12.02,18.73,0.0,0.35,5.92,26.52
1986-12-14,26.03,12.0,18.93,0.0,0.35,5.21,27.44
1986-12-15,29.8,9.79,20.37,0.0,0.35,0.89,33.55
1986-12-16,32.39,16.3,22.22,6.23,0.35,6.64,12.17
1986-12-17,25.26,9.86,17.63,0.12,0.36,4.04,27.82
1986-12-18,25.39,10.87,18.09,0.0,0.35,3.6,31.42
1986-12-19,30.48,13.67,21.97,0.0,0.35,3.02,33.74
1986-12-20,26.49,12.85,19.4,0.0,0.35,2.91,34.17
1986-12-21,29.46,13.1,21.31,0.0,0.34,3.25,34.17
1986-12-22,26.73,12.65,19.42,0.0,0.34,2.72,34.42
1986-12-23,30.17,11.64,21.2,0.0,0.34,2.84,34.42
1986-12-24,31.37,13.59,22.87,0.0,0.34,3.22,34.19
1986-12-25,36.36,15.25,26.29,0.0,0.34,5.53,33.2
1986-12-26,35.93,20.23,27.5,0.0,0.34,7.27,33.18
1986-12-27,34.72,15.81,25.15,0.0,0.33,5.11,33.75
1986-12-28,34.13,16.58,25.35,0.0,0.33,4.92,24.54
1986-12-29,35.55,16.46,26.19,0.0,0.33,3.41,34.41
1986-12-30,40.05,18.13,29.92,0.1,0.33,5.33,33.2
1986-12-31,40.25,23.38,29.91,4.9,0.33,12.74,20.66
1987-01-01,33.83,20.81,26.81,0.23,0.34,11.6,32.84
1987-01-02,36.39,19.58,27.82,0.33,0.33,7.73,29.58
1987-01-03,24.45,15.06,19.92,0.01,0.33,8.0,29.52
1987-01-04,24.71,15.8,20.03,0.2,0.33,10.4,16.87
1987-01-05,31.35,15.34,23.73,0.0,0.33,10.73,32.03
1987-01-06,36.28,18.1,27.52,0.0,0.33,8.11,34.16
1987-01-07,39.94,20.65,30.83,0.24,0.33,4.61,27.96
1987-01-08,30.81,17.21,23.56,0.0,0.33,2.89,33.62
1987-01-09,30.38,13.55,22.07,0.0,0.33,-0.54,34.19
1987-01-10,32.61,13.5,23.63,0.0,0.32,-1.57,34.1
1987-01-11,38.19,17.64,27.76,0.0,0.32,1.92,21.96
1987-01-12,29.11,19.6,24.71,4.52,0.33,10.29,15.56
1987-01-13,32.97,17.97,25.23,0.0,0.33,6.54,33.72
1987-01-14,32.42,16.48,24.63,0.18,0.33,5.66,33.24
1987-01-15,35.79,16.99,27.36,0.0,0.32,5.41,33.37
1987-01-16,41.56,20.62,31.84,0.0,0.32,3.27,34.31
1987-01-17,37.09,20.11,28.22,0.0,0.32,3.11,33.74
1987-01-18,39.65,20.28,29.21,0.04,0.32,6.12,21.6
1987-01-19,33.33,16.89,25.02,0.0,0.32,2.58,33.35
1987-01-20,34.56,17.67,26.1,0.0,0.32,2.24,27.05
1987-01-21,25.51,17.61,22.04,3.25,0.32,8.0,17.1
1987-01-22,26.74,14.56,19.9,0.0,0.32,-0.09,31.38
1987-01-23,30.98,10.24,21.06,0.0,0.32,-2.9,30.83
1987-01-24,37.08,15.36,27.53,0.0,0.32,-4.73,32.18
1987-01-25,31.97,21.92,26.46,0.6,0.32,6.5,14.17
1987-01-26,36.18,22.08,27.75,1.16,0.32,16.15,19.92
1987-01-27,30.4,18.28,23.67,0.0,0.32,3.64,30.68
1987-01-28,27.73,12.98,20.2,0.01,0.32,1.84,32.56
1987-01-29,33.42,14.67,23.98,0.0,0.32,-0.03,32.69
1987-01-30,35.98,16.61,26.74,0.0,0.32,2.3,32.44
1987-01-31,39.21,19.64,30.13,0.0,0.31,2.6,32.57
1987-02-01,42.85,21.63,33.19,0.0,0.31,2.08,31.22
1987-02-02,44.56,23.54,33.87,1.06,0.31,9.96,23.11
1987-02-03,32.09,19.53,26.2,0.0,0.31,2.5,31.11
1987-02-04,30.4,14.55,22.26,0.0,0.31,-0.86,32.56
1987-02-05,35.71,14.4,25.74,0.0,0.31,2.39,31.28
1987-02-06,39.46,21.08,31.19,0.11,0.31,10.85,28.93
1987-02-07,41.72,26.15,33.98,1.78,0.31,13.38,27.74
1987-02-08,39.74,26.24,32.81,0.83,0.31,10.95,29.08
1987-02-09,39.26,22.19,31.3,0.37,0.31,11.63,27.34
1987-02-10,38.62,23.33,31.82,2.87,0.31,10.69,28.19
1987-02-11,29.0,15.01,21.9,0.0,0.31,0.47,29.96
1987-02-12,33.53,15.62,24.4,0.04,0.31,2.97,29.87
1987-02-13,38.48,17.5,28.5,0.08,0.31,11.73,26.46
1987-02-14,38.19,24.28,29.83,0.56,0.31,13.89,22.95
1987-02-15,31.27,22.98,26.98,0.39,0.31,15.96,15.68
1987-02-16,32.88,21.84,27.29,0.06,0.31,13.73,20.03
1987-02-17,34.38,19.39,26.45,0.0,0.31,6.83,29.31
1987-02-18,35.68,19.17,27.73,0.0,0.31,9.42,28.46
1987-02-19,36.91,23.1,29.54,0.86,0.31,9.78,25.76
1987-02-20,30.95,21.03,25.28,21.64,0.33,19.19,12.38
1987-02-21,28.3,14.04,20.65,0.76,0.35,5.56,25.91
1987-02-22,24.73,12.26,18.2,0.0,0.34,3.3,28.06
1987-02-23,30.14,11.22,20.77,0.01,0.33,2.74,26.96
1987-02-24,32.46,15.72,24.87,0.0,0.33,3.95,24.28
1987-02-25,26.85,13.39,19.56,0.0,0.33,1.19,26.21
1987-02-26,33.25,12.12,23.05,0.01,0.33,2.08,27.47
1987-02-27,37.86,17.57,27.88,0.0,0.32,7.47,26.85
1987-02-28,31.54,16.58,24.49,12.98,0.33,14.42,13.63
1987-03-01,28.91,15.01,19.77,0.53,0.34,10.59,13.5
1987-03-02,20.89,14.77,18.22,25.51,0.36,14.46,10.92
1987-03-03,25.35,12.58,18.97,1.88,0.39,10.93,22.99
1987-03-04,26.35,13.96,20.06,0.25,0.38,11.48,19.81
1987-03-05,29.36,14.63,22.17,0.11,0.37,12.53,24.92
1987-03-06,30.81,16.77,23.28,0.09,0.36,11.57,22.85
1987-03-07,23.8,10.09,16.78,0.0,0.36,0.59,26.35
1987-03-08,22.85,11.39,16.57,0.0,0.36,2.5,25.01
1987-03-09,24.12,7.29,15.41,0.0,0.35,0.06,26.13
1987-03-10,27.59,8.79,18.23,0.0,0.35,4.06,25.76
1987-03-11,30.57,12.31,21.45,0.0,0.35,6.37,24.05
1987-03-12,31.63,15.95,23.04,0.0,0.35,2.7,25.14
1987-03-13,27.81,13.89,20.05,0.0,0.35,5.5,25.3
1987-03-14,27.82,11.31,19.14,0.0,0.34,1.43,23.45
1987-03-15,30.85,15.06,22.25,0.0,0.34,3.18,24.82
1987-03-16,31.92,15.33,23.41,0.0,0.34,5.9,24.82
1987-03-17,32.21,15.77,23.34,0.0,0.34,8.66,24.43
1987-03-18,33.46,17.27,24.86,0.0,0.34,10.2,23.44
1987-03-19,32.83,19.67,25.23,0.05,0.34,9.9,21.77
1987-03-20,23.85,14.48,18.48,0.0,0.34,2.89,23.49
1987-03-21,24.22,11.5,17.46,0.0,0.34,4.11,23.6
1987-03-22,26.54,11.36,18.33,0.0,0.33,5.55,23.6
1987-03-23,26.58,12.58,18.79,0.0,0.33,5.43,23.4
1987-03-24,28.5,9.8,19.05,0.0,0.33,0.6,23.42
1987-03-25,32.1,12.86,22.11,0.02,0.33,2.98,23.12
1987-03-26,25.62,17.92,21.75,1.56,0.33,15.52,20.08
1987-03-27,29.43,17.42,23.01,0.18,0.33,13.49,21.71
1987-03-28,31.86,17.18,22.58,0.8,0.33,10.61,12.31
1987-03-29,20.56,13.34,16.9,0.0,0.33,4.34,19.41
1987-03-30,21.4,10.84,15.55,0.0,0.33,4.94,18.09
1987-03-31,24.05,9.64,16.49,0.0,0.33,7.61,20.38
1987-04-01,28.17,10.75,19.75,0.0,0.33,7.15,21.14
1987-04-02,29.69,12.5,21.4,0.0,0.33,4.46,20.88
1987-04-03,30.3,13.8,22.44,0.0,0.33,6.53,20.45
1987-04-04,30.73,16.31,23.25,0.0,0.33,7.64,19.95
1987-04-05,31.31,15.63,23.55,0.03,0.33,9.23,18.65
1987-04-06,32.3,20.27,24.91,2.43,0.33,9.91,18.77
1987-04-07,25.37,14.59,20.82,0.41,0.33,8.92,17.34
1987-04-08,23.13,11.87,17.0,0.0,0.33,6.19,19.03
1987-04-09,22.87,7.89,15.09,0.0,0.33,2.16,20.24
1987-04-10,22.01,8.94,15.51,0.0,0.33,3.85,16.27
1987-04-11,27.59,9.16,18.59,0.0,0.33,2.14,19.59
1987-04-12,30.77,12.06,21.46,0.0,0.33,3.45,19.41
1987-04-13,31.4,13.91,21.32,0.0,0.33,3.73,19.3
1987-04-14,30.66,14.47,22.17,0.0,0.32,5.97,16.42
1987-04-15,21.3,12.4,17.08,0.0,0.32,5.74,9.16
1987-04-16,26.12,9.28,16.97,0.0,0.32,1.64,18.6
1987-04-17,26.69,12.99,19.3,0.29,0.32,7.46,16.36
1987-04-18,25.08,15.49,19.52,2.05,0.33,11.29,17.45
1987-04-19,28.45,13.4,20.06,0.0,0.33,7.84,17.8
1987-04-20,18.51,8.09,12.92,0.01,0.33,1.13,18.48
1987-04-21,21.17,5.02,12.49,0.0,0.33,-0.27,18.12
1987-04-22,24.2,5.91,14.97,0.0,0.32,0.98,16.8
1987-04-23,25.23,10.09,17.26,0.0,0.32,5.38,17.19
1987-04-24,26.02,10.85,17.85,0.0,0.32,7.44,17.2
1987-04-25,27.0,11.92,19.04,0.0,0.32,8.67,15.25
1987-04-26,28.39,12.89,20.68,0.0,0.32,8.07,15.48
1987-04-27,27.23,15.38,21.21,0.13,0.32,11.08,15.1
1987-04-28,27.76,15.22,21.47,2.3,0.32,11.8,9.61
1987-04-29,23.18,10.87,16.35,0.0,0.33,7.37,14.66
1987-04-30,23.33,10.03,16.73,0.0,0.32,8.42,12.96
1987-05-01,22.1,11.77,16.1,0.06,0.32,7.91,11.93
1987-05-02,21.87,12.43,16.21,10.7,0.33,11.33,4.17
1987-05-03,17.54,8.07,12.76,0.74,0.35,5.34,13.65
1987-05-04,19.06,4.98,11.39,0.0,0.34,3.56,10.02
1987-05-05,21.3,6.35,13.24,0.0,0.34,5.5,14.76
1987-05-06,22.23,7.1,14.35,0.0,0.34,5.67,14.99
1987-05-07,23.32,9.68,15.45,0.01,0.34,7.53,14.74
1987-05-08,23.42,9.57,16.23,0.0,0.33,8.2,14.79
1987-05-09,23.9,10.28,16.6,0.0,0.33,8.55,12.35
1987-05-10,24.42,11.65,17.63,0.0,0.33,10.33,13.75
1987-05-11,25.1,12.32,18.01,0.01,0.33,9.74,13.6
1987-05-12,26.64,13.92,19.61,0.47,0.33,10.81,12.89
1987-05-13,25.97,15.76,18.71,3.07,0.33,13.84,6.88
1987-05-14,22.26,12.48,16.3,6.14,0.35,8.67,14.14
1987-05-15,18.43,8.44,13.3,0.91,0.35,6.91,11.94
1987-05-16,15.44,9.33,11.94,1.42,0.35,6.56,9.81
1987-05-17,16.7,7.38,11.97,0.45,0.35,6.84,9.68
1987-05-18,16.8,6.68,10.82,0.05,0.34,5.1,11.19
1987-05-19,17.0,4.76,10.24,0.0,0.34,5.26,10.22
1987-05-20,17.36,6.7,10.77,0.0,0.34,4.22,11.38
1987-05-21,18.26,5.11,11.38,0.02,0.34,3.32,11.96
1987-05-22,18.99,5.84,12.43,0.0,0.34,3.37,12.44
1987-05-23,20.71,5.8,12.25,0.0,0.34,3.84,13.03
1987-05-24,21.04,5.81,12.71,0.0,0.34,2.27,12.93
1987-05-25,20.57,6.65,13.79,0.01,0.34,4.03,11.73
1987-05-26,18.53,7.39,12.5,3.74,0.34,5.3,7.62
1987-05-27,9.94,2.37,5.94,0.15,0.35,0.9,10.83
1987-05-28,12.66,0.67,5.21,0.0,0.34,-0.15,12.56
1987-05-29,15.79,2.2,8.13,0.0,0.34,2.38,12.58
1987-05-30,17.02,3.33,9.62,0.0,0.34,4.0,9.97
1987-05-31,15.83,4.12,8.67,0.0,0.34,3.83,12.22
1987-06-01,14.82,2.26,7.52,0.0,0.34,3.17,12.26
1987-06-02,16.6,2.35,8.58,0.0,0.34,2.15,11.37
1987-06-03,16.1,5.75,9.22,0.0,0.34,2.52,10.85
1987-06-04,18.06,4.42,9.92,0.0,0.34,6.04,11.93
1987-06-05,20.18,5.23,10.88,0.0,0.34,5.35,11.61
1987-06-06,19.44,5.79,11.27,0.0,0.34,5.93,11.61
1987-06-07,20.94,7.47,13.42,0.0,0.34,7.94,11.14
1987-06-08,22.3,9.33,14.59,0.0,0.34,8.97,10.86
1987-06-09,21.78,8.6,14.43,0.14,0.34,8.32,9.41
1987-06-10,21.72,10.4,15.36,1.39,0.34,8.64,8.98
1987-06-11,21.55,11.11,15.12,8.3,0.34,10.93,5.54
1987-06-12,16.81,8.72,12.59,8.39,0.37,8.29,12.21
1987-06-13,13.77,4.24,8.76,0.0,0.37,3.3,11.72
1987-06-14,14.47,0.92,6.81,0.0,0.36,2.1,11.8
1987-06-15,16.33,3.12,7.76,0.0,0.36,2.63,11.41
1987-06-16,19.14,3.95,10.18,0.0,0.36,5.62,11.16
1987-06-17,17.86,7.22,10.98,0.0,0.36,6.59,10.07
1987-06-18,14.92,7.47,11.15,5.32,0.36,8.75,4.57
1987-06-19,15.74,9.2,12.4,16.34,0.38,10.2,4.4
1987-06-20,18.47,10.23,13.64,6.53,0.41,11.17,6.61
1987-06-21,15.51,8.39,12.08,8.88,0.41,10.25,4.08
1987-06-22,14.52,6.12,10.08,0.19,0.41,6.13,8.94
1987-06-23,16.19,4.39,10.13,2.42,0.41,5.67,10.12
1987-06-24,11.18,4.79,7.69,4.34,0.41,5.33,6.93
1987-06-25,13.02,5.49,8.03,1.16,0.41,4.77,7.27
1987-06-26,11.68,4.34,7.02,0.6,0.41,5.1,10.47
1987-06-27,15.39,4.89,8.82,0.39,0.41,4.72,7.88
1987-06-28,12.43,3.13,7.14,0.55,0.41,3.25,8.14
1987-06-29,10.43,0.8,4.97,0.09,0.4,2.31,7.15
1987-06-30,12.99,1.78,7.36,0.1,0.4,2.33,6.85
1987-07-01,12.43,3.81,7.27,0.06,0.4,1.89,7.48
1987-07-02,14.17,2.44,7.68,0.0,0.4,1.56,10.41
1987-07-03,13.45,3.76,7.86,0.0,0.4,1.18,11.79
1987-07-04,15.69,1.55,7.58,0.0,0.4,2.15,11.72
1987-07-05,15.67,1.42,7.23,0.0,0.4,1.36,11.94
1987-07-06,17.27,1.46,8.27,0.0,0.4,3.51,11.88
1987-07-07,17.5,3.0,8.79,0.03,0.4,4.59,11.91
1987-07-08,18.51,2.33,9.55,0.0,0.4,4.1,12.1
1987-07-09,18.62,3.28,10.71,0.0,0.4,3.55,12.14
1987-07-10,18.57,4.65,10.63,0.2,0.4,3.82,9.35
1987-07-11,13.12,4.69,8.05,0.11,0.4,3.26,10.62
1987-07-12,12.63,2.88,6.63,0.01,0.39,3.38,8.94
1987-07-13,13.9,1.58,6.78,0.0,0.39,1.24,12.28
1987-07-14,18.04,3.51,10.58,0.11,0.39,1.9,10.43
1987-07-15,16.74,7.2,11.45,0.25,0.39,5.26,11.47
1987-07-16,15.34,4.41,9.8,1.26,0.39,5.94,10.56
1987-07-17,16.53,8.7,11.25,0.27,0.39,5.48,11.04
1987-07-18,15.8,6.0,9.85,0.0,0.39,3.67,9.95
1987-07-19,13.95,3.79,7.79,1.77,0.39,2.56,8.07
1987-07-20,10.19,2.75,6.23,2.05,0.39,3.18,8.07
1987-07-21,8.8,3.62,6.11,4.47,0.4,4.91,7.7
1987-07-22,12.57,2.41,6.09,0.4,0.41,3.49,13.31
1987-07-23,14.28,2.09,6.3,0.02,0.4,2.69,13.5
1987-07-24,15.54,0.5,7.41,0.0,0.4,2.16,13.58
1987-07-25,15.56,1.8,8.8,0.0,0.4,0.27,13.41
1987-07-26,17.19,2.1,8.42,0.0,0.4,-0.53,12.19
1987-07-27,15.31,4.22,8.75,0.01,0.4,1.99,8.89
1987-07-28,11.61,4.75,7.66,1.14,0.4,4.44,11.24
1987-07-29,13.59,4.9,8.28,0.61,0.4,4.25,10.18
1987-07-30,15.83,1.38,8.67,0.22,0.4,1.67,11.04
1987-07-31,16.48,5.67,10.48,1.14,0.4,3.26,12.87
1987-08-01,19.9,3.89,11.33,0.6,0.4,3.71,14.18
1987-08-02,16.59,6.97,11.37,4.57,0.4,7.32,10.73
1987-08-03,14.77,6.27,9.31,0.25,0.4,5.22,11.77
1987-08-04,15.46,6.48,10.17,0.2,0.4,5.1,10.35
1987-08-05,11.74,4.22,8.22,1.6,0.4,5.48,10.91
1987-08-06,14.56,2.64,7.89,0.02,0.4,4.25,10.95
1987-08-07,16.1,5.12,9.6,0.05,0.4,5.62,9.47
1987-08-08,14.35,4.79,9.35,0.0,0.4,5.72,8.36
1987-08-09,13.58,5.11,9.26,0.11,0.4,6.26,8.42
1987-08-10,18.41,8.38,12.78,0.36,0.4,7.9,11.9
1987-08-11,19.29,7.26,12.53,0.07,0.4,7.55,14.41
1987-08-12,15.23,7.01,11.21,3.67,0.4,8.31,7.53
1987-08-13,17.08,10.01,12.55,6.38,0.41,10.92,8.39
1987-08-14,18.55,7.27,12.54,0.21,0.41,8.9,10.78
1987-08-15,20.05,7.6,13.49,0.0,0.41,6.26,14.12
1987-08-16,20.88,6.49,13.2,0.5,0.4,5.72,13.51
1987-08-17,18.27,6.99,11.62,0.07,0.4,6.41,15.68
1987-08-18,18.7,5.93,11.12,0.02,0.4,6.06,16.98
1987-08-19,16.47,4.58,9.32,0.01,0.4,3.66,16.11
1987-08-20,14.88,4.51,8.33,0.0,0.4,2.63,17.01
1987-08-21,17.27,1.08,9.35,0.0,0.4,0.57,17.02
1987-08-22,20.68,4.55,11.95,0.0,0.4,0.82,17.61
1987-08-23,16.83,4.99,11.19,0.01,0.39,1.62,13.89
1987-08-24,15.07,5.92,9.43,0.05,0.39,4.32,12.12
1987-08-25,17.66,4.89,10.67,0.01,0.39,2.99,12.53
1987-08-26,20.7,4.29,12.04,0.0,0.39,2.69,18.01
1987-08-27,13.49,9.06,10.85,24.63,0.41,7.17,4.69
1987-08-28,17.71,9.58,12.74,4.61,0.44,9.53,11.98
1987-08-29,18.8,8.32,12.94,0.31,0.43,8.96,17.36
1987-08-30,17.22,7.78,11.74,1.94,0.43,7.54,10.37
1987-08-31,12.89,5.14,9.18,0.5,0.43,2.79,14.68
1987-09-01,13.15,1.44,6.57,0.01,0.42,-0.06,17.75
1987-09-02,15.38,-0.19,7.67,0.01,0.42,-0.27,16.64
1987-09-03,15.81,4.27,9.66,0.0,0.42,2.24,16.4
1987-09-04,17.36,0.88,9.17,0.0,0.41,1.96,17.71
1987-09-05,14.73,5.6,9.91,6.6,0.42,5.51,9.03
1987-09-06,13.81,7.34,10.03,7.87,0.44,7.59,9.7
1987-09-07,15.99,6.91,10.88,0.06,0.43,5.06,15.51
1987-09-08,16.36,3.88,10.55,0.0,0.43,5.95,16.3
1987-09-09,17.92,5.75,11.51,0.01,0.43,6.53,15.61
1987-09-10,15.9,1.36,8.4,0.0,0.42,1.65,19.35
1987-09-11,19.08,2.23,10.92,0.0,0.42,2.69,20.82
1987-09-12,21.23,4.88,12.77,0.0,0.42,2.37,20.74
1987-09-13,18.39,4.54,10.91,0.0,0.42,3.86,20.57
1987-09-14,19.35,4.76,11.13,0.0,0.41,5.0,20.64
1987-09-15,20.62,4.64,12.07,0.0,0.41,5.64,20.86
1987-09-16,21.94,5.25,13.43,0.0,0.41,4.51,21.63
1987-09-17,22.86,6.35,14.29,0.0,0.41,4.83,21.71
1987-09-18,24.47,7.48,15.99,0.0,0.4,4.39,22.22
1987-09-19,26.72,8.05,16.68,0.0,0.4,2.97,22.37
1987-09-20,22.93,8.55,14.87,0.0,0.4,4.94,21.83
1987-09-21,22.08,5.12,13.1,0.0,0.4,2.86,21.8
1987-09-22,25.05,6.05,14.71,0.0,0.4,5.09,23.22
1987-09-23,27.43,7.23,16.97,0.0,0.39,7.19,24.14
1987-09-24,30.05,10.26,20.09,0.0,0.39,4.92,23.97
1987-09-25,31.46,13.03,21.9,0.0,0.39,5.66,22.21
1987-09-26,31.66,13.81,21.97,0.0,0.38,4.74,23.9
1987-09-27,31.09,14.13,22.34,0.21,0.38,5.36,23.84
1987-09-28,30.39,14.7,22.03,0.25,0.38,5.99,17.56
1987-09-29,21.17,11.11,15.89,4.07,0.38,9.53,12.1
1987-09-30,20.18,9.87,14.38,0.97,0.38,7.87,14.24
1987-10-01,23.15,7.27,14.99,0.01,0.38,4.63,24.16
1987-10-02,24.25,6.92,15.88,0.19,0.38,3.14,20.74
1987-10-03,25.75,9.49,17.88,0.07,0.38,4.06,21.74
1987-10-04,20.69,9.12,14.66,4.24,0.38,6.41,9.84
1987-10-05,19.62,4.11,11.84,0.0,0.38,2.95,21.77
1987-10-06,24.07,8.47,16.62,0.11,0.38,5.15,23.14
1987-10-07,20.84,8.44,14.01,0.0,0.38,2.52,25.09
1987-10-08,20.9,5.55,13.1,0.0,0.37,1.78,23.58
1987-10-09,24.31,6.55,15.28,0.0,0.37,3.76,25.82
1987-10-10,26.55,10.36,17.76,0.0,0.37,4.22,26.02
1987-10-11,23.33,8.48,15.47,0.32,0.37,4.57,25.58
1987-10-12,18.55,7.32,12.21,1.11,0.37,-0.01,20.56
1987-10-13,21.15,3.95,12.64,0.0,0.37,0.51,20.85
1987-10-14,25.02,6.33,16.07,0.02,0.37,4.17,26.61
1987-10-15,24.29,13.14,19.28,2.95,0.36,12.32,14.35
1987-10-16,20.78,11.82,16.45,3.53,0.37,6.2,21.88
1987-10-17,21.36,9.88,14.59,2.27,0.37,6.24,14.34
1987-10-18,23.67,7.02,15.73,0.41,0.37,5.78,24.44
1987-10-19,15.84,9.93,12.51,13.16,0.39,9.37,12.86
1987-10-20,24.42,8.74,16.42,0.04,0.39,7.24,25.0
1987-10-21,24.08,9.81,16.53,0.07,0.38,5.8,25.01
1987-10-22,26.36,10.38,17.99,0.01,0.38,4.55,28.81
1987-10-23,27.72,11.27,19.46,0.26,0.38,6.35,27.83
1987-10-24,25.27,11.09,18.68,0.09,0.37,8.92,28.81
1987-10-25,27.09,12.96,19.83,0.02,0.37,9.66,25.21
1987-10-26,27.31,12.31,20.18,0.0,0.37,8.79,28.41
1987-10-27,30.46,13.38,22.58,0.0,0.36,7.91,27.41
1987-10-28,28.48,13.52,20.68,0.0,0.36,6.94,26.75
1987-10-29,30.31,11.09,20.59,0.0,0.36,3.94,29.83
1987-10-30,32.52,11.75,22.42,0.0,0.36,2.46,29.75
1987-10-31,36.0,15.75,25.91,0.0,0.35,10.12,28.93
1987-11-01,37.44,21.04,29.14,0.0,0.35,12.34,29.44
1987-11-02,35.73,23.9,29.09,0.0,0.35,8.69,29.53
1987-11-03,26.1,15.53,21.98,0.16,0.35,7.74,23.77
1987-11-04,25.3,9.36,17.15,0.0,0.35,-0.77,31.21
1987-11-05,27.07,8.67,18.23,0.02,0.34,1.96,31.06
1987-11-06,29.83,11.61,21.28,0.07,0.34,4.49,30.88
1987-11-07,28.8,14.92,22.45,0.28,0.34,10.69,26.78
1987-11-08,26.12,18.3,21.93,1.34,0.34,11.93,14.41
1987-11-09,27.15,15.31,21.6,1.77,0.35,12.19,28.95
1987-11-10,26.43,10.4,18.84,0.01,0.35,5.15,31.24
1987-11-11,23.34,12.74,17.26,1.0,0.34,5.24,26.5
1987-11-12,26.8,9.47,18.15,0.0,0.34,3.51,31.68
1987-11-13,26.9,11.92,19.37,0.0,0.34,3.46,26.16
1987-11-14,32.57,14.11,23.17,0.0,0.34,3.63,22.48
1987-11-15,34.37,16.11,25.43,0.0,0.34,4.6,30.8
1987-11-16,33.65,20.16,26.57,0.32,0.34,9.45,18.98
1987-11-17,31.18,19.29,25.15,0.87,0.34,11.24,18.96
1987-11-18,32.67,18.11,26.18,0.14,0.34,13.06,28.84
1987-11-19,36.55,21.0,28.93,1.0,0.34,12.31,30.87
1987-11-20,26.62,15.45,21.4,8.77,0.35,8.07,31.78
1987-11-21,28.62,12.71,20.68,0.39,0.35,4.57,32.03
1987-11-22,28.74,9.91,20.57,0.03,0.34,0.44,31.95
1987-11-23,33.55,16.06,23.24,0.46,0.34,3.81,16.02
1987-11-24,22.59,14.05,18.19,0.03,0.34,3.04,27.9
1987-11-25,23.02,10.48,17.22,0.04,0.34,2.61,30.01
1987-11-26,25.65,11.89,18.89,0.03,0.34,5.17,27.08
1987-11-27,26.82,11.75,19.26,0.0,0.33,2.61,32.62
1987-11-28,29.87,12.35,22.07,0.0,0.33,-2.41,33.02
1987-11-29,35.73,17.68,24.64,0.11,0.33,2.64,20.04
1987-11-30,35.22,20.93,28.09,0.35,0.33,7.86,18.6
1987-12-01,29.3,13.28,22.78,5.68,0.34,9.58,21.32
1987-12-02,23.0,10.76,16.63,2.39,0.34,4.04,26.74
1987-12-03,23.19,10.03,16.07,0.0,0.34,0.44,34.05
1987-12-04,24.2,8.61,17.7,0.0,0.34,-0.05,26.51
1987-12-05,30.07,14.24,21.61,0.0,0.33,0.05,33.34
1987-12-06,27.48,12.09,19.74,0.0,0.33,1.0,34.26
1987-12-07,27.81,11.4,19.73,0.0,0.33,1.24,33.43
1987-12-08,30.65,13.18,22.54,0.0,0.33,3.23,31.85
1987-12-09,37.7,17.3,27.31,0.0,0.33,5.5,18.65
1987-12-10,37.65,20.42,29.06,0.0,0.33,7.21,31.8
1987-12-11,36.09,19.57,28.14,0.0,0.32,8.91,31.31
1987-12-12,36.72,18.83,28.23,0.0,0.32,7.09,33.58
1987-12-13,38.7,19.67,29.75,0.0,0.32,5.7,34.15
1987-12-14,40.23,21.08,31.14,0.0,0.32,8.27,33.57
1987-12-15,38.13,23.6,31.36,2.18,0.32,10.17,25.04
1987-12-16,40.53,25.17,33.16,0.8,0.32,12.08,33.02
1987-12-17,39.09,20.74,29.8,0.01,0.32,6.63,33.76
1987-12-18,37.32,21.0,29.45,0.33,0.32,2.12,20.45
1987-12-19,34.82,16.06,25.81,0.33,0.32,2.72,33.65
1987-12-20,34.83,19.63,26.47,0.85,0.32,7.73,29.27
1987-12-21,29.55,18.49,23.14,0.88,0.32,8.81,30.25
1987-12-22,32.29,15.94,24.65,0.0,0.32,7.59,33.65
1987-12-23,32.46,18.24,25.57,0.02,0.32,6.08,27.58
1987-12-24,29.79,16.44,23.19,0.0,0.32,2.77,33.45
1987-12-25,31.59,14.31,22.59,0.0,0.32,3.33,33.61
1987-12-26,36.8,15.18,26.68,0.56,0.32,3.46,32.43
1987-12-27,40.79,22.1,30.47,2.51,0.32,4.03,20.99
1987-12-28,29.15,18.71,23.68,19.22,0.35,15.04,15.18
1987-12-29,33.61,15.22,25.4,0.05,0.35,11.56,28.11
1987-12-30,34.4,19.88,27.3,0.02,0.34,12.58,33.48
1987-12-31,35.77,18.47,27.87,0.12,0.33,12.83,32.92
1988-01-01,33.21,23.01,27.14,11.09,0.34,17.29,20.41
1988-01-02,32.96,19.65,26.01,0.0,0.35,11.09,34.0
1988-01-03,32.31,16.0,24.61,0.21,0.34,7.87,34.16
1988-01-04,32.15,15.07,23.81,0.1,0.34,5.6,33.92
1988-01-05,35.6,15.89,26.92,0.0,0.33,10.52,32.86
1988-01-06,37.33,21.65,30.3,0.08,0.33,12.18,33.0
1988-01-07,39.58,24.7,32.31,0.0,0.33,10.37,32.8
1988-01-08,41.24,26.21,33.86,0.08,0.33,11.24,27.25
1988-01-09,40.7,25.26,33.13,0.54,0.32,12.86,29.94
1988-01-10,38.94,22.71,31.03,0.35,0.32,5.61,33.19
1988-01-11,43.89,23.92,34.17,0.0,0.32,4.58,30.55
1988-01-12,43.45,26.0,34.82,0.0,0.32,9.23,32.86
1988-01-13,42.04,25.21,34.14,0.0,0.32,7.67,33.42
1988-01-14,43.31,24.9,34.91,0.0,0.32,4.81,32.62
1988-01-15,43.94,23.72,34.61,0.0,0.32,6.84,33.55
1988-01-16,42.65,24.97,33.68,0.0,0.32,7.74,31.04
1988-01-17,33.24,20.81,27.05,0.0,0.31,5.36,33.7
1988-01-18,34.05,16.88,25.53,0.0,0.31,4.69,33.24
1988-01-19,35.24,16.69,26.56,0.0,0.31,2.3,32.27
1988-01-20,40.95,21.04,30.19,0.0,0.31,3.07,29.02
1988-01-21,35.5,20.56,27.75,0.0,0.31,3.14,31.7
1988-01-22,39.08,20.07,30.09,0.0,0.31,2.64,32.27
1988-01-23,36.81,19.82,28.51,0.01,0.31,7.04,28.58
1988-01-24,26.98,16.67,21.3,0.0,0.31,5.47,30.67
1988-01-25,28.25,13.51,20.89,0.0,0.31,2.48,32.68
1988-01-26,33.06,14.23,24.33,0.0,0.31,2.17,31.46
1988-01-27,36.93,17.85,27.92,0.0,0.31,4.47,32.32
1988-01-28,38.57,20.39,29.67,0.0,0.31,6.22,30.76
1988-01-29,38.89,20.91,30.08,0.0,0.31,8.78,31.2
1988-01-30,39.9,21.94,31.55,0.0,0.31,7.94,31.36
1988-01-31,33.85,19.54,27.68,0.0,0.31,7.09,15.68
1988-02-01,35.47,13.5,25.11,0.0,0.31,0.15,31.09
1988-02-02,36.02,18.62,27.58,0.0,0.31,6.58,30.6
1988-02-03,35.66,19.99,27.44,0.0,0.31,5.53,30.77
1988-02-04,36.94,16.94,27.42,0.06,0.31,1.43,30.72
1988-02-05,38.87,20.27,29.44,0.03,0.3,5.01,25.13
1988-02-06,26.38,18.32,23.6,6.83,0.31,9.32,29.48
1988-02-07,23.07,12.07,18.08,0.15,0.32,2.61,30.66
1988-02-08,27.3,13.4,20.24,0.03,0.31,5.05,30.59
1988-02-09,31.16,12.27,21.85,0.0,0.31,3.5,30.09
1988-02-10,34.38,14.91,25.73,0.0,0.31,1.08,29.85
1988-02-11,37.45,17.41,28.01,0.0,0.31,3.27,29.18
1988-02-12,36.11,20.25,27.87,0.83,0.31,7.13,21.0
1988-02-13,31.86,19.43,25.19,1.3,0.31,9.07,23.51
1988-02-14,31.3,17.23,24.0,0.0,0.31,7.87,30.05
1988-02-15,30.47,15.3,22.77,0.0,0.31,5.38,29.99
1988-02-16,30.36,14.8,22.66,0.0,0.31,4.79,29.6
1988-02-17,32.02,15.0,23.77,0.0,0.31,4.79,29.42
1988-02-18,34.64,16.17,25.84,0.0,0.31,2.87,29.58
1988-02-19,28.95,17.8,23.06,0.0,0.3,3.97,29.31
1988-02-20,29.9,13.8,21.7,0.0,0.3,1.78,29.33
1988-02-21,30.79,15.29,22.82,0.0,0.3,5.65,29.51
1988-02-22,33.8,15.19,24.89,0.0,0.3,2.59,29.27
1988-02-23,36.23,19.44,27.31,0.0,0.3,0.34,29.29
1988-02-24,36.84,17.68,27.57,0.0,0.3,-0.08,28.42
1988-02-25,37.94,19.08,28.55,0.0,0.3,7.6,28.4
1988-02-26,39.65,21.73,30.99,0.08,0.3,9.94,24.8
1988-02-27,39.57,25.13,32.0,0.28,0.3,9.11,24.7
1988-02-28,38.78,23.48,30.9,0.22,0.3,8.25,26.68
1988-02-29,38.45,22.44,30.49,0.68,0.3,8.68,24.56
1988-03-01,36.68,22.44,29.97,3.85,0.3,11.47,22.39
1988-03-02,36.68,23.2,30.01,0.04,0.31,13.29,26.19
1988-03-03,37.78,23.54,30.6,0.03,0.3,10.69,27.72
1988-03-04,31.96,18.42,24.98,1.47,0.3,7.5,22.64
1988-03-05,33.42,15.65,24.61,0.15,0.3,7.77,26.2
1988-03-06,32.07,17.39,24.44,0.0,0.3,6.41,26.2
1988-03-07,30.85,17.23,23.69,0.0,0.3,7.29,26.28
1988-03-08,31.83,16.71,24.53,0.0,0.3,7.26,24.98
1988-03-09,35.26,19.12,26.93,0.0,0.3,4.74,16.09
1988-03-10,37.03,20.85,27.8,0.02,0.3,3.88,17.38
1988-03-11,25.12,13.85,20.76,0.11,0.3,4.78,14.25
1988-03-12,22.81,8.97,16.22,0.0,0.3,2.15,23.44
1988-03-13,24.83,11.38,18.09,0.0,0.3,6.52,17.54
1988-03-14,24.66,11.15,17.54,0.0,0.3,4.29,24.44
1988-03-15,26.54,9.75,17.8,0.0,0.3,2.66,24.23
1988-03-16,29.5,10.32,20.01,0.0,0.3,4.2,24.73
1988-03-17,30.46,14.11,21.96,0.0,0.3,5.07,23.94
1988-03-18,31.92,15.18,23.13,0.0,0.3,3.92,23.43
1988-03-19,31.79,15.63,23.68,0.0,0.3,4.45,23.38
1988-03-20,31.87,16.56,24.39,0.0,0.3,7.28,21.12
1988-03-21,33.65,17.84,25.39,0.0,0.3,4.95,21.84
1988-03-22,32.43,18.48,24.92,0.08,0.3,6.39,22.01
1988-03-23,29.08,18.89,23.86,0.02,0.3,10.56,22.09
1988-03-24,29.93,18.92,23.56,0.15,0.3,11.67,19.43
1988-03-25,31.42,16.88,24.02,0.0,0.3,10.02,21.88
1988-03-26,31.56,17.17,24.33,0.0,0.3,9.0,20.41
1988-03-27,31.18,17.22,24.38,0.0,0.3,7.0,20.39
1988-03-28,27.91,17.56,22.72,0.24,0.3,6.4,17.37
1988-03-29,33.23,17.29,25.59,0.48,0.3,5.57,16.45
1988-03-30,24.39,17.61,19.36,28.27,0.33,14.43,6.1
1988-03-31,21.85,16.6,19.26,21.93,0.38,17.67,6.23
1988-04-01,28.64,15.42,21.01,0.02,0.38,12.37,19.27
1988-04-02,28.67,13.11,20.5,0.0,0.37,9.46,19.41
1988-04-03,28.42,14.06,21.08,0.53,0.36,12.37,17.15
1988-04-04,28.96,17.46,22.78,0.02,0.36,13.23,17.54
1988-04-05,30.13,15.96,22.84,0.39,0.35,12.94,18.82
1988-04-06,27.51,16.55,21.67,0.84,0.35,12.88,14.74
1988-04-07,21.79,16.38,19.19,15.23,0.36,15.73,10.69
1988-04-08,23.77,13.97,18.13,7.25,0.39,12.37,12.23
1988-04-09,20.91,12.12,15.48,0.11,0.38,6.15,14.16
1988-04-10,21.91,8.3,15.05,0.15,0.38,5.68,17.28
1988-04-11,24.7,10.31,17.1,0.06,0.37,9.02,17.12
1988-04-12,26.26,11.58,18.9,0.0,0.37,9.9,17.83
1988-04-13,27.39,15.25,20.59,0.0,0.37,8.73,18.1
1988-04-14,28.58,13.56,21.16,0.0,0.36,8.23,18.11
1988-04-15,29.18,13.8,21.21,0.04,0.36,8.79,17.5
1988-04-16,23.32,11.07,16.24,0.0,0.36,5.2,18.23
1988-04-17,26.44,11.47,18.81,0.0,0.36,9.39,16.57
1988-04-18,26.35,13.35,19.12,0.0,0.36,9.34,12.22
1988-04-19,24.31,14.94,18.5,0.96,0.36,11.34,13.22
1988-04-20,20.56,14.98,17.42,3.76,0.36,11.11,4.4
1988-04-21,21.66,14.33,17.65,7.07,0.38,12.93,14.41
1988-04-22,24.85,12.05,18.58,0.19,0.38,11.07,15.91
1988-04-23,23.99,12.71,17.71,0.0,0.37,9.16,16.89
1988-04-24,24.74,11.1,17.22,0.0,0.37,3.79,17.32
1988-04-25,25.08,11.19,18.23,0.0,0.37,5.73,14.59
1988-04-26,26.61,13.07,18.91,2.98,0.37,8.91,9.6
1988-04-27,20.94,12.39,15.73,8.75,0.38,11.32,5.79
1988-04-28,24.6,11.07,17.54,0.33,0.38,11.46,14.7
1988-04-29,24.16,13.99,18.67,0.54,0.38,12.99,13.61
1988-04-30,24.2,12.0,18.0,0.15,0.38,12.38,14.07
1988-05-01,26.47,12.0,18.48,0.08,0.38,11.54,12.85
1988-05-02,26.9,14.45,20.07,0.04,0.37,12.61,15.34
1988-05-03,27.21,14.85,20.71,0.13,0.37,14.55,13.48
1988-05-04,28.55,15.67,21.56,0.01,0.37,12.67,15.28
1988-05-05,26.09,15.9,20.21,0.44,0.37,11.8,9.66
1988-05-06,19.82,14.83,17.27,2.15,0.37,13.4,4.96
1988-05-07,23.15,12.17,16.87,0.2,0.37,11.16,13.49
1988-05-08,20.75,10.45,14.68,0.21,0.37,7.66,12.69
1988-05-09,20.3,9.21,14.38,0.0,0.37,7.61,9.94
1988-05-10,18.76,8.24,12.62,0.0,0.37,6.35,14.59
1988-05-11,18.39,5.14,10.76,0.0,0.37,4.06,14.86
1988-05-12,20.86,4.82,11.96,0.0,0.37,4.3,15.13
1988-05-13,21.76,7.4,13.63,0.01,0.37,4.3,12.99
1988-05-14,22.2,8.57,14.66,0.0,0.37,7.27,12.57
1988-05-15,19.71,13.16,15.6,0.38,0.37,9.3,5.58
1988-05-16,18.02,13.52,15.32,9.98,0.38,12.98,4.92
1988-05-17,19.85,13.42,15.57,18.31,0.4,13.99,6.38
1988-05-18,18.87,11.34,13.91,4.92,0.42,9.78,10.79
1988-05-19,21.24,7.59,13.82,6.46,0.42,7.27,9.04
1988-05-20,16.43,10.72,12.78,4.17,0.43,9.72,8.02
1988-05-21,17.38,9.16,13.16,1.16,0.42,8.52,10.94
1988-05-22,18.12,8.67,12.91,1.44,0.42,7.96,7.71
1988-05-23,17.97,9.8,13.23,1.68,0.42,8.28,8.22
1988-05-24,14.57,7.74,10.89,2.59,0.42,7.97,6.45
1988-05-25,20.21,6.5,12.14,0.0,0.42,8.52,12.12
1988-05-26,20.57,8.75,14.12,0.36,0.42,8.99,11.54
1988-05-27,18.21,10.41,13.71,2.19,0.42,8.66,9.38
1988-05-28,15.89,7.26,10.89,2.35,0.42,7.2,9.2
1988-05-29,16.29,6.27,9.48,0.68,0.42,6.63,12.2
1988-05-30,16.83,4.09,9.38,0.0,0.42,5.23,12.48
1988-05-31,17.81,6.08,11.54,0.01,0.42,7.49,7.96
1988-06-01,21.17,8.74,13.81,0.0,0.42,8.32,8.88
1988-06-02,21.11,7.86,13.55,0.0,0.41,8.53,12.21
1988-06-03,20.87,8.88,13.75,0.0,0.41,8.25,12.15
1988-06-04,17.85,11.1,13.8,22.36,0.42,11.64,6.03
1988-06-05,14.46,8.93,12.33,9.26,0.47,8.65,7.76
1988-06-06,15.31,5.35,10.28,0.05,0.46,5.35,8.94
1988-06-07,15.33,8.02,11.19,0.28,0.45,6.93,8.37
1988-06-08,14.7,6.75,10.03,0.02,0.45,6.16,7.92
1988-06-09,11.73,6.38,8.71,4.31,0.45,6.14,3.53
1988-06-10,15.33,7.56,10.45,0.72,0.45,7.46,6.72
1988-06-11,13.98,3.39,8.6,0.03,0.45,5.0,8.54
1988-06-12,16.46,4.77,10.8,0.01,0.45,5.67,11.28
1988-06-13,18.1,6.28,11.23,0.01,0.45,6.55,10.76
1988-06-14,12.99,8.0,10.15,6.09,0.45,7.22,4.93
1988-06-15,12.11,7.06,9.82,9.05,0.47,8.65,5.96
1988-06-16,17.2,6.82,10.85,1.22,0.47,7.76,11.32
1988-06-17,16.82,4.22,9.17,0.07,0.46,5.23,11.74
1988-06-18,16.38,3.34,9.46,0.12,0.46,4.83,10.51
1988-06-19,14.84,6.3,9.8,0.47,0.46,6.62,10.51
1988-06-20,18.23,3.92,11.07,0.54,0.46,7.01,8.54
1988-06-21,14.07,6.21,9.98,4.99,0.47,6.74,10.44
1988-06-22,14.28,4.65,8.51,0.0,0.46,5.32,11.38
1988-06-23,15.31,3.16,7.42,0.01,0.46,4.64,10.83
1988-06-24,15.78,2.58,7.46,0.0,0.46,4.28,11.79
1988-06-25,18.3,2.41,9.08,0.0,0.46,6.01,11.79
1988-06-26,18.6,4.57,10.87,0.2,0.46,7.85,11.97
1988-06-27,19.35,6.17,11.48,0.0,0.46,7.18,10.91
1988-06-28,13.7,5.24,8.61,0.0,0.45,5.53,9.86
1988-06-29,12.56,3.26,6.15,0.0,0.45,3.38,11.04
1988-06-30,12.61,1.91,6.25,0.0,0.45,4.86,7.54
1988-07-01,14.13,4.23,8.06,0.0,0.45,4.94,8.16
1988-07-02,16.19,2.08,7.81,0.0,0.45,2.95,8.0
1988-07-03,15.05,4.75,9.86,0.07,0.45,6.26,6.36
1988-07-04,13.27,7.99,11.14,20.09,0.46,9.87,3.66
1988-07-05,14.01,11.97,13.01,26.69,0.51,12.2,2.99
1988-07-06,14.62,10.22,12.3,6.03,0.53,11.19,6.5
1988-07-07,15.91,9.07,11.66,3.31,0.53,10.34,5.47
1988-07-08,17.06,8.9,11.66,0.24,0.52,8.36,7.94
1988-07-09,17.1,6.03,10.74,0.76,0.51,7.53,5.82
1988-07-10,15.23,5.0,8.61,0.09,0.51,4.21,10.45
1988-07-11,14.27,2.43,7.09,0.31,0.51,5.55,11.14
1988-07-12,14.78,3.84,7.48,0.04,0.51,5.4,12.51
1988-07-13,17.76,2.46,9.33,0.0,0.51,6.64,12.32
1988-07-14,19.34,7.13,12.53,0.32,0.5,9.61,10.66
1988-07-15,18.09,7.74,12.38,0.04,0.5,9.75,12.61
1988-07-16,19.36,5.69,11.86,5.11,0.5,8.78,7.55
1988-07-17,13.87,5.24,9.4,2.25,0.51,7.42,9.74
1988-07-18,14.94,3.82,8.22,0.26,0.51,5.0,12.47
1988-07-19,16.95,4.55,9.72,0.01,0.51,5.6,11.37
1988-07-20,16.64,5.42,10.72,1.01,0.5,5.58,10.15
1988-07-21,13.59,3.33,7.65,0.07,0.5,4.48,8.7
1988-07-22,10.77,6.01,8.05,6.54,0.51,6.63,6.66
1988-07-23,12.16,5.55,7.87,0.41,0.51,5.22,8.09
1988-07-24,14.11,3.03,8.28,0.18,0.51,4.97,8.16
1988-07-25,18.0,7.6,11.88,1.54,0.51,6.15,4.77
1988-07-26,13.51,5.34,9.32,0.12,0.5,5.5,11.92
1988-07-27,13.15,4.26,7.89,0.02,0.5,4.37,13.16
1988-07-28,15.16,1.26,7.65,0.0,0.5,4.42,14.01
1988-07-29,16.06,1.32,8.65,0.0,0.5,3.61,13.88
1988-07-30,14.95,1.55,7.66,0.0,0.5,3.86,13.02
1988-07-31,15.65,2.21,8.39,0.0,0.5,5.54,12.83
1988-08-01,15.75,3.67,9.29,0.0,0.49,6.08,11.89
1988-08-02,16.07,3.79,9.46,0.0,0.49,5.13,14.81
1988-08-03,18.15,4.23,10.55,0.0,0.49,4.74,14.52
1988-08-04,17.08,4.25,10.74,0.02,0.49,6.71,14.91
1988-08-05,17.11,4.19,10.74,1.53,0.49,6.66,11.85
1988-08-06,12.59,2.31,6.74,0.3,0.49,3.23,13.41
1988-08-07,13.19,4.98,8.6,3.75,0.49,6.22,9.44
1988-08-08,11.91,2.55,6.06,0.01,0.49,2.29,13.28
1988-08-09,12.45,2.09,6.44,0.0,0.49,3.15,12.99
1988-08-10,14.3,4.04,7.77,0.0,0.49,4.33,14.69
1988-08-11,15.24,2.47,8.08,0.0,0.49,3.28,14.38
1988-08-12,17.79,2.01,8.97,0.0,0.48,4.06,15.88
1988-08-13,18.64,3.77,10.63,0.0,0.48,5.13,15.41
1988-08-14,19.23,5.84,12.31,0.02,0.48,7.04,14.54
1988-08-15,21.03,7.03,13.44,0.0,0.48,7.4,13.91
1988-08-16,24.27,9.73,16.13,0.0,0.47,10.21,16.62
1988-08-17,22.11,11.36,15.9,1.99,0.47,10.55,13.76
1988-08-18,18.22,7.96,12.46,0.05,0.47,7.07,16.55
1988-08-19,16.63,4.54,10.43,0.01,0.47,5.24,13.63
1988-08-20,19.58,5.16,11.63,0.03,0.47,4.78,15.09
1988-08-21,23.37,8.45,14.99,0.98,0.46,6.99,13.31
1988-08-22,13.25,8.43,11.18,11.48,0.47,9.16,5.84
1988-08-23,13.21,5.05,8.79,1.1,0.49,5.05,11.36
1988-08-24,15.45,3.61,8.38,0.01,0.48,3.86,17.61
1988-08-25,16.77,4.81,10.64,0.05,0.48,2.36,13.87
1988-08-26,18.04,5.97,10.61,0.31,0.47,3.29,11.89
1988-08-27,15.45,5.6,9.76,3.8,0.47,5.55,12.95
1988-08-28,13.7,5.53,8.69,0.29,0.48,5.24,14.75
1988-08-29,17.88,2.79,10.33,0.0,0.47,4.76,16.43
1988-08-30,19.91,6.6,12.72,0.0,0.47,5.64,17.77
1988-08-31,22.53,6.63,14.15,0.0,0.47,7.05,18.2
1988-09-01,22.29,8.32,15.28,0.29,0.46,8.94,17.28
1988-09-02,17.63,8.57,13.19,19.68,0.48,9.49,10.46
1988-09-03,17.9,7.33,11.55,1.01,0.49,7.08,11.41
1988-09-04,18.84,4.64,11.26,0.01,0.48,7.19,18.21
1988-09-05,20.44,6.72,13.41,0.0,0.48,7.25,17.44
1988-09-06,20.35,9.6,14.36,0.05,0.47,5.97,20.13
1988-09-07,20.46,5.17,12.45,0.0,0.47,5.85,20.55
1988-09-08,21.9,6.86,13.97,0.24,0.47,6.71,19.28
1988-09-09,23.59,10.24,16.58,0.42,0.46,8.9,17.47
1988-09-10,24.81,13.59,18.93,6.89,0.46,12.47,16.96
1988-09-11,21.15,11.01,15.59,1.11,0.47,8.9,17.94
1988-09-12,15.16,8.23,11.86,1.86,0.47,6.26,17.01
1988-09-13,14.74,3.7,8.82,0.08,0.47,1.77,21.49
1988-09-14,18.0,1.9,9.55,0.0,0.46,2.53,21.37
1988-09-15,19.2,3.08,10.61,0.0,0.46,4.24,21.55
1988-09-16,22.38,5.7,13.8,0.19,0.46,7.7,21.45
1988-09-17,21.21,9.67,14.83,3.03,0.45,7.61,14.38
1988-09-18,17.33,9.08,12.15,2.77,0.46,6.22,17.3
1988-09-19,16.45,8.37,11.42,5.31,0.46,6.18,16.95
1988-09-20,19.28,5.46,12.21,0.14,0.46,6.21,21.5
1988-09-21,22.72,5.87,14.84,0.07,0.46,5.18,23.08
1988-09-22,25.94,9.13,16.73,0.0,0.45,4.95,22.75
1988-09-23,28.42,12.03,18.96,0.01,0.45,6.05,21.63
1988-09-24,20.32,10.21,14.66,0.02,0.44,5.12,22.85
1988-09-25,22.32,5.82,14.1,0.0,0.44,4.86,24.19
1988-09-26,24.91,7.9,16.5,0.24,0.43,5.83,23.89
1988-09-27,24.55,11.49,16.47,11.79,0.44,12.26,14.41
1988-09-28,25.28,7.8,16.53,0.17,0.45,7.68,23.01
1988-09-29,21.71,9.18,15.83,0.0,0.44,6.38,24.23
1988-09-30,21.66,9.59,16.83,0.38,0.44,7.08,13.89
1988-10-01,19.44,7.96,13.83,0.01,0.44,5.85,22.08
1988-10-02,22.36,9.24,15.97,0.0,0.43,6.73,24.33
1988-10-03,30.42,11.72,21.14,0.0,0.43,7.33,25.07
1988-10-04,35.44,16.02,24.11,0.0,0.42,7.7,23.54
1988-10-05,23.72,13.06,18.05,0.0,0.42,8.42,15.89
1988-10-06,21.55,8.73,14.61,0.0,0.41,3.26,24.31
1988-10-07,25.19,6.43,16.25,0.0,0.41,3.88,25.08
1988-10-08,26.23,10.33,16.89,1.05,0.41,4.58,11.79
1988-10-09,21.55,6.93,14.07,0.01,0.41,3.86,25.56
1988-10-10,20.94,7.92,14.09,0.16,0.41,5.33,22.13
1988-10-11,25.98,7.75,17.09,0.0,0.4,6.48,26.89
1988-10-12,25.08,11.38,18.52,0.0,0.4,4.56,23.78
1988-10-13,25.86,7.64,16.86,0.0,0.4,4.35,27.33
1988-10-14,29.49,11.58,19.48,0.38,0.39,6.18,14.53
1988-10-15,21.5,6.15,14.53,0.0,0.39,2.92,27.85
1988-10-16,26.4,8.24,17.6,0.0,0.39,2.41,27.47
1988-10-17,20.8,6.47,13.96,0.0,0.39,3.29,26.91
1988-10-18,26.35,7.21,17.13,0.0,0.39,2.69,28.16
1988-10-19,32.88,13.61,22.52,0.0,0.38,3.36,22.05
1988-10-20,36.11,16.98,25.13,0.29,0.38,8.05,21.96
1988-10-21,30.36,16.25,23.0,0.07,0.38,10.35,28.44
1988-10-22,19.87,10.91,14.99,9.04,0.39,6.92,16.54
1988-10-23,23.99,8.2,16.35,0.0,0.39,5.63,27.78
1988-10-24,22.18,8.68,15.01,0.03,0.39,3.2,29.44
1988-10-25,25.65,6.84,17.02,0.02,0.38,3.05,30.0
1988-10-26,30.6,10.44,21.11,0.0,0.38,1.92,28.07
1988-10-27,25.15,11.2,18.39,0.0,0.38,5.23,23.2
1988-10-28,29.21,12.08,20.73,0.0,0.37,5.29,26.75
1988-10-29,29.13,15.62,21.74,0.0,0.37,6.1,28.88
1988-10-30,28.33,10.76,19.39,0.0,0.37,5.36,30.05
1988-10-31,30.04,11.52,20.97,0.0,0.37,5.51,29.96
1988-11-01,33.35,13.25,23.86,0.0,0.36,7.55,30.42
1988-11-02,38.24,16.74,27.58,0.0,0.36,8.09,30.03
1988-11-03,36.7,19.48,28.17,0.01,0.36,11.21,27.5
1988-11-04,29.5,13.64,21.28,0.2,0.36,12.06,18.46
1988-11-05,23.78,10.5,16.86,0.01,0.36,4.76,31.69
1988-11-06,27.71,9.92,18.71,0.0,0.35,2.24,31.64
1988-11-07,30.82,11.47,21.28,0.0,0.35,2.87,30.39
1988-11-08,34.85,13.56,24.85,0.02,0.35,5.2,27.33
1988-11-09,28.07,15.01,20.56,0.04,0.35,5.4,25.31
1988-11-10,27.34,10.09,19.02,0.0,0.35,2.09,31.64
1988-11-11,31.55,11.06,21.6,0.0,0.35,3.62,31.63
1988-11-12,35.27,15.89,25.38,0.0,0.34,6.11,30.84
1988-11-13,36.38,17.92,27.42,0.0,0.34,5.18,30.94
1988-11-14,28.7,15.08,22.79,5.7,0.34,8.84,10.85
1988-11-15,20.58,9.13,14.32,0.15,0.35,1.03,29.45
1988-11-16,17.32,7.04,13.03,1.71,0.35,3.36,18.87
1988-11-17,19.85,9.7,14.59,3.64,0.36,7.0,19.16
1988-11-18,26.46,8.75,18.34,0.0,0.35,6.17,24.86
1988-11-19,32.45,13.08,23.88,0.0,0.35,3.34,32.72
1988-11-20,33.79,15.79,24.25,0.42,0.35,5.04,26.83
1988-11-21,24.69,13.3,18.65,1.04,0.35,4.82,25.09
1988-11-22,23.38,11.17,17.03,0.92,0.35,7.64,24.6
1988-11-23,21.53,12.57,17.13,1.94,0.35,10.08,16.52
1988-11-24,25.77,11.95,18.94,0.33,0.35,9.27,23.48
1988-11-25,27.48,12.68,20.01,0.0,0.35,8.07,28.34
1988-11-26,27.62,12.49,20.13,0.17,0.34,6.53,28.94
1988-11-27,24.56,11.07,18.53,0.06,0.34,4.96,32.64
1988-11-28,27.41,11.07,19.31,0.0,0.34,5.32,33.46
1988-11-29,26.98,12.4,19.63,0.0,0.34,2.97,33.33
1988-11-30,27.13,10.92,19.14,0.0,0.34,3.28,33.46
1988-12-01,31.03,13.64,22.97,0.0,0.34,3.09,31.76
1988-12-02,35.42,16.21,27.2,0.0,0.33,1.34,31.53
1988-12-03,39.77,20.97,30.13,1.13,0.33,4.44,23.76
1988-12-04,40.41,22.48,31.44,1.6,0.33,11.66,16.31
1988-12-05,32.42,21.1,26.02,20.44,0.35,18.51,12.11
1988-12-06,28.4,18.87,23.27,0.05,0.37,10.86,28.62
1988-12-07,30.94,14.79,22.94,1.92,0.36,13.94,22.98
1988-12-08,29.67,17.95,22.52,18.79,0.38,17.29,20.1
1988-12-09,25.68,19.84,22.78,12.25,0.4,20.37,18.73
1988-12-10,31.31,20.42,25.65,7.81,0.41,20.06,21.51
1988-12-11,24.4,15.54,19.48,8.24,0.42,8.35,33.9
1988-12-12,25.49,11.13,18.31,0.01,0.41,5.75,34.37
1988-12-13,30.62,12.51,21.98,0.0,0.4,8.81,33.77
1988-12-14,31.07,15.41,23.14,0.0,0.39,8.38,34.14
1988-12-15,32.67,14.89,24.59,0.0,0.38,10.46,34.5
1988-12-16,34.15,19.86,27.2,0.13,0.38,15.42,31.77
1988-12-17,33.7,21.55,27.81,2.09,0.38,16.36,29.01
1988-12-18,35.68,21.08,28.48,0.0,0.38,14.64,32.84
1988-12-19,37.37,21.26,29.53,0.05,0.37,15.03,31.9
1988-12-20,37.94,20.92,29.4,0.2,0.37,13.94,25.13
1988-12-21,32.51,18.16,24.37,0.0,0.36,10.2,31.3
1988-12-22,37.42,18.37,28.18,0.02,0.36,11.63,27.77
1988-12-23,36.58,20.33,29.13,1.33,0.36,13.04,26.11
1988-12-24,39.8,23.2,32.03,1.7,0.36,18.15,23.92
1988-12-25,32.19,24.16,27.48,17.92,0.37,21.29,16.18
1988-12-26,30.58,17.4,24.6,17.25,0.42,15.67,20.68
1988-12-27,26.13,11.82,19.2,0.0,0.41,4.24,34.05
1988-12-28,26.53,12.87,19.43,0.0,0.4,6.57,33.66
1988-12-29,29.48,12.83,21.59,0.0,0.39,6.65,34.09
1988-12-30,32.86,15.71,24.71,0.0,0.38,7.62,33.48
1988-12-31,35.19,17.46,26.03,1.39,0.38,8.8,23.69
1989-01-01,26.18,15.28,21.38,0.95,0.38,12.75,31.03
1989-01-02,31.04,16.54,24.02,0.0,0.38,12.72,26.76
1989-01-03,32.48,17.5,25.35,0.0,0.37,11.93,33.46
1989-01-04,27.37,15.62,22.15,8.44,0.38,13.86,15.31
1989-01-05,26.28,11.88,18.99,0.0,0.38,5.11,33.73
1989-01-06,29.18,12.29,20.96,0.0,0.38,4.06,34.09
1989-01-07,31.68,12.27,22.89,0.0,0.37,4.78,33.75
1989-01-08,36.57,17.34,28.03,0.0,0.37,9.03,33.77
1989-01-09,37.41,20.42,28.48,0.02,0.36,8.92,32.77
1989-01-10,28.36,15.44,21.57,0.0,0.36,5.42,31.93
1989-01-11,25.64,12.72,19.23,0.0,0.36,4.53,32.38
1989-01-12,27.03,11.27,19.11,0.0,0.36,2.88,33.87
1989-01-13,31.94,12.19,23.34,0.01,0.36,7.8,33.34
1989-01-14,33.43,18.34,25.91,0.07,0.35,10.4,32.05
1989-01-15,34.4,18.81,26.88,0.0,0.35,11.13,33.26
1989-01-16,36.42,20.43,28.85,0.0,0.35,10.58,31.52
1989-01-17,37.43,21.47,28.38,2.46,0.35,13.51,24.54
1989-01-18,31.13,19.23,25.09,0.54,0.35,14.03,23.43
1989-01-19,30.01,13.39,22.22,0.0,0.35,7.45,33.26
1989-01-20,31.08,16.67,24.03,0.0,0.35,9.05,32.82
1989-01-21,29.8,12.69,21.67,0.0,0.35,5.09,33.58
1989-01-22,30.61,11.74,21.95,0.0,0.34,6.09,33.33
1989-01-23,32.19,17.32,24.73,0.0,0.34,9.24,31.84
1989-01-24,31.78,16.31,24.11,0.0,0.34,7.19,32.6
1989-01-25,32.16,16.77,24.47,0.0,0.34,7.25,32.35
1989-01-26,32.58,17.38,25.09,0.01,0.34,7.95,32.66
1989-01-27,35.2,18.91,27.19,0.0,0.34,7.93,31.5
1989-01-28,35.48,18.35,27.04,0.0,0.34,8.08,31.58
1989-01-29,34.9,19.75,27.31,0.0,0.33,10.12,30.94
1989-01-30,35.45,22.9,27.34,0.22,0.33,9.78,28.68
1989-01-31,31.2,15.12,23.3,0.48,0.33,3.93,30.3
1989-02-01,33.52,15.6,25.37,0.01,0.33,9.63,29.54
1989-02-02,33.91,18.96,26.67,0.0,0.33,7.53,32.19
1989-02-03,35.21,20.24,27.74,0.0,0.33,2.52,32.38
1989-02-04,33.02,14.99,24.33,0.0,0.33,5.51,31.34
1989-02-05,30.92,17.11,23.75,11.88,0.34,13.76,26.45
1989-02-06,30.77,18.52,24.67,6.31,0.35,14.62,15.89
1989-02-07,31.6,20.5,25.08,8.85,0.36,16.24,16.96
1989-02-08,37.59,19.78,29.07,0.01,0.36,13.04,30.68
1989-02-09,31.8,19.56,25.38,0.08,0.35,8.89,26.8
1989-02-10,26.06,13.74,19.68,0.0,0.35,4.57,30.26
1989-02-11,30.41,14.34,22.72,0.0,0.35,8.34,29.99
1989-02-12,35.51,17.47,27.05,0.0,0.34,9.75,30.13
1989-02-13,38.45,23.46,30.92,0.07,0.34,12.46,28.53
1989-02-14,31.83,23.51,27.86,8.3,0.35,16.86,23.49
1989-02-15,36.28,20.92,28.18,0.09,0.35,12.3,29.83
1989-02-16,34.09,17.2,25.9,1.35,0.35,8.1,29.25
1989-02-17,36.28,18.69,27.74,0.0,0.34,11.31,29.49
1989-02-18,37.84,21.39,29.64,0.0,0.34,11.74,29.26
1989-02-19,29.43,18.28,24.44,0.0,0.34,5.65,29.16
1989-02-20,30.88,15.16,22.78,0.0,0.34,7.74,28.11
1989-02-21,29.08,14.39,21.43,0.0,0.34,5.33,29.15
1989-02-22,30.6,15.43,22.51,0.0,0.33,3.63,28.25
1989-02-23,35.42,15.72,26.19,0.0,0.33,5.2,28.35
1989-02-24,37.24,22.58,29.59,0.01,0.33,9.66,26.68
1989-02-25,36.5,21.36,28.06,0.02,0.33,8.72,18.51
1989-02-26,36.36,18.54,27.71,0.0,0.33,8.42,27.17
1989-02-27,34.62,20.43,27.27,0.0,0.33,10.19,26.86
1989-02-28,34.19,20.14,26.9,0.0,0.33,9.6,26.05
1989-03-01,34.75,20.06,27.41,0.0,0.33,8.47,27.26
1989-03-02,34.76,20.86,27.09,0.0,0.33,8.78,26.85
1989-03-03,34.17,19.19,26.25,0.0,0.32,7.77,26.96
1989-03-04,33.88,18.99,26.66,0.0,0.32,10.87,25.07
1989-03-05,34.8,21.4,28.08,0.0,0.32,11.49,22.05
1989-03-06,37.36,22.5,30.01,0.0,0.32,9.41,24.34
1989-03-07,38.32,22.12,29.82,0.01,0.32,7.21,22.42
1989-03-08,39.55,23.24,30.93,1.55,0.32,9.45,16.11
1989-03-09,35.18,25.43,29.04,0.97,0.32,14.79,17.89
1989-03-10,35.5,23.5,28.2,0.23,0.32,15.72,12.85
1989-03-11,33.66,21.98,27.94,0.8,0.32,16.0,23.3
1989-03-12,33.24,23.28,27.48,4.94,0.32,17.12,17.38
1989-03-13,23.18,14.13,18.95,11.54,0.34,13.07,9.03
1989-03-14,25.47,13.51,17.68,48.39,0.41,15.56,6.33
1989-03-15,24.41,13.65,18.08,1.36,0.43,11.15,17.13
1989-03-16,26.79,10.51,18.73,0.01,0.42,10.45,24.27
1989-03-17,26.94,16.04,20.42,0.9,0.4,12.21,15.01
1989-03-18,21.74,16.82,19.38,5.67,0.4,14.54,10.73
1989-03-19,28.19,17.63,22.79,1.09,0.4,17.57,12.93
1989-03-20,31.82,20.26,25.27,29.44,0.42,19.56,17.36
1989-03-21,29.19,21.88,24.6,14.4,0.46,21.69,11.48
1989-03-22,30.17,19.39,24.54,0.0,0.46,18.22,20.61
1989-03-23,27.87,16.52,21.8,0.0,0.44,12.53,23.45
1989-03-24,19.79,14.16,17.48,0.24,0.43,10.79,11.47
1989-03-25,25.61,10.08,17.95,0.0,0.43,9.59,21.12
1989-03-26,25.82,15.5,19.53,0.0,0.42,10.52,20.37
1989-03-27,24.87,13.48,18.72,0.07,0.42,10.17,18.81
1989-03-28,23.65,11.9,17.18,0.0,0.42,7.96,20.36
1989-03-29,24.79,10.13,17.16,0.0,0.41,7.19,21.98
1989-03-30,26.16,14.35,19.7,12.73,0.42,13.88,16.86
1989-03-31,21.99,14.85,18.47,53.6,0.5,16.43,10.02
1989-04-01,24.14,14.32,18.54,1.19,0.52,12.68,18.22
1989-04-02,25.35,13.79,19.07,1.01,0.5,14.86,20.55
1989-04-03,26.72,13.71,20.19,0.02,0.49,15.95,17.25
1989-04-04,29.84,17.62,23.42,0.09,0.48,18.18,18.36
1989-04-05,29.55,18.82,23.81,0.0,0.47,17.11,16.42
1989-04-06,22.75,17.55,19.97,4.73,0.47,16.61,8.77
1989-04-07,23.7,15.62,19.03,0.24,0.47,15.37,14.88
1989-04-08,24.7,13.88,19.45,2.25,0.47,15.59,18.6
1989-04-09,23.89,15.6,19.26,5.2,0.47,15.42,12.24
1989-04-10,23.94,11.28,18.21,0.24,0.48,10.12,14.56
1989-04-11,23.4,13.48,18.02,4.96,0.47,11.71,9.34
1989-04-12,20.63,14.84,17.86,5.77,0.48,14.03,13.96
1989-04-13,18.4,11.83,15.02,4.31,0.49,11.83,12.1
1989-04-14,20.71,7.44,14.07,0.0,0.49,8.51,18.59
1989-04-15,21.06,9.13,14.88,0.24,0.48,8.53,17.29
1989-04-16,23.83,9.48,16.24,0.04,0.48,10.09,18.84
1989-04-17,20.36,11.57,15.46,0.04,0.47,11.86,12.65
1989-04-18,20.43,8.32,14.19,0.05,0.47,8.98,14.48
1989-04-19,21.2,8.74,14.64,0.0,0.47,8.35,18.99
1989-04-20,24.69,9.8,16.97,0.37,0.47,12.12,18.22
1989-04-21,24.67,12.71,18.25,0.79,0.47,13.13,16.45
1989-04-22,23.63,12.13,17.27,0.01,0.46,11.97,16.6
1989-04-23,24.13,11.45,17.53,0.0,0.46,11.95,17.28
1989-04-24,25.2,11.83,17.84,0.0,0.46,12.13,17.28
1989-04-25,26.12,12.68,18.51,0.0,0.45,12.06,17.29
1989-04-26,25.14,12.03,17.88,0.86,0.45,12.65,16.52
1989-04-27,24.65,14.3,19.07,0.01,0.45,13.71,15.51
1989-04-28,23.43,12.7,17.08,0.0,0.45,11.73,15.6
1989-04-29,24.78,10.9,17.88,0.0,0.45,11.1,13.3
1989-04-30,25.85,13.2,19.0,13.9,0.45,12.45,12.23
1989-05-01,20.33,13.56,16.5,6.52,0.48,13.13,9.54
1989-05-02,21.31,10.49,15.45,0.17,0.47,11.8,11.94
1989-05-03,22.68,12.13,17.26,0.11,0.47,12.41,11.98
1989-05-04,21.48,12.42,16.22,1.53,0.47,11.86,11.69
1989-05-05,17.79,10.34,13.22,1.05,0.47,9.64,8.04
1989-05-06,19.46,9.74,14.07,0.23,0.47,9.9,9.84
1989-05-07,22.82,9.83,16.42,0.07,0.46,12.2,11.95
1989-05-08,24.55,13.21,18.41,0.03,0.46,13.21,15.41
1989-05-09,21.56,15.4,17.58,3.56,0.46,13.95,7.23
1989-05-10,19.1,10.7,15.43,12.78,0.48,10.73,14.8
1989-05-11,17.12,9.15,12.8,0.02,0.48,7.92,9.48
1989-05-12,19.38,10.31,13.98,0.06,0.48,9.58,13.0
1989-05-13,19.81,8.08,13.23,0.0,0.47,8.84,13.49
1989-05-14,19.46,8.34,12.98,0.0,0.47,8.55,13.58
1989-05-15,19.94,7.55,13.59,0.2,0.47,10.05,9.73
1989-05-16,18.93,13.53,15.36,2.09,0.47,13.61,8.52
1989-05-17,20.56,10.76,15.57,0.91,0.47,13.61,7.82
1989-05-18,20.49,13.33,16.4,1.61,0.47,14.21,6.7
1989-05-19,19.66,10.92,15.36,4.68,0.48,12.64,9.42
1989-05-20,19.42,8.05,12.78,0.01,0.48,9.07,13.95
1989-05-21,20.83,10.49,15.12,0.0,0.47,9.56,13.58
1989-05-22,15.29,8.0,12.5,7.34,0.48,8.26,5.34
1989-05-23,15.96,5.37,10.28,0.0,0.48,6.35,10.02
1989-05-24,16.87,7.7,11.76,0.01,0.48,5.5,9.25
1989-05-25,17.23,4.66,10.23,0.0,0.47,5.26,9.66
1989-05-26,19.11,7.08,12.48,0.0,0.47,7.85,8.2
1989-05-27,20.07,11.27,14.7,0.02,0.47,10.39,7.28
1989-05-28,22.26,9.68,15.08,0.02,0.47,11.49,12.38
1989-05-29,20.42,11.19,15.42,1.9,0.47,11.76,7.23
1989-05-30,18.01,11.01,14.21,10.05,0.49,11.67,7.84
1989-05-31,12.79,3.88,8.94,0.45,0.48,4.81,10.69
1989-06-01,12.35,1.8,6.03,0.0,0.48,0.9,11.34
1989-06-02,15.06,1.5,8.52,0.17,0.48,3.5,7.73
1989-06-03,12.63,6.91,9.77,1.01,0.48,7.85,7.75
1989-06-04,13.76,7.32,10.11,0.62,0.48,7.08,6.78
1989-06-05,14.31,6.23,9.25,0.09,0.48,5.31,9.39
1989-06-06,11.86,4.45,7.39,0.72,0.48,6.08,6.71
1989-06-07,15.57,4.46,9.39,0.07,0.48,5.96,11.12
1989-06-08,16.71,4.14,9.79,0.1,0.47,4.49,10.25
1989-06-09,8.85,4.62,6.48,11.13,0.48,4.33,5.38
1989-06-10,10.15,5.61,7.47,12.89,0.5,5.67,7.6
1989-06-11,15.67,7.59,10.43,2.3,0.51,8.17,8.05
1989-06-12,12.92,5.3,8.04,0.33,0.51,6.41,10.02
1989-06-13,16.69,3.48,9.29,0.0,0.5,6.4,10.22
1989-06-14,17.46,7.84,12.01,0.01,0.5,9.01,8.49
1989-06-15,20.06,7.81,13.52,0.03,0.5,9.14,6.44
1989-06-16,16.98,10.28,12.91,0.04,0.5,9.69,7.25
1989-06-17,16.37,10.45,13.27,3.76,0.5,11.37,5.88
1989-06-18,13.92,5.19,9.43,4.4,0.5,7.66,6.82
1989-06-19,12.5,4.45,7.53,3.44,0.51,5.25,8.3
1989-06-20,14.47,5.06,8.66,1.08,0.51,5.65,11.78
1989-06-21,15.55,4.53,9.04,0.01,0.51,5.98,12.06
1989-06-22,16.34,5.74,9.82,0.06,0.5,6.58,12.04
1989-06-23,14.21,4.96,8.6,0.58,0.5,4.7,9.9
1989-06-24,9.93,1.24,5.49,0.86,0.5,2.47,10.96
1989-06-25,11.48,-0.04,4.79,0.04,0.5,2.07,8.43
1989-06-26,11.93,2.06,6.1,0.03,0.5,2.76,10.42
1989-06-27,13.79,0.16,5.7,0.0,0.5,3.59,7.97
1989-06-28,16.21,4.91,8.81,0.0,0.5,6.32,11.78
1989-06-29,17.76,5.31,10.52,0.0,0.5,7.86,11.47
1989-06-30,17.79,10.25,13.08,0.02,0.5,9.86,9.61
1989-07-01,19.49,11.09,14.38,0.01,0.49,10.18,8.36
1989-07-02,17.79,8.54,12.33,0.0,0.49,7.32,12.32
1989-07-03,16.63,6.53,10.74,0.16,0.49,5.64,11.57
1989-07-04,13.2,5.52,8.62,4.71,0.49,6.24,6.77
1989-07-05,8.05,2.8,4.83,0.87,0.5,3.65,10.41
1989-07-06,8.45,2.91,5.62,5.63,0.5,4.46,5.76
1989-07-07,12.34,2.0,6.08,0.26,0.51,2.96,11.54
1989-07-08,13.93,1.77,7.25,0.12,0.5,2.03,11.09
1989-07-09,13.18,5.84,8.84,2.91,0.5,5.78,6.89
1989-07-10,9.57,3.66,6.58,4.03,0.51,5.04,7.81
1989-07-11,11.45,4.55,6.92,0.54,0.51,5.69,8.42
1989-07-12,9.52,3.22,5.54,0.06,0.51,3.93,8.84
1989-07-13,11.19,1.57,5.4,0.1,0.51,2.94,8.4
1989-07-14,11.8,2.62,6.4,0.0,0.5,1.71,7.92
1989-07-15,11.42,-0.12,5.21,0.0,0.5,-0.27,12.1
1989-07-16,8.17,2.53,5.08,7.8,0.51,3.39,6.68
1989-07-17,7.37,4.5,5.65,2.26,0.52,4.78,6.92
1989-07-18,11.13,3.52,5.73,2.36,0.52,3.93,9.79
1989-07-19,11.81,2.73,5.75,0.05,0.52,2.93,12.92
1989-07-20,11.82,1.7,6.42,0.09,0.51,4.15,10.12
1989-07-21,12.62,2.07,6.0,0.14,0.51,4.5,10.64
1989-07-22,11.28,2.32,6.13,0.26,0.51,3.81,7.98
1989-07-23,8.48,4.17,6.39,2.45,0.51,5.32,6.94
1989-07-24,13.44,2.88,6.6,0.13,0.51,5.54,12.03
1989-07-25,17.6,6.3,10.07,0.0,0.51,7.49,14.08
1989-07-26,16.17,5.12,8.99,0.0,0.51,6.13,14.1
1989-07-27,16.84,3.32,9.75,0.0,0.51,6.12,13.42
1989-07-28,17.28,8.63,13.19,0.15,0.5,8.96,12.09
1989-07-29,19.65,12.17,14.62,0.28,0.5,10.19,11.21
1989-07-30,16.22,8.32,11.66,1.01,0.5,8.02,10.91
1989-07-31,10.56,4.03,7.42,1.48,0.5,4.3,10.3
1989-08-01,11.78,2.17,6.22,0.01,0.5,3.86,12.22
1989-08-02,13.84,3.79,8.59,0.02,0.5,5.09,9.87
1989-08-03,14.09,5.34,8.91,0.09,0.5,3.77,10.69
1989-08-04,15.38,2.16,8.0,4.62,0.5,3.71,9.23
1989-08-05,10.28,5.2,7.73,2.19,0.51,5.43,9.31
1989-08-06,10.83,3.89,7.11,1.17,0.51,4.81,13.07
1989-08-07,9.89,2.63,5.76,6.3,0.51,4.04,8.03
1989-08-08,10.38,1.89,5.93,1.44,0.51,4.65,9.5
1989-08-09,15.25,6.58,9.69,0.89,0.51,7.56,10.38
1989-08-10,15.9,6.17,10.61,0.37,0.51,7.81,11.9
1989-08-11,11.81,2.5,6.77,0.08,0.51,2.87,16.47
1989-08-12,12.94,0.89,5.34,0.0,0.51,0.98,16.8
1989-08-13,13.98,-1.31,5.7,0.01,0.5,1.24,15.64
1989-08-14,15.92,0.92,7.83,0.18,0.5,3.64,15.45
1989-08-15,16.2,2.06,9.53,0.01,0.5,2.82,16.57
1989-08-16,13.38,5.83,8.72,6.46,0.51,4.9,8.72
1989-08-17,15.51,4.68,8.91,0.09,0.51,5.61,16.55
1989-08-18,16.8,3.47,9.48,0.02,0.5,6.6,17.62
1989-08-19,16.67,7.24,10.82,0.04,0.5,7.65,10.86
1989-08-20,15.52,4.58,9.1,0.05,0.5,5.22,16.56
1989-08-21,15.01,2.31,8.34,0.39,0.5,4.9,14.67
1989-08-22,13.12,4.02,7.78,1.33,0.5,4.45,9.54
1989-08-23,9.33,5.11,6.65,6.71,0.51,5.04,10.11
1989-08-24,11.47,3.25,5.84,0.51,0.51,2.78,14.84
1989-08-25,16.55,2.11,8.94,0.03,0.5,2.04,17.91
1989-08-26,13.13,3.59,8.17,1.0,0.5,4.28,13.81
1989-08-27,13.29,0.32,6.59,0.4,0.5,1.92,13.29
1989-08-28,17.23,1.56,9.93,1.87,0.5,3.74,15.58
1989-08-29,14.02,6.16,9.23,0.12,0.5,5.07,16.36
1989-08-30,16.09,4.29,9.88,0.2,0.49,6.29,15.07
1989-08-31,15.59,6.8,10.23,0.0,0.49,4.62,16.16
1989-09-01,15.55,4.51,9.27,0.14,0.49,5.7,13.13
1989-09-02,17.04,3.87,9.06,0.04,0.49,5.6,19.21
1989-09-03,18.34,2.95,10.25,0.0,0.49,6.19,17.95
1989-09-04,17.59,4.36,10.15,0.0,0.48,6.04,18.52
1989-09-05,18.56,3.45,10.62,0.0,0.48,5.39,19.55
1989-09-06,20.03,4.09,11.72,0.0,0.48,5.97,19.4
1989-09-07,20.84,5.64,12.1,0.0,0.47,6.31,20.36
1989-09-08,23.01,5.91,13.75,0.0,0.47,5.81,20.41
1989-09-09,23.34,8.5,14.46,0.0,0.47,5.35,17.55
1989-09-10,23.36,6.69,14.46,2.54,0.46,7.02,17.08
1989-09-11,15.76,5.9,10.61,0.2,0.46,3.08,15.79
1989-09-12,15.27,5.31,9.83,1.44,0.46,5.41,13.55
1989-09-13,16.59,4.7,10.13,0.37,0.46,4.56,16.14
1989-09-14,14.61,2.1,7.74,0.01,0.46,1.76,20.25
1989-09-15,16.55,1.7,8.87,0.01,0.46,3.65,19.29
1989-09-16,20.4,5.59,12.54,0.0,0.46,3.6,21.8
1989-09-17,21.33,8.8,13.94,0.11,0.45,3.84,21.44
1989-09-18,20.87,7.32,13.69,0.09,0.45,5.82,17.25
1989-09-19,17.79,8.56,12.56,0.63,0.45,6.72,12.39
1989-09-20,19.15,6.63,12.21,0.0,0.45,5.77,23.13
1989-09-21,22.51,6.01,14.27,0.0,0.44,5.32,23.17
1989-09-22,20.84,11.5,15.5,0.01,0.44,6.97,18.0
1989-09-23,19.32,5.75,12.22,0.0,0.44,5.57,21.66
1989-09-24,24.89,6.25,15.42,0.01,0.43,5.43,24.15
1989-09-25,20.32,8.16,13.96,0.61,0.43,5.28,21.66
1989-09-26,14.7,4.5,9.17,3.75,0.44,2.96,21.8
1989-09-27,18.85,3.04,10.62,0.0,0.44,4.42,24.46
1989-09-28,23.47,4.42,14.02,0.0,0.43,5.55,24.75
1989-09-29,26.93,9.54,17.52,0.0,0.43,5.59,25.54
1989-09-30,28.81,11.18,19.29,0.0,0.42,6.16,22.73
1989-10-01,21.67,8.79,15.49,0.0,0.42,5.86,22.18
1989-10-02,17.28,4.75,10.43,0.0,0.42,1.28,24.65
1989-10-03,20.84,2.43,12.34,0.0,0.42,1.42,25.59
1989-10-04,28.68,10.53,18.06,0.01,0.41,3.84,23.77
1989-10-05,22.63,8.38,15.69,0.0,0.41,7.76,21.83
1989-10-06,21.65,7.05,14.28,0.03,0.41,5.11,21.96
1989-10-07,23.44,8.92,15.35,0.77,0.41,6.3,10.14
1989-10-08,19.21,8.16,13.43,0.12,0.41,2.81,24.33
1989-10-09,19.04,5.71,12.76,0.04,0.4,3.68,24.04
1989-10-10,20.37,6.09,13.22,0.0,0.4,4.54,23.27
1989-10-11,22.99,5.62,14.96,0.0,0.4,4.57,26.72
1989-10-12,28.23,10.55,17.78,0.0,0.4,2.84,21.83
1989-10-13,23.96,9.05,16.55,0.0,0.39,5.96,24.99
1989-10-14,23.0,10.49,15.88,0.0,0.39,3.44,27.16
1989-10-15,32.91,10.49,21.09,0.03,0.39,4.6,27.11
1989-10-16,22.85,7.64,14.93,0.0,0.38,2.31,27.88
1989-10-17,27.05,8.36,18.07,0.0,0.38,4.46,27.48
1989-10-18,34.07,12.95,23.08,0.07,0.38,6.87,22.99
1989-10-19,28.87,13.0,19.24,0.27,0.38,10.34,25.18
1989-10-20,20.61,10.71,15.23,0.01,0.38,5.86,23.84
1989-10-21,25.33,7.58,17.04,0.0,0.37,5.99,28.98
1989-10-22,27.17,12.76,19.54,0.01,0.37,4.9,22.54
1989-10-23,28.95,13.73,20.85,0.04,0.37,5.7,23.99
1989-10-24,26.97,14.42,19.75,1.58,0.37,10.71,19.11
1989-10-25,27.6,14.62,20.92,0.73,0.37,11.14,26.95
1989-10-26,28.14,10.44,18.87,12.54,0.38,9.22,16.38
1989-10-27,18.22,5.83,12.43,0.02,0.39,2.59,25.81
1989-10-28,21.36,6.59,13.96,0.0,0.39,4.43,27.66
1989-10-29,25.45,8.12,17.45,0.0,0.38,5.25,30.5
1989-10-30,31.14,11.1,21.57,0.56,0.38,2.61,29.72
1989-10-31,19.69,7.48,14.03,1.14,0.38,3.16,23.82
1989-11-01,23.43,7.39,15.7,0.0,0.37,2.29,30.39
1989-11-02,25.57,7.97,17.35,0.0,0.37,4.21,29.81
1989-11-03,27.68,10.22,19.6,1.3,0.37,7.43,25.93
1989-11-04,28.03,13.94,21.07,0.14,0.37,9.43,28.94
1989-11-05,33.71,16.02,24.06,3.19,0.37,9.2,23.53
1989-11-06,22.79,11.26,16.72,15.17,0.38,11.6,15.99
1989-11-07,23.39,8.24,15.33,0.18,0.4,5.76,26.77
1989-11-08,25.82,9.25,17.49,0.0,0.39,7.38,30.93
1989-11-09,22.71,8.24,15.33,0.0,0.38,2.51,31.14
1989-11-10,24.79,8.18,16.86,0.0,0.38,4.32,32.14
1989-11-11,26.98,10.06,18.59,0.04,0.37,4.93,31.64
1989-11-12,27.42,11.32,19.62,0.02,0.37,8.04,30.56
1989-11-13,30.7,11.99,21.93,0.0,0.37,6.31,31.82
1989-11-14,34.35,16.78,25.65,0.0,0.36,7.01,26.18
1989-11-15,35.85,19.81,26.56,0.01,0.36,9.3,18.58
1989-11-16,33.02,20.17,26.1,0.15,0.36,14.67,19.79
1989-11-17,26.79,17.74,21.92,0.19,0.36,13.3,19.05
1989-11-18,24.95,11.4,18.16,0.0,0.36,5.54,30.38
1989-11-19,25.45,10.6,17.95,0.0,0.36,4.72,30.63
1989-11-20,29.64,12.75,21.22,0.0,0.35,7.04,32.4
1989-11-21,31.0,14.08,22.64,0.0,0.35,6.58,30.58
1989-11-22,34.73,15.83,25.64,0.0,0.35,4.62,32.97
1989-11-23,36.3,18.93,28.03,0.0,0.35,7.05,31.19
1989-11-24,34.58,21.93,28.09,0.08,0.34,8.55,21.75
1989-11-25,35.79,20.24,28.08,1.0,0.34,10.98,27.27
1989-11-26,33.55,19.92,26.71,0.5,0.34,11.98,32.41
1989-11-27,33.16,17.98,25.79,0.0,0.34,8.64,32.62
1989-11-28,34.81,18.25,26.49,0.0,0.34,6.34,31.5
1989-11-29,36.49,18.28,27.76,0.0,0.34,4.82,32.23
1989-11-30,36.89,20.36,29.04,0.02,0.34,8.26,24.78
1989-12-01,36.86,22.15,30.07,0.0,0.33,9.28,29.67
1989-12-02,32.24,19.66,27.08,0.25,0.33,10.26,26.59
1989-12-03,29.8,15.29,21.99,0.0,0.33,4.64,32.44
1989-12-04,28.44,13.31,21.05,0.0,0.33,3.78,26.69
1989-12-05,31.51,12.79,22.49,0.0,0.33,2.38,33.31
1989-12-06,33.62,15.16,25.16,0.0,0.33,7.14,32.78
1989-12-07,33.55,17.38,25.66,0.0,0.33,8.87,32.83
1989-12-08,34.19,19.14,26.53,0.0,0.33,8.76,33.03
1989-12-09,36.14,19.08,28.11,0.11,0.33,9.06,27.51
1989-12-10,38.97,24.3,31.28,0.09,0.33,8.11,23.15
1989-12-11,42.43,24.4,32.68,0.06,0.32,7.38,29.04
1989-12-12,32.21,19.15,25.79,0.2,0.32,4.87,20.55
1989-12-13,36.77,20.56,26.22,3.34,0.32,10.42,19.07
1989-12-14,24.74,13.56,19.13,0.0,0.33,3.82,30.57
1989-12-15,26.48,9.57,18.72,0.0,0.33,2.48,34.19
1989-12-16,31.52,12.57,22.2,0.0,0.33,3.86,34.1
1989-12-17,35.38,17.42,26.4,0.0,0.32,4.83,33.88
1989-12-18,38.21,19.69,29.39,0.12,0.32,5.38,25.21
1989-12-19,37.94,25.12,30.41,0.6,0.32,6.36,19.66
1989-12-20,28.83,16.98,23.13,0.01,0.32,2.74,34.17
1989-12-21,29.94,12.37,21.44,0.0,0.32,-0.37,34.17
1989-12-22,33.99,13.56,24.37,0.0,0.32,1.13,34.18
1989-12-23,35.47,16.73,26.6,0.0,0.32,-0.95,30.89
1989-12-24,37.65,19.0,29.15,0.0,0.32,3.23,32.52
1989-12-25,40.78,22.14,31.81,0.0,0.32,9.21,26.69
1989-12-26,30.03,20.36,25.37,0.0,0.31,6.42,33.95
1989-12-27,26.92,14.29,20.59,0.01,0.31,4.53,25.4
1989-12-28,27.88,14.0,20.69,0.0,0.31,1.65,34.52
1989-12-29,35.48,15.18,26.39,0.0,0.31,0.53,34.19
1989-12-30,40.16,20.66,30.99,0.0,0.31,1.4,33.82
1989-12-31,39.65,21.16,32.07,0.0,0.31,3.59,27.64
1990-01-01,42.25,25.3,33.63,0.0,0.31,3.06,31.85
1990-01-02,40.43,18.82,30.58,0.0,0.31,1.84,32.84
1990-01-03,46.91,26.68,36.79,0.0,0.31,2.98,33.35
1990-01-04,33.93,19.14,26.52,0.0,0.31,0.13,34.16
1990-01-05,38.19,17.91,28.42,0.0,0.31,1.43,31.21
1990-01-06,39.01,21.53,30.48,0.17,0.31,4.18,23.51
1990-01-07,31.58,22.96,27.04,0.23,0.31,7.52,19.56
1990-01-08,30.16,20.49,24.86,3.28,0.31,16.61,16.58
1990-01-09,28.45,21.95,24.37,10.96,0.32,19.31,15.07
1990-01-10,35.66,20.52,27.59,1.84,0.33,18.91,24.37
1990-01-11,33.82,22.86,28.24,2.28,0.33,18.67,27.67
1990-01-12,33.63,23.64,28.98,7.91,0.33,19.57,23.45
1990-01-13,35.7,22.66,28.76,3.2,0.34,14.09,32.66
1990-01-14,30.87,16.57,23.39,0.03,0.34,5.11,27.61
1990-01-15,30.91,16.14,23.41,0.06,0.33,3.13,33.73
1990-01-16,25.63,12.59,18.91,0.0,0.33,0.41,33.41
1990-01-17,31.26,11.36,22.67,0.0,0.33,1.4,33.75
1990-01-18,36.21,20.26,28.73,0.84,0.32,3.75,25.54
1990-01-19,39.16,21.14,29.88,0.25,0.32,8.01,27.55
1990-01-20,35.91,22.34,28.4,0.0,0.32,8.62,32.81
1990-01-21,33.05,17.33,25.32,0.0,0.32,2.64,33.32
1990-01-22,36.28,15.99,26.91,0.0,0.32,3.65,32.68
1990-01-23,36.9,19.56,28.21,0.0,0.32,6.12,33.39
1990-01-24,39.11,19.32,29.38,0.0,0.32,7.15,33.33
1990-01-25,38.38,19.96,29.6,0.0,0.31,6.34,22.7
1990-01-26,37.59,20.77,30.16,0.0,0.31,11.06,25.21
1990-01-27,42.05,23.89,33.15,0.0,0.31,8.79,31.82
1990-01-28,32.84,21.49,26.93,0.0,0.31,5.17,28.06
1990-01-29,33.91,16.27,25.19,0.0,0.31,-1.38,30.54
1990-01-30,39.25,19.42,29.43,0.0,0.31,10.1,30.78
1990-01-31,39.1,23.86,31.01,0.03,0.31,11.4,30.76
1990-02-01,23.55,13.37,17.7,0.33,0.31,8.09,19.63
1990-02-02,27.5,11.37,19.93,0.0,0.31,7.54,30.72
1990-02-03,30.19,13.68,22.7,0.0,0.31,9.75,28.17
1990-02-04,26.59,16.61,22.1,0.01,0.31,11.22,26.31
1990-02-05,31.01,16.27,24.17,0.0,0.31,10.56,27.72
1990-02-06,32.7,16.73,24.93,0.0,0.31,5.39,30.75
1990-02-07,33.55,15.97,25.19,0.0,0.31,3.05,30.54
1990-02-08,34.5,18.8,26.84,1.79,0.31,10.92,24.51
1990-02-09,32.35,18.85,24.65,2.75,0.31,13.21,29.01
1990-02-10,25.25,16.33,20.99,0.53,0.31,12.17,23.74
1990-02-11,27.79,15.23,21.53,5.65,0.32,12.58,25.54
1990-02-12,27.52,16.08,22.06,0.13,0.32,12.09,23.71
1990-02-13,31.16,16.97,24.31,0.0,0.32,10.63,26.9
1990-02-14,33.46,17.13,26.01,0.0,0.32,9.11,28.19
1990-02-15,36.15,21.32,28.48,0.0,0.31,7.08,29.65
1990-02-16,37.9,21.35,29.88,0.14,0.31,10.58,24.91
1990-02-17,30.39,20.58,25.92,0.41,0.31,12.64,18.46
1990-02-18,32.16,16.49,24.23,0.0,0.31,5.79,29.32
1990-02-19,34.52,16.4,25.59,0.0,0.31,3.53,30.02
1990-02-20,36.97,17.73,27.24,0.4,0.31,13.41,27.53
1990-02-21,34.66,22.96,28.28,0.62,0.31,16.47,25.91
1990-02-22,34.77,21.27,27.55,3.02,0.31,16.09,15.52
1990-02-23,32.98,21.36,27.31,0.08,0.31,15.8,22.96
1990-02-24,35.94,20.66,28.57,0.89,0.31,12.95,24.93
1990-02-25,35.92,21.38,28.57,0.08,0.31,12.64,26.79
1990-02-26,35.68,20.69,28.47,0.13,0.31,11.9,24.83
1990-02-27,34.58,21.05,28.01,0.03,0.31,11.57,26.85
1990-02-28,27.49,21.84,24.36,3.76,0.32,13.94,9.9
1990-03-01,33.57,21.16,27.12,0.47,0.31,14.43,23.68
1990-03-02,36.48,21.95,29.41,0.01,0.31,13.27,26.06
1990-03-03,36.47,23.9,29.84,0.0,0.31,13.86,24.35
1990-03-04,38.32,25.13,31.84,0.0,0.31,11.56,23.64
1990-03-05,38.45,25.83,31.28,0.35,0.31,13.06,20.05
1990-03-06,32.88,16.18,26.04,0.0,0.31,8.0,27.1
1990-03-07,27.67,12.48,19.34,0.0,0.31,1.79,25.21
1990-03-08,30.53,12.88,22.39,0.0,0.31,0.76,26.28
1990-03-09,36.76,17.15,26.85,0.0,0.31,2.96,26.82
1990-03-10,39.25,20.56,30.06,0.0,0.31,7.98,25.52
1990-03-11,28.28,17.89,22.69,0.0,0.3,5.85,23.49
1990-03-12,26.61,12.35,19.18,0.0,0.3,-0.87,25.87
1990-03-13,30.41,13.52,21.91,0.12,0.3,5.15,25.03
1990-03-14,29.77,16.95,22.64,0.23,0.3,11.28,17.0
1990-03-15,32.2,18.86,25.13,0.52,0.3,10.17,23.67
1990-03-16,33.23,13.12,23.84,0.01,0.3,6.97,24.17
1990-03-17,34.39,20.47,27.53,0.12,0.3,12.02,22.68
1990-03-18,28.23,15.67,21.55,0.0,0.3,2.76,23.99
1990-03-19,30.76,11.45,21.19,0.0,0.3,6.0,23.39
1990-03-20,30.49,14.9,22.37,0.0,0.3,4.97,23.43
1990-03-21,30.92,16.97,23.45,0.0,0.3,6.63,22.65
1990-03-22,32.36,16.78,24.95,0.0,0.3,9.34,22.33
1990-03-23,32.72,20.99,25.97,0.0,0.3,11.59,21.36
1990-03-24,32.29,18.63,25.35,0.0,0.3,11.33,21.55
1990-03-25,33.04,19.68,26.11,0.0,0.3,10.35,20.85
1990-03-26,32.88,18.69,25.76,0.0,0.3,10.37,20.09
1990-03-27,31.64,19.03,25.64,0.05,0.3,11.5,18.72
1990-03-28,27.87,17.37,22.81,0.01,0.3,8.4,19.55
1990-03-29,28.34,13.13,20.99,0.01,0.3,2.97,22.09
1990-03-30,28.64,17.61,22.48,0.39,0.3,12.88,14.43
1990-03-31,29.25,19.55,23.82,0.09,0.3,14.56,16.55
1990-04-01,30.3,17.68,22.89,0.0,0.3,6.51,19.48
1990-04-02,27.21,13.14,19.69,0.0,0.3,5.68,20.58
1990-04-03,30.47,10.98,21.22,0.24,0.3,7.0,18.77
1990-04-04,29.34,16.28,22.55,0.01,0.3,11.18,19.19
1990-04-05,27.99,17.03,22.61,0.09,0.3,14.0,17.11
1990-04-06,32.36,17.58,24.81,0.01,0.3,13.61,16.82
1990-04-07,33.57,18.96,26.07,0.18,0.3,10.56,18.79
1990-04-08,25.24,18.54,21.17,1.39,0.3,12.07,9.29
1990-04-09,25.24,17.43,20.34,2.75,0.3,15.76,12.87
1990-04-10,22.32,17.55,19.48,3.43,0.31,16.82,10.37
1990-04-11,26.37,18.26,20.95,7.42,0.32,15.8,9.71
1990-04-12,29.49,15.14,21.88,0.28,0.32,10.94,18.41
1990-04-13,24.94,16.53,20.59,24.97,0.34,16.6,8.79
1990-04-14,24.07,13.61,19.06,1.92,0.37,12.13,18.31
1990-04-15,22.35,10.95,15.84,0.35,0.36,6.68,15.52
1990-04-16,23.55,8.33,15.5,0.69,0.35,4.25,18.72
1990-04-17,24.97,11.36,18.0,1.91,0.35,11.39,14.99
1990-04-18,20.81,15.37,17.59,10.95,0.36,13.92,7.59
1990-04-19,20.27,15.45,17.8,11.6,0.39,15.89,8.99
1990-04-20,20.95,13.53,17.19,42.99,0.43,15.98,4.6
1990-04-21,19.13,11.9,15.07,6.14,0.46,12.79,9.25
1990-04-22,21.53,10.2,15.37,1.05,0.45,11.11,10.49
1990-04-23,22.41,9.15,15.6,0.04,0.44,9.0,18.08
1990-04-24,22.46,10.51,16.19,0.01,0.43,9.5,15.88
1990-04-25,21.69,9.79,15.34,0.02,0.42,7.73,12.2
1990-04-26,18.15,7.93,12.36,0.02,0.42,5.95,14.12
1990-04-27,18.38,5.68,11.21,0.0,0.42,4.26,17.21
1990-04-28,21.59,5.54,13.6,0.01,0.41,4.06,15.83
1990-04-29,21.94,9.7,15.21,0.04,0.41,8.72,16.58
1990-04-30,22.16,8.06,15.23,0.02,0.41,8.16,16.6
1990-05-01,25.14,9.32,16.59,0.0,0.41,7.8,16.49
1990-05-02,24.29,10.52,16.26,0.0,0.41,8.55,15.4
1990-05-03,22.84,9.4,15.6,0.0,0.4,6.85,16.06
1990-05-04,25.57,9.06,16.9,0.0,0.4,5.99,14.98
1990-05-05,26.1,12.25,18.11,0.0,0.4,8.29,14.12
1990-05-06,23.1,12.66,17.16,0.0,0.4,10.66,13.48
1990-05-07,19.7,8.41,13.92,0.02,0.4,5.3,15.6
1990-05-08,19.02,6.22,12.54,0.0,0.4,2.68,15.03
1990-05-09,24.0,8.21,15.3,0.0,0.4,4.81,15.2
1990-05-10,24.84,10.93,17.05,0.0,0.4,8.08,12.71
1990-05-11,25.7,14.08,18.62,0.0,0.39,9.93,13.84
1990-05-12,25.66,11.85,17.14,0.0,0.39,9.13,15.14
1990-05-13,19.51,6.37,12.18,0.0,0.39,4.97,14.64
1990-05-14,15.46,3.15,9.36,0.0,0.39,2.78,12.96
1990-05-15,16.6,8.08,11.91,0.0,0.39,6.3,7.44
1990-05-16,23.69,10.87,16.5,0.15,0.39,10.05,9.49
1990-05-17,20.29,11.5,16.35,10.89,0.4,14.37,7.85
1990-05-18,15.44,6.24,10.37,0.13,0.41,5.05,14.24
1990-05-19,16.14,3.13,8.91,0.0,0.41,4.74,11.99
1990-05-20,15.33,4.97,8.87,0.01,0.4,2.69,13.96
1990-05-21,15.39,2.26,8.88,0.01,0.4,3.53,10.51
1990-05-22,13.5,8.09,10.93,15.94,0.41,8.95,3.91
1990-05-23,16.93,8.49,12.01,3.1,0.43,9.39,7.33
1990-05-24,14.9,6.48,10.27,1.66,0.43,8.21,6.88
1990-05-25,15.56,6.18,10.51,0.59,0.43,6.96,9.79
1990-05-26,15.96,5.35,9.51,0.0,0.43,6.63,10.62
1990-05-27,17.41,3.1,9.2,0.0,0.42,5.95,11.85
1990-05-28,20.8,6.04,12.74,0.01,0.42,9.2,11.92
1990-05-29,21.42,6.9,13.01,0.0,0.42,8.96,12.74
1990-05-30,18.41,9.13,13.29,6.85,0.42,11.74,7.23
1990-05-31,17.78,10.2,13.59,2.66,0.43,9.6,6.94
1990-06-01,14.69,6.67,10.02,0.24,0.43,5.91,10.21
1990-06-02,15.11,4.27,9.87,0.22,0.43,5.48,12.24
1990-06-03,15.12,6.37,9.54,0.11,0.43,6.28,11.23
1990-06-04,16.38,5.41,9.43,0.01,0.43,6.2,10.8
1990-06-05,17.9,4.01,9.1,0.04,0.42,5.5,12.53
1990-06-06,16.15,5.29,9.91,0.0,0.42,7.26,10.79
1990-06-07,18.87,7.02,11.52,0.0,0.42,7.52,12.17
1990-06-08,19.58,7.61,12.41,0.0,0.42,8.56,12.25
1990-06-09,19.96,7.5,12.74,0.0,0.42,8.75,12.15
1990-06-10,20.12,8.5,13.15,0.02,0.42,9.37,11.08
1990-06-11,19.43,7.4,13.15,0.01,0.42,8.66,10.77
1990-06-12,18.0,9.89,13.0,0.09,0.42,8.85,4.77
1990-06-13,17.03,8.67,12.2,0.29,0.42,9.38,7.81
1990-06-14,17.33,8.62,11.95,0.06,0.42,7.44,6.38
1990-06-15,18.1,5.05,10.71,0.0,0.42,6.6,8.0
1990-06-16,15.55,7.95,11.42,12.5,0.43,9.47,4.45
1990-06-17,13.08,5.12,9.3,3.68,0.44,5.76,9.51
1990-06-18,12.2,2.24,5.77,0.0,0.44,1.7,11.8
1990-06-19,13.53,0.38,5.5,0.0,0.44,1.6,12.27
1990-06-20,14.57,1.97,6.96,0.0,0.43,3.84,12.04
1990-06-21,14.8,4.03,8.02,0.0,0.43,3.03,11.72
1990-06-22,15.36,2.57,8.42,0.04,0.43,4.13,6.78
1990-06-23,14.58,6.62,9.98,0.42,0.43,5.02,6.05
1990-06-24,13.46,2.18,6.93,0.08,0.43,1.38,10.33
1990-06-25,7.94,2.78,6.08,2.71,0.43,4.59,5.93
1990-06-26,12.91,0.75,6.62,5.52,0.43,4.1,7.16
1990-06-27,12.01,4.74,7.27,4.71,0.44,5.17,5.48
1990-06-28,9.98,3.2,5.29,0.1,0.45,1.25,11.85
1990-06-29,14.51,1.94,7.4,0.0,0.44,3.81,11.03
1990-06-30,14.18,1.98,7.69,0.52,0.44,1.87,8.44
1990-07-01,8.56,5.34,6.62,5.35,0.45,3.96,7.22
1990-07-02,10.55,4.51,6.62,4.78,0.45,4.67,6.54
1990-07-03,10.43,3.79,5.6,0.26,0.45,2.5,8.87
1990-07-04,13.95,4.74,8.8,2.01,0.45,5.6,7.7
1990-07-05,15.2,6.47,9.37,9.27,0.46,6.76,6.68
1990-07-06,11.36,3.6,6.7,0.03,0.46,2.92,11.96
1990-07-07,13.21,2.73,7.68,0.01,0.46,4.09,7.33
1990-07-08,14.28,4.47,8.68,0.0,0.46,4.96,7.25
1990-07-09,13.89,4.38,9.11,0.0,0.46,4.77,8.47
1990-07-10,15.66,5.95,9.95,0.0,0.45,4.53,10.8
1990-07-11,15.47,2.62,8.3,0.0,0.45,4.88,11.44
1990-07-12,13.49,3.88,8.03,0.41,0.45,6.28,4.97
1990-07-13,15.53,5.67,10.38,0.27,0.45,7.03,9.16
1990-07-14,18.14,6.93,12.26,0.04,0.45,6.53,8.54
1990-07-15,18.64,6.71,12.59,0.82,0.45,8.97,11.13
1990-07-16,18.71,8.81,13.58,4.59,0.45,10.3,7.83
1990-07-17,20.33,9.87,14.46,0.45,0.46,10.38,9.92
1990-07-18,12.62,5.35,10.41,18.79,0.47,8.21,4.34
1990-07-19,13.95,3.93,8.51,0.47,0.48,6.29,10.28
1990-07-20,15.76,5.48,9.62,0.29,0.48,5.91,11.39
1990-07-21,16.21,5.37,9.27,0.21,0.47,3.84,13.23
1990-07-22,17.52,4.02,9.95,1.96,0.47,4.93,6.14
1990-07-23,21.17,5.62,12.16,0.0,0.47,8.14,13.39
1990-07-24,18.39,8.97,13.05,2.22,0.47,10.21,6.26
1990-07-25,14.95,3.7,8.96,0.16,0.47,2.53,13.79
1990-07-26,15.15,2.54,8.1,0.21,0.47,1.95,12.8
1990-07-27,13.62,4.7,8.29,0.06,0.47,3.32,12.11
1990-07-28,12.63,3.8,6.83,0.0,0.46,4.06,12.09
1990-07-29,14.08,2.52,7.62,0.0,0.46,3.52,10.67
1990-07-30,13.1,3.29,7.31,0.15,0.46,2.2,11.74
1990-07-31,13.65,-0.11,6.59,0.08,0.46,1.96,13.88
1990-08-01,9.74,4.38,7.06,13.15,0.47,6.22,5.0
1990-08-02,16.24,6.94,10.62,5.0,0.49,7.53,13.36
1990-08-03,16.22,6.34,9.76,0.53,0.48,6.92,12.81
1990-08-04,15.83,7.0,10.85,0.86,0.48,7.17,11.75
1990-08-05,14.6,6.66,10.58,3.63,0.48,5.51,12.69
1990-08-06,13.1,5.9,8.88,1.09,0.48,6.35,9.36
1990-08-07,12.62,5.89,8.49,0.32,0.48,4.6,9.94
1990-08-08,13.25,4.02,8.45,0.65,0.48,4.76,10.09
1990-08-09,14.07,6.38,9.36,0.8,0.48,5.21,11.0
1990-08-10,11.12,4.61,7.04,0.17,0.48,4.13,12.61
1990-08-11,14.21,1.16,7.47,0.39,0.48,2.5,12.32
1990-08-12,15.49,3.47,8.73,0.07,0.47,4.01,13.46
1990-08-13,14.05,2.45,8.54,0.47,0.47,4.6,11.92
1990-08-14,17.85,4.73,10.54,0.25,0.47,4.16,13.64
1990-08-15,12.71,6.58,9.15,2.8,0.47,5.8,10.75
1990-08-16,13.43,5.62,8.38,0.2,0.47,5.22,13.3
1990-08-17,12.78,3.06,6.9,0.05,0.47,3.35,13.51
1990-08-18,13.45,1.45,6.9,0.0,0.47,2.16,15.09
1990-08-19,17.27,1.17,9.33,0.53,0.47,3.33,17.03
1990-08-20,16.19,9.06,12.02,2.78,0.47,7.2,13.31
1990-08-21,14.2,7.31,9.81,1.61,0.47,6.23,12.04
1990-08-22,11.23,5.07,7.74,3.07,0.47,4.48,11.26
1990-08-23,12.22,3.71,6.43,0.74,0.47,2.57,16.44
1990-08-24,13.62,3.56,7.24,0.81,0.47,3.69,12.35
1990-08-25,14.17,1.96,7.47,1.83,0.47,4.39,14.16
1990-08-26,13.9,0.46,6.29,0.02,0.47,0.42,18.68
1990-08-27,15.67,-0.72,7.17,0.29,0.47,1.65,18.75
1990-08-28,18.65,2.88,10.42,0.06,0.46,4.04,18.36
1990-08-29,20.57,7.86,12.81,0.5,0.46,5.26,9.17
1990-08-30,19.65,8.22,13.57,3.92,0.46,9.13,18.31
1990-08-31,18.26,7.56,12.6,0.69,0.46,6.82,16.9
1990-09-01,16.93,5.36,10.24,0.33,0.46,5.48,16.41
1990-09-02,18.4,3.59,10.78,0.73,0.46,3.09,15.67
1990-09-03,15.42,4.15,9.55,1.51,0.46,5.74,13.44
1990-09-04,16.28,3.76,10.09,0.04,0.46,5.62,13.55
1990-09-05,18.22,7.83,11.83,0.0,0.45,6.85,16.68
1990-09-06,18.22,4.78,11.5,0.01,0.45,5.55,16.92
1990-09-07,19.0,7.55,12.13,0.0,0.45,4.76,19.17
1990-09-08,19.44,5.99,11.97,0.0,0.45,5.18,20.84
1990-09-09,21.34,5.69,13.05,0.0,0.44,5.88,19.54
1990-09-10,21.77,7.28,13.91,0.0,0.44,6.66,20.96
1990-09-11,24.3,7.64,15.6,0.0,0.44,7.87,20.74
1990-09-12,17.97,9.68,14.31,14.04,0.44,11.31,6.99
1990-09-13,10.83,7.48,9.02,5.94,0.47,6.64,11.73
1990-09-14,18.07,5.73,11.48,0.09,0.46,6.2,13.56
1990-09-15,19.28,6.63,11.58,0.01,0.46,6.0,21.87
1990-09-16,19.68,3.65,11.34,0.0,0.45,5.07,21.43
1990-09-17,19.9,4.9,12.39,0.19,0.45,5.93,21.34
1990-09-18,20.99,6.81,13.29,0.11,0.45,6.04,22.94
1990-09-19,24.23,8.12,15.66,1.71,0.44,9.08,17.02
1990-09-20,25.95,13.78,19.25,1.69,0.44,10.85,20.82
1990-09-21,19.0,7.93,14.29,1.03,0.44,6.12,22.39
1990-09-22,19.13,4.71,11.18,0.13,0.44,3.94,23.04
1990-09-23,22.85,3.8,13.25,0.0,0.43,4.6,24.34
1990-09-24,28.73,8.26,18.29,0.03,0.43,8.73,23.31
1990-09-25,26.86,13.18,19.67,0.06,0.43,10.84,19.69
1990-09-26,20.59,9.48,15.61,0.29,0.43,8.37,21.66
1990-09-27,19.82,4.76,11.69,0.0,0.42,2.07,24.68
1990-09-28,22.13,5.69,13.3,0.06,0.42,3.19,25.13
1990-09-29,22.3,5.98,13.86,0.0,0.42,5.56,25.08
1990-09-30,23.7,8.06,15.39,0.0,0.41,7.34,25.02
1990-10-01,24.71,10.76,16.67,0.0,0.41,5.06,24.05
1990-10-02,21.57,6.96,13.66,0.0,0.41,5.56,25.19
1990-10-03,22.74,5.54,13.8,0.0,0.41,6.08,25.46
1990-10-04,25.51,7.72,17.53,0.0,0.4,6.0,25.15
1990-10-05,24.58,11.3,17.52,1.48,0.4,6.73,12.35
1990-10-06,19.53,7.17,12.72,0.15,0.4,2.71,25.59
1990-10-07,22.9,3.42,13.78,0.0,0.4,4.71,25.69
1990-10-08,17.82,10.44,14.21,2.43,0.4,9.38,9.52
1990-10-09,22.2,7.65,15.13,0.01,0.4,6.68,23.93
1990-10-10,27.57,8.14,18.47,0.34,0.4,6.83,25.39
1990-10-11,23.58,11.9,18.22,0.17,0.4,8.22,18.39
1990-10-12,20.84,8.79,13.91,0.14,0.39,4.32,27.36
1990-10-13,22.31,4.54,13.24,0.0,0.39,1.73,28.64
1990-10-14,25.89,7.36,16.61,0.03,0.39,3.38,23.33
1990-10-15,28.39,13.17,19.05,0.0,0.39,5.69,27.12
1990-10-16,23.85,11.71,17.24,0.01,0.38,6.88,25.01
1990-10-17,23.99,8.91,17.45,0.0,0.38,5.94,27.43
1990-10-18,30.42,10.54,21.11,0.54,0.38,4.09,25.35
1990-10-19,18.52,8.89,14.91,17.33,0.4,9.79,12.53
1990-10-20,17.92,5.57,11.8,0.13,0.41,2.4,23.78
1990-10-21,21.01,9.42,14.74,2.48,0.4,4.66,18.53
1990-10-22,20.08,5.53,12.73,0.0,0.4,3.77,28.27
1990-10-23,24.04,6.35,15.22,0.0,0.4,5.81,30.08
1990-10-24,25.82,10.96,17.67,0.0,0.39,7.29,30.03
1990-10-25,26.65,9.12,17.78,0.0,0.39,4.16,30.25
1990-10-26,28.65,9.41,19.05,0.0,0.39,7.06,30.47
1990-10-27,31.37,11.73,21.88,0.0,0.38,7.04,30.21
1990-10-28,34.45,14.59,24.24,0.0,0.38,6.75,30.46
1990-10-29,36.09,17.13,26.69,0.0,0.37,8.34,29.22
1990-10-30,38.52,18.09,28.12,0.0,0.37,7.73,29.72
1990-10-31,35.99,19.22,27.44,0.64,0.37,9.05,24.52
1990-11-01,28.25,15.23,21.75,0.0,0.36,9.48,30.57
1990-11-02,27.62,14.39,21.45,0.17,0.36,9.26,30.87
1990-11-03,30.77,15.56,23.04,0.17,0.36,9.54,28.02
1990-11-04,32.14,14.97,23.86,0.06,0.36,8.85,30.12
1990-11-05,32.4,16.43,24.24,0.0,0.36,8.87,31.57
1990-11-06,34.23,16.45,25.39,0.0,0.35,8.06,30.51
1990-11-07,34.0,17.76,26.16,0.0,0.35,6.39,23.64
1990-11-08,33.86,19.11,26.59,0.03,0.35,7.86,19.92
1990-11-09,27.59,13.3,21.17,0.27,0.35,6.47,29.66
1990-11-10,23.91,11.91,17.93,0.02,0.35,2.93,24.66
1990-11-11,23.63,8.93,16.05,0.0,0.35,-0.06,31.97
1990-11-12,30.13,9.99,20.42,0.11,0.35,2.49,31.66
1990-11-13,35.96,13.9,25.02,0.0,0.34,2.3,32.43
1990-11-14,38.67,18.28,28.52,0.01,0.34,5.64,30.92
1990-11-15,30.0,18.07,23.46,1.17,0.34,9.13,15.59
1990-11-16,28.68,12.32,20.97,0.0,0.34,1.53,32.05
1990-11-17,26.1,13.56,19.1,0.0,0.34,-0.67,31.91
1990-11-18,26.96,8.35,17.73,0.0,0.34,-0.45,22.6
1990-11-19,28.8,10.39,19.52,0.01,0.34,0.08,29.46
1990-11-20,32.68,12.08,23.42,0.0,0.34,-1.87,32.19
1990-11-21,36.07,19.02,26.48,0.0,0.33,0.68,26.43
1990-11-22,27.71,13.87,20.88,0.0,0.33,1.02,32.26
1990-11-23,25.12,10.81,17.99,0.29,0.33,1.63,32.15
1990-11-24,26.48,10.62,18.47,0.0,0.33,1.58,32.92
1990-11-25,29.87,10.71,20.74,0.0,0.33,0.1,32.57
1990-11-26,31.09,13.91,22.67,0.0,0.33,6.27,32.56
1990-11-27,34.68,13.85,25.12,0.0,0.33,2.4,32.65
1990-11-28,38.33,18.22,29.22,0.0,0.33,1.32,32.37
1990-11-29,40.34,21.39,30.63,0.04,0.33,3.97,29.76
1990-11-30,40.78,20.24,30.87,0.0,0.32,5.3,31.41
1990-12-01,39.27,22.74,30.33,0.1,0.32,4.75,18.97
1990-12-02,36.37,21.64,28.79,3.29,0.32,13.0,27.83
1990-12-03,35.78,22.06,28.32,4.75,0.33,16.35,26.56
1990-12-04,36.85,20.61,29.17,0.0,0.33,13.89,33.31
1990-12-05,38.67,22.91,31.0,0.0,0.33,12.34,33.33
1990-12-06,40.49,22.88,32.27,0.0,0.33,11.54,32.8
1990-12-07,42.34,25.08,32.73,0.06,0.32,10.68,25.88
1990-12-08,31.4,17.91,24.51,0.0,0.32,7.1,32.04
1990-12-09,29.64,17.34,23.08,0.0,0.32,5.27,30.87
1990-12-10,18.89,13.76,16.18,0.32,0.32,2.84,20.08
1990-12-11,25.24,9.29,17.46,0.0,0.32,0.39,34.19
1990-12-12,28.02,12.63,20.19,0.0,0.32,2.87,34.56
1990-12-13,28.42,12.84,20.77,0.0,0.32,2.71,34.39
1990-12-14,30.65,13.35,22.34,0.0,0.32,2.81,34.14
1990-12-15,32.19,13.56,23.28,0.0,0.32,0.58,34.1
1990-12-16,37.63,17.74,28.09,0.0,0.32,1.23,33.79
1990-12-17,42.47,21.44,31.94,0.0,0.32,3.73,23.32
1990-12-18,42.77,25.37,33.98,0.0,0.31,10.1,33.54
1990-12-19,41.73,26.29,32.15,0.06,0.31,7.92,22.74
1990-12-20,36.71,22.74,28.59,0.02,0.31,9.62,30.9
1990-12-21,37.71,19.26,29.01,0.0,0.31,3.3,34.15
1990-12-22,39.1,21.8,30.94,0.0,0.31,3.53,22.72
1990-12-23,30.19,18.29,24.23,0.0,0.31,4.89,34.2
1990-12-24,29.23,14.01,21.47,0.0,0.31,-0.88,34.29
1990-12-25,35.27,15.18,25.86,0.0,0.31,-1.92,34.34
1990-12-26,36.78,18.45,28.09,0.0,0.31,3.56,33.15
1990-12-27,42.16,22.21,32.46,0.0,0.31,0.77,22.21
1990-12-28,35.15,17.66,26.28,0.0,0.31,0.95,34.62
1990-12-29,37.27,18.24,28.19,0.0,0.31,2.1,34.26
1990-12-30,40.71,19.75,31.51,1.91,0.31,6.72,32.84
1990-12-31,39.01,24.71,32.25,2.39,0.31,16.71,22.27
1991-01-01,38.09,22.59,31.04,1.8,0.31,16.22,30.73
1991-01-02,40.0,25.5,32.86,0.01,0.31,13.84,32.89
1991-01-03,39.91,26.34,32.89,0.02,0.31,11.26,33.45
1991-01-04,40.22,24.86,32.67,0.01,0.31,8.29,33.38
1991-01-05,32.4,17.68,26.43,7.17,0.31,12.91,25.35
1991-01-06,26.37,13.74,19.74,0.18,0.32,5.72,34.35
1991-01-07,30.11,14.31,22.48,0.38,0.32,8.61,33.13
1991-01-08,33.37,15.95,24.89,0.0,0.31,6.1,33.71
1991-01-09,37.89,17.34,29.11,0.03,0.31,7.86,27.61
1991-01-10,39.48,27.74,33.03,0.0,0.31,11.74,25.01
1991-01-11,42.09,26.06,34.3,0.0,0.31,8.21,32.34
1991-01-12,40.29,25.44,32.3,0.0,0.31,11.01,31.17
1991-01-13,40.6,21.35,31.09,0.0,0.31,6.11,33.31
1991-01-14,42.56,23.01,33.32,0.05,0.3,5.17,23.5
1991-01-15,39.93,23.56,32.2,0.24,0.3,9.15,24.17
1991-01-16,36.76,16.23,27.27,0.06,0.3,4.66,33.69
1991-01-17,35.85,19.88,27.87,0.15,0.3,5.03,30.83
1991-01-18,36.01,19.73,28.08,0.0,0.3,4.22,31.51
1991-01-19,37.99,21.88,30.03,0.83,0.3,4.02,29.3
1991-01-20,35.61,23.82,29.96,0.06,0.3,6.61,24.79
1991-01-21,35.54,22.53,27.51,1.66,0.31,14.27,21.38
1991-01-22,39.16,21.97,29.15,7.42,0.31,16.23,19.57
1991-01-23,29.89,22.69,25.95,22.42,0.33,20.79,9.88
1991-01-24,31.88,23.18,27.01,13.55,0.38,22.26,19.87
1991-01-25,34.3,17.34,25.91,0.0,0.37,12.35,32.91
1991-01-26,32.27,18.27,25.18,0.0,0.36,10.95,31.62
1991-01-27,29.78,15.76,22.7,0.0,0.35,8.38,32.47
1991-01-28,30.2,16.23,23.13,0.0,0.35,7.83,31.15
1991-01-29,27.65,13.81,20.8,0.02,0.34,5.7,30.86
1991-01-30,33.37,14.91,24.28,0.0,0.34,7.09,31.18
1991-01-31,35.3,18.0,26.66,0.0,0.34,7.35,32.4
1991-02-01,33.93,15.57,24.63,0.18,0.33,0.74,31.84
1991-02-02,37.41,14.96,26.78,0.0,0.33,4.95,32.18
1991-02-03,40.7,20.82,31.33,0.0,0.33,11.48,31.29
1991-02-04,42.42,24.85,33.68,0.0,0.33,12.32,30.93
1991-02-05,41.93,24.94,33.86,0.01,0.32,10.23,30.38
1991-02-06,36.41,24.03,30.25,0.01,0.32,12.54,23.94
1991-02-07,38.41,20.39,29.79,0.0,0.32,13.08,29.43
1991-02-08,38.74,22.06,30.4,0.0,0.32,7.23,30.43
1991-02-09,40.9,22.85,31.82,0.0,0.32,6.57,30.0
1991-02-10,35.54,20.36,27.14,0.0,0.32,0.72,30.71
1991-02-11,36.09,16.83,26.59,0.0,0.32,-1.91,31.06
1991-02-12,36.86,17.33,27.14,0.0,0.32,-0.96,31.27
1991-02-13,39.63,19.05,30.39,0.0,0.32,-0.66,30.85
1991-02-14,43.85,22.33,33.08,0.0,0.32,1.32,29.97
1991-02-15,34.91,20.45,27.07,0.02,0.31,7.15,22.41
1991-02-16,29.86,14.66,22.28,0.04,0.31,3.5,29.58
1991-02-17,33.24,15.93,24.53,0.0,0.31,3.97,30.11
1991-02-18,36.74,18.98,27.6,0.0,0.31,9.47,29.63
1991-02-19,39.74,21.24,30.34,0.0,0.31,6.89,29.27
1991-02-20,33.37,16.29,24.96,0.0,0.31,1.55,29.92
1991-02-21,37.73,17.6,27.92,0.0,0.31,8.28,29.25
1991-02-22,38.56,22.32,30.36,0.0,0.31,8.87,26.04
1991-02-23,37.24,19.8,28.31,0.01,0.31,4.51,29.08
1991-02-24,38.99,21.65,30.94,0.0,0.31,11.34,26.98
1991-02-25,38.7,24.71,31.57,0.0,0.31,11.19,26.8
1991-02-26,41.3,24.65,32.84,0.0,0.31,8.34,27.6
1991-02-27,36.79,20.04,27.42,0.0,0.31,3.29,24.67
1991-02-28,34.48,20.25,26.55,0.1,0.31,4.97,22.09
1991-03-01,26.83,15.43,20.78,0.0,0.31,1.61,27.76
1991-03-02,30.15,13.21,21.36,0.0,0.31,2.15,28.07
1991-03-03,31.83,16.99,23.75,0.0,0.31,5.4,27.61
1991-03-04,36.06,17.98,27.19,0.0,0.31,6.78,27.32
1991-03-05,38.56,20.7,29.98,0.0,0.31,7.87,24.97
1991-03-06,39.6,22.16,31.4,0.0,0.3,7.49,24.66
1991-03-07,39.32,25.84,32.34,0.0,0.3,8.8,22.01
1991-03-08,39.83,24.83,32.27,0.0,0.3,7.83,24.99
1991-03-09,37.83,23.27,29.24,0.12,0.3,9.96,20.15
1991-03-10,29.28,17.16,22.53,0.0,0.3,2.16,25.92
1991-03-11,28.89,12.98,21.13,0.0,0.3,0.12,25.1
1991-03-12,26.16,11.12,18.06,0.0,0.3,-1.69,25.12
1991-03-13,30.83,10.54,20.77,0.0,0.3,-4.06,25.12
1991-03-14,33.78,15.35,24.75,0.02,0.3,6.47,24.68
1991-03-15,33.79,19.81,25.79,0.01,0.3,4.22,25.11
1991-03-16,32.84,16.64,24.33,0.0,0.3,-1.82,25.11
1991-03-17,35.18,16.36,25.77,0.0,0.3,-0.9,24.7
1991-03-18,36.66,19.13,28.06,0.0,0.3,0.23,23.45
1991-03-19,32.11,20.92,26.33,0.0,0.3,7.03,17.51
1991-03-20,27.39,15.98,21.18,0.0,0.3,5.22,23.43
1991-03-21,25.49,12.32,18.09,0.0,0.3,2.47,22.86
1991-03-22,21.09,10.92,15.34,0.0,0.3,1.1,22.86
1991-03-23,25.05,9.25,16.89,0.0,0.3,3.8,23.15
1991-03-24,26.0,10.96,18.5,0.0,0.3,3.03,22.54
1991-03-25,29.55,14.02,21.4,0.0,0.3,0.8,22.79
1991-03-26,31.56,17.19,22.84,0.0,0.3,3.74,15.98
1991-03-27,26.67,11.15,18.96,0.0,0.3,3.84,22.53
1991-03-28,30.07,13.35,21.65,0.0,0.3,4.01,22.33
1991-03-29,28.9,15.83,22.07,1.02,0.3,8.9,12.6
1991-03-30,26.5,17.07,20.95,3.26,0.31,9.84,13.63
1991-03-31,27.99,15.26,20.79,0.02,0.31,5.11,17.04
1991-04-01,24.8,14.16,18.94,0.31,0.3,7.83,14.73
1991-04-02,21.75,8.57,14.75,0.0,0.3,-0.1,21.77
1991-04-03,24.78,7.81,15.89,0.0,0.3,0.59,20.56
1991-04-04,28.07,10.69,18.85,0.0,0.3,5.67,21.05
1991-04-05,28.53,10.86,19.34,0.0,0.3,4.52,21.01
1991-04-06,31.37,12.19,21.66,0.0,0.3,2.56,21.07
1991-04-07,28.97,13.08,20.53,0.0,0.3,3.01,19.52
1991-04-08,30.26,14.59,21.83,0.06,0.3,7.25,19.32
1991-04-09,25.77,17.0,20.62,0.18,0.3,7.0,16.77
1991-04-10,28.62,13.45,20.3,0.06,0.3,4.87,20.37
1991-04-11,28.94,12.01,20.14,0.0,0.3,0.96,19.0
1991-04-12,29.96,13.35,21.03,0.19,0.3,1.81,16.71
1991-04-13,32.15,15.01,22.67,0.97,0.3,3.37,16.22
1991-04-14,20.08,11.93,17.46,1.87,0.3,10.06,7.99
1991-04-15,22.1,8.01,14.7,0.0,0.3,5.16,18.84
1991-04-16,22.03,8.0,14.61,0.02,0.3,5.15,19.68
1991-04-17,22.64,9.85,15.36,0.0,0.3,4.45,19.09
1991-04-18,23.13,10.08,16.35,0.0,0.3,7.7,17.4
1991-04-19,23.05,11.8,16.48,0.0,0.3,6.96,17.2
1991-04-20,25.83,10.21,18.1,0.0,0.3,4.55,18.75
1991-04-21,27.08,10.78,18.31,0.0,0.3,2.35,14.96
1991-04-22,18.62,4.75,11.13,0.0,0.3,-1.5,18.15
1991-04-23,19.42,5.41,11.92,0.0,0.3,-2.44,16.56
1991-04-24,28.36,7.49,17.26,0.04,0.3,0.62,16.84
1991-04-25,16.97,7.92,11.71,4.53,0.3,7.18,9.18
1991-04-26,18.02,5.91,12.41,0.06,0.31,5.94,15.54
1991-04-27,22.43,7.93,14.22,0.0,0.31,6.76,17.75
1991-04-28,21.65,6.41,13.55,0.0,0.31,3.98,16.25
1991-04-29,23.32,6.7,14.45,0.0,0.31,3.55,14.71
1991-04-30,24.18,11.14,16.41,0.0,0.3,3.3,9.61
1991-05-01,26.83,11.02,17.55,0.08,0.3,5.13,11.08
1991-05-02,20.07,8.65,14.53,0.04,0.3,6.79,13.11
1991-05-03,16.95,4.6,10.35,0.0,0.3,0.63,14.95
1991-05-04,22.13,3.68,12.09,0.0,0.3,-0.5,15.55
1991-05-05,25.28,6.65,15.69,0.0,0.3,0.54,15.42
1991-05-06,27.21,12.38,18.71,0.0,0.3,3.2,13.14
1991-05-07,27.47,13.8,20.27,1.11,0.3,3.52,8.82
1991-05-08,19.66,11.62,15.43,2.05,0.31,8.6,10.46
1991-05-09,17.16,6.56,10.92,0.0,0.31,1.1,15.2
1991-05-10,17.51,4.16,9.68,0.0,0.31,2.4,14.95
1991-05-11,18.44,3.05,9.91,0.0,0.31,1.98,14.81
1991-05-12,19.61,4.23,11.21,0.0,0.3,3.72,14.59
1991-05-13,21.14,4.31,11.83,0.0,0.3,1.88,14.48
1991-05-14,21.59,6.48,13.38,0.13,0.3,4.1,13.22
1991-05-15,22.0,8.41,13.83,0.0,0.3,3.59,13.72
1991-05-16,17.22,5.81,10.86,0.0,0.3,2.58,12.72
1991-05-17,19.46,3.86,10.68,0.0,0.3,2.49,13.72
1991-05-18,22.1,7.16,13.52,0.0,0.3,5.29,13.8
1991-05-19,23.56,9.54,15.47,0.03,0.3,6.71,12.34
1991-05-20,21.74,12.02,16.11,5.96,0.31,10.92,7.27
1991-05-21,18.4,11.16,14.36,12.61,0.34,10.84,9.46
1991-05-22,19.76,8.63,13.84,1.21,0.34,8.96,9.29
1991-05-23,20.0,8.26,13.47,0.01,0.33,6.9,8.03
1991-05-24,21.23,7.81,13.58,0.05,0.33,5.88,10.69
1991-05-25,22.26,9.13,14.54,0.1,0.33,6.89,11.3
1991-05-26,21.7,8.45,14.04,0.03,0.33,6.3,11.38
1991-05-27,19.58,10.32,14.02,0.08,0.33,7.56,9.96
1991-05-28,20.34,8.66,13.35,0.0,0.32,6.16,11.11
1991-05-29,21.23,6.74,12.98,0.16,0.32,6.48,11.68
1991-05-30,20.97,8.12,12.87,0.07,0.32,6.61,10.83
1991-05-31,21.71,7.54,13.11,0.0,0.32,5.34,12.18
1991-06-01,22.48,8.59,14.06,0.0,0.32,4.25,11.31
1991-06-02,19.07,10.22,14.39,0.02,0.32,5.18,9.14
1991-06-03,16.44,11.59,14.27,5.7,0.33,8.68,5.53
1991-06-04,20.17,8.46,13.0,0.14,0.33,6.81,12.18
1991-06-05,22.05,6.03,13.47,0.42,0.33,6.98,11.62
1991-06-06,17.17,12.16,14.64,12.89,0.34,12.77,7.02
1991-06-07,18.11,11.31,13.97,7.76,0.37,11.16,6.63
1991-06-08,16.68,9.49,12.43,0.77,0.36,8.88,7.0
1991-06-09,16.96,7.37,12.78,2.61,0.36,9.18,10.51
1991-06-10,18.4,11.51,14.36,0.95,0.36,10.51,7.11
1991-06-11,18.59,7.34,12.75,0.06,0.36,5.75,10.28
1991-06-12,14.51,8.01,10.76,5.47,0.36,7.91,7.05
1991-06-13,17.4,7.33,11.56,0.97,0.37,8.82,9.52
1991-06-14,18.92,7.41,12.41,0.02,0.36,7.59,9.99
1991-06-15,17.51,8.72,12.37,0.11,0.36,5.02,5.44
1991-06-16,19.61,8.0,12.37,0.02,0.36,5.0,10.57
1991-06-17,18.6,6.0,11.33,0.0,0.36,6.82,9.35
1991-06-18,17.36,5.21,11.22,0.0,0.36,5.47,6.84
1991-06-19,18.38,8.51,12.41,3.04,0.36,7.14,5.79
1991-06-20,16.65,8.34,11.81,2.92,0.36,9.16,4.87
1991-06-21,18.89,7.21,12.21,0.49,0.37,9.15,8.68
1991-06-22,15.32,4.62,9.01,0.55,0.37,3.5,11.46
1991-06-23,19.5,7.12,12.75,0.01,0.37,3.96,9.45
1991-06-24,20.32,10.08,13.76,1.25,0.36,7.95,5.55
1991-06-25,23.9,8.13,15.12,0.04,0.36,8.02,9.87
1991-06-26,20.35,8.77,13.88,0.0,0.36,7.21,10.88
1991-06-27,20.39,7.28,13.09,0.0,0.36,7.21,11.46
1991-06-28,22.61,8.85,14.46,0.09,0.36,6.19,11.39
1991-06-29,13.96,7.53,10.84,1.71,0.36,6.28,10.17
1991-06-30,16.4,4.42,9.95,0.09,0.36,7.14,7.34
1991-07-01,17.19,6.98,11.24,0.01,0.36,7.14,9.62
1991-07-02,17.19,4.55,9.86,0.0,0.36,4.41,10.83
1991-07-03,19.79,5.96,11.6,0.32,0.36,6.43,10.91
1991-07-04,17.11,8.85,12.97,2.8,0.36,8.2,4.82
1991-07-05,12.38,7.39,10.09,9.65,0.38,7.73,6.5
1991-07-06,13.79,4.42,8.71,0.96,0.38,4.6,10.83
1991-07-07,15.65,3.94,8.85,0.01,0.38,2.81,10.23
1991-07-08,13.36,5.09,8.27,3.03,0.38,5.44,4.81
1991-07-09,14.94,3.37,8.52,0.16,0.38,2.2,11.42
1991-07-10,13.89,4.14,8.62,0.2,0.38,4.47,9.01
1991-07-11,14.39,4.47,8.49,0.02,0.38,3.77,10.47
1991-07-12,16.66,2.55,9.18,0.38,0.38,5.43,9.87
1991-07-13,11.56,5.33,7.95,0.48,0.38,5.12,7.19
1991-07-14,15.82,5.99,9.26,0.28,0.38,6.03,8.12
1991-07-15,14.38,3.72,8.21,0.01,0.38,4.92,9.99
1991-07-16,14.95,2.55,7.34,0.0,0.38,3.38,13.12
1991-07-17,15.02,1.52,8.06,0.02,0.37,2.58,11.43
1991-07-18,18.29,3.27,9.96,0.01,0.37,1.47,9.39
1991-07-19,20.6,6.14,11.93,0.0,0.37,3.93,13.11
1991-07-20,19.37,5.12,10.84,0.0,0.37,4.54,11.7
1991-07-21,16.53,5.2,10.5,1.03,0.37,5.96,7.86
1991-07-22,12.48,4.92,8.91,7.34,0.38,6.27,3.65
1991-07-23,11.58,0.51,5.27,0.01,0.39,1.43,12.78
1991-07-24,12.84,0.57,6.26,0.11,0.38,1.6,10.08
1991-07-25,12.85,2.87,6.8,0.01,0.38,2.26,9.13
1991-07-26,13.45,0.83,6.16,0.01,0.38,1.5,13.28
1991-07-27,16.4,2.81,8.76,0.76,0.38,1.78,10.56
1991-07-28,14.97,5.58,9.68,0.21,0.38,5.33,12.16
1991-07-29,14.52,6.07,9.12,0.21,0.38,6.18,9.19
1991-07-30,15.1,5.08,9.81,0.08,0.38,4.38,9.9
1991-07-31,19.14,6.54,11.08,0.07,0.38,2.84,9.1
1991-08-01,12.79,4.32,8.46,0.12,0.38,6.72,8.14
1991-08-02,16.02,2.33,8.21,0.0,0.38,1.68,14.45
1991-08-03,21.28,6.47,12.62,0.0,0.38,3.25,14.8
1991-08-04,23.36,5.25,13.6,2.64,0.37,5.41,12.81
1991-08-05,18.4,11.54,14.67,9.17,0.39,12.98,3.75
1991-08-06,15.13,5.35,10.31,0.03,0.39,4.37,13.38
1991-08-07,15.85,4.16,10.58,2.36,0.39,4.75,10.01
1991-08-08,12.84,5.84,9.37,0.91,0.39,4.75,13.21
1991-08-09,13.79,4.8,8.58,0.65,0.39,5.37,11.3
1991-08-10,16.42,5.02,9.81,0.2,0.39,5.81,14.05
1991-08-11,17.28,3.33,10.31,0.0,0.39,4.0,14.61
1991-08-12,18.32,3.15,10.42,0.04,0.39,2.59,15.17
1991-08-13,17.21,4.87,10.94,0.1,0.39,3.21,16.2
1991-08-14,16.25,6.59,10.66,0.11,0.38,5.39,11.44
1991-08-15,15.55,6.02,10.89,0.75,0.38,5.72,11.45
1991-08-16,12.65,2.72,6.93,0.39,0.38,1.07,16.53
1991-08-17,15.02,-0.27,6.56,0.0,0.38,-0.2,17.04
1991-08-18,17.69,-0.07,8.21,0.0,0.38,0.45,17.04
1991-08-19,19.27,2.85,9.87,0.0,0.38,0.44,17.04
1991-08-20,19.38,5.07,11.48,1.31,0.38,0.83,13.36
1991-08-21,14.28,5.19,9.39,0.06,0.38,3.19,15.52
1991-08-22,17.1,4.29,10.67,0.07,0.38,4.14,14.74
1991-08-23,19.7,7.49,12.07,0.86,0.38,3.91,13.13
1991-08-24,12.87,2.93,7.39,0.05,0.38,0.64,16.42
1991-08-25,16.4,1.55,8.85,0.0,0.38,1.94,16.41
1991-08-26,17.61,3.39,10.24,0.0,0.38,1.3,18.04
1991-08-27,19.2,4.31,10.5,4.82,0.38,1.53,11.5
1991-08-28,11.67,5.31,8.56,3.89,0.39,6.42,7.96
1991-08-29,18.67,3.27,10.7,0.56,0.39,3.13,15.88
1991-08-30,15.13,5.14,9.9,0.76,0.39,3.82,15.7
1991-08-31,14.72,4.58,8.56,1.12,0.39,3.67,13.46
1991-09-01,16.54,2.42,9.5,0.08,0.39,2.64,14.18
1991-09-02,18.96,6.69,12.57,0.02,0.38,1.36,17.69
1991-09-03,22.58,7.12,13.7,0.13,0.38,2.69,17.81
1991-09-04,23.7,7.77,15.04,0.0,0.38,2.28,19.77
1991-09-05,26.28,8.22,17.34,0.01,0.38,3.81,18.13
1991-09-06,26.41,8.35,16.3,0.0,0.37,4.01,20.09
1991-09-07,27.72,8.8,18.02,0.24,0.37,2.97,19.69
1991-09-08,22.35,9.69,16.04,3.44,0.38,9.23,16.33
1991-09-09,23.17,6.51,15.13,0.0,0.38,4.09,20.4
1991-09-10,16.48,9.3,12.77,18.89,0.39,7.03,10.55
1991-09-11,14.73,5.46,10.13,4.21,0.41,5.8,14.51
1991-09-12,13.63,1.74,7.13,0.12,0.41,0.14,19.47
1991-09-13,17.42,2.67,10.01,0.0,0.4,1.79,21.11
1991-09-14,23.99,6.54,14.77,0.0,0.4,0.68,17.96
1991-09-15,21.87,11.66,16.91,0.16,0.39,2.95,19.31
1991-09-16,22.93,8.83,15.91,0.23,0.39,5.88,21.82
1991-09-17,13.91,8.35,11.77,3.45,0.39,6.05,12.69
1991-09-18,16.92,7.32,12.19,3.75,0.39,6.83,17.2
1991-09-19,14.85,5.9,9.87,0.13,0.4,1.96,19.35
1991-09-20,18.49,2.74,11.4,0.0,0.39,2.31,21.21
1991-09-21,17.79,7.66,12.42,0.04,0.39,3.97,16.53
1991-09-22,19.47,2.69,10.75,0.0,0.39,0.74,23.18
1991-09-23,21.29,3.92,12.11,0.0,0.39,1.46,21.62
1991-09-24,22.28,4.75,13.74,0.0,0.38,4.31,21.2
1991-09-25,25.4,9.36,16.83,0.07,0.38,5.06,20.83
1991-09-26,23.89,8.92,15.89,0.13,0.38,7.67,21.83
1991-09-27,22.62,6.46,14.43,0.0,0.38,4.66,24.31
1991-09-28,20.91,8.69,14.4,0.03,0.38,5.05,24.27
1991-09-29,22.91,6.68,14.43,0.0,0.38,6.04,25.12
1991-09-30,24.1,6.96,15.4,0.0,0.37,5.5,25.43
1991-10-01,29.91,10.53,19.61,0.02,0.37,2.52,25.07
1991-10-02,33.56,13.7,23.03,0.0,0.37,1.19,22.32
1991-10-03,31.05,15.46,21.89,1.67,0.37,8.52,18.53
1991-10-04,29.99,14.72,21.41,0.06,0.37,11.61,22.01
1991-10-05,31.39,14.09,22.89,0.01,0.36,10.8,24.14
1991-10-06,30.21,15.87,22.25,0.07,0.36,8.8,20.8
1991-10-07,24.89,10.1,17.02,0.0,0.36,5.57,25.98
1991-10-08,22.04,8.62,14.8,0.0,0.36,4.77,22.8
1991-10-09,21.73,6.85,14.04,0.0,0.36,3.92,26.63
1991-10-10,23.86,7.87,15.62,0.0,0.36,5.7,25.95
1991-10-11,26.65,7.68,16.95,0.0,0.36,5.23,26.96
1991-10-12,29.65,9.02,19.53,0.0,0.35,5.26,26.88
1991-10-13,28.17,11.77,19.2,0.0,0.35,6.42,27.44
1991-10-14,30.58,9.49,20.54,0.0,0.35,2.87,27.94
1991-10-15,34.62,13.31,24.41,0.0,0.35,0.56,27.48
1991-10-16,21.8,10.25,16.68,0.01,0.35,3.29,25.29
1991-10-17,23.28,5.52,14.01,0.0,0.35,0.45,26.89
1991-10-18,28.05,7.17,18.61,0.0,0.34,0.3,28.54
1991-10-19,31.88,11.8,22.46,0.0,0.34,2.95,26.57
1991-10-20,36.35,17.31,26.73,0.0,0.34,8.0,26.59
1991-10-21,29.93,15.13,22.12,0.01,0.34,8.38,13.22
1991-10-22,25.22,9.82,17.29,0.0,0.34,4.15,29.46
1991-10-23,28.75,9.82,19.51,0.0,0.34,5.03,28.83
1991-10-24,29.46,13.91,21.46,0.66,0.34,6.31,27.4
1991-10-25,24.83,12.26,18.62,0.01,0.34,6.3,26.25
1991-10-26,23.29,7.77,15.63,0.0,0.34,2.65,29.94
1991-10-27,24.84,7.73,15.98,0.02,0.34,1.6,30.06
1991-10-28,29.02,8.89,19.56,0.01,0.33,1.93,29.28
1991-10-29,28.57,15.04,21.63,0.17,0.33,4.37,21.19
1991-10-30,33.91,16.71,25.62,0.22,0.33,10.16,28.12
1991-10-31,24.29,12.16,19.18,0.73,0.33,1.99,30.17
1991-11-01,26.74,7.1,17.3,0.0,0.33,-1.0,30.35
1991-11-02,32.41,11.89,22.64,0.07,0.33,1.15,25.58
1991-11-03,33.46,18.68,25.85,2.45,0.33,9.97,10.8
1991-11-04,27.32,15.7,21.59,0.48,0.33,5.99,30.41
1991-11-05,27.7,11.43,19.73,0.02,0.33,1.61,30.4
1991-11-06,32.36,14.35,23.66,0.01,0.33,3.97,18.72
1991-11-07,26.2,12.86,19.42,0.0,0.33,3.66,30.57
1991-11-08,21.72,8.35,15.12,0.0,0.33,-1.17,31.24
1991-11-09,23.48,8.21,15.7,0.0,0.33,-0.65,31.73
1991-11-10,25.94,8.3,17.68,0.0,0.33,0.01,24.36
1991-11-11,26.59,10.37,18.44,0.0,0.32,0.24,22.71
1991-11-12,26.83,11.89,20.11,0.0,0.32,0.19,19.75
1991-11-13,27.13,11.5,19.21,0.0,0.32,-0.66,32.09
1991-11-14,30.92,9.95,21.1,0.0,0.32,-3.76,30.85
1991-11-15,31.82,15.97,22.7,0.09,0.32,8.45,13.66
1991-11-16,28.51,14.36,21.43,0.0,0.32,3.73,24.52
1991-11-17,31.1,12.41,22.19,0.0,0.32,-2.29,32.37
1991-11-18,34.03,15.49,25.47,0.0,0.32,-2.26,32.42
1991-11-19,38.29,19.01,28.25,0.02,0.32,2.47,23.72
1991-11-20,25.8,14.67,20.11,0.0,0.32,1.23,26.5
1991-11-21,30.78,11.97,21.97,0.0,0.32,1.89,32.9
1991-11-22,32.75,14.37,23.75,0.0,0.32,3.69,32.61
1991-11-23,33.75,16.9,25.76,0.0,0.31,1.68,24.08
1991-11-24,37.1,19.8,28.73,0.12,0.31,3.85,21.88
1991-11-25,38.1,23.21,31.11,0.01,0.31,9.06,24.56
1991-11-26,34.56,20.54,27.71,3.71,0.32,11.74,24.71
1991-11-27,27.33,13.57,20.01,0.03,0.32,0.21,31.64
1991-11-28,31.1,12.05,21.76,0.0,0.32,-0.23,33.3
1991-11-29,29.33,14.67,21.97,0.0,0.31,1.53,33.35
1991-11-30,24.22,10.21,17.29,0.02,0.31,-4.52,33.52
1991-12-01,29.18,10.52,20.2,0.01,0.31,0.61,33.55
1991-12-02,32.15,14.07,23.8,0.0,0.31,4.29,32.7
1991-12-03,36.33,18.15,26.16,0.01,0.31,3.45,31.55
1991-12-04,27.27,13.98,20.23,0.0,0.31,3.0,32.2
1991-12-05,28.11,11.54,19.9,0.0,0.31,-2.54,33.64
1991-12-06,30.69,12.68,22.31,0.0,0.31,-2.05,28.61
1991-12-07,33.97,14.68,24.68,0.0,0.31,-0.23,33.42
1991-12-08,36.34,15.91,26.71,0.16,0.31,-1.94,27.44
1991-12-09,37.37,19.31,29.4,0.02,0.31,5.54,31.97
1991-12-10,26.8,18.18,23.26,0.79,0.31,11.85,15.86
1991-12-11,22.35,11.98,17.9,2.24,0.31,6.6,19.0
1991-12-12,22.13,13.41,17.41,16.47,0.33,12.74,16.41
1991-12-13,25.2,15.59,19.47,9.12,0.36,14.51,16.4
1991-12-14,28.98,14.07,21.79,0.84,0.35,12.67,20.51
1991-12-15,25.99,16.32,20.86,0.0,0.35,8.42,34.4
1991-12-16,24.05,12.92,18.61,0.08,0.34,7.95,18.94
1991-12-17,22.86,11.08,16.77,0.95,0.34,5.41,24.68
1991-12-18,19.97,9.22,15.19,3.23,0.34,4.33,31.26
1991-12-19,27.25,9.71,19.54,0.0,0.34,2.45,32.27
1991-12-20,31.57,12.71,22.95,0.13,0.34,3.05,32.75
1991-12-21,27.65,15.34,20.71,1.25,0.33,10.19,22.5
1991-12-22,30.5,14.09,23.04,0.0,0.33,9.97,27.64
1991-12-23,33.51,16.04,25.13,0.0,0.33,7.43,33.96
1991-12-24,33.99,16.18,26.01,0.0,0.33,2.85,32.5
1991-12-25,39.53,18.38,29.23,0.0,0.32,3.03,34.37
1991-12-26,38.68,21.14,30.62,0.0,0.32,5.19,23.15
1991-12-27,42.5,22.69,32.5,0.0,0.32,8.41,31.81
1991-12-28,37.46,21.73,29.1,0.0,0.32,6.77,34.36
1991-12-29,37.47,20.11,29.1,0.0,0.32,7.78,33.49
1991-12-30,32.02,21.89,25.8,2.66,0.32,15.0,21.61
1991-12-31,31.92,20.19,25.61,0.88,0.32,12.71,20.32
1992-01-01,31.15,17.21,24.5,0.0,0.32,6.42,33.79
1992-01-02,30.39,16.15,23.81,0.15,0.32,8.8,34.2
1992-01-03,33.87,17.33,25.83,0.08,0.32,7.82,33.68
1992-01-04,25.92,16.79,21.26,0.51,0.32,7.19,27.67
1992-01-05,26.29,11.57,19.13,0.0,0.32,2.69,33.95
1992-01-06,28.14,12.62,20.8,0.0,0.32,4.48,33.33
1992-01-07,25.21,13.59,19.44,0.08,0.32,3.13,23.37
1992-01-08,27.77,13.14,20.53,0.6,0.32,4.88,29.68
1992-01-09,27.87,13.59,20.98,0.3,0.32,7.25,25.83
1992-01-10,26.6,15.62,20.52,0.34,0.32,9.73,28.92
1992-01-11,30.88,14.73,22.93,0.0,0.32,6.91,33.77
1992-01-12,31.4,13.99,22.78,0.0,0.31,4.71,33.8
1992-01-13,34.08,16.76,25.47,0.0,0.31,1.6,34.23
1992-01-14,29.34,16.62,22.5,0.0,0.31,4.05,33.24
1992-01-15,33.54,14.32,24.37,0.0,0.31,2.25,33.98
1992-01-16,29.71,15.84,22.53,0.0,0.31,2.52,33.88
1992-01-17,28.68,10.55,19.82,0.0,0.31,-1.8,34.81
1992-01-18,32.09,12.6,22.76,0.0,0.31,1.84,34.33
1992-01-19,36.84,16.74,27.82,0.0,0.31,0.34,33.73
1992-01-20,42.98,21.93,33.07,0.32,0.31,-1.82,32.43
1992-01-21,44.84,22.58,33.89,0.32,0.31,5.78,31.47
1992-01-22,44.8,25.48,34.75,4.33,0.31,12.82,29.13
1992-01-23,40.68,26.58,32.93,5.27,0.31,15.21,20.43
1992-01-24,25.32,17.85,21.7,14.56,0.34,15.47,12.62
1992-01-25,30.78,15.52,22.84,0.0,0.34,8.9,32.5
1992-01-26,29.63,13.5,22.18,0.08,0.34,3.98,33.3
1992-01-27,32.49,15.54,24.4,0.0,0.33,5.71,33.46
1992-01-28,30.39,16.83,23.11,0.0,0.33,5.89,33.26
1992-01-29,33.05,11.48,22.87,0.0,0.32,3.23,30.59
1992-01-30,29.15,18.91,24.1,0.2,0.32,9.07,23.3
1992-01-31,35.38,19.17,27.3,0.76,0.32,9.75,22.95
1992-02-01,36.04,19.27,27.53,0.01,0.32,10.38,31.2
1992-02-02,36.97,17.93,28.13,0.0,0.32,3.34,28.42
1992-02-03,38.23,23.17,30.86,0.51,0.32,7.15,20.6
1992-02-04,31.47,23.08,27.43,1.02,0.32,14.95,14.24
1992-02-05,34.67,20.47,27.58,4.85,0.32,17.41,29.6
1992-02-06,28.99,22.95,25.61,0.89,0.32,17.62,17.74
1992-02-07,27.3,20.61,23.86,3.61,0.32,16.3,15.37
1992-02-08,26.63,18.07,21.92,2.75,0.33,14.68,20.13
1992-02-09,24.45,16.25,19.41,3.29,0.33,12.69,22.77
1992-02-10,24.06,15.53,18.85,4.15,0.34,12.75,14.0
1992-02-11,30.73,13.09,22.37,1.49,0.34,11.11,29.01
1992-02-12,30.64,17.84,23.96,3.05,0.34,12.6,19.86
1992-02-13,27.24,14.29,20.71,0.02,0.34,8.56,29.89
1992-02-14,29.5,12.66,21.71,0.01,0.33,10.3,27.58
1992-02-15,32.13,16.85,24.74,0.0,0.33,11.9,27.38
1992-02-16,33.55,16.56,25.29,0.0,0.33,10.61,28.7
1992-02-17,35.5,18.16,26.83,0.0,0.33,9.05,29.25
1992-02-18,39.84,19.39,29.82,0.0,0.33,10.99,29.24
1992-02-19,36.06,21.32,28.02,0.0,0.32,7.88,28.4
1992-02-20,34.01,15.68,24.72,0.0,0.32,0.88,29.6
1992-02-21,35.61,14.62,25.71,0.0,0.32,2.16,29.4
1992-02-22,38.85,20.44,29.76,0.0,0.32,7.27,27.71
1992-02-23,26.37,17.09,21.31,0.65,0.32,5.94,11.71
1992-02-24,26.34,14.85,19.76,0.01,0.32,1.67,26.54
1992-02-25,27.78,11.77,19.67,0.0,0.32,3.82,29.16
1992-02-26,29.53,12.46,21.23,0.0,0.32,5.19,27.46
1992-02-27,29.01,15.35,21.95,0.0,0.32,6.71,24.21
1992-02-28,29.48,16.48,22.9,0.0,0.32,8.98,23.79
1992-02-29,31.94,17.91,24.07,0.0,0.32,10.21,22.43
1992-03-01,34.61,17.75,26.49,0.0,0.32,11.97,22.88
1992-03-02,36.44,21.53,28.37,1.12,0.32,12.76,23.69
1992-03-03,32.74,20.18,25.86,0.66,0.32,12.03,26.83
1992-03-04,30.29,19.46,24.27,0.07,0.32,11.76,24.37
1992-03-05,32.88,17.26,25.22,0.0,0.32,11.13,25.0
1992-03-06,35.6,20.64,27.43,0.0,0.31,10.91,26.47
1992-03-07,32.76,15.97,24.16,0.0,0.31,4.13,27.0
1992-03-08,33.75,16.66,25.75,0.0,0.31,10.24,25.24
1992-03-09,33.61,19.89,26.27,0.0,0.31,11.3,25.19
1992-03-10,33.55,17.95,25.36,0.0,0.31,8.58,25.58
1992-03-11,34.0,17.88,25.51,0.0,0.31,8.64,25.0
1992-03-12,34.15,18.03,25.55,0.0,0.31,5.51,25.12
1992-03-13,33.28,18.01,25.2,0.0,0.31,9.45,24.7
1992-03-14,36.43,18.26,27.65,0.0,0.31,7.9,24.7
1992-03-15,36.67,20.14,27.04,0.0,0.31,9.77,23.75
1992-03-16,26.57,12.22,19.38,0.0,0.31,3.15,23.87
1992-03-17,29.76,10.72,20.03,0.0,0.31,5.51,24.33
1992-03-18,28.48,11.28,19.39,0.0,0.31,3.33,24.31
1992-03-19,30.55,12.35,20.89,0.0,0.31,5.12,23.45
1992-03-20,30.4,16.43,22.75,0.0,0.31,4.23,22.16
1992-03-21,30.25,17.12,22.88,0.06,0.31,7.73,18.37
1992-03-22,31.6,14.84,22.92,0.0,0.31,9.64,23.03
1992-03-23,32.15,18.14,24.55,0.0,0.31,11.1,17.6
1992-03-24,32.76,16.77,24.53,0.0,0.31,9.68,22.47
1992-03-25,32.08,17.68,24.47,0.0,0.31,8.24,22.33
1992-03-26,32.27,16.53,24.28,0.0,0.31,8.64,21.93
1992-03-27,34.87,17.52,25.23,0.0,0.3,9.38,20.5
1992-03-28,25.51,14.16,18.86,0.06,0.3,3.67,21.81
1992-03-29,28.03,12.28,19.37,0.0,0.3,5.64,21.51
1992-03-30,32.23,14.66,23.35,0.0,0.3,9.79,20.78
1992-03-31,32.76,18.69,25.28,0.0,0.3,11.21,18.83
1992-04-01,33.43,18.62,25.45,0.0,0.3,8.07,19.85
1992-04-02,32.05,18.17,24.64,0.0,0.3,12.49,20.43
1992-04-03,31.75,18.88,25.38,0.0,0.3,13.46,20.25
1992-04-04,30.34,18.24,24.04,0.0,0.3,11.74,20.27
1992-04-05,32.13,16.78,23.94,0.04,0.3,9.22,20.05
1992-04-06,29.01,17.41,23.56,0.37,0.3,7.63,16.79
1992-04-07,22.22,12.56,18.34,6.85,0.31,9.49,11.4
1992-04-08,23.54,7.34,14.84,0.0,0.31,3.42,20.18
1992-04-09,24.99,9.5,16.55,0.02,0.31,5.33,20.35
1992-04-10,26.9,10.29,17.95,0.0,0.31,2.81,20.18
1992-04-11,27.3,11.51,18.84,0.0,0.31,4.52,15.55
1992-04-12,29.36,13.5,20.84,0.0,0.31,4.68,17.97
1992-04-13,23.85,16.29,19.07,0.14,0.31,7.18,11.12
1992-04-14,30.36,15.6,22.76,0.0,0.31,7.43,18.6
1992-04-15,25.6,17.84,21.21,1.37,0.31,11.36,11.95
1992-04-16,24.52,12.32,18.03,0.0,0.31,5.81,18.45
1992-04-17,24.68,7.59,15.71,0.0,0.31,3.65,18.6
1992-04-18,25.36,11.52,17.88,0.0,0.31,6.12,16.55
1992-04-19,28.13,14.22,20.47,0.0,0.31,5.98,18.81
1992-04-20,25.01,14.85,18.57,2.65,0.31,10.03,5.92
1992-04-21,20.27,8.55,14.01,0.04,0.31,3.69,16.66
1992-04-22,17.14,5.43,10.49,0.07,0.31,-0.42,18.39
1992-04-23,18.8,3.67,10.83,0.0,0.31,-1.24,15.86
1992-04-24,22.15,5.38,13.42,0.0,0.31,1.83,17.31
1992-04-25,22.67,8.21,14.84,0.37,0.31,5.26,13.42
1992-04-26,23.29,8.11,15.39,0.17,0.31,3.23,16.57
1992-04-27,24.44,8.78,16.22,10.06,0.32,7.83,11.57
1992-04-28,20.04,8.33,13.82,0.53,0.33,5.28,17.2
1992-04-29,19.4,6.1,12.29,0.0,0.32,3.71,16.88
1992-04-30,21.25,7.26,13.66,0.0,0.32,7.2,16.55
1992-05-01,20.33,8.59,14.49,0.0,0.32,8.44,10.6
1992-05-02,15.17,11.92,13.41,1.94,0.32,9.3,7.15
1992-05-03,21.17,8.03,14.18,0.01,0.32,8.11,12.69
1992-05-04,23.63,8.18,15.05,0.06,0.32,7.15,15.98
1992-05-05,25.28,9.06,16.27,0.0,0.32,5.78,15.84
1992-05-06,25.19,10.74,17.47,0.04,0.32,7.39,11.22
1992-05-07,26.57,14.06,19.65,0.01,0.32,8.13,13.78
1992-05-08,23.68,15.28,18.28,0.08,0.32,9.02,13.53
1992-05-09,24.13,12.9,17.4,0.77,0.32,10.34,11.22
1992-05-10,24.03,9.68,16.44,0.89,0.32,8.98,14.69
1992-05-11,26.65,12.13,18.56,3.71,0.32,7.88,10.27
1992-05-12,20.52,12.99,16.28,5.78,0.33,9.53,11.66
1992-05-13,17.33,8.48,12.27,0.39,0.33,6.16,12.35
1992-05-14,19.56,7.0,12.66,0.02,0.33,3.83,12.98
1992-05-15,17.57,8.46,11.98,2.63,0.33,6.16,9.82
1992-05-16,16.79,8.05,12.16,3.15,0.34,7.81,12.8
1992-05-17,19.45,10.67,13.87,0.91,0.34,5.38,14.24
1992-05-18,20.03,8.27,12.77,0.01,0.34,2.29,13.91
1992-05-19,14.99,4.91,9.75,0.0,0.33,4.08,10.05
1992-05-20,17.17,3.62,9.29,0.0,0.33,3.93,12.65
1992-05-21,14.6,4.76,9.01,0.5,0.33,3.69,6.09
1992-05-22,15.0,2.94,7.83,0.02,0.33,2.96,13.48
1992-05-23,15.8,2.35,8.08,0.0,0.33,4.16,12.51
1992-05-24,15.93,2.7,8.49,0.02,0.33,4.38,12.37
1992-05-25,18.25,3.68,10.56,1.24,0.33,2.69,10.64
1992-05-26,16.34,6.97,11.34,3.96,0.34,6.96,10.82
1992-05-27,16.21,3.0,9.04,0.0,0.34,4.79,11.75
1992-05-28,17.53,6.34,10.31,0.02,0.34,6.83,8.17
1992-05-29,19.65,4.73,10.31,0.0,0.34,4.14,12.8
1992-05-30,19.55,5.11,11.02,0.0,0.34,5.59,12.71
1992-05-31,20.93,5.71,12.75,0.0,0.33,5.81,11.71
1992-06-01,20.34,9.11,14.29,0.06,0.33,6.36,7.77
1992-06-02,17.58,8.42,13.79,7.71,0.34,9.85,5.66
1992-06-03,17.64,5.51,10.24,0.07,0.35,4.2,10.78
1992-06-04,17.35,6.0,10.43,0.06,0.35,2.09,11.22
1992-06-05,18.33,3.52,10.23,0.0,0.34,2.44,10.79
1992-06-06,15.88,3.89,9.48,0.01,0.34,3.26,10.78
1992-06-07,14.18,2.95,7.39,0.13,0.34,4.02,8.25
1992-06-08,10.62,3.08,6.56,0.26,0.34,4.77,7.9
1992-06-09,11.88,1.68,6.23,0.06,0.34,2.87,7.53
1992-06-10,12.89,3.98,8.19,0.98,0.34,2.05,7.86
1992-06-11,11.4,2.41,7.2,0.26,0.34,4.56,7.82
1992-06-12,15.86,5.44,9.61,0.0,0.34,6.92,10.02
1992-06-13,14.49,7.17,9.63,0.0,0.34,7.52,8.91
1992-06-14,16.61,5.15,9.54,0.0,0.34,5.93,10.24
1992-06-15,18.45,3.75,9.63,0.0,0.34,5.57,11.83
1992-06-16,19.0,3.0,10.13,0.05,0.34,4.87,11.91
1992-06-17,14.26,6.12,9.33,2.09,0.34,6.26,5.04
1992-06-18,14.83,7.4,10.33,0.65,0.34,7.29,6.53
1992-06-19,15.21,3.96,9.09,1.36,0.34,6.37,7.32
1992-06-20,14.35,5.18,9.24,0.28,0.35,6.89,7.9
1992-06-21,15.2,4.25,8.28,0.05,0.34,4.57,7.57
1992-06-22,17.78,2.09,9.07,0.02,0.34,3.66,9.64
1992-06-23,14.3,3.33,7.91,0.08,0.34,4.91,8.05
1992-06-24,9.9,4.59,6.72,1.29,0.34,4.34,6.78
1992-06-25,9.44,4.3,6.54,0.1,0.34,5.04,10.26
1992-06-26,14.43,5.56,8.74,0.01,0.34,6.15,10.43
1992-06-27,17.28,5.72,10.29,0.01,0.34,6.86,7.83
1992-06-28,18.46,6.74,10.76,0.03,0.34,6.69,11.09
1992-06-29,19.2,4.21,10.43,0.06,0.34,4.7,12.23
1992-06-30,18.39,6.26,10.87,2.23,0.34,6.35,8.53
1992-07-01,20.88,6.73,11.48,0.14,0.35,4.3,12.26
1992-07-02,18.73,4.27,10.38,0.21,0.35,1.15,12.01
1992-07-03,21.41,5.78,12.88,0.0,0.34,3.12,11.97
1992-07-04,17.47,5.57,10.84,0.2,0.34,2.67,8.11
1992-07-05,15.53,3.3,8.61,0.0,0.34,3.45,11.33
1992-07-06,16.13,6.94,10.69,2.79,0.34,3.57,9.87
1992-07-07,14.6,6.63,9.57,3.21,0.35,6.5,6.97
1992-07-08,12.97,4.81,8.35,0.16,0.35,5.39,7.42
1992-07-09,12.93,3.1,7.08,0.47,0.35,4.06,7.72
1992-07-10,12.73,0.41,5.23,0.02,0.35,1.62,12.09
1992-07-11,10.94,-0.02,4.84,0.0,0.35,0.74,7.24
1992-07-12,16.1,1.04,7.86,0.0,0.35,1.62,12.0
1992-07-13,16.59,3.89,9.23,0.0,0.35,5.78,11.66
1992-07-14,16.22,2.72,8.73,0.0,0.35,4.39,12.81
1992-07-15,18.21,2.75,9.18,0.0,0.35,3.62,11.73
1992-07-16,19.46,3.11,9.83,0.0,0.35,1.91,12.9
1992-07-17,14.74,5.21,10.01,0.77,0.35,6.65,7.04
1992-07-18,14.75,5.31,10.76,12.73,0.36,9.21,7.54
1992-07-19,13.38,3.07,7.39,5.65,0.37,4.35,7.77
1992-07-20,10.93,3.1,6.25,3.15,0.38,3.36,8.51
1992-07-21,12.63,1.51,5.8,0.06,0.38,1.61,12.24
1992-07-22,12.91,2.47,6.85,0.0,0.38,0.88,8.45
1992-07-23,16.37,3.98,8.88,0.02,0.37,2.9,13.44
1992-07-24,15.66,4.34,8.78,0.04,0.37,5.49,8.81
1992-07-25,16.79,3.74,9.3,0.02,0.37,5.0,12.17
1992-07-26,14.45,2.2,7.15,0.0,0.37,0.61,13.38
1992-07-27,18.35,0.86,8.78,0.0,0.37,1.1,13.96
1992-07-28,19.46,5.36,11.2,0.0,0.37,4.05,12.08
1992-07-29,19.47,6.19,11.95,0.0,0.37,7.08,13.85
1992-07-30,19.01,6.87,11.7,0.0,0.37,4.27,13.27
1992-07-31,13.63,3.28,7.87,0.0,0.36,3.39,12.51
1992-08-01,15.53,0.29,6.72,0.0,0.36,1.73,14.62
1992-08-02,15.41,3.0,8.26,0.0,0.36,0.93,14.44
1992-08-03,15.52,0.79,7.56,0.0,0.36,1.28,8.9
1992-08-04,17.09,2.4,8.96,0.47,0.36,2.95,9.84
1992-08-05,22.35,6.68,12.62,16.83,0.37,7.08,6.81
1992-08-06,15.42,6.88,11.21,6.92,0.41,8.34,6.48
1992-08-07,15.78,3.15,9.04,0.11,0.4,2.58,14.33
1992-08-08,10.53,5.99,7.84,3.5,0.4,4.59,5.25
1992-08-09,14.17,3.3,7.61,0.1,0.4,1.91,16.01
1992-08-10,14.98,2.46,9.53,0.18,0.4,-0.73,8.72
1992-08-11,17.86,6.28,11.05,0.74,0.39,4.4,15.86
1992-08-12,17.2,2.88,9.17,1.78,0.39,2.46,9.51
1992-08-13,15.55,6.64,10.22,0.81,0.39,3.81,13.63
1992-08-14,17.0,6.89,10.65,0.17,0.39,6.31,12.68
1992-08-15,18.85,5.56,11.57,0.0,0.39,5.94,13.65
1992-08-16,20.67,3.98,12.28,0.0,0.39,1.92,16.98
1992-08-17,18.34,7.05,12.65,0.09,0.39,2.8,10.74
1992-08-18,12.47,1.88,6.54,0.0,0.39,-0.84,16.32
1992-08-19,16.15,1.42,8.49,0.21,0.38,0.43,16.98
1992-08-20,13.94,4.14,7.59,0.3,0.38,1.86,17.74
1992-08-21,15.97,3.52,8.56,0.0,0.38,1.45,17.83
1992-08-22,17.6,1.72,9.59,0.0,0.38,0.27,17.99
1992-08-23,12.83,3.24,7.52,0.46,0.38,0.61,13.15
1992-08-24,14.37,1.95,6.28,0.0,0.38,-0.13,17.58
1992-08-25,15.53,-0.55,6.93,0.0,0.38,-0.94,18.01
1992-08-26,17.78,4.24,9.89,0.0,0.38,-0.91,11.74
1992-08-27,20.25,4.06,11.63,0.38,0.38,1.25,16.04
1992-08-28,16.44,5.75,10.28,1.22,0.38,4.61,18.43
1992-08-29,13.18,3.13,7.49,20.72,0.39,4.76,4.67
1992-08-30,12.32,5.01,9.46,7.58,0.42,6.22,9.33
1992-08-31,15.84,6.46,10.5,1.16,0.42,5.48,16.1
1992-09-01,18.05,5.75,11.96,0.19,0.42,3.79,15.7
1992-09-02,19.01,4.27,11.38,0.21,0.41,2.58,17.28
1992-09-03,18.84,5.79,11.32,0.04,0.41,1.75,16.92
1992-09-04,16.71,4.2,10.38,0.14,0.4,1.94,16.51
1992-09-05,17.93,6.78,11.91,1.26,0.4,3.17,16.63
1992-09-06,18.97,5.2,12.56,0.01,0.4,3.77,19.34
1992-09-07,20.22,7.2,12.6,0.16,0.4,4.73,13.89
1992-09-08,16.75,4.35,9.51,0.06,0.4,2.6,21.15
1992-09-09,17.76,2.57,10.01,0.1,0.4,1.65,20.1
1992-09-10,19.77,7.46,13.27,0.02,0.4,1.39,20.39
1992-09-11,22.24,9.3,13.98,0.68,0.39,3.8,17.05
1992-09-12,12.09,2.91,7.97,0.12,0.39,1.09,18.36
1992-09-13,15.74,-0.07,7.61,0.0,0.39,-1.36,21.64
1992-09-14,21.16,2.05,10.97,6.86,0.39,-0.23,16.92
1992-09-15,14.2,7.56,10.48,1.22,0.4,4.28,17.61
1992-09-16,15.83,3.54,9.75,0.29,0.4,3.43,15.05
1992-09-17,17.96,5.11,11.31,0.03,0.4,5.53,21.8
1992-09-18,19.01,6.95,13.08,0.7,0.4,6.92,14.32
1992-09-19,14.39,4.93,9.32,0.22,0.4,2.26,16.58
1992-09-20,17.57,2.33,9.33,0.0,0.39,2.84,23.06
1992-09-21,21.77,3.76,12.92,0.0,0.39,3.58,19.7
1992-09-22,23.19,10.42,15.31,0.35,0.39,7.23,11.6
1992-09-23,25.02,9.1,16.53,0.0,0.39,7.88,21.65
1992-09-24,15.12,12.05,13.62,15.97,0.4,10.3,6.69
1992-09-25,14.94,8.36,11.47,2.31,0.42,8.09,11.72
1992-09-26,18.8,6.32,11.6,0.28,0.41,5.45,16.05
1992-09-27,19.93,7.45,13.15,0.0,0.41,4.09,23.69
1992-09-28,23.9,6.39,15.23,1.27,0.4,4.82,20.32
1992-09-29,13.46,5.22,9.38,4.81,0.41,2.44,20.07
1992-09-30,17.89,2.43,9.86,0.04,0.41,3.54,25.4
1992-10-01,20.32,4.87,11.93,0.06,0.4,4.66,23.68
1992-10-02,21.63,4.25,13.23,0.59,0.4,3.78,21.8
1992-10-03,26.15,8.56,17.21,0.49,0.4,6.36,21.13
1992-10-04,18.8,12.21,15.33,15.01,0.41,10.25,17.13
1992-10-05,20.18,8.85,13.5,0.51,0.42,7.51,12.95
1992-10-06,22.6,8.34,14.59,0.0,0.41,5.24,23.33
1992-10-07,24.59,7.14,16.19,0.0,0.41,6.45,24.53
1992-10-08,23.66,11.06,17.56,0.9,0.41,7.8,5.11
1992-10-09,17.82,8.99,13.71,3.09,0.41,7.08,17.07
1992-10-10,20.72,6.96,13.56,0.0,0.41,5.34,18.81
1992-10-11,20.83,7.73,13.78,0.14,0.4,6.69,21.15
1992-10-12,23.94,5.81,14.9,0.0,0.4,5.53,26.87
1992-10-13,28.0,9.76,18.51,0.0,0.4,7.54,27.06
1992-10-14,29.4,13.22,21.52,0.12,0.39,8.05,21.85
1992-10-15,29.69,14.93,22.89,4.14,0.39,11.35,24.87
1992-10-16,28.64,15.38,21.15,0.94,0.39,13.72,26.6
1992-10-17,26.95,16.04,19.57,35.77,0.43,16.4,19.21
1992-10-18,16.92,9.29,13.24,4.26,0.46,7.7,14.94
1992-10-19,20.03,8.09,13.96,0.24,0.45,8.48,14.8
1992-10-20,16.97,5.8,11.43,0.07,0.44,2.32,28.26
1992-10-21,19.81,3.22,11.28,0.1,0.43,2.81,28.33
1992-10-22,22.77,4.5,13.6,0.0,0.43,4.13,29.84
1992-10-23,25.4,6.24,15.96,0.0,0.42,4.97,29.14
1992-10-24,27.07,9.03,18.43,0.0,0.41,5.17,29.12
1992-10-25,28.34,13.02,20.71,0.0,0.41,5.78,23.66
1992-10-26,27.45,11.46,18.82,0.0,0.41,8.77,28.91
1992-10-27,30.16,12.53,21.15,0.0,0.4,6.43,28.83
1992-10-28,32.88,16.61,23.99,0.09,0.4,9.71,27.44
1992-10-29,29.94,15.41,22.8,5.67,0.4,14.29,20.61
1992-10-30,23.39,17.8,19.82,25.53,0.43,16.16,13.79
1992-10-31,27.72,13.48,20.45,12.41,0.45,14.26,25.55
1992-11-01,21.46,10.13,16.13,0.93,0.46,9.87,17.94
1992-11-02,23.12,7.43,15.01,0.0,0.45,5.07,30.42
1992-11-03,22.81,7.46,15.72,0.0,0.44,4.59,30.0
1992-11-04,17.88,7.94,12.9,0.0,0.43,4.02,28.22
1992-11-05,21.84,5.19,13.82,0.01,0.43,5.34,30.17
1992-11-06,24.61,7.66,16.41,0.0,0.42,7.14,30.89
1992-11-07,25.58,8.32,18.11,0.0,0.42,6.21,30.57
1992-11-08,30.19,12.04,20.84,0.21,0.41,7.01,26.0
1992-11-09,19.11,10.3,15.49,3.24,0.41,6.4,14.62
1992-11-10,17.09,5.97,11.61,3.88,0.42,4.93,19.15
1992-11-11,17.7,9.48,13.08,5.81,0.43,7.09,20.91
1992-11-12,22.34,5.86,14.34,0.0,0.42,4.99,31.59
1992-11-13,24.76,8.1,16.83,0.0,0.42,6.99,30.02
1992-11-14,26.54,9.8,18.39,0.0,0.41,6.21,31.63
1992-11-15,27.75,11.45,20.0,0.0,0.41,7.44,28.07
1992-11-16,29.85,15.56,21.15,3.44,0.41,11.27,12.99
1992-11-17,24.73,17.17,20.28,6.56,0.41,14.91,13.42
1992-11-18,31.27,15.53,23.56,1.68,0.42,14.82,31.74
1992-11-19,29.62,18.07,23.69,0.71,0.41,15.31,14.28
1992-11-20,33.45,17.65,26.06,0.28,0.41,13.2,27.83
1992-11-21,27.23,13.2,21.31,6.9,0.41,10.78,15.95
1992-11-22,26.46,10.86,18.9,0.0,0.41,6.6,31.63
1992-11-23,29.06,14.71,21.93,1.86,0.41,9.33,29.88
1992-11-24,27.69,13.87,20.55,0.87,0.4,8.51,32.95
1992-11-25,21.17,10.55,16.06,0.09,0.4,6.6,24.59
1992-11-26,21.49,6.43,14.51,0.0,0.4,2.2,33.21
1992-11-27,24.79,10.43,18.24,0.66,0.4,5.1,28.69
1992-11-28,24.64,9.53,17.24,0.02,0.39,6.95,32.76
1992-11-29,23.59,10.38,17.16,0.0,0.39,5.6,30.57
1992-11-30,24.89,8.24,17.09,0.0,0.39,5.37,33.04
1992-12-01,27.17,10.9,19.3,0.0,0.39,4.65,32.78
1992-12-02,31.61,12.81,22.91,0.17,0.38,6.2,24.99
1992-12-03,33.87,17.82,23.7,2.18,0.38,9.66,25.88
1992-12-04,24.18,16.76,20.56,29.08,0.41,15.15,11.9
1992-12-05,26.66,15.18,21.38,2.44,0.43,12.29,27.43
1992-12-06,22.01,16.77,19.47,4.49,0.43,12.99,19.37
1992-12-07,23.71,14.73,19.44,17.52,0.44,14.88,19.41
1992-12-08,24.81,14.26,18.93,0.55,0.45,12.33,24.58
1992-12-09,28.7,13.58,21.27,0.0,0.44,10.7,33.44
1992-12-10,30.1,13.05,22.04,0.0,0.43,9.1,34.11
1992-12-11,31.32,15.59,23.74,0.0,0.42,8.29,26.52
1992-12-12,34.09,16.76,25.9,0.0,0.41,9.76,25.12
1992-12-13,31.98,18.63,24.57,7.23,0.41,13.45,24.87
1992-12-14,27.73,14.63,20.74,0.13,0.41,10.24,32.08
1992-12-15,25.83,14.01,20.04,2.11,0.41,10.05,22.11
1992-12-16,20.02,16.92,18.09,23.91,0.43,14.7,12.42
1992-12-17,22.57,16.21,19.32,13.56,0.47,16.15,15.29
1992-12-18,22.64,17.55,19.7,9.49,0.47,16.66,8.96
1992-12-19,22.17,16.76,19.3,9.39,0.48,16.41,15.28
1992-12-20,26.56,15.47,21.47,6.59,0.48,16.95,16.35
1992-12-21,29.36,17.94,23.69,1.34,0.48,17.09,31.05
1992-12-22,32.73,18.61,25.19,3.58,0.47,17.33,27.6
1992-12-23,28.8,20.71,24.5,0.88,0.46,18.81,33.39
1992-12-24,33.26,20.42,27.1,1.43,0.46,19.11,25.82
1992-12-25,27.46,19.15,23.2,4.74,0.46,18.16,15.07
1992-12-26,27.63,15.03,21.22,0.0,0.46,11.4,32.83
1992-12-27,28.13,12.93,20.66,0.0,0.45,8.98,33.94
1992-12-28,25.45,13.58,19.21,0.23,0.44,10.27,27.7
1992-12-29,27.79,12.89,20.51,0.0,0.44,10.08,33.68
1992-12-30,32.7,13.7,23.75,0.0,0.43,11.92,34.35
1992-12-31,34.74,17.74,26.96,0.37,0.43,15.12,32.66
1993-01-01,32.88,22.99,27.77,4.21,0.43,17.26,23.38
1993-01-02,37.13,22.04,29.27,9.84,0.43,17.33,32.7
1993-01-03,34.78,19.05,26.14,6.42,0.44,16.1,29.34
1993-01-04,26.76,14.18,19.93,0.0,0.44,6.97,31.23
1993-01-05,28.05,10.95,19.99,0.0,0.43,8.54,34.27
1993-01-06,26.5,12.36,19.57,0.62,0.42,9.3,31.34
1993-01-07,26.62,12.16,19.49,0.01,0.42,8.49,33.63
1993-01-08,28.73,13.19,21.17,0.01,0.42,10.86,33.45
1993-01-09,31.5,16.09,24.11,0.04,0.41,12.0,33.73
1993-01-10,31.88,17.08,24.33,0.33,0.41,11.7,33.8
1993-01-11,35.15,15.82,26.2,0.0,0.4,8.81,33.36
1993-01-12,32.51,16.56,24.24,0.0,0.4,7.6,33.35
1993-01-13,35.13,14.64,25.13,0.0,0.39,8.78,33.41
1993-01-14,36.68,18.6,28.54,0.37,0.39,9.64,30.42
1993-01-15,36.9,21.53,28.75,0.23,0.39,17.79,22.2
1993-01-16,34.78,23.72,27.86,3.63,0.39,18.91,15.45
1993-01-17,36.08,22.86,29.02,3.22,0.39,19.46,29.6
1993-01-18,36.29,22.94,29.34,0.68,0.39,18.71,27.64
1993-01-19,34.9,19.54,27.19,0.0,0.39,10.87,31.94
1993-01-20,38.22,19.38,28.65,0.0,0.38,10.25,32.22
1993-01-21,35.87,19.91,26.98,0.04,0.38,11.93,25.5
1993-01-22,35.44,20.02,26.62,2.71,0.38,17.3,23.23
1993-01-23,33.48,22.14,27.74,0.27,0.38,18.99,26.62
1993-01-24,35.26,22.31,27.96,8.39,0.38,20.04,12.96
1993-01-25,35.93,21.94,28.73,3.15,0.39,19.36,11.2
1993-01-26,26.66,20.44,23.57,3.32,0.39,18.67,15.88
1993-01-27,33.76,20.31,26.12,0.68,0.39,17.14,25.33
1993-01-28,34.83,17.75,26.48,0.0,0.39,13.43,31.57
1993-01-29,36.99,19.94,28.55,0.0,0.38,11.99,31.79
1993-01-30,39.3,20.49,30.17,0.0,0.37,13.69,31.94
1993-01-31,38.86,23.24,31.31,0.0,0.37,17.05,30.81
1993-02-01,39.56,23.73,32.44,0.0,0.37,13.88,32.16
1993-02-02,40.88,23.71,32.74,0.01,0.36,15.38,30.54
1993-02-03,42.21,25.41,34.28,0.0,0.36,14.84,28.27
1993-02-04,43.29,26.13,34.87,0.0,0.36,13.82,30.78
1993-02-05,34.06,20.85,27.04,0.08,0.35,7.16,28.17
1993-02-06,36.53,19.4,27.9,0.0,0.35,12.97,30.51
1993-02-07,38.66,21.41,30.34,0.0,0.35,14.69,29.54
1993-02-08,38.43,23.72,30.35,1.41,0.35,14.86,22.46
1993-02-09,27.07,18.56,22.87,2.97,0.35,12.35,11.23
1993-02-10,31.46,13.59,23.02,0.0,0.35,8.3,29.93
1993-02-11,37.08,18.96,28.26,0.0,0.35,9.37,27.86
1993-02-12,28.39,15.92,21.6,0.05,0.35,7.06,30.24
1993-02-13,34.94,12.85,24.84,0.0,0.35,8.33,30.25
1993-02-14,36.72,20.1,28.56,0.41,0.34,13.63,29.15
1993-02-15,32.88,19.46,26.34,1.04,0.34,12.53,19.24
1993-02-16,30.44,19.78,24.42,8.05,0.35,16.18,16.65
1993-02-17,34.41,20.37,27.17,0.01,0.36,15.66,27.51
1993-02-18,35.22,22.33,28.2,0.0,0.35,13.62,27.87
1993-02-19,34.73,19.7,27.35,0.0,0.35,11.67,28.19
1993-02-20,29.9,16.42,21.23,8.93,0.35,12.62,9.76
1993-02-21,17.35,10.42,14.82,1.93,0.36,5.4,19.38
1993-02-22,21.5,7.4,14.47,0.0,0.36,3.47,27.5
1993-02-23,25.44,9.48,17.71,0.33,0.36,7.32,28.04
1993-02-24,29.94,12.29,21.74,0.0,0.35,9.59,28.11
1993-02-25,33.89,15.83,24.87,0.0,0.35,7.08,27.73
1993-02-26,31.3,15.52,23.26,0.0,0.35,8.64,27.63
1993-02-27,27.8,13.49,20.76,0.0,0.35,7.85,26.96
1993-02-28,26.9,14.07,19.36,0.0,0.35,7.73,17.58
1993-03-01,24.72,11.56,17.86,0.0,0.34,6.79,23.69
1993-03-02,25.56,12.25,18.45,0.0,0.34,7.15,22.01
1993-03-03,25.93,10.83,17.96,0.0,0.34,4.42,26.78
1993-03-04,29.02,10.39,19.86,0.0,0.34,5.11,26.76
1993-03-05,32.24,13.37,23.3,0.1,0.34,7.24,26.77
1993-03-06,32.7,21.33,25.1,8.74,0.35,16.59,22.08
1993-03-07,30.45,19.05,24.37,6.58,0.36,15.97,23.73
1993-03-08,30.83,16.73,22.32,14.36,0.37,12.68,20.01
1993-03-09,26.53,14.42,19.65,0.18,0.38,11.45,21.79
1993-03-10,28.01,13.34,20.36,0.11,0.37,9.97,25.26
1993-03-11,26.19,12.78,18.97,0.0,0.37,8.47,25.04
1993-03-12,29.78,14.17,21.39,0.0,0.36,9.28,25.1
1993-03-13,30.61,15.57,22.64,0.0,0.36,9.66,25.07
1993-03-14,31.32,16.73,23.52,0.0,0.36,9.95,25.08
1993-03-15,30.52,16.8,22.7,0.0,0.36,9.5,23.46
1993-03-16,32.0,15.07,23.42,0.0,0.35,10.78,23.73
1993-03-17,31.39,16.72,23.93,0.0,0.35,11.05,23.46
1993-03-18,30.6,16.58,23.23,0.0,0.35,12.38,21.83
1993-03-19,31.91,17.7,24.15,0.0,0.35,12.17,21.69
1993-03-20,34.44,17.35,25.36,0.02,0.35,9.57,23.11
1993-03-21,31.92,18.09,24.38,0.0,0.35,10.57,22.33
1993-03-22,32.63,16.23,24.17,0.0,0.34,8.66,21.82
1993-03-23,34.2,20.64,26.23,0.44,0.34,9.35,15.71
1993-03-24,33.13,17.58,25.07,1.57,0.34,12.46,17.58
1993-03-25,24.21,18.2,20.7,15.47,0.36,16.34,11.01
1993-03-26,28.93,17.5,22.2,2.31,0.37,13.63,20.58
1993-03-27,29.91,15.36,21.76,5.28,0.37,13.07,10.23
1993-03-28,24.95,13.66,18.77,0.15,0.37,10.42,19.23
1993-03-29,21.95,9.89,15.73,0.12,0.37,7.45,18.93
1993-03-30,23.0,8.77,15.2,0.0,0.37,5.98,21.54
1993-03-31,25.56,9.57,17.92,0.0,0.36,6.21,20.52
1993-04-01,28.18,16.11,21.43,0.02,0.36,7.01,21.56
1993-04-02,26.69,11.47,18.28,0.0,0.36,6.96,21.76
1993-04-03,26.4,9.76,17.54,0.0,0.36,5.55,21.75
1993-04-04,31.04,12.69,21.91,0.0,0.36,4.74,20.87
1993-04-05,30.45,15.35,22.61,0.0,0.35,8.23,12.21
1993-04-06,23.31,11.7,17.08,0.0,0.35,6.38,20.62
1993-04-07,25.65,12.41,18.16,0.0,0.35,5.57,20.78
1993-04-08,21.62,10.17,15.13,0.0,0.35,4.73,20.46
1993-04-09,26.55,7.27,16.64,0.0,0.35,6.32,20.42
1993-04-10,26.11,12.03,18.65,0.0,0.35,7.82,19.26
1993-04-11,29.26,13.54,21.37,0.0,0.35,8.25,19.44
1993-04-12,30.85,14.83,22.06,0.0,0.35,7.83,19.57
1993-04-13,27.44,17.56,21.58,1.34,0.35,10.63,7.79
1993-04-14,22.04,12.88,16.82,0.86,0.35,6.83,19.93
1993-04-15,25.05,9.72,16.59,0.0,0.35,6.25,19.45
1993-04-16,26.24,9.86,17.54,0.0,0.35,6.69,19.58
1993-04-17,26.96,12.18,18.72,0.0,0.35,9.02,19.43
1993-04-18,27.72,11.81,18.99,0.0,0.34,6.03,18.96
1993-04-19,28.3,11.19,18.88,0.0,0.34,3.74,18.93
1993-04-20,27.17,11.46,18.8,0.0,0.34,2.66,18.44
1993-04-21,28.09,11.04,19.29,0.0,0.34,2.08,18.21
1993-04-22,28.77,10.54,19.14,0.0,0.34,2.53,17.4
1993-04-23,28.66,15.53,20.73,0.0,0.34,4.76,15.74
1993-04-24,28.73,16.81,21.94,0.0,0.34,7.47,14.56
1993-04-25,29.54,13.54,20.7,0.0,0.34,6.46,17.16
1993-04-26,28.8,12.27,20.75,0.0,0.34,5.68,15.99
1993-04-27,28.8,13.43,20.45,0.0,0.34,4.78,14.92
1993-04-28,24.96,11.62,16.99,0.0,0.34,4.86,15.01
1993-04-29,27.69,10.28,18.33,0.0,0.34,4.66,16.01
1993-04-30,26.11,13.72,18.84,0.0,0.34,7.63,15.89
1993-05-01,25.56,12.82,18.11,0.0,0.34,5.27,15.82
1993-05-02,25.96,12.33,18.79,0.0,0.33,2.88,14.97
1993-05-03,26.83,12.57,19.17,0.0,0.33,1.85,14.04
1993-05-04,21.22,9.61,15.38,0.0,0.33,2.46,15.44
1993-05-05,21.78,6.8,13.55,0.0,0.33,1.31,15.58
1993-05-06,23.8,10.05,15.39,0.01,0.33,1.98,9.76
1993-05-07,24.74,12.44,17.56,0.03,0.33,3.87,11.94
1993-05-08,24.29,14.38,19.01,0.56,0.33,8.65,12.3
1993-05-09,21.98,11.33,16.55,2.57,0.34,9.75,12.55
1993-05-10,20.67,12.68,16.14,2.98,0.34,9.88,11.04
1993-05-11,21.16,10.34,14.57,0.0,0.34,7.57,12.67
1993-05-12,20.27,7.39,13.35,0.41,0.34,6.2,7.97
1993-05-13,17.53,10.05,13.73,2.22,0.34,10.44,9.49
1993-05-14,18.49,6.61,11.84,0.01,0.34,5.66,11.65
1993-05-15,15.39,3.76,8.59,0.0,0.34,0.31,13.98
1993-05-16,17.3,2.28,8.83,0.02,0.34,-0.11,14.15
1993-05-17,20.38,3.56,10.81,0.0,0.34,1.72,14.14
1993-05-18,20.79,4.56,11.67,0.0,0.34,4.97,14.17
1993-05-19,22.2,5.75,13.03,0.0,0.34,4.86,13.87
1993-05-20,23.07,7.37,14.39,0.01,0.34,2.37,13.23
1993-05-21,17.15,7.51,12.25,0.09,0.34,4.22,8.13
1993-05-22,16.49,8.9,11.76,4.32,0.34,7.92,4.7
1993-05-23,17.11,7.56,11.36,0.22,0.35,5.61,11.3
1993-05-24,16.04,8.03,11.02,0.0,0.34,3.43,9.7
1993-05-25,19.67,6.18,11.49,0.0,0.34,5.12,13.2
1993-05-26,18.76,6.23,11.57,0.0,0.34,6.37,12.93
1993-05-27,20.48,3.06,10.75,0.0,0.34,4.93,12.79
1993-05-28,22.31,8.07,13.75,0.0,0.34,7.58,11.0
1993-05-29,23.0,9.23,15.26,0.0,0.34,8.32,10.3
1993-05-30,24.5,13.98,17.56,9.01,0.34,9.39,9.11
1993-05-31,17.22,7.38,11.81,12.61,0.38,7.76,12.38
1993-06-01,14.17,5.42,9.02,0.06,0.38,5.7,9.15
1993-06-02,14.71,5.99,9.28,0.01,0.37,4.64,7.19
1993-06-03,14.68,4.74,8.95,0.0,0.37,4.92,8.04
1993-06-04,15.67,5.11,9.55,0.05,0.37,3.92,11.88
1993-06-05,16.1,1.38,7.55,0.0,0.37,1.53,12.55
1993-06-06,15.45,1.72,7.21,0.06,0.36,1.03,12.23
1993-06-07,16.0,3.76,8.68,0.0,0.36,5.46,7.03
1993-06-08,14.73,5.59,8.85,0.02,0.36,5.59,7.36
1993-06-09,14.74,7.29,9.99,0.05,0.36,5.03,6.52
1993-06-10,14.4,6.27,9.04,0.85,0.36,4.74,4.83
1993-06-11,12.43,6.36,9.31,1.83,0.36,6.18,5.51
1993-06-12,11.27,3.88,7.33,0.49,0.37,2.65,10.08
1993-06-13,13.02,2.15,6.19,0.02,0.37,2.39,8.27
1993-06-14,14.84,2.18,7.11,0.16,0.37,4.04,12.05
1993-06-15,15.79,2.49,7.51,0.0,0.36,5.03,11.57
1993-06-16,17.53,2.33,9.14,0.13,0.36,3.65,10.94
1993-06-17,18.57,7.23,11.06,0.21,0.36,4.34,11.13
1993-06-18,19.52,4.19,10.53,0.0,0.36,4.12,11.8
1993-06-19,16.73,6.7,10.52,0.0,0.36,3.05,10.43
1993-06-20,17.07,6.75,11.39,0.0,0.36,6.2,9.61
1993-06-21,17.46,6.43,11.43,0.0,0.36,7.32,9.77
1993-06-22,16.55,5.86,10.57,0.0,0.36,6.68,10.05
1993-06-23,13.17,4.04,8.14,0.02,0.36,3.2,9.2
1993-06-24,13.33,0.55,5.79,0.0,0.36,1.99,10.61
1993-06-25,12.13,1.6,5.14,0.0,0.36,2.4,9.08
1993-06-26,13.64,1.6,6.3,0.0,0.36,3.5,11.51
1993-06-27,14.57,1.88,6.47,0.0,0.36,2.68,12.19
1993-06-28,17.05,1.58,8.0,0.0,0.36,2.9,12.24
1993-06-29,17.83,5.03,10.68,0.0,0.36,5.07,10.86
1993-06-30,19.81,7.48,12.51,0.04,0.36,6.27,8.54
1993-07-01,19.54,10.92,13.65,0.66,0.36,9.57,9.19
1993-07-02,20.9,8.83,14.06,0.0,0.36,7.84,11.74
1993-07-03,20.72,11.12,14.63,0.59,0.36,7.95,4.85
1993-07-04,17.6,5.9,11.24,0.04,0.36,4.9,11.21
1993-07-05,11.32,6.42,8.71,5.73,0.36,4.99,3.47
1993-07-06,10.58,6.52,7.91,15.41,0.38,6.8,3.75
1993-07-07,14.14,6.43,10.4,16.14,0.42,8.86,2.69
1993-07-08,14.94,4.67,8.97,0.01,0.42,4.15,10.87
1993-07-09,15.46,3.18,8.72,0.11,0.41,4.74,8.09
1993-07-10,16.17,5.03,9.67,0.07,0.4,5.94,7.17
1993-07-11,14.45,4.26,8.47,0.02,0.4,5.47,10.16
1993-07-12,15.69,2.68,8.43,0.0,0.4,4.24,12.25
1993-07-13,15.91,5.06,10.06,0.0,0.4,3.85,10.23
1993-07-14,18.57,4.76,10.19,0.0,0.4,3.92,11.5
1993-07-15,16.14,3.09,9.36,0.0,0.39,2.8,11.08
1993-07-16,15.85,3.16,8.56,0.0,0.39,1.81,10.7
1993-07-17,15.55,0.93,7.52,0.04,0.39,0.7,13.28
1993-07-18,17.02,2.8,8.89,0.01,0.39,2.28,12.76
1993-07-19,15.52,5.64,9.46,4.74,0.39,5.44,6.27
1993-07-20,14.96,3.58,8.46,0.0,0.4,4.68,13.26
1993-07-21,14.93,1.65,7.32,0.0,0.4,3.2,12.13
1993-07-22,15.5,4.63,9.2,0.0,0.4,3.01,12.69
1993-07-23,14.41,4.59,9.23,0.29,0.4,2.83,7.57
1993-07-24,16.15,7.81,11.8,24.36,0.41,8.68,5.34
1993-07-25,15.11,6.25,12.16,27.93,0.48,10.0,7.93
1993-07-26,14.91,5.0,9.58,0.4,0.48,6.22,11.45
1993-07-27,16.34,5.91,10.13,0.01,0.47,4.39,10.66
1993-07-28,18.02,3.92,10.07,0.01,0.46,4.07,13.32
1993-07-29,17.54,4.04,9.77,0.0,0.45,3.7,14.24
1993-07-30,20.79,7.28,13.09,3.19,0.45,8.67,10.4
1993-07-31,15.4,6.13,11.05,6.57,0.46,6.41,13.2
1993-08-01,17.14,3.55,9.54,2.3,0.46,4.34,11.81
1993-08-02,14.7,4.44,9.21,0.14,0.46,4.74,9.35
1993-08-03,11.27,3.6,6.91,0.43,0.46,2.59,11.24
1993-08-04,13.61,1.77,6.37,0.07,0.45,1.04,14.96
1993-08-05,14.02,0.37,6.91,0.0,0.45,-1.77,14.89
1993-08-06,15.93,3.54,8.84,0.02,0.45,-1.2,15.35
1993-08-07,17.92,5.22,10.59,0.63,0.45,1.28,13.43
1993-08-08,16.45,6.95,10.31,2.69,0.45,6.24,12.49
1993-08-09,19.37,5.57,11.53,0.0,0.45,4.24,15.67
1993-08-10,13.59,5.72,9.92,0.45,0.45,4.23,10.55
1993-08-11,16.41,2.37,9.25,0.0,0.45,3.82,14.88
1993-08-12,17.96,3.16,10.25,0.03,0.44,2.94,16.2
1993-08-13,20.88,4.24,12.14,0.02,0.44,3.23,16.0
1993-08-14,18.35,9.53,13.11,0.44,0.44,4.42,11.23
1993-08-15,22.73,9.67,14.01,3.12,0.44,6.8,5.35
1993-08-16,15.86,3.74,9.07,0.28,0.44,4.34,12.23
1993-08-17,15.1,0.71,7.9,0.0,0.44,2.18,15.51
1993-08-18,16.39,3.33,8.83,0.01,0.44,5.01,10.88
1993-08-19,16.29,2.54,8.43,0.0,0.44,3.85,15.8
1993-08-20,17.88,4.93,10.16,0.0,0.43,3.09,17.54
1993-08-21,19.53,4.49,10.84,0.0,0.43,3.25,17.51
1993-08-22,20.02,4.17,11.66,0.0,0.43,4.56,17.33
1993-08-23,19.42,5.38,11.91,0.0,0.43,4.31,17.97
1993-08-24,19.31,4.0,11.11,0.0,0.43,4.18,18.09
1993-08-25,20.1,4.78,12.04,0.13,0.42,3.92,17.63
1993-08-26,21.85,5.31,13.52,0.23,0.42,6.74,17.24
1993-08-27,22.56,9.64,15.17,0.81,0.42,8.92,12.92
1993-08-28,21.27,9.76,14.81,0.0,0.42,8.27,18.15
1993-08-29,21.8,7.72,13.86,0.0,0.42,7.31,17.85
1993-08-30,20.23,8.38,14.51,0.21,0.42,9.01,14.93
1993-08-31,25.63,13.66,18.78,2.62,0.42,12.32,17.34
1993-09-01,27.37,10.05,18.52,16.63,0.42,13.68,8.28
1993-09-02,15.65,7.59,10.87,7.37,0.46,6.28,12.17
1993-09-03,16.23,5.39,9.75,0.02,0.45,3.26,17.76
1993-09-04,17.84,1.98,9.49,0.0,0.44,3.65,19.41
1993-09-05,20.22,4.84,12.56,0.03,0.44,5.9,17.79
1993-09-06,20.86,10.19,15.01,0.07,0.43,7.73,12.88
1993-09-07,20.94,8.57,14.61,0.35,0.43,10.16,14.18
1993-09-08,24.84,10.68,17.1,3.51,0.43,11.16,14.34
1993-09-09,17.02,7.78,12.47,17.86,0.46,7.73,13.46
1993-09-10,16.93,4.14,9.54,0.01,0.46,3.16,20.08
1993-09-11,18.06,3.32,10.41,0.01,0.45,4.58,11.63
1993-09-12,16.35,6.4,11.04,1.62,0.45,5.63,14.71
1993-09-13,20.13,6.33,12.64,0.94,0.45,7.21,17.36
1993-09-14,13.83,9.18,10.92,9.93,0.45,9.28,10.37
1993-09-15,15.17,7.17,10.46,4.46,0.47,7.75,11.25
1993-09-16,18.31,5.84,11.44,0.14,0.46,5.68,18.65
1993-09-17,18.18,8.85,12.35,0.3,0.46,6.75,17.95
1993-09-18,22.32,5.57,14.18,0.11,0.45,6.28,23.0
1993-09-19,23.29,10.33,15.67,0.15,0.45,7.59,10.46
1993-09-20,16.79,6.64,11.16,0.12,0.44,2.51,17.32
1993-09-21,16.24,3.74,9.5,0.0,0.44,1.67,21.6
1993-09-22,18.38,3.71,10.51,0.0,0.44,3.08,20.86
1993-09-23,19.95,4.31,11.89,0.0,0.44,5.21,23.17
1993-09-24,22.5,7.17,13.8,0.0,0.43,5.55,24.42
1993-09-25,22.55,8.13,14.05,0.0,0.43,5.25,24.45
1993-09-26,23.42,5.34,13.89,0.0,0.43,6.47,25.06
1993-09-27,25.37,6.88,15.71,0.0,0.42,5.43,24.75
1993-09-28,27.92,9.91,18.86,0.01,0.42,6.52,21.65
1993-09-29,25.69,16.54,20.03,0.0,0.42,8.5,14.04
1993-09-30,28.59,14.41,21.06,0.72,0.41,10.5,18.43
1993-10-01,26.35,15.75,19.9,13.81,0.42,11.04,6.24
1993-10-02,23.59,12.68,18.16,0.42,0.44,12.96,21.16
1993-10-03,21.48,16.14,17.93,37.5,0.45,15.15,5.15
1993-10-04,16.04,7.17,13.41,8.83,0.51,9.67,11.28
1993-10-05,19.75,4.41,12.09,0.0,0.49,6.64,24.57
1993-10-06,23.51,7.66,16.35,0.0,0.48,8.66,23.47
1993-10-07,25.82,11.85,18.34,0.0,0.47,8.58,25.83
1993-10-08,27.86,11.88,19.49,0.0,0.46,8.11,25.4
1993-10-09,25.29,11.85,18.05,0.0,0.45,7.21,23.58
1993-10-10,16.64,5.97,10.67,0.35,0.45,1.34,16.42
1993-10-11,17.31,2.33,9.76,0.0,0.45,1.29,27.15
1993-10-12,20.7,3.13,12.18,0.0,0.44,1.97,26.74
1993-10-13,22.63,6.23,14.71,0.0,0.44,3.97,26.93
1993-10-14,22.58,8.4,15.25,4.05,0.44,7.76,14.94
1993-10-15,20.02,10.74,14.95,9.53,0.46,10.86,11.54
1993-10-16,20.63,9.65,14.87,0.4,0.46,10.89,13.48
1993-10-17,24.73,9.72,17.86,0.12,0.45,10.79,23.03
1993-10-18,20.51,11.05,16.84,7.44,0.46,9.15,14.56
1993-10-19,20.73,6.31,13.56,0.0,0.45,5.97,22.46
1993-10-20,20.53,6.97,13.87,0.0,0.45,6.16,21.96
1993-10-21,19.89,6.17,12.93,0.0,0.44,3.91,28.5
1993-10-22,22.9,5.57,14.81,0.0,0.44,3.73,29.25
1993-10-23,26.19,9.27,18.44,0.0,0.43,4.3,29.12
1993-10-24,25.01,15.97,18.74,10.06,0.44,12.36,6.85
1993-10-25,22.48,9.2,16.06,0.35,0.45,7.35,28.9
1993-10-26,20.25,6.91,13.0,0.0,0.44,3.17,29.24
1993-10-27,24.8,6.25,15.91,0.0,0.43,5.34,28.31
1993-10-28,31.3,10.45,18.45,0.0,0.43,5.37,22.66
1993-10-29,20.87,6.98,13.59,0.0,0.42,2.85,30.51
1993-10-30,22.03,6.07,14.56,0.0,0.42,2.89,28.83
1993-10-31,26.01,7.19,17.39,0.0,0.42,6.39,30.48
1993-11-01,28.38,13.5,20.34,0.82,0.41,9.63,17.77
1993-11-02,21.0,10.8,16.38,3.75,0.42,7.72,20.04
1993-11-03,22.37,6.6,14.93,0.04,0.42,5.21,30.56
1993-11-04,19.95,8.64,14.08,0.06,0.41,3.31,29.93
1993-11-05,22.06,6.26,14.38,0.0,0.41,5.53,30.36
1993-11-06,26.61,10.35,17.81,0.0,0.41,5.73,31.64
1993-11-07,23.81,10.53,16.53,0.01,0.4,4.03,30.7
1993-11-08,28.31,7.65,17.95,0.06,0.4,5.23,19.61
1993-11-09,24.15,10.63,16.76,0.0,0.4,6.64,29.61
1993-11-10,27.68,7.27,17.84,0.01,0.4,6.2,31.66
1993-11-11,29.48,11.89,20.63,0.01,0.39,7.22,30.89
1993-11-12,30.26,14.31,22.73,0.96,0.39,11.28,15.57
1993-11-13,30.67,18.33,23.72,5.32,0.39,16.77,21.52
1993-11-14,28.94,14.0,21.44,0.0,0.4,9.99,32.08
1993-11-15,29.31,11.25,20.66,0.37,0.39,9.04,31.83
1993-11-16,32.91,14.96,24.03,0.68,0.39,11.24,31.73
1993-11-17,33.92,19.29,26.2,2.52,0.39,16.28,26.45
1993-11-18,36.06,20.55,28.19,0.16,0.38,15.95,30.39
1993-11-19,37.82,18.94,26.88,8.31,0.38,14.83,18.63
1993-11-20,25.76,14.6,20.58,1.15,0.39,10.56,21.18
1993-11-21,26.95,9.87,18.97,0.0,0.39,4.3,32.9
1993-11-22,25.75,11.05,18.34,0.01,0.38,5.15,32.03
1993-11-23,26.15,8.94,17.88,0.0,0.38,1.2,31.87
1993-11-24,28.3,10.83,20.2,0.0,0.38,3.91,33.22
1993-11-25,28.43,11.6,20.08,0.0,0.37,4.18,33.2
1993-11-26,34.06,13.99,24.46,0.0,0.37,7.15,33.08
1993-11-27,38.74,17.35,27.73,0.0,0.37,5.99,33.11
1993-11-28,31.19,15.2,22.97,0.02,0.36,3.9,34.1
1993-11-29,32.8,13.19,23.37,0.0,0.36,3.87,34.06
1993-11-30,38.28,16.0,27.75,0.0,0.36,6.05,33.17
1993-12-01,42.62,21.88,32.39,0.0,0.35,7.02,31.47
1993-12-02,30.76,20.24,25.34,0.0,0.35,7.32,20.8
1993-12-03,37.8,17.02,26.39,0.05,0.35,8.54,21.89
1993-12-04,27.49,17.48,21.99,0.03,0.35,7.38,30.42
1993-12-05,28.44,11.65,19.87,0.0,0.35,-2.52,33.03
1993-12-06,29.09,13.11,21.92,1.0,0.35,9.0,22.04
1993-12-07,28.36,17.16,22.58,1.29,0.35,12.23,20.68
1993-12-08,31.91,16.21,24.16,0.01,0.35,8.18,33.49
1993-12-09,32.12,15.83,24.18,0.0,0.35,5.27,33.83
1993-12-10,33.08,17.55,25.58,0.01,0.34,8.86,33.41
1993-12-11,33.37,18.97,26.54,2.71,0.34,12.12,22.31
1993-12-12,31.62,21.25,25.08,1.91,0.35,15.69,20.02
1993-12-13,32.21,21.25,25.35,6.6,0.35,18.54,23.95
1993-12-14,26.26,21.88,23.63,24.21,0.38,18.5,11.77
1993-12-15,26.44,14.26,20.23,0.0,0.4,7.66,33.96
1993-12-16,26.77,13.02,19.5,0.03,0.39,5.65,34.39
1993-12-17,30.58,11.51,21.56,0.0,0.38,3.48,34.16
1993-12-18,33.02,13.45,23.8,0.01,0.37,5.97,34.07
1993-12-19,34.69,16.29,26.18,0.0,0.37,6.45,34.33
1993-12-20,36.22,18.86,28.19,0.43,0.36,5.91,25.08
1993-12-21,25.34,21.11,23.26,11.93,0.37,14.71,9.32
1993-12-22,28.03,17.97,22.4,2.93,0.38,12.49,23.76
1993-12-23,26.23,14.76,20.44,0.76,0.38,11.01,15.24
1993-12-24,27.6,12.57,20.23,0.29,0.37,9.06,32.26
1993-12-25,30.41,15.37,23.64,0.02,0.37,9.46,25.43
1993-12-26,20.66,13.46,17.25,2.42,0.37,6.17,25.32
1993-12-27,19.61,9.06,14.44,0.68,0.37,2.34,26.29
1993-12-28,22.8,11.21,17.06,0.21,0.37,8.04,22.65
1993-12-29,27.95,11.39,19.91,0.0,0.37,7.78,34.26
1993-12-30,31.06,13.02,22.61,0.0,0.36,6.75,34.25
1993-12-31,33.02,18.04,25.12,0.0,0.36,6.63,34.47
1994-01-01,31.25,13.31,22.76,0.0,0.36,5.29,34.39
1994-01-02,39.13,16.63,27.9,0.07,0.35,6.35,24.46
1994-01-03,29.99,16.68,23.11,0.0,0.35,4.42,34.36
1994-01-04,27.81,13.71,20.91,0.0,0.35,5.54,33.58
1994-01-05,31.1,16.04,24.09,0.0,0.35,5.72,34.08
1994-01-06,30.92,15.2,23.62,0.0,0.35,9.08,33.78
1994-01-07,33.7,16.79,25.9,0.0,0.34,9.66,32.94
1994-01-08,27.18,15.83,21.44,0.0,0.34,5.24,32.82
1994-01-09,25.77,11.0,18.31,0.0,0.34,0.49,34.04
1994-01-10,29.41,12.64,21.91,0.0,0.34,2.9,32.31
1994-01-11,37.25,16.35,28.0,0.0,0.34,4.18,32.78
1994-01-12,40.86,21.17,31.87,0.0,0.34,5.08,33.07
1994-01-13,41.2,24.33,32.29,0.03,0.34,10.85,24.78
1994-01-14,30.41,17.46,23.26,0.35,0.33,3.5,20.37
1994-01-15,34.38,14.29,25.03,0.01,0.33,6.86,32.3
1994-01-16,37.6,19.3,27.9,1.25,0.33,12.02,20.53
1994-01-17,31.7,18.43,25.07,0.21,0.33,8.28,32.59
1994-01-18,32.67,14.88,23.93,0.0,0.33,2.51,33.25
1994-01-19,32.41,16.3,24.57,0.0,0.33,5.83,33.06
1994-01-20,33.16,16.61,25.17,0.0,0.33,5.18,32.75
1994-01-21,27.6,16.18,21.43,0.0,0.33,3.89,30.73
1994-01-22,31.02,10.74,21.32,0.0,0.33,1.9,32.94
1994-01-23,35.38,14.92,25.76,0.0,0.33,3.68,32.3
1994-01-24,38.99,18.92,29.38,0.0,0.33,4.44,32.38
1994-01-25,40.91,21.1,31.53,0.0,0.32,4.95,32.59
1994-01-26,40.91,23.8,32.45,0.0,0.32,8.09,32.37
1994-01-27,37.2,22.09,30.05,0.0,0.32,8.44,31.54
1994-01-28,36.26,21.53,28.62,0.0,0.32,8.52,31.7
1994-01-29,37.06,20.99,29.26,0.11,0.32,10.41,31.06
1994-01-30,38.71,22.16,30.95,1.77,0.32,8.88,28.98
1994-01-31,37.31,23.23,30.14,2.88,0.32,11.97,24.22
1994-02-01,37.5,24.59,30.99,3.45,0.33,13.61,27.66
1994-02-02,37.38,23.72,30.33,3.84,0.33,14.95,22.59
1994-02-03,36.96,23.27,29.95,0.35,0.33,14.58,29.86
1994-02-04,36.05,25.05,30.02,3.61,0.33,13.7,19.8
1994-02-05,37.4,22.9,30.1,0.89,0.33,14.63,28.33
1994-02-06,39.37,22.83,31.12,0.05,0.33,8.18,30.0
1994-02-07,40.47,23.69,31.77,0.08,0.32,13.23,24.18
1994-02-08,41.06,24.1,32.17,0.64,0.32,11.63,27.6
1994-02-09,41.17,24.91,32.58,5.79,0.32,13.14,25.19
1994-02-10,37.53,22.73,29.27,2.81,0.33,17.55,16.09
1994-02-11,27.5,15.94,21.84,2.12,0.33,10.36,19.47
1994-02-12,26.71,13.51,20.66,0.91,0.33,9.4,24.65
1994-02-13,28.12,18.53,23.44,15.74,0.34,17.4,14.69
1994-02-14,25.35,20.22,22.49,18.58,0.38,18.87,14.75
1994-02-15,33.04,19.11,26.4,0.11,0.38,15.63,28.97
1994-02-16,28.3,16.3,21.8,0.27,0.37,9.63,28.36
1994-02-17,27.96,12.98,20.61,0.0,0.36,8.72,24.46
1994-02-18,26.68,13.58,19.77,0.01,0.36,5.38,29.32
1994-02-19,30.32,10.42,21.11,0.0,0.36,6.45,28.97
1994-02-20,30.88,18.05,23.96,0.0,0.35,11.19,26.66
1994-02-21,31.16,15.7,23.31,0.0,0.35,9.61,27.31
1994-02-22,34.43,18.32,26.02,0.0,0.35,9.01,27.67
1994-02-23,36.87,18.72,28.15,0.0,0.34,8.51,27.35
1994-02-24,33.57,21.04,26.55,0.28,0.34,11.36,17.62
1994-02-25,32.9,20.84,27.41,0.1,0.34,13.33,20.82
1994-02-26,35.2,23.05,28.66,1.74,0.34,13.5,19.9
1994-02-27,30.49,15.42,24.17,31.43,0.36,15.61,13.82
1994-02-28,26.37,10.5,18.17,0.14,0.4,5.35,24.86
1994-03-01,27.93,11.85,19.69,0.0,0.39,6.35,28.08
1994-03-02,29.77,13.45,21.45,0.0,0.38,8.68,27.82
1994-03-03,30.74,14.23,22.46,0.0,0.37,7.57,27.96
1994-03-04,29.93,13.61,21.58,0.0,0.37,7.89,26.94
1994-03-05,27.96,13.21,20.33,0.0,0.36,6.64,26.68
1994-03-06,28.12,12.28,20.13,0.06,0.36,5.58,26.51
1994-03-07,30.17,12.18,21.21,0.01,0.36,5.43,26.55
1994-03-08,27.59,16.67,20.8,16.99,0.37,14.83,16.62
1994-03-09,22.26,16.36,18.85,8.7,0.4,14.14,20.99
1994-03-10,29.59,14.35,21.46,0.0,0.4,10.67,24.59
1994-03-11,24.88,13.08,18.62,0.14,0.39,10.56,21.0
1994-03-12,23.36,9.53,15.91,0.0,0.39,4.27,25.3
1994-03-13,23.26,8.03,15.3,0.0,0.38,4.82,25.47
1994-03-14,23.7,7.41,15.14,0.0,0.38,5.17,24.85
1994-03-15,25.44,8.86,16.95,0.0,0.38,5.85,24.73
1994-03-16,28.2,13.53,19.66,0.0,0.37,7.38,24.45
1994-03-17,22.69,8.37,15.21,0.0,0.37,3.62,24.83
1994-03-18,26.6,9.12,17.6,0.0,0.37,6.98,24.46
1994-03-19,27.19,11.57,18.86,0.0,0.37,7.51,24.57
1994-03-20,28.31,12.39,20.13,0.0,0.37,8.6,22.94
1994-03-21,28.69,14.15,20.93,0.0,0.36,9.37,23.58
1994-03-22,29.16,13.7,21.2,0.02,0.36,9.19,23.19
1994-03-23,29.77,14.03,21.87,0.0,0.36,9.48,22.37
1994-03-24,28.52,15.1,21.43,0.0,0.36,9.22,22.52
1994-03-25,28.36,15.99,21.75,0.0,0.36,11.15,20.8
1994-03-26,27.74,16.65,21.67,0.0,0.36,9.89,20.58
1994-03-27,27.93,14.75,20.72,0.0,0.36,8.42,18.44
1994-03-28,28.64,14.69,21.3,0.06,0.35,9.99,16.89
1994-03-29,28.37,17.73,22.56,0.12,0.35,11.99,16.88
1994-03-30,29.46,16.33,22.34,0.01,0.35,11.05,19.83
1994-03-31,30.96,16.14,23.67,0.06,0.35,10.06,19.31
1994-04-01,28.78,17.27,22.03,2.05,0.35,10.35,12.4
1994-04-02,22.16,11.45,16.36,0.34,0.35,7.28,18.77
1994-04-03,25.58,9.98,17.39,0.0,0.35,7.58,20.78
1994-04-04,29.61,12.47,21.29,0.01,0.35,8.87,20.46
1994-04-05,31.26,15.29,23.46,0.04,0.35,8.68,20.43
1994-04-06,32.03,15.01,23.39,0.02,0.35,7.57,17.19
1994-04-07,20.64,10.05,14.49,0.01,0.35,2.78,20.61
1994-04-08,23.37,8.12,15.33,0.0,0.35,1.43,20.53
1994-04-09,25.25,8.79,17.42,0.0,0.34,2.8,20.44
1994-04-10,28.39,12.17,19.34,0.0,0.34,2.19,18.79
1994-04-11,14.72,8.56,11.3,1.25,0.34,3.04,14.86
1994-04-12,18.85,5.17,11.46,0.88,0.35,1.21,19.15
1994-04-13,23.09,8.11,14.87,0.0,0.35,7.72,19.97
1994-04-14,25.07,8.28,16.3,0.0,0.35,8.1,19.94
1994-04-15,26.36,10.28,17.96,0.0,0.34,7.4,18.81
1994-04-16,26.83,12.09,19.1,0.0,0.34,8.3,18.6
1994-04-17,28.97,13.52,20.63,0.0,0.34,7.4,17.06
1994-04-18,20.85,9.32,14.53,0.0,0.34,3.53,19.29
1994-04-19,22.13,7.05,14.2,0.0,0.34,5.05,18.64
1994-04-20,22.89,8.55,14.85,0.0,0.34,6.09,18.68
1994-04-21,24.48,7.69,15.35,0.0,0.34,3.31,18.15
1994-04-22,25.18,10.15,16.38,0.0,0.34,1.59,18.07
1994-04-23,26.32,9.89,17.43,0.0,0.34,3.65,18.09
1994-04-24,27.17,10.16,17.83,0.0,0.34,3.53,17.96
1994-04-25,29.6,10.68,19.68,0.0,0.34,1.29,17.76
1994-04-26,27.26,13.33,19.02,0.0,0.34,5.03,15.88
1994-04-27,28.76,14.66,20.61,0.0,0.34,6.64,13.27
1994-04-28,29.75,16.27,21.84,0.0,0.33,8.35,16.58
1994-04-29,22.78,11.54,16.22,0.0,0.33,4.59,15.13
1994-04-30,26.57,9.31,17.39,0.0,0.33,2.59,16.08
1994-05-01,27.08,15.58,20.29,0.0,0.33,4.65,12.99
1994-05-02,23.07,11.22,16.35,0.0,0.33,5.9,15.92
1994-05-03,23.41,9.75,15.56,0.0,0.33,5.3,16.12
1994-05-04,24.61,9.87,16.58,0.0,0.33,8.78,15.98
1994-05-05,24.42,10.4,16.4,0.0,0.33,6.09,15.85
1994-05-06,24.4,9.18,16.08,0.0,0.33,3.82,15.53
1994-05-07,23.65,9.69,15.61,0.0,0.33,2.13,15.16
1994-05-08,21.59,8.03,14.44,0.17,0.33,6.45,14.68
1994-05-09,19.25,10.0,13.61,2.06,0.33,8.02,10.01
1994-05-10,17.05,9.37,12.71,1.54,0.34,8.25,8.03
1994-05-11,16.21,6.74,11.21,0.36,0.34,4.93,12.45
1994-05-12,17.78,3.44,10.14,0.0,0.34,1.91,15.16
1994-05-13,19.5,5.57,12.2,0.05,0.34,-0.27,14.83
1994-05-14,20.84,4.95,12.13,0.0,0.33,1.42,12.38
1994-05-15,17.59,5.36,10.28,0.0,0.33,1.68,14.85
1994-05-16,18.0,6.35,11.32,0.0,0.33,1.69,14.25
1994-05-17,22.15,6.12,13.58,0.0,0.33,1.83,13.48
1994-05-18,19.12,9.46,13.64,0.06,0.33,4.89,9.91
1994-05-19,15.11,6.42,10.33,0.07,0.33,3.4,10.2
1994-05-20,16.86,2.23,9.33,0.0,0.33,3.04,13.99
1994-05-21,19.03,6.94,12.43,0.0,0.33,2.43,8.93
1994-05-22,18.68,7.24,12.9,0.0,0.33,4.94,12.17
1994-05-23,21.3,7.5,13.28,0.0,0.33,5.97,12.36
1994-05-24,24.86,8.32,15.22,0.0,0.33,1.22,12.83
1994-05-25,21.21,10.0,14.9,0.0,0.33,-2.32,12.84
1994-05-26,18.24,7.0,12.13,0.0,0.33,3.22,12.83
1994-05-27,20.93,8.33,13.36,0.0,0.33,5.76,10.87
1994-05-28,22.03,8.68,14.83,0.0,0.33,7.06,11.4
1994-05-29,21.56,9.44,14.85,0.0,0.33,3.68,11.81
1994-05-30,22.64,7.34,14.05,0.0,0.33,2.14,12.52
1994-05-31,24.15,9.78,15.79,0.01,0.33,1.02,10.61
1994-06-01,22.56,8.42,13.77,0.0,0.33,2.71,11.4
1994-06-02,23.61,7.33,14.24,0.0,0.33,4.71,12.11
1994-06-03,20.59,10.13,14.19,0.02,0.33,5.55,9.82
1994-06-04,20.72,11.43,15.21,0.01,0.33,4.79,9.85
1994-06-05,18.71,11.73,14.33,0.01,0.33,6.28,8.86
1994-06-06,23.95,11.92,16.37,2.66,0.33,11.67,7.09
1994-06-07,18.22,10.35,14.34,2.83,0.34,9.08,7.89
1994-06-08,13.07,8.64,10.52,7.81,0.35,7.73,8.18
1994-06-09,16.19,5.67,9.47,0.6,0.35,4.94,10.54
1994-06-10,14.62,2.46,7.3,0.01,0.35,3.22,11.02
1994-06-11,15.29,1.52,7.81,0.0,0.35,3.68,11.82
1994-06-12,18.78,4.19,9.85,0.44,0.34,3.8,8.77
1994-06-13,18.13,5.71,10.51,0.06,0.34,3.14,6.37
1994-06-14,17.07,4.94,10.21,0.0,0.34,3.98,10.37
1994-06-15,16.05,4.21,9.35,0.0,0.34,5.69,10.5
1994-06-16,16.1,6.65,9.94,0.0,0.34,4.82,9.41
1994-06-17,15.31,4.98,9.95,0.0,0.34,5.66,9.36
1994-06-18,16.96,6.45,10.57,0.01,0.34,5.85,9.65
1994-06-19,14.87,8.12,10.94,1.05,0.34,5.52,9.9
1994-06-20,15.29,6.92,10.02,0.16,0.34,6.68,7.68
1994-06-21,15.87,6.78,10.27,0.0,0.34,5.36,11.19
1994-06-22,19.71,6.94,11.91,0.0,0.34,2.48,10.75
1994-06-23,16.98,4.48,10.5,0.14,0.34,-0.32,11.28
1994-06-24,15.34,9.04,11.49,1.95,0.34,7.04,7.47
1994-06-25,14.93,4.46,9.89,1.81,0.34,6.04,9.84
1994-06-26,13.33,6.9,9.07,1.27,0.35,7.15,8.08
1994-06-27,12.26,5.27,8.55,0.79,0.35,5.11,8.04
1994-06-28,15.13,2.14,7.59,0.01,0.35,2.0,11.8
1994-06-29,13.5,2.65,6.67,0.0,0.35,1.18,10.66
1994-06-30,14.9,1.76,7.32,0.0,0.34,1.13,11.9
1994-07-01,16.06,0.7,7.25,0.0,0.34,2.18,12.03
1994-07-02,15.11,4.27,8.61,0.0,0.34,3.63,6.95
1994-07-03,16.8,5.06,9.65,0.07,0.34,6.82,9.63
1994-07-04,20.73,6.1,11.86,0.0,0.34,6.79,12.12
1994-07-05,20.74,5.76,12.38,0.0,0.34,2.8,12.12
1994-07-06,21.01,5.14,12.42,0.0,0.34,3.35,12.28
1994-07-07,20.84,5.3,11.63,0.0,0.34,2.89,12.28
1994-07-08,20.39,5.02,11.23,0.0,0.34,1.97,12.31
1994-07-09,21.19,4.61,11.83,0.21,0.34,4.37,10.2
1994-07-10,20.28,8.87,13.09,2.62,0.34,7.11,8.9
1994-07-11,19.48,8.86,12.73,2.4,0.35,9.99,7.87
1994-07-12,14.91,7.77,10.77,0.29,0.35,4.08,11.37
1994-07-13,14.48,4.61,8.58,0.22,0.35,4.46,10.65
1994-07-14,16.3,4.02,9.86,0.0,0.35,2.99,12.27
1994-07-15,17.17,4.28,9.39,0.0,0.34,1.34,12.89
1994-07-16,14.29,2.03,7.3,0.0,0.34,2.31,8.73
1994-07-17,14.23,0.62,5.91,0.0,0.34,0.12,13.07
1994-07-18,14.4,1.69,6.96,0.0,0.34,-0.4,12.86
1994-07-19,16.56,2.96,8.51,0.0,0.34,2.69,13.36
1994-07-20,14.84,3.99,7.72,0.0,0.34,2.37,13.17
1994-07-21,15.75,1.73,8.09,0.01,0.34,3.2,13.29
1994-07-22,13.19,1.92,7.28,0.0,0.34,1.63,13.57
1994-07-23,14.56,0.33,5.79,0.0,0.34,-1.16,13.61
1994-07-24,15.79,0.42,7.48,0.0,0.34,0.15,13.32
1994-07-25,16.47,3.2,8.87,0.0,0.34,-0.21,13.57
1994-07-26,14.14,2.99,7.26,0.0,0.34,0.59,11.7
1994-07-27,15.04,0.98,7.51,0.04,0.34,2.16,12.75
1994-07-28,16.84,3.45,8.87,0.01,0.34,1.07,13.85
1994-07-29,18.4,3.34,9.79,0.0,0.34,-2.96,14.04
1994-07-30,8.89,3.71,5.55,3.73,0.34,0.81,9.1
1994-07-31,10.66,2.8,6.08,1.71,0.35,2.7,10.0
1994-08-01,13.74,4.32,8.04,0.15,0.35,4.26,9.55
1994-08-02,13.38,2.63,7.14,0.19,0.35,2.0,10.83
1994-08-03,13.5,-0.02,5.8,0.0,0.35,0.95,14.8
1994-08-04,14.0,0.19,6.02,0.0,0.34,0.79,11.83
1994-08-05,15.71,-1.25,6.51,0.01,0.34,-0.87,15.19
1994-08-06,18.66,0.76,9.29,0.03,0.34,-2.5,13.36
1994-08-07,14.35,3.24,8.39,0.09,0.34,1.25,13.65
1994-08-08,10.75,-0.87,4.88,0.18,0.34,-0.46,12.91
1994-08-09,12.1,-0.61,4.53,0.0,0.34,0.19,15.81
1994-08-10,14.79,-0.64,6.09,0.0,0.34,-1.49,16.0
1994-08-11,17.17,1.12,8.2,0.0,0.34,-5.21,13.91
1994-08-12,20.52,4.35,12.17,0.24,0.34,-2.48,12.72
1994-08-13,16.94,4.34,10.79,0.1,0.34,3.06,12.86
1994-08-14,13.19,-0.44,6.04,0.0,0.34,-0.25,14.73
1994-08-15,14.52,-0.35,6.33,0.0,0.34,0.66,15.34
1994-08-16,14.3,0.93,6.62,0.0,0.34,0.5,15.55
1994-08-17,13.67,2.11,7.12,0.0,0.34,-0.11,15.79
1994-08-18,17.27,0.32,8.14,0.05,0.34,0.63,17.02
1994-08-19,18.08,2.91,9.62,0.25,0.34,2.24,16.93
1994-08-20,12.9,5.91,8.77,1.72,0.34,6.03,9.88
1994-08-21,16.54,5.9,9.99,0.08,0.34,2.64,16.51
1994-08-22,19.64,4.32,11.34,0.01,0.34,-2.91,15.79
1994-08-23,17.08,4.48,10.12,0.01,0.34,1.15,14.77
1994-08-24,17.95,5.08,10.34,0.0,0.34,1.12,18.05
1994-08-25,20.19,5.06,11.78,0.0,0.34,3.62,18.24
1994-08-26,21.34,3.94,11.98,0.0,0.34,3.97,18.52
1994-08-27,24.53,5.45,15.18,0.01,0.34,1.26,18.38
1994-08-28,25.55,7.16,15.28,0.0,0.33,-1.69,18.07
1994-08-29,19.58,7.75,12.65,0.0,0.33,5.0,13.38
1994-08-30,21.23,3.04,11.37,0.0,0.33,0.1,18.92
1994-08-31,22.7,2.85,11.85,0.0,0.33,-2.4,18.69
1994-09-01,25.02,4.95,14.81,0.0,0.33,-3.6,17.96
1994-09-02,26.98,7.02,16.18,0.01,0.33,-1.96,19.03
1994-09-03,29.35,10.71,18.78,0.0,0.33,-0.84,18.36
1994-09-04,27.45,10.24,17.56,0.54,0.33,4.82,16.34
1994-09-05,14.96,7.54,11.96,9.97,0.34,8.57,11.38
1994-09-06,17.06,5.49,10.35,0.02,0.35,4.37,11.5
1994-09-07,16.45,0.83,8.21,0.0,0.34,-2.54,20.15
1994-09-08,19.13,1.53,9.77,0.01,0.34,-2.96,19.86
1994-09-09,18.74,4.27,10.76,0.0,0.34,-1.35,20.51
1994-09-10,21.36,3.39,11.97,0.0,0.34,-0.45,20.7
1994-09-11,23.99,4.77,13.98,0.0,0.34,-2.76,20.14
1994-09-12,27.39,6.53,15.99,0.0,0.34,-1.76,21.22
1994-09-13,18.41,6.26,12.02,0.0,0.33,3.49,19.2
1994-09-14,21.78,5.29,12.77,0.0,0.33,3.48,21.43
1994-09-15,21.82,5.06,12.85,0.0,0.33,-0.03,21.75
1994-09-16,18.23,5.59,11.06,0.0,0.33,-1.87,21.42
1994-09-17,20.11,3.23,11.28,0.0,0.33,-0.14,21.8
1994-09-18,22.06,5.78,13.72,0.02,0.33,3.92,22.22
1994-09-19,16.69,3.71,10.32,0.02,0.33,-0.86,22.37
1994-09-20,17.38,3.45,10.74,0.16,0.33,-0.67,22.76
1994-09-21,18.04,4.87,10.9,0.56,0.33,-0.2,23.36
1994-09-22,23.61,2.67,13.25,0.0,0.33,-2.97,23.12
1994-09-23,21.79,5.67,13.3,0.0,0.33,-1.14,23.87
1994-09-24,20.02,4.83,11.89,0.03,0.33,-0.04,22.71
1994-09-25,19.84,3.53,11.2,0.01,0.33,0.82,24.37
1994-09-26,19.44,4.3,10.87,2.8,0.33,3.92,20.75
1994-09-27,15.01,2.08,8.15,0.21,0.33,-0.89,21.34
1994-09-28,21.89,1.64,12.39,0.0,0.33,-1.71,21.74
1994-09-29,21.66,8.42,14.83,0.1,0.33,1.43,16.95
1994-09-30,20.73,4.96,13.3,0.0,0.33,0.48,24.57
1994-10-01,28.82,8.98,18.04,0.75,0.33,2.21,18.89
1994-10-02,22.82,12.12,17.1,0.6,0.33,4.87,22.86
1994-10-03,22.64,7.88,14.6,0.07,0.33,1.75,24.63
1994-10-04,21.47,9.26,14.69,0.0,0.33,1.6,23.51
1994-10-05,23.08,6.43,14.76,0.0,0.33,4.61,22.57
1994-10-06,29.44,9.15,20.19,0.05,0.33,2.33,22.28
1994-10-07,18.59,7.69,12.95,1.56,0.33,0.77,20.19
1994-10-08,18.23,8.8,12.38,3.05,0.33,0.55,22.55
1994-10-09,21.25,4.59,12.77,0.0,0.33,2.67,27.37
1994-10-10,25.64,8.55,16.9,0.04,0.33,1.12,27.13
1994-10-11,25.33,8.59,16.5,0.0,0.33,-0.34,26.91
1994-10-12,26.4,5.27,16.21,0.0,0.33,-1.64,27.85
1994-10-13,26.24,7.76,16.75,0.0,0.32,-2.67,25.9
1994-10-14,28.98,7.55,18.47,0.0,0.32,-0.84,27.96
1994-10-15,31.3,11.07,20.98,0.0,0.32,-2.33,27.93
1994-10-16,33.41,12.67,23.34,0.0,0.32,-1.96,27.51
1994-10-17,30.53,14.24,21.72,0.0,0.32,3.08,28.52
1994-10-18,27.18,9.92,18.63,0.0,0.32,3.25,28.86
1994-10-19,22.62,11.41,17.49,0.24,0.32,5.62,15.12
1994-10-20,22.18,9.34,15.41,0.12,0.32,6.5,19.34
1994-10-21,24.32,7.44,16.02,0.0,0.32,1.29,29.68
1994-10-22,25.93,9.06,17.59,0.11,0.32,2.4,28.07
1994-10-23,27.42,10.3,19.01,0.0,0.32,1.77,29.75
1994-10-24,29.03,12.17,20.8,0.0,0.32,1.31,28.72
1994-10-25,31.67,16.23,23.55,0.05,0.32,4.22,26.07
1994-10-26,27.79,17.52,22.14,0.14,0.31,7.25,17.4
1994-10-27,29.41,16.49,22.4,8.23,0.32,15.21,22.07
1994-10-28,23.94,11.13,17.17,0.46,0.33,4.65,17.48
1994-10-29,22.56,6.37,15.12,0.0,0.33,0.29,30.32
1994-10-30,24.45,10.02,17.03,0.0,0.32,4.51,30.41
1994-10-31,27.65,9.73,19.52,0.0,0.32,1.65,30.73
1994-11-01,19.01,10.95,15.42,4.53,0.33,2.79,14.76
1994-11-02,16.89,8.66,12.43,8.53,0.34,5.41,18.13
1994-11-03,24.99,7.22,16.88,0.62,0.34,8.12,20.69
1994-11-04,20.02,10.99,15.45,8.38,0.35,8.87,18.0
1994-11-05,21.22,9.22,15.26,0.43,0.35,6.44,17.59
1994-11-06,22.96,11.83,17.39,0.17,0.34,4.39,22.12
1994-11-07,20.3,10.23,15.17,0.1,0.34,3.02,22.71
1994-11-08,22.94,5.83,14.8,0.0,0.34,1.86,32.23
1994-11-09,28.39,9.15,19.15,0.0,0.34,6.11,31.84
1994-11-10,33.11,12.83,24.34,0.0,0.33,4.75,31.92
1994-11-11,37.56,16.54,27.78,0.04,0.33,4.13,31.97
1994-11-12,36.38,16.92,26.76,0.01,0.33,9.64,30.4
1994-11-13,26.37,15.45,20.4,0.09,0.33,7.41,19.32
1994-11-14,26.45,12.93,18.92,0.06,0.33,1.48,25.02
1994-11-15,26.31,12.87,19.56,0.0,0.33,0.48,30.76
1994-11-16,27.69,10.74,20.67,0.1,0.32,5.05,25.27
1994-11-17,29.41,16.46,23.08,0.19,0.32,10.78,29.15
1994-11-18,33.79,17.52,25.93,0.0,0.32,10.99,29.7
1994-11-19,34.06,21.32,27.36,6.64,0.33,15.51,26.68
1994-11-20,28.01,15.94,22.96,0.51,0.33,7.68,31.07
1994-11-21,23.66,11.33,16.86,0.08,0.33,3.12,20.85
1994-11-22,25.34,10.26,17.5,0.0,0.33,1.35,33.66
1994-11-23,29.78,11.14,21.15,0.01,0.33,-2.99,33.3
1994-11-24,33.82,16.15,24.85,0.09,0.32,0.07,18.59
1994-11-25,36.18,21.3,27.95,0.07,0.32,7.87,31.36
1994-11-26,39.52,17.77,29.94,0.52,0.32,5.55,31.5
1994-11-27,40.02,21.78,31.11,1.7,0.32,13.8,29.02
1994-11-28,33.58,19.66,27.03,2.86,0.33,16.4,29.31
1994-11-29,34.64,19.69,26.03,0.74,0.32,15.47,14.78
1994-11-30,25.74,12.12,18.7,0.0,0.32,-0.61,33.55
1994-12-01,29.48,9.7,20.63,0.01,0.32,3.96,33.32
1994-12-02,30.66,13.97,22.33,0.0,0.32,4.66,33.57
1994-12-03,32.6,14.48,23.76,0.0,0.32,3.65,33.63
1994-12-04,34.48,15.99,25.35,0.0,0.32,5.54,33.64
1994-12-05,36.25,17.94,27.37,0.14,0.32,6.65,33.55
1994-12-06,37.46,19.31,28.89,0.0,0.32,5.72,33.63
1994-12-07,37.89,22.35,30.11,1.42,0.32,7.74,32.91
1994-12-08,25.17,14.86,19.22,4.96,0.32,6.13,16.32
1994-12-09,25.21,11.9,18.66,3.6,0.33,6.91,28.53
1994-12-10,29.52,12.61,21.33,0.0,0.33,4.86,34.68
1994-12-11,33.35,14.16,24.34,0.0,0.32,4.29,32.43
1994-12-12,36.8,19.02,28.59,0.0,0.32,5.67,33.85
1994-12-13,41.54,20.89,31.66,0.0,0.32,3.5,33.08
1994-12-14,36.12,19.56,27.36,0.01,0.32,0.39,33.73
1994-12-15,36.55,15.13,26.28,0.42,0.31,-1.59,34.01
1994-12-16,39.31,19.61,29.54,0.0,0.31,-1.34,33.78
1994-12-17,39.21,19.19,29.72,0.0,0.31,1.08,30.9
1994-12-18,39.85,19.38,30.22,0.0,0.31,-0.39,34.29
1994-12-19,43.73,21.26,33.32,0.0,0.31,2.59,32.74
1994-12-20,43.8,25.32,35.02,0.29,0.31,9.46,31.04
1994-12-21,44.33,28.45,36.21,0.03,0.31,9.84,29.44
1994-12-22,35.28,24.4,29.3,4.22,0.31,16.94,12.56
1994-12-23,33.81,22.73,27.07,0.38,0.32,15.44,27.58
1994-12-24,30.32,15.91,23.69,0.06,0.31,6.74,23.16
1994-12-25,32.28,14.52,24.01,0.25,0.31,3.83,33.89
1994-12-26,35.08,18.66,26.78,0.15,0.31,2.81,33.41
1994-12-27,37.52,19.68,29.36,0.0,0.31,0.12,34.19
1994-12-28,42.26,20.69,31.69,0.0,0.31,1.58,34.13
1994-12-29,29.35,15.2,21.97,0.0,0.31,-0.49,34.61
1994-12-30,33.61,14.68,24.3,0.0,0.31,2.82,34.42
1994-12-31,35.89,16.71,26.56,0.0,0.31,2.81,33.72
1995-01-01,38.65,19.12,29.65,0.0,0.31,1.34,33.66
1995-01-02,36.99,17.66,26.67,1.55,0.31,9.36,33.68
1995-01-03,32.74,18.14,25.58,0.21,0.31,13.21,32.94
1995-01-04,30.7,20.82,25.06,7.2,0.31,16.8,18.96
1995-01-05,25.35,20.94,22.76,11.01,0.33,19.39,20.28
1995-01-06,31.98,18.15,23.93,4.92,0.35,15.19,25.7
1995-01-07,28.44,12.78,20.53,0.0,0.34,5.32,34.13
1995-01-08,32.06,14.11,23.85,0.0,0.33,8.83,32.94
1995-01-09,31.92,18.29,25.95,0.24,0.33,12.38,30.7
1995-01-10,24.9,21.3,23.27,2.58,0.33,16.54,24.5
1995-01-11,34.69,19.03,27.54,0.26,0.33,15.16,30.89
1995-01-12,37.2,21.37,29.94,0.0,0.33,13.37,30.69
1995-01-13,38.88,22.88,31.23,0.0,0.32,10.46,30.81
1995-01-14,38.11,21.1,30.5,0.0,0.32,9.71,23.3
1995-01-15,37.44,23.81,30.86,0.21,0.32,12.3,15.47
1995-01-16,37.13,25.48,30.43,0.06,0.32,15.43,20.55
1995-01-17,34.19,25.06,29.61,3.67,0.32,16.96,20.71
1995-01-18,35.92,22.8,29.35,0.41,0.32,15.67,23.27
1995-01-19,28.85,19.78,24.48,21.72,0.33,17.79,12.86
1995-01-20,26.05,19.62,22.15,30.32,0.4,18.08,14.61
1995-01-21,25.42,12.45,18.9,0.01,0.4,5.87,32.81
1995-01-22,28.77,11.52,21.13,0.01,0.39,9.24,31.53
1995-01-23,30.5,15.09,23.07,0.0,0.38,9.95,27.91
1995-01-24,33.75,16.88,25.63,0.0,0.37,9.78,29.09
1995-01-25,35.38,18.73,27.29,0.0,0.37,9.77,30.76
1995-01-26,35.97,21.74,28.6,0.03,0.36,12.03,23.22
1995-01-27,36.59,22.88,28.97,0.84,0.36,13.75,17.87
1995-01-28,29.08,21.95,25.0,15.92,0.37,17.84,20.71
1995-01-29,31.34,17.82,24.68,0.18,0.38,12.04,30.19
1995-01-30,36.16,18.14,26.8,0.17,0.37,11.36,19.57
1995-01-31,29.11,15.39,22.11,0.0,0.37,6.72,31.15
1995-02-01,32.2,13.07,23.35,0.03,0.36,6.44,32.27
1995-02-02,33.56,16.73,25.94,0.0,0.36,8.35,27.16
1995-02-03,32.24,18.68,25.17,0.0,0.36,9.11,31.2
1995-02-04,32.52,14.18,23.98,0.0,0.35,6.47,30.84
1995-02-05,30.68,17.38,23.63,4.36,0.35,11.2,14.3
1995-02-06,24.5,11.96,18.19,0.0,0.36,3.76,30.56
1995-02-07,30.2,12.0,21.19,0.0,0.36,3.9,30.95
1995-02-08,32.32,14.52,23.56,0.23,0.35,6.26,30.85
1995-02-09,31.48,15.05,23.66,0.0,0.35,6.72,30.31
1995-02-10,31.27,14.31,23.2,0.0,0.35,5.86,30.05
1995-02-11,34.37,16.52,25.91,0.04,0.35,9.82,27.52
1995-02-12,33.01,19.32,26.3,0.87,0.34,13.77,23.22
1995-02-13,32.98,20.15,26.07,0.02,0.34,11.7,27.93
1995-02-14,33.73,20.04,26.41,0.0,0.34,10.58,28.54
1995-02-15,33.65,18.57,26.22,0.1,0.34,11.9,29.03
1995-02-16,34.51,19.1,27.22,0.26,0.34,12.1,25.28
1995-02-17,33.1,18.77,25.84,0.01,0.34,11.96,29.31
1995-02-18,34.8,19.37,27.07,0.0,0.34,12.38,27.54
1995-02-19,35.45,18.38,27.31,0.0,0.34,9.67,26.97
1995-02-20,34.13,19.99,26.86,0.05,0.33,11.05,26.96
1995-02-21,33.16,18.69,26.03,0.07,0.33,10.77,26.33
1995-02-22,37.95,21.39,29.37,0.09,0.33,7.61,27.95
1995-02-23,36.71,17.76,27.94,0.07,0.33,6.91,27.4
1995-02-24,37.55,20.41,28.99,0.0,0.33,10.99,27.39
1995-02-25,36.79,21.43,28.65,0.0,0.33,7.83,27.66
1995-02-26,37.73,18.64,28.39,0.0,0.33,6.93,27.53
1995-02-27,36.59,20.08,28.59,0.0,0.33,9.2,26.95
1995-02-28,32.68,23.35,27.54,0.0,0.33,10.92,18.54
1995-03-01,33.11,21.2,26.48,0.0,0.33,11.28,22.45
1995-03-02,29.2,19.7,24.04,0.02,0.32,9.63,11.13
1995-03-03,31.41,16.92,23.79,0.02,0.32,9.53,27.49
1995-03-04,30.65,15.44,22.97,0.0,0.32,8.9,27.58
1995-03-05,34.07,16.69,25.66,0.04,0.32,12.83,26.07
1995-03-06,35.28,20.02,27.73,0.0,0.32,14.05,25.95
1995-03-07,35.52,21.4,28.11,0.19,0.32,12.32,25.92
1995-03-08,32.98,19.89,25.68,0.01,0.32,8.16,25.46
1995-03-09,29.87,18.03,23.23,0.23,0.32,9.54,25.46
1995-03-10,32.32,13.37,22.83,0.0,0.32,6.85,25.9
1995-03-11,32.33,16.85,24.24,0.0,0.32,7.69,25.39
1995-03-12,27.93,15.16,21.61,0.0,0.32,4.09,25.04
1995-03-13,27.3,10.07,18.09,0.0,0.32,-0.26,25.08
1995-03-14,29.86,13.57,20.7,0.0,0.32,0.25,25.12
1995-03-15,26.82,12.48,19.29,0.0,0.32,3.21,24.82
1995-03-16,30.35,12.92,21.96,0.04,0.32,7.01,24.82
1995-03-17,32.77,15.22,23.36,0.0,0.32,3.9,24.06
1995-03-18,30.97,17.22,23.34,0.01,0.32,1.48,23.48
1995-03-19,24.98,14.73,19.41,0.0,0.31,3.6,23.45
1995-03-20,26.86,10.65,18.45,0.0,0.31,3.8,24.52
1995-03-21,29.7,12.94,20.6,0.0,0.31,2.99,23.45
1995-03-22,30.47,15.61,22.37,0.0,0.31,5.82,23.45
1995-03-23,30.86,14.63,22.35,0.0,0.31,5.8,22.93
1995-03-24,28.23,16.11,21.72,0.0,0.31,6.25,23.09
1995-03-25,23.68,10.4,16.61,0.0,0.31,-0.1,22.66
1995-03-26,26.06,9.54,17.6,0.0,0.31,-0.95,22.19
1995-03-27,25.64,12.97,18.69,0.0,0.31,2.88,21.91
1995-03-28,24.0,9.9,16.58,0.0,0.31,2.1,22.15
1995-03-29,24.25,10.88,17.03,0.0,0.31,4.22,19.83
1995-03-30,25.38,11.52,17.74,0.0,0.31,5.06,19.53
1995-03-31,20.75,9.52,14.59,0.02,0.31,2.89,20.19
1995-04-01,21.53,6.18,13.83,0.0,0.31,-4.28,21.13
1995-04-02,21.41,8.27,14.71,0.0,0.31,1.38,18.94
1995-04-03,23.95,7.09,15.57,0.0,0.31,-2.1,20.81
1995-04-04,26.14,8.43,17.76,0.11,0.31,-2.36,18.82
1995-04-05,20.97,11.09,15.84,0.96,0.31,3.87,19.13
1995-04-06,18.32,6.38,12.82,0.23,0.31,3.6,15.41
1995-04-07,15.03,6.72,10.95,1.22,0.31,2.15,16.56
1995-04-08,18.71,9.02,14.07,1.11,0.31,6.5,12.88
1995-04-09,20.5,9.96,15.1,0.42,0.31,6.2,13.61
1995-04-10,17.19,8.24,12.35,0.28,0.31,3.37,16.7
1995-04-11,22.07,6.9,13.41,0.03,0.31,5.66,20.46
1995-04-12,25.14,7.23,15.99,0.0,0.31,4.06,15.46
1995-04-13,21.22,12.46,15.89,0.03,0.31,5.01,12.74
1995-04-14,23.93,14.02,18.03,0.0,0.31,8.44,17.39
1995-04-15,25.69,13.12,19.3,0.01,0.31,9.73,17.35
1995-04-16,25.88,10.59,18.25,0.79,0.31,8.62,11.06
1995-04-17,20.21,6.41,12.99,0.0,0.31,2.25,18.71
1995-04-18,22.7,7.02,14.93,0.0,0.31,-0.21,18.11
1995-04-19,19.6,7.68,12.98,0.0,0.31,2.31,14.4
1995-04-20,19.18,6.08,11.84,0.0,0.31,0.36,18.4
1995-04-21,21.73,6.42,13.61,0.0,0.31,3.46,17.55
1995-04-22,24.52,6.53,14.97,0.0,0.31,1.77,18.22
1995-04-23,22.62,10.81,15.29,0.0,0.31,1.5,9.39
1995-04-24,20.86,7.41,13.06,0.0,0.31,0.88,17.21
1995-04-25,21.12,4.2,12.03,0.0,0.31,0.43,17.05
1995-04-26,23.33,8.34,14.76,0.0,0.31,5.18,17.24
1995-04-27,22.29,8.13,14.43,0.0,0.31,6.03,17.24
1995-04-28,26.02,7.26,16.59,0.0,0.31,2.48,16.68
1995-04-29,29.26,11.41,19.46,0.0,0.31,4.47,12.62
1995-04-30,26.49,14.01,19.71,1.31,0.31,7.95,9.17
1995-05-01,22.16,15.72,18.03,8.93,0.32,14.42,9.49
1995-05-02,19.75,13.26,15.94,19.17,0.35,13.68,5.74
1995-05-03,16.96,9.06,12.56,1.49,0.36,7.51,10.95
1995-05-04,11.57,6.08,9.0,1.97,0.36,5.99,9.16
1995-05-05,17.49,4.09,10.04,0.13,0.36,5.02,10.31
1995-05-06,19.59,4.12,11.05,0.0,0.35,3.14,15.64
1995-05-07,21.91,6.36,13.15,0.0,0.35,6.16,15.58
1995-05-08,20.36,8.06,13.48,0.01,0.35,6.13,11.16
1995-05-09,18.32,8.33,12.37,1.1,0.35,8.21,6.89
1995-05-10,20.77,10.18,14.87,1.63,0.35,11.08,11.02
1995-05-11,22.36,11.22,16.1,0.64,0.35,12.99,8.48
1995-05-12,27.23,14.99,19.99,1.67,0.35,12.5,13.93
1995-05-13,22.59,12.3,18.12,17.51,0.36,12.99,6.57
1995-05-14,19.53,9.3,13.32,0.57,0.38,9.27,10.07
1995-05-15,17.84,5.34,10.65,0.0,0.38,4.38,14.67
1995-05-16,15.83,6.02,10.41,4.11,0.37,6.23,7.84
1995-05-17,17.5,10.93,13.13,5.7,0.39,10.3,7.66
1995-05-18,19.44,9.44,13.08,0.28,0.38,10.04,10.81
1995-05-19,18.57,9.35,13.47,0.09,0.38,9.27,7.92
1995-05-20,18.82,9.62,13.85,0.1,0.38,7.75,9.32
1995-05-21,20.36,6.58,12.34,0.0,0.38,5.4,13.83
1995-05-22,21.02,7.42,13.16,0.0,0.38,7.36,13.23
1995-05-23,19.96,6.77,12.1,0.0,0.37,5.82,13.36
1995-05-24,21.64,7.92,14.56,1.3,0.37,8.26,11.68
1995-05-25,17.35,10.0,14.08,1.47,0.38,5.07,12.73
1995-05-26,16.0,8.12,12.23,0.34,0.38,5.9,10.33
1995-05-27,15.1,4.48,9.14,0.01,0.37,4.42,12.39
1995-05-28,17.04,7.22,11.77,0.08,0.37,7.4,6.95
1995-05-29,18.16,9.15,12.56,0.0,0.37,5.87,9.17
1995-05-30,18.71,8.37,12.86,0.0,0.37,6.53,7.91
1995-05-31,17.81,7.04,11.11,0.0,0.37,5.9,11.63
1995-06-01,16.25,4.91,9.86,0.0,0.37,4.18,11.04
1995-06-02,17.58,4.83,9.95,0.05,0.37,4.81,10.09
1995-06-03,19.51,5.52,11.49,0.05,0.37,6.75,12.32
1995-06-04,18.98,6.31,12.19,0.0,0.37,6.91,11.57
1995-06-05,15.63,10.11,12.19,0.32,0.37,8.55,8.39
1995-06-06,22.59,9.0,14.71,0.0,0.37,8.07,10.07
1995-06-07,21.83,11.8,15.43,0.0,0.37,10.54,9.51
1995-06-08,25.45,12.55,17.75,0.0,0.37,10.97,7.45
1995-06-09,25.94,13.76,19.09,0.06,0.37,9.71,10.02
1995-06-10,17.95,9.72,12.71,47.55,0.43,9.18,3.83
1995-06-11,14.79,6.73,10.46,0.68,0.45,7.72,7.99
1995-06-12,12.56,6.43,8.86,0.15,0.44,6.15,7.11
1995-06-13,12.18,5.55,8.27,0.14,0.43,3.93,7.41
1995-06-14,14.18,3.92,8.3,0.09,0.42,2.88,6.55
1995-06-15,11.59,4.07,7.52,0.09,0.42,3.48,6.97
1995-06-16,12.62,4.45,7.31,0.06,0.42,4.0,9.26
1995-06-17,10.67,2.42,6.58,0.0,0.42,2.37,10.01
1995-06-18,10.86,1.67,6.13,0.0,0.42,4.26,9.27
1995-06-19,14.84,3.9,8.43,0.0,0.42,5.53,7.05
1995-06-20,11.9,2.74,6.11,0.0,0.42,3.88,7.61
1995-06-21,12.91,1.74,6.58,0.0,0.42,1.07,10.05
1995-06-22,14.03,-0.13,5.58,0.0,0.41,-0.7,10.05
1995-06-23,15.47,1.64,7.08,0.0,0.41,2.95,10.18
1995-06-24,16.93,2.86,9.27,0.0,0.41,4.23,7.78
1995-06-25,18.23,4.62,10.08,0.0,0.41,4.31,9.88
1995-06-26,17.91,4.86,10.66,0.59,0.41,4.4,8.73
1995-06-27,15.19,6.13,10.38,3.25,0.42,3.79,10.74
1995-06-28,13.09,3.9,8.21,1.58,0.42,2.58,6.7
1995-06-29,13.48,5.52,8.91,1.5,0.42,5.13,7.37
1995-06-30,15.79,2.37,9.42,0.01,0.42,4.44,9.18
1995-07-01,13.74,5.38,8.82,1.08,0.42,5.15,8.57
1995-07-02,14.95,4.33,8.69,0.27,0.42,6.01,8.75
1995-07-03,15.3,5.89,10.1,2.09,0.42,7.57,8.35
1995-07-04,12.23,2.26,6.09,0.0,0.42,1.41,11.48
1995-07-05,11.74,0.81,5.2,0.0,0.42,0.42,7.96
1995-07-06,11.1,0.81,5.32,0.0,0.42,2.38,9.02
1995-07-07,12.9,4.13,7.35,0.0,0.42,4.24,10.88
1995-07-08,12.98,1.86,6.62,0.0,0.41,2.43,4.85
1995-07-09,9.07,-0.21,3.61,0.0,0.41,0.94,6.29
1995-07-10,13.56,-1.14,5.49,0.34,0.41,0.49,11.76
1995-07-11,13.68,2.31,7.8,0.1,0.41,3.62,9.4
1995-07-12,14.69,6.34,9.97,3.15,0.41,6.3,7.41
1995-07-13,18.02,6.83,12.32,6.02,0.42,8.95,9.79
1995-07-14,14.23,6.67,10.25,0.32,0.42,4.78,9.86
1995-07-15,15.26,4.01,9.15,0.55,0.42,5.03,10.37
1995-07-16,16.17,4.2,9.96,1.26,0.42,5.19,9.5
1995-07-17,15.1,8.65,11.66,1.67,0.42,9.2,7.89
1995-07-18,13.76,5.99,9.3,0.39,0.42,5.22,9.83
1995-07-19,10.53,4.33,6.69,0.55,0.42,3.83,10.62
1995-07-20,11.83,2.42,6.16,0.49,0.42,2.21,12.9
1995-07-21,14.08,1.52,6.94,0.2,0.42,0.18,7.65
1995-07-22,16.34,3.77,10.04,0.08,0.42,2.33,11.06
1995-07-23,13.31,8.9,10.4,4.45,0.42,8.04,8.42
1995-07-24,11.65,2.08,6.87,0.65,0.43,4.36,12.67
1995-07-25,11.57,0.29,5.66,0.0,0.42,1.95,8.85
1995-07-26,16.8,1.21,8.59,0.2,0.42,1.73,12.34
1995-07-27,13.53,5.33,8.42,1.13,0.42,4.78,8.25
1995-07-28,12.93,5.82,8.79,10.02,0.43,7.15,10.3
1995-07-29,10.6,4.73,6.3,0.1,0.44,3.68,12.42
1995-07-30,10.88,2.63,6.11,0.03,0.44,1.94,6.79
1995-07-31,13.07,3.76,7.68,0.37,0.43,2.83,12.2
1995-08-01,14.55,1.15,6.86,0.0,0.43,2.62,13.87
1995-08-02,14.45,3.79,8.0,0.23,0.43,2.74,11.23
1995-08-03,11.95,1.85,6.2,0.2,0.43,3.3,12.96
1995-08-04,11.45,5.62,7.41,0.63,0.43,5.66,10.88
1995-08-05,12.99,4.64,7.55,0.25,0.43,4.84,9.83
1995-08-06,12.02,4.32,7.31,0.08,0.43,2.9,12.19
1995-08-07,10.2,2.66,5.66,0.09,0.43,3.18,13.18
1995-08-08,11.91,1.75,5.94,0.0,0.43,2.27,13.24
1995-08-09,12.84,1.26,5.3,0.0,0.43,1.11,15.61
1995-08-10,15.78,0.97,6.98,0.0,0.42,2.61,15.36
1995-08-11,17.03,1.11,8.19,0.0,0.42,1.57,15.18
1995-08-12,18.41,1.59,9.21,0.03,0.42,1.42,15.57
1995-08-13,19.31,1.29,9.5,0.0,0.42,1.39,15.71
1995-08-14,21.36,3.94,11.95,0.0,0.42,2.93,15.6
1995-08-15,21.32,6.18,12.96,0.0,0.42,5.53,14.76
1995-08-16,22.35,6.64,13.8,0.0,0.41,5.5,15.56
1995-08-17,23.83,7.57,14.99,0.0,0.41,7.6,16.59
1995-08-18,24.9,8.77,16.3,0.0,0.41,7.54,17.05
1995-08-19,25.92,8.6,17.04,0.0,0.41,8.16,16.95
1995-08-20,26.38,10.17,17.32,0.0,0.41,6.95,16.56
1995-08-21,22.4,11.01,15.87,0.06,0.4,8.27,13.36
1995-08-22,21.56,9.0,14.62,0.01,0.4,5.97,17.01
1995-08-23,23.64,9.67,15.31,0.0,0.4,5.67,17.68
1995-08-24,26.24,6.09,15.74,0.0,0.4,6.48,17.54
1995-08-25,28.93,14.54,20.02,0.0,0.4,9.04,17.69
1995-08-26,24.78,12.1,17.19,0.0,0.39,8.08,17.82
1995-08-27,19.54,6.81,12.44,0.0,0.39,1.7,17.96
1995-08-28,19.65,3.7,10.71,0.0,0.39,1.54,17.87
1995-08-29,23.82,3.61,12.85,0.0,0.39,3.1,18.36
1995-08-30,28.11,9.35,17.34,0.03,0.39,4.35,17.88
1995-08-31,22.95,9.19,15.16,1.82,0.39,9.33,9.17
1995-09-01,15.94,7.25,10.42,3.85,0.39,3.44,15.88
1995-09-02,17.11,2.74,9.6,0.04,0.39,1.2,17.94
1995-09-03,18.12,3.19,9.97,0.0,0.39,1.54,17.67
1995-09-04,21.88,5.72,12.44,5.04,0.39,1.76,17.46
1995-09-05,11.71,2.92,7.54,2.95,0.4,0.78,16.27
1995-09-06,13.5,0.27,6.05,0.0,0.4,-0.87,17.33
1995-09-07,15.77,0.22,7.84,0.0,0.4,-1.15,17.38
1995-09-08,18.87,1.79,10.34,0.02,0.39,-2.81,13.16
1995-09-09,19.88,6.39,12.38,0.0,0.39,3.75,16.39
1995-09-10,20.15,5.12,11.91,0.0,0.39,4.65,19.55
1995-09-11,19.41,4.97,11.76,0.0,0.39,4.78,20.67
1995-09-12,21.82,5.43,12.92,0.03,0.39,4.55,19.32
1995-09-13,26.11,6.92,15.84,0.0,0.38,3.08,19.58
1995-09-14,23.19,11.29,16.26,0.21,0.38,3.93,12.81
1995-09-15,24.7,9.22,16.31,0.13,0.38,9.46,19.86
1995-09-16,24.11,8.27,15.26,1.86,0.38,10.04,13.7
1995-09-17,22.62,9.48,16.24,0.4,0.38,11.66,16.95
1995-09-18,25.75,11.64,19.09,0.54,0.38,12.13,17.69
1995-09-19,28.71,16.17,21.84,0.18,0.38,11.38,20.71
1995-09-20,25.19,12.19,17.62,0.06,0.38,7.18,17.36
1995-09-21,19.64,7.16,13.01,0.0,0.37,5.24,21.61
1995-09-22,23.22,7.1,15.29,0.0,0.37,6.48,21.86
1995-09-23,24.87,10.67,15.58,1.63,0.37,6.51,10.9
1995-09-24,19.28,9.29,14.47,8.82,0.38,8.87,14.01
1995-09-25,18.65,10.31,13.54,2.11,0.39,7.79,16.12
1995-09-26,21.69,6.54,13.35,0.07,0.39,5.14,24.44
1995-09-27,23.13,5.11,14.0,0.0,0.38,1.76,24.17
1995-09-28,25.67,10.96,17.18,0.0,0.38,5.11,23.59
1995-09-29,26.62,9.13,17.47,0.0,0.38,7.28,20.76
1995-09-30,26.14,11.92,18.28,0.01,0.37,6.04,13.8
1995-10-01,28.39,10.75,19.39,0.05,0.37,6.76,21.55
1995-10-02,20.83,11.12,14.96,14.83,0.38,10.87,7.05
1995-10-03,17.24,7.78,11.62,2.08,0.4,5.96,17.38
1995-10-04,20.35,4.35,12.67,0.0,0.39,2.77,24.06
1995-10-05,23.47,6.57,14.63,0.11,0.39,1.86,19.93
1995-10-06,24.17,10.75,16.77,0.05,0.39,8.23,19.99
1995-10-07,24.06,9.48,16.33,0.0,0.38,3.88,24.34
1995-10-08,20.76,8.11,13.56,0.3,0.38,1.82,25.57
1995-10-09,24.35,4.21,14.75,0.0,0.38,0.22,25.11
1995-10-10,27.73,10.62,18.24,0.0,0.37,0.91,23.56
1995-10-11,32.25,10.84,20.84,0.13,0.37,4.24,23.2
1995-10-12,33.99,13.38,23.78,3.84,0.37,12.48,23.04
1995-10-13,22.44,11.54,16.66,0.33,0.37,5.02,24.07
1995-10-14,20.65,7.74,13.63,0.0,0.37,2.87,26.33
1995-10-15,24.27,4.9,14.73,0.0,0.37,2.54,26.51
1995-10-16,28.09,7.97,18.62,0.0,0.36,1.6,26.73
1995-10-17,30.44,10.52,20.73,0.0,0.36,2.2,25.77
1995-10-18,33.69,13.59,23.95,0.0,0.36,3.18,23.36
1995-10-19,35.11,19.71,26.78,0.0,0.36,5.05,25.6
1995-10-20,22.94,10.16,17.45,0.1,0.35,5.92,26.75
1995-10-21,31.45,8.93,17.97,9.35,0.36,10.32,14.52
1995-10-22,18.52,10.09,14.72,10.3,0.38,9.28,13.39
1995-10-23,20.04,7.45,14.17,1.62,0.39,8.14,16.09
1995-10-24,25.41,7.42,16.77,0.0,0.38,7.25,28.21
1995-10-25,26.05,12.09,19.15,0.0,0.38,8.44,20.78
1995-10-26,26.62,12.17,19.08,0.0,0.37,5.73,29.53
1995-10-27,26.04,10.61,17.6,0.0,0.37,7.37,26.96
1995-10-28,32.26,12.56,21.96,0.0,0.37,5.85,23.97
1995-10-29,27.53,11.76,19.93,0.0,0.36,7.34,29.1
1995-10-30,26.39,12.41,18.55,0.0,0.36,5.44,19.03
1995-10-31,28.56,6.86,18.15,0.0,0.36,1.96,30.02
1995-11-01,33.56,13.09,23.53,0.0,0.36,6.89,21.27
1995-11-02,32.45,19.85,24.67,0.36,0.35,10.8,12.42
1995-11-03,25.08,17.95,21.16,6.19,0.36,13.25,14.74
1995-11-04,25.71,14.59,20.17,0.66,0.37,12.2,19.7
1995-11-05,21.16,10.38,14.56,19.12,0.38,8.49,16.17
1995-11-06,20.63,9.12,15.07,2.48,0.39,7.55,21.53
1995-11-07,23.16,8.61,16.03,0.08,0.39,7.58,20.84
1995-11-08,28.93,13.28,21.09,0.0,0.38,5.73,31.47
1995-11-09,35.06,17.15,24.23,0.43,0.38,8.28,14.12
1995-11-10,22.88,15.02,18.04,3.61,0.38,8.74,14.01
1995-11-11,24.02,11.76,17.64,0.0,0.38,6.33,26.0
1995-11-12,27.93,8.72,18.6,0.03,0.37,3.1,32.15
1995-11-13,31.65,11.63,22.12,0.32,0.37,7.36,25.88
1995-11-14,24.37,15.39,19.67,10.39,0.39,11.59,21.45
1995-11-15,26.51,11.08,18.85,0.0,0.38,6.92,31.8
1995-11-16,29.93,12.51,21.63,0.0,0.38,7.64,31.8
1995-11-17,31.92,16.25,24.34,1.37,0.37,13.27,30.08
1995-11-18,32.72,17.61,24.1,0.6,0.37,14.15,23.93
1995-11-19,27.58,16.27,21.05,0.25,0.37,10.18,19.06
1995-11-20,24.56,14.05,20.0,0.61,0.37,11.86,20.6
1995-11-21,23.85,15.1,19.58,0.12,0.37,11.17,23.97
1995-11-22,21.81,12.06,17.5,0.94,0.37,10.06,18.84
1995-11-23,24.69,8.85,16.63,0.0,0.37,1.33,32.52
1995-11-24,28.65,11.99,20.03,0.0,0.36,4.23,27.23
1995-11-25,29.0,10.57,20.34,0.0,0.36,3.33,27.05
1995-11-26,39.67,16.91,28.09,0.07,0.36,6.48,22.42
1995-11-27,35.8,17.67,27.47,0.01,0.35,5.34,32.3
1995-11-28,36.76,21.77,26.72,2.4,0.35,11.45,18.12
1995-11-29,34.17,20.28,26.58,2.88,0.35,14.25,24.85
1995-11-30,33.84,16.29,24.72,2.95,0.36,10.81,23.16
1995-12-01,28.56,15.78,21.56,0.27,0.36,4.08,34.15
1995-12-02,30.72,11.95,22.03,0.02,0.35,3.5,34.08
1995-12-03,34.4,15.21,25.96,0.0,0.35,2.02,33.6
1995-12-04,34.02,16.06,25.1,1.57,0.35,7.51,19.08
1995-12-05,25.37,13.3,18.12,3.21,0.35,5.14,21.39
1995-12-06,25.18,10.97,18.22,0.44,0.35,6.18,25.11
1995-12-07,28.75,10.71,20.17,0.0,0.35,1.94,33.68
1995-12-08,32.92,14.1,24.14,0.43,0.35,2.16,33.57
1995-12-09,38.31,17.74,28.18,0.16,0.34,6.76,24.47
1995-12-10,29.03,17.21,22.91,0.42,0.34,5.43,21.59
1995-12-11,22.86,11.15,17.13,0.11,0.34,1.17,33.73
1995-12-12,23.29,9.35,16.18,0.0,0.34,-1.34,34.43
1995-12-13,29.71,10.14,21.07,0.0,0.34,0.0,33.64
1995-12-14,29.93,17.03,23.68,0.02,0.34,1.96,23.16
1995-12-15,35.6,16.29,27.21,0.0,0.34,3.89,33.96
1995-12-16,34.24,21.67,28.43,0.0,0.33,8.49,24.89
1995-12-17,37.47,19.79,28.81,1.45,0.33,11.64,25.67
1995-12-18,28.16,17.93,23.59,0.22,0.34,7.73,33.94
1995-12-19,23.37,13.49,18.46,0.08,0.33,5.67,19.98
1995-12-20,25.66,10.82,18.61,0.0,0.33,5.34,27.67
1995-12-21,28.84,11.75,20.13,0.0,0.33,4.34,34.01
1995-12-22,30.05,13.65,22.01,0.01,0.33,1.24,20.64
1995-12-23,28.17,11.79,20.33,0.0,0.33,-0.36,33.79
1995-12-24,30.05,12.37,21.32,0.0,0.33,2.76,33.72
1995-12-25,32.01,12.19,22.74,0.0,0.33,2.52,33.81
1995-12-26,35.73,16.15,26.29,0.0,0.33,3.29,33.91
1995-12-27,35.54,19.25,28.13,0.0,0.33,4.27,27.72
1995-12-28,33.17,16.91,25.22,0.0,0.32,2.08,33.98
1995-12-29,36.41,16.74,27.05,0.0,0.32,4.22,34.01
1995-12-30,39.76,18.94,30.37,0.0,0.32,3.98,31.53
1995-12-31,38.27,23.76,31.0,9.09,0.32,14.76,22.34
1996-01-01,31.33,21.59,25.37,11.21,0.35,18.15,21.58
1996-01-02,31.3,19.21,24.65,0.06,0.35,13.72,28.34
1996-01-03,28.65,14.15,21.69,0.05,0.35,10.04,34.02
1996-01-04,32.76,15.96,25.04,0.32,0.34,10.94,32.37
1996-01-05,31.83,20.24,25.59,8.09,0.35,15.41,27.7
1996-01-06,33.52,19.05,26.32,0.65,0.35,13.37,32.8
1996-01-07,35.29,19.62,27.75,0.04,0.34,11.82,28.51
1996-01-08,30.31,19.39,25.44,1.18,0.34,13.07,19.35
1996-01-09,33.54,20.97,26.83,0.16,0.34,11.47,32.7
1996-01-10,33.46,19.57,27.33,0.81,0.34,12.74,25.15
1996-01-11,35.49,21.47,28.67,0.05,0.34,12.71,30.9
1996-01-12,38.34,21.9,30.22,0.0,0.33,9.47,33.38
1996-01-13,39.6,21.04,30.63,0.0,0.33,7.08,34.04
1996-01-14,42.53,22.25,33.52,0.01,0.33,9.12,33.74
1996-01-15,39.15,26.25,32.41,0.08,0.33,9.48,32.03
1996-01-16,36.07,21.4,28.53,0.05,0.33,3.51,25.21
1996-01-17,38.65,19.98,30.17,1.22,0.33,10.54,28.63
1996-01-18,34.64,23.18,28.41,8.28,0.34,16.51,20.14
1996-01-19,31.1,21.75,26.32,23.29,0.37,17.27,24.81
1996-01-20,38.49,18.56,28.08,0.13,0.37,10.5,18.58
1996-01-21,27.34,12.54,19.97,0.0,0.36,0.79,23.8
1996-01-22,29.93,13.78,22.03,0.0,0.35,2.95,31.31
1996-01-23,32.61,15.63,25.03,0.04,0.35,11.74,28.02
1996-01-24,33.91,18.32,25.42,3.33,0.35,12.18,29.09
1996-01-25,23.89,11.8,18.09,0.0,0.35,2.02,30.86
1996-01-26,28.4,12.26,20.77,0.0,0.35,3.07,31.17
1996-01-27,30.89,12.55,22.27,0.0,0.34,3.12,30.68
1996-01-28,34.05,15.74,25.48,0.0,0.34,3.85,30.64
1996-01-29,38.57,19.85,28.6,0.0,0.34,3.43,30.16
1996-01-30,36.1,15.54,26.56,0.0,0.34,3.48,28.83
1996-01-31,30.56,18.93,25.65,0.0,0.33,1.73,26.89
1996-02-01,27.9,14.66,21.03,0.0,0.33,5.26,28.79
1996-02-02,29.15,14.32,21.71,0.0,0.33,5.93,31.36
1996-02-03,29.78,13.71,21.6,0.0,0.33,2.82,31.46
1996-02-04,33.94,14.15,24.85,0.0,0.33,1.15,30.94
1996-02-05,38.03,20.76,28.95,0.0,0.33,1.15,30.35
1996-02-06,36.45,20.43,28.26,0.0,0.33,4.51,30.73
1996-02-07,40.74,19.97,30.79,0.0,0.33,5.5,28.95
1996-02-08,34.66,14.66,23.97,0.29,0.32,7.7,14.4
1996-02-09,21.61,10.93,16.43,0.39,0.33,4.0,21.08
1996-02-10,24.03,12.62,17.78,1.27,0.33,7.68,15.09
1996-02-11,27.86,12.41,20.31,0.01,0.33,6.29,28.05
1996-02-12,27.11,9.91,18.48,0.01,0.33,1.9,30.65
1996-02-13,28.13,10.93,19.4,0.0,0.32,-0.57,30.47
1996-02-14,29.82,11.8,20.95,0.0,0.32,2.64,29.75
1996-02-15,30.8,12.87,21.87,0.0,0.32,4.63,29.56
1996-02-16,31.34,13.65,22.49,0.0,0.32,5.9,29.3
1996-02-17,34.72,14.62,25.58,0.0,0.32,2.7,29.97
1996-02-18,36.99,19.89,28.06,0.0,0.32,0.09,29.58
1996-02-19,36.5,18.45,27.06,0.0,0.32,1.1,29.44
1996-02-20,36.77,17.95,27.21,0.0,0.32,8.42,25.42
1996-02-21,32.35,20.24,25.78,0.0,0.32,10.99,21.18
1996-02-22,32.26,19.15,25.46,0.0,0.32,8.77,24.94
1996-02-23,28.63,19.75,23.82,0.0,0.32,7.37,19.72
1996-02-24,31.31,18.69,24.64,0.0,0.32,9.08,23.64
1996-02-25,32.34,19.2,25.6,0.0,0.32,10.2,26.15
1996-02-26,34.6,18.7,26.88,0.29,0.31,7.57,23.37
1996-02-27,36.46,21.85,27.8,1.67,0.31,9.42,19.29
1996-02-28,25.68,15.7,21.16,11.65,0.33,14.09,13.34
1996-02-29,24.99,11.35,17.79,0.0,0.34,6.35,27.4
1996-03-01,27.8,11.24,19.47,0.0,0.33,6.43,26.87
1996-03-02,31.48,13.09,22.38,0.0,0.33,8.05,26.82
1996-03-03,32.96,15.79,24.35,0.0,0.33,7.8,27.12
1996-03-04,35.05,16.33,25.62,0.07,0.32,7.15,26.43
1996-03-05,35.04,21.73,27.76,1.67,0.32,13.01,23.58
1996-03-06,35.89,21.57,28.55,0.17,0.32,12.39,25.05
1996-03-07,28.69,16.84,23.18,1.51,0.32,12.27,20.83
1996-03-08,29.71,11.62,21.04,0.02,0.32,8.99,25.14
1996-03-09,28.54,15.85,21.72,0.0,0.32,8.26,25.68
1996-03-10,29.59,15.08,22.09,0.2,0.32,8.52,25.08
1996-03-11,31.11,15.58,23.54,0.0,0.32,8.5,23.46
1996-03-12,33.17,19.77,26.33,0.0,0.32,8.82,21.86
1996-03-13,34.94,19.29,27.15,0.0,0.32,7.58,23.22
1996-03-14,37.46,20.11,28.68,0.0,0.32,5.35,22.86
1996-03-15,37.58,23.13,29.93,0.0,0.31,6.35,22.36
1996-03-16,27.09,18.05,23.69,16.0,0.33,12.07,20.42
1996-03-17,23.79,13.26,18.06,0.08,0.34,5.51,23.11
1996-03-18,23.75,9.81,16.23,0.03,0.33,3.79,22.96
1996-03-19,25.75,11.39,18.83,0.0,0.33,4.47,22.67
1996-03-20,22.23,11.51,16.52,0.0,0.33,1.62,22.3
1996-03-21,23.84,9.83,16.27,0.0,0.33,5.16,21.91
1996-03-22,25.75,8.99,17.25,0.0,0.33,4.65,21.81
1996-03-23,28.04,14.66,20.16,0.0,0.33,8.74,16.85
1996-03-24,32.16,16.14,23.84,0.0,0.32,9.43,18.82
1996-03-25,32.72,17.81,24.69,0.02,0.32,9.28,20.17
1996-03-26,32.86,18.46,24.99,0.01,0.32,9.4,20.15
1996-03-27,31.95,17.44,24.5,0.0,0.32,9.12,18.71
1996-03-28,32.68,17.27,24.52,0.0,0.32,7.55,20.67
1996-03-29,32.91,17.09,25.04,0.0,0.32,7.26,18.28
1996-03-30,29.03,17.54,23.0,0.08,0.32,9.69,13.86
1996-03-31,25.22,12.46,18.2,0.0,0.32,5.26,19.25
1996-04-01,24.03,10.67,16.82,0.0,0.32,6.16,20.55
1996-04-02,24.06,8.92,16.17,0.0,0.32,3.86,21.07
1996-04-03,24.56,9.23,16.59,0.0,0.32,5.38,20.65
1996-04-04,26.56,12.43,18.47,0.09,0.32,5.18,20.42
1996-04-05,27.9,12.64,19.66,0.04,0.32,7.15,19.09
1996-04-06,31.59,15.03,23.05,0.04,0.32,6.55,14.38
1996-04-07,23.14,12.87,18.57,1.16,0.32,11.3,10.82
1996-04-08,21.67,8.63,14.59,0.0,0.32,5.56,19.35
1996-04-09,19.25,6.66,13.02,0.01,0.32,4.11,14.55
1996-04-10,18.49,6.57,12.28,0.0,0.32,2.91,14.54
1996-04-11,17.12,5.52,11.53,0.09,0.32,4.5,15.98
1996-04-12,22.29,7.83,14.8,0.0,0.32,3.88,19.69
1996-04-13,25.98,9.11,17.4,0.23,0.32,3.72,14.36
1996-04-14,19.82,10.09,15.39,0.46,0.32,7.15,11.71
1996-04-15,21.2,9.87,15.27,0.06,0.32,7.24,11.07
1996-04-16,21.36,7.66,14.18,0.0,0.32,5.97,16.88
1996-04-17,17.73,6.36,11.71,0.0,0.32,2.1,16.88
1996-04-18,18.49,6.19,11.7,0.0,0.32,4.58,12.5
1996-04-19,19.25,5.48,11.73,0.0,0.32,4.87,18.49
1996-04-20,22.08,7.3,14.09,0.0,0.32,2.95,18.23
1996-04-21,26.14,7.85,16.45,0.0,0.31,-0.06,16.17
1996-04-22,25.14,8.42,16.31,0.0,0.31,3.74,17.65
1996-04-23,26.41,11.73,17.97,0.0,0.31,3.91,16.14
1996-04-24,27.13,12.56,18.92,0.0,0.31,2.4,15.51
1996-04-25,25.96,11.58,18.2,0.0,0.31,2.98,17.09
1996-04-26,27.86,11.77,19.41,0.0,0.31,3.32,16.7
1996-04-27,22.0,10.11,16.29,0.0,0.31,6.71,14.69
1996-04-28,21.94,5.5,12.82,0.0,0.31,0.02,16.08
1996-04-29,23.05,9.5,16.26,1.05,0.31,9.27,11.91
1996-04-30,19.51,14.15,16.52,7.91,0.32,12.58,3.5
1996-05-01,19.21,12.3,15.3,5.7,0.34,12.29,7.12
1996-05-02,24.71,12.09,17.94,0.31,0.34,11.27,13.17
1996-05-03,26.33,12.92,19.33,0.12,0.33,11.01,14.57
1996-05-04,19.55,14.9,16.62,2.98,0.33,13.57,5.76
1996-05-05,21.37,14.97,17.31,8.52,0.35,15.24,6.66
1996-05-06,24.03,14.13,18.2,3.55,0.35,14.52,11.46
1996-05-07,21.31,11.24,15.78,0.47,0.35,10.85,12.32
1996-05-08,20.84,7.1,13.14,0.0,0.35,5.19,14.57
1996-05-09,25.44,8.27,16.16,0.0,0.35,8.51,14.65
1996-05-10,26.15,11.17,18.04,0.0,0.34,10.14,14.15
1996-05-11,27.66,10.69,19.05,0.0,0.34,8.15,13.67
1996-05-12,25.61,9.9,17.06,0.0,0.34,9.36,13.03
1996-05-13,18.55,5.82,11.52,0.0,0.34,5.3,13.52
1996-05-14,18.86,5.2,10.88,0.0,0.34,3.74,14.55
1996-05-15,19.22,3.69,10.51,0.0,0.34,2.21,14.18
1996-05-16,20.82,3.67,11.24,0.0,0.34,2.87,13.95
1996-05-17,21.08,6.15,12.57,0.0,0.34,4.63,13.75
1996-05-18,20.74,5.89,13.05,0.0,0.34,4.78,11.22
1996-05-19,19.7,9.88,13.51,0.0,0.34,4.97,8.52
1996-05-20,18.32,6.76,11.48,0.0,0.34,5.78,12.97
1996-05-21,16.02,3.82,8.74,0.0,0.34,2.91,12.91
1996-05-22,16.64,5.29,9.97,0.0,0.34,5.59,10.21
1996-05-23,18.08,5.07,10.78,0.0,0.34,7.16,9.57
1996-05-24,19.25,7.39,12.25,0.0,0.34,7.31,11.56
1996-05-25,18.43,5.72,10.88,0.0,0.34,6.64,12.95
1996-05-26,18.84,3.84,9.92,0.0,0.33,4.26,12.4
1996-05-27,19.68,5.23,11.37,0.0,0.33,3.76,12.0
1996-05-28,18.19,7.45,11.39,0.0,0.33,3.23,12.37
1996-05-29,17.34,5.23,9.92,0.0,0.33,4.81,12.06
1996-05-30,16.99,2.53,9.03,0.0,0.33,1.82,12.38
1996-05-31,19.76,2.34,10.5,0.0,0.33,1.2,12.06
1996-06-01,22.54,8.3,14.75,0.0,0.33,8.5,7.23
1996-06-02,22.5,11.69,15.72,0.06,0.33,9.56,11.21
1996-06-03,23.84,11.39,16.68,0.13,0.33,12.1,8.54
1996-06-04,16.86,7.14,14.01,0.55,0.33,8.96,5.15
1996-06-05,16.31,2.93,8.96,0.0,0.33,-0.17,12.09
1996-06-06,15.53,4.55,9.55,0.01,0.33,1.59,10.77
1996-06-07,13.21,5.22,8.89,0.1,0.33,4.56,7.54
1996-06-08,15.41,3.58,8.52,0.01,0.33,2.52,6.4
1996-06-09,14.14,1.78,6.61,0.0,0.33,0.55,10.98
1996-06-10,16.62,1.21,7.51,0.0,0.33,1.72,11.73
1996-06-11,17.44,4.12,9.6,0.0,0.33,4.72,11.1
1996-06-12,17.94,4.0,9.66,0.0,0.33,3.88,11.47
1996-06-13,18.57,5.27,10.41,0.0,0.33,4.91,11.44
1996-06-14,17.83,5.52,10.22,0.0,0.33,5.33,11.06
1996-06-15,17.12,5.19,10.78,0.0,0.33,4.53,9.88
1996-06-16,16.28,7.08,11.26,0.0,0.33,5.45,10.73
1996-06-17,16.77,7.63,11.78,0.01,0.33,6.95,6.28
1996-06-18,19.4,6.86,12.03,0.0,0.33,3.89,11.48
1996-06-19,12.61,5.34,9.33,0.39,0.33,5.07,8.33
1996-06-20,19.84,9.24,12.77,1.92,0.33,9.0,7.31
1996-06-21,20.51,9.21,13.18,0.08,0.33,8.62,11.1
1996-06-22,17.15,8.89,12.77,7.91,0.34,10.19,4.77
1996-06-23,13.73,10.44,12.25,11.24,0.37,9.41,6.58
1996-06-24,15.44,6.91,9.77,0.43,0.37,6.55,7.66
1996-06-25,14.85,7.88,9.92,1.33,0.36,5.67,7.74
1996-06-26,15.03,5.19,10.32,0.14,0.36,4.0,10.18
1996-06-27,13.92,6.11,9.55,1.32,0.36,5.94,7.54
1996-06-28,15.64,3.2,9.05,0.05,0.36,3.84,9.85
1996-06-29,16.61,7.55,11.5,3.43,0.36,6.52,8.27
1996-06-30,15.63,5.57,9.55,1.29,0.36,6.65,6.4
1996-07-01,15.46,5.11,9.15,0.0,0.36,5.71,8.08
1996-07-02,15.38,6.21,9.88,0.0,0.36,4.09,10.75
1996-07-03,15.63,2.37,8.28,0.0,0.36,2.06,10.9
1996-07-04,18.72,3.18,9.96,0.02,0.36,3.18,7.72
1996-07-05,14.22,9.99,11.53,4.49,0.36,10.07,4.99
1996-07-06,13.44,5.59,8.92,0.24,0.37,4.81,9.1
1996-07-07,11.11,4.16,6.46,0.06,0.36,4.25,8.53
1996-07-08,13.55,3.46,7.15,0.03,0.36,2.42,11.93
1996-07-09,13.79,-0.05,6.7,0.0,0.36,0.6,11.43
1996-07-10,11.8,3.19,7.43,0.18,0.36,2.11,7.49
1996-07-11,11.9,1.17,6.02,1.09,0.36,2.37,7.59
1996-07-12,8.93,1.78,4.9,1.73,0.36,3.13,5.37
1996-07-13,10.07,0.99,5.16,0.49,0.37,2.66,7.1
1996-07-14,10.94,0.02,4.68,0.28,0.37,3.37,9.96
1996-07-15,11.38,2.16,5.22,0.06,0.36,3.09,10.44
1996-07-16,13.42,2.62,6.73,0.02,0.36,3.39,9.99
1996-07-17,13.86,2.6,7.79,0.26,0.36,4.67,5.63
1996-07-18,19.72,6.5,11.96,0.0,0.36,5.37,10.45
1996-07-19,17.18,8.55,11.82,7.06,0.37,6.9,6.7
1996-07-20,12.81,6.92,9.84,2.01,0.38,5.84,9.37
1996-07-21,13.5,3.99,7.98,0.62,0.38,4.67,9.61
1996-07-22,15.61,3.28,8.43,0.14,0.37,3.99,8.94
1996-07-23,17.88,3.48,9.6,1.78,0.37,3.36,6.41
1996-07-24,15.64,5.96,9.78,0.42,0.37,6.54,10.63
1996-07-25,16.29,3.72,10.39,1.26,0.37,4.22,11.28
1996-07-26,11.82,8.21,10.02,23.57,0.4,9.14,4.97
1996-07-27,17.35,9.59,13.43,10.12,0.43,12.37,5.01
1996-07-28,14.84,6.88,10.44,3.8,0.43,8.55,10.36
1996-07-29,12.75,6.99,9.93,3.79,0.43,8.09,8.3
1996-07-30,13.68,5.32,9.25,3.75,0.43,6.26,8.79
1996-07-31,15.64,2.46,8.99,0.27,0.43,2.22,9.26
1996-08-01,15.19,6.91,10.3,1.85,0.42,4.2,7.88
1996-08-02,18.0,5.76,10.87,0.0,0.42,4.03,14.53
1996-08-03,18.73,7.19,12.28,0.0,0.42,2.91,12.8
1996-08-04,18.11,5.02,11.81,0.02,0.42,4.55,14.11
1996-08-05,15.72,6.84,10.78,0.04,0.41,4.28,12.83
1996-08-06,19.58,5.08,11.38,7.27,0.41,3.88,13.46
1996-08-07,13.46,4.22,8.21,1.77,0.42,4.61,13.37
1996-08-08,11.32,2.86,5.84,0.29,0.42,1.85,13.96
1996-08-09,12.93,-0.35,5.97,0.02,0.42,1.9,10.87
1996-08-10,15.21,3.51,8.96,0.02,0.42,5.41,11.04
1996-08-11,17.7,3.93,9.75,0.02,0.42,5.41,15.18
1996-08-12,20.56,3.62,11.04,0.04,0.42,2.64,15.22
1996-08-13,22.28,5.2,12.86,0.0,0.41,1.91,15.32
1996-08-14,21.45,7.99,13.42,0.01,0.41,5.3,15.61
1996-08-15,16.26,8.13,11.12,0.69,0.41,9.0,5.39
1996-08-16,17.15,6.95,10.84,0.03,0.41,5.55,13.01
1996-08-17,17.2,4.07,9.94,0.22,0.41,2.31,16.07
1996-08-18,7.54,2.94,5.35,6.09,0.42,2.78,8.42
1996-08-19,10.55,1.24,4.53,0.73,0.42,0.16,14.81
1996-08-20,14.6,0.07,6.46,0.0,0.42,2.13,14.87
1996-08-21,13.49,3.99,8.49,0.02,0.42,1.89,14.33
1996-08-22,10.25,5.5,7.31,6.62,0.42,3.91,7.3
1996-08-23,15.81,5.19,10.03,0.44,0.43,6.63,12.08
1996-08-24,17.23,3.19,10.42,0.0,0.42,4.07,17.02
1996-08-25,19.35,2.65,11.28,0.0,0.42,1.58,15.78
1996-08-26,21.28,5.22,13.55,0.02,0.42,2.48,16.89
1996-08-27,21.06,10.29,14.83,0.14,0.41,6.37,12.33
1996-08-28,19.75,7.86,13.1,0.0,0.41,7.3,14.04
1996-08-29,16.79,6.19,11.37,0.0,0.41,7.02,15.19
1996-08-30,14.06,7.94,10.52,1.33,0.41,7.17,9.63
1996-08-31,17.97,5.11,10.79,0.02,0.41,3.91,17.69
1996-09-01,17.99,3.38,9.35,0.01,0.41,2.09,17.99
1996-09-02,12.77,3.4,8.16,1.92,0.41,2.63,13.5
1996-09-03,16.08,4.09,9.44,0.01,0.41,4.62,16.42
1996-09-04,19.56,3.73,10.98,0.0,0.41,3.92,16.04
1996-09-05,19.37,3.36,11.52,0.04,0.41,4.87,16.53
1996-09-06,17.5,4.53,10.84,0.15,0.4,4.63,16.36
1996-09-07,21.59,5.48,12.85,0.0,0.4,2.62,17.31
1996-09-08,18.3,3.89,11.21,0.0,0.4,3.92,17.82
1996-09-09,21.61,5.67,13.53,0.22,0.4,5.51,13.44
1996-09-10,17.24,4.1,10.1,0.03,0.4,3.7,19.67
1996-09-11,25.19,4.51,15.45,0.98,0.4,3.93,19.78
1996-09-12,16.96,7.68,11.75,4.91,0.4,4.2,16.97
1996-09-13,16.33,4.95,10.57,0.03,0.4,1.86,16.95
1996-09-14,19.52,6.53,12.58,0.0,0.4,3.98,20.81
1996-09-15,25.73,7.86,15.62,0.0,0.4,2.06,19.74
1996-09-16,30.99,11.11,20.21,0.0,0.39,2.1,21.44
1996-09-17,26.24,11.65,18.4,0.0,0.39,7.78,21.67
1996-09-18,31.56,12.07,21.2,0.01,0.38,6.57,21.79
1996-09-19,26.42,11.71,19.67,2.14,0.38,7.01,10.32
1996-09-20,14.05,6.32,10.69,0.71,0.38,3.29,16.42
1996-09-21,15.6,2.87,8.84,0.05,0.38,-1.57,20.74
1996-09-22,19.9,3.76,11.79,0.0,0.38,-2.63,23.17
1996-09-23,26.36,6.69,16.11,0.0,0.38,0.87,19.47
1996-09-24,21.97,9.39,15.34,0.01,0.38,5.42,24.08
1996-09-25,21.6,4.82,13.72,0.01,0.38,1.21,24.17
1996-09-26,25.67,8.17,16.38,0.0,0.37,1.33,19.67
1996-09-27,19.96,4.22,11.62,0.0,0.37,-0.26,24.22
1996-09-28,16.34,6.41,12.0,8.33,0.38,7.51,9.66
1996-09-29,21.63,13.73,16.73,6.81,0.4,10.57,17.91
1996-09-30,17.98,9.32,13.49,2.29,0.4,5.16,19.75
1996-10-01,18.93,6.49,12.34,0.09,0.39,3.72,18.4
1996-10-02,22.92,6.41,14.57,0.0,0.39,4.6,21.82
1996-10-03,24.51,10.86,17.17,0.0,0.39,6.27,21.82
1996-10-04,27.17,10.11,18.35,0.0,0.38,5.35,22.47
1996-10-05,27.38,11.73,17.75,11.43,0.39,9.25,12.32
1996-10-06,23.55,10.76,16.68,0.44,0.4,10.3,16.29
1996-10-07,22.73,6.59,14.31,0.0,0.39,4.62,25.49
1996-10-08,25.86,6.75,16.64,0.07,0.39,7.43,25.59
1996-10-09,26.43,9.31,18.7,0.03,0.39,7.54,24.46
1996-10-10,30.46,13.78,22.1,0.0,0.38,10.24,21.76
1996-10-11,32.64,15.95,23.89,8.7,0.38,14.13,21.24
1996-10-12,21.06,9.08,14.19,0.3,0.39,4.33,20.79
1996-10-13,23.59,6.56,14.9,0.0,0.39,5.47,27.14
1996-10-14,27.24,8.83,17.97,0.01,0.38,6.32,26.68
1996-10-15,30.57,10.99,21.18,0.0,0.38,6.79,26.36
1996-10-16,28.31,16.88,21.37,3.33,0.38,11.25,16.76
1996-10-17,20.86,14.15,17.12,16.4,0.4,14.82,12.88
1996-10-18,25.75,10.77,17.88,0.08,0.41,7.77,26.49
1996-10-19,24.74,9.42,16.7,0.06,0.4,4.43,25.59
1996-10-20,19.66,3.71,11.56,0.0,0.39,-1.03,28.82
1996-10-21,23.5,4.63,14.38,0.0,0.39,2.06,27.85
1996-10-22,26.89,7.74,17.62,0.0,0.39,4.77,28.74
1996-10-23,28.85,10.98,19.63,0.07,0.38,6.87,28.77
1996-10-24,31.28,12.46,21.79,0.0,0.38,6.5,28.72
1996-10-25,33.88,14.11,23.01,0.0,0.37,7.81,27.82
1996-10-26,26.45,11.68,18.28,0.07,0.37,6.77,26.22
1996-10-27,27.1,9.88,18.33,0.05,0.37,4.49,29.5
1996-10-28,26.59,8.9,17.64,0.07,0.37,3.48,29.52
1996-10-29,27.42,11.37,18.86,0.0,0.36,2.48,29.22
1996-10-30,24.33,9.79,16.35,0.0,0.36,2.24,29.67
1996-10-31,26.68,7.72,17.43,0.09,0.36,1.96,29.55
1996-11-01,26.9,12.38,20.11,0.0,0.36,10.08,26.7
1996-11-02,31.06,16.69,23.39,0.01,0.36,9.31,22.98
1996-11-03,22.42,16.77,19.32,3.01,0.36,10.96,16.7
1996-11-04,23.42,12.74,17.4,24.97,0.4,11.1,18.94
1996-11-05,19.73,9.25,14.79,0.69,0.4,8.29,23.43
1996-11-06,24.04,10.16,16.37,0.01,0.4,5.38,27.51
1996-11-07,24.46,9.63,17.23,0.0,0.39,6.56,29.0
1996-11-08,27.84,12.94,20.85,0.0,0.38,11.09,30.13
1996-11-09,28.67,14.59,21.22,0.0,0.38,6.11,30.04
1996-11-10,21.05,9.76,15.01,0.0,0.38,1.34,30.57
1996-11-11,22.11,5.61,14.28,0.0,0.37,1.51,30.84
1996-11-12,26.71,9.34,18.08,0.02,0.37,6.87,31.37
1996-11-13,36.07,13.88,25.17,0.06,0.37,2.21,22.81
1996-11-14,28.91,17.32,22.63,0.06,0.36,10.42,21.73
1996-11-15,27.79,13.8,20.69,0.89,0.36,6.44,29.33
1996-11-16,34.25,15.33,24.96,2.26,0.36,9.72,11.03
1996-11-17,24.9,14.38,19.33,8.3,0.37,10.64,15.85
1996-11-18,22.74,10.08,16.47,0.23,0.38,5.89,21.66
1996-11-19,24.2,7.21,15.94,0.0,0.37,1.46,32.78
1996-11-20,26.55,10.58,18.55,0.07,0.37,3.66,32.18
1996-11-21,22.65,8.53,15.52,0.0,0.37,1.18,25.96
1996-11-22,19.61,7.02,13.41,0.07,0.36,1.13,32.13
1996-11-23,23.77,7.09,15.34,0.0,0.36,0.08,32.01
1996-11-24,28.06,8.35,18.94,0.0,0.36,3.07,32.86
1996-11-25,32.47,12.42,22.66,0.0,0.36,2.82,32.95
1996-11-26,31.13,14.11,22.49,0.0,0.35,5.84,33.19
1996-11-27,33.88,16.71,24.76,0.0,0.35,4.67,29.67
1996-11-28,28.83,14.43,21.19,0.0,0.35,0.89,32.45
1996-11-29,30.69,13.33,22.12,0.0,0.35,1.26,32.87
1996-11-30,25.8,11.67,18.85,0.0,0.35,1.33,33.17
1996-12-01,32.26,14.61,23.48,0.01,0.34,5.5,15.16
1996-12-02,33.34,21.47,26.94,0.01,0.34,9.55,19.29
1996-12-03,31.82,16.24,23.94,0.05,0.34,6.11,30.56
1996-12-04,33.43,16.68,25.31,0.0,0.34,6.75,33.08
1996-12-05,34.91,15.83,26.14,0.0,0.34,5.82,32.36
1996-12-06,29.04,21.26,24.4,11.24,0.34,15.11,12.33
1996-12-07,25.32,12.56,19.57,1.24,0.36,4.94,30.03
1996-12-08,27.29,9.74,19.1,0.03,0.35,-0.2,33.74
1996-12-09,28.1,12.39,20.41,0.04,0.35,4.04,33.64
1996-12-10,29.86,11.95,21.46,0.0,0.35,3.78,33.8
1996-12-11,33.11,14.49,24.34,0.0,0.34,3.52,30.73
1996-12-12,32.3,14.17,23.09,0.0,0.34,-0.38,33.58
1996-12-13,31.25,13.48,22.19,0.0,0.34,0.88,33.8
1996-12-14,32.07,14.27,23.51,0.0,0.34,5.35,25.64
1996-12-15,35.35,17.43,26.79,0.0,0.34,2.64,32.77
1996-12-16,37.14,20.57,28.55,0.51,0.34,7.77,30.75
1996-12-17,25.4,17.42,20.83,0.69,0.34,4.1,14.45
1996-12-18,28.17,12.48,20.79,0.27,0.33,2.36,34.15
1996-12-19,28.19,13.51,20.71,0.0,0.33,3.69,33.98
1996-12-20,30.69,13.71,21.83,0.0,0.33,3.74,34.38
1996-12-21,35.44,14.49,25.99,0.0,0.33,4.97,33.79
1996-12-22,38.19,21.1,29.98,0.0,0.33,9.09,26.63
1996-12-23,40.04,22.56,30.93,0.0,0.33,8.66,30.04
1996-12-24,42.02,25.07,33.55,1.06,0.33,10.34,23.21
1996-12-25,41.72,23.17,31.9,2.15,0.33,12.51,18.1
1996-12-26,26.96,15.83,21.7,5.47,0.34,4.72,30.79
1996-12-27,35.99,11.71,24.89,2.7,0.34,11.21,32.76
1996-12-28,37.35,22.21,29.17,0.71,0.34,9.93,32.77
1996-12-29,33.03,16.5,24.83,0.1,0.33,1.57,33.9
1996-12-30,31.0,14.51,23.11,0.03,0.33,0.65,33.57
1996-12-31,29.2,13.65,21.71,0.0,0.33,1.47,33.52
1997-01-01,32.57,13.44,23.66,0.0,0.33,5.01,33.47
1997-01-02,34.12,19.16,26.66,0.0,0.33,6.97,31.2
1997-01-03,35.28,21.0,28.13,1.11,0.32,8.95,23.12
1997-01-04,36.53,19.96,28.45,0.0,0.33,7.8,31.29
1997-01-05,34.01,20.43,26.7,0.16,0.32,6.13,25.41
1997-01-06,36.96,20.66,28.63,2.61,0.32,8.69,30.64
1997-01-07,25.43,15.53,20.12,0.66,0.33,3.16,33.69
1997-01-08,28.5,11.63,20.28,0.0,0.33,1.35,32.93
1997-01-09,34.24,14.74,24.98,0.0,0.32,3.87,33.6
1997-01-10,36.14,17.56,27.04,0.0,0.32,5.68,32.1
1997-01-11,34.06,20.32,26.84,0.0,0.32,8.67,32.75
1997-01-12,32.08,19.35,24.93,0.0,0.32,5.66,22.81
1997-01-13,32.86,17.3,25.02,0.0,0.32,4.64,32.14
1997-01-14,33.41,18.75,26.6,0.03,0.32,11.01,26.83
1997-01-15,30.81,21.52,25.57,9.19,0.33,16.78,22.15
1997-01-16,31.47,17.65,23.94,0.0,0.33,7.48,32.25
1997-01-17,34.07,14.58,24.54,0.0,0.33,1.9,32.39
1997-01-18,37.99,16.65,28.18,0.0,0.32,5.44,31.76
1997-01-19,37.99,24.94,31.55,0.0,0.32,14.94,30.95
1997-01-20,39.14,25.44,32.14,0.0,0.32,10.77,31.15
1997-01-21,38.65,22.44,30.78,0.0,0.32,6.5,30.78
1997-01-22,37.71,20.89,29.43,0.09,0.32,11.38,29.09
1997-01-23,32.96,20.73,26.45,1.2,0.32,9.45,20.97
1997-01-24,34.35,19.04,26.62,0.28,0.32,6.55,30.82
1997-01-25,33.24,21.95,27.12,0.74,0.32,11.71,23.14
1997-01-26,34.4,20.5,27.45,1.72,0.32,14.53,27.52
1997-01-27,33.32,22.1,26.6,11.99,0.33,16.6,19.48
1997-01-28,31.16,19.99,25.88,7.33,0.35,17.44,27.6
1997-01-29,33.22,21.3,27.47,1.95,0.35,15.81,25.35
1997-01-30,32.96,20.29,26.56,0.0,0.34,15.98,27.92
1997-01-31,35.88,20.06,28.12,0.0,0.34,14.6,29.51
1997-02-01,38.44,21.8,30.52,0.0,0.33,14.4,28.13
1997-02-02,39.54,23.67,32.37,0.21,0.33,14.29,23.95
1997-02-03,36.97,22.59,29.43,0.02,0.33,11.73,30.24
1997-02-04,38.05,21.15,29.94,0.0,0.33,10.23,29.93
1997-02-05,38.69,22.51,31.18,0.0,0.32,9.75,29.53
1997-02-06,38.36,25.39,32.23,0.0,0.32,10.18,28.11
1997-02-07,35.26,27.08,30.98,0.0,0.32,13.05,15.52
1997-02-08,40.42,26.26,32.63,0.07,0.32,13.74,21.02
1997-02-09,36.9,24.55,30.99,1.81,0.32,15.26,16.31
1997-02-10,33.26,21.11,27.18,0.77,0.32,16.47,24.82
1997-02-11,26.22,20.71,23.2,2.54,0.33,13.18,13.95
1997-02-12,33.07,20.46,26.52,2.47,0.33,17.84,23.13
1997-02-13,35.29,21.75,28.41,0.0,0.33,15.0,27.37
1997-02-14,36.54,22.43,29.2,0.0,0.32,14.04,27.0
1997-02-15,37.23,22.24,29.83,0.0,0.32,13.52,27.56
1997-02-16,39.92,23.85,32.05,0.0,0.32,9.37,26.98
1997-02-17,38.47,22.23,30.29,0.0,0.32,12.12,29.12
1997-02-18,38.35,22.51,30.3,0.0,0.32,13.28,29.14
1997-02-19,39.35,22.12,30.89,0.0,0.32,11.32,29.24
1997-02-20,36.83,21.09,29.64,0.0,0.32,9.82,28.11
1997-02-21,41.14,23.31,32.32,0.0,0.31,10.96,24.88
1997-02-22,42.47,26.75,34.83,0.0,0.31,13.52,21.96
1997-02-23,40.46,26.82,33.05,0.0,0.31,13.53,22.42
1997-02-24,37.13,22.8,30.12,0.0,0.31,12.27,24.71
1997-02-25,33.93,15.09,24.1,0.0,0.31,3.23,27.51
1997-02-26,33.29,15.46,24.38,0.0,0.31,0.98,26.02
1997-02-27,32.98,15.62,24.41,0.0,0.31,5.02,25.31
1997-02-28,35.09,17.47,26.57,0.0,0.31,7.49,26.81
1997-03-01,37.86,19.99,28.46,0.32,0.31,6.04,24.98
1997-03-02,32.72,18.02,24.53,0.36,0.31,12.75,24.99
1997-03-03,32.86,16.32,24.43,0.0,0.31,10.39,26.85
1997-03-04,33.07,18.86,25.26,0.0,0.31,8.28,26.21
1997-03-05,34.62,14.2,25.54,0.45,0.31,10.3,26.37
1997-03-06,34.57,21.3,27.11,3.45,0.31,15.58,20.94
1997-03-07,27.82,20.63,23.9,6.9,0.33,16.99,16.28
1997-03-08,32.67,19.72,25.67,0.55,0.33,14.45,22.59
1997-03-09,29.68,14.37,21.42,0.0,0.32,4.89,25.72
1997-03-10,31.94,13.96,23.21,0.68,0.32,8.54,24.52
1997-03-11,32.8,19.86,26.06,0.53,0.32,11.43,22.95
1997-03-12,35.06,21.18,27.44,0.09,0.32,8.78,22.84
1997-03-13,24.2,13.27,18.03,0.0,0.32,-0.85,24.87
1997-03-14,25.38,11.89,18.23,0.0,0.31,-0.19,23.44
1997-03-15,27.99,11.67,19.35,0.0,0.31,3.93,23.62
1997-03-16,28.36,12.03,20.04,0.0,0.31,4.47,24.14
1997-03-17,29.27,12.93,20.78,0.0,0.31,4.16,23.38
1997-03-18,32.8,13.91,23.84,0.0,0.31,1.78,23.1
1997-03-19,33.57,19.99,25.85,0.0,0.31,5.05,22.24
1997-03-20,25.93,15.41,20.13,0.0,0.31,5.28,23.25
1997-03-21,27.84,13.7,20.48,0.0,0.31,7.15,21.27
1997-03-22,28.81,13.67,20.93,0.0,0.31,4.37,22.56
1997-03-23,22.36,13.18,17.38,0.0,0.31,4.65,18.84
1997-03-24,25.06,8.59,16.73,0.0,0.31,4.33,21.55
1997-03-25,27.02,10.48,18.51,0.0,0.31,4.58,21.98
1997-03-26,30.29,12.81,21.63,0.0,0.31,5.66,21.76
1997-03-27,33.72,15.44,24.48,0.0,0.31,1.2,21.55
1997-03-28,24.75,11.68,17.44,0.0,0.31,0.77,20.47
1997-03-29,26.23,9.26,17.88,0.0,0.31,-0.68,19.3
1997-03-30,25.18,11.31,17.67,0.0,0.31,1.27,20.51
1997-03-31,24.44,10.76,16.78,0.0,0.31,1.73,20.42
1997-04-01,26.39,8.35,17.2,0.03,0.31,-1.46,18.69
1997-04-02,28.43,10.7,20.09,0.61,0.31,2.7,20.64
1997-04-03,23.65,12.46,17.61,0.24,0.31,3.92,20.54
1997-04-04,25.93,10.64,18.22,0.0,0.31,3.85,20.58
1997-04-05,25.36,9.6,17.41,0.0,0.31,6.82,20.48
1997-04-06,25.5,11.93,18.57,0.0,0.31,8.71,20.49
1997-04-07,18.58,8.77,13.55,0.0,0.31,1.01,19.32
1997-04-08,21.28,5.56,12.84,0.0,0.31,-0.66,20.52
1997-04-09,23.53,6.18,14.65,0.0,0.31,1.51,19.59
1997-04-10,25.09,8.6,16.55,0.0,0.31,4.3,19.86
1997-04-11,26.95,11.07,18.28,0.0,0.31,2.69,19.54
1997-04-12,30.43,11.2,20.11,0.0,0.3,3.31,19.57
1997-04-13,30.83,13.3,21.83,0.0,0.3,3.71,19.39
1997-04-14,30.76,14.92,21.14,0.0,0.3,1.6,19.43
1997-04-15,24.39,9.59,16.46,0.0,0.3,5.32,18.27
1997-04-16,27.28,8.94,17.65,0.0,0.3,2.43,18.88
1997-04-17,27.05,10.32,17.82,0.0,0.3,1.38,18.13
1997-04-18,23.92,10.13,16.35,0.0,0.3,7.12,18.0
1997-04-19,23.73,8.47,15.56,0.0,0.3,1.33,18.52
1997-04-20,24.9,10.82,17.2,0.0,0.3,2.26,18.14
1997-04-21,27.2,11.29,19.34,0.0,0.3,3.91,17.96
1997-04-22,30.12,13.58,21.89,0.0,0.3,2.37,16.57
1997-04-23,32.16,15.89,22.77,0.0,0.3,0.27,17.16
1997-04-24,27.75,14.68,20.51,0.0,0.3,4.56,14.02
1997-04-25,24.37,9.8,16.42,0.0,0.3,3.73,17.02
1997-04-26,23.57,7.02,14.53,0.0,0.3,-5.95,16.24
1997-04-27,27.19,8.18,17.41,0.0,0.3,-2.31,16.29
1997-04-28,28.72,11.48,19.58,0.0,0.3,2.03,16.57
1997-04-29,27.06,13.62,20.18,0.0,0.3,3.09,12.24
1997-04-30,29.16,15.64,21.47,0.0,0.3,4.12,15.51
1997-05-01,29.21,13.9,20.56,0.0,0.3,2.56,15.17
1997-05-02,27.72,16.9,21.17,0.0,0.3,4.82,8.47
1997-05-03,24.78,15.43,19.29,0.0,0.3,7.84,8.99
1997-05-04,26.93,13.57,19.83,1.98,0.3,8.98,9.04
1997-05-05,25.95,11.61,18.16,0.53,0.3,9.57,14.65
1997-05-06,27.26,13.76,19.18,6.06,0.31,10.86,10.15
1997-05-07,17.56,7.92,13.9,1.79,0.32,6.89,9.58
1997-05-08,15.96,3.47,9.47,0.03,0.32,1.04,14.64
1997-05-09,16.33,6.52,10.56,0.08,0.32,2.33,13.61
1997-05-10,18.13,3.3,10.06,0.0,0.31,1.72,14.57
1997-05-11,20.03,5.37,11.63,0.0,0.31,4.73,14.09
1997-05-12,20.58,5.45,12.07,0.0,0.31,5.93,13.93
1997-05-13,21.41,6.19,12.46,0.0,0.31,4.59,13.7
1997-05-14,20.97,7.01,14.07,0.0,0.31,2.62,10.49
1997-05-15,19.5,9.0,13.91,0.0,0.31,3.91,9.83
1997-05-16,16.91,12.08,14.07,9.74,0.31,11.29,3.66
1997-05-17,15.02,9.09,12.59,1.78,0.33,10.72,4.57
1997-05-18,16.61,6.67,10.36,0.08,0.33,6.11,10.97
1997-05-19,19.33,7.05,12.19,0.05,0.33,6.54,10.29
1997-05-20,19.17,9.02,13.28,0.0,0.33,7.46,10.54
1997-05-21,20.95,9.57,13.88,0.03,0.33,8.29,6.36
1997-05-22,22.61,9.82,15.46,0.44,0.32,8.37,10.78
1997-05-23,19.27,11.78,15.02,0.03,0.32,8.84,10.11
1997-05-24,21.01,10.7,14.97,0.02,0.32,9.06,12.03
1997-05-25,21.19,9.38,14.62,0.0,0.32,7.61,12.34
1997-05-26,19.85,10.48,13.96,5.91,0.32,8.53,4.27
1997-05-27,21.39,8.2,14.28,0.15,0.33,8.05,10.48
1997-05-28,21.41,10.65,15.16,0.43,0.33,7.68,9.18
1997-05-29,18.48,7.52,12.49,0.12,0.33,7.15,11.53
1997-05-30,14.38,3.17,7.88,0.0,0.33,2.05,12.25
1997-05-31,14.01,0.94,6.35,0.0,0.33,-0.3,12.18
1997-06-01,15.12,0.41,7.03,0.0,0.33,-1.55,11.75
1997-06-02,17.0,1.92,9.22,0.0,0.33,-1.85,9.85
1997-06-03,19.96,6.12,11.98,0.0,0.33,2.51,10.72
1997-06-04,22.05,6.62,13.26,0.0,0.33,3.95,11.02
1997-06-05,22.93,9.12,15.99,0.21,0.32,5.78,9.03
1997-06-06,22.04,9.77,15.93,0.46,0.32,5.79,11.02
1997-06-07,16.44,5.39,10.39,0.0,0.32,2.62,11.14
1997-06-08,17.19,6.15,10.45,0.0,0.32,3.24,10.83
1997-06-09,16.75,2.88,9.06,0.01,0.32,2.8,11.0
1997-06-10,18.63,3.54,10.49,0.43,0.32,-0.69,8.48
1997-06-11,21.22,7.34,12.98,0.18,0.32,3.75,10.31
1997-06-12,18.35,8.1,13.02,0.51,0.32,6.45,4.15
1997-06-13,16.55,6.39,11.7,8.84,0.34,8.61,6.3
1997-06-14,13.96,2.53,7.82,0.03,0.34,3.22,10.02
1997-06-15,13.48,3.35,8.01,0.02,0.34,2.5,10.76
1997-06-16,13.63,2.66,6.63,0.01,0.34,2.3,10.46
1997-06-17,14.69,1.57,6.35,0.0,0.33,3.23,10.91
1997-06-18,17.03,2.23,8.15,0.0,0.33,3.31,10.92
1997-06-19,16.46,3.2,8.32,0.07,0.33,2.99,10.86
1997-06-20,17.38,4.27,9.57,0.03,0.33,4.91,10.63
1997-06-21,18.77,5.25,11.33,0.12,0.33,5.72,8.72
1997-06-22,17.19,8.41,12.2,2.36,0.33,6.32,5.67
1997-06-23,18.66,7.74,12.04,0.01,0.34,5.53,11.07
1997-06-24,16.23,7.53,10.72,0.0,0.33,4.67,7.3
1997-06-25,13.32,4.97,8.06,0.06,0.33,2.4,9.19
1997-06-26,12.91,4.21,8.38,7.28,0.34,5.99,4.89
1997-06-27,12.82,7.58,9.69,17.49,0.37,8.42,4.47
1997-06-28,11.02,6.11,8.69,2.31,0.38,7.79,6.52
1997-06-29,16.14,6.32,10.36,0.87,0.38,7.58,7.0
1997-06-30,16.83,6.81,11.37,0.02,0.37,7.22,11.37
1997-07-01,16.52,6.38,10.34,0.03,0.37,5.65,11.9
1997-07-02,15.97,4.5,9.39,0.1,0.37,3.37,11.59
1997-07-03,14.87,0.87,6.38,0.0,0.36,0.68,11.75
1997-07-04,15.46,0.88,6.8,0.0,0.36,0.05,11.92
1997-07-05,15.48,2.57,7.33,0.0,0.36,2.98,12.0
1997-07-06,16.89,3.39,8.54,0.0,0.36,3.6,11.77
1997-07-07,18.5,4.19,10.78,0.0,0.36,4.97,9.8
1997-07-08,20.07,7.83,13.33,0.03,0.36,4.71,10.9
1997-07-09,12.53,4.73,8.52,0.06,0.36,3.25,10.63
1997-07-10,10.77,1.3,4.85,0.0,0.36,-0.26,10.6
1997-07-11,11.54,-1.86,3.7,0.0,0.36,-2.54,10.43
1997-07-12,10.86,-1.65,4.05,0.0,0.36,-1.22,11.81
1997-07-13,12.54,-0.66,5.51,0.0,0.36,-2.17,12.06
1997-07-14,16.01,-0.21,7.73,0.0,0.36,-0.61,12.14
1997-07-15,14.15,2.91,7.41,0.12,0.36,0.45,6.4
1997-07-16,13.27,1.72,6.49,0.33,0.36,2.61,12.57
1997-07-17,12.98,2.33,7.29,0.71,0.36,2.68,9.75
1997-07-18,13.02,0.05,4.64,0.0,0.36,1.08,12.64
1997-07-19,14.22,-0.62,5.36,0.0,0.36,-0.1,12.88
1997-07-20,14.42,-0.44,5.69,0.0,0.36,0.82,12.9
1997-07-21,15.15,-0.63,6.13,0.0,0.36,2.2,12.86
1997-07-22,15.24,1.98,7.23,0.0,0.36,3.8,12.19
1997-07-23,15.07,3.48,7.76,0.0,0.36,3.68,12.96
1997-07-24,18.77,1.27,9.47,0.0,0.36,1.69,13.34
1997-07-25,21.27,4.09,12.32,0.13,0.35,5.3,11.9
1997-07-26,22.15,9.34,14.83,9.82,0.36,10.14,7.12
1997-07-27,15.98,6.57,10.13,1.43,0.38,4.47,12.06
1997-07-28,17.91,3.24,9.97,0.0,0.37,2.3,13.09
1997-07-29,14.48,1.55,6.98,0.0,0.37,0.32,13.57
1997-07-30,13.7,-0.96,5.28,0.0,0.37,-0.56,13.77
1997-07-31,15.1,-0.8,6.77,0.0,0.37,2.21,14.08
1997-08-01,15.27,1.85,7.12,0.0,0.36,1.53,13.71
1997-08-02,16.6,0.21,7.39,0.0,0.36,-2.13,12.83
1997-08-03,16.47,-0.26,7.85,0.0,0.36,-2.22,11.83
1997-08-04,17.36,6.19,10.5,0.0,0.36,3.57,12.77
1997-08-05,19.11,7.21,12.2,0.0,0.36,5.55,13.39
1997-08-06,20.88,10.39,14.8,8.95,0.36,6.43,9.38
1997-08-07,17.64,7.52,11.96,6.49,0.38,6.74,15.25
1997-08-08,11.72,2.83,6.99,4.06,0.39,3.92,10.56
1997-08-09,14.15,0.23,6.6,0.0,0.39,0.44,13.33
1997-08-10,16.73,0.98,8.76,0.0,0.38,-0.12,15.7
1997-08-11,13.32,5.08,9.58,7.7,0.39,4.29,4.07
1997-08-12,14.76,4.54,8.82,1.64,0.4,4.61,10.51
1997-08-13,16.87,1.43,8.78,0.04,0.39,4.22,9.63
1997-08-14,17.28,5.75,10.99,0.0,0.39,3.94,13.12
1997-08-15,17.96,5.21,10.87,0.0,0.39,1.89,15.91
1997-08-16,20.64,3.36,11.42,0.0,0.38,-1.54,15.51
1997-08-17,18.27,4.73,10.9,0.0,0.38,1.23,12.97
1997-08-18,15.41,3.11,8.19,0.0,0.38,0.14,15.71
1997-08-19,15.53,1.63,8.22,0.0,0.38,0.91,13.49
1997-08-20,17.67,3.9,9.86,0.0,0.38,1.69,15.7
1997-08-21,19.2,2.29,10.42,0.0,0.38,2.2,15.27
1997-08-22,20.15,6.34,12.17,0.0,0.38,1.79,16.0
1997-08-23,19.23,3.71,11.0,0.69,0.38,1.44,16.5
1997-08-24,11.78,2.49,6.34,0.23,0.38,-0.66,15.78
1997-08-25,14.08,0.31,6.9,0.0,0.37,0.05,16.47
1997-08-26,14.7,1.16,7.46,0.02,0.37,2.73,13.8
1997-08-27,16.55,3.41,9.23,0.0,0.37,3.61,14.11
1997-08-28,18.31,2.38,10.34,0.0,0.37,2.43,17.39
1997-08-29,20.3,3.51,11.97,0.0,0.37,1.64,16.11
1997-08-30,24.78,9.51,15.68,0.0,0.37,1.03,14.59
1997-08-31,23.48,10.76,16.28,0.02,0.37,5.54,13.35
1997-09-01,16.3,11.42,13.76,21.99,0.38,10.0,6.28
1997-09-02,17.35,9.45,14.43,5.39,0.42,9.16,14.04
1997-09-03,22.28,5.43,13.52,0.79,0.41,5.27,17.0
1997-09-04,18.12,8.43,13.15,5.94,0.41,7.5,12.8
1997-09-05,17.84,7.28,11.61,2.39,0.41,5.98,16.48
1997-09-06,19.21,4.08,11.65,0.0,0.41,3.92,17.87
1997-09-07,21.95,8.98,14.58,1.79,0.4,6.08,16.87
1997-09-08,18.26,6.77,12.12,0.12,0.4,6.2,14.28
1997-09-09,19.94,5.25,12.07,0.0,0.4,5.49,16.98
1997-09-10,20.02,5.06,12.25,0.0,0.4,5.12,17.82
1997-09-11,20.2,6.29,12.34,0.0,0.4,6.1,20.42
1997-09-12,22.34,5.28,13.81,0.0,0.39,5.23,20.67
1997-09-13,24.51,6.79,15.77,0.0,0.39,4.44,20.59
1997-09-14,24.54,10.18,16.48,0.63,0.39,4.98,10.22
1997-09-15,21.92,9.25,15.2,0.0,0.39,8.22,13.89
1997-09-16,19.49,6.77,12.73,0.0,0.39,5.38,18.13
1997-09-17,18.04,5.11,12.28,0.0,0.38,1.72,16.87
1997-09-18,20.61,9.02,14.34,0.44,0.38,7.33,12.88
1997-09-19,22.28,11.28,15.9,24.3,0.4,12.66,14.46
1997-09-20,19.6,9.94,14.48,2.72,0.43,10.47,13.91
1997-09-21,19.34,6.49,12.09,0.02,0.42,4.48,21.41
1997-09-22,20.41,4.9,12.46,0.19,0.41,5.28,22.21
1997-09-23,19.09,7.7,13.04,0.23,0.41,5.06,19.48
1997-09-24,16.38,7.04,11.13,0.61,0.41,5.45,20.74
1997-09-25,20.92,5.12,13.69,0.0,0.4,4.49,21.66
1997-09-26,26.02,7.99,16.12,0.0,0.4,5.13,22.72
1997-09-27,24.01,8.8,16.23,0.0,0.4,7.71,21.63
1997-09-28,21.94,8.01,14.5,0.18,0.4,5.32,19.76
1997-09-29,20.79,3.91,12.28,0.0,0.39,1.04,23.97
1997-09-30,22.61,7.8,14.73,0.0,0.39,0.56,23.96
1997-10-01,28.52,9.78,19.09,0.0,0.39,2.86,21.12
1997-10-02,26.82,15.09,19.97,0.11,0.39,9.19,19.71
1997-10-03,19.23,8.78,14.29,0.0,0.38,2.68,23.56
1997-10-04,18.88,3.18,12.16,0.0,0.38,-1.48,21.8
1997-10-05,22.98,10.52,15.66,0.0,0.38,-1.24,23.72
1997-10-06,24.2,7.54,15.32,8.45,0.38,7.2,22.75
1997-10-07,17.99,10.76,13.98,14.84,0.41,11.55,12.36
1997-10-08,21.94,9.96,14.92,1.18,0.42,8.04,21.64
1997-10-09,25.08,6.81,16.02,0.0,0.41,5.92,26.03
1997-10-10,30.33,10.39,20.24,0.0,0.4,5.78,23.15
1997-10-11,30.02,15.0,21.85,0.0,0.4,7.47,25.68
1997-10-12,22.26,9.79,15.82,0.0,0.39,4.2,25.58
1997-10-13,20.84,7.13,13.96,0.0,0.39,0.96,25.55
1997-10-14,26.58,7.43,17.03,0.0,0.39,2.09,25.97
1997-10-15,21.03,5.46,13.88,0.0,0.38,0.25,26.04
1997-10-16,26.18,8.07,17.39,0.0,0.38,2.12,26.17
1997-10-17,21.68,8.07,14.57,0.0,0.38,1.58,23.38
1997-10-18,20.59,6.07,13.17,0.0,0.38,-0.49,25.58
1997-10-19,21.52,7.9,14.21,0.0,0.38,0.77,25.16
1997-10-20,20.84,6.14,13.55,0.0,0.37,3.04,26.26
1997-10-21,24.05,5.96,14.96,0.0,0.37,2.77,27.51
1997-10-22,26.75,8.07,18.63,0.0,0.37,2.86,27.28
1997-10-23,29.49,11.19,21.61,0.0,0.37,2.99,27.72
1997-10-24,30.54,14.64,23.33,0.0,0.36,4.61,25.02
1997-10-25,33.53,19.17,25.96,0.0,0.36,4.84,22.13
1997-10-26,35.74,17.98,26.76,0.03,0.36,8.71,25.59
1997-10-27,33.43,18.55,24.64,0.01,0.36,10.38,21.69
1997-10-28,30.68,16.84,23.77,0.0,0.36,10.15,27.36
1997-10-29,28.85,17.3,23.33,0.79,0.36,13.14,23.82
1997-10-30,35.18,16.78,26.68,0.29,0.35,12.6,28.01
1997-10-31,26.14,14.06,21.14,9.69,0.36,9.34,14.76
1997-11-01,23.86,11.82,16.68,0.49,0.37,5.13,23.84
1997-11-02,25.06,8.67,17.53,0.0,0.36,3.27,30.07
1997-11-03,26.31,10.57,18.59,0.01,0.36,5.62,29.39
1997-11-04,26.74,9.07,18.17,0.01,0.36,3.98,29.94
1997-11-05,30.79,12.28,22.41,0.0,0.35,9.09,25.45
1997-11-06,32.07,18.22,25.51,0.29,0.35,12.15,25.64
1997-11-07,35.34,20.86,27.21,0.0,0.35,9.72,28.25
1997-11-08,32.46,14.71,23.26,0.0,0.35,5.45,28.1
1997-11-09,33.74,15.01,25.04,0.0,0.35,9.22,27.91
1997-11-10,33.55,20.19,26.47,1.57,0.34,12.71,14.63
1997-11-11,30.99,18.09,24.52,0.05,0.34,10.2,23.64
1997-11-12,28.96,16.31,21.88,0.01,0.34,8.87,30.96
1997-11-13,32.98,13.25,24.06,0.21,0.34,7.7,25.4
1997-11-14,27.91,19.24,22.54,7.21,0.35,15.8,20.57
1997-11-15,26.08,14.98,20.54,1.39,0.35,11.35,26.34
1997-11-16,26.86,12.06,19.66,0.0,0.35,5.02,31.45
1997-11-17,23.9,10.72,17.04,0.0,0.35,-0.21,31.56
1997-11-18,25.34,11.49,18.15,0.0,0.35,2.03,31.9
1997-11-19,28.43,11.13,20.24,0.0,0.34,5.11,32.07
1997-11-20,30.91,13.28,21.96,0.0,0.34,2.38,32.18
1997-11-21,32.66,13.06,23.29,0.0,0.34,1.65,32.26
1997-11-22,34.88,16.36,26.03,0.0,0.34,7.37,32.64
1997-11-23,39.48,19.57,29.4,0.0,0.34,5.26,32.37
1997-11-24,39.75,20.05,30.28,0.0,0.33,8.53,32.36
1997-11-25,43.05,21.32,32.71,0.0,0.33,6.2,33.0
1997-11-26,43.13,25.14,34.06,0.02,0.33,7.42,26.88
1997-11-27,43.06,24.56,33.53,0.01,0.33,8.94,29.63
1997-11-28,36.73,21.79,28.76,0.0,0.33,6.44,33.25
1997-11-29,41.32,18.59,29.56,0.31,0.33,4.56,21.94
1997-11-30,30.59,16.77,23.54,0.0,0.33,4.64,23.9
1997-12-01,34.42,16.85,25.38,0.0,0.32,2.47,32.93
1997-12-02,34.67,18.36,26.46,0.0,0.32,5.4,32.79
1997-12-03,29.37,15.19,21.65,0.0,0.32,-0.12,32.49
1997-12-04,34.17,13.25,24.65,0.0,0.32,-1.28,32.51
1997-12-05,38.82,20.63,29.12,0.0,0.32,0.06,30.67
1997-12-06,37.02,21.14,29.42,0.0,0.32,8.13,29.47
1997-12-07,35.13,22.56,28.08,0.11,0.32,9.72,21.88
1997-12-08,37.39,22.35,30.08,0.45,0.32,8.67,15.75
1997-12-09,35.46,22.4,28.83,1.06,0.32,9.07,33.08
1997-12-10,33.95,18.14,26.13,0.0,0.32,7.05,33.62
1997-12-11,34.66,18.66,27.02,0.0,0.32,7.99,33.47
1997-12-12,36.97,20.75,28.7,0.44,0.32,11.71,26.22
1997-12-13,37.4,22.57,28.73,3.06,0.32,13.83,26.2
1997-12-14,32.28,19.65,26.39,0.99,0.32,13.22,27.11
1997-12-15,28.15,14.38,21.39,0.0,0.32,4.42,34.37
1997-12-16,32.28,14.47,23.91,0.0,0.32,4.16,33.91
1997-12-17,36.56,20.91,28.69,0.0,0.32,3.77,27.69
1997-12-18,36.8,19.65,27.85,0.22,0.32,5.66,18.32
1997-12-19,32.3,18.67,25.01,0.0,0.32,9.3,34.74
1997-12-20,35.97,16.82,27.32,0.0,0.31,4.06,33.74
1997-12-21,42.89,22.18,32.85,0.0,0.31,3.09,33.61
1997-12-22,30.41,18.19,23.78,0.0,0.31,3.45,33.78
1997-12-23,29.85,15.48,22.94,0.0,0.31,2.19,33.15
1997-12-24,33.14,17.03,25.16,0.0,0.31,7.72,33.91
1997-12-25,36.67,17.91,28.18,0.0,0.31,4.29,33.58
1997-12-26,37.0,21.4,29.27,0.0,0.31,2.69,34.26
1997-12-27,30.05,15.35,22.73,0.0,0.31,-1.31,34.17
1997-12-28,35.73,13.91,25.37,0.0,0.31,0.82,33.42
1997-12-29,37.56,19.84,28.45,0.0,0.31,5.13,27.8
1997-12-30,40.43,21.71,31.31,0.01,0.31,2.53,33.07
1997-12-31,40.78,22.47,31.6,0.09,0.31,7.67,27.66
1998-01-01,42.69,25.92,33.73,1.25,0.31,9.44,31.49
1998-01-02,43.12,25.91,34.69,0.17,0.31,7.11,31.92
1998-01-03,35.82,23.88,29.18,0.11,0.31,9.55,19.81
1998-01-04,38.01,20.92,29.39,0.02,0.31,5.27,32.88
1998-01-05,34.8,22.58,28.02,0.39,0.3,6.1,23.88
1998-01-06,34.49,20.66,27.59,0.96,0.3,9.37,20.28
1998-01-07,28.87,19.45,23.27,9.16,0.31,13.14,8.07
1998-01-08,31.99,17.58,25.28,0.23,0.32,13.19,27.28
1998-01-09,29.12,21.33,24.6,16.17,0.33,17.25,13.3
1998-01-10,28.29,20.77,24.35,19.8,0.37,19.25,21.52
1998-01-11,31.83,20.68,26.44,5.64,0.38,18.16,19.06
1998-01-12,36.34,22.75,29.37,1.81,0.37,16.81,24.11
1998-01-13,36.53,23.0,29.37,0.03,0.36,14.4,26.39
1998-01-14,30.53,21.61,25.69,1.57,0.35,17.3,20.92
1998-01-15,33.42,21.46,27.0,0.04,0.35,13.63,28.24
1998-01-16,37.86,17.71,28.72,0.0,0.35,11.6,32.71
1998-01-17,42.03,23.73,33.08,0.02,0.34,15.65,32.27
1998-01-18,36.87,24.26,30.25,0.03,0.34,11.68,25.18
1998-01-19,36.07,21.56,28.18,0.75,0.34,10.08,19.04
1998-01-20,35.76,20.6,27.94,0.0,0.33,9.05,32.04
1998-01-21,35.77,17.67,27.0,0.03,0.33,6.36,31.29
1998-01-22,37.41,18.97,29.18,0.0,0.33,7.46,23.19
1998-01-23,36.81,22.06,29.34,0.0,0.33,13.6,31.49
1998-01-24,33.82,18.95,24.89,1.85,0.33,12.05,14.07
1998-01-25,28.33,16.1,22.12,0.16,0.33,7.21,30.86
1998-01-26,29.52,14.97,22.04,0.0,0.33,6.85,31.76
1998-01-27,33.95,15.95,25.29,0.0,0.33,8.35,30.82
1998-01-28,28.73,19.05,23.21,0.0,0.33,4.81,30.41
1998-01-29,29.34,15.6,22.21,0.0,0.33,5.69,30.6
1998-01-30,32.91,15.55,24.32,0.0,0.32,5.73,28.84
1998-01-31,35.89,17.79,27.31,0.0,0.32,5.47,30.3
1998-02-01,39.06,21.33,31.12,0.0,0.32,5.73,30.62
1998-02-02,39.36,23.32,30.61,0.0,0.32,7.52,18.24
1998-02-03,37.72,22.48,29.46,0.0,0.32,8.58,30.66
1998-02-04,38.26,19.25,28.47,0.0,0.32,-2.39,20.25
1998-02-05,32.97,22.73,28.19,0.44,0.32,6.7,13.68
1998-02-06,37.62,21.55,29.7,0.0,0.32,10.58,30.81
1998-02-07,36.84,22.36,28.46,12.56,0.33,16.65,23.03
1998-02-08,25.02,15.69,20.31,3.2,0.35,8.78,27.25
1998-02-09,30.87,12.94,22.28,0.0,0.34,6.73,29.51
1998-02-10,33.95,18.63,26.25,0.0,0.34,13.27,28.92
1998-02-11,32.2,18.57,26.01,0.01,0.33,15.55,26.39
1998-02-12,36.91,19.66,28.31,0.0,0.33,9.18,29.1
1998-02-13,33.7,18.5,25.49,0.01,0.33,7.0,27.39
1998-02-14,34.79,16.02,25.96,0.0,0.32,3.54,27.89
1998-02-15,37.16,20.73,28.55,0.01,0.32,5.8,28.14
1998-02-16,24.65,15.35,20.54,1.29,0.32,6.24,23.59
1998-02-17,25.74,11.01,18.42,0.0,0.32,0.62,27.68
1998-02-18,30.88,12.52,22.8,0.0,0.32,-0.71,28.19
1998-02-19,37.65,16.7,27.42,0.0,0.32,-0.39,27.93
1998-02-20,28.63,16.29,21.9,0.0,0.32,2.83,27.07
1998-02-21,30.28,13.25,21.81,0.0,0.32,2.55,27.31
1998-02-22,31.63,14.93,23.35,0.0,0.32,4.97,27.94
1998-02-23,31.65,14.11,22.49,0.0,0.32,0.6,26.84
1998-02-24,35.33,15.29,26.17,0.0,0.32,1.84,26.13
1998-02-25,40.44,19.87,30.79,0.0,0.32,6.03,26.24
1998-02-26,40.55,24.05,32.1,0.0,0.31,8.97,26.66
1998-02-27,31.18,20.94,26.98,0.08,0.31,8.75,11.4
1998-02-28,33.41,14.58,23.43,0.0,0.31,1.98,25.2
1998-03-01,34.55,14.1,24.49,0.05,0.31,2.69,27.31
1998-03-02,37.05,21.01,29.03,0.58,0.31,8.51,25.95
1998-03-03,37.51,24.3,30.15,0.03,0.31,7.58,26.13
1998-03-04,39.37,24.19,30.61,0.2,0.31,8.48,22.89
1998-03-05,29.51,17.67,24.15,0.02,0.31,6.33,26.83
1998-03-06,27.51,14.42,20.53,0.01,0.31,5.16,26.0
1998-03-07,28.47,12.01,19.81,0.0,0.31,2.58,26.65
1998-03-08,28.91,13.61,21.02,0.0,0.31,3.29,25.91
1998-03-09,33.19,14.31,23.66,0.0,0.31,3.76,25.49
1998-03-10,35.63,16.47,25.7,0.0,0.31,1.9,25.6
1998-03-11,38.84,18.56,28.4,0.0,0.31,0.4,25.51
1998-03-12,40.68,22.72,31.62,0.0,0.31,7.82,24.28
1998-03-13,39.82,24.55,31.53,0.01,0.31,8.83,23.47
1998-03-14,29.07,19.55,24.4,0.0,0.31,9.88,21.87
1998-03-15,28.9,15.54,21.4,0.0,0.31,5.81,20.59
1998-03-16,27.82,15.04,20.75,0.0,0.31,2.79,23.61
1998-03-17,29.11,12.44,20.53,0.0,0.31,1.5,24.82
1998-03-18,30.9,14.1,22.12,0.0,0.31,4.31,24.33
1998-03-19,33.94,14.42,24.34,0.0,0.31,4.04,24.0
1998-03-20,37.31,19.56,27.87,0.0,0.31,6.91,24.39
1998-03-21,37.52,19.15,28.29,0.0,0.3,-1.77,23.41
1998-03-22,40.25,20.05,30.16,0.0,0.3,2.18,23.45
1998-03-23,37.92,21.36,29.87,0.0,0.3,7.34,22.8
1998-03-24,24.78,14.75,19.49,0.0,0.3,2.22,15.59
1998-03-25,29.33,10.73,20.04,0.0,0.3,2.73,22.11
1998-03-26,31.38,16.35,23.35,0.0,0.3,9.82,21.82
1998-03-27,31.3,17.93,23.94,0.0,0.3,9.06,20.57
1998-03-28,32.1,17.61,23.86,0.0,0.3,5.15,21.73
1998-03-29,23.93,13.01,18.19,0.0,0.3,4.03,21.18
1998-03-30,23.09,12.54,17.19,0.0,0.3,5.55,20.4
1998-03-31,25.87,11.72,18.59,0.0,0.3,6.21,18.74
1998-04-01,23.08,9.55,16.02,0.0,0.3,0.22,19.84
1998-04-02,26.9,7.74,16.81,0.0,0.3,1.31,19.5
1998-04-03,27.1,9.65,18.01,0.0,0.3,0.28,19.44
1998-04-04,28.16,10.5,18.91,0.0,0.3,4.06,19.42
1998-04-05,30.82,13.21,21.3,0.0,0.3,4.42,19.54
1998-04-06,32.55,13.83,22.86,0.0,0.3,2.05,19.04
1998-04-07,34.28,16.23,25.02,0.0,0.3,0.22,18.15
1998-04-08,33.65,16.94,24.82,0.0,0.3,4.13,12.9
1998-04-09,21.25,11.29,16.86,0.03,0.3,2.9,11.29
1998-04-10,22.89,7.79,14.76,0.0,0.3,2.03,18.18
1998-04-11,25.67,9.98,17.83,0.0,0.3,6.04,15.87
1998-04-12,23.33,14.99,18.42,3.39,0.3,7.13,5.76
1998-04-13,20.28,9.67,14.88,0.11,0.31,5.99,13.42
1998-04-14,21.15,5.63,12.76,0.0,0.31,0.32,18.29
1998-04-15,24.99,6.32,15.17,0.0,0.3,1.72,18.38
1998-04-16,26.17,10.41,18.35,0.02,0.3,7.17,16.86
1998-04-17,27.61,14.25,19.86,0.0,0.3,6.59,17.96
1998-04-18,28.02,10.34,18.76,0.0,0.3,3.29,17.02
1998-04-19,26.64,13.24,19.73,0.17,0.3,6.0,9.64
1998-04-20,24.13,16.81,19.62,22.07,0.33,16.33,9.71
1998-04-21,22.43,15.7,18.59,20.07,0.36,16.02,5.77
1998-04-22,20.85,9.73,15.51,0.7,0.38,9.77,9.98
1998-04-23,22.19,7.46,14.21,0.23,0.37,6.36,17.34
1998-04-24,24.49,10.86,16.82,0.01,0.36,7.71,16.14
1998-04-25,18.22,9.47,13.67,0.18,0.36,4.64,12.22
1998-04-26,19.97,8.92,13.49,0.25,0.35,6.85,9.11
1998-04-27,18.9,6.89,12.23,0.02,0.35,6.21,14.92
1998-04-28,19.97,7.84,13.14,0.0,0.35,4.16,15.99
1998-04-29,23.89,8.7,16.17,0.0,0.35,4.28,14.43
1998-04-30,21.97,11.63,16.38,0.01,0.35,6.75,9.11
1998-05-01,21.26,8.37,13.76,0.0,0.35,4.7,13.23
1998-05-02,20.3,4.0,11.88,2.43,0.35,1.14,15.12
1998-05-03,22.07,11.33,16.52,0.37,0.35,10.64,14.61
1998-05-04,20.96,13.86,16.83,1.04,0.35,11.35,12.45
1998-05-05,17.42,13.25,15.02,2.83,0.35,12.39,9.0
1998-05-06,20.49,7.76,13.39,0.0,0.35,5.66,14.77
1998-05-07,16.43,8.03,11.64,0.0,0.35,4.35,12.7
1998-05-08,15.42,3.54,8.92,0.02,0.35,2.76,13.44
1998-05-09,16.27,2.96,8.73,0.04,0.35,2.47,13.04
1998-05-10,16.87,4.23,10.48,0.0,0.35,-0.2,12.61
1998-05-11,20.37,6.91,12.74,0.05,0.35,1.49,7.88
1998-05-12,22.17,9.77,15.15,0.01,0.35,7.24,9.79
1998-05-13,24.88,10.47,17.09,0.0,0.35,9.23,10.33
1998-05-14,19.01,13.7,15.98,1.46,0.35,12.06,6.36
1998-05-15,22.05,14.41,17.29,1.4,0.35,13.41,9.8
1998-05-16,23.38,11.75,17.49,0.62,0.35,12.01,11.2
1998-05-17,17.24,12.44,15.12,0.93,0.35,12.61,8.96
1998-05-18,23.16,10.49,15.6,0.02,0.35,9.79,13.24
1998-05-19,23.5,9.49,15.44,0.0,0.35,7.94,13.19
1998-05-20,17.27,7.57,12.96,0.07,0.35,5.82,9.67
1998-05-21,16.27,4.0,8.77,0.0,0.35,1.39,12.49
1998-05-22,18.0,2.97,10.73,0.0,0.35,-0.8,11.81
1998-05-23,18.82,8.11,13.29,0.02,0.35,2.84,11.79
1998-05-24,15.32,4.94,9.72,0.0,0.35,4.21,7.23
1998-05-25,17.19,6.4,10.27,0.0,0.34,5.48,9.97
1998-05-26,20.31,4.49,11.22,0.0,0.34,4.65,12.39
1998-05-27,21.06,4.8,12.45,0.0,0.34,2.76,9.97
1998-05-28,21.39,8.18,13.48,0.0,0.34,1.66,11.76
1998-05-29,22.08,5.72,13.4,0.0,0.34,1.32,12.07
1998-05-30,20.39,9.38,13.6,0.0,0.34,2.84,10.06
1998-05-31,20.41,7.33,12.96,0.0,0.34,3.8,9.08
1998-06-01,22.14,8.88,13.94,0.0,0.34,5.12,11.33
1998-06-02,19.16,8.72,12.68,0.0,0.34,5.49,10.81
1998-06-03,19.41,9.67,13.72,0.0,0.34,9.58,9.97
1998-06-04,22.1,9.38,15.41,0.0,0.34,10.61,11.8
1998-06-05,23.82,8.75,15.59,0.0,0.34,7.16,10.18
1998-06-06,19.46,10.72,13.57,1.46,0.34,6.5,4.37
1998-06-07,14.65,6.41,9.76,1.02,0.34,4.06,10.18
1998-06-08,17.19,4.17,8.89,0.01,0.34,4.24,11.75
1998-06-09,18.01,5.03,10.0,0.0,0.34,4.22,10.73
1998-06-10,17.61,5.98,10.41,0.0,0.34,5.03,11.33
1998-06-11,17.35,3.98,10.36,0.0,0.34,4.82,8.8
1998-06-12,18.09,7.04,11.68,0.0,0.34,3.14,10.15
1998-06-13,15.28,5.91,10.35,0.01,0.34,4.16,7.39
1998-06-14,17.9,5.4,11.21,0.03,0.34,3.27,10.94
1998-06-15,18.24,5.65,10.58,0.0,0.34,3.7,10.17
1998-06-16,14.02,3.89,8.09,0.0,0.34,2.16,9.98
1998-06-17,14.37,1.92,6.53,0.0,0.34,0.04,10.88
1998-06-18,16.15,0.76,6.6,0.0,0.34,-2.46,10.77
1998-06-19,17.62,0.5,8.39,0.0,0.34,-1.09,8.52
1998-06-20,18.64,8.68,13.42,3.6,0.34,7.56,3.47
1998-06-21,15.49,8.73,13.0,8.96,0.36,11.23,5.48
1998-06-22,9.49,5.11,7.1,7.41,0.37,4.86,7.89
1998-06-23,13.59,4.38,7.89,4.93,0.38,3.25,7.37
1998-06-24,11.16,2.51,6.48,1.71,0.38,3.99,9.42
1998-06-25,10.86,4.59,6.73,0.4,0.37,4.15,10.4
1998-06-26,13.14,1.18,6.28,0.0,0.37,2.17,11.51
1998-06-27,13.59,0.16,5.72,0.0,0.37,1.3,10.67
1998-06-28,16.72,1.81,7.92,0.0,0.37,1.79,11.34
1998-06-29,15.85,2.75,8.94,0.65,0.37,2.65,9.97
1998-06-30,13.38,5.83,8.64,3.13,0.37,4.75,10.44
1998-07-01,11.7,2.87,6.03,0.0,0.37,2.66,10.49
1998-07-02,13.9,2.39,6.8,0.0,0.37,4.11,9.42
1998-07-03,10.44,2.17,6.09,0.04,0.37,3.63,6.47
1998-07-04,17.84,4.85,10.39,0.33,0.37,6.32,6.13
1998-07-05,20.95,8.33,14.46,3.16,0.37,10.25,8.54
1998-07-06,16.39,9.45,12.81,3.32,0.38,7.36,10.13
1998-07-07,13.67,4.65,9.27,0.08,0.38,4.3,10.36
1998-07-08,17.53,4.0,10.28,0.91,0.38,4.8,11.08
1998-07-09,11.66,3.0,6.88,0.61,0.38,2.21,10.26
1998-07-10,12.2,0.99,4.86,0.09,0.38,0.11,11.56
1998-07-11,10.87,-0.42,4.28,0.0,0.37,0.69,9.02
1998-07-12,12.14,-1.74,5.45,0.0,0.37,-0.36,9.42
1998-07-13,11.65,0.97,6.26,0.0,0.37,-0.68,9.81
1998-07-14,11.53,-1.66,4.17,0.0,0.37,-0.85,11.71
1998-07-15,15.17,-0.76,6.12,0.0,0.37,0.49,11.67
1998-07-16,14.53,3.6,7.96,0.01,0.37,-0.22,8.46
1998-07-17,15.7,3.74,8.62,0.34,0.37,1.06,5.3
1998-07-18,12.92,6.76,9.5,5.48,0.38,8.03,5.63
1998-07-19,15.19,6.89,10.13,0.55,0.38,7.91,7.73
1998-07-20,14.28,7.04,10.51,15.99,0.4,9.78,3.75
1998-07-21,12.81,7.07,10.41,7.34,0.42,7.97,7.67
1998-07-22,13.94,4.62,8.15,0.78,0.42,5.48,8.0
1998-07-23,14.75,3.93,8.11,0.17,0.41,4.2,13.33
1998-07-24,15.55,2.49,8.54,0.34,0.41,5.16,7.93
1998-07-25,15.34,8.43,10.84,9.44,0.41,9.28,4.1
1998-07-26,15.8,9.32,12.07,5.27,0.43,9.53,7.84
1998-07-27,12.39,8.09,10.21,3.41,0.43,8.5,4.49
1998-07-28,8.67,5.59,7.02,1.25,0.43,1.29,10.74
1998-07-29,10.39,2.95,6.53,4.63,0.43,1.93,11.85
1998-07-30,10.75,2.25,6.27,0.98,0.43,3.51,8.0
1998-07-31,11.72,1.87,5.51,0.0,0.43,1.17,10.15
1998-08-01,14.65,0.74,7.22,0.0,0.43,1.53,12.9
1998-08-02,15.98,2.34,8.26,0.0,0.42,1.88,10.4
1998-08-03,18.22,4.57,10.41,0.0,0.42,2.07,12.77
1998-08-04,16.31,6.11,11.05,4.29,0.42,6.85,6.37
1998-08-05,18.31,5.7,11.1,0.45,0.43,6.05,13.61
1998-08-06,14.01,4.79,9.68,0.5,0.43,7.5,13.41
1998-08-07,15.97,6.11,11.0,0.28,0.43,6.74,10.49
1998-08-08,19.81,7.02,11.67,0.0,0.42,7.48,14.12
1998-08-09,17.03,5.5,9.92,0.0,0.42,6.2,14.64
1998-08-10,17.79,3.69,9.63,0.0,0.42,5.29,13.95
1998-08-11,18.54,4.48,11.63,0.0,0.42,4.89,13.78
1998-08-12,19.75,8.13,13.08,0.01,0.42,5.12,12.6
1998-08-13,21.76,6.26,13.64,0.17,0.41,6.46,13.37
1998-08-14,20.52,9.58,14.64,0.05,0.41,7.58,14.01
1998-08-15,18.16,7.18,11.93,2.3,0.41,8.24,13.43
1998-08-16,16.42,9.49,12.02,2.65,0.42,9.44,9.68
1998-08-17,17.0,6.86,12.05,1.75,0.42,8.57,11.99
1998-08-18,17.62,6.29,10.92,0.13,0.42,6.51,13.29
1998-08-19,18.91,5.07,10.99,0.01,0.42,6.48,16.96
1998-08-20,20.66,7.23,13.31,0.19,0.41,9.51,14.08
1998-08-21,22.22,9.66,15.35,2.76,0.41,12.13,8.76
1998-08-22,19.53,7.53,14.59,8.86,0.43,8.87,16.25
1998-08-23,16.08,2.92,9.07,0.0,0.43,2.23,15.05
1998-08-24,17.3,2.61,9.25,0.0,0.42,1.09,16.64
1998-08-25,18.24,3.61,11.0,2.6,0.42,3.81,15.0
1998-08-26,12.67,6.49,9.3,9.97,0.44,7.38,8.37
1998-08-27,17.84,4.41,10.36,0.0,0.44,3.87,17.0
1998-08-28,19.38,3.92,11.18,0.0,0.43,5.49,17.37
1998-08-29,20.07,4.33,11.6,0.0,0.43,5.3,17.47
1998-08-30,21.35,4.59,12.31,0.0,0.43,5.43,17.69
1998-08-31,22.67,5.14,14.26,0.0,0.42,4.64,17.66
1998-09-01,23.95,9.49,16.2,0.0,0.42,4.18,17.61
1998-09-02,24.43,9.03,15.97,0.0,0.42,7.71,18.01
1998-09-03,26.0,10.15,17.71,1.22,0.41,7.85,14.32
1998-09-04,25.9,14.07,18.67,8.06,0.43,15.29,9.85
1998-09-05,18.29,6.53,13.37,3.08,0.43,7.96,11.7
1998-09-06,17.03,2.83,9.46,0.0,0.43,2.34,17.94
1998-09-07,17.55,3.41,9.8,0.05,0.42,2.83,18.5
1998-09-08,19.8,2.83,11.13,0.0,0.42,4.09,18.82
1998-09-09,18.78,9.58,13.65,0.02,0.42,10.87,17.29
1998-09-10,19.89,11.06,15.1,1.6,0.42,11.31,10.1
1998-09-11,18.88,12.77,14.95,26.31,0.45,13.19,11.54
1998-09-12,22.76,11.29,16.56,11.96,0.48,12.9,15.3
1998-09-13,19.23,6.23,12.73,0.02,0.47,5.94,17.63
1998-09-14,14.67,6.1,10.99,0.86,0.46,5.13,10.1
1998-09-15,16.85,5.99,11.48,0.16,0.46,4.12,16.73
1998-09-16,16.74,4.59,10.68,0.01,0.45,3.34,17.09
1998-09-17,20.43,4.24,12.18,0.0,0.45,4.21,17.33
1998-09-18,23.75,6.19,15.08,0.0,0.44,6.07,20.07
1998-09-19,23.01,11.61,16.91,0.46,0.44,10.9,14.3
1998-09-20,22.12,6.63,14.09,0.02,0.44,5.97,14.83
1998-09-21,20.81,11.27,16.02,16.53,0.45,13.77,9.77
1998-09-22,25.97,15.29,19.28,13.73,0.47,15.33,10.71
1998-09-23,21.58,11.06,16.13,22.49,0.5,13.23,9.95
1998-09-24,16.96,6.91,11.43,0.01,0.51,5.29,20.0
1998-09-25,17.75,3.16,10.91,0.0,0.49,3.86,23.98
1998-09-26,20.66,6.75,13.88,0.0,0.48,4.83,21.14
1998-09-27,24.43,7.18,15.94,0.0,0.48,6.63,23.73
1998-09-28,27.39,12.85,19.49,0.0,0.47,10.08,24.06
1998-09-29,28.27,12.84,20.43,0.0,0.46,10.66,24.37
1998-09-30,30.25,11.97,21.34,0.0,0.46,10.52,25.11
1998-10-01,31.21,16.46,23.42,0.0,0.45,11.92,21.76
1998-10-02,28.05,15.69,21.43,0.0,0.44,12.97,20.76
1998-10-03,26.12,13.53,20.34,0.0,0.44,11.72,21.81
1998-10-04,21.32,7.99,14.5,0.0,0.44,4.27,22.99
1998-10-05,25.43,7.9,16.82,0.01,0.44,6.55,18.5
1998-10-06,19.82,8.95,15.52,13.77,0.45,7.25,17.69
1998-10-07,17.28,5.8,11.22,0.07,0.45,3.43,17.05
1998-10-08,18.21,3.96,11.57,0.01,0.45,3.79,21.89
1998-10-09,18.05,7.1,12.46,4.97,0.45,6.04,11.42
1998-10-10,20.07,7.56,13.3,0.44,0.45,6.29,23.56
1998-10-11,20.64,10.23,15.11,0.08,0.45,4.4,18.25
1998-10-12,25.22,8.42,17.54,0.18,0.44,7.57,20.56
1998-10-13,20.78,9.46,15.12,0.01,0.44,4.8,26.2
1998-10-14,24.23,5.63,15.78,0.0,0.43,4.56,26.23
1998-10-15,26.87,9.95,17.94,0.0,0.43,7.19,26.91
1998-10-16,26.68,7.93,18.13,0.0,0.42,6.34,25.94
1998-10-17,34.29,13.02,23.92,0.01,0.42,9.23,27.85
1998-10-18,25.71,12.63,21.21,0.64,0.41,9.9,13.43
1998-10-19,16.05,9.94,12.87,15.01,0.43,8.49,7.19
1998-10-20,18.37,5.88,11.82,0.01,0.44,2.55,28.81
1998-10-21,20.9,5.83,13.75,0.0,0.43,6.33,25.74
1998-10-22,20.19,9.38,14.65,0.0,0.43,5.64,24.07
1998-10-23,24.36,7.81,16.71,0.0,0.42,4.17,27.27
1998-10-24,28.61,11.4,20.26,0.0,0.42,5.34,29.77
1998-10-25,29.85,12.49,21.18,0.4,0.41,9.26,28.41
1998-10-26,26.8,13.06,19.21,0.28,0.41,9.14,22.02
1998-10-27,14.79,6.36,11.08,0.08,0.41,0.04,25.67
1998-10-28,20.29,3.81,12.66,0.0,0.4,-0.01,28.86
1998-10-29,24.02,7.11,16.55,0.0,0.4,1.47,25.68
1998-10-30,23.28,11.76,17.46,0.06,0.4,5.94,15.59
1998-10-31,22.4,10.3,16.31,0.0,0.4,3.91,30.36
1998-11-01,22.71,6.8,14.57,0.0,0.4,1.02,30.09
1998-11-02,24.3,7.42,15.53,0.0,0.39,1.71,29.61
1998-11-03,27.53,9.37,18.2,0.0,0.39,4.77,28.66
1998-11-04,30.43,10.84,21.3,0.0,0.39,5.22,28.66
1998-11-05,33.54,14.01,23.44,0.05,0.38,6.7,18.14
1998-11-06,32.18,15.16,23.81,0.08,0.38,11.4,28.77
1998-11-07,34.79,17.3,24.66,6.36,0.38,15.37,21.46
1998-11-08,26.22,14.08,19.48,0.32,0.39,5.12,29.16
1998-11-09,29.18,10.25,20.17,0.01,0.38,2.17,30.34
1998-11-10,28.89,14.88,22.2,0.0,0.38,10.19,25.32
1998-11-11,24.82,18.2,21.54,18.16,0.39,16.33,11.94
1998-11-12,26.68,14.98,20.89,2.42,0.41,14.52,19.77
1998-11-13,23.06,11.61,17.13,0.05,0.4,10.67,19.31
1998-11-14,27.55,12.17,20.51,0.0,0.4,11.45,32.07
1998-11-15,31.9,15.53,23.38,0.0,0.39,9.75,31.44
1998-11-16,26.99,12.1,19.17,0.0,0.39,5.09,32.52
1998-11-17,27.18,10.27,18.82,0.0,0.38,4.77,29.42
1998-11-18,26.33,10.1,18.51,0.0,0.38,6.88,31.76
1998-11-19,25.22,10.9,17.95,0.0,0.38,5.73,31.96
1998-11-20,26.33,10.94,19.07,0.0,0.38,6.36,32.39
1998-11-21,29.8,13.37,22.14,0.0,0.37,6.12,25.91
1998-11-22,28.34,14.03,20.61,0.0,0.37,6.18,31.19
1998-11-23,27.28,14.12,19.93,0.45,0.37,4.18,26.15
1998-11-24,30.02,13.19,21.76,0.91,0.37,6.53,23.48
1998-11-25,31.73,14.56,23.22,0.1,0.36,8.44,29.19
1998-11-26,32.13,16.29,24.49,0.03,0.36,9.84,30.52
1998-11-27,31.56,13.82,21.74,6.88,0.36,11.19,17.48
1998-11-28,22.98,9.41,15.9,0.0,0.37,2.47,26.89
1998-11-29,24.76,8.72,17.29,0.03,0.37,4.06,33.14
1998-11-30,27.69,10.71,19.41,0.0,0.36,6.21,33.17
1998-12-01,30.04,11.2,21.39,0.0,0.36,5.19,33.43
1998-12-02,32.54,15.96,24.51,0.0,0.36,6.94,31.41
1998-12-03,34.76,19.12,26.39,0.0,0.35,8.85,24.57
1998-12-04,27.5,13.86,20.89,0.0,0.35,4.82,33.3
1998-12-05,25.47,10.45,18.04,0.0,0.35,2.96,32.79
1998-12-06,29.62,11.8,20.89,0.0,0.35,6.18,34.17
1998-12-07,31.17,14.47,23.25,0.0,0.35,6.21,25.56
1998-12-08,33.26,15.61,24.47,0.0,0.35,7.38,33.98
1998-12-09,36.85,17.16,28.12,0.0,0.34,10.18,32.67
1998-12-10,38.69,23.73,31.52,0.0,0.34,13.11,27.66
1998-12-11,40.89,25.14,33.4,0.0,0.34,12.07,28.19
1998-12-12,40.77,25.32,33.61,0.0,0.34,12.5,31.64
1998-12-13,40.35,25.54,32.72,2.14,0.34,12.81,29.29
1998-12-14,31.34,21.44,26.17,2.18,0.34,16.22,23.38
1998-12-15,33.04,21.34,27.08,2.24,0.34,13.1,29.61
1998-12-16,33.46,18.56,26.06,0.0,0.34,9.43,33.66
1998-12-17,35.81,18.26,27.43,0.0,0.34,5.76,24.21
1998-12-18,35.07,19.18,27.3,0.0,0.34,7.05,27.97
1998-12-19,37.63,18.52,29.12,0.0,0.33,5.59,33.31
1998-12-20,30.91,17.55,25.33,0.29,0.33,7.39,15.29
1998-12-21,26.12,12.6,19.12,0.0,0.33,0.0,34.17
1998-12-22,31.64,13.05,23.03,0.0,0.33,3.36,33.91
1998-12-23,35.57,17.57,27.51,0.0,0.33,9.52,32.74
1998-12-24,37.2,21.29,29.12,0.0,0.33,9.39,29.76
1998-12-25,39.32,22.93,31.22,0.0,0.33,7.51,31.71
1998-12-26,39.28,16.24,27.76,0.06,0.33,7.13,25.42
1998-12-27,25.2,12.02,18.5,0.0,0.33,-1.26,33.6
1998-12-28,29.56,11.57,20.85,0.0,0.32,1.37,32.96
1998-12-29,33.46,16.22,25.16,0.0,0.32,3.12,33.02
1998-12-30,34.1,15.99,25.39,0.0,0.32,4.87,33.27
1998-12-31,37.26,17.56,27.99,0.03,0.32,3.59,25.33
1999-01-01,36.04,21.67,28.89,0.53,0.32,9.31,29.44
1999-01-02,36.19,20.14,28.34,0.02,0.32,12.27,33.18
1999-01-03,40.27,21.95,31.79,0.0,0.32,10.59,32.86
1999-01-04,42.69,24.29,34.31,0.0,0.32,9.19,29.43
1999-01-05,42.92,26.51,34.92,0.0,0.32,9.66,32.03
1999-01-06,41.56,27.62,34.76,0.0,0.32,10.4,32.4
1999-01-07,42.87,27.18,35.34,0.0,0.31,11.12,32.09
1999-01-08,35.14,24.82,29.5,0.45,0.31,15.74,20.06
1999-01-09,36.32,22.36,29.1,0.01,0.31,13.47,33.16
1999-01-10,37.75,21.47,29.95,0.0,0.31,9.71,32.28
1999-01-11,41.09,25.01,31.83,1.58,0.31,11.11,15.6
1999-01-12,35.99,20.74,28.53,0.0,0.32,11.34,32.85
1999-01-13,38.0,20.96,29.5,0.0,0.31,3.19,33.83
1999-01-14,40.02,17.2,29.47,0.2,0.31,8.7,33.23
1999-01-15,41.71,25.07,33.89,0.0,0.31,15.2,32.18
1999-01-16,43.32,29.67,35.78,0.0,0.31,11.6,24.69
1999-01-17,42.49,26.13,34.87,3.73,0.31,13.08,28.28
1999-01-18,42.73,27.11,35.04,0.45,0.31,13.35,30.43
1999-01-19,39.57,25.43,31.61,0.01,0.31,10.65,28.32
1999-01-20,34.82,18.98,26.78,0.04,0.31,3.19,31.4
1999-01-21,33.63,20.45,27.22,4.75,0.31,13.44,25.22
1999-01-22,34.2,20.18,27.66,0.26,0.32,14.32,27.85
1999-01-23,33.03,22.72,27.42,7.21,0.32,14.27,30.69
1999-01-24,35.03,20.04,27.71,0.0,0.32,9.91,31.52
1999-01-25,36.59,20.97,29.05,0.0,0.32,11.83,30.89
1999-01-26,38.18,23.18,30.94,0.03,0.32,12.18,27.24
1999-01-27,29.54,23.99,26.29,5.13,0.32,13.97,15.01
1999-01-28,28.92,21.46,25.35,6.29,0.33,15.97,28.6
1999-01-29,34.23,19.96,26.79,10.23,0.34,16.29,25.68
1999-01-30,33.56,19.67,26.77,1.08,0.34,14.09,28.83
1999-01-31,34.27,19.75,27.15,4.46,0.34,14.73,22.97
1999-02-01,28.71,20.21,23.6,5.73,0.35,15.91,24.24
1999-02-02,34.12,18.6,26.43,0.15,0.34,14.25,31.34
1999-02-03,33.72,21.47,26.92,0.07,0.34,13.09,25.19
1999-02-04,34.46,19.78,27.06,0.0,0.34,9.44,30.78
1999-02-05,35.12,20.46,27.6,0.0,0.33,11.07,30.59
1999-02-06,34.7,20.77,27.84,0.0,0.33,8.51,19.83
1999-02-07,26.1,13.63,19.67,0.01,0.33,1.43,30.44
1999-02-08,32.76,11.46,23.16,0.02,0.33,8.01,26.27
1999-02-09,30.65,18.97,25.22,0.09,0.32,13.03,21.27
1999-02-10,33.16,21.65,26.58,1.81,0.33,16.75,19.09
1999-02-11,34.71,23.12,28.91,0.11,0.33,16.24,23.55
1999-02-12,35.4,21.93,29.07,0.0,0.32,13.4,26.99
1999-02-13,34.47,23.35,28.36,0.01,0.32,11.99,18.01
1999-02-14,38.56,22.88,31.34,0.0,0.32,14.39,27.64
1999-02-15,39.54,26.84,32.71,0.06,0.32,11.85,23.53
1999-02-16,33.46,19.78,26.55,2.23,0.32,8.07,30.0
1999-02-17,34.71,16.9,25.87,0.14,0.32,5.01,29.59
1999-02-18,24.45,14.06,19.21,0.0,0.32,2.85,29.31
1999-02-19,27.75,12.15,19.85,0.0,0.32,1.31,29.14
1999-02-20,33.22,14.28,23.88,0.0,0.32,4.98,26.32
1999-02-21,34.91,20.55,27.27,0.0,0.32,8.16,23.64
1999-02-22,35.82,20.13,27.97,0.0,0.32,7.46,26.86
1999-02-23,29.88,20.41,25.23,0.33,0.32,10.62,18.44
1999-02-24,26.7,18.54,22.4,10.05,0.33,13.35,17.58
1999-02-25,28.99,17.19,22.7,0.11,0.33,12.01,24.83
1999-02-26,31.57,16.36,24.37,0.01,0.33,11.28,26.96
1999-02-27,32.23,20.54,25.92,0.0,0.33,11.43,25.37
1999-02-28,26.38,21.07,23.64,3.5,0.33,16.22,17.67
1999-03-01,29.93,19.5,24.28,6.06,0.34,17.72,19.21
1999-03-02,29.03,20.35,24.67,3.38,0.34,17.76,20.84
1999-03-03,36.03,19.16,27.46,0.28,0.34,14.65,25.42
1999-03-04,34.13,17.61,25.52,0.37,0.33,9.04,26.69
1999-03-05,35.03,18.63,25.99,0.0,0.33,8.71,26.17
1999-03-06,39.21,19.1,28.69,0.25,0.33,9.04,23.73
1999-03-07,27.67,18.29,22.02,6.39,0.34,14.03,9.57
1999-03-08,32.11,15.42,24.04,0.01,0.34,12.31,25.58
1999-03-09,32.52,18.0,24.8,0.0,0.33,11.75,25.45
1999-03-10,34.5,18.08,26.1,0.0,0.33,9.61,25.28
1999-03-11,35.33,21.59,28.0,0.16,0.33,8.38,23.2
1999-03-12,36.24,19.06,27.53,0.01,0.33,7.27,24.14
1999-03-13,29.39,17.37,23.43,0.26,0.32,7.61,24.31
1999-03-14,28.4,13.12,20.2,0.0,0.32,2.26,24.04
1999-03-15,29.1,12.73,21.05,0.0,0.32,3.12,23.47
1999-03-16,29.3,15.5,21.86,0.0,0.32,4.35,20.34
1999-03-17,32.74,13.43,23.98,0.0,0.32,5.38,23.09
1999-03-18,29.51,20.33,24.06,7.71,0.33,14.95,12.85
1999-03-19,29.48,19.47,23.85,7.01,0.34,17.06,18.56
1999-03-20,29.6,18.82,23.63,5.3,0.35,17.33,18.61
1999-03-21,28.67,17.89,22.05,5.56,0.35,17.1,12.35
1999-03-22,22.7,11.42,17.95,8.99,0.37,8.42,15.09
1999-03-23,25.88,7.56,16.45,0.0,0.36,3.26,22.65
1999-03-24,29.48,13.2,21.54,0.0,0.36,12.36,21.77
1999-03-25,34.26,19.9,26.34,0.0,0.35,13.61,16.74
1999-03-26,32.04,21.87,26.35,0.34,0.35,15.43,18.09
1999-03-27,32.25,16.49,23.96,17.0,0.36,16.75,11.71
1999-03-28,19.37,10.02,14.19,0.8,0.38,5.3,20.63
1999-03-29,20.71,6.55,13.38,0.0,0.37,3.99,21.18
1999-03-30,23.28,7.74,15.25,0.0,0.37,5.24,20.71
1999-03-31,22.88,9.83,16.01,0.0,0.36,8.27,19.53
1999-04-01,23.4,11.06,17.18,0.01,0.36,8.37,17.04
1999-04-02,26.99,12.54,19.72,0.01,0.36,12.43,16.97
1999-04-03,27.04,14.37,20.44,0.08,0.36,11.65,19.03
1999-04-04,26.18,16.62,20.63,7.9,0.36,15.58,11.51
1999-04-05,25.8,15.81,20.09,6.67,0.38,13.32,14.69
1999-04-06,23.05,11.65,17.04,0.08,0.38,8.37,20.41
1999-04-07,22.25,6.29,14.18,0.0,0.37,3.16,20.44
1999-04-08,24.28,11.09,16.48,0.0,0.37,3.53,20.62
1999-04-09,27.05,9.51,17.99,0.0,0.37,7.46,20.52
1999-04-10,26.33,12.2,18.92,0.0,0.36,9.83,20.17
1999-04-11,26.97,13.12,19.43,0.0,0.36,9.83,20.01
1999-04-12,26.42,11.63,18.6,0.0,0.36,7.67,18.16
1999-04-13,27.0,12.78,19.78,0.0,0.36,6.12,18.89
1999-04-14,26.53,13.43,19.62,0.0,0.36,6.75,18.96
1999-04-15,22.21,9.19,15.12,0.0,0.36,6.09,19.6
1999-04-16,24.52,6.96,15.09,0.0,0.36,6.4,19.08
1999-04-17,25.44,8.76,16.67,0.0,0.35,5.8,18.81
1999-04-18,26.38,11.97,18.17,0.0,0.35,4.78,19.22
1999-04-19,26.46,13.2,19.21,0.0,0.35,4.05,18.53
1999-04-20,25.33,9.93,17.32,0.0,0.35,4.2,18.57
1999-04-21,16.37,7.33,11.77,0.0,0.35,2.73,17.51
1999-04-22,18.48,3.5,10.44,0.0,0.35,0.65,18.3
1999-04-23,20.91,5.09,12.39,0.0,0.35,3.29,18.44
1999-04-24,21.81,7.19,13.33,0.0,0.35,0.16,18.03
1999-04-25,21.1,7.95,13.81,0.0,0.35,-2.24,16.61
1999-04-26,22.53,8.54,14.76,0.0,0.35,-1.59,16.88
1999-04-27,14.86,4.45,9.68,0.0,0.35,2.09,16.76
1999-04-28,18.56,4.55,10.56,0.0,0.35,2.08,17.15
1999-04-29,19.94,4.07,11.49,0.0,0.35,4.84,16.63
1999-04-30,19.73,7.15,13.31,0.0,0.35,6.57,13.49
1999-05-01,21.57,6.85,13.5,0.0,0.35,5.54,15.53
1999-05-02,21.85,7.74,14.27,0.0,0.34,2.12,15.89
1999-05-03,22.68,10.13,14.72,0.0,0.34,-0.62,15.63
1999-05-04,23.47,7.2,14.21,0.0,0.34,1.32,15.19
1999-05-05,23.78,7.78,15.1,0.0,0.34,4.53,14.66
1999-05-06,24.56,10.9,16.6,0.0,0.34,7.72,14.82
1999-05-07,24.96,12.16,18.03,0.08,0.34,9.34,11.36
1999-05-08,23.46,11.7,17.32,0.03,0.34,8.23,11.11
1999-05-09,20.48,7.28,12.88,0.0,0.34,3.34,15.1
1999-05-10,24.14,6.6,14.47,0.0,0.34,4.39,14.07
1999-05-11,24.6,9.11,16.24,0.0,0.34,6.61,14.65
1999-05-12,19.33,11.46,15.15,0.05,0.34,9.75,9.66
1999-05-13,19.38,9.45,13.78,0.04,0.34,7.79,11.84
1999-05-14,22.05,9.3,14.85,0.0,0.34,5.25,14.12
1999-05-15,14.71,3.45,11.23,1.32,0.34,3.75,6.32
1999-05-16,14.99,0.87,6.83,0.0,0.34,-2.78,14.08
1999-05-17,19.49,0.98,9.49,0.0,0.34,-1.09,13.24
1999-05-18,24.45,6.26,14.28,0.0,0.34,1.64,12.4
1999-05-19,25.4,11.42,16.94,0.09,0.34,5.02,7.77
1999-05-20,25.95,10.46,17.37,0.0,0.34,2.99,12.57
1999-05-21,25.77,13.08,17.95,0.01,0.34,4.96,6.88
1999-05-22,24.34,10.42,16.53,0.0,0.34,8.95,10.11
1999-05-23,19.98,14.47,16.42,11.55,0.35,13.02,6.38
1999-05-24,18.42,10.98,15.46,16.05,0.38,13.76,6.21
1999-05-25,17.86,7.22,11.5,0.0,0.39,5.17,13.01
1999-05-26,17.03,5.76,10.9,0.0,0.38,4.1,9.56
1999-05-27,18.65,5.38,10.58,0.0,0.37,4.5,12.86
1999-05-28,18.24,3.55,10.28,0.0,0.37,2.88,12.06
1999-05-29,21.21,7.4,13.6,0.04,0.37,3.85,7.65
1999-05-30,20.28,12.55,15.98,5.84,0.38,11.38,2.9
1999-05-31,16.96,7.6,12.56,0.97,0.38,8.96,7.18
1999-06-01,17.52,5.47,9.7,0.07,0.38,4.95,12.46
1999-06-02,16.96,4.31,9.46,0.0,0.37,4.62,9.61
1999-06-03,20.45,4.13,11.15,0.0,0.37,3.9,11.74
1999-06-04,21.27,8.67,14.34,0.0,0.37,8.46,11.99
1999-06-05,21.91,10.42,15.77,6.19,0.37,10.27,8.29
1999-06-06,18.72,10.8,14.12,6.53,0.39,11.1,4.92
1999-06-07,17.75,6.26,10.93,0.0,0.39,7.03,12.29
1999-06-08,18.78,3.63,9.94,0.0,0.39,5.08,12.27
1999-06-09,15.65,6.71,10.8,3.38,0.39,8.53,6.4
1999-06-10,14.88,7.29,10.45,0.91,0.39,5.96,10.92
1999-06-11,11.67,3.09,6.93,0.0,0.39,3.83,11.02
1999-06-12,12.34,2.67,7.24,0.01,0.39,2.52,7.68
1999-06-13,12.71,5.58,8.89,5.88,0.4,3.91,5.08
1999-06-14,10.6,4.16,7.31,1.31,0.4,3.24,9.91
1999-06-15,11.96,2.33,6.65,0.59,0.4,3.65,8.75
1999-06-16,12.99,3.63,7.76,0.37,0.39,5.0,8.25
1999-06-17,18.03,4.74,10.09,0.0,0.39,4.49,10.8
1999-06-18,17.99,6.78,11.64,0.23,0.39,5.04,10.43
1999-06-19,16.49,5.94,10.63,0.0,0.39,5.42,10.98
1999-06-20,19.49,5.76,11.15,0.0,0.39,3.0,10.78
1999-06-21,17.41,5.59,10.71,0.26,0.39,4.66,10.3
1999-06-22,16.23,6.01,9.96,1.25,0.39,6.66,9.26
1999-06-23,17.94,3.56,9.44,0.01,0.39,5.76,11.3
1999-06-24,16.53,3.7,8.72,0.0,0.39,4.82,11.6
1999-06-25,14.29,2.33,7.24,0.0,0.39,3.76,10.44
1999-06-26,16.85,3.34,8.94,0.0,0.39,4.87,9.38
1999-06-27,17.88,6.12,10.11,0.0,0.39,5.18,11.66
1999-06-28,18.23,4.25,9.93,0.0,0.39,4.16,11.49
1999-06-29,19.51,6.98,11.7,0.0,0.39,5.92,11.33
1999-06-30,14.15,8.21,10.88,31.7,0.41,9.17,2.67
1999-07-01,13.76,6.8,9.76,6.52,0.45,6.81,9.34
1999-07-02,13.36,3.76,7.88,0.12,0.44,4.66,10.97
1999-07-03,15.29,2.62,7.61,0.0,0.44,2.86,12.21
1999-07-04,16.85,1.64,8.7,0.0,0.43,3.24,11.99
1999-07-05,17.07,2.63,8.91,0.0,0.43,3.32,12.17
1999-07-06,17.22,3.69,9.35,0.0,0.43,1.95,9.89
1999-07-07,18.88,4.79,10.69,0.0,0.42,4.49,8.4
1999-07-08,19.03,5.45,11.7,0.0,0.42,5.36,9.74
1999-07-09,19.51,7.1,12.65,0.04,0.42,6.85,9.38
1999-07-10,19.54,8.82,13.42,0.03,0.42,8.58,9.79
1999-07-11,17.34,8.79,12.2,0.0,0.42,6.41,8.46
1999-07-12,16.16,6.81,10.88,0.77,0.42,7.4,10.86
1999-07-13,14.8,9.79,11.67,13.75,0.43,9.99,3.73
1999-07-14,16.39,8.98,11.87,1.66,0.45,7.97,8.43
1999-07-15,16.63,6.97,10.95,0.25,0.44,6.74,6.61
1999-07-16,17.26,6.81,12.32,0.74,0.44,7.86,7.91
1999-07-17,18.02,7.51,12.07,0.0,0.43,6.25,12.76
1999-07-18,17.16,7.23,11.42,0.26,0.43,4.78,8.6
1999-07-19,16.5,5.67,10.85,1.63,0.43,4.24,12.0
1999-07-20,13.29,6.5,9.31,0.82,0.43,5.18,10.48
1999-07-21,13.94,5.78,9.06,0.17,0.43,5.31,8.65
1999-07-22,14.31,5.22,8.9,0.07,0.43,5.84,8.05
1999-07-23,14.18,3.55,7.26,0.0,0.43,3.84,13.33
1999-07-24,15.21,0.79,6.96,0.0,0.43,3.67,13.1
1999-07-25,16.15,1.54,7.4,0.0,0.43,3.65,13.42
1999-07-26,15.99,2.94,8.03,0.0,0.43,3.28,13.29
1999-07-27,16.72,3.33,9.11,0.01,0.42,3.58,13.32
1999-07-28,15.62,2.12,8.12,0.0,0.42,1.76,13.27
1999-07-29,18.35,2.99,9.84,0.0,0.42,2.51,12.37
1999-07-30,21.34,7.21,12.66,0.01,0.42,5.38,10.26
1999-07-31,13.75,3.3,7.42,0.0,0.42,3.02,13.7
1999-08-01,15.23,0.29,6.48,0.0,0.42,1.15,14.23
1999-08-02,14.57,1.44,6.69,0.0,0.42,1.16,14.21
1999-08-03,14.31,0.99,6.65,0.0,0.42,0.81,14.29
1999-08-04,16.2,1.19,7.56,0.0,0.42,1.02,14.78
1999-08-05,16.44,1.83,7.69,0.0,0.41,3.24,14.8
1999-08-06,18.34,1.59,8.91,0.0,0.41,1.79,14.73
1999-08-07,18.34,6.1,11.44,0.31,0.41,6.58,8.46
1999-08-08,13.03,8.25,10.85,12.19,0.43,7.32,7.96
1999-08-09,15.0,7.84,10.5,0.73,0.43,6.77,10.41
1999-08-10,16.76,5.51,10.77,0.03,0.43,5.76,14.07
1999-08-11,18.1,3.82,10.51,0.01,0.43,3.7,14.55
1999-08-12,20.41,5.54,11.52,4.81,0.42,4.33,5.78
1999-08-13,13.08,6.56,9.45,1.25,0.43,4.96,14.52
1999-08-14,12.75,4.74,8.5,0.42,0.43,3.43,13.42
1999-08-15,14.37,2.28,7.72,0.0,0.43,2.96,13.67
1999-08-16,15.17,3.42,8.54,0.0,0.43,3.52,14.36
1999-08-17,14.22,3.98,8.38,0.0,0.42,2.64,14.96
1999-08-18,18.66,2.62,9.88,0.04,0.42,1.24,16.11
1999-08-19,22.62,4.46,12.42,0.0,0.42,-0.13,15.66
1999-08-20,19.39,5.56,11.55,0.0,0.42,3.86,13.89
1999-08-21,16.86,3.63,9.99,0.0,0.41,3.84,16.65
1999-08-22,17.57,2.51,9.48,0.0,0.41,3.18,15.44
1999-08-23,20.46,8.02,13.68,0.0,0.41,8.54,14.46
1999-08-24,23.42,8.75,15.34,0.0,0.41,8.15,17.66
1999-08-25,23.7,9.04,16.09,0.0,0.41,7.65,16.98
1999-08-26,18.85,9.67,14.9,26.3,0.43,11.46,5.84
1999-08-27,11.16,7.4,9.88,8.16,0.46,8.61,5.63
1999-08-28,15.82,8.68,11.72,2.44,0.46,9.81,8.65
1999-08-29,22.29,6.9,14.05,0.0,0.46,10.19,18.19
1999-08-30,23.97,10.52,16.74,0.0,0.45,11.74,19.01
1999-08-31,24.65,10.39,17.42,0.0,0.44,10.87,18.36
1999-09-01,24.42,11.79,17.53,0.21,0.44,10.68,15.05
1999-09-02,23.95,13.05,17.86,0.29,0.44,10.8,17.3
1999-09-03,25.18,11.02,17.74,0.0,0.43,8.66,18.21
1999-09-04,27.19,11.95,18.76,7.5,0.43,9.66,15.22
1999-09-05,18.15,9.11,12.99,2.87,0.44,6.75,17.08
1999-09-06,17.43,5.06,11.06,0.11,0.44,5.21,16.94
1999-09-07,17.64,4.41,10.51,0.0,0.44,3.75,20.5
1999-09-08,19.68,3.7,11.61,0.0,0.43,3.56,18.23
1999-09-09,21.56,7.11,13.19,0.48,0.43,5.2,17.31
1999-09-10,19.63,6.52,12.21,0.01,0.43,5.74,16.73
1999-09-11,19.43,3.88,10.84,0.0,0.42,3.19,20.81
1999-09-12,20.21,5.6,13.01,0.0,0.42,1.57,17.62
1999-09-13,22.94,9.92,15.59,0.0,0.42,2.72,20.68
1999-09-14,25.36,7.74,16.11,0.0,0.42,5.09,20.47
1999-09-15,29.1,10.65,20.0,0.0,0.41,4.47,15.75
1999-09-16,22.72,12.43,17.86,1.62,0.41,5.18,13.59
1999-09-17,17.44,8.86,12.4,0.59,0.41,2.92,17.17
1999-09-18,15.3,4.47,9.58,0.06,0.41,1.95,16.96
1999-09-19,18.75,2.71,10.34,0.0,0.41,2.98,21.8
1999-09-20,20.37,4.03,12.03,0.0,0.41,3.43,22.77
1999-09-21,24.4,7.27,15.14,0.0,0.4,4.3,20.54
1999-09-22,26.93,10.36,17.92,0.0,0.4,1.38,21.66
1999-09-23,27.7,10.34,18.79,0.01,0.4,5.66,16.52
1999-09-24,30.57,13.23,21.46,1.74,0.39,10.58,21.61
1999-09-25,28.69,14.41,20.71,0.01,0.39,10.85,23.71
1999-09-26,26.43,12.53,19.62,0.17,0.39,11.48,23.36
1999-09-27,25.52,13.54,19.03,1.28,0.39,12.91,21.18
1999-09-28,27.05,15.18,20.42,0.04,0.39,10.87,20.98
1999-09-29,26.74,15.52,19.44,2.08,0.39,10.98,16.81
1999-09-30,20.35,12.67,16.59,13.12,0.41,14.03,11.95
1999-10-01,22.01,11.91,16.73,1.69,0.41,11.87,16.88
1999-10-02,24.38,11.82,17.42,10.44,0.41,14.28,16.23
1999-10-03,23.49,13.87,18.09,10.5,0.44,14.13,15.84
1999-10-04,25.44,12.48,18.05,0.19,0.43,11.88,20.8
1999-10-05,24.73,9.73,16.87,0.02,0.42,9.03,25.58
1999-10-06,24.85,9.61,17.2,0.01,0.42,8.92,24.27
1999-10-07,25.41,10.7,17.89,0.0,0.41,9.0,25.11
1999-10-08,29.5,12.24,20.49,0.0,0.41,9.57,25.19
1999-10-09,34.84,14.9,24.83,0.08,0.4,11.75,25.47
1999-10-10,24.41,19.08,21.59,6.65,0.4,14.24,9.23
1999-10-11,24.44,12.62,18.36,1.23,0.41,9.88,23.46
1999-10-12,25.98,12.4,19.11,0.0,0.41,7.67,25.1
1999-10-13,25.62,14.28,18.92,1.69,0.4,9.58,15.0
1999-10-14,28.79,14.33,21.49,0.03,0.4,12.6,20.25
1999-10-15,30.29,15.41,21.81,0.07,0.4,9.99,22.02
1999-10-16,27.26,10.34,18.6,0.0,0.39,6.49,27.45
1999-10-17,32.06,11.38,21.96,0.0,0.39,7.24,27.47
1999-10-18,26.21,12.38,18.41,8.89,0.39,10.39,13.58
1999-10-19,20.79,7.95,14.05,0.0,0.4,4.44,28.32
1999-10-20,21.91,6.66,14.43,0.0,0.4,4.78,28.76
1999-10-21,26.35,9.43,18.15,0.0,0.39,3.47,28.77
1999-10-22,22.86,9.58,16.02,0.0,0.39,4.66,28.74
1999-10-23,20.06,8.14,12.61,21.04,0.4,4.5,11.72
1999-10-24,17.69,9.52,13.41,4.14,0.43,8.69,17.26
1999-10-25,25.01,7.59,16.89,0.04,0.42,7.56,23.62
1999-10-26,21.54,12.99,16.77,1.4,0.42,8.91,15.36
1999-10-27,25.56,7.57,17.49,0.0,0.41,3.31,30.13
1999-10-28,27.14,10.5,19.51,0.0,0.41,5.24,30.42
1999-10-29,29.81,12.54,21.71,0.0,0.4,6.3,28.14
1999-10-30,26.62,16.99,21.62,3.11,0.4,8.86,11.5
1999-10-31,22.09,10.26,17.05,0.12,0.4,6.21,29.19
1999-11-01,23.56,6.92,15.11,0.0,0.4,1.73,30.85
1999-11-02,25.24,9.85,17.31,0.0,0.39,5.88,30.59
1999-11-03,26.36,10.81,18.97,0.0,0.39,7.27,29.64
1999-11-04,26.87,12.82,19.96,0.0,0.39,8.19,29.22
1999-11-05,23.56,15.04,18.41,15.01,0.4,13.55,10.51
1999-11-06,25.67,13.84,20.27,3.63,0.42,13.19,21.47
1999-11-07,24.67,9.65,17.38,0.0,0.41,7.67,31.17
1999-11-08,17.49,10.13,14.16,0.12,0.41,6.05,15.61
1999-11-09,21.44,6.82,14.29,0.02,0.4,1.71,28.2
1999-11-10,23.07,6.83,15.3,0.0,0.4,3.44,31.17
1999-11-11,23.89,7.48,16.29,0.0,0.39,3.89,29.93
1999-11-12,26.71,8.57,18.69,0.0,0.39,3.52,31.24
1999-11-13,30.49,11.73,21.85,0.0,0.39,2.06,31.63
1999-11-14,30.22,12.57,20.12,0.03,0.38,7.96,23.85
1999-11-15,18.97,11.53,15.79,0.31,0.38,7.61,15.78
1999-11-16,21.28,8.13,14.57,0.0,0.38,2.49,32.11
1999-11-17,24.05,6.52,15.68,0.0,0.38,2.37,31.8
1999-11-18,26.97,8.89,18.75,0.0,0.38,4.93,31.84
1999-11-19,28.16,12.55,20.56,0.0,0.37,6.78,30.94
1999-11-20,30.6,14.59,22.61,0.01,0.37,10.09,24.84
1999-11-21,25.25,15.42,20.56,15.71,0.38,13.67,17.79
1999-11-22,25.28,12.8,18.9,0.64,0.39,8.78,27.62
1999-11-23,24.0,11.02,17.5,0.0,0.39,4.76,32.15
1999-11-24,27.21,10.41,19.11,0.0,0.38,5.47,33.06
1999-11-25,29.83,12.83,21.62,0.0,0.38,7.19,27.91
1999-11-26,31.35,16.24,23.84,0.0,0.38,7.78,20.37
1999-11-27,25.62,18.07,21.65,0.01,0.37,11.99,19.04
1999-11-28,28.28,14.39,21.11,0.0,0.37,6.83,23.61
1999-11-29,28.4,15.01,21.84,0.0,0.37,8.16,22.74
1999-11-30,30.96,17.03,24.26,0.0,0.37,8.19,24.36
1999-12-01,35.51,18.09,27.27,0.0,0.36,8.7,30.67
1999-12-02,36.57,19.38,28.37,0.0,0.36,8.72,32.03
1999-12-03,34.24,18.53,25.29,0.01,0.36,10.3,22.22
1999-12-04,31.23,14.8,22.99,0.0,0.35,6.35,33.4
1999-12-05,32.39,14.2,23.6,0.0,0.35,4.59,33.33
1999-12-06,35.28,14.95,25.49,0.0,0.35,3.8,33.36
1999-12-07,39.96,17.73,30.09,0.33,0.35,8.77,30.18
1999-12-08,37.12,24.15,29.45,2.82,0.35,13.84,19.05
1999-12-09,32.16,19.4,25.34,9.64,0.36,14.03,20.27
1999-12-10,26.89,13.2,20.23,0.0,0.36,3.41,34.4
1999-12-11,27.63,13.88,21.17,0.0,0.36,3.93,33.74
1999-12-12,25.21,9.94,17.73,0.0,0.35,2.4,34.68
1999-12-13,29.9,11.19,21.09,0.0,0.35,5.41,33.93
1999-12-14,34.29,15.87,25.74,0.0,0.35,7.13,32.42
1999-12-15,35.38,22.54,28.55,0.04,0.35,10.67,28.31
1999-12-16,25.34,18.8,21.71,16.0,0.36,15.26,13.39
1999-12-17,25.49,13.69,18.91,0.85,0.38,4.59,27.37
1999-12-18,26.98,10.25,19.04,0.0,0.37,2.97,33.67
1999-12-19,26.77,12.17,19.2,0.0,0.36,4.66,34.17
1999-12-20,28.16,10.75,19.63,0.0,0.36,3.63,34.17
1999-12-21,29.52,12.84,21.8,0.0,0.36,5.12,25.26
1999-12-22,27.31,18.26,21.67,9.7,0.36,10.56,15.24
1999-12-23,24.51,15.21,19.36,10.54,0.38,14.67,15.31
1999-12-24,27.2,16.32,21.7,5.68,0.39,14.93,25.78
1999-12-25,26.02,17.39,20.87,16.58,0.4,16.25,16.3
1999-12-26,25.17,17.47,20.92,14.26,0.42,17.3,15.13
1999-12-27,25.16,15.4,20.91,15.89,0.44,16.3,20.13
1999-12-28,26.29,15.63,20.66,7.47,0.45,14.37,20.95
1999-12-29,26.16,12.63,19.44,0.04,0.44,10.68,33.94
1999-12-30,26.26,12.23,19.63,0.0,0.43,8.75,33.4
1999-12-31,25.33,10.45,18.0,0.0,0.42,6.68,34.16
2000-01-01,27.02,11.32,19.99,0.0,0.41,8.97,30.65
2000-01-02,29.94,14.43,22.47,0.0,0.41,9.28,33.01
2000-01-03,33.67,16.57,25.81,0.36,0.4,11.17,30.32
2000-01-04,25.8,15.11,21.19,0.06,0.4,6.05,34.21
2000-01-05,25.19,10.08,17.85,0.01,0.39,4.86,34.49
2000-01-06,27.1,10.9,19.31,0.0,0.39,6.65,34.21
2000-01-07,29.62,12.12,21.63,0.0,0.39,6.8,33.52
2000-01-08,31.62,16.26,24.28,0.0,0.38,10.58,31.17
2000-01-09,30.57,19.0,25.24,0.0,0.38,10.97,29.49
2000-01-10,32.78,17.97,25.55,0.43,0.38,12.25,24.68
2000-01-11,32.42,18.45,25.32,0.2,0.38,10.58,33.34
2000-01-12,31.93,16.74,24.31,0.0,0.37,9.45,32.94
2000-01-13,32.44,17.26,24.66,0.0,0.37,8.49,33.37
2000-01-14,32.63,16.93,24.84,0.0,0.37,8.28,33.39
2000-01-15,34.83,18.27,27.12,0.0,0.36,10.06,32.7
2000-01-16,37.79,22.63,30.29,0.0,0.36,10.64,29.67
2000-01-17,37.61,21.14,29.06,0.0,0.36,12.29,32.02
2000-01-18,38.8,20.4,29.33,0.0,0.36,13.24,29.48
2000-01-19,36.19,23.84,29.56,0.0,0.35,10.7,32.6
2000-01-20,33.36,19.46,26.2,0.0,0.35,9.73,32.58
2000-01-21,28.05,15.24,21.66,0.0,0.35,5.83,31.66
2000-01-22,25.84,14.02,19.63,0.0,0.35,4.48,31.48
2000-01-23,24.97,11.06,18.22,0.0,0.35,1.24,31.67
2000-01-24,26.95,11.42,19.75,0.0,0.35,3.55,30.43
2000-01-25,31.49,17.42,24.08,0.03,0.35,10.28,14.84
2000-01-26,33.88,19.14,25.8,7.62,0.35,15.92,14.53
2000-01-27,28.6,17.35,22.92,1.32,0.36,13.93,20.19
2000-01-28,28.2,15.74,21.66,0.12,0.36,9.32,32.58
2000-01-29,28.52,11.4,20.38,0.0,0.36,6.64,31.28
2000-01-30,30.51,13.18,22.1,0.0,0.35,7.22,30.92
2000-01-31,33.04,15.12,24.92,0.21,0.35,7.07,25.37
2000-02-01,35.5,18.68,26.92,0.0,0.35,4.73,31.32
2000-02-02,36.56,21.54,29.69,0.0,0.34,12.52,30.21
2000-02-03,40.01,23.21,31.6,0.0,0.34,8.83,30.86
2000-02-04,40.41,21.94,31.31,0.0,0.34,5.29,31.17
2000-02-05,41.44,24.18,32.61,0.0,0.34,8.16,28.08
2000-02-06,36.37,21.79,29.55,0.0,0.34,10.41,28.86
2000-02-07,34.97,24.03,28.54,0.06,0.34,13.76,29.06
2000-02-08,39.14,22.14,31.07,0.0,0.34,9.77,29.52
2000-02-09,38.83,24.13,31.31,0.0,0.33,8.37,29.83
2000-02-10,37.84,21.41,30.15,0.0,0.33,7.03,29.42
2000-02-11,30.88,21.68,26.13,7.15,0.34,15.58,14.37
2000-02-12,27.11,19.11,22.41,4.14,0.35,14.2,13.35
2000-02-13,32.37,14.41,23.67,0.01,0.35,9.77,27.35
2000-02-14,29.99,15.48,22.7,0.0,0.34,7.09,30.0
2000-02-15,30.5,15.5,23.04,0.0,0.34,8.8,29.96
2000-02-16,33.44,16.71,25.36,0.0,0.34,8.89,29.06
2000-02-17,35.33,19.12,27.68,0.0,0.34,8.4,25.37
2000-02-18,37.35,19.42,28.77,0.0,0.33,7.15,24.99
2000-02-19,36.59,21.42,29.62,0.0,0.33,10.04,24.97
2000-02-20,26.9,22.2,24.95,7.61,0.34,16.11,11.36
2000-02-21,23.56,19.36,21.16,37.35,0.38,16.56,8.53
2000-02-22,25.1,19.43,21.66,19.73,0.43,17.79,14.07
2000-02-23,28.92,19.3,24.07,1.05,0.43,18.87,15.87
2000-02-24,32.84,20.92,26.95,0.12,0.41,17.64,20.93
2000-02-25,35.01,21.13,28.77,0.07,0.4,16.97,26.62
2000-02-26,34.1,23.44,28.6,0.29,0.4,17.34,24.59
2000-02-27,34.66,21.47,27.3,0.0,0.39,14.98,26.0
2000-02-28,34.95,20.73,27.46,0.0,0.39,15.37,26.67
2000-02-29,34.54,21.26,27.7,0.0,0.38,14.28,22.39
2000-03-01,34.64,19.92,26.99,0.0,0.38,12.75,26.94
2000-03-02,36.19,20.3,28.72,0.0,0.37,11.81,26.55
2000-03-03,37.58,21.52,29.86,0.01,0.37,14.77,25.92
2000-03-04,31.22,18.05,24.69,0.02,0.37,11.45,24.75
2000-03-05,29.01,14.46,20.94,0.17,0.37,6.66,22.97
2000-03-06,28.86,13.25,21.11,0.0,0.36,9.26,24.99
2000-03-07,27.84,16.14,22.26,0.4,0.36,12.54,14.31
2000-03-08,20.5,16.53,18.5,8.8,0.37,12.55,14.44
2000-03-09,28.34,15.26,21.33,4.87,0.39,14.12,19.41
2000-03-10,25.72,17.57,21.14,8.08,0.39,16.8,12.19
2000-03-11,30.83,18.75,24.36,0.02,0.39,17.84,21.51
2000-03-12,32.62,21.51,26.41,0.91,0.39,17.09,19.98
2000-03-13,33.23,22.29,27.29,1.76,0.38,18.77,21.52
2000-03-14,30.46,17.33,24.05,0.02,0.38,13.14,24.41
2000-03-15,31.46,14.1,22.46,0.0,0.38,7.74,24.12
2000-03-16,34.07,17.05,25.22,0.01,0.37,9.82,23.53
2000-03-17,36.26,19.49,28.27,0.0,0.37,17.11,21.69
2000-03-18,36.33,23.47,29.02,0.01,0.37,17.48,20.09
2000-03-19,30.24,22.35,25.61,6.83,0.37,16.58,17.68
2000-03-20,23.03,16.71,20.59,20.45,0.4,17.02,7.71
2000-03-21,27.14,13.84,20.7,0.45,0.41,13.4,20.57
2000-03-22,26.91,15.09,20.73,0.0,0.4,13.2,20.76
2000-03-23,25.95,15.48,20.4,0.0,0.4,12.37,14.19
2000-03-24,27.88,12.76,20.25,0.0,0.39,10.81,21.2
2000-03-25,27.59,13.44,20.09,0.0,0.39,10.0,21.7
2000-03-26,29.07,13.49,21.32,0.0,0.39,8.31,20.95
2000-03-27,29.43,16.62,23.01,0.0,0.38,10.79,20.68
2000-03-28,29.39,18.73,23.14,0.0,0.38,12.1,14.94
2000-03-29,26.62,13.56,19.64,0.0,0.38,9.88,18.67
2000-03-30,27.2,12.81,19.35,0.0,0.38,7.08,20.59
2000-03-31,25.9,14.31,19.37,0.0,0.37,8.28,20.2
2000-04-01,25.6,16.68,20.98,0.12,0.37,10.5,15.33
2000-04-02,28.02,15.4,21.21,0.26,0.37,15.68,16.78
2000-04-03,31.21,16.39,22.89,0.24,0.37,13.2,19.26
2000-04-04,29.77,13.51,21.69,0.03,0.37,7.1,20.22
2000-04-05,22.44,13.61,18.23,0.36,0.37,9.64,14.27
2000-04-06,24.56,11.02,17.11,0.0,0.37,5.95,20.56
2000-04-07,25.52,10.05,17.47,0.0,0.37,7.38,19.96
2000-04-08,27.78,13.6,20.18,0.0,0.37,11.24,20.04
2000-04-09,28.52,13.48,20.89,0.07,0.36,11.85,16.31
2000-04-10,28.39,16.12,21.79,0.0,0.36,12.46,16.17
2000-04-11,27.59,14.8,20.76,0.0,0.36,10.39,18.99
2000-04-12,22.21,17.0,18.96,1.2,0.36,13.69,7.08
2000-04-13,24.96,16.2,19.61,4.3,0.37,14.28,8.58
2000-04-14,23.4,16.09,19.31,22.27,0.39,16.41,10.64
2000-04-15,23.63,14.8,18.23,1.87,0.41,14.91,15.86
2000-04-16,23.83,12.59,17.77,17.01,0.42,14.67,6.13
2000-04-17,21.93,8.81,15.1,0.0,0.43,8.65,18.15
2000-04-18,22.23,11.64,16.04,0.05,0.42,6.88,14.06
2000-04-19,22.16,10.65,15.77,0.0,0.41,6.25,16.53
2000-04-20,22.7,10.48,16.34,0.0,0.41,5.02,16.13
2000-04-21,20.85,7.55,14.17,0.0,0.41,6.11,16.56
2000-04-22,18.47,5.74,11.27,0.0,0.4,2.06,18.16
2000-04-23,20.51,4.24,11.5,0.0,0.4,0.85,16.73
2000-04-24,23.04,5.03,12.99,0.0,0.4,2.56,17.68
2000-04-25,22.37,6.54,13.8,0.0,0.4,5.21,17.29
2000-04-26,24.28,8.79,15.53,0.0,0.4,8.71,17.07
2000-04-27,25.44,11.73,17.5,0.0,0.39,10.27,16.61
2000-04-28,26.01,11.6,18.18,0.0,0.39,11.74,16.46
2000-04-29,26.99,11.95,19.03,0.0,0.39,11.5,15.56
2000-04-30,22.59,13.08,16.98,0.28,0.39,11.26,11.43
2000-05-01,22.34,10.02,15.4,0.0,0.39,6.53,15.89
2000-05-02,26.19,11.74,18.54,4.85,0.39,11.53,12.48
2000-05-03,20.5,16.5,18.21,39.19,0.42,16.98,2.68
2000-05-04,21.62,13.77,18.24,13.48,0.49,15.77,7.03
2000-05-05,20.31,9.9,14.86,0.73,0.48,9.79,13.1
2000-05-06,17.92,7.7,12.44,0.43,0.46,8.02,12.05
2000-05-07,18.87,5.13,11.14,0.0,0.46,6.85,15.58
2000-05-08,20.6,6.17,12.96,0.0,0.45,6.49,15.04
2000-05-09,19.67,8.74,13.25,0.0,0.45,5.49,14.8
2000-05-10,20.5,6.23,12.45,0.0,0.45,6.28,14.8
2000-05-11,20.64,7.16,13.02,0.0,0.44,8.1,14.61
2000-05-12,21.86,7.64,14.11,0.0,0.44,8.17,14.11
2000-05-13,20.05,10.44,13.81,0.23,0.44,7.27,8.76
2000-05-14,16.46,7.96,11.68,0.22,0.44,6.77,11.25
2000-05-15,16.27,8.15,11.49,0.0,0.44,6.62,11.85
2000-05-16,18.2,8.12,12.51,0.0,0.44,5.94,14.15
2000-05-17,17.41,5.99,10.98,0.0,0.43,7.49,11.82
2000-05-18,18.69,5.08,11.44,0.0,0.43,6.72,13.84
2000-05-19,17.85,5.06,10.24,0.0,0.43,4.98,13.87
2000-05-20,16.81,4.2,10.02,0.0,0.43,4.93,9.68
2000-05-21,17.47,5.64,10.76,0.0,0.43,6.31,12.39
2000-05-22,16.48,2.46,8.7,0.0,0.43,3.14,13.05
2000-05-23,17.78,2.51,9.97,0.0,0.43,3.77,11.78
2000-05-24,21.87,7.93,13.51,2.12,0.43,8.16,8.77
2000-05-25,18.87,7.35,12.23,0.12,0.43,7.36,12.44
2000-05-26,19.32,6.93,12.25,3.39,0.43,6.03,6.2
2000-05-27,10.92,5.13,8.1,2.09,0.43,3.81,9.75
2000-05-28,9.51,2.03,5.26,3.0,0.44,2.48,8.06
2000-05-29,12.13,3.01,7.23,1.82,0.44,4.57,9.58
2000-05-30,8.41,3.96,6.09,0.86,0.44,3.97,9.83
2000-05-31,12.33,4.06,7.36,0.22,0.44,5.14,9.57
2000-06-01,13.29,5.69,8.21,0.12,0.44,5.33,8.31
2000-06-02,13.8,3.32,7.43,0.0,0.44,4.45,10.2
2000-06-03,11.04,1.82,5.85,0.0,0.44,4.31,6.24
2000-06-04,10.95,3.73,7.23,1.9,0.44,5.54,7.51
2000-06-05,10.79,3.95,7.01,2.44,0.44,3.88,9.99
2000-06-06,11.82,3.02,6.13,0.06,0.44,4.55,7.37
2000-06-07,13.63,4.74,8.02,0.0,0.44,5.74,7.36
2000-06-08,14.02,4.73,8.78,0.0,0.44,4.12,6.09
2000-06-09,15.17,3.74,9.06,0.0,0.44,3.95,9.78
2000-06-10,14.78,4.47,8.3,0.0,0.44,5.52,12.07
2000-06-11,16.72,4.89,8.79,0.0,0.43,4.61,10.77
2000-06-12,14.95,2.42,7.32,0.0,0.43,4.35,10.52
2000-06-13,15.84,1.93,7.51,0.0,0.43,4.17,12.06
2000-06-14,17.29,2.11,8.6,0.0,0.43,4.9,11.93
2000-06-15,18.59,3.15,9.66,0.0,0.43,4.54,11.32
2000-06-16,16.5,7.38,10.79,0.01,0.43,6.75,7.97
2000-06-17,17.74,6.46,11.09,0.06,0.43,6.82,9.97
2000-06-18,16.33,3.46,8.86,0.02,0.43,2.83,10.92
2000-06-19,19.89,7.19,12.18,2.47,0.43,7.29,6.35
2000-06-20,17.67,8.21,11.86,3.34,0.43,9.8,4.47
2000-06-21,18.66,5.28,11.13,1.47,0.44,6.42,10.44
2000-06-22,16.25,5.26,10.57,1.94,0.44,5.87,10.0
2000-06-23,12.69,5.25,8.01,2.88,0.44,5.99,10.48
2000-06-24,14.34,3.48,9.04,0.0,0.44,4.88,10.08
2000-06-25,15.54,2.87,8.23,0.0,0.44,4.01,11.79
2000-06-26,15.57,1.78,8.29,0.0,0.44,4.26,7.0
2000-06-27,18.16,8.47,11.7,2.54,0.44,7.01,6.82
2000-06-28,17.0,5.9,10.96,1.86,0.44,6.5,10.34
2000-06-29,7.87,4.6,6.06,4.79,0.45,5.17,6.45
2000-06-30,14.06,5.22,8.07,0.19,0.45,4.89,10.56
2000-07-01,13.59,4.15,7.27,0.0,0.44,4.96,11.46
2000-07-02,15.87,1.59,7.7,0.0,0.44,4.82,12.17
2000-07-03,16.25,5.5,10.03,0.04,0.44,6.52,7.2
2000-07-04,16.7,8.69,11.25,0.24,0.44,8.78,9.81
2000-07-05,18.2,7.33,11.83,0.05,0.44,7.83,11.58
2000-07-06,18.45,7.12,11.68,2.7,0.44,7.26,11.73
2000-07-07,15.11,6.69,9.83,0.84,0.44,6.83,6.2
2000-07-08,14.85,5.9,9.95,3.05,0.44,6.63,8.59
2000-07-09,14.96,5.33,9.85,2.5,0.45,5.08,10.1
2000-07-10,14.11,4.64,8.8,1.07,0.45,4.03,8.42
2000-07-11,14.32,1.7,7.71,0.0,0.45,2.8,12.51
2000-07-12,14.44,0.79,7.36,0.96,0.44,2.75,9.8
2000-07-13,13.03,5.62,8.58,0.0,0.44,5.82,7.28
2000-07-14,15.17,3.19,8.78,0.0,0.44,4.38,9.76
2000-07-15,17.87,4.78,11.3,0.01,0.44,4.71,12.82
2000-07-16,17.18,4.63,9.95,0.01,0.44,4.26,12.97
2000-07-17,15.72,1.47,7.6,0.0,0.44,3.08,13.12
2000-07-18,17.15,2.33,9.57,0.28,0.44,3.93,12.6
2000-07-19,13.82,4.2,9.26,4.6,0.44,5.27,7.17
2000-07-20,14.8,1.17,7.6,0.0,0.44,2.74,12.87
2000-07-21,14.29,4.1,8.4,0.07,0.44,1.88,13.01
2000-07-22,15.76,2.09,8.17,0.01,0.44,2.45,8.68
2000-07-23,18.35,4.75,10.88,0.01,0.44,3.03,13.32
2000-07-24,19.81,8.47,13.17,0.75,0.44,7.67,12.62
2000-07-25,19.16,6.48,11.55,0.24,0.43,4.96,11.61
2000-07-26,9.02,3.78,5.72,0.72,0.43,3.35,10.11
2000-07-27,9.59,1.96,4.66,0.11,0.43,2.01,11.77
2000-07-28,12.66,3.73,7.13,0.0,0.43,3.75,12.15
2000-07-29,14.08,0.8,7.44,0.0,0.43,2.59,13.07
2000-07-30,16.81,3.92,10.1,0.0,0.43,1.92,13.22
2000-07-31,18.1,5.23,10.33,0.0,0.43,1.66,13.77
2000-08-01,18.38,3.39,9.26,0.0,0.43,2.09,14.66
2000-08-02,17.96,4.5,9.52,0.0,0.43,1.6,14.68
2000-08-03,18.52,2.37,9.38,0.0,0.43,2.02,14.82
2000-08-04,19.26,4.67,10.82,0.0,0.42,4.69,14.98
2000-08-05,18.04,6.0,11.69,0.19,0.42,7.23,9.46
2000-08-06,19.18,6.43,12.0,0.0,0.42,6.13,14.64
2000-08-07,20.48,7.21,13.09,0.06,0.42,8.02,10.39
2000-08-08,16.92,10.58,13.17,16.44,0.43,11.03,6.97
2000-08-09,15.96,6.49,10.66,0.92,0.45,6.94,11.75
2000-08-10,15.56,3.07,8.59,0.0,0.45,4.26,14.03
2000-08-11,14.11,1.27,6.96,0.0,0.44,1.88,15.59
2000-08-12,14.31,2.72,7.69,0.01,0.44,2.29,10.47
2000-08-13,11.56,4.12,7.12,1.62,0.44,3.96,8.81
2000-08-14,15.17,1.73,7.64,0.0,0.44,2.89,11.65
2000-08-15,10.09,3.83,6.69,2.52,0.44,3.79,6.56
2000-08-16,11.97,1.88,5.76,0.12,0.44,1.96,16.64
2000-08-17,15.42,-0.67,7.19,0.0,0.44,1.09,16.4
2000-08-18,15.15,3.59,8.85,0.0,0.43,3.31,6.75
2000-08-19,16.14,3.63,8.91,0.24,0.43,5.59,9.19
2000-08-20,16.53,4.02,9.84,0.01,0.43,6.17,12.17
2000-08-21,17.51,4.15,10.53,0.02,0.43,5.65,12.45
2000-08-22,13.8,5.52,9.44,4.24,0.43,5.05,7.62
2000-08-23,11.25,3.28,7.46,0.33,0.44,3.99,11.47
2000-08-24,11.92,6.03,8.3,5.63,0.44,6.06,9.7
2000-08-25,13.55,4.47,8.63,3.02,0.45,6.18,10.17
2000-08-26,16.92,5.01,10.41,0.9,0.45,5.92,13.16
2000-08-27,17.04,4.6,10.19,8.3,0.45,5.46,10.82
2000-08-28,14.14,6.14,9.6,1.69,0.46,6.57,11.43
2000-08-29,14.77,4.42,8.92,0.08,0.45,4.25,14.91
2000-08-30,20.04,4.37,11.8,1.95,0.45,4.1,17.82
2000-08-31,18.17,4.25,11.04,0.01,0.45,5.31,17.04
2000-09-01,17.99,4.71,10.71,7.94,0.45,5.24,8.37
2000-09-02,16.32,6.49,10.54,0.5,0.46,5.26,17.62
2000-09-03,16.9,4.67,10.43,0.0,0.45,2.99,17.95
2000-09-04,18.91,5.17,11.8,0.0,0.45,4.05,17.2
2000-09-05,17.47,7.87,12.37,0.0,0.44,5.82,16.74
2000-09-06,17.58,4.71,11.06,0.0,0.44,3.18,16.78
2000-09-07,21.86,7.16,13.33,3.02,0.44,7.31,11.97
2000-09-08,18.07,8.55,12.97,0.3,0.44,7.37,13.43
2000-09-09,17.56,5.0,11.89,0.52,0.44,5.57,16.83
2000-09-10,17.65,6.36,11.13,0.01,0.44,5.02,18.94
2000-09-11,17.14,7.17,11.09,0.39,0.43,4.82,13.6
2000-09-12,17.24,3.9,10.14,0.0,0.43,4.04,19.78
2000-09-13,21.33,4.24,12.63,0.0,0.43,5.27,21.25
2000-09-14,24.41,6.83,15.03,0.0,0.43,4.63,21.23
2000-09-15,22.46,6.56,13.82,0.0,0.42,6.53,21.55
2000-09-16,26.89,6.76,16.8,0.0,0.42,5.75,21.39
2000-09-17,25.93,10.45,17.29,0.0,0.42,6.03,20.69
2000-09-18,22.26,7.3,14.79,0.0,0.41,7.15,21.71
2000-09-19,25.05,8.04,16.28,0.01,0.41,6.8,21.86
2000-09-20,26.68,8.15,17.39,0.0,0.41,6.85,21.64
2000-09-21,25.94,11.2,17.67,0.03,0.41,7.06,23.3
2000-09-22,25.06,8.69,16.12,0.0,0.4,4.87,22.74
2000-09-23,25.97,8.64,17.28,0.0,0.4,8.09,22.85
2000-09-24,26.56,11.82,18.97,0.0,0.4,9.92,19.72
2000-09-25,30.67,13.25,21.43,0.04,0.4,11.66,19.64
2000-09-26,25.88,14.86,19.41,1.37,0.4,12.37,21.33
2000-09-27,26.21,12.87,20.03,0.35,0.4,11.88,18.58
2000-09-28,28.51,14.65,21.44,0.09,0.39,11.32,23.91
2000-09-29,27.84,12.48,20.41,0.0,0.39,7.98,17.53
2000-09-30,24.17,8.07,16.4,0.0,0.39,4.45,24.31
2000-10-01,18.65,8.14,12.92,0.0,0.39,2.71,20.95
2000-10-02,20.21,4.96,12.13,0.0,0.39,2.98,24.21
2000-10-03,23.14,8.63,15.1,0.01,0.38,4.35,24.26
2000-10-04,25.46,7.21,16.48,0.0,0.38,3.52,24.43
2000-10-05,29.86,9.0,19.56,0.0,0.38,1.92,24.16
2000-10-06,34.26,13.99,23.87,0.0,0.38,3.0,24.54
2000-10-07,36.16,17.13,24.32,0.0,0.37,6.2,23.37
2000-10-08,21.46,14.18,17.25,0.42,0.37,6.88,13.69
2000-10-09,23.94,10.43,16.61,0.35,0.37,3.95,15.11
2000-10-10,22.54,6.14,14.61,0.0,0.37,1.94,25.69
2000-10-11,24.51,6.79,15.28,0.0,0.37,2.65,25.57
2000-10-12,29.51,9.7,19.96,0.0,0.36,2.99,24.27
2000-10-13,23.32,11.02,17.7,8.79,0.37,10.71,13.31
2000-10-14,19.39,6.67,13.33,0.48,0.38,4.05,25.29
2000-10-15,21.34,9.37,15.09,0.0,0.38,6.93,18.49
2000-10-16,22.16,7.48,14.6,0.0,0.37,3.36,27.33
2000-10-17,27.21,7.07,17.91,0.0,0.37,3.99,26.78
2000-10-18,29.13,17.09,21.3,9.32,0.37,11.0,16.22
2000-10-19,18.78,11.15,15.58,0.91,0.38,9.22,14.72
2000-10-20,23.49,10.58,16.09,0.09,0.38,8.12,21.78
2000-10-21,27.86,9.52,18.95,0.0,0.38,8.34,27.9
2000-10-22,26.65,14.06,20.15,0.09,0.37,11.37,18.28
2000-10-23,21.95,17.13,18.56,14.54,0.38,15.77,12.18
2000-10-24,23.9,13.55,18.58,4.25,0.4,13.69,16.78
2000-10-25,24.58,9.61,16.94,0.02,0.4,8.76,27.4
2000-10-26,25.34,11.51,17.83,0.0,0.39,6.19,25.86
2000-10-27,23.16,9.53,15.79,0.0,0.39,4.66,27.68
2000-10-28,21.35,5.23,13.33,0.0,0.38,1.53,30.78
2000-10-29,23.78,5.11,14.83,0.0,0.38,2.96,30.73
2000-10-30,25.71,8.88,17.45,0.03,0.38,8.2,22.44
2000-10-31,25.33,14.2,19.36,0.04,0.37,10.91,20.54
2000-11-01,26.92,15.0,21.0,18.05,0.39,13.11,23.82
2000-11-02,27.78,14.54,21.21,0.12,0.4,10.43,28.64
2000-11-03,28.25,11.9,20.52,0.03,0.39,9.72,27.7
2000-11-04,26.49,11.23,19.04,0.0,0.39,8.27,30.39
2000-11-05,24.44,9.94,17.24,0.39,0.38,5.57,30.41
2000-11-06,25.09,8.28,17.2,0.04,0.38,5.92,30.54
2000-11-07,27.21,11.28,19.16,0.0,0.38,6.45,29.48
2000-11-08,26.87,11.84,19.62,0.0,0.37,4.69,28.86
2000-11-09,27.39,15.3,21.17,0.24,0.37,11.41,20.82
2000-11-10,26.35,16.72,20.53,6.83,0.37,14.57,16.16
2000-11-11,26.5,16.87,21.42,8.25,0.39,15.18,17.51
2000-11-12,25.69,15.39,20.53,4.8,0.4,14.82,21.69
2000-11-13,24.61,17.02,20.33,11.2,0.4,15.17,14.45
2000-11-14,22.43,16.06,18.87,7.85,0.42,15.01,17.42
2000-11-15,25.75,15.81,20.39,4.88,0.42,15.11,19.93
2000-11-16,28.11,16.17,22.29,2.47,0.42,16.72,25.35
2000-11-17,31.16,17.66,24.53,0.77,0.41,16.48,24.22
2000-11-18,24.28,18.9,21.21,16.46,0.42,18.56,14.65
2000-11-19,30.63,17.46,24.13,0.97,0.43,16.43,26.73
2000-11-20,33.29,18.06,25.61,0.38,0.42,15.8,28.08
2000-11-21,27.97,18.77,23.4,0.91,0.41,15.79,19.48
2000-11-22,30.64,16.87,24.11,0.0,0.41,13.84,31.16
2000-11-23,31.72,18.52,24.94,0.0,0.4,13.1,26.3
2000-11-24,32.35,15.2,23.69,0.0,0.4,8.61,32.69
2000-11-25,34.39,14.54,25.62,0.0,0.39,6.8,32.6
2000-11-26,37.58,18.84,28.95,0.0,0.39,8.61,32.44
2000-11-27,38.77,20.36,29.82,0.0,0.38,12.16,31.99
2000-11-28,40.28,21.56,31.02,0.1,0.38,12.48,25.87
2000-11-29,38.01,21.4,29.46,0.14,0.37,14.4,20.2
2000-11-30,33.03,20.44,26.56,5.81,0.38,14.05,13.7
2000-12-01,25.16,14.5,19.97,0.03,0.38,5.27,33.24
2000-12-02,30.36,10.95,21.29,0.0,0.37,5.52,33.91
2000-12-03,31.77,15.6,23.89,0.04,0.37,8.63,30.04
2000-12-04,34.58,17.48,26.31,0.01,0.37,8.18,32.56
2000-12-05,36.71,19.8,28.53,0.01,0.36,11.06,32.8
2000-12-06,33.75,18.16,25.36,0.0,0.36,6.98,33.29
2000-12-07,32.13,14.8,23.81,0.0,0.36,4.76,25.89
2000-12-08,34.33,17.39,25.73,0.0,0.36,3.46,33.6
2000-12-09,31.98,13.58,22.7,0.0,0.35,2.27,33.62
2000-12-10,36.41,15.78,26.76,0.0,0.35,4.82,33.44
2000-12-11,40.2,19.62,30.75,0.0,0.35,2.76,22.77
2000-12-12,40.8,19.98,30.47,0.06,0.35,5.41,24.85
2000-12-13,31.66,21.59,25.94,0.04,0.34,5.75,15.18
2000-12-14,34.3,17.43,26.22,0.03,0.34,5.73,33.77
2000-12-15,35.08,17.42,26.43,0.0,0.34,3.96,33.91
2000-12-16,37.17,17.53,28.17,0.0,0.34,5.27,33.26
2000-12-17,38.31,21.69,30.31,0.0,0.34,9.74,33.75
2000-12-18,35.12,23.35,28.14,0.0,0.34,10.33,25.08
2000-12-19,38.68,19.65,29.89,0.0,0.34,8.49,34.16
2000-12-20,41.82,22.29,32.8,0.0,0.33,3.75,33.57
2000-12-21,41.42,25.46,32.59,0.0,0.33,8.56,24.29
2000-12-22,39.41,21.47,31.46,0.8,0.33,13.25,19.01
2000-12-23,32.21,18.55,24.43,0.04,0.33,5.45,25.48
2000-12-24,32.04,16.13,24.6,0.0,0.33,6.97,34.25
2000-12-25,30.63,16.06,23.22,0.0,0.33,1.71,34.15
2000-12-26,32.09,15.54,24.17,0.0,0.33,5.66,33.82
2000-12-27,27.19,15.85,21.03,0.0,0.33,3.59,34.2
2000-12-28,25.84,11.64,18.9,0.0,0.33,-0.44,34.0
2000-12-29,30.06,10.46,20.43,0.0,0.33,0.35,33.78
2000-12-30,33.23,12.46,23.06,0.0,0.33,1.45,33.67
2000-12-31,36.12,16.79,27.05,0.0,0.33,7.35,30.76
2001-01-01,32.1,21.62,26.36,3.85,0.33,12.16,16.21
2001-01-02,37.85,22.49,30.46,0.0,0.33,9.03,31.76
2001-01-03,38.12,23.38,30.7,1.0,0.33,9.4,19.69
2001-01-04,39.27,23.58,30.86,0.02,0.33,7.57,26.11
2001-01-05,40.57,23.21,32.29,0.57,0.32,11.41,20.43
2001-01-06,39.32,23.43,30.89,0.0,0.32,10.67,32.53
2001-01-07,38.02,22.33,30.34,0.0,0.32,9.67,31.44
2001-01-08,38.85,23.84,31.31,0.01,0.32,12.16,29.19
2001-01-09,35.68,21.0,27.93,0.0,0.32,7.78,32.04
2001-01-10,36.08,18.46,27.35,0.0,0.32,6.19,33.69
2001-01-11,39.72,20.72,30.58,0.0,0.32,5.21,33.36
2001-01-12,43.68,23.96,34.02,0.0,0.32,6.16,30.88
2001-01-13,41.17,24.02,32.49,0.0,0.32,6.53,32.04
2001-01-14,42.39,24.24,33.77,0.0,0.31,5.35,31.21
2001-01-15,46.0,27.7,35.47,0.0,0.31,8.55,31.15
2001-01-16,37.9,20.32,29.09,0.0,0.31,2.87,27.18
2001-01-17,36.07,21.3,28.23,0.0,0.31,1.37,32.48
2001-01-18,35.66,16.48,26.51,0.0,0.31,6.57,31.45
2001-01-19,35.36,21.59,28.14,0.0,0.31,7.95,32.26
2001-01-20,37.26,20.11,28.98,0.0,0.31,6.69,31.92
2001-01-21,41.3,24.24,33.17,0.0,0.31,3.87,22.13
2001-01-22,44.24,25.6,35.33,0.0,0.31,5.79,27.78
2001-01-23,45.92,28.42,37.52,0.0,0.31,9.41,30.16
2001-01-24,42.49,28.3,35.84,12.43,0.31,14.79,18.0
2001-01-25,39.11,25.72,32.66,0.88,0.33,19.2,23.46
2001-01-26,39.39,26.44,32.27,10.7,0.33,19.76,13.37
2001-01-27,35.5,21.2,28.36,0.03,0.34,15.09,27.39
2001-01-28,32.96,16.95,24.89,0.0,0.33,8.03,31.96
2001-01-29,34.97,16.54,26.42,0.0,0.33,3.6,32.36
2001-01-30,32.98,20.23,26.05,0.0,0.32,5.8,17.46
2001-01-31,34.9,16.17,26.64,0.0,0.32,9.44,28.38
2001-02-01,35.94,19.36,28.47,0.0,0.32,12.01,30.7
2001-02-02,38.58,21.43,30.35,0.0,0.32,13.58,29.99
2001-02-03,39.07,24.42,32.17,0.02,0.32,17.1,27.01
2001-02-04,35.9,27.16,31.0,8.23,0.32,19.8,19.9
2001-02-05,30.11,23.98,27.19,18.73,0.35,22.47,16.74
2001-02-06,30.5,21.16,25.54,5.17,0.37,19.37,23.42
2001-02-07,35.93,22.57,29.34,0.01,0.36,18.81,25.99
2001-02-08,38.28,23.87,31.16,0.0,0.35,15.92,28.55
2001-02-09,39.09,24.11,32.1,0.02,0.35,15.89,21.58
2001-02-10,28.31,20.16,25.56,1.96,0.35,13.51,14.67
2001-02-11,35.25,17.36,26.49,0.0,0.34,7.49,29.53
2001-02-12,39.51,23.47,31.77,0.12,0.34,14.96,25.47
2001-02-13,40.01,24.9,31.94,1.31,0.34,16.94,24.96
2001-02-14,30.28,18.81,24.07,8.36,0.35,15.27,10.39
2001-02-15,28.46,15.45,21.52,0.0,0.35,7.94,28.66
2001-02-16,31.78,13.52,22.54,0.0,0.34,7.86,29.52
2001-02-17,32.55,16.12,23.94,0.0,0.34,8.19,29.55
2001-02-18,33.8,17.06,25.02,0.0,0.34,6.87,29.35
2001-02-19,35.08,17.93,26.56,0.0,0.34,7.18,28.01
2001-02-20,33.49,18.66,25.53,0.0,0.33,5.65,28.78
2001-02-21,33.96,18.98,26.71,0.0,0.33,11.99,26.26
2001-02-22,37.9,20.18,29.25,0.0,0.33,10.37,27.49
2001-02-23,39.61,21.48,30.4,0.0,0.33,8.19,28.25
2001-02-24,38.7,21.32,29.66,0.0,0.33,5.16,27.13
2001-02-25,34.49,20.09,27.87,0.0,0.33,9.74,12.51
2001-02-26,40.38,22.39,31.24,0.01,0.32,10.59,20.56
2001-02-27,42.31,23.68,32.55,0.61,0.32,11.35,15.56
2001-02-28,35.13,21.37,28.39,0.0,0.32,6.14,26.97
2001-03-01,36.45,16.65,26.53,0.01,0.32,3.57,27.27
2001-03-02,34.51,17.27,25.96,0.0,0.32,-1.73,27.23
2001-03-03,35.66,17.22,27.4,0.0,0.32,9.56,25.5
2001-03-04,34.99,22.38,28.03,0.0,0.32,9.86,25.63
2001-03-05,32.42,18.83,25.22,0.0,0.32,7.91,26.21
2001-03-06,32.07,16.84,24.69,0.0,0.32,8.29,26.24
2001-03-07,33.05,18.71,25.87,0.0,0.32,8.79,25.57
2001-03-08,34.18,19.35,26.92,0.0,0.32,11.29,25.47
2001-03-09,34.51,19.96,27.19,0.0,0.32,11.22,25.51
2001-03-10,34.61,21.31,27.88,0.01,0.32,15.39,23.19
2001-03-11,36.96,21.67,29.45,1.93,0.32,15.5,22.14
2001-03-12,27.64,15.82,23.53,0.88,0.32,5.78,24.03
2001-03-13,26.37,11.52,18.57,0.0,0.32,-0.82,25.51
2001-03-14,30.13,11.74,20.71,0.0,0.32,-1.07,25.66
2001-03-15,34.32,14.96,24.75,0.07,0.32,10.6,21.29
2001-03-16,35.5,19.59,25.62,6.38,0.32,15.08,9.95
2001-03-17,22.93,12.29,17.45,21.86,0.37,7.43,23.43
2001-03-18,25.04,10.14,17.55,0.0,0.36,8.18,18.07
2001-03-19,25.72,12.24,18.65,0.0,0.35,11.0,19.63
2001-03-20,28.75,14.41,21.4,0.0,0.35,9.51,22.78
2001-03-21,22.35,14.58,18.22,3.94,0.35,5.92,19.56
2001-03-22,22.87,11.89,17.21,0.24,0.35,10.97,12.13
2001-03-23,26.46,11.53,19.18,0.0,0.35,9.97,22.39
2001-03-24,29.52,17.34,22.16,0.12,0.35,9.49,14.8
2001-03-25,24.96,12.59,18.5,0.0,0.34,6.9,20.7
2001-03-26,24.84,12.42,17.77,0.0,0.34,7.1,20.4
2001-03-27,24.0,10.63,16.88,0.0,0.34,6.83,22.24
2001-03-28,22.47,8.51,14.83,0.0,0.34,3.09,22.61
2001-03-29,25.15,7.19,15.91,0.0,0.34,3.52,22.31
2001-03-30,28.86,10.68,19.37,0.0,0.34,5.9,21.82
2001-03-31,30.38,13.62,21.44,0.0,0.34,7.41,20.53
2001-04-01,32.44,15.74,23.6,0.03,0.33,7.63,17.2
2001-04-02,28.27,13.46,19.98,0.01,0.33,5.16,20.03
2001-04-03,29.4,12.04,19.9,0.11,0.33,4.66,20.57
2001-04-04,28.05,13.57,19.65,0.0,0.33,0.81,20.51
2001-04-05,30.56,14.58,21.26,0.0,0.33,2.1,19.74
2001-04-06,31.84,13.21,21.87,0.0,0.33,2.78,19.74
2001-04-07,26.35,16.29,20.6,0.0,0.33,7.02,13.93
2001-04-08,30.39,16.43,21.96,0.02,0.33,9.12,16.05
2001-04-09,24.84,13.16,18.3,0.0,0.33,3.46,16.77
2001-04-10,25.86,9.73,17.21,0.0,0.33,3.03,17.96
2001-04-11,22.76,10.43,16.11,0.0,0.33,3.72,18.98
2001-04-12,19.07,5.78,11.87,0.0,0.33,-1.44,19.6
2001-04-13,24.47,5.7,14.8,0.0,0.33,-1.58,19.0
2001-04-14,27.73,9.85,18.92,0.0,0.33,3.72,18.64
2001-04-15,29.4,11.57,20.51,0.0,0.33,4.46,18.74
2001-04-16,30.8,13.31,22.02,0.0,0.32,5.25,18.19
2001-04-17,31.31,13.96,21.52,0.0,0.32,3.27,18.3
2001-04-18,31.78,14.23,22.73,0.0,0.32,3.1,16.94
2001-04-19,31.16,16.74,22.74,0.0,0.32,3.92,17.6
2001-04-20,21.16,11.46,15.83,0.0,0.32,2.08,15.49
2001-04-21,22.54,11.02,16.02,1.19,0.32,7.55,12.52
2001-04-22,20.25,11.22,14.63,0.3,0.32,7.18,10.34
2001-04-23,19.83,8.75,13.95,4.39,0.32,7.94,7.12
2001-04-24,17.49,10.05,13.76,2.17,0.34,9.2,10.45
2001-04-25,19.88,7.78,13.66,0.0,0.34,4.5,14.0
2001-04-26,25.25,9.84,16.77,0.0,0.33,2.1,16.57
2001-04-27,26.28,10.71,17.48,0.0,0.33,4.06,15.01
2001-04-28,18.38,8.9,12.69,0.0,0.33,6.07,15.33
2001-04-29,21.28,7.29,13.75,0.33,0.33,7.58,15.07
2001-04-30,18.42,13.01,15.17,8.07,0.34,11.83,5.03
2001-05-01,18.75,13.86,15.54,0.69,0.35,12.24,9.49
2001-05-02,22.63,11.16,16.11,0.03,0.34,10.06,12.0
2001-05-03,21.17,10.75,15.55,0.09,0.34,8.72,11.72
2001-05-04,22.32,13.22,16.92,0.24,0.34,10.81,6.24
2001-05-05,21.55,10.35,15.77,0.06,0.34,8.76,12.45
2001-05-06,21.34,7.53,13.47,0.0,0.34,6.47,14.24
2001-05-07,21.23,6.75,13.09,0.0,0.34,5.02,15.11
2001-05-08,21.17,6.34,12.77,0.0,0.34,3.94,15.02
2001-05-09,20.46,6.81,12.52,0.0,0.33,3.91,14.55
2001-05-10,20.63,6.06,12.17,0.0,0.33,5.67,14.44
2001-05-11,19.23,6.25,12.07,0.0,0.33,4.06,12.25
2001-05-12,20.42,7.24,13.41,0.0,0.33,4.25,10.68
2001-05-13,25.72,10.12,17.45,0.0,0.33,3.32,13.31
2001-05-14,27.3,10.47,17.79,0.0,0.33,3.94,13.77
2001-05-15,26.89,13.28,18.4,0.6,0.33,5.02,12.69
2001-05-16,19.76,9.26,14.55,0.05,0.33,3.99,12.34
2001-05-17,17.08,7.6,11.63,0.03,0.33,4.2,11.33
2001-05-18,16.93,6.03,10.56,0.0,0.33,1.61,10.81
2001-05-19,17.83,3.35,9.64,0.0,0.33,2.71,13.58
2001-05-20,18.28,3.55,9.99,0.0,0.33,5.19,13.66
2001-05-21,17.99,4.0,9.96,0.0,0.33,5.08,13.13
2001-05-22,17.37,5.38,10.35,0.0,0.33,4.27,10.6
2001-05-23,17.51,5.72,10.91,0.0,0.33,3.97,7.13
2001-05-24,17.21,3.83,9.46,0.0,0.33,1.82,13.2
2001-05-25,16.52,6.35,10.64,0.0,0.33,2.66,11.11
2001-05-26,19.6,6.99,10.77,1.06,0.33,0.77,3.9
2001-05-27,16.21,5.22,10.0,5.72,0.33,6.15,8.25
2001-05-28,15.12,7.32,10.33,0.89,0.34,6.04,8.62
2001-05-29,16.15,4.2,8.56,0.0,0.34,4.9,12.58
2001-05-30,15.65,4.19,9.25,0.0,0.34,5.32,10.24
2001-05-31,15.98,6.07,9.5,0.0,0.34,4.68,10.55
2001-06-01,17.17,5.18,9.47,0.0,0.34,2.12,9.79
2001-06-02,20.16,3.8,11.42,0.0,0.34,0.52,11.75
2001-06-03,21.26,5.96,12.83,0.0,0.34,0.09,11.81
2001-06-04,22.23,7.86,13.7,0.0,0.34,0.98,11.82
2001-06-05,23.13,8.22,14.87,0.0,0.33,4.55,7.76
2001-06-06,23.13,10.75,16.13,0.42,0.33,10.04,7.25
2001-06-07,17.61,12.38,14.67,5.15,0.34,12.03,5.0
2001-06-08,19.66,10.06,13.38,1.73,0.35,8.37,10.48
2001-06-09,17.97,8.92,12.62,0.01,0.35,7.19,9.03
2001-06-10,18.31,6.89,11.76,0.0,0.34,6.47,9.36
2001-06-11,17.13,8.36,11.66,2.7,0.34,6.04,4.61
2001-06-12,16.28,9.96,13.3,5.34,0.35,9.08,2.23
2001-06-13,17.93,11.37,13.69,25.74,0.4,9.65,10.54
2001-06-14,13.73,4.49,9.52,0.06,0.4,3.68,10.73
2001-06-15,12.67,1.15,6.62,0.01,0.39,2.59,11.39
2001-06-16,14.23,5.26,8.26,0.0,0.39,4.93,8.61
2001-06-17,14.84,4.08,7.62,0.0,0.38,4.45,11.03
2001-06-18,15.47,1.4,7.19,0.0,0.38,3.23,11.87
2001-06-19,16.35,3.51,8.14,0.0,0.38,2.15,11.43
2001-06-20,15.48,3.55,8.37,0.0,0.38,2.62,11.4
2001-06-21,14.98,5.67,9.43,0.45,0.38,7.16,7.6
2001-06-22,14.35,6.32,9.16,0.04,0.38,6.55,6.78
2001-06-23,16.49,3.4,9.29,0.0,0.38,5.76,8.1
2001-06-24,17.39,3.04,9.54,0.0,0.38,4.32,11.45
2001-06-25,17.67,2.61,9.43,0.0,0.37,1.74,11.67
2001-06-26,17.03,2.54,8.79,0.0,0.37,3.25,10.21
2001-06-27,16.29,1.6,7.88,0.0,0.37,2.42,11.73
2001-06-28,17.86,3.24,8.76,0.0,0.37,2.68,11.71
2001-06-29,16.2,2.95,7.74,0.0,0.37,-0.06,12.12
2001-06-30,15.95,1.85,7.75,0.03,0.37,2.8,11.46
2001-07-01,15.27,2.89,8.22,0.0,0.37,2.6,11.61
2001-07-02,14.99,3.59,8.1,0.0,0.37,1.36,11.69
2001-07-03,13.33,2.31,6.22,0.0,0.37,0.84,11.66
2001-07-04,16.41,0.6,7.13,0.0,0.37,1.07,12.29
2001-07-05,12.87,2.49,7.13,3.32,0.37,1.28,5.62
2001-07-06,10.4,3.27,6.29,6.53,0.38,4.59,4.38
2001-07-07,9.27,4.81,6.92,4.67,0.39,6.14,4.89
2001-07-08,9.73,6.05,7.49,2.6,0.4,7.13,5.19
2001-07-09,14.04,4.13,7.55,0.01,0.4,4.69,11.1
2001-07-10,17.16,2.2,9.27,0.0,0.39,6.31,11.63
2001-07-11,14.25,6.8,10.35,1.54,0.39,8.8,5.67
2001-07-12,19.16,6.88,11.84,0.42,0.39,7.2,8.3
2001-07-13,18.74,5.59,11.59,0.02,0.39,6.54,11.38
2001-07-14,17.79,7.0,11.85,0.78,0.39,6.09,9.63
2001-07-15,13.73,5.33,9.05,0.32,0.39,6.34,9.86
2001-07-16,14.85,6.03,9.51,0.57,0.39,6.17,10.78
2001-07-17,15.42,5.09,9.44,0.06,0.39,4.84,10.77
2001-07-18,14.52,5.05,8.68,0.01,0.39,4.69,11.32
2001-07-19,14.55,4.74,8.05,0.0,0.39,4.69,12.17
2001-07-20,15.43,4.37,8.25,0.0,0.39,5.55,11.88
2001-07-21,16.08,3.34,8.05,0.0,0.39,4.71,13.19
2001-07-22,17.22,1.75,8.39,0.0,0.39,2.98,13.26
2001-07-23,17.07,4.23,9.39,0.0,0.38,2.74,11.86
2001-07-24,16.82,3.57,9.82,0.2,0.38,5.64,11.09
2001-07-25,16.72,8.78,11.61,0.14,0.38,7.98,9.71
2001-07-26,15.82,6.49,10.56,0.06,0.38,6.76,9.98
2001-07-27,15.68,5.54,9.83,0.37,0.38,6.15,11.17
2001-07-28,16.24,4.02,8.57,0.13,0.38,3.61,14.16
2001-07-29,15.85,4.05,8.27,0.0,0.38,3.72,13.92
2001-07-30,19.24,3.58,10.46,0.0,0.38,4.16,14.32
2001-07-31,20.16,4.96,11.39,0.0,0.38,4.54,14.31
2001-08-01,14.28,4.62,9.72,0.0,0.38,1.74,13.59
2001-08-02,15.56,1.16,7.55,0.0,0.38,3.0,12.2
2001-08-03,17.67,1.48,9.14,0.0,0.38,1.6,14.7
2001-08-04,18.59,4.18,10.67,0.0,0.38,-1.34,14.39
2001-08-05,19.63,8.09,13.45,0.16,0.38,3.54,13.17
2001-08-06,14.53,2.98,8.04,0.0,0.37,2.48,13.08
2001-08-07,16.49,2.13,9.28,2.1,0.37,1.3,12.98
2001-08-08,14.31,4.98,8.67,0.1,0.38,3.09,13.5
2001-08-09,17.88,3.09,9.14,0.0,0.38,-0.44,15.27
2001-08-10,20.43,2.61,10.9,0.0,0.37,-2.54,14.96
2001-08-11,20.64,4.91,11.73,0.0,0.37,-1.65,12.29
2001-08-12,22.17,7.49,13.48,0.0,0.37,1.21,13.88
2001-08-13,22.22,6.91,13.47,0.0,0.37,3.04,15.29
2001-08-14,22.32,6.18,13.41,0.0,0.37,4.8,15.97
2001-08-15,23.31,7.27,14.32,0.0,0.37,3.38,14.84
2001-08-16,26.06,10.62,16.79,3.94,0.37,2.87,15.53
2001-08-17,14.0,6.02,9.58,0.06,0.37,0.8,14.26
2001-08-18,15.25,4.99,9.35,0.06,0.37,1.64,14.2
2001-08-19,17.0,1.94,9.35,0.0,0.37,2.4,11.65
2001-08-20,16.77,7.08,11.43,1.05,0.37,5.92,11.96
2001-08-21,14.03,4.68,9.16,0.52,0.37,3.16,12.69
2001-08-22,15.6,5.92,10.21,1.87,0.37,3.48,13.73
2001-08-23,15.35,3.1,8.19,0.0,0.37,1.6,17.69
2001-08-24,17.74,1.16,9.0,0.0,0.37,-0.8,17.74
2001-08-25,21.45,4.24,12.04,0.0,0.37,-2.14,18.05
2001-08-26,12.78,5.64,9.25,8.41,0.38,4.18,11.63
2001-08-27,11.81,6.68,8.82,2.76,0.38,7.18,5.25
2001-08-28,15.84,5.51,9.34,0.1,0.38,3.39,17.51
2001-08-29,17.94,1.95,10.15,0.0,0.38,4.42,18.58
2001-08-30,19.84,5.04,12.28,0.0,0.38,4.59,15.38
2001-08-31,21.54,7.09,13.75,0.23,0.37,3.96,15.06
2001-09-01,19.38,10.5,13.78,1.03,0.37,5.76,12.16
2001-09-02,13.7,8.33,10.8,4.82,0.38,7.88,10.35
2001-09-03,19.92,5.57,12.49,0.03,0.38,6.29,14.49
2001-09-04,18.17,7.75,11.95,1.49,0.38,6.87,10.62
2001-09-05,17.0,2.73,9.86,0.0,0.38,1.7,19.83
2001-09-06,20.92,3.01,12.23,0.0,0.38,-0.14,19.97
2001-09-07,23.2,9.88,16.77,2.38,0.37,4.94,8.81
2001-09-08,17.41,8.13,13.11,1.47,0.38,3.18,18.2
2001-09-09,19.59,9.63,13.06,2.08,0.38,6.79,12.79
2001-09-10,22.69,6.52,14.39,0.0,0.38,4.39,20.56
2001-09-11,24.47,10.16,16.08,15.58,0.38,6.34,8.33
2001-09-12,19.19,7.95,13.11,0.44,0.4,9.14,9.83
2001-09-13,21.7,6.76,14.24,0.04,0.4,8.17,17.2
2001-09-14,20.34,8.42,14.22,0.05,0.39,6.45,16.47
2001-09-15,23.29,8.74,15.47,0.0,0.39,4.43,21.48
2001-09-16,26.55,9.36,16.84,0.0,0.38,2.92,21.63
2001-09-17,22.48,8.48,14.44,0.0,0.38,4.9,21.81
2001-09-18,26.32,5.14,15.31,0.0,0.38,1.8,22.75
2001-09-19,29.14,10.59,19.41,0.0,0.38,6.84,19.36
2001-09-20,29.72,13.96,21.44,0.05,0.37,7.46,16.11
2001-09-21,28.9,12.94,21.04,0.6,0.37,8.55,18.84
2001-09-22,30.07,13.27,21.25,0.11,0.37,8.38,21.96
2001-09-23,30.74,14.23,21.92,0.3,0.37,7.52,19.47
2001-09-24,28.41,13.37,21.48,0.97,0.36,6.98,20.08
2001-09-25,18.08,9.29,13.62,2.78,0.37,7.95,15.19
2001-09-26,19.56,5.42,11.84,0.0,0.37,1.77,24.29
2001-09-27,23.06,4.47,13.7,0.04,0.37,2.54,24.48
2001-09-28,26.39,9.15,17.37,0.0,0.36,4.87,24.3
2001-09-29,29.17,10.71,19.58,0.0,0.36,5.23,24.6
2001-09-30,33.84,15.66,24.27,0.0,0.36,5.82,21.94
2001-10-01,22.2,16.25,19.71,8.83,0.36,14.02,10.66
2001-10-02,25.21,12.11,17.87,1.82,0.37,10.02,20.71
2001-10-03,20.61,8.4,13.95,0.13,0.37,4.48,22.73
2001-10-04,20.66,7.47,13.43,0.04,0.37,4.14,20.05
2001-10-05,22.34,7.79,14.98,0.0,0.37,2.74,22.45
2001-10-06,22.73,9.7,15.68,0.0,0.36,2.51,25.78
2001-10-07,16.47,5.71,11.38,0.51,0.36,2.4,20.29
2001-10-08,21.55,6.94,13.73,0.0,0.36,3.7,25.77
2001-10-09,23.46,6.56,15.31,0.0,0.36,3.02,26.35
2001-10-10,28.2,9.65,18.92,0.3,0.36,3.23,21.51
2001-10-11,19.42,8.62,15.26,12.94,0.37,9.65,10.35
2001-10-12,22.58,5.96,14.31,0.0,0.38,3.06,25.0
2001-10-13,23.1,8.7,14.36,3.42,0.37,4.81,7.98
2001-10-14,20.61,7.54,12.6,0.77,0.38,4.88,16.12
2001-10-15,23.35,7.28,15.02,0.0,0.37,2.37,27.61
2001-10-16,21.29,9.79,15.53,0.0,0.37,2.56,12.46
2001-10-17,25.09,8.34,16.94,0.01,0.37,5.52,21.52
2001-10-18,21.97,8.22,15.49,0.01,0.37,5.51,21.26
2001-10-19,18.43,6.61,12.18,0.0,0.36,0.48,27.65
2001-10-20,21.21,3.65,12.56,0.0,0.36,0.04,29.14
2001-10-21,26.25,5.85,16.78,0.0,0.36,-0.48,28.62
2001-10-22,32.06,10.93,21.76,0.0,0.36,2.0,28.94
2001-10-23,32.24,17.76,23.15,15.72,0.36,11.67,7.14
2001-10-24,26.07,14.11,19.97,0.95,0.38,10.6,24.88
2001-10-25,24.97,9.4,17.66,0.0,0.38,3.93,26.22
2001-10-26,23.17,8.8,16.42,0.0,0.37,4.8,24.08
2001-10-27,22.49,9.16,15.68,0.0,0.37,4.63,28.58
2001-10-28,29.54,10.3,19.92,0.0,0.36,1.91,28.0
2001-10-29,23.53,8.74,16.38,0.0,0.36,4.46,29.51
2001-10-30,24.07,9.02,16.91,0.0,0.36,5.36,28.19
2001-10-31,25.73,9.72,17.62,0.0,0.36,7.87,26.88
2001-11-01,26.99,8.72,18.08,0.0,0.36,7.09,24.79
2001-11-02,25.56,11.39,18.05,0.0,0.35,5.49,29.03
2001-11-03,29.38,9.88,20.14,0.0,0.35,5.7,29.95
2001-11-04,34.23,14.8,24.41,0.0,0.35,8.32,26.85
2001-11-05,34.38,20.25,27.35,3.23,0.35,15.56,19.38
2001-11-06,29.36,15.99,23.37,11.98,0.37,17.99,9.37
2001-11-07,24.03,10.33,16.77,0.03,0.37,3.71,31.31
2001-11-08,28.66,10.3,20.59,0.0,0.36,2.52,25.21
2001-11-09,28.16,15.59,21.15,0.12,0.36,6.93,29.69
2001-11-10,24.74,10.9,17.91,0.0,0.36,3.41,30.98
2001-11-11,19.68,8.98,13.95,0.0,0.35,0.76,28.46
2001-11-12,18.93,8.41,13.58,0.18,0.35,2.79,19.29
2001-11-13,23.82,8.17,16.14,0.0,0.35,4.56,31.3
2001-11-14,28.77,9.08,19.77,0.0,0.35,5.48,26.44
2001-11-15,25.74,15.39,20.61,0.03,0.35,5.84,14.52
2001-11-16,31.22,12.42,22.7,0.0,0.35,4.49,31.24
2001-11-17,33.72,15.84,25.33,0.02,0.34,6.78,29.05
2001-11-18,28.05,11.04,20.42,0.43,0.34,6.41,20.2
2001-11-19,21.8,8.39,15.21,0.0,0.34,0.13,32.01
2001-11-20,24.69,9.06,16.99,0.0,0.34,2.22,31.86
2001-11-21,29.01,11.18,20.3,0.0,0.34,3.25,32.87
2001-11-22,32.38,12.6,22.94,0.0,0.34,0.42,25.04
2001-11-23,33.92,17.43,25.27,0.17,0.34,4.68,17.36
2001-11-24,31.84,15.32,23.87,0.0,0.34,3.71,32.28
2001-11-25,31.67,14.87,24.03,0.0,0.33,2.78,28.99
2001-11-26,28.66,13.98,21.55,0.0,0.33,4.99,30.3
2001-11-27,28.72,13.46,20.97,0.0,0.33,5.63,32.7
2001-11-28,30.94,12.51,22.14,0.0,0.33,4.06,32.96
2001-11-29,33.37,14.92,25.06,0.0,0.33,2.19,27.56
2001-11-30,29.59,16.83,22.87,0.0,0.33,4.07,32.58
2001-12-01,30.38,11.99,22.02,0.0,0.33,-1.4,33.16
2001-12-02,36.77,17.65,27.22,0.0,0.33,0.37,11.05
2001-12-03,33.03,20.57,26.34,0.0,0.33,7.93,32.62
2001-12-04,30.09,15.03,22.47,0.0,0.33,8.15,29.97
2001-12-05,29.42,14.73,22.47,0.0,0.32,3.52,25.1
2001-12-06,32.79,18.0,24.55,3.06,0.32,5.7,9.99
2001-12-07,30.16,17.93,24.17,0.36,0.33,8.68,23.88
2001-12-08,26.44,12.05,19.78,0.0,0.33,1.56,33.89
2001-12-09,29.62,17.57,23.1,0.0,0.33,-0.16,16.01
2001-12-10,26.24,14.66,20.07,0.0,0.32,1.13,33.95
2001-12-11,26.38,11.55,18.92,0.0,0.32,3.99,32.08
2001-12-12,29.27,11.09,20.45,0.0,0.32,3.11,33.87
2001-12-13,32.67,14.94,23.97,0.0,0.32,2.54,33.38
2001-12-14,30.5,17.95,24.01,0.0,0.32,2.74,19.47
2001-12-15,31.49,18.37,24.52,0.0,0.32,3.37,23.28
2001-12-16,31.36,13.85,22.74,0.0,0.32,2.43,33.95
2001-12-17,32.65,14.23,23.71,0.0,0.32,0.17,34.18
2001-12-18,33.72,16.45,25.52,0.0,0.32,1.45,33.86
2001-12-19,36.97,16.47,27.73,0.0,0.32,1.03,32.94
2001-12-20,41.55,21.81,31.08,0.05,0.31,4.07,20.29
2001-12-21,35.11,21.4,27.63,0.0,0.31,6.81,30.82
2001-12-22,31.03,15.97,23.29,0.0,0.31,1.51,32.93
2001-12-23,35.36,16.25,26.56,0.11,0.31,3.33,21.02
2001-12-24,30.35,16.3,23.46,0.0,0.31,3.86,33.54
2001-12-25,28.69,15.55,21.8,0.0,0.31,3.81,33.12
2001-12-26,24.57,12.63,18.63,0.0,0.31,0.75,30.0
2001-12-27,26.56,11.32,19.35,0.0,0.31,2.92,33.34
2001-12-28,32.14,13.7,23.97,0.0,0.31,2.86,33.45
2001-12-29,37.54,18.41,29.04,0.0,0.31,1.1,27.05
2001-12-30,34.33,20.12,27.2,0.0,0.31,6.99,29.58
2001-12-31,34.01,17.67,25.67,0.0,0.31,1.88,31.02
2002-01-01,31.0,15.66,23.74,0.0,0.31,5.64,33.28
2002-01-02,26.3,15.83,20.77,0.0,0.31,3.86,26.26
2002-01-03,27.98,12.04,20.12,0.0,0.31,0.74,33.96
2002-01-04,30.86,13.41,22.86,0.0,0.31,0.58,31.87
2002-01-05,34.93,14.94,25.48,0.0,0.31,-1.02,34.24
2002-01-06,41.76,19.2,30.87,0.02,0.31,0.0,30.06
2002-01-07,30.41,18.85,24.9,0.0,0.3,5.19,33.5
2002-01-08,29.34,13.21,21.06,0.0,0.3,2.7,33.74
2002-01-09,32.67,14.29,23.48,0.0,0.3,0.36,34.1
2002-01-10,37.04,17.11,27.62,0.0,0.3,-3.34,33.49
2002-01-11,42.53,19.62,31.07,0.0,0.3,-1.5,33.55
2002-01-12,27.88,12.31,20.48,0.0,0.3,-1.6,33.35
2002-01-13,28.1,12.08,20.28,0.0,0.3,1.43,33.56
2002-01-14,30.79,12.94,22.19,0.0,0.3,4.11,33.03
2002-01-15,32.73,15.49,24.48,0.0,0.3,5.48,29.81
2002-01-16,32.76,15.4,24.5,0.0,0.3,3.87,31.73
2002-01-17,34.75,17.02,25.84,0.0,0.3,2.95,32.74
2002-01-18,36.39,15.85,26.78,0.01,0.3,-2.02,33.08
2002-01-19,39.82,21.23,30.45,0.0,0.3,-0.84,31.94
2002-01-20,41.53,21.62,32.23,0.0,0.3,6.6,27.94
2002-01-21,33.35,21.75,27.44,4.25,0.3,10.93,11.47
2002-01-22,30.78,20.33,24.85,1.82,0.31,14.65,21.9
2002-01-23,32.71,17.21,25.19,0.0,0.31,8.99,30.9
2002-01-24,36.73,18.04,28.01,1.06,0.31,8.58,30.69
2002-01-25,36.12,22.23,28.75,0.17,0.31,11.99,29.87
2002-01-26,37.65,22.25,29.79,0.0,0.3,10.06,30.39
2002-01-27,38.1,23.02,30.77,0.0,0.3,8.42,29.56
2002-01-28,36.2,23.56,29.61,0.01,0.3,8.15,18.29
2002-01-29,35.22,18.04,26.78,0.0,0.3,4.01,31.37
2002-01-30,37.72,19.41,28.9,0.0,0.3,6.51,30.71
2002-01-31,39.19,19.82,30.22,0.0,0.3,7.3,28.26
2002-02-01,38.47,24.17,31.03,0.16,0.3,12.16,29.56
2002-02-02,38.59,24.06,31.0,0.64,0.3,12.06,24.25
2002-02-03,31.22,18.71,24.66,1.93,0.3,8.25,19.23
2002-02-04,28.19,14.35,21.05,12.01,0.32,10.58,25.65
2002-02-05,29.09,17.75,22.4,2.94,0.32,15.04,10.94
2002-02-06,29.72,18.29,23.68,0.02,0.32,13.26,21.76
2002-02-07,31.35,16.96,24.41,0.08,0.32,11.63,28.39
2002-02-08,24.65,15.14,19.77,2.06,0.32,7.88,23.31
2002-02-09,28.85,13.11,20.79,0.12,0.32,8.77,22.66
2002-02-10,23.55,13.05,17.96,0.0,0.32,4.57,29.56
2002-02-11,28.87,10.71,20.11,0.0,0.31,6.37,30.13
2002-02-12,32.82,14.89,24.29,0.0,0.31,7.74,29.82
2002-02-13,34.76,18.23,26.55,0.0,0.31,8.68,28.39
2002-02-14,36.5,21.52,28.8,0.0,0.31,7.51,27.69
2002-02-15,36.78,22.75,29.4,6.15,0.31,17.96,17.94
2002-02-16,36.07,22.81,28.63,2.24,0.32,18.12,25.39
2002-02-17,33.03,18.48,25.65,0.05,0.32,8.32,20.17
2002-02-18,34.12,19.24,25.9,0.33,0.31,6.65,22.66
2002-02-19,36.22,17.74,27.5,0.0,0.31,9.85,27.92
2002-02-20,33.73,22.64,27.25,0.67,0.31,17.41,16.26
2002-02-21,27.75,15.07,20.94,0.0,0.31,3.7,28.89
2002-02-22,28.36,13.1,20.49,0.0,0.31,5.5,27.27
2002-02-23,32.92,14.23,23.55,0.0,0.31,7.15,27.21
2002-02-24,35.2,17.42,26.77,0.01,0.31,10.51,26.02
2002-02-25,30.7,19.95,24.76,4.39,0.31,15.56,16.58
2002-02-26,33.67,17.73,26.06,0.0,0.31,13.94,27.0
2002-02-27,32.64,19.06,25.47,0.0,0.31,7.06,27.2
2002-02-28,26.63,14.26,20.26,0.02,0.31,3.24,23.11
2002-03-01,26.1,12.0,18.76,0.0,0.31,4.64,27.31
2002-03-02,28.39,12.07,20.05,0.0,0.31,5.83,26.82
2002-03-03,29.61,13.5,21.47,0.0,0.31,6.69,26.74
2002-03-04,33.83,15.15,25.03,0.0,0.31,5.34,26.28
2002-03-05,35.59,21.54,28.09,0.0,0.31,11.16,23.24
2002-03-06,36.6,20.87,28.6,0.0,0.31,8.26,23.87
2002-03-07,34.33,19.39,25.85,0.0,0.3,5.71,24.9
2002-03-08,29.63,14.18,21.9,0.0,0.3,5.26,25.93
2002-03-09,32.0,16.57,24.01,0.0,0.3,10.52,23.9
2002-03-10,31.96,16.24,23.88,0.0,0.3,7.24,24.6
2002-03-11,36.08,17.54,26.78,0.0,0.3,7.07,24.43
2002-03-12,30.02,16.57,22.49,0.0,0.3,2.11,24.96
2002-03-13,32.92,11.89,22.45,0.0,0.3,2.17,25.2
2002-03-14,32.96,16.21,24.36,0.0,0.3,8.68,23.38
2002-03-15,31.05,16.35,22.61,0.0,0.3,3.29,24.43
2002-03-16,33.28,13.87,23.61,0.0,0.3,4.38,23.84
2002-03-17,35.65,16.49,25.93,0.0,0.3,3.29,23.86
2002-03-18,40.37,19.76,29.39,0.0,0.3,4.11,24.24
2002-03-19,34.78,20.3,26.71,0.0,0.3,2.91,21.72
2002-03-20,29.93,17.49,22.71,0.0,0.3,4.23,23.55
2002-03-21,27.13,15.42,20.93,0.0,0.3,6.78,23.05
2002-03-22,30.51,13.25,21.88,0.0,0.3,6.94,22.99
2002-03-23,32.79,16.06,24.56,0.0,0.3,10.52,21.78
2002-03-24,34.59,18.0,26.24,0.0,0.3,8.52,22.03
2002-03-25,37.56,19.52,27.79,0.02,0.3,6.56,19.34
2002-03-26,22.77,13.13,18.76,9.4,0.31,11.55,5.76
2002-03-27,24.31,11.88,17.74,0.86,0.32,7.83,18.13
2002-03-28,21.49,14.05,18.03,5.31,0.32,13.39,12.53
2002-03-29,28.06,15.62,20.59,0.88,0.32,11.81,20.3
2002-03-30,25.99,10.04,17.81,0.0,0.32,7.94,20.32
2002-03-31,28.69,12.4,19.84,0.0,0.32,7.78,20.92
2002-04-01,28.77,13.04,20.31,0.0,0.32,8.28,19.79
2002-04-02,29.39,13.68,21.05,0.0,0.31,8.33,21.09
2002-04-03,30.78,16.34,22.93,0.0,0.31,8.1,19.21
2002-04-04,24.77,12.22,18.84,0.0,0.31,6.93,18.81
2002-04-05,25.59,7.11,15.9,0.0,0.31,2.18,21.0
2002-04-06,28.67,9.84,18.81,0.0,0.31,3.32,20.3
2002-04-07,28.48,12.53,20.84,0.0,0.31,5.38,20.44
2002-04-08,32.31,15.35,23.09,0.0,0.31,6.61,14.82
2002-04-09,35.24,16.37,25.21,0.0,0.31,8.09,19.48
2002-04-10,31.55,19.21,24.6,0.07,0.31,8.9,13.78
2002-04-11,33.78,16.18,24.29,0.08,0.31,6.97,18.42
2002-04-12,34.01,16.56,24.87,0.0,0.31,5.2,18.36
2002-04-13,29.43,18.33,22.69,5.42,0.31,10.82,11.53
2002-04-14,23.99,16.07,19.96,1.56,0.32,13.78,16.03
2002-04-15,25.43,15.61,20.59,3.73,0.32,13.37,15.37
2002-04-16,19.62,13.42,17.33,6.11,0.33,13.65,5.04
2002-04-17,23.8,11.82,17.26,0.62,0.33,12.03,15.32
2002-04-18,25.84,10.73,17.79,0.0,0.33,9.05,18.13
2002-04-19,26.55,11.64,18.38,0.0,0.33,7.8,17.21
2002-04-20,26.95,11.04,18.44,0.0,0.32,7.42,17.53
2002-04-21,26.38,11.04,18.25,0.0,0.32,10.43,17.33
2002-04-22,26.64,12.78,19.39,0.0,0.32,10.81,16.6
2002-04-23,28.31,14.45,20.25,0.0,0.32,9.03,17.15
2002-04-24,30.03,13.74,21.4,0.0,0.32,6.35,16.63
2002-04-25,31.48,14.68,21.97,0.03,0.32,6.72,15.9
2002-04-26,21.24,11.38,16.29,0.07,0.32,6.4,16.42
2002-04-27,22.39,7.35,13.71,0.0,0.32,0.96,16.79
2002-04-28,23.98,7.52,15.57,0.0,0.32,5.04,15.12
2002-04-29,23.31,15.19,18.32,0.0,0.32,11.31,15.03
2002-04-30,26.0,12.11,18.64,0.0,0.32,9.0,15.06
2002-05-01,25.95,13.21,18.53,0.0,0.31,6.12,13.95
2002-05-02,25.36,10.87,17.29,0.0,0.31,3.54,15.79
2002-05-03,25.43,11.1,17.29,0.0,0.31,5.13,15.22
2002-05-04,25.0,10.74,17.37,0.0,0.31,5.3,13.96
2002-05-05,25.78,10.98,17.62,0.0,0.31,4.4,14.04
2002-05-06,26.66,12.72,18.9,0.0,0.31,2.41,14.93
2002-05-07,27.24,12.39,18.4,0.0,0.31,2.28,14.81
2002-05-08,26.73,11.09,18.24,0.0,0.31,2.18,13.99
2002-05-09,23.97,13.04,17.59,0.52,0.31,5.12,7.94
2002-05-10,22.43,9.2,14.67,0.01,0.31,5.52,11.52
2002-05-11,24.14,6.6,14.49,0.0,0.31,2.22,13.89
2002-05-12,25.66,8.71,17.44,0.06,0.31,-0.29,14.42
2002-05-13,24.27,14.01,17.98,1.35,0.31,3.47,2.73
2002-05-14,20.17,12.95,15.77,3.85,0.32,11.07,6.95
2002-05-15,20.22,9.44,14.66,0.12,0.32,9.25,8.21
2002-05-16,20.13,10.72,15.03,0.54,0.32,7.39,11.14
2002-05-17,16.28,6.11,10.26,0.09,0.32,3.17,12.53
2002-05-18,15.53,6.3,10.31,1.58,0.32,1.31,5.95
2002-05-19,13.1,6.38,9.22,4.89,0.32,5.86,7.69
2002-05-20,13.43,5.84,9.44,0.91,0.33,5.63,10.4
2002-05-21,15.97,7.09,10.54,0.14,0.33,6.44,7.08
2002-05-22,17.13,7.39,11.78,0.0,0.33,6.6,10.42
2002-05-23,16.52,6.21,10.5,0.01,0.33,4.95,11.13
2002-05-24,16.33,6.86,11.32,3.38,0.33,7.32,5.67
2002-05-25,17.43,8.94,12.18,0.29,0.33,7.39,10.43
2002-05-26,18.83,6.18,11.83,0.03,0.33,5.9,12.87
2002-05-27,18.11,7.08,11.72,0.45,0.33,4.48,9.51
2002-05-28,16.15,5.57,9.64,0.38,0.33,2.84,9.9
2002-05-29,15.59,4.99,9.72,0.02,0.33,4.14,11.42
2002-05-30,16.26,3.12,8.8,0.0,0.33,2.94,12.65
2002-05-31,15.96,4.38,8.85,0.0,0.33,1.22,12.73
2002-06-01,15.87,5.3,9.09,0.0,0.33,3.33,11.82
2002-06-02,19.08,2.68,9.65,0.0,0.33,2.95,11.86
2002-06-03,19.44,3.24,10.1,0.0,0.33,1.62,11.84
2002-06-04,20.12,4.6,11.11,0.0,0.32,3.05,11.54
2002-06-05,20.44,5.31,11.97,0.0,0.32,2.88,12.0
2002-06-06,23.14,8.62,14.85,0.0,0.32,6.86,7.21
2002-06-07,18.89,12.88,15.8,6.05,0.33,13.56,6.03
2002-06-08,16.07,6.35,11.48,0.0,0.34,4.29,11.74
2002-06-09,17.11,5.78,10.64,0.0,0.33,6.27,8.78
2002-06-10,18.16,9.11,12.66,0.01,0.33,7.67,6.5
2002-06-11,17.88,5.3,10.93,0.0,0.33,5.87,8.18
2002-06-12,20.68,8.76,13.41,0.0,0.33,4.27,10.17
2002-06-13,15.67,9.16,12.03,0.02,0.33,4.71,8.65
2002-06-14,19.69,4.96,12.27,0.52,0.33,3.38,5.7
2002-06-15,22.33,11.47,16.14,2.65,0.33,7.15,3.11
2002-06-16,17.77,7.65,12.29,0.39,0.33,6.66,9.52
2002-06-17,15.95,7.27,11.29,0.89,0.33,6.29,7.56
2002-06-18,15.57,4.9,9.19,0.0,0.33,3.58,11.72
2002-06-19,17.27,2.93,9.15,0.0,0.33,2.93,11.65
2002-06-20,17.22,6.48,10.39,0.0,0.33,2.06,6.0
2002-06-21,15.64,4.79,8.86,0.23,0.33,3.26,7.11
2002-06-22,15.33,2.64,8.62,0.01,0.33,4.76,6.72
2002-06-23,15.65,5.59,9.69,0.0,0.33,5.19,9.54
2002-06-24,17.19,4.73,10.03,0.0,0.33,3.16,11.47
2002-06-25,17.6,3.71,9.6,0.0,0.33,0.36,10.35
2002-06-26,14.9,2.59,8.34,0.0,0.33,1.13,11.66
2002-06-27,16.82,2.17,9.18,1.15,0.33,-0.12,10.28
2002-06-28,11.74,3.32,7.54,0.0,0.33,2.21,11.05
2002-06-29,13.92,3.05,7.03,0.0,0.33,1.73,11.96
2002-06-30,13.36,1.63,5.93,0.0,0.33,1.96,11.78
2002-07-01,14.59,2.19,7.51,0.0,0.33,-0.16,12.06
2002-07-02,16.36,0.36,7.02,0.0,0.33,-4.14,11.89
2002-07-03,14.87,2.74,8.1,0.95,0.33,-1.82,8.59
2002-07-04,15.09,3.83,9.28,0.21,0.33,5.16,9.03
2002-07-05,17.42,7.84,11.46,6.04,0.33,5.05,6.89
2002-07-06,15.24,6.06,10.29,0.04,0.34,5.66,11.68
2002-07-07,15.41,5.81,9.67,0.64,0.34,5.78,8.6
2002-07-08,17.68,2.45,8.98,0.0,0.34,1.58,12.36
2002-07-09,17.0,3.66,9.37,0.03,0.34,0.43,7.74
2002-07-10,15.12,0.35,7.04,0.0,0.34,-1.04,12.66
2002-07-11,17.28,0.56,7.44,0.0,0.34,-3.68,12.82
2002-07-12,20.55,4.42,10.34,0.0,0.33,-4.69,12.4
2002-07-13,20.02,6.17,11.7,0.0,0.33,-5.83,12.5
2002-07-14,13.9,3.29,8.16,0.16,0.33,2.64,11.55
2002-07-15,15.7,0.3,8.06,0.0,0.33,0.86,12.19
2002-07-16,16.89,2.06,9.24,0.03,0.33,-0.72,12.65
2002-07-17,13.99,4.97,8.57,0.1,0.33,4.68,10.24
2002-07-18,16.95,3.73,9.08,0.0,0.33,5.61,11.94
2002-07-19,19.94,3.06,10.51,0.0,0.33,3.68,11.04
2002-07-20,19.49,5.85,11.04,0.0,0.33,1.53,12.2
2002-07-21,14.96,1.17,7.01,0.0,0.33,0.68,13.44
2002-07-22,14.45,0.88,7.59,0.0,0.33,-1.96,7.96
2002-07-23,20.31,4.17,11.2,0.05,0.33,-3.03,12.65
2002-07-24,17.16,4.46,9.88,0.53,0.33,3.07,11.4
2002-07-25,16.11,0.44,7.97,0.0,0.33,-2.28,13.8
2002-07-26,19.96,5.03,12.16,0.0,0.33,-3.39,12.49
2002-07-27,22.77,4.78,12.92,0.0,0.33,-0.64,13.84
2002-07-28,23.4,7.2,13.83,0.32,0.33,-2.42,7.73
2002-07-29,16.52,7.45,10.98,0.49,0.33,4.04,8.91
2002-07-30,20.15,5.08,11.47,0.0,0.33,5.49,13.41
2002-07-31,21.61,5.72,12.75,0.0,0.33,4.61,13.73
2002-08-01,15.79,7.53,11.37,0.93,0.33,5.96,6.58
2002-08-02,19.97,6.86,12.17,1.35,0.33,5.67,4.88
2002-08-03,13.28,6.84,10.0,9.36,0.34,6.37,7.41
2002-08-04,16.15,6.61,9.94,0.74,0.35,5.58,11.48
2002-08-05,19.3,3.06,10.82,0.14,0.35,2.07,14.29
2002-08-06,18.56,7.43,11.67,0.0,0.34,0.91,14.18
2002-08-07,18.21,4.57,10.65,0.0,0.34,6.24,11.63
2002-08-08,19.45,3.42,10.52,0.0,0.34,4.81,15.28
2002-08-09,19.94,3.49,11.27,0.0,0.34,3.18,15.54
2002-08-10,24.61,5.3,13.59,0.0,0.34,-0.11,15.5
2002-08-11,26.71,9.28,16.7,0.0,0.34,2.36,15.19
2002-08-12,14.03,7.21,10.83,0.02,0.33,1.52,12.97
2002-08-13,13.71,3.45,7.83,0.0,0.33,0.96,14.9
2002-08-14,14.57,1.72,7.0,0.0,0.33,0.89,16.33
2002-08-15,17.04,0.81,7.64,0.0,0.33,-1.82,16.45
2002-08-16,19.79,0.73,9.35,0.0,0.33,-2.59,16.14
2002-08-17,20.36,2.31,10.43,0.06,0.33,-2.13,16.25
2002-08-18,20.08,3.08,10.62,0.0,0.33,-0.67,16.45
2002-08-19,20.51,5.25,11.31,0.0,0.33,0.26,16.66
2002-08-20,19.53,4.15,10.49,0.0,0.33,-2.13,17.02
2002-08-21,20.36,3.54,10.7,0.0,0.33,-4.45,15.68
2002-08-22,21.81,4.8,11.91,0.0,0.33,-4.52,15.34
2002-08-23,17.72,3.67,9.56,0.0,0.33,-2.71,17.65
2002-08-24,19.32,0.06,9.59,0.0,0.33,-0.81,17.34
2002-08-25,20.28,4.29,11.24,0.0,0.33,-1.13,17.96
2002-08-26,19.92,2.29,10.49,0.0,0.33,-3.37,18.21
2002-08-27,21.12,3.15,11.7,0.0,0.33,0.02,18.19
2002-08-28,23.45,5.86,14.35,0.51,0.33,2.44,16.84
2002-08-29,21.7,8.02,14.45,0.04,0.33,1.27,18.02
2002-08-30,20.15,4.39,12.24,0.14,0.33,0.15,18.13
2002-08-31,26.8,7.78,16.4,0.01,0.33,3.05,16.53
2002-09-01,22.7,9.02,14.89,0.01,0.32,3.1,18.62
2002-09-02,29.76,8.43,19.84,0.04,0.32,0.0,15.32
2002-09-03,24.05,12.07,17.59,9.31,0.34,5.09,17.52
2002-09-04,24.16,8.49,15.82,0.0,0.34,2.93,16.88
2002-09-05,27.07,9.2,17.05,0.1,0.33,2.71,19.38
2002-09-06,24.94,10.09,16.38,0.05,0.33,4.14,18.33
2002-09-07,21.61,6.56,13.92,0.0,0.33,3.04,16.66
2002-09-08,19.71,5.24,12.13,0.0,0.33,1.31,19.15
2002-09-09,19.54,5.59,12.34,0.0,0.33,1.59,14.03
2002-09-10,16.24,4.93,9.59,0.0,0.33,-2.33,20.51
2002-09-11,18.14,1.59,9.45,0.0,0.33,-2.73,21.01
2002-09-12,21.85,3.14,12.42,0.0,0.33,-4.9,20.96
2002-09-13,24.9,5.23,14.51,0.0,0.33,-5.47,21.49
2002-09-14,27.46,8.63,17.12,0.0,0.32,-2.44,21.16
2002-09-15,28.17,11.83,19.84,0.0,0.32,0.77,20.55
2002-09-16,18.99,10.64,15.56,22.69,0.33,7.1,2.95
2002-09-17,16.21,5.83,10.71,2.93,0.37,3.76,16.88
2002-09-18,20.72,4.8,13.29,0.02,0.36,4.52,19.57
2002-09-19,19.29,8.11,12.99,0.0,0.36,4.03,14.37
2002-09-20,21.64,4.12,13.29,0.0,0.35,3.18,22.22
2002-09-21,27.64,8.58,18.19,0.0,0.35,2.39,20.18
2002-09-22,30.56,10.65,20.59,0.0,0.35,2.19,19.53
2002-09-23,29.3,10.84,19.36,0.0,0.35,3.05,22.62
2002-09-24,27.87,12.81,19.9,0.0,0.34,3.92,11.44
2002-09-25,24.24,10.18,17.3,0.0,0.34,0.29,23.33
2002-09-26,24.59,8.46,16.69,0.0,0.34,1.56,23.35
2002-09-27,28.72,9.88,18.81,0.02,0.34,-0.24,19.3
2002-09-28,18.02,9.05,13.01,0.1,0.34,3.09,19.26
2002-09-29,18.21,5.35,11.32,0.0,0.34,0.29,21.73
2002-09-30,20.93,4.65,12.65,0.0,0.34,0.89,24.35
2002-10-01,24.76,5.96,16.16,0.0,0.34,-2.19,24.76
2002-10-02,28.6,8.02,18.07,0.0,0.33,-5.44,25.46
2002-10-03,32.55,10.71,20.86,0.07,0.33,-2.65,23.9
2002-10-04,23.38,11.07,16.46,0.04,0.33,4.19,23.57
2002-10-05,23.82,7.3,15.62,0.0,0.33,3.66,20.84
2002-10-06,28.53,12.42,19.9,0.0,0.33,1.9,25.13
2002-10-07,32.1,16.2,23.36,0.0,0.33,0.31,14.97
2002-10-08,22.98,10.12,16.4,0.0,0.33,0.28,24.81
2002-10-09,20.32,6.89,13.35,0.0,0.33,-1.83,24.95
2002-10-10,24.84,6.18,15.87,0.0,0.33,2.22,23.11
2002-10-11,26.64,11.33,18.52,0.0,0.33,5.77,24.65
2002-10-12,28.97,12.33,20.7,0.02,0.32,8.69,23.0
2002-10-13,23.31,12.68,18.17,0.01,0.32,3.08,24.59
2002-10-14,22.61,7.9,15.73,0.0,0.32,1.97,26.3
2002-10-15,26.6,8.89,18.12,0.0,0.32,5.81,24.7
2002-10-16,33.7,12.9,24.13,0.0,0.32,2.37,21.76
2002-10-17,25.53,14.39,19.77,0.0,0.32,6.21,26.29
2002-10-18,34.24,12.47,23.85,0.0,0.32,2.05,27.42
2002-10-19,26.05,11.81,18.54,0.0,0.32,2.18,27.79
2002-10-20,26.85,10.17,18.54,0.0,0.32,1.3,27.44
2002-10-21,25.89,10.78,17.94,0.0,0.32,1.28,27.52
2002-10-22,29.11,10.97,20.13,0.0,0.32,-2.42,23.33
2002-10-23,20.81,12.09,16.34,0.05,0.32,3.67,21.22
2002-10-24,23.22,7.19,15.58,0.0,0.32,-1.2,26.37
2002-10-25,32.02,11.27,21.8,0.0,0.32,-0.53,25.71
2002-10-26,25.23,8.77,17.0,0.0,0.32,-2.03,28.22
2002-10-27,24.82,8.05,16.44,0.0,0.31,-0.75,28.36
2002-10-28,27.54,7.04,17.76,0.0,0.31,-1.33,29.42
2002-10-29,31.77,10.64,21.82,0.0,0.31,-4.32,29.5
2002-10-30,35.82,15.38,24.99,0.0,0.31,-4.1,27.42
2002-10-31,28.87,13.53,20.4,0.0,0.31,-1.12,28.57
2002-11-01,32.54,10.32,21.56,0.0,0.31,-5.82,30.04
2002-11-02,37.86,16.18,25.96,0.0,0.31,0.79,16.58
2002-11-03,28.97,16.64,22.41,0.0,0.31,5.13,29.32
2002-11-04,23.1,11.14,16.56,0.0,0.31,0.74,29.75
2002-11-05,26.98,8.03,17.51,0.0,0.31,-2.5,30.32
2002-11-06,29.69,9.64,19.84,0.0,0.31,-1.27,30.48
2002-11-07,35.03,12.22,24.92,0.0,0.31,-3.51,30.11
2002-11-08,38.53,16.56,28.4,0.0,0.31,-4.78,29.72
2002-11-09,36.79,16.9,26.59,0.0,0.31,-1.24,30.59
2002-11-10,31.9,15.92,24.52,0.0,0.31,0.82,27.87
2002-11-11,36.63,15.03,26.14,0.0,0.31,-2.09,30.28
2002-11-12,40.44,17.63,28.66,0.03,0.3,6.6,27.47
2002-11-13,27.06,13.39,19.94,0.0,0.3,-1.71,31.04
2002-11-14,30.37,11.44,21.46,0.0,0.3,-5.81,32.01
2002-11-15,31.75,14.41,23.03,0.0,0.3,-0.71,30.98
2002-11-16,33.18,15.6,24.29,0.0,0.3,5.95,29.73
2002-11-17,33.64,16.29,25.75,0.0,0.3,5.3,22.47
2002-11-18,39.09,19.73,30.23,0.0,0.3,3.7,28.13
2002-11-19,37.66,24.62,29.53,0.0,0.3,9.98,9.52
2002-11-20,27.49,18.04,22.76,0.11,0.3,13.87,19.89
2002-11-21,32.16,14.41,22.82,0.0,0.3,5.34,28.5
2002-11-22,34.53,14.91,25.11,0.0,0.3,-2.42,30.82
2002-11-23,37.33,17.52,27.25,0.0,0.3,-1.33,28.96
2002-11-24,42.34,25.09,33.28,0.72,0.3,10.12,22.56
2002-11-25,41.47,26.08,33.19,0.23,0.3,7.68,19.79
2002-11-26,34.68,18.88,26.97,1.38,0.3,10.51,27.68
2002-11-27,29.84,15.4,22.32,0.31,0.3,4.61,28.81
2002-11-28,33.23,16.1,25.42,0.0,0.3,3.17,31.84
2002-11-29,34.27,20.93,26.86,0.28,0.3,3.11,18.67
2002-11-30,27.37,14.77,21.01,0.01,0.3,4.95,32.32
2002-12-01,32.53,14.37,23.98,0.0,0.3,6.85,32.03
2002-12-02,36.08,18.98,28.49,0.0,0.3,4.4,24.79
2002-12-03,39.27,22.75,30.96,0.57,0.3,8.49,24.11
2002-12-04,27.74,16.56,22.21,0.01,0.3,2.04,32.94
2002-12-05,27.52,12.96,19.44,0.18,0.3,5.1,25.87
2002-12-06,22.67,9.07,15.93,0.0,0.3,-0.74,32.8
2002-12-07,27.75,9.73,18.97,0.0,0.3,0.2,32.39
2002-12-08,34.57,13.6,25.07,0.05,0.3,-0.61,31.38
2002-12-09,22.36,16.5,19.66,0.5,0.3,5.86,13.64
2002-12-10,25.41,12.23,17.73,0.44,0.3,4.02,26.9
2002-12-11,29.7,11.08,21.0,0.0,0.3,3.92,33.04
2002-12-12,28.59,13.91,20.91,0.0,0.3,2.11,33.25
2002-12-13,30.53,12.4,22.13,0.0,0.3,0.4,32.58
2002-12-14,33.07,15.78,25.32,0.0,0.3,-1.96,28.69
2002-12-15,38.71,17.64,29.26,0.0,0.3,-4.14,32.94
2002-12-16,41.83,19.79,32.48,0.0,0.29,1.16,31.66
2002-12-17,43.45,22.99,34.37,0.0,0.29,2.71,28.89
2002-12-18,42.56,25.43,34.42,0.0,0.29,6.53,28.1
2002-12-19,37.87,23.94,30.31,0.38,0.29,8.64,18.5
2002-12-20,41.35,23.23,32.83,0.04,0.29,8.99,30.54
2002-12-21,42.25,24.29,34.02,0.02,0.29,7.11,29.85
2002-12-22,43.33,24.07,34.29,0.39,0.29,6.95,28.58
2002-12-23,31.56,17.0,23.73,0.03,0.29,-1.02,27.95
2002-12-24,33.1,12.45,23.05,0.0,0.29,2.41,32.67
2002-12-25,31.89,13.02,22.98,0.0,0.29,2.23,33.4
2002-12-26,34.08,13.97,24.94,0.0,0.29,4.78,32.59
2002-12-27,35.16,20.4,27.44,0.0,0.29,9.05,27.59
2002-12-28,39.08,23.44,31.44,0.0,0.29,8.71,27.53
2002-12-29,38.54,23.95,31.67,0.0,0.29,11.06,25.29
2002-12-30,39.05,26.21,31.67,0.07,0.29,8.1,14.18
2002-12-31,31.26,18.22,26.49,16.52,0.3,12.47,9.35
2003-01-01,26.44,14.8,20.72,0.31,0.32,8.58,28.2
2003-01-02,27.36,13.4,20.39,0.0,0.32,5.42,33.16
2003-01-03,32.44,14.34,24.06,0.0,0.31,7.59,32.75
2003-01-04,32.71,16.13,24.31,0.0,0.31,4.45,33.59
2003-01-05,36.29,15.44,26.23,0.0,0.31,3.04,33.3
2003-01-06,39.42,18.18,29.39,0.0,0.3,3.09,31.59
2003-01-07,41.45,21.13,31.83,0.0,0.3,3.31,31.08
2003-01-08,30.54,17.4,25.77,0.0,0.3,2.61,29.76
2003-01-09,29.4,12.8,21.18,0.0,0.3,0.21,32.99
2003-01-10,33.19,14.04,23.94,0.0,0.3,3.81,32.96
2003-01-11,34.52,17.42,26.18,0.0,0.3,7.22,32.0
2003-01-12,34.22,18.27,25.95,0.0,0.3,4.32,32.66
2003-01-13,35.75,17.79,27.02,0.0,0.3,3.85,31.25
2003-01-14,37.55,19.82,29.12,0.0,0.3,7.25,29.12
2003-01-15,37.61,20.47,28.73,0.0,0.3,7.55,31.0
2003-01-16,40.13,21.5,30.79,0.0,0.3,6.58,29.29
2003-01-17,44.05,22.9,34.2,0.0,0.3,5.27,27.71
2003-01-18,43.65,26.83,34.73,0.0,0.29,8.0,31.23
2003-01-19,39.46,20.97,30.15,0.0,0.29,1.08,31.74
2003-01-20,42.85,21.11,31.85,0.0,0.29,2.63,30.43
2003-01-21,40.73,24.08,32.36,0.0,0.29,5.18,25.56
2003-01-22,34.38,17.15,25.64,0.0,0.29,0.86,31.34
2003-01-23,38.17,18.96,29.03,0.0,0.29,10.21,29.82
2003-01-24,41.65,24.24,33.67,0.0,0.29,12.11,27.0
2003-01-25,42.46,26.38,34.39,0.0,0.29,7.08,27.89
2003-01-26,43.58,25.41,34.71,0.0,0.29,3.7,30.08
2003-01-27,35.15,23.71,28.81,0.0,0.29,7.37,12.71
2003-01-28,35.67,17.4,27.11,0.0,0.29,-1.36,28.43
2003-01-29,41.75,23.51,32.98,0.0,0.29,2.7,29.24
2003-01-30,44.25,22.58,32.79,0.0,0.29,7.76,21.08
2003-01-31,27.57,14.34,20.86,0.0,0.29,0.12,31.39
2003-02-01,31.69,14.53,23.23,0.0,0.29,-0.58,31.2
2003-02-02,35.83,18.32,26.98,0.0,0.29,6.87,29.09
2003-02-03,35.65,19.55,27.48,0.0,0.29,6.26,30.25
2003-02-04,36.2,19.62,27.94,0.0,0.29,8.19,29.82
2003-02-05,38.26,20.64,29.91,0.0,0.29,5.44,29.16
2003-02-06,40.26,23.67,31.99,0.0,0.29,4.55,27.57
2003-02-07,40.12,24.37,32.09,0.82,0.29,10.61,20.0
2003-02-08,37.72,21.16,28.87,0.04,0.29,5.32,28.28
2003-02-09,37.08,18.65,27.93,0.1,0.29,3.26,27.87
2003-02-10,36.48,20.27,28.11,0.0,0.29,-1.33,29.73
2003-02-11,36.24,17.48,27.02,0.0,0.29,-0.59,29.42
2003-02-12,38.71,19.19,29.7,0.0,0.29,1.17,28.68
2003-02-13,38.41,22.15,30.3,0.01,0.29,8.49,22.56
2003-02-14,39.23,20.94,30.47,0.0,0.29,6.35,28.06
2003-02-15,41.7,23.38,32.38,0.02,0.29,4.05,25.13
2003-02-16,36.91,24.88,30.07,1.2,0.29,14.65,15.44
2003-02-17,34.24,21.85,27.1,1.38,0.29,10.61,24.65
2003-02-18,32.64,17.42,24.86,0.04,0.29,1.37,22.87
2003-02-19,33.74,18.54,25.58,0.02,0.29,3.71,18.78
2003-02-20,25.67,21.3,23.46,36.74,0.31,17.79,5.06
2003-02-21,30.07,20.83,25.63,48.11,0.43,21.57,14.34
2003-02-22,31.34,21.28,26.1,0.71,0.43,18.46,23.99
2003-02-23,33.62,20.45,27.41,0.32,0.41,18.88,25.21
2003-02-24,33.17,19.82,26.02,0.0,0.39,13.33,27.23
2003-02-25,33.4,18.03,25.73,0.0,0.38,13.6,27.3
2003-02-26,34.49,20.37,27.72,0.16,0.37,16.11,24.06
2003-02-27,33.04,23.67,27.38,7.58,0.38,18.16,19.87
2003-02-28,27.87,16.31,23.27,1.5,0.38,13.28,21.48
2003-03-01,21.43,12.0,16.4,0.0,0.37,3.7,26.06
2003-03-02,22.99,8.62,15.93,0.0,0.37,3.95,26.27
2003-03-03,27.3,11.07,19.38,0.0,0.37,7.4,24.04
2003-03-04,26.53,14.97,20.25,0.0,0.37,8.17,13.15
2003-03-05,29.25,12.96,20.83,0.0,0.36,7.86,26.2
2003-03-06,30.63,15.6,22.61,0.0,0.36,10.29,24.89
2003-03-07,31.63,15.88,23.99,0.0,0.36,10.87,23.75
2003-03-08,30.36,15.72,23.32,0.0,0.36,6.83,25.12
2003-03-09,25.98,10.93,18.49,0.0,0.35,7.37,24.92
2003-03-10,27.95,12.79,20.44,0.0,0.35,8.47,22.92
2003-03-11,29.27,14.39,21.82,0.02,0.35,11.99,22.79
2003-03-12,32.17,16.19,23.97,0.01,0.35,13.09,23.77
2003-03-13,33.15,17.59,25.57,0.08,0.35,12.32,22.36
2003-03-14,33.57,20.19,26.13,0.09,0.35,11.22,22.38
2003-03-15,29.2,15.69,21.98,0.2,0.35,7.91,23.96
2003-03-16,31.5,13.98,22.77,0.01,0.34,8.2,23.68
2003-03-17,32.8,17.64,24.54,0.0,0.34,9.05,23.39
2003-03-18,33.25,16.64,24.85,0.0,0.34,8.31,23.47
2003-03-19,34.85,15.96,25.43,0.09,0.34,9.23,16.99
2003-03-20,22.34,11.17,16.07,0.0,0.34,4.83,22.93
2003-03-21,21.22,8.81,14.66,0.0,0.34,2.71,23.32
2003-03-22,22.8,8.79,15.8,0.0,0.34,6.49,17.31
2003-03-23,26.54,10.28,18.59,0.0,0.34,8.62,21.52
2003-03-24,28.87,13.61,20.86,0.0,0.34,9.75,18.51
2003-03-25,30.79,14.56,22.65,0.0,0.34,8.97,21.23
2003-03-26,31.64,17.31,23.74,0.0,0.33,7.71,20.89
2003-03-27,32.14,17.56,24.33,0.0,0.33,7.93,19.81
2003-03-28,31.21,17.48,24.32,0.07,0.33,10.33,20.16
2003-03-29,29.77,15.9,22.5,0.14,0.33,6.5,20.78
2003-03-30,26.84,12.58,19.66,0.03,0.33,6.19,20.96
2003-03-31,29.08,13.29,21.15,0.0,0.33,7.36,20.31
2003-04-01,28.61,14.88,21.81,0.0,0.33,10.05,18.59
2003-04-02,26.03,19.05,22.46,0.03,0.33,10.65,10.1
2003-04-03,27.77,15.84,20.72,0.12,0.33,8.7,19.08
2003-04-04,24.39,13.27,18.25,0.02,0.33,8.7,16.87
2003-04-05,25.17,10.15,17.01,0.0,0.33,3.3,20.72
2003-04-06,25.68,10.59,17.92,0.0,0.33,0.51,19.62
2003-04-07,28.99,11.67,20.32,0.0,0.33,1.0,20.18
2003-04-08,28.78,12.76,20.34,0.0,0.33,1.34,15.65
2003-04-09,26.4,11.59,18.61,0.0,0.32,6.39,18.19
2003-04-10,28.74,12.32,20.79,0.0,0.32,7.24,17.87
2003-04-11,28.47,17.86,22.32,0.11,0.32,11.93,13.26
2003-04-12,28.55,15.98,22.47,0.03,0.32,13.11,16.0
2003-04-13,22.51,15.98,20.3,2.71,0.32,14.71,6.87
2003-04-14,23.59,10.97,17.08,1.12,0.33,8.17,18.59
2003-04-15,23.42,10.45,16.95,0.03,0.33,8.41,14.03
2003-04-16,20.51,6.8,13.11,0.0,0.33,0.87,19.08
2003-04-17,22.94,8.55,14.96,0.0,0.33,4.33,18.46
2003-04-18,23.9,9.04,15.92,0.0,0.33,6.6,18.06
2003-04-19,24.48,9.47,16.24,0.0,0.33,6.39,17.99
2003-04-20,25.2,9.32,16.72,0.0,0.33,7.02,17.88
2003-04-21,25.56,9.41,17.1,0.0,0.32,5.39,17.7
2003-04-22,26.45,10.23,17.84,0.0,0.32,5.34,17.22
2003-04-23,26.65,11.72,18.15,0.0,0.32,5.36,17.41
2003-04-24,25.88,12.02,18.19,0.0,0.32,4.08,16.82
2003-04-25,25.5,12.78,18.62,0.0,0.32,7.25,15.43
2003-04-26,23.61,12.87,17.75,1.18,0.32,11.43,14.78
2003-04-27,22.24,14.19,17.41,12.22,0.34,14.57,8.22
2003-04-28,23.36,11.76,17.44,0.47,0.35,12.47,11.57
2003-04-29,25.35,11.69,17.73,0.0,0.34,9.15,15.87
2003-04-30,22.22,8.92,15.36,0.0,0.34,6.34,15.42
2003-05-01,21.2,9.56,15.36,0.0,0.34,8.17,14.32
2003-05-02,19.86,5.61,12.23,0.0,0.34,4.42,15.84
2003-05-03,20.91,7.75,13.96,0.0,0.34,8.51,11.51
2003-05-04,21.16,6.48,12.85,0.0,0.33,1.69,15.49
2003-05-05,21.27,5.97,12.96,0.0,0.33,3.46,15.61
2003-05-06,23.56,8.66,15.19,0.0,0.33,7.14,15.18
2003-05-07,24.28,10.58,16.48,0.0,0.33,8.39,12.99
2003-05-08,24.35,12.03,17.63,0.0,0.33,8.04,12.49
2003-05-09,25.36,13.76,18.08,0.0,0.33,6.08,13.17
2003-05-10,22.97,11.66,16.52,0.0,0.33,7.67,11.49
2003-05-11,22.29,10.22,15.82,0.0,0.33,6.02,10.34
2003-05-12,23.4,13.35,17.36,0.08,0.33,7.41,7.26
2003-05-13,19.56,11.16,14.6,7.76,0.34,10.4,3.55
2003-05-14,20.18,12.6,15.69,8.28,0.36,12.85,7.4
2003-05-15,20.62,11.76,15.34,0.2,0.36,11.08,8.63
2003-05-16,20.94,9.55,14.23,0.0,0.35,8.63,6.19
2003-05-17,22.12,9.09,14.64,0.0,0.35,7.82,5.83
2003-05-18,25.19,12.39,17.89,2.52,0.35,9.91,9.54
2003-05-19,21.05,10.3,15.85,0.02,0.35,8.54,12.07
2003-05-20,18.47,10.81,13.66,0.15,0.35,5.4,10.23
2003-05-21,17.38,6.35,11.75,0.08,0.35,6.6,5.53
2003-05-22,15.71,2.74,8.64,0.0,0.35,2.13,11.45
2003-05-23,16.77,3.78,10.3,0.16,0.35,1.01,13.05
2003-05-24,16.83,6.26,10.6,0.29,0.35,3.16,11.48
2003-05-25,18.96,3.91,10.77,0.0,0.35,4.71,12.74
2003-05-26,19.34,5.21,11.13,0.01,0.35,5.36,12.98
2003-05-27,19.12,5.06,11.17,0.0,0.35,4.74,12.7
2003-05-28,21.02,6.94,12.51,0.0,0.34,6.43,12.36
2003-05-29,21.4,6.56,12.7,0.0,0.34,5.78,12.77
2003-05-30,20.8,5.98,12.5,0.0,0.34,2.88,12.91
2003-05-31,23.1,7.22,13.69,0.0,0.34,5.58,12.4
2003-06-01,19.61,11.07,14.18,1.35,0.34,10.97,8.0
2003-06-02,22.93,10.74,15.42,3.9,0.35,9.78,7.48
2003-06-03,21.44,9.5,14.82,0.29,0.35,8.44,10.76
2003-06-04,21.71,8.32,13.83,0.41,0.35,6.69,11.29
2003-06-05,17.65,7.89,12.06,0.07,0.35,3.27,11.61
2003-06-06,18.64,6.39,12.02,0.0,0.35,-1.21,12.38
2003-06-07,15.27,7.41,10.97,0.01,0.35,5.0,10.69
2003-06-08,16.02,4.49,9.9,0.0,0.34,5.16,9.66
2003-06-09,16.33,3.87,9.59,0.0,0.34,4.62,11.35
2003-06-10,19.41,5.28,11.81,0.0,0.34,3.64,11.2
2003-06-11,20.65,5.2,11.67,0.0,0.34,4.45,11.41
2003-06-12,22.67,7.97,14.15,3.1,0.34,6.37,8.55
2003-06-13,14.42,5.15,9.27,0.0,0.35,2.85,12.04
2003-06-14,13.94,6.49,9.77,0.6,0.35,5.4,7.73
2003-06-15,14.55,4.96,9.09,0.01,0.35,5.3,9.73
2003-06-16,14.77,5.12,9.47,0.02,0.35,5.4,9.68
2003-06-17,16.85,4.74,9.2,0.0,0.35,6.08,11.35
2003-06-18,15.07,5.43,8.67,0.0,0.35,6.42,3.49
2003-06-19,13.2,4.14,7.16,0.0,0.35,5.37,3.91
2003-06-20,15.72,3.28,7.7,0.0,0.35,4.73,5.36
2003-06-21,12.71,2.96,7.04,0.03,0.35,3.78,4.89
2003-06-22,14.25,6.59,10.06,0.56,0.35,5.33,8.91
2003-06-23,13.74,4.73,8.24,0.04,0.35,4.52,9.08
2003-06-24,11.63,2.61,6.46,0.0,0.34,2.09,9.16
2003-06-25,17.52,1.83,8.73,0.0,0.34,1.87,10.99
2003-06-26,19.31,3.97,11.27,0.0,0.34,6.07,11.42
2003-06-27,15.45,8.21,10.83,1.86,0.35,6.4,5.89
2003-06-28,19.41,7.98,13.44,4.96,0.35,10.11,7.75
2003-06-29,17.06,8.68,12.76,1.94,0.36,9.19,9.25
2003-06-30,15.98,8.06,11.64,1.76,0.36,8.01,5.6
2003-07-01,15.43,7.29,11.1,4.4,0.36,7.51,7.18
2003-07-02,14.89,6.04,9.91,0.34,0.36,5.86,8.6
2003-07-03,14.99,5.95,9.84,0.39,0.36,4.92,7.64
2003-07-04,16.49,4.26,9.93,0.03,0.36,3.78,11.61
2003-07-05,18.66,4.21,10.68,0.0,0.36,2.47,11.59
2003-07-06,18.14,3.48,9.76,0.0,0.36,1.16,12.1
2003-07-07,18.05,5.8,10.23,0.0,0.36,0.31,9.6
2003-07-08,20.52,8.12,11.79,11.06,0.36,6.2,3.56
2003-07-09,17.07,5.22,9.82,0.03,0.38,6.22,8.73
2003-07-10,16.37,4.74,10.58,0.03,0.37,7.38,7.8
2003-07-11,20.15,7.32,13.3,0.02,0.37,6.28,11.08
2003-07-12,16.05,6.3,11.29,0.64,0.37,3.8,12.43
2003-07-13,16.17,3.29,8.89,0.0,0.37,4.29,12.34
2003-07-14,16.66,2.55,8.59,0.0,0.37,1.71,12.83
2003-07-15,19.22,2.67,9.4,0.0,0.37,-0.96,12.98
2003-07-16,19.08,3.51,10.03,0.0,0.36,2.09,12.29
2003-07-17,15.7,4.46,8.55,0.0,0.36,2.68,12.95
2003-07-18,16.68,1.54,7.46,0.0,0.36,1.74,12.74
2003-07-19,18.21,0.67,8.15,0.0,0.36,2.17,13.43
2003-07-20,18.73,3.42,10.48,0.17,0.36,4.92,12.92
2003-07-21,20.47,8.05,14.19,0.5,0.36,6.3,7.57
2003-07-22,21.44,7.2,13.73,0.01,0.36,4.52,12.78
2003-07-23,22.76,7.2,14.26,22.44,0.37,8.12,4.39
2003-07-24,13.54,5.72,8.69,0.49,0.4,3.44,10.41
2003-07-25,13.13,4.37,7.65,6.77,0.4,4.69,6.11
2003-07-26,12.41,2.75,6.35,0.07,0.4,1.63,12.74
2003-07-27,13.1,-0.29,6.36,0.0,0.4,-0.92,13.81
2003-07-28,15.46,-0.09,7.04,0.0,0.4,-2.46,14.21
2003-07-29,12.88,3.08,7.21,0.04,0.39,1.68,13.42
2003-07-30,10.07,0.83,4.69,0.18,0.39,1.98,12.09
2003-07-31,11.85,2.12,5.3,0.12,0.39,3.08,12.17
2003-08-01,15.42,2.04,7.82,0.0,0.39,2.89,12.93
2003-08-02,16.77,1.76,9.71,0.0,0.39,0.84,14.75
2003-08-03,19.99,1.99,10.26,0.0,0.39,0.46,14.68
2003-08-04,21.14,5.92,12.21,0.0,0.39,-1.49,14.01
2003-08-05,19.7,8.13,13.47,0.0,0.38,2.26,11.47
2003-08-06,16.17,3.1,9.4,0.0,0.38,2.68,15.07
2003-08-07,17.64,5.26,10.64,0.0,0.38,2.2,13.12
2003-08-08,17.31,6.41,10.97,0.0,0.38,2.51,11.11
2003-08-09,13.05,2.18,7.02,0.0,0.38,0.69,15.56
2003-08-10,14.27,-1.23,6.7,2.72,0.38,-1.13,11.67
2003-08-11,20.61,5.73,11.78,2.78,0.39,5.67,14.68
2003-08-12,22.13,7.36,13.8,0.92,0.39,8.88,6.17
2003-08-13,17.78,10.46,14.77,20.93,0.41,14.06,3.64
2003-08-14,13.94,3.44,9.01,0.27,0.43,4.19,13.24
2003-08-15,13.87,-0.2,6.14,0.0,0.42,0.24,16.54
2003-08-16,16.84,-0.3,7.53,0.0,0.41,1.37,16.9
2003-08-17,17.52,4.36,9.6,0.0,0.41,2.41,14.0
2003-08-18,14.11,3.76,8.2,0.02,0.41,1.68,14.91
2003-08-19,14.08,1.21,6.4,0.0,0.4,0.1,17.58
2003-08-20,16.06,0.35,7.84,0.01,0.4,1.12,14.75
2003-08-21,16.22,6.93,10.51,0.59,0.4,5.57,10.02
2003-08-22,19.86,6.37,11.48,0.0,0.4,5.17,17.17
2003-08-23,17.35,7.85,12.6,28.84,0.42,10.06,3.01
2003-08-24,16.1,6.81,10.98,0.79,0.45,6.01,6.51
2003-08-25,15.49,4.07,10.02,1.33,0.44,5.66,13.43
2003-08-26,13.96,4.87,8.43,0.01,0.44,3.49,12.13
2003-08-27,15.21,3.51,9.05,0.04,0.43,4.18,16.52
2003-08-28,17.57,5.1,10.95,0.01,0.43,4.25,17.43
2003-08-29,18.92,4.7,11.3,0.0,0.43,3.61,16.0
2003-08-30,17.11,4.74,11.47,0.0,0.42,0.81,17.42
2003-08-31,14.27,1.75,8.01,1.32,0.42,3.27,13.59
2003-09-01,13.35,1.56,7.09,0.0,0.42,1.65,17.42
2003-09-02,16.44,1.71,8.85,0.0,0.42,3.53,13.03
2003-09-03,16.72,5.08,9.69,0.0,0.42,4.17,18.37
2003-09-04,20.79,1.13,10.51,0.0,0.42,2.65,20.64
2003-09-05,22.77,4.77,12.99,0.0,0.41,1.61,19.27
2003-09-06,19.63,6.51,11.92,0.74,0.41,5.08,11.67
2003-09-07,18.93,6.06,11.04,0.0,0.41,4.46,20.51
2003-09-08,21.85,2.68,11.9,0.0,0.41,3.35,20.68
2003-09-09,25.96,7.19,15.37,0.0,0.41,5.49,18.92
2003-09-10,22.19,8.27,14.83,0.0,0.41,7.13,20.83
2003-09-11,23.54,10.65,15.35,3.4,0.4,7.55,12.34
2003-09-12,21.79,7.37,14.02,0.45,0.41,7.75,11.78
2003-09-13,20.72,4.62,12.85,0.14,0.41,3.02,22.01
2003-09-14,15.26,6.62,10.62,1.45,0.4,4.1,13.48
2003-09-15,16.58,3.86,10.2,0.07,0.4,2.61,17.79
2003-09-16,18.81,6.85,12.08,0.21,0.4,6.33,13.95
2003-09-17,22.08,7.13,13.82,0.0,0.4,7.37,22.02
2003-09-18,21.12,6.46,13.71,0.0,0.4,7.12,18.88
2003-09-19,26.47,8.92,15.96,0.0,0.4,3.46,21.27
2003-09-20,23.9,4.39,14.01,0.0,0.39,1.41,22.94
2003-09-21,30.06,13.01,20.74,0.16,0.39,6.53,21.29
2003-09-22,34.98,14.52,24.5,0.22,0.39,9.71,20.51
2003-09-23,24.98,13.87,19.91,1.12,0.38,12.46,7.13
2003-09-24,21.6,10.69,16.41,0.03,0.38,3.84,23.46
2003-09-25,26.35,9.66,18.12,0.0,0.38,4.52,23.12
2003-09-26,22.58,10.5,16.23,0.0,0.38,6.61,23.13
2003-09-27,16.11,5.61,10.79,0.0,0.38,0.78,24.16
2003-09-28,19.61,2.91,11.19,0.0,0.38,-0.88,24.78
2003-09-29,15.98,5.42,10.78,0.0,0.37,-1.34,23.51
2003-09-30,19.63,2.28,10.99,0.0,0.37,-0.23,23.09
2003-10-01,19.07,10.13,13.5,16.4,0.39,6.1,3.93
2003-10-02,16.41,9.0,13.45,1.81,0.4,10.38,12.02
2003-10-03,20.41,8.01,13.34,1.13,0.4,7.35,13.17
2003-10-04,21.27,6.12,14.11,3.59,0.4,7.41,16.24
2003-10-05,19.96,11.84,15.23,1.3,0.4,9.69,18.33
2003-10-06,17.81,11.13,14.3,2.6,0.4,8.88,17.72
2003-10-07,22.2,6.0,14.2,0.0,0.4,4.85,25.9
2003-10-08,19.31,6.99,12.95,0.27,0.4,5.89,15.51
2003-10-09,17.59,5.97,10.92,0.0,0.39,-0.5,27.18
2003-10-10,16.03,3.7,9.95,0.0,0.39,1.12,19.55
2003-10-11,18.1,3.24,10.4,0.0,0.39,0.3,27.34
2003-10-12,21.14,3.54,12.34,0.0,0.39,1.95,27.45
2003-10-13,23.85,6.95,15.36,0.0,0.38,4.95,24.8
2003-10-14,26.83,9.99,18.29,0.0,0.38,5.5,25.73
2003-10-15,18.99,14.42,16.16,7.73,0.39,12.06,12.26
2003-10-16,23.65,9.13,16.03,0.0,0.39,5.79,28.0
2003-10-17,26.8,7.77,17.64,0.0,0.39,4.04,28.21
2003-10-18,30.91,11.06,21.38,0.0,0.38,7.9,24.7
2003-10-19,21.43,9.56,16.71,2.34,0.38,8.52,8.62
2003-10-20,23.56,5.58,14.81,0.0,0.38,3.71,28.35
2003-10-21,28.7,9.47,19.31,0.16,0.38,6.12,21.78
2003-10-22,20.72,8.33,14.74,0.0,0.38,4.54,28.02
2003-10-23,26.55,8.86,17.75,0.0,0.37,4.68,27.3
2003-10-24,26.59,9.42,18.51,0.0,0.37,5.1,27.91
2003-10-25,27.46,12.97,18.81,0.47,0.37,6.97,18.92
2003-10-26,21.6,8.54,14.36,0.01,0.37,3.76,27.32
2003-10-27,21.83,5.1,13.7,0.01,0.37,2.28,29.5
2003-10-28,33.22,11.83,21.28,0.05,0.36,3.09,27.66
2003-10-29,19.57,8.86,13.84,0.05,0.36,2.99,23.79
2003-10-30,23.79,6.05,15.59,0.0,0.36,2.3,28.56
2003-10-31,21.15,10.72,15.41,0.02,0.36,2.63,20.85
2003-11-01,21.01,6.48,13.94,0.0,0.36,2.51,27.82
2003-11-02,21.15,7.16,13.98,0.01,0.36,2.68,26.2
2003-11-03,23.31,4.89,14.33,0.0,0.36,-0.4,30.81
2003-11-04,28.51,7.12,18.83,0.0,0.35,-1.74,31.91
2003-11-05,33.19,11.36,23.39,0.0,0.35,1.07,26.26
2003-11-06,29.97,17.72,22.82,0.48,0.35,8.12,15.74
2003-11-07,31.63,15.33,23.87,0.01,0.35,8.64,25.82
2003-11-08,31.97,14.14,23.14,0.0,0.35,6.93,28.7
2003-11-09,33.46,14.78,24.0,0.02,0.34,4.03,30.93
2003-11-10,34.08,14.57,24.21,0.0,0.34,2.12,31.56
2003-11-11,33.92,16.06,24.52,0.0,0.34,3.52,30.91
2003-11-12,29.85,13.32,21.28,0.0,0.34,4.1,29.54
2003-11-13,32.76,10.82,22.16,0.0,0.34,5.67,30.45
2003-11-14,35.42,15.43,25.72,0.0,0.34,6.5,31.45
2003-11-15,39.45,19.2,29.61,0.0,0.33,7.58,30.72
2003-11-16,31.54,16.19,24.53,0.0,0.33,6.27,29.75
2003-11-17,30.89,13.81,22.07,0.0,0.33,6.55,31.75
2003-11-18,30.8,13.77,22.21,0.0,0.33,5.86,27.85
2003-11-19,38.18,19.36,29.59,0.0,0.33,6.53,25.11
2003-11-20,38.15,24.58,31.08,0.34,0.33,11.99,8.4
2003-11-21,30.39,20.59,24.8,8.85,0.34,17.07,16.11
2003-11-22,21.2,14.74,18.98,6.94,0.36,11.49,17.85
2003-11-23,19.58,11.11,15.09,1.19,0.35,7.61,14.65
2003-11-24,26.2,11.31,19.04,0.0,0.35,8.05,25.75
2003-11-25,27.44,14.06,20.73,0.0,0.35,7.21,30.04
2003-11-26,28.87,12.98,21.14,0.0,0.34,5.84,32.73
2003-11-27,30.4,13.47,22.23,0.0,0.34,4.52,32.96
2003-11-28,32.87,14.88,24.18,0.0,0.34,2.92,31.67
2003-11-29,35.29,17.75,27.02,0.0,0.34,3.39,32.12
2003-11-30,35.02,22.98,28.18,6.21,0.33,10.4,23.5
2003-12-01,25.82,19.95,22.72,9.82,0.36,17.06,22.82
2003-12-02,27.49,18.7,23.15,13.85,0.37,17.11,24.86
2003-12-03,28.49,18.37,23.1,10.93,0.39,16.68,25.69
2003-12-04,33.86,17.9,25.79,0.18,0.39,15.73,24.02
2003-12-05,28.06,16.74,22.15,0.41,0.38,9.15,30.84
2003-12-06,30.57,14.04,22.28,0.0,0.37,8.41,33.09
2003-12-07,31.3,14.08,22.62,0.0,0.37,6.28,32.8
2003-12-08,33.4,14.88,25.25,0.0,0.36,6.72,32.69
2003-12-09,37.31,20.0,29.12,0.0,0.36,6.18,32.89
2003-12-10,39.02,21.05,30.02,0.15,0.35,7.31,24.22
2003-12-11,33.89,16.96,25.59,0.04,0.35,8.85,31.31
2003-12-12,35.91,19.31,26.85,0.12,0.35,5.57,31.99
2003-12-13,28.3,15.41,21.84,0.0,0.34,7.41,32.86
2003-12-14,33.45,16.27,25.09,0.0,0.34,7.97,33.44
2003-12-15,36.57,17.49,27.68,0.0,0.34,9.55,33.33
2003-12-16,38.75,21.57,30.78,0.01,0.34,13.34,31.43
2003-12-17,38.68,23.2,31.52,0.0,0.34,12.67,30.99
2003-12-18,33.98,25.09,28.64,3.04,0.34,14.82,10.01
2003-12-19,39.93,23.97,31.96,0.05,0.34,14.21,25.75
2003-12-20,31.36,22.32,27.22,1.19,0.34,15.2,12.51
2003-12-21,34.45,20.13,27.43,1.66,0.34,16.26,18.62
2003-12-22,29.4,15.32,22.57,0.27,0.34,9.39,29.67
2003-12-23,30.65,15.55,22.74,0.0,0.34,7.08,34.39
2003-12-24,35.46,15.12,25.72,0.0,0.34,3.71,34.81
2003-12-25,39.65,22.68,30.69,0.0,0.33,2.69,33.38
2003-12-26,37.53,19.67,28.29,0.0,0.33,7.27,33.27
2003-12-27,32.02,15.41,23.73,0.0,0.33,0.94,35.13
2003-12-28,35.62,13.74,25.34,0.16,0.33,1.84,34.53
2003-12-29,38.99,19.1,29.79,0.0,0.33,9.07,32.82
2003-12-30,43.16,26.04,34.79,0.0,0.33,8.5,21.86
2003-12-31,39.55,26.86,32.72,0.0,0.32,16.6,21.32
2004-01-01,42.64,27.3,34.78,0.04,0.32,13.18,31.39
2004-01-02,42.55,23.88,33.32,0.0,0.32,5.69,33.89
2004-01-03,42.11,22.79,32.62,0.0,0.32,5.74,33.71
2004-01-04,44.85,24.74,33.87,0.0,0.32,9.92,28.51
2004-01-05,38.49,23.79,31.02,0.0,0.32,12.6,32.0
2004-01-06,35.29,20.64,27.65,1.96,0.32,4.78,19.22
2004-01-07,31.82,19.41,25.04,1.81,0.33,11.97,21.38
2004-01-08,25.01,14.27,19.58,0.0,0.32,2.93,34.39
2004-01-09,30.38,12.86,21.85,0.0,0.32,2.47,34.01
2004-01-10,34.28,17.74,25.91,0.0,0.32,3.22,33.81
2004-01-11,32.76,16.7,24.68,0.0,0.32,5.3,33.56
2004-01-12,35.73,16.11,26.33,0.0,0.32,1.82,33.28
2004-01-13,38.25,19.02,28.81,1.35,0.32,4.85,32.7
2004-01-14,33.9,17.67,25.16,0.02,0.32,2.29,33.61
2004-01-15,36.93,15.05,27.42,0.0,0.32,5.24,31.98
2004-01-16,34.61,23.13,28.64,2.24,0.32,17.38,22.08
2004-01-17,29.95,17.88,23.68,0.02,0.32,6.77,33.21
2004-01-18,27.05,13.08,19.65,0.0,0.32,-1.3,34.19
2004-01-19,35.56,13.24,25.03,0.0,0.32,4.17,32.91
2004-01-20,38.49,19.0,29.95,4.8,0.32,12.98,28.75
2004-01-21,39.67,23.95,30.87,1.83,0.32,12.9,23.2
2004-01-22,35.23,19.29,26.9,0.0,0.32,7.0,31.82
2004-01-23,35.8,19.69,27.18,0.06,0.32,5.29,30.57
2004-01-24,36.1,19.16,27.9,0.0,0.32,4.84,30.48
2004-01-25,34.4,17.75,26.41,0.0,0.31,3.17,32.2
2004-01-26,33.26,16.39,25.1,0.0,0.31,4.82,32.19
2004-01-27,34.76,19.93,26.97,0.0,0.31,4.31,30.82
2004-01-28,29.17,16.31,22.64,0.0,0.31,1.92,32.3
2004-01-29,28.84,14.02,22.29,0.0,0.31,4.09,32.08
2004-01-30,27.9,16.64,22.2,0.0,0.31,6.1,27.12
2004-01-31,27.89,15.19,22.17,0.0,0.31,7.66,22.84
2004-02-01,30.59,15.8,23.39,0.0,0.31,7.74,31.06
2004-02-02,28.51,18.37,22.53,0.0,0.31,7.18,26.75
2004-02-03,29.66,13.01,21.56,0.0,0.31,4.46,31.18
2004-02-04,31.43,13.33,23.64,0.0,0.31,4.41,30.56
2004-02-05,38.01,18.08,28.82,0.0,0.31,0.6,31.58
2004-02-06,40.08,24.26,32.68,0.0,0.31,-2.77,28.75
2004-02-07,41.15,24.32,33.29,0.0,0.31,2.72,27.63
2004-02-08,42.7,25.54,34.42,0.0,0.31,8.16,25.47
2004-02-09,39.5,24.53,31.31,0.01,0.31,8.32,16.85
2004-02-10,43.5,23.99,34.0,0.0,0.3,10.25,25.75
2004-02-11,41.78,28.88,34.78,0.09,0.3,11.12,18.81
2004-02-12,40.56,24.85,33.38,0.09,0.3,14.09,25.88
2004-02-13,44.49,26.71,36.2,0.25,0.3,14.88,24.85
2004-02-14,46.13,30.18,38.11,0.21,0.3,15.24,27.64
2004-02-15,47.41,30.45,38.83,0.28,0.3,16.77,21.56
2004-02-16,40.2,24.86,33.15,0.01,0.3,10.39,28.33
2004-02-17,40.45,21.21,30.3,0.0,0.3,6.1,29.61
2004-02-18,39.84,21.42,30.6,0.0,0.3,5.07,29.12
2004-02-19,38.89,21.58,29.9,0.0,0.3,-3.33,29.45
2004-02-20,42.12,21.66,32.35,0.0,0.3,1.54,28.32
2004-02-21,41.51,22.85,31.96,0.0,0.3,11.29,27.67
2004-02-22,27.61,17.71,22.05,10.06,0.3,12.58,9.59
2004-02-23,29.13,16.1,21.79,0.51,0.32,5.3,27.32
2004-02-24,30.07,16.74,22.59,3.87,0.32,11.09,15.3
2004-02-25,30.05,17.9,23.39,0.01,0.32,11.73,20.54
2004-02-26,30.93,15.7,23.21,0.0,0.32,9.34,27.53
2004-02-27,34.17,18.36,26.11,0.0,0.31,7.29,26.14
2004-02-28,35.5,19.63,26.91,0.0,0.31,3.11,26.11
2004-02-29,27.83,15.97,22.17,0.0,0.31,-0.17,27.56
2004-03-01,30.54,11.49,20.77,0.0,0.31,-0.96,28.39
2004-03-02,32.95,15.09,23.75,0.0,0.31,5.79,27.31
2004-03-03,33.6,16.91,25.09,0.0,0.31,6.83,26.93
2004-03-04,34.45,17.85,26.0,0.0,0.31,8.72,26.73
2004-03-05,37.16,18.02,27.63,0.0,0.31,4.95,26.59
2004-03-06,34.95,18.84,26.23,0.0,0.3,12.27,23.24
2004-03-07,33.69,18.82,25.73,0.07,0.3,12.55,25.41
2004-03-08,33.84,16.48,25.3,0.05,0.3,1.77,26.2
2004-03-09,29.32,20.67,24.82,0.1,0.3,4.75,15.81
2004-03-10,29.37,14.22,21.34,0.0,0.3,2.93,26.01
2004-03-11,29.66,15.59,22.44,0.0,0.3,2.23,19.74
2004-03-12,30.2,15.98,22.41,0.0,0.3,3.28,20.38
2004-03-13,30.18,13.44,21.63,0.02,0.3,2.61,25.4
2004-03-14,32.6,14.58,23.2,0.0,0.3,0.45,24.4
2004-03-15,32.01,14.82,23.14,0.0,0.3,-0.45,25.06
2004-03-16,31.35,14.92,22.68,0.0,0.3,-0.32,24.75
2004-03-17,30.78,13.46,21.86,1.77,0.3,1.87,24.4
2004-03-18,29.31,13.22,20.77,0.0,0.3,-0.52,24.82
2004-03-19,31.97,12.67,21.9,0.0,0.3,-4.11,24.49
2004-03-20,32.27,14.25,23.25,0.0,0.3,1.51,23.74
2004-03-21,30.57,13.99,22.44,0.0,0.3,4.73,23.5
2004-03-22,29.96,16.4,22.54,0.0,0.3,7.18,23.48
2004-03-23,30.61,13.15,21.54,0.0,0.3,2.85,23.96
2004-03-24,32.56,13.3,23.38,0.05,0.3,0.9,23.58
2004-03-25,34.29,14.83,24.97,0.0,0.3,-1.84,23.44
2004-03-26,34.76,17.37,25.1,0.0,0.3,-1.22,21.71
2004-03-27,32.57,13.01,22.28,0.0,0.3,-3.31,23.02
2004-03-28,35.33,15.15,25.04,0.0,0.3,4.71,22.46
2004-03-29,28.97,16.49,23.24,0.0,0.3,6.09,20.29
2004-03-30,24.86,10.96,17.81,0.0,0.3,5.45,22.22
2004-03-31,27.96,13.9,20.4,0.0,0.3,6.07,21.62
2004-04-01,25.93,12.69,18.97,0.01,0.3,5.25,19.77
2004-04-02,27.23,11.55,19.36,0.0,0.3,5.01,21.3
2004-04-03,28.91,13.61,20.86,0.0,0.3,0.72,17.43
2004-04-04,32.0,13.85,22.98,0.2,0.3,7.71,18.76
2004-04-05,31.43,18.44,24.48,0.01,0.3,12.47,19.37
2004-04-06,31.05,18.87,23.03,9.63,0.31,15.08,14.1
2004-04-07,28.6,15.61,21.05,0.0,0.32,12.33,19.74
2004-04-08,27.81,10.89,18.71,0.0,0.31,1.9,20.48
2004-04-09,28.78,11.56,19.76,0.0,0.31,1.53,19.76
2004-04-10,30.03,11.99,20.87,0.0,0.31,2.16,18.3
2004-04-11,32.01,16.25,23.82,0.0,0.31,4.02,17.04
2004-04-12,30.03,15.27,22.09,0.0,0.3,7.82,18.75
2004-04-13,31.63,16.47,23.77,0.0,0.3,5.46,18.02
2004-04-14,35.64,18.1,26.36,0.0,0.3,6.07,14.58
2004-04-15,35.49,19.89,26.82,0.0,0.3,6.99,16.62
2004-04-16,33.05,17.0,24.09,0.0,0.3,7.6,17.08
2004-04-17,22.94,12.91,17.54,0.0,0.3,3.62,18.87
2004-04-18,22.31,8.89,15.1,0.0,0.3,4.39,18.54
2004-04-19,21.65,9.01,15.16,0.0,0.3,1.29,17.19
2004-04-20,24.71,10.92,16.91,0.0,0.3,1.32,17.94
2004-04-21,26.41,10.91,17.64,0.0,0.3,0.05,18.03
2004-04-22,28.82,10.76,20.05,0.0,0.3,-1.84,17.71
2004-04-23,23.15,11.18,16.64,0.03,0.3,1.56,15.29
2004-04-24,18.25,6.97,12.21,0.02,0.3,3.44,16.94
2004-04-25,18.7,4.98,11.44,0.0,0.3,2.1,17.48
2004-04-26,21.0,5.65,12.83,0.0,0.3,4.42,16.89
2004-04-27,22.66,6.57,14.19,0.0,0.3,3.76,16.31
2004-04-28,24.83,8.9,16.42,0.0,0.3,5.65,16.38
2004-04-29,20.97,13.39,16.69,0.49,0.3,8.75,10.66
2004-04-30,17.99,8.32,12.78,0.0,0.3,2.75,14.26
2004-05-01,16.0,6.89,11.09,1.43,0.3,2.46,7.94
2004-05-02,16.26,2.86,9.51,0.0,0.3,0.63,16.05
2004-05-03,19.89,6.55,12.21,0.0,0.3,3.96,15.76
2004-05-04,21.66,5.76,13.41,0.0,0.3,3.16,15.57
2004-05-05,17.67,7.13,11.8,0.0,0.3,2.72,15.05
2004-05-06,19.23,5.08,11.62,0.0,0.3,-0.28,13.98
2004-05-07,19.78,8.21,12.6,0.0,0.3,0.06,15.39
2004-05-08,19.77,5.6,11.53,0.0,0.3,2.57,15.09
2004-05-09,21.32,4.41,12.16,0.0,0.3,1.42,15.02
2004-05-10,20.54,6.91,12.28,0.0,0.3,2.0,15.21
2004-05-11,18.47,3.59,10.32,0.0,0.3,-0.84,15.03
2004-05-12,21.39,5.18,12.26,0.0,0.3,3.94,14.65
2004-05-13,21.41,8.29,13.63,0.0,0.3,2.06,12.52
2004-05-14,21.64,9.53,14.59,0.0,0.3,-0.21,12.05
2004-05-15,23.58,9.52,15.06,0.0,0.3,1.2,12.65
2004-05-16,19.37,7.39,12.94,0.0,0.3,4.22,14.0
2004-05-17,21.79,6.75,14.27,0.0,0.3,2.71,11.92
2004-05-18,15.82,10.18,13.4,0.66,0.3,5.63,4.27
2004-05-19,17.38,4.32,10.15,0.0,0.3,1.74,14.0
2004-05-20,18.89,6.64,11.71,0.0,0.3,1.03,13.88
2004-05-21,21.23,8.04,13.06,0.0,0.3,4.57,13.31
2004-05-22,20.19,8.53,12.82,0.0,0.3,4.15,10.9
2004-05-23,20.76,9.18,14.59,3.6,0.3,8.72,6.49
2004-05-24,22.23,13.64,16.86,5.18,0.31,13.33,5.51
2004-05-25,17.73,9.26,14.05,9.48,0.33,11.12,5.23
2004-05-26,16.58,6.57,10.56,0.0,0.33,5.49,12.42
2004-05-27,15.62,3.98,9.39,0.0,0.33,4.35,10.74
2004-05-28,16.18,6.09,10.74,0.0,0.33,6.06,7.65
2004-05-29,14.45,3.22,7.94,0.0,0.32,2.1,13.07
2004-05-30,15.82,1.08,8.61,0.0,0.32,1.38,12.83
2004-05-31,18.14,3.44,9.68,0.0,0.32,1.09,12.98
2004-06-01,19.82,2.59,10.59,0.08,0.32,-1.1,11.92
2004-06-02,14.38,9.62,11.48,10.58,0.33,8.47,2.51
2004-06-03,14.82,8.34,10.73,0.33,0.34,7.98,6.09
2004-06-04,14.45,2.77,8.15,0.0,0.34,3.43,11.51
2004-06-05,14.95,1.85,7.42,0.0,0.34,1.69,12.54
2004-06-06,19.64,2.15,9.6,0.0,0.33,3.22,10.52
2004-06-07,22.41,9.63,14.61,0.0,0.33,7.63,10.43
2004-06-08,22.4,9.39,15.38,0.04,0.33,10.01,11.08
2004-06-09,24.07,10.73,16.64,1.67,0.33,8.59,10.45
2004-06-10,18.25,6.86,13.02,6.68,0.35,8.85,5.35
2004-06-11,18.17,3.38,9.48,0.02,0.34,3.31,11.78
2004-06-12,18.04,5.29,10.22,0.04,0.34,4.55,7.15
2004-06-13,21.15,6.52,12.99,0.51,0.34,5.69,5.19
2004-06-14,18.89,6.75,12.65,0.08,0.34,7.0,11.48
2004-06-15,14.5,6.77,10.06,0.23,0.34,4.33,10.34
2004-06-16,12.74,4.68,8.07,0.07,0.34,4.3,9.74
2004-06-17,14.31,3.01,7.59,0.0,0.34,3.6,11.37
2004-06-18,12.24,6.45,9.16,4.12,0.34,4.9,3.75
2004-06-19,12.75,5.55,9.3,3.82,0.35,4.87,7.95
2004-06-20,13.45,3.03,7.51,0.08,0.35,3.66,10.84
2004-06-21,14.2,6.64,9.85,0.55,0.35,6.55,7.08
2004-06-22,15.93,6.13,10.39,0.0,0.35,4.42,10.74
2004-06-23,17.29,3.58,9.58,0.0,0.35,2.53,10.31
2004-06-24,15.83,5.97,8.96,2.47,0.35,3.89,8.6
2004-06-25,15.1,4.93,9.05,3.8,0.35,5.14,6.98
2004-06-26,12.42,3.6,7.13,4.01,0.36,4.42,10.02
2004-06-27,16.39,2.21,8.35,0.0,0.36,4.35,11.65
2004-06-28,17.41,3.14,8.95,0.0,0.36,1.77,11.76
2004-06-29,18.3,3.75,9.51,0.0,0.36,0.32,11.82
2004-06-30,19.38,5.01,11.56,0.01,0.35,0.27,11.77
2004-07-01,16.41,5.38,9.47,0.0,0.35,4.06,12.04
2004-07-02,17.6,4.64,10.41,0.0,0.35,4.08,11.57
2004-07-03,19.75,4.58,11.13,0.0,0.35,2.17,11.53
2004-07-04,16.5,5.24,10.44,0.0,0.35,2.31,11.65
2004-07-05,16.07,3.41,9.08,0.02,0.35,3.91,9.77
2004-07-06,13.16,3.6,7.81,0.0,0.35,3.63,9.98
2004-07-07,14.22,3.18,7.88,0.14,0.35,3.22,7.93
2004-07-08,12.73,1.55,6.11,0.0,0.35,0.92,12.3
2004-07-09,17.02,2.82,9.05,0.0,0.35,1.03,7.26
2004-07-10,17.76,5.92,10.45,0.48,0.35,1.29,3.8
2004-07-11,17.69,6.67,10.75,1.31,0.35,5.51,8.52
2004-07-12,14.92,4.99,9.09,0.11,0.35,6.4,7.04
2004-07-13,15.14,5.24,9.72,0.0,0.35,4.51,7.58
2004-07-14,13.32,0.83,6.29,0.0,0.35,1.77,12.38
2004-07-15,15.29,1.85,7.83,0.0,0.35,2.56,11.72
2004-07-16,15.44,2.06,7.91,0.1,0.35,1.0,13.27
2004-07-17,12.28,2.73,6.52,0.78,0.35,2.26,9.85
2004-07-18,11.23,0.51,4.71,0.0,0.35,-1.54,13.1
2004-07-19,12.78,-1.21,4.36,0.0,0.35,-1.74,13.42
2004-07-20,15.68,-0.86,5.92,0.0,0.35,-0.09,13.48
2004-07-21,14.87,0.85,6.38,0.0,0.35,3.02,12.7
2004-07-22,15.6,3.23,8.37,0.0,0.35,0.56,7.15
2004-07-23,17.32,4.15,9.94,0.16,0.35,2.42,4.87
2004-07-24,18.55,8.2,12.34,1.42,0.35,4.69,3.22
2004-07-25,16.09,8.02,11.14,5.22,0.36,7.63,4.13
2004-07-26,12.55,5.15,9.39,5.21,0.37,8.58,3.18
2004-07-27,12.79,3.24,6.63,0.06,0.37,3.41,9.1
2004-07-28,14.44,0.91,7.2,0.0,0.36,2.02,7.79
2004-07-29,16.05,3.57,9.05,0.02,0.36,4.2,11.01
2004-07-30,15.48,3.93,9.17,0.0,0.36,2.84,14.12
2004-07-31,15.6,1.94,8.46,0.0,0.36,1.69,12.68
2004-08-01,18.61,5.26,11.1,0.01,0.36,1.01,12.29
2004-08-02,18.41,3.83,10.61,0.44,0.36,2.6,8.45
2004-08-03,13.4,5.87,9.24,1.02,0.36,3.45,11.08
2004-08-04,12.87,6.32,8.8,3.53,0.36,4.8,8.02
2004-08-05,13.65,6.06,8.56,2.97,0.37,5.1,9.57
2004-08-06,14.47,3.98,8.59,0.09,0.37,3.88,7.94
2004-08-07,14.39,4.92,8.89,1.05,0.37,3.6,8.97
2004-08-08,15.11,4.09,8.78,1.6,0.37,3.82,9.53
2004-08-09,13.44,3.51,8.11,0.17,0.37,5.12,10.63
2004-08-10,14.74,2.21,8.07,0.02,0.36,3.86,10.78
2004-08-11,16.4,2.44,8.67,0.0,0.36,3.96,14.34
2004-08-12,18.41,2.1,10.24,0.0,0.36,2.0,16.39
2004-08-13,19.51,8.29,12.48,0.25,0.36,-0.07,7.17
2004-08-14,12.63,4.96,9.53,0.55,0.36,3.04,12.61
2004-08-15,14.47,2.14,7.11,0.0,0.36,0.92,16.91
2004-08-16,17.26,0.05,8.26,0.0,0.36,-0.72,17.07
2004-08-17,14.83,3.02,8.07,1.49,0.36,4.27,11.74
2004-08-18,15.45,2.52,8.45,0.0,0.36,3.43,15.31
2004-08-19,16.47,3.71,9.44,0.0,0.36,-0.54,17.23
2004-08-20,19.8,2.34,10.91,0.0,0.36,-0.38,17.05
2004-08-21,22.31,5.57,12.95,0.0,0.36,-0.88,16.25
2004-08-22,22.05,5.68,12.91,0.0,0.36,-0.72,11.89
2004-08-23,21.16,5.61,13.27,0.0,0.35,4.24,17.12
2004-08-24,23.69,6.01,14.28,0.02,0.35,1.11,18.39
2004-08-25,26.31,6.77,15.44,0.0,0.35,-0.47,17.61
2004-08-26,27.89,9.41,17.07,0.01,0.35,1.29,16.7
2004-08-27,23.02,7.87,14.34,0.0,0.35,4.72,18.3
2004-08-28,23.7,6.31,14.41,0.02,0.35,0.2,18.79
2004-08-29,17.1,10.34,13.33,13.47,0.36,7.8,3.12
2004-08-30,16.01,7.4,12.92,9.4,0.38,9.31,9.76
2004-08-31,17.89,3.89,10.6,1.42,0.38,3.66,13.34
2004-09-01,16.45,1.89,8.77,0.01,0.38,1.46,19.1
2004-09-02,18.12,2.68,9.89,0.0,0.38,3.82,19.27
2004-09-03,17.38,3.26,9.87,0.02,0.37,2.81,13.09
2004-09-04,14.03,3.1,7.9,0.13,0.37,1.97,14.36
2004-09-05,16.32,3.3,9.44,0.0,0.37,3.41,16.58
2004-09-06,19.45,3.31,11.15,0.0,0.37,2.08,19.67
2004-09-07,18.73,6.82,12.61,5.95,0.37,7.6,5.43
2004-09-08,21.17,9.24,14.25,0.01,0.38,5.81,18.12
2004-09-09,16.21,5.93,11.1,0.38,0.37,5.77,12.9
2004-09-10,21.03,5.34,12.89,0.0,0.37,2.6,21.22
2004-09-11,14.2,5.12,10.44,1.18,0.37,1.84,10.35
2004-09-12,13.83,1.62,6.93,0.02,0.37,-0.72,21.97
2004-09-13,17.88,1.71,9.98,0.02,0.37,2.51,15.4
2004-09-14,19.59,4.93,12.6,0.01,0.37,6.09,20.72
2004-09-15,20.53,6.74,12.79,0.0,0.37,3.99,21.31
2004-09-16,21.85,8.03,13.62,0.0,0.37,3.98,22.57
2004-09-17,21.62,5.52,13.17,0.0,0.36,3.54,20.99
2004-09-18,24.75,7.52,15.91,0.0,0.36,3.02,20.64
2004-09-19,23.69,7.34,14.87,0.0,0.36,5.63,22.11
2004-09-20,25.78,6.65,15.44,0.0,0.36,3.75,23.52
2004-09-21,27.89,7.48,17.39,0.0,0.36,2.01,23.72
2004-09-22,28.69,10.19,18.93,0.0,0.35,1.12,19.23
2004-09-23,21.98,10.54,15.81,0.06,0.35,5.86,18.11
2004-09-24,21.74,7.33,14.01,0.0,0.35,6.33,22.87
2004-09-25,22.89,8.41,15.46,0.0,0.35,4.27,22.47
2004-09-26,29.98,9.77,20.07,0.0,0.35,4.69,22.34
2004-09-27,28.24,16.96,21.92,0.03,0.35,10.8,12.97
2004-09-28,33.93,14.17,22.81,0.01,0.35,11.7,18.84
2004-09-29,24.8,15.52,19.21,2.29,0.35,12.8,7.79
2004-09-30,24.61,10.63,17.44,0.3,0.35,7.2,21.91
2004-10-01,16.96,10.59,13.51,14.36,0.37,9.49,11.22
2004-10-02,24.48,9.1,16.19,0.0,0.37,5.63,25.08
2004-10-03,26.14,11.1,18.21,0.54,0.37,5.58,18.93
2004-10-04,24.14,7.3,15.76,0.0,0.36,3.82,25.91
2004-10-05,26.89,8.9,17.62,0.0,0.36,4.66,24.51
2004-10-06,27.07,9.39,18.29,0.0,0.36,5.37,25.41
2004-10-07,34.04,13.1,21.3,0.02,0.35,4.98,17.43
2004-10-08,21.54,7.9,14.38,0.0,0.35,2.69,26.57
2004-10-09,25.04,8.05,16.13,0.0,0.35,5.24,26.66
2004-10-10,28.51,8.86,18.72,0.0,0.35,3.49,26.75
2004-10-11,31.97,12.68,21.96,0.0,0.35,1.86,26.99
2004-10-12,36.43,15.04,25.45,0.0,0.34,1.54,26.14
2004-10-13,38.93,20.51,28.76,0.0,0.34,3.3,17.21
2004-10-14,28.05,16.81,21.31,0.01,0.34,7.53,23.73
2004-10-15,21.08,9.35,14.61,0.0,0.34,-0.97,27.93
2004-10-16,22.39,6.03,14.49,0.0,0.34,-0.76,27.34
2004-10-17,22.04,10.83,15.68,0.0,0.34,0.92,19.47
2004-10-18,25.36,8.13,17.33,0.0,0.34,4.5,27.3
2004-10-19,23.62,9.86,16.73,0.01,0.34,6.32,25.0
2004-10-20,28.08,10.64,19.32,0.0,0.34,7.05,25.75
2004-10-21,28.78,11.42,20.37,0.0,0.33,7.75,25.58
2004-10-22,30.53,13.83,21.99,0.0,0.33,7.56,26.24
2004-10-23,33.25,18.22,25.33,0.04,0.33,5.06,19.87
2004-10-24,27.74,16.66,21.74,0.36,0.33,10.45,22.51
2004-10-25,31.52,13.0,21.93,0.0,0.33,4.24,29.4
2004-10-26,34.06,12.73,23.96,0.0,0.33,-0.45,25.83
2004-10-27,22.27,12.36,18.0,0.0,0.33,2.6,26.24
2004-10-28,23.26,7.55,15.46,0.0,0.33,2.18,27.45
2004-10-29,26.71,7.62,17.58,0.0,0.33,2.74,30.59
2004-10-30,28.32,10.83,19.69,0.02,0.33,1.75,30.37
2004-10-31,30.87,15.86,23.33,1.14,0.33,10.7,22.68
2004-11-01,33.37,16.63,24.3,1.8,0.33,9.99,17.03
2004-11-02,32.07,11.34,21.85,0.3,0.33,5.84,24.14
2004-11-03,23.0,6.46,15.05,0.0,0.33,-3.34,31.52
2004-11-04,26.19,9.96,17.75,4.13,0.33,0.81,8.97
2004-11-05,23.95,14.78,18.96,13.46,0.36,11.67,20.1
2004-11-06,20.12,9.65,14.52,0.33,0.35,4.75,19.4
2004-11-07,22.49,8.98,15.86,0.0,0.35,4.23,25.73
2004-11-08,24.55,9.09,17.22,0.0,0.34,5.84,25.64
2004-11-09,27.74,10.46,19.51,0.0,0.34,6.05,30.54
2004-11-10,30.89,13.31,22.47,0.0,0.34,7.98,26.84
2004-11-11,27.66,13.64,20.32,9.15,0.34,9.67,8.5
2004-11-12,28.94,9.84,20.07,0.0,0.35,7.48,31.21
2004-11-13,22.43,9.73,16.95,0.48,0.35,3.55,29.34
2004-11-14,25.24,9.28,17.44,0.0,0.34,6.61,27.97
2004-11-15,26.51,10.97,18.56,0.0,0.34,5.52,31.92
2004-11-16,29.39,11.04,20.46,0.0,0.34,4.63,31.66
2004-11-17,34.62,13.12,25.11,0.0,0.34,1.81,30.65
2004-11-18,39.13,17.94,28.77,0.38,0.33,7.86,26.19
2004-11-19,21.57,12.46,17.06,7.53,0.34,8.61,11.08
2004-11-20,26.55,8.85,17.65,0.0,0.35,1.48,33.36
2004-11-21,29.15,11.7,20.58,0.0,0.34,6.57,28.9
2004-11-22,29.9,11.62,20.66,0.0,0.34,3.54,31.69
2004-11-23,30.21,10.96,20.98,0.0,0.34,4.87,32.41
2004-11-24,32.58,13.49,23.47,0.0,0.33,4.57,33.0
2004-11-25,34.04,16.08,25.02,0.0,0.33,5.88,31.79
2004-11-26,36.36,17.06,27.24,0.0,0.33,3.28,32.91
2004-11-27,38.77,18.95,29.61,0.0,0.33,2.72,31.43
2004-11-28,40.99,22.53,32.26,0.0,0.33,1.23,29.08
2004-11-29,40.45,21.36,31.57,0.0,0.32,9.22,26.81
2004-11-30,43.82,25.25,33.59,0.0,0.32,5.33,23.71
2004-12-01,26.9,15.92,21.64,1.06,0.32,9.66,12.39
2004-12-02,26.4,12.04,19.09,0.0,0.32,0.86,34.33
2004-12-03,30.2,11.87,21.37,0.0,0.32,1.61,33.11
2004-12-04,31.36,16.46,23.63,0.49,0.32,7.57,21.89
2004-12-05,33.93,17.77,26.41,0.36,0.32,10.36,30.0
2004-12-06,35.88,20.73,26.27,5.1,0.32,14.24,21.2
2004-12-07,28.43,18.77,23.27,7.05,0.33,16.5,12.58
2004-12-08,29.32,17.48,23.63,8.1,0.35,15.21,24.32
2004-12-09,35.0,19.49,26.98,3.62,0.35,14.59,29.0
2004-12-10,26.21,19.39,23.01,10.87,0.36,16.65,21.08
2004-12-11,31.38,17.09,25.39,3.8,0.36,14.53,21.21
2004-12-12,34.8,19.45,27.63,0.08,0.36,13.65,30.25
2004-12-13,31.31,19.74,25.79,0.81,0.35,12.67,30.3
2004-12-14,28.98,16.43,22.74,0.02,0.35,11.82,25.74
2004-12-15,28.52,13.0,20.66,0.0,0.35,4.22,34.1
2004-12-16,32.65,13.14,23.4,0.0,0.34,4.96,34.2
2004-12-17,34.43,16.77,25.85,0.0,0.34,6.16,33.46
2004-12-18,37.99,17.34,28.58,0.0,0.34,6.32,34.0
2004-12-19,35.67,19.74,27.14,0.0,0.33,6.22,30.1
2004-12-20,27.96,13.2,20.57,0.0,0.33,2.01,33.49
2004-12-21,34.36,12.95,24.17,0.0,0.33,3.49,33.89
2004-12-22,38.42,17.86,28.82,0.0,0.33,5.01,33.46
2004-12-23,40.63,21.04,31.41,0.0,0.33,5.25,32.43
2004-12-24,35.5,23.34,29.04,0.01,0.33,10.66,15.61
2004-12-25,32.06,14.65,23.3,0.0,0.33,1.15,35.1
2004-12-26,32.8,14.46,23.96,0.0,0.32,2.57,34.13
2004-12-27,27.91,14.56,21.2,0.0,0.32,1.74,33.06
2004-12-28,22.94,9.19,16.48,0.0,0.32,1.0,34.47
2004-12-29,27.98,10.72,19.38,0.0,0.32,5.02,34.0
2004-12-30,33.46,13.65,23.99,0.0,0.32,3.65,34.19
2004-12-31,36.87,18.7,27.82,0.0,0.32,4.14,31.89
2005-01-01,36.96,20.74,29.1,0.0,0.32,4.39,24.98
2005-01-02,37.04,20.42,28.25,0.0,0.32,7.29,24.76
2005-01-03,38.92,17.72,28.89,1.19,0.32,6.43,28.04
2005-01-04,32.52,21.78,27.56,1.44,0.32,9.63,26.69
2005-01-05,28.84,16.35,22.28,0.04,0.32,7.16,31.28
2005-01-06,27.4,14.73,20.88,0.0,0.32,2.98,34.08
2005-01-07,26.11,11.82,18.79,0.0,0.32,-0.5,34.67
2005-01-08,29.66,12.4,21.35,0.0,0.32,2.38,33.85
2005-01-09,32.44,16.48,24.53,0.0,0.32,6.04,33.25
2005-01-10,34.93,17.94,26.87,0.0,0.32,5.7,32.84
2005-01-11,38.39,20.46,29.62,0.0,0.31,5.54,32.89
2005-01-12,41.43,22.41,31.69,0.0,0.31,4.0,32.94
2005-01-13,43.46,20.89,32.99,0.0,0.31,2.93,32.74
2005-01-14,44.91,26.52,35.23,0.01,0.31,4.33,30.08
2005-01-15,40.75,23.84,31.97,0.03,0.31,9.37,29.87
2005-01-16,24.81,17.44,21.92,2.27,0.31,8.48,10.07
2005-01-17,29.95,13.43,22.05,0.0,0.31,3.84,32.86
2005-01-18,34.15,16.4,26.0,0.05,0.31,9.71,32.18
2005-01-19,37.83,20.53,30.28,0.28,0.31,12.03,27.41
2005-01-20,38.14,23.75,30.33,0.51,0.31,10.36,26.75
2005-01-21,36.53,20.17,28.6,0.0,0.31,10.96,30.63
2005-01-22,36.85,19.61,28.58,0.0,0.31,6.78,31.52
2005-01-23,37.41,18.66,28.72,0.07,0.31,7.02,32.12
2005-01-24,37.34,25.09,30.86,0.0,0.31,13.35,30.43
2005-01-25,31.43,23.78,28.13,2.39,0.31,14.26,20.6
2005-01-26,34.77,22.95,28.57,0.17,0.31,14.15,25.8
2005-01-27,36.14,22.56,30.07,0.45,0.31,12.97,25.87
2005-01-28,38.32,23.94,31.54,0.0,0.31,12.36,25.98
2005-01-29,39.27,24.49,30.34,0.02,0.31,13.39,20.43
2005-01-30,34.8,21.54,27.5,0.0,0.31,9.69,29.64
2005-01-31,37.91,18.7,28.77,0.0,0.31,3.73,31.2
2005-02-01,41.98,20.95,32.17,0.1,0.31,4.95,29.05
2005-02-02,19.22,11.38,13.99,11.46,0.32,6.07,14.32
2005-02-03,18.18,10.7,14.35,1.33,0.33,5.41,12.96
2005-02-04,23.91,11.91,17.97,0.89,0.33,8.92,15.95
2005-02-05,27.64,13.42,20.78,0.0,0.32,10.47,22.46
2005-02-06,31.36,17.05,23.55,0.0,0.32,8.66,30.18
2005-02-07,39.16,16.23,28.2,0.0,0.32,6.31,30.37
2005-02-08,40.27,20.5,28.35,0.0,0.32,7.83,21.24
2005-02-09,26.53,16.41,21.63,0.0,0.31,8.37,22.7
2005-02-10,29.49,15.33,22.11,0.0,0.31,7.65,29.46
2005-02-11,28.17,13.12,20.87,0.0,0.31,6.62,29.88
2005-02-12,29.23,13.54,21.26,0.0,0.31,7.1,29.81
2005-02-13,33.13,10.68,22.44,0.0,0.31,3.51,30.3
2005-02-14,36.89,18.11,27.73,0.0,0.31,8.53,29.12
2005-02-15,39.47,20.71,27.84,0.0,0.31,8.86,20.26
2005-02-16,28.41,17.11,22.41,0.0,0.31,7.07,29.72
2005-02-17,31.08,12.42,21.44,0.0,0.31,3.08,28.8
2005-02-18,37.15,16.62,27.24,0.0,0.31,3.9,25.2
2005-02-19,34.79,20.71,26.77,2.71,0.31,4.77,18.05
2005-02-20,28.72,19.68,24.44,4.06,0.32,13.34,22.31
2005-02-21,32.98,16.19,24.44,0.0,0.32,11.13,27.85
2005-02-22,35.46,19.35,27.0,0.0,0.31,8.17,28.2
2005-02-23,37.31,18.32,27.86,0.0,0.31,4.84,28.14
2005-02-24,37.66,19.82,27.66,0.0,0.31,9.23,20.65
2005-02-25,33.01,17.08,24.66,0.0,0.31,8.43,27.53
2005-02-26,32.55,15.2,23.86,0.0,0.31,7.46,26.62
2005-02-27,36.0,15.94,26.07,0.0,0.31,7.08,27.21
2005-02-28,38.65,20.62,29.36,0.0,0.31,12.56,26.33
2005-03-01,41.88,24.57,32.56,0.0,0.31,11.38,24.92
2005-03-02,33.83,20.64,26.58,0.07,0.31,7.6,23.62
2005-03-03,32.53,16.65,24.31,0.0,0.3,3.6,23.81
2005-03-04,33.29,16.32,24.96,0.08,0.3,1.59,22.05
2005-03-05,25.28,13.51,19.67,0.99,0.31,7.29,18.84
2005-03-06,24.59,9.68,16.68,0.0,0.31,0.93,27.34
2005-03-07,27.86,11.45,19.29,0.0,0.3,4.11,26.67
2005-03-08,28.62,12.46,20.21,0.0,0.3,5.44,26.45
2005-03-09,27.93,12.48,20.16,0.0,0.3,4.11,24.17
2005-03-10,30.44,14.79,21.91,0.0,0.3,3.98,25.95
2005-03-11,33.71,14.67,24.38,0.0,0.3,5.98,25.74
2005-03-12,37.61,18.18,27.86,0.0,0.3,5.92,25.06
2005-03-13,38.26,20.8,29.33,0.0,0.3,5.13,24.73
2005-03-14,38.74,21.83,29.85,0.0,0.3,7.25,23.29
2005-03-15,38.9,22.78,30.46,0.13,0.3,7.88,22.46
2005-03-16,24.57,18.46,21.65,4.35,0.3,13.05,6.12
2005-03-17,26.13,10.96,18.78,0.0,0.31,5.05,24.64
2005-03-18,27.73,16.41,21.44,0.0,0.31,8.23,21.23
2005-03-19,27.57,13.86,20.4,0.0,0.31,6.17,24.1
2005-03-20,28.72,13.82,20.95,0.0,0.31,6.0,23.36
2005-03-21,30.36,16.05,22.57,0.0,0.3,4.92,21.73
2005-03-22,26.15,13.43,19.79,0.0,0.3,6.87,23.14
2005-03-23,27.94,13.27,19.89,0.0,0.3,6.07,23.03
2005-03-24,26.83,11.51,18.81,0.0,0.3,4.64,23.31
2005-03-25,23.78,11.13,16.89,0.0,0.3,3.04,23.33
2005-03-26,26.34,9.78,17.45,0.0,0.3,1.79,23.21
2005-03-27,28.99,11.84,20.0,0.0,0.3,1.31,21.53
2005-03-28,30.23,14.6,21.66,0.0,0.3,1.31,18.39
2005-03-29,27.54,14.47,21.35,0.0,0.3,5.89,11.02
2005-03-30,28.55,17.26,21.83,0.0,0.3,7.15,16.17
2005-03-31,29.0,13.8,20.88,0.0,0.3,6.62,21.69
2005-04-01,30.78,14.41,22.09,0.0,0.3,3.66,21.33
2005-04-02,33.58,15.99,24.25,0.0,0.3,3.07,20.42
2005-04-03,32.93,19.1,24.9,2.04,0.3,6.27,10.06
2005-04-04,27.7,12.35,19.9,0.0,0.3,7.61,20.97
2005-04-05,30.14,13.95,21.66,0.0,0.3,9.31,20.57
2005-04-06,31.43,15.84,23.21,0.0,0.3,9.16,18.78
2005-04-07,31.22,16.16,23.22,0.0,0.3,5.41,17.79
2005-04-08,32.21,19.16,25.24,0.0,0.3,10.73,16.28
2005-04-09,33.53,20.34,26.98,0.0,0.3,12.33,16.76
2005-04-10,34.87,20.5,27.07,1.79,0.3,12.86,14.28
2005-04-11,31.86,19.46,24.92,0.0,0.3,14.16,18.77
2005-04-12,30.42,14.12,21.78,0.0,0.3,3.99,19.77
2005-04-13,32.23,16.57,24.26,0.0,0.3,9.6,18.22
2005-04-14,31.4,18.0,23.61,0.55,0.3,8.64,4.62
2005-04-15,26.4,11.92,18.69,0.22,0.3,8.94,17.46
2005-04-16,25.28,12.69,18.11,0.0,0.3,5.5,13.65
2005-04-17,31.85,15.43,22.64,0.0,0.3,7.37,18.09
2005-04-18,28.19,13.65,19.84,0.0,0.3,1.98,18.37
2005-04-19,23.48,11.84,16.54,0.0,0.3,2.51,18.06
2005-04-20,24.38,8.16,15.52,0.0,0.3,2.37,18.39
2005-04-21,27.97,11.69,18.95,0.0,0.3,7.14,17.65
2005-04-22,29.15,13.79,20.75,0.0,0.3,6.57,17.18
2005-04-23,29.94,13.8,21.19,0.0,0.3,4.92,17.39
2005-04-24,30.32,14.32,22.14,0.0,0.3,3.44,16.79
2005-04-25,30.95,17.92,23.44,0.0,0.3,3.53,15.68
2005-04-26,30.59,17.45,22.43,0.0,0.3,5.94,16.38
2005-04-27,30.79,14.18,21.58,0.0,0.3,2.52,16.47
2005-04-28,30.9,14.49,21.98,0.0,0.3,2.58,16.34
2005-04-29,27.22,12.91,20.47,0.0,0.3,3.95,8.93
2005-04-30,20.66,7.65,13.76,0.0,0.3,-0.05,16.4
2005-05-01,21.06,10.31,14.84,0.0,0.3,6.71,11.42
2005-05-02,23.67,7.67,15.0,0.0,0.3,0.33,16.13
2005-05-03,26.54,10.05,17.49,0.0,0.3,4.17,12.49
2005-05-04,27.27,12.47,19.38,0.0,0.3,4.09,13.27
2005-05-05,28.08,13.1,20.27,0.0,0.3,5.31,14.57
2005-05-06,27.72,12.97,19.37,0.0,0.3,5.78,14.5
2005-05-07,26.42,11.25,18.22,0.0,0.3,7.32,14.88
2005-05-08,25.75,12.52,18.02,0.0,0.3,7.76,14.79
2005-05-09,24.48,13.27,17.83,0.0,0.3,7.06,12.24
2005-05-10,26.33,11.91,17.92,0.0,0.3,5.6,13.63
2005-05-11,23.52,9.28,15.32,0.09,0.3,3.49,14.64
2005-05-12,22.87,7.11,14.0,0.23,0.3,2.97,14.68
2005-05-13,22.81,7.21,14.02,0.01,0.3,4.34,14.21
2005-05-14,22.0,7.46,13.96,0.0,0.3,2.9,14.05
2005-05-15,22.9,11.02,15.85,0.0,0.3,1.76,13.91
2005-05-16,21.09,7.76,13.91,0.0,0.3,3.27,12.24
2005-05-17,21.46,8.18,14.26,0.0,0.29,6.33,13.61
2005-05-18,20.73,9.83,14.32,0.0,0.29,5.62,12.65
2005-05-19,20.57,7.24,12.68,0.0,0.29,1.62,13.88
2005-05-20,20.94,6.35,12.47,0.0,0.29,0.46,12.82
2005-05-21,22.97,8.11,14.93,0.0,0.29,-1.56,10.82
2005-05-22,22.18,6.57,13.91,0.0,0.29,3.15,13.32
2005-05-23,24.68,8.67,16.11,0.19,0.29,1.47,12.32
2005-05-24,25.39,13.6,17.73,0.62,0.3,5.86,7.8
2005-05-25,20.63,7.8,14.37,0.43,0.3,3.64,11.61
2005-05-26,17.26,4.28,9.67,0.0,0.3,1.26,13.16
2005-05-27,17.39,4.43,10.77,0.01,0.3,5.39,8.29
2005-05-28,15.85,4.28,9.95,0.01,0.3,3.26,10.34
2005-05-29,17.34,3.18,9.4,0.0,0.3,2.49,12.87
2005-05-30,18.55,3.68,9.71,0.0,0.3,1.59,12.68
2005-05-31,18.02,3.94,9.79,0.0,0.3,4.73,10.86
2005-06-01,16.19,2.74,8.65,0.0,0.3,2.32,11.65
2005-06-02,17.48,3.6,9.71,0.0,0.3,0.27,9.87
2005-06-03,22.02,5.56,12.87,0.0,0.3,-0.09,12.39
2005-06-04,21.63,5.8,12.71,0.0,0.29,-3.84,10.62
2005-06-05,20.59,8.97,13.72,0.0,0.29,-0.08,9.96
2005-06-06,24.63,7.34,15.1,0.0,0.29,2.46,10.81
2005-06-07,25.29,11.86,17.19,0.0,0.29,3.33,10.69
2005-06-08,24.32,11.0,16.54,0.0,0.29,5.6,8.08
2005-06-09,24.97,11.97,17.37,0.01,0.29,6.51,8.52
2005-06-10,20.43,13.25,16.22,2.75,0.29,11.49,3.34
2005-06-11,19.2,9.3,14.96,27.56,0.34,10.71,8.04
2005-06-12,19.8,6.93,12.07,0.05,0.35,5.39,10.96
2005-06-13,18.93,7.31,12.98,7.45,0.34,9.07,3.71
2005-06-14,17.16,4.33,9.82,0.05,0.35,1.21,12.17
2005-06-15,15.3,3.38,8.8,0.02,0.35,1.6,10.59
2005-06-16,14.75,5.5,9.06,0.07,0.34,4.24,10.37
2005-06-17,15.43,5.32,9.29,0.0,0.34,4.25,7.9
2005-06-18,16.84,4.18,9.68,5.27,0.34,3.41,10.52
2005-06-19,17.36,6.77,11.74,9.24,0.37,7.87,4.98
2005-06-20,15.36,6.24,10.88,0.34,0.36,5.27,8.8
2005-06-21,12.86,7.01,10.33,6.22,0.36,7.22,5.69
2005-06-22,7.67,2.72,5.81,5.1,0.38,3.97,7.14
2005-06-23,14.57,1.54,7.18,0.22,0.37,4.89,7.21
2005-06-24,16.98,4.84,9.18,0.01,0.37,5.17,11.84
2005-06-25,17.04,6.2,10.25,0.04,0.37,5.61,10.63
2005-06-26,15.92,6.44,10.6,5.67,0.37,7.77,8.54
2005-06-27,13.43,7.57,10.09,1.77,0.38,7.99,8.08
2005-06-28,17.88,7.6,11.49,0.32,0.38,7.73,9.19
2005-06-29,14.28,9.16,11.66,13.51,0.38,9.9,2.98
2005-06-30,14.07,7.61,11.36,4.11,0.4,8.75,6.78
2005-07-01,15.44,7.29,10.83,2.9,0.4,6.98,4.65
2005-07-02,13.18,5.09,9.11,1.58,0.4,5.97,7.62
2005-07-03,15.98,4.04,9.25,0.0,0.4,5.53,6.38
2005-07-04,16.14,3.6,9.28,0.05,0.4,4.6,11.05
2005-07-05,19.95,3.96,11.1,0.01,0.39,5.88,11.8
2005-07-06,20.14,7.33,13.31,6.42,0.39,9.4,8.59
2005-07-07,18.33,8.53,12.58,3.43,0.41,7.65,7.51
2005-07-08,10.82,7.05,9.34,17.34,0.42,8.23,1.87
2005-07-09,12.18,6.73,8.66,2.74,0.44,5.0,7.4
2005-07-10,13.8,3.7,7.39,0.02,0.43,3.08,12.0
2005-07-11,14.97,1.36,7.26,0.01,0.43,3.06,12.14
2005-07-12,14.05,6.21,9.06,4.12,0.42,6.14,5.33
2005-07-13,13.41,6.76,9.57,3.08,0.43,7.09,4.09
2005-07-14,14.28,6.53,9.43,3.08,0.43,6.98,7.19
2005-07-15,12.59,7.25,9.26,6.88,0.45,7.02,5.43
2005-07-16,14.68,5.51,9.61,1.75,0.44,5.6,10.03
2005-07-17,12.84,2.38,6.7,0.42,0.44,1.92,12.78
2005-07-18,14.19,1.26,6.19,0.01,0.44,1.64,12.85
2005-07-19,14.61,-0.51,5.95,0.0,0.44,1.58,13.01
2005-07-20,16.85,-0.81,6.88,0.0,0.43,0.97,13.05
2005-07-21,18.1,2.62,8.97,0.04,0.43,4.2,13.45
2005-07-22,17.49,2.73,9.54,0.0,0.43,2.91,13.56
2005-07-23,18.4,2.86,9.78,0.0,0.43,3.38,13.47
2005-07-24,20.33,4.86,11.44,0.0,0.43,4.5,12.91
2005-07-25,17.43,5.41,11.49,0.0,0.43,7.73,10.68
2005-07-26,17.51,7.97,12.71,0.06,0.43,8.95,7.15
2005-07-27,16.63,6.83,11.01,0.0,0.43,6.99,8.32
2005-07-28,17.2,8.13,12.57,0.04,0.42,7.02,9.85
2005-07-29,19.84,6.24,11.84,0.0,0.42,6.42,13.92
2005-07-30,20.32,6.53,13.17,0.0,0.42,5.46,10.39
2005-07-31,19.85,7.09,12.38,0.0,0.42,5.09,13.99
2005-08-01,19.44,5.69,11.59,0.0,0.42,5.3,14.0
2005-08-02,20.17,4.97,12.19,0.0,0.42,5.02,14.12
2005-08-03,21.86,10.2,14.88,4.75,0.42,10.49,5.6
2005-08-04,14.84,4.98,10.66,1.36,0.42,6.14,9.92
2005-08-05,13.76,0.64,6.6,0.0,0.42,0.39,14.4
2005-08-06,15.6,3.83,8.6,0.0,0.42,-0.1,15.2
2005-08-07,16.31,1.05,7.95,0.0,0.42,0.22,15.31
2005-08-08,16.46,1.95,9.07,0.08,0.42,4.23,13.06
2005-08-09,17.99,5.16,11.09,0.26,0.42,3.57,10.53
2005-08-10,11.13,2.9,7.86,3.29,0.42,2.2,14.44
2005-08-11,11.39,0.02,5.65,0.0,0.42,1.22,12.04
2005-08-12,12.36,1.24,5.86,0.0,0.42,0.78,12.87
2005-08-13,15.53,1.5,7.89,0.0,0.42,0.9,16.23
2005-08-14,17.85,1.78,9.14,0.0,0.42,-0.09,15.06
2005-08-15,14.32,3.82,8.42,1.42,0.41,2.04,10.51
2005-08-16,16.55,2.5,8.25,0.0,0.41,1.03,17.05
2005-08-17,19.84,1.57,10.05,0.0,0.41,0.37,17.15
2005-08-18,23.94,5.06,13.68,0.0,0.41,2.87,16.61
2005-08-19,19.31,9.99,14.37,15.99,0.41,6.56,6.86
2005-08-20,16.13,5.79,10.67,5.05,0.45,7.17,7.38
2005-08-21,16.8,6.13,11.01,0.04,0.44,5.7,13.54
2005-08-22,15.64,3.6,9.48,0.01,0.43,3.93,15.96
2005-08-23,15.53,0.32,7.43,0.0,0.43,1.55,17.13
2005-08-24,17.0,1.33,8.13,0.0,0.43,2.86,17.54
2005-08-25,19.86,1.64,10.34,0.0,0.43,2.24,18.21
2005-08-26,20.27,3.62,10.98,0.0,0.42,2.97,18.77
2005-08-27,22.1,3.08,11.92,0.03,0.42,3.98,19.09
2005-08-28,22.86,4.87,13.06,0.0,0.42,4.46,19.12
2005-08-29,23.65,8.56,15.44,0.0,0.41,5.77,18.58
2005-08-30,23.83,15.77,19.36,0.01,0.41,8.39,8.39
2005-08-31,19.33,6.4,13.41,6.6,0.42,5.01,16.35
2005-09-01,16.48,3.82,9.37,0.01,0.42,1.73,19.14
2005-09-02,17.52,4.15,10.0,0.0,0.42,1.13,19.81
2005-09-03,12.49,6.82,9.21,6.72,0.42,4.65,5.65
2005-09-04,17.64,6.12,11.27,0.77,0.43,6.29,16.87
2005-09-05,18.68,3.54,11.12,0.0,0.42,4.51,18.21
2005-09-06,19.95,4.65,12.09,0.0,0.42,3.11,19.52
2005-09-07,22.59,6.3,14.59,0.0,0.42,5.92,18.7
2005-09-08,27.85,9.2,18.19,0.0,0.41,8.5,18.81
2005-09-09,19.66,15.13,17.54,6.9,0.41,13.56,10.61
2005-09-10,26.08,11.12,19.15,12.83,0.42,12.92,13.0
2005-09-11,16.09,5.56,10.52,2.02,0.44,5.17,15.38
2005-09-12,14.07,4.66,8.76,0.1,0.44,3.68,15.02
2005-09-13,16.4,3.71,10.24,0.0,0.43,4.28,16.29
2005-09-14,20.91,5.23,13.0,0.0,0.43,5.3,20.38
2005-09-15,19.84,5.64,12.31,0.0,0.42,4.98,19.22
2005-09-16,12.33,6.5,9.13,13.6,0.43,5.15,10.1
2005-09-17,16.14,4.01,10.53,0.27,0.45,5.09,17.28
2005-09-18,17.77,5.45,11.53,0.05,0.44,4.75,22.26
2005-09-19,20.66,7.94,12.94,0.01,0.43,3.82,20.43
2005-09-20,19.38,5.64,12.13,0.0,0.43,5.66,21.35
2005-09-21,20.68,6.31,13.26,0.0,0.43,6.08,20.28
2005-09-22,26.15,8.46,16.87,0.0,0.42,6.91,19.69
2005-09-23,26.18,9.39,17.55,0.0,0.42,9.35,21.57
2005-09-24,23.45,9.15,16.41,0.0,0.42,10.18,19.23
2005-09-25,21.79,10.64,15.71,0.73,0.42,9.9,10.15
2005-09-26,21.5,10.52,16.17,1.52,0.42,12.19,13.55
2005-09-27,23.52,6.55,15.07,0.0,0.42,8.03,23.74
2005-09-28,26.69,12.13,19.19,3.97,0.41,12.37,11.52
2005-09-29,18.01,8.61,13.26,1.19,0.42,3.82,23.73
2005-09-30,22.8,6.26,14.41,0.0,0.42,1.32,24.97
2005-10-01,28.68,9.28,18.55,0.0,0.41,2.74,25.37
2005-10-02,28.19,9.45,18.83,0.0,0.41,4.57,23.55
2005-10-03,29.43,13.16,20.33,0.0,0.4,6.16,24.5
2005-10-04,25.79,7.67,16.61,0.0,0.4,3.17,23.42
2005-10-05,34.06,12.61,22.63,0.0,0.39,6.7,23.1
2005-10-06,23.3,13.16,18.0,0.0,0.39,4.9,18.56
2005-10-07,21.02,8.61,14.49,1.35,0.39,1.9,6.34
2005-10-08,19.31,9.82,14.44,5.22,0.4,6.22,18.33
2005-10-09,19.33,8.72,13.11,0.55,0.4,5.93,19.13
2005-10-10,23.39,8.55,15.87,0.0,0.4,4.46,25.69
2005-10-11,21.62,10.28,15.18,0.0,0.39,4.16,25.46
2005-10-12,23.54,6.66,15.12,0.0,0.39,0.86,27.1
2005-10-13,30.02,9.38,19.35,0.14,0.39,5.66,21.98
2005-10-14,22.94,8.27,15.55,0.0,0.38,2.22,20.79
2005-10-15,25.06,7.2,16.38,0.0,0.38,0.43,23.84
2005-10-16,20.05,11.45,15.41,0.57,0.38,8.73,18.81
2005-10-17,23.84,9.08,16.58,0.0,0.38,7.6,24.11
2005-10-18,26.08,9.05,17.76,0.0,0.38,5.26,24.04
2005-10-19,22.88,13.73,17.09,11.24,0.39,10.72,6.11
2005-10-20,25.5,15.15,20.0,14.25,0.4,14.7,18.21
2005-10-21,25.59,13.57,19.71,6.72,0.43,12.39,19.46
2005-10-22,25.79,12.72,19.77,0.06,0.42,10.0,26.21
2005-10-23,31.34,14.6,21.52,0.25,0.41,9.05,12.9
2005-10-24,24.25,12.59,18.78,0.36,0.4,9.52,22.67
2005-10-25,24.88,11.52,19.06,0.21,0.4,9.84,23.2
2005-10-26,27.39,13.73,20.89,0.0,0.39,6.46,26.89
2005-10-27,25.58,8.96,17.5,0.0,0.39,5.82,27.16
2005-10-28,29.27,9.96,20.01,0.0,0.39,5.11,28.1
2005-10-29,30.0,17.36,22.56,1.48,0.39,7.4,11.81
2005-10-30,27.36,16.42,21.67,5.24,0.39,15.66,14.51
2005-10-31,28.88,13.72,21.69,0.02,0.39,14.3,16.51
2005-11-01,33.0,17.07,25.43,0.0,0.39,15.56,26.44
2005-11-02,35.51,19.56,28.07,0.22,0.38,14.91,26.02
2005-11-03,29.43,16.47,25.08,0.94,0.38,13.52,11.32
2005-11-04,28.81,11.85,20.42,0.0,0.38,5.5,26.98
2005-11-05,31.76,14.28,22.93,1.24,0.37,9.56,28.12
2005-11-06,31.82,15.71,24.09,0.08,0.37,11.78,24.42
2005-11-07,27.57,16.31,22.44,20.14,0.39,17.44,10.1
2005-11-08,31.11,13.71,22.58,0.09,0.4,10.99,30.01
2005-11-09,38.27,17.38,27.66,0.02,0.4,10.11,30.76
2005-11-10,24.23,12.17,19.19,0.0,0.39,6.98,27.58
2005-11-11,23.37,8.24,15.78,0.0,0.38,2.86,32.1
2005-11-12,26.3,10.2,18.32,0.0,0.38,3.8,31.89
2005-11-13,27.39,10.3,19.23,0.0,0.38,5.35,30.84
2005-11-14,30.88,12.28,22.43,0.0,0.37,5.2,31.73
2005-11-15,26.35,14.57,20.17,0.0,0.37,4.93,31.95
2005-11-16,27.49,9.84,18.6,0.0,0.37,3.37,32.52
2005-11-17,29.43,11.63,20.81,0.0,0.37,5.68,31.13
2005-11-18,33.68,14.62,24.87,0.0,0.36,5.09,32.13
2005-11-19,32.95,18.39,25.46,0.0,0.36,9.81,30.99
2005-11-20,29.06,13.36,21.31,0.0,0.36,7.01,31.61
2005-11-21,32.35,14.06,23.55,0.0,0.36,7.96,30.56
2005-11-22,33.28,16.84,24.96,0.0,0.35,7.21,31.41
2005-11-23,32.35,14.3,23.46,0.0,0.35,6.57,32.88
2005-11-24,32.7,17.93,24.96,0.6,0.35,12.88,26.94
2005-11-25,35.5,18.29,27.07,0.4,0.35,13.07,30.09
2005-11-26,29.38,16.02,23.18,0.05,0.35,8.92,32.24
2005-11-27,23.77,10.49,17.34,0.0,0.35,1.98,33.26
2005-11-28,24.59,9.9,17.85,0.01,0.35,4.48,32.78
2005-11-29,24.44,11.49,18.29,0.34,0.34,7.32,20.69
2005-11-30,31.21,12.46,23.0,0.03,0.34,8.02,24.84
2005-12-01,37.27,17.42,28.16,0.01,0.34,6.4,28.84
2005-12-02,29.08,15.05,21.6,17.26,0.35,10.9,10.98
2005-12-03,23.88,11.84,17.88,0.08,0.37,6.58,28.01
2005-12-04,34.33,12.8,24.35,0.86,0.36,6.27,32.26
2005-12-05,33.95,15.69,24.95,0.0,0.36,8.82,32.3
2005-12-06,36.58,20.46,27.74,0.04,0.35,11.29,13.19
2005-12-07,32.42,18.33,25.49,0.0,0.35,9.12,32.95
2005-12-08,29.31,14.19,21.79,0.0,0.35,6.36,33.69
2005-12-09,30.24,14.14,22.51,0.03,0.35,5.64,33.42
2005-12-10,31.91,15.44,23.68,0.0,0.34,6.67,33.53
2005-12-11,36.14,15.0,26.26,0.0,0.34,3.47,32.78
2005-12-12,37.63,20.11,28.28,0.0,0.34,9.69,23.33
2005-12-13,28.46,15.19,21.16,0.0,0.34,3.41,34.33
2005-12-14,31.05,13.73,22.61,0.0,0.34,2.23,33.69
2005-12-15,36.06,15.52,26.79,0.0,0.34,1.09,29.56
2005-12-16,32.72,20.94,27.14,0.0,0.33,8.8,29.48
2005-12-17,27.08,15.73,21.21,0.0,0.33,3.67,28.36
2005-12-18,26.24,12.09,19.14,0.0,0.33,3.31,33.43
2005-12-19,30.35,14.04,21.69,0.0,0.33,2.49,34.6
2005-12-20,35.94,15.81,26.54,0.0,0.33,2.06,33.8
2005-12-21,40.67,21.0,31.18,0.0,0.33,5.56,23.63
2005-12-22,37.6,23.02,30.05,0.0,0.33,9.14,30.1
2005-12-23,43.48,21.75,34.01,0.0,0.33,6.37,31.96
2005-12-24,31.74,16.96,24.16,0.01,0.33,1.61,30.24
2005-12-25,29.38,13.54,21.52,0.0,0.32,2.61,33.71
2005-12-26,32.78,16.03,24.35,0.0,0.32,6.69,32.44
2005-12-27,37.84,18.46,29.33,0.0,0.32,3.7,33.02
2005-12-28,37.09,22.62,29.36,0.0,0.32,3.0,31.17
2005-12-29,36.77,17.34,27.87,0.0,0.32,2.66,33.86
2005-12-30,41.98,20.81,32.26,0.0,0.32,2.17,34.57
2005-12-31,45.55,24.94,35.39,0.01,0.32,3.79,33.75
2006-01-01,46.46,23.15,35.57,0.12,0.32,9.31,25.76
2006-01-02,35.25,21.09,27.48,0.04,0.32,8.01,31.3
2006-01-03,33.84,18.92,26.76,0.0,0.32,2.64,32.72
2006-01-04,33.23,17.63,25.08,0.0,0.32,-1.44,32.97
2006-01-05,35.62,17.63,27.08,0.0,0.31,1.73,32.51
2006-01-06,35.71,20.01,28.0,0.0,0.31,3.09,33.23
2006-01-07,36.82,20.18,28.46,0.0,0.31,8.11,32.87
2006-01-08,37.41,21.03,29.32,0.0,0.31,9.24,32.73
2006-01-09,39.53,23.48,31.58,0.0,0.31,9.19,32.04
2006-01-10,41.87,24.69,33.53,0.0,0.31,9.15,32.22
2006-01-11,39.48,27.3,32.45,0.09,0.31,15.23,22.76
2006-01-12,39.08,23.77,31.19,0.05,0.31,12.81,31.32
2006-01-13,37.93,22.61,30.32,0.01,0.31,6.93,29.82
2006-01-14,37.45,20.43,29.41,0.0,0.31,2.56,29.06
2006-01-15,38.62,20.89,30.01,0.03,0.31,4.5,28.29
2006-01-16,33.79,23.22,27.13,7.22,0.31,18.37,13.43
2006-01-17,36.84,21.26,29.61,0.23,0.32,17.02,28.62
2006-01-18,34.24,23.59,28.4,5.47,0.32,17.71,24.84
2006-01-19,34.65,20.69,28.06,0.0,0.32,15.5,29.88
2006-01-20,36.75,20.77,29.52,0.0,0.32,13.65,31.27
2006-01-21,40.81,24.17,33.07,0.01,0.32,12.9,30.8
2006-01-22,42.44,26.65,34.59,0.0,0.31,11.45,31.49
2006-01-23,43.11,27.05,35.04,0.07,0.31,12.4,23.8
2006-01-24,33.42,23.16,27.01,0.38,0.31,7.45,18.27
2006-01-25,39.49,19.08,30.6,0.25,0.31,11.47,29.6
2006-01-26,40.33,26.69,33.44,1.23,0.31,16.75,26.24
2006-01-27,40.6,26.19,34.19,0.1,0.31,14.54,24.93
2006-01-28,42.01,28.45,35.51,0.26,0.31,15.75,23.85
2006-01-29,39.71,28.17,34.25,0.05,0.31,14.99,27.96
2006-01-30,40.23,27.7,34.42,0.02,0.31,13.87,27.48
2006-01-31,41.07,22.03,31.68,0.0,0.31,10.92,29.96
2006-02-01,45.3,28.51,36.86,0.01,0.31,10.77,25.88
2006-02-02,41.37,24.5,32.7,0.0,0.31,11.98,29.65
2006-02-03,39.36,24.02,31.47,0.0,0.31,6.35,28.68
2006-02-04,35.8,22.29,28.78,0.0,0.31,4.27,19.78
2006-02-05,37.1,21.7,29.36,0.0,0.3,4.65,26.47
2006-02-06,38.98,21.68,29.51,0.0,0.3,2.22,31.05
2006-02-07,30.37,12.74,21.71,0.0,0.3,-2.48,32.0
2006-02-08,36.3,17.26,26.79,0.0,0.3,7.6,30.18
2006-02-09,28.41,17.74,23.82,0.0,0.3,4.56,25.3
2006-02-10,27.96,13.37,20.43,0.0,0.3,0.58,31.31
2006-02-11,29.79,13.36,21.76,0.0,0.3,1.16,30.88
2006-02-12,33.24,14.61,24.78,0.0,0.3,-0.33,30.71
2006-02-13,31.0,15.93,23.43,0.0,0.3,2.7,30.29
2006-02-14,32.47,13.7,23.31,0.0,0.3,-0.29,30.57
2006-02-15,38.35,17.21,28.38,0.0,0.3,1.36,26.91
2006-02-16,37.42,19.52,29.66,0.0,0.3,3.48,29.07
2006-02-17,41.64,22.29,31.73,0.04,0.3,7.61,27.56
2006-02-18,39.72,22.84,30.68,0.0,0.3,7.13,28.36
2006-02-19,36.16,19.57,27.89,0.0,0.3,4.3,27.19
2006-02-20,33.73,17.71,25.4,0.04,0.3,4.2,29.18
2006-02-21,37.55,15.65,27.13,0.02,0.3,2.74,28.57
2006-02-22,37.99,22.35,30.72,0.63,0.3,11.4,23.11
2006-02-23,37.81,24.04,30.79,0.04,0.3,11.4,26.75
2006-02-24,37.39,23.75,30.62,0.66,0.3,13.71,22.69
2006-02-25,32.56,23.57,27.53,12.28,0.31,17.52,14.18
2006-02-26,33.59,20.14,26.74,0.02,0.32,12.83,23.47
2006-02-27,33.69,15.64,24.9,0.95,0.32,8.9,27.66
2006-02-28,34.47,19.9,26.7,0.0,0.31,10.66,26.99
2006-03-01,34.97,18.34,26.82,0.0,0.31,9.35,26.88
2006-03-02,31.88,20.2,26.01,0.02,0.31,13.13,22.96
2006-03-03,33.9,19.46,26.03,0.01,0.31,10.02,26.54
2006-03-04,34.34,18.23,26.04,0.0,0.31,8.82,26.62
2006-03-05,34.33,17.94,26.16,0.0,0.3,7.38,24.63
2006-03-06,35.16,18.55,26.02,0.0,0.3,3.25,25.54
2006-03-07,28.66,14.59,21.31,0.0,0.3,4.57,26.89
2006-03-08,33.21,13.65,23.15,0.0,0.3,4.38,26.44
2006-03-09,35.46,18.5,26.36,0.0,0.3,1.69,24.71
2006-03-10,37.49,19.81,28.03,0.0,0.3,-0.4,26.17
2006-03-11,38.95,18.11,28.84,0.0,0.3,4.0,25.5
2006-03-12,40.3,24.25,31.86,0.0,0.3,9.4,23.38
2006-03-13,35.63,23.86,29.19,0.01,0.3,9.53,10.62
2006-03-14,31.07,19.92,25.68,0.0,0.3,9.06,22.14
2006-03-15,35.85,21.51,27.62,2.74,0.3,9.44,18.81
2006-03-16,26.71,15.82,21.54,0.07,0.3,10.25,14.15
2006-03-17,27.1,12.6,19.39,0.0,0.3,4.38,25.16
2006-03-18,29.65,12.6,20.9,0.0,0.3,1.51,24.81
2006-03-19,30.39,13.31,21.75,0.0,0.3,2.6,24.48
2006-03-20,31.38,13.37,22.57,0.0,0.3,5.25,22.68
2006-03-21,33.91,17.51,25.28,0.1,0.3,10.2,22.16
2006-03-22,26.27,19.58,22.25,0.52,0.3,9.07,16.38
2006-03-23,31.46,17.13,23.66,0.0,0.3,8.08,22.93
2006-03-24,31.65,17.32,23.96,0.0,0.3,8.26,22.99
2006-03-25,30.78,16.75,23.29,0.0,0.3,7.89,22.98
2006-03-26,31.43,15.35,23.56,0.0,0.3,4.05,23.19
2006-03-27,33.76,18.32,25.63,0.0,0.3,3.63,16.64
2006-03-28,30.81,19.57,24.28,2.49,0.3,8.85,15.87
2006-03-29,28.85,20.18,24.02,1.6,0.3,14.31,16.32
2006-03-30,27.13,18.29,22.34,6.88,0.31,15.45,11.52
2006-03-31,27.0,16.03,20.68,0.0,0.32,10.5,20.52
2006-04-01,20.18,11.28,15.73,0.0,0.31,3.8,21.26
2006-04-02,20.88,7.34,13.99,0.0,0.31,1.41,20.33
2006-04-03,24.76,11.75,17.75,0.02,0.31,0.97,18.74
2006-04-04,28.48,12.65,20.59,0.07,0.31,7.06,15.95
2006-04-05,25.7,14.28,19.39,0.86,0.31,8.2,19.9
2006-04-06,18.46,8.21,13.26,0.1,0.31,2.49,19.97
2006-04-07,21.83,7.65,14.3,0.0,0.31,4.45,16.61
2006-04-08,20.14,7.0,13.05,0.0,0.31,1.07,20.77
2006-04-09,23.33,6.16,14.07,0.0,0.31,2.6,20.31
2006-04-10,27.31,8.33,17.92,0.0,0.31,3.15,18.82
2006-04-11,29.13,11.17,20.0,0.0,0.3,-1.88,19.85
2006-04-12,26.86,11.87,19.26,0.0,0.3,6.15,19.28
2006-04-13,26.1,14.95,19.8,0.9,0.3,8.9,10.2
2006-04-14,31.58,14.28,21.11,1.4,0.3,10.26,14.69
2006-04-15,19.56,7.85,13.18,0.02,0.31,2.57,19.56
2006-04-16,20.35,5.04,11.94,0.09,0.31,0.59,19.44
2006-04-17,28.76,6.29,16.39,0.02,0.31,-3.76,18.59
2006-04-18,26.24,12.63,18.72,0.25,0.3,5.63,14.69
2006-04-19,25.96,11.19,17.71,0.0,0.3,0.85,17.85
2006-04-20,20.98,10.76,15.25,0.0,0.3,3.2,18.25
2006-04-21,18.78,7.75,12.87,0.01,0.3,2.04,17.85
2006-04-22,18.53,5.53,11.06,0.0,0.3,0.02,17.81
2006-04-23,19.47,4.66,11.57,0.0,0.3,2.51,17.25
2006-04-24,20.75,6.36,12.87,0.0,0.3,3.66,17.3
2006-04-25,22.99,6.07,14.58,0.0,0.3,3.33,16.06
2006-04-26,24.86,9.56,16.46,0.01,0.3,3.49,16.06
2006-04-27,25.78,8.57,16.59,0.01,0.3,0.72,16.66
2006-04-28,26.99,13.05,18.87,3.13,0.3,3.74,5.71
2006-04-29,22.59,12.59,17.22,3.37,0.31,10.67,9.35
2006-04-30,18.29,12.03,14.68,1.33,0.31,10.23,8.01
2006-05-01,18.18,10.23,13.57,0.19,0.31,8.97,9.33
2006-05-02,19.22,9.41,13.36,0.07,0.31,6.44,13.61
2006-05-03,21.5,9.58,14.95,0.02,0.31,6.85,10.7
2006-05-04,20.36,7.63,13.81,0.0,0.31,6.2,15.45
2006-05-05,21.81,7.56,14.66,0.0,0.31,4.92,12.39
2006-05-06,22.62,8.1,15.06,0.0,0.31,4.87,13.93
2006-05-07,17.25,7.15,12.86,0.32,0.31,2.2,10.02
2006-05-08,15.69,3.42,9.2,0.0,0.31,1.53,14.22
2006-05-09,19.12,4.7,11.15,0.0,0.31,2.73,14.87
2006-05-10,18.19,6.83,11.91,0.0,0.31,4.36,14.49
2006-05-11,16.51,4.72,9.41,0.0,0.31,1.96,14.65
2006-05-12,17.86,1.81,8.91,0.0,0.31,1.18,15.06
2006-05-13,18.46,3.69,10.06,0.0,0.31,3.79,14.31
2006-05-14,19.71,5.49,11.49,0.0,0.31,6.56,13.92
2006-05-15,22.68,6.86,13.48,0.0,0.31,6.27,13.59
2006-05-16,24.0,9.11,15.24,0.0,0.31,7.34,13.71
2006-05-17,24.23,9.06,15.75,0.0,0.31,5.72,13.22
2006-05-18,23.95,11.35,16.66,0.0,0.31,5.0,9.25
2006-05-19,24.55,11.83,17.08,0.02,0.31,4.69,12.59
2006-05-20,20.99,7.26,14.03,0.09,0.31,3.96,12.95
2006-05-21,16.44,3.05,8.91,0.0,0.31,-1.06,13.96
2006-05-22,15.01,3.71,8.41,0.0,0.31,2.59,12.65
2006-05-23,15.58,2.59,7.92,0.0,0.31,1.19,13.44
2006-05-24,16.39,3.4,8.33,0.0,0.31,4.11,12.88
2006-05-25,16.94,3.62,9.53,0.0,0.31,3.19,12.42
2006-05-26,18.03,6.05,10.79,0.0,0.31,1.07,13.18
2006-05-27,18.26,3.28,9.53,0.0,0.3,0.98,13.0
2006-05-28,16.45,3.0,8.6,0.0,0.3,3.36,12.94
2006-05-29,15.37,4.13,8.21,0.0,0.3,2.62,12.41
2006-05-30,17.05,1.22,8.22,0.0,0.3,1.57,13.04
2006-05-31,17.26,3.21,9.85,0.0,0.3,0.25,12.67
2006-06-01,16.1,3.9,9.37,0.0,0.3,-0.88,10.25
2006-06-02,13.49,4.81,8.57,0.07,0.3,1.72,7.44
2006-06-03,16.6,4.74,8.67,0.07,0.3,4.79,12.48
2006-06-04,16.61,3.28,8.82,0.0,0.3,2.77,11.84
2006-06-05,16.35,2.42,8.23,0.0,0.3,0.95,12.38
2006-06-06,16.31,3.46,8.13,0.0,0.3,3.54,12.24
2006-06-07,18.09,4.08,9.97,0.0,0.3,4.19,10.7
2006-06-08,19.01,3.79,10.7,0.0,0.3,2.85,11.33
2006-06-09,18.2,6.74,11.33,0.0,0.3,4.65,7.71
2006-06-10,13.52,9.07,11.63,23.86,0.33,9.74,2.78
2006-06-11,12.22,2.03,7.36,4.41,0.36,0.99,12.25
2006-06-12,11.84,0.28,4.49,0.02,0.35,1.91,11.73
2006-06-13,13.69,1.19,5.54,0.03,0.35,2.4,12.29
2006-06-14,12.9,-0.37,5.42,0.01,0.34,1.58,12.07
2006-06-15,13.46,1.8,6.01,0.0,0.34,-0.22,12.21
2006-06-16,14.65,-0.73,6.32,0.03,0.34,1.73,10.59
2006-06-17,14.99,0.49,6.21,0.0,0.34,2.11,10.93
2006-06-18,17.2,1.82,8.18,0.01,0.34,2.68,11.32
2006-06-19,16.49,3.77,9.36,0.5,0.34,5.08,9.05
2006-06-20,18.45,7.65,12.01,1.14,0.34,7.73,9.6
2006-06-21,18.68,7.95,12.91,0.89,0.34,8.32,9.93
2006-06-22,17.62,9.32,12.86,3.83,0.34,9.74,7.21
2006-06-23,14.3,6.15,10.86,13.73,0.36,9.74,6.32
2006-06-24,15.06,4.26,8.4,0.04,0.37,4.85,10.63
2006-06-25,13.13,2.65,6.97,0.07,0.36,2.67,5.72
2006-06-26,14.17,0.2,6.52,0.0,0.36,0.59,12.21
2006-06-27,14.38,1.69,7.35,0.01,0.36,-2.25,11.16
2006-06-28,15.76,-0.56,6.18,0.0,0.36,-3.33,12.32
2006-06-29,19.95,1.52,9.45,0.03,0.36,-0.14,12.08
2006-06-30,15.42,7.79,10.51,7.84,0.37,7.23,6.53
2006-07-01,14.88,6.46,10.59,0.07,0.37,5.46,5.6
2006-07-02,11.09,5.1,7.88,3.54,0.37,5.69,8.7
2006-07-03,13.17,5.03,8.05,0.1,0.37,6.02,6.11
2006-07-04,17.57,3.23,9.58,0.01,0.37,5.34,11.84
2006-07-05,17.55,4.63,9.99,0.0,0.37,4.91,10.06
2006-07-06,15.57,2.58,7.99,0.0,0.37,3.47,10.05
2006-07-07,13.69,0.54,6.46,0.0,0.37,2.27,8.41
2006-07-08,14.02,3.69,8.39,0.0,0.37,4.26,5.97
2006-07-09,14.46,4.47,8.29,0.0,0.36,2.25,11.41
2006-07-10,18.19,1.97,8.93,0.0,0.36,-1.29,11.49
2006-07-11,16.87,5.18,10.26,0.04,0.36,1.65,8.11
2006-07-12,14.96,2.26,8.62,0.02,0.36,3.12,11.89
2006-07-13,14.86,-0.86,5.77,0.0,0.36,-0.05,12.88
2006-07-14,13.9,3.35,8.89,9.3,0.36,4.56,4.04
2006-07-15,16.08,8.88,12.26,11.88,0.4,8.89,5.15
2006-07-16,12.34,6.62,9.05,3.33,0.4,7.65,4.15
2006-07-17,16.11,5.8,9.94,0.09,0.4,7.33,7.01
2006-07-18,16.95,6.08,9.84,0.03,0.39,5.83,12.76
2006-07-19,15.72,3.27,8.07,0.0,0.39,3.48,12.58
2006-07-20,15.25,1.59,7.22,0.0,0.39,1.42,11.37
2006-07-21,16.71,2.43,8.57,0.0,0.39,3.68,13.41
2006-07-22,18.66,5.99,11.25,0.01,0.39,5.45,9.17
2006-07-23,14.26,5.67,9.5,7.05,0.39,6.71,2.48
2006-07-24,14.55,6.79,10.41,0.48,0.4,6.86,6.42
2006-07-25,12.76,7.37,9.64,0.65,0.4,7.51,6.7
2006-07-26,15.64,8.01,10.94,0.04,0.39,6.57,10.5
2006-07-27,17.39,6.21,11.57,0.0,0.39,4.03,9.45
2006-07-28,16.98,5.99,10.64,0.0,0.39,3.59,9.2
2006-07-29,17.49,5.86,10.17,0.0,0.39,2.21,13.99
2006-07-30,16.08,2.19,8.77,0.0,0.39,3.06,12.5
2006-07-31,14.51,3.32,8.14,0.26,0.39,1.97,12.45
2006-08-01,14.44,0.63,7.32,0.0,0.39,0.98,14.26
2006-08-02,16.68,5.28,10.29,0.63,0.39,2.74,11.83
2006-08-03,15.16,5.39,9.52,0.84,0.39,4.94,11.07
2006-08-04,15.28,3.54,7.68,0.0,0.39,2.94,12.44
2006-08-05,16.67,0.93,7.43,0.0,0.39,2.2,14.68
2006-08-06,16.66,1.75,8.02,0.0,0.38,2.6,15.15
2006-08-07,19.38,1.67,9.44,0.0,0.38,1.81,15.46
2006-08-08,20.16,2.23,10.42,0.0,0.38,-0.29,15.54
2006-08-09,18.54,4.76,10.91,0.0,0.38,1.82,12.41
2006-08-10,16.92,2.95,8.6,0.0,0.38,2.19,15.42
2006-08-11,16.86,2.63,8.79,0.02,0.38,0.42,15.61
2006-08-12,17.56,3.54,9.77,0.0,0.38,-0.42,15.42
2006-08-13,19.64,2.2,10.73,0.0,0.38,-1.67,15.5
2006-08-14,21.8,4.43,11.67,0.0,0.38,-0.36,15.84
2006-08-15,19.16,5.07,11.61,0.0,0.37,3.49,16.26
2006-08-16,21.29,4.31,12.31,0.0,0.37,-0.18,16.79
2006-08-17,17.36,6.47,11.43,0.01,0.37,3.46,11.71
2006-08-18,17.37,2.36,9.54,0.0,0.37,1.69,17.08
2006-08-19,17.61,5.52,11.16,0.0,0.37,1.71,17.27
2006-08-20,19.89,3.41,11.43,0.0,0.37,0.45,17.23
2006-08-21,23.24,4.9,12.66,0.0,0.37,0.87,17.19
2006-08-22,19.54,4.14,11.51,0.07,0.37,4.96,16.16
2006-08-23,21.3,7.25,13.55,0.01,0.37,5.49,15.81
2006-08-24,20.64,11.61,14.9,4.06,0.37,7.71,5.1
2006-08-25,17.04,5.49,10.98,1.87,0.38,5.33,17.87
2006-08-26,19.57,3.64,11.66,0.0,0.38,3.66,18.28
2006-08-27,18.96,6.87,11.73,0.0,0.37,1.95,13.75
2006-08-28,19.22,3.41,10.72,0.0,0.37,2.5,18.7
2006-08-29,21.54,3.4,11.9,0.0,0.37,3.05,17.89
2006-08-30,23.81,5.77,14.28,0.0,0.37,6.53,18.68
2006-08-31,23.68,9.56,16.34,0.0,0.37,10.56,16.03
2006-09-01,25.64,10.33,17.71,0.0,0.37,10.17,18.02
2006-09-02,27.33,11.85,19.7,0.04,0.36,10.37,17.03
2006-09-03,21.89,10.49,17.34,0.19,0.36,8.42,18.79
2006-09-04,18.46,5.61,11.35,0.03,0.36,2.24,20.52
2006-09-05,20.49,5.15,12.51,1.18,0.36,0.78,20.01
2006-09-06,12.87,8.18,10.19,8.42,0.37,4.74,7.83
2006-09-07,17.91,6.83,11.17,0.88,0.38,5.77,17.54
2006-09-08,16.3,6.19,10.0,0.09,0.37,4.81,14.55
2006-09-09,14.23,4.66,9.69,4.02,0.37,6.03,9.75
2006-09-10,19.14,5.08,11.59,0.01,0.38,3.29,20.84
2006-09-11,20.5,4.71,11.85,0.0,0.37,2.78,21.1
2006-09-12,22.03,5.46,13.02,0.0,0.37,3.59,21.98
2006-09-13,23.5,6.42,14.85,0.0,0.37,3.37,19.62
2006-09-14,24.9,9.44,16.94,0.0,0.37,3.07,19.19
2006-09-15,26.08,9.55,17.47,0.0,0.36,2.94,21.6
2006-09-16,26.29,10.71,18.37,0.02,0.36,3.85,21.05
2006-09-17,26.73,13.71,19.03,0.0,0.36,2.71,22.18
2006-09-18,29.84,11.67,20.22,0.0,0.36,2.94,21.52
2006-09-19,29.97,13.19,21.29,0.0,0.36,2.25,22.51
2006-09-20,21.8,10.82,15.93,0.0,0.35,5.75,23.08
2006-09-21,23.4,9.3,15.58,0.0,0.35,3.59,22.96
2006-09-22,30.61,10.21,19.85,0.0,0.35,1.63,22.49
2006-09-23,24.9,9.84,17.33,0.0,0.35,3.82,23.44
2006-09-24,22.65,9.03,17.71,0.0,0.35,3.22,13.74
2006-09-25,17.82,4.43,10.59,0.0,0.35,-2.14,23.86
2006-09-26,21.99,3.63,12.91,0.0,0.35,-4.01,24.28
2006-09-27,27.04,6.09,16.38,0.0,0.35,-2.76,24.9
2006-09-28,27.56,7.66,17.25,0.0,0.34,3.4,24.6
2006-09-29,25.85,11.2,17.3,0.0,0.34,0.76,23.75
2006-09-30,24.05,7.01,15.4,0.0,0.34,0.76,25.3
2006-10-01,28.68,7.09,18.37,0.0,0.34,-2.27,24.97
2006-10-02,29.94,13.49,20.66,0.0,0.34,5.98,24.82
2006-10-03,29.36,8.18,18.33,0.0,0.34,3.03,24.98
2006-10-04,31.3,12.13,21.15,0.0,0.34,4.35,25.6
2006-10-05,24.38,12.02,17.97,0.0,0.33,1.53,24.99
2006-10-06,24.81,7.56,15.51,0.0,0.33,-1.36,25.86
2006-10-07,29.36,8.39,18.44,0.0,0.33,-3.47,25.91
2006-10-08,23.11,10.15,16.1,0.0,0.33,-1.52,26.36
2006-10-09,22.88,5.21,13.67,0.0,0.33,-4.03,27.78
2006-10-10,26.73,5.76,16.58,0.0,0.33,-0.68,27.27
2006-10-11,31.71,12.02,21.62,0.0,0.33,1.5,26.99
2006-10-12,35.53,15.94,25.64,0.0,0.33,4.31,26.91
2006-10-13,37.37,17.65,27.28,0.0,0.33,3.41,27.04
2006-10-14,34.79,16.54,24.75,0.0,0.32,5.38,23.85
2006-10-15,24.82,11.89,17.68,0.0,0.32,-0.36,27.72
2006-10-16,26.39,10.3,17.92,0.0,0.32,-1.78,16.55
2006-10-17,32.43,14.14,22.97,0.0,0.32,6.67,14.76
2006-10-18,32.52,16.88,24.9,0.0,0.32,7.54,26.97
2006-10-19,30.33,11.56,21.02,0.0,0.32,2.22,27.19
2006-10-20,26.09,14.87,20.56,0.0,0.32,4.07,15.24
2006-10-21,21.19,7.57,14.08,0.0,0.32,-3.84,28.18
2006-10-22,25.34,6.66,15.8,0.0,0.32,-2.41,28.71
2006-10-23,29.1,9.16,19.29,0.0,0.32,-0.04,28.79
2006-10-24,32.99,15.45,24.19,0.0,0.32,5.59,23.07
2006-10-25,32.79,15.54,24.96,0.0,0.32,3.09,19.16
2006-10-26,27.87,8.66,18.28,0.0,0.32,-4.09,30.2
2006-10-27,27.42,10.54,18.97,0.0,0.32,-3.61,27.27
2006-10-28,19.58,8.11,13.41,0.0,0.32,-2.0,30.0
2006-10-29,22.78,5.38,14.41,0.0,0.32,-3.29,30.74
2006-10-30,26.89,9.86,18.03,0.0,0.32,-4.82,30.36
2006-10-31,30.18,12.67,22.19,0.0,0.31,-4.58,30.27
2006-11-01,34.28,13.98,24.86,0.01,0.31,-2.39,26.42
2006-11-02,31.53,17.9,24.31,2.17,0.31,9.38,9.56
2006-11-03,28.22,14.25,20.85,0.77,0.32,9.07,25.68
2006-11-04,30.22,11.85,21.18,0.0,0.32,3.84,30.21
2006-11-05,32.63,13.2,23.29,0.0,0.31,6.63,29.14
2006-11-06,30.7,14.43,22.56,0.01,0.31,3.48,29.96
2006-11-07,28.81,12.81,20.93,0.0,0.31,4.42,30.01
2006-11-08,27.53,9.76,18.65,0.0,0.31,0.75,31.77
2006-11-09,29.89,11.05,20.9,0.0,0.31,3.14,31.12
2006-11-10,32.47,14.78,23.3,0.02,0.31,0.88,29.88
2006-11-11,34.83,15.59,26.01,0.01,0.31,0.57,27.8
2006-11-12,34.45,19.8,26.23,2.83,0.31,10.76,20.57
2006-11-13,24.93,11.93,19.48,3.4,0.32,7.32,23.04
2006-11-14,26.27,7.52,17.13,0.0,0.32,0.47,31.91
2006-11-15,15.23,8.42,12.35,0.71,0.32,1.34,20.0
2006-11-16,20.17,4.32,12.41,0.0,0.32,-1.01,32.82
2006-11-17,27.44,5.98,17.52,0.0,0.31,-0.74,32.22
2006-11-18,33.55,11.21,23.91,0.0,0.31,-3.57,31.14
2006-11-19,36.05,17.01,26.78,0.0,0.31,-2.93,32.01
2006-11-20,38.87,20.58,29.03,0.0,0.31,-2.99,29.57
2006-11-21,41.43,21.17,31.99,0.0,0.31,-0.62,28.72
2006-11-22,32.46,19.22,25.66,0.0,0.31,7.09,31.67
2006-11-23,32.61,15.51,23.72,0.0,0.31,3.45,32.26
2006-11-24,36.05,15.22,25.97,0.0,0.31,1.26,32.89
2006-11-25,39.26,18.96,29.3,0.0,0.31,-2.81,32.8
2006-11-26,38.68,18.37,28.9,0.0,0.3,2.41,22.98
2006-11-27,34.88,19.3,26.09,0.01,0.3,3.47,14.23
2006-11-28,41.63,21.66,31.44,0.01,0.3,7.68,22.5
2006-11-29,34.94,18.5,26.11,0.0,0.3,-1.67,33.17
2006-11-30,36.34,15.92,27.13,0.05,0.3,2.47,20.47
2006-12-01,37.83,23.67,30.09,0.01,0.3,8.26,26.05
2006-12-02,27.34,17.39,22.65,0.26,0.3,2.54,23.91
2006-12-03,27.91,11.31,19.74,0.0,0.3,-2.42,34.03
2006-12-04,30.76,13.64,22.22,0.0,0.3,-1.34,33.69
2006-12-05,34.61,15.91,26.13,0.3,0.3,6.1,30.96
2006-12-06,37.95,23.66,29.95,0.31,0.3,5.49,27.95
2006-12-07,36.09,17.84,26.85,0.3,0.3,-0.7,34.14
2006-12-08,38.63,15.22,27.93,0.01,0.3,-8.78,34.94
2006-12-09,40.88,20.1,31.4,0.0,0.3,2.97,31.52
2006-12-10,41.16,24.1,32.87,0.0,0.3,4.41,29.5
2006-12-11,36.87,21.69,29.29,0.0,0.3,6.04,22.04
2006-12-12,30.06,13.66,21.45,0.0,0.3,-5.45,34.26
2006-12-13,33.48,13.99,24.34,0.0,0.3,1.48,29.56
2006-12-14,32.73,18.66,26.52,0.31,0.3,0.38,13.49
2006-12-15,29.24,16.75,22.27,0.0,0.3,2.56,30.99
2006-12-16,30.58,12.69,22.21,0.0,0.3,-2.18,34.36
2006-12-17,33.59,15.84,25.02,0.0,0.3,3.75,32.65
2006-12-18,37.46,19.26,28.84,0.0,0.3,0.04,34.26
2006-12-19,38.96,22.83,30.85,0.0,0.3,-3.09,32.18
2006-12-20,37.02,20.23,29.29,0.0,0.3,4.92,21.53
2006-12-21,39.26,20.46,31.17,0.0,0.29,8.87,26.66
2006-12-22,34.8,24.08,28.65,0.49,0.29,12.47,13.37
2006-12-23,31.85,21.94,27.03,0.87,0.3,15.12,18.93
2006-12-24,25.67,18.22,22.48,0.51,0.3,2.76,21.05
2006-12-25,22.3,11.04,16.73,0.19,0.3,-1.69,33.8
2006-12-26,25.47,8.75,17.24,0.0,0.3,-2.14,31.09
2006-12-27,29.61,12.01,21.11,0.0,0.3,5.04,34.11
2006-12-28,30.79,15.09,23.78,0.0,0.3,3.53,33.25
2006-12-29,35.15,16.22,26.18,0.99,0.3,0.98,28.07
2006-12-30,36.75,18.04,26.68,2.51,0.3,8.84,22.4
2006-12-31,33.57,20.05,25.79,0.59,0.3,13.61,29.44
2007-01-01,31.54,19.34,25.17,4.76,0.3,13.43,20.85
2007-01-02,28.51,18.9,23.57,7.74,0.32,15.2,22.59
2007-01-03,29.76,18.88,23.28,2.21,0.32,13.93,28.0
2007-01-04,33.03,18.12,26.03,0.0,0.31,12.45,30.67
2007-01-05,36.02,20.87,28.69,0.0,0.31,10.84,28.85
2007-01-06,36.18,22.59,30.19,0.38,0.31,11.81,23.71
2007-01-07,34.46,21.37,28.13,0.61,0.31,13.49,22.55
2007-01-08,31.84,14.8,23.06,0.0,0.31,3.65,34.14
2007-01-09,34.48,14.65,24.99,0.0,0.3,0.37,34.21
2007-01-10,38.0,17.95,29.18,0.0,0.3,-2.64,34.32
2007-01-11,44.06,20.85,33.66,0.01,0.3,2.87,32.27
2007-01-12,39.4,23.77,31.03,0.38,0.3,8.56,32.01
2007-01-13,32.55,19.12,26.01,0.0,0.3,4.46,32.31
2007-01-14,37.41,16.9,28.05,0.0,0.3,3.69,31.89
2007-01-15,40.93,22.29,31.98,0.01,0.3,11.22,31.05
2007-01-16,40.93,24.75,32.16,2.23,0.3,13.54,21.08
2007-01-17,34.56,26.63,30.24,2.47,0.3,17.05,15.09
2007-01-18,36.95,23.55,30.21,2.3,0.31,17.27,17.84
2007-01-19,39.56,26.35,32.92,0.35,0.3,12.45,27.23
2007-01-20,40.44,26.85,33.26,0.34,0.3,9.04,29.97
2007-01-21,29.51,18.72,23.76,1.52,0.3,11.9,18.0
2007-01-22,33.58,16.43,24.85,0.0,0.3,8.05,32.19
2007-01-23,38.09,18.2,28.5,2.59,0.3,9.41,24.11
2007-01-24,34.93,20.49,27.53,0.35,0.3,8.97,30.78
2007-01-25,34.58,17.47,26.07,0.0,0.3,3.88,32.79
2007-01-26,38.03,17.2,28.78,0.11,0.3,4.71,30.69
2007-01-27,26.48,16.38,21.36,0.05,0.3,3.71,32.06
2007-01-28,27.28,12.28,19.97,0.0,0.3,2.67,32.02
2007-01-29,32.21,14.76,23.68,0.0,0.3,6.34,31.87
2007-01-30,35.58,18.15,27.05,0.0,0.3,4.91,31.9
2007-01-31,35.85,19.27,27.79,0.0,0.3,6.82,30.05
2007-02-01,37.5,17.81,28.21,0.0,0.3,2.72,30.77
2007-02-02,39.4,23.84,31.26,0.0,0.3,10.84,30.39
2007-02-03,41.57,24.52,32.95,0.0,0.29,5.85,30.28
2007-02-04,42.24,23.48,33.29,0.0,0.29,6.1,29.97
2007-02-05,42.75,24.56,33.71,0.0,0.29,3.8,30.86
2007-02-06,37.63,22.75,29.43,0.0,0.29,7.21,28.12
2007-02-07,34.03,16.94,25.53,0.0,0.29,4.85,30.66
2007-02-08,33.17,15.8,24.56,0.0,0.29,6.47,31.07
2007-02-09,36.76,18.19,27.98,0.04,0.29,7.41,29.37
2007-02-10,32.51,19.14,25.66,0.0,0.29,4.02,30.42
2007-02-11,32.17,16.3,24.88,0.02,0.29,8.09,27.23
2007-02-12,34.08,21.41,27.8,0.01,0.29,12.78,25.71
2007-02-13,34.56,21.35,27.88,0.14,0.29,11.57,26.35
2007-02-14,35.72,22.14,29.08,0.38,0.29,11.08,23.43
2007-02-15,36.3,21.92,29.49,1.22,0.29,10.35,18.6
2007-02-16,36.06,24.0,29.45,2.42,0.3,12.15,18.24
2007-02-17,35.41,20.77,28.39,0.0,0.3,13.74,24.85
2007-02-18,37.39,22.54,30.32,0.38,0.29,12.44,24.81
2007-02-19,37.94,24.76,30.03,1.55,0.29,14.7,17.3
2007-02-20,37.79,22.72,30.65,0.27,0.3,15.54,24.05
2007-02-21,36.12,25.47,30.39,0.78,0.3,14.7,14.05
2007-02-22,37.5,22.28,30.32,0.61,0.3,13.63,21.81
2007-02-23,39.39,24.81,31.71,1.26,0.3,12.76,24.73
2007-02-24,34.95,23.04,28.52,0.08,0.3,13.49,14.03
2007-02-25,32.9,20.55,26.51,0.27,0.29,10.08,26.65
2007-02-26,31.08,20.41,25.44,6.07,0.3,14.68,23.52
2007-02-27,30.14,18.6,24.42,0.64,0.3,13.92,25.84
2007-02-28,33.47,19.72,26.36,0.11,0.3,10.59,25.25
2007-03-01,35.27,21.35,28.0,0.0,0.3,7.99,23.08
2007-03-02,36.47,19.36,28.09,0.0,0.3,8.88,26.59
2007-03-03,41.51,23.06,32.55,0.01,0.3,9.91,25.47
2007-03-04,36.22,23.06,29.33,0.07,0.29,10.07,19.76
2007-03-05,30.64,18.81,23.9,0.01,0.29,4.67,25.52
2007-03-06,32.49,14.99,24.48,0.01,0.29,7.72,21.78
2007-03-07,29.35,20.21,23.99,0.41,0.29,13.81,21.83
2007-03-08,33.3,19.78,25.64,0.12,0.29,10.22,24.87
2007-03-09,30.73,12.69,21.68,0.0,0.29,3.02,26.02
2007-03-10,35.19,15.46,25.68,0.0,0.29,1.1,26.42
2007-03-11,36.44,18.47,27.05,0.0,0.29,2.09,24.32
2007-03-12,31.31,14.1,22.45,0.0,0.29,5.35,24.19
2007-03-13,32.09,17.34,23.86,0.0,0.29,7.6,25.06
2007-03-14,34.07,17.27,25.61,0.0,0.29,9.5,25.11
2007-03-15,37.62,22.07,29.77,1.49,0.29,15.21,18.33
2007-03-16,34.69,25.45,29.36,3.22,0.3,18.5,15.82
2007-03-17,26.94,18.3,23.63,1.24,0.3,13.95,15.33
2007-03-18,30.42,14.83,23.04,0.49,0.3,9.81,21.37
2007-03-19,32.06,20.53,24.85,0.95,0.3,13.02,13.66
2007-03-20,32.26,19.04,24.42,0.11,0.3,13.88,10.31
2007-03-21,34.07,19.57,26.86,0.0,0.3,15.23,18.3
2007-03-22,36.91,23.04,29.92,0.0,0.3,14.16,17.99
2007-03-23,37.66,25.42,30.6,0.28,0.3,13.31,21.96
2007-03-24,26.72,13.27,20.02,19.02,0.32,9.32,10.68
2007-03-25,24.15,8.96,16.5,0.33,0.33,4.17,23.63
2007-03-26,27.5,12.98,19.73,0.38,0.32,8.97,22.79
2007-03-27,28.65,13.29,20.52,0.0,0.32,6.76,22.53
2007-03-28,32.25,14.7,23.46,1.43,0.32,9.57,19.71
2007-03-29,21.64,13.46,17.48,5.55,0.33,10.16,12.83
2007-03-30,21.79,9.89,15.32,0.0,0.32,4.78,21.82
2007-03-31,23.13,8.86,15.39,0.0,0.32,4.74,21.76
2007-04-01,28.44,9.0,18.47,0.0,0.32,5.33,22.21
2007-04-02,30.39,12.51,20.99,0.0,0.32,6.11,19.25
2007-04-03,29.87,16.61,21.4,0.0,0.31,6.24,15.75
2007-04-04,29.0,12.13,20.06,0.0,0.31,5.9,21.03
2007-04-05,24.13,10.66,17.21,0.0,0.31,5.24,20.03
2007-04-06,25.49,9.79,17.38,0.0,0.31,5.1,20.77
2007-04-07,25.36,10.47,17.57,0.0,0.31,5.47,20.99
2007-04-08,26.85,11.31,18.52,0.0,0.31,6.59,20.42
2007-04-09,27.67,12.33,19.22,0.0,0.31,6.47,20.37
2007-04-10,27.19,11.54,20.03,0.0,0.31,4.37,18.88
2007-04-11,29.56,14.66,21.39,0.0,0.31,3.27,19.16
2007-04-12,29.75,13.23,21.31,0.0,0.31,4.75,19.05
2007-04-13,29.71,14.18,21.55,0.0,0.31,4.76,16.44
2007-04-14,30.51,14.77,22.16,0.0,0.31,6.12,15.95
2007-04-15,29.75,15.44,22.29,0.0,0.31,6.45,18.31
2007-04-16,26.14,10.91,18.21,0.0,0.31,6.4,18.74
2007-04-17,26.65,13.09,19.78,0.0,0.31,3.15,18.21
2007-04-18,27.94,12.5,19.28,0.02,0.3,3.05,18.16
2007-04-19,27.99,13.55,19.53,0.0,0.3,2.02,13.71
2007-04-20,27.91,11.17,19.5,0.01,0.3,1.59,18.21
2007-04-21,28.9,14.22,20.1,0.1,0.3,5.47,6.51
2007-04-22,23.63,11.36,17.01,0.0,0.3,8.56,16.18
2007-04-23,25.52,10.54,17.65,0.0,0.3,7.84,16.26
2007-04-24,24.7,12.44,18.44,0.0,0.3,8.81,15.15
2007-04-25,24.84,12.99,18.48,0.76,0.3,9.24,15.55
2007-04-26,25.06,12.36,18.57,0.3,0.3,7.22,14.47
2007-04-27,18.16,13.77,16.43,15.84,0.32,12.98,3.24
2007-04-28,21.84,12.29,17.11,2.26,0.34,10.47,10.57
2007-04-29,18.71,13.01,15.99,3.27,0.34,11.16,8.63
2007-04-30,21.3,11.38,16.12,0.8,0.34,10.44,10.26
2007-05-01,23.36,11.56,16.92,0.0,0.33,7.53,14.52
2007-05-02,26.56,14.23,18.95,0.0,0.33,8.36,13.91
2007-05-03,27.54,13.69,20.78,0.0,0.33,9.52,13.76
2007-05-04,22.81,13.16,17.36,0.0,0.33,8.61,15.47
2007-05-05,23.88,9.91,16.69,0.0,0.33,7.07,13.71
2007-05-06,24.77,11.94,17.49,0.0,0.33,7.91,14.94
2007-05-07,25.78,11.29,18.15,0.0,0.32,7.54,12.85
2007-05-08,27.21,14.19,19.57,0.11,0.32,7.04,10.48
2007-05-09,20.72,11.8,15.46,0.12,0.32,5.64,6.04
2007-05-10,21.88,10.1,15.1,0.0,0.32,7.24,13.56
2007-05-11,25.12,9.47,16.21,0.0,0.32,7.79,14.39
2007-05-12,26.07,9.66,17.19,0.82,0.32,9.61,13.12
2007-05-13,24.59,13.46,18.47,2.33,0.33,10.86,9.82
2007-05-14,25.7,13.52,19.05,0.45,0.33,10.06,11.79
2007-05-15,24.05,13.53,17.41,2.56,0.33,11.16,6.66
2007-05-16,25.04,12.2,18.07,0.59,0.33,10.9,13.13
2007-05-17,19.77,13.9,16.23,5.31,0.33,12.12,2.03
2007-05-18,20.69,10.96,15.42,9.38,0.36,9.93,12.69
2007-05-19,20.1,8.81,13.77,0.0,0.35,7.65,12.15
2007-05-20,18.84,8.83,13.6,0.08,0.35,7.72,7.73
2007-05-21,20.82,8.38,13.65,0.78,0.35,5.08,11.85
2007-05-22,16.05,5.74,10.56,0.03,0.34,5.09,12.3
2007-05-23,18.41,6.5,11.59,0.0,0.34,5.56,9.94
2007-05-24,19.1,5.52,11.58,0.0,0.34,4.17,13.01
2007-05-25,19.48,7.34,12.63,0.06,0.34,2.48,13.46
2007-05-26,20.42,4.42,11.24,0.0,0.34,1.53,13.03
2007-05-27,23.95,6.4,14.16,0.0,0.34,4.38,12.82
2007-05-28,20.39,11.78,15.06,3.33,0.35,9.01,7.44
2007-05-29,22.88,9.93,14.63,11.07,0.35,11.06,4.67
2007-05-30,14.52,5.6,9.21,0.0,0.37,3.56,12.84
2007-05-31,16.08,2.76,8.89,0.0,0.36,1.61,11.44
2007-06-01,15.6,8.16,11.08,0.11,0.36,6.94,7.97
2007-06-02,18.11,6.61,11.92,0.34,0.36,8.16,7.35
2007-06-03,14.83,7.99,10.85,0.29,0.36,7.64,8.19
2007-06-04,15.23,4.65,9.02,0.07,0.36,4.27,10.6
2007-06-05,14.77,2.51,7.69,0.0,0.35,2.78,11.34
2007-06-06,14.64,1.97,8.61,0.01,0.35,4.39,10.88
2007-06-07,13.56,5.33,9.88,1.77,0.35,5.16,4.98
2007-06-08,16.32,6.49,10.24,2.16,0.36,5.0,10.06
2007-06-09,17.6,4.61,9.21,0.0,0.36,5.28,11.85
2007-06-10,17.95,5.5,10.56,0.12,0.36,5.66,11.74
2007-06-11,15.13,4.29,9.54,0.03,0.36,6.1,9.59
2007-06-12,12.71,3.58,7.12,0.21,0.36,4.16,11.61
2007-06-13,11.55,3.1,5.94,0.02,0.36,3.54,11.17
2007-06-14,14.51,1.17,7.36,0.02,0.36,1.76,12.07
2007-06-15,16.13,4.47,9.35,0.01,0.35,4.66,11.6
2007-06-16,18.15,5.23,10.29,0.07,0.35,6.06,11.04
2007-06-17,16.24,4.78,8.73,0.05,0.35,5.17,9.82
2007-06-18,14.07,3.05,7.8,0.14,0.35,3.51,9.88
2007-06-19,7.53,2.26,4.81,1.92,0.35,3.14,6.66
2007-06-20,12.63,4.51,7.33,0.1,0.36,3.31,11.55
2007-06-21,12.03,2.49,5.74,0.34,0.36,3.23,7.79
2007-06-22,12.94,0.26,4.99,0.02,0.36,-0.88,12.07
2007-06-23,14.38,-1.16,5.37,0.0,0.35,-2.94,10.97
2007-06-24,16.5,0.41,8.27,0.0,0.35,1.93,11.01
2007-06-25,17.41,5.99,10.42,0.0,0.35,3.15,11.22
2007-06-26,14.88,2.19,8.01,0.01,0.35,0.48,11.05
2007-06-27,10.48,4.29,7.42,12.98,0.36,5.63,5.37
2007-06-28,17.92,7.06,11.37,0.22,0.38,7.0,10.98
2007-06-29,11.24,5.15,7.46,1.34,0.37,5.79,8.66
2007-06-30,13.3,3.95,8.32,0.46,0.37,4.86,9.6
2007-07-01,16.76,2.98,9.68,0.19,0.37,5.08,7.83
2007-07-02,17.1,6.61,11.76,1.87,0.37,8.07,9.44
2007-07-03,20.34,6.89,13.67,0.79,0.37,8.67,7.97
2007-07-04,17.14,9.3,12.58,0.81,0.37,5.98,11.43
2007-07-05,12.76,5.3,8.79,2.04,0.37,3.99,7.94
2007-07-06,13.23,1.59,8.11,2.3,0.37,5.16,10.98
2007-07-07,9.82,5.63,7.43,3.91,0.38,6.62,7.69
2007-07-08,12.4,4.24,7.34,1.14,0.38,4.57,6.93
2007-07-09,15.22,3.81,7.7,0.63,0.38,5.05,11.1
2007-07-10,16.28,4.51,8.86,0.0,0.38,3.66,12.27
2007-07-11,15.51,2.06,7.94,0.0,0.38,0.71,11.37
2007-07-12,12.87,2.37,6.84,0.0,0.38,3.57,8.42
2007-07-13,12.52,2.92,6.6,0.07,0.38,3.52,11.57
2007-07-14,10.23,3.59,5.73,0.2,0.38,3.17,9.8
2007-07-15,12.44,2.49,5.91,0.1,0.38,1.51,11.26
2007-07-16,11.49,1.3,5.56,0.09,0.38,0.04,8.2
2007-07-17,15.84,0.56,6.0,0.54,0.38,0.97,10.87
2007-07-18,8.94,-0.38,2.69,0.23,0.38,0.47,13.14
2007-07-19,11.93,-0.92,4.26,0.03,0.38,1.78,13.13
2007-07-20,13.47,2.15,5.91,0.0,0.38,2.21,13.13
2007-07-21,13.83,-0.85,5.73,0.0,0.37,1.31,12.55
2007-07-22,16.57,0.43,7.63,0.0,0.37,1.61,13.26
2007-07-23,18.03,1.56,9.76,0.34,0.37,2.49,11.84
2007-07-24,20.62,7.99,12.21,0.14,0.37,5.46,11.39
2007-07-25,21.76,5.53,12.5,0.0,0.37,4.65,12.98
2007-07-26,22.79,7.23,13.72,0.98,0.37,5.12,12.7
2007-07-27,18.72,7.82,12.15,3.24,0.38,5.76,13.32
2007-07-28,15.03,5.89,9.17,0.02,0.38,4.63,13.63
2007-07-29,14.83,5.8,9.73,2.29,0.38,4.64,4.55
2007-07-30,16.16,7.62,10.94,0.67,0.38,7.0,5.83
2007-07-31,15.54,5.87,10.15,0.01,0.38,5.63,8.87
2007-08-01,17.0,7.57,10.89,1.61,0.38,5.51,7.74
2007-08-02,19.26,5.51,11.58,0.07,0.38,5.82,10.97
2007-08-03,13.79,4.5,9.48,2.4,0.38,4.74,8.98
2007-08-04,13.4,0.91,6.86,0.02,0.38,2.42,11.49
2007-08-05,14.88,4.79,9.03,0.16,0.38,4.69,11.43
2007-08-06,16.37,4.61,9.86,0.02,0.38,5.67,13.8
2007-08-07,19.13,3.24,11.03,0.0,0.38,4.7,14.37
2007-08-08,19.01,4.85,10.79,0.0,0.37,3.88,14.82
2007-08-09,19.18,4.58,10.84,0.0,0.37,3.91,15.27
2007-08-10,20.81,3.35,11.91,0.0,0.37,0.86,15.6
2007-08-11,22.98,6.24,13.73,0.0,0.37,2.41,15.75
2007-08-12,18.83,6.6,11.61,0.0,0.37,5.43,14.19
2007-08-13,15.22,2.36,7.8,0.0,0.37,0.32,16.43
2007-08-14,16.34,-0.09,7.54,0.0,0.37,1.08,16.06
2007-08-15,19.15,4.65,10.36,0.0,0.37,2.85,16.45
2007-08-16,22.92,5.12,12.89,0.02,0.37,3.32,13.29
2007-08-17,14.6,7.67,10.76,0.28,0.37,6.79,6.28
2007-08-18,16.38,6.88,11.02,0.16,0.37,6.12,9.66
2007-08-19,15.97,3.2,9.79,0.92,0.37,3.3,15.81
2007-08-20,19.99,5.66,12.05,0.08,0.37,6.07,15.74
2007-08-21,20.11,3.73,11.51,0.0,0.36,3.04,17.09
2007-08-22,18.26,7.23,12.07,0.0,0.36,4.96,15.8
2007-08-23,19.46,6.23,12.71,0.0,0.36,5.64,15.05
2007-08-24,19.58,8.45,14.05,0.0,0.36,7.01,13.15
2007-08-25,22.54,7.9,14.91,0.0,0.36,5.08,17.67
2007-08-26,25.67,7.85,15.91,0.0,0.36,2.81,17.74
2007-08-27,26.85,7.91,16.46,0.0,0.36,1.87,18.06
2007-08-28,26.63,9.39,16.87,0.0,0.36,3.49,18.15
2007-08-29,25.01,8.4,15.76,0.0,0.35,6.1,18.76
2007-08-30,29.02,9.61,18.65,0.0,0.35,5.23,18.74
2007-08-31,21.69,8.67,16.05,0.0,0.35,2.96,16.6
2007-09-01,20.49,4.35,12.09,0.0,0.35,1.62,18.73
2007-09-02,24.09,5.92,14.74,0.0,0.35,-0.32,19.64
2007-09-03,19.22,5.85,11.82,0.0,0.35,0.35,19.51
2007-09-04,20.65,3.35,11.61,0.0,0.35,1.97,19.8
2007-09-05,20.08,4.71,12.12,0.0,0.35,2.38,19.42
2007-09-06,20.37,6.02,13.6,0.0,0.35,4.78,17.81
2007-09-07,21.26,8.71,14.23,0.0,0.35,4.41,15.81
2007-09-08,21.62,6.0,13.35,0.0,0.35,4.86,20.01
2007-09-09,23.25,7.77,15.34,0.0,0.34,4.93,20.74
2007-09-10,25.15,11.63,17.36,0.0,0.34,3.82,17.53
2007-09-11,19.21,8.79,13.98,0.01,0.34,6.44,11.53
2007-09-12,20.34,6.83,13.87,0.01,0.34,4.64,18.87
2007-09-13,26.99,8.34,17.81,0.0,0.34,1.27,18.82
2007-09-14,20.68,8.93,15.43,0.0,0.34,2.22,19.85
2007-09-15,21.66,4.73,13.17,0.0,0.34,-0.84,22.2
2007-09-16,23.33,7.46,15.53,0.0,0.34,-1.33,13.65
2007-09-17,19.35,7.64,12.35,0.0,0.34,1.22,22.59
2007-09-18,23.52,4.38,13.82,0.0,0.34,0.08,22.3
2007-09-19,29.13,8.13,17.19,1.48,0.34,-0.53,11.04
2007-09-20,19.6,7.43,12.48,0.32,0.34,1.35,21.98
2007-09-21,22.13,5.51,13.16,0.0,0.34,0.08,22.69
2007-09-22,23.34,7.75,14.8,0.0,0.34,1.65,23.59
2007-09-23,24.77,7.4,15.25,0.0,0.33,1.65,21.64
2007-09-24,26.44,8.41,16.51,0.0,0.33,0.9,23.21
2007-09-25,26.08,6.48,15.79,0.0,0.33,-3.08,24.5
2007-09-26,26.33,10.58,17.8,0.0,0.33,1.33,9.72
2007-09-27,24.42,8.48,16.49,0.0,0.33,3.31,23.74
2007-09-28,23.18,11.64,17.19,0.0,0.33,1.93,23.58
2007-09-29,20.05,5.6,12.62,0.0,0.33,-0.1,25.11
2007-09-30,25.18,7.41,16.03,0.0,0.33,2.4,24.43
2007-10-01,30.68,10.45,20.12,0.0,0.33,2.34,24.9
2007-10-02,32.2,10.48,21.13,0.0,0.33,2.72,25.07
2007-10-03,26.94,13.12,20.17,0.0,0.33,-1.99,25.06
2007-10-04,22.49,6.9,14.73,0.0,0.32,-2.12,25.75
2007-10-05,28.9,9.34,18.7,0.0,0.32,-3.98,25.31
2007-10-06,25.36,11.04,17.45,0.0,0.32,0.02,24.67
2007-10-07,22.15,8.35,15.15,0.0,0.32,0.81,15.58
2007-10-08,24.1,8.86,15.68,0.0,0.32,-2.76,24.89
2007-10-09,24.66,5.55,15.46,0.0,0.32,-3.19,27.12
2007-10-10,27.28,8.39,18.65,0.0,0.32,-0.01,17.38
2007-10-11,31.18,12.82,22.59,0.08,0.32,8.61,23.85
2007-10-12,20.68,10.39,15.85,0.19,0.32,3.59,19.06
2007-10-13,20.66,5.85,12.87,0.0,0.32,-0.99,27.44
2007-10-14,24.53,6.23,15.62,0.0,0.32,1.46,27.12
2007-10-15,30.53,10.71,20.71,0.0,0.32,0.25,27.85
2007-10-16,25.21,11.47,18.2,0.0,0.32,-2.34,27.94
2007-10-17,25.19,6.31,15.38,0.0,0.32,-4.15,28.92
2007-10-18,29.64,9.45,19.44,0.0,0.32,1.62,28.46
2007-10-19,32.84,15.73,23.07,0.0,0.32,1.86,24.09
2007-10-20,35.62,11.8,24.55,0.0,0.31,1.66,26.25
2007-10-21,36.31,18.05,27.17,0.0,0.31,2.5,27.75
2007-10-22,35.58,18.39,26.74,0.0,0.31,1.78,27.36
2007-10-23,31.03,18.67,23.68,0.18,0.31,10.25,12.09
2007-10-24,27.75,17.27,22.17,2.7,0.31,9.68,14.43
2007-10-25,24.36,15.11,19.52,2.82,0.32,11.64,16.28
2007-10-26,26.25,16.22,20.83,0.51,0.32,11.18,17.16
2007-10-27,32.43,14.34,23.76,0.0,0.32,5.33,29.04
2007-10-28,30.87,17.4,24.82,6.04,0.32,9.96,22.02
2007-10-29,24.45,11.06,17.35,0.0,0.33,1.22,30.2
2007-10-30,26.86,11.23,19.54,0.0,0.32,-0.79,26.9
2007-10-31,21.38,14.77,18.04,0.12,0.32,6.65,10.26
2007-11-01,30.35,14.25,22.2,0.81,0.32,10.1,15.16
2007-11-02,30.25,17.34,23.54,8.36,0.32,13.55,22.43
2007-11-03,28.03,15.47,21.28,13.57,0.35,15.41,14.21
2007-11-04,19.26,10.14,14.29,2.9,0.36,7.24,14.26
2007-11-05,24.06,8.13,16.42,0.4,0.35,6.77,17.95
2007-11-06,25.25,11.41,18.24,0.0,0.35,4.97,27.43
2007-11-07,24.53,12.19,18.34,0.18,0.34,7.23,24.44
2007-11-08,26.16,12.56,19.48,0.1,0.34,8.16,26.56
2007-11-09,27.79,14.72,21.4,0.15,0.34,8.57,27.39
2007-11-10,29.71,13.33,21.74,0.0,0.34,8.13,29.3
2007-11-11,31.81,15.89,23.74,0.0,0.33,6.95,27.43
2007-11-12,33.59,14.84,24.78,0.0,0.33,5.3,30.13
2007-11-13,35.29,15.62,26.51,0.0,0.33,5.36,29.05
2007-11-14,36.19,19.05,27.8,0.05,0.33,6.43,21.34
2007-11-15,37.47,20.47,29.39,0.0,0.33,8.73,23.91
2007-11-16,36.93,21.45,29.48,0.02,0.32,10.01,24.78
2007-11-17,36.78,20.68,28.91,0.07,0.32,11.85,20.64
2007-11-18,38.13,20.73,29.51,2.04,0.32,11.11,25.6
2007-11-19,40.1,21.72,30.86,1.38,0.33,8.99,30.98
2007-11-20,42.15,21.66,32.82,0.0,0.32,6.94,30.42
2007-11-21,31.64,16.38,24.43,5.15,0.33,11.45,15.39
2007-11-22,25.45,12.19,18.85,3.64,0.33,8.51,11.92
2007-11-23,25.95,13.81,20.2,4.31,0.34,11.57,17.84
2007-11-24,31.39,15.15,23.67,2.89,0.34,13.32,28.77
2007-11-25,27.99,18.84,24.1,6.23,0.34,15.93,23.41
2007-11-26,27.34,19.09,23.69,7.89,0.35,16.46,20.09
2007-11-27,28.05,19.35,23.43,9.79,0.36,16.81,19.27
2007-11-28,31.33,19.29,24.94,3.61,0.37,14.69,19.49
2007-11-29,31.24,18.06,24.6,1.07,0.36,14.12,24.55
2007-11-30,30.51,17.39,24.21,2.15,0.36,12.9,16.39
2007-12-01,31.2,17.95,24.83,3.88,0.36,13.34,29.64
2007-12-02,32.47,18.67,25.88,1.25,0.36,13.81,30.03
2007-12-03,31.5,19.42,24.84,7.62,0.36,15.99,12.28
2007-12-04,30.42,16.16,23.09,0.05,0.36,10.19,32.67
2007-12-05,33.0,15.1,25.27,0.07,0.36,8.65,31.32
2007-12-06,36.57,20.55,28.79,0.21,0.35,14.69,31.16
2007-12-07,33.48,20.63,28.06,0.18,0.35,12.56,25.81
2007-12-08,34.45,16.02,25.35,0.41,0.35,5.71,30.58
2007-12-09,36.01,20.12,26.24,0.0,0.34,7.65,23.41
2007-12-10,27.24,14.81,20.94,0.0,0.34,3.0,34.01
2007-12-11,28.28,11.4,20.12,0.0,0.34,2.85,34.42
2007-12-12,31.94,13.84,23.74,0.0,0.34,8.46,32.99
2007-12-13,30.25,17.78,24.42,0.0,0.34,9.69,26.7
2007-12-14,34.24,17.72,26.3,0.0,0.34,9.54,33.5
2007-12-15,37.41,21.01,28.84,0.78,0.33,15.14,22.72
2007-12-16,28.88,19.04,23.59,2.47,0.34,13.41,19.41
2007-12-17,31.74,13.82,23.72,0.0,0.34,5.94,34.15
2007-12-18,31.71,18.66,25.07,0.0,0.33,10.61,25.15
2007-12-19,34.21,20.95,28.24,2.18,0.33,14.36,21.89
2007-12-20,32.34,23.31,27.35,13.92,0.35,18.53,19.04
2007-12-21,30.88,22.64,26.73,24.0,0.38,21.83,18.96
2007-12-22,25.82,13.63,19.91,28.28,0.43,11.52,24.74
2007-12-23,23.46,10.3,16.91,0.01,0.42,5.28,34.24
2007-12-24,26.28,11.58,19.15,0.0,0.41,8.53,33.0
2007-12-25,28.31,9.75,19.42,0.0,0.4,4.32,34.41
2007-12-26,30.74,14.52,23.39,0.45,0.39,12.62,27.88
2007-12-27,32.66,19.75,25.82,0.1,0.39,9.01,33.97
2007-12-28,34.97,16.48,26.53,0.0,0.38,8.1,34.24
2007-12-29,36.82,19.83,29.01,0.0,0.38,11.09,33.89
2007-12-30,39.64,20.22,30.26,0.0,0.37,11.06,33.14
2007-12-31,38.32,20.38,29.16,0.0,0.37,8.37,34.25
2008-01-01,36.69,19.55,28.21,0.0,0.36,9.7,32.33
2008-01-02,39.65,20.12,30.31,0.0,0.36,11.15,33.59
2008-01-03,36.44,21.09,28.65,0.0,0.36,10.14,33.14
2008-01-04,34.47,19.4,26.95,0.0,0.35,10.29,33.23
2008-01-05,34.15,19.74,26.48,0.0,0.35,8.9,33.66
2008-01-06,39.53,19.12,30.24,0.0,0.35,7.48,33.11
2008-01-07,37.04,19.25,27.8,0.0,0.35,6.84,34.17
2008-01-08,36.66,17.17,27.28,0.12,0.35,4.77,34.17
2008-01-09,36.81,18.74,29.05,1.21,0.34,14.37,27.15
2008-01-10,38.93,23.5,31.38,0.48,0.35,14.27,31.48
2008-01-11,40.49,23.46,32.63,0.0,0.34,11.84,32.09
2008-01-12,40.21,25.23,32.76,1.32,0.34,12.7,28.68
2008-01-13,35.15,21.72,27.95,0.01,0.34,6.31,32.91
2008-01-14,34.87,16.98,26.08,0.0,0.34,4.02,34.15
2008-01-15,39.37,20.13,30.58,0.11,0.34,13.33,30.46
2008-01-16,38.13,22.66,31.29,0.19,0.34,4.03,32.91
2008-01-17,33.14,17.44,26.48,2.92,0.33,12.67,25.71
2008-01-18,25.14,19.34,22.01,14.48,0.35,16.06,9.48
2008-01-19,28.93,19.38,23.39,41.24,0.43,18.57,11.9
2008-01-20,29.79,17.99,23.98,0.05,0.42,15.8,17.62
2008-01-21,29.86,16.03,23.41,0.0,0.41,12.95,31.82
2008-01-22,30.22,18.3,24.61,0.03,0.4,13.05,27.68
2008-01-23,32.02,19.26,25.7,0.0,0.39,12.3,30.73
2008-01-24,32.1,19.11,25.51,0.0,0.38,10.47,22.48
2008-01-25,32.82,19.78,26.04,0.0,0.38,10.42,28.62
2008-01-26,32.99,19.09,27.0,0.0,0.38,11.35,23.81
2008-01-27,36.52,19.69,28.69,0.0,0.37,12.38,28.13
2008-01-28,36.08,19.6,27.88,0.0,0.37,11.16,31.32
2008-01-29,38.8,20.23,29.87,0.0,0.36,10.07,30.91
2008-01-30,40.59,24.06,31.48,1.79,0.36,14.52,20.32
2008-01-31,33.05,22.43,26.58,5.95,0.37,19.11,12.06
2008-02-01,32.98,18.04,25.69,0.5,0.37,12.24,30.01
2008-02-02,33.3,22.38,27.55,0.16,0.37,16.24,26.61
2008-02-03,30.65,22.18,26.13,4.18,0.37,18.0,11.46
2008-02-04,31.78,19.62,25.7,4.57,0.37,18.19,22.04
2008-02-05,33.3,21.25,27.37,4.92,0.38,16.92,26.44
2008-02-06,27.88,18.1,22.88,12.88,0.39,15.77,18.25
2008-02-07,26.56,15.2,19.7,8.17,0.4,10.49,25.28
2008-02-08,24.22,10.9,18.0,0.0,0.4,5.19,30.44
2008-02-09,25.14,10.6,17.95,0.0,0.39,6.33,31.08
2008-02-10,27.25,12.13,20.84,0.0,0.39,7.53,24.96
2008-02-11,30.03,17.93,24.1,0.27,0.38,12.17,23.52
2008-02-12,31.76,18.23,24.95,2.02,0.38,15.05,26.54
2008-02-13,29.29,15.17,21.85,0.16,0.38,7.31,30.34
2008-02-14,30.9,12.38,22.2,0.0,0.37,9.04,29.34
2008-02-15,32.4,16.89,24.35,0.0,0.37,10.42,29.47
2008-02-16,32.47,16.1,24.24,0.0,0.37,9.86,29.6
2008-02-17,30.53,15.92,23.25,0.0,0.36,9.11,29.35
2008-02-18,30.66,17.26,24.24,0.0,0.36,13.42,23.96
2008-02-19,32.54,17.78,25.24,0.0,0.36,13.12,27.09
2008-02-20,35.47,18.62,27.11,0.02,0.36,13.72,19.35
2008-02-21,32.77,20.93,25.64,0.06,0.36,13.08,22.63
2008-02-22,37.96,19.12,26.79,0.0,0.35,8.83,18.54
2008-02-23,27.34,13.28,20.12,0.0,0.35,4.87,29.24
2008-02-24,27.7,12.8,20.07,0.0,0.35,6.37,28.6
2008-02-25,29.64,12.52,21.21,0.0,0.35,4.62,28.65
2008-02-26,32.71,14.48,23.74,0.0,0.35,3.65,27.11
2008-02-27,33.37,16.03,25.24,0.13,0.35,6.09,24.54
2008-02-28,26.5,13.78,20.27,0.15,0.35,3.25,25.64
2008-02-29,24.6,9.78,16.92,0.0,0.34,0.26,28.34
2008-03-01,28.15,9.73,19.1,0.0,0.34,0.9,28.21
2008-03-02,29.6,12.25,20.77,0.0,0.34,3.02,27.88
2008-03-03,31.44,13.83,23.0,0.0,0.34,5.46,27.67
2008-03-04,34.27,15.87,25.31,0.0,0.34,4.02,26.98
2008-03-05,34.6,16.72,25.58,0.0,0.34,5.55,26.7
2008-03-06,36.86,17.9,27.41,0.0,0.34,5.02,24.64
2008-03-07,36.69,20.28,27.44,0.0,0.34,6.12,23.88
2008-03-08,35.12,16.84,25.86,0.0,0.33,7.49,25.76
2008-03-09,35.34,18.29,26.54,0.0,0.33,7.69,25.49
2008-03-10,34.98,18.99,26.91,0.0,0.33,9.83,25.1
2008-03-11,38.36,20.0,29.2,0.01,0.33,8.26,25.06
2008-03-12,37.96,20.3,28.53,0.01,0.33,7.26,24.72
2008-03-13,38.78,20.4,29.7,0.0,0.33,6.58,24.77
2008-03-14,38.99,20.82,30.12,0.0,0.33,8.09,24.52
2008-03-15,39.98,22.1,30.37,0.0,0.33,8.16,24.0
2008-03-16,37.69,21.1,29.04,0.0,0.33,9.07,24.3
2008-03-17,36.02,20.13,27.84,0.0,0.33,9.86,24.13
2008-03-18,34.73,20.63,27.51,0.0,0.32,11.7,22.17
2008-03-19,35.11,20.95,27.63,0.0,0.32,9.16,22.04
2008-03-20,33.31,19.75,26.15,1.52,0.32,9.33,16.36
2008-03-21,25.86,14.63,19.45,0.05,0.33,2.13,23.8
2008-03-22,28.63,14.16,21.4,1.95,0.33,10.58,19.87
2008-03-23,29.68,18.81,24.09,1.2,0.33,14.98,17.59
2008-03-24,31.71,19.14,25.34,1.21,0.33,15.42,18.99
2008-03-25,25.64,16.81,21.82,5.92,0.34,16.11,8.19
2008-03-26,22.97,12.93,17.54,0.0,0.34,7.3,19.32
2008-03-27,20.04,8.84,14.09,0.0,0.34,4.1,21.85
2008-03-28,20.84,7.31,13.93,0.0,0.33,2.78,22.74
2008-03-29,23.41,8.35,16.1,0.0,0.33,0.86,22.21
2008-03-30,22.64,9.52,15.69,0.0,0.33,4.16,22.36
2008-03-31,23.87,9.34,16.62,0.0,0.33,4.73,19.42
2008-04-01,27.15,10.68,19.04,0.0,0.33,3.92,21.79
2008-04-02,29.39,13.5,20.19,0.18,0.33,4.03,9.36
2008-04-03,19.98,10.07,14.31,0.0,0.33,1.24,21.44
2008-04-04,21.91,6.94,14.2,0.0,0.33,3.07,21.02
2008-04-05,24.75,9.34,16.64,0.0,0.33,5.83,20.75
2008-04-06,26.24,9.83,18.27,0.0,0.33,4.64,15.29
2008-04-07,26.98,14.53,19.77,0.0,0.33,6.99,18.71
2008-04-08,26.25,12.57,18.76,0.0,0.32,7.39,19.98
2008-04-09,26.64,11.62,19.22,0.0,0.32,7.27,18.14
2008-04-10,27.99,12.97,20.25,0.0,0.32,6.29,18.81
2008-04-11,29.49,14.1,21.33,0.0,0.32,6.08,18.84
2008-04-12,27.93,16.93,21.53,0.08,0.32,8.43,15.25
2008-04-13,23.01,12.31,17.35,0.0,0.32,3.16,17.72
2008-04-14,23.06,9.02,15.39,0.0,0.32,4.21,18.84
2008-04-15,24.96,8.36,16.35,0.0,0.32,4.19,19.1
2008-04-16,25.32,10.01,17.12,0.0,0.32,5.12,19.11
2008-04-17,25.29,9.18,16.78,0.0,0.32,5.37,18.8
2008-04-18,25.12,10.53,17.82,0.0,0.32,7.74,17.47
2008-04-19,23.95,13.37,17.7,0.0,0.32,7.78,17.49
2008-04-20,24.45,10.49,16.96,0.0,0.32,7.02,17.12
2008-04-21,24.61,10.42,17.08,0.0,0.32,5.17,16.5
2008-04-22,24.24,9.58,16.44,0.0,0.32,5.13,14.08
2008-04-23,24.22,10.03,16.59,0.0,0.32,6.73,16.46
2008-04-24,25.04,9.82,16.94,0.0,0.32,5.98,15.52
2008-04-25,25.41,11.27,17.83,0.0,0.32,2.65,17.16
2008-04-26,23.74,12.64,17.89,0.53,0.32,5.89,13.62
2008-04-27,16.3,8.33,12.5,17.98,0.33,7.21,4.46
2008-04-28,12.35,4.94,8.13,0.33,0.35,3.14,12.93
2008-04-29,16.85,3.15,9.72,0.0,0.35,0.85,16.25
2008-04-30,17.45,3.44,10.88,0.02,0.35,0.32,11.29
2008-05-01,18.11,9.03,13.14,0.56,0.34,1.33,8.3
2008-05-02,20.55,9.72,13.91,0.0,0.34,3.71,12.8
2008-05-03,19.2,6.67,12.59,0.0,0.34,5.52,10.47
2008-05-04,19.41,8.1,12.69,0.0,0.34,3.83,15.68
2008-05-05,23.27,6.7,14.42,0.01,0.34,3.12,14.62
2008-05-06,21.28,9.81,14.27,0.02,0.34,5.7,11.82
2008-05-07,19.58,7.69,12.52,0.0,0.34,6.42,12.74
2008-05-08,20.6,5.15,11.89,0.0,0.34,5.98,15.01
2008-05-09,21.2,6.97,12.77,0.0,0.34,6.68,14.88
2008-05-10,21.43,7.72,13.31,0.0,0.34,8.28,14.52
2008-05-11,22.53,7.63,13.93,0.0,0.33,8.69,14.39
2008-05-12,21.93,7.33,13.44,0.0,0.33,6.68,14.15
2008-05-13,19.74,7.28,12.32,0.0,0.33,5.11,13.94
2008-05-14,21.96,6.86,13.74,0.0,0.33,4.42,14.09
2008-05-15,24.84,8.44,15.18,0.46,0.33,6.32,11.1
2008-05-16,21.91,9.88,14.45,0.08,0.33,7.15,12.81
2008-05-17,12.94,8.03,10.54,2.07,0.33,4.74,8.88
2008-05-18,15.63,6.21,10.03,1.53,0.34,6.16,8.16
2008-05-19,17.75,3.5,10.47,0.0,0.34,5.66,12.25
2008-05-20,19.91,8.64,13.6,0.0,0.34,8.85,6.19
2008-05-21,20.35,9.4,13.69,0.0,0.34,8.59,10.55
2008-05-22,20.27,7.05,12.66,0.0,0.34,6.13,13.18
2008-05-23,20.02,6.06,12.28,0.0,0.34,4.76,13.26
2008-05-24,22.48,7.13,13.57,0.0,0.33,5.09,12.64
2008-05-25,22.79,8.77,14.52,0.78,0.33,6.97,8.28
2008-05-26,21.79,11.37,15.75,0.06,0.33,6.21,12.34
2008-05-27,22.08,9.54,14.25,0.0,0.33,6.84,12.4
2008-05-28,19.56,8.53,12.38,0.0,0.33,6.87,12.19
2008-05-29,20.11,6.01,11.87,0.0,0.33,4.91,12.82
2008-05-30,21.83,6.28,12.89,0.0,0.33,4.93,12.75
2008-05-31,20.67,6.88,12.4,0.0,0.33,1.72,12.74
2008-06-01,21.8,4.95,12.7,0.0,0.33,5.06,11.38
2008-06-02,19.85,11.03,14.39,0.0,0.33,9.72,9.28
2008-06-03,22.25,8.78,14.49,2.89,0.33,10.33,7.62
2008-06-04,20.62,11.69,14.63,2.84,0.34,10.5,6.06
2008-06-05,20.94,9.32,13.84,0.08,0.34,8.24,9.73
2008-06-06,19.71,8.43,13.55,0.37,0.34,8.31,9.32
2008-06-07,19.27,6.47,12.03,0.01,0.34,6.43,11.44
2008-06-08,20.41,6.52,13.12,0.0,0.34,4.85,9.74
2008-06-09,17.23,11.57,13.88,6.84,0.34,11.12,2.72
2008-06-10,19.39,10.93,13.92,2.57,0.35,9.58,7.91
2008-06-11,18.34,10.81,13.51,0.05,0.35,8.41,3.99
2008-06-12,21.32,8.17,13.89,0.09,0.35,8.47,10.08
2008-06-13,14.66,6.16,10.47,0.0,0.35,4.65,10.31
2008-06-14,14.44,4.35,7.58,0.0,0.35,3.41,11.88
2008-06-15,16.53,4.13,8.7,0.0,0.35,3.25,11.86
2008-06-16,19.25,4.34,10.54,0.0,0.35,6.18,10.84
2008-06-17,20.44,6.72,12.33,0.0,0.34,7.85,11.84
2008-06-18,20.4,9.66,14.19,0.41,0.34,8.0,4.48
2008-06-19,18.44,9.91,13.33,3.68,0.35,10.66,3.21
2008-06-20,14.93,7.44,10.82,4.1,0.36,7.37,4.03
2008-06-21,16.11,6.66,10.46,0.09,0.36,6.57,6.43
2008-06-22,16.31,6.03,10.24,0.0,0.35,6.43,11.19
2008-06-23,13.7,5.57,9.2,0.0,0.35,5.2,7.59
2008-06-24,16.63,3.21,8.86,0.0,0.35,5.1,11.69
2008-06-25,16.95,2.98,9.28,0.0,0.35,3.21,12.2
2008-06-26,16.28,4.51,8.82,0.0,0.35,1.56,12.13
2008-06-27,15.71,1.87,8.12,0.0,0.35,2.59,11.97
2008-06-28,16.28,2.48,9.38,0.0,0.35,2.63,9.5
2008-06-29,19.17,3.08,9.97,0.0,0.35,0.03,12.08
2008-06-30,19.41,6.02,10.6,0.0,0.35,2.1,7.19
2008-07-01,16.05,5.11,9.97,0.5,0.35,6.07,8.82
2008-07-02,16.96,6.25,10.48,0.07,0.35,6.65,8.04
2008-07-03,14.34,2.03,7.05,0.0,0.35,1.98,11.9
2008-07-04,15.98,1.14,7.43,0.0,0.35,2.3,12.37
2008-07-05,18.67,5.92,10.85,0.0,0.35,5.53,11.96
2008-07-06,18.44,7.65,12.05,0.85,0.35,6.87,9.17
2008-07-07,15.06,5.47,10.69,13.18,0.37,7.7,4.86
2008-07-08,10.62,5.64,7.43,2.19,0.37,3.8,9.95
2008-07-09,12.37,6.19,8.27,1.04,0.37,4.6,9.48
2008-07-10,12.08,5.46,8.58,1.87,0.37,3.38,5.27
2008-07-11,13.7,2.14,7.24,0.03,0.37,1.22,11.82
2008-07-12,12.33,0.17,6.74,0.04,0.37,-0.31,6.03
2008-07-13,20.48,6.79,11.64,0.0,0.37,0.85,5.63
2008-07-14,19.56,6.54,11.55,0.0,0.37,2.42,12.54
2008-07-15,16.2,6.5,10.24,0.01,0.36,5.96,11.22
2008-07-16,16.95,5.23,10.4,0.01,0.36,4.14,11.3
2008-07-17,17.45,3.58,9.95,0.13,0.36,0.63,12.04
2008-07-18,12.75,4.41,7.23,1.3,0.36,2.75,12.88
2008-07-19,15.75,2.28,9.59,0.04,0.36,0.35,7.92
2008-07-20,13.85,5.69,10.63,9.18,0.37,5.37,2.04
2008-07-21,13.83,2.83,7.71,0.06,0.38,3.74,7.68
2008-07-22,13.73,0.61,6.08,0.0,0.38,1.03,13.68
2008-07-23,15.35,1.02,6.46,0.0,0.38,0.36,12.81
2008-07-24,16.54,1.97,8.23,0.01,0.37,3.3,13.46
2008-07-25,15.89,3.82,9.65,0.33,0.37,4.61,10.06
2008-07-26,17.0,3.3,9.1,0.06,0.37,2.04,13.07
2008-07-27,9.33,4.27,6.58,0.47,0.37,3.78,9.76
2008-07-28,13.84,2.65,6.91,0.12,0.37,2.37,12.98
2008-07-29,15.17,2.34,8.11,0.01,0.37,0.68,13.45
2008-07-30,17.2,3.54,9.53,0.0,0.37,-0.87,14.14
2008-07-31,16.94,2.69,10.42,0.12,0.37,0.49,7.49
2008-08-01,15.49,7.05,12.04,0.49,0.37,4.92,7.42
2008-08-02,15.07,3.03,8.48,0.01,0.37,3.07,11.36
2008-08-03,17.18,4.52,9.94,0.01,0.37,2.94,10.08
2008-08-04,17.67,4.17,10.53,0.31,0.37,1.52,7.81
2008-08-05,14.65,4.69,8.82,4.08,0.37,3.56,10.55
2008-08-06,16.85,2.85,8.83,0.01,0.37,3.32,13.73
2008-08-07,9.47,6.33,7.72,7.12,0.38,5.42,8.55
2008-08-08,13.95,5.0,8.31,0.22,0.38,2.74,11.57
2008-08-09,14.24,4.81,8.11,0.06,0.38,1.16,13.02
2008-08-10,10.19,3.68,6.24,1.37,0.38,1.47,9.51
2008-08-11,10.83,0.16,4.21,0.03,0.38,0.53,14.69
2008-08-12,13.87,0.71,6.54,0.01,0.38,1.69,13.03
2008-08-13,13.59,2.27,7.12,0.01,0.38,1.11,15.73
2008-08-14,14.22,0.5,6.95,0.0,0.38,1.18,15.0
2008-08-15,12.28,3.22,7.39,0.09,0.37,4.34,8.07
2008-08-16,14.29,4.94,8.64,0.14,0.37,5.0,10.86
2008-08-17,13.94,3.16,7.41,0.0,0.37,2.47,14.64
2008-08-18,13.11,1.45,6.96,0.0,0.37,2.36,14.43
2008-08-19,16.93,3.39,8.99,0.0,0.37,1.71,17.11
2008-08-20,18.0,3.81,10.21,0.0,0.37,-0.56,15.74
2008-08-21,16.58,5.72,10.01,0.02,0.37,-0.85,10.32
2008-08-22,13.24,4.86,8.18,0.4,0.37,1.99,16.34
2008-08-23,15.01,0.16,6.83,0.0,0.37,-0.84,18.45
2008-08-24,16.64,0.5,8.24,0.0,0.37,0.08,18.49
2008-08-25,17.71,0.96,9.83,0.0,0.37,-1.68,16.4
2008-08-26,19.31,2.94,10.61,0.0,0.37,-1.45,17.63
2008-08-27,17.38,3.07,9.28,0.0,0.37,1.08,18.96
2008-08-28,19.91,1.32,10.18,0.0,0.36,2.08,18.72
2008-08-29,20.58,3.39,11.8,0.0,0.36,2.55,18.68
2008-08-30,16.87,7.4,12.04,1.05,0.36,5.64,4.98
2008-08-31,18.03,6.88,13.73,5.45,0.37,8.82,12.68
2008-09-01,19.23,4.92,11.88,0.0,0.37,3.0,19.49
2008-09-02,20.68,6.59,13.04,0.06,0.37,3.03,18.68
2008-09-03,20.61,5.26,12.85,0.0,0.37,4.85,19.74
2008-09-04,17.24,9.51,13.44,0.12,0.37,7.48,13.21
2008-09-05,20.53,9.49,14.21,0.05,0.36,6.51,15.24
2008-09-06,21.24,7.42,13.59,0.01,0.36,5.76,18.99
2008-09-07,20.59,7.07,13.14,0.0,0.36,4.61,14.61
2008-09-08,19.6,6.6,11.95,0.0,0.36,3.69,20.39
2008-09-09,19.18,2.02,9.94,0.0,0.36,0.6,21.71
2008-09-10,20.44,3.0,11.38,0.0,0.36,-2.77,21.63
2008-09-11,21.36,3.94,12.19,0.0,0.36,-3.19,19.22
2008-09-12,29.52,9.72,18.86,0.0,0.36,4.42,19.61
2008-09-13,31.03,13.13,21.48,0.02,0.35,6.47,19.99
2008-09-14,22.52,11.11,17.34,6.59,0.36,6.1,21.03
2008-09-15,25.59,8.45,15.29,0.06,0.36,0.96,16.95
2008-09-16,16.71,4.37,10.16,0.0,0.36,-1.41,22.94
2008-09-17,19.76,3.63,11.48,0.0,0.36,-0.31,22.95
2008-09-18,25.84,5.51,15.75,0.0,0.35,0.64,21.68
2008-09-19,31.36,10.76,20.23,0.0,0.35,0.68,22.99
2008-09-20,26.08,11.44,17.9,0.0,0.35,4.52,23.08
2008-09-21,25.37,7.29,16.83,0.0,0.35,2.71,23.32
2008-09-22,27.05,6.72,17.98,3.66,0.35,7.7,9.06
2008-09-23,19.02,4.46,11.01,1.85,0.36,2.17,21.34
2008-09-24,21.56,4.96,12.74,0.0,0.35,1.77,24.24
2008-09-25,24.57,7.63,15.17,0.0,0.35,1.83,24.31
2008-09-26,28.95,10.31,18.58,0.0,0.35,3.57,24.53
2008-09-27,32.31,11.01,21.5,0.0,0.35,2.3,24.69
2008-09-28,26.45,12.33,18.93,0.0,0.34,2.75,24.29
2008-09-29,21.11,7.91,13.96,0.0,0.34,1.57,24.15
2008-09-30,22.41,5.64,13.86,0.0,0.34,-1.01,25.52
2008-10-01,29.21,7.51,18.65,0.0,0.34,-1.44,25.32
2008-10-02,33.22,13.14,23.16,0.0,0.34,5.43,24.64
2008-10-03,35.95,18.61,25.31,5.83,0.34,9.99,18.87
2008-10-04,24.59,15.61,19.2,10.91,0.37,14.34,12.63
2008-10-05,27.54,10.46,18.54,0.79,0.36,8.44,21.63
2008-10-06,20.48,8.47,14.92,0.83,0.36,5.4,20.17
2008-10-07,20.01,4.65,11.94,0.0,0.36,0.35,26.61
2008-10-08,20.95,5.63,13.02,0.0,0.36,2.79,23.07
2008-10-09,24.53,5.9,15.65,0.0,0.35,0.05,27.1
2008-10-10,27.01,7.72,17.59,0.0,0.35,-1.19,27.4
2008-10-11,28.16,11.53,19.8,0.0,0.35,7.87,25.04
2008-10-12,30.08,13.57,21.95,0.0,0.35,8.25,24.85
2008-10-13,31.79,18.94,24.66,0.5,0.34,10.88,19.74
2008-10-14,24.67,11.69,18.3,0.06,0.34,0.87,27.38
2008-10-15,23.96,7.75,15.47,0.08,0.34,0.45,28.13
2008-10-16,28.14,7.62,18.21,0.0,0.34,3.62,28.11
2008-10-17,31.52,11.81,22.02,0.0,0.34,3.42,27.73
2008-10-18,33.33,14.71,24.35,0.0,0.34,6.09,26.8
2008-10-19,35.81,17.82,26.72,0.0,0.34,5.75,23.24
2008-10-20,28.52,14.41,21.38,0.0,0.33,3.1,28.15
2008-10-21,23.35,8.47,15.8,0.0,0.33,-0.83,29.75
2008-10-22,21.68,7.88,14.03,0.0,0.33,-2.71,30.02
2008-10-23,24.07,5.81,15.0,0.01,0.33,-1.81,29.9
2008-10-24,27.65,8.49,18.37,0.0,0.33,-3.91,20.7
2008-10-25,34.17,13.05,24.05,0.0,0.33,-1.25,27.45
2008-10-26,36.35,20.27,27.25,0.0,0.33,-0.81,21.63
2008-10-27,31.87,15.8,23.82,0.0,0.33,4.53,28.85
2008-10-28,31.09,13.67,22.44,0.0,0.33,5.31,29.58
2008-10-29,33.99,12.85,24.11,0.0,0.32,2.56,28.81
2008-10-30,36.24,17.81,27.69,0.3,0.32,8.83,18.23
2008-10-31,30.44,19.69,24.42,3.62,0.32,7.69,26.43
2008-11-01,26.28,15.06,21.13,0.32,0.33,9.97,19.32
2008-11-02,28.91,17.89,22.59,8.35,0.33,12.66,13.78
2008-11-03,26.21,15.59,20.15,0.84,0.35,9.99,22.44
2008-11-04,26.18,9.77,18.0,0.0,0.34,2.01,30.47
2008-11-05,29.81,10.64,21.51,0.0,0.34,1.08,17.3
2008-11-06,29.75,15.85,22.3,0.0,0.33,3.76,29.33
2008-11-07,28.64,17.88,21.64,8.84,0.34,6.84,7.46
2008-11-08,23.64,14.67,18.45,1.49,0.35,9.05,18.71
2008-11-09,26.93,9.94,18.5,0.0,0.34,5.21,31.31
2008-11-10,31.17,13.39,22.36,0.0,0.34,5.13,31.48
2008-11-11,33.82,15.9,25.31,0.0,0.34,6.63,27.17
2008-11-12,35.71,16.44,26.82,0.0,0.33,6.33,30.52
2008-11-13,34.65,19.53,27.84,0.0,0.33,7.16,24.1
2008-11-14,35.48,21.08,28.1,0.25,0.33,10.69,24.35
2008-11-15,30.04,18.3,23.86,0.0,0.33,4.92,27.36
2008-11-16,24.87,12.52,18.79,0.0,0.33,-0.39,21.95
2008-11-17,29.94,9.72,20.5,0.0,0.33,-1.65,28.9
2008-11-18,26.91,16.82,21.21,6.28,0.33,6.93,9.52
2008-11-19,23.72,16.04,20.02,3.74,0.34,15.35,14.29
2008-11-20,27.18,15.46,20.85,0.36,0.34,11.59,23.0
2008-11-21,26.98,10.95,19.09,0.22,0.34,6.45,25.88
2008-11-22,17.77,8.96,13.2,1.58,0.34,2.24,25.28
2008-11-23,25.3,6.77,16.13,0.06,0.34,3.78,29.4
2008-11-24,27.45,9.46,18.17,0.0,0.33,2.46,30.12
2008-11-25,31.35,12.17,22.36,0.0,0.33,1.92,29.03
2008-11-26,32.82,16.85,24.14,2.86,0.33,11.25,24.49
2008-11-27,37.72,17.05,27.84,0.16,0.33,11.7,28.69
2008-11-28,36.41,16.02,24.16,8.58,0.33,14.07,12.03
2008-11-29,25.28,13.27,19.18,0.11,0.34,8.34,22.04
2008-11-30,26.94,10.94,19.57,0.0,0.34,4.76,33.46
2008-12-01,27.37,14.64,21.5,0.0,0.34,7.39,29.64
2008-12-02,29.13,14.9,21.89,0.0,0.33,3.02,32.5
2008-12-03,29.39,14.85,22.19,0.0,0.33,5.4,32.25
2008-12-04,33.47,14.44,24.65,0.0,0.33,6.23,26.87
2008-12-05,36.61,22.28,28.43,0.0,0.33,11.31,30.88
2008-12-06,33.02,18.81,24.39,0.35,0.33,10.22,24.59
2008-12-07,28.45,15.61,21.86,0.26,0.33,4.68,33.49
2008-12-08,30.39,12.0,22.16,0.0,0.32,-1.82,34.6
2008-12-09,32.91,15.36,24.84,2.16,0.32,-0.64,27.42
2008-12-10,33.29,17.3,25.14,0.0,0.33,9.48,32.73
2008-12-11,31.43,16.27,24.03,0.51,0.32,3.85,20.65
2008-12-12,26.28,17.65,21.88,26.22,0.36,16.79,9.58
2008-12-13,24.83,16.11,21.1,0.45,0.37,13.02,15.18
2008-12-14,20.58,12.02,16.54,2.03,0.36,9.05,16.7
2008-12-15,25.38,10.57,17.98,0.0,0.36,4.98,34.51
2008-12-16,30.53,13.46,22.85,0.0,0.35,5.17,33.43
2008-12-17,31.67,16.59,24.99,0.04,0.35,10.5,26.6
2008-12-18,28.01,17.62,22.16,1.24,0.35,12.01,24.27
2008-12-19,24.85,12.69,18.53,0.0,0.35,4.4,34.61
2008-12-20,29.93,10.24,20.63,0.0,0.34,3.24,34.64
2008-12-21,32.5,14.9,24.15,0.0,0.34,7.22,30.98
2008-12-22,36.95,19.48,28.59,3.89,0.34,13.32,29.88
2008-12-23,31.94,18.45,25.4,0.01,0.34,12.06,28.29
2008-12-24,31.54,14.59,23.35,0.01,0.34,4.5,31.37
2008-12-25,36.04,19.15,27.56,0.0,0.34,4.63,33.71
2008-12-26,38.68,21.42,30.27,0.0,0.33,6.77,31.27
2008-12-27,35.42,24.56,28.96,0.0,0.33,12.49,16.47
2008-12-28,35.95,20.61,28.02,0.0,0.33,8.19,33.64
2008-12-29,30.49,18.5,23.8,0.0,0.33,6.08,33.42
2008-12-30,29.27,15.28,22.39,0.0,0.33,6.05,32.72
2008-12-31,29.07,14.03,21.59,0.0,0.33,4.76,33.0
2009-01-01,31.04,15.94,23.82,0.0,0.33,5.53,33.49
2009-01-02,26.89,11.13,18.98,0.0,0.33,-1.46,35.26
2009-01-03,32.6,11.26,22.35,0.0,0.33,-1.96,34.92
2009-01-04,37.99,15.74,27.17,0.0,0.32,-0.23,34.49
2009-01-05,38.5,18.33,28.57,0.0,0.32,-1.37,34.39
2009-01-06,41.0,19.04,30.71,0.0,0.32,0.74,33.46
2009-01-07,38.57,22.7,30.93,0.66,0.32,5.34,19.84
2009-01-08,30.53,17.44,23.77,0.1,0.32,1.95,34.68
2009-01-09,32.63,12.32,23.52,0.0,0.32,0.91,32.9
2009-01-10,33.72,18.4,26.03,1.17,0.32,8.5,29.75
2009-01-11,33.77,18.27,25.94,0.1,0.32,6.79,29.53
2009-01-12,37.09,17.62,27.68,0.0,0.32,1.59,33.43
2009-01-13,40.73,19.37,30.9,0.0,0.32,7.01,33.34
2009-01-14,43.6,26.45,35.43,0.0,0.32,9.9,32.15
2009-01-15,37.84,22.66,31.4,0.0,0.32,5.86,30.25
2009-01-16,31.33,17.71,24.32,0.0,0.31,1.44,33.9
2009-01-17,32.03,12.63,22.57,0.0,0.31,0.41,33.73
2009-01-18,35.14,16.6,26.06,0.0,0.31,2.56,29.94
2009-01-19,39.48,21.65,31.32,0.0,0.31,8.55,31.19
2009-01-20,41.76,25.7,33.28,2.25,0.31,11.5,26.98
2009-01-21,39.77,24.55,31.61,5.93,0.32,12.46,27.3
2009-01-22,35.85,23.03,28.6,7.34,0.33,18.0,24.84
2009-01-23,38.35,20.09,29.41,2.54,0.33,14.74,26.5
2009-01-24,32.92,19.9,26.46,0.03,0.33,8.63,32.05
2009-01-25,36.07,16.03,26.33,0.0,0.32,2.31,33.02
2009-01-26,39.86,18.92,29.71,0.0,0.32,4.28,32.56
2009-01-27,40.7,22.58,31.96,0.0,0.32,12.13,30.46
2009-01-28,41.69,25.99,34.07,0.0,0.32,10.57,30.81
2009-01-29,42.29,25.27,34.2,0.0,0.32,8.41,30.8
2009-01-30,42.82,25.63,34.5,0.0,0.31,9.12,31.58
2009-01-31,42.09,26.25,34.37,0.0,0.31,9.04,30.73
2009-02-01,43.38,24.96,34.86,0.0,0.31,7.74,30.34
2009-02-02,43.98,27.33,35.3,1.27,0.31,10.51,25.35
2009-02-03,41.67,25.68,33.8,0.27,0.31,12.34,27.38
2009-02-04,41.59,25.44,33.31,0.54,0.31,11.01,28.0
2009-02-05,44.18,26.16,35.33,0.0,0.31,7.91,30.45
2009-02-06,44.28,26.91,35.38,0.0,0.31,8.01,30.3
2009-02-07,45.22,27.77,36.84,0.0,0.31,9.31,26.35
2009-02-08,44.8,28.38,36.32,0.0,0.31,8.15,29.62
2009-02-09,32.74,20.6,26.49,0.3,0.31,4.47,24.15
2009-02-10,28.48,14.7,21.34,0.07,0.31,-0.14,27.52
2009-02-11,27.61,12.46,19.86,0.0,0.31,2.37,30.91
2009-02-12,27.38,13.29,20.87,5.18,0.31,8.85,22.13
2009-02-13,25.97,15.37,19.65,6.09,0.33,11.41,16.8
2009-02-14,26.26,16.55,21.14,0.97,0.33,10.84,19.8
2009-02-15,29.78,14.7,21.74,4.27,0.32,10.74,21.75
2009-02-16,27.37,17.04,21.97,1.15,0.33,12.38,18.66
2009-02-17,29.25,16.78,22.7,0.01,0.33,9.72,17.21
2009-02-18,31.78,16.39,24.26,0.94,0.32,10.26,23.72
2009-02-19,35.07,17.87,26.83,0.0,0.32,8.88,27.67
2009-02-20,35.96,19.6,26.95,0.0,0.32,8.95,23.09
2009-02-21,31.14,17.75,24.01,0.0,0.32,5.73,28.91
2009-02-22,34.11,14.47,24.65,0.0,0.32,4.37,28.35
2009-02-23,36.08,18.38,27.6,1.12,0.32,2.71,25.63
2009-02-24,34.28,16.46,25.03,0.1,0.32,4.64,28.24
2009-02-25,32.8,14.16,23.07,0.01,0.31,0.27,29.26
2009-02-26,35.19,15.03,25.38,0.0,0.31,1.48,28.5
2009-02-27,36.26,18.43,27.54,0.0,0.31,5.64,27.33
2009-02-28,36.0,20.71,27.25,0.0,0.31,4.74,27.06
2009-03-01,29.14,16.77,22.35,0.0,0.31,3.99,20.51
2009-03-02,32.58,18.51,25.46,0.03,0.31,6.22,14.5
2009-03-03,39.15,23.24,30.18,0.03,0.31,11.5,12.74
2009-03-04,25.27,16.3,20.3,0.01,0.31,4.47,25.3
2009-03-05,23.9,12.57,18.25,0.0,0.31,6.21,20.51
2009-03-06,25.16,10.87,17.86,0.0,0.31,5.4,22.5
2009-03-07,30.55,12.9,21.61,0.0,0.31,3.77,26.36
2009-03-08,32.61,14.47,23.56,0.0,0.31,5.76,26.11
2009-03-09,33.54,17.86,25.45,1.01,0.31,11.32,22.78
2009-03-10,30.59,20.47,24.64,4.06,0.31,15.15,15.06
2009-03-11,31.4,19.07,24.97,4.42,0.32,14.01,15.37
2009-03-12,29.95,20.0,24.66,3.19,0.32,16.16,9.31
2009-03-13,30.13,20.32,24.04,5.39,0.33,15.75,19.68
2009-03-14,31.02,18.34,24.6,0.11,0.33,13.19,20.95
2009-03-15,23.36,11.51,17.07,0.0,0.33,3.34,25.04
2009-03-16,23.09,10.7,17.0,0.0,0.32,7.8,13.87
2009-03-17,25.54,10.63,17.63,0.0,0.32,7.26,24.6
2009-03-18,30.17,11.5,20.64,0.0,0.32,5.75,24.79
2009-03-19,32.73,17.06,23.75,0.0,0.32,2.88,24.01
2009-03-20,34.91,15.6,24.94,0.0,0.32,1.77,24.11
2009-03-21,34.78,17.71,25.89,0.0,0.32,8.86,23.4
2009-03-22,35.11,20.08,26.9,0.0,0.31,8.56,20.32
2009-03-23,34.49,17.92,25.69,0.0,0.31,9.29,22.55
2009-03-24,36.44,17.04,26.64,0.0,0.31,6.73,22.18
2009-03-25,31.17,23.24,26.88,0.41,0.31,9.32,7.63
2009-03-26,32.75,20.3,25.14,0.01,0.31,10.85,10.13
2009-03-27,29.75,14.33,21.27,0.0,0.31,1.52,23.16
2009-03-28,31.69,11.94,21.69,0.0,0.31,3.47,22.06
2009-03-29,32.79,15.16,23.89,0.0,0.31,5.52,20.03
2009-03-30,32.27,18.15,24.49,0.0,0.31,7.99,21.72
2009-03-31,31.41,16.8,23.89,0.0,0.31,10.23,21.42
2009-04-01,31.87,16.55,23.71,0.0,0.31,13.14,20.72
2009-04-02,32.36,18.11,25.18,1.05,0.31,15.23,19.66
2009-04-03,31.45,20.1,25.39,3.2,0.32,15.16,14.08
2009-04-04,23.39,12.48,17.22,0.0,0.32,3.02,21.56
2009-04-05,24.49,9.19,16.55,0.0,0.31,3.72,21.06
2009-04-06,21.88,9.78,15.23,0.0,0.31,1.7,21.18
2009-04-07,24.69,7.3,15.57,0.0,0.31,2.49,20.67
2009-04-08,26.99,8.73,17.96,0.44,0.31,7.53,19.81
2009-04-09,26.55,15.03,20.45,2.27,0.32,11.8,11.47
2009-04-10,26.73,16.09,21.28,0.8,0.32,13.1,14.88
2009-04-11,26.15,17.22,21.52,0.08,0.32,14.09,11.53
2009-04-12,27.59,16.83,21.95,1.17,0.32,13.64,17.4
2009-04-13,25.73,18.62,21.64,0.6,0.32,12.97,14.44
2009-04-14,28.29,16.79,21.96,0.0,0.32,7.04,17.98
2009-04-15,25.77,11.31,18.47,0.0,0.31,2.29,18.74
2009-04-16,25.96,8.73,16.48,0.0,0.31,-0.62,19.0
2009-04-17,24.18,9.91,16.44,0.0,0.31,2.87,18.41
2009-04-18,24.88,10.25,17.0,0.0,0.31,6.4,18.16
2009-04-19,26.03,10.18,17.63,0.0,0.31,6.18,18.13
2009-04-20,24.74,11.05,17.28,0.0,0.31,6.0,18.17
2009-04-21,25.34,10.2,17.28,0.0,0.31,7.47,18.03
2009-04-22,24.43,12.0,17.61,1.72,0.31,8.36,16.03
2009-04-23,25.88,11.68,18.31,0.0,0.31,7.02,16.35
2009-04-24,20.41,13.85,16.86,10.5,0.32,10.03,7.05
2009-04-25,19.43,10.54,15.21,0.84,0.33,10.8,8.58
2009-04-26,15.51,8.39,11.9,2.15,0.33,4.72,12.63
2009-04-27,17.84,4.62,12.04,0.04,0.33,5.28,11.67
2009-04-28,17.12,7.64,11.85,0.0,0.33,4.51,11.64
2009-04-29,15.57,5.92,9.84,0.0,0.33,0.25,9.51
2009-04-30,17.81,2.54,9.59,0.0,0.33,0.52,16.5
2009-05-01,20.44,4.77,12.23,0.0,0.33,0.56,15.38
2009-05-02,20.63,8.39,13.5,0.0,0.32,3.08,12.59
2009-05-03,22.61,7.32,14.12,0.0,0.32,5.37,15.55
2009-05-04,21.54,7.08,13.32,0.0,0.32,4.45,15.81
2009-05-05,22.45,5.78,13.42,0.0,0.32,3.74,14.65
2009-05-06,21.87,9.55,14.23,0.0,0.32,5.26,15.04
2009-05-07,20.31,6.3,12.6,0.0,0.32,5.11,15.39
2009-05-08,20.71,7.12,12.41,0.0,0.32,6.64,15.15
2009-05-09,21.71,6.27,12.87,0.0,0.32,4.74,14.99
2009-05-10,23.11,7.0,14.19,0.0,0.32,5.74,14.79
2009-05-11,23.27,9.88,15.43,0.0,0.32,5.75,14.27
2009-05-12,22.46,7.97,14.19,0.01,0.32,4.48,14.23
2009-05-13,18.94,7.6,12.29,0.23,0.32,4.77,14.03
2009-05-14,18.66,6.43,11.89,0.0,0.32,6.12,11.32
2009-05-15,19.55,6.92,13.04,0.0,0.32,6.01,12.52
2009-05-16,19.34,9.11,13.47,0.01,0.32,7.45,8.15
2009-05-17,17.75,5.4,11.24,0.02,0.32,4.93,13.14
2009-05-18,19.14,8.38,13.09,1.93,0.32,7.65,12.94
2009-05-19,19.14,11.99,14.48,2.4,0.33,10.0,4.34
2009-05-20,19.51,12.1,14.74,0.07,0.33,9.82,7.03
2009-05-21,22.78,10.96,15.96,0.0,0.33,8.76,11.93
2009-05-22,22.18,11.29,15.7,0.0,0.32,8.85,12.86
2009-05-23,24.85,10.95,17.29,0.0,0.32,9.91,11.02
2009-05-24,23.62,12.36,17.08,1.82,0.32,10.37,10.46
2009-05-25,21.33,13.12,16.58,1.08,0.33,9.81,9.63
2009-05-26,19.13,11.08,15.12,0.49,0.33,10.85,6.5
2009-05-27,17.9,6.8,11.32,0.0,0.33,5.08,11.87
2009-05-28,16.46,4.4,9.44,0.01,0.32,4.36,12.4
2009-05-29,17.18,3.61,9.7,0.0,0.32,3.48,11.81
2009-05-30,18.83,7.19,12.02,1.76,0.33,5.46,12.69
2009-05-31,16.08,8.58,12.09,4.5,0.33,8.73,8.04
2009-06-01,16.2,10.87,12.9,19.82,0.36,10.09,4.17
2009-06-02,18.4,11.67,13.64,1.61,0.37,10.74,4.6
2009-06-03,17.14,12.13,13.78,2.19,0.37,10.31,6.59
2009-06-04,18.53,9.39,13.12,0.33,0.36,6.69,8.67
2009-06-05,16.39,7.85,11.61,6.49,0.36,5.3,11.16
2009-06-06,17.92,5.59,11.27,2.84,0.37,5.83,3.4
2009-06-07,14.66,5.92,10.16,1.06,0.37,6.88,7.27
2009-06-08,14.6,7.21,10.48,3.29,0.37,7.2,8.52
2009-06-09,12.78,4.66,8.51,0.08,0.37,4.94,5.27
2009-06-10,11.58,1.82,5.86,0.0,0.37,1.18,11.53
2009-06-11,12.53,0.07,5.43,0.0,0.37,0.71,11.17
2009-06-12,12.5,-0.23,6.56,0.0,0.37,-0.01,9.5
2009-06-13,17.78,5.15,10.29,0.02,0.37,0.46,9.45
2009-06-14,18.37,4.21,9.82,0.1,0.37,1.92,11.21
2009-06-15,15.51,4.67,9.41,1.23,0.37,3.42,5.38
2009-06-16,16.61,2.14,8.29,0.0,0.37,3.83,11.86
2009-06-17,17.51,3.94,9.18,0.0,0.37,5.16,11.63
2009-06-18,17.75,3.67,9.5,0.0,0.37,4.84,11.14
2009-06-19,18.33,5.31,11.32,0.15,0.36,7.03,10.88
2009-06-20,15.9,7.77,11.76,7.97,0.37,9.58,7.33
2009-06-21,16.99,9.68,12.71,3.16,0.38,10.91,3.57
2009-06-22,18.93,7.26,11.94,10.56,0.39,9.37,11.34
2009-06-23,21.53,7.13,13.05,0.24,0.4,5.05,7.52
2009-06-24,16.31,3.95,10.18,0.1,0.39,4.41,9.76
2009-06-25,15.36,6.22,10.58,9.82,0.4,7.72,8.4
2009-06-26,14.23,7.35,10.67,2.87,0.41,8.88,3.16
2009-06-27,15.34,8.11,11.01,0.49,0.41,9.0,6.09
2009-06-28,15.32,6.8,10.36,0.0,0.41,6.98,5.26
2009-06-29,19.5,8.7,13.36,0.03,0.4,6.87,10.62
2009-06-30,21.7,11.82,15.59,1.17,0.4,7.59,7.74
2009-07-01,15.98,7.17,10.78,0.19,0.4,4.88,11.61
2009-07-02,14.94,5.33,10.41,2.32,0.4,5.42,10.14
2009-07-03,13.38,6.06,9.37,0.28,0.4,5.42,8.83
2009-07-04,15.04,6.11,10.07,0.01,0.4,6.19,7.53
2009-07-05,12.91,4.85,8.31,0.0,0.4,3.92,10.76
2009-07-06,13.24,2.67,6.89,0.01,0.4,2.89,9.14
2009-07-07,15.91,1.82,7.31,0.0,0.4,2.45,12.05
2009-07-08,17.33,4.76,9.29,0.0,0.4,4.25,12.13
2009-07-09,17.46,4.38,9.46,0.0,0.4,4.21,12.49
2009-07-10,16.52,3.71,9.7,0.04,0.39,5.28,10.56
2009-07-11,19.01,7.27,11.92,0.15,0.39,5.71,7.56
2009-07-12,18.76,6.45,11.73,0.01,0.39,4.39,12.19
2009-07-13,15.06,3.61,9.53,1.6,0.39,4.43,9.59
2009-07-14,12.61,6.25,8.69,1.1,0.4,5.79,9.46
2009-07-15,12.2,6.52,8.94,0.53,0.4,5.73,8.46
2009-07-16,13.77,4.25,7.99,0.0,0.4,3.56,9.51
2009-07-17,14.24,1.48,6.64,0.0,0.39,3.29,11.99
2009-07-18,15.54,0.84,7.71,0.0,0.39,2.24,12.67
2009-07-19,18.83,3.61,9.98,0.0,0.39,1.51,12.64
2009-07-20,18.94,5.0,10.57,0.0,0.39,1.23,13.4
2009-07-21,22.83,4.68,13.11,0.02,0.39,2.83,12.91
2009-07-22,17.32,6.49,11.73,0.55,0.39,5.24,6.03
2009-07-23,13.45,4.13,8.44,0.0,0.39,3.49,13.21
2009-07-24,15.42,2.88,8.39,0.0,0.39,1.62,13.88
2009-07-25,17.55,1.95,9.68,0.2,0.39,1.56,11.39
2009-07-26,14.56,4.93,9.07,8.68,0.4,6.58,2.24
2009-07-27,13.84,3.57,7.94,0.0,0.4,4.82,10.85
2009-07-28,16.02,6.43,10.41,0.03,0.4,6.39,10.15
2009-07-29,16.34,5.74,10.09,0.07,0.4,6.41,10.75
2009-07-30,14.15,4.99,9.73,0.01,0.4,6.75,7.72
2009-07-31,16.82,6.8,10.87,0.01,0.4,6.63,12.02
2009-08-01,16.53,3.84,10.41,0.01,0.39,5.76,10.34
2009-08-02,17.82,7.19,11.43,0.0,0.39,4.89,13.7
2009-08-03,16.3,4.06,9.97,0.01,0.39,1.62,14.24
2009-08-04,18.43,5.18,10.96,0.02,0.39,2.66,13.07
2009-08-05,18.94,5.72,12.5,0.0,0.39,4.07,14.07
2009-08-06,21.72,7.98,13.63,0.0,0.39,3.68,13.59
2009-08-07,16.51,5.07,10.73,0.01,0.39,2.18,14.03
2009-08-08,16.0,0.19,7.56,0.0,0.39,-2.33,15.72
2009-08-09,17.8,1.28,8.71,0.0,0.38,-4.33,14.72
2009-08-10,18.7,6.93,11.97,0.6,0.38,0.33,10.64
2009-08-11,18.25,6.6,12.03,0.15,0.38,4.94,13.24
2009-08-12,17.08,5.5,10.81,0.03,0.38,3.96,12.81
2009-08-13,19.45,4.18,11.38,0.0,0.38,5.19,12.49
2009-08-14,19.97,5.65,12.27,0.0,0.38,4.12,15.17
2009-08-15,23.25,5.47,13.73,0.09,0.38,3.09,16.54
2009-08-16,25.13,9.11,15.85,0.13,0.38,5.01,8.79
2009-08-17,16.41,5.54,10.37,0.0,0.38,2.25,16.43
2009-08-18,18.57,4.64,11.26,0.0,0.38,1.12,16.61
2009-08-19,20.82,3.74,12.45,0.33,0.38,1.8,13.66
2009-08-20,23.23,7.07,15.08,0.11,0.37,5.58,16.73
2009-08-21,19.53,9.77,14.52,0.98,0.37,8.41,5.91
2009-08-22,20.98,6.86,14.1,0.03,0.37,7.25,9.04
2009-08-23,25.08,12.54,17.92,0.01,0.37,12.9,14.42
2009-08-24,22.39,11.72,16.32,0.02,0.37,7.54,10.9
2009-08-25,16.77,7.24,12.43,0.01,0.37,1.51,18.52
2009-08-26,17.93,4.3,10.9,0.0,0.37,1.4,17.7
2009-08-27,22.03,4.06,12.3,0.0,0.37,-0.97,19.13
2009-08-28,22.98,5.76,14.05,0.0,0.37,2.27,13.67
2009-08-29,26.67,11.42,17.97,0.0,0.37,9.52,14.01
2009-08-30,16.6,7.07,11.16,0.0,0.36,1.97,18.49
2009-08-31,18.7,4.36,11.54,0.0,0.36,4.28,11.94
2009-09-01,19.96,5.55,12.33,0.0,0.36,5.27,17.43
2009-09-02,22.99,6.49,14.31,0.0,0.36,3.0,19.46
2009-09-03,27.28,10.01,18.23,0.0,0.36,6.42,15.43
2009-09-04,20.31,6.64,13.3,0.0,0.36,4.31,18.85
2009-09-05,19.34,5.09,12.11,0.06,0.36,2.09,20.08
2009-09-06,23.3,4.99,14.05,0.21,0.36,0.78,19.35
2009-09-07,19.62,10.2,14.44,0.15,0.36,5.82,15.11
2009-09-08,18.02,8.04,12.47,0.0,0.35,5.72,12.57
2009-09-09,17.84,5.5,10.69,0.0,0.35,3.29,20.79
2009-09-10,19.61,3.43,11.87,0.0,0.35,2.7,21.31
2009-09-11,26.07,6.25,15.98,0.0,0.35,0.66,21.57
2009-09-12,30.77,11.86,20.43,0.0,0.35,-0.66,20.84
2009-09-13,30.29,12.26,20.32,0.0,0.35,2.41,20.73
2009-09-14,20.96,7.91,13.6,0.0,0.35,-0.84,21.53
2009-09-15,22.45,6.91,13.69,0.0,0.34,-2.88,21.98
2009-09-16,26.98,6.09,16.33,0.0,0.34,-2.17,22.83
2009-09-17,23.75,12.16,16.29,8.97,0.35,5.54,6.91
2009-09-18,21.53,7.52,14.22,0.3,0.36,4.59,22.77
2009-09-19,25.68,7.64,16.97,0.0,0.36,5.16,21.79
2009-09-20,23.84,11.35,17.42,0.1,0.35,7.54,19.58
2009-09-21,25.91,9.61,17.48,0.64,0.35,7.48,17.06
2009-09-22,28.48,9.73,19.48,0.6,0.35,6.54,18.67
2009-09-23,20.45,10.64,14.98,0.76,0.35,6.4,13.03
2009-09-24,21.41,6.64,14.12,0.0,0.35,5.06,18.96
2009-09-25,27.46,9.89,18.01,0.01,0.35,3.15,19.56
2009-09-26,14.9,7.4,11.07,0.57,0.35,2.65,18.01
2009-09-27,16.25,4.36,9.97,0.3,0.35,1.05,20.0
2009-09-28,18.69,3.95,10.58,0.0,0.35,3.31,24.78
2009-09-29,21.78,4.28,13.4,0.0,0.34,2.16,24.83
2009-09-30,28.14,7.99,17.87,0.0,0.34,-1.9,24.91
2009-10-01,31.85,12.78,21.41,0.0,0.34,1.95,21.59
2009-10-02,24.63,10.24,17.64,0.61,0.34,9.16,17.99
2009-10-03,14.49,7.96,11.55,0.23,0.34,6.86,10.31
2009-10-04,22.92,8.55,15.89,0.15,0.34,8.06,12.17
2009-10-05,23.94,9.98,16.62,0.0,0.34,6.36,21.8
2009-10-06,20.2,7.38,13.42,0.0,0.34,3.53,23.09
2009-10-07,18.55,4.7,11.66,0.0,0.34,0.88,25.08
2009-10-08,20.39,5.39,12.31,0.0,0.34,-0.91,26.57
2009-10-09,22.54,5.49,14.02,0.0,0.34,0.79,26.75
2009-10-10,23.13,8.03,15.67,0.03,0.34,2.94,20.36
2009-10-11,26.84,11.06,18.66,0.09,0.33,2.57,25.6
2009-10-12,26.5,13.66,19.18,0.34,0.33,2.26,17.77
2009-10-13,20.4,9.47,15.51,1.75,0.33,3.79,16.95
2009-10-14,21.33,9.86,15.15,2.37,0.34,5.57,16.92
2009-10-15,19.75,7.99,13.81,1.98,0.34,4.41,17.81
2009-10-16,20.27,6.06,13.07,0.06,0.34,2.45,23.92
2009-10-17,22.43,7.18,14.7,0.0,0.34,4.64,26.21
2009-10-18,24.01,6.58,15.33,0.0,0.34,2.52,28.32
2009-10-19,28.09,9.1,19.05,0.0,0.33,0.63,27.49
2009-10-20,32.94,11.02,22.23,0.0,0.33,-1.8,29.52
2009-10-21,33.84,13.94,23.75,0.0,0.33,-0.84,24.56
2009-10-22,34.58,14.1,24.48,0.0,0.33,6.27,26.79
2009-10-23,32.11,15.13,23.57,0.0,0.33,4.98,27.09
2009-10-24,31.0,11.93,21.74,0.0,0.33,4.91,22.46
2009-10-25,26.91,13.17,19.22,2.82,0.33,5.83,22.44
2009-10-26,25.32,11.83,18.56,0.23,0.33,6.82,22.49
2009-10-27,27.78,13.45,20.41,0.35,0.33,10.11,24.52
2009-10-28,30.3,15.45,23.16,0.0,0.33,12.85,20.86
2009-10-29,33.14,17.58,25.51,3.33,0.33,12.94,21.57
2009-10-30,32.39,18.92,25.51,0.79,0.33,12.91,21.65
2009-10-31,34.73,18.88,27.63,0.0,0.33,13.41,20.38
2009-11-01,38.56,21.25,30.39,0.0,0.33,11.87,26.57
2009-11-02,40.21,23.02,32.3,0.0,0.32,10.88,26.55
2009-11-03,28.94,19.08,23.49,0.02,0.32,8.05,18.66
2009-11-04,27.09,12.7,19.63,0.0,0.32,2.22,30.89
2009-11-05,27.77,11.23,19.19,0.0,0.32,0.5,29.87
2009-11-06,32.24,12.58,23.33,0.0,0.32,7.49,29.55
2009-11-07,32.99,17.08,25.06,0.0,0.32,11.8,28.16
2009-11-08,33.84,18.2,26.13,0.0,0.32,12.49,27.83
2009-11-09,35.61,19.37,27.75,0.0,0.32,10.09,30.53
2009-11-10,37.9,19.84,29.31,0.0,0.32,6.29,30.29
2009-11-11,39.83,20.46,31.0,0.0,0.32,7.85,28.62
2009-11-12,41.98,23.71,32.74,0.66,0.32,7.21,27.24
2009-11-13,37.39,20.65,29.06,0.0,0.31,6.59,31.89
2009-11-14,38.42,19.78,29.5,0.0,0.31,7.76,31.54
2009-11-15,41.15,21.39,31.83,0.0,0.31,5.03,28.89
2009-11-16,41.34,24.24,33.11,0.0,0.31,7.44,23.4
2009-11-17,33.93,18.34,25.86,0.0,0.31,2.83,31.66
2009-11-18,40.86,18.34,30.56,0.0,0.31,1.19,31.51
2009-11-19,41.57,24.45,32.8,0.0,0.31,3.9,18.54
2009-11-20,45.09,26.35,34.1,3.43,0.31,8.06,17.1
2009-11-21,34.33,23.79,28.12,1.19,0.31,16.26,19.09
2009-11-22,29.99,17.92,24.71,1.0,0.32,13.68,20.83
2009-11-23,22.91,15.27,18.59,1.32,0.32,3.54,14.28
2009-11-24,29.84,15.0,22.35,1.52,0.32,11.31,16.68
2009-11-25,36.92,21.37,28.93,1.63,0.32,14.72,26.68
2009-11-26,33.71,18.44,24.29,20.67,0.33,14.72,8.56
2009-11-27,32.65,15.76,24.89,0.0,0.35,11.21,32.33
2009-11-28,28.63,15.45,22.47,0.0,0.34,6.28,32.38
2009-11-29,25.89,14.78,19.9,0.12,0.34,8.03,16.15
2009-11-30,26.22,13.4,19.86,0.87,0.34,8.69,26.9
2009-12-01,27.38,13.66,20.12,0.03,0.33,3.84,33.33
2009-12-02,30.83,11.8,22.13,0.0,0.33,3.25,34.43
2009-12-03,34.81,15.31,25.13,0.0,0.33,2.25,33.54
2009-12-04,31.01,14.46,22.36,0.0,0.33,1.58,33.85
2009-12-05,30.31,13.11,21.99,0.0,0.32,1.01,32.89
2009-12-06,32.49,14.16,23.78,0.0,0.32,6.01,33.4
2009-12-07,34.98,20.43,27.62,0.0,0.32,5.18,32.62
2009-12-08,34.61,15.73,24.19,0.97,0.32,6.8,17.23
2009-12-09,29.37,12.61,20.87,0.0,0.32,5.02,31.71
2009-12-10,34.74,16.34,24.8,0.01,0.32,5.54,16.47
2009-12-11,25.72,12.13,18.66,0.0,0.32,1.45,34.53
2009-12-12,30.48,12.23,21.85,0.0,0.32,4.29,33.6
2009-12-13,32.96,14.62,24.21,0.0,0.32,6.81,33.87
2009-12-14,34.48,15.65,25.01,0.0,0.32,4.53,34.57
2009-12-15,37.39,15.76,27.18,0.0,0.31,1.03,34.48
2009-12-16,39.83,18.51,30.57,0.0,0.31,-0.79,32.85
2009-12-17,42.21,21.47,31.1,2.6,0.31,6.65,24.79
2009-12-18,28.47,16.78,21.83,1.82,0.32,4.54,32.67
2009-12-19,30.67,14.23,22.53,0.0,0.32,6.04,33.97
2009-12-20,33.28,15.09,24.76,0.0,0.32,3.42,30.45
2009-12-21,36.34,18.65,28.12,0.0,0.31,1.89,33.71
2009-12-22,39.65,20.15,30.74,0.0,0.31,1.74,31.75
2009-12-23,41.17,20.96,32.55,0.0,0.31,6.67,33.04
2009-12-24,37.72,21.4,29.73,11.83,0.31,12.24,15.79
2009-12-25,29.0,19.72,24.5,12.12,0.35,15.99,14.44
2009-12-26,32.7,14.15,24.06,2.38,0.35,12.03,30.32
2009-12-27,31.65,18.46,25.16,13.86,0.36,19.12,12.14
2009-12-28,35.06,22.08,28.13,2.51,0.37,18.05,32.52
2009-12-29,36.7,21.46,29.35,0.0,0.36,16.03,32.2
2009-12-30,36.15,20.26,28.73,0.0,0.35,12.81,32.66
2009-12-31,28.58,21.94,25.3,0.1,0.35,17.32,19.09
2010-01-01,34.98,20.54,27.67,3.1,0.34,17.82,21.58
2010-01-02,29.86,19.0,25.1,1.7,0.35,13.81,29.41
2010-01-03,29.22,13.84,21.34,0.0,0.34,5.19,34.68
2010-01-04,34.59,13.6,24.7,0.0,0.34,5.6,34.08
2010-01-05,37.24,19.22,28.56,1.7,0.34,10.25,30.61
2010-01-06,36.53,20.08,27.77,0.04,0.34,6.72,33.69
2010-01-07,35.4,15.89,25.96,0.0,0.33,0.62,34.1
2010-01-08,38.58,18.38,29.73,0.0,0.33,10.48,30.23
2010-01-09,40.16,25.15,33.05,0.0,0.33,12.72,29.95
2010-01-10,42.94,25.02,34.54,0.0,0.33,12.68,31.67
2010-01-11,43.58,26.21,35.67,0.0,0.33,12.75,28.29
2010-01-12,43.69,29.07,36.47,0.0,0.32,8.87,30.95
2010-01-13,28.77,19.99,24.63,0.08,0.32,10.76,22.66
2010-01-14,33.34,14.41,24.39,0.0,0.32,3.78,33.98
2010-01-15,37.6,17.42,28.3,0.12,0.32,6.87,32.14
2010-01-16,38.55,22.33,30.61,0.99,0.32,4.82,32.83
2010-01-17,27.61,17.64,22.35,0.0,0.32,4.77,31.72
2010-01-18,24.06,12.22,18.28,0.0,0.32,0.8,33.44
2010-01-19,27.45,11.47,19.45,0.0,0.32,1.37,33.59
2010-01-20,36.06,14.5,25.97,0.0,0.32,1.76,32.46
2010-01-21,41.22,22.42,32.16,0.0,0.32,3.79,29.01
2010-01-22,43.04,24.4,33.75,0.0,0.32,3.95,32.55
2010-01-23,35.9,22.23,27.94,0.0,0.32,5.83,32.01
2010-01-24,35.59,17.32,27.06,0.0,0.31,2.66,32.1
2010-01-25,37.35,18.09,28.61,0.0,0.31,-0.91,26.9
2010-01-26,40.14,21.28,31.46,0.0,0.31,1.73,30.75
2010-01-27,39.13,22.4,31.17,0.0,0.31,5.46,30.33
2010-01-28,34.74,21.95,27.86,0.0,0.31,5.37,22.68
2010-01-29,35.7,19.69,27.65,0.0,0.31,6.06,31.99
2010-01-30,38.25,19.92,29.73,0.0,0.31,10.55,28.86
2010-01-31,35.24,22.78,29.66,0.01,0.31,13.1,26.55
2010-02-01,35.27,24.8,28.96,1.53,0.31,13.38,22.86
2010-02-02,31.39,22.26,26.86,0.0,0.31,10.32,20.52
2010-02-03,34.73,21.88,28.23,1.6,0.31,14.81,20.42
2010-02-04,29.87,22.55,26.07,22.31,0.33,19.4,18.58
2010-02-05,26.5,21.61,23.97,13.07,0.37,19.72,15.87
2010-02-06,30.21,18.36,24.62,1.31,0.37,15.89,20.8
2010-02-07,34.68,21.25,27.83,0.0,0.36,17.46,26.79
2010-02-08,29.03,23.75,25.95,6.32,0.36,20.48,16.1
2010-02-09,33.96,22.3,27.94,0.5,0.36,18.74,25.42
2010-02-10,37.41,22.73,30.36,0.0,0.35,16.2,28.98
2010-02-11,38.17,23.47,30.82,2.42,0.35,17.02,23.86
2010-02-12,26.71,22.74,24.72,4.76,0.35,19.44,16.91
2010-02-13,25.35,21.0,23.11,29.88,0.37,19.9,7.79
2010-02-14,26.96,18.77,22.25,27.02,0.45,16.53,23.61
2010-02-15,29.01,16.58,23.17,0.0,0.44,13.32,25.68
2010-02-16,31.23,16.92,23.91,0.0,0.42,13.03,29.18
2010-02-17,33.63,17.51,25.47,0.0,0.41,10.25,29.2
2010-02-18,33.09,17.75,25.47,0.0,0.4,12.39,28.71
2010-02-19,31.23,16.33,23.85,0.0,0.39,11.06,29.19
2010-02-20,33.66,19.23,26.9,0.0,0.39,15.37,27.13
2010-02-21,35.67,22.3,28.94,0.06,0.39,15.02,27.05
2010-02-22,31.54,21.7,26.31,0.33,0.38,16.12,20.57
2010-02-23,28.0,15.69,20.95,0.0,0.38,5.14,29.04
2010-02-24,31.15,12.57,22.24,0.0,0.38,6.91,28.74
2010-02-25,33.18,18.03,25.42,0.0,0.37,14.22,27.31
2010-02-26,33.54,18.8,26.04,0.59,0.37,13.14,22.35
2010-02-27,30.01,21.23,24.74,0.32,0.37,15.53,21.87
2010-02-28,30.11,18.18,24.29,4.17,0.38,15.78,16.38
2010-03-01,28.02,13.67,20.96,0.0,0.38,10.0,22.35
2010-03-02,28.99,15.63,21.8,0.0,0.37,7.64,27.57
2010-03-03,30.4,13.79,22.19,0.0,0.37,9.43,26.66
2010-03-04,30.89,18.77,24.32,4.84,0.37,14.81,11.42
2010-03-05,27.97,21.06,23.6,12.89,0.39,19.46,14.55
2010-03-06,33.08,18.45,25.82,1.55,0.4,16.92,24.95
2010-03-07,28.69,17.12,22.5,34.03,0.41,18.53,12.94
2010-03-08,25.07,14.09,19.96,0.61,0.45,12.12,23.56
2010-03-09,25.17,14.61,19.46,0.01,0.43,12.0,16.71
2010-03-10,22.76,10.23,16.3,0.0,0.42,6.19,26.19
2010-03-11,27.72,10.31,19.13,0.0,0.41,9.61,25.23
2010-03-12,24.8,14.28,19.43,0.0,0.41,9.44,23.12
2010-03-13,28.23,14.22,20.65,0.0,0.41,9.91,24.54
2010-03-14,28.08,14.63,21.5,0.0,0.4,11.67,21.8
2010-03-15,28.97,18.18,23.44,0.0,0.4,11.77,20.25
2010-03-16,31.25,16.77,23.88,0.0,0.4,10.28,24.18
2010-03-17,32.0,16.37,23.97,0.0,0.39,9.3,24.29
2010-03-18,33.18,15.95,24.4,0.0,0.39,8.27,24.52
2010-03-19,33.28,17.75,25.43,0.0,0.39,12.3,23.01
2010-03-20,33.42,20.23,26.18,0.0,0.38,12.53,22.84
2010-03-21,30.81,18.49,24.16,0.0,0.38,14.0,21.23
2010-03-22,27.27,13.2,19.66,0.0,0.38,7.06,23.91
2010-03-23,28.48,11.66,19.29,0.0,0.38,4.43,23.94
2010-03-24,29.45,12.09,20.32,0.0,0.38,9.24,22.85
2010-03-25,31.3,13.65,22.28,0.0,0.37,8.68,22.96
2010-03-26,32.3,19.2,25.29,0.0,0.37,7.93,22.78
2010-03-27,33.22,18.68,26.14,0.0,0.37,7.93,19.81
2010-03-28,31.43,20.21,25.94,1.0,0.37,14.82,17.15
2010-03-29,26.62,20.51,22.96,1.74,0.37,17.41,5.84
2010-03-30,27.28,17.45,22.21,2.07,0.38,14.92,16.3
2010-03-31,28.5,14.55,21.0,0.15,0.37,11.78,19.9
2010-04-01,28.45,13.51,20.25,0.0,0.37,7.16,21.47
2010-04-02,27.26,12.35,19.33,0.0,0.37,8.27,20.79
2010-04-03,27.23,11.67,19.14,0.0,0.37,9.22,20.31
2010-04-04,27.31,14.9,20.74,0.0,0.37,11.36,15.37
2010-04-05,28.59,14.88,21.33,0.0,0.36,9.41,19.5
2010-04-06,25.2,16.68,19.86,19.18,0.38,13.82,9.56
2010-04-07,25.96,17.5,21.13,8.22,0.41,17.11,9.91
2010-04-08,25.38,15.17,19.6,0.0,0.4,12.66,16.79
2010-04-09,23.53,12.42,17.5,0.0,0.4,11.79,11.52
2010-04-10,26.01,13.56,19.18,1.25,0.4,14.15,8.83
2010-04-11,21.7,10.48,16.28,0.06,0.39,9.41,13.34
2010-04-12,19.58,5.88,12.39,0.0,0.39,2.66,20.12
2010-04-13,20.82,6.27,12.94,0.0,0.39,4.95,19.77
2010-04-14,23.06,7.07,14.94,0.0,0.39,7.31,18.71
2010-04-15,23.39,8.63,15.57,0.0,0.39,8.22,17.58
2010-04-16,27.13,10.12,17.96,0.0,0.38,7.7,18.8
2010-04-17,27.99,13.64,19.95,0.0,0.38,9.72,15.51
2010-04-18,26.83,14.25,20.3,0.0,0.38,11.75,14.95
2010-04-19,28.87,17.06,22.35,0.0,0.38,12.8,15.85
2010-04-20,27.33,17.8,21.94,0.21,0.38,13.31,13.65
2010-04-21,28.02,16.07,21.71,0.0,0.38,12.57,15.67
2010-04-22,28.9,15.24,22.14,0.0,0.37,11.91,15.83
2010-04-23,29.52,16.78,22.44,0.77,0.37,13.09,15.11
2010-04-24,22.6,16.88,20.23,9.56,0.38,15.46,3.91
2010-04-25,19.32,10.69,14.78,2.71,0.4,9.45,15.62
2010-04-26,20.91,7.64,14.31,0.0,0.39,5.02,16.07
2010-04-27,21.81,11.26,15.21,0.0,0.39,5.14,12.74
2010-04-28,21.28,8.89,14.48,0.0,0.39,7.96,16.32
2010-04-29,21.3,8.72,14.36,0.0,0.38,8.08,10.01
2010-04-30,20.79,6.68,13.48,0.0,0.38,6.7,16.0
2010-05-01,23.63,7.96,15.64,0.0,0.38,7.77,16.22
2010-05-02,24.1,9.97,16.67,0.0,0.38,6.39,16.1
2010-05-03,25.92,9.21,17.34,0.0,0.38,6.5,15.76
2010-05-04,27.07,14.51,19.55,1.34,0.38,9.97,13.87
2010-05-05,16.51,9.28,12.31,2.12,0.38,4.99,15.47
2010-05-06,18.88,6.25,12.28,0.0,0.38,5.34,14.52
2010-05-07,20.5,7.86,13.99,0.0,0.38,6.98,14.1
2010-05-08,22.17,8.53,14.84,0.0,0.38,9.14,13.56
2010-05-09,22.87,9.67,15.5,0.0,0.38,10.12,14.69
2010-05-10,23.95,9.23,15.43,0.0,0.38,5.79,14.98
2010-05-11,17.34,6.86,11.64,0.0,0.37,2.61,14.73
2010-05-12,15.71,3.07,8.66,0.0,0.37,1.84,14.66
2010-05-13,17.24,2.59,9.28,0.0,0.37,4.42,14.38
2010-05-14,19.11,5.28,11.12,0.0,0.37,6.64,14.24
2010-05-15,19.51,6.55,12.31,0.0,0.37,5.81,14.25
2010-05-16,17.6,7.31,11.96,0.09,0.37,5.49,4.81
2010-05-17,17.62,9.2,12.25,0.21,0.37,7.73,6.54
2010-05-18,19.85,6.63,12.15,0.0,0.37,6.31,13.37
2010-05-19,20.03,5.79,12.09,0.0,0.37,4.81,12.82
2010-05-20,18.46,8.31,12.29,0.0,0.37,3.97,8.85
2010-05-21,18.86,5.78,11.5,0.0,0.37,3.72,13.36
2010-05-22,17.62,4.04,10.03,0.0,0.37,3.54,12.48
2010-05-23,19.43,4.74,12.15,0.07,0.37,4.95,12.41
2010-05-24,20.17,10.74,14.53,2.77,0.37,8.92,3.14
2010-05-25,18.27,12.26,14.38,23.38,0.4,12.91,5.01
2010-05-26,17.68,11.51,13.99,4.0,0.42,11.31,5.84
2010-05-27,20.19,7.86,13.65,0.01,0.41,8.85,10.94
2010-05-28,16.09,11.17,13.3,1.99,0.41,9.97,5.69
2010-05-29,15.09,10.19,12.58,13.54,0.42,10.89,6.06
2010-05-30,14.98,10.22,12.33,3.26,0.43,10.44,3.3
2010-05-31,19.87,8.22,12.99,0.0,0.43,8.6,11.91
2010-06-01,19.64,7.31,12.62,0.03,0.42,8.43,10.51
2010-06-02,19.41,9.37,13.12,0.1,0.42,8.45,11.53
2010-06-03,18.92,6.19,11.68,0.0,0.42,7.92,12.07
2010-06-04,17.0,7.37,11.47,0.0,0.42,8.72,11.72
2010-06-05,16.22,6.19,10.59,0.01,0.42,6.44,11.43
2010-06-06,13.98,4.86,8.45,0.14,0.41,5.65,10.94
2010-06-07,12.08,3.96,6.93,0.0,0.41,4.4,9.59
2010-06-08,13.9,3.62,7.7,0.0,0.41,3.55,9.67
2010-06-09,13.14,4.63,8.28,0.54,0.41,3.65,7.26
2010-06-10,13.23,3.54,6.89,0.0,0.41,3.34,11.56
2010-06-11,14.31,3.16,8.36,0.0,0.41,5.56,5.38
2010-06-12,13.52,4.48,8.45,0.0,0.41,4.35,11.06
2010-06-13,14.23,1.81,6.62,0.0,0.41,2.38,12.11
2010-06-14,16.8,1.07,8.31,0.0,0.41,3.45,11.97
2010-06-15,16.48,3.7,9.3,0.18,0.41,7.44,9.65
2010-06-16,19.24,8.16,13.04,0.06,0.41,7.71,7.84
2010-06-17,18.81,7.3,13.81,3.69,0.41,8.12,9.82
2010-06-18,14.85,3.66,8.49,0.0,0.41,3.86,7.32
2010-06-19,16.97,5.78,10.34,0.1,0.41,6.86,8.86
2010-06-20,16.44,7.17,10.95,0.74,0.41,9.21,7.19
2010-06-21,17.15,6.98,11.37,0.03,0.41,8.21,9.39
2010-06-22,15.08,6.7,10.49,0.01,0.41,8.21,7.37
2010-06-23,17.99,10.18,13.25,0.0,0.41,8.34,8.93
2010-06-24,20.11,8.1,13.18,0.0,0.41,8.89,10.11
2010-06-25,20.98,9.71,14.43,11.15,0.41,10.81,5.86
2010-06-26,12.02,5.58,8.32,1.35,0.43,4.6,11.35
2010-06-27,12.55,3.57,7.11,0.02,0.43,3.05,11.07
2010-06-28,12.25,1.83,5.85,0.0,0.42,1.23,9.12
2010-06-29,12.47,-0.2,5.25,0.0,0.42,-1.04,9.86
2010-06-30,13.63,2.11,7.54,0.5,0.42,2.42,11.57
2010-07-01,14.07,5.65,9.37,1.17,0.42,4.74,10.01
2010-07-02,10.1,5.48,7.42,6.46,0.42,5.75,3.64
2010-07-03,12.69,3.67,7.3,0.02,0.43,4.24,10.2
2010-07-04,12.91,1.87,6.25,0.03,0.43,3.73,11.17
2010-07-05,11.81,1.18,5.99,0.82,0.43,3.71,9.14
2010-07-06,12.73,3.42,6.92,0.16,0.43,3.05,10.12
2010-07-07,13.72,1.09,6.51,0.0,0.43,2.89,10.59
2010-07-08,16.11,0.85,7.49,0.0,0.42,3.94,11.3
2010-07-09,17.41,2.97,9.03,0.0,0.42,4.75,12.33
2010-07-10,18.71,7.11,12.4,1.76,0.42,8.81,3.12
2010-07-11,17.3,6.97,11.44,0.13,0.42,6.82,11.16
2010-07-12,16.93,3.85,10.5,0.0,0.42,3.69,11.78
2010-07-13,16.72,10.73,13.8,20.1,0.43,12.02,2.14
2010-07-14,13.52,5.61,9.96,3.36,0.46,6.77,8.94
2010-07-15,13.04,3.75,7.85,0.3,0.46,4.97,11.99
2010-07-16,14.01,2.96,7.12,0.0,0.45,3.82,11.83
2010-07-17,13.6,0.59,6.66,0.0,0.45,3.02,13.04
2010-07-18,16.14,1.28,8.23,0.02,0.45,3.1,11.75
2010-07-19,11.33,4.55,7.84,3.11,0.45,5.77,5.85
2010-07-20,12.49,-0.31,6.08,0.17,0.45,2.09,11.18
2010-07-21,12.92,2.9,7.08,1.54,0.45,4.52,10.65
2010-07-22,13.57,1.42,5.82,0.0,0.45,3.27,13.34
2010-07-23,15.61,1.14,7.21,0.0,0.45,2.95,13.77
2010-07-24,16.0,1.64,8.03,0.02,0.44,4.26,13.34
2010-07-25,15.14,2.52,7.44,0.02,0.44,4.18,13.23
2010-07-26,16.63,1.2,7.7,0.0,0.44,3.6,11.06
2010-07-27,16.31,2.7,8.82,0.03,0.44,5.64,10.73
2010-07-28,13.99,9.03,11.05,9.35,0.45,9.99,3.51
2010-07-29,16.44,8.33,11.51,13.64,0.47,10.71,6.47
2010-07-30,16.94,8.4,12.21,1.77,0.48,10.92,3.46
2010-07-31,15.35,7.11,10.71,2.61,0.48,7.86,9.05
2010-08-01,13.39,5.76,8.78,1.63,0.47,4.99,10.05
2010-08-02,14.54,3.71,7.64,0.67,0.47,4.24,10.32
2010-08-03,14.51,3.34,7.65,0.0,0.47,4.76,12.16
2010-08-04,12.42,0.9,6.53,0.01,0.47,2.73,8.73
2010-08-05,12.85,3.18,6.97,0.06,0.47,2.89,10.5
2010-08-06,12.41,1.88,5.74,0.01,0.46,2.68,12.4
2010-08-07,13.59,2.11,7.76,0.0,0.46,2.58,12.51
2010-08-08,15.56,1.92,8.43,0.02,0.46,2.29,15.39
2010-08-09,18.43,2.31,10.17,3.37,0.46,3.62,15.49
2010-08-10,17.3,8.59,12.16,3.49,0.47,8.04,10.27
2010-08-11,10.77,6.66,8.47,10.21,0.47,6.48,4.38
2010-08-12,14.11,6.48,9.25,2.65,0.49,6.03,9.38
2010-08-13,15.08,5.36,8.99,0.0,0.48,5.7,13.8
2010-08-14,17.61,4.13,10.61,0.87,0.48,5.19,8.5
2010-08-15,13.76,6.24,10.15,1.82,0.47,7.59,9.2
2010-08-16,13.35,2.38,7.13,0.43,0.47,3.91,10.14
2010-08-17,14.3,-0.24,6.5,0.0,0.47,0.88,16.32
2010-08-18,13.83,3.68,9.24,3.25,0.47,5.53,5.0
2010-08-19,16.28,6.28,11.22,0.02,0.47,6.29,14.85
2010-08-20,12.61,2.84,7.01,0.0,0.47,2.8,13.78
2010-08-21,14.1,2.27,7.65,0.1,0.47,2.87,13.69
2010-08-22,14.67,1.85,8.64,0.94,0.47,3.77,11.94
2010-08-23,11.36,5.26,8.06,1.65,0.47,6.51,7.74
2010-08-24,14.9,5.33,9.24,0.32,0.47,3.88,15.21
2010-08-25,12.55,4.9,8.53,0.27,0.47,3.62,14.73
2010-08-26,11.11,6.26,8.13,6.84,0.47,6.15,9.21
2010-08-27,14.51,5.16,8.93,1.2,0.48,5.21,10.57
2010-08-28,15.26,2.34,8.19,0.0,0.47,4.1,16.83
2010-08-29,16.43,3.58,9.68,0.0,0.47,4.62,12.84
2010-08-30,17.03,5.14,10.42,0.0,0.47,4.67,17.95
2010-08-31,20.01,3.23,11.52,0.0,0.46,4.73,18.37
2010-09-01,23.14,8.39,14.82,0.01,0.46,7.57,11.05
2010-09-02,22.24,9.08,14.47,0.07,0.46,9.48,17.31
2010-09-03,24.66,7.41,15.82,4.6,0.46,11.83,11.31
2010-09-04,18.23,11.5,15.63,17.47,0.48,12.51,7.03
2010-09-05,15.76,7.7,11.32,0.74,0.49,6.11,15.44
2010-09-06,14.94,5.51,10.22,1.64,0.48,6.16,13.6
2010-09-07,16.21,2.7,9.09,0.01,0.48,4.22,20.56
2010-09-08,18.81,4.38,11.42,0.0,0.47,4.15,20.18
2010-09-09,18.49,9.3,13.14,11.51,0.48,10.5,6.51
2010-09-10,16.37,8.79,12.0,4.34,0.49,7.42,17.89
2010-09-11,18.65,5.6,12.11,0.04,0.49,6.18,20.07
2010-09-12,18.96,5.62,12.34,0.25,0.48,6.92,12.37
2010-09-13,19.79,10.8,14.72,0.9,0.48,10.44,11.26
2010-09-14,19.28,9.31,13.69,17.34,0.49,11.5,11.27
2010-09-15,15.74,6.34,10.49,0.01,0.5,5.93,12.78
2010-09-16,15.81,7.94,11.12,0.0,0.49,5.39,12.83
2010-09-17,16.16,4.28,9.51,0.0,0.49,3.92,21.87
2010-09-18,17.15,4.16,10.07,0.0,0.48,5.08,18.85
2010-09-19,16.49,5.35,10.62,0.0,0.48,6.78,17.85
2010-09-20,18.35,5.74,11.15,0.0,0.48,6.64,22.26
2010-09-21,20.59,5.6,12.48,0.0,0.48,9.05,17.79
2010-09-22,21.44,6.77,13.14,0.0,0.47,8.58,22.63
2010-09-23,19.62,6.77,11.9,0.0,0.47,6.77,22.46
2010-09-24,20.83,3.9,12.54,0.0,0.47,6.1,23.94
2010-09-25,23.41,7.51,14.79,0.0,0.46,6.47,21.57
2010-09-26,23.87,7.73,16.29,0.0,0.46,8.09,23.45
2010-09-27,23.12,11.65,16.55,0.0,0.45,7.51,20.41
2010-09-28,14.82,7.26,11.41,0.0,0.45,4.34,18.99
2010-09-29,16.09,4.29,9.76,0.0,0.45,1.64,25.36
2010-09-30,16.83,1.63,9.66,0.0,0.45,2.06,23.26
2010-10-01,17.09,7.02,11.41,1.36,0.45,3.52,17.81
2010-10-02,19.93,7.63,13.01,2.81,0.45,9.22,16.67
2010-10-03,23.34,10.15,16.47,0.04,0.45,11.66,20.82
2010-10-04,25.68,10.15,18.28,0.0,0.45,12.3,24.52
2010-10-05,27.41,12.68,20.28,0.0,0.44,13.1,22.93
2010-10-06,28.13,14.76,20.73,3.57,0.44,14.13,21.44
2010-10-07,18.74,7.79,12.87,0.0,0.44,3.46,25.18
2010-10-08,20.97,5.41,12.94,0.0,0.44,5.43,26.29
2010-10-09,23.29,6.7,15.03,0.0,0.43,7.39,26.22
2010-10-10,25.77,11.52,18.34,0.0,0.43,9.74,23.94
2010-10-11,24.64,10.98,18.57,0.02,0.42,10.2,21.02
2010-10-12,25.25,15.31,20.12,2.92,0.42,14.16,18.7
2010-10-13,24.02,12.73,18.31,30.28,0.46,16.38,6.59
2010-10-14,24.09,10.78,17.73,3.18,0.48,13.14,20.06
2010-10-15,22.0,5.93,15.69,65.15,0.53,13.35,8.55
2010-10-16,13.88,3.01,8.22,0.77,0.57,2.87,19.89
2010-10-17,18.18,3.43,11.53,0.0,0.54,6.54,21.11
2010-10-18,20.12,9.49,14.26,0.0,0.53,8.4,16.29
2010-10-19,21.03,6.0,13.67,0.0,0.52,7.78,27.7
2010-10-20,23.7,6.75,15.51,0.0,0.51,8.52,28.31
2010-10-21,27.08,9.96,18.86,0.0,0.5,11.45,24.81
2010-10-22,27.56,13.74,20.82,4.33,0.5,13.72,25.44
2010-10-23,20.21,12.56,16.43,5.69,0.5,12.99,9.54
2010-10-24,22.36,9.93,15.57,0.09,0.5,9.1,28.7
2010-10-25,23.34,9.73,16.97,0.06,0.49,10.35,24.58
2010-10-26,25.96,13.09,19.02,0.0,0.49,8.07,29.16
2010-10-27,23.36,12.21,17.36,0.0,0.48,10.11,24.94
2010-10-28,25.59,8.76,17.82,0.0,0.48,9.88,29.21
2010-10-29,29.83,14.32,21.89,0.0,0.47,13.2,25.5
2010-10-30,23.26,15.39,20.56,16.25,0.48,16.82,7.5
2010-10-31,19.2,9.9,14.86,3.2,0.5,10.5,18.54
2010-11-01,18.07,7.76,12.58,0.16,0.49,6.63,20.7
2010-11-02,21.32,5.97,14.15,0.0,0.49,7.14,27.16
2010-11-03,20.39,10.2,15.05,0.0,0.48,8.47,20.67
2010-11-04,20.11,7.44,14.01,0.0,0.48,6.18,23.81
2010-11-05,23.24,10.35,16.67,0.05,0.47,8.64,27.01
2010-11-06,23.45,10.63,17.42,0.0,0.46,9.43,27.77
2010-11-07,29.52,12.52,20.88,0.02,0.46,10.44,28.84
2010-11-08,26.13,14.86,20.22,0.08,0.46,13.59,20.18
2010-11-09,28.24,15.73,22.01,0.42,0.45,15.99,24.61
2010-11-10,30.65,16.99,23.91,0.08,0.45,16.11,17.95
2010-11-11,33.06,17.17,25.39,0.06,0.44,14.36,26.51
2010-11-12,34.48,20.66,27.75,0.34,0.44,15.05,29.04
2010-11-13,28.43,21.85,24.72,24.24,0.45,21.04,18.82
2010-11-14,25.43,17.58,21.81,5.8,0.48,18.31,12.47
2010-11-15,25.35,14.9,19.79,0.26,0.47,12.34,26.0
2010-11-16,20.09,11.94,16.15,1.64,0.47,10.49,11.91
2010-11-17,25.37,9.97,17.83,0.0,0.46,10.31,30.74
2010-11-18,26.6,12.22,19.63,0.0,0.46,8.47,31.81
2010-11-19,26.54,10.73,19.19,0.0,0.45,9.91,31.47
2010-11-20,29.58,13.74,21.49,0.0,0.44,10.48,31.74
2010-11-21,31.61,13.57,23.1,0.0,0.44,10.44,29.84
2010-11-22,30.42,17.75,23.83,0.03,0.43,14.39,22.14
2010-11-23,28.12,18.41,22.79,0.0,0.43,13.66,20.98
2010-11-24,31.94,16.36,24.39,0.0,0.42,13.66,25.35
2010-11-25,28.5,19.22,22.96,0.98,0.42,15.41,17.69
2010-11-26,29.02,19.23,23.66,4.54,0.43,16.33,22.97
2010-11-27,24.14,19.6,21.47,20.05,0.44,16.48,9.94
2010-11-28,21.8,13.66,17.99,4.02,0.46,13.22,12.9
2010-11-29,22.55,11.64,17.13,1.55,0.46,11.38,18.26
2010-11-30,21.49,15.37,17.6,17.97,0.47,15.16,15.01
2010-12-01,25.21,14.95,20.11,8.68,0.49,14.55,21.92
2010-12-02,28.61,15.92,22.31,3.59,0.48,15.6,27.44
2010-12-03,29.09,17.0,23.17,2.88,0.48,17.97,27.33
2010-12-04,27.79,17.78,22.75,0.32,0.47,16.97,24.45
2010-12-05,32.26,17.08,25.2,0.02,0.46,16.59,28.56
2010-12-06,28.91,19.86,24.65,3.6,0.46,18.48,22.76
2010-12-07,29.05,20.16,24.24,3.24,0.46,19.35,16.52
2010-12-08,29.95,21.79,25.17,20.56,0.47,21.29,16.73
2010-12-09,28.87,17.87,22.81,9.59,0.5,17.5,21.97
2010-12-10,24.74,15.3,20.12,0.33,0.49,12.04,32.45
2010-12-11,25.92,11.03,18.74,0.08,0.48,9.23,33.72
2010-12-12,24.44,13.29,18.83,0.0,0.47,10.32,30.89
2010-12-13,26.8,11.65,19.84,0.0,0.46,10.03,31.63
2010-12-14,30.58,13.69,23.5,0.0,0.46,11.23,29.99
2010-12-15,34.0,17.05,25.59,0.51,0.45,13.55,20.77
2010-12-16,26.56,15.64,20.8,0.01,0.44,8.76,32.67
2010-12-17,26.97,14.49,19.96,0.0,0.44,8.52,23.03
2010-12-18,24.29,15.55,19.34,0.06,0.44,9.5,27.68
2010-12-19,22.29,9.99,16.92,3.63,0.43,8.41,23.35
2010-12-20,21.9,8.06,14.8,0.95,0.44,4.96,32.5
2010-12-21,24.06,9.67,17.24,0.0,0.43,8.02,33.4
2010-12-22,29.23,11.96,21.33,0.0,0.43,8.47,33.98
2010-12-23,31.94,14.12,23.41,0.0,0.42,9.2,33.85
2010-12-24,34.11,14.21,25.2,0.0,0.42,13.02,32.41
2010-12-25,35.14,19.23,27.49,0.61,0.41,15.79,25.57
2010-12-26,34.29,19.65,26.56,3.97,0.41,15.9,25.71
2010-12-27,25.83,12.16,18.76,0.01,0.41,5.5,34.66
2010-12-28,29.47,8.99,20.04,0.01,0.41,5.49,34.42
2010-12-29,34.07,16.51,25.1,0.0,0.4,10.73,33.81
2010-12-30,37.23,19.47,28.19,0.0,0.4,9.52,33.35
2010-12-31,40.46,20.53,31.04,0.0,0.39,10.86,33.16
2011-01-01,41.12,22.24,31.85,0.54,0.39,13.91,30.89
2011-01-02,34.55,21.99,27.86,0.28,0.39,13.17,25.43
2011-01-03,32.55,16.98,24.21,0.0,0.38,6.13,32.91
2011-01-04,32.02,12.96,23.02,0.0,0.38,5.6,31.93
2011-01-05,31.22,16.78,23.37,0.0,0.38,6.0,26.95
2011-01-06,33.92,14.26,25.16,0.0,0.38,8.0,33.69
2011-01-07,32.96,20.28,26.89,0.0,0.37,12.57,26.97
2011-01-08,34.7,21.63,28.66,0.0,0.37,16.97,27.4
2011-01-09,36.9,22.94,29.23,2.27,0.37,17.19,26.44
2011-01-10,33.31,23.14,27.8,2.8,0.37,17.9,17.33
2011-01-11,29.34,21.44,24.92,8.41,0.38,19.99,15.4
2011-01-12,33.28,22.81,27.16,10.0,0.39,21.77,15.69
2011-01-13,33.67,24.12,28.45,6.75,0.41,21.58,15.27
2011-01-14,31.85,19.62,25.7,14.24,0.41,19.41,9.37
2011-01-15,33.47,16.71,25.06,0.55,0.42,13.79,31.9
2011-01-16,36.07,18.08,27.58,0.06,0.4,13.76,32.21
2011-01-17,29.18,17.88,23.71,0.0,0.4,11.88,33.21
2011-01-18,28.54,13.82,21.17,0.0,0.39,9.82,33.12
2011-01-19,30.32,14.01,22.35,0.0,0.39,9.71,32.63
2011-01-20,35.22,14.83,25.59,0.0,0.38,10.12,32.73
2011-01-21,36.73,21.04,28.81,3.16,0.38,15.12,28.86
2011-01-22,38.46,22.45,30.24,1.7,0.38,15.1,25.19
2011-01-23,36.8,22.33,29.56,0.41,0.38,15.98,28.76
2011-01-24,36.58,21.79,28.8,0.0,0.37,14.4,26.71
2011-01-25,38.29,20.26,29.68,0.0,0.37,15.49,30.46
2011-01-26,40.45,24.4,31.82,0.0,0.37,15.35,28.59
2011-01-27,36.12,19.32,27.71,0.0,0.36,11.46,30.72
2011-01-28,34.47,17.01,25.4,0.0,0.36,5.61,32.02
2011-01-29,36.07,15.33,26.41,0.0,0.36,9.38,32.14
2011-01-30,38.81,20.72,30.26,0.0,0.36,9.04,31.28
2011-01-31,40.9,22.2,31.84,0.0,0.35,10.01,30.74
2011-02-01,41.18,23.02,32.53,1.48,0.35,14.89,26.54
2011-02-02,30.35,25.46,27.98,23.61,0.37,23.25,11.84
2011-02-03,31.9,24.69,28.13,3.69,0.4,23.23,24.27
2011-02-04,32.79,25.37,28.1,5.05,0.4,22.18,23.66
2011-02-05,30.4,21.06,26.48,28.89,0.43,22.97,16.37
2011-02-06,20.63,13.67,17.09,3.34,0.45,10.05,18.94
2011-02-07,28.37,10.39,19.35,0.0,0.43,10.72,26.63
2011-02-08,30.45,11.73,21.52,0.0,0.42,11.52,25.97
2011-02-09,33.92,16.49,25.76,0.0,0.41,14.65,29.12
2011-02-10,34.88,22.86,28.43,0.01,0.41,16.05,22.72
2011-02-11,36.89,24.18,29.57,1.76,0.4,18.62,25.32
2011-02-12,29.44,17.4,23.25,7.44,0.41,17.29,16.16
2011-02-13,28.69,14.06,20.39,0.04,0.41,11.17,25.97
2011-02-14,32.63,17.06,25.26,0.0,0.4,14.77,26.49
2011-02-15,28.86,20.62,23.66,2.48,0.4,15.81,21.47
2011-02-16,29.77,19.21,24.07,3.16,0.41,18.71,13.97
2011-02-17,32.72,20.68,26.4,0.35,0.4,18.25,25.88
2011-02-18,33.47,20.79,27.69,1.48,0.4,17.86,24.32
2011-02-19,31.69,21.59,26.67,10.56,0.41,20.2,20.02
2011-02-20,29.17,19.1,23.62,0.0,0.41,15.04,26.75
2011-02-21,24.33,12.28,18.28,0.0,0.4,7.1,29.29
2011-02-22,29.13,10.75,20.21,0.0,0.4,11.05,27.79
2011-02-23,30.26,14.25,21.97,0.0,0.4,11.09,28.32
2011-02-24,32.46,15.23,23.57,0.0,0.39,10.07,28.51
2011-02-25,32.95,17.27,25.15,0.21,0.39,10.62,19.5
2011-02-26,34.86,19.86,27.07,0.22,0.39,12.96,24.7
2011-02-27,36.19,21.62,29.15,0.67,0.38,13.88,15.06
2011-02-28,36.88,22.04,28.71,0.47,0.38,16.55,18.18
2011-03-01,24.39,16.82,21.5,0.03,0.38,12.4,17.07
2011-03-02,25.99,10.27,17.87,0.0,0.38,3.25,27.73
2011-03-03,26.68,10.32,18.53,0.0,0.37,6.78,20.55
2011-03-04,26.61,11.73,18.89,0.01,0.37,7.29,24.73
2011-03-05,30.04,10.37,20.38,0.0,0.37,7.48,27.08
2011-03-06,30.72,15.29,22.42,0.0,0.37,7.55,26.12
2011-03-07,31.38,15.9,23.33,0.0,0.37,8.81,26.43
2011-03-08,31.98,16.81,24.73,0.22,0.36,10.57,21.38
2011-03-09,30.2,20.19,24.23,1.33,0.36,16.41,11.1
2011-03-10,23.88,20.17,21.76,14.76,0.38,18.52,9.62
2011-03-11,28.54,18.68,23.3,4.73,0.4,18.34,16.64
2011-03-12,31.35,19.48,25.48,3.12,0.4,17.52,18.98
2011-03-13,32.62,20.94,27.08,7.84,0.4,18.24,16.61
2011-03-14,29.93,21.47,25.27,4.6,0.4,19.1,17.16
2011-03-15,31.37,20.7,24.8,3.22,0.4,18.2,19.17
2011-03-16,31.04,18.98,24.66,0.06,0.4,16.27,20.59
2011-03-17,23.32,13.62,18.47,0.0,0.39,8.19,19.77
2011-03-18,26.02,12.83,19.26,0.0,0.39,8.31,13.39
2011-03-19,30.54,16.29,22.79,0.58,0.39,12.14,21.62
2011-03-20,31.08,17.61,24.03,0.98,0.39,14.79,19.0
2011-03-21,26.7,19.01,22.39,53.22,0.44,18.78,11.84
2011-03-22,26.46,18.07,21.48,6.88,0.48,17.58,13.96
2011-03-23,22.07,14.18,17.92,0.05,0.46,11.66,16.34
2011-03-24,22.29,14.22,17.36,3.41,0.45,12.61,11.93
2011-03-25,22.15,10.92,15.76,0.03,0.45,9.6,13.36
2011-03-26,24.51,9.04,16.85,0.0,0.44,10.7,21.21
2011-03-27,25.27,11.39,17.83,0.0,0.44,10.2,21.68
2011-03-28,26.86,12.28,18.99,0.0,0.43,10.69,21.98
2011-03-29,28.88,15.63,22.2,0.04,0.43,12.83,17.85
2011-03-30,29.89,16.22,22.78,2.13,0.43,13.01,18.74
2011-03-31,22.54,10.88,16.14,0.0,0.43,6.45,21.72
2011-04-01,25.06,8.68,16.36,0.0,0.42,6.16,21.88
2011-04-02,22.09,9.93,15.2,0.0,0.42,5.91,21.73
2011-04-03,23.46,7.2,14.79,0.0,0.42,5.99,21.23
2011-04-04,25.18,8.47,16.16,0.0,0.42,8.23,21.07
2011-04-05,26.05,10.7,17.86,0.0,0.41,10.25,20.12
2011-04-06,26.05,12.91,18.61,0.0,0.41,10.13,20.09
2011-04-07,25.92,12.98,18.38,0.0,0.41,9.1,20.26
2011-04-08,27.24,12.95,19.81,0.0,0.41,10.61,19.05
2011-04-09,28.71,14.41,21.6,0.1,0.4,10.04,15.25
2011-04-10,19.93,8.78,14.71,11.98,0.42,8.96,12.36
2011-04-11,12.39,6.37,9.94,12.69,0.43,7.59,9.87
2011-04-12,19.56,8.16,12.86,0.92,0.44,7.36,14.91
2011-04-13,19.79,7.79,13.27,0.0,0.44,7.39,10.9
2011-04-14,20.62,8.0,14.09,0.0,0.43,8.2,13.33
2011-04-15,22.14,8.74,15.27,0.0,0.43,8.07,14.4
2011-04-16,19.36,11.62,15.28,1.0,0.43,10.17,10.28
2011-04-17,23.19,8.96,15.06,0.0,0.43,7.22,18.66
2011-04-18,24.67,8.48,16.2,0.0,0.42,7.73,18.45
2011-04-19,25.91,12.67,18.68,0.27,0.42,10.65,13.74
2011-04-20,22.48,13.28,18.05,5.12,0.43,13.01,5.81
2011-04-21,24.3,10.66,17.26,1.22,0.43,12.27,14.97
2011-04-22,18.58,9.3,13.87,0.0,0.43,8.95,13.51
2011-04-23,20.22,7.32,13.31,0.0,0.42,7.17,17.28
2011-04-24,20.12,6.81,13.35,0.0,0.42,7.04,15.97
2011-04-25,24.43,7.83,16.32,0.0,0.42,9.75,16.87
2011-04-26,25.0,13.84,18.29,0.0,0.42,11.73,16.12
2011-04-27,22.38,11.12,16.07,0.0,0.41,8.97,16.29
2011-04-28,22.49,8.84,15.15,0.0,0.41,8.95,16.81
2011-04-29,22.86,10.43,16.04,0.0,0.41,9.93,14.7
2011-04-30,24.26,9.65,16.84,0.0,0.41,8.69,15.63
2011-05-01,23.9,12.38,17.85,0.08,0.41,11.25,10.79
2011-05-02,19.49,13.07,15.86,1.1,0.41,11.92,9.75
2011-05-03,20.94,10.04,14.9,0.13,0.41,9.68,14.89
2011-05-04,19.05,8.26,12.65,0.0,0.41,6.86,15.7
2011-05-05,19.5,7.49,11.95,0.0,0.41,5.57,15.46
2011-05-06,16.82,4.81,9.84,0.0,0.41,3.32,12.3
2011-05-07,18.44,6.22,11.67,0.0,0.41,5.06,13.25
2011-05-08,19.74,6.62,11.85,0.0,0.4,5.12,14.14
2011-05-09,16.84,6.32,10.19,0.0,0.4,4.76,13.34
2011-05-10,16.27,2.8,8.59,0.0,0.4,2.79,15.05
2011-05-11,12.19,4.52,8.74,2.5,0.4,4.65,6.45
2011-05-12,15.42,8.49,11.39,2.79,0.41,8.58,8.06
2011-05-13,16.34,7.93,12.0,0.21,0.41,8.23,8.72
2011-05-14,14.4,3.89,8.58,0.0,0.41,2.77,14.28
2011-05-15,15.72,1.44,7.78,0.0,0.41,3.28,14.35
2011-05-16,15.72,3.01,8.22,0.0,0.41,3.72,14.41
2011-05-17,16.79,1.89,8.62,0.0,0.41,4.0,13.02
2011-05-18,18.33,3.82,10.79,0.0,0.4,2.96,10.84
2011-05-19,21.72,6.67,13.38,0.0,0.4,0.63,13.84
2011-05-20,22.31,9.32,14.39,0.0,0.4,4.8,10.96
2011-05-21,23.09,10.15,16.45,0.0,0.4,10.68,11.36
2011-05-22,21.89,12.24,17.04,10.4,0.41,11.88,7.99
2011-05-23,16.82,10.49,12.75,2.34,0.42,9.67,6.17
2011-05-24,13.76,8.29,10.38,1.02,0.42,7.27,7.82
2011-05-25,15.12,4.63,8.51,0.06,0.42,3.46,12.92
2011-05-26,14.08,3.43,7.79,0.0,0.41,4.24,11.67
2011-05-27,15.41,4.47,8.68,0.0,0.41,4.99,10.79
2011-05-28,15.25,6.12,10.2,0.0,0.41,5.03,10.97
2011-05-29,16.07,6.22,10.88,0.01,0.41,5.73,10.56
2011-05-30,16.55,7.46,10.8,0.01,0.41,5.74,9.03
2011-05-31,19.59,5.17,11.62,0.0,0.41,7.4,12.24
2011-06-01,21.21,8.3,13.21,0.0,0.41,8.67,12.1
2011-06-02,20.08,7.17,12.48,0.0,0.41,7.62,12.34
2011-06-03,19.86,7.07,12.53,0.0,0.41,6.92,11.0
2011-06-04,13.33,8.83,10.85,3.33,0.41,7.56,2.93
2011-06-05,14.52,5.62,10.04,1.31,0.41,6.2,8.0
2011-06-06,13.44,5.52,8.76,0.11,0.41,1.94,11.66
2011-06-07,12.89,2.25,7.69,0.23,0.41,2.12,7.42
2011-06-08,9.74,0.13,4.41,0.0,0.41,0.0,12.35
2011-06-09,11.17,0.4,5.23,0.0,0.41,2.54,10.8
2011-06-10,14.61,3.18,6.88,0.0,0.41,3.46,11.53
2011-06-11,16.24,1.39,7.51,0.0,0.41,3.1,12.24
2011-06-12,17.08,2.12,8.97,0.0,0.41,4.23,11.89
2011-06-13,14.92,5.68,9.91,0.0,0.41,5.33,9.27
2011-06-14,16.16,5.46,9.79,0.0,0.41,5.88,8.46
2011-06-15,17.64,5.86,10.85,0.0,0.41,5.7,11.38
2011-06-16,16.57,6.51,10.23,0.0,0.4,7.45,10.34
2011-06-17,14.73,3.99,8.94,0.0,0.4,3.15,10.9
2011-06-18,14.91,4.92,9.21,0.0,0.4,6.8,10.57
2011-06-19,15.71,5.83,10.23,0.0,0.4,6.77,4.95
2011-06-20,18.31,6.8,11.74,0.0,0.4,5.54,8.05
2011-06-21,12.64,5.11,9.7,2.72,0.41,3.07,7.89
2011-06-22,12.92,3.4,7.54,0.14,0.41,3.97,10.12
2011-06-23,16.17,8.07,10.85,0.78,0.4,7.2,6.25
2011-06-24,17.47,7.04,11.48,0.0,0.4,7.15,10.31
2011-06-25,17.22,3.93,9.71,0.0,0.4,5.92,11.81
2011-06-26,17.48,2.75,10.05,0.01,0.4,1.41,11.41
2011-06-27,18.4,6.45,11.31,0.0,0.4,2.17,11.29
2011-06-28,18.23,3.01,9.98,0.0,0.4,4.03,11.1
2011-06-29,19.79,8.26,12.91,0.0,0.4,6.78,10.88
2011-06-30,19.04,7.15,12.03,0.0,0.4,6.72,9.78
2011-07-01,17.57,5.92,10.57,0.0,0.4,5.07,11.96
2011-07-02,19.09,5.34,11.04,0.0,0.4,5.32,11.65
2011-07-03,21.1,8.58,13.68,1.43,0.4,6.95,4.24
2011-07-04,15.88,7.31,10.98,6.5,0.41,5.92,10.55
2011-07-05,13.28,5.54,9.03,0.02,0.41,4.63,10.5
2011-07-06,13.4,5.0,9.52,0.16,0.41,4.9,7.3
2011-07-07,12.41,3.21,8.56,0.86,0.4,4.1,9.4
2011-07-08,10.83,0.57,5.04,0.0,0.4,1.98,9.13
2011-07-09,12.5,4.06,7.53,0.0,0.4,4.12,7.53
2011-07-10,12.67,4.11,7.92,0.06,0.4,3.95,7.34
2011-07-11,11.81,2.83,6.88,0.03,0.4,3.26,11.37
2011-07-12,13.05,0.29,6.01,0.0,0.4,2.74,11.61
2011-07-13,10.25,3.81,6.42,0.06,0.4,3.99,5.28
2011-07-14,12.99,2.56,6.53,0.01,0.4,3.54,12.76
2011-07-15,14.49,1.01,6.86,0.0,0.4,1.09,12.94
2011-07-16,15.16,5.13,9.27,1.68,0.4,6.56,5.0
2011-07-17,14.84,8.53,10.76,4.18,0.4,8.72,6.47
2011-07-18,13.12,6.6,9.31,1.77,0.41,5.3,9.87
2011-07-19,14.01,6.67,9.23,1.48,0.41,6.68,7.5
2011-07-20,17.91,6.55,10.51,0.15,0.41,6.63,12.62
2011-07-21,17.14,5.67,9.77,0.0,0.41,5.35,13.27
2011-07-22,15.45,5.27,9.82,0.0,0.41,6.05,12.02
2011-07-23,16.03,3.06,9.27,0.0,0.4,4.22,13.44
2011-07-24,16.3,4.63,9.78,0.42,0.4,4.66,9.55
2011-07-25,15.0,6.14,10.22,0.55,0.4,7.11,7.22
2011-07-26,14.65,4.79,9.29,0.02,0.4,4.83,10.94
2011-07-27,15.36,1.96,8.17,0.0,0.4,2.17,14.19
2011-07-28,17.43,1.74,9.14,0.0,0.4,0.73,14.19
2011-07-29,19.26,1.63,9.43,0.0,0.4,-0.96,14.35
2011-07-30,20.61,4.94,11.81,0.97,0.4,3.13,12.64
2011-07-31,20.94,8.73,13.94,0.59,0.4,8.56,12.27
2011-08-01,21.61,9.33,14.61,0.01,0.4,4.69,14.22
2011-08-02,23.66,11.45,16.15,0.06,0.4,4.24,11.99
2011-08-03,26.06,10.8,16.75,0.0,0.39,6.6,13.56
2011-08-04,25.58,11.97,17.26,0.0,0.39,4.54,14.27
2011-08-05,23.33,10.0,15.86,0.3,0.39,4.91,12.5
2011-08-06,17.87,7.3,13.18,7.93,0.4,8.86,9.61
2011-08-07,15.51,4.25,9.45,1.02,0.4,3.73,10.13
2011-08-08,12.74,5.73,8.81,9.35,0.41,6.11,6.21
2011-08-09,13.27,4.92,8.43,0.51,0.42,4.67,9.55
2011-08-10,13.8,3.91,8.38,1.75,0.42,4.87,10.49
2011-08-11,15.7,3.83,9.44,0.36,0.41,6.5,9.09
2011-08-12,19.36,5.87,11.43,0.0,0.41,5.49,16.04
2011-08-13,17.21,4.67,11.08,0.13,0.41,4.78,9.79
2011-08-14,20.08,8.6,13.02,0.07,0.41,5.01,15.6
2011-08-15,20.81,6.07,13.4,0.0,0.41,4.9,11.5
2011-08-16,22.31,10.48,15.69,0.05,0.4,4.88,13.69
2011-08-17,16.8,8.93,12.8,17.3,0.41,8.7,2.71
2011-08-18,11.12,4.66,8.54,7.26,0.44,6.41,9.39
2011-08-19,16.51,8.08,11.5,1.95,0.44,7.8,14.9
2011-08-20,19.18,8.96,13.04,0.01,0.44,7.22,17.47
2011-08-21,18.54,6.62,11.48,0.08,0.43,5.79,17.71
2011-08-22,19.01,4.8,11.13,0.0,0.43,5.26,17.64
2011-08-23,20.32,4.73,11.93,0.0,0.42,5.92,17.03
2011-08-24,22.3,5.22,13.31,0.0,0.42,6.13,17.38
2011-08-25,24.06,6.7,14.29,0.0,0.42,5.36,17.97
2011-08-26,23.14,6.52,13.85,0.0,0.42,7.45,17.95
2011-08-27,21.13,6.18,12.92,0.0,0.41,5.11,16.83
2011-08-28,21.84,6.03,13.14,0.0,0.41,5.26,17.84
2011-08-29,20.64,6.87,12.8,0.0,0.41,4.57,16.55
2011-08-30,17.29,3.62,9.94,0.0,0.41,2.4,18.95
2011-08-31,18.63,2.26,10.56,0.0,0.41,3.99,18.81
2011-09-01,20.21,5.8,12.62,0.0,0.4,6.51,18.25
2011-09-02,23.39,6.38,14.35,0.0,0.4,5.45,19.46
2011-09-03,24.55,9.15,16.51,0.0,0.4,7.49,17.86
2011-09-04,25.67,13.86,18.57,0.31,0.4,7.9,12.23
2011-09-05,26.66,13.03,19.04,0.27,0.4,7.32,13.87
2011-09-06,22.7,6.13,15.24,2.3,0.39,4.42,9.85
2011-09-07,17.5,3.3,9.9,0.0,0.4,0.68,20.55
2011-09-08,15.73,3.85,9.93,0.4,0.4,1.95,12.98
2011-09-09,13.19,5.48,9.12,1.5,0.4,3.46,13.94
2011-09-10,16.05,3.57,9.14,0.02,0.4,3.42,20.19
2011-09-11,14.42,6.31,9.87,0.72,0.4,5.1,14.88
2011-09-12,17.71,1.22,9.08,0.0,0.4,0.77,21.92
2011-09-13,19.88,6.03,11.86,0.01,0.39,0.85,21.53
2011-09-14,25.2,5.7,14.94,0.0,0.39,1.87,21.54
2011-09-15,23.81,6.22,14.8,0.0,0.39,4.84,21.49
2011-09-16,27.67,9.26,17.61,0.0,0.39,3.33,17.65
2011-09-17,30.21,11.22,19.9,0.0,0.38,1.84,20.79
2011-09-18,27.61,8.84,18.15,0.0,0.38,4.44,20.49
2011-09-19,30.98,12.08,21.48,0.06,0.38,3.41,20.65
2011-09-20,18.69,8.72,13.86,0.01,0.37,4.44,21.47
2011-09-21,22.7,7.69,14.74,0.0,0.37,2.91,23.1
2011-09-22,27.5,8.88,17.43,0.0,0.37,3.12,23.61
2011-09-23,23.51,9.99,16.16,0.0,0.37,3.52,22.82
2011-09-24,20.66,5.74,12.82,0.0,0.37,2.18,22.78
2011-09-25,21.39,4.46,13.19,0.0,0.37,4.85,20.62
2011-09-26,23.04,7.01,15.03,0.0,0.37,4.85,21.92
2011-09-27,27.91,10.39,18.85,0.0,0.36,5.93,21.87
2011-09-28,21.87,15.89,18.24,6.84,0.37,11.85,6.52
2011-09-29,15.98,9.74,12.29,6.33,0.38,6.14,16.04
2011-09-30,17.91,5.48,11.78,0.8,0.38,4.17,18.88
2011-10-01,15.39,8.2,11.25,4.03,0.39,6.31,14.34
2011-10-02,20.03,7.84,13.72,2.58,0.39,7.23,18.98
2011-10-03,21.18,7.46,14.29,0.41,0.39,6.88,20.95
2011-10-04,24.22,8.11,16.15,0.0,0.38,5.09,24.91
2011-10-05,20.43,12.37,15.71,4.48,0.38,7.54,7.81
2011-10-06,20.05,12.29,15.8,2.99,0.39,11.82,9.94
2011-10-07,23.31,12.35,17.37,0.05,0.39,10.77,9.27
2011-10-08,23.82,11.67,17.37,0.0,0.38,9.43,18.16
2011-10-09,22.83,10.66,16.82,0.0,0.38,7.76,16.79
2011-10-10,21.07,8.39,14.46,0.0,0.38,3.74,22.96
2011-10-11,20.63,6.42,13.33,0.0,0.38,4.33,25.16
2011-10-12,23.34,6.33,14.75,0.0,0.37,4.56,25.75
2011-10-13,26.63,8.19,17.92,0.0,0.37,5.96,22.52
2011-10-14,29.6,12.25,20.79,0.83,0.37,9.95,20.89
2011-10-15,28.13,14.57,20.54,0.52,0.37,11.06,26.01
2011-10-16,22.13,8.35,14.85,0.0,0.37,2.58,25.31
2011-10-17,25.15,6.01,15.15,0.0,0.36,-1.19,27.4
2011-10-18,28.57,9.18,18.93,0.0,0.36,7.26,27.89
2011-10-19,30.2,13.08,21.38,0.0,0.36,5.68,28.19
2011-10-20,31.65,13.14,22.19,0.0,0.36,4.68,27.03
2011-10-21,32.83,14.49,23.7,0.0,0.35,7.12,25.92
2011-10-22,29.73,17.69,23.16,0.0,0.35,10.43,20.79
2011-10-23,34.45,17.42,26.32,0.0,0.35,10.02,25.83
2011-10-24,34.9,21.56,26.69,0.64,0.35,12.24,14.07
2011-10-25,25.25,14.14,19.18,0.88,0.35,9.49,20.96
2011-10-26,24.56,12.24,18.8,0.0,0.35,11.06,21.23
2011-10-27,29.4,12.94,21.46,0.0,0.35,9.11,28.56
2011-10-28,33.46,16.15,24.68,1.32,0.35,13.94,18.31
2011-10-29,27.31,16.15,22.09,0.8,0.35,13.06,19.15
2011-10-30,23.16,10.79,16.99,0.0,0.35,5.58,30.36
2011-10-31,25.77,8.59,17.04,0.0,0.35,3.92,27.44
2011-11-01,28.49,9.1,18.66,0.0,0.35,4.61,29.62
2011-11-02,26.98,11.46,19.07,0.0,0.34,6.68,29.62
2011-11-03,26.4,11.6,18.68,0.0,0.34,7.23,25.26
2011-11-04,30.62,10.14,20.45,0.0,0.34,5.69,28.86
2011-11-05,34.28,14.17,24.46,0.0,0.34,6.71,29.16
2011-11-06,32.63,19.75,25.94,4.85,0.34,14.34,22.57
2011-11-07,33.33,19.23,26.9,2.51,0.35,16.68,21.67
2011-11-08,32.97,21.59,26.82,1.28,0.35,15.26,12.95
2011-11-09,34.61,20.47,26.65,11.27,0.35,16.47,23.06
2011-11-10,26.21,12.97,19.6,11.58,0.38,9.03,29.37
2011-11-11,29.52,12.92,21.52,0.02,0.37,7.3,30.91
2011-11-12,30.6,14.58,23.27,0.0,0.37,6.91,28.88
2011-11-13,34.33,16.88,26.15,0.0,0.36,7.52,24.28
2011-11-14,32.93,19.5,25.68,0.0,0.36,8.53,30.79
2011-11-15,34.37,14.95,25.16,0.0,0.35,8.08,29.39
2011-11-16,26.91,18.34,22.57,1.42,0.35,10.9,9.44
2011-11-17,32.22,15.2,24.2,0.13,0.35,11.82,26.78
2011-11-18,34.84,18.03,27.05,0.76,0.35,12.83,29.52
2011-11-19,38.33,21.69,29.16,0.34,0.35,13.68,25.27
2011-11-20,24.15,16.13,20.66,1.24,0.35,9.34,14.38
2011-11-21,29.98,14.21,21.32,0.0,0.35,4.48,18.95
2011-11-22,21.56,13.37,17.87,6.51,0.35,7.75,6.92
2011-11-23,28.36,10.33,19.95,0.0,0.35,7.24,27.35
2011-11-24,20.42,15.41,17.96,4.09,0.35,12.28,10.03
2011-11-25,27.54,15.78,21.69,5.39,0.36,14.32,27.37
2011-11-26,25.24,14.23,19.75,0.46,0.36,11.44,21.33
2011-11-27,30.86,13.57,22.63,0.02,0.36,9.37,29.59
2011-11-28,35.02,16.67,26.4,0.0,0.35,8.92,30.05
2011-11-29,38.15,21.53,30.64,0.48,0.35,11.55,25.32
2011-11-30,28.74,14.01,22.31,4.1,0.35,9.27,17.32
2011-12-01,25.73,9.93,17.86,0.0,0.35,2.14,31.08
2011-12-02,28.33,9.8,19.82,0.0,0.35,4.2,33.38
2011-12-03,31.23,14.14,22.9,0.0,0.35,6.4,27.3
2011-12-04,27.06,13.41,20.32,0.0,0.34,2.33,34.24
2011-12-05,27.97,10.82,19.93,0.0,0.34,1.84,31.91
2011-12-06,27.36,13.76,21.15,0.0,0.34,6.05,29.9
2011-12-07,26.23,15.92,21.15,0.8,0.34,8.79,23.32
2011-12-08,31.56,14.82,23.9,0.0,0.34,8.2,29.62
2011-12-09,27.45,17.54,23.02,0.17,0.34,12.22,15.69
2011-12-10,30.57,18.46,24.89,1.66,0.34,13.81,21.13
2011-12-11,29.91,20.0,24.81,3.68,0.34,14.19,28.72
2011-12-12,29.25,13.81,21.63,0.0,0.34,5.27,32.68
2011-12-13,27.87,12.88,20.15,0.0,0.34,3.9,34.33
2011-12-14,30.68,10.89,21.54,0.0,0.34,3.54,33.87
2011-12-15,31.22,17.62,24.35,0.0,0.34,8.33,26.44
2011-12-16,34.03,19.2,27.09,0.15,0.33,10.9,25.63
2011-12-17,32.54,20.66,26.66,0.0,0.33,11.66,24.38
2011-12-18,27.02,19.98,23.44,20.52,0.35,16.98,12.0
2011-12-19,28.4,18.76,23.25,18.06,0.4,16.14,27.15
2011-12-20,29.65,14.63,22.23,0.0,0.39,9.21,31.19
2011-12-21,32.19,16.76,24.25,0.01,0.38,8.37,32.33
2011-12-22,32.38,18.02,25.56,3.97,0.37,13.94,30.24
2011-12-23,33.82,18.68,26.92,0.16,0.37,14.73,29.2
2011-12-24,35.94,20.48,28.52,0.0,0.36,11.37,32.01
2011-12-25,38.07,21.03,28.88,6.61,0.36,12.62,22.88
2011-12-26,25.8,19.7,23.21,14.35,0.39,17.36,21.48
2011-12-27,28.91,14.0,21.64,0.02,0.39,8.71,32.87
2011-12-28,30.8,13.5,23.32,0.18,0.38,9.05,32.48
2011-12-29,33.01,16.94,25.68,0.0,0.38,10.59,29.52
2011-12-30,33.32,19.55,26.11,0.0,0.37,10.22,33.11
2011-12-31,33.48,17.86,25.86,0.0,0.37,10.0,32.64
2012-01-01,35.9,19.06,27.88,0.0,0.36,8.53,33.64
2012-01-02,38.66,21.31,30.41,0.0,0.36,8.78,33.29
2012-01-03,40.39,23.06,32.0,0.0,0.35,9.59,30.36
2012-01-04,33.4,23.22,28.42,0.0,0.35,14.2,24.15
2012-01-05,34.67,17.59,26.04,0.01,0.35,4.87,32.94
2012-01-06,32.41,14.13,23.8,0.01,0.35,1.09,34.69
2012-01-07,39.49,17.53,28.59,0.06,0.35,5.1,28.66
2012-01-08,34.04,21.86,26.9,2.0,0.35,14.46,15.96
2012-01-09,26.02,15.87,21.24,0.0,0.35,5.83,32.64
2012-01-10,27.1,15.09,21.03,0.0,0.35,8.31,25.82
2012-01-11,25.2,13.54,19.13,0.0,0.35,3.98,28.91
2012-01-12,26.53,9.91,18.49,0.0,0.34,2.44,33.8
2012-01-13,29.56,13.62,21.73,0.0,0.34,6.95,27.44
2012-01-14,31.21,15.11,23.06,0.0,0.34,5.62,32.58
2012-01-15,32.99,14.59,24.96,0.02,0.34,9.22,30.5
2012-01-16,32.68,18.24,25.73,0.0,0.34,12.02,27.59
2012-01-17,34.99,19.31,27.57,0.0,0.34,11.4,30.31
2012-01-18,37.57,20.75,28.93,1.25,0.34,12.69,25.79
2012-01-19,38.02,21.36,29.9,1.08,0.34,15.02,29.67
2012-01-20,37.84,23.46,29.71,6.75,0.34,13.91,24.59
2012-01-21,35.2,22.04,28.57,1.72,0.35,15.96,26.66
2012-01-22,33.42,21.6,27.54,0.04,0.34,13.17,30.62
2012-01-23,33.29,19.64,26.53,0.02,0.34,11.27,28.72
2012-01-24,29.69,20.06,25.14,0.14,0.34,12.58,24.25
2012-01-25,28.78,21.17,24.76,1.38,0.34,15.51,19.81
2012-01-26,29.48,19.72,25.38,0.25,0.34,15.92,20.39
2012-01-27,30.86,20.89,25.77,0.33,0.34,16.09,19.15
2012-01-28,25.91,21.47,23.43,0.66,0.34,16.42,11.97
2012-01-29,30.15,19.73,24.47,20.97,0.35,17.19,10.68
2012-01-30,31.77,19.71,25.93,17.54,0.4,19.67,20.02
2012-01-31,27.28,14.56,20.56,0.0,0.39,8.08,32.0
2012-02-01,30.84,13.34,22.29,4.18,0.38,11.49,27.14
2012-02-02,24.53,17.94,20.68,3.37,0.39,15.05,17.41
2012-02-03,27.17,16.54,21.6,2.94,0.39,14.46,18.56
2012-02-04,32.18,16.62,25.01,0.0,0.38,12.8,29.29
2012-02-05,37.12,18.48,27.0,0.0,0.37,12.07,24.79
2012-02-06,25.64,12.69,18.91,0.0,0.37,4.73,31.81
2012-02-07,28.08,11.65,20.11,0.0,0.37,5.8,31.23
2012-02-08,27.94,11.82,20.02,0.0,0.36,5.35,31.29
2012-02-09,30.04,12.11,21.54,0.31,0.36,4.36,30.0
2012-02-10,30.55,13.35,22.31,0.37,0.36,6.43,24.36
2012-02-11,29.66,14.45,22.57,0.05,0.36,8.03,27.42
2012-02-12,29.81,15.25,22.4,0.01,0.35,8.33,29.15
2012-02-13,30.39,14.84,23.11,0.0,0.35,8.37,28.66
2012-02-14,33.32,17.4,25.63,0.0,0.35,7.62,29.94
2012-02-15,34.07,18.5,26.92,0.0,0.35,11.06,25.46
2012-02-16,34.95,21.69,26.85,0.52,0.35,13.29,14.33
2012-02-17,35.05,21.73,28.32,1.7,0.35,14.03,22.35
2012-02-18,35.61,20.14,28.4,3.96,0.35,16.26,22.55
2012-02-19,36.14,21.59,27.77,6.03,0.35,17.23,20.02
2012-02-20,28.46,19.76,23.52,3.78,0.36,16.72,8.39
2012-02-21,28.87,16.83,23.15,0.1,0.36,14.36,25.62
2012-02-22,31.09,19.17,25.12,2.98,0.36,12.82,21.57
2012-02-23,32.81,17.08,25.26,0.0,0.36,11.25,27.79
2012-02-24,35.97,18.61,27.24,0.0,0.35,10.24,28.06
2012-02-25,33.68,19.19,26.45,0.0,0.35,13.88,24.73
2012-02-26,29.52,22.46,25.88,5.17,0.36,18.85,14.14
2012-02-27,29.71,21.02,25.04,16.02,0.37,20.74,16.93
2012-02-28,26.72,21.56,23.99,54.79,0.43,21.95,8.0
2012-02-29,25.05,20.57,22.63,19.92,0.49,20.8,7.95
2012-03-01,23.99,18.38,22.04,33.23,0.54,19.87,8.3
2012-03-02,22.15,16.7,19.55,6.67,0.53,17.06,8.27
2012-03-03,25.69,16.83,20.67,75.99,0.56,19.07,4.43
2012-03-04,25.72,16.18,21.75,27.62,0.66,18.41,21.5
2012-03-05,24.35,12.59,18.1,0.0,0.62,13.23,26.11
2012-03-06,23.96,11.58,17.45,4.07,0.6,13.25,26.21
2012-03-07,22.53,13.29,17.27,1.02,0.59,12.14,25.01
2012-03-08,24.05,11.65,17.41,0.01,0.58,11.91,25.78
2012-03-09,25.72,10.82,18.34,0.0,0.57,11.86,25.83
2012-03-10,25.55,11.65,18.53,0.01,0.56,11.1,25.64
2012-03-11,25.6,11.61,18.47,0.01,0.55,11.55,25.22
2012-03-12,27.23,14.76,20.6,0.0,0.55,13.24,25.13
2012-03-13,29.32,16.37,22.66,0.0,0.54,16.66,23.09
2012-03-14,25.42,18.9,22.01,3.06,0.54,18.72,13.7
2012-03-15,28.99,18.35,23.22,5.45,0.54,18.1,22.19
2012-03-16,25.81,15.84,20.42,15.28,0.56,17.33,5.92
2012-03-17,23.55,12.28,17.57,0.0,0.56,13.11,21.45
2012-03-18,26.01,10.44,17.87,0.04,0.55,13.06,22.81
2012-03-19,25.21,12.45,18.69,0.0,0.54,12.94,23.82
2012-03-20,28.36,14.24,20.89,0.0,0.54,15.0,22.7
2012-03-21,29.24,13.21,20.2,0.01,0.53,14.32,20.6
2012-03-22,21.57,9.5,14.76,0.0,0.53,7.53,23.28
2012-03-23,19.96,7.93,13.59,0.0,0.52,7.43,16.17
2012-03-24,21.23,7.21,14.17,0.0,0.52,8.92,19.98
2012-03-25,21.54,10.81,15.48,0.0,0.52,10.4,15.01
2012-03-26,24.0,9.45,16.38,0.0,0.51,10.28,22.4
2012-03-27,22.4,11.34,17.24,0.45,0.51,11.84,14.03
2012-03-28,26.69,13.78,19.42,0.11,0.51,12.3,21.38
2012-03-29,27.09,12.96,19.66,0.0,0.5,11.75,20.42
2012-03-30,27.53,13.69,20.05,0.0,0.5,11.97,19.78
2012-03-31,29.75,15.14,22.13,0.0,0.49,12.94,17.57
2012-04-01,23.64,16.17,19.25,0.96,0.49,14.45,11.89
2012-04-02,26.97,14.2,20.23,0.0,0.49,13.39,20.65
2012-04-03,30.6,15.9,21.96,0.0,0.49,13.77,19.26
2012-04-04,27.82,14.53,20.52,0.0,0.48,13.01,20.16
2012-04-05,28.69,14.37,21.32,0.0,0.48,14.28,20.27
2012-04-06,30.74,16.03,22.95,0.0,0.47,15.3,18.7
2012-04-07,20.46,9.48,14.58,0.0,0.47,5.95,20.49
2012-04-08,21.02,10.06,14.54,0.0,0.47,6.03,18.34
2012-04-09,20.24,7.78,13.62,0.0,0.47,6.9,18.18
2012-04-10,16.59,4.02,10.01,0.0,0.46,3.73,19.81
2012-04-11,19.83,4.88,11.65,0.0,0.46,4.24,19.35
2012-04-12,22.32,5.94,13.67,0.0,0.46,6.15,19.82
2012-04-13,24.12,7.67,15.91,0.24,0.46,7.49,19.15
2012-04-14,23.47,12.5,16.69,3.33,0.46,10.35,9.12
2012-04-15,25.0,13.0,18.7,0.0,0.46,10.27,15.92
2012-04-16,26.46,14.06,19.17,0.0,0.46,10.23,18.05
2012-04-17,25.6,11.67,17.79,0.0,0.46,9.38,17.68
2012-04-18,23.17,11.6,17.11,4.16,0.45,13.14,12.92
2012-04-19,22.09,14.63,18.09,4.97,0.47,13.91,7.51
2012-04-20,24.03,11.85,17.92,0.08,0.46,12.74,14.5
2012-04-21,24.55,12.2,19.1,0.05,0.46,12.4,16.19
2012-04-22,26.26,15.2,19.74,1.27,0.46,12.81,13.69
2012-04-23,23.72,13.75,18.14,0.37,0.46,10.89,15.9
2012-04-24,15.7,8.15,12.11,1.88,0.45,7.13,14.86
2012-04-25,16.45,5.62,10.54,0.01,0.45,5.9,14.41
2012-04-26,16.2,6.0,11.26,0.01,0.45,7.98,11.13
2012-04-27,20.68,6.34,12.8,0.0,0.45,8.64,15.65
2012-04-28,21.01,7.33,13.35,0.0,0.45,7.81,16.33
2012-04-29,20.41,6.68,12.77,0.0,0.45,7.57,16.4
2012-04-30,19.99,6.16,12.99,0.0,0.45,7.43,13.29
2012-05-01,25.21,11.63,17.68,0.65,0.45,10.99,14.5
2012-05-02,20.33,9.36,15.83,6.22,0.45,11.9,12.0
2012-05-03,16.26,3.66,9.87,0.0,0.45,4.97,15.87
2012-05-04,17.06,4.87,10.83,0.01,0.45,6.5,14.1
2012-05-05,16.71,5.2,10.91,0.01,0.45,6.43,13.38
2012-05-06,16.54,5.01,10.47,0.01,0.45,4.9,14.34
2012-05-07,20.06,8.64,13.55,0.01,0.44,6.56,12.29
2012-05-08,23.1,8.21,14.84,0.01,0.44,6.59,14.94
2012-05-09,26.28,10.22,16.78,0.0,0.44,6.4,14.57
2012-05-10,23.78,10.09,16.2,0.02,0.44,8.02,13.31
2012-05-11,22.18,10.14,16.5,0.03,0.44,9.52,13.93
2012-05-12,15.18,4.82,9.3,0.0,0.43,3.05,14.17
2012-05-13,15.28,3.41,9.36,0.0,0.43,4.36,9.95
2012-05-14,15.18,4.31,8.68,0.0,0.43,3.63,12.19
2012-05-15,16.71,3.85,9.28,0.0,0.43,6.07,14.03
2012-05-16,17.91,5.96,10.68,0.0,0.43,6.2,13.74
2012-05-17,18.57,6.49,11.88,0.0,0.43,4.97,13.95
2012-05-18,20.19,4.7,12.49,0.0,0.43,3.54,13.84
2012-05-19,19.98,7.95,12.81,0.0,0.43,3.52,12.76
2012-05-20,18.13,6.0,11.26,0.0,0.43,6.89,12.25
2012-05-21,18.22,5.5,11.3,0.0,0.43,4.96,12.88
2012-05-22,19.45,5.16,11.58,0.0,0.42,3.71,13.22
2012-05-23,21.82,6.0,12.87,0.0,0.42,2.99,13.4
2012-05-24,14.9,7.44,12.29,5.49,0.42,7.41,3.6
2012-05-25,9.9,5.07,7.6,0.98,0.43,4.64,5.95
2012-05-26,15.06,4.98,9.61,1.91,0.43,6.29,7.26
2012-05-27,15.23,6.07,9.7,0.66,0.43,6.48,11.87
2012-05-28,15.53,4.34,8.66,0.15,0.43,5.87,12.18
2012-05-29,17.96,3.45,9.31,0.07,0.43,5.74,12.63
2012-05-30,19.32,4.5,10.47,0.0,0.43,6.51,12.69
2012-05-31,19.35,5.27,11.66,0.0,0.43,6.86,12.42
2012-06-01,18.91,6.56,12.0,0.0,0.43,7.2,9.15
2012-06-02,17.03,8.37,11.63,3.29,0.43,9.56,4.15
2012-06-03,15.36,5.8,9.46,0.1,0.43,5.76,10.85
2012-06-04,13.52,1.87,7.84,0.01,0.43,3.79,12.25
2012-06-05,16.42,6.88,10.62,3.25,0.43,6.59,7.87
2012-06-06,15.56,4.49,8.68,0.0,0.43,4.22,12.42
2012-06-07,14.96,1.8,7.26,0.0,0.43,3.25,11.41
2012-06-08,12.47,0.76,5.16,0.0,0.43,3.26,12.21
2012-06-09,12.89,1.09,5.28,0.04,0.43,3.43,12.05
2012-06-10,15.13,0.93,6.32,0.01,0.43,2.66,12.08
2012-06-11,15.64,1.17,7.54,0.0,0.43,4.72,11.67
2012-06-12,16.6,5.42,10.59,0.0,0.43,7.0,10.37
2012-06-13,18.49,4.6,11.02,0.0,0.43,6.94,11.19
2012-06-14,17.8,6.01,11.72,0.0,0.43,7.52,8.03
2012-06-15,18.29,6.04,11.93,0.01,0.42,5.99,11.19
2012-06-16,13.68,5.05,9.13,9.25,0.43,6.48,6.72
2012-06-17,15.28,2.28,8.45,0.0,0.44,4.05,9.67
2012-06-18,14.83,4.36,9.33,0.0,0.44,6.98,7.86
2012-06-19,15.83,5.36,9.46,0.01,0.43,5.6,7.69
2012-06-20,16.43,1.79,8.84,0.03,0.43,3.93,10.77
2012-06-21,17.75,6.76,11.68,0.07,0.43,3.69,8.22
2012-06-22,10.47,6.03,8.7,3.88,0.43,6.47,5.45
2012-06-23,11.68,2.84,5.95,0.24,0.44,2.55,11.92
2012-06-24,13.83,1.55,7.01,0.0,0.43,3.64,8.4
2012-06-25,15.42,3.32,8.98,0.0,0.43,5.06,7.75
2012-06-26,14.98,6.76,10.14,0.0,0.43,6.59,9.3
2012-06-27,17.22,5.62,10.17,0.0,0.43,6.5,11.69
2012-06-28,16.06,5.81,10.75,0.0,0.43,7.52,7.77
2012-06-29,17.69,8.34,11.97,0.11,0.43,6.54,10.54
2012-06-30,14.12,3.63,8.62,0.03,0.43,4.2,8.63
2012-07-01,11.32,3.3,7.24,1.42,0.43,3.79,9.21
2012-07-02,10.73,3.37,6.53,0.53,0.43,4.65,7.49
2012-07-03,12.0,2.18,6.08,0.02,0.43,4.67,9.72
2012-07-04,13.32,3.33,7.63,0.19,0.43,4.18,12.04
2012-07-05,13.81,2.12,6.12,0.0,0.43,2.33,12.26
2012-07-06,15.12,0.76,6.76,0.0,0.43,2.52,11.67
2012-07-07,15.98,0.67,7.38,0.0,0.43,2.32,12.49
2012-07-08,16.83,2.37,9.12,0.01,0.42,4.21,11.58
2012-07-09,17.99,6.87,12.2,0.62,0.42,6.43,7.04
2012-07-10,15.8,7.65,11.77,18.69,0.45,9.48,3.51
2012-07-11,17.11,5.45,10.66,0.05,0.46,6.38,11.15
2012-07-12,20.06,9.51,14.09,3.03,0.45,11.82,5.97
2012-07-13,16.31,7.75,11.42,1.56,0.45,8.91,10.12
2012-07-14,14.21,4.66,9.43,0.18,0.45,5.24,9.95
2012-07-15,12.29,4.46,7.2,0.04,0.45,4.22,9.56
2012-07-16,16.44,3.68,9.48,0.0,0.45,4.49,10.1
2012-07-17,16.77,4.31,9.96,0.0,0.44,5.2,11.39
2012-07-18,15.62,2.56,8.64,0.06,0.44,3.24,12.52
2012-07-19,13.35,0.67,5.87,0.0,0.44,1.93,12.55
2012-07-20,14.44,0.38,7.0,0.02,0.44,4.08,10.45
2012-07-21,15.97,4.1,8.5,0.02,0.44,6.14,12.58
2012-07-22,16.08,3.72,8.42,0.0,0.44,4.87,13.48
2012-07-23,16.52,3.01,8.63,0.0,0.44,4.38,13.29
2012-07-24,15.21,3.6,8.69,0.0,0.44,5.24,9.9
2012-07-25,17.91,5.86,11.41,0.84,0.44,6.18,9.76
2012-07-26,14.53,4.93,9.1,0.57,0.44,5.09,13.04
2012-07-27,11.83,5.01,8.29,6.5,0.44,6.26,5.59
2012-07-28,12.52,5.06,8.31,1.05,0.45,6.23,11.17
2012-07-29,13.68,4.08,8.46,0.0,0.45,4.89,11.48
2012-07-30,13.45,3.18,6.77,0.02,0.44,3.27,14.46
2012-07-31,14.15,2.76,6.81,0.0,0.44,2.23,14.46
2012-08-01,14.19,0.43,7.05,0.0,0.44,1.54,14.69
2012-08-02,13.73,2.51,8.23,0.0,0.44,1.79,11.61
2012-08-03,17.66,4.08,9.73,0.0,0.44,1.41,14.44
2012-08-04,18.3,4.2,10.27,0.0,0.43,3.19,13.51
2012-08-05,18.5,4.23,10.7,0.0,0.43,3.13,11.21
2012-08-06,13.55,4.46,8.36,0.0,0.43,3.51,14.47
2012-08-07,15.22,3.9,8.85,0.0,0.43,2.23,15.58
2012-08-08,19.68,4.03,10.85,0.0,0.43,2.21,15.07
2012-08-09,13.6,5.33,9.48,2.31,0.43,4.84,14.45
2012-08-10,15.09,3.99,8.64,0.0,0.43,5.11,14.5
2012-08-11,16.2,5.43,9.06,0.0,0.43,5.33,15.3
2012-08-12,17.18,4.23,9.35,0.0,0.43,4.5,16.13
2012-08-13,18.05,2.81,10.4,0.0,0.43,2.55,16.47
2012-08-14,18.92,7.41,11.54,0.0,0.42,2.46,9.33
2012-08-15,16.65,6.18,10.28,0.0,0.42,4.84,11.23
2012-08-16,16.53,3.39,10.45,1.55,0.42,4.43,12.25
2012-08-17,11.52,6.99,8.86,5.18,0.43,4.06,9.9
2012-08-18,13.11,4.75,8.33,2.52,0.43,4.67,9.64
2012-08-19,14.61,1.24,7.91,0.0,0.43,1.44,17.5
2012-08-20,15.24,1.59,8.76,0.03,0.43,-0.1,14.78
2012-08-21,20.18,3.64,11.71,0.0,0.43,1.24,17.49
2012-08-22,24.91,9.09,16.14,0.05,0.42,4.3,13.72
2012-08-23,17.0,9.18,12.86,8.45,0.43,8.27,7.05
2012-08-24,14.71,4.36,9.62,0.16,0.43,4.14,11.3
2012-08-25,14.72,2.4,8.74,0.0,0.43,3.25,12.29
2012-08-26,15.16,4.28,8.85,0.0,0.43,3.12,13.6
2012-08-27,16.83,1.23,9.73,0.0,0.43,1.72,18.8
2012-08-28,20.39,5.57,12.34,0.02,0.42,1.12,18.7
2012-08-29,21.79,9.45,14.16,0.0,0.42,1.48,14.85
2012-08-30,14.32,4.47,9.44,0.0,0.42,2.77,17.2
2012-08-31,14.8,1.28,8.25,0.42,0.42,3.54,14.85
2012-09-01,15.91,4.23,8.98,0.0,0.42,1.94,19.95
2012-09-02,18.42,1.17,10.19,0.0,0.41,-0.26,19.68
2012-09-03,22.09,4.48,13.29,0.0,0.41,0.72,18.82
2012-09-04,24.01,6.63,14.53,0.0,0.41,0.78,20.4
2012-09-05,26.43,8.44,17.16,0.03,0.41,1.71,14.97
2012-09-06,20.59,7.15,13.55,0.0,0.4,2.6,20.14
2012-09-07,15.9,7.92,11.47,0.0,0.4,3.15,17.41
2012-09-08,17.61,4.68,11.43,0.0,0.4,4.84,16.52
2012-09-09,17.96,4.11,10.73,0.0,0.4,4.06,20.7
2012-09-10,21.15,2.9,12.34,0.0,0.4,3.52,21.29
2012-09-11,22.34,5.95,14.02,0.0,0.4,2.82,21.8
2012-09-12,25.79,6.43,15.46,0.0,0.39,1.99,21.97
2012-09-13,16.12,6.43,11.5,2.53,0.4,3.4,15.45
2012-09-14,18.03,2.43,10.2,0.0,0.4,2.45,20.47
2012-09-15,20.66,4.46,12.63,0.01,0.39,5.82,21.36
2012-09-16,18.64,8.17,12.96,0.08,0.39,6.87,14.16
2012-09-17,21.37,7.05,14.3,0.7,0.39,7.13,18.05
2012-09-18,22.18,8.74,14.66,0.53,0.39,6.31,11.73
2012-09-19,22.45,7.65,14.6,0.92,0.39,5.76,20.24
2012-09-20,30.45,10.03,19.17,1.03,0.39,7.14,19.28
2012-09-21,22.47,10.85,16.78,0.12,0.39,7.34,22.79
2012-09-22,24.04,7.07,15.61,0.0,0.38,4.61,23.87
2012-09-23,23.56,9.0,15.6,0.0,0.38,2.23,23.54
2012-09-24,17.65,5.3,10.85,0.0,0.38,1.43,24.0
2012-09-25,20.65,3.57,12.02,0.0,0.38,0.99,24.38
2012-09-26,26.69,6.37,16.62,0.0,0.38,0.73,24.29
2012-09-27,33.15,15.24,23.59,0.0,0.37,1.22,13.83
2012-09-28,27.57,12.41,20.75,2.93,0.37,9.49,6.56
2012-09-29,16.53,6.07,11.56,0.05,0.37,1.24,19.07
2012-09-30,18.41,3.29,10.64,0.0,0.37,0.51,24.81
2012-10-01,21.86,4.38,12.88,0.0,0.37,3.07,24.51
2012-10-02,24.67,5.07,15.1,0.0,0.37,4.24,24.3
2012-10-03,28.49,8.48,19.21,0.0,0.37,3.0,25.35
2012-10-04,30.77,11.59,20.88,0.0,0.36,4.06,25.11
2012-10-05,31.15,13.53,21.72,0.0,0.36,6.8,23.84
2012-10-06,32.38,9.95,20.49,0.24,0.36,7.98,13.61
2012-10-07,20.87,5.57,12.71,0.0,0.36,2.1,26.3
2012-10-08,21.63,5.64,13.5,0.0,0.36,3.05,25.92
2012-10-09,22.67,7.14,14.41,0.0,0.36,2.4,26.58
2012-10-10,21.42,7.38,13.62,5.93,0.36,4.85,21.27
2012-10-11,12.43,6.58,8.87,6.3,0.38,4.12,18.07
2012-10-12,20.37,5.8,12.53,0.13,0.38,2.88,27.21
2012-10-13,21.11,5.05,13.06,0.0,0.37,4.39,25.28
2012-10-14,25.96,8.28,17.34,0.0,0.37,4.0,27.14
2012-10-15,30.98,11.56,20.9,0.0,0.36,3.31,24.67
2012-10-16,31.85,15.86,22.69,0.0,0.36,3.22,19.63
2012-10-17,24.14,9.6,16.37,0.0,0.36,1.61,28.73
2012-10-18,27.39,7.99,18.46,0.0,0.36,1.24,25.21
2012-10-19,35.79,16.43,24.94,0.0,0.35,3.76,24.97
2012-10-20,30.51,13.43,21.88,0.0,0.35,6.87,28.14
2012-10-21,26.01,12.55,18.81,0.01,0.35,4.96,21.09
2012-10-22,22.56,7.97,14.87,0.0,0.35,-0.13,29.57
2012-10-23,26.57,7.48,16.66,0.0,0.35,-0.07,28.21
2012-10-24,31.23,10.12,20.78,0.0,0.35,1.59,28.26
2012-10-25,28.83,14.66,21.57,0.0,0.34,4.58,27.04
2012-10-26,22.75,11.91,16.63,0.0,0.34,2.97,26.09
2012-10-27,23.02,7.31,14.87,0.0,0.34,0.97,29.4
2012-10-28,27.88,6.93,17.98,0.0,0.34,3.1,29.64
2012-10-29,31.59,14.03,22.78,0.0,0.34,6.36,23.19
2012-10-30,32.18,17.73,25.12,0.0,0.34,9.1,23.86
2012-10-31,35.55,18.33,27.0,0.0,0.34,6.24,27.33
2012-11-01,25.79,13.4,21.15,0.02,0.34,5.7,19.36
2012-11-02,25.65,8.5,16.88,0.0,0.33,1.86,30.74
2012-11-03,28.93,12.82,20.76,0.0,0.33,4.71,24.29
2012-11-04,33.77,14.79,24.62,0.0,0.33,6.09,30.18
2012-11-05,35.47,19.47,27.49,0.22,0.33,6.73,20.26
2012-11-06,35.41,20.88,27.33,3.68,0.33,10.84,10.2
2012-11-07,23.71,14.21,19.23,46.18,0.39,17.0,6.14
2012-11-08,27.7,12.91,20.67,1.48,0.42,12.08,25.57
2012-11-09,24.34,11.7,17.89,0.0,0.4,3.68,32.07
2012-11-10,24.42,9.2,16.62,0.0,0.39,2.24,32.17
2012-11-11,28.8,10.12,19.73,0.0,0.38,4.37,29.38
2012-11-12,33.23,13.74,23.6,0.0,0.38,6.17,30.62
2012-11-13,27.79,11.84,19.77,0.0,0.37,3.26,31.75
2012-11-14,28.12,10.35,19.76,0.0,0.37,2.35,30.01
2012-11-15,30.9,14.93,22.58,0.04,0.37,2.99,25.3
2012-11-16,25.63,14.31,19.45,1.22,0.36,6.11,22.76
2012-11-17,25.05,9.07,17.48,0.0,0.36,4.61,29.17
2012-11-18,25.09,11.36,17.97,0.0,0.36,1.1,32.86
2012-11-19,26.98,8.6,18.31,0.0,0.36,5.02,32.42
2012-11-20,30.41,12.89,21.79,0.0,0.36,6.34,31.33
2012-11-21,34.63,14.89,24.32,0.0,0.35,4.81,30.58
2012-11-22,28.83,10.26,19.86,0.0,0.35,0.85,33.26
2012-11-23,32.91,12.8,23.41,0.0,0.35,7.25,28.26
2012-11-24,34.29,17.16,26.71,0.0,0.35,9.07,24.56
2012-11-25,38.79,19.93,29.73,0.0,0.35,9.42,30.24
2012-11-26,36.29,20.53,28.58,0.01,0.34,10.27,12.55
2012-11-27,37.49,22.81,29.3,4.09,0.34,15.33,18.25
2012-11-28,38.47,22.97,30.87,1.94,0.35,16.7,30.47
2012-11-29,42.33,26.06,34.34,0.75,0.35,15.73,27.4
2012-11-30,42.0,27.57,33.67,2.14,0.34,15.38,23.55
2012-12-01,32.17,23.4,27.57,1.27,0.35,19.22,13.56
2012-12-02,29.98,17.77,23.4,0.0,0.34,7.05,28.56
2012-12-03,30.23,14.03,21.95,0.0,0.34,3.48,30.18
2012-12-04,24.22,13.27,18.43,0.0,0.34,2.58,32.91
2012-12-05,25.24,10.43,18.09,0.0,0.34,3.74,31.35
2012-12-06,28.71,11.59,20.56,0.0,0.34,5.31,33.6
2012-12-07,31.27,17.26,24.7,0.0,0.34,4.52,24.96
2012-12-08,37.21,18.4,28.68,0.0,0.33,4.97,29.27
2012-12-09,31.24,17.91,24.42,0.0,0.33,4.28,33.88
2012-12-10,33.26,14.55,24.44,0.04,0.33,8.27,32.22
2012-12-11,34.1,18.85,26.71,0.0,0.33,10.52,29.92
2012-12-12,35.09,19.17,27.71,0.0,0.33,10.95,30.95
2012-12-13,37.35,20.29,29.81,0.0,0.33,8.34,31.18
2012-12-14,39.72,25.55,32.54,0.1,0.33,8.51,14.05
2012-12-15,30.4,23.62,26.68,5.32,0.33,15.57,11.94
2012-12-16,29.74,18.21,24.72,0.04,0.33,12.06,28.23
2012-12-17,29.51,14.48,22.06,0.0,0.33,4.71,33.1
2012-12-18,33.26,14.99,24.62,0.0,0.33,4.16,33.53
2012-12-19,38.87,19.82,29.55,0.17,0.33,6.7,31.98
2012-12-20,30.84,18.66,24.42,0.13,0.33,4.8,32.17
2012-12-21,33.92,15.12,24.97,0.01,0.32,2.38,33.94
2012-12-22,37.56,17.35,28.66,0.12,0.32,7.07,31.07
2012-12-23,41.07,25.88,33.62,1.6,0.32,14.61,28.6
2012-12-24,41.6,22.45,31.77,8.06,0.33,13.53,25.62
2012-12-25,30.87,17.44,23.86,0.0,0.33,3.11,33.3
2012-12-26,32.52,15.16,24.43,0.02,0.33,8.17,31.99
2012-12-27,34.75,18.0,27.12,0.0,0.33,9.0,29.89
2012-12-28,31.23,18.02,24.34,0.0,0.33,2.91,34.3
2012-12-29,33.5,14.22,24.14,0.0,0.32,3.77,33.34
2012-12-30,33.15,15.56,24.36,0.0,0.32,1.73,33.53
2012-12-31,36.61,15.9,26.77,0.0,0.32,-1.09,34.42
2013-01-01,38.4,18.81,28.75,0.0,0.32,-2.31,34.74
2013-01-02,35.15,19.06,26.85,0.0,0.32,2.43,33.66
2013-01-03,38.37,17.49,28.77,0.0,0.32,1.75,33.03
2013-01-04,42.47,22.81,33.32,0.0,0.32,10.29,32.2
2013-01-05,45.85,28.98,37.33,2.02,0.32,12.41,29.98
2013-01-06,45.47,27.72,37.13,0.49,0.32,11.94,30.03
2013-01-07,43.84,26.04,35.19,0.0,0.32,8.36,32.13
2013-01-08,43.47,27.09,35.29,0.05,0.31,5.85,28.9
2013-01-09,28.04,13.96,21.53,0.0,0.31,2.57,32.46
2013-01-10,33.86,14.83,24.8,0.0,0.31,0.33,34.03
2013-01-11,42.05,19.29,31.88,0.0,0.31,-0.63,33.19
2013-01-12,35.82,23.5,29.62,0.2,0.31,6.92,26.28
2013-01-13,34.42,17.55,25.1,0.1,0.31,9.82,22.9
2013-01-14,31.49,13.48,22.58,0.0,0.31,0.94,31.47
2013-01-15,34.87,18.03,26.43,0.0,0.31,5.78,32.93
2013-01-16,39.96,21.21,30.94,0.0,0.31,5.46,31.22
2013-01-17,43.14,23.56,33.73,0.0,0.31,7.02,30.26
2013-01-18,42.91,29.6,35.95,0.15,0.31,11.61,25.95
2013-01-19,30.19,21.33,26.02,0.56,0.31,4.48,23.17
2013-01-20,36.75,18.84,28.11,0.0,0.31,1.87,32.48
2013-01-21,38.97,22.06,30.88,0.63,0.31,11.63,27.44
2013-01-22,39.1,19.98,29.71,0.03,0.31,1.93,32.46
2013-01-23,36.02,17.97,27.22,0.0,0.31,2.18,32.7
2013-01-24,38.82,18.96,29.88,0.02,0.31,9.62,31.57
2013-01-25,40.3,23.87,31.59,0.0,0.31,10.92,24.86
2013-01-26,36.52,21.33,28.59,1.05,0.3,7.17,28.67
2013-01-27,32.89,15.78,24.67,0.0,0.31,2.7,32.65
2013-01-28,35.48,17.81,27.1,0.0,0.3,5.23,31.57
2013-01-29,30.44,16.85,23.87,0.0,0.3,6.44,31.51
2013-01-30,30.83,13.8,22.89,0.0,0.3,0.47,32.14
2013-01-31,36.21,16.65,27.15,0.0,0.3,0.56,32.32
2013-02-01,25.17,14.66,19.68,0.14,0.3,4.6,28.08
2013-02-02,27.05,11.69,19.11,0.05,0.3,0.68,31.72
2013-02-03,32.26,12.97,23.24,0.0,0.3,4.5,29.59
2013-02-04,34.35,16.97,26.21,0.0,0.3,4.82,30.91
2013-02-05,35.38,18.71,27.58,0.02,0.3,7.62,28.21
2013-02-06,37.7,21.18,29.78,0.0,0.3,7.42,28.05
2013-02-07,40.27,23.0,31.74,0.0,0.3,6.81,26.52
2013-02-08,41.24,24.66,33.0,0.03,0.3,6.24,26.88
2013-02-09,41.04,24.66,32.14,0.37,0.3,7.6,19.61
2013-02-10,37.62,22.8,30.28,0.5,0.3,11.19,27.14
2013-02-11,35.71,19.1,27.17,0.07,0.3,2.51,30.25
2013-02-12,36.95,20.05,28.9,0.0,0.3,11.3,28.13
2013-02-13,36.69,23.54,30.08,0.1,0.3,11.6,24.02
2013-02-14,35.44,21.14,28.71,1.31,0.3,11.16,22.84
2013-02-15,35.89,21.88,29.61,0.01,0.3,10.54,24.63
2013-02-16,34.45,21.85,28.22,0.06,0.3,11.11,26.09
2013-02-17,35.32,20.33,27.85,0.0,0.3,10.63,23.93
2013-02-18,35.21,20.13,28.07,0.0,0.3,9.39,25.11
2013-02-19,37.88,21.37,30.16,0.0,0.3,9.48,25.76
2013-02-20,37.61,22.92,30.05,0.83,0.3,10.24,26.39
2013-02-21,33.93,22.93,27.34,2.37,0.3,13.45,22.84
2013-02-22,33.85,21.81,27.51,0.29,0.3,11.57,27.07
2013-02-23,32.07,20.14,26.34,0.02,0.3,13.22,22.42
2013-02-24,34.88,22.09,28.65,0.06,0.3,15.71,21.98
2013-02-25,39.15,24.44,32.08,0.05,0.3,14.52,22.81
2013-02-26,32.73,24.32,28.59,3.86,0.3,16.19,13.06
2013-02-27,30.61,22.61,26.47,10.08,0.31,19.23,11.48
2013-02-28,23.54,15.25,19.89,26.56,0.36,15.01,9.32
2013-03-01,27.4,15.08,20.87,0.65,0.37,11.32,22.28
2013-03-02,28.41,13.84,20.67,0.0,0.35,8.48,26.84
2013-03-03,28.16,15.5,21.6,0.11,0.35,12.06,21.83
2013-03-04,32.42,17.88,24.86,0.0,0.34,12.71,25.07
2013-03-05,32.43,18.16,25.36,0.0,0.34,13.39,24.29
2013-03-06,33.77,19.44,26.92,0.0,0.34,14.18,22.62
2013-03-07,35.02,20.12,27.46,0.0,0.33,12.46,25.11
2013-03-08,35.05,19.6,27.35,0.0,0.33,12.08,23.83
2013-03-09,34.35,21.48,28.4,0.0,0.33,14.53,22.43
2013-03-10,32.53,24.01,27.95,0.0,0.33,15.9,20.79
2013-03-11,35.73,20.69,28.26,0.0,0.33,13.82,23.84
2013-03-12,34.61,20.53,27.42,0.0,0.32,12.87,23.09
2013-03-13,35.98,19.25,27.6,0.0,0.32,11.72,19.21
2013-03-14,29.68,17.78,23.3,0.0,0.32,6.8,24.76
2013-03-15,30.56,13.67,22.11,0.0,0.32,5.66,25.29
2013-03-16,30.47,15.22,22.68,0.0,0.32,6.36,22.96
2013-03-17,24.01,11.8,17.5,0.0,0.32,3.71,24.79
2013-03-18,27.2,9.98,18.35,0.0,0.32,2.67,24.3
2013-03-19,29.27,12.28,21.27,0.0,0.32,6.04,23.21
2013-03-20,31.69,18.0,24.66,0.29,0.32,11.32,19.19
2013-03-21,30.94,19.4,24.47,4.54,0.32,12.48,8.48
2013-03-22,28.76,16.13,21.42,0.08,0.33,9.49,19.97
2013-03-23,28.31,13.56,20.44,0.0,0.32,7.08,22.95
2013-03-24,31.61,14.69,22.28,0.0,0.32,5.05,23.33
2013-03-25,31.35,14.69,22.64,0.0,0.32,7.2,22.53
2013-03-26,34.94,17.9,25.88,0.0,0.32,5.72,21.28
2013-03-27,37.3,19.16,28.17,3.49,0.32,14.59,20.84
2013-03-28,26.62,13.77,19.99,12.57,0.34,13.58,5.39
2013-03-29,22.68,9.18,15.45,0.0,0.34,4.13,22.4
2013-03-30,24.33,10.72,17.37,1.06,0.34,5.94,15.11
2013-03-31,24.36,13.15,18.1,0.1,0.34,10.38,13.2
2013-04-01,24.56,11.86,17.87,0.0,0.34,8.61,16.96
2013-04-02,25.38,10.75,18.02,0.0,0.33,8.74,20.63
2013-04-03,24.78,13.36,18.29,0.0,0.33,7.08,20.81
2013-04-04,27.93,10.89,19.42,0.0,0.33,8.07,19.05
2013-04-05,28.45,14.28,21.5,0.0,0.33,10.87,17.96
2013-04-06,27.37,14.82,21.19,0.0,0.33,9.79,14.87
2013-04-07,28.38,13.76,20.97,0.0,0.33,8.73,18.34
2013-04-08,29.02,14.31,21.34,0.0,0.33,8.45,17.25
2013-04-09,29.78,14.83,21.77,0.0,0.32,7.78,18.18
2013-04-10,29.38,13.21,20.82,0.0,0.32,7.0,19.08
2013-04-11,29.81,14.52,22.12,0.0,0.32,6.62,17.73
2013-04-12,29.11,15.1,21.39,0.0,0.32,6.26,19.18
2013-04-13,27.91,14.21,21.17,0.0,0.32,7.52,16.77
2013-04-14,31.76,17.05,23.47,0.01,0.32,8.12,17.47
2013-04-15,24.72,15.51,19.96,0.25,0.32,11.5,12.84
2013-04-16,22.64,10.35,16.09,0.0,0.32,5.27,18.9
2013-04-17,22.77,10.77,15.9,0.0,0.32,3.59,15.27
2013-04-18,22.94,8.28,15.33,0.0,0.32,3.94,18.13
2013-04-19,19.54,7.57,13.18,0.0,0.32,1.47,15.34
2013-04-20,22.16,5.74,13.54,0.0,0.32,4.41,17.13
2013-04-21,20.06,8.7,13.92,0.66,0.32,8.38,10.02
2013-04-22,21.44,10.88,14.99,0.04,0.32,6.18,14.75
2013-04-23,22.53,10.12,14.95,0.0,0.32,4.58,17.17
2013-04-24,20.53,7.41,13.28,0.0,0.32,2.97,12.53
2013-04-25,22.54,7.93,14.97,0.0,0.32,5.61,15.33
2013-04-26,24.01,8.84,16.21,0.0,0.32,6.65,16.62
2013-04-27,26.05,9.58,17.38,0.0,0.32,4.41,15.77
2013-04-28,29.02,11.15,18.85,0.0,0.32,-0.5,16.33
2013-04-29,26.51,12.31,18.45,0.8,0.32,10.18,10.33
2013-04-30,25.81,12.59,18.11,0.08,0.32,9.87,13.3
2013-05-01,23.47,11.24,16.26,0.0,0.32,7.74,14.0
2013-05-02,20.16,5.75,12.29,0.0,0.32,0.3,16.67
2013-05-03,24.16,7.5,14.53,0.0,0.32,1.39,15.34
2013-05-04,23.1,9.24,15.02,0.0,0.32,-0.05,15.2
2013-05-05,20.37,3.63,11.2,0.0,0.32,0.23,15.32
2013-05-06,21.09,4.86,13.06,0.0,0.32,1.46,13.52
2013-05-07,22.46,12.19,16.61,0.81,0.32,8.62,13.37
2013-05-08,23.95,12.44,17.76,0.8,0.32,10.62,13.72
2013-05-09,24.67,10.23,16.49,0.0,0.32,9.23,14.67
2013-05-10,25.63,10.37,17.14,0.0,0.32,5.76,14.5
2013-05-11,25.54,10.03,16.62,0.0,0.32,2.16,14.91
2013-05-12,25.88,13.19,18.64,2.21,0.32,7.09,13.0
2013-05-13,17.21,6.83,13.69,11.2,0.34,9.43,7.34
2013-05-14,16.11,4.26,9.97,0.18,0.34,4.5,11.35
2013-05-15,17.68,7.71,12.71,0.72,0.34,8.13,8.16
2013-05-16,16.71,9.51,12.35,0.57,0.34,7.81,9.06
2013-05-17,17.27,6.88,11.39,0.0,0.34,4.69,11.56
2013-05-18,15.86,6.44,10.26,0.0,0.33,5.54,5.96
2013-05-19,17.18,6.15,11.01,0.0,0.33,3.47,12.68
2013-05-20,21.9,6.59,13.04,0.13,0.33,4.41,11.79
2013-05-21,20.04,8.95,13.9,0.0,0.33,6.16,7.31
2013-05-22,13.06,8.83,10.92,9.44,0.34,7.98,2.87
2013-05-23,18.13,6.96,11.4,0.04,0.35,6.68,10.13
2013-05-24,17.78,4.28,10.06,0.0,0.35,4.26,12.84
2013-05-25,17.23,2.34,8.95,0.02,0.34,4.92,13.22
2013-05-26,18.04,5.53,10.21,0.02,0.34,6.58,12.87
2013-05-27,17.67,4.59,10.82,0.0,0.34,5.61,11.54
2013-05-28,20.73,6.92,12.71,0.0,0.34,5.12,10.9
2013-05-29,21.93,8.25,14.99,0.02,0.34,8.97,11.13
2013-05-30,22.15,13.65,16.39,5.13,0.34,11.66,6.66
2013-05-31,19.88,13.54,16.14,0.2,0.35,11.88,10.36
2013-06-01,16.29,13.98,15.25,35.86,0.38,13.44,3.45
2013-06-02,16.1,7.7,12.38,3.06,0.42,8.64,11.15
2013-06-03,14.58,6.2,9.07,0.11,0.41,6.45,11.95
2013-06-04,15.27,5.96,9.72,0.01,0.4,6.82,8.84
2013-06-05,17.54,7.16,11.23,0.0,0.4,5.94,7.42
2013-06-06,18.59,8.35,12.63,0.11,0.39,5.96,4.83
2013-06-07,18.59,6.91,12.84,1.43,0.39,8.79,7.35
2013-06-08,15.65,3.3,8.4,0.0,0.39,3.49,12.26
2013-06-09,17.93,2.9,10.28,0.01,0.39,4.22,11.73
2013-06-10,17.96,7.98,11.71,4.02,0.39,6.53,11.3
2013-06-11,13.55,7.52,11.25,2.55,0.39,10.65,7.27
2013-06-12,17.9,9.74,13.91,14.99,0.41,11.63,5.3
2013-06-13,14.27,8.54,11.09,1.95,0.42,8.77,6.74
2013-06-14,15.1,7.41,10.53,0.52,0.42,7.53,4.63
2013-06-15,14.62,4.54,8.41,0.0,0.41,3.93,12.06
2013-06-16,14.66,2.56,7.26,0.01,0.41,3.79,11.6
2013-06-17,12.18,1.85,6.02,0.15,0.41,3.84,11.59
2013-06-18,12.66,3.78,7.57,0.05,0.41,4.07,10.15
2013-06-19,15.63,4.18,9.7,0.16,0.41,5.52,10.51
2013-06-20,14.12,3.9,8.57,0.03,0.41,3.35,8.09
2013-06-21,15.98,3.45,9.02,0.0,0.41,3.51,11.61
2013-06-22,16.31,3.5,8.84,0.02,0.41,3.48,11.46
2013-06-23,15.52,3.12,8.64,0.04,0.41,4.04,11.79
2013-06-24,13.59,5.71,8.23,1.39,0.41,5.6,9.63
2013-06-25,17.05,4.46,9.58,0.1,0.41,5.69,11.57
2013-06-26,18.83,5.98,11.01,0.0,0.41,6.88,11.34
2013-06-27,16.35,8.08,11.11,1.24,0.4,8.66,4.56
2013-06-28,15.52,8.99,11.2,2.91,0.41,9.51,5.51
2013-06-29,15.97,8.15,11.26,1.31,0.41,8.73,8.28
2013-06-30,15.65,5.52,8.72,0.09,0.41,5.87,11.83
2013-07-01,17.2,3.93,9.52,0.15,0.41,6.43,9.22
2013-07-02,17.37,5.91,10.57,0.02,0.41,7.14,10.23
2013-07-03,16.39,3.31,9.45,0.0,0.41,4.62,12.37
2013-07-04,17.07,4.03,9.79,0.0,0.41,3.79,11.53
2013-07-05,13.87,4.16,9.1,0.01,0.4,2.59,12.18
2013-07-06,14.32,1.96,7.4,0.0,0.4,2.86,11.16
2013-07-07,15.98,3.43,8.97,0.0,0.4,3.49,10.99
2013-07-08,15.37,3.78,8.87,0.0,0.4,3.92,11.96
2013-07-09,12.63,2.19,6.62,0.0,0.4,3.42,10.22
2013-07-10,17.71,4.4,9.69,0.0,0.4,5.48,12.06
2013-07-11,16.97,6.73,10.54,0.07,0.4,7.82,9.78
2013-07-12,14.87,8.19,10.73,1.0,0.4,10.02,9.66
2013-07-13,19.07,9.81,13.48,0.2,0.4,10.29,6.46
2013-07-14,15.77,9.91,13.11,3.67,0.41,9.78,3.18
2013-07-15,19.56,10.41,14.3,4.17,0.41,12.42,5.56
2013-07-16,18.13,10.38,13.76,2.45,0.42,10.36,7.28
2013-07-17,21.48,9.41,14.74,0.09,0.41,11.01,9.59
2013-07-18,21.39,13.22,17.25,0.53,0.41,11.47,7.45
2013-07-19,17.88,11.31,14.44,20.07,0.44,10.32,10.87
2013-07-20,11.19,3.12,8.21,1.76,0.44,4.21,10.04
2013-07-21,11.81,1.7,5.5,0.0,0.44,0.78,13.12
2013-07-22,13.13,1.58,7.4,0.33,0.43,2.75,11.39
2013-07-23,11.35,5.64,7.7,0.47,0.43,5.61,6.3
2013-07-24,14.15,4.75,7.97,0.01,0.43,4.58,13.88
2013-07-25,12.4,0.55,7.06,0.09,0.43,2.83,11.19
2013-07-26,15.82,2.69,8.76,0.04,0.43,3.78,13.33
2013-07-27,17.65,2.58,9.09,0.11,0.43,3.65,14.19
2013-07-28,20.84,7.0,13.16,0.0,0.43,5.69,11.64
2013-07-29,20.93,10.06,14.41,1.24,0.42,8.98,12.08
2013-07-30,17.92,6.95,11.25,0.02,0.42,7.54,13.52
2013-07-31,16.33,3.49,9.03,0.0,0.42,4.79,14.07
2013-08-01,16.9,3.46,10.24,0.02,0.42,6.19,11.67
2013-08-02,17.23,5.96,11.17,0.15,0.42,5.58,13.89
2013-08-03,14.63,3.36,8.73,0.0,0.42,4.38,11.61
2013-08-04,15.06,5.63,9.78,0.01,0.42,4.81,12.75
2013-08-05,17.88,3.26,10.31,0.0,0.42,5.12,12.92
2013-08-06,18.97,7.48,12.0,0.23,0.42,7.07,7.99
2013-08-07,12.67,7.18,9.95,9.26,0.43,8.1,6.81
2013-08-08,14.07,5.05,7.69,0.89,0.43,4.06,15.28
2013-08-09,17.76,2.14,10.16,0.0,0.43,2.06,11.07
2013-08-10,19.67,5.09,12.01,0.0,0.43,5.24,15.8
2013-08-11,19.72,6.83,12.87,0.21,0.42,6.82,13.55
2013-08-12,16.82,5.32,11.83,1.07,0.42,4.55,10.76
2013-08-13,17.27,3.14,9.74,0.0,0.42,3.4,16.09
2013-08-14,20.47,5.96,11.82,0.87,0.42,3.6,15.27
2013-08-15,16.12,2.82,9.02,1.19,0.42,2.24,16.89
2013-08-16,19.06,3.06,11.2,0.67,0.42,1.98,16.02
2013-08-17,17.05,7.13,11.83,0.1,0.42,4.92,16.51
2013-08-18,19.97,4.82,11.9,0.0,0.41,1.71,16.49
2013-08-19,13.08,3.96,9.43,0.18,0.41,3.93,13.93
2013-08-20,12.58,1.52,6.18,0.07,0.41,0.86,15.51
2013-08-21,14.28,2.51,7.94,0.02,0.41,3.26,11.13
2013-08-22,15.38,6.39,10.02,0.36,0.41,4.51,11.8
2013-08-23,16.45,6.25,10.75,0.27,0.41,7.33,7.06
2013-08-24,16.59,6.85,10.62,0.15,0.41,7.18,10.88
2013-08-25,19.11,3.97,11.11,0.0,0.41,7.08,15.34
2013-08-26,20.04,4.93,12.25,0.02,0.41,7.66,16.49
2013-08-27,23.32,7.66,15.41,0.0,0.41,6.98,17.5
2013-08-28,26.77,9.49,17.02,0.0,0.4,6.02,17.16
2013-08-29,26.89,12.39,18.35,0.18,0.4,6.59,11.26
2013-08-30,22.22,8.74,15.14,0.0,0.4,6.33,18.56
2013-08-31,23.56,10.99,16.05,0.07,0.4,6.46,14.64
2013-09-01,26.42,10.23,17.48,0.02,0.39,9.34,18.67
2013-09-02,27.68,10.38,18.26,0.0,0.39,8.22,19.4
2013-09-03,27.11,10.47,17.88,0.0,0.39,7.23,17.58
2013-09-04,27.33,10.16,18.23,0.0,0.39,7.01,19.54
2013-09-05,27.45,13.37,19.68,0.0,0.38,6.66,16.6
2013-09-06,23.82,13.62,18.15,0.0,0.38,10.17,15.03
2013-09-07,25.16,9.92,17.08,0.0,0.38,9.02,19.3
2013-09-08,24.59,9.49,16.66,0.0,0.38,6.96,19.4
2013-09-09,30.06,12.33,20.39,0.0,0.38,5.23,18.48
2013-09-10,21.37,9.46,15.87,0.0,0.38,6.94,16.74
2013-09-11,20.54,6.35,12.97,0.0,0.38,3.27,21.01
2013-09-12,20.88,8.31,14.0,0.0,0.37,5.09,19.44
2013-09-13,24.59,7.84,15.64,1.25,0.37,8.01,13.42
2013-09-14,22.05,8.56,15.14,0.0,0.37,8.45,20.07
2013-09-15,22.91,9.08,16.11,1.31,0.37,7.29,10.8
2013-09-16,18.16,12.61,15.11,36.38,0.41,12.24,3.49
2013-09-17,19.53,10.27,14.53,1.74,0.44,10.4,10.81
2013-09-18,20.65,8.92,14.55,0.01,0.43,7.39,19.28
2013-09-19,18.16,4.7,11.22,0.0,0.42,3.25,22.62
2013-09-20,18.42,7.26,12.05,0.05,0.41,4.68,20.69
2013-09-21,21.3,5.47,13.2,0.0,0.41,5.18,22.73
2013-09-22,27.47,9.23,17.2,0.08,0.41,4.95,22.66
2013-09-23,30.58,9.85,19.91,0.0,0.4,4.8,17.0
2013-09-24,27.79,14.3,20.62,0.0,0.4,7.24,22.29
2013-09-25,29.54,13.34,21.24,0.0,0.39,7.89,23.21
2013-09-26,20.7,8.98,16.16,0.0,0.39,3.75,24.46
2013-09-27,24.97,5.94,15.14,0.0,0.39,1.81,23.88
2013-09-28,22.24,8.68,14.83,0.0,0.39,3.77,24.4
2013-09-29,25.72,7.39,16.61,0.0,0.38,4.66,24.18
2013-09-30,31.96,14.06,22.31,0.0,0.38,2.63,23.34
2013-10-01,20.55,9.49,15.86,3.35,0.38,3.77,15.0
2013-10-02,24.23,6.8,15.89,1.1,0.38,3.22,22.84
2013-10-03,18.47,6.98,12.2,0.24,0.38,2.91,24.79
2013-10-04,22.34,4.45,13.88,1.35,0.38,2.37,25.75
2013-10-05,28.13,9.18,17.95,0.0,0.38,2.12,24.85
2013-10-06,28.43,10.26,19.11,0.0,0.38,4.66,20.84
2013-10-07,23.22,7.62,15.27,0.0,0.37,4.95,26.54
2013-10-08,24.68,8.43,16.47,0.0,0.37,4.38,26.38
2013-10-09,31.57,9.55,20.95,0.0,0.37,2.74,26.19
2013-10-10,34.86,14.74,23.34,0.01,0.37,3.2,18.83
2013-10-11,23.49,9.36,16.51,0.0,0.36,3.66,26.68
2013-10-12,29.74,9.8,20.89,0.0,0.36,0.16,27.41
2013-10-13,25.51,11.76,17.19,0.06,0.36,2.6,20.27
2013-10-14,19.18,5.88,12.28,0.0,0.36,2.01,26.92
2013-10-15,23.9,6.91,15.2,0.0,0.36,1.61,26.87
2013-10-16,29.55,9.82,20.0,0.0,0.36,-1.05,27.4
2013-10-17,21.67,9.7,16.02,0.0,0.35,-0.05,22.61
2013-10-18,24.0,4.58,14.61,0.0,0.35,-2.8,29.0
2013-10-19,29.68,8.4,19.36,0.0,0.35,2.88,28.18
2013-10-20,34.55,15.34,24.71,0.0,0.35,5.3,27.68
2013-10-21,38.84,17.59,27.67,3.63,0.35,11.05,21.01
2013-10-22,32.66,19.52,25.1,1.08,0.35,12.98,12.37
2013-10-23,24.84,13.45,18.63,0.01,0.35,6.63,23.17
2013-10-24,20.01,8.94,13.64,0.0,0.35,-0.83,29.97
2013-10-25,21.94,5.15,13.82,0.0,0.35,0.52,28.86
2013-10-26,24.21,7.67,15.74,0.0,0.35,1.87,29.43
2013-10-27,25.98,7.66,17.85,0.02,0.35,2.32,25.76
2013-10-28,33.67,14.06,22.89,0.02,0.34,4.28,22.88
2013-10-29,24.37,12.25,17.72,0.0,0.34,5.85,27.39
2013-10-30,27.26,7.83,17.68,0.0,0.34,2.55,29.81
2013-10-31,27.64,9.68,18.6,0.0,0.34,3.0,30.75
2013-11-01,31.55,11.57,21.68,0.0,0.34,0.61,29.87
2013-11-02,35.43,16.71,26.09,0.0,0.34,0.92,27.28
2013-11-03,26.99,13.98,21.67,0.0,0.34,2.6,27.43
2013-11-04,23.78,8.57,15.91,0.0,0.33,-0.98,31.57
2013-11-05,28.4,9.38,18.8,0.0,0.33,0.76,31.28
2013-11-06,32.97,12.57,23.3,0.0,0.33,4.95,30.26
2013-11-07,37.79,20.28,28.77,0.0,0.33,8.22,29.47
2013-11-08,33.82,17.22,25.86,0.88,0.33,7.89,17.07
2013-11-09,23.96,9.78,16.81,0.0,0.33,2.31,31.28
2013-11-10,24.14,8.79,16.85,0.51,0.33,3.71,29.85
2013-11-11,22.76,11.44,15.97,8.13,0.33,7.79,21.63
2013-11-12,24.28,9.72,16.83,2.78,0.35,7.03,23.23
2013-11-13,23.8,9.88,16.75,0.0,0.34,6.47,30.27
2013-11-14,25.12,9.06,17.12,0.0,0.34,3.36,32.26
2013-11-15,26.89,9.55,18.64,0.0,0.34,4.36,29.66
2013-11-16,28.16,10.75,19.98,0.29,0.34,5.76,30.81
2013-11-17,26.35,12.79,19.58,0.05,0.34,7.14,28.33
2013-11-18,29.95,12.14,21.36,0.0,0.33,5.02,32.2
2013-11-19,33.48,14.33,24.53,0.0,0.33,3.72,30.27
2013-11-20,35.86,18.3,27.2,0.0,0.33,2.86,25.98
2013-11-21,32.32,18.24,24.8,0.08,0.33,7.98,21.31
2013-11-22,28.55,15.97,21.62,0.16,0.33,1.78,27.67
2013-11-23,26.3,12.36,19.71,0.0,0.33,5.43,30.44
2013-11-24,25.54,11.62,18.89,0.0,0.33,6.36,30.06
2013-11-25,29.71,12.3,21.32,0.0,0.33,6.26,32.54
2013-11-26,31.45,14.18,22.83,0.0,0.32,4.25,32.41
2013-11-27,35.08,15.66,25.64,0.0,0.32,1.04,33.37
2013-11-28,40.15,18.14,28.48,0.08,0.32,2.64,27.21
2013-11-29,27.38,14.83,20.34,1.82,0.32,4.9,29.73
2013-11-30,30.73,9.87,20.91,0.0,0.32,3.48,33.77
2013-12-01,33.71,15.43,24.93,0.0,0.32,5.57,30.55
2013-12-02,36.73,19.74,28.43,0.0,0.32,5.22,33.12
2013-12-03,39.86,20.98,30.86,0.02,0.32,4.38,27.95
2013-12-04,35.42,15.78,26.45,3.86,0.32,6.2,17.75
2013-12-05,19.74,11.07,14.9,7.16,0.33,3.96,23.66
2013-12-06,22.97,7.98,15.62,0.0,0.33,0.94,34.49
2013-12-07,28.22,12.53,20.57,0.0,0.33,3.5,31.81
2013-12-08,36.35,16.07,26.78,0.0,0.33,3.14,31.39
2013-12-09,37.35,19.52,27.81,0.65,0.32,6.37,12.76
2013-12-10,27.16,13.15,20.42,0.03,0.32,5.29,32.2
2013-12-11,27.28,12.68,20.41,0.0,0.32,6.2,32.46
2013-12-12,30.59,14.56,22.53,0.0,0.32,5.09,34.14
2013-12-13,32.82,14.77,24.3,0.0,0.32,5.0,32.68
2013-12-14,31.38,17.36,23.89,0.0,0.32,6.59,33.57
2013-12-15,33.23,12.79,23.88,0.0,0.32,4.16,30.73
2013-12-16,35.98,19.93,28.04,0.0,0.32,7.48,33.02
2013-12-17,37.44,20.14,29.12,0.0,0.32,9.39,33.12
2013-12-18,40.26,22.07,32.05,0.0,0.31,7.26,30.39
2013-12-19,41.58,24.81,33.68,0.0,0.31,8.24,28.04
2013-12-20,42.09,26.29,34.14,0.0,0.31,4.55,33.11
2013-12-21,42.56,25.02,34.49,0.0,0.31,3.74,31.37
2013-12-22,41.88,26.96,34.18,0.02,0.31,6.4,26.76
2013-12-23,27.44,18.97,24.71,1.89,0.31,13.54,15.42
2013-12-24,29.12,16.13,22.21,0.0,0.31,6.36,19.52
2013-12-25,29.91,19.25,23.73,1.75,0.31,7.09,15.04
2013-12-26,35.13,16.78,26.73,0.0,0.31,8.68,31.36
2013-12-27,33.95,17.29,25.73,0.0,0.31,3.45,33.62
2013-12-28,41.07,18.47,30.32,0.0,0.31,2.74,31.5
2013-12-29,32.37,14.06,23.25,0.0,0.31,-1.74,35.39
2013-12-30,33.73,13.83,24.06,0.0,0.31,-3.1,33.93
2013-12-31,34.44,15.51,25.15,0.0,0.31,-4.21,34.59
2014-01-01,35.73,17.18,27.53,0.0,0.31,0.23,17.96
2014-01-02,32.74,23.17,27.78,0.03,0.31,11.6,22.7
2014-01-03,37.72,20.63,28.31,0.01,0.31,10.76,31.24
2014-01-04,27.96,14.65,21.2,0.03,0.31,3.6,34.67
2014-01-05,33.41,14.75,24.83,0.0,0.31,3.36,34.17
2014-01-06,26.21,13.87,20.06,0.0,0.31,1.32,34.66
2014-01-07,29.05,11.16,20.53,0.0,0.3,-1.09,32.54
2014-01-08,31.44,16.16,24.31,4.41,0.3,9.92,26.81
2014-01-09,24.49,18.83,21.95,21.19,0.33,15.21,18.69
2014-01-10,32.3,18.56,24.62,0.37,0.35,14.6,30.57
2014-01-11,36.55,20.03,28.73,0.0,0.34,14.59,28.3
2014-01-12,38.4,21.38,30.25,0.0,0.33,10.63,31.88
2014-01-13,41.05,22.05,32.13,0.0,0.33,10.99,31.33
2014-01-14,41.67,24.98,33.17,0.0,0.32,10.68,32.11
2014-01-15,42.13,23.71,33.44,0.0,0.32,9.23,32.7
2014-01-16,42.79,24.58,34.41,0.0,0.32,9.54,31.28
2014-01-17,43.15,25.64,35.11,0.18,0.32,10.1,29.33
2014-01-18,41.07,28.25,33.78,0.03,0.32,8.05,25.84
2014-01-19,38.81,24.73,31.13,0.0,0.31,10.24,30.19
2014-01-20,35.11,18.25,27.1,0.0,0.31,5.48,32.98
2014-01-21,34.06,18.84,26.76,0.0,0.31,6.62,31.78
2014-01-22,36.65,15.73,26.96,0.0,0.31,5.86,21.88
2014-01-23,36.27,21.11,29.58,0.0,0.31,12.38,23.52
2014-01-24,29.06,19.06,23.81,17.78,0.33,15.85,10.36
2014-01-25,28.54,15.39,21.42,0.0,0.34,6.35,32.06
2014-01-26,32.99,13.25,23.8,0.01,0.34,7.57,31.84
2014-01-27,36.39,17.63,27.53,0.0,0.33,9.96,31.65
2014-01-28,38.28,20.79,29.93,0.0,0.33,9.38,31.12
2014-01-29,41.31,22.65,32.32,0.0,0.32,9.71,31.47
2014-01-30,42.05,23.75,33.11,0.0,0.32,8.42,29.89
2014-01-31,42.27,23.14,33.25,0.0,0.32,5.59,31.06
2014-02-01,43.44,24.73,34.57,0.0,0.32,6.75,29.69
2014-02-02,44.11,25.9,36.02,0.0,0.32,8.18,30.2
2014-02-03,41.88,27.19,35.04,0.0,0.31,9.33,25.99
2014-02-04,38.8,23.04,30.83,0.0,0.31,11.91,24.42
2014-02-05,35.9,21.76,28.83,0.0,0.31,12.03,27.62
2014-02-06,36.19,20.05,28.3,0.0,0.31,8.71,29.05
2014-02-07,39.2,22.31,30.97,0.0,0.31,6.91,28.93
2014-02-08,41.88,24.72,33.44,0.0,0.31,4.63,30.39
2014-02-09,42.65,24.63,33.94,0.0,0.31,4.42,30.79
2014-02-10,40.55,22.21,31.02,0.0,0.31,1.67,29.86
2014-02-11,40.77,21.09,30.86,2.48,0.31,1.2,30.12
2014-02-12,42.07,21.29,31.64,0.0,0.31,1.83,30.11
2014-02-13,39.46,22.81,30.93,0.22,0.31,8.58,10.01
2014-02-14,28.16,23.54,25.97,9.3,0.32,14.67,10.97
2014-02-15,30.19,22.73,25.64,16.2,0.34,19.55,9.37
2014-02-16,30.51,18.16,24.22,0.3,0.35,13.6,25.9
2014-02-17,33.32,14.37,24.46,0.0,0.34,9.92,29.05
2014-02-18,34.33,18.73,26.71,0.0,0.34,10.33,27.95
2014-02-19,31.39,16.5,24.55,0.6,0.33,10.16,26.69
2014-02-20,23.76,11.86,17.56,0.0,0.33,4.58,29.37
2014-02-21,25.66,10.92,18.11,0.0,0.33,3.7,28.02
2014-02-22,29.06,11.0,20.05,0.0,0.33,5.15,27.46
2014-02-23,33.43,14.91,24.34,0.0,0.33,9.24,26.38
2014-02-24,34.69,17.05,26.0,0.0,0.32,8.57,27.75
2014-02-25,35.71,20.32,28.39,0.38,0.32,10.49,21.73
2014-02-26,33.74,20.35,26.5,4.02,0.33,15.65,22.86
2014-02-27,29.56,14.99,21.76,0.0,0.33,6.43,27.18
2014-02-28,28.83,15.95,21.52,27.04,0.34,14.27,6.31
2014-03-01,23.13,17.46,19.76,17.24,0.4,16.86,12.59
2014-03-02,27.69,15.88,21.66,0.47,0.4,15.42,21.4
2014-03-03,31.25,16.82,24.13,0.02,0.39,15.79,25.28
2014-03-04,31.45,19.98,25.03,0.73,0.38,16.83,19.99
2014-03-05,30.03,18.68,24.82,1.6,0.37,17.16,21.54
2014-03-06,32.48,19.63,25.37,0.28,0.37,14.46,24.98
2014-03-07,30.71,15.15,22.8,0.0,0.37,8.09,25.95
2014-03-08,32.14,16.75,24.56,0.0,0.36,9.54,23.45
2014-03-09,33.85,18.9,26.31,0.0,0.36,12.47,22.29
2014-03-10,34.74,19.81,27.25,0.0,0.36,12.24,24.71
2014-03-11,34.95,20.28,27.65,0.3,0.35,13.58,24.12
2014-03-12,30.82,17.67,24.8,0.25,0.35,13.01,21.26
2014-03-13,29.73,13.83,21.77,0.0,0.35,6.5,23.86
2014-03-14,28.87,15.89,22.45,0.0,0.35,8.01,22.16
2014-03-15,31.67,18.95,24.28,0.84,0.35,10.11,12.68
2014-03-16,22.54,14.7,18.3,0.78,0.35,9.06,16.15
2014-03-17,28.46,12.39,20.7,0.0,0.35,7.73,19.76
2014-03-18,31.86,16.4,23.7,0.0,0.35,10.72,22.97
2014-03-19,30.93,16.77,23.36,0.0,0.35,9.2,22.88
2014-03-20,32.86,15.34,24.47,0.04,0.34,10.75,21.04
2014-03-21,31.88,18.33,24.7,0.27,0.34,13.33,20.93
2014-03-22,28.33,14.82,20.61,0.03,0.34,8.68,22.46
2014-03-23,25.1,12.68,18.37,0.91,0.34,3.4,14.69
2014-03-24,19.36,12.44,15.54,1.48,0.34,7.38,18.71
2014-03-25,28.57,11.36,19.84,1.55,0.35,11.21,18.57
2014-03-26,25.48,16.74,20.51,7.61,0.35,15.48,10.36
2014-03-27,29.0,15.98,22.33,2.1,0.36,15.36,14.37
2014-03-28,24.33,18.1,21.13,15.5,0.37,16.36,13.15
2014-03-29,26.0,16.12,20.37,0.26,0.38,13.84,12.22
2014-03-30,30.14,14.63,22.08,0.0,0.38,12.83,20.8
2014-03-31,30.9,15.85,23.31,0.0,0.37,12.86,17.84
2014-04-01,32.17,18.58,24.77,0.0,0.37,12.08,19.93
2014-04-02,32.87,16.39,24.47,0.55,0.36,12.11,19.98
2014-04-03,25.54,16.78,20.83,8.75,0.37,15.2,7.78
2014-04-04,22.57,15.44,18.04,8.75,0.39,14.27,8.36
2014-04-05,24.34,15.16,19.3,0.02,0.39,12.98,14.54
2014-04-06,26.68,13.02,19.77,0.0,0.38,10.75,19.35
2014-04-07,27.03,15.21,20.43,0.0,0.38,12.17,16.8
2014-04-08,28.86,15.19,21.73,0.0,0.38,12.08,18.05
2014-04-09,27.68,16.95,21.95,3.47,0.37,13.95,9.55
2014-04-10,24.2,18.1,20.21,15.55,0.39,17.21,4.0
2014-04-11,25.04,15.65,20.05,0.37,0.41,14.78,8.38
2014-04-12,25.48,13.16,19.02,0.0,0.4,11.73,18.83
2014-04-13,25.44,13.11,19.07,0.0,0.39,11.06,18.14
2014-04-14,24.69,12.24,18.34,0.0,0.39,9.94,16.53
2014-04-15,24.19,10.38,17.16,0.0,0.39,8.73,18.17
2014-04-16,24.11,10.67,17.21,0.0,0.38,8.58,18.37
2014-04-17,24.13,13.25,17.92,0.0,0.38,8.1,18.46
2014-04-18,25.49,11.28,18.51,0.0,0.38,8.42,15.06
2014-04-19,18.8,7.5,12.96,0.0,0.38,4.66,18.58
2014-04-20,19.27,7.98,13.06,0.0,0.38,3.11,17.49
2014-04-21,21.98,7.6,14.84,0.0,0.38,4.72,16.48
2014-04-22,26.9,12.15,18.25,0.0,0.38,7.29,15.49
2014-04-23,27.67,13.55,19.86,0.0,0.37,7.99,15.45
2014-04-24,25.33,13.22,18.68,0.0,0.37,8.96,15.91
2014-04-25,27.06,9.73,18.34,0.01,0.37,8.24,16.94
2014-04-26,25.28,14.93,19.39,0.62,0.37,8.28,8.32
2014-04-27,24.35,10.57,16.79,0.0,0.37,8.63,16.65
2014-04-28,26.47,12.13,18.33,0.0,0.37,11.82,14.61
2014-04-29,24.7,14.13,19.25,3.28,0.37,13.63,10.71
2014-04-30,18.68,8.69,13.3,0.31,0.38,7.66,16.11
2014-05-01,17.85,6.07,11.63,0.0,0.37,4.79,15.7
2014-05-02,16.28,7.79,11.7,8.59,0.37,5.57,10.34
2014-05-03,9.48,7.34,8.48,6.69,0.4,6.57,8.26
2014-05-04,13.33,7.08,9.76,0.08,0.4,4.37,11.67
2014-05-05,17.29,3.75,10.36,0.0,0.39,4.08,9.61
2014-05-06,17.49,7.92,11.77,0.0,0.39,6.09,10.71
2014-05-07,17.33,5.83,10.02,0.0,0.39,4.42,15.3
2014-05-08,20.24,4.96,11.83,0.0,0.39,4.17,15.23
2014-05-09,20.55,9.5,14.39,0.06,0.39,8.88,6.99
2014-05-10,19.56,11.37,15.37,2.26,0.39,11.55,4.69
2014-05-11,20.72,8.43,13.67,0.0,0.39,9.16,13.51
2014-05-12,21.17,6.56,13.17,0.03,0.39,7.62,13.92
2014-05-13,23.07,9.52,15.26,0.0,0.39,8.36,14.16
2014-05-14,24.21,9.54,16.06,0.0,0.38,8.46,12.47
2014-05-15,23.72,10.43,15.94,0.0,0.38,6.41,13.92
2014-05-16,24.79,9.97,16.58,0.0,0.38,8.07,13.69
2014-05-17,24.36,12.53,17.42,0.0,0.38,8.2,10.06
2014-05-18,23.11,14.77,17.7,0.0,0.38,9.65,9.58
2014-05-19,25.8,12.72,18.1,0.0,0.38,9.51,12.87
2014-05-20,21.75,13.61,16.96,0.01,0.38,10.29,9.07
2014-05-21,24.61,12.56,18.05,0.0,0.38,10.39,13.02
2014-05-22,25.32,12.07,17.85,0.0,0.38,9.96,11.98
2014-05-23,24.42,13.32,17.6,0.0,0.37,9.55,12.73
2014-05-24,24.28,14.05,18.51,0.17,0.37,10.77,9.04
2014-05-25,26.03,15.39,19.97,0.02,0.37,12.22,11.49
2014-05-26,26.52,14.8,19.87,0.01,0.37,11.07,9.52
2014-05-27,21.26,14.94,18.41,7.8,0.38,10.75,3.65
2014-05-28,19.19,9.82,13.98,0.2,0.38,9.13,10.74
2014-05-29,18.9,9.6,13.38,0.0,0.38,8.18,9.83
2014-05-30,20.31,7.03,13.01,0.0,0.38,7.14,12.15
2014-05-31,18.21,8.88,13.86,8.87,0.38,11.81,3.93
2014-06-01,15.13,9.29,12.61,19.13,0.43,9.95,5.68
2014-06-02,15.59,9.03,11.9,0.13,0.43,8.79,4.96
2014-06-03,15.5,7.34,11.4,0.2,0.42,7.39,6.84
2014-06-04,16.98,8.13,12.4,0.04,0.42,7.64,5.89
2014-06-05,18.01,6.35,11.6,0.01,0.41,7.92,11.48
2014-06-06,17.16,7.08,10.64,0.05,0.41,7.0,9.57
2014-06-07,16.51,5.6,9.96,0.02,0.41,6.65,11.86
2014-06-08,15.08,5.31,9.06,0.01,0.41,5.09,11.62
2014-06-09,17.23,3.62,9.23,0.0,0.41,5.59,11.85
2014-06-10,18.45,7.07,11.13,0.0,0.41,7.45,11.12
2014-06-11,17.94,6.24,10.83,0.04,0.4,6.45,11.6
2014-06-12,20.4,7.89,13.03,0.34,0.4,6.5,10.2
2014-06-13,18.52,10.6,13.43,4.32,0.41,10.56,6.67
2014-06-14,13.41,4.44,9.2,3.25,0.41,6.46,7.95
2014-06-15,15.53,7.77,10.66,0.73,0.42,7.37,9.43
2014-06-16,15.35,6.78,9.92,0.02,0.41,7.11,7.7
2014-06-17,15.55,5.44,10.23,0.05,0.41,7.5,9.73
2014-06-18,14.97,5.06,8.76,0.08,0.41,6.56,11.92
2014-06-19,16.51,4.69,9.57,0.02,0.41,6.35,8.4
2014-06-20,18.87,5.6,10.9,0.01,0.41,5.43,11.63
2014-06-21,16.83,5.66,10.87,1.95,0.41,6.84,8.19
2014-06-22,17.07,7.8,11.99,0.01,0.41,7.67,10.2
2014-06-23,14.51,7.15,11.02,0.86,0.41,5.48,3.94
2014-06-24,14.51,4.06,9.2,0.43,0.41,6.11,7.05
2014-06-25,15.28,7.25,10.5,0.15,0.41,6.74,10.3
2014-06-26,16.6,5.78,10.64,0.02,0.41,7.19,8.54
2014-06-27,16.93,6.27,11.01,0.0,0.41,3.64,7.25
2014-06-28,13.74,6.0,9.71,2.06,0.41,3.16,8.08
2014-06-29,10.26,4.4,6.68,0.45,0.41,4.03,8.78
2014-06-30,11.23,4.12,6.78,0.13,0.41,3.76,10.08
2014-07-01,13.52,5.08,8.43,0.2,0.41,5.64,7.38
2014-07-02,15.26,3.44,8.03,0.0,0.41,5.98,11.5
2014-07-03,14.03,4.16,7.48,0.11,0.41,5.2,11.49
2014-07-04,16.1,1.9,8.12,0.0,0.41,2.76,11.66
2014-07-05,12.68,4.14,8.31,0.08,0.41,5.28,6.34
2014-07-06,13.37,5.47,8.82,0.79,0.41,6.47,7.61
2014-07-07,14.52,5.17,8.88,0.18,0.41,5.78,11.23
2014-07-08,16.62,5.27,9.85,0.0,0.41,3.17,11.56
2014-07-09,14.27,5.68,9.27,0.86,0.4,1.86,10.32
2014-07-10,12.93,5.27,8.48,0.77,0.4,4.63,11.65
2014-07-11,14.37,3.86,8.77,0.0,0.4,4.21,9.93
2014-07-12,11.75,2.09,6.55,1.42,0.41,3.05,7.45
2014-07-13,11.63,1.0,4.46,0.25,0.41,1.79,12.39
2014-07-14,13.44,0.5,6.74,0.02,0.41,2.82,9.01
2014-07-15,13.73,6.38,10.2,4.09,0.41,7.49,3.66
2014-07-16,14.35,6.46,9.37,0.18,0.41,6.56,8.65
2014-07-17,13.28,5.18,8.7,2.63,0.41,3.79,11.66
2014-07-18,11.41,3.42,5.81,0.28,0.41,2.97,12.94
2014-07-19,12.69,2.52,5.74,0.0,0.41,2.89,12.58
2014-07-20,12.62,2.49,6.52,0.02,0.41,2.94,11.52
2014-07-21,16.2,2.7,7.88,0.07,0.41,1.33,10.1
2014-07-22,15.88,3.01,8.23,0.0,0.41,1.12,13.11
2014-07-23,16.78,1.02,8.23,0.0,0.41,2.78,10.02
2014-07-24,19.71,5.63,10.93,0.32,0.41,5.37,10.62
2014-07-25,18.83,4.78,10.98,0.0,0.41,5.98,12.63
2014-07-26,17.36,6.86,11.18,0.0,0.4,6.19,11.33
2014-07-27,16.41,6.65,10.94,0.0,0.4,5.17,13.1
2014-07-28,18.68,4.54,10.76,0.0,0.4,2.41,13.67
2014-07-29,20.11,7.49,12.22,0.0,0.4,2.56,13.58
2014-07-30,20.1,6.78,12.26,0.0,0.4,6.47,13.85
2014-07-31,22.02,7.14,13.76,0.0,0.4,2.61,14.53
2014-08-01,11.63,3.2,8.13,0.04,0.4,2.97,12.23
2014-08-02,11.8,1.57,4.86,0.06,0.4,0.12,14.91
2014-08-03,13.79,-1.95,5.27,0.0,0.4,-1.17,15.25
2014-08-04,17.63,0.18,7.81,0.0,0.4,1.41,14.67
2014-08-05,15.89,1.5,7.54,0.0,0.39,0.5,14.73
2014-08-06,15.97,0.98,7.64,0.0,0.39,1.07,15.34
2014-08-07,15.37,1.89,8.13,0.0,0.39,4.09,14.78
2014-08-08,16.96,3.51,9.2,0.0,0.39,3.95,15.51
2014-08-09,18.54,2.55,10.51,0.0,0.39,3.33,15.23
2014-08-10,18.11,4.95,10.81,0.0,0.39,2.99,13.71
2014-08-11,12.62,1.62,6.29,0.0,0.39,0.52,13.58
2014-08-12,14.42,-0.45,6.24,0.0,0.39,0.39,15.16
2014-08-13,17.18,1.5,8.36,0.0,0.39,1.96,16.13
2014-08-14,18.63,1.63,9.41,0.0,0.39,2.31,16.44
2014-08-15,18.96,3.87,11.45,0.05,0.39,5.37,14.38
2014-08-16,13.34,8.75,10.66,11.39,0.39,9.2,3.63
2014-08-17,11.81,8.09,9.89,9.35,0.42,8.76,4.96
2014-08-18,16.12,6.19,10.62,0.2,0.42,7.7,13.68
2014-08-19,18.67,7.03,11.59,0.0,0.41,6.97,15.68
2014-08-20,18.93,5.92,11.73,0.0,0.41,7.31,16.22
2014-08-21,18.92,4.43,11.12,0.0,0.41,4.52,17.53
2014-08-22,19.62,6.82,12.35,0.0,0.41,7.42,16.66
2014-08-23,20.53,6.6,13.16,0.0,0.4,7.37,16.62
2014-08-24,20.91,8.12,13.44,0.0,0.4,6.47,16.66
2014-08-25,17.31,3.78,10.16,0.38,0.4,5.33,16.22
2014-08-26,18.27,6.09,11.37,0.06,0.4,7.54,16.23
2014-08-27,20.85,7.99,13.13,0.0,0.4,6.48,18.3
2014-08-28,20.51,5.14,12.24,0.0,0.4,4.59,18.8
2014-08-29,20.86,4.83,12.53,0.0,0.39,3.48,18.24
2014-08-30,21.12,5.32,12.64,0.0,0.39,4.27,18.23
2014-08-31,22.34,5.82,14.16,0.0,0.39,3.1,18.67
2014-09-01,24.44,9.56,15.44,1.21,0.39,3.7,11.29
2014-09-02,16.02,6.12,10.69,0.15,0.39,4.78,16.54
2014-09-03,16.28,2.91,8.85,0.0,0.39,1.71,19.01
2014-09-04,17.11,5.7,10.66,0.0,0.39,1.76,15.33
2014-09-05,19.58,4.36,11.69,0.0,0.39,2.8,18.43
2014-09-06,19.77,5.28,12.22,0.0,0.38,4.01,20.12
2014-09-07,21.71,7.62,14.7,0.0,0.38,6.46,18.77
2014-09-08,23.34,8.56,15.91,0.0,0.38,7.34,19.82
2014-09-09,26.64,12.6,18.25,10.35,0.38,10.67,9.65
2014-09-10,20.2,8.41,13.78,0.53,0.4,6.49,19.0
2014-09-11,21.64,6.61,14.04,0.0,0.39,6.25,20.92
2014-09-12,19.3,5.17,11.8,0.0,0.39,3.1,20.74
2014-09-13,20.94,4.14,12.61,0.0,0.39,1.93,22.02
2014-09-14,24.22,8.48,16.25,0.0,0.38,2.1,20.92
2014-09-15,24.98,9.96,16.45,0.01,0.38,2.68,11.76
2014-09-16,15.72,8.36,11.95,0.04,0.38,7.7,8.44
2014-09-17,18.8,7.46,12.61,0.0,0.38,4.05,19.08
2014-09-18,17.46,3.99,10.4,0.0,0.38,2.05,20.22
2014-09-19,18.92,5.12,10.85,0.0,0.38,1.22,18.0
2014-09-20,20.83,4.03,11.88,0.0,0.38,1.36,22.28
2014-09-21,22.93,4.32,13.28,0.0,0.37,3.21,21.03
2014-09-22,25.12,6.92,15.68,0.0,0.37,4.13,22.21
2014-09-23,26.43,9.43,17.95,0.0,0.37,6.32,21.3
2014-09-24,22.06,14.13,17.03,6.09,0.37,11.43,9.53
2014-09-25,22.31,11.97,15.93,2.03,0.38,10.55,17.74
2014-09-26,21.15,7.36,13.85,0.0,0.38,6.71,22.66
2014-09-27,24.4,9.86,16.71,0.0,0.38,6.62,23.17
2014-09-28,28.21,11.07,19.56,0.0,0.37,5.45,23.48
2014-09-29,28.52,11.56,19.86,0.0,0.37,4.74,24.08
2014-09-30,28.92,13.85,20.62,0.0,0.37,5.11,23.22
2014-10-01,19.35,7.79,13.08,0.0,0.36,0.62,23.46
2014-10-02,23.07,5.15,13.69,0.0,0.36,3.17,24.27
2014-10-03,25.21,6.76,16.45,0.0,0.36,5.08,25.47
2014-10-04,29.25,9.35,19.87,0.0,0.36,3.16,24.96
2014-10-05,33.65,12.49,23.07,0.0,0.36,2.88,25.4
2014-10-06,33.75,15.93,24.65,0.25,0.35,4.94,18.01
2014-10-07,22.93,12.11,17.44,1.04,0.35,5.89,25.77
2014-10-08,23.59,8.33,15.76,0.0,0.35,3.62,25.94
2014-10-09,27.21,8.72,18.08,0.0,0.35,3.99,25.69
2014-10-10,30.61,11.6,21.3,0.0,0.35,1.45,23.63
2014-10-11,33.23,12.14,23.02,0.0,0.35,2.1,26.5
2014-10-12,34.85,17.97,25.7,0.83,0.35,11.09,20.79
2014-10-13,20.4,9.72,16.42,2.11,0.35,6.09,23.3
2014-10-14,15.84,5.88,10.9,4.43,0.36,4.3,11.89
2014-10-15,21.3,5.98,13.05,0.0,0.36,0.72,28.25
2014-10-16,22.7,5.21,14.18,0.0,0.35,2.88,26.62
2014-10-17,24.08,7.85,15.76,0.0,0.35,2.27,28.08
2014-10-18,27.83,7.95,18.11,0.03,0.35,1.74,28.23
2014-10-19,33.14,12.75,23.67,0.0,0.35,2.82,26.41
2014-10-20,33.68,17.14,24.47,0.02,0.34,5.27,25.4
2014-10-21,34.19,15.03,24.45,0.0,0.34,9.22,26.27
2014-10-22,33.74,15.79,25.03,0.01,0.34,8.35,24.12
2014-10-23,36.56,18.25,27.72,0.0,0.34,10.3,23.3
2014-10-24,34.56,20.04,25.85,0.0,0.34,9.18,22.41
2014-10-25,39.46,18.65,28.41,0.16,0.34,11.25,21.2
2014-10-26,35.23,16.63,25.82,0.0,0.33,6.05,25.14
2014-10-27,27.59,14.03,22.09,0.0,0.33,4.39,24.63
2014-10-28,25.99,10.5,18.38,0.0,0.33,2.57,29.45
2014-10-29,29.72,11.41,20.62,0.0,0.33,4.61,29.34
2014-10-30,33.96,16.53,25.0,0.0,0.33,2.92,29.08
2014-10-31,34.95,17.74,26.99,0.03,0.33,3.62,19.03
2014-11-01,25.65,12.39,20.89,1.32,0.33,6.43,18.94
2014-11-02,23.57,8.09,15.65,0.0,0.33,-1.52,28.95
2014-11-03,28.79,8.45,19.22,0.03,0.33,-0.01,30.38
2014-11-04,33.52,13.27,23.77,0.0,0.33,-0.71,29.19
2014-11-05,28.96,14.83,20.59,0.0,0.33,0.92,28.15
2014-11-06,29.94,10.55,20.31,0.0,0.33,0.43,27.99
2014-11-07,33.78,14.0,24.0,0.0,0.32,0.08,28.51
2014-11-08,37.69,16.74,27.34,0.0,0.32,-0.94,31.53
2014-11-09,35.78,16.81,25.66,0.0,0.32,7.56,30.29
2014-11-10,30.92,12.57,21.91,0.0,0.32,-2.79,32.04
2014-11-11,32.61,11.72,22.1,0.0,0.32,1.68,31.66
2014-11-12,33.85,13.04,23.91,0.0,0.32,0.08,30.94
2014-11-13,37.54,17.4,28.3,0.0,0.32,-0.24,29.44
2014-11-14,41.45,22.65,31.92,0.0,0.32,3.02,25.04
2014-11-15,33.18,20.49,26.03,7.34,0.32,11.76,9.61
2014-11-16,24.93,14.67,19.82,2.2,0.33,9.65,17.73
2014-11-17,26.96,11.66,19.26,0.0,0.33,4.75,31.86
2014-11-18,29.61,12.6,21.34,0.0,0.33,3.99,31.02
2014-11-19,33.45,14.03,24.87,0.0,0.33,1.34,32.09
2014-11-20,37.87,18.61,28.68,0.0,0.32,2.75,28.18
2014-11-21,33.89,19.85,26.64,0.0,0.32,10.23,30.52
2014-11-22,39.54,17.92,29.51,0.01,0.32,7.12,24.07
2014-11-23,40.47,23.35,30.52,1.93,0.32,11.53,25.68
2014-11-24,28.72,19.76,24.46,5.97,0.32,16.07,14.09
2014-11-25,26.36,11.38,19.07,0.0,0.33,1.47,33.35
2014-11-26,29.43,12.29,21.31,0.0,0.33,3.53,31.92
2014-11-27,30.85,14.05,22.47,0.0,0.32,5.02,32.88
2014-11-28,34.25,15.52,25.5,0.0,0.32,7.11,28.72
2014-11-29,36.91,22.29,28.86,2.87,0.32,10.97,25.55
2014-11-30,32.32,22.62,27.52,2.96,0.33,16.42,19.77
2014-12-01,36.39,21.0,28.05,1.66,0.33,13.88,24.67
2014-12-02,37.7,19.21,28.78,0.01,0.33,8.0,30.75
2014-12-03,33.39,22.77,25.7,6.31,0.32,14.43,17.63
2014-12-04,34.05,20.65,26.69,8.57,0.34,16.71,27.03
2014-12-05,33.65,18.87,25.57,0.02,0.34,10.34,27.96
2014-12-06,27.61,16.56,21.85,2.7,0.34,10.63,23.7
2014-12-07,29.31,16.05,22.81,0.37,0.34,10.37,28.01
2014-12-08,32.92,18.19,25.56,0.0,0.33,10.68,30.19
2014-12-09,35.26,17.54,26.96,0.0,0.33,9.53,32.94
2014-12-10,39.61,20.83,29.25,1.17,0.33,9.61,23.52
2014-12-11,31.72,18.99,24.8,0.72,0.33,11.43,29.79
2014-12-12,30.75,15.61,23.28,0.01,0.33,7.02,34.06
2014-12-13,31.36,14.89,23.2,0.0,0.33,4.25,33.36
2014-12-14,34.43,16.14,25.92,0.0,0.32,5.37,29.37
2014-12-15,37.04,19.56,29.54,0.06,0.32,5.1,25.42
2014-12-16,38.09,21.3,31.15,0.01,0.32,4.77,33.21
2014-12-17,30.25,15.03,22.52,0.0,0.32,-0.76,33.24
2014-12-18,33.85,17.18,25.24,0.0,0.32,0.55,33.8
2014-12-19,27.66,15.5,21.37,0.0,0.32,1.76,34.25
2014-12-20,32.59,13.94,23.81,0.0,0.32,2.83,33.78
2014-12-21,36.88,17.96,28.24,0.0,0.32,4.58,33.26
2014-12-22,39.05,23.14,30.69,1.28,0.31,8.39,18.51
2014-12-23,37.63,22.06,30.48,7.02,0.32,11.69,25.37
2014-12-24,34.31,19.52,26.75,0.41,0.33,10.97,33.19
2014-12-25,33.78,20.82,26.02,2.64,0.33,7.34,21.98
2014-12-26,26.66,14.4,20.31,1.65,0.33,1.83,34.67
2014-12-27,27.95,14.41,21.41,0.0,0.32,0.76,31.48
2014-12-28,33.42,15.4,25.3,0.01,0.32,5.29,33.5
2014-12-29,36.88,18.45,27.55,0.0,0.32,4.21,29.06
2014-12-30,29.75,14.4,22.21,0.0,0.32,4.56,33.51
2014-12-31,34.11,15.43,24.94,0.0,0.32,2.3,33.98
2015-01-01,38.01,17.5,28.5,0.0,0.31,0.48,33.28
2015-01-02,42.1,20.53,32.31,0.0,0.31,6.51,32.65
2015-01-03,40.21,23.07,32.22,0.0,0.31,13.12,33.18
2015-01-04,36.94,23.89,28.82,1.73,0.31,17.65,11.25
2015-01-05,34.23,22.03,28.13,4.02,0.32,18.27,28.18
2015-01-06,36.45,22.77,29.68,0.01,0.32,15.28,30.44
2015-01-07,39.19,23.52,31.72,0.11,0.32,14.02,25.82
2015-01-08,37.92,25.51,31.81,0.16,0.31,12.92,23.11
2015-01-09,36.54,22.7,28.33,10.54,0.32,16.59,17.25
2015-01-10,28.52,21.47,24.46,18.66,0.35,19.44,10.56
2015-01-11,28.34,20.97,24.07,10.38,0.38,19.35,13.73
2015-01-12,30.74,21.08,25.18,1.62,0.38,17.72,18.89
2015-01-13,30.27,20.85,25.15,13.51,0.38,18.72,11.88
2015-01-14,29.36,17.44,23.21,0.47,0.38,14.62,13.03
2015-01-15,27.69,15.42,21.43,0.0,0.37,10.49,30.67
2015-01-16,30.94,14.24,22.91,0.0,0.37,8.31,31.19
2015-01-17,30.22,15.88,22.87,0.0,0.36,8.53,32.53
2015-01-18,29.9,14.26,22.41,0.0,0.36,7.58,31.89
2015-01-19,30.99,13.85,23.13,0.98,0.36,6.28,29.92
2015-01-20,30.82,18.34,24.95,0.01,0.35,13.04,21.91
2015-01-21,34.65,21.64,27.7,1.34,0.35,14.66,25.97
2015-01-22,35.71,21.03,28.67,0.0,0.35,15.26,28.29
2015-01-23,38.61,22.59,31.03,0.12,0.35,15.53,28.35
2015-01-24,36.46,24.16,30.25,2.3,0.35,17.12,17.42
2015-01-25,29.6,17.15,23.28,0.01,0.35,7.12,32.32
2015-01-26,28.17,12.46,20.61,0.0,0.34,3.0,32.67
2015-01-27,30.95,12.35,22.5,0.0,0.34,5.09,32.27
2015-01-28,30.14,18.21,24.43,0.07,0.34,12.39,28.29
2015-01-29,30.21,17.59,23.63,0.0,0.34,8.0,28.05
2015-01-30,27.89,14.0,20.97,0.0,0.34,5.07,30.18
2015-01-31,29.09,12.9,21.33,0.0,0.33,6.37,31.06
2015-02-01,29.12,15.77,22.29,0.0,0.33,8.04,31.55
2015-02-02,32.18,14.47,24.01,0.02,0.33,9.7,27.81
2015-02-03,32.46,16.97,24.93,0.0,0.33,9.18,30.66
2015-02-04,31.97,15.68,24.21,0.0,0.33,5.25,30.16
2015-02-05,35.29,17.0,27.01,0.0,0.33,10.14,26.5
2015-02-06,35.47,20.21,27.99,0.0,0.33,11.07,29.5
2015-02-07,36.45,19.45,28.43,0.0,0.33,7.69,29.98
2015-02-08,40.62,21.67,31.53,0.0,0.33,7.42,27.63
2015-02-09,37.15,18.65,27.95,0.0,0.32,6.28,30.66
2015-02-10,38.59,20.21,29.99,0.0,0.32,11.1,29.64
2015-02-11,38.46,25.97,31.67,0.09,0.32,13.65,26.76
2015-02-12,30.92,22.1,26.64,8.95,0.34,16.68,25.29
2015-02-13,34.75,19.97,27.43,0.87,0.34,15.68,27.38
2015-02-14,36.26,21.41,28.1,3.81,0.34,15.47,20.34
2015-02-15,37.64,21.15,29.57,0.0,0.34,13.9,28.53
2015-02-16,31.52,23.43,27.61,0.51,0.33,14.52,23.33
2015-02-17,35.11,21.14,27.92,0.4,0.33,15.48,15.56
2015-02-18,32.7,21.36,26.09,0.8,0.33,14.7,24.29
2015-02-19,34.37,20.97,27.32,1.98,0.33,15.34,18.27
2015-02-20,33.35,22.95,27.87,0.66,0.33,16.04,16.49
2015-02-21,34.11,22.77,27.73,0.0,0.33,15.55,24.73
2015-02-22,36.78,21.83,29.42,0.0,0.33,14.89,27.26
2015-02-23,39.27,23.44,31.24,2.02,0.33,15.71,20.03
2015-02-24,34.21,21.31,27.94,0.13,0.33,15.29,26.87
2015-02-25,32.92,15.79,24.01,0.0,0.33,4.36,27.73
2015-02-26,34.08,17.73,25.43,0.0,0.32,5.33,25.59
2015-02-27,34.97,18.27,26.89,0.0,0.32,8.11,26.98
2015-02-28,37.9,21.17,30.01,0.0,0.32,6.27,26.56
2015-03-01,30.8,19.13,25.42,0.0,0.32,6.43,25.95
2015-03-02,33.89,13.66,24.19,0.0,0.32,8.51,26.49
2015-03-03,34.75,20.15,26.89,0.0,0.32,6.97,24.21
2015-03-04,33.55,18.57,26.02,0.0,0.32,6.14,25.01
2015-03-05,24.31,13.92,19.2,0.0,0.32,0.98,26.87
2015-03-06,26.75,11.48,19.03,0.0,0.32,3.04,26.08
2015-03-07,28.69,14.09,21.78,0.0,0.32,10.17,19.48
2015-03-08,31.56,15.74,23.48,0.0,0.32,7.83,25.83
2015-03-09,32.46,16.08,24.49,0.0,0.32,7.19,24.52
2015-03-10,33.62,16.83,25.08,0.0,0.32,6.07,25.33
2015-03-11,35.61,17.63,26.22,0.0,0.31,5.52,24.84
2015-03-12,31.46,16.33,23.82,0.0,0.31,3.75,25.43
2015-03-13,30.4,13.14,21.77,0.0,0.31,3.95,25.41
2015-03-14,32.62,16.28,23.98,0.0,0.31,6.95,24.87
2015-03-15,31.19,17.43,23.43,0.0,0.31,1.14,25.11
2015-03-16,32.13,15.98,23.65,0.0,0.31,6.32,23.31
2015-03-17,33.85,20.24,27.22,0.0,0.31,5.81,14.0
2015-03-18,31.14,20.35,25.12,0.0,0.31,9.14,23.72
2015-03-19,37.97,17.65,28.16,0.0,0.31,7.61,23.74
2015-03-20,26.53,16.47,22.2,0.01,0.31,4.91,24.0
2015-03-21,31.55,11.62,21.91,0.0,0.31,5.79,23.84
2015-03-22,33.06,16.61,25.18,0.0,0.31,12.7,22.65
2015-03-23,34.39,20.73,26.41,0.01,0.31,14.0,18.17
2015-03-24,25.51,14.03,20.02,0.52,0.31,7.66,18.32
2015-03-25,21.28,9.47,15.35,0.0,0.31,3.77,22.52
2015-03-26,21.68,12.06,15.68,0.0,0.31,-0.03,23.25
2015-03-27,23.28,9.14,15.79,0.0,0.31,4.09,22.76
2015-03-28,24.83,9.28,17.27,0.0,0.31,3.49,22.08
2015-03-29,26.28,14.38,20.45,0.0,0.31,3.22,16.87
2015-03-30,27.52,16.51,20.8,0.0,0.31,6.37,20.72
2015-03-31,30.36,13.45,21.63,0.0,0.31,6.62,21.7
2015-04-01,31.56,16.65,24.4,0.0,0.31,11.11,18.3
2015-04-02,28.13,17.94,23.47,0.0,0.31,8.73,10.27
2015-04-03,27.46,13.23,19.76,0.0,0.31,0.21,15.27
2015-04-04,27.14,16.48,21.05,2.05,0.31,7.57,10.9
2015-04-05,26.99,14.47,20.28,1.59,0.31,10.18,19.31
2015-04-06,21.41,14.24,17.69,0.78,0.31,9.66,15.16
2015-04-07,13.84,10.02,12.13,14.57,0.33,8.51,6.56
2015-04-08,21.06,7.29,13.86,0.02,0.34,6.13,17.46
2015-04-09,23.09,8.04,15.09,0.02,0.33,5.62,20.12
2015-04-10,24.95,8.14,16.41,0.0,0.33,4.59,19.46
2015-04-11,26.84,11.2,18.85,0.0,0.33,7.78,19.62
2015-04-12,24.68,12.78,18.85,0.0,0.33,7.46,12.93
2015-04-13,27.26,11.69,19.43,0.0,0.33,7.95,18.47
2015-04-14,29.08,15.54,21.3,0.02,0.32,8.5,16.35
2015-04-15,32.65,17.59,23.35,0.0,0.32,11.29,13.23
2015-04-16,29.66,15.85,21.45,4.56,0.32,12.66,15.0
2015-04-17,21.96,16.19,18.95,6.63,0.34,13.86,7.98
2015-04-18,19.43,12.44,17.5,12.22,0.36,14.69,4.58
2015-04-19,17.49,8.73,13.02,0.13,0.36,5.07,17.39
2015-04-20,17.7,5.07,11.4,0.37,0.36,2.54,16.96
2015-04-21,19.16,6.3,12.14,0.09,0.35,3.35,17.84
2015-04-22,21.6,6.27,13.74,0.0,0.35,7.01,17.21
2015-04-23,24.63,9.27,16.9,0.0,0.35,10.82,15.79
2015-04-24,23.72,12.13,17.22,0.01,0.35,9.38,14.21
2015-04-25,16.84,8.5,12.66,3.37,0.35,7.44,9.31
2015-04-26,18.24,8.79,12.48,0.78,0.35,6.39,12.96
2015-04-27,18.0,5.6,11.24,0.0,0.35,4.96,15.82
2015-04-28,19.02,6.18,11.83,0.0,0.35,3.8,14.95
2015-04-29,21.6,5.62,13.94,0.0,0.35,5.74,14.13
2015-04-30,21.54,11.49,16.03,0.32,0.35,8.84,13.47
2015-05-01,23.88,11.73,17.06,0.01,0.35,9.8,15.39
2015-05-02,23.06,10.38,16.01,0.0,0.34,11.08,13.11
2015-05-03,23.9,10.63,16.12,0.0,0.34,8.31,15.98
2015-05-04,23.98,8.75,15.66,0.0,0.34,5.73,15.41
2015-05-05,21.47,9.47,15.21,0.0,0.34,3.76,14.55
2015-05-06,17.32,5.86,11.08,0.0,0.34,4.01,15.42
2015-05-07,17.84,7.44,12.01,0.0,0.34,5.57,8.06
2015-05-08,16.87,5.04,10.73,0.0,0.34,5.48,12.34
2015-05-09,18.13,5.5,12.14,0.0,0.34,6.81,9.01
2015-05-10,19.0,8.09,13.56,0.14,0.34,8.41,7.51
2015-05-11,19.66,9.56,13.99,0.04,0.34,10.01,7.34
2015-05-12,18.96,9.19,13.7,0.17,0.34,9.5,6.88
2015-05-13,12.86,5.12,8.6,0.05,0.34,0.88,14.28
2015-05-14,16.47,3.72,9.56,0.0,0.34,3.96,13.9
2015-05-15,19.22,6.73,11.23,0.0,0.34,6.07,14.05
2015-05-16,21.49,5.46,12.5,0.0,0.34,5.75,14.11
2015-05-17,21.76,8.07,13.56,0.0,0.34,7.31,11.55
2015-05-18,23.8,8.3,15.67,0.0,0.34,7.75,13.56
2015-05-19,24.33,14.01,17.73,7.26,0.34,12.42,7.73
2015-05-20,20.19,8.71,14.17,0.0,0.35,8.83,10.22
2015-05-21,17.48,6.6,11.51,0.16,0.35,6.47,6.74
2015-05-22,19.64,7.24,11.24,0.2,0.35,6.21,13.06
2015-05-23,18.66,3.91,10.51,0.0,0.35,4.32,13.51
2015-05-24,18.3,3.55,10.3,0.0,0.34,2.08,10.16
2015-05-25,20.85,7.13,13.22,0.0,0.34,6.55,9.97
2015-05-26,18.18,9.24,12.71,0.0,0.34,8.09,6.41
2015-05-27,20.2,10.68,14.65,0.29,0.34,10.18,7.65
2015-05-28,22.36,13.19,16.97,2.58,0.34,12.15,7.19
2015-05-29,17.61,10.92,14.04,0.13,0.35,9.53,9.84
2015-05-30,16.3,8.77,12.01,0.2,0.35,6.63,4.91
2015-05-31,17.59,7.51,12.39,0.18,0.35,6.95,9.84
2015-06-01,12.32,3.35,7.83,0.12,0.35,0.92,12.45
2015-06-02,12.83,0.31,5.76,0.01,0.34,1.28,10.67
2015-06-03,13.38,2.0,7.15,0.0,0.34,2.45,8.36
2015-06-04,14.79,1.54,8.49,1.93,0.34,1.3,12.17
2015-06-05,15.02,6.43,10.02,0.34,0.35,6.67,6.11
2015-06-06,15.11,4.3,9.27,0.29,0.35,4.75,11.22
2015-06-07,18.43,3.43,10.19,0.0,0.35,4.54,11.57
2015-06-08,20.05,5.74,11.65,0.0,0.35,4.0,12.14
2015-06-09,16.96,4.79,9.89,0.01,0.34,5.17,7.87
2015-06-10,15.16,2.27,7.73,0.0,0.34,0.62,11.41
2015-06-11,19.28,4.19,10.5,0.0,0.34,5.85,11.42
2015-06-12,19.45,6.6,11.48,0.0,0.34,6.99,10.86
2015-06-13,17.99,7.75,11.93,0.0,0.34,7.41,9.39
2015-06-14,20.9,8.15,13.84,0.01,0.34,9.31,7.67
2015-06-15,16.93,10.96,13.47,21.57,0.36,11.25,2.12
2015-06-16,20.42,11.14,15.45,8.39,0.39,11.87,5.68
2015-06-17,14.62,10.91,12.88,23.85,0.44,11.76,3.89
2015-06-18,14.2,8.3,10.57,0.39,0.43,8.39,5.08
2015-06-19,15.32,4.79,10.09,0.07,0.42,5.69,8.67
2015-06-20,12.57,2.34,5.73,0.0,0.41,2.04,11.94
2015-06-21,14.33,-0.17,6.47,0.0,0.41,1.33,12.14
2015-06-22,16.44,2.4,8.36,0.0,0.41,3.67,10.53
2015-06-23,20.2,6.18,12.7,0.0,0.4,7.05,8.59
2015-06-24,14.51,9.58,11.71,2.77,0.41,10.52,4.7
2015-06-25,13.98,4.8,8.95,0.07,0.41,6.51,9.76
2015-06-26,14.77,2.97,7.86,0.0,0.4,4.45,12.03
2015-06-27,13.09,1.64,6.44,0.0,0.4,4.41,10.94
2015-06-28,10.98,3.0,5.67,0.01,0.4,3.08,9.05
2015-06-29,11.21,1.76,5.17,0.0,0.4,2.0,9.01
2015-06-30,14.37,2.59,7.19,0.66,0.4,2.65,6.63
2015-07-01,12.86,0.66,6.43,0.04,0.4,2.01,11.0
2015-07-02,14.5,2.45,7.35,0.01,0.4,2.65,8.1
2015-07-03,11.98,-1.04,4.96,0.0,0.4,-0.05,12.13
2015-07-04,12.38,0.69,5.97,0.0,0.4,-1.67,11.91
2015-07-05,13.4,-1.42,6.07,0.0,0.4,-0.95,11.82
2015-07-06,15.8,1.88,8.38,0.16,0.4,2.5,11.25
2015-07-07,15.54,5.7,9.85,0.02,0.4,5.29,11.67
2015-07-08,16.88,4.32,9.38,0.0,0.4,3.97,11.27
2015-07-09,16.52,3.52,8.99,0.01,0.4,4.32,11.6
2015-07-10,18.55,6.87,11.81,0.54,0.4,6.76,11.31
2015-07-11,17.06,5.56,9.82,0.61,0.4,4.84,8.5
2015-07-12,8.31,4.04,6.47,1.87,0.4,4.06,6.57
2015-07-13,12.34,6.31,8.81,0.33,0.4,5.01,9.41
2015-07-14,10.97,4.45,7.35,0.29,0.4,3.47,6.26
2015-07-15,7.96,3.01,5.72,0.55,0.4,3.08,7.63
2015-07-16,9.65,0.97,4.97,3.34,0.4,2.86,5.04
2015-07-17,11.62,2.69,6.03,0.6,0.4,3.44,8.4
2015-07-18,12.8,3.5,6.43,0.06,0.4,2.76,12.86
2015-07-19,14.38,-0.47,5.86,0.0,0.4,1.63,13.16
2015-07-20,16.18,1.16,7.48,0.01,0.4,3.02,13.0
2015-07-21,17.56,4.15,11.07,0.0,0.4,6.04,11.64
2015-07-22,13.59,5.77,11.09,8.12,0.41,8.74,3.13
2015-07-23,16.73,3.14,9.15,0.33,0.41,5.26,11.14
2015-07-24,15.68,7.14,9.87,2.41,0.41,6.76,5.86
2015-07-25,16.28,4.81,10.0,0.01,0.41,4.77,12.94
2015-07-26,13.4,5.36,9.43,0.0,0.41,3.69,8.0
2015-07-27,12.4,0.93,5.89,0.0,0.41,0.75,13.85
2015-07-28,13.92,0.84,6.75,0.0,0.41,3.21,13.64
2015-07-29,14.07,2.36,7.83,0.0,0.41,3.01,10.87
2015-07-30,15.1,2.28,8.67,0.0,0.41,1.86,11.91
2015-07-31,16.65,3.62,9.95,0.02,0.4,4.36,13.54
2015-08-01,19.55,8.48,12.42,0.36,0.4,5.37,8.88
2015-08-02,12.15,3.88,8.73,1.77,0.41,5.59,10.03
2015-08-03,13.73,2.51,7.08,0.0,0.4,3.26,10.03
2015-08-04,12.04,-0.09,5.21,0.0,0.4,-0.65,8.66
2015-08-05,12.32,1.55,6.87,0.54,0.4,4.09,9.22
2015-08-06,12.53,2.49,6.6,0.06,0.4,3.41,13.04
2015-08-07,13.52,2.05,7.44,0.0,0.4,4.65,7.64
2015-08-08,15.08,4.21,8.91,0.0,0.4,4.53,7.98
2015-08-09,15.12,4.8,9.4,0.0,0.4,2.82,8.51
2015-08-10,18.15,4.39,9.88,0.0,0.4,2.31,15.14
2015-08-11,16.73,4.9,9.91,0.0,0.4,3.82,14.44
2015-08-12,10.92,4.84,7.53,2.87,0.4,3.15,10.85
2015-08-13,13.49,3.45,7.44,0.11,0.4,4.35,12.19
2015-08-14,17.3,3.77,9.93,0.0,0.4,7.03,9.7
2015-08-15,16.56,6.43,11.39,0.0,0.4,6.83,8.31
2015-08-16,18.23,9.48,12.94,0.0,0.4,5.63,12.57
2015-08-17,17.73,6.84,11.94,0.02,0.4,5.86,13.83
2015-08-18,14.48,2.0,7.85,0.0,0.4,1.74,14.8
2015-08-19,16.16,0.68,8.1,0.0,0.39,0.7,17.2
2015-08-20,20.94,3.51,11.37,0.0,0.39,2.22,16.89
2015-08-21,21.8,8.21,15.22,0.01,0.39,5.11,8.95
2015-08-22,24.1,8.89,16.04,0.95,0.39,7.93,16.41
2015-08-23,15.64,10.9,13.17,2.71,0.39,11.37,4.42
2015-08-24,15.5,9.35,12.18,15.6,0.41,11.08,4.8
2015-08-25,11.43,7.98,9.52,1.79,0.43,8.11,8.13
2015-08-26,18.27,6.51,12.35,0.09,0.42,6.84,13.23
2015-08-27,13.78,7.71,10.47,10.42,0.43,7.67,13.19
2015-08-28,15.74,6.17,9.71,0.66,0.43,5.81,16.76
2015-08-29,14.91,3.01,8.16,0.0,0.43,2.12,16.91
2015-08-30,14.98,2.71,8.53,0.0,0.42,3.69,14.51
2015-08-31,16.71,1.74,9.21,0.0,0.42,3.47,17.75
2015-09-01,18.96,2.97,11.62,0.0,0.42,2.86,19.03
2015-09-02,22.76,7.74,13.29,12.25,0.42,5.54,11.2
2015-09-03,15.42,6.37,10.43,1.59,0.44,7.31,10.57
2015-09-04,18.48,6.07,10.97,0.06,0.43,5.47,19.55
2015-09-05,17.12,3.08,10.05,0.0,0.43,2.55,19.24
2015-09-06,17.2,4.94,10.91,0.01,0.42,3.91,14.87
2015-09-07,16.12,5.77,10.55,0.04,0.42,3.25,18.27
2015-09-08,15.71,3.07,9.39,0.44,0.42,5.75,11.34
2015-09-09,18.63,6.23,12.16,0.07,0.42,7.53,18.62
2015-09-10,18.33,4.52,11.14,0.0,0.42,4.33,20.22
2015-09-11,23.38,3.91,13.95,0.0,0.42,4.57,21.12
2015-09-12,24.36,6.94,15.78,0.0,0.41,4.5,20.0
2015-09-13,26.88,8.85,17.52,0.0,0.41,7.16,21.13
2015-09-14,28.0,11.53,19.15,0.0,0.41,7.3,21.6
2015-09-15,21.5,9.38,15.02,0.0,0.4,6.03,21.11
2015-09-16,20.5,5.74,12.85,0.0,0.4,2.66,21.86
2015-09-17,19.28,6.24,12.3,0.0,0.4,3.44,21.25
2015-09-18,19.97,5.25,11.99,0.0,0.4,5.13,21.81
2015-09-19,22.52,5.68,14.28,0.0,0.4,6.39,19.74
2015-09-20,23.2,9.61,16.12,0.0,0.39,7.68,20.35
2015-09-21,25.29,10.68,16.67,0.01,0.39,6.79,20.62
2015-09-22,17.04,5.77,10.98,0.0,0.39,1.53,21.7
2015-09-23,17.6,3.57,9.76,0.0,0.39,-0.18,23.48
2015-09-24,18.73,2.33,10.42,0.0,0.39,1.26,24.09
2015-09-25,19.91,4.15,11.87,0.0,0.39,2.21,24.25
2015-09-26,22.06,6.34,14.2,0.0,0.38,5.64,22.34
2015-09-27,23.03,7.48,15.47,0.0,0.38,5.77,21.93
2015-09-28,25.41,8.99,17.48,0.0,0.38,4.52,23.84
2015-09-29,25.25,10.28,17.03,0.0,0.38,4.24,23.33
2015-09-30,24.27,8.16,15.54,0.0,0.38,3.13,24.76
2015-10-01,24.74,7.15,15.77,0.0,0.37,2.48,24.71
2015-10-02,28.68,9.55,19.31,0.0,0.37,3.37,24.39
2015-10-03,32.89,11.56,21.56,0.0,0.37,4.04,25.86
2015-10-04,35.06,14.7,23.81,0.0,0.37,4.5,22.15
2015-10-05,36.33,15.91,25.01,0.0,0.36,4.53,23.73
2015-10-06,36.14,16.37,25.42,0.0,0.36,3.61,25.77
2015-10-07,23.41,14.06,18.72,0.0,0.36,4.31,20.17
2015-10-08,30.72,15.39,22.16,0.0,0.36,9.05,22.64
2015-10-09,31.62,16.21,22.91,0.63,0.36,10.53,19.36
2015-10-10,33.25,15.75,24.79,0.59,0.35,10.91,20.56
2015-10-11,28.89,17.59,22.3,1.74,0.35,13.44,19.55
2015-10-12,28.01,13.85,20.29,0.0,0.35,8.61,26.67
2015-10-13,25.98,9.58,17.73,0.0,0.35,5.12,27.24
2015-10-14,32.89,11.81,22.89,0.0,0.35,8.79,26.79
2015-10-15,34.88,16.56,25.19,0.0,0.35,8.61,26.31
2015-10-16,35.37,19.37,27.59,0.03,0.35,10.13,24.7
2015-10-17,28.6,19.23,22.97,0.21,0.34,13.58,15.05
2015-10-18,32.87,15.66,24.57,0.0,0.34,12.66,25.98
2015-10-19,32.51,17.87,25.8,0.01,0.34,12.94,24.99
2015-10-20,35.75,21.53,26.18,0.09,0.34,12.7,12.43
2015-10-21,25.63,16.29,21.0,7.66,0.35,14.35,11.68
2015-10-22,26.0,10.75,18.32,0.0,0.35,8.48,24.83
2015-10-23,26.92,10.16,18.56,0.01,0.35,5.87,27.74
2015-10-24,29.84,13.09,21.77,0.0,0.35,3.9,27.8
2015-10-25,32.81,16.95,25.01,0.0,0.34,6.05,24.22
2015-10-26,29.78,15.46,23.12,0.13,0.34,9.14,25.73
2015-10-27,27.64,12.29,20.48,0.0,0.34,9.56,27.72
2015-10-28,29.55,13.53,21.33,0.0,0.34,6.49,27.18
2015-10-29,31.73,13.94,23.33,0.0,0.34,6.86,28.2
2015-10-30,30.08,17.85,24.04,4.54,0.34,13.05,15.81
2015-10-31,30.95,19.27,24.18,21.56,0.37,17.27,18.96
2015-11-01,27.68,17.25,22.22,22.86,0.4,18.33,21.0
2015-11-02,27.56,16.43,21.75,0.27,0.41,14.34,24.67
2015-11-03,28.61,16.01,21.96,0.0,0.4,12.74,17.55
2015-11-04,24.49,17.51,20.67,10.72,0.4,16.7,12.23
2015-11-05,28.92,18.22,22.61,4.16,0.41,15.8,21.77
2015-11-06,26.37,15.03,20.9,0.31,0.4,14.12,16.32
2015-11-07,25.98,13.32,19.24,0.0,0.39,7.81,29.52
2015-11-08,28.48,9.94,19.25,0.0,0.39,6.91,27.78
2015-11-09,31.46,14.35,23.06,0.0,0.38,9.83,30.11
2015-11-10,32.99,17.09,25.56,0.0,0.38,10.28,28.33
2015-11-11,28.05,19.22,23.22,2.91,0.38,15.74,19.8
2015-11-12,29.26,18.82,22.41,7.64,0.38,17.3,12.02
2015-11-13,29.71,17.34,23.57,0.41,0.39,14.02,25.09
2015-11-14,26.65,10.53,18.95,0.0,0.39,5.18,32.11
2015-11-15,27.26,11.89,20.34,0.0,0.38,9.93,26.98
2015-11-16,29.03,13.58,21.31,0.0,0.38,8.07,32.02
2015-11-17,32.64,14.68,24.43,0.0,0.37,6.22,30.42
2015-11-18,38.7,18.74,28.88,0.0,0.37,7.69,31.55
2015-11-19,40.87,23.17,31.39,0.0,0.36,10.14,30.78
2015-11-20,40.16,19.31,30.1,0.0,0.36,7.58,31.72
2015-11-21,27.68,14.47,20.61,0.0,0.36,3.99,31.94
2015-11-22,28.51,11.76,20.48,0.0,0.36,3.36,31.45
2015-11-23,27.22,12.46,20.04,0.0,0.35,4.16,33.03
2015-11-24,31.17,12.48,22.37,0.0,0.35,3.13,32.75
2015-11-25,36.23,15.67,27.14,0.0,0.35,-0.44,33.37
2015-11-26,25.0,13.08,20.19,0.02,0.35,1.08,21.04
2015-11-27,25.06,9.38,17.64,0.0,0.35,-2.23,33.38
2015-11-28,28.7,13.81,21.28,0.0,0.35,2.82,32.97
2015-11-29,30.32,14.36,22.71,0.0,0.34,5.25,30.18
2015-11-30,36.02,16.57,26.9,0.0,0.34,7.52,28.2
2015-12-01,29.62,17.69,25.07,0.0,0.34,10.91,20.64
2015-12-02,24.16,11.16,17.94,0.0,0.34,-1.83,34.02
2015-12-03,30.95,11.24,21.3,0.0,0.34,0.86,34.08
2015-12-04,33.84,15.43,24.56,0.0,0.34,3.95,33.73
2015-12-05,35.45,17.48,26.47,0.0,0.34,4.5,29.65
2015-12-06,38.93,20.02,29.97,0.0,0.33,5.93,33.61
2015-12-07,40.23,22.85,32.2,0.15,0.33,7.18,23.18
2015-12-08,31.83,24.04,27.67,10.12,0.34,17.48,16.13
2015-12-09,33.15,19.35,26.27,0.02,0.35,11.71,32.69
2015-12-10,35.94,19.18,28.08,0.01,0.34,6.71,32.69
2015-12-11,28.7,17.0,22.69,0.0,0.34,5.71,26.11
2015-12-12,26.97,11.8,19.24,0.0,0.34,-2.27,34.94
2015-12-13,32.07,12.46,23.56,0.0,0.34,-2.57,32.29
2015-12-14,38.05,18.06,29.26,0.0,0.33,0.23,32.19
2015-12-15,38.45,22.14,30.53,0.0,0.33,5.43,18.61
2015-12-16,37.69,22.33,30.0,0.0,0.33,6.7,28.78
2015-12-17,36.92,20.9,29.06,0.0,0.33,10.28,33.98
2015-12-18,38.7,21.95,30.73,0.0,0.33,8.69,33.29
2015-12-19,40.61,23.86,32.69,0.0,0.33,7.89,32.7
2015-12-20,40.66,23.99,32.74,8.1,0.32,10.86,26.26
2015-12-21,23.55,17.97,20.66,5.1,0.35,11.24,11.52
2015-12-22,30.87,16.61,23.46,0.26,0.34,13.56,28.93
2015-12-23,32.55,16.58,25.16,0.41,0.34,12.53,31.31
2015-12-24,33.48,18.83,26.38,0.0,0.34,10.24,33.4
2015-12-25,33.68,18.48,26.91,0.08,0.33,13.54,30.25
2015-12-26,25.96,16.34,22.81,10.18,0.34,11.2,19.18
2015-12-27,27.09,12.08,19.41,0.0,0.35,2.71,35.16
2015-12-28,31.01,11.94,22.04,0.0,0.34,6.04,32.48
2015-12-29,32.95,15.55,24.54,0.0,0.34,6.37,34.25
2015-12-30,35.81,18.06,27.53,0.0,0.33,6.1,30.12
2015-12-31,34.74,22.47,28.81,0.0,0.33,8.17,27.93
2016-01-01,35.33,24.32,29.69,0.0,0.33,9.17,19.05
2016-01-02,33.07,21.73,27.67,0.32,0.33,12.29,11.79
2016-01-03,31.1,19.86,24.69,1.96,0.33,11.43,24.27
2016-01-04,30.35,17.74,24.08,0.0,0.33,10.27,23.82
2016-01-05,29.1,19.23,24.18,4.02,0.33,13.94,22.7
2016-01-06,30.87,17.22,24.35,0.21,0.34,12.37,30.47
2016-01-07,32.34,17.38,24.94,0.1,0.33,9.95,31.26
2016-01-08,33.11,16.04,25.02,0.0,0.33,5.23,33.2
2016-01-09,36.93,18.71,28.26,0.0,0.33,5.47,32.21
2016-01-10,39.55,21.28,31.5,0.0,0.33,6.59,33.3
2016-01-11,42.24,24.05,34.16,0.0,0.32,4.9,26.34
2016-01-12,41.58,26.16,33.03,0.0,0.32,13.63,30.13
2016-01-13,45.0,27.22,35.82,0.47,0.32,11.88,26.52
2016-01-14,35.11,19.2,26.74,1.79,0.32,12.95,9.9
2016-01-15,28.73,14.03,20.82,0.0,0.32,1.57,34.11
2016-01-16,30.92,15.76,23.47,0.0,0.32,4.86,30.36
2016-01-17,32.11,17.95,25.11,0.0,0.32,8.38,28.99
2016-01-18,35.17,19.85,27.7,0.0,0.32,9.71,31.56
2016-01-19,39.57,22.74,31.64,0.0,0.32,9.23,30.15
2016-01-20,39.33,25.3,32.47,0.08,0.32,12.09,16.33
2016-01-21,33.95,25.14,29.45,0.4,0.32,19.1,16.23
2016-01-22,34.54,21.94,27.29,15.94,0.33,20.22,11.88
2016-01-23,33.04,20.46,26.31,0.13,0.35,16.59,29.56
2016-01-24,33.29,18.56,26.21,0.0,0.34,11.65,29.6
2016-01-25,33.98,18.15,26.41,0.0,0.34,11.05,31.49
2016-01-26,37.5,18.03,28.98,1.31,0.33,12.88,26.35
2016-01-27,31.43,21.52,25.69,21.55,0.36,19.8,19.43
2016-01-28,33.19,20.47,26.67,3.56,0.37,17.19,23.86
2016-01-29,25.46,16.75,20.36,0.01,0.36,9.36,23.34
2016-01-30,28.17,14.56,20.19,13.68,0.37,9.61,15.28
2016-01-31,24.4,12.89,18.73,1.6,0.38,10.47,22.31
2016-02-01,27.15,15.19,20.8,0.2,0.37,11.68,28.1
2016-02-02,27.5,14.56,22.27,0.04,0.37,10.31,24.5
2016-02-03,30.93,19.54,24.81,0.01,0.36,15.11,18.92
2016-02-04,32.54,18.25,24.97,0.0,0.36,12.5,26.7
2016-02-05,32.14,15.0,23.83,0.0,0.36,9.67,31.22
2016-02-06,32.54,16.52,25.21,0.0,0.35,12.37,29.75
2016-02-07,34.63,20.87,27.71,0.0,0.35,13.56,28.12
2016-02-08,37.05,20.03,28.92,0.0,0.35,12.41,29.57
2016-02-09,36.62,20.07,28.9,0.0,0.34,11.76,29.98
2016-02-10,38.32,20.82,29.54,0.0,0.34,8.79,28.61
2016-02-11,37.9,21.61,28.86,0.0,0.34,8.66,28.06
2016-02-12,37.22,21.2,29.28,0.0,0.34,10.73,28.46
2016-02-13,40.18,21.89,31.51,0.0,0.34,7.82,30.14
2016-02-14,33.59,21.18,27.33,0.0,0.33,8.21,27.82
2016-02-15,31.76,18.08,24.02,0.0,0.33,6.43,27.88
2016-02-16,28.78,16.2,21.94,0.0,0.33,5.96,28.91
2016-02-17,28.09,11.53,20.06,0.0,0.33,6.35,28.89
2016-02-18,31.68,14.87,23.35,0.0,0.33,9.51,29.04
2016-02-19,35.18,18.71,26.76,0.0,0.33,8.9,28.79
2016-02-20,34.15,18.3,25.89,0.0,0.33,9.02,28.39
2016-02-21,36.94,16.68,27.48,0.0,0.33,5.95,27.83
2016-02-22,38.41,23.69,30.91,0.0,0.33,13.11,24.75
2016-02-23,40.68,26.11,33.23,0.0,0.33,10.85,27.64
2016-02-24,41.33,25.45,33.13,0.0,0.32,8.42,27.89
2016-02-25,39.25,23.88,31.89,0.0,0.32,10.12,23.56
2016-02-26,32.37,20.58,26.24,0.0,0.32,7.17,27.46
2016-02-27,33.74,16.97,25.04,0.0,0.32,4.81,28.06
2016-02-28,35.32,17.55,26.58,0.0,0.32,6.66,27.82
2016-02-29,34.89,17.64,26.45,0.0,0.32,5.19,27.5
2016-03-01,37.41,19.77,28.55,0.0,0.32,8.01,26.68
2016-03-02,39.45,22.97,31.42,0.0,0.32,9.16,23.58
2016-03-03,40.15,23.72,29.95,19.97,0.33,15.8,10.73
2016-03-04,37.41,22.15,29.6,0.0,0.35,15.74,25.12
2016-03-05,38.64,22.73,30.6,0.06,0.35,13.85,24.92
2016-03-06,39.27,23.95,31.28,0.0,0.34,12.49,24.33
2016-03-07,38.38,22.32,30.3,0.0,0.34,10.71,26.06
2016-03-08,38.8,22.67,30.88,0.0,0.33,10.94,24.88
2016-03-09,38.41,25.39,31.99,0.0,0.33,12.69,21.06
2016-03-10,33.99,26.53,29.89,0.12,0.33,13.32,16.45
2016-03-11,34.06,24.09,27.91,0.98,0.33,19.08,19.19
2016-03-12,37.39,23.97,30.48,0.01,0.33,16.36,20.67
2016-03-13,33.85,24.61,28.63,2.08,0.33,17.51,12.14
2016-03-14,35.16,23.41,28.79,0.13,0.33,15.15,18.24
2016-03-15,31.5,21.59,26.47,0.71,0.33,14.01,11.57
2016-03-16,32.11,20.4,26.04,0.28,0.33,14.61,20.87
2016-03-17,31.99,20.65,26.17,0.54,0.33,15.45,19.05
2016-03-18,24.57,14.55,21.36,5.57,0.34,10.15,17.78
2016-03-19,22.75,10.54,16.26,0.01,0.34,5.03,24.15
2016-03-20,25.37,9.9,17.62,0.0,0.33,5.09,23.65
2016-03-21,27.53,12.96,19.91,0.0,0.33,7.21,22.01
2016-03-22,27.94,13.18,20.39,0.0,0.33,7.09,23.4
2016-03-23,30.32,14.21,22.11,0.0,0.33,5.97,19.3
2016-03-24,32.31,15.97,24.21,0.0,0.33,6.28,18.47
2016-03-25,29.73,18.7,23.47,0.01,0.33,10.99,13.4
2016-03-26,27.88,13.78,20.52,0.0,0.32,5.86,22.3
2016-03-27,28.01,12.99,20.22,0.0,0.32,8.36,20.42
2016-03-28,25.99,13.5,19.51,0.0,0.32,5.74,15.0
2016-03-29,26.09,14.33,19.32,0.0,0.32,5.64,14.98
2016-03-30,24.12,12.57,17.77,0.0,0.32,4.09,20.62
2016-03-31,24.42,9.58,17.16,0.0,0.32,3.19,21.64
2016-04-01,28.23,12.49,20.28,0.0,0.32,1.71,19.18
2016-04-02,32.65,15.9,23.39,0.0,0.32,3.69,20.82
2016-04-03,26.16,12.72,18.64,0.0,0.32,0.69,21.13
2016-04-04,30.03,12.43,20.41,0.0,0.32,-0.25,20.4
2016-04-05,33.5,14.49,22.8,0.0,0.32,2.84,21.03
2016-04-06,33.24,15.2,23.2,0.0,0.32,1.2,19.08
2016-04-07,24.61,11.57,18.02,0.0,0.32,1.98,18.55
2016-04-08,23.75,13.91,18.08,0.53,0.32,4.18,15.51
2016-04-09,25.63,10.82,18.04,0.02,0.32,2.47,18.35
2016-04-10,26.64,13.22,19.07,0.0,0.32,5.07,18.95
2016-04-11,24.04,11.42,17.47,0.0,0.32,7.8,18.3
2016-04-12,25.69,11.2,17.7,0.0,0.32,6.54,19.29
2016-04-13,28.11,10.07,19.04,0.0,0.32,5.42,19.18
2016-04-14,30.32,15.75,22.1,0.0,0.32,9.06,17.87
2016-04-15,29.4,16.3,23.31,0.0,0.32,10.07,14.74
2016-04-16,24.52,16.77,20.87,0.0,0.32,14.39,11.3
2016-04-17,26.11,15.07,19.75,0.81,0.32,13.1,13.65
2016-04-18,27.59,13.07,19.98,0.74,0.32,10.24,17.95
2016-04-19,28.95,14.64,21.19,0.0,0.32,8.65,16.51
2016-04-20,28.04,15.09,21.24,0.0,0.32,7.97,16.25
2016-04-21,27.86,16.6,21.23,0.01,0.32,8.52,9.41
2016-04-22,25.5,13.92,19.26,0.02,0.32,9.62,16.14
2016-04-23,25.24,9.46,16.73,0.11,0.32,5.46,16.81
2016-04-24,26.05,9.94,17.38,0.0,0.32,4.55,17.24
2016-04-25,26.6,11.44,17.91,0.0,0.32,3.69,17.04
2016-04-26,27.1,11.81,18.67,0.0,0.31,5.78,16.75
2016-04-27,28.83,12.71,20.67,0.0,0.31,8.01,15.76
2016-04-28,27.06,17.35,22.0,0.0,0.31,8.68,11.47
2016-04-29,25.53,18.03,20.78,13.16,0.32,13.64,3.51
2016-04-30,27.48,15.97,21.2,0.21,0.34,14.4,13.72
2016-05-01,20.78,10.71,17.66,4.12,0.34,10.11,14.67
2016-05-02,21.75,7.92,14.23,0.0,0.34,4.47,15.03
2016-05-03,23.4,8.76,15.84,0.13,0.34,4.0,15.81
2016-05-04,20.94,10.13,15.42,0.03,0.33,8.21,14.95
2016-05-05,24.53,9.36,16.35,0.0,0.33,6.95,15.25
2016-05-06,26.82,10.81,18.65,0.0,0.33,4.81,14.76
2016-05-07,26.82,11.57,18.71,0.08,0.33,6.35,5.9
2016-05-08,19.5,16.3,18.09,9.78,0.34,15.2,2.47
2016-05-09,21.12,14.87,18.22,18.5,0.37,12.31,10.45
2016-05-10,19.54,10.08,14.87,1.61,0.38,8.9,8.56
2016-05-11,18.44,6.82,12.5,0.0,0.37,5.35,9.5
2016-05-12,20.87,10.6,14.84,0.0,0.37,8.94,9.51
2016-05-13,24.38,9.51,16.45,0.0,0.36,11.07,14.23
2016-05-14,25.27,9.56,16.5,0.0,0.36,8.02,13.97
2016-05-15,25.25,12.37,16.67,0.0,0.36,5.43,10.56
2016-05-16,25.31,9.7,17.45,0.0,0.36,6.75,11.42
2016-05-17,22.46,9.67,15.08,0.0,0.36,6.68,14.17
2016-05-18,21.72,9.02,14.48,0.0,0.35,5.9,12.99
2016-05-19,20.34,8.62,13.89,0.0,0.35,5.63,13.6
2016-05-20,20.66,7.83,13.69,0.0,0.35,8.47,11.1
2016-05-21,20.2,10.06,14.07,0.0,0.35,8.99,8.08
2016-05-22,27.0,10.44,17.43,0.0,0.35,6.96,12.92
2016-05-23,18.81,8.37,14.77,0.01,0.35,5.48,13.4
2016-05-24,17.28,5.55,10.63,0.0,0.35,5.9,11.38
2016-05-25,17.62,5.62,11.35,1.02,0.35,4.93,9.47
2016-05-26,16.66,7.5,12.4,5.66,0.36,8.3,6.05
2016-05-27,15.46,4.34,10.09,3.45,0.36,5.41,11.1
2016-05-28,12.3,6.42,9.25,6.09,0.38,7.16,6.18
2016-05-29,14.47,3.87,8.49,0.01,0.38,3.39,11.12
2016-05-30,14.42,2.0,7.81,0.0,0.37,1.44,11.01
2016-05-31,17.62,2.26,8.86,0.0,0.37,1.02,12.46
2016-06-01,14.21,5.34,9.16,0.55,0.37,4.11,6.61
2016-06-02,17.57,5.64,10.92,0.71,0.37,8.2,9.75
2016-06-03,14.69,10.42,11.94,14.74,0.38,10.8,3.75
2016-06-04,13.61,10.71,11.74,17.75,0.42,10.89,2.89
2016-06-05,16.59,7.0,11.11,0.84,0.43,6.96,9.15
2016-06-06,15.5,6.61,10.69,0.28,0.42,6.92,8.93
2016-06-07,14.63,8.3,10.92,2.02,0.41,8.55,5.19
2016-06-08,18.71,6.27,13.05,0.5,0.41,7.27,5.64
2016-06-09,18.66,10.35,14.22,0.64,0.41,9.65,8.06
2016-06-10,15.64,8.27,11.28,0.52,0.41,6.7,9.79
2016-06-11,15.13,5.75,9.25,0.0,0.41,4.85,10.89
2016-06-12,13.9,2.36,7.01,0.0,0.4,1.77,11.34
2016-06-13,18.35,1.09,8.16,0.14,0.4,2.92,10.91
2016-06-14,18.25,4.2,9.93,0.0,0.4,5.57,11.49
2016-06-15,16.67,3.05,8.88,0.14,0.4,4.13,12.25
2016-06-16,20.67,5.51,12.66,1.57,0.4,7.34,9.9
2016-06-17,18.05,12.03,14.44,4.93,0.41,12.38,4.7
2016-06-18,18.26,10.31,13.61,2.24,0.41,9.74,7.17
2016-06-19,13.26,10.12,11.42,28.09,0.43,10.19,2.32
2016-06-20,11.58,8.13,9.9,6.71,0.47,8.78,2.1
2016-06-21,12.77,6.21,8.93,4.72,0.47,6.83,6.47
2016-06-22,14.41,7.53,10.23,0.33,0.47,7.06,10.34
2016-06-23,14.09,6.34,10.29,1.5,0.46,7.03,5.41
2016-06-24,9.98,2.63,6.98,1.74,0.46,3.49,8.29
2016-06-25,10.91,0.23,4.39,0.03,0.46,0.86,11.93
2016-06-26,8.14,0.99,4.01,0.13,0.45,1.06,4.29
2016-06-27,11.53,2.48,5.76,0.03,0.45,2.0,9.2
2016-06-28,13.95,1.95,7.56,0.0,0.45,3.47,10.47
2016-06-29,14.96,2.33,7.76,0.0,0.45,3.64,11.91
2016-06-30,14.43,2.68,8.29,3.1,0.45,3.98,10.36
2016-07-01,12.98,3.55,7.27,0.03,0.45,4.37,10.47
2016-07-02,14.57,2.64,7.9,0.05,0.45,5.52,6.85
2016-07-03,14.57,5.42,9.77,0.0,0.45,6.33,7.01
2016-07-04,12.71,2.82,7.86,0.66,0.45,5.42,6.17
2016-07-05,8.19,5.77,7.33,10.14,0.46,6.51,4.47
2016-07-06,15.08,5.93,9.38,1.54,0.47,7.35,8.42
2016-07-07,16.91,6.69,11.15,0.31,0.47,7.14,7.6
2016-07-08,14.16,8.24,10.9,4.05,0.47,9.01,6.52
2016-07-09,15.14,5.87,9.91,0.26,0.47,7.67,6.58
2016-07-10,13.37,6.11,9.98,3.76,0.47,7.71,5.65
2016-07-11,17.59,7.7,11.92,1.11,0.47,6.51,12.19
2016-07-12,14.47,5.76,9.27,0.09,0.47,2.61,10.57
2016-07-13,11.4,2.45,6.09,0.0,0.47,1.35,12.32
2016-07-14,13.03,0.21,5.69,0.0,0.46,2.16,11.15
2016-07-15,13.8,1.68,6.37,0.0,0.46,3.18,9.29
2016-07-16,13.39,1.7,6.07,0.0,0.46,3.46,13.0
2016-07-17,18.6,3.19,10.02,0.0,0.46,6.81,12.39
2016-07-18,21.55,7.54,13.89,0.18,0.46,11.65,8.63
2016-07-19,22.75,11.68,16.58,1.8,0.46,14.39,8.84
2016-07-20,19.04,11.06,15.25,7.36,0.47,14.06,4.92
2016-07-21,19.65,9.83,14.35,0.11,0.47,13.03,10.34
2016-07-22,22.64,12.47,16.8,0.73,0.47,12.95,7.12
2016-07-23,12.84,4.04,9.16,0.03,0.47,3.33,11.06
2016-07-24,13.19,3.64,8.1,3.66,0.46,3.24,7.77
2016-07-25,13.5,4.08,8.39,0.03,0.47,3.35,11.66
2016-07-26,14.12,4.51,9.6,0.13,0.47,4.2,9.96
2016-07-27,13.58,5.0,9.42,1.05,0.46,5.97,9.78
2016-07-28,14.86,1.59,7.69,0.0,0.46,3.8,9.39
2016-07-29,12.81,3.22,7.95,0.0,0.46,4.77,7.95
2016-07-30,15.99,2.46,8.72,0.0,0.46,6.09,12.57
2016-07-31,19.01,6.65,11.56,0.0,0.46,5.22,9.46
2016-08-01,13.52,8.52,10.37,4.05,0.46,6.58,5.74
2016-08-02,12.69,4.91,8.94,3.84,0.47,6.1,9.57
2016-08-03,14.0,3.58,7.51,1.69,0.47,4.66,14.82
2016-08-04,15.4,4.21,8.48,0.0,0.47,3.99,15.12
2016-08-05,16.43,3.77,9.3,0.0,0.46,3.93,14.6
2016-08-06,16.2,4.52,10.05,0.0,0.46,4.61,9.78
2016-08-07,16.68,6.52,10.64,0.0,0.46,5.37,14.27
2016-08-08,18.37,3.49,10.96,0.0,0.46,4.92,15.29
2016-08-09,21.44,8.82,14.16,0.41,0.46,6.32,9.42
2016-08-10,16.75,7.64,12.15,0.02,0.45,5.54,15.72
2016-08-11,13.99,4.62,8.74,0.01,0.45,3.93,12.45
2016-08-12,14.0,1.52,8.1,0.0,0.45,2.59,14.19
2016-08-13,18.13,3.47,10.33,0.0,0.45,3.98,16.24
2016-08-14,17.21,3.68,9.67,0.0,0.45,4.76,15.48
2016-08-15,17.83,2.38,9.75,0.0,0.45,4.67,16.56
2016-08-16,22.28,5.15,13.27,0.12,0.45,6.39,15.7
2016-08-17,20.64,8.99,13.76,0.0,0.44,8.01,14.37
2016-08-18,22.56,8.02,15.17,0.0,0.44,7.03,15.1
2016-08-19,21.34,6.3,12.53,12.62,0.45,6.7,4.57
2016-08-20,13.29,2.88,7.56,0.05,0.46,2.85,15.41
2016-08-21,17.07,2.99,9.96,0.0,0.46,3.09,16.6
2016-08-22,12.28,7.21,9.46,7.76,0.46,6.2,5.94
2016-08-23,14.72,5.77,9.14,0.08,0.46,6.11,9.65
2016-08-24,12.51,4.06,8.04,3.53,0.46,5.95,8.98
2016-08-25,13.06,1.12,6.65,0.02,0.46,2.55,15.64
2016-08-26,14.59,0.83,7.63,0.01,0.46,2.1,17.23
2016-08-27,15.64,1.31,8.72,0.0,0.46,1.6,18.02
2016-08-28,16.85,3.24,9.86,0.0,0.45,1.73,17.9
2016-08-29,20.07,7.19,12.68,0.0,0.45,3.88,11.76
2016-08-30,18.99,9.73,14.02,5.21,0.45,7.8,6.35
2016-08-31,20.48,12.73,15.62,5.15,0.47,11.29,15.43
2016-09-01,21.04,9.12,15.19,0.01,0.46,7.69,14.72
2016-09-02,13.39,10.31,12.13,24.62,0.48,9.72,3.8
2016-09-03,17.28,6.94,11.74,0.43,0.5,6.78,14.68
2016-09-04,14.85,6.11,9.82,0.63,0.49,5.89,13.64
2016-09-05,17.53,4.15,10.92,0.0,0.48,6.54,19.5
2016-09-06,20.58,4.95,12.79,0.12,0.48,7.8,18.99
2016-09-07,22.28,9.07,14.96,0.0,0.47,9.15,18.26
2016-09-08,24.25,10.84,17.08,0.0,0.47,10.68,16.07
2016-09-09,19.34,10.98,14.96,34.32,0.49,11.4,4.32
2016-09-10,17.51,7.44,11.79,1.29,0.52,7.68,17.76
2016-09-11,18.96,6.52,12.76,0.01,0.51,6.88,14.82
2016-09-12,20.0,8.2,14.06,0.18,0.5,8.23,19.78
2016-09-13,21.26,8.85,14.56,0.77,0.5,9.35,10.52
2016-09-14,17.17,7.83,13.18,0.23,0.49,7.06,18.84
2016-09-15,16.48,6.6,10.65,1.43,0.49,6.76,12.96
2016-09-16,18.51,8.92,13.15,0.27,0.49,8.36,16.01
2016-09-17,21.48,8.98,14.67,0.0,0.48,8.2,18.8
2016-09-18,16.14,8.52,12.27,14.52,0.5,10.21,5.68
2016-09-19,16.15,5.19,10.3,0.03,0.5,4.45,20.84
2016-09-20,17.54,5.31,11.92,1.04,0.5,6.18,12.44
2016-09-21,18.25,10.22,14.56,9.82,0.51,11.13,10.37
2016-09-22,16.47,7.98,11.58,0.14,0.51,7.57,16.1
2016-09-23,18.8,4.94,12.1,0.0,0.5,7.32,22.77
2016-09-24,21.62,6.86,14.86,0.63,0.5,7.24,18.3
2016-09-25,17.96,8.2,12.43,0.63,0.49,7.23,20.36
2016-09-26,19.13,7.15,12.87,0.11,0.49,3.86,20.3
2016-09-27,17.46,6.3,11.74,0.16,0.48,4.87,23.23
2016-09-28,21.61,4.49,14.04,1.43,0.48,4.74,24.1
2016-09-29,16.06,8.95,12.88,5.49,0.48,5.45,19.7
2016-09-30,16.41,7.41,11.07,10.13,0.49,7.25,14.31
2016-10-01,19.19,8.29,13.11,0.37,0.5,7.23,20.06
2016-10-02,25.99,7.71,16.98,1.24,0.49,6.32,22.6
2016-10-03,16.86,8.59,12.82,2.76,0.49,5.86,21.87
2016-10-04,19.24,6.07,12.32,1.2,0.48,5.6,22.88
2016-10-05,20.28,3.81,11.99,0.0,0.48,3.43,25.52
2016-10-06,25.81,8.12,16.73,0.03,0.47,7.36,25.28
2016-10-07,28.8,12.02,19.53,0.0,0.47,6.84,21.86
2016-10-08,23.22,9.73,16.47,0.0,0.46,8.28,24.81
2016-10-09,28.21,9.11,18.66,0.0,0.46,9.07,20.82
2016-10-10,19.38,9.39,14.43,0.7,0.45,8.15,6.65
2016-10-11,17.29,4.85,11.06,0.0,0.45,3.03,22.15
2016-10-12,17.32,5.05,11.72,0.06,0.45,5.72,17.22
2016-10-13,19.11,5.81,11.96,0.0,0.45,4.17,27.93
2016-10-14,23.17,5.07,14.41,0.0,0.45,5.22,27.18
2016-10-15,26.46,8.03,17.41,0.0,0.44,5.14,26.9
2016-10-16,28.64,11.83,20.03,6.56,0.44,9.64,17.49
2016-10-17,18.71,9.01,12.89,2.31,0.45,6.07,22.89
2016-10-18,21.75,7.07,14.25,0.06,0.44,5.24,22.47
2016-10-19,18.74,5.45,12.36,0.0,0.44,2.23,28.83
2016-10-20,24.34,6.14,15.49,0.0,0.43,3.15,28.38
2016-10-21,28.15,10.76,18.1,1.04,0.43,6.73,15.96
2016-10-22,17.44,7.21,11.85,0.71,0.43,2.79,27.59
2016-10-23,19.54,4.71,11.69,0.01,0.43,3.12,29.0
2016-10-24,21.04,3.31,13.15,0.0,0.42,3.1,29.59
2016-10-25,27.08,7.84,18.32,0.0,0.42,3.13,29.62
2016-10-26,28.78,14.45,20.73,0.0,0.42,5.37,21.0
2016-10-27,24.61,11.66,17.31,0.0,0.41,7.12,29.3
2016-10-28,26.39,7.11,16.96,0.0,0.41,5.78,29.95
2016-10-29,31.95,10.75,22.58,0.0,0.41,12.04,29.06
2016-10-30,28.27,12.87,22.2,0.08,0.4,10.22,12.22
2016-10-31,19.91,5.77,13.67,0.0,0.4,-0.58,31.11
2016-11-01,22.8,8.33,15.86,0.0,0.4,1.95,28.98
2016-11-02,23.33,8.24,16.14,0.0,0.4,4.11,30.6
2016-11-03,27.34,12.64,20.04,0.0,0.39,3.14,31.14
2016-11-04,30.82,11.41,21.74,0.0,0.39,2.71,31.3
2016-11-05,21.73,10.2,15.77,0.0,0.39,2.55,30.11
2016-11-06,25.01,8.43,17.44,0.0,0.39,4.94,30.27
2016-11-07,32.44,13.63,23.18,0.0,0.38,5.54,26.75
2016-11-08,26.09,15.45,20.18,0.15,0.38,11.14,12.96
2016-11-09,28.22,12.64,20.26,0.02,0.38,9.54,25.92
2016-11-10,29.75,12.66,21.95,0.11,0.38,7.83,28.77
2016-11-11,34.71,15.34,25.77,17.9,0.38,10.35,28.54
2016-11-12,28.91,16.5,23.19,0.56,0.4,10.16,31.16
2016-11-13,21.12,12.2,16.16,0.07,0.4,7.25,17.71
2016-11-14,21.78,10.8,15.11,0.33,0.39,6.11,19.71
2016-11-15,24.37,8.68,16.56,0.0,0.39,5.73,30.75
2016-11-16,29.16,11.1,20.39,0.0,0.39,8.09,31.66
2016-11-17,33.35,14.2,24.21,0.0,0.38,8.21,32.06
2016-11-18,36.45,17.43,26.98,0.0,0.38,9.31,26.99
2016-11-19,33.49,18.6,26.48,0.02,0.37,13.9,21.31
2016-11-20,33.78,21.18,26.92,0.0,0.37,15.65,22.55
2016-11-21,38.9,22.32,30.25,0.0,0.37,8.14,30.84
2016-11-22,36.92,19.7,27.68,4.29,0.37,11.27,23.67
2016-11-23,23.86,12.36,18.17,2.27,0.37,6.87,21.47
2016-11-24,24.06,7.73,16.01,0.12,0.37,2.81,32.92
2016-11-25,25.82,10.09,18.07,0.0,0.37,4.67,32.87
2016-11-26,26.84,10.06,18.53,0.0,0.36,4.65,33.63
2016-11-27,28.03,10.76,19.82,0.0,0.36,5.94,33.39
2016-11-28,31.4,16.54,23.91,0.0,0.36,2.27,33.67
2016-11-29,33.24,17.37,26.03,0.0,0.36,4.02,27.43
2016-11-30,34.4,17.09,24.91,0.0,0.35,5.78,29.87
2016-12-01,33.24,17.54,25.36,0.0,0.35,8.32,31.7
2016-12-02,30.75,18.12,24.8,0.0,0.35,11.94,17.64
2016-12-03,36.42,18.26,28.19,0.0,0.35,13.18,31.88
2016-12-04,32.9,21.55,27.85,0.01,0.35,17.05,14.87
2016-12-05,37.62,21.88,28.69,0.13,0.35,16.82,13.28
2016-12-06,26.02,17.32,22.16,1.58,0.35,12.21,11.56
2016-12-07,32.01,13.37,23.82,0.0,0.35,4.62,33.4
2016-12-08,34.95,14.83,23.81,5.28,0.35,6.42,18.12
2016-12-09,24.07,10.59,16.96,0.11,0.35,3.2,33.51
2016-12-10,28.05,10.29,19.49,0.0,0.35,3.83,32.69
2016-12-11,31.96,13.44,23.31,0.0,0.35,5.43,33.99
2016-12-12,37.23,16.17,27.61,0.0,0.34,4.68,33.17
2016-12-13,39.13,19.65,30.61,0.0,0.34,7.72,27.98
2016-12-14,28.55,18.46,23.17,14.34,0.36,15.01,7.95
2016-12-15,29.22,16.1,22.13,5.85,0.37,10.46,13.9
2016-12-16,28.15,17.05,22.14,16.96,0.39,15.76,14.71
2016-12-17,29.79,16.18,22.82,0.0,0.39,9.03,33.38
2016-12-18,26.42,10.76,18.66,0.0,0.38,0.68,35.16
2016-12-19,32.07,12.25,23.16,0.0,0.37,4.92,34.12
2016-12-20,32.69,17.8,25.02,0.01,0.36,7.08,29.63
2016-12-21,29.45,13.14,21.63,0.0,0.36,5.31,32.91
2016-12-22,32.62,13.71,23.68,0.0,0.36,7.39,33.98
2016-12-23,36.62,17.29,27.42,0.0,0.35,9.12,33.49
2016-12-24,37.5,22.64,29.64,0.03,0.35,9.85,16.7
2016-12-25,36.82,20.76,29.17,0.0,0.35,13.87,32.09
2016-12-26,38.79,23.35,31.37,0.03,0.35,14.54,27.41
2016-12-27,39.05,26.1,32.62,0.0,0.34,14.16,28.84
2016-12-28,38.61,26.05,32.34,0.0,0.34,13.45,15.02
2016-12-29,33.3,26.64,29.92,3.85,0.34,18.63,9.77
2016-12-30,35.74,24.53,29.22,2.37,0.35,18.96,24.64
2016-12-31,36.19,19.99,28.11,0.0,0.35,13.09,33.11
2017-01-01,35.4,22.1,27.54,0.16,0.34,10.39,20.26
2017-01-02,31.68,16.51,24.01,0.12,0.34,8.63,34.0
2017-01-03,34.82,15.97,26.27,0.0,0.34,10.12,32.88
2017-01-04,33.88,21.01,27.61,0.0,0.34,12.66,27.64
2017-01-05,36.44,20.99,28.77,0.0,0.34,11.4,29.34
2017-01-06,37.65,21.83,30.03,0.0,0.34,11.81,31.6
2017-01-07,37.63,22.16,30.37,0.02,0.33,12.14,29.79
2017-01-08,35.86,25.0,31.62,0.0,0.33,14.58,24.81
2017-01-09,38.79,27.02,32.14,0.05,0.33,16.3,16.68
2017-01-10,39.64,24.73,32.19,0.02,0.33,17.06,17.0
2017-01-11,39.33,24.68,31.6,0.01,0.33,13.36,29.2
2017-01-12,39.47,20.17,30.22,0.0,0.33,6.98,33.12
2017-01-13,44.72,23.28,32.86,3.12,0.33,12.99,16.39
2017-01-14,29.89,17.74,23.45,0.08,0.33,7.39,33.49
2017-01-15,33.2,15.62,24.1,0.0,0.33,5.0,34.11
2017-01-16,39.17,16.16,28.02,0.0,0.33,2.32,34.07
2017-01-17,44.15,23.32,34.1,0.0,0.33,8.53,30.38
2017-01-18,39.9,22.09,31.19,0.0,0.32,7.12,31.96
2017-01-19,38.38,19.62,29.37,0.0,0.32,6.83,30.98
2017-01-20,32.5,19.71,27.68,5.62,0.33,14.97,16.61
2017-01-21,32.21,13.31,22.73,0.0,0.33,6.04,33.59
2017-01-22,37.56,15.85,27.82,0.0,0.33,7.62,32.99
2017-01-23,40.05,25.91,33.4,1.96,0.33,15.49,21.84
2017-01-24,29.16,21.2,26.75,1.65,0.33,15.21,18.86
2017-01-25,33.22,17.07,25.43,0.0,0.33,6.99,21.57
2017-01-26,33.64,16.62,25.56,0.0,0.33,5.52,32.35
2017-01-27,37.06,16.76,27.35,0.0,0.32,6.12,32.22
2017-01-28,39.07,20.05,29.75,0.0,0.32,3.84,32.14
2017-01-29,40.97,21.43,31.79,0.02,0.32,4.37,31.7
2017-01-30,44.1,23.61,33.95,0.21,0.32,9.12,28.21
2017-01-31,36.68,25.04,30.26,0.0,0.32,15.89,27.48
2017-02-01,33.24,22.41,27.59,0.28,0.32,11.03,20.57
2017-02-02,30.57,21.03,24.96,0.0,0.32,10.84,21.19
2017-02-03,34.86,17.9,26.41,0.0,0.32,5.5,28.1
2017-02-04,39.63,21.48,31.01,0.0,0.32,9.04,25.73
2017-02-05,43.09,26.17,34.58,1.6,0.32,17.72,19.48
2017-02-06,37.44,23.59,29.76,1.64,0.32,18.13,26.22
2017-02-07,35.71,23.25,29.03,0.59,0.32,18.08,23.4
2017-02-08,39.99,22.69,31.58,0.0,0.32,16.25,29.6
2017-02-09,42.52,24.92,34.19,0.0,0.32,15.46,29.45
2017-02-10,46.03,28.43,37.52,0.0,0.31,11.85,28.97
2017-02-11,46.42,30.97,38.06,0.03,0.31,11.25,26.45
2017-02-12,31.84,17.73,25.79,0.01,0.31,9.9,22.99
2017-02-13,28.37,13.46,20.91,0.0,0.31,4.73,30.3
2017-02-14,31.16,14.51,22.81,0.0,0.31,5.26,29.83
2017-02-15,34.75,14.97,25.37,0.0,0.31,4.03,28.67
2017-02-16,38.22,19.37,29.42,0.0,0.31,0.04,27.87
2017-02-17,36.63,23.05,29.17,0.0,0.31,6.63,24.62
2017-02-18,26.88,16.51,21.84,0.0,0.31,4.54,27.7
2017-02-19,24.66,11.96,18.62,0.0,0.31,2.57,29.38
2017-02-20,24.86,12.01,18.11,0.0,0.31,1.48,29.48
2017-02-21,29.72,11.79,20.99,0.0,0.31,0.51,29.28
2017-02-22,38.01,15.82,26.88,0.0,0.31,-0.27,29.18
2017-02-23,38.28,18.6,28.51,0.0,0.31,3.42,28.69
2017-02-24,34.7,18.43,26.36,0.0,0.31,5.01,28.5
2017-02-25,33.36,14.17,23.88,0.0,0.31,4.43,28.47
2017-02-26,34.42,18.45,26.58,0.0,0.31,10.52,26.1
2017-02-27,33.6,19.52,26.17,0.0,0.31,8.31,27.69
2017-02-28,34.28,19.5,26.88,0.0,0.3,9.7,26.99
2017-03-01,35.24,21.84,28.19,0.0,0.3,10.82,26.71
2017-03-02,36.78,21.36,28.92,0.0,0.3,9.26,25.06
2017-03-03,34.78,21.41,27.89,1.77,0.3,13.32,24.52
2017-03-04,29.63,21.02,25.1,0.14,0.31,15.12,23.4
2017-03-05,33.12,17.96,25.45,0.0,0.31,11.94,23.33
2017-03-06,33.86,17.85,25.95,0.0,0.31,7.95,25.22
2017-03-07,33.11,18.95,25.73,0.0,0.31,6.7,23.62
2017-03-08,31.56,17.23,23.98,0.0,0.3,7.63,26.1
2017-03-09,30.79,16.71,23.33,0.0,0.3,7.56,25.65
2017-03-10,33.36,15.76,25.49,0.0,0.3,6.11,24.11
2017-03-11,35.53,21.58,28.7,0.0,0.3,7.08,25.39
2017-03-12,35.94,18.82,26.81,1.95,0.3,4.76,17.48
2017-03-13,28.86,16.92,21.97,13.8,0.32,13.11,14.85
2017-03-14,28.38,18.52,23.19,7.84,0.34,16.3,23.29
2017-03-15,32.6,18.46,25.36,0.05,0.34,14.85,23.63
2017-03-16,33.69,19.79,26.4,0.0,0.33,15.93,17.94
2017-03-17,33.21,17.83,25.1,0.0,0.33,11.48,24.23
2017-03-18,31.39,17.72,24.59,0.0,0.32,14.31,20.67
2017-03-19,33.73,19.62,26.64,0.03,0.32,16.54,15.63
2017-03-20,27.98,21.04,24.52,1.51,0.32,18.08,13.2
2017-03-21,32.82,20.73,26.57,2.11,0.32,18.85,17.63
2017-03-22,34.45,20.87,27.1,4.41,0.33,18.31,19.45
2017-03-23,32.48,21.66,26.5,4.56,0.33,18.7,20.65
2017-03-24,34.52,19.1,26.38,0.0,0.33,16.8,18.22
2017-03-25,34.54,20.04,26.78,0.0,0.33,16.6,19.94
2017-03-26,35.22,21.43,27.97,0.0,0.33,15.87,19.15
2017-03-27,39.59,20.79,29.02,0.03,0.32,14.63,20.2
2017-03-28,28.62,15.8,21.3,0.03,0.32,4.46,22.66
2017-03-29,34.73,14.49,24.22,0.0,0.32,3.3,22.64
2017-03-30,20.91,11.88,16.25,0.0,0.32,3.37,21.5
2017-03-31,21.88,8.52,14.77,0.0,0.32,1.71,22.53
2017-04-01,24.03,8.71,16.08,0.0,0.32,2.86,21.84
2017-04-02,25.15,9.17,16.8,0.0,0.32,3.12,21.83
2017-04-03,26.58,11.76,18.84,0.0,0.32,7.36,20.16
2017-04-04,26.16,12.08,18.83,0.0,0.32,7.7,20.94
2017-04-05,25.76,12.79,18.79,0.0,0.32,7.62,18.95
2017-04-06,24.69,14.23,18.77,0.24,0.32,9.67,18.63
2017-04-07,27.8,12.32,19.94,0.0,0.32,9.47,19.66
2017-04-08,28.27,15.29,21.78,0.01,0.32,9.28,16.07
2017-04-09,21.04,11.49,17.66,0.86,0.32,5.59,11.79
2017-04-10,20.78,8.84,14.18,0.01,0.32,4.12,17.48
2017-04-11,23.23,7.48,14.88,0.0,0.32,4.88,19.53
2017-04-12,26.26,9.35,17.68,0.0,0.32,7.48,19.11
2017-04-13,27.56,11.68,19.23,0.0,0.32,7.15,18.83
2017-04-14,27.23,13.64,19.14,0.0,0.32,4.3,19.43
2017-04-15,26.96,10.7,18.5,0.0,0.31,4.14,18.89
2017-04-16,29.47,13.7,20.5,0.0,0.31,3.77,17.61
2017-04-17,29.81,12.29,21.02,0.0,0.31,6.32,16.25
2017-04-18,30.6,13.63,22.18,0.0,0.31,7.65,16.15
2017-04-19,28.81,16.22,21.93,0.0,0.31,8.11,17.51
2017-04-20,28.37,14.23,20.99,0.5,0.31,8.37,13.61
2017-04-21,23.85,16.23,19.18,6.09,0.32,11.82,4.09
2017-04-22,24.3,15.91,19.73,1.1,0.33,13.52,10.22
2017-04-23,26.6,15.6,20.82,0.0,0.32,11.61,13.15
2017-04-24,25.5,16.14,20.58,0.23,0.32,13.18,9.57
2017-04-25,22.25,14.5,18.56,0.76,0.32,12.97,9.65
2017-04-26,14.25,9.21,12.45,2.16,0.33,5.77,12.0
2017-04-27,16.02,5.35,10.3,0.0,0.33,2.38,15.6
2017-04-28,19.29,4.93,11.64,0.0,0.32,5.43,10.61
2017-04-29,21.82,7.13,13.97,0.0,0.32,8.81,10.32
2017-04-30,21.89,8.95,15.34,0.0,0.32,8.79,12.32
2017-05-01,23.26,11.9,16.54,0.0,0.32,7.24,12.03
2017-05-02,18.84,8.18,13.33,0.0,0.32,5.23,13.04
2017-05-03,18.53,5.13,11.17,0.0,0.32,1.8,16.33
2017-05-04,22.92,6.63,14.0,0.0,0.32,6.89,15.24
2017-05-05,24.65,9.98,16.76,0.0,0.32,10.4,13.78
2017-05-06,24.47,12.84,16.96,0.02,0.32,4.47,13.55
2017-05-07,18.04,6.04,11.35,0.17,0.32,2.17,15.62
2017-05-08,17.7,4.21,10.04,0.0,0.32,1.61,15.33
2017-05-09,20.67,4.98,11.44,0.0,0.32,3.08,14.69
2017-05-10,21.99,4.54,12.28,0.0,0.32,1.46,14.83
2017-05-11,20.64,6.93,12.64,0.0,0.32,4.07,12.44
2017-05-12,20.22,8.38,13.39,0.0,0.32,5.32,9.97
2017-05-13,23.58,8.17,14.95,0.0,0.32,5.21,13.33
2017-05-14,20.93,10.33,14.68,0.0,0.32,8.06,12.22
2017-05-15,19.13,7.02,12.94,0.02,0.32,7.38,14.1
2017-05-16,20.32,8.46,13.74,0.23,0.32,4.95,13.79
2017-05-17,22.15,9.91,15.27,0.0,0.32,3.87,8.42
2017-05-18,23.38,10.56,16.76,0.41,0.32,8.23,7.45
2017-05-19,17.77,12.55,15.68,8.93,0.33,11.89,6.42
2017-05-20,21.2,8.21,14.88,0.19,0.33,8.27,10.76
2017-05-21,20.99,8.14,13.96,0.0,0.33,5.87,12.8
2017-05-22,22.95,7.42,14.22,0.0,0.33,5.74,12.82
2017-05-23,24.53,9.58,16.13,1.82,0.33,9.29,6.7
2017-05-24,19.29,8.65,13.31,0.03,0.33,8.41,11.62
2017-05-25,19.38,8.15,12.89,0.0,0.33,7.05,11.31
2017-05-26,19.73,8.24,13.57,0.0,0.33,7.24,12.62
2017-05-27,20.6,6.78,13.03,0.0,0.33,6.19,12.63
2017-05-28,17.1,9.19,12.3,0.36,0.33,5.02,11.51
2017-05-29,14.55,5.18,8.98,0.07,0.33,2.76,12.51
2017-05-30,13.68,4.15,8.53,0.35,0.33,3.29,8.06
2017-05-31,13.62,1.99,6.73,0.01,0.33,1.53,12.91
2017-06-01,15.98,1.61,7.28,0.0,0.33,1.55,12.86
2017-06-02,16.51,0.92,7.32,0.0,0.33,1.31,12.79
2017-06-03,17.06,0.82,7.71,0.0,0.33,1.42,12.51
2017-06-04,15.45,1.84,7.43,0.0,0.32,1.52,12.13
2017-06-05,14.29,2.01,7.22,0.01,0.32,2.98,11.7
2017-06-06,14.71,4.34,8.69,0.16,0.32,3.44,11.33
2017-06-07,15.43,2.55,7.37,0.0,0.32,0.82,12.41
2017-06-08,16.77,2.0,8.14,0.0,0.32,1.6,12.37
2017-06-09,12.36,2.62,7.43,0.29,0.32,4.66,9.81
2017-06-10,19.73,7.3,11.75,1.18,0.33,7.59,10.05
2017-06-11,20.4,7.19,12.42,0.03,0.33,7.33,10.92
2017-06-12,16.41,4.93,9.68,0.0,0.33,6.25,10.92
2017-06-13,17.81,4.84,9.71,0.0,0.33,4.96,10.65
2017-06-14,20.9,4.14,12.13,0.0,0.32,4.68,11.84
2017-06-15,18.13,6.56,11.41,0.0,0.32,7.25,7.56
2017-06-16,16.93,7.85,10.96,0.0,0.32,6.25,5.21
2017-06-17,17.92,7.38,11.45,0.0,0.32,6.07,8.61
2017-06-18,17.93,3.85,9.34,0.0,0.32,3.58,11.72
2017-06-19,18.29,2.77,9.1,0.0,0.32,2.48,11.61
2017-06-20,18.66,1.99,8.83,0.0,0.32,2.09,12.19
2017-06-21,17.08,3.01,8.31,0.13,0.32,2.99,11.93
2017-06-22,17.85,2.35,9.21,0.0,0.32,3.07,11.29
2017-06-23,19.9,4.87,11.25,0.0,0.32,1.73,10.02
2017-06-24,17.91,5.15,10.26,0.0,0.32,3.76,11.16
2017-06-25,18.49,3.96,10.27,0.0,0.32,5.1,9.19
2017-06-26,16.12,4.29,9.02,0.0,0.32,4.35,11.61
2017-06-27,14.49,3.51,8.45,0.0,0.32,2.98,4.59
2017-06-28,16.98,6.05,10.67,0.04,0.32,2.65,8.7
2017-06-29,15.94,3.86,9.03,0.01,0.32,2.63,10.26
2017-06-30,13.62,2.41,6.75,0.0,0.32,0.73,12.0
2017-07-01,14.59,-1.3,5.51,0.0,0.32,-3.65,12.2
2017-07-02,17.85,0.17,7.94,0.0,0.32,-3.44,12.41
2017-07-03,20.58,7.31,12.68,0.61,0.32,3.33,8.68
2017-07-04,16.67,6.11,11.02,0.33,0.32,2.25,10.21
2017-07-05,15.07,6.87,10.4,0.33,0.32,5.06,9.45
2017-07-06,15.42,6.1,10.31,1.33,0.32,4.87,10.8
2017-07-07,16.17,3.19,8.58,0.09,0.32,1.02,11.13
2017-07-08,14.13,4.42,8.48,0.0,0.32,3.63,10.25
2017-07-09,16.3,2.28,8.41,0.09,0.32,1.72,9.73
2017-07-10,16.28,4.29,9.65,0.12,0.32,4.04,10.24
2017-07-11,16.51,4.78,9.3,0.03,0.32,2.2,11.92
2017-07-12,16.99,3.02,8.48,0.0,0.32,2.12,11.93
2017-07-13,18.12,4.01,10.13,0.25,0.32,2.47,12.12
2017-07-14,13.44,7.06,9.85,1.07,0.32,4.5,9.01
2017-07-15,14.42,2.68,8.07,0.0,0.32,2.17,10.03
2017-07-16,13.31,0.99,7.39,0.0,0.32,0.43,9.22
2017-07-17,19.49,5.43,11.22,0.03,0.32,0.77,10.0
2017-07-18,15.71,5.46,10.13,0.28,0.32,3.48,11.37
2017-07-19,14.11,6.56,10.01,1.71,0.32,6.3,7.59
2017-07-20,13.89,3.27,7.45,0.01,0.32,1.91,13.08
2017-07-21,14.72,1.32,8.05,0.0,0.32,-1.77,12.95
2017-07-22,16.39,0.01,7.43,0.13,0.32,-3.52,13.13
2017-07-23,20.61,5.9,11.64,0.0,0.32,-1.69,13.03
2017-07-24,17.96,4.09,10.39,0.0,0.32,4.2,13.24
2017-07-25,23.17,5.3,13.99,0.0,0.32,1.53,13.02
2017-07-26,18.08,7.34,11.72,0.0,0.32,5.39,13.18
2017-07-27,16.85,3.51,10.56,0.11,0.32,2.93,12.13
2017-07-28,17.18,5.81,11.3,0.24,0.32,3.03,13.92
2017-07-29,24.64,3.95,13.87,0.0,0.32,-0.26,13.83
2017-07-30,18.59,10.02,14.21,0.11,0.32,4.4,5.76
2017-07-31,15.59,7.18,10.75,1.02,0.32,5.94,11.03
2017-08-01,18.02,4.08,10.09,0.0,0.32,1.52,13.79
2017-08-02,17.45,2.16,9.37,0.0,0.32,0.9,14.85
2017-08-03,13.75,7.79,9.85,8.23,0.33,5.72,1.92
2017-08-04,12.18,6.75,8.8,3.01,0.34,4.82,7.58
2017-08-05,15.3,4.21,9.28,0.04,0.34,2.61,13.49
2017-08-06,15.95,5.15,9.88,0.95,0.34,3.01,11.26
2017-08-07,13.37,5.09,9.03,3.1,0.34,4.57,12.07
2017-08-08,15.03,2.15,8.12,0.8,0.34,2.38,15.45
2017-08-09,18.35,3.77,10.82,0.0,0.34,1.99,15.5
2017-08-10,23.98,6.86,14.46,0.13,0.34,-1.08,13.75
2017-08-11,18.02,6.07,12.5,0.0,0.34,2.3,14.8
2017-08-12,18.18,2.59,10.15,0.0,0.33,1.32,15.59
2017-08-13,20.57,4.1,11.97,0.0,0.33,-1.55,16.63
2017-08-14,22.09,8.32,14.34,0.0,0.33,1.5,7.5
2017-08-15,26.51,13.06,18.42,0.04,0.33,4.76,7.24
2017-08-16,18.56,7.91,13.19,1.24,0.33,4.63,15.08
2017-08-17,18.91,5.81,11.89,0.29,0.33,1.69,16.73
2017-08-18,14.73,6.04,9.96,0.22,0.33,2.13,13.52
2017-08-19,13.26,3.42,7.04,0.02,0.33,1.38,16.05
2017-08-20,16.57,-0.52,7.79,0.0,0.33,-2.07,17.13
2017-08-21,17.14,5.14,10.65,0.4,0.33,1.71,10.42
2017-08-22,21.31,4.06,11.57,0.0,0.33,1.41,17.18
2017-08-23,19.49,6.79,11.87,0.0,0.33,1.62,16.93
2017-08-24,16.34,6.27,10.43,0.02,0.33,3.0,18.11
2017-08-25,17.74,3.0,9.29,0.0,0.33,1.06,18.09
2017-08-26,17.96,2.34,9.9,0.0,0.33,-0.9,18.6
2017-08-27,15.0,2.95,8.17,0.01,0.33,0.53,12.26
2017-08-28,14.15,-0.3,6.25,0.0,0.33,-3.14,19.12
2017-08-29,15.69,2.06,8.19,0.08,0.33,-1.65,14.19
2017-08-30,17.02,1.14,8.55,0.05,0.33,1.77,18.41
2017-08-31,18.99,2.81,9.64,0.0,0.33,-1.09,19.72
2017-09-01,21.42,1.71,11.5,0.0,0.32,-3.51,19.72
2017-09-02,24.36,6.75,15.81,0.0,0.32,-3.08,15.39
2017-09-03,20.34,8.13,14.95,0.0,0.32,-0.1,17.0
2017-09-04,16.92,5.62,11.04,0.01,0.32,1.25,15.89
2017-09-05,14.85,4.19,10.12,0.07,0.32,2.11,14.0
2017-09-06,17.04,5.45,10.61,0.03,0.32,3.47,13.08
2017-09-07,18.59,5.57,12.35,0.01,0.32,3.21,15.42
2017-09-08,17.07,5.73,10.78,0.0,0.32,2.39,17.01
2017-09-09,18.73,2.49,10.26,0.0,0.32,0.46,21.01
2017-09-10,20.45,5.08,12.77,0.0,0.32,0.63,20.67
2017-09-11,26.04,6.51,17.11,0.0,0.32,1.77,19.2
2017-09-12,31.58,15.8,23.12,0.0,0.32,1.66,12.82
2017-09-13,21.05,10.89,16.53,0.73,0.32,3.46,18.96
2017-09-14,16.87,5.84,11.21,0.08,0.32,0.5,19.69
2017-09-15,20.27,5.92,12.75,0.01,0.32,3.26,19.41
2017-09-16,19.26,6.59,12.45,0.0,0.32,0.24,20.9
2017-09-17,20.82,1.99,11.03,0.0,0.32,-3.75,23.48
2017-09-18,27.96,5.82,16.87,0.0,0.32,-5.27,22.73
2017-09-19,19.21,6.21,12.34,0.0,0.32,0.93,23.36
2017-09-20,22.24,5.29,13.55,0.0,0.32,-1.57,22.01
2017-09-21,28.46,8.21,17.74,0.0,0.32,-3.73,22.86
2017-09-22,32.63,11.15,21.44,0.0,0.31,-7.66,23.43
2017-09-23,38.2,16.46,26.66,0.0,0.31,-1.21,18.65
2017-09-24,25.44,13.02,18.51,0.0,0.31,0.61,23.29
2017-09-25,21.69,8.35,14.93,0.0,0.31,2.12,18.97
2017-09-26,25.54,7.59,16.16,0.0,0.31,0.71,23.98
2017-09-27,34.86,11.42,22.9,0.0,0.31,1.29,13.45
2017-09-28,24.25,14.05,18.92,0.0,0.31,5.75,18.69
2017-09-29,23.1,9.54,16.83,0.0,0.31,3.36,21.27
2017-09-30,22.69,11.12,15.81,0.0,0.31,0.88,19.0
2017-10-01,23.69,8.23,15.45,0.0,0.31,-0.04,25.49
2017-10-02,24.95,7.66,16.45,0.0,0.31,1.11,25.47
2017-10-03,28.58,9.26,19.13,0.0,0.31,0.16,25.74
2017-10-04,30.66,11.02,21.67,0.0,0.31,1.79,24.42
2017-10-05,33.06,17.18,24.06,0.0,0.31,5.93,20.92
2017-10-06,23.77,9.53,16.5,0.0,0.31,1.63,25.4
2017-10-07,28.71,10.47,19.71,0.09,0.31,4.25,21.18
2017-10-08,28.7,16.38,21.71,7.27,0.31,12.73,13.13
2017-10-09,27.46,13.49,21.01,1.05,0.32,10.95,24.41
2017-10-10,27.31,9.34,18.48,0.03,0.32,1.94,27.11
2017-10-11,31.58,13.95,21.58,11.58,0.32,5.44,14.63
2017-10-12,22.17,9.85,15.63,2.6,0.34,5.59,27.2
2017-10-13,24.85,10.46,17.72,0.0,0.34,4.88,25.29
2017-10-14,26.85,10.0,18.52,0.0,0.33,7.78,27.09
2017-10-15,29.79,12.93,21.22,0.0,0.33,9.38,25.14
2017-10-16,30.66,15.32,22.06,0.0,0.33,4.75,27.7
2017-10-17,31.66,14.64,22.75,0.0,0.32,6.17,26.86
2017-10-18,32.46,16.4,24.55,0.0,0.32,8.61,27.06
2017-10-19,29.55,20.11,23.46,17.87,0.33,16.97,10.63
2017-10-20,24.88,12.73,18.31,0.1,0.35,5.04,28.5
2017-10-21,24.83,7.7,16.38,0.0,0.35,3.25,28.15
2017-10-22,23.39,8.24,16.07,0.0,0.34,5.2,28.31
2017-10-23,26.71,9.21,18.41,0.0,0.34,5.13,28.94
2017-10-24,30.28,13.5,22.38,0.0,0.34,4.71,25.89
2017-10-25,33.32,18.32,24.88,0.06,0.33,6.95,18.6
2017-10-26,26.22,13.78,19.18,4.47,0.33,10.52,18.89
2017-10-27,29.41,10.05,20.04,0.0,0.34,6.23,29.71
2017-10-28,31.8,16.5,23.93,3.36,0.34,8.61,16.1
2017-10-29,30.31,15.77,22.98,0.01,0.34,8.33,29.69
2017-10-30,20.36,8.81,15.21,0.84,0.34,3.04,22.57
2017-10-31,20.84,6.64,13.68,0.0,0.33,0.12,30.3
2017-11-01,24.55,8.28,16.65,0.0,0.33,5.18,26.99
2017-11-02,27.34,9.49,18.89,0.0,0.33,5.64,29.01
2017-11-03,21.69,14.38,17.92,0.01,0.33,6.2,17.76
2017-11-04,23.97,9.46,16.27,0.0,0.33,-1.41,27.12
2017-11-05,28.77,6.99,19.04,0.0,0.33,-3.48,29.94
2017-11-06,24.29,12.79,17.74,4.1,0.33,3.79,26.71
2017-11-07,24.03,6.77,15.73,0.0,0.33,2.01,31.49
2017-11-08,28.44,7.75,18.73,0.0,0.33,2.13,31.17
2017-11-09,31.06,11.47,21.69,0.0,0.33,3.93,31.0
2017-11-10,31.47,15.91,23.51,0.0,0.33,4.01,22.84
2017-11-11,33.81,17.59,25.3,0.0,0.32,5.24,28.28
2017-11-12,34.03,17.3,25.89,0.0,0.32,5.71,23.03
2017-11-13,34.57,18.84,26.71,0.0,0.32,5.9,23.94
2017-11-14,35.49,18.43,27.44,0.0,0.32,6.48,26.33
2017-11-15,32.41,20.63,24.96,5.88,0.32,11.0,16.83
2017-11-16,29.21,16.91,22.84,0.27,0.33,12.89,19.33
2017-11-17,30.01,13.32,22.17,0.0,0.33,8.41,30.03
2017-11-18,26.81,15.29,21.65,5.97,0.33,12.57,18.66
2017-11-19,29.66,16.35,23.06,2.16,0.34,13.0,26.54
2017-11-20,31.72,16.71,24.1,0.0,0.33,8.2,28.99
2017-11-21,32.93,16.62,24.52,0.0,0.33,6.46,32.54
2017-11-22,33.73,16.49,25.4,0.0,0.33,6.16,30.91
2017-11-23,34.89,19.02,27.26,0.02,0.32,6.82,25.73
2017-11-24,35.63,20.87,27.94,0.01,0.32,7.15,26.47
2017-11-25,35.82,21.16,28.53,0.28,0.32,9.37,20.36
2017-11-26,35.46,21.75,28.22,1.4,0.32,11.79,18.96
2017-11-27,35.1,21.12,28.07,2.13,0.32,16.31,28.59
2017-11-28,35.9,20.21,28.49,0.3,0.32,14.86,25.15
2017-11-29,33.52,22.97,28.06,0.33,0.32,16.44,27.13
2017-11-30,34.94,20.91,28.51,0.46,0.32,16.14,23.93
2017-12-01,33.57,22.7,27.47,26.0,0.33,18.25,8.46
2017-12-02,22.55,12.98,19.38,28.86,0.41,16.05,10.91
2017-12-03,22.42,9.57,16.17,0.06,0.41,6.94,21.31
2017-12-04,22.18,10.72,16.51,0.18,0.4,6.43,24.24
2017-12-05,21.87,12.13,17.17,4.31,0.39,10.04,23.21
2017-12-06,28.35,13.19,20.86,0.05,0.39,9.34,30.74
2017-12-07,32.69,14.68,23.03,1.08,0.38,6.14,28.01
2017-12-08,24.82,12.53,18.07,0.23,0.38,6.26,30.3
2017-12-09,26.94,10.4,19.53,0.01,0.37,5.44,33.72
2017-12-10,32.35,14.42,23.81,0.0,0.37,9.22,33.11
2017-12-11,34.77,17.07,26.21,0.0,0.36,9.2,33.94
2017-12-12,36.92,17.19,27.49,0.0,0.36,7.8,34.13
2017-12-13,40.56,19.38,31.05,0.0,0.35,8.58,29.55
2017-12-14,37.2,22.26,29.43,0.51,0.35,11.95,18.6
2017-12-15,37.06,21.3,28.79,0.21,0.35,15.68,25.2
2017-12-16,39.09,21.28,30.71,0.01,0.35,14.09,28.81
2017-12-17,40.55,22.4,31.7,0.0,0.35,14.27,31.39
2017-12-18,40.48,24.2,32.76,0.0,0.34,12.99,30.99
2017-12-19,43.36,26.65,34.32,0.43,0.34,13.31,20.48
2017-12-20,30.08,20.34,25.62,0.11,0.34,10.37,17.78
2017-12-21,32.3,16.88,24.68,0.0,0.34,7.28,33.45
2017-12-22,34.62,16.74,26.25,0.0,0.34,3.88,34.62
2017-12-23,38.28,19.99,30.56,0.0,0.33,2.2,33.1
2017-12-24,38.61,21.84,30.58,0.0,0.33,3.66,23.97
2017-12-25,33.4,15.35,24.66,0.0,0.33,5.18,34.5
2017-12-26,35.88,19.01,27.95,0.0,0.33,10.43,32.26
2017-12-27,37.72,20.71,29.79,0.0,0.33,12.88,32.01
2017-12-28,39.33,25.27,32.18,0.0,0.33,12.24,24.36
2017-12-29,37.46,24.0,29.91,9.65,0.33,16.72,12.05
2017-12-30,30.61,20.61,25.58,0.59,0.35,12.45,32.99
2017-12-31,32.88,16.53,25.02,0.0,0.34,10.09,33.67
2018-01-01,34.14,17.94,26.34,0.0,0.34,6.94,34.12
2018-01-02,32.43,17.02,24.82,0.0,0.34,6.93,32.92
2018-01-03,30.81,15.02,23.02,0.01,0.33,5.98,33.48
2018-01-04,35.66,15.65,26.34,0.0,0.33,7.41,33.34
2018-01-05,39.09,20.78,30.51,0.0,0.33,8.77,33.36
2018-01-06,43.47,23.63,34.25,0.0,0.33,8.47,33.23
2018-01-07,46.21,24.95,35.65,0.0,0.33,9.39,26.79
2018-01-08,40.61,25.91,32.3,3.3,0.32,15.96,16.28
2018-01-09,34.05,21.34,28.4,2.3,0.33,13.92,20.69
2018-01-10,35.69,17.29,26.77,0.0,0.33,5.22,31.96
2018-01-11,38.85,21.93,30.73,0.01,0.33,10.57,21.87
2018-01-12,43.56,24.75,33.9,3.41,0.33,14.27,23.92
2018-01-13,27.66,18.4,23.78,0.26,0.33,10.69,27.34
2018-01-14,26.71,12.01,19.36,0.0,0.33,2.58,34.03
2018-01-15,31.99,13.94,23.51,0.0,0.33,4.7,33.06
2018-01-16,33.74,18.05,25.49,0.0,0.32,4.55,33.09
2018-01-17,36.18,17.19,27.29,0.0,0.32,2.64,33.46
2018-01-18,39.51,19.43,29.95,0.0,0.32,0.15,33.86
2018-01-19,42.34,21.99,32.61,0.0,0.32,-1.09,34.4
2018-01-20,42.8,23.26,33.47,0.0,0.32,1.13,32.98
2018-01-21,44.85,25.3,35.3,0.0,0.32,2.64,32.58
2018-01-22,39.74,25.61,32.93,0.0,0.32,9.27,21.97
2018-01-23,41.89,27.17,33.28,0.02,0.32,13.63,20.3
2018-01-24,40.24,25.84,30.31,2.64,0.32,15.63,15.87
2018-01-25,39.32,24.66,31.55,1.29,0.32,14.96,23.44
2018-01-26,41.4,24.25,33.43,0.08,0.32,15.19,25.7
2018-01-27,41.56,27.23,34.29,0.58,0.32,15.04,21.32
2018-01-28,40.8,26.71,33.92,0.01,0.32,16.32,29.2
2018-01-29,39.85,25.46,33.0,0.0,0.32,15.29,29.8
2018-01-30,34.57,17.67,27.42,5.98,0.32,13.61,13.93
2018-01-31,24.66,13.66,19.99,0.0,0.32,5.56,27.38
2018-02-01,29.66,15.27,22.87,0.0,0.32,7.92,20.4
2018-02-02,27.93,19.43,23.02,0.0,0.32,9.21,17.03
2018-02-03,31.83,16.33,25.03,0.0,0.32,8.52,29.33
2018-02-04,32.96,18.49,25.81,0.0,0.32,8.69,30.76
2018-02-05,35.4,19.17,28.04,0.0,0.32,6.88,30.91
2018-02-06,38.45,21.17,30.7,0.0,0.31,6.53,25.69
2018-02-07,40.73,23.9,32.37,0.0,0.31,6.75,26.42
2018-02-08,42.33,24.49,33.51,0.0,0.31,7.48,27.11
2018-02-09,43.09,26.53,34.35,0.01,0.31,9.48,26.09
2018-02-10,44.17,25.4,34.69,0.02,0.31,9.69,21.44
2018-02-11,33.69,21.02,27.96,0.39,0.31,7.51,30.61
2018-02-12,30.09,16.24,23.76,0.01,0.31,5.06,22.09
2018-02-13,34.24,16.9,26.0,0.0,0.31,0.97,30.05
2018-02-14,35.0,18.84,26.95,0.0,0.31,1.12,30.01
2018-02-15,33.46,14.34,24.19,0.0,0.31,-2.87,30.28
2018-02-16,32.79,18.92,25.05,0.0,0.31,6.08,28.55
2018-02-17,35.39,17.17,26.77,0.0,0.31,4.32,28.73
2018-02-18,39.0,20.48,30.15,0.0,0.31,4.18,28.97
2018-02-19,35.4,22.82,28.92,3.64,0.31,10.98,23.1
2018-02-20,33.9,21.49,27.31,0.0,0.31,11.66,28.07
2018-02-21,33.42,18.79,26.27,0.0,0.31,8.86,25.79
2018-02-22,34.59,22.38,29.03,0.0,0.31,8.78,20.01
2018-02-23,33.29,25.29,29.1,0.0,0.31,13.83,16.67
2018-02-24,38.16,23.53,30.84,4.06,0.31,17.96,21.93
2018-02-25,29.46,18.38,24.11,0.12,0.31,8.94,26.58
2018-02-26,30.47,16.37,23.14,0.05,0.31,10.11,27.54
2018-02-27,32.87,16.44,24.2,0.0,0.31,7.15,27.25
2018-02-28,37.6,18.43,27.46,0.0,0.31,7.55,27.25
2018-03-01,31.67,16.89,23.84,0.0,0.31,8.54,27.54
2018-03-02,32.45,16.56,24.92,0.0,0.31,7.1,27.31
2018-03-03,37.05,19.27,28.05,0.0,0.31,6.37,24.29
2018-03-04,34.05,19.68,26.51,0.0,0.31,7.07,26.5
2018-03-05,30.35,17.31,22.93,0.0,0.31,2.18,26.37
2018-03-06,31.72,15.05,23.94,0.0,0.3,9.63,23.6
2018-03-07,32.05,17.75,24.67,0.0,0.3,8.85,25.7
2018-03-08,32.03,18.58,24.79,0.0,0.3,5.76,25.26
2018-03-09,33.64,18.23,25.54,0.0,0.3,7.65,26.27
2018-03-10,33.42,18.43,25.35,0.0,0.3,6.84,25.92
2018-03-11,36.28,17.31,27.66,0.0,0.3,3.55,26.38
2018-03-12,31.7,18.89,24.47,0.0,0.3,3.36,25.27
2018-03-13,30.47,13.75,21.57,0.0,0.3,5.02,25.41
2018-03-14,32.29,14.22,22.9,0.0,0.3,4.41,25.19
2018-03-15,32.81,16.33,24.15,0.0,0.3,5.28,24.25
2018-03-16,33.23,16.7,25.18,0.0,0.3,4.3,21.54
2018-03-17,38.41,18.86,28.8,0.06,0.3,3.92,24.28
2018-03-18,32.06,17.84,26.83,0.0,0.3,5.66,23.61
2018-03-19,29.18,13.0,21.01,0.0,0.3,-1.83,24.29
2018-03-20,30.89,15.12,22.93,0.0,0.3,7.11,23.46
2018-03-21,30.43,19.16,24.37,0.0,0.3,12.49,20.48
2018-03-22,30.26,17.7,23.5,0.0,0.3,10.41,16.75
2018-03-23,29.23,17.9,23.7,0.0,0.3,12.59,17.68
2018-03-24,34.28,20.18,27.02,0.0,0.3,12.45,20.9
2018-03-25,27.28,16.74,22.55,1.76,0.3,11.2,9.63
2018-03-26,21.96,12.19,16.24,0.0,0.3,-0.65,23.44
2018-03-27,26.88,9.81,18.2,0.0,0.3,0.43,22.46
2018-03-28,33.52,13.16,23.89,0.0,0.3,0.29,22.15
2018-03-29,35.63,17.32,25.88,0.0,0.3,1.04,22.5
2018-03-30,30.08,16.02,22.32,0.0,0.3,4.7,22.19
2018-03-31,31.74,13.83,22.19,0.0,0.3,4.53,22.04
2018-04-01,34.28,15.52,24.89,0.0,0.3,4.03,20.16
2018-04-02,31.57,18.57,24.96,0.0,0.3,5.0,20.17
2018-04-03,29.42,13.18,20.75,0.0,0.3,4.66,21.05
2018-04-04,33.22,13.65,23.44,0.0,0.3,8.39,20.24
2018-04-05,33.76,18.32,25.13,0.0,0.3,8.86,19.58
2018-04-06,31.7,15.1,22.48,0.0,0.3,1.41,20.67
2018-04-07,31.09,13.46,21.62,0.0,0.3,3.43,21.03
2018-04-08,34.38,15.36,24.85,0.0,0.3,-0.11,20.81
2018-04-09,35.41,17.24,25.84,0.0,0.3,-0.9,20.04
2018-04-10,37.74,17.43,27.66,0.0,0.3,3.39,19.81
2018-04-11,38.02,19.66,27.76,0.0,0.29,2.42,19.52
2018-04-12,35.28,21.78,27.81,0.2,0.29,8.21,17.56
2018-04-13,31.6,18.7,25.09,0.7,0.3,7.96,14.53
2018-04-14,24.79,15.06,19.99,0.34,0.3,5.62,17.68
2018-04-15,22.91,12.71,17.9,0.02,0.3,8.24,14.79
2018-04-16,25.08,14.15,19.54,0.0,0.3,11.39,12.38
2018-04-17,24.48,13.7,18.24,0.0,0.3,5.42,18.1
2018-04-18,28.24,11.41,19.93,0.0,0.3,6.08,16.85
2018-04-19,30.47,14.88,22.16,0.0,0.3,6.77,17.69
2018-04-20,30.63,15.03,21.82,0.0,0.3,4.97,18.0
2018-04-21,30.96,14.49,21.97,0.0,0.29,5.44,17.56
2018-04-22,30.22,15.94,21.89,0.0,0.29,5.34,17.37
2018-04-23,30.39,16.21,22.07,0.0,0.29,5.14,17.61
2018-04-24,31.1,14.62,22.87,0.0,0.29,3.65,14.38
2018-04-25,30.26,17.86,23.15,0.0,0.29,6.37,9.87
2018-04-26,25.39,13.6,18.5,0.0,0.29,7.59,16.62
2018-04-27,23.73,10.07,16.23,0.0,0.29,2.89,16.42
2018-04-28,25.15,10.27,16.99,0.0,0.29,4.16,16.51
2018-04-29,24.37,10.29,16.48,0.0,0.29,3.84,16.43
2018-04-30,24.39,8.45,15.67,0.0,0.29,1.42,16.21
2018-05-01,25.99,9.46,17.47,0.0,0.29,1.81,14.33
2018-05-02,26.35,14.97,19.99,0.0,0.29,6.88,12.22
2018-05-03,29.58,15.92,21.68,2.78,0.29,7.6,12.58
2018-05-04,19.53,10.23,15.51,1.27,0.3,6.95,15.23
2018-05-05,20.89,6.97,13.44,0.0,0.3,4.49,15.31
2018-05-06,22.6,8.2,14.67,0.0,0.3,5.43,15.32
2018-05-07,25.34,7.96,15.74,0.0,0.3,-0.28,15.28
2018-05-08,25.21,11.58,16.89,0.0,0.3,-1.05,15.2
2018-05-09,23.43,11.1,15.77,0.0,0.3,-0.26,14.06
2018-05-10,16.43,8.62,12.0,1.49,0.3,2.87,13.59
2018-05-11,14.34,7.55,10.85,5.75,0.31,5.81,7.25
2018-05-12,18.49,7.52,12.2,0.04,0.31,4.66,13.83
2018-05-13,20.26,7.81,12.64,0.0,0.31,6.15,14.41
2018-05-14,20.72,5.74,12.19,0.0,0.31,4.45,14.53
2018-05-15,17.6,7.07,11.43,0.0,0.31,4.74,12.46
2018-05-16,18.9,5.16,10.96,0.0,0.3,3.87,14.3
2018-05-17,17.24,3.24,9.51,0.0,0.3,1.89,13.53
2018-05-18,18.32,5.99,11.27,0.48,0.3,6.91,8.85
2018-05-19,18.46,8.02,12.38,0.06,0.3,6.43,11.16
2018-05-20,18.14,4.76,10.79,0.0,0.3,6.07,13.16
2018-05-21,19.03,7.87,13.24,0.0,0.3,8.33,12.08
2018-05-22,20.0,7.82,13.59,0.0,0.3,8.11,12.66
2018-05-23,20.8,8.35,13.47,0.0,0.3,9.32,12.99
2018-05-24,19.4,7.07,11.98,0.0,0.3,6.29,13.11
2018-05-25,22.11,4.99,12.38,0.0,0.3,4.35,13.3
2018-05-26,24.03,8.46,14.89,0.0,0.3,6.0,11.28
2018-05-27,22.75,11.86,16.08,0.0,0.3,7.32,7.27
2018-05-28,23.22,10.72,15.64,0.0,0.3,5.96,12.49
2018-05-29,19.13,8.18,13.36,2.24,0.3,8.31,5.73
2018-05-30,16.09,6.43,10.53,0.04,0.31,3.67,9.77
2018-05-31,15.82,5.56,9.34,0.0,0.31,1.96,12.71
2018-06-01,16.89,2.04,8.28,0.0,0.3,-0.75,12.79
2018-06-02,17.04,2.48,8.77,0.0,0.3,1.33,12.59
2018-06-03,18.51,3.94,9.85,0.0,0.3,3.79,10.64
2018-06-04,17.47,2.73,9.04,0.0,0.3,3.39,12.33
2018-06-05,18.75,4.78,11.01,0.0,0.3,4.58,11.0
2018-06-06,19.07,6.62,12.06,0.0,0.3,6.51,12.06
2018-06-07,21.17,8.24,13.81,0.0,0.3,7.32,8.32
2018-06-08,17.45,10.1,13.17,0.61,0.3,6.86,4.49
2018-06-09,16.97,9.58,12.31,2.82,0.31,9.06,4.58
2018-06-10,18.17,7.51,11.78,0.05,0.31,7.08,11.42
2018-06-11,20.58,6.89,13.04,0.62,0.31,5.79,11.04
2018-06-12,17.92,8.9,13.02,0.7,0.31,6.5,9.98
2018-06-13,15.78,7.45,11.02,0.57,0.31,6.48,8.07
2018-06-14,16.72,4.83,10.38,0.07,0.31,4.01,11.78
2018-06-15,14.58,7.35,10.5,0.02,0.31,3.57,8.67
2018-06-16,10.99,4.58,7.81,4.36,0.31,4.3,7.55
2018-06-17,11.74,5.61,7.48,2.88,0.32,5.17,6.49
2018-06-18,14.0,5.88,8.31,0.3,0.32,5.05,10.28
2018-06-19,16.06,2.82,8.19,0.0,0.32,2.3,11.78
2018-06-20,15.76,4.1,10.33,0.0,0.32,3.8,9.58
2018-06-21,18.51,6.77,11.38,0.0,0.32,3.64,11.6
2018-06-22,17.37,4.12,9.94,0.0,0.32,2.43,11.6
2018-06-23,16.06,4.19,8.85,0.25,0.32,0.97,11.98
2018-06-24,15.88,2.23,7.63,0.0,0.31,2.69,11.32
2018-06-25,14.66,1.24,6.13,0.0,0.31,0.52,12.29
2018-06-26,16.86,1.42,8.85,0.4,0.31,1.4,10.96
2018-06-27,15.11,6.21,9.65,9.49,0.32,6.87,2.86
2018-06-28,9.34,5.34,7.9,0.67,0.33,6.48,4.13
2018-06-29,13.63,3.36,7.96,0.06,0.33,4.39,8.96
2018-06-30,14.83,2.05,7.58,0.08,0.33,2.92,11.48
2018-07-01,14.64,2.0,7.56,0.04,0.33,3.15,11.12
2018-07-02,16.72,1.12,8.07,0.0,0.33,2.41,12.11
2018-07-03,18.55,4.07,10.05,0.0,0.33,5.15,11.04
2018-07-04,21.07,5.57,11.79,0.0,0.33,4.75,12.15
2018-07-05,23.64,7.64,14.83,0.0,0.32,7.45,12.04
2018-07-06,15.64,5.06,10.51,0.02,0.32,4.41,8.83
2018-07-07,13.01,4.81,8.31,1.59,0.33,2.06,9.82
2018-07-08,15.54,3.65,9.28,0.02,0.33,4.47,7.63
2018-07-09,14.92,5.92,9.38,0.1,0.33,5.57,10.13
2018-07-10,15.35,2.71,7.82,0.0,0.33,2.91,10.69
2018-07-11,14.23,1.78,7.42,0.01,0.32,1.68,11.58
2018-07-12,13.11,3.77,7.38,0.02,0.32,3.11,10.55
2018-07-13,13.08,0.83,6.01,0.0,0.32,1.57,12.35
2018-07-14,13.63,1.66,7.35,0.0,0.32,1.01,12.68
2018-07-15,14.49,0.32,6.8,0.14,0.32,-1.87,12.77
2018-07-16,17.56,1.46,8.13,0.0,0.32,-3.98,10.6
2018-07-17,20.15,3.32,10.76,0.0,0.32,-0.88,12.82
2018-07-18,16.13,3.26,8.41,0.0,0.32,-0.67,13.21
2018-07-19,20.1,3.84,11.32,0.0,0.32,-1.17,12.8
2018-07-20,13.08,4.19,8.42,0.14,0.32,1.97,10.86
2018-07-21,14.02,0.89,7.35,0.01,0.32,0.49,11.98
2018-07-22,14.64,1.56,7.53,0.0,0.32,-1.15,13.37
2018-07-23,18.83,1.77,10.32,0.08,0.32,-3.15,9.49
2018-07-24,19.24,5.14,11.6,0.0,0.32,2.26,13.39
2018-07-25,18.22,5.62,10.9,0.0,0.32,4.68,12.98
2018-07-26,18.99,7.03,12.12,0.0,0.32,5.11,10.58
2018-07-27,19.65,4.59,12.24,0.0,0.32,2.95,11.81
2018-07-28,22.19,9.04,14.48,0.76,0.32,4.57,5.55
2018-07-29,15.87,7.61,11.56,0.0,0.32,3.0,13.13
2018-07-30,15.16,2.48,8.43,0.0,0.32,1.1,13.64
2018-07-31,19.04,5.14,11.13,0.0,0.32,1.65,12.8
2018-08-01,16.99,4.16,9.95,0.0,0.32,3.55,13.42
2018-08-02,20.26,3.43,11.23,0.0,0.32,1.53,14.88
2018-08-03,21.95,6.91,12.02,2.26,0.32,1.45,4.26
2018-08-04,18.62,3.32,10.09,0.0,0.32,1.64,14.46
2018-08-05,21.17,5.57,13.24,0.0,0.32,-1.41,15.12
2018-08-06,14.43,6.93,10.99,0.01,0.32,1.04,12.82
2018-08-07,14.88,5.37,8.75,0.01,0.32,1.14,14.57
2018-08-08,15.7,5.34,9.99,0.15,0.32,2.41,10.34
2018-08-09,19.01,4.06,10.82,0.09,0.32,4.03,15.3
2018-08-10,21.88,5.76,13.14,0.0,0.32,-2.22,15.86
2018-08-11,13.85,7.46,10.58,2.72,0.32,-0.51,7.96
2018-08-12,13.45,3.63,7.71,0.02,0.32,0.63,15.7
2018-08-13,16.93,4.96,9.61,0.0,0.32,4.3,9.67
2018-08-14,19.09,2.71,10.19,0.0,0.32,3.02,16.28
2018-08-15,22.48,6.02,13.44,0.0,0.32,-0.9,13.03
2018-08-16,16.12,5.67,10.78,0.0,0.32,2.9,13.44
2018-08-17,16.92,5.73,10.28,0.0,0.32,0.62,15.67
2018-08-18,15.17,6.01,9.86,0.06,0.32,0.26,12.47
2018-08-19,13.57,3.23,7.88,0.0,0.32,0.14,14.3
2018-08-20,14.7,0.21,6.91,0.0,0.32,-1.31,17.28
2018-08-21,15.87,2.47,8.44,0.01,0.32,0.89,14.3
2018-08-22,16.57,5.41,9.89,0.02,0.32,2.86,15.63
2018-08-23,19.63,3.37,10.74,0.0,0.32,-0.44,18.04
2018-08-24,20.96,4.08,12.03,0.0,0.32,-0.6,16.84
2018-08-25,22.79,5.78,13.72,0.01,0.32,2.6,16.55
2018-08-26,20.96,8.9,14.07,0.68,0.32,3.85,17.71
2018-08-27,18.12,5.41,10.59,0.0,0.32,0.35,18.36
2018-08-28,16.83,1.32,8.47,0.0,0.31,-4.05,18.49
2018-08-29,17.97,1.44,9.11,0.0,0.31,-7.04,18.96
2018-08-30,20.32,4.9,12.05,0.0,0.31,-6.49,10.08
2018-08-31,19.91,9.59,14.26,4.48,0.31,1.3,11.19
2018-09-01,18.03,6.95,12.29,0.12,0.32,6.04,10.22
2018-09-02,17.08,5.68,10.79,0.0,0.32,2.43,17.32
2018-09-03,18.25,2.67,10.25,0.0,0.32,-0.52,17.79
2018-09-04,20.35,6.59,13.02,0.0,0.32,4.5,16.45
2018-09-05,22.14,7.96,15.01,0.0,0.32,5.27,16.5
2018-09-06,19.97,11.86,15.46,2.08,0.32,9.86,11.46
2018-09-07,20.79,9.23,14.06,0.07,0.32,4.64,19.95
2018-09-08,18.99,4.42,11.77,0.0,0.32,-0.41,20.89
2018-09-09,21.89,4.78,13.1,0.0,0.32,0.64,20.36
2018-09-10,24.46,8.41,15.68,0.0,0.32,4.62,19.59
2018-09-11,28.94,9.9,18.87,0.0,0.32,2.85,20.38
2018-09-12,23.1,10.09,16.27,0.0,0.32,1.5,19.74
2018-09-13,21.88,5.2,13.59,0.0,0.31,-2.41,21.55
2018-09-14,25.99,5.97,15.64,0.0,0.31,-3.96,22.39
2018-09-15,19.26,7.93,14.81,0.0,0.31,-2.52,17.06
2018-09-16,16.31,2.69,9.25,0.0,0.31,-3.83,22.92
2018-09-17,20.72,2.62,12.16,0.0,0.31,-5.23,23.09
2018-09-18,26.23,5.19,15.6,0.0,0.31,-7.19,23.1
2018-09-19,18.67,8.96,13.1,0.01,0.31,0.28,23.19
2018-09-20,20.0,7.28,12.81,0.0,0.31,-0.93,23.14
2018-09-21,23.37,7.03,15.15,0.0,0.31,-1.44,23.27
2018-09-22,26.38,10.42,17.84,0.0,0.31,1.75,19.6
2018-09-23,25.02,9.43,16.97,0.0,0.31,3.23,22.21
2018-09-24,24.01,7.14,15.15,0.0,0.31,1.08,23.18
2018-09-25,24.2,8.39,15.71,0.0,0.31,3.36,23.24
2018-09-26,24.87,7.34,15.72,0.0,0.31,-1.02,24.15
2018-09-27,28.67,7.56,17.75,0.0,0.31,-0.94,24.12
2018-09-28,25.57,10.38,17.4,0.0,0.31,2.67,23.66
2018-09-29,18.98,6.71,12.34,0.0,0.31,-2.56,25.27
2018-09-30,22.61,4.3,13.69,0.0,0.31,-3.15,25.18
2018-10-01,28.37,7.23,17.95,0.0,0.31,-0.66,24.36
2018-10-02,31.73,13.58,22.23,0.0,0.31,-0.08,21.93
2018-10-03,29.5,18.1,22.86,0.65,0.31,4.76,14.29
2018-10-04,18.73,12.97,16.15,3.74,0.31,12.15,8.87
2018-10-05,24.61,10.62,17.47,0.0,0.31,7.97,22.01
2018-10-06,25.79,8.65,17.09,0.0,0.31,3.52,25.19
2018-10-07,27.32,9.17,18.16,0.0,0.31,1.68,26.5
2018-10-08,29.47,10.9,20.78,0.0,0.31,2.6,24.72
2018-10-09,26.09,15.74,21.12,0.06,0.31,6.34,16.82
2018-10-10,25.41,12.02,18.57,0.54,0.31,8.87,20.41
2018-10-11,21.82,10.92,15.58,3.23,0.31,7.13,14.09
2018-10-12,24.82,9.3,17.36,0.62,0.31,8.15,23.55
2018-10-13,24.75,12.53,18.16,1.82,0.31,9.52,19.43
2018-10-14,28.89,13.1,21.39,0.0,0.31,9.32,24.11
2018-10-15,30.36,15.77,23.72,0.02,0.31,9.59,22.24
2018-10-16,26.88,17.03,21.72,20.66,0.32,14.51,13.61
2018-10-17,26.22,13.92,19.7,0.61,0.35,11.44,21.56
2018-10-18,27.47,10.74,19.38,0.0,0.34,8.0,27.29
2018-10-19,32.58,12.32,22.83,0.0,0.34,5.63,26.67
2018-10-20,21.92,10.82,17.05,0.43,0.33,5.94,13.6
2018-10-21,24.42,7.1,15.89,0.0,0.33,1.26,28.57
2018-10-22,29.83,9.06,20.82,0.0,0.33,-1.22,28.44
2018-10-23,32.98,15.48,23.1,0.0,0.33,-0.06,25.13
2018-10-24,24.81,9.9,17.06,0.0,0.32,0.89,27.96
2018-10-25,29.48,8.34,19.02,0.0,0.32,-0.8,29.28
2018-10-26,29.06,10.89,19.9,0.0,0.32,-0.13,29.67
2018-10-27,28.39,10.01,19.54,0.0,0.32,3.44,28.28
2018-10-28,25.2,11.58,18.39,0.0,0.32,2.75,21.65
2018-10-29,29.74,9.24,19.54,0.0,0.32,-1.13,29.47
2018-10-30,33.17,11.07,22.7,0.0,0.32,-3.08,29.46
2018-10-31,36.42,14.94,25.98,0.0,0.32,-2.79,30.6
2018-11-01,36.62,18.09,28.64,0.0,0.31,8.36,22.02
2018-11-02,38.48,24.9,30.62,0.8,0.31,10.91,20.52
2018-11-03,29.58,15.42,22.55,0.0,0.31,5.11,29.56
2018-11-04,33.63,14.2,24.52,0.0,0.31,3.91,26.57
2018-11-05,28.51,21.88,24.22,2.93,0.31,11.38,7.69
2018-11-06,34.8,19.62,26.58,5.46,0.32,16.41,21.37
2018-11-07,19.68,11.72,15.27,5.66,0.33,6.85,6.17
2018-11-08,21.16,7.45,14.19,0.0,0.33,0.36,31.88
2018-11-09,25.63,11.3,18.36,0.01,0.33,-0.47,28.89
2018-11-10,29.25,11.21,20.68,0.0,0.33,0.83,30.45
2018-11-11,31.33,13.57,22.42,0.0,0.32,1.71,31.29
2018-11-12,35.66,15.0,25.77,0.0,0.32,3.51,27.66
2018-11-13,27.92,19.24,23.72,5.69,0.32,12.93,7.34
2018-11-14,30.61,17.92,23.95,2.14,0.33,14.37,26.05
2018-11-15,29.08,14.92,21.76,0.0,0.33,7.61,31.31
2018-11-16,29.2,10.57,20.19,0.0,0.32,0.51,32.65
2018-11-17,30.21,11.74,21.27,0.0,0.32,1.67,32.66
2018-11-18,31.17,16.17,23.8,0.0,0.32,8.37,29.19
2018-11-19,32.84,16.48,25.35,0.0,0.32,10.73,27.19
2018-11-20,33.88,20.71,26.84,2.26,0.32,12.84,18.65
2018-11-21,26.67,14.18,20.82,1.42,0.32,9.16,25.83
2018-11-22,19.51,10.39,14.94,0.76,0.32,3.33,20.76
2018-11-23,21.55,8.86,15.06,0.01,0.32,2.25,24.31
2018-11-24,25.26,8.49,17.18,0.0,0.32,5.98,29.92
2018-11-25,27.47,12.56,20.24,0.0,0.32,5.28,31.81
2018-11-26,29.25,11.45,20.89,0.0,0.32,4.87,32.03
2018-11-27,28.16,16.64,22.76,5.64,0.32,7.99,15.3
2018-11-28,26.97,15.41,20.51,7.92,0.34,12.64,15.33
2018-11-29,29.02,14.65,22.4,0.03,0.34,9.7,30.76
2018-11-30,31.06,14.11,22.89,0.0,0.33,5.18,32.92
2018-12-01,34.02,13.87,24.82,0.0,0.33,2.31,32.26
2018-12-02,25.97,14.51,21.95,0.18,0.32,3.55,32.67
2018-12-03,29.21,11.44,20.78,0.0,0.32,4.81,33.6
2018-12-04,31.39,15.03,23.3,0.0,0.32,7.36,33.56
2018-12-05,35.28,16.37,26.62,0.0,0.32,8.83,31.41
2018-12-06,37.43,20.21,29.34,0.0,0.32,10.5,30.27
2018-12-07,38.34,20.84,30.29,0.0,0.32,8.26,32.12
2018-12-08,40.55,23.93,32.61,0.0,0.32,8.3,31.54
2018-12-09,40.2,24.75,32.6,0.0,0.31,10.01,21.4
2018-12-10,31.05,24.14,27.03,0.02,0.31,15.38,10.06
2018-12-11,32.79,23.28,27.87,0.18,0.31,15.05,21.86
2018-12-12,36.02,21.84,27.76,2.29,0.32,16.08,17.69
2018-12-13,31.43,15.77,24.02,4.39,0.32,13.83,13.82
2018-12-14,23.05,13.67,17.53,2.1,0.33,7.4,16.01
2018-12-15,25.33,12.86,18.95,1.72,0.33,8.85,24.18
2018-12-16,32.0,14.79,24.18,0.0,0.32,8.8,32.21
2018-12-17,34.3,18.19,26.44,0.0,0.32,12.08,32.87
2018-12-18,37.12,19.69,29.0,0.0,0.32,10.98,32.37
2018-12-19,40.87,21.65,31.91,0.0,0.32,11.55,27.94
2018-12-20,41.33,24.56,32.16,0.0,0.32,14.96,33.26
2018-12-21,30.46,16.73,23.72,0.0,0.31,7.78,34.29
2018-12-22,29.66,14.11,22.09,0.0,0.31,5.96,33.75
2018-12-23,32.08,13.53,23.72,0.0,0.31,4.22,34.39
2018-12-24,35.64,18.2,27.15,0.0,0.31,3.54,33.6
2018-12-25,39.59,20.6,30.86,0.0,0.31,4.41,33.75
2018-12-26,41.6,22.21,32.64,0.0,0.31,3.57,33.86
2018-12-27,43.66,23.53,34.67,0.0,0.31,3.68,29.99
2018-12-28,44.25,27.56,36.39,0.0,0.31,5.75,30.51
2018-12-29,43.17,28.11,35.59,0.0,0.31,2.68,33.69
2018-12-30,43.46,26.05,33.5,0.03,0.31,6.84,13.72
2018-12-31,40.59,25.33,31.21,0.98,0.31,13.41,12.91
2019-01-01,41.42,23.41,32.97,0.0,0.31,13.48,31.92
2019-01-02,41.36,25.26,33.64,0.14,0.31,9.95,27.65
2019-01-03,42.38,25.87,34.5,0.0,0.31,9.67,28.05
2019-01-04,44.31,27.84,36.57,0.0,0.3,9.98,31.66
2019-01-05,34.81,20.8,29.18,0.0,0.3,9.87,22.13
2019-01-06,32.9,17.02,24.96,0.0,0.3,2.53,34.74
2019-01-07,36.52,20.13,29.13,0.36,0.3,12.06,29.04
2019-01-08,34.51,22.59,27.76,6.58,0.31,16.92,13.07
2019-01-09,34.44,18.7,26.17,0.0,0.31,7.86,33.54
2019-01-10,34.03,15.4,25.64,0.0,0.31,1.72,33.69
2019-01-11,39.37,20.22,30.02,0.18,0.31,5.33,31.92
2019-01-12,43.37,22.09,33.67,0.0,0.31,4.63,31.37
2019-01-13,43.26,25.59,34.18,0.0,0.3,8.8,31.23
2019-01-14,45.26,26.6,36.26,0.0,0.3,9.34,29.44
2019-01-15,46.37,29.46,38.0,0.0,0.3,8.35,29.77
2019-01-16,46.83,28.64,38.18,0.0,0.3,6.9,32.75
2019-01-17,48.26,29.51,39.44,0.0,0.3,8.27,31.68
2019-01-18,47.08,32.07,38.78,0.45,0.3,11.82,19.41
2019-01-19,38.8,26.37,31.6,0.12,0.3,8.61,27.73
2019-01-20,39.26,21.1,30.42,0.0,0.3,2.59,21.78
2019-01-21,41.43,23.67,33.45,0.0,0.3,8.1,30.83
2019-01-22,44.39,27.33,35.55,0.15,0.3,11.9,28.6
2019-01-23,43.67,27.86,35.65,0.53,0.3,11.19,29.76
2019-01-24,44.18,27.46,36.02,0.0,0.3,13.77,28.89
2019-01-25,46.02,28.63,37.97,0.0,0.3,13.3,27.82
2019-01-26,45.8,29.47,37.41,0.03,0.3,12.27,26.1
2019-01-27,34.97,23.46,28.81,0.63,0.3,10.48,14.86
2019-01-28,32.51,20.1,26.48,1.19,0.3,13.17,11.63
2019-01-29,41.73,24.62,33.34,1.68,0.3,16.32,18.7
2019-01-30,42.09,29.11,35.41,0.03,0.3,11.16,27.64
2019-01-31,36.6,23.12,30.99,0.0,0.3,9.55,30.73
2019-02-01,37.47,16.88,27.9,0.29,0.3,5.88,30.62
2019-02-02,40.22,23.34,32.28,0.16,0.3,15.34,26.38
2019-02-03,40.47,26.21,33.85,0.14,0.3,14.43,25.11
2019-02-04,41.09,26.2,34.32,0.99,0.3,12.48,22.03
2019-02-05,39.71,25.87,32.22,0.52,0.3,15.2,25.43
2019-02-06,39.83,24.58,32.31,1.09,0.3,14.93,27.29
2019-02-07,35.6,25.66,30.63,3.71,0.3,15.66,19.75
2019-02-08,33.31,21.89,27.79,6.22,0.31,17.46,20.8
2019-02-09,27.78,15.39,20.85,0.0,0.31,7.46,28.9
2019-02-10,27.7,11.86,20.21,0.0,0.31,3.1,31.01
2019-02-11,32.59,15.65,24.84,0.0,0.31,3.94,30.78
2019-02-12,32.48,17.95,25.22,0.0,0.3,6.68,26.7
2019-02-13,24.22,11.67,18.07,0.0,0.3,-0.25,30.51
2019-02-14,29.6,11.17,20.67,0.0,0.3,0.05,30.64
2019-02-15,35.0,15.12,25.58,0.0,0.3,5.16,30.08
2019-02-16,34.86,19.63,27.19,0.0,0.3,7.6,22.7
2019-02-17,38.23,20.16,29.88,0.0,0.3,7.7,26.51
2019-02-18,41.88,25.07,33.61,0.01,0.3,8.52,25.06
2019-02-19,30.22,18.32,23.67,1.67,0.3,3.23,29.88
2019-02-20,29.95,14.43,22.3,0.0,0.3,2.39,29.04
2019-02-21,32.84,16.19,24.24,0.0,0.3,4.75,29.35
2019-02-22,34.81,15.9,25.91,0.0,0.3,8.75,28.27
2019-02-23,33.86,18.5,25.92,0.0,0.3,7.06,28.8
2019-02-24,33.3,18.22,25.33,0.0,0.3,5.75,28.52
2019-02-25,33.21,18.04,25.39,0.0,0.3,6.04,28.21
2019-02-26,34.04,20.21,26.82,0.0,0.3,9.56,22.39
2019-02-27,34.06,23.44,28.7,0.0,0.3,10.19,24.2
2019-02-28,35.51,22.56,27.78,0.0,0.3,10.84,24.09
2019-03-01,33.41,20.34,27.12,0.0,0.3,9.23,26.06
2019-03-02,35.95,22.17,29.16,0.0,0.29,10.59,24.45
2019-03-03,37.22,23.2,30.36,0.0,0.29,10.8,24.74
2019-03-04,38.77,24.75,31.31,0.2,0.29,10.08,23.95
2019-03-05,37.14,23.13,29.31,3.35,0.3,12.57,20.16
2019-03-06,25.07,14.67,21.43,1.05,0.3,5.1,24.65
2019-03-07,27.42,10.71,19.07,0.4,0.3,-1.12,27.72
2019-03-08,33.68,14.9,23.86,0.0,0.3,6.14,24.6
2019-03-09,35.16,18.3,26.62,0.0,0.3,8.01,22.55
2019-03-10,35.28,19.91,27.29,0.0,0.3,10.95,19.22
2019-03-11,32.19,19.1,25.61,0.0,0.3,11.75,22.8
2019-03-12,27.56,16.0,21.65,0.0,0.3,8.39,24.16
2019-03-13,27.51,13.67,20.64,0.0,0.3,2.23,20.91
2019-03-14,28.36,14.1,21.01,0.0,0.29,1.7,24.82
2019-03-15,30.75,13.71,22.37,0.0,0.29,3.59,24.57
2019-03-16,32.58,17.39,25.3,0.0,0.29,11.61,22.61
2019-03-17,31.2,20.06,25.21,0.0,0.29,12.35,21.38
2019-03-18,33.28,18.29,25.3,0.0,0.29,8.87,23.19
2019-03-19,34.3,19.14,26.09,0.0,0.29,7.32,22.67
2019-03-20,34.36,17.61,25.76,0.0,0.29,4.55,23.72
2019-03-21,35.59,18.5,27.19,0.0,0.29,6.89,22.32
2019-03-22,35.81,22.92,28.73,0.13,0.29,11.31,17.31
2019-03-23,35.22,21.86,27.91,0.0,0.29,12.7,11.55
2019-03-24,31.1,20.0,24.42,9.82,0.3,15.25,7.66
2019-03-25,23.32,13.58,19.95,3.36,0.32,12.53,9.03
2019-03-26,23.44,9.64,16.09,0.0,0.31,2.98,23.4
2019-03-27,27.34,9.8,18.36,0.0,0.31,2.6,23.43
2019-03-28,30.53,14.84,22.61,0.23,0.31,12.41,21.33
2019-03-29,27.06,17.36,22.62,8.95,0.31,15.64,11.85
2019-03-30,17.66,10.33,13.5,0.04,0.32,2.09,22.04
2019-03-31,21.26,7.83,14.46,0.0,0.32,6.11,13.85
2019-04-01,24.87,12.06,18.07,0.0,0.32,7.93,11.58
2019-04-02,28.57,12.29,20.24,0.0,0.31,9.41,20.54
2019-04-03,30.1,14.36,22.05,0.0,0.31,10.22,20.48
2019-04-04,28.52,16.87,22.09,0.0,0.31,10.6,15.65
2019-04-05,30.54,17.41,23.36,0.0,0.31,10.41,19.99
2019-04-06,29.37,16.4,22.66,0.0,0.31,8.52,20.29
2019-04-07,32.38,13.21,22.33,0.0,0.31,6.47,20.56
2019-04-08,30.88,13.09,21.96,0.0,0.31,6.49,19.67
2019-04-09,21.27,10.4,16.99,0.0,0.31,3.49,17.83
2019-04-10,22.03,7.46,14.16,0.0,0.31,0.46,20.59
2019-04-11,25.38,7.36,16.21,0.0,0.31,1.35,20.25
2019-04-12,28.23,11.08,19.51,0.0,0.31,5.75,19.33
2019-04-13,28.73,13.02,20.66,0.0,0.3,4.1,18.06
2019-04-14,26.99,13.31,19.72,0.0,0.3,3.11,14.07
2019-04-15,31.0,16.28,23.32,0.0,0.3,8.38,17.84
2019-04-16,30.47,19.09,23.59,0.0,0.3,9.02,13.42
2019-04-17,30.11,16.69,22.61,0.0,0.3,7.61,18.33
2019-04-18,30.47,16.69,22.6,0.0,0.3,5.17,16.38
2019-04-19,31.47,16.39,22.97,0.0,0.3,5.44,17.91
2019-04-20,31.22,16.46,23.29,0.0,0.3,9.55,17.41
2019-04-21,29.38,18.79,23.33,10.82,0.3,13.69,10.96
2019-04-22,21.96,16.86,19.34,19.18,0.36,16.68,5.41
2019-04-23,27.94,16.68,21.57,1.73,0.36,14.1,12.8
2019-04-24,27.47,15.76,21.46,0.12,0.35,13.48,12.02
2019-04-25,27.04,16.01,20.54,0.0,0.35,12.6,14.72
2019-04-26,22.06,10.38,16.01,0.0,0.34,6.29,15.06
2019-04-27,18.16,5.98,11.41,0.0,0.34,0.82,17.26
2019-04-28,20.1,6.22,12.44,0.0,0.34,4.76,16.64
2019-04-29,21.83,6.16,13.86,0.0,0.34,4.58,16.49
2019-04-30,23.46,9.65,15.78,0.0,0.34,3.85,13.78
2019-05-01,24.16,16.93,20.08,0.33,0.33,12.24,9.1
2019-05-02,25.58,16.79,20.06,20.38,0.35,15.75,8.97
2019-05-03,23.38,10.51,17.39,2.37,0.38,9.32,14.56
2019-05-04,19.42,8.64,13.08,0.01,0.37,5.54,13.13
2019-05-05,19.47,7.02,12.33,0.0,0.36,5.91,15.57
2019-05-06,20.36,6.21,12.72,0.0,0.36,6.43,15.47
2019-05-07,20.89,6.38,13.44,0.01,0.36,4.87,15.01
2019-05-08,17.14,7.65,11.86,0.01,0.36,5.47,14.49
2019-05-09,20.13,6.13,12.78,0.05,0.36,2.97,14.88
2019-05-10,13.28,8.84,10.29,5.1,0.36,6.85,6.88
2019-05-11,16.43,4.31,9.91,0.01,0.36,4.61,13.93
2019-05-12,18.76,5.06,11.02,0.0,0.36,6.61,11.27
2019-05-13,18.65,4.68,11.79,0.0,0.36,5.99,12.43
2019-05-14,19.79,8.11,12.9,0.12,0.36,5.35,14.17
2019-05-15,19.57,4.42,11.12,0.0,0.36,5.18,13.82
2019-05-16,21.61,4.57,11.9,0.0,0.36,3.75,14.33
2019-05-17,23.82,6.9,14.36,0.12,0.36,5.58,13.13
2019-05-18,24.78,9.55,15.92,0.0,0.36,7.1,12.75
2019-05-19,22.14,11.03,15.38,0.0,0.35,7.76,10.47
2019-05-20,25.01,12.4,17.88,0.64,0.35,9.25,11.36
2019-05-21,23.58,12.39,17.21,0.0,0.35,8.31,11.5
2019-05-22,24.26,10.45,16.63,0.0,0.35,6.95,13.29
2019-05-23,23.69,7.77,15.17,0.0,0.35,2.27,13.3
2019-05-24,21.69,10.89,14.89,0.0,0.35,2.34,8.06
2019-05-25,25.04,11.0,16.76,1.16,0.35,5.69,11.13
2019-05-26,16.81,8.51,12.3,0.44,0.35,6.29,12.33
2019-05-27,13.49,5.28,9.34,0.62,0.35,2.55,11.11
2019-05-28,13.76,3.24,8.85,0.14,0.35,4.03,6.7
2019-05-29,13.87,4.79,10.38,3.17,0.36,4.37,7.36
2019-05-30,10.52,2.14,4.75,0.37,0.36,2.23,12.75
2019-05-31,12.41,2.05,7.14,0.07,0.36,5.7,7.96
2019-06-01,15.05,6.0,8.67,0.05,0.36,5.51,10.25
2019-06-02,18.1,3.26,9.56,0.03,0.36,4.89,12.28
2019-06-03,9.9,5.75,8.05,0.95,0.36,6.09,5.06
2019-06-04,14.15,3.95,7.86,0.03,0.36,2.34,11.82
2019-06-05,14.54,2.85,6.93,0.0,0.36,2.04,12.52
2019-06-06,15.43,2.21,7.57,0.0,0.36,5.44,11.69
2019-06-07,20.55,5.01,10.48,0.1,0.36,5.15,12.2
2019-06-08,20.22,6.51,12.62,0.06,0.35,5.95,10.58
2019-06-09,19.39,10.45,14.74,0.0,0.35,10.41,8.03
2019-06-10,21.79,10.12,15.27,4.6,0.36,10.0,9.09
2019-06-11,23.19,7.57,14.47,0.22,0.36,8.37,11.6
2019-06-12,22.34,13.68,16.91,5.34,0.36,9.34,4.41
2019-06-13,18.72,9.65,13.83,1.65,0.37,8.65,10.19
2019-06-14,16.86,8.21,11.57,0.09,0.37,4.23,11.11
2019-06-15,16.43,9.01,11.71,0.03,0.37,5.69,10.9
2019-06-16,14.82,6.23,9.95,0.09,0.37,6.1,9.65
2019-06-17,16.23,4.03,9.37,0.03,0.37,4.86,11.45
2019-06-18,16.87,5.26,9.95,0.04,0.36,3.45,9.54
2019-06-19,12.81,3.12,6.49,0.03,0.36,2.15,12.19
2019-06-20,12.03,2.29,5.71,0.0,0.36,0.83,8.38
2019-06-21,12.17,-0.07,4.86,0.0,0.36,2.43,11.12
2019-06-22,13.34,1.78,5.88,0.0,0.36,1.14,12.17
2019-06-23,13.97,1.13,6.05,0.09,0.36,1.41,12.03
2019-06-24,16.77,1.43,7.94,0.03,0.36,3.41,11.22
2019-06-25,16.69,5.54,9.87,0.0,0.36,6.01,7.91
2019-06-26,19.39,5.05,10.77,0.0,0.36,5.89,11.48
2019-06-27,20.82,6.69,11.93,0.0,0.36,6.51,11.7
2019-06-28,21.95,8.1,13.94,0.0,0.36,7.62,11.68
2019-06-29,19.96,7.69,13.65,8.71,0.37,8.51,8.09
2019-06-30,13.66,3.42,7.88,0.02,0.38,3.92,11.96
2019-07-01,15.09,2.88,9.24,0.0,0.37,1.89,9.41
2019-07-02,16.91,5.53,10.04,0.0,0.37,0.51,12.19
2019-07-03,17.53,2.24,8.6,0.0,0.37,2.59,11.15
2019-07-04,20.07,4.54,10.78,0.0,0.37,5.63,11.56
2019-07-05,20.11,7.09,12.16,0.12,0.37,7.48,11.98
2019-07-06,20.97,8.38,13.41,0.0,0.37,7.09,11.88
2019-07-07,15.79,9.02,12.64,5.63,0.37,10.0,4.15
2019-07-08,17.21,6.86,12.43,1.96,0.38,8.95,4.85
2019-07-09,15.73,5.35,9.93,0.0,0.38,3.54,11.25
2019-07-10,17.19,5.16,10.68,0.01,0.38,4.0,12.08
2019-07-11,15.63,5.59,10.55,0.03,0.37,4.35,11.32
2019-07-12,16.26,9.63,12.3,0.48,0.37,6.78,6.67
2019-07-13,12.23,3.69,8.29,0.58,0.37,4.13,11.56
2019-07-14,11.71,1.16,6.89,0.07,0.37,3.27,8.65
2019-07-15,14.96,6.12,10.03,0.07,0.37,5.63,9.61
2019-07-16,16.06,6.02,9.74,0.06,0.37,6.76,7.12
2019-07-17,15.28,5.77,9.99,0.01,0.37,6.15,9.87
2019-07-18,14.78,5.47,8.76,0.0,0.37,5.23,10.98
2019-07-19,17.34,3.98,10.51,0.01,0.37,4.86,12.83
2019-07-20,18.8,3.84,10.32,0.12,0.37,3.38,12.95
2019-07-21,20.5,5.06,11.55,0.0,0.37,1.06,9.6
2019-07-22,19.69,4.55,10.75,0.0,0.37,2.13,13.39
2019-07-23,18.75,4.99,11.15,0.0,0.37,2.77,13.11
2019-07-24,14.72,7.13,9.73,0.0,0.37,3.89,13.0
2019-07-25,15.79,4.66,9.99,0.0,0.37,4.05,13.44
2019-07-26,17.38,7.71,12.03,2.3,0.36,4.96,6.67
2019-07-27,18.52,7.44,12.4,0.08,0.37,6.49,11.15
2019-07-28,19.58,9.56,14.14,0.0,0.37,5.46,13.04
2019-07-29,15.38,9.11,11.13,4.5,0.37,7.21,5.32
2019-07-30,14.77,3.72,8.74,0.28,0.38,5.42,13.32
2019-07-31,16.96,2.24,8.66,0.0,0.37,3.74,13.94
2019-08-01,17.14,3.21,9.15,0.0,0.37,4.09,13.39
2019-08-02,15.0,1.9,7.31,0.13,0.37,3.64,14.77
2019-08-03,15.52,2.5,7.52,0.0,0.37,3.91,13.25
2019-08-04,15.24,3.38,8.04,0.0,0.37,4.11,13.57
2019-08-05,15.63,4.7,9.21,0.14,0.37,3.43,15.24
2019-08-06,18.53,2.69,9.7,0.0,0.37,0.29,15.25
2019-08-07,20.92,4.39,11.8,0.0,0.37,-2.64,15.29
2019-08-08,14.8,9.19,11.33,0.02,0.36,0.44,11.42
2019-08-09,12.88,6.3,9.62,0.55,0.36,2.03,12.86
2019-08-10,9.95,4.54,7.28,1.36,0.37,2.86,10.86
2019-08-11,11.11,5.94,7.75,1.56,0.37,3.28,11.64
2019-08-12,12.38,4.47,7.27,1.13,0.37,4.7,13.44
2019-08-13,14.62,0.41,7.44,0.0,0.37,0.95,16.49
2019-08-14,15.86,1.52,8.4,0.14,0.37,-0.34,16.72
2019-08-15,19.24,2.84,10.18,0.0,0.37,-0.91,16.66
2019-08-16,22.73,5.7,12.83,0.0,0.36,-1.75,11.78
2019-08-17,19.97,6.73,12.32,0.0,0.36,4.59,16.06
2019-08-18,26.21,7.19,13.99,0.44,0.36,3.27,11.11
2019-08-19,13.52,4.03,8.29,0.0,0.36,0.44,16.97
2019-08-20,16.49,1.49,9.06,0.0,0.36,2.7,14.98
2019-08-21,17.03,6.62,12.32,0.0,0.36,7.47,11.89
2019-08-22,16.82,5.19,11.09,0.0,0.36,5.12,16.24
2019-08-23,18.98,1.31,9.88,0.0,0.36,-0.04,18.29
2019-08-24,21.27,3.06,11.5,0.0,0.36,-2.13,18.24
2019-08-25,16.92,4.46,9.75,0.0,0.36,1.03,17.69
2019-08-26,16.47,1.17,8.26,0.0,0.36,0.46,18.53
2019-08-27,17.59,1.64,9.13,0.0,0.36,1.61,18.54
2019-08-28,17.51,2.48,9.86,0.0,0.35,2.83,18.33
2019-08-29,15.31,5.95,9.7,0.04,0.35,4.39,14.37
2019-08-30,19.18,3.64,10.58,0.0,0.35,2.73,19.33
2019-08-31,21.79,3.81,12.42,0.14,0.35,3.67,19.29
2019-09-01,22.33,6.84,14.05,0.0,0.35,3.74,15.2
2019-09-02,21.35,4.05,12.84,0.0,0.35,1.41,19.77
2019-09-03,26.86,8.29,16.31,0.0,0.35,0.79,19.74
2019-09-04,26.14,8.25,16.2,0.0,0.35,5.97,19.0
2019-09-05,29.93,9.19,18.09,0.0,0.35,2.96,19.93
2019-09-06,16.92,10.04,12.86,2.72,0.35,4.86,9.53
2019-09-07,16.21,6.99,10.99,0.34,0.35,3.56,14.43
2019-09-08,15.42,4.92,10.23,1.17,0.35,5.1,11.8
2019-09-09,15.67,3.27,9.15,0.01,0.35,0.37,20.92
2019-09-10,18.42,2.08,9.73,0.0,0.35,1.05,21.14
2019-09-11,21.39,3.69,12.81,0.0,0.35,1.02,21.53
2019-09-12,25.7,6.25,15.51,0.0,0.35,-0.84,19.48
2019-09-13,23.8,6.78,14.35,0.0,0.34,5.45,21.37
2019-09-14,23.7,6.87,14.78,0.0,0.34,1.75,21.99
2019-09-15,29.09,7.14,18.19,0.0,0.34,-1.96,20.38
2019-09-16,25.68,9.9,15.6,2.64,0.34,2.78,14.78
2019-09-17,17.92,4.33,10.99,0.01,0.34,4.0,13.8
2019-09-18,22.86,6.39,13.86,0.0,0.34,3.09,22.86
2019-09-19,27.06,9.45,17.76,0.0,0.34,6.85,22.26
2019-09-20,29.88,13.13,21.53,0.0,0.34,7.56,20.77
2019-09-21,25.33,11.66,21.01,0.03,0.34,6.26,15.3
2019-09-22,20.09,7.21,13.27,0.0,0.34,2.37,20.37
2019-09-23,19.17,8.05,12.71,0.0,0.34,1.73,23.76
2019-09-24,20.85,4.97,12.52,0.0,0.34,2.14,23.04
2019-09-25,21.52,5.11,13.1,0.0,0.34,1.95,24.22
2019-09-26,22.72,6.96,14.89,0.0,0.33,1.79,24.1
2019-09-27,27.42,8.77,17.84,0.0,0.33,1.18,22.55
2019-09-28,21.84,5.61,13.54,0.0,0.33,-0.55,24.97
2019-09-29,22.9,8.87,15.13,0.0,0.33,-1.08,24.35
2019-09-30,20.76,5.86,12.7,0.0,0.33,1.03,23.59
2019-10-01,26.99,5.54,16.51,0.0,0.33,2.94,25.35
2019-10-02,31.47,11.91,21.79,0.0,0.33,2.24,24.42
2019-10-03,34.14,14.56,23.33,0.0,0.33,2.95,25.32
2019-10-04,31.72,11.99,21.76,0.0,0.33,5.86,24.48
2019-10-05,33.08,16.01,24.01,0.0,0.33,9.7,13.34
2019-10-06,35.99,19.49,26.48,0.0,0.33,5.48,24.7
2019-10-07,26.64,13.37,19.36,0.0,0.32,8.4,24.44
2019-10-08,18.65,9.79,14.27,0.82,0.33,3.71,21.49
2019-10-09,21.0,5.82,13.04,0.01,0.33,0.9,25.87
2019-10-10,23.59,6.35,15.05,0.0,0.32,2.27,25.6
2019-10-11,21.92,9.49,15.5,0.0,0.32,3.84,22.31
2019-10-12,23.15,8.35,15.95,0.0,0.32,4.62,23.96
2019-10-13,24.51,9.96,17.69,0.0,0.32,4.19,21.67
2019-10-14,33.66,14.17,23.37,0.0,0.32,2.91,25.63
2019-10-15,30.53,12.24,21.65,0.0,0.32,3.9,27.2
2019-10-16,25.73,15.57,19.92,1.31,0.32,4.65,8.15
2019-10-17,21.17,10.44,15.45,0.03,0.32,2.73,28.47
2019-10-18,26.59,8.62,17.16,0.0,0.32,-4.06,28.73
2019-10-19,22.63,9.88,15.57,0.0,0.32,2.78,25.09
2019-10-20,23.0,6.65,14.86,0.0,0.32,0.62,28.92
2019-10-21,29.02,8.69,19.07,0.0,0.32,3.69,27.66
2019-10-22,32.3,11.99,22.91,0.0,0.32,2.13,28.87
2019-10-23,34.81,15.7,25.83,0.0,0.32,0.78,27.92
2019-10-24,36.91,18.75,27.87,0.0,0.32,2.13,24.61
2019-10-25,31.64,20.4,26.23,0.01,0.31,4.96,19.4
2019-10-26,23.48,12.5,18.15,0.0,0.31,-0.6,27.02
2019-10-27,24.5,8.03,16.65,0.0,0.31,-0.25,29.82
2019-10-28,27.7,9.31,18.81,0.0,0.31,1.65,30.01
2019-10-29,32.47,11.26,23.02,0.0,0.31,-2.45,29.17
2019-10-30,31.54,18.46,24.81,0.0,0.31,0.5,18.42
2019-10-31,32.78,15.48,24.62,0.0,0.31,8.92,24.5
2019-11-01,36.36,17.71,27.76,0.0,0.31,8.06,26.23
2019-11-02,33.62,19.53,27.1,9.41,0.31,10.84,14.13
2019-11-03,24.96,15.5,20.79,16.31,0.35,16.28,8.89
2019-11-04,23.7,10.91,17.47,0.87,0.35,6.16,27.7
2019-11-05,22.09,7.9,15.05,0.01,0.35,1.95,30.89
2019-11-06,31.33,10.65,21.3,0.01,0.34,0.72,30.08
2019-11-07,25.84,10.53,18.47,0.0,0.34,5.18,30.89
2019-11-08,21.44,10.89,16.07,0.13,0.34,5.21,21.65
2019-11-09,20.55,6.07,13.67,0.0,0.33,1.34,31.52
2019-11-10,24.88,7.83,16.53,0.0,0.33,5.39,31.49
2019-11-11,31.22,11.12,21.98,0.0,0.33,1.95,31.14
2019-11-12,26.27,12.82,19.96,0.0,0.33,0.22,30.46
2019-11-13,22.78,8.08,15.55,0.0,0.33,0.46,32.4
2019-11-14,26.96,9.86,18.53,0.0,0.33,5.48,31.53
2019-11-15,28.54,11.41,20.0,0.0,0.33,4.34,30.96
2019-11-16,27.06,10.97,18.51,0.0,0.32,2.4,30.01
2019-11-17,25.97,9.21,17.85,0.0,0.32,0.35,32.15
2019-11-18,31.06,10.79,21.33,0.0,0.32,2.15,32.04
2019-11-19,38.21,16.11,27.01,0.0,0.32,0.31,32.34
2019-11-20,39.94,16.48,28.66,0.0,0.32,4.51,31.57
2019-11-21,42.7,21.73,31.69,0.0,0.32,5.83,29.26
2019-11-22,33.37,19.16,25.46,0.0,0.32,4.76,29.39
2019-11-23,32.19,14.71,23.76,0.0,0.32,-0.77,32.67
2019-11-24,33.41,15.0,24.62,0.0,0.31,3.75,32.47
2019-11-25,36.38,16.38,27.19,0.0,0.31,-0.44,32.4
2019-11-26,24.17,13.18,19.87,0.0,0.31,0.28,32.02
2019-11-27,29.12,9.55,20.06,0.0,0.31,-3.21,33.11
2019-11-28,34.75,14.69,26.43,0.0,0.31,-4.47,32.34
2019-11-29,37.45,20.86,29.15,0.0,0.31,-2.19,29.61
2019-11-30,26.91,14.76,20.26,0.0,0.31,1.66,26.14
2019-12-01,20.99,11.9,15.97,2.52,0.31,3.85,22.57
2019-12-02,21.33,12.38,15.97,1.71,0.32,4.13,23.0
2019-12-03,25.25,9.42,17.56,0.0,0.32,5.0,32.1
2019-12-04,27.98,11.14,19.69,0.0,0.32,4.55,33.97
2019-12-05,33.57,14.07,24.3,0.0,0.31,2.57,33.03
2019-12-06,30.76,14.54,22.51,0.0,0.31,2.32,33.74
2019-12-07,31.51,13.65,22.55,0.0,0.31,0.92,33.95
2019-12-08,35.83,14.72,25.98,0.0,0.31,0.81,33.58
2019-12-09,41.29,19.06,30.5,0.0,0.31,1.44,33.03
2019-12-10,36.73,21.57,29.01,0.0,0.31,7.7,32.42
2019-12-11,34.42,15.87,25.63,0.0,0.31,1.0,35.03
2019-12-12,31.52,16.17,23.84,0.0,0.31,3.17,31.88
2019-12-13,29.96,14.13,20.81,0.0,0.31,3.59,33.16
2019-12-14,31.83,14.29,23.47,0.0,0.31,7.74,32.59
2019-12-15,36.44,18.67,27.26,0.0,0.31,2.54,31.04
2019-12-16,35.75,17.36,26.8,0.0,0.31,2.2,33.37
2019-12-17,38.8,18.91,29.09,0.0,0.3,5.23,32.61
2019-12-18,41.11,22.21,31.55,0.0,0.3,5.08,32.11
2019-12-19,44.05,25.32,34.94,0.0,0.3,5.57,30.24
2019-12-20,46.0,24.5,35.58,0.0,0.3,4.12,33.44
2019-12-21,41.69,26.13,34.22,0.0,0.3,6.32,30.25
2019-12-22,35.73,18.41,26.82,0.0,0.3,-1.43,27.97
2019-12-23,36.74,21.09,28.84,0.0,0.3,2.45,22.79
2019-12-24,37.99,21.53,29.95,0.0,0.3,0.36,30.36
2019-12-25,37.63,20.29,29.43,0.0,0.3,3.64,32.09
2019-12-26,40.07,21.83,31.39,0.0,0.3,5.45,32.35
2019-12-27,42.29,24.12,33.82,0.0,0.3,9.32,27.43
2019-12-28,42.07,26.93,34.97,0.0,0.3,11.27,25.36
2019-12-29,42.08,27.46,34.48,0.0,0.3,8.64,22.74
2019-12-30,43.63,27.22,35.62,0.0,0.3,3.05,33.64
2019-12-31,38.27,24.49,32.37,0.0,0.3,4.66,28.62
2020-01-01,35.71,19.42,27.35,0.0,0.3,-3.19,34.52
2020-01-02,39.04,18.19,28.95,0.0,0.3,-3.5,34.17
2020-01-03,43.76,20.58,33.07,0.0,0.3,0.74,33.24
2020-01-04,47.02,27.25,36.86,0.0,0.3,5.7,29.66
2020-01-05,34.54,20.15,27.27,0.22,0.3,5.98,24.87
2020-01-06,33.92,21.79,26.85,0.0,0.3,11.64,15.81
2020-01-07,38.46,22.05,30.34,0.04,0.3,12.82,28.71
2020-01-08,38.92,22.27,30.87,0.0,0.3,7.85,30.17
2020-01-09,41.26,21.87,31.86,0.0,0.29,5.37,31.94
2020-01-10,45.9,19.14,33.07,0.0,0.29,9.41,27.8
2020-01-11,30.45,15.88,22.69,0.0,0.29,2.48,34.02
2020-01-12,33.02,14.07,24.14,0.0,0.29,4.7,32.84
2020-01-13,36.67,19.58,28.87,0.0,0.29,11.09,28.47
2020-01-14,38.53,25.66,32.2,0.18,0.29,11.67,24.41
2020-01-15,30.46,23.64,26.88,2.15,0.3,16.89,16.41
2020-01-16,35.54,21.82,28.72,0.38,0.3,12.89,31.06
2020-01-17,31.95,15.01,23.53,0.0,0.3,3.38,32.77
2020-01-18,35.86,19.63,28.48,0.11,0.3,6.91,27.04
2020-01-19,35.38,24.21,29.58,3.25,0.3,13.29,21.39
2020-01-20,28.21,17.64,23.13,10.55,0.32,10.74,26.15
2020-01-21,31.0,16.97,24.13,0.0,0.31,12.34,31.6
2020-01-22,38.45,18.84,29.52,0.0,0.31,5.75,31.4
2020-01-23,34.58,20.84,27.01,0.5,0.31,10.78,20.77
2020-01-24,28.61,14.88,21.61,0.11,0.31,3.38,32.66
2020-01-25,33.0,15.34,24.3,0.0,0.3,4.71,32.58
2020-01-26,36.39,17.19,27.44,0.0,0.3,5.75,32.26
2020-01-27,38.59,19.6,29.89,0.0,0.3,9.04,30.96
2020-01-28,37.84,20.99,29.39,0.0,0.3,5.03,29.22
2020-01-29,39.08,19.97,29.7,0.0,0.3,5.11,32.52
2020-01-30,43.58,22.37,33.52,0.0,0.3,6.84,31.32
2020-01-31,45.02,30.46,38.49,0.0,0.3,14.23,26.92
2020-02-01,44.77,30.8,38.44,0.04,0.3,15.35,26.4
2020-02-02,31.9,21.31,26.2,0.36,0.3,14.19,20.62
2020-02-03,29.43,16.74,22.54,0.0,0.3,4.8,31.76
2020-02-04,33.3,11.82,22.91,0.0,0.3,-0.82,32.03
2020-02-05,35.03,18.3,26.35,2.05,0.3,12.54,25.81
2020-02-06,31.77,21.83,26.19,1.51,0.3,14.0,24.75
2020-02-07,32.0,21.32,26.33,0.31,0.3,13.45,18.42
2020-02-08,28.88,20.5,24.45,5.2,0.3,15.08,15.67
2020-02-09,22.22,17.79,19.87,24.58,0.34,15.79,10.84
2020-02-10,28.1,17.49,22.51,11.89,0.36,17.45,18.6
2020-02-11,28.08,19.71,23.7,10.8,0.38,18.73,23.49
2020-02-12,32.15,19.26,26.28,0.23,0.37,17.2,25.91
2020-02-13,33.55,21.6,27.74,0.02,0.36,18.55,26.95
2020-02-14,34.97,22.71,28.65,3.27,0.36,18.01,25.94
2020-02-15,34.32,23.3,28.61,1.22,0.36,17.65,24.3
2020-02-16,35.01,20.43,27.85,0.0,0.35,15.67,26.84
2020-02-17,36.75,21.15,28.41,0.0,0.35,12.87,28.91
2020-02-18,36.31,19.45,27.19,0.0,0.34,8.33,23.78
2020-02-19,26.21,14.85,20.3,0.0,0.34,9.09,28.37
2020-02-20,27.22,12.58,20.01,0.0,0.34,7.58,28.67
2020-02-21,29.11,15.08,21.08,0.0,0.34,7.58,26.76
2020-02-22,33.5,13.3,24.5,0.03,0.34,11.29,28.04
2020-02-23,29.79,19.93,24.11,0.45,0.33,16.11,20.09
2020-02-24,32.28,17.03,24.81,0.0,0.33,13.96,23.41
2020-02-25,33.81,19.71,27.21,0.0,0.33,14.79,24.01
2020-02-26,31.16,18.03,25.24,0.0,0.33,10.21,25.91
2020-02-27,26.76,12.77,19.72,0.01,0.33,2.91,28.67
2020-02-28,28.1,12.8,20.42,0.0,0.33,7.77,27.69
2020-02-29,30.6,15.11,23.5,0.0,0.33,10.87,25.23
2020-03-01,33.57,18.79,26.79,0.0,0.33,11.05,24.62
2020-03-02,29.78,19.23,23.8,0.0,0.32,10.66,15.34
2020-03-03,31.29,15.76,23.18,0.54,0.32,10.49,7.75
2020-03-04,25.77,19.99,22.44,28.92,0.35,19.45,7.19
2020-03-05,24.61,18.63,21.71,35.62,0.43,19.13,10.75
2020-03-06,26.13,15.38,20.66,0.05,0.43,14.65,19.4
2020-03-07,26.98,12.7,19.96,0.0,0.42,11.78,26.1
2020-03-08,28.6,16.24,22.41,0.0,0.4,14.35,22.44
2020-03-09,29.06,17.92,23.18,0.0,0.4,13.69,23.09
2020-03-10,28.18,17.85,22.75,0.0,0.39,13.27,21.24
2020-03-11,30.01,17.17,23.06,0.0,0.39,11.49,22.87
2020-03-12,29.79,15.72,22.78,0.0,0.38,11.4,23.69
2020-03-13,31.87,16.34,24.37,0.88,0.38,12.96,23.19
2020-03-14,24.86,13.17,18.47,0.01,0.38,5.92,24.99
2020-03-15,26.03,13.86,18.93,0.0,0.38,7.6,23.94
2020-03-16,27.76,12.44,19.89,0.0,0.37,9.87,24.16
2020-03-17,29.03,14.52,21.6,0.0,0.37,10.6,23.8
2020-03-18,30.67,15.06,23.2,0.0,0.37,9.12,23.91
2020-03-19,34.21,17.34,25.31,0.0,0.37,9.3,22.86
2020-03-20,29.65,17.16,22.79,0.0,0.36,8.81,23.73
2020-03-21,27.89,13.45,20.23,0.0,0.36,9.51,22.7
2020-03-22,27.53,14.66,20.63,0.0,0.36,8.33,22.0
2020-03-23,25.75,10.52,17.98,0.0,0.36,6.82,23.13
2020-03-24,26.46,13.38,19.23,0.38,0.36,9.48,15.98
2020-03-25,26.92,13.83,19.41,0.33,0.36,9.01,16.11
2020-03-26,27.39,10.18,19.0,0.14,0.36,10.66,19.92
2020-03-27,27.22,14.75,20.93,0.0,0.36,12.55,20.78
2020-03-28,22.61,16.33,19.16,0.0,0.36,12.49,17.67
2020-03-29,28.46,15.54,21.83,2.83,0.36,14.38,12.83
2020-03-30,29.05,15.86,22.15,0.67,0.36,12.77,19.99
2020-03-31,27.11,11.75,19.04,0.01,0.36,5.58,22.01
2020-04-01,30.68,12.74,21.22,26.05,0.38,13.04,9.29
2020-04-02,25.07,17.36,20.18,5.13,0.41,14.85,17.17
2020-04-03,20.21,14.96,17.22,17.18,0.42,12.92,8.16
2020-04-04,19.09,12.06,15.64,11.79,0.45,9.84,14.02
2020-04-05,21.03,9.17,15.69,0.0,0.44,8.77,16.55
2020-04-06,21.43,10.55,15.74,0.0,0.43,10.18,13.78
2020-04-07,21.4,8.92,14.87,0.0,0.42,6.87,16.7
2020-04-08,21.96,10.27,16.27,0.0,0.42,8.59,12.69
2020-04-09,22.68,15.14,17.95,20.56,0.43,14.62,6.78
2020-04-10,21.83,12.28,16.89,1.39,0.45,12.52,15.43
2020-04-11,20.52,9.12,15.46,0.12,0.44,7.28,17.27
2020-04-12,18.72,5.91,12.06,0.0,0.44,5.97,19.67
2020-04-13,21.9,10.42,15.33,0.0,0.43,6.62,19.1
2020-04-14,25.09,9.12,16.86,0.0,0.43,7.69,19.06
2020-04-15,27.15,12.32,19.56,0.0,0.42,10.1,18.15
2020-04-16,29.19,14.94,20.96,0.0,0.42,11.74,12.05
2020-04-17,20.11,8.92,14.23,0.0,0.42,6.93,18.77
2020-04-18,20.49,6.99,13.52,0.0,0.42,6.9,17.84
2020-04-19,19.64,9.21,14.15,0.0,0.42,5.18,17.48
2020-04-20,24.11,12.16,17.1,0.0,0.41,7.5,10.89
2020-04-21,24.47,11.92,17.24,0.0,0.41,10.72,16.61
2020-04-22,23.91,10.66,16.81,0.0,0.41,7.44,17.52
2020-04-23,25.92,10.84,17.89,0.0,0.41,8.76,15.38
2020-04-24,23.93,12.3,17.56,0.0,0.41,12.33,15.49
2020-04-25,26.58,11.19,18.33,0.0,0.41,11.69,15.32
2020-04-26,18.81,13.84,16.07,2.7,0.41,11.26,7.03
2020-04-27,21.57,9.19,14.76,0.0,0.41,8.31,16.77
2020-04-28,24.15,9.25,16.7,0.53,0.41,11.37,12.99
2020-04-29,21.39,11.45,17.57,15.67,0.42,14.68,7.62
2020-04-30,13.7,7.83,10.58,4.22,0.44,6.76,8.78
2020-05-01,14.47,6.39,10.52,2.67,0.44,6.42,11.4
2020-05-02,14.85,7.7,11.14,3.17,0.44,8.22,9.77
2020-05-03,15.58,5.07,8.76,0.0,0.44,4.8,16.07
2020-05-04,16.98,3.19,9.47,0.0,0.43,5.61,15.31
2020-05-05,20.65,4.91,11.72,0.13,0.43,6.57,15.31
2020-05-06,22.79,8.11,14.64,0.0,0.43,8.47,14.94
2020-05-07,24.76,11.63,17.09,0.0,0.43,9.45,13.25
2020-05-08,23.15,8.29,15.18,0.0,0.42,8.38,14.31
2020-05-09,20.2,7.19,13.0,0.01,0.42,5.66,11.95
2020-05-10,13.49,3.83,8.16,0.0,0.42,2.24,14.7
2020-05-11,16.69,3.03,9.37,0.0,0.42,3.93,14.29
2020-05-12,17.52,5.48,11.21,0.0,0.42,4.59,13.7
2020-05-13,19.13,8.03,12.51,0.0,0.42,4.44,13.83
2020-05-14,17.22,5.66,10.09,0.0,0.42,5.49,14.23
2020-05-15,18.96,4.11,10.61,0.0,0.42,5.26,14.21
2020-05-16,19.63,5.79,11.4,0.13,0.42,5.74,14.04
2020-05-17,20.34,5.8,12.08,0.0,0.41,6.86,13.7
2020-05-18,21.45,7.04,13.42,0.0,0.41,7.85,13.76
2020-05-19,20.66,9.62,15.05,0.05,0.41,9.76,8.32
2020-05-20,18.16,6.84,13.18,0.08,0.41,6.25,12.84
2020-05-21,10.06,5.55,7.92,1.72,0.41,4.13,7.05
2020-05-22,13.71,4.41,7.41,0.04,0.41,3.84,10.99
2020-05-23,14.33,4.04,8.75,0.0,0.41,4.64,9.63
2020-05-24,16.82,7.1,10.67,0.0,0.41,6.61,12.45
2020-05-25,16.56,4.66,9.62,0.01,0.41,5.07,13.14
2020-05-26,19.28,5.1,11.55,0.12,0.41,7.85,11.12
2020-05-27,17.42,8.28,13.1,0.0,0.41,8.91,6.25
2020-05-28,18.32,6.96,11.74,0.0,0.41,4.84,12.81
2020-05-29,18.57,5.92,10.99,0.0,0.41,5.25,12.57
2020-05-30,20.37,5.26,11.98,0.0,0.41,6.39,12.25
2020-05-31,19.32,9.34,13.77,0.13,0.41,7.46,8.43
2020-06-01,12.64,5.87,10.05,2.09,0.41,4.6,8.73
2020-06-02,12.81,2.35,7.45,0.28,0.41,4.56,9.24
2020-06-03,15.47,4.94,10.35,0.01,0.41,5.83,11.61
2020-06-04,17.42,2.98,8.59,0.0,0.41,3.3,12.46
2020-06-05,17.35,2.43,8.88,0.15,0.41,3.37,12.36
2020-06-06,16.69,2.59,8.93,0.0,0.41,2.67,12.26
2020-06-07,14.1,4.61,8.3,0.0,0.4,3.25,9.43
2020-06-08,14.22,2.34,7.03,0.02,0.4,3.8,9.63
2020-06-09,18.16,2.17,9.11,0.11,0.4,5.53,11.25
2020-06-10,17.93,9.64,12.7,0.0,0.4,9.11,10.32
2020-06-11,17.67,7.68,11.86,0.01,0.4,8.28,11.06
2020-06-12,18.22,5.8,11.38,0.14,0.4,6.77,11.61
2020-06-13,18.91,7.6,12.83,5.43,0.4,10.14,7.16
2020-06-14,14.32,6.3,9.94,0.15,0.41,6.16,11.25
2020-06-15,18.09,5.1,10.42,0.0,0.41,5.3,11.32
2020-06-16,18.41,7.33,11.66,0.0,0.41,6.61,9.82
2020-06-17,17.07,7.73,11.47,0.0,0.41,6.85,9.53
2020-06-18,19.67,6.13,11.94,0.0,0.41,8.0,11.69
2020-06-19,20.36,8.73,14.13,0.13,0.4,9.66,7.12
2020-06-20,15.61,8.28,12.63,3.24,0.41,9.91,5.11
2020-06-21,14.38,4.78,9.13,1.6,0.41,6.41,8.47
2020-06-22,12.36,7.08,9.28,2.59,0.41,6.86,6.04
2020-06-23,10.52,6.72,8.29,2.66,0.42,7.89,6.4
2020-06-24,15.56,6.06,10.46,0.1,0.42,7.11,6.45
2020-06-25,15.84,8.12,10.92,0.18,0.42,6.0,9.69
2020-06-26,15.16,4.78,8.66,0.11,0.41,3.98,11.92
2020-06-27,13.46,2.05,6.55,0.0,0.41,3.0,11.16
2020-06-28,16.02,1.88,7.93,0.0,0.41,4.1,11.63
2020-06-29,17.09,3.32,9.04,0.0,0.41,5.15,11.92
2020-06-30,19.31,5.26,11.24,0.14,0.41,6.9,11.59
2020-07-01,21.31,7.28,13.5,0.0,0.41,7.86,8.05
2020-07-02,16.64,5.73,11.04,0.0,0.41,4.99,10.76
2020-07-03,14.92,2.38,8.74,4.6,0.41,4.25,11.88
2020-07-04,12.33,3.61,7.18,0.09,0.41,4.19,11.48
2020-07-05,12.82,6.01,8.7,0.12,0.41,6.01,8.06
2020-07-06,13.8,4.59,7.63,0.03,0.41,5.25,7.39
2020-07-07,13.86,3.47,6.95,0.04,0.41,4.52,6.63
2020-07-08,16.27,2.29,7.8,0.1,0.41,4.79,12.16
2020-07-09,15.94,3.2,9.03,0.0,0.41,6.5,10.72
2020-07-10,14.83,8.85,11.24,2.24,0.41,9.77,9.14
2020-07-11,15.44,5.89,9.53,6.23,0.41,8.16,7.08
2020-07-12,11.61,4.59,7.59,0.98,0.42,5.5,9.47
2020-07-13,12.78,4.37,8.04,1.42,0.42,5.91,4.42
2020-07-14,16.22,5.58,9.28,0.41,0.42,6.41,12.22
2020-07-15,15.52,3.23,7.89,0.0,0.42,4.83,12.46
2020-07-16,14.45,2.42,6.96,0.2,0.42,4.32,12.19
2020-07-17,15.22,0.68,7.22,0.0,0.42,3.19,13.1
2020-07-18,17.19,1.19,8.53,0.0,0.42,4.91,11.55
2020-07-19,18.27,6.36,10.76,0.05,0.41,4.97,13.12
2020-07-20,14.08,2.54,7.67,0.09,0.41,3.45,13.51
2020-07-21,13.94,2.41,7.41,0.0,0.41,4.68,12.55
2020-07-22,13.38,3.43,7.05,0.0,0.41,4.73,11.83
2020-07-23,14.86,2.48,7.16,0.0,0.41,3.85,13.39
2020-07-24,18.72,1.86,9.04,0.15,0.41,3.7,13.87
2020-07-25,19.0,5.14,10.83,0.67,0.41,6.45,10.91
2020-07-26,14.22,7.39,10.05,2.19,0.41,8.24,8.76
2020-07-27,12.13,5.51,9.04,0.53,0.41,6.8,9.94
2020-07-28,18.78,6.53,11.06,0.67,0.41,7.31,13.53
2020-07-29,17.37,5.59,9.88,0.0,0.41,6.16,13.89
2020-07-30,17.15,2.62,8.89,0.12,0.41,5.13,13.86
2020-07-31,16.28,2.17,8.69,0.04,0.41,1.91,14.63
2020-08-01,18.22,1.72,9.7,0.0,0.41,2.11,14.51
2020-08-02,19.88,4.8,10.75,0.0,0.41,3.18,13.92
2020-08-03,19.75,5.4,11.65,0.0,0.41,3.64,12.62
2020-08-04,13.68,3.15,7.63,0.0,0.41,0.61,13.06
2020-08-05,13.48,-0.4,5.81,0.0,0.4,0.21,15.58
2020-08-06,12.72,0.06,6.37,0.04,0.4,-0.21,9.67
2020-08-07,12.13,5.63,8.45,10.78,0.41,6.51,1.87
2020-08-08,11.88,4.12,7.63,0.46,0.42,3.88,6.7
2020-08-09,10.38,3.27,7.1,1.93,0.42,5.23,7.73
2020-08-10,17.58,5.0,9.6,0.13,0.42,4.94,15.3
2020-08-11,16.37,3.52,9.83,0.0,0.42,5.65,8.76
2020-08-12,20.38,7.97,13.11,2.89,0.42,7.08,11.1
2020-08-13,20.85,6.76,14.03,0.13,0.42,8.27,14.2
2020-08-14,18.24,9.74,12.39,6.94,0.42,8.72,5.28
2020-08-15,15.85,8.16,11.25,1.44,0.43,8.39,11.12
2020-08-16,14.52,6.59,10.01,0.57,0.43,6.72,12.96
2020-08-17,17.03,5.64,11.0,0.1,0.42,5.2,15.31
2020-08-18,18.15,7.4,11.62,0.09,0.42,4.85,15.81
2020-08-19,14.89,7.22,10.82,0.74,0.42,3.27,11.92
2020-08-20,14.45,6.98,9.94,0.58,0.42,4.97,12.48
2020-08-21,13.5,5.64,9.23,3.93,0.42,5.81,10.05
2020-08-22,11.5,3.58,7.49,0.67,0.42,3.39,12.84
2020-08-23,13.09,3.87,7.56,0.14,0.42,3.18,13.99
2020-08-24,14.37,1.64,7.09,0.07,0.42,1.43,15.36
2020-08-25,14.51,0.69,7.27,0.06,0.42,1.08,15.41
2020-08-26,16.83,2.21,9.21,0.0,0.42,0.51,19.01
2020-08-27,18.88,1.75,10.27,0.0,0.42,0.42,18.58
2020-08-28,17.42,4.51,9.96,0.0,0.41,1.57,18.87
2020-08-29,22.15,2.68,11.74,0.0,0.41,3.44,19.23
2020-08-30,25.04,6.2,14.39,0.0,0.41,4.2,19.08
2020-08-31,15.71,4.69,9.46,0.0,0.41,3.04,19.63
2020-09-01,19.17,1.72,10.27,0.0,0.4,1.59,19.4
2020-09-02,24.81,8.3,15.98,0.0,0.4,3.28,17.45
2020-09-03,23.62,8.96,15.87,0.0,0.4,5.12,17.39
2020-09-04,20.74,8.82,14.03,0.0,0.4,6.23,18.47
2020-09-05,20.05,7.65,13.04,0.0,0.4,5.79,18.32
2020-09-06,21.69,6.73,13.56,0.0,0.4,6.31,20.31
2020-09-07,25.52,8.07,16.36,0.0,0.39,7.73,20.95
2020-09-08,30.97,13.2,20.75,0.0,0.39,11.35,19.48
2020-09-09,20.15,9.11,15.24,0.4,0.39,9.25,8.27
2020-09-10,22.2,6.52,13.87,0.05,0.39,7.64,19.97
2020-09-11,22.21,5.97,13.76,0.0,0.39,4.77,21.99
2020-09-12,25.56,7.28,16.5,0.0,0.39,6.41,21.5
2020-09-13,24.24,12.29,17.67,0.02,0.38,7.35,18.72
2020-09-14,22.37,6.2,14.03,0.0,0.38,5.36,22.32
2020-09-15,23.45,6.25,14.6,0.0,0.38,4.22,22.15
2020-09-16,27.92,8.58,18.58,0.0,0.38,6.4,22.43
2020-09-17,31.25,16.93,22.73,0.0,0.38,10.62,20.15
2020-09-18,28.65,15.65,21.75,0.0,0.37,12.3,17.68
2020-09-19,23.88,15.12,18.81,6.69,0.37,12.87,8.2
2020-09-20,24.12,13.74,18.32,11.64,0.41,11.82,18.03
2020-09-21,25.46,11.1,18.2,4.35,0.4,9.77,17.29
2020-09-22,22.09,7.4,14.36,0.0,0.4,3.97,23.65
2020-09-23,18.92,7.05,12.94,0.04,0.4,4.83,19.88
2020-09-24,18.17,5.5,11.82,0.02,0.39,3.91,21.36
2020-09-25,11.36,6.37,9.55,2.71,0.4,3.47,10.15
2020-09-26,15.98,4.6,9.27,0.12,0.39,1.55,17.8
2020-09-27,17.86,2.95,10.37,0.05,0.39,3.06,21.2
2020-09-28,20.6,4.32,12.25,0.0,0.39,2.06,23.34
2020-09-29,22.96,5.06,14.45,0.0,0.39,3.54,20.25
2020-09-30,25.93,10.96,18.12,0.1,0.38,8.59,16.63
2020-10-01,21.84,7.95,14.91,0.03,0.38,5.51,23.94
2020-10-02,29.46,9.52,19.12,0.0,0.38,5.84,23.66
2020-10-03,32.22,12.84,22.02,0.0,0.38,5.0,25.71
2020-10-04,33.18,17.69,25.13,0.0,0.37,8.87,24.35
2020-10-05,24.88,14.67,20.6,0.21,0.37,11.03,14.32
2020-10-06,22.99,11.88,16.14,3.52,0.37,9.29,6.59
2020-10-07,24.29,11.94,17.92,4.41,0.38,12.18,8.34
2020-10-08,21.33,11.56,16.1,2.34,0.38,7.63,18.7
2020-10-09,21.58,9.23,14.77,0.0,0.38,5.65,25.74
2020-10-10,25.4,9.53,16.94,0.0,0.38,4.04,25.25
2020-10-11,26.87,10.59,18.04,0.0,0.37,4.75,25.46
2020-10-12,28.94,9.56,19.2,0.0,0.37,3.59,27.26
2020-10-13,31.48,12.53,22.34,0.0,0.37,6.05,25.81
2020-10-14,32.7,14.62,23.61,0.0,0.36,9.16,27.19
2020-10-15,33.46,16.62,25.06,0.0,0.36,8.39,24.99
2020-10-16,31.24,18.25,24.29,0.43,0.36,10.75,14.29
2020-10-17,27.27,15.59,20.43,3.34,0.36,13.7,8.69
2020-10-18,22.67,10.7,16.42,0.04,0.36,6.06,27.57
2020-10-19,23.96,6.69,15.29,0.0,0.36,3.45,28.73
2020-10-20,26.94,8.16,17.85,0.0,0.36,3.65,28.1
2020-10-21,27.02,13.44,19.69,0.0,0.36,4.21,24.99
2020-10-22,30.93,11.67,21.63,0.0,0.35,4.4,28.05
2020-10-23,31.02,17.75,22.37,10.53,0.36,13.84,10.96
2020-10-24,26.19,11.9,18.79,5.4,0.38,13.56,17.81
2020-10-25,21.5,7.2,14.25,0.78,0.38,4.3,28.96
2020-10-26,16.15,12.08,13.66,5.68,0.38,8.94,10.91
2020-10-27,23.6,9.94,16.77,6.23,0.38,9.05,21.34
2020-10-28,24.23,10.51,17.33,3.23,0.39,9.92,23.77
2020-10-29,27.34,14.04,20.42,0.16,0.39,7.6,25.17
2020-10-30,28.54,13.89,19.76,7.93,0.38,9.39,16.02
2020-10-31,24.83,11.68,18.4,2.09,0.39,10.68,23.71
2020-11-01,28.19,12.13,20.29,0.18,0.39,11.38,28.54
2020-11-02,30.29,12.56,21.55,0.09,0.38,9.04,30.34
2020-11-03,31.84,13.79,22.75,0.0,0.38,7.74,30.17
2020-11-04,32.15,16.67,23.57,0.22,0.37,8.75,21.57
2020-11-05,21.6,11.26,16.08,0.56,0.37,3.77,29.7
2020-11-06,24.79,7.06,16.38,0.0,0.37,3.82,28.82
2020-11-07,25.92,8.75,17.41,0.0,0.37,4.38,31.53
2020-11-08,29.26,10.75,20.44,0.0,0.36,6.74,31.27
2020-11-09,31.52,13.37,22.96,0.0,0.36,9.0,29.48
2020-11-10,33.67,16.77,25.6,0.02,0.36,10.11,28.54
2020-11-11,31.6,20.09,24.75,7.81,0.36,11.92,21.54
2020-11-12,30.76,19.53,24.59,0.12,0.37,12.24,24.06
2020-11-13,25.92,15.17,20.03,0.01,0.36,9.08,25.95
2020-11-14,29.28,12.75,20.97,0.0,0.36,6.65,31.73
2020-11-15,39.04,16.02,28.01,0.0,0.36,5.49,31.15
2020-11-16,31.97,17.45,25.7,0.06,0.35,6.52,13.71
2020-11-17,28.38,11.34,19.65,0.0,0.35,1.42,33.13
2020-11-18,33.81,12.83,23.8,0.0,0.35,3.37,32.17
2020-11-19,38.76,17.94,28.76,0.0,0.35,7.19,32.02
2020-11-20,40.28,23.63,31.21,0.0,0.34,3.7,32.39
2020-11-21,41.19,19.87,30.36,0.26,0.34,8.97,27.35
2020-11-22,39.1,23.62,31.18,0.17,0.34,17.14,25.34
2020-11-23,30.95,19.15,25.08,8.59,0.35,15.52,22.1
2020-11-24,29.6,13.24,21.6,0.03,0.35,6.96,32.3
2020-11-25,33.38,15.52,25.0,0.0,0.35,9.81,32.07
2020-11-26,37.71,20.44,29.48,0.0,0.34,10.56,31.21
2020-11-27,42.11,20.56,32.54,0.0,0.34,11.95,30.31
2020-11-28,43.4,28.99,36.42,2.54,0.34,12.33,24.06
2020-11-29,33.08,19.67,26.52,2.03,0.34,9.31,22.11
2020-11-30,35.43,15.18,25.89,0.01,0.34,6.47,33.21
2020-12-01,43.64,20.39,28.68,0.38,0.34,9.67,30.1
2020-12-02,27.73,13.62,20.64,0.01,0.34,0.44,24.75
2020-12-03,28.14,15.87,22.35,0.0,0.34,0.67,20.38
2020-12-04,36.01,18.48,26.84,0.0,0.33,-0.73,34.27
2020-12-05,29.76,18.4,22.75,8.51,0.34,9.63,10.96
2020-12-06,25.01,12.23,19.02,0.0,0.35,6.07,33.18
2020-12-07,25.05,13.32,18.84,0.43,0.34,6.14,25.38
2020-12-08,24.02,9.28,16.77,0.0,0.34,2.78,34.17
2020-12-09,29.51,11.86,21.4,0.0,0.34,2.86,34.03
2020-12-10,31.89,16.66,24.89,0.0,0.34,6.33,28.84
2020-12-11,33.01,17.03,25.28,0.0,0.33,9.22,32.67
2020-12-12,32.12,17.09,24.69,0.0,0.33,5.72,33.39
2020-12-13,33.75,16.94,25.87,0.0,0.33,8.08,29.29
2020-12-14,35.08,18.49,27.03,0.0,0.33,8.28,33.53
2020-12-15,34.81,20.89,27.53,0.08,0.33,14.42,29.54
2020-12-16,34.37,21.98,28.29,0.65,0.33,17.71,20.91
2020-12-17,38.25,23.0,30.84,0.37,0.33,15.77,27.83
2020-12-18,29.29,17.16,22.43,0.32,0.33,4.42,30.08
2020-12-19,28.67,13.06,21.21,0.0,0.33,-0.82,26.48
2020-12-20,32.06,16.59,24.38,0.0,0.33,1.93,22.96
2020-12-21,26.24,18.27,21.98,8.3,0.33,7.59,10.2
2020-12-22,24.43,12.3,18.69,0.22,0.34,8.37,25.89
2020-12-23,28.2,12.15,20.34,0.0,0.34,6.75,30.53
2020-12-24,31.16,13.53,22.99,0.0,0.33,5.56,33.89
2020-12-25,31.61,13.22,22.75,0.0,0.33,2.35,34.09
2020-12-26,34.63,14.3,25.67,0.0,0.33,3.51,34.06
2020-12-27,38.65,19.95,29.57,0.0,0.33,5.26,27.69
2020-12-28,30.08,17.09,23.52,0.0,0.32,4.93,32.35
2020-12-29,30.18,12.55,21.46,0.0,0.32,0.53,34.08
2020-12-30,34.97,15.07,26.42,0.0,0.32,7.21,30.5
2020-12-31,34.84,21.94,28.63,6.03,0.32,14.45,18.25
2021-01-01,29.62,20.86,24.89,2.41,0.34,15.86,18.7
2021-01-02,26.99,19.76,23.13,4.46,0.34,16.33,19.89
2021-01-03,32.63,18.58,25.86,0.86,0.34,16.15,28.5
2021-01-04,28.48,18.94,23.22,13.52,0.36,15.6,21.53
2021-01-05,29.68,14.85,22.81,0.02,0.35,12.14,32.66
2021-01-06,30.04,15.96,23.7,0.2,0.35,12.27,30.64
2021-01-07,31.93,18.39,25.0,0.2,0.35,11.61,30.6
2021-01-08,31.52,17.81,24.65,0.0,0.34,9.28,32.96
2021-01-09,32.26,16.39,24.37,0.0,0.34,7.77,33.82
2021-01-10,35.89,17.47,27.12,0.0,0.34,8.96,33.33
2021-01-11,37.51,20.09,29.14,0.0,0.33,8.01,33.26
2021-01-12,39.26,23.24,31.23,1.18,0.33,10.9,31.66
2021-01-13,40.15,22.44,31.75,0.89,0.33,11.74,29.96
2021-01-14,35.09,20.62,28.24,0.0,0.33,6.79,32.63
2021-01-15,27.8,15.85,21.47,0.0,0.33,2.49,33.3
2021-01-16,26.84,12.28,19.63,0.0,0.33,3.45,33.56
2021-01-17,29.3,14.55,21.87,0.0,0.33,6.12,32.1
2021-01-18,32.01,14.29,23.68,0.0,0.33,3.45,33.01
2021-01-19,32.79,15.3,23.96,0.0,0.32,2.6,33.1
2021-01-20,35.1,13.63,25.25,0.0,0.32,1.28,33.77
2021-01-21,37.78,19.34,28.48,0.0,0.32,7.32,32.3
2021-01-22,38.43,20.76,29.78,0.0,0.32,5.53,33.74
2021-01-23,40.41,20.13,31.43,0.0,0.32,6.96,32.47
2021-01-24,39.99,23.19,32.57,0.0,0.32,11.13,24.98
2021-01-25,40.63,27.82,33.81,0.0,0.32,9.22,28.0
2021-01-26,31.91,23.53,27.67,5.62,0.33,16.48,13.52
2021-01-27,34.92,18.64,27.24,0.0,0.33,12.67,30.67
2021-01-28,32.1,18.58,26.14,24.44,0.34,17.96,11.71
2021-01-29,29.14,18.3,22.82,35.6,0.42,18.73,10.45
2021-01-30,31.71,20.28,25.31,0.57,0.42,16.38,28.16
2021-01-31,33.45,16.68,25.3,0.0,0.4,10.99,31.51
2021-02-01,31.03,18.17,23.44,1.76,0.39,15.69,10.68
2021-02-02,28.52,14.34,21.32,0.02,0.39,8.86,31.23
2021-02-03,30.95,12.56,22.86,0.01,0.38,7.03,31.22
2021-02-04,31.63,18.79,25.07,6.24,0.38,15.0,16.98
2021-02-05,33.46,19.85,24.51,11.82,0.39,18.15,16.03
2021-02-06,28.32,16.39,22.32,0.0,0.4,12.44,28.23
2021-02-07,28.98,15.26,21.84,0.0,0.39,11.28,30.44
2021-02-08,29.86,13.32,22.04,0.0,0.39,8.33,30.78
2021-02-09,33.02,17.26,25.48,0.0,0.38,12.67,26.52
2021-02-10,33.52,19.77,26.23,0.0,0.38,12.69,29.47
2021-02-11,35.62,18.67,27.6,0.0,0.37,11.23,28.7
2021-02-12,33.14,22.13,27.14,1.77,0.37,16.89,12.92
2021-02-13,29.36,15.16,22.56,0.0,0.37,9.53,29.58
2021-02-14,31.3,13.81,23.07,0.0,0.37,10.11,29.47
2021-02-15,31.74,16.45,24.03,0.0,0.36,10.71,28.97
2021-02-16,32.77,16.44,24.96,0.0,0.36,13.42,28.41
2021-02-17,32.55,18.54,25.5,0.0,0.36,12.92,26.64
2021-02-18,31.35,17.59,24.36,0.0,0.36,10.97,29.25
2021-02-19,34.36,18.58,26.77,0.0,0.36,14.64,27.0
2021-02-20,36.04,21.37,28.74,0.0,0.35,14.19,26.64
2021-02-21,37.69,21.95,29.3,0.06,0.35,14.63,23.27
2021-02-22,30.28,18.51,24.16,0.0,0.35,8.44,28.53
2021-02-23,25.79,12.82,18.87,0.0,0.35,3.3,28.98
2021-02-24,29.14,10.86,20.66,0.0,0.35,7.21,26.26
2021-02-25,30.69,16.42,23.44,0.0,0.35,8.82,27.97
2021-02-26,29.79,13.04,21.77,0.0,0.34,5.62,26.71
2021-02-27,32.8,15.98,24.4,0.0,0.34,7.2,23.66
2021-02-28,35.33,16.5,26.14,0.0,0.34,6.86,27.13
2021-03-01,32.28,18.22,24.61,0.0,0.34,6.25,27.2
2021-03-02,26.11,14.08,19.52,0.0,0.34,1.73,27.35
2021-03-03,27.7,11.8,19.19,0.0,0.34,2.25,27.65
2021-03-04,28.49,11.01,19.85,0.0,0.34,4.37,26.24
2021-03-05,27.86,14.7,20.75,0.0,0.34,6.59,26.66
2021-03-06,30.01,10.06,20.51,0.0,0.34,2.85,25.06
2021-03-07,29.99,14.34,23.61,0.0,0.33,5.92,21.85
2021-03-08,32.3,19.11,25.25,0.0,0.33,8.41,19.47
2021-03-09,30.91,17.84,23.33,0.0,0.33,9.89,25.31
2021-03-10,31.79,15.9,23.85,0.0,0.33,5.48,23.76
2021-03-11,30.6,18.36,24.29,0.89,0.33,15.49,15.72
2021-03-12,32.92,18.9,26.07,0.01,0.33,15.26,21.27
2021-03-13,36.78,19.1,27.7,1.17,0.33,13.06,20.65
2021-03-14,23.28,12.93,17.53,2.48,0.34,3.41,22.42
2021-03-15,25.82,8.49,17.06,0.0,0.34,1.48,24.71
2021-03-16,29.43,11.97,20.66,0.0,0.33,7.05,22.39
2021-03-17,21.42,17.74,19.28,5.47,0.34,12.93,7.7
2021-03-18,24.96,16.08,20.03,7.61,0.35,14.72,10.77
2021-03-19,29.87,18.24,22.82,2.74,0.36,14.17,20.21
2021-03-20,29.45,16.01,22.17,0.95,0.35,14.36,19.61
2021-03-21,27.64,18.12,22.52,4.23,0.36,16.56,12.85
2021-03-22,22.94,17.97,20.05,34.65,0.38,17.72,7.13
2021-03-23,25.72,17.24,20.34,10.18,0.44,16.2,8.46
2021-03-24,25.18,15.11,20.12,0.1,0.42,13.15,11.9
2021-03-25,23.02,13.83,18.14,0.95,0.41,10.97,18.02
2021-03-26,23.86,12.5,18.04,0.0,0.4,9.28,17.69
2021-03-27,25.2,11.79,18.35,0.0,0.4,9.76,17.96
2021-03-28,24.71,11.23,17.46,0.0,0.39,7.66,20.37
2021-03-29,25.66,10.0,17.31,0.0,0.39,7.91,21.13
2021-03-30,24.22,8.61,16.41,0.0,0.39,6.43,21.88
2021-03-31,27.73,10.41,18.75,0.0,0.39,8.89,20.29
2021-04-01,28.37,12.4,20.07,0.0,0.38,8.75,21.05
2021-04-02,29.69,13.22,21.05,0.0,0.38,9.79,21.38
2021-04-03,30.13,14.2,21.57,0.0,0.38,11.2,20.62
2021-04-04,29.74,14.43,22.36,0.0,0.38,10.41,20.83
2021-04-05,31.9,18.14,24.04,0.0,0.37,10.02,20.37
2021-04-06,31.0,14.79,22.81,0.0,0.37,12.85,20.24
2021-04-07,29.88,16.16,23.05,0.0,0.37,12.92,18.86
2021-04-08,30.57,16.8,23.53,0.0,0.37,12.09,19.29
2021-04-09,26.57,13.92,19.61,0.0,0.37,7.33,17.66
2021-04-10,20.66,9.79,15.26,0.0,0.37,6.74,15.97
2021-04-11,17.63,7.76,12.2,0.0,0.37,2.73,19.65
2021-04-12,19.79,5.11,12.08,0.0,0.36,4.08,19.78
2021-04-13,22.87,6.96,14.62,0.0,0.36,3.82,17.82
2021-04-14,22.8,12.2,16.98,0.0,0.36,3.83,11.8
2021-04-15,21.4,8.15,14.74,0.0,0.36,5.64,15.32
2021-04-16,22.14,9.5,15.2,0.0,0.36,5.7,18.44
2021-04-17,20.24,6.01,12.76,0.0,0.36,2.51,19.14
2021-04-18,20.89,8.05,13.73,0.0,0.36,4.45,18.38
2021-04-19,21.23,9.98,15.06,0.0,0.36,5.8,16.56
2021-04-20,23.77,8.67,15.76,0.02,0.36,4.69,16.8
2021-04-21,17.29,4.88,10.48,0.0,0.36,0.86,18.03
2021-04-22,19.27,4.91,11.53,0.0,0.36,0.32,16.27
2021-04-23,20.05,7.18,13.39,0.0,0.36,6.4,14.35
2021-04-24,20.96,9.35,14.37,0.0,0.36,6.42,16.26
2021-04-25,21.1,6.59,13.27,0.0,0.36,7.05,16.42
2021-04-26,21.21,6.37,13.22,0.0,0.35,6.35,16.82
2021-04-27,21.66,7.48,13.89,0.0,0.35,4.82,15.61
2021-04-28,24.87,8.99,16.14,0.0,0.35,4.59,16.63
2021-04-29,25.72,10.15,17.35,0.0,0.35,7.53,16.26
2021-04-30,26.5,10.79,17.98,0.0,0.35,7.71,15.96
2021-05-01,26.3,12.25,19.04,0.0,0.35,9.46,13.73
2021-05-02,26.17,16.41,20.23,0.8,0.35,11.55,13.43
2021-05-03,26.18,13.04,19.0,2.14,0.35,11.81,12.49
2021-05-04,14.86,8.54,11.83,0.24,0.35,7.07,10.71
2021-05-05,21.62,8.01,14.83,0.15,0.35,9.38,12.15
2021-05-06,25.26,10.08,17.11,0.0,0.35,10.22,14.07
2021-05-07,26.01,12.73,18.54,0.0,0.35,11.3,14.36
2021-05-08,21.35,12.46,16.17,0.1,0.35,6.59,5.6
2021-05-09,21.33,9.72,15.41,0.01,0.35,9.12,12.76
2021-05-10,21.9,11.11,15.55,2.98,0.35,9.51,10.24
2021-05-11,13.85,9.41,11.64,1.75,0.36,7.87,8.82
2021-05-12,18.07,7.64,13.18,0.62,0.36,7.71,11.88
2021-05-13,20.58,7.35,13.38,0.0,0.36,5.73,12.95
2021-05-14,16.19,6.3,11.57,0.0,0.36,5.74,11.02
2021-05-15,15.04,4.54,10.77,0.0,0.35,2.28,12.97
2021-05-16,15.05,1.77,7.57,0.0,0.35,-0.1,14.11
2021-05-17,17.46,4.41,10.41,0.0,0.35,5.32,12.88
2021-05-18,17.71,6.03,11.04,0.0,0.35,4.95,13.38
2021-05-19,17.2,3.76,10.81,0.0,0.35,2.74,11.85
2021-05-20,17.73,4.87,11.84,0.0,0.35,2.05,11.58
2021-05-21,20.61,7.02,12.98,0.0,0.35,3.37,13.06
2021-05-22,22.0,6.59,13.12,0.0,0.35,6.61,13.35
2021-05-23,22.67,7.55,13.81,0.0,0.35,4.11,13.34
2021-05-24,23.07,8.45,14.73,0.0,0.35,5.61,10.92
2021-05-25,25.04,9.7,16.35,8.52,0.35,9.48,10.86
2021-05-26,16.23,6.19,10.78,0.0,0.36,6.07,11.17
2021-05-27,16.65,3.68,9.49,0.0,0.36,4.61,11.88
2021-05-28,15.81,5.33,9.6,0.0,0.36,4.39,12.64
2021-05-29,15.67,1.66,7.33,0.0,0.36,-0.7,12.94
2021-05-30,17.63,0.54,8.2,0.0,0.36,-0.66,12.78
2021-05-31,18.75,2.59,9.92,0.0,0.36,2.05,12.76
2021-06-01,17.28,7.18,11.18,0.0,0.36,4.54,4.63
2021-06-02,18.44,9.93,12.73,0.09,0.36,9.23,4.3
2021-06-03,17.33,9.56,12.76,1.96,0.36,9.4,4.81
2021-06-04,15.86,5.45,11.02,0.08,0.36,7.29,4.79
2021-06-05,13.8,2.86,7.78,0.0,0.36,0.99,11.61
2021-06-06,17.86,3.77,10.12,0.0,0.36,2.63,11.85
2021-06-07,18.31,4.05,10.7,0.0,0.36,2.53,11.72
2021-06-08,11.27,5.71,8.63,0.56,0.36,2.85,6.7
2021-06-09,10.76,4.23,7.18,8.52,0.36,4.97,4.69
2021-06-10,13.4,4.15,8.82,4.71,0.38,4.21,5.66
2021-06-11,15.01,1.4,7.06,0.08,0.38,2.52,9.89
2021-06-12,15.31,3.0,8.18,0.0,0.37,4.21,8.84
2021-06-13,14.95,6.69,10.03,0.0,0.37,5.54,6.89
2021-06-14,16.68,5.86,10.14,0.27,0.37,5.09,8.43
2021-06-15,17.93,7.54,11.14,0.42,0.37,6.02,8.78
2021-06-16,17.89,5.72,10.24,9.77,0.38,6.29,9.92
2021-06-17,14.03,3.04,8.29,1.08,0.39,5.86,6.88
2021-06-18,13.43,7.93,9.79,3.81,0.39,7.83,4.66
2021-06-19,16.12,5.82,9.66,0.1,0.39,5.61,11.51
2021-06-20,16.09,3.37,8.27,0.0,0.39,4.09,12.0
2021-06-21,17.39,3.99,9.1,0.13,0.38,4.95,11.85
2021-06-22,16.9,4.39,10.48,0.0,0.38,6.19,9.08
2021-06-23,17.18,10.36,13.23,13.36,0.39,9.55,1.91
2021-06-24,17.13,9.0,12.79,6.1,0.42,7.89,9.15
2021-06-25,14.07,6.37,9.73,1.22,0.41,6.41,7.61
2021-06-26,14.17,5.33,9.25,0.58,0.41,6.24,7.45
2021-06-27,15.16,5.51,9.08,0.06,0.41,6.02,11.03
2021-06-28,15.84,4.74,8.64,0.13,0.4,5.74,10.26
2021-06-29,17.99,5.26,11.23,0.0,0.4,7.04,11.61
2021-06-30,19.0,9.77,13.41,0.35,0.4,9.14,7.66
2021-07-01,15.16,10.33,12.29,2.3,0.4,10.32,5.58
2021-07-02,18.01,6.71,11.44,0.28,0.4,7.22,10.32
2021-07-03,12.84,3.65,7.37,0.01,0.4,3.52,10.12
2021-07-04,13.27,1.72,6.9,0.01,0.4,2.94,10.36
2021-07-05,12.72,2.7,6.63,0.01,0.4,3.63,10.21
2021-07-06,11.31,3.36,6.22,0.0,0.4,2.53,8.23
2021-07-07,11.14,0.45,4.78,0.0,0.4,1.09,12.31
2021-07-08,13.41,0.06,6.15,0.0,0.4,1.46,7.9
2021-07-09,16.09,4.02,9.09,0.15,0.4,4.76,10.99
2021-07-10,14.99,0.12,6.38,0.01,0.4,1.01,11.23
2021-07-11,16.51,1.18,7.75,0.0,0.4,3.92,10.99
2021-07-12,16.87,4.63,9.6,0.0,0.4,5.6,8.63
2021-07-13,16.74,3.1,8.82,0.0,0.4,2.49,10.37
2021-07-14,13.86,7.56,10.52,1.9,0.4,4.88,6.1
2021-07-15,18.44,6.86,11.53,0.58,0.4,7.34,10.61
2021-07-16,14.53,7.5,11.01,3.31,0.4,6.18,7.3
2021-07-17,11.67,5.77,8.92,1.16,0.4,5.24,9.11
2021-07-18,11.5,5.08,7.17,0.49,0.4,4.57,10.16
2021-07-19,12.58,4.28,7.59,0.42,0.4,3.34,8.16
2021-07-20,15.03,3.14,7.54,3.43,0.4,3.62,6.07
2021-07-21,11.71,1.62,5.14,0.18,0.41,1.26,13.35
2021-07-22,13.5,-1.0,5.98,1.86,0.41,0.73,9.69
2021-07-23,10.94,3.65,6.91,1.88,0.41,5.05,7.5
2021-07-24,14.04,5.07,8.95,2.3,0.41,5.61,8.6
2021-07-25,12.04,4.26,7.76,0.7,0.41,3.34,11.77
2021-07-26,17.11,5.07,10.62,0.09,0.41,6.16,12.12
2021-07-27,18.9,5.39,11.46,0.0,0.41,2.84,13.56
2021-07-28,17.24,6.61,11.37,0.58,0.41,3.8,7.63
2021-07-29,14.97,1.72,7.85,0.0,0.41,1.68,14.5
2021-07-30,17.27,1.76,8.97,0.0,0.4,-0.66,9.79
2021-07-31,22.62,9.79,14.62,0.0,0.4,4.01,12.23
2021-08-01,15.63,5.7,10.64,0.11,0.4,5.11,9.61
2021-08-02,17.54,2.25,9.12,1.65,0.4,3.04,14.72
2021-08-03,12.51,6.31,8.7,0.98,0.4,5.89,11.57
2021-08-04,13.83,3.29,8.29,0.36,0.4,4.93,8.62
2021-08-05,15.13,6.59,10.15,0.18,0.4,6.68,9.99
2021-08-06,15.24,7.6,10.86,0.26,0.4,7.39,7.33
2021-08-07,16.06,6.79,10.89,0.01,0.4,5.68,7.51
2021-08-08,16.97,3.56,9.9,0.0,0.4,4.97,11.53
2021-08-09,18.42,5.0,10.75,0.13,0.4,5.11,13.36
2021-08-10,20.67,4.07,11.64,0.0,0.4,1.97,15.02
2021-08-11,24.1,10.95,16.38,0.41,0.4,8.22,15.04
2021-08-12,17.32,6.7,11.12,0.23,0.39,5.17,16.11
2021-08-13,18.46,6.48,11.72,0.0,0.39,4.27,11.37
2021-08-14,18.25,4.52,11.11,0.0,0.39,4.14,16.36
2021-08-15,19.37,3.64,10.8,0.0,0.39,3.46,15.46
2021-08-16,17.64,3.43,10.79,0.0,0.39,4.25,15.34
2021-08-17,15.85,5.59,9.5,0.0,0.39,5.43,15.77
2021-08-18,17.89,4.41,10.24,0.0,0.39,5.26,16.52
2021-08-19,18.55,3.43,10.95,0.01,0.39,4.72,16.46
2021-08-20,22.17,5.42,13.25,2.09,0.39,4.92,13.41
2021-08-21,23.29,10.82,16.42,0.08,0.39,5.83,16.67
2021-08-22,26.53,9.37,16.94,0.0,0.39,5.42,16.37
2021-08-23,16.86,8.3,11.44,5.18,0.39,6.03,5.0
2021-08-24,14.74,5.1,8.86,0.3,0.39,2.7,16.09
2021-08-25,15.02,3.27,8.05,0.0,0.39,2.74,16.51
2021-08-26,16.33,2.56,9.81,0.17,0.39,2.01,15.15
2021-08-27,16.44,6.7,11.19,0.23,0.39,0.25,17.96
2021-08-28,19.52,2.83,11.42,0.0,0.39,-0.17,17.63
2021-08-29,18.0,7.72,11.76,0.19,0.38,3.33,16.15
2021-08-30,18.22,5.13,11.25,0.0,0.38,3.68,13.3
2021-08-31,23.27,5.68,13.77,0.0,0.38,2.33,19.14
2021-09-01,27.3,8.71,17.08,0.0,0.38,2.51,19.11
2021-09-02,29.94,9.33,19.17,0.0,0.38,5.93,18.56
2021-09-03,28.15,16.37,21.76,1.29,0.37,10.99,14.65
2021-09-04,17.11,8.91,13.2,6.86,0.39,8.31,5.12
2021-09-05,15.82,5.65,10.12,0.31,0.39,3.83,18.49
2021-09-06,18.01,4.62,10.3,0.14,0.38,2.52,19.9
2021-09-07,19.11,2.48,10.47,0.01,0.38,3.26,19.97
2021-09-08,20.92,4.51,12.47,0.0,0.38,4.67,20.7
2021-09-09,24.8,6.2,15.07,0.0,0.38,2.56,21.15
2021-09-10,27.24,6.03,16.58,0.0,0.38,0.12,20.12
2021-09-11,28.61,9.23,18.3,0.0,0.37,-2.05,21.44
2021-09-12,18.46,7.73,12.76,0.02,0.37,3.87,15.29
2021-09-13,14.78,6.06,9.71,0.4,0.37,3.08,15.56
2021-09-14,19.51,2.77,10.7,0.0,0.37,1.82,22.36
2021-09-15,20.27,5.29,12.53,0.01,0.37,1.46,22.3
2021-09-16,21.93,5.14,13.26,0.0,0.37,2.7,22.29
2021-09-17,27.09,8.26,17.24,3.67,0.37,5.75,13.11
2021-09-18,20.52,9.12,15.18,0.56,0.37,5.56,21.26
2021-09-19,22.56,5.47,13.97,0.0,0.37,0.23,23.37
2021-09-20,18.81,6.89,12.35,0.02,0.37,1.54,16.04
2021-09-21,16.23,4.76,9.55,0.0,0.37,0.89,22.22
2021-09-22,19.95,3.51,11.58,0.0,0.36,4.64,19.33
2021-09-23,23.93,5.97,14.59,0.0,0.36,5.71,22.88
2021-09-24,26.72,9.99,17.48,0.0,0.36,3.1,22.31
2021-09-25,18.14,6.24,11.6,0.0,0.36,1.16,23.74
2021-09-26,21.19,2.86,11.82,0.0,0.36,0.58,24.96
2021-09-27,22.56,7.53,14.37,0.0,0.36,5.43,21.51
2021-09-28,25.99,10.74,18.31,2.14,0.36,10.83,19.07
2021-09-29,20.59,13.87,16.86,10.88,0.37,14.22,5.72
2021-09-30,22.67,11.22,16.53,3.87,0.38,11.38,19.92
2021-10-01,19.17,10.61,15.31,8.19,0.39,11.01,12.72
2021-10-02,21.12,11.63,15.35,3.89,0.39,10.72,15.04
2021-10-03,25.13,10.42,17.9,0.0,0.39,9.25,18.66
2021-10-04,21.24,8.16,14.57,0.11,0.39,4.52,22.02
2021-10-05,19.91,8.11,13.23,0.19,0.38,3.55,25.26
2021-10-06,25.75,7.25,16.74,0.0,0.38,0.99,25.08
2021-10-07,22.29,9.19,16.2,0.0,0.37,0.76,26.07
2021-10-08,25.17,5.88,15.76,0.0,0.37,0.95,26.78
2021-10-09,31.56,11.82,21.86,0.0,0.37,5.16,25.26
2021-10-10,21.14,12.35,16.74,0.26,0.37,7.97,9.57
2021-10-11,20.75,7.78,13.6,0.02,0.37,0.77,25.96
2021-10-12,20.45,7.73,14.74,1.4,0.37,7.66,16.49
2021-10-13,25.19,9.44,17.14,2.31,0.37,8.25,20.44
2021-10-14,23.3,7.48,15.04,1.59,0.37,6.55,20.86
2021-10-15,17.5,9.37,13.08,4.42,0.37,7.22,16.51
2021-10-16,21.84,7.57,13.97,0.17,0.37,6.02,23.6
2021-10-17,23.95,6.46,15.71,0.0,0.37,4.93,27.43
2021-10-18,28.13,9.89,19.13,0.37,0.37,5.88,24.56
2021-10-19,23.53,10.17,16.29,0.07,0.37,4.9,28.64
2021-10-20,26.94,7.67,17.73,0.0,0.36,6.59,28.71
2021-10-21,27.49,13.31,19.94,0.0,0.36,8.42,22.39
2021-10-22,32.06,13.68,23.14,0.0,0.36,7.86,28.16
2021-10-23,27.39,13.68,20.45,0.0,0.36,8.67,26.7
2021-10-24,23.06,9.02,15.62,0.0,0.35,2.89,28.42
2021-10-25,22.48,6.78,14.39,0.0,0.35,0.78,30.17
2021-10-26,26.32,6.55,16.85,0.0,0.35,1.19,28.79
2021-10-27,32.96,10.45,22.1,0.0,0.35,-0.81,27.43
2021-10-28,33.63,15.24,24.25,0.0,0.35,5.97,13.08
2021-10-29,24.57,13.71,19.85,0.0,0.35,5.56,24.9
2021-10-30,20.88,8.32,14.35,0.0,0.34,-0.95,29.95
2021-10-31,25.09,6.25,16.4,0.0,0.34,0.26,29.81
2021-11-01,27.87,12.04,20.13,0.0,0.34,2.81,26.08
2021-11-02,31.17,15.27,23.71,0.08,0.34,11.42,28.09
2021-11-03,24.84,18.15,21.51,4.65,0.34,14.18,9.03
2021-11-04,29.0,17.8,22.86,3.21,0.35,15.58,24.66
2021-11-05,28.55,15.99,22.29,0.68,0.35,13.77,23.6
2021-11-06,31.28,16.18,24.32,0.44,0.35,12.87,20.3
2021-11-07,28.1,15.6,21.18,3.69,0.35,13.14,17.25
2021-11-08,27.92,13.65,20.74,0.01,0.35,9.94,28.74
2021-11-09,29.09,11.59,21.27,0.0,0.35,6.76,29.82
2021-11-10,24.47,17.85,21.4,2.61,0.35,10.7,23.03
2021-11-11,26.48,12.83,19.75,13.38,0.35,8.78,10.56
2021-11-12,19.53,10.55,14.72,2.1,0.37,8.83,9.37
2021-11-13,19.35,10.4,13.76,5.89,0.38,6.05,18.08
2021-11-14,19.22,7.35,12.98,3.3,0.38,3.49,22.18
2021-11-15,19.38,6.23,13.37,0.3,0.38,4.32,19.28
2021-11-16,22.74,9.41,16.03,0.0,0.37,3.25,32.38
2021-11-17,26.42,8.3,18.04,0.0,0.37,3.01,30.02
2021-11-18,32.34,12.17,23.3,0.0,0.36,5.43,26.43
2021-11-19,25.47,17.52,21.54,15.29,0.37,13.96,14.57
2021-11-20,23.22,14.1,17.42,49.53,0.42,14.71,9.74
2021-11-21,23.99,12.47,17.11,10.35,0.49,11.39,22.61
2021-11-22,27.41,13.73,20.28,0.12,0.46,12.03,29.61
2021-11-23,25.69,15.39,20.91,0.09,0.45,14.27,15.9
2021-11-24,25.65,19.3,22.36,20.76,0.45,18.67,15.69
2021-11-25,27.59,18.47,22.34,22.07,0.5,19.0,14.74
2021-11-26,18.39,14.48,16.66,16.88,0.51,14.75,8.32
2021-11-27,20.2,12.82,16.48,0.41,0.51,11.32,19.35
2021-11-28,25.18,12.35,18.93,0.04,0.49,11.6,24.35
2021-11-29,27.43,15.9,21.31,0.03,0.48,14.91,27.39
2021-11-30,28.6,18.36,23.25,2.46,0.47,16.63,25.56
2021-12-01,30.63,17.13,24.42,2.01,0.47,16.81,31.49
2021-12-02,33.97,18.25,26.92,0.11,0.46,15.12,32.22
2021-12-03,30.87,18.47,24.52,0.5,0.46,13.94,32.06
2021-12-04,25.84,14.41,20.05,0.0,0.45,7.59,33.73
2021-12-05,28.57,11.12,21.07,0.0,0.44,9.75,31.32
2021-12-06,26.38,16.04,21.8,12.26,0.45,14.63,21.67
2021-12-07,29.74,16.6,22.93,0.6,0.46,14.16,29.85
2021-12-08,24.01,12.03,18.15,0.0,0.45,6.88,33.47
2021-12-09,18.63,8.09,14.33,0.19,0.44,6.98,25.92
2021-12-10,25.08,10.88,18.47,0.0,0.44,9.22,30.57
2021-12-11,27.46,12.15,20.08,0.0,0.44,9.31,32.5
2021-12-12,29.4,13.84,22.12,0.0,0.43,11.04,32.72
2021-12-13,32.77,15.8,24.92,0.0,0.42,10.49,33.74
2021-12-14,34.74,19.11,27.15,0.0,0.42,11.52,26.04
2021-12-15,34.28,19.91,25.92,0.01,0.41,13.05,19.66
2021-12-16,29.31,14.83,22.1,0.0,0.41,8.63,34.36
2021-12-17,34.96,13.62,25.94,0.0,0.41,8.47,34.21
2021-12-18,40.7,22.58,31.28,0.12,0.4,14.41,20.39
2021-12-19,30.79,17.05,25.03,15.96,0.42,16.24,11.16
2021-12-20,28.42,12.05,20.66,0.0,0.42,5.26,34.58
2021-12-21,32.3,15.22,24.32,0.0,0.41,6.54,34.04
2021-12-22,32.53,16.47,25.02,0.0,0.41,11.17,32.49
2021-12-23,32.92,16.35,25.02,0.0,0.4,9.3,33.72
2021-12-24,33.87,16.46,25.6,0.0,0.4,9.16,31.79
2021-12-25,36.74,18.34,28.41,0.0,0.39,10.8,30.08
2021-12-26,32.59,18.53,24.8,0.02,0.39,8.8,33.37
2021-12-27,32.42,13.5,23.61,0.06,0.39,9.21,32.18
2021-12-28,30.24,17.53,23.86,0.13,0.38,11.54,31.3
2021-12-29,31.0,16.92,23.95,0.0,0.38,9.29,33.67
2021-12-30,33.2,16.5,25.38,0.0,0.38,8.18,33.8
2021-12-31,35.54,18.82,27.67,0.0,0.37,8.48,34.31
2022-01-01,37.17,21.05,29.95,0.0,0.37,9.42,31.76
2022-01-02,39.08,23.3,31.06,0.0,0.37,12.48,24.61
2022-01-03,38.82,22.13,30.59,0.0,0.36,12.07,31.32
2022-01-04,36.72,20.85,29.18,0.0,0.36,11.54,31.03
2022-01-05,34.98,23.98,28.58,3.87,0.36,14.73,20.84
2022-01-06,35.27,22.62,27.55,14.71,0.37,19.7,17.54
2022-01-07,32.17,21.1,26.34,2.88,0.39,17.03,25.04
2022-01-08,33.47,17.9,26.0,0.8,0.39,12.2,32.2
2022-01-09,35.68,19.89,28.62,0.0,0.38,15.2,30.31
2022-01-10,37.77,23.52,30.27,14.9,0.38,20.26,28.05
2022-01-11,34.55,23.73,28.29,13.43,0.41,20.23,24.86
2022-01-12,35.13,20.89,28.06,0.63,0.41,17.48,31.72
2022-01-13,34.03,21.84,26.31,6.56,0.4,17.71,16.79
2022-01-14,33.39,22.22,26.91,4.9,0.41,18.95,26.94
2022-01-15,33.66,21.0,26.86,0.06,0.4,13.25,32.66
2022-01-16,36.32,18.21,28.06,0.0,0.4,12.23,30.59
2022-01-17,28.6,22.01,24.74,0.8,0.39,16.42,14.13
2022-01-18,25.57,20.83,22.77,6.64,0.4,16.55,16.88
2022-01-19,29.16,19.25,23.76,2.73,0.4,15.3,18.62
2022-01-20,31.33,15.36,23.41,0.0,0.4,11.18,33.01
2022-01-21,32.04,15.93,24.19,0.13,0.39,11.08,33.15
2022-01-22,32.69,17.43,25.36,0.0,0.39,12.6,29.69
2022-01-23,32.82,19.45,26.1,0.0,0.38,12.94,30.0
2022-01-24,33.98,20.92,26.8,0.0,0.38,13.66,23.69
2022-01-25,32.65,23.52,27.55,0.01,0.38,16.1,13.49
2022-01-26,34.47,22.19,28.57,0.36,0.37,17.12,25.73
2022-01-27,34.68,22.8,28.76,2.68,0.37,18.27,20.41
2022-01-28,34.46,23.61,29.28,10.8,0.38,21.22,26.59
2022-01-29,30.46,23.86,26.66,15.3,0.41,21.45,19.88
2022-01-30,32.7,22.09,27.84,3.62,0.41,20.17,22.9
2022-01-31,35.16,22.54,29.24,0.45,0.41,19.9,25.13
2022-02-01,31.74,23.36,27.89,2.17,0.4,18.83,11.15
2022-02-02,26.93,15.69,21.11,0.0,0.4,6.77,31.85
2022-02-03,26.44,11.21,18.86,0.0,0.39,6.12,31.24
2022-02-04,28.4,11.63,20.29,0.0,0.39,7.73,31.73
2022-02-05,28.61,14.18,21.86,0.0,0.38,8.95,27.37
2022-02-06,29.7,15.27,22.97,0.0,0.38,10.16,29.17
2022-02-07,29.86,15.58,23.22,0.0,0.38,10.91,29.89
2022-02-08,30.35,16.97,23.88,0.0,0.38,10.5,27.82
2022-02-09,34.07,19.89,27.05,1.06,0.37,11.51,20.11
2022-02-10,34.81,21.77,27.64,0.04,0.37,14.32,22.59
2022-02-11,32.9,16.64,24.87,0.0,0.37,10.67,27.52
2022-02-12,32.87,19.81,25.77,0.0,0.37,12.77,27.08
2022-02-13,33.2,18.33,25.53,0.0,0.36,10.07,29.52
2022-02-14,34.98,18.69,26.7,0.0,0.36,10.3,28.88
2022-02-15,36.79,19.81,28.5,0.0,0.36,10.85,29.21
2022-02-16,37.48,21.07,29.57,0.0,0.36,10.86,27.23
2022-02-17,32.08,20.59,26.48,0.0,0.35,11.92,25.23
2022-02-18,29.16,15.9,22.6,0.0,0.35,7.87,28.26
2022-02-19,33.24,14.24,24.28,0.0,0.35,8.93,29.24
2022-02-20,35.32,18.91,26.63,0.0,0.35,9.98,28.15
2022-02-21,32.33,16.96,24.64,0.0,0.35,9.11,23.92
2022-02-22,32.61,16.71,25.1,0.52,0.35,12.53,20.56
2022-02-23,32.68,21.12,26.53,0.94,0.35,16.79,22.56
2022-02-24,32.8,21.92,27.05,0.86,0.35,17.93,15.83
2022-02-25,32.5,21.13,26.44,0.08,0.35,18.1,18.94
2022-02-26,32.1,20.46,26.22,0.0,0.35,16.15,19.51
2022-02-27,32.15,20.83,26.59,0.05,0.35,15.83,21.11
2022-02-28,30.28,22.03,25.42,9.73,0.35,16.63,14.05
2022-03-01,30.4,20.48,24.69,8.75,0.37,18.16,21.42
2022-03-02,29.62,18.77,23.89,2.31,0.38,16.89,22.22
2022-03-03,32.35,18.08,25.08,0.0,0.37,14.72,25.95
2022-03-04,34.31,18.96,26.63,0.0,0.36,16.27,21.89
2022-03-05,27.16,19.81,22.89,0.2,0.36,13.15,21.54
2022-03-06,29.42,16.57,22.83,0.24,0.36,15.3,23.02
2022-03-07,32.47,19.26,25.46,0.0,0.36,15.29,24.25
2022-03-08,26.05,18.02,21.79,2.56,0.36,15.62,16.57
2022-03-09,30.11,16.27,22.7,0.0,0.36,11.88,24.81
2022-03-10,28.38,14.03,20.8,0.01,0.36,8.63,25.79
2022-03-11,29.71,13.78,21.55,0.0,0.35,9.17,25.54
2022-03-12,31.13,17.19,23.95,3.17,0.35,13.78,18.41
2022-03-13,31.31,19.38,24.68,1.68,0.36,14.31,17.6
2022-03-14,31.72,18.38,24.97,0.33,0.36,13.3,9.07
2022-03-15,26.71,18.8,22.55,1.97,0.36,14.66,6.08
2022-03-16,27.7,18.01,22.27,0.59,0.36,14.71,14.55
2022-03-17,30.71,19.48,24.09,2.81,0.36,14.9,13.68
2022-03-18,31.34,17.83,24.37,0.02,0.36,15.01,22.81
2022-03-19,32.39,18.29,25.21,0.0,0.35,14.36,22.09
2022-03-20,33.56,19.0,25.77,0.0,0.35,12.86,22.36
2022-03-21,34.58,18.74,26.43,0.0,0.35,11.24,22.56
2022-03-22,37.24,20.68,28.4,0.0,0.35,10.77,21.04
2022-03-23,27.55,17.06,21.64,0.0,0.35,8.31,21.44
2022-03-24,25.7,14.69,19.49,0.0,0.34,7.15,22.52
2022-03-25,29.86,11.65,20.86,0.0,0.34,9.75,21.66
2022-03-26,30.05,16.71,23.42,0.0,0.34,11.69,20.72
2022-03-27,29.39,17.09,22.45,0.01,0.34,12.02,17.66
2022-03-28,26.36,15.75,20.92,0.0,0.34,13.0,14.85
2022-03-29,29.21,15.57,22.36,0.0,0.34,13.93,19.25
2022-03-30,29.22,16.43,21.95,0.0,0.34,10.15,20.66
2022-03-31,27.66,12.78,20.22,0.0,0.34,9.81,19.71
2022-04-01,24.09,12.5,18.07,0.0,0.34,5.06,21.76
2022-04-02,23.84,10.14,16.59,0.0,0.34,6.16,21.03
2022-04-03,23.06,11.79,17.39,0.0,0.34,8.05,19.18
2022-04-04,26.28,13.56,19.22,0.0,0.34,8.3,20.32
2022-04-05,28.94,12.88,20.69,0.0,0.34,8.11,20.23
2022-04-06,25.31,13.43,19.53,0.02,0.34,7.1,9.9
2022-04-07,24.15,13.47,18.62,0.34,0.34,12.21,14.65
2022-04-08,22.67,15.67,18.89,6.72,0.34,14.82,10.89
2022-04-09,25.52,15.24,19.88,1.17,0.35,15.04,12.54
2022-04-10,28.59,15.98,21.55,0.03,0.35,14.63,17.86
2022-04-11,30.07,16.54,22.4,0.0,0.35,12.23,18.26
2022-04-12,25.31,12.51,18.61,0.0,0.34,5.79,17.99
2022-04-13,25.49,9.86,17.44,0.0,0.34,5.78,19.43
2022-04-14,26.98,11.79,18.69,0.0,0.34,8.69,18.98
2022-04-15,26.63,13.4,18.86,0.0,0.34,9.39,13.13
2022-04-16,28.13,12.87,20.27,0.0,0.34,8.52,17.73
2022-04-17,29.32,13.36,21.08,0.0,0.34,7.85,17.91
2022-04-18,30.3,16.9,23.08,0.06,0.34,8.54,10.74
2022-04-19,21.63,13.45,17.64,23.38,0.36,12.89,2.54
2022-04-20,21.24,9.28,15.0,0.23,0.38,7.98,17.54
2022-04-21,22.22,10.33,16.04,0.0,0.37,8.04,14.19
2022-04-22,23.36,9.31,17.0,0.0,0.37,9.98,15.06
2022-04-23,25.42,12.52,18.39,0.0,0.37,11.13,16.31
2022-04-24,25.21,11.7,17.89,0.0,0.36,10.02,15.64
2022-04-25,25.07,14.14,18.23,0.0,0.36,10.25,13.42
2022-04-26,24.19,14.52,18.37,1.33,0.36,11.49,8.19
2022-04-27,21.82,15.19,17.39,4.95,0.37,14.56,7.49
2022-04-28,23.41,14.12,18.14,0.84,0.37,12.81,8.62
2022-04-29,26.1,13.03,20.15,0.2,0.37,15.42,13.24
2022-04-30,21.52,11.6,16.71,3.14,0.37,8.99,15.44
2022-05-01,20.58,9.53,14.36,0.0,0.37,5.74,16.13
2022-05-02,21.78,8.57,14.58,0.0,0.37,5.8,16.05
2022-05-03,25.57,8.49,16.38,0.12,0.37,7.14,14.51
2022-05-04,24.57,12.52,17.8,0.12,0.36,10.05,13.46
2022-05-05,17.61,6.86,12.0,0.0,0.36,3.8,13.87
2022-05-06,15.19,3.38,8.87,0.01,0.36,3.33,12.63
2022-05-07,17.57,4.38,10.01,0.0,0.36,3.12,13.02
2022-05-08,17.88,5.22,11.38,0.0,0.36,5.63,10.35
2022-05-09,20.48,5.63,12.46,0.0,0.36,5.66,14.99
2022-05-10,21.36,8.99,14.6,0.0,0.36,8.82,9.63
2022-05-11,17.28,13.38,15.0,6.99,0.36,12.7,3.53
2022-05-12,18.47,14.02,15.77,16.52,0.39,14.48,5.48
2022-05-13,23.05,12.53,17.53,0.49,0.4,14.06,7.58
2022-05-14,23.53,14.24,17.75,2.14,0.4,13.5,6.69
2022-05-15,22.74,14.13,17.85,0.26,0.39,12.45,10.76
2022-05-16,21.12,8.9,14.95,0.05,0.39,9.21,12.95
2022-05-17,18.01,7.06,12.1,0.0,0.39,6.33,12.91
2022-05-18,17.9,6.38,11.05,0.0,0.39,5.57,10.13
2022-05-19,15.95,4.61,9.73,0.0,0.39,3.3,11.44
2022-05-20,15.8,5.45,10.71,0.0,0.38,5.69,8.71
2022-05-21,20.26,8.33,13.09,0.0,0.38,8.49,10.55
2022-05-22,20.73,8.48,13.73,0.07,0.38,8.79,12.62
2022-05-23,20.89,8.54,13.59,0.02,0.38,8.49,12.66
2022-05-24,21.02,8.21,13.59,0.0,0.38,8.88,12.64
2022-05-25,18.94,10.33,13.77,0.31,0.38,10.2,7.32
2022-05-26,20.55,11.56,15.34,5.32,0.38,12.16,7.7
2022-05-27,19.19,12.09,14.96,4.7,0.4,11.9,7.96
2022-05-28,17.67,8.65,12.66,0.1,0.4,7.82,10.64
2022-05-29,17.11,7.42,11.89,0.0,0.39,6.24,10.37
2022-05-30,14.67,7.37,10.59,14.61,0.4,6.15,6.83
2022-05-31,13.21,5.53,9.35,2.7,0.42,5.21,8.47
2022-06-01,12.76,3.43,6.83,0.09,0.42,2.26,12.0
2022-06-02,12.23,1.96,6.98,0.01,0.41,2.52,9.43
2022-06-03,10.41,3.89,6.92,0.94,0.41,4.29,5.16
2022-06-04,15.55,4.16,9.37,0.88,0.41,6.45,6.87
2022-06-05,16.85,8.51,12.25,5.82,0.41,6.45,8.57
2022-06-06,13.19,5.82,9.17,0.86,0.42,4.61,10.7
2022-06-07,12.96,5.07,8.31,1.29,0.42,5.36,9.0
2022-06-08,12.06,2.31,6.42,0.03,0.42,3.28,9.44
2022-06-09,12.42,4.55,8.05,0.2,0.41,5.16,6.12
2022-06-10,13.12,6.24,8.93,0.25,0.41,6.54,8.98
2022-06-11,13.45,4.56,8.49,0.07,0.41,5.06,8.89
2022-06-12,13.63,3.45,7.95,0.0,0.41,4.39,5.61
2022-06-13,14.34,6.09,9.39,0.0,0.41,5.94,6.76
2022-06-14,15.13,3.37,8.26,0.0,0.41,4.5,11.03
2022-06-15,17.48,3.53,9.67,0.02,0.41,3.8,10.11
2022-06-16,15.13,7.53,10.86,0.96,0.41,8.68,6.22
2022-06-17,16.22,6.38,10.07,0.23,0.41,7.94,6.45
2022-06-18,15.99,5.73,9.82,0.0,0.41,6.55,11.31
2022-06-19,15.19,3.46,9.09,0.0,0.41,7.05,7.49
2022-06-20,19.5,7.09,12.04,0.0,0.41,8.13,10.43
2022-06-21,16.52,5.73,10.4,0.31,0.41,5.92,9.56
2022-06-22,16.03,5.35,9.92,0.19,0.41,5.89,11.05
2022-06-23,18.38,6.96,11.83,0.0,0.41,7.68,8.4
2022-06-24,18.53,7.07,11.95,0.04,0.41,6.02,10.55
2022-06-25,17.54,7.17,11.28,0.25,0.4,6.03,10.15
2022-06-26,16.49,8.33,11.32,0.01,0.4,7.34,9.3
2022-06-27,13.22,3.24,7.98,0.02,0.4,4.13,12.1
2022-06-28,15.27,1.78,7.12,0.0,0.4,1.65,11.92
2022-06-29,13.04,4.17,7.97,0.0,0.4,3.39,6.62
2022-06-30,16.8,6.4,10.41,0.01,0.4,4.84,10.11
2022-07-01,13.47,6.4,9.21,0.89,0.4,6.26,10.49
2022-07-02,11.36,5.49,7.61,1.93,0.4,5.34,6.93
2022-07-03,13.14,4.06,7.84,2.35,0.41,5.56,5.57
2022-07-04,17.26,4.73,9.21,0.0,0.41,4.54,11.86
2022-07-05,16.25,4.21,9.29,0.07,0.41,4.46,10.85
2022-07-06,18.06,5.11,10.12,0.04,0.4,5.04,11.56
2022-07-07,14.48,2.08,7.77,0.0,0.4,3.22,9.98
2022-07-08,12.15,2.29,6.12,0.01,0.4,3.84,10.63
2022-07-09,12.11,4.28,6.85,0.13,0.4,4.47,11.4
2022-07-10,15.93,3.38,8.21,0.02,0.4,4.84,12.24
2022-07-11,16.02,5.45,10.18,0.0,0.4,6.17,9.74
2022-07-12,15.07,5.65,10.19,0.23,0.4,5.16,8.61
2022-07-13,13.38,4.62,7.74,0.28,0.4,3.64,10.49
2022-07-14,14.03,2.63,6.81,0.0,0.4,2.88,12.55
2022-07-15,13.35,1.14,6.29,0.0,0.4,2.66,12.81
2022-07-16,17.51,4.25,9.44,0.0,0.4,1.24,12.55
2022-07-17,17.15,6.03,10.78,5.88,0.4,3.61,10.44
2022-07-18,10.85,2.84,6.73,2.73,0.41,4.26,10.04
2022-07-19,14.07,1.52,6.71,0.01,0.41,2.27,12.73
2022-07-20,13.17,4.56,8.52,0.03,0.41,5.31,8.25
2022-07-21,17.22,6.07,10.3,0.0,0.41,6.43,9.24
2022-07-22,18.88,6.61,11.74,0.0,0.41,7.2,12.66
2022-07-23,18.72,7.48,11.94,0.01,0.4,7.83,10.02
2022-07-24,19.69,8.87,13.27,0.01,0.4,7.76,12.91
2022-07-25,22.11,9.09,14.41,0.3,0.4,8.34,7.58
2022-07-26,13.68,5.27,9.78,0.01,0.4,3.83,11.9
2022-07-27,15.41,3.22,8.85,0.0,0.4,4.92,11.87
2022-07-28,16.72,5.47,9.93,0.13,0.4,4.85,12.07
2022-07-29,14.98,3.6,8.76,0.78,0.4,4.12,14.01
2022-07-30,16.52,0.05,7.62,0.0,0.4,-0.38,14.48
2022-07-31,15.6,6.46,10.7,5.07,0.4,4.97,6.23
2022-08-01,14.23,4.34,8.78,0.36,0.41,3.93,14.2
2022-08-02,17.66,1.74,10.04,0.0,0.41,0.96,13.83
2022-08-03,24.99,10.6,17.2,1.75,0.4,8.39,13.06
2022-08-04,19.5,11.77,16.24,20.79,0.42,13.9,4.75
2022-08-05,18.13,5.45,11.68,0.11,0.44,4.54,14.31
2022-08-06,14.99,7.15,10.64,0.88,0.43,6.32,11.82
2022-08-07,14.47,6.01,9.89,1.27,0.43,6.62,8.99
2022-08-08,14.77,5.45,9.33,0.5,0.43,5.34,11.94
2022-08-09,15.67,2.09,8.26,0.0,0.42,3.55,15.5
2022-08-10,15.25,3.3,9.38,0.0,0.42,4.28,11.28
2022-08-11,17.16,9.03,12.21,5.17,0.42,6.7,3.33
2022-08-12,18.52,6.83,11.95,0.41,0.43,5.86,14.8
2022-08-13,15.06,7.03,10.31,0.77,0.43,6.33,8.86
2022-08-14,13.42,7.06,9.68,3.99,0.43,6.77,8.4
2022-08-15,14.3,5.93,9.23,3.98,0.43,6.55,8.61
2022-08-16,14.22,5.9,9.08,0.54,0.43,6.76,7.88
2022-08-17,17.4,5.71,10.91,0.03,0.43,6.6,14.62
2022-08-18,19.91,8.29,13.34,0.15,0.43,4.89,6.86
2022-08-19,15.56,5.67,10.49,0.78,0.43,5.08,15.22
2022-08-20,16.58,5.18,10.4,2.64,0.43,6.1,12.21
2022-08-21,17.94,7.31,12.06,0.05,0.43,4.76,10.87
2022-08-22,19.86,6.54,13.12,0.12,0.42,4.91,10.33
2022-08-23,12.27,4.91,8.66,3.2,0.43,2.23,14.57
2022-08-24,14.62,2.27,8.2,0.12,0.43,3.7,11.36
2022-08-25,16.06,4.59,9.93,0.02,0.42,6.64,8.47
2022-08-26,18.44,5.46,11.46,0.0,0.42,6.91,15.93
2022-08-27,19.84,5.73,13.14,0.0,0.42,7.3,15.98
2022-08-28,22.43,9.68,16.31,0.0,0.42,9.01,16.22
2022-08-29,24.37,12.13,16.71,6.4,0.42,11.91,6.8
2022-08-30,18.57,7.0,12.39,0.07,0.43,7.8,13.72
2022-08-31,18.66,5.24,11.55,0.01,0.42,6.18,17.71
2022-09-01,19.03,7.48,13.0,0.0,0.42,6.2,15.95
2022-09-02,17.44,7.7,12.15,0.0,0.42,4.7,16.8
2022-09-03,17.59,3.39,9.9,0.0,0.42,3.22,19.14
2022-09-04,19.05,3.3,10.75,0.0,0.41,3.08,20.19
2022-09-05,18.74,5.47,11.81,0.0,0.41,4.15,18.19
2022-09-06,19.41,6.93,13.1,0.0,0.41,5.61,16.39
2022-09-07,21.36,9.01,14.95,0.58,0.41,9.18,7.91
2022-09-08,16.68,9.79,13.68,18.66,0.43,10.96,4.78
2022-09-09,17.66,8.11,12.89,6.34,0.44,8.28,12.14
2022-09-10,16.54,7.41,12.38,1.93,0.45,8.81,7.93
2022-09-11,17.09,5.39,10.32,0.0,0.44,4.09,18.85
2022-09-12,17.55,3.91,10.67,0.02,0.44,4.66,15.76
2022-09-13,17.15,3.9,9.96,0.0,0.43,3.76,21.09
2022-09-14,22.46,5.03,13.57,0.57,0.43,5.62,15.88
2022-09-15,23.54,9.07,15.29,4.59,0.43,10.53,16.81
2022-09-16,21.71,5.88,13.95,0.24,0.43,4.4,19.12
2022-09-17,17.22,6.44,12.45,0.51,0.43,6.5,15.93
2022-09-18,18.29,6.57,12.16,0.09,0.43,6.02,14.34
2022-09-19,17.96,7.17,11.62,0.01,0.42,3.73,22.75
2022-09-20,22.01,5.17,13.83,0.0,0.42,4.22,19.5
2022-09-21,21.99,11.6,16.43,3.7,0.42,9.88,10.24
2022-09-22,23.99,9.26,17.16,0.33,0.42,10.99,16.83
2022-09-23,21.7,12.94,16.95,1.18,0.42,11.97,13.74
2022-09-24,19.87,8.59,13.56,0.1,0.42,7.66,20.05
2022-09-25,21.94,6.94,14.59,0.0,0.41,4.87,22.5
2022-09-26,20.9,11.89,15.72,1.19,0.41,9.15,6.79
2022-09-27,18.56,10.48,14.06,1.35,0.41,8.14,15.82
2022-09-28,17.36,9.76,12.82,3.42,0.42,8.99,17.77
2022-09-29,22.13,8.34,15.16,0.23,0.42,9.25,21.58
2022-09-30,21.67,11.29,16.33,0.0,0.41,8.87,21.61
2022-10-01,19.7,11.28,14.82,0.02,0.41,8.71,16.78
2022-10-02,22.7,6.88,14.71,0.0,0.41,6.63,23.7
2022-10-03,23.89,9.78,16.52,0.0,0.41,6.42,21.56
2022-10-04,26.67,12.16,18.87,0.69,0.4,8.12,13.4
2022-10-05,17.77,14.13,15.96,49.08,0.45,13.81,4.65
2022-10-06,24.81,13.07,18.89,0.68,0.48,14.62,15.15
2022-10-07,23.06,15.14,18.36,13.37,0.48,15.5,12.01
2022-10-08,16.56,8.86,12.66,5.36,0.49,8.54,8.52
2022-10-09,18.37,5.47,11.49,0.0,0.48,3.78,27.03
2022-10-10,20.4,5.1,12.79,0.0,0.47,4.18,26.34
2022-10-11,23.3,9.1,16.76,0.0,0.46,9.64,21.04
2022-10-12,21.01,14.18,17.46,6.59,0.46,13.54,7.69
2022-10-13,24.35,11.23,17.74,25.08,0.48,12.71,11.1
2022-10-14,20.13,9.17,14.51,0.68,0.51,8.9,23.75
2022-10-15,20.85,10.24,15.15,0.01,0.49,8.86,19.76
2022-10-16,20.1,8.12,14.26,0.0,0.48,8.24,21.37
2022-10-17,21.8,7.14,14.75,0.0,0.48,7.8,26.61
2022-10-18,22.55,9.87,16.99,0.29,0.47,10.94,14.86
2022-10-19,23.53,13.98,18.39,3.59,0.47,14.44,20.56
2022-10-20,24.45,16.62,20.04,16.76,0.49,17.67,13.52
2022-10-21,23.56,16.49,19.45,6.89,0.5,16.72,15.96
2022-10-22,25.92,14.88,20.33,4.37,0.5,15.99,21.53
2022-10-23,26.78,13.87,20.68,1.36,0.5,16.17,23.75
2022-10-24,21.46,15.94,18.4,22.31,0.52,15.58,12.34
2022-10-25,23.71,13.87,18.87,3.5,0.52,14.25,17.62
2022-10-26,24.07,12.84,18.59,1.01,0.52,13.47,21.18
2022-10-27,22.3,14.15,17.18,0.92,0.51,10.91,24.5
2022-10-28,20.66,9.72,15.7,0.03,0.5,8.69,24.96
2022-10-29,21.07,7.43,14.39,0.01,0.49,7.65,26.83
2022-10-30,25.17,9.24,17.96,0.19,0.49,9.96,14.78
2022-10-31,27.66,15.26,20.84,27.83,0.5,16.65,8.45
2022-11-01,14.6,7.4,10.16,11.52,0.54,6.87,12.08
2022-11-02,16.57,6.35,11.01,0.19,0.53,4.96,23.39
2022-11-03,19.32,7.25,13.61,0.11,0.52,7.77,21.29
2022-11-04,21.94,8.98,15.91,0.0,0.51,8.51,27.25
2022-11-05,24.42,10.6,18.34,0.0,0.51,10.8,23.72
2022-11-06,23.96,15.3,18.95,0.52,0.5,14.33,14.72
2022-11-07,25.26,15.37,20.05,0.99,0.5,13.84,21.65
2022-11-08,26.46,13.72,20.44,0.03,0.49,13.43,26.99
2022-11-09,28.49,14.32,21.82,0.0,0.49,13.83,28.17
2022-11-10,27.76,15.9,22.12,14.67,0.48,15.14,15.63
2022-11-11,27.59,16.83,21.88,2.38,0.5,17.7,25.25
2022-11-12,26.99,16.95,22.11,2.5,0.5,17.93,22.82
2022-11-13,27.93,12.36,21.53,27.52,0.53,18.19,6.88
2022-11-14,22.0,11.69,16.29,1.03,0.54,11.19,21.06
2022-11-15,18.47,9.68,13.57,0.69,0.52,7.03,20.9
2022-11-16,17.76,8.87,12.84,0.0,0.52,5.13,26.76
2022-11-17,19.99,5.87,13.18,0.0,0.51,5.71,32.55
2022-11-18,24.11,9.17,16.93,0.0,0.5,7.54,32.13
2022-11-19,25.51,14.18,20.03,5.91,0.5,12.51,11.78
2022-11-20,21.4,11.66,16.51,0.15,0.5,8.4,28.64
2022-11-21,17.8,9.44,13.7,1.15,0.49,5.39,24.85
2022-11-22,20.19,5.9,13.38,0.0,0.49,6.22,23.65
2022-11-23,22.97,8.28,15.96,0.0,0.48,9.99,23.5
2022-11-24,25.52,12.27,18.78,0.0,0.48,11.18,30.64
2022-11-25,27.53,11.0,19.57,0.0,0.47,11.14,31.98
2022-11-26,30.09,12.56,21.7,0.0,0.47,11.1,28.6
2022-11-27,28.34,14.29,21.28,0.0,0.46,12.91,25.54
2022-11-28,23.26,10.69,17.14,0.0,0.46,8.24,32.85
2022-11-29,24.01,10.68,17.26,0.0,0.45,9.02,32.67
2022-11-30,26.76,10.61,19.02,0.0,0.45,8.54,32.49
2022-12-01,29.52,12.18,21.53,0.66,0.44,12.15,27.81
2022-12-02,28.64,16.73,22.47,0.15,0.44,12.98,29.29
2022-12-03,30.16,15.47,23.34,0.0,0.43,12.36,29.74
2022-12-04,32.25,17.25,25.57,0.0,0.43,12.6,30.21
2022-12-05,29.67,15.68,23.14,0.0,0.43,12.28,21.43
2022-12-06,26.79,11.44,19.15,0.0,0.42,7.78,33.04
2022-12-07,24.99,13.8,19.66,6.44,0.42,11.7,6.01
2022-12-08,21.19,8.0,14.86,0.01,0.43,4.13,34.22
2022-12-09,21.56,8.43,14.9,0.0,0.43,4.15,23.99
2022-12-10,27.56,9.19,19.66,0.0,0.42,6.23,32.45
2022-12-11,35.3,15.68,26.19,0.05,0.42,9.75,21.45
2022-12-12,25.05,12.62,18.53,3.98,0.42,8.13,28.27
2022-12-13,22.94,9.55,16.68,0.14,0.42,6.65,30.55
2022-12-14,21.81,8.19,15.55,0.01,0.41,4.99,30.56
2022-12-15,22.7,7.66,15.56,0.0,0.41,5.12,31.39
2022-12-16,25.23,9.17,17.49,0.0,0.41,4.99,34.15
2022-12-17,28.68,11.33,20.33,0.0,0.4,7.88,33.59
2022-12-18,29.0,13.46,21.44,0.0,0.4,8.23,32.35
2022-12-19,29.65,14.31,21.59,0.0,0.4,6.54,33.92
2022-12-20,30.46,14.37,22.19,0.0,0.39,5.72,32.04
2022-12-21,28.86,14.8,22.31,0.07,0.39,6.83,30.69
2022-12-22,30.37,19.5,24.47,2.42,0.39,14.13,18.86
2022-12-23,33.56,18.42,26.51,1.12,0.39,14.32,27.82
2022-12-24,33.86,18.69,26.56,0.15,0.39,12.18,30.86
2022-12-25,35.88,18.65,28.32,0.13,0.38,13.64,29.18
2022-12-26,38.11,22.5,30.73,0.0,0.38,14.01,28.98
2022-12-27,38.38,22.9,30.36,0.0,0.37,11.38,31.3
2022-12-28,38.41,20.44,29.02,0.01,0.37,10.82,29.66
2022-12-29,33.26,20.72,26.01,0.25,0.37,16.02,15.69
2022-12-30,33.66,21.72,27.85,1.49,0.37,15.88,25.85
2022-12-31,34.78,21.32,28.11,1.82,0.37,15.67,25.16
2023-01-01,37.34,22.94,30.36,0.28,0.36,15.23,26.9
2023-01-02,38.12,24.54,30.8,2.69,0.36,15.8,14.78
2023-01-03,36.57,22.36,29.4,0.01,0.36,14.04,30.46
2023-01-04,28.05,15.41,21.61,0.0,0.36,7.18,33.17
2023-01-05,29.86,13.15,21.91,0.0,0.36,9.61,30.7
2023-01-06,30.32,14.27,22.55,0.0,0.36,8.4,32.93
2023-01-07,32.38,15.6,24.26,0.0,0.35,9.55,33.21
2023-01-08,34.5,17.24,26.43,0.0,0.35,8.62,32.9
2023-01-09,38.61,24.16,31.23,0.0,0.35,8.59,31.34
2023-01-10,38.01,21.96,30.09,0.0,0.35,10.13,32.39
2023-01-11,38.79,19.28,29.96,0.0,0.34,6.64,32.93
2023-01-12,39.16,25.03,31.12,0.0,0.34,7.26,19.31
2023-01-13,40.03,22.16,31.6,0.0,0.34,8.09,29.48
2023-01-14,37.9,23.48,30.72,0.09,0.34,13.55,28.92
2023-01-15,39.21,25.21,32.44,0.01,0.34,13.27,28.75
2023-01-16,39.15,25.79,32.22,2.99,0.34,14.78,25.58
2023-01-17,38.62,23.08,31.15,1.24,0.34,15.45,29.85
2023-01-18,38.78,21.53,29.12,2.6,0.34,15.39,20.56
2023-01-19,28.45,14.41,21.3,0.06,0.34,4.5,33.59
2023-01-20,31.52,14.02,23.82,0.01,0.34,9.09,30.38
2023-01-21,30.65,20.17,24.77,14.48,0.35,13.7,19.16
2023-01-22,26.42,18.21,22.06,7.74,0.38,15.04,23.92
2023-01-23,31.49,14.95,23.74,0.0,0.37,11.94,30.84
2023-01-24,32.05,19.69,25.08,0.2,0.36,12.28,17.09
2023-01-25,35.28,17.15,26.57,0.0,0.36,10.88,31.27
2023-01-26,37.3,20.96,28.12,0.0,0.35,9.37,29.64
2023-01-27,35.32,16.98,26.18,0.0,0.35,4.76,32.36
2023-01-28,40.12,19.54,31.01,0.0,0.35,9.87,25.09
2023-01-29,31.73,22.07,26.72,15.2,0.36,18.34,6.02
2023-01-30,30.23,20.78,25.32,11.24,0.39,18.4,15.73
2023-01-31,32.6,19.12,25.72,0.5,0.38,12.7,30.17
2023-02-01,32.2,14.3,23.68,0.0,0.37,6.77,31.64
2023-02-02,27.81,14.99,21.77,0.04,0.37,8.82,30.72
2023-02-03,22.2,11.68,16.94,0.17,0.37,5.2,24.15
2023-02-04,24.99,9.75,17.62,0.0,0.36,5.68,31.44
2023-02-05,29.98,12.29,21.67,0.0,0.36,8.23,29.88
2023-02-06,32.74,15.39,24.28,0.0,0.36,7.98,29.95
2023-02-07,33.54,16.1,25.06,0.0,0.35,7.59,30.81
2023-02-08,35.74,16.43,26.5,0.0,0.35,8.83,30.07
2023-02-09,34.96,19.36,27.35,0.09,0.35,11.44,28.92
2023-02-10,37.1,19.67,28.77,0.92,0.35,11.0,27.9
2023-02-11,36.87,21.41,28.82,0.0,0.35,9.63,29.7
2023-02-12,30.28,16.3,23.19,0.0,0.34,8.94,29.87
2023-02-13,28.9,13.98,20.73,0.0,0.34,4.59,27.02
2023-02-14,32.83,12.65,23.27,0.0,0.34,8.22,28.86
2023-02-15,34.66,18.27,26.44,0.0,0.34,11.14,29.03
2023-02-16,38.96,21.32,30.13,0.0,0.34,8.94,28.82
2023-02-17,40.2,24.02,32.19,0.0,0.34,10.73,26.14
2023-02-18,39.74,22.57,31.18,0.0,0.34,6.69,27.72
2023-02-19,36.38,17.72,27.18,0.12,0.33,3.15,29.56
2023-02-20,39.09,18.97,29.47,0.25,0.33,3.88,28.07
2023-02-21,39.02,21.8,30.61,1.3,0.33,8.57,26.03
2023-02-22,34.11,22.43,28.15,0.19,0.33,14.12,26.24
2023-02-23,32.39,19.73,25.48,0.0,0.33,10.1,27.09
2023-02-24,33.98,18.08,25.98,0.0,0.33,9.87,27.68
2023-02-25,36.24,18.49,27.62,0.0,0.33,10.35,22.65
2023-02-26,35.11,22.37,28.09,0.0,0.33,13.78,25.6
2023-02-27,32.03,17.17,24.27,0.0,0.33,6.33,27.4
2023-02-28,30.86,16.27,24.13,0.0,0.33,8.09,24.92
2023-03-01,29.21,19.16,23.24,0.0,0.33,6.75,25.09
2023-03-02,32.82,14.89,23.8,0.0,0.33,5.52,27.23
2023-03-03,34.79,15.63,25.31,0.0,0.33,6.42,26.43
2023-03-04,36.74,21.0,28.75,0.06,0.32,11.22,23.06
2023-03-05,38.27,22.79,30.3,0.48,0.32,11.27,24.53
2023-03-06,31.84,18.98,24.78,0.0,0.32,7.1,26.02
2023-03-07,28.0,16.05,21.37,0.0,0.32,3.45,26.91
2023-03-08,26.56,13.09,19.98,0.0,0.32,6.69,22.73
2023-03-09,25.07,12.87,18.7,0.0,0.32,4.61,26.24
2023-03-10,29.33,12.24,20.97,0.0,0.32,4.05,26.07
2023-03-11,32.3,17.01,23.64,0.0,0.32,3.5,25.42
2023-03-12,33.08,15.71,23.66,0.32,0.32,7.56,22.65
2023-03-13,29.34,14.77,21.99,0.99,0.32,13.77,20.68
2023-03-14,30.88,17.5,24.32,0.0,0.32,14.27,22.65
2023-03-15,34.53,19.99,26.83,0.0,0.32,9.72,23.81
2023-03-16,36.01,19.89,26.97,0.0,0.32,3.47,24.45
2023-03-17,33.74,16.85,25.69,0.0,0.32,8.77,24.47
2023-03-18,40.7,19.0,29.73,0.0,0.32,6.11,24.06
2023-03-19,41.35,21.64,30.83,0.0,0.32,5.21,23.26
2023-03-20,37.67,20.27,27.55,0.0,0.31,10.31,21.38
2023-03-21,29.78,22.05,25.08,4.33,0.32,16.04,11.64
2023-03-22,31.69,20.29,25.14,5.75,0.33,16.15,15.5
2023-03-23,33.32,20.66,25.73,2.11,0.33,16.5,20.17
2023-03-24,30.93,19.15,24.25,1.16,0.33,16.0,19.9
2023-03-25,30.87,17.61,24.16,0.01,0.33,12.67,21.04
2023-03-26,31.56,19.05,24.02,0.01,0.33,12.94,13.55
2023-03-27,28.52,17.58,22.29,0.5,0.33,13.24,7.91
2023-03-28,28.7,19.88,22.68,14.81,0.34,18.15,6.99
2023-03-29,25.19,16.78,20.86,4.23,0.36,13.41,17.12
2023-03-30,22.33,12.05,16.75,0.01,0.35,6.93,21.47
2023-03-31,23.22,10.86,17.19,0.02,0.35,7.98,15.73
2023-04-01,21.98,11.34,15.95,0.0,0.35,7.11,19.04
2023-04-02,24.85,7.52,16.36,0.0,0.34,5.11,20.91
2023-04-03,28.22,12.47,20.27,0.0,0.34,10.2,18.59
2023-04-04,29.99,15.69,22.61,0.0,0.34,9.95,18.54
2023-04-05,29.87,15.38,22.41,0.0,0.34,9.28,19.47
2023-04-06,29.21,18.0,23.36,0.28,0.34,9.5,6.7
2023-04-07,25.31,15.42,20.48,2.52,0.34,10.2,16.39
2023-04-08,21.44,12.27,16.27,3.35,0.34,9.11,12.32
2023-04-09,19.49,9.13,14.03,0.02,0.34,5.55,17.29
2023-04-10,19.89,6.75,13.2,0.0,0.34,5.89,17.12
2023-04-11,20.72,7.39,14.55,0.0,0.34,6.11,16.87
2023-04-12,25.04,12.09,17.01,6.97,0.34,9.03,11.5
2023-04-13,22.16,12.31,16.24,2.05,0.35,10.76,10.31
2023-04-14,26.34,10.62,18.23,0.0,0.35,9.58,18.79
2023-04-15,25.34,13.98,18.58,1.2,0.35,9.92,7.97
2023-04-16,20.08,11.54,15.78,3.91,0.36,8.96,12.67
2023-04-17,21.7,7.54,14.11,0.01,0.35,4.51,18.58
2023-04-18,22.89,8.02,15.35,0.0,0.35,7.17,15.85
2023-04-19,24.54,10.2,16.77,0.0,0.35,8.01,16.09
2023-04-20,22.15,7.97,14.33,0.0,0.35,3.68,18.08
2023-04-21,24.53,7.62,15.39,0.0,0.35,6.21,17.6
2023-04-22,25.86,9.29,17.13,0.0,0.34,7.61,17.45
2023-04-23,27.01,9.97,17.96,0.0,0.34,7.32,17.23
2023-04-24,27.22,13.62,19.44,0.0,0.34,10.43,16.73
2023-04-25,27.5,13.09,19.73,0.0,0.34,9.98,16.21
2023-04-26,27.04,13.59,19.99,0.0,0.34,8.92,15.87
2023-04-27,28.37,14.34,21.11,0.0,0.34,9.06,16.07
2023-04-28,27.48,16.99,20.39,1.49,0.34,10.58,11.03
2023-04-29,18.96,9.4,14.19,0.89,0.34,6.18,12.34
2023-04-30,16.0,5.66,10.98,0.95,0.34,2.63,12.9
2023-05-01,19.77,8.59,13.66,1.58,0.35,6.55,10.76
2023-05-02,20.93,11.22,15.66,0.0,0.34,9.73,11.53
2023-05-03,19.61,9.45,14.14,0.16,0.34,7.26,11.3
2023-05-04,18.35,5.37,11.33,0.0,0.34,3.95,15.91
2023-05-05,19.08,6.62,12.52,0.0,0.34,2.82,15.76
2023-05-06,20.46,7.67,12.75,0.25,0.34,4.42,10.22
2023-05-07,13.27,3.19,8.13,0.0,0.34,1.41,13.9
2023-05-08,15.4,2.42,8.48,0.0,0.34,2.87,13.43
2023-05-09,18.18,5.68,10.6,0.02,0.34,5.85,14.82
2023-05-10,19.53,5.45,11.16,0.0,0.34,5.68,14.92
2023-05-11,22.95,5.14,13.41,0.0,0.34,3.63,14.83
2023-05-12,23.62,6.91,14.69,0.0,0.34,2.41,13.76
2023-05-13,23.39,10.41,16.04,0.0,0.34,7.72,12.33
2023-05-14,21.65,9.12,14.61,0.0,0.34,7.47,13.38
2023-05-15,22.0,8.91,15.26,0.0,0.34,8.23,13.58
2023-05-16,21.17,8.82,14.47,0.0,0.34,5.76,13.63
2023-05-17,17.4,5.18,10.74,0.0,0.34,4.83,13.63
2023-05-18,16.61,4.69,10.1,0.0,0.34,3.34,11.53
2023-05-19,16.22,2.49,8.73,0.0,0.34,2.39,13.4
2023-05-20,16.37,4.97,10.35,0.0,0.34,6.04,8.28
2023-05-21,16.4,5.96,10.15,0.0,0.34,4.99,7.5
2023-05-22,18.01,2.95,9.43,0.0,0.34,1.85,13.56
2023-05-23,18.07,5.8,10.75,0.0,0.34,1.09,13.52
2023-05-24,19.77,4.27,11.58,0.0,0.33,0.92,13.42
2023-05-25,19.65,8.32,13.66,0.27,0.33,-1.51,8.23
2023-05-26,14.68,5.32,9.67,3.88,0.34,3.67,12.51
2023-05-27,13.93,3.05,8.19,0.68,0.34,5.77,7.32
2023-05-28,14.69,6.76,9.91,0.58,0.34,7.03,7.59
2023-05-29,17.86,7.06,11.79,0.64,0.34,8.1,9.7
2023-05-30,18.56,8.27,12.98,0.06,0.34,9.1,8.57
2023-05-31,18.84,10.81,14.33,0.0,0.34,9.95,8.45
2023-06-01,22.85,10.51,15.28,0.0,0.34,8.93,11.29
2023-06-02,23.31,9.51,15.32,0.3,0.34,7.94,7.84
2023-06-03,25.42,11.9,17.09,0.0,0.34,7.87,11.58
2023-06-04,23.83,11.37,16.96,0.0,0.34,9.29,9.88
2023-06-05,16.8,14.48,15.5,2.84,0.34,11.86,3.9
2023-06-06,22.66,14.4,17.21,0.41,0.34,13.99,6.45
2023-06-07,25.62,13.03,18.28,0.75,0.34,11.63,6.95
2023-06-08,17.98,8.87,14.35,2.75,0.35,7.76,11.04
2023-06-09,15.73,7.24,10.31,0.28,0.35,5.19,7.11
2023-06-10,16.85,7.12,11.36,0.0,0.35,2.67,11.13
2023-06-11,18.36,3.98,10.56,0.0,0.34,2.91,11.53
2023-06-12,18.18,6.73,11.29,0.0,0.34,5.46,8.39
2023-06-13,17.55,7.0,11.28,0.59,0.34,5.39,10.49
2023-06-14,14.17,6.48,9.63,0.41,0.34,5.46,9.78
2023-06-15,16.49,4.12,9.82,0.0,0.34,4.5,7.89
2023-06-16,18.11,5.41,10.4,0.0,0.34,3.77,11.48
2023-06-17,18.67,4.65,10.44,0.0,0.34,1.65,11.89
2023-06-18,13.56,4.12,7.81,0.2,0.34,1.94,9.65
2023-06-19,15.25,3.05,7.54,3.49,0.34,2.85,7.88
2023-06-20,11.02,0.49,5.27,0.0,0.35,0.9,9.53
2023-06-21,9.89,-0.79,4.8,0.03,0.35,-0.09,9.76
2023-06-22,12.77,3.4,7.98,4.01,0.35,1.6,5.56
2023-06-23,14.34,5.31,9.14,0.09,0.35,5.71,10.57
2023-06-24,16.81,3.36,9.64,0.0,0.35,2.71,10.85
2023-06-25,16.41,2.85,9.25,0.0,0.35,1.24,11.8
2023-06-26,16.35,3.87,9.41,0.0,0.35,3.35,11.06
2023-06-27,14.76,6.24,9.47,0.07,0.35,5.76,3.78
2023-06-28,11.08,6.88,8.88,5.08,0.35,7.84,4.23
2023-06-29,11.95,3.29,7.0,0.28,0.36,2.89,7.83
2023-06-30,12.43,3.08,7.63,0.41,0.36,5.2,6.03
2023-07-01,15.09,5.28,9.89,0.46,0.36,6.7,7.06
2023-07-02,15.38,3.67,7.7,0.0,0.36,4.6,10.37
2023-07-03,18.71,4.12,10.56,0.95,0.35,6.04,6.44
2023-07-04,13.9,10.27,11.8,10.79,0.37,10.94,3.88
2023-07-05,14.51,6.91,10.57,0.5,0.38,7.23,5.7
2023-07-06,14.75,8.89,11.17,1.81,0.37,5.77,5.49
2023-07-07,14.09,6.26,9.21,0.08,0.37,5.72,9.84
2023-07-08,16.5,4.92,9.85,0.12,0.37,3.6,10.78
2023-07-09,16.04,4.83,9.85,0.1,0.37,6.18,9.84
2023-07-10,16.29,7.62,11.19,0.1,0.37,6.09,5.26
2023-07-11,17.26,3.75,9.79,0.0,0.37,4.88,11.49
2023-07-12,17.4,4.65,10.1,0.0,0.37,5.94,11.78
2023-07-13,18.79,3.72,10.0,0.0,0.37,3.32,12.53
2023-07-14,21.37,4.04,11.55,0.15,0.36,4.58,12.33
2023-07-15,21.19,7.83,13.06,0.03,0.36,5.86,9.94
2023-07-16,17.5,5.37,10.0,0.08,0.36,4.98,12.18
2023-07-17,20.11,3.75,11.43,0.0,0.36,4.52,12.38
2023-07-18,19.86,5.83,11.35,0.0,0.36,3.85,12.18
2023-07-19,14.5,4.08,8.02,0.07,0.36,1.59,13.42
2023-07-20,18.17,1.69,9.56,0.49,0.36,1.97,11.77
2023-07-21,14.35,3.99,9.07,0.33,0.36,4.92,12.55
2023-07-22,14.29,0.52,6.58,0.1,0.36,1.93,11.24
2023-07-23,15.01,3.81,8.16,0.0,0.36,3.16,7.69
2023-07-24,16.11,2.04,7.22,0.01,0.36,3.86,12.94
2023-07-25,16.82,3.15,8.26,0.08,0.36,4.23,13.56
2023-07-26,19.64,2.26,9.95,0.07,0.36,3.89,13.68
2023-07-27,21.28,4.97,12.32,0.15,0.36,4.9,13.46
2023-07-28,18.25,11.43,13.61,0.22,0.36,8.33,4.86
2023-07-29,23.65,9.29,15.75,0.14,0.36,11.44,10.68
2023-07-30,22.38,8.76,15.65,0.21,0.36,8.2,12.11
2023-07-31,17.3,6.17,11.12,0.31,0.36,6.81,11.59
2023-08-01,18.17,5.45,10.79,0.0,0.36,6.22,13.9
2023-08-02,20.26,3.91,11.25,0.0,0.36,4.35,14.42
2023-08-03,24.27,5.7,14.21,0.0,0.35,6.57,13.98
2023-08-04,24.55,10.26,16.65,1.07,0.35,6.76,13.48
2023-08-05,17.52,6.25,12.52,1.11,0.36,6.53,13.54
2023-08-06,18.46,2.57,9.94,0.0,0.36,3.47,14.42
2023-08-07,19.8,5.37,11.78,0.13,0.35,6.43,13.59
2023-08-08,19.71,5.26,11.86,0.0,0.35,6.09,14.1
2023-08-09,21.52,6.63,13.07,0.0,0.35,4.61,14.5
2023-08-10,18.99,6.89,12.38,0.11,0.35,2.96,15.2
2023-08-11,17.92,5.26,11.02,0.05,0.35,3.22,14.4
2023-08-12,21.02,5.21,12.49,0.04,0.35,3.68,10.8
2023-08-13,18.98,8.22,12.21,5.68,0.35,9.28,7.71
2023-08-14,17.02,7.66,11.69,0.48,0.36,7.08,10.35
2023-08-15,15.99,2.02,8.82,0.01,0.36,1.06,16.58
2023-08-16,17.26,1.25,9.31,0.0,0.36,-1.5,17.04
2023-08-17,18.92,3.54,10.95,0.62,0.36,0.37,10.84
2023-08-18,13.56,4.43,9.47,1.66,0.36,4.97,12.65
2023-08-19,16.56,1.9,9.74,0.01,0.36,5.56,10.22
2023-08-20,19.26,9.68,13.53,0.0,0.36,9.3,13.78
2023-08-21,23.49,7.97,15.58,0.0,0.36,8.36,15.56
2023-08-22,23.61,7.53,14.67,4.23,0.35,6.32,12.38
2023-08-23,17.86,6.55,10.97,0.46,0.36,3.99,17.38
2023-08-24,19.99,3.73,11.35,0.0,0.36,-0.24,17.72
2023-08-25,21.32,5.23,12.83,0.0,0.36,1.82,17.58
2023-08-26,24.23,6.63,14.94,0.0,0.36,3.84,17.65
2023-08-27,24.98,8.38,16.38,0.0,0.35,5.79,15.35
2023-08-28,25.48,10.62,16.81,0.0,0.35,5.56,16.96
2023-08-29,25.07,8.74,15.93,0.0,0.35,4.81,18.03
2023-08-30,21.92,10.92,15.25,0.0,0.35,6.33,14.17
2023-08-31,18.39,6.44,12.34,0.0,0.35,4.99,18.96
2023-09-01,19.71,7.67,12.47,0.0,0.35,5.4,19.37
2023-09-02,21.1,5.21,12.66,0.0,0.35,3.55,19.36
2023-09-03,24.63,5.76,14.54,0.0,0.35,1.07,19.6
2023-09-04,29.27,9.44,18.26,0.01,0.35,1.13,16.47
2023-09-05,20.75,5.78,13.11,0.0,0.34,3.66,19.4
2023-09-06,23.87,6.36,14.45,0.0,0.34,2.54,20.18
2023-09-07,29.07,8.41,16.23,0.9,0.34,1.66,14.68
2023-09-08,15.73,6.64,10.97,0.98,0.34,2.17,16.66
2023-09-09,15.69,1.96,8.73,0.0,0.34,-1.04,21.02
2023-09-10,18.22,3.88,11.21,0.0,0.34,3.08,15.92
2023-09-11,22.07,4.24,12.66,0.0,0.34,3.59,20.77
2023-09-12,24.29,6.95,15.35,0.14,0.34,3.84,20.64
2023-09-13,26.69,10.74,18.08,0.0,0.34,3.1,21.19
2023-09-14,29.35,9.86,19.21,0.0,0.34,3.17,20.49
2023-09-15,31.22,13.15,21.13,0.0,0.34,0.55,20.8
2023-09-16,31.82,11.82,20.92,0.0,0.34,0.92,21.59
2023-09-17,32.58,16.18,24.22,0.0,0.33,1.99,21.89
2023-09-18,36.29,15.59,24.79,0.0,0.33,1.06,21.57
2023-09-19,35.06,16.88,25.34,0.0,0.33,-0.39,21.84
2023-09-20,28.42,15.65,21.44,0.0,0.33,5.57,21.53
2023-09-21,20.96,10.12,15.27,0.0,0.33,3.9,20.13
2023-09-22,23.92,6.68,14.94,0.0,0.33,1.13,23.52
2023-09-23,25.78,9.19,17.12,0.0,0.33,1.89,22.5
2023-09-24,29.01,11.1,19.71,0.0,0.33,3.6,23.33
2023-09-25,30.74,13.83,22.0,0.0,0.33,6.06,18.33
2023-09-26,31.19,15.99,23.04,0.0,0.33,7.08,22.21
2023-09-27,24.07,13.06,17.31,0.0,0.33,3.21,16.39
2023-09-28,28.4,8.04,17.99,0.0,0.32,3.96,23.96
2023-09-29,30.75,11.75,20.36,0.0,0.32,0.05,24.11
2023-09-30,33.75,12.11,22.77,0.0,0.32,-0.58,24.46
2023-10-01,32.01,17.58,24.45,0.0,0.32,-0.41,21.7
2023-10-02,36.92,14.53,25.7,0.0,0.32,4.46,11.84
2023-10-03,31.48,18.84,26.34,3.13,0.32,7.25,6.79
2023-10-04,17.83,10.04,13.72,18.48,0.34,9.56,6.94
2023-10-05,18.74,7.28,12.69,0.12,0.36,3.27,23.95
2023-10-06,21.62,9.92,14.84,0.01,0.35,5.47,18.97
2023-10-07,24.88,5.77,15.45,0.0,0.35,3.77,26.37
2023-10-08,27.31,9.29,18.12,0.0,0.34,4.3,26.09
2023-10-09,29.22,10.38,19.98,0.0,0.34,4.37,23.98
2023-10-10,27.72,12.38,19.41,0.0,0.34,4.51,25.38
2023-10-11,30.39,10.63,21.06,0.0,0.34,2.18,27.0
2023-10-12,26.31,11.36,18.71,0.06,0.33,5.05,15.76
2023-10-13,23.16,7.3,15.3,0.0,0.33,5.74,26.26
2023-10-14,25.13,10.03,17.27,0.0,0.33,7.73,25.96
2023-10-15,25.47,10.6,17.66,0.0,0.33,6.99,26.32
2023-10-16,21.67,10.74,15.49,0.02,0.33,4.62,23.68
2023-10-17,24.94,6.32,15.57,0.0,0.33,1.55,28.47
2023-10-18,27.35,9.42,18.23,0.0,0.33,3.07,28.24
2023-10-19,31.01,12.28,21.44,0.0,0.33,3.57,28.23
2023-10-20,35.18,13.94,25.34,0.0,0.33,2.94,27.87
2023-10-21,32.6,18.0,24.55,0.0,0.32,3.72,25.69
2023-10-22,23.77,9.91,16.92,0.0,0.32,4.53,27.07
2023-10-23,26.19,9.05,18.07,0.0,0.32,2.01,28.53
2023-10-24,34.33,12.81,23.02,0.0,0.32,-0.19,26.25
2023-10-25,21.09,10.35,15.45,0.0,0.32,-0.45,27.2
2023-10-26,20.41,6.65,13.81,0.0,0.32,0.27,27.42
2023-10-27,25.46,8.14,16.93,0.0,0.32,1.5,29.81
2023-10-28,26.89,10.88,19.27,0.0,0.32,2.83,25.54
2023-10-29,32.23,13.11,23.07,0.0,0.32,0.07,23.28
2023-10-30,29.83,15.02,22.31,0.0,0.32,4.72,16.62
2023-10-31,24.35,11.18,17.19,0.0,0.32,-0.84,30.72
2023-11-01,25.99,8.47,17.24,0.0,0.32,-1.08,30.92
2023-11-02,29.41,9.45,20.19,0.0,0.32,2.86,28.5
2023-11-03,31.2,14.76,23.08,0.0,0.32,3.98,28.9
2023-11-04,31.34,12.7,22.05,0.04,0.32,2.21,29.85
2023-11-05,32.48,15.22,24.07,0.15,0.31,8.62,26.63
2023-11-06,32.43,16.58,24.86,0.0,0.31,9.32,24.99
2023-11-07,28.3,19.47,23.43,2.28,0.31,10.59,19.08
2023-11-08,34.9,16.85,26.73,0.1,0.32,12.0,27.94
2023-11-09,35.55,20.88,27.46,1.88,0.32,11.18,24.54
2023-11-10,37.02,16.81,27.6,0.8,0.32,8.9,30.24
2023-11-11,42.66,21.88,31.35,0.01,0.32,9.57,26.61
2023-11-12,33.44,18.67,25.14,0.02,0.31,3.07,28.32
2023-11-13,30.87,12.84,21.41,0.0,0.31,1.27,31.96
2023-11-14,29.88,16.12,22.46,0.0,0.31,3.94,20.5
2023-11-15,31.76,16.22,23.8,0.0,0.31,7.04,27.94
2023-11-16,27.09,16.23,20.46,0.42,0.31,5.69,14.07
2023-11-17,28.89,10.17,19.53,0.0,0.31,0.15,32.85
2023-11-18,33.27,11.9,23.22,0.0,0.31,-1.35,31.6
2023-11-19,37.32,16.7,27.35,0.0,0.31,2.39,27.3
2023-11-20,29.72,19.64,24.92,13.9,0.32,14.95,22.46
2023-11-21,32.29,18.14,24.83,1.11,0.34,13.21,25.01
2023-11-22,33.17,18.37,25.92,0.01,0.33,10.82,25.12
2023-11-23,30.23,20.28,24.72,0.96,0.33,13.56,14.32
2023-11-24,28.89,19.39,23.49,12.88,0.33,17.62,16.15
2023-11-25,31.71,18.95,24.74,0.66,0.35,13.7,25.25
2023-11-26,30.12,14.46,22.64,0.0,0.34,10.05,31.74
2023-11-27,32.34,15.36,24.0,0.01,0.34,9.28,31.74
2023-11-28,30.37,17.7,23.67,34.35,0.35,14.68,12.05
2023-11-29,25.32,17.85,21.76,1.29,0.4,15.73,19.13
2023-11-30,28.32,14.63,21.65,1.49,0.39,13.47,19.76
2023-12-01,28.34,15.43,22.21,0.0,0.38,11.56,25.65
2023-12-02,27.04,15.9,21.86,3.25,0.37,12.45,23.43
2023-12-03,29.1,13.67,21.34,0.01,0.37,8.74,33.19
2023-12-04,33.97,15.62,25.33,0.0,0.36,4.44,33.04
2023-12-05,41.12,19.88,30.67,0.0,0.36,7.24,31.6
2023-12-06,37.36,21.7,29.85,0.0,0.35,11.53,29.66
2023-12-07,39.36,21.0,30.47,0.0,0.35,9.74,14.14
2023-12-08,42.56,25.83,34.58,0.01,0.35,13.48,21.97
2023-12-09,43.25,25.45,34.29,0.07,0.34,11.53,28.22
2023-12-10,43.48,22.84,33.5,8.81,0.34,15.65,26.16
2023-12-11,38.98,25.16,31.52,0.64,0.36,16.12,30.9
2023-12-12,40.17,23.74,32.32,0.0,0.35,10.37,27.6
2023-12-13,41.08,26.35,32.86,1.52,0.35,12.17,23.68
2023-12-14,32.94,20.77,26.71,0.0,0.35,11.92,32.79
2023-12-15,33.76,18.02,25.75,0.0,0.34,8.97,33.11
2023-12-16,28.56,16.02,21.91,0.0,0.34,4.19,33.8
2023-12-17,32.87,14.67,24.2,0.0,0.34,5.24,33.96
2023-12-18,38.78,19.1,28.87,0.0,0.34,4.35,27.24
2023-12-19,37.28,20.89,29.15,3.42,0.34,8.97,18.13
2023-12-20,29.78,13.83,21.82,0.02,0.34,4.87,33.51
2023-12-21,31.29,16.46,24.33,0.0,0.34,11.82,30.0
2023-12-22,32.73,17.53,25.97,0.09,0.34,10.16,28.45
2023-12-23,31.04,19.47,24.39,12.69,0.34,13.93,17.43
2023-12-24,32.65,17.01,25.37,2.21,0.36,13.44,31.95
2023-12-25,26.59,17.21,22.08,2.4,0.36,10.37,26.22
2023-12-26,21.88,16.28,18.62,8.43,0.36,11.77,16.94
2023-12-27,28.85,13.45,21.69,0.03,0.36,11.94,29.2
2023-12-28,33.52,18.4,26.48,0.06,0.36,12.43,32.24
2023-12-29,32.18,20.04,25.23,2.17,0.35,12.93,10.93
2023-12-30,27.6,15.4,21.5,0.0,0.35,8.57,33.94
2023-12-31,31.95,12.7,23.1,0.89,0.35,6.55,33.81
2024-01-01,36.19,18.58,27.57,1.45,0.35,16.18,29.03
2024-01-02,32.09,23.47,26.94,6.48,0.36,19.97,14.69
2024-01-03,38.91,22.35,30.81,0.01,0.36,16.51,28.94
2024-01-04,34.44,24.89,28.84,0.17,0.35,18.07,17.43
2024-01-05,35.64,23.83,29.53,0.0,0.35,17.58,27.25
2024-01-06,32.57,22.29,26.66,0.27,0.35,15.83,28.62
2024-01-07,30.67,22.48,26.18,26.74,0.36,19.66,10.68
2024-01-08,31.16,22.3,26.28,24.51,0.44,19.24,26.25
2024-01-09,32.58,19.93,26.41,0.89,0.42,17.54,30.48
2024-01-10,35.82,21.1,28.74,0.0,0.4,15.85,31.33
2024-01-11,37.8,21.01,29.91,0.0,0.39,15.15,31.57
2024-01-12,34.7,25.68,29.92,0.0,0.39,18.98,25.49
2024-01-13,36.75,24.14,30.63,0.65,0.38,18.45,22.31
2024-01-14,34.27,22.58,28.56,0.53,0.38,17.5,25.88
2024-01-15,33.84,22.19,27.67,1.31,0.38,16.17,24.81
2024-01-16,32.92,20.22,27.12,1.33,0.37,16.1,16.85
2024-01-17,27.6,18.09,24.27,33.76,0.42,19.57,7.55
2024-01-18,26.5,12.43,19.58,0.0,0.43,8.55,33.48
2024-01-19,29.37,13.31,21.59,0.02,0.41,8.25,33.01
2024-01-20,32.69,15.63,24.54,0.0,0.41,9.03,32.05
2024-01-21,35.87,20.09,27.32,0.0,0.4,9.89,32.18
2024-01-22,31.56,13.99,22.69,0.0,0.39,8.79,32.85
2024-01-23,35.89,15.18,26.34,0.0,0.39,10.62,31.91
2024-01-24,38.4,21.72,29.91,0.0,0.38,13.81,22.03
2024-01-25,42.37,25.16,33.07,0.0,0.38,16.04,21.13
2024-01-26,30.21,18.93,25.14,0.02,0.38,13.78,24.57
2024-01-27,29.91,16.74,22.65,0.0,0.37,8.23,28.58
2024-01-28,32.29,14.96,23.94,0.0,0.37,9.24,31.78
2024-01-29,36.16,17.8,27.53,0.0,0.37,10.42,31.69
2024-01-30,37.0,20.94,28.98,0.0,0.37,12.35,30.95
2024-01-31,33.87,18.28,25.94,0.0,0.36,8.26,32.06
2024-02-01,34.36,14.57,24.95,0.0,0.36,8.28,31.46
2024-02-02,32.68,17.18,24.59,0.0,0.36,9.59,31.4
2024-02-03,36.77,15.88,26.9,0.0,0.36,7.27,31.21
2024-02-04,39.65,22.99,30.93,0.98,0.35,10.83,22.1
2024-02-05,26.84,21.95,24.89,24.16,0.38,19.84,6.51
2024-02-06,28.76,17.59,22.68,0.02,0.4,10.38,30.83
2024-02-07,30.93,12.56,22.56,0.0,0.39,9.88,30.26
2024-02-08,32.37,18.74,25.65,0.0,0.38,13.66,29.1
2024-02-09,34.13,17.29,26.17,0.0,0.38,11.61,29.57
2024-02-10,34.54,17.28,26.55,0.0,0.37,11.48,28.65
2024-02-11,34.06,19.25,27.04,0.0,0.37,14.75,28.29
2024-02-12,37.36,21.84,29.88,0.07,0.36,15.96,27.96
2024-02-13,37.38,24.07,30.54,2.86,0.36,16.13,26.47
2024-02-14,28.37,17.03,22.26,2.45,0.37,8.52,29.27
2024-02-15,31.91,13.58,22.89,0.0,0.36,5.32,29.73
2024-02-16,34.98,18.19,27.5,0.02,0.36,14.82,26.47
2024-02-17,36.95,22.94,30.4,0.0,0.36,16.53,23.48
2024-02-18,37.41,24.63,30.02,0.15,0.35,11.87,25.14
2024-02-19,35.44,18.58,27.31,0.12,0.35,7.06,28.5
2024-02-20,35.09,21.38,28.13,0.0,0.35,12.94,24.7
2024-02-21,34.53,22.89,27.92,0.0,0.35,13.24,23.75
2024-02-22,38.45,20.48,29.88,0.0,0.35,13.3,25.99
2024-02-23,31.27,19.74,26.39,0.0,0.35,8.68,25.38
2024-02-24,31.24,13.94,22.3,0.0,0.35,5.83,28.89
2024-02-25,35.09,17.08,25.96,0.0,0.34,9.55,27.83
2024-02-26,35.18,18.27,27.15,0.0,0.34,4.39,23.25
2024-02-27,37.38,20.09,28.98,0.0,0.34,8.27,22.88
2024-02-28,41.54,22.88,31.61,0.0,0.34,11.4,25.92
2024-02-29,39.52,25.26,31.94,0.32,0.34,12.66,23.29
2024-03-01,39.4,25.05,32.15,0.41,0.34,14.65,19.17
2024-03-02,28.74,20.97,25.31,0.0,0.34,9.0,15.25
2024-03-03,31.5,16.32,23.53,0.0,0.34,3.38,27.07
2024-03-04,32.46,13.57,23.35,0.0,0.34,4.1,27.46
2024-03-05,35.21,17.97,26.82,0.0,0.33,9.18,25.48
2024-03-06,37.38,20.5,28.97,0.05,0.33,7.82,17.76
2024-03-07,38.37,22.08,29.5,0.0,0.33,7.3,24.66
2024-03-08,38.28,22.01,30.35,0.04,0.33,13.67,22.84
2024-03-09,36.73,23.2,29.39,0.0,0.33,10.97,24.05
2024-03-10,35.75,21.84,28.05,0.0,0.33,10.28,25.16
2024-03-11,36.05,21.36,28.24,0.0,0.33,11.43,23.89
2024-03-12,37.94,21.87,30.05,0.0,0.33,10.08,24.02
2024-03-13,38.94,23.32,31.16,0.0,0.33,9.0,22.21
2024-03-14,35.63,23.04,28.5,0.0,0.33,12.95,16.59
2024-03-15,33.01,20.26,26.72,0.04,0.32,12.69,20.99
2024-03-16,27.37,19.5,23.45,8.8,0.33,13.36,11.03
2024-03-17,30.12,16.76,23.6,1.43,0.34,14.98,12.78
2024-03-18,31.83,19.37,25.6,0.11,0.34,16.12,21.6
2024-03-19,35.48,21.93,28.43,2.04,0.34,16.35,16.96
2024-03-20,24.25,13.88,19.63,4.71,0.35,6.16,14.88
2024-03-21,27.58,9.61,18.74,0.0,0.34,6.07,23.8
2024-03-22,30.99,13.65,22.52,0.0,0.34,9.7,22.14
2024-03-23,25.86,19.48,22.28,0.71,0.34,15.72,15.67
2024-03-24,26.95,14.55,20.05,0.02,0.34,4.8,23.15
2024-03-25,28.49,12.61,20.4,1.24,0.34,-0.5,23.28
2024-03-26,31.04,13.03,21.74,0.0,0.34,3.36,22.91
2024-03-27,31.01,13.34,21.74,0.0,0.33,4.78,22.15
2024-03-28,31.5,12.99,21.74,0.0,0.33,5.17,21.89
2024-03-29,33.62,16.94,24.72,0.0,0.33,10.5,20.98
2024-03-30,33.73,20.25,26.56,0.0,0.33,13.76,16.57
2024-03-31,31.34,22.4,26.14,0.0,0.33,12.67,12.75
2024-04-01,34.3,18.16,26.49,0.01,0.33,10.15,18.98
2024-04-02,25.17,15.8,20.53,3.62,0.33,10.39,19.06
2024-04-03,24.09,11.38,17.46,0.01,0.33,7.33,19.51
2024-04-04,23.7,12.3,18.45,0.28,0.33,8.8,19.14
2024-04-05,20.89,15.82,17.68,20.69,0.35,14.77,4.17
2024-04-06,22.27,15.23,17.81,21.42,0.4,14.98,9.65
2024-04-07,23.39,14.37,17.9,1.26,0.4,12.94,15.72
2024-04-08,24.1,11.11,17.08,0.0,0.39,9.16,17.46
2024-04-09,19.68,10.52,14.8,0.02,0.39,6.06,18.55
2024-04-10,20.92,6.87,13.46,0.0,0.38,5.49,19.93
2024-04-11,22.69,8.49,15.05,0.0,0.38,8.71,19.15
2024-04-12,23.34,8.25,15.34,0.0,0.37,7.34,19.23
2024-04-13,22.99,8.18,15.07,0.0,0.37,5.42,19.29
2024-04-14,24.52,8.53,16.07,0.0,0.37,4.74,19.22
2024-04-15,22.5,10.84,16.6,0.0,0.37,5.66,17.77
2024-04-16,25.56,10.2,17.21,0.0,0.37,5.79,18.29
2024-04-17,25.3,10.51,17.32,0.0,0.37,7.49,17.56
2024-04-18,21.01,8.84,14.39,0.0,0.36,6.69,17.96
2024-04-19,20.44,8.66,14.1,0.1,0.36,8.45,8.87
2024-04-20,23.43,8.58,15.25,0.0,0.36,6.71,17.64
2024-04-21,24.76,8.56,15.81,0.0,0.36,5.87,17.85
2024-04-22,26.73,9.09,17.32,0.0,0.36,6.16,17.52
2024-04-23,27.82,11.18,18.83,0.0,0.36,7.3,17.26
2024-04-24,19.49,9.85,15.03,0.02,0.36,4.83,16.5
2024-04-25,19.28,6.39,12.37,0.0,0.36,4.86,17.07
2024-04-26,19.77,6.19,12.09,0.0,0.36,5.71,16.96
2024-04-27,24.92,6.21,15.46,0.0,0.36,6.52,16.67
2024-04-28,26.44,12.35,18.45,0.0,0.36,9.56,14.27
2024-04-29,24.63,13.49,18.26,0.09,0.36,9.46,9.89
2024-04-30,21.16,9.71,14.34,0.1,0.35,5.94,14.38
2024-05-01,22.21,9.18,15.31,0.0,0.35,8.66,14.43
2024-05-02,22.1,9.02,15.08,0.0,0.35,7.49,12.94
2024-05-03,15.71,12.14,13.59,3.6,0.35,10.59,3.52
2024-05-04,17.0,12.38,14.21,5.71,0.37,12.12,9.67
2024-05-05,20.94,9.87,15.18,0.08,0.37,10.2,12.7
2024-05-06,22.98,10.13,15.85,0.0,0.37,8.11,14.98
2024-05-07,22.8,9.32,15.38,0.0,0.36,7.94,15.02
2024-05-08,22.83,9.76,15.57,0.0,0.36,8.52,14.09
2024-05-09,23.24,12.75,16.94,0.01,0.36,11.59,8.47
2024-05-10,18.69,13.84,15.62,25.2,0.37,13.52,2.31
2024-05-11,16.65,13.48,14.59,11.19,0.42,13.05,4.92
2024-05-12,20.77,11.88,15.34,0.55,0.42,11.45,9.74
2024-05-13,22.14,9.84,14.93,0.0,0.41,9.88,13.8
2024-05-14,20.97,8.18,13.64,0.0,0.41,8.37,13.59
2024-05-15,20.02,6.55,12.95,0.0,0.4,6.75,13.56
2024-05-16,20.63,8.43,14.45,0.0,0.4,6.69,12.33
2024-05-17,20.86,9.78,14.33,0.0,0.4,6.42,13.48
2024-05-18,15.1,5.36,9.72,0.0,0.4,2.79,14.14
2024-05-19,15.74,1.72,8.06,0.0,0.4,0.58,13.81
2024-05-20,16.82,6.33,11.07,0.01,0.39,6.81,6.72
2024-05-21,18.45,3.94,10.25,0.08,0.39,4.81,13.6
2024-05-22,18.83,4.08,10.46,0.06,0.39,4.03,12.87
2024-05-23,17.76,4.72,10.29,0.0,0.39,3.9,12.21
2024-05-24,17.32,4.55,10.12,0.0,0.39,4.42,11.19
2024-05-25,18.1,6.88,11.33,0.0,0.39,4.33,11.3
2024-05-26,19.81,4.84,11.49,0.0,0.39,5.53,12.7
2024-05-27,18.4,6.34,11.19,0.0,0.39,4.8,12.81
2024-05-28,19.44,3.9,11.04,0.0,0.39,3.82,12.88
2024-05-29,23.44,6.64,14.34,0.0,0.39,6.85,11.57
2024-05-30,22.91,11.95,17.51,1.4,0.39,10.4,7.28
2024-05-31,19.68,9.43,14.61,10.26,0.41,9.46,11.72
2024-06-01,16.76,5.97,10.5,0.89,0.41,6.07,10.92
2024-06-02,15.73,4.58,8.51,0.0,0.4,3.69,12.14
2024-06-03,13.89,2.3,6.87,0.02,0.4,3.04,11.57
2024-06-04,11.2,3.63,7.28,0.0,0.4,2.73,4.73
2024-06-05,13.67,3.54,8.5,0.25,0.4,4.29,8.58
2024-06-06,12.02,6.99,9.5,1.81,0.4,8.4,6.67
2024-06-07,17.1,6.68,10.54,0.48,0.4,7.32,11.28
2024-06-08,16.95,6.34,10.18,0.0,0.4,7.22,11.22
2024-06-09,13.26,7.24,9.75,0.0,0.4,7.11,9.28
2024-06-10,17.71,7.21,11.74,0.0,0.4,7.35,9.64
2024-06-11,18.98,7.68,12.79,0.11,0.4,6.68,4.7
2024-06-12,15.21,4.53,9.97,0.31,0.4,5.73,9.18
2024-06-13,12.12,1.64,7.15,0.0,0.4,2.39,5.55
2024-06-14,13.47,4.32,8.54,1.79,0.4,4.49,6.03
2024-06-15,13.77,5.66,9.05,0.79,0.4,6.43,7.69
2024-06-16,14.09,4.68,7.65,0.51,0.4,3.78,11.5
2024-06-17,14.15,2.58,6.71,0.0,0.4,2.74,11.8
2024-06-18,14.47,0.34,6.56,0.0,0.4,2.7,11.74
2024-06-19,15.28,2.37,8.79,0.0,0.4,3.02,10.9
2024-06-20,17.69,6.93,10.67,1.77,0.4,6.98,6.52
2024-06-21,12.78,4.09,7.85,0.23,0.4,4.96,4.34
2024-06-22,14.18,2.28,6.34,0.18,0.4,3.21,11.69
2024-06-23,15.71,0.48,7.7,0.16,0.4,3.22,11.84
2024-06-24,15.09,3.51,8.43,0.0,0.4,4.57,8.38
2024-06-25,17.91,4.49,10.04,0.0,0.4,3.95,10.33
2024-06-26,17.06,3.88,9.25,0.0,0.4,2.28,11.2
2024-06-27,17.85,3.84,9.99,0.0,0.39,2.64,11.75
2024-06-28,17.93,3.67,9.96,0.0,0.39,1.71,11.99
2024-06-29,20.26,6.5,11.85,6.1,0.39,6.08,6.72
2024-06-30,13.33,5.54,8.56,0.8,0.41,4.84,11.45
2024-07-01,12.63,2.98,6.09,0.05,0.4,2.11,11.85
2024-07-02,14.71,1.01,7.21,0.0,0.4,3.43,11.57
2024-07-03,16.85,5.65,9.59,0.04,0.4,4.61,11.5
2024-07-04,17.92,4.06,10.19,0.02,0.4,5.37,11.44
2024-07-05,17.69,6.78,11.02,0.0,0.4,6.72,11.72
2024-07-06,17.99,6.12,10.58,0.0,0.4,5.33,12.22
2024-07-07,15.96,6.57,10.86,0.08,0.4,5.8,4.63
2024-07-08,14.21,10.04,11.82,5.73,0.4,10.43,4.04
2024-07-09,15.46,8.1,11.08,1.33,0.41,9.09,3.62
2024-07-10,16.09,5.87,10.01,0.13,0.41,5.97,11.0
2024-07-11,16.2,4.88,9.22,0.21,0.4,4.83,5.98
2024-07-12,12.78,6.68,9.23,2.18,0.41,7.69,5.53
2024-07-13,14.02,4.74,8.3,0.14,0.41,5.87,11.03
2024-07-14,12.3,4.1,7.41,0.5,0.4,4.79,9.16
2024-07-15,11.94,3.36,7.04,0.28,0.4,3.76,9.11
2024-07-16,9.15,4.98,7.08,1.57,0.4,6.01,5.3
2024-07-17,13.6,6.93,9.17,1.26,0.41,6.66,8.58
2024-07-18,12.97,3.99,8.37,0.03,0.41,4.74,9.97
2024-07-19,16.33,1.27,8.64,0.09,0.41,3.57,7.83
2024-07-20,14.46,6.99,10.21,0.15,0.4,3.12,9.08
2024-07-21,15.98,4.07,9.71,0.06,0.4,5.67,10.53
2024-07-22,17.17,6.11,11.17,0.15,0.4,4.82,12.41
2024-07-23,18.43,4.33,10.44,0.0,0.4,2.89,13.2
2024-07-24,17.27,5.99,11.12,0.0,0.4,3.97,9.42
2024-07-25,18.56,7.44,12.28,2.04,0.4,5.77,5.69
2024-07-26,17.17,5.36,9.62,0.11,0.4,5.05,13.67
2024-07-27,17.78,4.9,10.23,1.61,0.4,3.73,13.2
2024-07-28,12.04,1.07,5.95,0.0,0.4,1.21,13.89
2024-07-29,14.02,0.73,6.55,0.0,0.4,2.56,14.14
2024-07-30,15.3,2.92,7.4,0.0,0.4,2.52,14.14
2024-07-31,15.98,-0.5,6.93,0.0,0.4,-0.61,14.67
2024-08-01,17.0,0.76,7.94,0.0,0.4,1.55,13.67
2024-08-02,17.33,1.76,9.32,0.0,0.4,2.48,14.55
2024-08-03,18.29,4.52,11.07,0.0,0.39,2.37,14.32
2024-08-04,15.58,6.33,10.07,0.0,0.39,3.06,5.79
2024-08-05,12.89,5.29,9.13,0.87,0.39,5.25,4.44
2024-08-06,15.69,4.05,8.47,0.02,0.4,4.87,13.27
2024-08-07,16.73,4.15,9.95,0.0,0.39,4.13,14.22
2024-08-08,18.25,3.25,10.25,0.0,0.39,3.75,13.18
2024-08-09,19.54,8.14,12.4,0.0,0.39,4.62,15.09
2024-08-10,20.41,6.62,12.2,0.0,0.39,5.59,14.54
2024-08-11,21.2,5.36,12.44,0.0,0.39,5.31,15.29
2024-08-12,21.8,6.93,13.47,0.0,0.39,7.43,15.3
2024-08-13,19.62,7.48,13.79,3.72,0.39,11.46,13.38
2024-08-14,21.0,11.27,15.6,3.63,0.4,12.13,10.3
2024-08-15,22.45,10.14,15.77,0.03,0.4,11.44,13.37
2024-08-16,20.78,10.31,14.18,1.48,0.4,10.72,6.17
2024-08-17,16.22,7.29,11.89,5.26,0.4,8.01,10.65
2024-08-18,17.75,6.85,11.13,1.08,0.4,7.07,11.43
2024-08-19,20.31,5.44,12.4,0.0,0.4,6.58,15.96
2024-08-20,24.7,7.95,15.55,0.03,0.4,6.17,9.52
2024-08-21,18.21,8.34,13.89,0.0,0.4,8.65,11.08
2024-08-22,19.86,9.63,14.62,0.0,0.39,7.77,15.72
2024-08-23,24.43,8.12,16.21,0.06,0.39,7.22,16.2
2024-08-24,27.59,14.12,20.16,0.06,0.39,10.62,16.52
2024-08-25,27.76,13.51,20.17,8.22,0.39,12.32,4.53
2024-08-26,20.67,7.65,14.0,0.01,0.4,7.2,15.94
2024-08-27,23.29,7.63,15.31,0.0,0.4,5.7,18.15
2024-08-28,22.7,10.71,16.08,0.0,0.39,4.32,16.57
2024-08-29,20.22,6.2,12.87,0.0,0.39,3.9,18.95
2024-08-30,24.99,12.06,17.71,0.0,0.39,6.18,15.67
2024-08-31,20.44,8.04,13.67,0.0,0.39,3.87,19.01
2024-09-01,23.51,6.74,14.74,0.0,0.38,3.59,19.22
2024-09-02,18.1,8.19,12.86,0.0,0.38,-0.67,19.99
2024-09-03,19.04,4.09,11.28,0.0,0.38,2.2,20.02
2024-09-04,24.97,5.55,14.17,0.0,0.38,1.23,20.22
2024-09-05,29.64,10.16,18.88,0.0,0.38,3.8,17.5
2024-09-06,30.96,14.73,22.11,0.01,0.37,7.06,19.7
2024-09-07,22.88,12.18,16.6,0.82,0.37,7.1,19.55
2024-09-08,22.12,10.58,15.01,0.0,0.37,2.31,18.9
2024-09-09,21.17,7.72,14.26,0.01,0.37,6.14,19.03
2024-09-10,24.0,7.27,15.76,0.0,0.37,6.51,20.22
2024-09-11,24.51,9.99,17.05,0.09,0.37,6.02,14.19
2024-09-12,17.85,9.05,12.67,0.84,0.37,7.71,12.41
2024-09-13,20.96,4.52,12.24,0.0,0.37,3.3,21.27
2024-09-14,18.96,5.54,11.81,0.0,0.37,4.62,19.38
2024-09-15,16.96,1.6,8.74,0.0,0.37,-1.73,23.05
2024-09-16,18.92,1.36,9.63,0.0,0.36,-0.8,22.83
2024-09-17,21.08,4.63,12.69,0.0,0.36,3.41,22.53
2024-09-18,23.94,5.36,14.08,0.0,0.36,-2.23,23.17
2024-09-19,23.68,6.0,14.33,0.0,0.36,-1.15,22.82
2024-09-20,20.44,5.36,13.02,0.0,0.36,3.91,22.69
2024-09-21,20.47,7.26,13.79,0.01,0.36,5.23,22.29
2024-09-22,22.75,7.95,15.09,0.0,0.36,4.85,22.79
2024-09-23,27.07,8.34,18.22,0.0,0.36,3.38,22.68
2024-09-24,29.71,13.72,19.9,0.19,0.35,2.34,12.96
2024-09-25,23.51,13.4,17.2,11.72,0.36,11.56,3.44
2024-09-26,15.36,8.37,11.21,3.29,0.38,7.18,17.07
2024-09-27,21.74,5.52,13.13,0.09,0.38,3.63,24.38
2024-09-28,24.04,7.08,15.07,0.0,0.37,4.46,23.73
2024-09-29,22.77,12.01,16.16,0.5,0.37,8.77,11.36
2024-09-30,22.14,8.34,14.74,0.0,0.37,5.28,24.62
2024-10-01,24.35,8.12,16.09,0.0,0.36,5.55,24.04
2024-10-02,26.59,7.89,17.41,0.0,0.36,6.09,24.4
2024-10-03,27.63,12.72,19.96,0.0,0.36,8.67,22.97
2024-10-04,26.02,16.5,20.12,3.14,0.36,10.27,16.82
2024-10-05,23.19,10.63,17.16,0.0,0.36,7.35,20.18
2024-10-06,24.86,10.89,17.81,0.0,0.36,7.71,24.67
2024-10-07,29.33,11.83,20.75,0.0,0.36,8.01,23.15
2024-10-08,21.97,9.86,15.64,0.0,0.36,2.2,24.97
2024-10-09,25.16,5.49,15.5,0.0,0.35,3.33,26.79
2024-10-10,28.33,9.92,19.31,0.0,0.35,6.74,26.02
2024-10-11,27.2,11.79,18.73,0.0,0.35,2.34,25.36
2024-10-12,27.17,8.79,17.81,0.0,0.35,4.71,27.11
2024-10-13,28.53,12.89,20.34,0.0,0.35,7.78,24.51
2024-10-14,31.92,16.35,23.66,0.0,0.35,8.59,18.43
2024-10-15,26.36,16.04,20.92,6.77,0.35,14.28,18.28
2024-10-16,28.7,15.61,21.66,0.1,0.36,12.26,16.68
2024-10-17,33.57,16.29,24.14,3.26,0.35,13.69,13.95
2024-10-18,29.65,17.16,23.32,6.26,0.36,14.24,18.24
2024-10-19,25.91,13.42,18.77,0.09,0.36,8.86,23.28
2024-10-20,29.68,10.84,19.96,0.0,0.36,6.73,27.69
2024-10-21,32.31,12.32,22.77,0.0,0.35,7.29,28.0
2024-10-22,33.37,15.06,25.03,0.0,0.35,7.33,26.14
2024-10-23,28.8,16.78,23.35,0.0,0.35,9.99,13.45
2024-10-24,22.22,10.18,16.01,0.0,0.35,1.88,29.44
2024-10-25,22.77,8.16,15.36,0.0,0.34,2.46,28.19
2024-10-26,26.3,8.02,18.33,0.0,0.34,0.83,24.55
2024-10-27,30.8,15.05,23.47,0.0,0.34,1.62,28.59
2024-10-28,28.8,13.59,20.94,0.0,0.34,3.18,29.43
2024-10-29,29.54,10.04,19.88,0.0,0.34,2.91,29.98
2024-10-30,31.18,11.7,22.04,0.0,0.34,2.74,30.16
2024-10-31,28.26,14.84,20.47,0.0,0.34,3.17,17.81
2024-11-01,26.89,10.78,18.71,0.0,0.34,2.46,30.5
2024-11-02,31.96,9.5,21.75,0.0,0.33,0.55,29.72
2024-11-03,36.5,18.57,26.71,0.0,0.33,2.72,20.76
2024-11-04,29.35,17.2,22.65,0.07,0.33,8.07,23.37
2024-11-05,32.26,13.21,23.25,0.0,0.33,4.3,27.01
2024-11-06,41.77,19.98,29.98,4.01,0.33,8.15,22.0
2024-11-07,27.56,14.86,20.79,2.63,0.34,10.09,15.35
2024-11-08,27.08,13.24,19.83,0.01,0.34,7.21,30.56
2024-11-09,27.45,11.2,20.08,0.14,0.34,2.57,25.06
2024-11-10,29.71,13.84,22.33,0.0,0.33,3.5,30.24
2024-11-11,29.34,17.76,23.29,0.0,0.33,6.9,14.61
2024-11-12,32.11,16.36,24.43,5.53,0.33,11.01,20.81
2024-11-13,32.4,19.0,25.06,0.33,0.34,12.08,28.01
2024-11-14,28.84,14.01,21.18,0.01,0.34,4.73,31.73
2024-11-15,32.6,12.41,22.69,0.0,0.33,-0.15,31.94
2024-11-16,37.99,16.89,28.54,0.01,0.33,11.5,29.8
2024-11-17,33.68,17.22,25.78,9.92,0.34,13.64,16.03
2024-11-18,27.72,12.61,19.87,0.01,0.34,4.76,32.74
2024-11-19,29.97,12.04,21.23,0.0,0.34,3.62,32.85
2024-11-20,33.88,12.94,24.27,0.0,0.33,4.21,31.55
2024-11-21,34.76,20.29,27.76,0.0,0.33,10.9,27.81
2024-11-22,36.85,19.12,28.62,0.0,0.33,6.48,29.85
2024-11-23,37.7,22.83,31.09,0.0,0.33,9.79,27.32
2024-11-24,38.93,23.61,31.15,0.28,0.33,12.54,24.79
2024-11-25,36.65,22.45,28.34,1.13,0.33,17.85,17.96
2024-11-26,34.21,23.52,28.53,2.07,0.33,18.73,22.74
2024-11-27,32.33,22.03,26.37,8.88,0.34,19.05,17.76
2024-11-28,34.05,17.29,26.39,0.0,0.34,11.74,30.53
2024-11-29,33.04,19.92,26.03,22.07,0.35,16.46,21.02
2024-11-30,29.19,20.9,24.05,10.64,0.39,18.83,21.52
2024-12-01,31.47,19.74,25.29,0.62,0.38,13.38,28.52
2024-12-02,37.95,18.72,28.55,2.49,0.37,12.72,27.74
2024-12-03,33.21,22.22,26.87,17.51,0.39,20.2,22.81
2024-12-04,34.87,19.23,27.86,0.16,0.39,17.01,29.67
2024-12-05,38.49,23.72,31.47,1.92,0.38,19.12,28.57
2024-12-06,37.79,26.16,31.98,8.25,0.38,20.47,27.63
2024-12-07,37.47,24.93,30.53,10.38,0.39,21.61,26.04
2024-12-08,30.11,17.67,23.37,0.01,0.39,8.89,32.09
2024-12-09,31.85,16.08,24.12,0.0,0.38,7.27,28.01
2024-12-10,32.79,17.13,25.21,0.0,0.37,7.84,30.3
2024-12-11,30.93,15.1,23.3,0.0,0.37,5.67,34.24
2024-12-12,33.59,16.06,25.43,0.0,0.37,8.31,33.24
2024-12-13,35.36,20.34,28.2,0.0,0.36,9.82,31.88
2024-12-14,36.85,18.9,28.49,0.0,0.36,9.79,28.51
2024-12-15,40.23,21.01,31.22,0.0,0.35,10.25,32.71
2024-12-16,43.2,24.54,34.01,0.0,0.35,13.25,31.77
2024-12-17,34.84,20.72,28.9,0.0,0.35,10.13,24.22
2024-12-18,32.86,15.31,24.15,0.0,0.35,2.72,35.05
2024-12-19,33.15,16.2,24.57,0.0,0.34,5.98,33.08
2024-12-20,35.68,17.16,27.34,0.0,0.34,5.59,34.0
2024-12-21,35.71,19.82,27.69,0.0,0.34,5.14,33.68
2024-12-22,33.11,15.27,24.49,0.0,0.34,2.87,34.11
2024-12-23,24.97,12.58,18.85,0.02,0.34,2.14,33.89
2024-12-24,29.7,11.79,20.97,0.0,0.34,4.66,34.08
2024-12-25,36.21,17.37,27.36,0.0,0.34,7.07,33.72
2024-12-26,40.84,22.38,32.0,0.0,0.33,4.43,33.63
2024-12-27,30.27,18.33,23.96,0.05,0.33,4.84,33.45
2024-12-28,28.84,15.99,22.02,0.0,0.33,3.23,33.34
2024-12-29,32.12,16.42,24.5,0.0,0.33,7.37,33.43
2024-12-30,35.8,17.3,27.62,0.0,0.33,6.52,32.84
2024-12-31,36.31,22.41,29.28,0.0,0.33,6.95,33.1
2025-01-01,36.39,20.54,28.7,0.0,0.33,2.25,33.96
2025-01-02,33.5,17.18,25.46,0.0,0.33,3.77,34.04
2025-01-03,38.07,17.15,28.76,0.0,0.33,8.01,32.2
2025-01-04,40.74,24.5,32.98,0.04,0.32,9.15,29.06
2025-01-05,37.44,26.11,31.62,0.0,0.32,13.3,17.59
2025-01-06,39.95,22.98,29.03,0.16,0.32,15.34,14.35
2025-01-07,33.94,17.55,25.97,0.33,0.32,11.87,30.21
2025-01-08,34.18,20.36,27.14,0.06,0.32,11.7,32.27
2025-01-09,33.99,19.71,27.24,0.0,0.32,11.05,24.34
2025-01-10,36.24,22.45,29.37,0.5,0.32,12.22,26.54
2025-01-11,34.15,22.92,28.97,1.66,0.32,15.81,25.65
2025-01-12,35.61,22.33,29.38,3.44,0.32,15.16,25.35
2025-01-13,40.52,23.08,31.99,0.12,0.33,13.71,26.9
2025-01-14,41.51,24.35,33.15,0.03,0.32,11.5,31.83
2025-01-15,35.47,22.68,29.53,0.0,0.32,12.04,18.06
2025-01-16,28.87,15.22,22.31,0.0,0.32,3.64,33.84
2025-01-17,32.25,15.41,23.87,0.0,0.32,4.56,33.48
2025-01-18,34.78,16.82,26.03,0.0,0.32,10.48,32.42
2025-01-19,36.06,19.51,27.75,0.0,0.32,10.3,32.2
2025-01-20,39.14,20.07,30.33,0.0,0.32,8.76,30.41
2025-01-21,41.58,25.84,33.73,0.0,0.32,10.13,25.39
2025-01-22,36.37,23.55,29.51,0.0,0.31,8.5,25.83
2025-01-23,33.97,19.09,26.63,0.0,0.31,5.88,22.72
2025-01-24,31.57,15.23,23.22,0.0,0.31,4.97,32.12
2025-01-25,35.84,16.69,27.08,0.0,0.31,5.35,30.51
2025-01-26,38.2,20.77,30.11,0.0,0.31,6.43,30.65
2025-01-27,42.83,24.39,33.91,0.0,0.31,7.49,30.32
2025-01-28,37.11,24.43,30.62,0.0,0.31,5.95,29.45
2025-01-29,34.3,18.29,26.3,0.0,0.31,2.3,32.16
2025-01-30,32.9,15.64,24.87,0.0,0.31,1.17,27.81
2025-01-31,37.7,16.99,28.28,0.0,0.31,7.91,31.17
2025-02-01,40.32,23.77,32.36,0.0,0.31,15.06,28.37
2025-02-02,40.32,25.0,32.64,0.04,0.31,13.23,28.72
2025-02-03,39.62,23.44,31.81,0.0,0.31,9.54,30.56
2025-02-04,41.02,25.24,33.62,0.26,0.31,12.51,26.8
2025-02-05,40.3,26.75,33.63,2.17,0.31,15.25,26.45
2025-02-06,39.84,25.8,33.28,0.02,0.31,14.54,27.7
2025-02-07,40.0,26.34,33.62,2.81,0.31,14.27,19.97
2025-02-08,33.15,24.46,28.01,1.66,0.31,16.38,23.3
2025-02-09,35.59,21.22,28.25,0.26,0.31,14.37,23.52
2025-02-10,35.22,23.58,29.25,2.33,0.31,14.72,24.57
2025-02-11,34.12,20.17,27.16,6.94,0.32,15.52,27.54
2025-02-12,36.85,21.55,29.47,0.0,0.32,12.72,28.97
2025-02-13,39.43,22.51,30.76,0.24,0.32,16.35,25.84
2025-02-14,31.03,21.61,25.69,1.8,0.32,12.57,17.34
2025-02-15,25.87,16.24,20.61,0.0,0.32,5.06,27.32
2025-02-16,23.98,10.57,17.19,0.02,0.31,0.88,30.47
2025-02-17,28.86,10.34,19.92,0.0,0.31,1.65,29.94
2025-02-18,32.25,14.32,23.36,0.0,0.31,0.82,29.44
2025-02-19,29.24,13.78,21.87,0.0,0.31,4.28,29.2
2025-02-20,33.08,12.68,22.94,0.0,0.31,4.94,28.94
2025-02-21,36.6,18.03,27.81,0.0,0.31,12.78,25.62
2025-02-22,37.48,22.16,30.04,0.0,0.31,12.57,24.19
2025-02-23,37.29,25.23,30.17,2.38,0.31,12.45,22.42
2025-02-24,34.49,21.48,27.02,0.06,0.31,6.24,27.0
2025-02-25,38.41,18.08,28.32,0.0,0.31,5.1,27.42
2025-02-26,40.28,23.08,30.48,0.0,0.31,9.62,26.71
2025-02-27,38.1,22.41,29.5,0.0,0.31,3.54,26.7
2025-02-28,37.62,22.06,29.39,0.0,0.31,8.23,20.1
2025-03-01,40.0,21.42,30.25,0.0,0.3,10.52,23.64
2025-03-02,35.18,20.73,27.83,0.0,0.3,8.01,24.57
2025-03-03,34.93,17.48,26.02,0.0,0.3,7.09,26.83
2025-03-04,35.71,19.91,27.66,0.0,0.3,11.66,26.0
2025-03-05,34.98,20.86,27.45,0.0,0.3,9.11,26.09
2025-03-06,35.52,20.08,27.48,0.0,0.3,7.9,26.25
2025-03-07,33.08,19.28,26.02,0.0,0.3,10.33,26.13
2025-03-08,35.33,19.41,27.44,0.0,0.3,10.74,25.82
2025-03-09,32.49,22.13,25.62,9.49,0.31,18.36,8.8
2025-03-10,31.6,22.0,25.59,0.08,0.32,19.14,20.0
2025-03-11,36.01,21.19,28.54,0.0,0.32,16.14,24.12
2025-03-12,35.2,22.66,28.29,0.0,0.31,15.41,22.74
2025-03-13,36.37,22.04,29.22,0.0,0.31,14.54,22.32
2025-03-14,38.67,24.26,31.45,0.0,0.31,14.03,21.44
2025-03-15,40.21,25.52,33.17,0.0,0.31,12.95,21.8
2025-03-16,39.12,18.27,30.19,0.01,0.31,11.34,14.28
2025-03-17,24.72,11.85,18.01,0.0,0.31,0.68,25.1
2025-03-18,31.83,12.13,22.07,0.0,0.31,7.7,21.49
2025-03-19,34.19,19.18,26.81,0.01,0.31,12.85,18.98
2025-03-20,32.31,23.27,27.51,11.97,0.32,17.0,18.91
2025-03-21,31.77,21.15,25.74,1.21,0.32,17.21,18.99
2025-03-22,29.47,17.26,23.02,0.0,0.32,11.1,22.27
2025-03-23,31.45,17.06,24.39,0.0,0.32,8.8,18.16
2025-03-24,33.3,20.44,26.85,0.02,0.32,15.06,20.36
2025-03-25,33.35,21.13,26.94,0.05,0.31,16.58,17.83
2025-03-26,32.61,21.91,26.73,0.2,0.31,15.65,18.75
2025-03-27,30.2,19.25,25.16,0.0,0.31,13.57,20.61
2025-03-28,27.72,19.66,23.2,5.12,0.32,13.81,6.93
2025-03-29,28.12,18.46,22.43,2.96,0.33,15.51,9.1
2025-03-30,29.55,16.97,23.11,0.0,0.32,13.67,20.11
2025-03-31,27.5,18.35,22.55,0.0,0.32,11.32,19.63
2025-04-01,27.69,15.9,21.37,0.0,0.32,9.2,19.25
2025-04-02,28.82,16.14,21.73,0.0,0.32,7.07,18.46
2025-04-03,29.2,15.87,21.92,0.0,0.32,5.7,20.59
2025-04-04,23.72,11.7,17.48,0.0,0.32,7.69,17.84
2025-04-05,23.57,10.43,16.3,0.0,0.31,4.55,20.34
2025-04-06,26.28,9.98,18.1,0.0,0.31,2.66,19.3
2025-04-07,23.75,10.72,16.88,0.0,0.31,6.14,20.28
2025-04-08,25.34,9.82,17.03,0.0,0.31,4.79,20.31
2025-04-09,28.18,10.25,19.15,0.0,0.31,4.55,19.43
2025-04-10,30.11,15.74,22.34,0.0,0.31,4.7,18.56
2025-04-11,31.89,13.95,22.62,0.0,0.31,7.54,18.89
2025-04-12,32.07,15.79,23.23,0.0,0.31,7.15,17.99
2025-04-13,31.45,16.98,23.45,0.0,0.31,10.69,18.23
2025-04-14,31.94,16.76,23.86,0.0,0.31,7.71,17.84
2025-04-15,31.14,16.85,23.67,0.0,0.31,9.31,17.55
2025-04-16,28.63,16.56,21.92,0.0,0.31,9.04,17.67
2025-04-17,30.03,14.19,22.11,0.0,0.31,6.69,17.89
2025-04-18,30.43,14.37,22.16,0.0,0.31,3.63,17.85
2025-04-19,30.17,15.25,21.81,0.0,0.31,4.4,17.17
2025-04-20,29.65,16.88,21.8,0.2,0.31,7.39,12.65
2025-04-21,19.65,12.11,15.69,0.63,0.31,8.77,8.61
2025-04-22,26.07,12.04,18.32,0.01,0.31,9.46,16.78
2025-04-23,28.81,14.28,21.09,0.0,0.31,11.73,16.17
2025-04-24,29.19,16.05,21.81,0.0,0.31,10.32,16.27
2025-04-25,28.65,15.16,21.78,0.02,0.31,9.66,14.59
2025-04-26,21.65,16.57,18.57,8.35,0.32,12.01,6.72
2025-04-27,22.62,15.58,18.13,1.7,0.33,14.43,10.8
2025-04-28,23.88,13.13,17.42,0.01,0.33,10.89,13.97
2025-04-29,22.17,9.67,16.23,0.0,0.32,9.48,15.47
2025-04-30,22.14,12.56,16.61,0.02,0.32,9.43,13.58
2025-05-01,21.46,9.3,14.59,0.0,0.32,4.93,15.95
2025-05-02,22.41,7.15,14.09,0.0,0.32,4.05,16.16
2025-05-03,24.12,7.51,15.13,0.0,0.32,4.59,15.79
2025-05-04,25.96,10.53,17.71,0.0,0.32,9.01,14.42
2025-05-05,26.86,12.44,19.4,0.0,0.32,9.62,14.01
2025-05-06,27.05,13.91,19.8,0.0,0.32,9.41,13.37
2025-05-07,25.58,13.34,19.01,0.0,0.32,8.89,12.7
2025-05-08,19.86,8.41,13.54,0.0,0.31,2.59,15.32
2025-05-09,23.03,6.14,14.0,0.0,0.31,3.2,14.77
2025-05-10,24.18,8.76,15.52,0.0,0.31,4.64,14.59
2025-05-11,23.84,11.03,17.25,0.0,0.31,9.59,13.38
2025-05-12,23.63,11.78,17.49,0.0,0.31,10.77,12.39
2025-05-13,25.16,12.02,18.69,0.0,0.31,10.13,12.31
2025-05-14,24.53,13.01,18.54,0.05,0.31,7.15,13.61
2025-05-15,23.34,9.17,15.4,0.06,0.31,2.72,13.82
2025-05-16,22.43,8.46,14.47,0.0,0.31,4.55,13.45
2025-05-17,18.82,7.06,12.76,0.0,0.31,6.83,11.22
2025-05-18,17.86,6.44,12.06,0.0,0.31,4.07,13.49
2025-05-19,19.8,7.37,12.66,0.0,0.31,2.63,13.3
2025-05-20,20.32,6.65,12.5,0.0,0.31,2.01,13.77
2025-05-21,21.58,8.03,13.71,0.58,0.31,7.88,12.21
2025-05-22,16.81,10.74,13.46,7.8,0.32,10.93,3.54
2025-05-23,15.29,11.51,13.04,1.81,0.33,10.46,2.77
2025-05-24,20.1,7.69,12.93,0.0,0.33,2.36,12.95
2025-05-25,21.25,8.8,13.72,0.0,0.33,-0.48,10.25
2025-05-26,20.29,11.91,15.3,1.86,0.33,7.29,4.03
2025-05-27,15.86,8.68,11.42,0.64,0.33,4.84,9.29
2025-05-28,16.64,7.25,10.68,0.6,0.33,6.47,11.99
2025-05-29,15.78,6.38,10.33,0.0,0.33,6.08,9.75
2025-05-30,20.4,5.25,11.27,0.0,0.33,5.29,12.58
2025-05-31,21.47,4.82,12.05,0.0,0.33,3.62,12.57
2025-06-01,22.42,6.46,14.01,0.0,0.32,5.55,12.17
2025-06-02,19.02,11.46,14.74,3.09,0.32,9.68,9.01
2025-06-03,18.46,9.17,13.49,0.12,0.33,8.93,9.85
2025-06-04,14.92,3.84,8.12,0.0,0.33,1.5,12.69
2025-06-05,16.19,2.04,8.52,0.0,0.33,-0.31,12.64
2025-06-06,16.65,7.08,11.13,0.01,0.33,0.4,6.29
2025-06-07,15.21,6.99,11.17,1.82,0.33,3.99,11.5
2025-06-08,11.35,5.83,8.5,0.47,0.33,3.36,8.98
2025-06-09,10.83,4.79,8.0,3.69,0.34,5.56,7.31
2025-06-10,11.62,5.76,8.79,0.12,0.34,6.05,5.63
2025-06-11,14.45,6.35,9.43,0.09,0.34,4.99,9.34
2025-06-12,13.18,6.48,9.0,0.46,0.33,2.97,8.37
2025-06-13,14.81,3.63,8.58,0.0,0.33,2.35,11.38
2025-06-14,15.98,1.99,8.48,0.0,0.33,1.28,11.57
2025-06-15,16.08,6.46,9.92,0.56,0.33,3.03,10.03
2025-06-16,16.69,3.06,8.84,0.0,0.33,1.79,11.66
2025-06-17,15.31,3.45,8.64,0.05,0.33,3.84,8.09
2025-06-18,14.64,4.13,8.4,0.0,0.33,3.17,11.57
2025-06-19,14.06,3.1,7.19,0.0,0.33,1.1,10.88
2025-06-20,15.79,2.03,7.95,0.0,0.33,-0.25,11.95
2025-06-21,17.55,1.26,8.24,0.0,0.33,-0.55,12.03
2025-06-22,20.98,3.3,11.52,0.0,0.33,5.57,8.96
2025-06-23,23.8,10.53,16.35,2.0,0.33,9.3,10.18
2025-06-24,16.35,9.1,12.67,10.39,0.35,6.11,10.99
2025-06-25,13.13,5.03,8.97,2.47,0.35,3.74,7.92
2025-06-26,13.76,2.34,6.53,0.03,0.35,1.84,11.97
2025-06-27,15.48,1.48,6.98,0.11,0.35,1.97,11.94
2025-06-28,17.39,2.13,8.54,0.04,0.35,2.32,11.47
2025-06-29,15.75,3.02,8.13,0.0,0.35,2.63,11.65
2025-06-30,14.48,1.37,7.42,0.02,0.35,3.7,10.35
2025-07-01,12.59,3.97,7.77,0.0,0.34,4.85,11.42
2025-07-02,15.7,5.05,9.12,0.01,0.34,4.45,11.86
2025-07-03,12.51,4.28,6.95,0.04,0.34,5.06,11.92
2025-07-04,17.16,3.57,9.13,0.0,0.34,3.7,11.96
2025-07-05,14.32,3.73,9.29,0.0,0.34,3.4,5.33
2025-07-06,17.44,6.27,10.55,0.0,0.34,4.83,10.2
2025-07-07,17.15,3.61,9.25,0.0,0.34,4.94,11.05
2025-07-08,17.66,7.59,10.99,0.0,0.34,3.04,7.59
2025-07-09,16.44,3.95,9.91,0.01,0.34,2.45,6.73
2025-07-10,12.66,5.74,9.34,0.18,0.34,3.34,7.11
2025-07-11,15.42,3.68,9.02,0.02,0.34,5.23,10.67
2025-07-12,17.49,6.15,10.6,0.01,0.34,6.27,11.88
2025-07-13,17.82,4.56,10.66,0.0,0.34,2.99,11.23
2025-07-14,14.16,5.21,8.96,0.14,0.34,2.59,12.84
2025-07-15,11.05,3.59,7.51,1.12,0.34,3.27,6.24
2025-07-16,15.08,2.63,8.04,0.03,0.34,2.77,12.91
2025-07-17,15.41,3.57,8.48,0.0,0.34,1.4,12.66
2025-07-18,14.98,2.33,8.03,0.02,0.34,3.47,12.53
2025-07-19,15.15,1.24,8.02,0.0,0.34,1.44,13.24
2025-07-20,17.48,4.09,9.15,0.0,0.34,1.35,12.61
2025-07-21,19.43,2.57,10.43,0.0,0.34,3.44,12.92
2025-07-22,15.28,7.18,12.55,1.96,0.34,7.06,4.25
2025-07-23,13.31,1.93,7.53,0.0,0.34,2.16,11.92
2025-07-24,14.82,4.09,8.26,0.0,0.34,0.43,13.11
2025-07-25,12.76,3.53,8.57,10.62,0.34,0.83,2.77
2025-07-26,12.78,7.17,9.86,2.64,0.36,7.84,3.72
2025-07-27,13.76,7.92,9.95,3.99,0.37,7.52,7.77
2025-07-28,13.8,6.57,9.13,0.59,0.37,5.68,7.98
2025-07-29,16.52,4.55,10.13,0.25,0.36,2.92,5.69
2025-07-30,11.91,6.02,8.06,0.7,0.36,5.15,6.87
2025-07-31,16.68,2.83,8.75,0.0,0.36,2.49,14.1
2025-08-01,16.08,3.2,9.22,0.05,0.36,3.2,13.41
2025-08-02,17.3,4.64,10.57,0.0,0.36,4.76,12.31
2025-08-03,20.71,5.25,11.67,0.0,0.36,5.04,14.75
2025-08-04,22.3,6.81,13.49,0.0,0.36,7.56,13.79
2025-08-05,17.95,6.74,11.92,0.0,0.35,4.44,14.68
2025-08-06,17.73,4.28,10.64,0.0,0.35,3.96,13.37
2025-08-07,17.37,5.15,10.35,0.0,0.35,4.59,14.94
2025-08-08,12.79,7.47,9.94,0.56,0.35,6.53,6.32
2025-08-09,19.75,6.92,12.44,0.0,0.35,6.37,15.03
2025-08-10,18.96,7.46,12.12,0.0,0.35,6.68,14.74
2025-08-11,19.93,6.45,12.58,0.0,0.35,5.91,14.62
2025-08-12,20.59,7.32,13.99,0.24,0.35,6.3,13.65
2025-08-13,18.59,7.36,12.51,0.97,0.35,7.08,6.63
2025-08-14,19.7,3.88,11.04,0.0,0.35,4.33,16.15
2025-08-15,20.2,6.71,12.53,0.02,0.35,4.85,12.79
2025-08-16,13.59,3.67,9.02,0.02,0.35,3.41,13.49
2025-08-17,13.38,2.51,8.53,1.38,0.35,1.7,11.74
2025-08-18,15.88,4.88,9.13,0.13,0.35,3.11,14.58
2025-08-19,17.77,2.12,9.48,0.14,0.35,2.44,16.24
2025-08-20,16.25,6.37,10.62,3.79,0.35,7.22,13.18
2025-08-21,17.14,7.49,12.38,0.15,0.36,8.04,12.24
2025-08-22,19.42,7.67,13.46,0.04,0.35,6.21,15.01
2025-08-23,22.02,7.1,13.56,0.12,0.35,4.67,16.32
2025-08-24,19.65,4.43,11.2,0.0,0.35,3.53,18.18
2025-08-25,22.45,4.66,13.24,0.0,0.35,-0.49,18.33
2025-08-26,27.23,9.85,17.7,0.06,0.35,1.03,7.25
2025-08-27,18.76,9.47,13.7,2.9,0.35,6.77,14.39
2025-08-28,17.35,5.16,11.07,0.01,0.35,3.78,16.95
2025-08-29,19.31,5.72,11.43,3.27,0.35,3.67,15.77
2025-08-30,13.67,5.3,8.8,0.09,0.35,0.81,18.1
2025-08-31,18.48,2.48,9.89,0.0,0.35,3.51,18.65
2025-09-01,18.79,7.46,12.37,0.01,0.35,4.97,14.87
2025-09-02,19.32,6.45,12.7,0.0,0.35,3.02,19.33
2025-09-03,22.6,7.65,14.52,0.0,0.35,1.78,18.44
2025-09-04,22.43,9.14,14.58,0.01,0.35,3.34,17.71
2025-09-05,20.9,5.92,13.21,0.0,0.35,3.48,16.62
2025-09-06,27.47,9.85,17.92,0.0,0.35,5.64,18.46
2025-09-07,26.14,13.85,19.59,1.99,0.34,9.21,9.27
2025-09-08,27.45,13.83,20.2,1.03,0.35,8.42,19.56
2025-09-09,25.69,12.64,18.2,0.13,0.35,8.31,16.82
2025-09-10,16.41,8.32,11.78,24.88,0.37,8.92,8.73
2025-09-11,17.7,6.53,11.43,0.55,0.39,5.1,13.24
2025-09-12,18.53,5.09,11.29,0.0,0.38,4.25,19.98
2025-09-13,20.25,5.48,13.34,0.0,0.38,5.79,17.72
2025-09-14,22.71,6.89,14.62,0.0,0.37,4.58,21.23
2025-09-15,27.52,8.84,18.47,0.0,0.37,3.56,21.88
2025-09-16,25.78,12.62,19.42,0.15,0.36,8.83,8.04
2025-09-17,19.81,7.13,13.01,0.0,0.36,4.71,22.16
2025-09-18,22.79,5.78,14.55,0.0,0.36,1.86,22.8
2025-09-19,27.02,10.46,16.6,1.22,0.36,7.33,8.72
2025-09-20,18.66,8.44,12.67,0.02,0.36,3.05,21.29
2025-09-21,21.22,5.51,13.21,0.0,0.36,4.81,21.44
2025-09-22,18.52,7.47,12.84,0.01,0.36,3.94,21.93
2025-09-23,20.03,4.32,11.68,0.0,0.36,3.04,23.36
2025-09-24,21.84,6.09,13.49,0.0,0.36,6.19,21.87
2025-09-25,24.62,7.96,15.91,0.0,0.35,6.28,20.93
2025-09-26,29.5,10.34,19.63,0.0,0.35,4.06,22.63
2025-09-27,29.47,11.26,19.65,0.0,0.35,4.35,19.42
2025-09-28,23.4,9.96,16.02,0.0,0.35,5.03,24.19
2025-09-29,26.98,8.86,18.1,0.0,0.35,3.97,23.46
2025-09-30,29.19,13.65,20.43,0.01,0.35,4.0,18.31
2025-10-01,22.31,8.85,15.23,0.0,0.34,3.03,25.0
2025-10-02,19.43,9.53,13.67,0.15,0.34,1.75,17.69
2025-10-03,22.97,6.21,14.41,0.0,0.34,4.39,24.48
2025-10-04,27.61,9.66,18.64,0.0,0.34,5.75,25.34
2025-10-05,32.97,12.02,22.21,0.0,0.34,2.44,24.26
2025-10-06,22.0,12.24,16.76,0.03,0.34,8.01,14.54
2025-10-07,23.94,10.18,16.96,0.0,0.34,6.7,16.95
2025-10-08,31.58,12.53,20.97,1.01,0.34,10.43,16.13
2025-10-09,24.69,13.54,18.51,0.09,0.34,9.63,16.78
2025-10-10,28.73,10.29,19.16,0.0,0.34,1.9,26.93
2025-10-11,28.09,10.18,18.98,0.0,0.34,3.82,27.16
2025-10-12,23.11,11.0,16.17,0.3,0.34,5.67,14.66
2025-10-13,23.81,8.05,16.28,0.1,0.34,2.68,27.94
2025-10-14,26.44,9.45,18.09,0.0,0.33,0.83,27.34
2025-10-15,30.15,10.01,21.16,0.0,0.33,2.0,27.89
2025-10-16,34.59,12.9,24.46,0.0,0.33,0.63,27.57
2025-10-17,30.87,15.59,23.17,0.0,0.33,6.24,25.35
2025-10-18,29.02,12.9,20.4,0.0,0.33,2.75,26.48
2025-10-19,35.29,13.9,24.7,0.0,0.33,1.62,27.31
2025-10-20,39.11,18.83,28.27,0.0,0.33,4.35,22.71
2025-10-21,31.39,18.34,24.66,0.0,0.32,10.13,13.69
2025-10-22,29.31,14.62,22.57,0.02,0.32,8.17,14.19
2025-10-23,24.28,9.79,16.8,0.0,0.32,3.56,22.12
2025-10-24,27.04,9.67,18.78,0.0,0.32,2.23,28.21
2025-10-25,28.39,14.45,22.07,0.09,0.32,4.92,18.8
2025-10-26,30.87,17.97,23.44,5.3,0.33,10.33,15.36
2025-10-27,24.28,11.98,17.91,0.14,0.33,5.89,23.62
2025-10-28,17.6,11.41,14.55,0.59,0.33,6.96,10.34
2025-10-29,22.97,12.39,17.1,0.55,0.33,9.32,22.45
2025-10-30,29.16,13.1,21.86,0.0,0.33,5.74,25.23
2025-10-31,32.12,16.19,23.63,2.44,0.33,6.26,13.01
2025-11-01,32.81,14.83,23.52,0.01,0.33,9.25,29.59
2025-11-02,36.28,16.24,26.87,0.06,0.33,6.26,24.4
2025-11-03,22.45,11.41,17.17,8.14,0.33,11.41,6.91
2025-11-04,19.45,8.86,14.09,1.86,0.34,4.49,23.1
2025-11-05,24.44,7.47,16.65,0.03,0.34,4.43,29.45
2025-11-06,30.27,10.36,21.5,0.0,0.34,2.06,24.64
2025-11-07,34.4,15.53,26.01,0.0,0.33,2.61,20.14
2025-11-08,25.32,12.45,19.86,0.01,0.33,7.58,25.61
2025-11-09,23.73,7.75,15.84,0.01,0.33,4.1,31.47
2025-11-10,26.02,9.27,17.78,0.0,0.33,3.65,31.74
2025-11-11,20.89,9.32,15.4,0.02,0.33,1.8,27.74
2025-11-12,25.09,6.53,16.48,0.0,0.33,-2.54,32.41
2025-11-13,29.15,10.5,20.48,0.0,0.32,-4.74,23.16
2025-11-14,33.67,13.61,24.48,0.0,0.32,1.79,27.97
2025-11-15,34.48,17.61,25.55,0.17,0.32,4.34,22.28
2025-11-16,27.92,13.8,21.44,0.03,0.32,7.05,28.64
2025-11-17,23.77,11.29,17.28,0.41,0.32,6.02,23.73
2025-11-18,29.38,11.39,20.87,0.0,0.32,7.15,29.8
2025-11-19,33.43,16.69,25.56,0.0,0.32,6.23,31.21
2025-11-20,29.13,15.69,22.01,0.0,0.32,5.05,27.82
2025-11-21,29.79,9.83,20.33,0.0,0.32,-0.17,28.28
2025-11-22,31.69,14.87,24.3,0.23,0.32,7.93,21.73
2025-11-23,33.17,16.34,25.32,0.0,0.32,9.63,29.56
2025-11-24,38.17,19.27,29.25,0.19,0.32,11.22,24.38
2025-11-25,34.8,21.63,27.58,0.69,0.32,10.8,23.88
2025-11-26,31.51,18.19,24.9,0.0,0.32,4.54,31.58
2025-11-27,28.28,13.83,20.86,0.0,0.31,4.39,33.04
2025-11-28,32.82,13.95,24.87,0.03,0.31,4.77,28.63
2025-11-29,26.75,15.78,22.12,6.49,0.32,8.27,28.02
2025-11-30,23.64,13.29,18.06,0.24,0.32,4.85,27.66
2025-12-01,18.39,10.65,14.55,3.06,0.32,4.65,17.97
2025-12-02,24.15,7.72,16.32,0.0,0.33,3.09,33.81
2025-12-03,31.47,11.8,23.26,0.0,0.32,2.34,32.47
2025-12-04,35.9,16.55,26.91,0.0,0.32,0.39,30.48
2025-12-05,41.25,19.26,30.93,0.0,0.32,-1.28,31.19
2025-12-06,37.9,23.08,29.21,0.19,0.32,8.43,18.0
2025-12-07,27.63,13.18,20.12,0.0,0.31,-1.82,32.78
2025-12-08,33.29,13.16,24.17,0.0,0.31,-2.58,33.61
2025-12-09,37.12,20.38,29.05,0.0,0.31,1.25,33.32
2025-12-10,37.13,19.26,26.96,0.0,0.31,5.38,26.51
2025-12-11,37.16,18.1,27.79,0.0,0.31,7.47,26.27
2025-12-12,36.42,20.68,28.78,0.0,0.31,12.42,30.34
2025-12-13,30.04,19.02,24.44,10.69,0.32,14.3,6.16
2025-12-14,30.64,17.44,23.85,0.11,0.33,9.19,31.57
2025-12-15,27.52,12.87,20.11,0.0,0.32,1.2,34.6
2025-12-16,33.4,11.51,23.33,0.0,0.32,4.62,33.84
2025-12-17,40.15,20.06,30.93,0.0,0.32,9.44,31.16
2025-12-18,41.55,22.49,33.37,0.0,0.32,10.87,30.77
2025-12-19,42.65,28.66,35.17,7.3,0.31,12.74,22.59
2025-12-20,39.14,26.21,33.1,3.17,0.33,17.16,26.59
2025-12-21,35.7,18.78,28.73,11.83,0.34,17.58,12.5
2025-12-22,28.52,14.85,21.48,0.22,0.35,8.54,33.49
2025-12-23,28.84,14.73,21.33,0.0,0.34,5.94,34.19
2025-12-24,30.24,13.89,22.54,0.0,0.33,5.38,34.35
2025-12-25,27.13,12.77,19.89,0.0,0.33,2.85,31.28
2025-12-26,26.3,9.31,18.13,0.0,0.33,-0.1,32.51
2025-12-27,31.0,9.78,21.07,0.0,0.33,1.16,34.88
2025-12-28,34.49,14.06,24.75,0.0,0.32,1.28,34.78
2025-12-29,35.99,16.79,26.75,0.0,0.32,1.91,34.65
2025-12-30,38.4,20.21,29.78,0.0,0.32,0.87,33.06
2025-12-31,34.54,19.2,26.4,0.0,0.32,5.15,32.49
2026-01-01,33.37,13.46,24.23,0.0,0.32,3.34,33.13
2026-01-02,36.07,18.49,27.58,0.0,0.32,9.68,32.75
2026-01-03,38.41,20.98,29.97,0.0,0.32,9.12,26.17
2026-01-04,38.96,22.42,30.97,0.43,0.31,6.65,24.45
2026-01-05,37.59,22.77,29.58,0.28,0.31,7.86,31.47
2026-01-06,38.97,17.99,29.39,0.03,0.31,1.77,33.86
2026-01-07,42.67,23.06,33.58,0.0,0.31,7.35,32.74
2026-01-08,43.55,27.12,35.58,0.0,0.31,8.28,32.55
2026-01-09,42.2,26.65,34.68,0.0,0.31,3.36,33.87
2026-01-10,35.65,22.86,29.54,0.0,0.31,5.13,31.5
2026-01-11,31.39,17.86,24.31,0.0,0.31,1.29,33.57
2026-01-12,35.41,17.44,26.9,0.0,0.31,8.82,32.29
2026-01-13,39.19,21.2,30.61,0.0,0.31,7.87,31.08
2026-01-14,39.51,21.63,30.9,0.0,0.31,5.75,31.79
2026-01-15,38.35,20.86,29.52,0.0,0.31,4.64,32.39
2026-01-16,34.54,18.55,27.27,0.0,0.31,10.13,31.31
2026-01-17,34.6,19.31,26.8,0.0,0.31,11.89,30.57
2026-01-18,34.1,18.73,26.92,0.0,0.31,12.07,29.89
2026-01-19,36.33,19.66,28.19,0.01,0.31,10.43,30.51
2026-01-20,31.87,20.9,27.06,0.25,0.31,10.87,14.08
2026-01-21,36.42,20.2,28.65,0.0,0.31,9.01,27.51
2026-01-22,30.38,16.54,23.3,0.0,0.3,1.5,33.39
2026-01-23,35.52,14.07,25.38,0.0,0.3,-1.65,33.58
2026-01-24,39.87,18.44,30.01,0.0,0.3,-2.76,33.45
2026-01-25,45.6,23.91,35.0,0.0,0.3,-0.27,29.3
2026-01-26,46.01,25.12,35.84,0.0,0.3,5.16,31.31
2026-01-27,46.27,24.46,35.61,0.0,0.3,6.99,31.41
2026-01-28,47.04,26.31,37.13,0.0,0.3,6.83,30.91
2026-01-29,46.29,26.62,36.15,0.0,0.3,5.4,31.17
2026-01-30,46.78,25.93,36.81,0.0,0.3,7.28,30.24
2026-01-31,46.96,28.52,38.46,0.04,0.3,10.17,25.35
2026-02-01,32.21,20.72,28.26,3.33,0.3,8.56,16.02
2026-02-02,30.73,13.12,22.28,0.0,0.3,-3.76,32.07
2026-02-03,30.33,17.89,23.96,0.0,0.3,8.16,18.41
2026-02-04,37.81,20.48,29.58,0.0,0.3,10.11,29.83
2026-02-05,40.35,25.95,32.82,0.0,0.3,4.29,28.07
2026-02-06,40.97,21.36,31.61,0.0,0.3,3.72,28.45
2026-02-07,32.91,23.18,27.91,6.69,0.3,17.41,9.36
2026-02-08,30.79,21.92,26.28,3.9,0.32,19.03,13.42
2026-02-09,36.34,23.61,30.23,0.93,0.32,16.31,26.45
2026-02-10,37.83,22.53,30.77,0.09,0.31,11.61,25.42
2026-02-11,38.97,24.29,31.8,0.06,0.31,12.83,26.45
2026-02-12,28.57,17.87,24.19,0.05,0.31,5.88,28.36
2026-02-13,32.87,12.24,23.09,0.08,0.31,2.62,30.25
2026-02-14,34.47,18.7,27.13,0.03,0.31,12.37,22.33
2026-02-15,34.3,21.17,27.5,0.01,0.3,11.49,26.79
2026-02-16,33.99,19.54,26.91,0.0,0.3,10.49,26.32
2026-02-17,36.05,20.37,28.76,0.0,0.3,10.65,19.93
2026-02-18,33.22,20.23,26.64,0.01,0.3,9.4,27.81
2026-02-19,34.91,15.95,25.75,0.0,0.3,4.24,28.71
2026-02-20,39.41,18.86,29.41,0.0,0.3,4.49,28.35
2026-02-21,40.26,22.15,31.54,0.07,0.3,5.75,25.23
2026-02-22,33.85,25.24,29.29,0.4,0.3,13.54,8.24
2026-02-23,38.15,25.1,31.61,0.0,0.3,12.38,23.28
2026-02-24,39.13,25.8,31.81,0.82,0.3,16.08,20.78
2026-02-25,31.91,24.05,28.09,1.06,0.3,16.92,15.84
2026-02-26,35.65,23.59,30.08,0.04,0.3,16.31,22.13
2026-02-27,36.48,23.25,29.82,0.0,0.3,13.08,26.35
2026-02-28,37.51,23.13,30.34,0.16,0.3,14.01,23.53
2026-03-01,33.11,23.18,28.35,4.41,0.3,13.69,8.48
2026-03-02,31.4,22.89,26.83,8.28,0.31,17.96,9.21
2026-03-03,32.96,21.22,26.45,2.32,0.32,19.58,8.7
2026-03-04,32.76,19.76,25.74,0.24,0.32,15.3,20.61
2026-03-05,34.09,18.75,25.92,0.0,0.32,10.93,26.15
2026-03-06,35.68,18.19,26.64,0.13,0.31,9.58,25.57
2026-03-07,33.83,18.02,25.63,1.43,0.31,9.19,25.21
2026-03-08,34.6,16.89,26.0,0.0,0.31,11.49,24.35
2026-03-09,34.5,19.54,26.7,0.0,0.31,12.09,24.7
2026-03-10,35.63,18.98,27.72,0.0,0.31,9.53,23.7
2026-03-11,37.2,21.11,28.29,0.0,0.31,8.15,23.47
2026-03-12,25.97,13.95,19.93,0.01,0.31,5.18,25.88
2026-03-13,28.6,11.12,19.75,0.01,0.31,2.32,26.02
2026-03-14,32.97,15.98,23.76,0.0,0.3,8.4,24.74
2026-03-15,36.91,18.25,27.98,0.0,0.3,10.45,23.27
2026-03-16,32.82,24.21,28.17,0.01,0.3,10.74,11.84
2026-03-17,27.99,20.87,24.24,0.21,0.3,15.1,8.54
2026-03-18,31.92,20.84,25.19,4.02,0.3,13.52,9.83
2026-03-19,29.77,19.4,24.44,1.8,0.31,15.91,16.93
2026-03-20,31.69,19.25,25.42,0.01,0.31,15.12,18.94
2026-03-21,32.94,21.74,26.65,0.01,0.31,11.66,18.15
2026-03-22,32.66,19.53,25.94,0.0,0.31,12.92,22.31
2026-03-23,33.68,19.44,26.42,0.0,0.31,11.58,20.91
2026-03-24,34.06,19.5,26.71,0.0,0.31,10.14,19.41
2026-03-25,35.2,20.32,27.42,0.05,0.3,11.19,16.82
2026-03-26,26.38,12.28,20.36,10.27,0.31,12.35,7.51
2026-03-27,20.99,8.47,14.27,0.06,0.32,4.22,21.54
2026-03-28,22.75,7.4,15.03,0.0,0.32,5.42,22.36
2026-03-29,27.73,10.6,18.77,0.01,0.32,6.54,22.45
2026-03-30,30.61,12.21,21.31,0.0,0.32,5.4,22.11
2026-03-31,32.62,13.93,23.12,0.0,0.31,5.6,21.45
2026-04-01,33.19,17.49,25.18,0.0,0.31,8.99,17.47
2026-04-02,33.33,17.19,24.9,0.0,0.31,9.6,20.56
2026-04-03,28.66,15.88,21.89,0.0,0.31,7.23,20.46
2026-04-04,29.46,15.04,21.06,0.0,0.31,4.04,17.98
2026-04-05,29.61,16.05,22.42,0.0,0.31,11.57,18.64
2026-04-06,31.21,19.61,24.5,0.0,0.31,10.2,19.14
2026-04-07,29.12,17.09,22.52,0.0,0.31,9.77,19.34
2026-04-08,28.88,13.15,21.01,0.0,0.31,9.27,17.62
2026-04-09,34.86,18.82,26.45,0.1,0.31,9.64,16.56
2026-04-10,26.32,15.28,22.0,2.45,0.31,10.47,13.81
2026-04-11,20.37,11.29,15.28,0.0,0.31,4.3,18.98
2026-04-12,19.88,8.95,14.27,0.0,0.31,4.95,13.09
2026-04-13,22.45,8.26,15.02,0.01,0.31,7.13,19.01
2026-04-14,25.17,9.46,16.84,0.0,0.31,8.84,18.94
2026-04-15,24.56,10.8,17.26,0.0,0.31,7.61,18.68
2026-04-16,26.74,11.93,19.03,0.0,0.31,6.03,17.27
2026-04-17,24.21,11.15,17.06,0.01,0.31,6.4,16.75
2026-04-18,22.52,5.7,13.46,0.0,0.31,0.99,19.14
2026-04-19,23.66,5.96,14.25,0.0,0.31,-1.0,16.99
2026-04-20,26.89,8.56,17.06,0.0,0.31,-0.48,17.83
2026-04-21,27.16,9.98,17.95,0.0,0.31,2.97,17.76
2026-04-22,24.8,11.01,17.62,0.0,0.31,6.07,15.37
2026-04-23,25.63,10.68,17.4,0.0,0.31,3.5,17.59
2026-04-24,26.03,11.03,17.33,0.0,0.31,3.19,17.43
2026-04-25,27.89,11.14,18.8,0.0,0.3,5.57,17.12
2026-04-26,26.7,14.02,19.84,0.0,0.3,5.38,10.94
2026-04-27,27.67,12.24,19.58,0.0,0.3,4.53,16.3
2026-04-28,27.57,11.34,19.37,0.0,0.3,1.61,16.47
2026-04-29,27.8,12.65,19.32,0.0,0.3,1.78,14.84
2026-04-30,28.58,13.11,20.58,0.0,0.3,7.18,13.88
2026-05-01,27.73,15.79,21.61,0.0,0.3,7.89,14.49
2026-05-02,25.91,15.85,20.59,0.0,0.3,8.68,10.28
2026-05-03,23.11,14.35,19.65,21.19,0.32,14.87,5.98
2026-05-04,21.58,9.92,15.11,0.12,0.34,7.52,15.03
2026-05-05,20.42,8.46,13.8,0.11,0.34,7.94,15.08
2026-05-06,19.71,8.45,13.26,0.0,0.33,6.79,10.57
2026-05-07,14.73,6.27,10.49,0.1,0.33,2.06,15.53
2026-05-08,16.67,5.81,11.59,0.01,0.33,6.75,11.84
2026-05-09,20.02,8.04,13.01,0.0,0.33,8.22,14.62
2026-05-10,22.73,7.18,14.24,0.0,0.33,6.81,14.6
2026-05-11,25.32,8.94,16.18,0.0,0.33,7.32,14.36
2026-05-12,24.6,11.14,16.98,0.0,0.33,8.58,12.27
2026-05-13,23.67,10.9,16.34,0.0,0.32,8.64,13.86
2026-05-14,23.58,11.17,16.63,0.0,0.32,9.73,13.66
2026-05-15,24.61,11.34,17.36,0.0,0.32,9.34,13.19
2026-05-16,25.91,14.05,19.14,0.0,0.32,9.66,11.72
2026-05-17,17.44,14.43,15.83,8.04,0.33,10.99,2.83
2026-05-18,17.66,13.8,15.03,4.97,0.34,13.55,3.34
2026-05-19,19.5,12.74,15.25,0.48,0.35,9.62,12.37
2026-05-20,18.64,7.28,12.24,0.0,0.34,7.09,12.15
2026-05-21,19.42,5.64,11.44,0.0,0.34,5.61,13.48
2026-05-22,20.94,5.68,12.1,0.14,0.34,5.44,13.52
2026-05-23,21.16,9.14,14.31,0.0,0.34,7.5,7.9
2026-05-24,19.84,11.45,15.18,0.0,0.34,10.32,5.35
2026-05-25,22.76,10.47,15.89,0.11,0.34,10.26,10.78
2026-05-26,22.01,11.66,15.17,2.42,0.34,11.68,5.21
2026-05-27,20.55,9.61,14.03,0.05,0.34,10.02,8.75
2026-05-28,19.99,10.48,14.17,0.3,0.34,9.77,8.61
2026-05-29,18.76,9.04,13.14,0.0,0.34,7.97,10.96
2026-05-30,18.72,7.98,13.06,0.19,0.34,7.88,9.17
2026-05-31,16.0,8.43,11.54,0.37,0.34,6.41,10.85
2026-06-01,17.56,7.35,11.9,1.7,0.34,5.14,7.82
2026-06-02,20.11,11.57,15.36,1.32,0.34,7.01,8.68
2026-06-03,16.26,9.4,12.85,0.67,0.34,7.78,8.3
2026-06-04,13.05,8.07,10.9,3.79,0.35,7.58,8.44
2026-06-05,13.63,5.09,8.56,0.36,0.35,4.26,11.02
2026-06-06,16.6,3.37,9.37,0.0,0.35,5.27,10.85
2026-06-07,17.21,5.25,10.27,0.0,0.35,6.31,10.51
2026-06-08,20.53,3.96,11.11,0.0,0.34,4.92,11.5
2026-06-09,22.28,9.72,14.87,1.91,0.34,9.35,10.46
2026-06-10,21.5,11.93,15.34,1.63,0.35,11.33,7.62
2026-06-11,23.07,8.85,14.97,0.01,0.35,9.4,6.94
2026-06-12,22.48,8.83,14.83,0.0,0.35,8.2,10.93
2026-06-13,21.11,11.53,15.43,0.0,0.34,11.12,7.22
2026-06-14,20.61,12.43,15.84,0.12,0.34,11.91,8.56
2026-06-15,22.17,10.48,15.27,0.03,0.34,11.24,10.61
2026-06-16,24.0,11.26,16.44,0.07,0.34,10.62,10.18
2026-06-17,21.74,13.85,16.79,0.09,0.34,11.71,6.56
2026-06-18,20.21,14.15,16.55,2.55,0.34,10.96,2.13
2026-06-19,17.75,9.94,13.56,1.57,0.35,10.17,4.71
2026-06-20,13.98,7.86,10.62,0.93,0.35,8.11,6.09
2026-06-21,15.98,8.33,11.31,0.05,0.35,7.4,6.33
2026-06-22,16.13,6.37,10.58,0.0,0.35,5.68,8.83
2026-06-23,14.52,5.68,9.44,0.0,0.35,3.8,5.64
2026-06-24,16.22,2.87,8.5,0.0,0.35,4.6,10.93
2026-06-25,17.81,4.88,9.57,0.0,0.35,6.02,10.91
2026-06-26,16.8,8.21,11.69,0.69,0.35,8.07,8.22
2026-06-27,18.4,8.06,11.6,0.39,0.35,6.39,9.08
2026-06-28,18.02,5.87,11.52,0.0,0.35,7.54,6.45
2026-06-29,15.93,11.43,13.6,0.34,0.35,10.81,4.18
2026-06-30,16.37,10.98,14.1,7.0,0.36,11.2,7.3
2026-07-01,17.04,11.8,13.76,28.38,0.24,11.65,1.21
2026-07-02,18.0,8.41,12.95,0.0,0.26,7.3,11.2
2026-07-03,15.7,8.67,11.8,0.07,0.25,5.55,10.41
2026-07-04,15.33,6.71,10.6,0.01,0.24,5.11,7.1
2026-07-05,15.61,3.43,8.84,0.01,0.24,3.84,11.58
2026-07-06,16.96,5.64,10.49,0.0,0.24,4.43,10.99
2026-07-07,18.04,4.73,10.56,0.0,0.23,5.27,11.64
2026-07-08,18.27,4.86,10.78,0.0,0.23,4.72,11.5
2026-07-09,18.01,5.35,11.05,0.0,0.23,5.21,10.76
2026-07-10,18.24,9.06,12.6,0.07,0.23,5.15,10.35
2026-07-11,18.19,9.05,13.13,2.25,0.23,5.77,7.72
2026-07-12,15.14,5.9,10.53,0.86,0.23,3.7,11.68
2026-07-13,16.53,6.12,10.82,0.02,0.23,4.16,10.09
2026-07-14,16.49,8.57,11.88,0.46,0.23,7.15,7.48
2026-07-15,16.85,4.75,10.16,0.0,0.23,3.91,12.4
2026-07-16,16.85,3.42,8.95,0.02,0.23,3.34,12.37
2026-07-17,19.12,4.03,10.62,0.0,0.23,3.86,12.59
2026-07-18,19.62,5.32,11.56,0.0,0.23,4.55,12.59
2026-07-19,19.63,4.89,11.22,0.0,0.23,3.1,12.9
2026-07-20,19.67,5.38,11.8,0.0,0.23,3.8,12.79
2026-07-21,21.28,6.83,13.19,0.0,0.23,4.14,11.98
2026-07-22,20.62,8.19,13.55,0.03,0.23,4.31,10.43
2026-07-23,15.39,5.76,9.95,0.02,0.23,3.16,9.95
2026-07-24,13.86,1.97,7.36,0.0,0.23,0.69,12.45
2026-07-25,16.28,3.02,9.66,0.1,0.22,5.2,8.23
2026-07-26,16.31,8.91,12.07,0.24,0.22,7.23,8.08
2026-07-27,16.61,8.75,12.45,0.01,0.22,2.8,10.62
2026-07-28,18.68,6.72,12.01,0.04,0.22,3.5,11.3
2026-07-29,15.17,6.36,10.53,0.01,0.22,3.04,12.89
