date,tmax,tmin,tmean,precip,gwetroot,tdew,solar
1984-01-01,34.11,16.01,24.81,0.0,0.25,10.6,30.07
1984-01-02,36.05,15.78,26.06,0.0,0.24,6.28,33.11
1984-01-03,40.19,18.14,29.69,0.0,0.24,5.79,33.06
1984-01-04,36.83,18.1,26.38,0.0,0.24,9.11,32.28
1984-01-05,31.56,15.48,23.19,0.0,0.24,5.59,32.32
1984-01-06,37.17,14.67,26.77,0.08,0.24,4.79,32.74
1984-01-07,39.9,22.7,31.92,0.26,0.24,9.89,29.88
1984-01-08,39.74,26.62,32.82,0.19,0.24,8.48,29.95
1984-01-09,39.73,21.91,31.03,0.0,0.24,1.95,33.61
1984-01-10,41.58,21.34,31.78,0.0,0.23,7.14,32.28
1984-01-11,39.89,20.38,29.71,0.0,0.23,10.75,32.71
1984-01-12,40.06,17.64,28.98,0.0,0.23,7.93,32.66
1984-01-13,39.46,18.0,28.21,0.01,0.23,7.48,32.69
1984-01-14,34.99,15.04,24.4,0.0,0.23,7.88,32.16
1984-01-15,32.3,15.56,23.65,0.0,0.23,8.48,31.81
1984-01-16,33.65,15.52,24.74,0.0,0.23,5.02,31.88
1984-01-17,36.16,17.42,27.16,0.0,0.23,3.17,31.84
1984-01-18,38.92,19.82,29.84,0.0,0.23,2.21,32.79
1984-01-19,40.49,21.74,31.45,0.0,0.23,0.89,33.25
1984-01-20,41.89,22.91,32.52,0.0,0.22,2.78,31.66
1984-01-21,43.02,23.8,33.27,0.03,0.22,5.0,31.28
1984-01-22,40.54,21.6,30.34,0.0,0.22,9.75,31.79
1984-01-23,36.82,18.15,27.22,0.0,0.22,7.92,30.22
1984-01-24,35.72,17.98,26.61,0.0,0.22,3.37,31.56
1984-01-25,35.83,17.93,26.87,1.62,0.22,4.88,31.78
1984-01-26,38.98,20.81,30.59,0.54,0.22,9.71,28.9
1984-01-27,32.83,25.49,29.85,11.12,0.23,17.97,17.22
1984-01-28,37.69,21.58,29.37,0.0,0.24,12.13,31.75
1984-01-29,39.02,21.13,30.24,0.0,0.23,8.39,31.97
1984-01-30,43.31,22.88,33.28,0.0,0.23,6.69,32.05
1984-01-31,44.51,25.63,34.55,0.0,0.23,6.86,29.61
1984-02-01,43.32,23.8,33.89,0.0,0.23,9.51,31.64
1984-02-02,44.7,24.51,34.7,0.23,0.22,5.13,31.36
1984-02-03,43.87,22.17,33.19,0.03,0.22,8.69,31.72
1984-02-04,43.18,23.7,32.96,0.0,0.22,7.23,31.55
1984-02-05,39.95,21.14,30.06,0.0,0.22,6.65,30.06
1984-02-06,39.12,20.84,29.74,0.0,0.22,5.51,29.78
1984-02-07,41.96,23.18,32.69,0.0,0.22,6.15,29.13
1984-02-08,41.58,27.33,34.15,0.0,0.22,4.66,22.09
1984-02-09,43.4,26.04,34.88,0.0,0.22,5.04,30.35
1984-02-10,44.37,26.53,35.64,0.0,0.22,5.86,29.5
1984-02-11,45.59,26.62,36.33,0.0,0.22,4.12,30.38
1984-02-12,38.21,25.76,31.55,0.0,0.22,4.66,29.14
1984-02-13,38.38,20.51,29.44,0.0,0.22,4.69,29.54
1984-02-14,40.37,21.43,31.27,0.0,0.21,1.42,29.53
1984-02-15,39.6,21.13,30.37,0.0,0.21,9.14,29.26
1984-02-16,39.51,20.88,30.45,0.0,0.21,7.75,29.26
1984-02-17,40.2,22.29,31.25,0.0,0.21,4.96,29.43
1984-02-18,32.53,18.5,25.1,0.0,0.21,7.52,28.12
1984-02-19,32.7,13.8,22.93,0.02,0.21,-3.03,28.65
1984-02-20,30.93,15.68,23.18,3.08,0.22,7.04,15.36
1984-02-21,30.26,18.51,23.01,14.16,0.23,15.68,15.81
1984-02-22,30.63,20.24,24.58,2.64,0.24,17.23,19.52
1984-02-23,33.45,17.53,25.76,0.07,0.24,10.33,26.47
1984-02-24,41.71,21.87,31.52,0.05,0.24,8.88,27.45
1984-02-25,42.44,24.5,33.47,0.93,0.23,11.28,28.26
1984-02-26,39.09,26.26,32.13,0.0,0.23,14.44,27.99
1984-02-27,31.05,19.13,25.46,0.13,0.23,6.13,25.31
1984-02-28,32.71,20.27,26.0,0.29,0.23,6.25,28.19
1984-02-29,37.82,19.64,28.74,0.33,0.23,3.96,27.71
1984-03-01,38.45,22.63,30.16,1.1,0.23,7.56,23.62
1984-03-02,31.02,20.44,25.5,10.66,0.23,13.55,18.85
1984-03-03,29.1,17.58,22.67,20.1,0.27,17.3,21.64
1984-03-04,26.91,18.73,22.2,12.23,0.3,17.44,8.69
1984-03-05,31.32,17.94,24.5,0.94,0.29,16.75,16.57
1984-03-06,32.21,16.49,24.36,8.03,0.29,15.71,18.3
1984-03-07,34.02,22.34,27.99,2.82,0.29,16.21,9.38
1984-03-08,36.84,23.03,29.52,1.86,0.29,14.73,11.26
1984-03-09,33.93,18.71,26.97,0.25,0.29,16.88,16.66
1984-03-10,34.78,15.37,24.88,0.0,0.28,12.28,24.72
1984-03-11,32.64,15.81,23.12,0.0,0.28,9.93,25.42
1984-03-12,28.56,13.65,20.06,0.0,0.28,5.04,23.69
1984-03-13,31.2,12.08,21.26,0.0,0.27,2.23,25.18
1984-03-14,35.03,14.55,24.56,0.02,0.27,2.62,25.22
1984-03-15,32.2,17.25,23.55,0.06,0.27,10.48,24.1
1984-03-16,26.46,13.97,19.6,0.22,0.27,8.51,19.7
1984-03-17,26.5,10.94,18.49,0.0,0.27,4.01,23.8
1984-03-18,26.04,13.37,19.67,0.4,0.27,6.78,17.79
1984-03-19,28.98,16.63,21.6,0.03,0.27,12.58,20.96
1984-03-20,29.55,13.52,21.25,0.0,0.27,10.57,21.34
1984-03-21,30.65,14.84,22.47,0.1,0.26,9.1,23.7
1984-03-22,32.86,15.74,24.11,0.05,0.26,8.72,23.85
1984-03-23,31.56,15.9,23.1,0.13,0.26,10.04,23.9
1984-03-24,26.8,13.16,18.97,0.0,0.26,4.58,23.22
1984-03-25,26.72,10.54,18.22,0.12,0.26,1.71,23.1
1984-03-26,28.98,11.23,19.88,0.0,0.26,5.46,23.04
1984-03-27,31.23,13.23,22.01,0.0,0.26,5.96,23.34
1984-03-28,33.26,15.02,23.82,0.0,0.26,6.07,22.88
1984-03-29,32.9,13.89,23.01,0.0,0.25,7.49,23.04
1984-03-30,35.97,15.77,25.14,0.01,0.25,5.01,22.04
1984-03-31,35.86,18.16,26.82,0.0,0.25,5.8,17.45
1984-04-01,37.17,23.09,29.23,0.02,0.25,6.7,19.4
1984-04-02,36.78,17.89,26.58,0.42,0.25,5.87,19.95
1984-04-03,34.1,20.94,26.45,0.23,0.25,5.25,18.05
1984-04-04,33.29,19.25,25.39,0.01,0.25,6.81,19.13
1984-04-05,32.01,19.39,24.91,0.0,0.25,7.39,21.49
1984-04-06,28.99,15.74,21.9,0.03,0.25,6.22,21.91
1984-04-07,29.29,13.73,21.05,0.04,0.25,4.13,19.65
1984-04-08,31.66,13.71,22.39,0.04,0.25,3.28,20.76
1984-04-09,31.61,14.0,22.53,0.0,0.24,1.37,20.69
1984-04-10,31.51,14.95,22.1,0.39,0.24,4.92,16.77
1984-04-11,20.82,13.63,17.06,22.74,0.27,12.81,12.91
1984-04-12,19.33,12.41,15.42,15.03,0.3,11.8,7.86
1984-04-13,24.28,10.63,17.04,0.72,0.31,9.62,17.26
1984-04-14,28.02,11.64,20.13,0.0,0.3,9.1,20.25
1984-04-15,29.09,16.24,21.89,0.02,0.29,8.6,19.78
1984-04-16,32.07,15.97,22.62,0.38,0.29,10.79,18.47
1984-04-17,30.35,15.23,22.38,0.22,0.29,14.86,18.46
1984-04-18,27.73,16.6,21.13,0.01,0.29,13.59,11.51
1984-04-19,24.83,15.55,19.63,0.15,0.28,12.22,17.98
1984-04-20,29.38,15.89,21.59,0.02,0.28,10.79,18.26
1984-04-21,23.45,13.54,18.28,2.58,0.28,11.71,5.9
1984-04-22,22.79,10.68,15.98,0.06,0.29,6.89,14.85
1984-04-23,26.26,7.31,16.16,0.0,0.28,0.6,18.3
1984-04-24,30.97,11.37,20.74,0.4,0.28,6.05,17.88
1984-04-25,31.43,17.29,23.07,0.23,0.28,13.93,15.65
1984-04-26,27.87,16.21,21.39,0.01,0.28,12.3,17.96
1984-04-27,28.31,16.08,21.72,0.0,0.28,11.88,17.49
1984-04-28,29.76,16.22,22.04,1.14,0.28,9.34,16.55
1984-04-29,25.14,15.88,19.83,8.27,0.28,13.99,7.42
1984-04-30,19.16,11.65,16.19,4.2,0.3,11.84,10.86
1984-05-01,22.9,11.26,16.38,0.82,0.3,9.94,10.9
1984-05-02,22.65,10.07,15.97,0.01,0.3,9.62,14.34
1984-05-03,24.4,9.65,16.46,0.0,0.29,5.86,17.51
1984-05-04,24.64,9.64,16.91,0.02,0.29,4.84,17.44
1984-05-05,27.47,13.64,19.93,2.23,0.29,9.04,4.13
1984-05-06,23.1,15.95,19.65,28.89,0.32,15.04,4.06
1984-05-07,23.33,16.08,19.26,17.78,0.37,16.4,12.49
1984-05-08,20.46,13.71,17.02,4.57,0.37,13.31,10.69
1984-05-09,19.66,12.48,15.46,1.4,0.36,10.14,13.91
1984-05-10,18.61,9.94,13.74,0.24,0.35,7.17,12.99
1984-05-11,19.5,10.48,14.3,0.07,0.35,7.81,15.3
1984-05-12,20.8,11.38,15.32,1.02,0.35,7.1,15.55
1984-05-13,21.71,7.81,14.2,0.11,0.35,4.75,15.61
1984-05-14,23.6,8.09,15.19,0.0,0.34,4.28,15.68
1984-05-15,21.93,8.76,14.69,0.48,0.34,8.35,15.51
1984-05-16,23.08,9.77,15.98,0.12,0.34,11.44,14.83
1984-05-17,23.0,13.19,17.05,3.12,0.34,13.11,13.52
1984-05-18,21.87,12.25,16.34,2.72,0.35,11.73,13.03
1984-05-19,19.5,11.61,15.12,23.54,0.36,12.81,8.96
1984-05-20,17.24,10.77,13.27,3.26,0.39,9.54,12.67
1984-05-21,20.68,9.78,14.53,0.97,0.39,10.1,13.15
1984-05-22,20.77,7.35,13.1,0.0,0.38,7.59,14.83
1984-05-23,24.12,7.17,14.59,0.0,0.38,4.43,14.97
1984-05-24,24.36,9.39,16.29,2.98,0.37,9.96,10.06
1984-05-25,22.95,12.92,17.27,8.12,0.38,15.28,9.29
1984-05-26,23.89,15.85,18.61,12.19,0.4,16.94,9.53
1984-05-27,21.09,15.31,18.02,6.8,0.41,16.1,12.21
1984-05-28,19.23,9.89,14.01,0.12,0.41,9.0,12.6
1984-05-29,20.33,6.81,13.08,0.12,0.4,7.84,13.07
1984-05-30,21.11,10.19,14.78,0.39,0.4,10.34,12.68
1984-05-31,20.91,7.54,13.41,0.0,0.4,7.95,13.52
1984-06-01,24.79,8.49,15.06,0.0,0.39,9.04,14.23
1984-06-02,25.5,8.37,15.84,0.0,0.39,10.94,14.17
1984-06-03,25.99,11.93,16.98,0.0,0.39,8.16,14.04
1984-06-04,25.19,9.85,16.08,0.08,0.39,5.53,14.1
1984-06-05,18.65,11.36,14.62,2.59,0.39,10.37,11.13
1984-06-06,15.27,5.14,9.46,0.32,0.39,4.5,13.32
1984-06-07,15.09,2.04,7.69,0.18,0.39,1.58,14.14
1984-06-08,18.16,2.23,8.93,0.24,0.38,0.54,12.5
1984-06-09,16.29,3.92,9.38,0.0,0.38,0.47,10.55
1984-06-10,22.05,5.22,12.84,0.0,0.38,1.65,13.44
1984-06-11,23.56,7.77,15.13,0.01,0.38,4.37,13.17
1984-06-12,24.51,9.16,15.53,0.01,0.37,6.92,13.62
1984-06-13,20.18,12.01,15.46,0.73,0.37,12.66,8.95
1984-06-14,19.05,9.36,13.49,0.0,0.37,9.46,8.42
1984-06-15,18.72,5.45,11.34,0.03,0.37,6.92,11.75
1984-06-16,20.46,4.81,11.3,0.0,0.37,3.83,13.68
1984-06-17,21.12,4.92,11.64,0.0,0.37,1.83,14.05
1984-06-18,23.02,5.49,12.88,0.07,0.37,1.99,13.65
1984-06-19,23.24,6.55,13.32,0.01,0.36,1.69,13.67
1984-06-20,23.24,6.99,14.08,0.72,0.36,2.98,11.23
1984-06-21,17.35,8.95,14.68,11.94,0.37,12.0,9.14
1984-06-22,17.68,5.72,10.77,0.01,0.38,6.39,9.38
1984-06-23,16.5,4.17,9.2,0.22,0.38,4.31,13.39
1984-06-24,18.07,2.95,10.33,1.64,0.38,2.27,9.4
1984-06-25,18.84,5.92,11.41,0.74,0.37,4.46,8.58
1984-06-26,20.13,5.1,12.2,0.16,0.37,6.39,10.81
1984-06-27,20.13,10.49,14.27,0.33,0.37,9.59,12.11
1984-06-28,21.41,6.79,13.36,0.0,0.37,7.37,13.49
1984-06-29,23.75,7.56,14.23,0.0,0.37,4.94,13.57
1984-06-30,21.96,8.88,14.33,1.1,0.37,8.76,11.57
1984-07-01,21.41,9.07,14.4,0.07,0.37,8.93,13.35
1984-07-02,19.11,9.57,13.44,0.13,0.36,5.27,8.5
1984-07-03,18.81,9.18,13.65,4.27,0.36,3.57,2.94
1984-07-04,19.68,10.12,14.54,11.74,0.38,11.35,10.16
1984-07-05,17.16,9.26,13.34,5.57,0.39,11.42,10.54
1984-07-06,17.55,7.74,11.49,1.33,0.39,7.61,11.99
1984-07-07,15.95,7.74,11.39,1.94,0.39,8.29,11.43
1984-07-08,16.45,5.34,10.75,0.24,0.39,6.56,13.1
1984-07-09,12.98,3.87,8.22,0.08,0.38,2.91,14.11
1984-07-10,15.2,0.41,7.01,0.0,0.38,0.5,13.87
1984-07-11,16.51,0.95,8.01,0.0,0.38,1.17,14.28
1984-07-12,17.0,1.63,8.64,0.17,0.38,2.45,14.1
1984-07-13,14.83,3.82,8.28,0.06,0.38,2.21,13.98
1984-07-14,14.79,3.27,8.26,0.0,0.38,0.24,10.77
1984-07-15,14.62,4.47,9.38,0.69,0.37,4.17,8.42
1984-07-16,18.71,7.5,12.36,0.1,0.37,7.34,14.03
1984-07-17,17.54,7.71,12.11,1.61,0.37,9.07,8.99
1984-07-18,18.46,6.62,12.09,1.71,0.37,8.37,6.62
1984-07-19,15.67,10.55,12.46,3.68,0.38,10.02,2.14
1984-07-20,14.51,8.9,11.17,0.74,0.38,8.07,6.55
1984-07-21,16.76,6.53,10.46,0.06,0.38,6.48,11.07
1984-07-22,16.18,6.39,9.84,0.55,0.38,5.85,2.3
1984-07-23,18.08,3.73,10.13,0.0,0.37,3.72,12.74
1984-07-24,18.4,3.66,10.26,0.0,0.37,2.2,13.39
1984-07-25,21.46,5.94,13.32,0.24,0.37,3.06,12.33
1984-07-26,18.35,11.17,14.13,3.25,0.37,9.38,7.84
1984-07-27,19.41,10.64,14.35,0.72,0.37,11.37,6.24
1984-07-28,19.05,6.96,12.61,0.01,0.37,7.68,11.61
1984-07-29,19.37,7.28,11.82,0.0,0.37,6.36,13.72
1984-07-30,20.42,3.87,11.45,0.0,0.37,3.4,14.69
1984-07-31,21.93,4.62,12.54,0.04,0.36,1.93,14.89
1984-08-01,21.18,5.29,13.07,1.6,0.36,4.68,11.17
1984-08-02,13.38,7.14,11.04,7.05,0.37,8.11,14.72
1984-08-03,12.64,3.78,8.29,0.74,0.37,3.84,14.83
1984-08-04,13.43,0.81,6.94,0.01,0.37,1.68,15.56
1984-08-05,17.42,5.29,11.7,1.76,0.37,8.22,12.73
1984-08-06,19.42,11.24,14.2,3.81,0.37,11.28,12.93
1984-08-07,17.85,9.37,13.22,0.78,0.37,8.63,15.4
1984-08-08,17.75,8.15,12.81,0.94,0.37,9.23,16.27
1984-08-09,15.48,4.32,9.1,0.05,0.37,3.88,15.14
1984-08-10,16.93,1.12,8.61,0.0,0.37,3.03,16.24
1984-08-11,19.18,3.78,10.92,0.04,0.36,2.81,18.2
1984-08-12,21.2,3.88,11.61,0.0,0.36,2.47,18.7
1984-08-13,20.7,4.19,11.77,0.0,0.36,5.85,18.24
1984-08-14,20.77,8.09,13.37,0.04,0.36,7.21,17.09
1984-08-15,19.47,7.92,12.89,1.81,0.36,10.06,16.72
1984-08-16,18.25,5.3,10.65,0.11,0.36,5.06,13.73
1984-08-17,18.67,5.09,11.5,0.08,0.35,5.72,16.23
1984-08-18,20.13,7.26,12.83,2.61,0.35,7.41,7.86
1984-08-19,15.9,9.05,12.04,0.78,0.36,6.85,15.53
1984-08-20,18.31,5.45,11.78,0.28,0.35,6.76,14.15
1984-08-21,18.49,10.0,13.08,0.68,0.35,8.55,14.95
1984-08-22,20.12,8.62,13.43,0.36,0.35,8.02,17.77
1984-08-23,20.88,6.88,13.04,0.02,0.35,9.24,17.9
1984-08-24,21.08,6.1,12.38,0.0,0.35,4.71,20.15
1984-08-25,25.04,5.62,14.42,0.0,0.35,4.08,20.26
1984-08-26,24.93,7.62,14.81,0.1,0.34,7.08,20.04
1984-08-27,24.45,7.85,14.95,0.09,0.34,5.96,14.4
1984-08-28,25.54,7.26,15.58,0.0,0.34,5.4,20.44
1984-08-29,16.26,6.6,11.36,1.2,0.34,7.63,7.97
1984-08-30,16.42,3.62,9.17,0.0,0.34,0.91,20.8
1984-08-31,20.18,2.52,10.75,0.28,0.34,2.34,21.05
1984-09-01,22.38,4.08,12.61,0.02,0.33,5.79,18.94
1984-09-02,19.89,9.3,13.81,0.81,0.33,8.86,17.46
1984-09-03,21.94,10.19,15.12,0.51,0.33,9.63,17.4
1984-09-04,24.05,7.3,15.35,0.02,0.33,8.06,21.38
1984-09-05,18.75,10.16,14.33,3.49,0.33,10.98,12.03
1984-09-06,21.18,5.7,13.1,0.0,0.33,4.44,21.64
1984-09-07,21.41,5.23,12.93,0.12,0.33,4.39,21.38
1984-09-08,23.82,5.78,14.26,0.22,0.33,4.93,21.93
1984-09-09,18.87,8.1,12.98,0.92,0.33,8.06,20.29
1984-09-10,19.32,4.94,11.22,0.0,0.33,1.32,22.59
1984-09-11,21.94,5.51,12.71,0.0,0.32,-1.33,23.05
1984-09-12,22.02,4.01,12.56,0.0,0.32,-0.9,23.45
1984-09-13,23.38,5.49,13.83,0.59,0.32,5.62,22.63
1984-09-14,16.94,7.04,11.39,13.11,0.33,8.53,10.99
1984-09-15,18.39,5.99,11.59,0.12,0.34,5.9,21.54
1984-09-16,21.47,4.28,12.62,0.04,0.34,4.5,23.94
1984-09-17,25.24,5.66,15.24,0.26,0.33,2.6,24.18
1984-09-18,27.53,7.36,16.93,0.55,0.33,2.51,24.34
1984-09-19,28.51,7.72,17.54,0.0,0.33,3.21,24.37
1984-09-20,25.5,8.52,16.38,0.2,0.32,4.66,24.47
1984-09-21,26.5,8.62,17.19,0.1,0.32,0.38,23.52
1984-09-22,19.46,10.06,13.82,0.94,0.32,4.08,12.4
1984-09-23,22.09,6.5,14.15,0.0,0.32,4.05,24.42
1984-09-24,23.62,7.54,15.17,0.0,0.31,2.03,25.25
1984-09-25,24.78,7.05,15.79,0.0,0.31,1.99,25.71
1984-09-26,27.31,7.94,17.23,0.65,0.31,3.7,20.92
1984-09-27,17.85,11.13,14.19,2.35,0.31,8.83,18.77
1984-09-28,21.18,8.33,14.77,1.03,0.31,7.97,21.63
1984-09-29,21.45,7.09,14.31,0.05,0.31,6.52,17.49
1984-09-30,23.48,7.5,15.37,1.3,0.31,7.48,22.85
1984-10-01,19.69,8.77,13.76,3.72,0.31,8.16,13.48
1984-10-02,21.58,6.89,13.85,0.46,0.31,5.37,19.67
1984-10-03,23.32,5.82,14.27,0.09,0.31,4.59,20.21
1984-10-04,24.32,6.4,15.17,0.0,0.31,3.77,25.87
1984-10-05,28.99,7.56,18.26,0.0,0.31,4.27,26.24
1984-10-06,28.53,9.9,19.28,0.32,0.3,7.97,15.86
1984-10-07,21.37,13.63,17.84,10.39,0.31,12.28,8.59
1984-10-08,24.72,10.56,16.95,0.4,0.32,9.11,25.73
1984-10-09,28.35,8.75,18.38,0.0,0.32,7.59,26.84
1984-10-10,32.53,10.47,21.33,0.0,0.31,6.69,27.97
1984-10-11,34.69,11.93,21.31,0.96,0.31,7.37,28.48
1984-10-12,24.93,11.05,17.28,0.29,0.31,8.88,20.88
1984-10-13,27.89,7.91,17.15,0.0,0.3,5.51,27.79
1984-10-14,24.05,7.68,15.95,0.41,0.3,6.36,27.18
1984-10-15,26.82,8.87,17.87,0.06,0.3,5.5,28.79
1984-10-16,28.9,11.61,20.2,0.55,0.3,7.24,24.8
1984-10-17,28.76,11.63,20.3,0.0,0.29,7.51,28.63
1984-10-18,29.88,12.5,21.02,0.0,0.29,4.07,28.73
1984-10-19,34.74,13.66,23.97,0.0,0.29,5.33,27.12
1984-10-20,30.51,14.89,22.5,0.02,0.29,13.36,20.35
1984-10-21,33.69,13.22,22.86,0.01,0.29,10.25,27.91
1984-10-22,29.75,12.93,20.33,0.05,0.28,9.9,28.28
1984-10-23,27.88,10.97,18.74,0.03,0.28,9.67,22.19
1984-10-24,28.17,9.55,18.83,0.0,0.28,6.18,27.6
1984-10-25,33.24,10.84,21.96,0.0,0.28,4.11,28.26
1984-10-26,29.97,11.6,20.04,0.06,0.28,7.89,28.05
1984-10-27,32.09,10.98,21.53,0.04,0.28,6.77,28.69
1984-10-28,36.3,12.68,23.7,0.02,0.27,6.31,28.6
1984-10-29,28.96,13.0,19.71,0.02,0.27,8.26,28.14
1984-10-30,22.01,10.44,15.6,0.57,0.27,6.64,19.26
1984-10-31,27.34,7.71,17.56,0.05,0.27,3.75,28.03
1984-11-01,29.96,9.45,19.55,0.0,0.27,5.35,30.41
1984-11-02,26.02,11.06,18.35,0.29,0.27,8.54,15.69
1984-11-03,28.67,10.62,19.75,0.01,0.27,4.44,30.17
1984-11-04,33.31,12.94,22.19,0.0,0.27,5.91,29.57
1984-11-05,24.38,12.06,17.81,0.91,0.27,9.71,20.01
1984-11-06,25.53,12.37,18.11,0.26,0.27,8.9,21.75
1984-11-07,25.12,11.46,17.9,1.22,0.26,8.9,24.71
1984-11-08,20.33,11.89,16.33,6.5,0.28,9.45,19.88
1984-11-09,26.08,9.23,17.9,0.28,0.27,7.82,26.09
1984-11-10,29.09,10.38,20.2,0.0,0.27,4.24,31.35
1984-11-11,31.3,13.67,22.89,0.0,0.27,1.9,29.64
1984-11-12,36.63,14.48,26.15,0.0,0.27,1.22,32.02
1984-11-13,37.24,16.53,27.38,0.0,0.26,1.47,32.69
1984-11-14,37.36,17.75,27.93,0.18,0.26,0.95,31.78
1984-11-15,39.84,17.15,27.37,0.68,0.26,7.94,28.84
1984-11-16,21.53,14.14,17.49,1.55,0.26,9.49,26.69
1984-11-17,27.73,12.21,19.48,0.2,0.26,7.6,27.0
1984-11-18,31.01,11.3,21.26,0.0,0.26,5.88,31.99
1984-11-19,34.99,13.17,24.35,0.0,0.26,6.23,32.93
1984-11-20,34.47,15.29,24.83,0.0,0.26,9.57,32.95
1984-11-21,32.85,14.79,23.85,1.95,0.25,5.71,32.92
1984-11-22,31.32,15.34,23.05,2.65,0.26,7.28,28.35
1984-11-23,33.94,16.83,24.36,0.0,0.26,9.74,27.44
1984-11-24,31.94,13.66,22.54,0.0,0.26,8.91,32.87
1984-11-25,30.22,15.05,21.17,0.0,0.25,9.35,32.57
1984-11-26,26.79,13.78,19.38,0.01,0.25,5.0,28.0
1984-11-27,30.12,10.37,20.66,0.0,0.25,1.13,33.08
1984-11-28,35.75,13.23,24.97,0.0,0.25,0.19,33.11
1984-11-29,33.22,14.03,23.56,0.0,0.25,4.35,32.66
1984-11-30,32.17,13.5,23.06,0.0,0.25,6.41,33.13
1984-12-01,33.58,13.21,23.26,0.0,0.24,6.73,31.71
1984-12-02,34.15,14.14,24.62,0.01,0.24,5.24,31.7
1984-12-03,34.64,17.42,25.69,3.22,0.25,8.42,21.09
1984-12-04,31.4,18.21,24.79,0.03,0.25,13.01,32.84
1984-12-05,34.65,15.36,24.65,0.0,0.24,7.68,33.2
1984-12-06,35.22,14.09,23.65,0.03,0.24,7.35,33.21
1984-12-07,30.73,15.27,21.84,0.09,0.24,8.09,31.19
1984-12-08,29.17,11.64,19.5,0.0,0.24,4.6,33.47
1984-12-09,27.15,10.52,18.88,0.0,0.24,7.3,25.94
1984-12-10,30.71,11.07,21.15,0.0,0.24,0.56,33.65
1984-12-11,31.78,14.68,22.82,0.0,0.24,-2.03,25.75
1984-12-12,30.53,14.5,22.24,0.0,0.24,4.78,33.36
1984-12-13,30.45,11.91,20.99,0.0,0.24,4.15,33.48
1984-12-14,31.98,11.92,21.32,0.02,0.23,7.3,33.43
1984-12-15,31.57,12.5,21.91,0.0,0.23,6.17,33.3
1984-12-16,32.88,12.64,22.71,0.0,0.23,5.22,33.94
1984-12-17,33.97,12.69,23.35,0.06,0.23,5.92,33.8
1984-12-18,37.27,15.99,27.14,0.0,0.23,5.86,33.88
1984-12-19,39.55,19.93,30.49,0.1,0.23,4.98,32.52
1984-12-20,40.41,21.98,32.0,0.04,0.23,8.31,32.02
1984-12-21,41.25,22.58,31.9,0.02,0.23,10.04,32.21
1984-12-22,40.76,20.9,30.63,0.1,0.23,8.9,32.92
1984-12-23,38.08,19.47,27.15,0.0,0.23,7.32,33.61
1984-12-24,33.75,15.27,24.77,0.0,0.23,5.98,33.47
1984-12-25,40.37,16.85,28.96,0.0,0.22,2.28,33.79
1984-12-26,37.25,17.13,25.67,0.0,0.22,8.17,31.18
1984-12-27,28.76,14.97,20.46,0.33,0.22,11.37,13.21
1984-12-28,27.59,12.07,19.59,0.01,0.22,6.1,27.46
1984-12-29,32.59,12.18,22.55,0.0,0.22,2.23,33.6
1984-12-30,37.87,15.42,26.91,0.0,0.22,-0.54,33.72
1984-12-31,34.8,15.81,25.07,0.0,0.22,4.25,33.35
1985-01-01,34.29,15.08,24.52,0.0,0.22,2.17,33.63
1985-01-02,36.18,16.28,26.85,0.0,0.22,1.56,34.42
1985-01-03,40.16,19.39,30.36,0.0,0.22,0.04,33.7
1985-01-04,41.91,21.33,32.22,0.0,0.22,-0.19,33.26
1985-01-05,42.85,21.61,32.76,0.0,0.22,-0.67,33.58
1985-01-06,41.18,22.88,31.38,0.0,0.22,2.52,33.18
1985-01-07,38.32,17.53,28.37,0.0,0.21,3.74,33.78
1985-01-08,41.31,20.24,31.0,0.0,0.21,2.39,33.73
1985-01-09,45.74,24.59,34.73,0.0,0.21,1.9,32.67
1985-01-10,44.22,23.15,32.83,0.0,0.21,7.81,33.18
1985-01-11,42.58,21.9,31.93,0.08,0.21,7.11,32.73
1985-01-12,40.67,20.51,29.31,0.0,0.21,8.03,31.93
1985-01-13,34.37,16.59,24.76,0.0,0.21,8.86,33.02
1985-01-14,35.9,14.52,25.73,0.0,0.21,4.92,33.06
1985-01-15,40.28,18.71,30.25,0.0,0.21,3.25,32.59
1985-01-16,40.15,19.44,29.74,0.0,0.21,6.84,28.36
1985-01-17,35.16,17.09,24.05,0.0,0.21,11.93,33.27
1985-01-18,33.77,16.29,24.12,0.0,0.21,11.25,33.02
1985-01-19,27.71,15.41,20.21,0.0,0.21,9.57,32.92
1985-01-20,31.98,12.33,22.02,0.0,0.21,6.49,29.54
1985-01-21,36.36,14.49,25.1,0.0,0.21,5.96,28.66
1985-01-22,38.09,14.61,26.4,0.0,0.21,4.02,32.53
1985-01-23,40.71,17.28,29.18,0.0,0.21,5.34,32.94
1985-01-24,39.29,19.07,28.34,0.0,0.21,9.24,32.63
1985-01-25,35.38,16.99,25.1,0.0,0.21,7.26,32.65
1985-01-26,35.62,14.19,24.79,0.0,0.21,4.7,32.57
1985-01-27,39.99,16.29,28.0,0.0,0.21,0.49,30.53
1985-01-28,37.65,17.11,26.28,0.68,0.21,6.04,29.7
1985-01-29,37.39,15.12,25.94,0.0,0.21,7.49,29.85
1985-01-30,38.55,16.51,28.53,2.82,0.21,10.77,31.13
1985-01-31,34.63,24.45,29.33,38.51,0.24,21.14,23.47
1985-02-01,35.29,24.12,29.35,0.94,0.28,19.47,27.29
1985-02-02,37.4,21.59,29.34,0.04,0.27,15.28,31.89
1985-02-03,38.45,19.02,28.76,0.0,0.26,10.35,31.48
1985-02-04,39.65,19.97,29.95,2.47,0.26,11.66,30.92
1985-02-05,41.13,23.46,32.02,0.88,0.25,14.66,27.68
1985-02-06,37.92,24.36,30.48,0.95,0.25,13.92,29.18
1985-02-07,36.27,21.75,29.28,1.08,0.25,13.67,29.97
1985-02-08,33.33,23.25,28.52,4.68,0.25,15.21,19.77
1985-02-09,34.02,23.38,28.65,1.48,0.26,16.72,28.87
1985-02-10,39.29,23.44,31.65,0.13,0.25,17.61,30.15
1985-02-11,39.25,25.79,32.45,0.17,0.25,16.96,29.38
1985-02-12,37.93,25.25,32.08,0.48,0.25,15.61,28.04
1985-02-13,39.55,27.28,33.79,0.12,0.25,14.85,26.52
1985-02-14,39.23,25.72,32.87,0.0,0.25,12.76,25.91
1985-02-15,35.48,24.7,29.61,0.03,0.25,14.55,12.31
1985-02-16,37.63,23.17,30.11,0.01,0.24,11.38,29.75
1985-02-17,40.34,23.55,31.69,0.02,0.24,9.48,28.65
1985-02-18,41.38,26.33,33.41,0.08,0.24,10.86,23.61
1985-02-19,43.92,27.09,34.88,0.05,0.24,11.58,23.61
1985-02-20,44.43,27.92,35.87,0.24,0.24,10.53,28.21
1985-02-21,46.3,26.81,37.09,0.01,0.24,8.82,28.19
1985-02-22,44.8,27.05,35.71,0.14,0.24,11.33,28.3
1985-02-23,43.04,27.79,34.69,0.04,0.24,12.01,28.99
1985-02-24,43.08,24.91,34.34,0.15,0.23,10.16,29.09
1985-02-25,42.85,26.88,34.19,0.07,0.23,5.16,28.66
1985-02-26,42.45,25.57,33.98,0.0,0.23,5.25,28.46
1985-02-27,43.68,24.56,34.48,0.0,0.23,8.01,28.06
1985-02-28,44.8,26.83,35.19,0.0,0.23,9.08,27.78
1985-03-01,40.95,22.66,31.25,0.0,0.23,11.76,28.32
1985-03-02,40.41,22.26,30.8,0.0,0.23,10.95,28.26
1985-03-03,38.46,20.39,29.3,0.0,0.23,9.6,28.03
1985-03-04,39.98,21.16,30.5,0.0,0.23,9.5,27.96
1985-03-05,43.35,25.5,33.0,0.01,0.23,10.31,27.45
1985-03-06,36.41,19.38,26.72,0.03,0.23,11.81,27.46
1985-03-07,31.16,16.65,23.0,0.8,0.23,11.49,25.91
1985-03-08,25.92,14.02,19.92,10.6,0.24,12.52,13.38
1985-03-09,24.99,12.86,18.49,0.13,0.24,8.85,15.95
1985-03-10,28.89,12.31,20.58,0.0,0.24,7.03,24.93
1985-03-11,32.19,14.12,23.68,0.0,0.24,7.47,24.76
1985-03-12,31.22,20.8,25.33,0.0,0.24,11.62,24.11
1985-03-13,31.58,19.23,24.49,0.0,0.23,8.76,25.77
1985-03-14,33.95,16.04,24.82,0.0,0.23,5.31,26.15
1985-03-15,36.78,19.39,28.36,0.0,0.23,8.91,25.39
1985-03-16,38.05,23.42,30.29,1.12,0.23,14.25,23.38
1985-03-17,37.55,22.95,29.3,0.23,0.23,14.24,25.48
1985-03-18,37.99,24.14,30.27,0.01,0.23,13.1,25.46
1985-03-19,34.65,18.82,26.27,0.1,0.23,10.55,25.07
1985-03-20,37.38,16.8,27.07,0.0,0.23,8.61,25.15
1985-03-21,39.85,21.71,29.34,0.39,0.23,8.14,17.79
1985-03-22,34.49,18.16,25.66,0.0,0.23,11.48,24.71
1985-03-23,36.52,18.62,27.0,0.0,0.23,9.88,24.44
1985-03-24,40.38,20.37,30.17,0.0,0.23,3.34,24.05
1985-03-25,39.63,22.91,30.8,0.0,0.22,3.2,24.04
1985-03-26,38.13,21.73,29.68,0.0,0.22,3.14,23.86
1985-03-27,36.27,21.82,28.83,0.0,0.22,0.32,23.79
1985-03-28,37.03,21.42,28.46,0.0,0.22,-0.98,23.71
1985-03-29,38.64,19.35,28.51,0.0,0.22,1.7,23.65
1985-03-30,38.71,21.45,28.55,0.0,0.22,3.57,18.97
1985-03-31,33.97,17.58,24.89,0.0,0.22,9.9,19.35
1985-04-01,31.8,16.03,23.44,0.0,0.22,5.58,21.72
1985-04-02,33.88,17.28,24.31,0.0,0.22,5.9,22.5
1985-04-03,29.65,14.72,21.2,0.0,0.22,9.53,23.17
1985-04-04,29.99,13.12,20.39,0.0,0.22,9.97,23.15
1985-04-05,28.63,13.89,20.59,0.08,0.22,9.0,23.32
1985-04-06,31.29,14.72,22.7,0.0,0.22,4.66,22.47
1985-04-07,25.44,15.91,20.74,0.01,0.22,9.09,17.94
1985-04-08,32.28,17.62,24.21,0.02,0.22,8.46,14.41
1985-04-09,28.75,14.74,22.25,0.16,0.22,10.67,7.89
1985-04-10,27.4,11.88,18.51,0.0,0.22,7.47,20.02
1985-04-11,28.65,13.25,19.79,0.07,0.22,12.22,17.3
1985-04-12,25.65,11.62,18.05,0.01,0.22,7.95,17.33
1985-04-13,27.69,10.12,17.89,0.0,0.22,-2.48,20.83
1985-04-14,27.99,9.98,18.43,0.0,0.22,-4.26,20.54
1985-04-15,29.24,11.88,20.76,0.0,0.21,-1.53,17.91
1985-04-16,27.84,15.21,21.45,0.0,0.21,0.6,15.79
1985-04-17,27.71,15.67,20.76,0.0,0.21,2.0,14.76
1985-04-18,27.27,11.57,18.93,0.0,0.21,0.24,19.96
1985-04-19,29.14,11.84,19.98,0.0,0.21,0.91,19.74
1985-04-20,29.61,13.47,20.97,0.0,0.21,2.15,19.53
1985-04-21,29.59,13.44,21.06,0.0,0.21,0.55,19.3
1985-04-22,30.85,13.23,21.63,0.0,0.21,0.53,19.62
1985-04-23,33.01,15.58,24.03,0.01,0.21,5.89,19.36
1985-04-24,31.36,15.92,22.75,0.9,0.21,12.47,19.07
1985-04-25,26.76,14.86,19.44,0.34,0.21,9.88,18.29
1985-04-26,30.41,11.42,20.01,0.0,0.21,6.73,18.82
1985-04-27,27.27,12.83,18.95,0.0,0.21,11.41,18.42
1985-04-28,27.3,11.88,18.8,0.0,0.21,8.57,17.95
1985-04-29,29.82,12.24,20.04,0.0,0.21,10.46,18.16
1985-04-30,27.1,13.39,19.38,0.08,0.21,8.48,18.12
1985-05-01,29.27,15.4,21.54,4.28,0.21,10.49,17.04
1985-05-02,29.74,16.45,22.76,1.15,0.22,11.17,15.4
1985-05-03,27.38,14.22,20.31,0.1,0.22,11.21,15.31
1985-05-04,23.11,13.46,16.99,4.7,0.22,10.29,7.9
1985-05-05,15.79,11.28,13.03,4.69,0.23,7.79,6.84
1985-05-06,18.19,9.29,13.28,0.21,0.23,5.95,11.21
1985-05-07,21.37,7.56,13.74,0.0,0.23,4.62,17.64
1985-05-08,22.91,6.94,14.23,0.0,0.23,1.73,17.46
1985-05-09,23.72,7.4,14.71,0.0,0.23,-0.58,16.98
1985-05-10,25.52,7.14,15.7,0.0,0.23,-0.12,16.65
1985-05-11,28.6,11.73,19.07,3.46,0.23,5.23,15.13
1985-05-12,23.02,12.98,17.15,0.73,0.23,11.06,13.0
1985-05-13,24.2,9.77,16.26,0.0,0.23,7.76,16.04
1985-05-14,24.36,10.48,16.53,0.0,0.23,5.53,15.98
1985-05-15,23.93,9.62,15.98,0.0,0.23,3.56,16.31
1985-05-16,25.33,9.73,16.64,0.0,0.23,3.27,16.04
1985-05-17,27.95,10.0,18.11,0.0,0.23,2.5,15.83
1985-05-18,28.03,10.9,18.5,0.03,0.23,1.84,15.16
1985-05-19,28.68,12.96,20.0,0.03,0.23,0.04,14.67
1985-05-20,25.58,12.93,17.64,0.02,0.23,-3.7,14.42
1985-05-21,25.4,11.74,17.51,0.0,0.23,-3.95,11.74
1985-05-22,26.82,10.11,17.14,0.0,0.22,-5.4,15.1
1985-05-23,24.29,9.06,15.89,0.0,0.22,-5.4,13.24
1985-05-24,26.76,8.63,17.67,0.0,0.22,-5.63,14.42
1985-05-25,28.14,10.6,19.37,0.55,0.22,5.97,14.61
1985-05-26,21.38,13.52,17.76,4.21,0.23,14.25,7.24
1985-05-27,16.78,8.76,13.07,1.03,0.23,7.66,9.2
1985-05-28,18.12,7.78,12.67,0.08,0.23,6.3,12.1
1985-05-29,20.96,9.53,14.19,0.15,0.23,7.18,13.09
1985-05-30,21.54,6.51,13.19,0.0,0.23,3.47,14.6
1985-05-31,20.14,5.63,11.83,0.0,0.23,0.54,13.41
1985-06-01,18.97,4.65,11.2,0.0,0.23,-0.05,13.68
1985-06-02,19.96,4.71,11.74,0.03,0.23,2.04,14.02
1985-06-03,18.32,6.91,12.06,0.05,0.23,1.24,6.68
1985-06-04,20.51,9.1,14.33,15.36,0.23,2.08,6.6
1985-06-05,24.59,9.42,16.05,1.96,0.26,10.55,9.39
1985-06-06,25.78,14.42,18.89,3.99,0.26,15.23,7.94
1985-06-07,22.55,13.47,17.64,8.6,0.27,14.25,7.26
1985-06-08,20.33,10.34,14.39,0.48,0.28,8.4,13.74
1985-06-09,21.51,9.67,14.55,0.24,0.27,8.04,13.36
1985-06-10,21.21,8.2,13.97,0.09,0.27,7.89,12.61
1985-06-11,21.8,7.24,13.68,0.0,0.27,5.68,14.02
1985-06-12,22.3,6.8,13.52,0.0,0.27,1.13,14.16
1985-06-13,22.58,6.09,13.46,0.07,0.26,0.47,14.06
1985-06-14,23.53,5.85,13.8,0.0,0.26,-0.35,13.12
1985-06-15,23.64,8.63,15.39,0.01,0.26,-1.14,11.03
1985-06-16,22.7,8.61,15.0,0.29,0.26,2.44,8.5
1985-06-17,17.26,6.35,11.3,0.05,0.26,4.3,14.06
1985-06-18,18.08,2.57,9.49,0.0,0.26,-1.24,14.04
1985-06-19,20.47,3.79,10.86,0.0,0.26,-1.72,13.99
1985-06-20,22.19,4.75,12.98,0.01,0.26,-2.52,13.64
1985-06-21,23.2,6.15,13.53,0.01,0.26,-0.32,13.43
1985-06-22,22.87,7.94,14.37,0.01,0.26,8.96,12.67
1985-06-23,21.58,9.67,14.39,0.04,0.26,9.69,10.84
1985-06-24,21.41,7.66,14.23,0.05,0.26,9.53,11.37
1985-06-25,21.83,11.13,15.28,0.35,0.26,11.29,11.73
1985-06-26,23.83,8.56,15.74,0.0,0.26,7.12,13.31
1985-06-27,25.69,7.95,15.89,0.0,0.26,2.85,12.39
1985-06-28,27.59,12.14,18.57,0.0,0.26,5.43,11.51
1985-06-29,27.21,11.76,17.78,0.09,0.26,1.38,11.68
1985-06-30,27.24,10.15,17.14,0.16,0.26,-1.1,13.42
1985-07-01,22.17,11.05,15.39,5.84,0.26,11.13,5.68
1985-07-02,19.08,9.17,14.15,0.29,0.27,9.77,12.46
1985-07-03,18.66,10.93,13.66,11.5,0.28,11.64,2.14
1985-07-04,16.5,9.03,12.71,4.03,0.29,8.61,9.74
1985-07-05,22.45,5.59,12.51,0.0,0.29,0.63,12.94
1985-07-06,21.36,5.75,12.58,0.0,0.28,1.21,13.1
1985-07-07,21.45,6.69,12.87,0.01,0.28,2.22,13.25
1985-07-08,21.0,6.92,13.32,0.0,0.28,1.05,12.17
1985-07-09,22.75,6.97,14.18,0.14,0.28,-0.8,13.67
1985-07-10,22.28,6.67,13.82,0.28,0.28,-0.86,10.6
1985-07-11,20.15,12.0,15.21,1.39,0.28,11.05,10.96
1985-07-12,23.53,10.16,15.91,0.48,0.28,11.9,13.98
1985-07-13,23.29,12.47,16.88,5.79,0.28,12.94,5.76
1985-07-14,16.58,6.86,11.96,3.4,0.29,7.12,11.46
1985-07-15,17.82,4.66,10.38,0.06,0.29,3.4,13.7
1985-07-16,18.76,4.95,11.23,0.0,0.29,2.17,14.33
1985-07-17,22.45,7.93,14.37,0.22,0.29,2.77,5.99
1985-07-18,22.73,10.84,15.71,5.78,0.3,12.53,10.75
1985-07-19,20.95,11.37,15.69,1.54,0.3,11.6,10.33
1985-07-20,15.7,5.2,10.13,0.0,0.3,2.94,15.15
1985-07-21,16.62,1.71,8.43,0.02,0.29,-1.01,15.1
1985-07-22,17.94,1.86,9.08,0.03,0.29,-1.73,14.55
1985-07-23,19.45,3.07,10.97,0.0,0.29,1.57,10.75
1985-07-24,18.32,9.29,13.27,0.06,0.29,3.76,11.71
1985-07-25,15.29,8.52,11.48,13.06,0.3,8.45,4.49
1985-07-26,18.6,10.24,13.53,2.47,0.31,10.06,12.16
1985-07-27,16.27,8.08,12.2,2.24,0.31,7.28,12.84
1985-07-28,17.7,4.83,10.71,0.02,0.31,3.52,16.29
1985-07-29,19.18,3.7,10.5,0.03,0.31,0.84,16.16
1985-07-30,22.61,3.85,12.73,0.01,0.31,1.34,15.35
1985-07-31,22.57,9.0,14.48,0.83,0.31,6.35,16.03
1985-08-01,20.45,6.44,12.79,0.3,0.31,6.63,15.75
1985-08-02,22.16,5.96,13.64,0.0,0.3,5.41,15.03
1985-08-03,18.89,10.25,13.76,5.5,0.31,10.65,12.8
1985-08-04,20.14,9.71,13.79,0.7,0.31,10.12,9.09
1985-08-05,18.2,5.05,11.25,3.32,0.32,7.99,9.18
1985-08-06,15.3,2.02,7.93,0.22,0.31,0.65,17.34
1985-08-07,18.13,2.48,9.61,0.0,0.31,1.72,16.14
1985-08-08,19.66,3.39,10.89,0.0,0.31,2.7,16.74
1985-08-09,17.02,5.49,10.69,0.75,0.31,6.61,14.62
1985-08-10,18.98,4.98,11.08,0.06,0.31,6.1,13.39
1985-08-11,19.28,6.2,11.86,0.1,0.31,6.23,12.73
1985-08-12,16.88,6.37,11.29,0.87,0.31,6.76,12.66
1985-08-13,16.93,3.9,9.69,0.0,0.31,2.72,17.04
1985-08-14,18.62,3.14,10.42,0.0,0.31,2.19,17.79
1985-08-15,21.85,4.67,12.57,0.0,0.3,1.37,16.1
1985-08-16,25.68,6.65,15.39,0.0,0.3,2.29,18.09
1985-08-17,25.15,8.73,16.2,0.3,0.3,4.45,17.39
1985-08-18,16.57,9.7,12.31,7.11,0.31,8.29,11.45
1985-08-19,16.58,9.39,12.24,0.3,0.31,5.08,14.49
1985-08-20,20.11,9.04,13.43,0.77,0.31,8.37,13.39
1985-08-21,20.08,7.21,12.28,0.12,0.31,4.9,18.1
1985-08-22,19.56,4.81,12.53,0.03,0.31,2.91,18.8
1985-08-23,22.43,9.49,15.63,2.14,0.3,7.59,9.21
1985-08-24,20.78,10.08,14.97,1.13,0.31,9.68,15.11
1985-08-25,21.7,10.64,15.74,1.12,0.31,9.88,11.53
1985-08-26,19.32,8.49,13.48,4.14,0.31,9.94,10.78
1985-08-27,15.24,5.83,9.78,0.89,0.31,3.27,19.56
1985-08-28,18.92,2.25,10.11,0.0,0.31,1.43,20.41
1985-08-29,21.79,2.89,11.78,0.0,0.31,1.96,20.38
1985-08-30,21.18,6.21,12.42,0.0,0.31,5.52,20.0
1985-08-31,21.41,6.69,13.55,0.53,0.3,8.11,15.8
1985-09-01,23.07,6.55,14.6,0.0,0.3,3.59,18.89
1985-09-02,25.05,11.44,17.11,0.1,0.3,5.31,17.67
1985-09-03,26.03,9.82,17.83,0.0,0.3,8.12,21.15
1985-09-04,26.38,9.86,17.68,0.0,0.3,9.53,21.74
1985-09-05,27.47,10.18,18.11,0.0,0.3,8.41,21.75
1985-09-06,30.75,9.42,19.5,0.0,0.29,6.1,21.97
1985-09-07,33.31,12.23,21.39,0.0,0.29,6.97,20.53
1985-09-08,24.61,11.42,17.25,0.02,0.29,10.4,20.75
1985-09-09,25.36,8.5,16.15,0.0,0.29,6.82,21.83
1985-09-10,26.56,8.68,17.38,0.0,0.29,4.28,18.99
1985-09-11,25.52,7.98,16.32,0.04,0.29,4.78,20.06
1985-09-12,23.79,7.44,15.3,0.0,0.29,4.59,23.15
1985-09-13,24.72,7.87,15.39,0.01,0.28,5.52,22.86
1985-09-14,22.86,7.04,14.5,0.03,0.28,7.17,19.96
1985-09-15,20.06,6.6,12.85,0.01,0.28,3.74,22.17
1985-09-16,22.93,4.56,13.55,0.0,0.28,2.58,23.87
1985-09-17,24.37,7.79,15.07,0.52,0.28,7.19,14.99
1985-09-18,26.66,7.91,16.56,0.08,0.28,5.47,23.85
1985-09-19,28.93,11.87,19.66,0.01,0.28,1.77,24.43
1985-09-20,27.07,13.73,19.21,1.12,0.28,7.1,14.99
1985-09-21,21.19,10.44,14.92,4.69,0.28,9.3,19.0
1985-09-22,14.1,6.11,10.39,3.76,0.29,5.66,18.38
1985-09-23,16.88,4.21,9.94,0.06,0.29,1.78,21.12
1985-09-24,21.19,4.73,12.46,0.03,0.29,4.24,25.57
1985-09-25,25.59,7.14,16.22,0.0,0.28,4.85,24.48
1985-09-26,27.77,9.19,18.37,0.0,0.28,3.17,25.83
1985-09-27,26.66,13.31,19.33,0.0,0.28,2.89,25.88
1985-09-28,27.05,12.02,18.66,3.04,0.28,5.61,10.62
1985-09-29,26.19,10.87,17.73,0.71,0.28,10.6,18.85
1985-09-30,26.87,10.84,18.51,0.69,0.28,9.58,23.86
1985-10-01,31.01,10.47,20.78,0.0,0.28,6.05,25.35
1985-10-02,28.63,12.07,19.71,0.0,0.28,7.55,24.61
1985-10-03,24.73,10.87,16.87,0.02,0.28,8.91,20.64
1985-10-04,24.84,7.26,15.71,0.0,0.27,5.19,23.67
1985-10-05,26.35,7.57,17.0,0.0,0.27,5.0,25.91
1985-10-06,32.18,9.86,20.89,0.0,0.27,3.84,25.91
1985-10-07,35.8,14.21,24.79,0.0,0.27,0.7,26.91
1985-10-08,36.27,16.44,24.68,0.0,0.27,3.19,22.1
1985-10-09,25.66,14.01,18.61,0.0,0.26,7.08,18.92
1985-10-10,25.13,8.46,16.68,0.1,0.26,0.55,27.8
1985-10-11,30.46,10.55,19.95,0.22,0.26,2.62,21.75
1985-10-12,23.12,13.07,17.04,2.81,0.26,9.6,16.15
1985-10-13,21.75,10.7,15.92,1.61,0.27,9.79,17.31
1985-10-14,24.99,11.01,17.24,0.22,0.27,7.12,23.6
1985-10-15,26.19,9.12,17.59,0.0,0.27,2.7,27.97
1985-10-16,27.66,8.53,17.97,0.01,0.26,1.11,28.15
1985-10-17,24.59,7.72,16.34,0.0,0.26,5.56,25.91
1985-10-18,26.35,7.84,17.37,0.0,0.26,2.84,28.8
1985-10-19,29.65,8.76,19.13,0.0,0.26,1.26,28.28
1985-10-20,25.13,9.35,16.41,0.02,0.26,5.98,28.27
1985-10-21,22.9,9.88,15.95,0.36,0.26,5.08,21.1
1985-10-22,22.93,7.01,14.97,0.0,0.26,-3.47,28.71
1985-10-23,24.88,7.55,16.53,0.0,0.25,-2.88,28.85
1985-10-24,29.91,11.71,21.12,0.0,0.25,0.43,23.08
1985-10-25,30.96,14.29,21.42,0.0,0.25,6.1,28.78
1985-10-26,28.56,12.62,19.22,0.01,0.25,7.34,27.05
1985-10-27,25.59,9.73,17.3,0.45,0.25,9.45,22.39
1985-10-28,24.42,12.02,17.68,0.95,0.25,9.05,25.66
1985-10-29,25.98,8.43,17.03,0.0,0.25,2.15,26.77
1985-10-30,33.01,9.56,21.83,0.0,0.25,-1.17,30.24
1985-10-31,36.53,15.05,25.94,0.01,0.25,3.96,28.9
1985-11-01,38.62,16.75,27.3,0.07,0.25,3.97,27.61
1985-11-02,27.89,17.13,21.58,0.9,0.25,13.59,9.83
1985-11-03,30.63,17.41,23.31,0.09,0.25,13.59,25.23
1985-11-04,36.74,16.62,27.41,0.0,0.24,11.66,29.79
1985-11-05,39.58,20.67,29.62,0.0,0.24,10.05,29.57
1985-11-06,39.56,17.6,28.12,0.06,0.24,8.2,31.74
1985-11-07,33.55,16.03,23.29,0.03,0.24,10.95,28.43
1985-11-08,25.27,13.34,18.41,0.52,0.24,7.15,29.15
1985-11-09,27.63,10.75,19.33,0.01,0.24,4.73,31.18
1985-11-10,34.4,11.83,23.36,0.0,0.24,3.22,31.96
1985-11-11,36.97,14.0,25.15,0.03,0.24,4.79,32.42
1985-11-12,32.37,14.13,22.51,0.0,0.24,7.91,32.88
1985-11-13,30.0,13.54,20.99,0.0,0.24,7.0,32.31
1985-11-14,31.99,12.33,20.9,0.0,0.23,2.44,30.03
1985-11-15,27.16,11.68,18.88,0.0,0.23,4.04,30.6
1985-11-16,28.8,12.01,20.68,0.0,0.23,2.21,31.96
1985-11-17,30.41,15.78,23.01,0.0,0.23,9.44,32.4
1985-11-18,36.93,15.03,26.13,0.0,0.23,8.55,32.95
1985-11-19,36.33,19.11,27.23,0.02,0.23,9.97,32.55
1985-11-20,33.0,16.42,23.58,0.0,0.23,11.28,32.03
1985-11-21,27.2,13.55,19.59,0.0,0.23,8.75,28.33
1985-11-22,25.7,12.7,18.58,0.01,0.23,7.54,24.62
1985-11-23,29.65,15.38,21.62,0.01,0.23,7.8,26.26
1985-11-24,31.5,12.31,22.5,0.0,0.23,5.23,33.0
1985-11-25,35.04,16.12,26.11,0.0,0.23,1.71,33.43
1985-11-26,37.98,18.29,28.46,0.0,0.23,-0.43,33.12
1985-11-27,36.97,22.29,29.91,0.18,0.22,7.35,28.03
1985-11-28,34.05,17.27,25.65,0.0,0.22,10.93,33.09
1985-11-29,29.37,14.58,21.05,0.0,0.22,9.7,30.14
1985-11-30,27.69,12.71,19.48,0.0,0.22,7.41,33.08
1985-12-01,29.61,11.2,20.45,0.0,0.22,5.0,33.6
1985-12-02,30.56,12.57,21.11,0.0,0.22,7.33,33.85
1985-12-03,32.21,12.07,22.07,0.0,0.22,5.57,34.4
1985-12-04,30.89,13.49,21.58,0.0,0.22,7.69,31.46
1985-12-05,29.28,13.72,20.32,0.47,0.22,5.57,33.1
1985-12-06,28.31,10.36,19.34,0.0,0.22,-0.54,34.08
1985-12-07,32.87,12.34,22.72,0.11,0.22,-2.19,33.96
1985-12-08,37.3,15.17,26.86,0.04,0.22,-3.5,33.93
1985-12-09,40.94,18.64,28.53,0.0,0.22,2.45,33.87
1985-12-10,34.3,15.72,23.79,0.0,0.22,6.12,33.88
1985-12-11,34.94,14.04,24.13,0.01,0.22,4.92,33.27
1985-12-12,36.15,14.1,25.25,0.2,0.22,5.54,34.45
1985-12-13,32.16,16.18,23.12,1.94,0.22,9.56,27.89
1985-12-14,28.45,14.29,20.41,0.19,0.22,9.45,30.83
1985-12-15,32.68,11.98,22.16,0.0,0.22,-0.04,34.59
1985-12-16,39.9,14.88,26.94,0.0,0.22,-0.03,34.59
1985-12-17,27.62,15.26,20.49,0.0,0.21,8.89,29.2
1985-12-18,27.48,14.25,19.9,0.04,0.21,6.43,31.93
1985-12-19,29.58,11.31,20.08,0.0,0.21,4.59,33.49
1985-12-20,29.93,11.65,20.25,0.0,0.21,6.22,34.48
1985-12-21,29.76,11.66,20.82,0.0,0.21,1.26,35.06
1985-12-22,35.95,13.44,25.42,0.0,0.21,-3.65,34.87
1985-12-23,36.34,17.1,26.22,0.0,0.21,1.8,35.14
1985-12-24,30.08,14.51,21.81,0.0,0.21,8.25,33.07
1985-12-25,32.67,12.79,22.97,0.0,0.21,3.75,34.92
1985-12-26,36.52,15.14,26.32,0.0,0.21,-1.23,34.97
1985-12-27,41.39,17.68,28.67,0.0,0.21,1.59,34.75
1985-12-28,30.11,16.57,22.03,0.0,0.21,10.55,34.16
1985-12-29,31.39,13.58,22.67,0.0,0.21,6.94,34.17
1985-12-30,35.3,14.91,25.73,0.0,0.21,3.38,34.56
1985-12-31,39.39,17.29,29.16,0.07,0.21,0.5,34.36
1986-01-01,42.44,23.5,31.93,0.56,0.21,11.52,31.51
1986-01-02,41.83,23.2,32.23,0.0,0.21,14.31,31.79
1986-01-03,40.31,20.87,31.16,1.61,0.21,10.63,33.37
1986-01-04,41.39,24.36,32.93,2.02,0.21,6.31,33.36
1986-01-05,41.66,24.89,32.45,3.25,0.21,10.91,13.98
1986-01-06,36.42,24.07,30.57,0.58,0.21,12.6,34.4
1986-01-07,40.45,23.31,32.31,0.32,0.21,11.34,34.82
1986-01-08,33.21,24.17,27.8,4.27,0.22,16.1,28.25
1986-01-09,33.82,17.53,26.0,0.05,0.21,12.15,33.06
1986-01-10,30.45,15.93,21.99,0.12,0.21,6.79,33.05
1986-01-11,29.63,12.98,21.33,0.17,0.21,3.13,33.21
1986-01-12,36.55,13.3,25.31,0.39,0.21,1.77,33.19
1986-01-13,36.09,16.71,25.24,0.0,0.21,6.73,33.38
1986-01-14,31.01,14.9,23.59,0.0,0.21,7.06,33.43
1986-01-15,34.92,18.25,26.17,0.0,0.21,0.87,33.09
1986-01-16,37.05,17.6,27.46,0.0,0.21,-1.75,32.92
1986-01-17,40.52,20.47,30.96,0.0,0.21,0.77,32.69
1986-01-18,42.7,21.3,32.65,0.0,0.21,0.08,33.07
1986-01-19,43.49,21.69,33.25,0.0,0.21,-1.41,32.96
1986-01-20,43.92,24.85,34.59,0.0,0.2,-4.44,33.08
1986-01-21,42.63,24.83,33.78,0.0,0.2,-2.56,32.9
1986-01-22,39.5,24.32,31.79,0.0,0.2,0.31,32.69
1986-01-23,39.37,21.81,30.88,0.0,0.2,-4.11,32.67
1986-01-24,43.38,23.05,33.26,0.0,0.2,-2.9,32.67
1986-01-25,43.34,22.69,32.96,0.0,0.2,0.2,32.72
1986-01-26,43.33,22.27,32.35,0.01,0.2,5.5,32.66
1986-01-27,41.17,20.91,30.31,0.0,0.2,7.93,32.14
1986-01-28,41.79,19.74,30.98,0.89,0.2,13.09,32.55
1986-01-29,39.74,25.29,32.32,4.49,0.21,17.71,28.22
1986-01-30,40.63,25.59,32.63,1.87,0.21,16.88,27.12
1986-01-31,39.83,22.92,31.11,0.55,0.21,12.42,32.38
1986-02-01,37.1,22.34,29.23,0.0,0.21,6.34,32.53
1986-02-02,39.48,20.63,30.38,0.0,0.21,2.45,32.71
1986-02-03,41.4,21.83,32.14,0.0,0.21,1.0,32.63
1986-02-04,44.65,22.45,33.76,0.0,0.2,0.74,29.85
1986-02-05,43.37,24.59,33.31,0.0,0.2,4.75,32.7
1986-02-06,34.71,18.43,25.76,0.0,0.2,6.17,31.7
1986-02-07,31.7,14.01,21.92,0.0,0.2,8.01,32.45
1986-02-08,32.56,14.84,23.55,0.0,0.2,5.89,29.83
1986-02-09,37.66,15.38,26.79,0.0,0.2,2.22,31.13
1986-02-10,37.32,19.29,25.95,0.0,0.2,6.32,26.28
1986-02-11,30.21,15.56,21.78,0.0,0.2,9.96,29.14
1986-02-12,31.52,15.15,22.66,0.01,0.2,10.17,21.94
1986-02-13,29.67,14.38,20.95,0.0,0.2,7.95,26.92
1986-02-14,31.28,15.02,22.14,0.04,0.2,5.53,30.35
1986-02-15,35.15,12.61,23.89,0.0,0.2,1.0,29.78
1986-02-16,38.98,16.49,27.88,0.14,0.2,7.44,28.36
1986-02-17,38.96,22.81,29.98,2.4,0.2,13.81,29.18
1986-02-18,38.99,23.97,31.28,2.0,0.21,14.94,28.41
1986-02-19,33.43,23.21,28.19,5.78,0.21,17.05,18.66
1986-02-20,27.82,19.86,23.15,13.91,0.23,16.86,9.26
1986-02-21,33.19,19.08,25.39,12.74,0.25,18.51,15.31
1986-02-22,33.46,19.62,25.99,0.48,0.26,17.48,22.67
1986-02-23,32.76,19.32,25.7,1.07,0.25,16.33,17.06
1986-02-24,35.53,17.64,26.38,0.01,0.25,11.86,20.05
1986-02-25,34.36,21.26,27.61,0.03,0.24,14.11,24.16
1986-02-26,36.47,24.53,28.54,0.99,0.24,17.35,25.6
1986-02-27,34.45,21.38,28.47,1.63,0.24,17.83,27.35
1986-02-28,39.01,22.65,30.58,1.96,0.24,16.59,24.91
1986-03-01,40.29,23.6,31.94,0.52,0.24,16.18,29.52
1986-03-02,42.37,23.27,32.25,0.3,0.24,11.63,26.99
1986-03-03,32.0,22.32,27.24,2.19,0.24,9.94,22.71
1986-03-04,39.8,21.56,30.19,0.63,0.24,11.64,24.19
1986-03-05,33.91,16.98,25.22,0.21,0.24,10.97,27.97
1986-03-06,29.29,15.48,21.37,0.0,0.24,6.49,27.55
1986-03-07,30.75,12.91,21.41,0.01,0.24,-2.28,20.47
1986-03-08,27.22,18.0,22.08,0.33,0.24,4.76,11.91
1986-03-09,36.52,19.1,26.93,0.04,0.23,7.95,23.21
1986-03-10,38.07,20.82,28.21,0.0,0.23,17.34,25.89
1986-03-11,32.41,19.28,24.97,0.0,0.23,14.71,24.96
1986-03-12,33.29,15.67,23.33,0.0,0.23,9.86,25.93
1986-03-13,30.69,13.77,21.81,0.0,0.23,6.4,25.63
1986-03-14,33.87,14.0,23.99,0.0,0.23,3.88,25.56
1986-03-15,37.15,17.52,27.53,0.0,0.23,5.17,25.25
1986-03-16,40.86,21.92,30.88,0.0,0.23,5.88,21.73
1986-03-17,38.76,21.1,29.35,0.0,0.23,8.8,23.82
1986-03-18,38.77,19.73,28.46,0.0,0.23,9.66,25.17
1986-03-19,29.3,16.12,22.96,2.59,0.23,14.65,18.28
1986-03-20,27.41,11.41,18.79,0.01,0.23,3.21,25.06
1986-03-21,27.33,11.63,18.93,0.03,0.23,4.27,23.78
1986-03-22,33.09,12.17,22.8,0.0,0.23,4.82,24.46
1986-03-23,37.88,20.84,28.47,0.0,0.23,9.84,24.25
1986-03-24,40.11,22.54,30.68,0.0,0.23,7.2,25.35
1986-03-25,37.9,22.69,29.78,0.01,0.22,6.43,20.4
1986-03-26,39.48,20.64,29.95,0.1,0.22,8.07,24.47
1986-03-27,40.95,21.07,30.07,0.04,0.22,9.56,23.39
1986-03-28,28.88,16.46,21.87,0.11,0.22,12.73,19.01
1986-03-29,26.82,11.99,18.7,0.0,0.22,-2.08,19.43
1986-03-30,36.11,15.1,24.32,0.01,0.22,3.59,19.6
1986-03-31,33.29,15.95,22.56,0.01,0.22,12.16,19.52
1986-04-01,27.71,15.17,20.99,0.19,0.22,8.77,18.05
1986-04-02,29.85,17.05,21.81,0.6,0.22,7.6,17.71
1986-04-03,25.16,13.9,19.0,0.2,0.22,9.66,19.71
1986-04-04,27.56,10.61,18.71,0.0,0.22,3.91,22.96
1986-04-05,34.7,12.85,23.59,0.0,0.22,4.88,23.09
1986-04-06,35.94,20.65,27.32,0.0,0.22,9.5,22.38
1986-04-07,38.05,20.3,27.9,0.0,0.22,8.42,22.3
1986-04-08,36.38,16.03,24.27,0.0,0.22,9.38,21.53
1986-04-09,28.56,15.07,20.11,0.0,0.22,10.54,18.65
1986-04-10,27.62,12.19,19.35,0.0,0.22,6.17,19.67
1986-04-11,30.08,12.83,21.01,0.0,0.22,0.41,20.63
1986-04-12,36.08,15.91,24.76,0.0,0.22,4.44,20.18
1986-04-13,26.43,15.48,19.96,0.0,0.22,12.15,14.75
1986-04-14,23.08,11.24,16.79,0.0,0.22,5.43,20.71
1986-04-15,24.9,9.17,16.56,0.0,0.22,-1.39,19.5
1986-04-16,28.54,10.53,18.84,0.0,0.21,-3.12,19.56
1986-04-17,32.47,12.11,21.73,0.0,0.21,-1.5,19.66
1986-04-18,34.23,14.42,23.87,0.0,0.21,-2.13,19.67
1986-04-19,33.19,15.89,23.41,0.0,0.21,-1.16,19.74
1986-04-20,30.07,12.2,20.43,0.0,0.21,0.27,19.53
1986-04-21,29.88,11.61,20.02,0.0,0.21,-1.61,19.66
1986-04-22,30.67,11.79,20.41,0.0,0.21,0.54,19.52
1986-04-23,29.26,11.2,19.47,0.0,0.21,6.04,19.15
1986-04-24,27.75,11.03,18.86,0.0,0.21,4.58,18.41
1986-04-25,27.5,11.22,18.88,0.0,0.21,1.35,18.39
1986-04-26,27.23,11.91,19.12,0.0,0.21,2.72,18.51
1986-04-27,27.02,11.87,19.08,0.0,0.21,3.41,18.4
1986-04-28,26.81,12.61,19.34,0.0,0.21,3.59,18.4
1986-04-29,28.17,12.58,19.7,0.0,0.21,1.32,18.09
1986-04-30,26.98,12.18,19.13,0.0,0.21,-4.32,17.24
1986-05-01,25.45,13.46,18.21,0.02,0.21,-3.67,17.04
1986-05-02,23.07,11.84,16.49,0.0,0.21,-0.13,14.93
1986-05-03,24.9,9.6,17.1,0.02,0.21,-2.24,15.24
1986-05-04,28.39,12.44,19.37,0.03,0.21,-2.01,14.85
1986-05-05,22.22,12.72,17.02,0.55,0.21,9.53,13.16
1986-05-06,21.4,9.2,14.83,0.29,0.21,7.59,13.34
1986-05-07,22.04,8.43,14.48,0.0,0.21,6.84,13.58
1986-05-08,22.83,11.15,16.05,0.37,0.21,9.44,13.13
1986-05-09,22.42,6.61,13.89,0.0,0.21,2.5,16.36
1986-05-10,25.43,6.93,15.7,0.32,0.21,0.48,14.82
1986-05-11,28.16,9.17,17.41,0.19,0.21,2.84,15.6
1986-05-12,22.99,11.33,16.6,0.01,0.21,11.0,7.4
1986-05-13,21.18,14.04,17.52,25.28,0.23,13.16,7.55
1986-05-14,22.28,11.91,17.08,4.92,0.27,12.58,9.1
1986-05-15,21.37,9.51,15.04,0.48,0.26,8.99,9.58
1986-05-16,22.69,9.46,15.46,0.05,0.26,8.25,13.32
1986-05-17,23.69,8.73,16.2,0.0,0.25,5.98,15.78
1986-05-18,26.38,9.31,17.0,0.0,0.25,4.31,15.74
1986-05-19,19.67,11.45,15.08,4.55,0.26,10.36,11.68
1986-05-20,19.3,12.25,15.34,3.12,0.26,10.41,10.72
1986-05-21,16.26,12.45,14.05,5.07,0.27,10.75,10.92
1986-05-22,19.83,8.21,13.65,0.22,0.27,8.38,13.69
1986-05-23,21.34,7.54,13.48,0.03,0.27,6.46,13.83
1986-05-24,24.68,7.8,15.16,0.0,0.26,2.19,15.11
1986-05-25,22.25,8.91,14.18,2.03,0.26,6.57,8.86
1986-05-26,19.4,6.25,11.97,0.11,0.27,6.01,11.0
1986-05-27,21.53,6.28,13.29,0.0,0.26,6.13,14.6
1986-05-28,22.82,7.56,14.29,0.0,0.26,5.23,14.55
1986-05-29,24.36,7.3,14.3,0.0,0.26,-0.96,14.6
1986-05-30,26.9,7.27,16.33,0.0,0.26,-2.63,14.31
1986-05-31,25.84,8.44,15.88,0.0,0.26,-1.69,13.98
1986-06-01,23.88,7.32,14.33,0.0,0.26,-3.54,14.7
1986-06-02,22.85,6.36,13.54,0.0,0.26,-3.59,14.41
1986-06-03,21.58,6.64,13.34,0.01,0.26,-0.03,14.27
1986-06-04,23.17,7.16,14.07,0.0,0.26,1.43,14.52
1986-06-05,22.09,7.16,13.13,0.13,0.26,-0.43,14.09
1986-06-06,22.59,6.04,13.39,0.0,0.26,1.97,14.29
1986-06-07,23.32,6.27,13.61,0.0,0.25,3.05,14.28
1986-06-08,24.25,10.33,16.29,0.92,0.25,7.48,10.43
1986-06-09,18.25,9.19,14.08,1.57,0.26,10.58,9.4
1986-06-10,18.78,7.0,12.25,0.02,0.26,8.07,7.43
1986-06-11,19.95,7.73,13.21,0.07,0.26,7.59,9.14
1986-06-12,21.83,8.06,14.43,0.0,0.26,7.37,9.56
1986-06-13,23.99,8.99,16.32,0.36,0.26,9.33,12.19
1986-06-14,24.48,12.61,17.41,0.05,0.26,10.12,11.8
1986-06-15,23.12,11.56,16.64,0.28,0.26,9.84,10.35
1986-06-16,21.24,11.52,15.8,1.16,0.26,10.65,12.21
1986-06-17,20.59,9.71,14.98,2.1,0.26,9.52,7.27
1986-06-18,13.45,9.11,10.95,16.03,0.28,8.74,4.53
1986-06-19,18.6,8.59,12.69,0.21,0.29,7.05,11.63
1986-06-20,18.17,6.52,11.6,0.0,0.29,4.56,11.39
1986-06-21,19.16,5.66,11.72,0.0,0.28,4.56,13.18
1986-06-22,21.99,7.31,13.6,0.14,0.28,7.57,9.57
1986-06-23,22.19,10.26,15.61,0.15,0.28,9.52,11.64
1986-06-24,18.49,13.07,14.93,7.41,0.28,10.92,4.75
1986-06-25,18.2,10.79,13.55,11.38,0.3,10.29,6.73
1986-06-26,17.44,11.06,14.03,12.57,0.32,12.22,10.01
1986-06-27,16.59,11.84,13.91,13.06,0.34,11.53,10.78
1986-06-28,15.5,10.57,12.86,13.8,0.36,10.97,7.34
1986-06-29,15.65,10.0,12.82,5.6,0.37,11.43,8.45
1986-06-30,17.33,7.96,12.22,0.54,0.37,9.05,10.74
1986-07-01,15.99,6.93,10.83,0.07,0.36,5.84,13.88
1986-07-02,17.95,7.5,12.47,3.39,0.36,8.89,9.58
1986-07-03,16.84,8.54,12.66,1.54,0.36,9.15,11.85
1986-07-04,17.01,6.98,11.09,0.28,0.36,5.43,13.06
1986-07-05,16.9,4.8,10.01,2.32,0.36,4.78,7.36
1986-07-06,17.07,5.13,10.42,0.74,0.36,7.64,11.79
1986-07-07,16.57,4.5,9.64,0.0,0.36,3.53,14.16
1986-07-08,14.3,4.23,8.58,0.1,0.36,1.43,10.47
1986-07-09,16.26,3.3,8.73,0.0,0.35,1.29,14.15
1986-07-10,16.99,2.16,8.82,0.0,0.35,1.04,13.66
1986-07-11,18.34,2.02,9.85,0.0,0.35,0.28,14.57
1986-07-12,20.02,3.46,10.51,0.03,0.35,2.95,14.32
1986-07-13,17.53,5.41,11.02,2.34,0.35,8.7,10.75
1986-07-14,14.28,6.07,10.22,4.64,0.36,8.01,10.14
1986-07-15,13.69,3.87,7.92,0.19,0.36,3.95,11.49
1986-07-16,14.28,1.05,6.7,0.0,0.36,1.02,14.87
1986-07-17,16.11,-0.33,7.47,0.0,0.35,-1.66,14.81
1986-07-18,16.64,1.69,8.69,0.0,0.35,-0.87,12.46
1986-07-19,18.36,5.34,10.47,0.0,0.35,-1.68,13.9
1986-07-20,19.34,2.62,10.75,0.77,0.35,1.18,14.27
1986-07-21,14.88,10.2,11.74,13.55,0.36,9.6,8.97
1986-07-22,14.14,7.77,10.48,6.48,0.38,8.29,11.39
1986-07-23,15.75,7.28,11.14,1.23,0.38,8.45,13.6
1986-07-24,14.27,4.25,8.84,0.08,0.37,4.22,14.36
1986-07-25,15.17,2.79,7.71,0.24,0.37,2.93,13.51
1986-07-26,15.43,4.03,8.64,0.12,0.37,3.02,14.75
1986-07-27,16.78,3.14,8.96,0.0,0.37,2.78,15.86
1986-07-28,17.41,2.21,8.99,0.0,0.36,0.87,15.41
1986-07-29,16.73,6.22,10.78,0.28,0.36,1.57,12.22
1986-07-30,15.42,7.75,10.51,7.42,0.37,6.33,11.04
1986-07-31,16.76,8.68,11.94,3.2,0.37,8.82,14.65
1986-08-01,17.22,7.23,11.38,0.43,0.37,7.94,14.96
1986-08-02,17.35,5.98,10.29,0.03,0.37,4.05,16.52
1986-08-03,16.84,2.08,8.59,0.0,0.37,1.31,16.99
1986-08-04,19.84,3.2,10.37,0.0,0.36,0.81,16.8
1986-08-05,20.7,3.44,10.79,0.11,0.36,2.68,16.15
1986-08-06,18.18,5.62,11.57,1.68,0.36,8.08,12.04
1986-08-07,18.26,8.51,12.26,5.83,0.37,9.98,16.28
1986-08-08,14.83,8.02,10.74,4.01,0.37,7.86,12.41
1986-08-09,16.13,5.67,10.34,0.37,0.37,5.18,15.37
1986-08-10,15.89,6.25,10.22,0.13,0.37,5.53,16.73
1986-08-11,16.14,4.65,9.01,3.12,0.37,6.6,13.8
1986-08-12,11.57,1.19,5.82,0.03,0.37,0.52,17.01
1986-08-13,15.39,0.81,6.86,0.32,0.37,3.03,17.42
1986-08-14,16.99,2.14,8.99,0.04,0.37,5.04,15.26
1986-08-15,17.56,6.47,11.48,1.66,0.37,6.86,14.43
1986-08-16,18.04,2.36,9.29,0.0,0.36,-0.46,18.8
1986-08-17,20.0,3.83,11.25,4.59,0.36,4.04,16.36
1986-08-18,16.96,6.4,10.99,0.38,0.37,5.93,15.1
1986-08-19,18.73,7.04,12.0,0.0,0.36,5.02,17.36
1986-08-20,18.01,5.98,10.98,0.16,0.36,6.69,17.64
1986-08-21,17.98,4.81,11.48,0.07,0.36,7.25,14.15
1986-08-22,14.91,7.86,10.96,5.92,0.37,8.9,12.43
1986-08-23,16.93,6.22,10.77,0.93,0.37,6.2,15.56
1986-08-24,17.33,5.64,11.0,0.67,0.37,7.41,16.71
1986-08-25,18.42,6.43,11.52,0.07,0.36,5.15,18.17
1986-08-26,21.48,3.56,12.45,0.0,0.36,1.78,20.29
1986-08-27,21.13,6.7,13.4,0.39,0.36,4.14,20.26
1986-08-28,17.54,6.08,11.32,0.05,0.36,4.92,14.74
1986-08-29,17.67,2.78,9.73,0.0,0.35,3.35,20.23
1986-08-30,20.33,3.09,11.3,0.0,0.35,3.86,20.9
1986-08-31,23.51,6.19,13.89,0.0,0.35,3.34,21.16
1986-09-01,27.45,6.92,16.95,0.0,0.35,1.12,20.55
1986-09-02,28.57,9.01,17.81,0.0,0.34,2.51,18.95
1986-09-03,24.22,11.09,16.52,0.0,0.34,11.84,19.69
1986-09-04,20.91,6.88,13.24,0.0,0.34,6.96,15.61
1986-09-05,21.81,6.36,13.2,0.0,0.34,4.62,21.04
1986-09-06,27.71,6.19,16.68,0.01,0.33,4.28,21.74
1986-09-07,26.22,11.76,17.15,0.37,0.33,7.54,14.41
1986-09-08,21.97,10.77,15.35,0.5,0.33,9.72,19.05
1986-09-09,24.37,8.85,16.07,0.13,0.33,9.1,20.37
1986-09-10,23.21,10.5,16.11,0.35,0.33,10.09,7.33
1986-09-11,21.09,10.91,15.37,2.92,0.33,9.56,17.75
1986-09-12,21.01,7.45,13.83,0.08,0.33,6.16,20.69
1986-09-13,22.97,6.89,14.19,0.0,0.33,6.23,21.62
1986-09-14,18.71,6.91,12.85,1.95,0.32,7.26,16.83
1986-09-15,17.06,6.45,11.65,1.44,0.33,5.28,19.61
1986-09-16,20.13,3.18,11.29,0.0,0.33,2.56,23.13
1986-09-17,20.68,4.42,12.05,0.07,0.32,5.5,23.04
1986-09-18,20.59,6.98,13.1,0.16,0.32,7.82,20.02
1986-09-19,21.3,7.67,13.43,0.27,0.32,6.12,18.86
1986-09-20,21.81,4.71,13.04,0.01,0.32,5.87,21.64
1986-09-21,25.45,7.61,15.6,0.04,0.32,7.0,23.95
1986-09-22,23.15,7.56,14.6,0.0,0.31,6.88,24.22
1986-09-23,20.02,7.57,12.93,0.0,0.31,3.64,24.34
1986-09-24,22.62,5.21,13.14,0.07,0.31,4.19,24.49
1986-09-25,24.87,5.94,14.7,0.0,0.31,6.51,24.86
1986-09-26,28.06,8.8,17.78,0.29,0.31,8.4,24.62
1986-09-27,25.19,11.33,17.89,1.06,0.31,9.75,24.34
1986-09-28,24.64,15.38,19.1,3.85,0.31,14.17,14.05
1986-09-29,27.82,12.62,19.98,0.21,0.31,12.76,24.17
1986-09-30,22.51,12.26,16.42,0.2,0.31,8.8,20.23
1986-10-01,20.36,7.56,13.46,0.0,0.31,-0.87,25.49
1986-10-02,24.5,5.07,15.0,0.15,0.3,-1.69,24.53
1986-10-03,28.18,8.13,16.84,0.0,0.3,2.4,17.72
1986-10-04,20.11,9.92,14.27,10.6,0.31,9.93,13.45
1986-10-05,23.19,11.5,16.12,2.19,0.32,10.47,18.06
1986-10-06,23.64,10.61,16.22,0.66,0.32,9.14,14.65
1986-10-07,23.11,8.58,15.33,0.06,0.31,7.39,18.71
1986-10-08,21.87,8.28,14.68,0.02,0.31,7.04,21.72
1986-10-09,22.92,7.67,14.97,0.0,0.31,5.79,27.69
1986-10-10,24.63,7.61,15.91,0.0,0.31,5.31,28.03
1986-10-11,27.98,7.71,17.3,0.07,0.3,7.28,27.43
1986-10-12,22.12,12.02,16.06,2.15,0.3,10.89,16.33
1986-10-13,21.05,8.68,14.21,0.65,0.3,4.77,22.94
1986-10-14,21.3,4.8,12.79,0.0,0.3,3.56,22.94
1986-10-15,24.0,5.34,14.51,0.0,0.3,4.04,27.97
1986-10-16,21.95,6.11,14.03,0.74,0.3,6.5,24.75
1986-10-17,22.12,8.34,14.77,0.3,0.3,5.06,25.92
1986-10-18,24.35,5.86,15.27,0.0,0.29,5.27,27.09
1986-10-19,26.95,8.7,17.96,0.0,0.29,7.3,28.8
1986-10-20,29.24,9.84,19.03,0.06,0.29,7.27,28.75
1986-10-21,22.91,11.6,16.35,1.74,0.29,6.56,19.98
1986-10-22,24.58,6.95,15.37,0.0,0.29,-1.23,29.18
1986-10-23,28.61,6.84,17.96,0.01,0.29,-1.83,29.79
1986-10-24,29.93,8.6,18.58,0.0,0.29,2.56,28.29
1986-10-25,27.72,10.67,18.26,0.0,0.28,6.63,28.98
1986-10-26,31.6,8.94,19.65,0.0,0.28,6.27,29.5
1986-10-27,25.9,12.21,18.22,0.0,0.28,5.98,29.78
1986-10-28,30.08,8.63,19.04,0.0,0.28,3.62,29.35
1986-10-29,25.69,9.88,17.03,0.0,0.28,7.88,29.13
1986-10-30,25.46,7.7,16.22,0.0,0.28,2.02,29.34
1986-10-31,30.94,8.36,19.97,0.0,0.27,0.22,29.59
1986-11-01,38.0,13.3,25.84,0.0,0.27,1.93,27.41
1986-11-02,36.68,16.47,25.02,0.01,0.27,10.53,31.18
1986-11-03,26.06,15.38,19.04,0.08,0.27,11.5,22.79
1986-11-04,25.18,12.46,18.4,0.03,0.27,10.02,21.28
1986-11-05,27.2,8.82,17.94,0.01,0.27,5.21,30.08
1986-11-06,29.43,8.82,19.51,0.0,0.27,2.76,31.37
1986-11-07,33.36,12.76,23.57,0.0,0.26,2.76,30.2
1986-11-08,33.6,15.56,23.31,0.0,0.26,7.58,29.44
1986-11-09,28.8,15.13,21.39,0.01,0.26,12.28,27.81
1986-11-10,30.58,13.84,22.11,0.0,0.26,7.86,31.3
1986-11-11,34.83,14.94,24.29,0.0,0.26,5.99,32.02
1986-11-12,31.84,15.47,22.1,0.0,0.26,10.92,32.19
1986-11-13,28.66,15.04,20.82,0.0,0.26,10.89,24.64
1986-11-14,30.48,11.42,20.57,0.0,0.26,6.38,31.35
1986-11-15,26.86,10.14,18.22,0.0,0.25,5.17,32.33
1986-11-16,29.79,9.09,19.17,0.0,0.25,5.76,32.48
1986-11-17,31.88,11.33,21.63,0.0,0.25,3.75,32.91
1986-11-18,36.26,16.35,26.02,0.0,0.25,-0.37,32.67
1986-11-19,39.48,16.84,28.59,0.0,0.25,-3.8,32.42
1986-11-20,41.23,16.94,29.66,0.0,0.25,-1.78,32.49
1986-11-21,39.01,18.61,28.3,0.0,0.25,6.39,31.89
1986-11-22,36.44,16.55,26.67,0.0,0.24,6.68,32.26
1986-11-23,38.14,17.77,27.58,0.0,0.24,4.96,31.54
1986-11-24,33.31,14.9,23.47,0.0,0.24,7.81,32.64
1986-11-25,33.32,12.91,23.56,0.0,0.24,8.74,33.54
1986-11-26,33.43,17.89,25.63,0.0,0.24,7.35,33.31
1986-11-27,36.25,18.41,27.35,0.0,0.24,6.93,27.5
1986-11-28,36.2,17.94,26.01,0.0,0.24,8.24,33.08
1986-11-29,31.45,15.59,22.22,0.0,0.24,8.91,32.47
1986-11-30,27.62,14.16,20.35,0.1,0.24,10.32,26.2
1986-12-01,29.0,10.57,19.77,0.0,0.24,4.71,32.41
1986-12-02,30.47,11.71,21.15,0.0,0.24,4.92,33.22
1986-12-03,33.41,12.18,23.49,0.02,0.23,5.79,33.27
1986-12-04,31.76,17.52,24.1,0.01,0.23,7.26,32.58
1986-12-05,33.55,14.72,23.9,0.0,0.23,6.33,33.52
1986-12-06,32.03,12.49,22.35,0.0,0.23,5.28,33.68
1986-12-07,35.64,15.0,25.62,0.0,0.23,-0.78,33.73
1986-12-08,38.1,16.37,26.66,0.0,0.23,3.05,23.53
1986-12-09,29.22,13.76,20.62,0.0,0.23,4.82,30.42
1986-12-10,31.36,12.59,21.95,0.0,0.23,-0.72,29.02
1986-12-11,35.34,16.73,25.92,0.0,0.23,-1.88,27.73
1986-12-12,40.17,18.69,29.72,0.0,0.23,1.18,33.29
1986-12-13,40.04,20.84,30.12,0.0,0.23,5.64,33.37
1986-12-14,33.86,19.06,25.55,0.08,0.22,11.79,29.72
1986-12-15,32.95,17.51,25.6,0.03,0.22,9.61,31.51
1986-12-16,35.4,17.28,26.69,0.0,0.22,3.84,33.94
1986-12-17,37.17,16.9,27.84,0.0,0.22,1.28,33.08
1986-12-18,40.15,19.23,30.46,0.0,0.22,-0.65,34.5
1986-12-19,41.35,20.77,31.76,0.0,0.22,0.78,34.63
1986-12-20,43.21,22.48,32.44,0.0,0.22,2.11,34.57
1986-12-21,43.64,21.12,31.93,0.0,0.22,3.59,34.47
1986-12-22,38.46,18.68,27.82,0.0,0.22,8.73,30.35
1986-12-23,36.78,18.3,26.9,0.0,0.22,7.37,33.57
1986-12-24,37.5,15.26,26.35,0.0,0.22,6.0,33.47
1986-12-25,38.59,16.08,26.74,0.0,0.22,7.72,33.45
1986-12-26,35.29,16.66,25.28,0.0,0.22,9.32,31.0
1986-12-27,36.12,16.19,26.32,0.0,0.22,7.21,32.62
1986-12-28,36.75,17.52,26.22,0.0,0.21,8.42,33.48
1986-12-29,30.1,16.4,22.22,0.0,0.21,8.69,32.84
1986-12-30,32.39,13.85,23.45,0.0,0.21,8.48,33.56
1986-12-31,38.08,15.53,27.32,0.0,0.21,5.17,32.57
1987-01-01,34.9,16.97,25.78,0.0,0.21,6.78,32.13
1987-01-02,37.33,16.97,27.22,0.0,0.21,3.27,31.81
1987-01-03,39.9,19.77,29.56,0.0,0.21,-0.13,33.34
1987-01-04,38.7,17.43,27.31,0.0,0.21,8.67,33.51
1987-01-05,35.28,17.12,24.72,0.0,0.21,12.52,31.42
1987-01-06,34.7,16.56,25.76,0.0,0.21,9.85,33.51
1987-01-07,37.57,17.36,27.43,0.01,0.21,8.93,33.12
1987-01-08,35.82,17.18,25.72,0.0,0.21,10.8,33.16
1987-01-09,32.85,17.24,22.74,0.12,0.21,10.41,16.73
1987-01-10,31.89,17.21,23.54,0.01,0.21,7.7,29.59
1987-01-11,36.35,14.0,25.31,0.0,0.21,0.67,33.71
1987-01-12,39.33,15.92,28.1,0.0,0.21,2.14,33.22
1987-01-13,41.69,17.88,30.39,0.0,0.21,3.87,33.41
1987-01-14,41.87,20.19,31.28,0.12,0.21,3.68,33.26
1987-01-15,37.68,20.21,28.69,0.01,0.21,9.32,33.26
1987-01-16,38.81,18.98,28.94,0.07,0.21,8.12,33.13
1987-01-17,39.19,16.95,28.13,0.0,0.21,2.77,33.26
1987-01-18,40.22,16.1,28.02,0.0,0.21,3.3,33.28
1987-01-19,40.03,16.93,29.72,0.17,0.21,9.1,28.16
1987-01-20,34.06,24.59,28.97,1.56,0.21,14.53,19.3
1987-01-21,29.4,20.62,24.68,0.43,0.21,13.94,13.78
1987-01-22,35.87,18.45,26.61,0.02,0.21,12.91,32.69
1987-01-23,32.26,18.21,24.41,0.13,0.21,11.21,30.26
1987-01-24,32.4,15.38,23.29,0.0,0.21,8.8,30.34
1987-01-25,36.25,16.02,26.3,0.0,0.21,8.88,32.91
1987-01-26,38.93,17.51,28.7,0.0,0.21,6.37,31.84
1987-01-27,40.53,22.23,31.79,0.0,0.21,9.04,32.11
1987-01-28,41.52,25.8,33.44,0.07,0.2,12.42,30.31
1987-01-29,40.8,18.4,30.0,0.0,0.2,2.88,32.09
1987-01-30,41.25,18.68,30.45,0.0,0.2,3.56,31.4
1987-01-31,42.72,21.49,32.56,0.0,0.2,5.09,30.33
1987-02-01,43.99,26.28,34.84,0.0,0.2,8.13,29.64
1987-02-02,41.81,25.65,33.4,0.0,0.2,8.37,28.05
1987-02-03,40.58,24.65,32.11,0.0,0.2,7.68,32.01
1987-02-04,40.67,22.94,32.28,0.0,0.2,5.58,32.55
1987-02-05,41.26,24.35,33.72,0.0,0.2,13.12,29.89
1987-02-06,38.99,21.37,31.63,0.55,0.2,11.74,29.18
1987-02-07,39.45,18.94,30.25,0.78,0.2,16.41,29.84
1987-02-08,32.72,27.29,30.08,2.86,0.21,21.54,26.56
1987-02-09,34.0,25.19,29.41,4.75,0.21,21.3,27.08
1987-02-10,38.07,22.61,30.44,0.01,0.22,13.26,31.48
1987-02-11,39.19,23.66,31.04,0.0,0.21,8.68,30.91
1987-02-12,40.42,20.54,30.98,0.0,0.21,3.42,30.4
1987-02-13,39.79,21.86,30.57,0.0,0.21,10.43,30.35
1987-02-14,38.99,21.2,30.26,0.0,0.21,9.47,29.97
1987-02-15,40.69,24.22,32.58,0.06,0.21,9.34,28.69
1987-02-16,41.93,26.86,33.69,0.96,0.21,10.62,24.99
1987-02-17,39.71,25.93,31.79,1.1,0.21,13.36,26.09
1987-02-18,36.29,21.87,27.73,0.92,0.21,14.07,26.62
1987-02-19,36.65,17.35,27.22,0.0,0.21,10.08,30.2
1987-02-20,36.66,20.76,28.44,0.0,0.21,8.97,29.5
1987-02-21,37.58,21.12,29.16,0.0,0.21,4.44,29.11
1987-02-22,39.85,21.38,30.14,0.0,0.21,3.68,28.93
1987-02-23,38.26,19.12,28.84,0.0,0.21,3.7,29.1
1987-02-24,38.28,19.78,28.64,0.0,0.2,5.55,28.58
1987-02-25,40.89,21.89,30.58,0.0,0.2,5.86,28.32
1987-02-26,34.09,17.77,25.3,0.0,0.2,5.22,27.34
1987-02-27,31.74,14.94,23.15,0.0,0.2,1.27,28.35
1987-02-28,32.43,15.24,23.75,0.0,0.2,-0.19,28.22
1987-03-01,35.0,16.47,25.68,0.0,0.2,-1.12,28.08
1987-03-02,36.04,17.39,26.83,0.0,0.2,0.13,28.22
1987-03-03,37.55,18.3,27.9,0.0,0.2,1.41,25.75
1987-03-04,37.26,19.46,28.45,0.0,0.2,7.02,26.16
1987-03-05,37.75,20.5,29.26,0.06,0.2,7.31,26.34
1987-03-06,37.83,20.36,28.94,0.0,0.2,4.86,25.29
1987-03-07,37.09,22.69,29.73,0.0,0.2,4.48,25.28
1987-03-08,36.27,22.39,28.75,0.03,0.2,2.85,25.65
1987-03-09,35.74,21.34,28.03,0.0,0.2,-0.88,23.82
1987-03-10,38.04,21.51,29.06,0.0,0.2,1.45,23.92
1987-03-11,36.13,19.58,28.13,0.0,0.2,5.77,15.23
1987-03-12,37.45,21.43,29.66,0.01,0.2,7.98,19.68
1987-03-13,41.68,22.98,31.99,0.3,0.2,5.58,20.59
1987-03-14,36.71,22.98,28.89,1.17,0.2,10.97,17.98
1987-03-15,24.98,17.91,21.98,0.65,0.2,13.31,12.22
1987-03-16,30.45,15.11,21.86,0.0,0.21,10.17,26.03
1987-03-17,27.03,14.79,20.45,0.52,0.21,10.5,20.96
1987-03-18,29.46,11.01,20.06,0.0,0.21,0.55,25.99
1987-03-19,33.19,13.67,23.17,0.0,0.2,-2.61,25.56
1987-03-20,35.44,15.84,25.75,0.33,0.2,0.04,24.19
1987-03-21,34.68,21.57,27.58,1.86,0.21,7.03,9.32
1987-03-22,35.63,21.04,27.57,0.59,0.21,11.89,22.61
1987-03-23,34.8,19.21,25.55,0.3,0.21,13.92,18.19
1987-03-24,31.02,18.41,23.35,0.0,0.21,14.55,19.0
1987-03-25,30.72,17.64,23.5,0.0,0.21,10.66,23.24
1987-03-26,31.96,16.59,23.6,0.0,0.21,8.72,24.43
1987-03-27,29.87,17.02,22.91,0.01,0.2,7.62,19.71
1987-03-28,24.43,17.36,20.59,0.76,0.21,5.02,15.87
1987-03-29,29.74,17.94,23.32,4.32,0.21,3.46,18.96
1987-03-30,26.2,19.54,22.18,8.82,0.22,15.02,8.28
1987-03-31,32.36,19.31,24.01,0.57,0.23,14.95,21.26
1987-04-01,30.96,16.73,22.88,0.07,0.22,11.7,21.52
1987-04-02,33.63,15.65,24.43,0.03,0.22,9.95,22.79
1987-04-03,32.92,17.52,24.46,0.01,0.22,9.71,19.16
1987-04-04,25.46,13.51,18.96,0.01,0.22,6.3,20.72
1987-04-05,26.73,9.83,18.09,0.02,0.22,1.05,21.1
1987-04-06,32.74,12.73,21.91,0.03,0.22,-2.15,18.49
1987-04-07,27.4,17.06,21.77,0.63,0.22,10.2,7.97
1987-04-08,27.73,17.15,21.88,0.9,0.22,14.33,13.96
1987-04-09,28.88,13.9,20.86,0.0,0.22,11.03,19.77
1987-04-10,29.76,14.41,21.7,0.09,0.22,10.64,18.5
1987-04-11,22.14,13.5,18.85,0.01,0.22,11.58,13.38
1987-04-12,25.28,9.23,16.82,0.0,0.22,1.34,21.16
1987-04-13,27.42,9.3,17.97,0.17,0.22,-0.75,20.27
1987-04-14,29.65,10.9,20.2,0.0,0.22,5.07,20.65
1987-04-15,32.74,15.43,23.9,0.0,0.21,8.3,19.37
1987-04-16,35.17,18.29,26.29,0.0,0.21,6.38,19.82
1987-04-17,36.29,18.79,26.45,0.0,0.21,7.3,13.69
1987-04-18,32.34,18.62,24.61,0.01,0.21,12.31,11.33
1987-04-19,27.29,19.64,22.87,0.13,0.21,9.78,10.19
1987-04-20,31.44,17.28,24.16,0.09,0.21,11.64,10.11
1987-04-21,25.54,18.86,21.8,0.76,0.21,14.79,7.35
1987-04-22,32.36,16.05,23.78,1.14,0.21,11.62,11.83
1987-04-23,28.02,18.91,23.18,0.87,0.22,13.49,7.95
1987-04-24,30.7,19.47,25.07,0.13,0.22,12.18,7.9
1987-04-25,25.0,15.27,20.84,12.3,0.23,17.6,7.17
1987-04-26,22.57,9.87,15.7,0.4,0.24,7.25,17.72
1987-04-27,24.84,8.67,16.29,0.0,0.24,5.08,17.99
1987-04-28,27.16,11.37,18.91,0.17,0.23,3.53,17.31
1987-04-29,29.36,15.4,21.55,0.63,0.23,7.43,16.54
1987-04-30,23.11,16.66,19.41,5.02,0.24,14.38,8.58
1987-05-01,18.27,11.26,15.41,0.6,0.24,8.37,12.12
1987-05-02,21.55,8.15,14.39,0.01,0.24,5.55,14.47
1987-05-03,25.5,7.9,16.21,0.0,0.24,2.09,11.55
1987-05-04,23.08,11.73,17.13,0.01,0.24,6.76,16.84
1987-05-05,26.3,10.17,17.71,0.0,0.24,4.34,16.64
1987-05-06,28.44,11.76,19.56,0.0,0.23,4.48,16.48
1987-05-07,27.62,14.32,20.16,0.0,0.23,8.71,16.28
1987-05-08,27.54,15.95,19.8,8.17,0.24,13.44,8.22
1987-05-09,21.02,13.92,17.1,10.2,0.26,12.29,11.62
1987-05-10,14.21,8.4,11.07,4.74,0.27,6.62,14.37
1987-05-11,16.4,6.63,11.22,0.28,0.27,5.67,12.03
1987-05-12,17.88,3.95,10.34,0.0,0.27,3.14,15.6
1987-05-13,19.15,4.31,11.07,0.0,0.26,4.3,14.42
1987-05-14,21.33,5.12,12.72,0.0,0.26,5.27,16.14
1987-05-15,22.95,7.77,14.28,0.0,0.26,5.38,14.54
1987-05-16,21.21,6.49,13.2,0.0,0.26,1.12,15.51
1987-05-17,24.05,7.78,14.81,0.0,0.26,1.52,12.78
1987-05-18,24.43,8.51,15.56,0.0,0.26,0.78,16.07
1987-05-19,25.04,9.0,15.7,0.0,0.26,0.47,15.55
1987-05-20,23.75,6.84,14.57,0.0,0.26,2.61,15.31
1987-05-21,23.29,7.43,14.7,0.0,0.26,6.77,15.29
1987-05-22,23.67,7.85,14.87,0.0,0.26,5.52,15.19
1987-05-23,25.69,8.0,15.67,0.0,0.25,4.12,15.26
1987-05-24,24.28,8.2,15.24,0.0,0.25,7.03,14.88
1987-05-25,24.62,8.41,15.37,0.0,0.25,7.28,14.48
1987-05-26,22.61,7.84,14.31,0.0,0.25,7.11,14.87
1987-05-27,22.03,7.83,13.9,0.0,0.25,1.23,14.7
1987-05-28,20.28,7.21,13.23,0.0,0.25,-1.5,12.71
1987-05-29,22.8,8.32,14.17,0.0,0.25,-2.02,14.07
1987-05-30,22.54,7.17,13.77,0.0,0.25,-3.01,11.42
1987-05-31,23.09,10.09,14.69,0.0,0.25,-3.98,9.95
1987-06-01,24.32,5.66,13.88,0.0,0.25,-4.99,14.01
1987-06-02,25.84,9.04,16.52,0.11,0.25,-2.7,7.33
1987-06-03,22.8,13.07,16.45,1.83,0.25,-0.72,5.78
1987-06-04,22.81,9.37,15.85,0.14,0.25,5.42,11.2
1987-06-05,24.04,10.42,16.44,0.01,0.25,7.69,13.05
1987-06-06,24.44,14.36,18.4,9.84,0.26,13.28,5.4
1987-06-07,20.74,11.64,15.66,3.12,0.27,11.99,9.13
1987-06-08,20.7,8.62,14.02,1.47,0.27,8.27,12.19
1987-06-09,21.16,9.59,15.01,0.48,0.27,9.32,10.91
1987-06-10,20.46,11.19,15.17,0.83,0.27,11.48,9.55
1987-06-11,20.7,7.8,13.33,0.01,0.27,6.44,12.19
1987-06-12,20.49,5.59,12.24,0.0,0.27,3.28,14.03
1987-06-13,22.58,6.89,13.7,0.01,0.27,1.89,13.48
1987-06-14,23.5,7.74,14.61,0.0,0.27,3.03,11.84
1987-06-15,23.99,9.42,15.68,0.08,0.26,2.86,11.61
1987-06-16,24.82,9.7,15.93,0.03,0.26,3.56,6.89
1987-06-17,16.73,10.6,13.29,5.37,0.27,9.52,9.0
1987-06-18,16.5,9.2,12.53,6.47,0.28,8.28,10.73
1987-06-19,16.8,9.61,12.93,5.51,0.29,10.44,11.03
1987-06-20,16.52,8.29,12.62,1.78,0.29,7.85,10.06
1987-06-21,18.35,7.35,12.45,0.14,0.29,7.15,11.0
1987-06-22,19.06,10.2,14.28,1.36,0.29,10.46,10.72
1987-06-23,20.17,9.88,13.96,0.16,0.29,8.66,10.52
1987-06-24,19.83,7.08,13.14,0.21,0.29,7.72,10.57
1987-06-25,20.21,9.61,13.84,0.0,0.29,6.44,12.41
1987-06-26,20.33,7.07,13.42,0.0,0.29,4.88,13.94
1987-06-27,21.51,6.04,13.32,0.0,0.28,0.62,13.78
1987-06-28,21.69,4.67,11.83,0.03,0.28,1.02,13.93
1987-06-29,19.46,6.2,12.17,0.39,0.28,9.28,10.01
1987-06-30,21.82,6.92,12.96,0.08,0.28,7.86,13.28
1987-07-01,20.9,7.94,12.97,0.03,0.28,7.17,11.22
1987-07-02,24.06,6.62,14.58,0.0,0.28,5.86,13.31
1987-07-03,16.66,10.68,13.43,10.79,0.29,10.4,5.55
1987-07-04,20.26,8.55,13.74,1.97,0.3,8.04,13.93
1987-07-05,23.36,6.08,14.03,0.0,0.3,3.51,13.93
1987-07-06,26.38,8.98,16.77,0.21,0.3,7.45,13.68
1987-07-07,26.37,11.68,18.08,0.32,0.3,9.19,13.34
1987-07-08,18.59,10.7,14.35,4.79,0.3,7.61,13.2
1987-07-09,18.19,10.03,12.97,0.21,0.3,5.35,13.89
1987-07-10,14.16,8.34,11.07,1.5,0.3,5.91,6.32
1987-07-11,22.51,7.62,13.41,0.01,0.3,7.16,14.03
1987-07-12,17.12,6.83,10.84,0.05,0.3,5.59,10.7
1987-07-13,17.81,7.13,12.34,0.13,0.3,7.66,9.43
1987-07-14,18.99,7.32,12.18,0.21,0.3,8.05,10.77
1987-07-15,18.93,6.56,12.22,0.13,0.3,8.52,11.4
1987-07-16,19.65,8.59,13.27,0.77,0.3,9.51,11.33
1987-07-17,19.05,8.24,12.35,0.01,0.3,7.35,13.11
1987-07-18,17.9,5.15,10.55,0.0,0.3,4.31,15.07
1987-07-19,17.5,3.82,9.78,0.0,0.3,0.57,15.01
1987-07-20,18.15,2.69,9.84,0.0,0.29,-2.51,14.39
1987-07-21,18.43,6.13,11.01,0.1,0.29,-1.72,10.6
1987-07-22,18.5,7.66,12.21,1.39,0.29,2.76,11.88
1987-07-23,19.8,10.15,14.09,1.22,0.29,10.7,13.43
1987-07-24,18.43,8.01,12.8,0.15,0.29,7.18,10.76
1987-07-25,19.23,4.33,11.03,0.0,0.29,1.77,15.45
1987-07-26,21.65,4.87,12.63,0.02,0.29,1.74,11.89
1987-07-27,25.42,7.53,15.88,0.52,0.29,6.61,14.94
1987-07-28,18.86,14.1,15.98,3.32,0.29,12.18,7.11
1987-07-29,17.88,9.11,13.77,5.38,0.3,10.4,7.83
1987-07-30,15.9,6.31,10.95,0.5,0.3,6.38,12.68
1987-07-31,18.48,7.94,12.85,3.67,0.31,8.94,11.35
1987-08-01,15.35,4.33,8.67,0.02,0.31,1.87,16.67
1987-08-02,17.3,0.98,8.32,0.0,0.3,-1.91,16.62
1987-08-03,21.47,2.18,10.88,0.01,0.3,-1.87,16.8
1987-08-04,19.93,3.34,10.93,0.0,0.3,-3.31,16.95
1987-08-05,21.47,3.88,11.9,0.03,0.3,-2.54,16.99
1987-08-06,23.99,5.97,14.03,0.0,0.3,-0.54,16.36
1987-08-07,25.24,9.28,16.07,0.15,0.29,1.58,14.74
1987-08-08,24.34,10.19,16.06,0.08,0.29,2.28,15.38
1987-08-09,23.7,8.54,15.51,0.0,0.29,3.91,12.19
1987-08-10,25.27,9.59,16.15,0.72,0.29,3.79,10.88
1987-08-11,25.96,9.57,16.55,0.01,0.29,2.19,17.5
1987-08-12,24.91,9.78,16.84,3.82,0.29,7.14,10.26
1987-08-13,20.58,9.81,15.07,3.08,0.3,10.58,13.52
1987-08-14,21.14,5.9,12.87,0.0,0.3,4.88,17.07
1987-08-15,21.12,5.6,12.58,0.0,0.3,3.16,18.16
1987-08-16,22.49,5.77,13.42,0.01,0.29,2.57,18.2
1987-08-17,25.3,6.85,15.2,0.0,0.29,1.78,18.67
1987-08-18,27.86,7.81,17.35,0.08,0.29,1.13,18.31
1987-08-19,27.88,8.55,18.2,0.0,0.29,0.09,16.4
1987-08-20,23.53,8.56,15.75,5.2,0.29,8.26,11.57
1987-08-21,19.19,10.17,13.71,1.17,0.3,8.15,14.76
1987-08-22,17.82,6.36,11.47,0.12,0.3,3.92,11.14
1987-08-23,19.16,2.87,10.5,0.0,0.29,-0.01,18.64
1987-08-24,18.69,2.42,10.38,0.3,0.29,3.8,18.42
1987-08-25,15.3,8.89,11.57,14.77,0.31,9.35,7.25
1987-08-26,16.65,4.6,9.73,0.13,0.32,3.25,18.08
1987-08-27,19.54,2.16,10.61,0.0,0.31,0.82,20.41
1987-08-28,23.2,4.31,13.08,0.0,0.31,-0.04,20.86
1987-08-29,24.79,5.76,14.68,0.0,0.31,2.32,15.11
1987-08-30,25.64,8.09,16.18,0.05,0.3,4.71,11.71
1987-08-31,25.36,11.15,17.01,0.06,0.3,4.37,17.41
1987-09-01,23.46,7.45,15.15,0.01,0.3,6.64,20.82
1987-09-02,21.23,7.65,13.34,0.0,0.3,4.39,19.99
1987-09-03,22.15,4.87,13.16,0.0,0.3,2.15,20.39
1987-09-04,23.54,6.86,14.68,0.0,0.29,1.08,20.9
1987-09-05,24.47,6.49,15.15,0.0,0.29,0.41,21.26
1987-09-06,24.97,7.95,15.73,0.0,0.29,2.72,21.28
1987-09-07,24.77,7.62,15.54,0.16,0.29,1.13,21.85
1987-09-08,26.21,7.19,16.21,0.0,0.29,-0.39,21.8
1987-09-09,28.26,8.12,17.89,0.0,0.29,-1.32,22.09
1987-09-10,30.32,9.58,18.95,0.0,0.29,0.34,21.96
1987-09-11,28.4,9.19,18.6,0.07,0.28,3.83,18.06
1987-09-12,29.29,10.28,19.63,0.04,0.28,6.3,16.43
1987-09-13,29.29,14.79,20.7,0.15,0.28,2.71,16.3
1987-09-14,30.5,13.01,20.99,0.0,0.28,1.89,22.39
1987-09-15,29.98,11.66,20.2,0.0,0.28,-1.03,22.64
1987-09-16,30.78,11.71,20.89,0.0,0.28,-3.89,23.01
1987-09-17,29.78,11.01,20.06,0.0,0.27,0.94,22.93
1987-09-18,23.74,13.12,17.64,0.28,0.27,11.23,19.58
1987-09-19,24.45,8.6,16.22,0.09,0.27,5.38,21.05
1987-09-20,31.1,8.42,19.03,0.0,0.27,3.16,23.39
1987-09-21,35.82,12.4,22.61,0.09,0.27,3.57,23.17
1987-09-22,32.95,12.5,22.21,0.36,0.27,10.12,18.42
1987-09-23,21.24,10.41,16.26,1.51,0.27,9.28,16.21
1987-09-24,25.94,7.26,16.18,0.0,0.27,2.62,22.94
1987-09-25,23.28,8.02,15.27,0.44,0.27,7.12,21.85
1987-09-26,18.29,8.0,13.48,3.54,0.27,6.3,17.92
1987-09-27,18.41,6.28,11.41,0.04,0.27,1.88,23.39
1987-09-28,21.78,3.44,12.6,0.0,0.27,-0.63,25.33
1987-09-29,25.01,6.27,15.53,0.02,0.27,-1.24,25.3
1987-09-30,28.39,9.06,18.1,0.0,0.27,-5.41,25.3
1987-10-01,31.06,9.53,20.0,0.0,0.26,-5.03,24.16
1987-10-02,34.53,11.64,22.68,0.0,0.26,-2.03,22.4
1987-10-03,30.29,13.14,21.63,0.15,0.26,9.61,16.44
1987-10-04,34.04,16.29,23.81,0.0,0.26,9.81,16.19
1987-10-05,27.82,15.71,20.65,1.85,0.26,13.89,21.93
1987-10-06,24.51,14.98,18.98,10.93,0.28,12.27,21.02
1987-10-07,27.03,10.97,19.01,0.06,0.28,9.98,22.94
1987-10-08,28.38,11.49,19.58,0.0,0.27,8.67,26.06
1987-10-09,31.62,11.55,21.48,0.0,0.27,8.36,26.41
1987-10-10,31.88,14.57,22.95,0.0,0.27,9.87,26.32
1987-10-11,30.72,14.06,22.14,0.01,0.27,8.34,26.76
1987-10-12,29.48,16.09,21.75,0.75,0.26,10.0,25.55
1987-10-13,25.07,12.34,17.79,0.19,0.26,7.87,22.76
1987-10-14,20.27,10.4,14.92,0.48,0.26,6.71,19.52
1987-10-15,23.92,6.84,15.3,0.01,0.26,2.87,27.18
1987-10-16,26.88,7.29,16.87,0.11,0.26,3.54,28.75
1987-10-17,26.67,8.7,17.46,0.0,0.26,2.5,28.6
1987-10-18,30.9,10.45,20.14,0.0,0.26,1.85,28.73
1987-10-19,30.78,10.59,20.05,0.0,0.26,5.07,28.68
1987-10-20,27.83,10.47,18.88,0.0,0.26,6.38,28.63
1987-10-21,27.77,12.32,19.59,0.0,0.26,7.61,28.12
1987-10-22,29.75,10.78,19.93,0.0,0.25,-1.1,26.41
1987-10-23,30.1,9.31,19.59,0.2,0.25,1.67,28.79
1987-10-24,32.39,9.14,20.56,0.0,0.25,2.03,25.66
1987-10-25,33.76,11.83,22.21,0.0,0.25,6.51,29.17
1987-10-26,29.75,13.56,20.84,0.0,0.25,7.14,29.5
1987-10-27,31.52,13.14,22.04,0.0,0.25,4.36,29.17
1987-10-28,36.52,14.85,25.7,0.0,0.25,4.2,29.55
1987-10-29,33.16,16.05,22.99,0.0,0.25,10.28,27.9
1987-10-30,30.52,15.27,21.53,0.23,0.25,12.95,27.39
1987-10-31,24.99,11.41,17.81,1.98,0.24,10.04,24.63
1987-11-01,19.54,8.82,13.38,0.71,0.25,4.25,26.83
1987-11-02,23.2,6.49,14.85,0.0,0.25,1.77,29.88
1987-11-03,26.01,10.31,18.18,0.0,0.25,1.8,30.09
1987-11-04,29.1,12.11,20.57,0.15,0.24,2.05,29.83
1987-11-05,33.01,15.8,23.79,0.15,0.24,4.04,29.14
1987-11-06,34.48,15.48,24.91,0.12,0.24,8.57,28.61
1987-11-07,30.75,15.77,22.35,0.05,0.24,7.82,28.91
1987-11-08,32.87,13.09,23.59,1.37,0.24,8.68,31.18
1987-11-09,33.73,16.1,25.27,0.04,0.24,6.94,30.12
1987-11-10,32.94,17.99,25.92,1.13,0.24,8.11,25.13
1987-11-11,27.84,19.22,23.24,0.65,0.24,13.44,17.74
1987-11-12,34.93,15.8,25.95,0.0,0.24,11.54,30.93
1987-11-13,37.99,18.22,28.21,0.03,0.24,8.8,28.51
1987-11-14,30.87,16.67,22.16,2.9,0.24,11.86,16.1
1987-11-15,28.21,15.27,20.83,2.85,0.25,12.54,17.61
1987-11-16,28.03,14.73,20.37,0.11,0.24,9.98,25.36
1987-11-17,29.93,12.37,20.35,0.0,0.24,9.9,32.35
1987-11-18,26.02,12.42,18.93,0.09,0.24,6.91,27.06
1987-11-19,25.89,8.54,17.02,0.0,0.24,2.47,32.44
1987-11-20,28.4,9.78,19.47,0.0,0.24,7.05,31.42
1987-11-21,32.52,11.51,21.19,0.0,0.24,6.11,30.37
1987-11-22,26.1,11.2,17.86,0.0,0.24,8.46,29.26
1987-11-23,26.29,10.61,17.87,0.0,0.23,4.35,31.47
1987-11-24,31.55,9.15,21.12,0.0,0.23,1.07,32.53
1987-11-25,35.01,14.58,24.95,0.0,0.23,0.14,32.57
1987-11-26,35.33,15.72,25.96,0.0,0.23,0.31,32.66
1987-11-27,38.99,13.99,25.43,0.01,0.23,3.31,33.35
1987-11-28,25.88,12.65,18.27,0.15,0.23,5.47,28.06
1987-11-29,19.85,11.27,15.19,4.21,0.24,7.1,16.32
1987-11-30,26.08,9.73,17.83,0.48,0.24,5.18,33.33
1987-12-01,31.24,10.56,21.49,0.0,0.23,5.8,31.37
1987-12-02,36.1,15.32,26.28,0.0,0.23,1.63,33.49
1987-12-03,38.87,16.23,28.11,0.0,0.23,1.73,31.6
1987-12-04,36.74,21.29,28.13,0.0,0.23,2.48,16.71
1987-12-05,39.52,21.39,29.83,0.0,0.23,4.69,30.7
1987-12-06,31.87,17.05,23.38,0.04,0.23,12.59,27.31
1987-12-07,32.43,16.26,24.21,0.1,0.23,10.45,29.49
1987-12-08,33.27,16.5,24.96,0.0,0.23,5.37,33.52
1987-12-09,36.93,17.12,27.69,0.0,0.22,4.22,31.93
1987-12-10,34.52,16.72,25.31,0.0,0.22,6.78,33.36
1987-12-11,34.98,14.69,24.33,0.0,0.22,8.26,33.73
1987-12-12,37.49,14.99,26.63,0.0,0.22,6.73,31.67
1987-12-13,40.08,20.52,28.85,0.0,0.22,7.28,27.01
1987-12-14,33.57,15.06,23.79,0.0,0.22,7.11,33.44
1987-12-15,34.72,14.64,24.69,0.0,0.22,7.33,33.6
1987-12-16,40.18,17.27,29.51,0.0,0.22,7.28,33.78
1987-12-17,41.89,23.15,33.07,0.0,0.22,5.13,33.86
1987-12-18,44.1,25.53,34.95,0.03,0.22,5.52,28.94
1987-12-19,42.24,24.08,33.03,0.0,0.22,7.89,33.1
1987-12-20,42.12,19.82,31.26,1.89,0.22,12.04,28.25
1987-12-21,39.16,25.24,31.61,0.41,0.22,14.46,25.85
1987-12-22,38.64,24.41,31.08,0.34,0.22,14.24,31.7
1987-12-23,37.93,21.29,28.94,3.24,0.22,13.6,31.49
1987-12-24,34.8,17.08,25.45,1.03,0.22,12.65,30.65
1987-12-25,30.25,15.34,21.41,0.0,0.22,9.02,34.36
1987-12-26,30.04,14.94,21.82,0.0,0.22,7.3,32.16
1987-12-27,34.32,13.26,24.31,0.0,0.22,3.86,32.92
1987-12-28,40.47,18.88,29.78,0.01,0.22,1.54,33.27
1987-12-29,38.69,17.91,27.3,0.0,0.22,6.83,33.59
1987-12-30,27.21,14.77,20.62,0.17,0.21,7.58,27.61
1987-12-31,30.8,11.57,21.16,0.05,0.21,4.67,33.38
1988-01-01,36.56,14.14,25.96,0.01,0.21,6.02,32.95
1988-01-02,38.92,18.6,29.47,0.0,0.21,3.87,34.41
1988-01-03,41.19,21.54,31.91,0.04,0.21,3.07,34.67
1988-01-04,44.34,24.79,34.58,0.02,0.21,3.62,32.47
1988-01-05,43.69,23.94,33.29,0.0,0.21,7.18,31.88
1988-01-06,38.19,19.73,27.71,0.0,0.21,7.3,32.93
1988-01-07,35.96,15.17,25.43,0.0,0.21,4.23,33.1
1988-01-08,37.66,16.08,26.39,0.0,0.21,5.55,33.34
1988-01-09,34.3,14.07,23.87,0.0,0.21,6.72,33.16
1988-01-10,34.86,15.18,24.38,0.0,0.21,7.58,33.33
1988-01-11,33.78,15.63,23.73,0.0,0.21,9.26,33.39
1988-01-12,29.24,14.56,20.53,0.0,0.21,7.43,33.22
1988-01-13,25.28,12.71,18.39,0.01,0.21,3.99,29.73
1988-01-14,28.58,10.56,19.96,0.0,0.21,-1.4,32.95
1988-01-15,37.01,13.68,26.0,0.0,0.21,-5.64,34.21
1988-01-16,42.7,17.36,30.21,0.0,0.21,-0.96,34.18
1988-01-17,39.46,17.24,27.69,0.0,0.21,8.07,32.66
1988-01-18,36.36,15.29,25.35,0.0,0.21,9.29,32.86
1988-01-19,32.74,15.29,23.59,0.16,0.21,7.96,32.21
1988-01-20,35.4,14.39,25.22,0.0,0.21,2.25,33.0
1988-01-21,35.88,17.84,27.78,0.0,0.21,-1.12,32.67
1988-01-22,39.17,17.2,28.5,0.0,0.2,5.89,33.13
1988-01-23,41.13,21.2,31.33,0.15,0.2,8.96,33.0
1988-01-24,42.26,25.43,34.25,0.23,0.2,7.32,32.42
1988-01-25,41.26,24.03,33.19,0.0,0.2,5.27,31.8
1988-01-26,43.57,24.14,34.79,0.0,0.2,3.97,32.35
1988-01-27,42.58,26.44,34.55,0.12,0.2,9.32,29.95
1988-01-28,40.13,22.92,30.85,0.06,0.2,7.29,32.11
1988-01-29,40.88,19.01,30.4,0.01,0.2,9.63,28.59
1988-01-30,39.05,23.78,31.55,0.58,0.2,11.24,21.84
1988-01-31,38.86,23.9,30.56,2.6,0.2,13.89,19.8
1988-02-01,35.86,22.05,27.85,0.71,0.21,13.96,31.42
1988-02-02,33.84,19.66,27.29,0.28,0.21,13.62,29.76
1988-02-03,31.3,21.33,26.58,6.35,0.21,14.68,29.14
1988-02-04,37.98,21.17,29.89,0.0,0.22,13.79,32.21
1988-02-05,37.91,22.36,30.01,0.06,0.21,11.3,30.58
1988-02-06,37.41,20.54,28.82,0.01,0.21,4.96,30.39
1988-02-07,37.34,19.86,28.52,0.0,0.21,-0.06,31.89
1988-02-08,39.6,19.97,30.06,0.01,0.21,0.4,31.76
1988-02-09,39.83,21.37,31.29,0.0,0.21,2.52,30.54
1988-02-10,39.54,21.72,30.59,0.0,0.21,6.68,31.87
1988-02-11,39.0,21.34,30.03,0.0,0.21,-0.68,31.81
1988-02-12,37.62,20.52,29.42,0.0,0.21,1.43,31.07
1988-02-13,36.67,21.44,29.12,0.0,0.2,2.1,30.94
1988-02-14,38.18,21.34,29.96,0.0,0.2,2.14,30.31
1988-02-15,38.48,20.78,30.0,0.01,0.2,1.03,29.33
1988-02-16,39.68,20.95,30.65,0.0,0.2,-0.38,30.28
1988-02-17,40.22,20.85,30.83,0.0,0.2,-2.81,30.01
1988-02-18,39.61,21.4,30.87,0.0,0.2,0.97,30.17
1988-02-19,40.51,23.51,32.11,0.0,0.2,3.65,29.53
1988-02-20,42.81,25.18,33.81,0.0,0.2,4.16,28.64
1988-02-21,44.27,25.58,34.84,0.0,0.2,1.26,29.03
1988-02-22,44.0,24.73,34.16,0.0,0.2,0.24,29.01
1988-02-23,38.86,21.8,29.14,0.0,0.2,8.07,28.12
1988-02-24,38.34,19.04,27.59,0.0,0.2,11.27,28.51
1988-02-25,40.92,19.65,29.97,0.0,0.2,9.46,28.26
1988-02-26,42.52,23.2,32.57,0.0,0.2,7.81,27.87
1988-02-27,43.21,24.45,33.45,0.0,0.2,7.0,27.39
1988-02-28,43.0,23.53,32.36,0.0,0.2,8.8,22.53
1988-02-29,40.62,19.66,29.08,0.04,0.2,9.25,26.32
1988-03-01,36.93,18.02,26.36,0.11,0.2,10.0,27.12
1988-03-02,32.65,17.96,24.83,0.0,0.2,9.79,22.74
1988-03-03,32.71,17.53,25.0,0.0,0.2,2.19,26.58
1988-03-04,32.68,19.69,26.3,0.0,0.2,3.24,25.25
1988-03-05,37.98,25.07,29.16,0.34,0.2,11.47,8.5
1988-03-06,34.36,23.46,28.58,0.18,0.2,8.83,5.5
1988-03-07,40.36,23.14,31.24,0.08,0.2,10.43,22.8
1988-03-08,40.45,24.67,32.34,0.03,0.2,6.9,22.92
1988-03-09,41.31,25.32,32.05,0.0,0.2,6.32,20.54
1988-03-10,34.43,23.45,28.34,0.29,0.2,12.03,13.86
1988-03-11,33.4,20.12,25.74,1.05,0.2,12.89,15.59
1988-03-12,34.45,21.17,26.89,0.34,0.2,8.87,16.66
1988-03-13,34.32,19.87,26.03,0.27,0.2,4.0,24.11
1988-03-14,39.05,21.42,29.81,0.0,0.2,3.57,25.1
1988-03-15,33.03,23.34,28.04,0.03,0.2,4.88,23.06
1988-03-16,32.35,22.96,27.31,0.0,0.2,11.33,21.78
1988-03-17,37.46,19.42,28.34,0.0,0.2,1.64,25.58
1988-03-18,39.4,20.38,29.98,0.0,0.2,-0.47,25.09
1988-03-19,38.76,21.21,29.98,0.0,0.2,-2.96,23.78
1988-03-20,40.93,21.32,30.6,0.09,0.2,-3.51,22.97
1988-03-21,41.44,23.23,31.67,0.32,0.2,-1.06,20.39
1988-03-22,38.57,23.3,29.72,1.49,0.2,5.74,16.22
1988-03-23,24.3,18.72,22.47,12.59,0.22,17.32,7.84
1988-03-24,28.44,16.48,21.25,0.21,0.23,13.08,21.01
1988-03-25,28.3,13.93,20.43,0.44,0.22,10.44,19.36
1988-03-26,30.01,13.44,21.19,0.0,0.22,8.53,24.28
1988-03-27,32.86,14.73,23.57,0.0,0.22,5.84,23.86
1988-03-28,34.89,15.95,25.04,0.0,0.22,5.52,22.99
1988-03-29,34.82,18.19,25.9,0.0,0.22,7.08,23.25
1988-03-30,29.85,17.12,23.56,0.0,0.22,7.68,22.66
1988-03-31,28.75,15.85,21.83,0.93,0.22,6.69,22.33
1988-04-01,30.08,15.59,22.29,0.0,0.22,5.13,21.52
1988-04-02,30.35,15.26,22.37,1.07,0.22,5.11,21.53
1988-04-03,31.75,15.92,23.86,0.0,0.22,5.74,20.09
1988-04-04,31.72,18.61,24.51,0.0,0.21,5.81,19.59
1988-04-05,32.06,16.95,24.46,0.0,0.21,5.08,19.71
1988-04-06,33.23,19.39,25.83,0.0,0.21,4.74,15.69
1988-04-07,34.1,18.66,26.22,0.0,0.21,5.52,20.77
1988-04-08,35.8,19.43,27.49,1.77,0.21,6.19,18.67
1988-04-09,31.58,19.76,25.4,11.24,0.22,16.3,15.2
1988-04-10,29.12,17.18,22.28,0.29,0.23,11.98,13.22
1988-04-11,30.27,14.51,22.04,0.11,0.23,9.66,17.95
1988-04-12,32.67,14.02,23.12,0.0,0.23,8.79,20.38
1988-04-13,33.49,17.21,24.93,7.03,0.23,10.4,18.42
1988-04-14,24.03,18.32,20.81,8.25,0.24,15.99,11.42
1988-04-15,28.81,16.64,22.21,1.11,0.25,12.64,16.32
1988-04-16,28.73,20.59,23.42,0.07,0.25,10.11,15.35
1988-04-17,31.9,18.4,24.6,0.03,0.25,8.64,16.94
1988-04-18,33.6,18.01,25.56,0.4,0.24,6.95,18.2
1988-04-19,34.48,18.53,25.46,0.14,0.24,8.71,13.73
1988-04-20,25.58,19.17,22.52,0.89,0.24,15.01,9.67
1988-04-21,25.1,14.13,19.6,0.05,0.24,11.13,15.48
1988-04-22,25.73,9.34,17.09,0.0,0.24,2.53,19.5
1988-04-23,26.99,9.62,17.72,0.03,0.24,1.25,18.09
1988-04-24,26.45,11.19,18.35,0.0,0.24,9.39,13.65
1988-04-25,26.35,12.42,19.12,0.46,0.24,10.17,15.81
1988-04-26,27.31,16.01,20.81,2.12,0.24,9.8,7.56
1988-04-27,30.24,18.73,23.39,2.14,0.25,15.17,7.65
1988-04-28,27.47,18.75,22.4,0.94,0.25,15.28,10.9
1988-04-29,24.66,16.35,20.08,0.46,0.25,13.5,14.32
1988-04-30,21.51,14.11,17.12,2.1,0.25,10.28,14.37
1988-05-01,22.96,10.71,16.7,2.36,0.25,8.4,8.7
1988-05-02,20.57,10.09,15.04,0.86,0.25,8.6,11.93
1988-05-03,19.62,8.45,14.29,0.33,0.25,8.49,11.71
1988-05-04,22.07,11.85,16.31,0.29,0.25,11.45,11.88
1988-05-05,23.31,12.32,17.42,0.02,0.25,10.77,13.95
1988-05-06,26.49,13.14,18.76,0.0,0.25,8.52,11.67
1988-05-07,27.53,12.48,19.36,0.01,0.25,5.55,15.39
1988-05-08,27.29,10.73,18.51,0.0,0.25,5.45,16.2
1988-05-09,27.51,11.65,19.16,0.0,0.24,6.3,16.34
1988-05-10,28.02,13.31,20.09,0.02,0.24,5.91,16.23
1988-05-11,29.41,16.82,22.28,0.87,0.24,8.64,14.38
1988-05-12,23.92,13.18,19.12,8.62,0.25,13.61,5.8
1988-05-13,16.43,11.47,13.72,0.87,0.26,7.26,11.38
1988-05-14,18.81,12.97,15.47,2.48,0.26,10.45,11.86
1988-05-15,21.03,11.16,15.54,1.36,0.26,9.26,11.86
1988-05-16,20.43,11.27,15.62,1.26,0.26,10.27,11.66
1988-05-17,21.88,13.33,16.8,5.88,0.27,13.23,9.94
1988-05-18,23.43,12.23,17.48,3.76,0.28,13.03,9.32
1988-05-19,22.59,9.11,15.62,1.13,0.28,10.63,9.99
1988-05-20,21.33,15.34,17.93,33.45,0.3,14.57,5.95
1988-05-21,17.11,10.51,14.88,36.07,0.39,13.16,6.81
1988-05-22,19.26,9.84,13.79,0.16,0.39,9.05,13.02
1988-05-23,20.28,6.78,12.98,0.0,0.38,7.97,13.61
1988-05-24,22.14,7.48,13.98,0.02,0.37,5.44,15.28
1988-05-25,22.86,6.67,13.77,0.01,0.36,4.8,14.97
1988-05-26,21.67,7.88,13.9,0.02,0.36,9.56,12.34
1988-05-27,21.34,8.01,14.06,0.01,0.36,9.13,14.31
1988-05-28,23.62,8.12,15.13,0.0,0.35,4.87,14.63
1988-05-29,24.37,7.26,14.4,0.0,0.35,4.52,14.45
1988-05-30,22.6,9.22,14.96,0.0,0.35,10.44,14.14
1988-05-31,22.6,9.88,15.87,0.14,0.35,11.17,12.86
1988-06-01,22.52,13.02,17.19,8.12,0.35,12.95,9.86
1988-06-02,15.49,8.58,12.13,7.47,0.37,8.73,10.5
1988-06-03,16.23,7.5,11.75,0.57,0.37,6.56,14.27
1988-06-04,15.07,3.16,8.33,0.0,0.36,0.64,13.41
1988-06-05,17.81,1.86,9.64,0.11,0.36,1.47,11.32
1988-06-06,19.48,8.72,13.74,1.81,0.36,8.86,9.97
1988-06-07,19.38,10.51,13.92,6.08,0.37,10.75,8.28
1988-06-08,19.65,9.01,13.92,0.34,0.37,8.12,13.51
1988-06-09,22.24,8.21,14.71,0.0,0.37,8.28,9.94
1988-06-10,22.56,12.53,16.54,2.32,0.37,14.16,9.37
1988-06-11,22.62,13.38,16.9,1.45,0.37,13.78,8.33
1988-06-12,21.5,13.67,16.9,1.14,0.37,13.08,11.19
1988-06-13,22.34,11.43,16.06,0.0,0.36,11.51,11.81
1988-06-14,22.88,12.6,17.23,0.0,0.36,8.79,12.12
1988-06-15,22.15,10.78,15.46,0.13,0.36,8.72,13.25
1988-06-16,23.28,11.76,17.12,3.18,0.36,14.46,8.29
1988-06-17,23.02,12.81,18.01,5.07,0.37,15.67,8.93
1988-06-18,18.97,8.52,13.31,0.01,0.37,8.46,10.02
1988-06-19,18.03,7.48,12.43,0.01,0.36,8.38,10.0
1988-06-20,20.04,9.24,13.78,0.04,0.36,9.81,11.78
1988-06-21,22.29,8.04,14.28,0.0,0.36,6.76,13.55
1988-06-22,25.6,9.32,16.15,0.0,0.36,7.67,10.54
1988-06-23,26.72,11.91,17.5,0.06,0.36,6.64,13.46
1988-06-24,24.16,10.82,16.23,1.14,0.35,6.49,13.31
1988-06-25,15.03,10.48,12.58,4.33,0.36,8.36,8.52
1988-06-26,16.08,6.96,10.72,0.19,0.36,6.74,13.6
1988-06-27,16.77,3.94,9.61,0.0,0.36,2.71,12.94
1988-06-28,19.34,3.52,10.37,0.0,0.36,2.39,13.58
1988-06-29,19.89,5.1,11.44,0.07,0.35,3.3,13.37
1988-06-30,19.71,4.87,11.29,0.07,0.35,3.06,13.94
1988-07-01,20.99,4.24,11.52,0.0,0.35,2.79,13.79
1988-07-02,18.95,5.52,11.39,0.0,0.35,1.17,13.8
1988-07-03,16.3,7.64,10.72,0.0,0.35,0.35,9.47
1988-07-04,17.34,7.35,11.59,4.36,0.35,3.85,5.32
1988-07-05,19.36,10.81,14.46,1.33,0.35,11.86,10.21
1988-07-06,21.16,9.62,14.15,0.07,0.35,9.88,8.99
1988-07-07,15.34,9.85,12.15,5.2,0.36,9.15,9.06
1988-07-08,15.6,6.54,11.12,1.26,0.36,7.41,12.27
1988-07-09,17.2,5.98,10.65,0.02,0.36,6.04,12.25
1988-07-10,18.25,4.26,10.48,0.0,0.35,4.93,14.22
1988-07-11,20.35,4.31,11.3,0.08,0.35,1.17,14.31
1988-07-12,20.22,9.7,13.29,9.88,0.36,8.1,10.34
1988-07-13,19.28,8.35,13.75,2.79,0.37,10.96,11.4
1988-07-14,18.24,8.73,13.14,0.89,0.37,8.46,11.24
1988-07-15,17.69,6.92,12.9,1.32,0.37,8.28,11.47
1988-07-16,18.23,3.97,10.29,0.01,0.36,4.82,14.71
1988-07-17,18.04,4.32,11.33,0.99,0.36,7.63,12.14
1988-07-18,16.25,5.83,9.95,0.19,0.36,5.4,13.07
1988-07-19,15.94,4.64,9.01,0.0,0.36,2.79,14.9
1988-07-20,17.69,1.07,8.72,0.0,0.36,1.18,14.97
1988-07-21,23.63,4.13,12.32,0.0,0.35,3.72,14.77
1988-07-22,21.94,10.12,15.04,0.88,0.35,11.0,14.55
1988-07-23,18.11,11.05,15.01,9.22,0.35,12.63,4.86
1988-07-24,17.28,8.83,14.0,23.86,0.41,11.4,9.0
1988-07-25,16.35,6.95,11.05,0.44,0.4,6.45,13.59
1988-07-26,17.34,3.81,9.73,0.0,0.4,2.79,16.13
1988-07-27,19.88,2.05,9.94,0.0,0.39,0.87,15.34
1988-07-28,19.47,3.93,10.93,0.04,0.39,1.97,15.38
1988-07-29,15.77,5.81,10.13,0.28,0.39,5.28,16.1
1988-07-30,21.98,6.31,12.85,0.0,0.38,7.75,16.13
1988-07-31,25.37,7.59,15.61,0.0,0.38,8.15,15.77
1988-08-01,19.8,9.53,14.53,0.0,0.38,9.55,13.76
1988-08-02,20.57,7.7,12.76,0.0,0.38,7.52,15.93
1988-08-03,21.07,4.98,11.94,0.01,0.38,5.27,16.82
1988-08-04,22.4,4.82,13.01,0.22,0.37,5.81,16.77
1988-08-05,18.97,7.35,12.49,0.29,0.37,4.99,11.45
1988-08-06,12.34,7.31,9.52,8.28,0.38,6.8,7.19
1988-08-07,16.56,6.51,11.16,2.03,0.38,7.48,6.68
1988-08-08,22.48,6.57,13.95,0.01,0.38,7.82,17.61
1988-08-09,21.19,10.98,15.45,2.03,0.38,9.61,9.11
1988-08-10,22.97,9.84,15.9,0.91,0.38,10.57,17.15
1988-08-11,25.7,11.37,17.99,6.72,0.38,10.5,7.87
1988-08-12,16.76,9.76,13.25,3.09,0.39,8.78,13.3
1988-08-13,17.37,8.57,12.6,2.52,0.39,7.62,12.55
1988-08-14,17.86,8.04,12.63,2.22,0.39,8.78,12.34
1988-08-15,17.13,9.02,13.02,2.88,0.39,9.6,10.67
1988-08-16,17.55,9.88,13.06,0.91,0.39,8.08,13.2
1988-08-17,18.03,9.56,13.06,0.13,0.39,7.97,14.41
1988-08-18,19.13,6.75,12.29,0.0,0.38,6.64,16.06
1988-08-19,20.41,6.41,12.82,0.07,0.38,6.13,18.06
1988-08-20,16.36,7.86,11.68,9.84,0.39,8.42,11.6
1988-08-21,19.43,6.14,11.26,0.0,0.39,4.48,19.5
1988-08-22,21.39,3.34,12.4,0.14,0.39,1.24,19.79
1988-08-23,22.6,8.3,14.18,0.32,0.38,4.1,18.98
1988-08-24,21.37,7.46,13.86,0.0,0.38,9.0,18.49
1988-08-25,17.36,6.88,12.35,2.85,0.38,8.93,12.46
1988-08-26,20.0,4.23,11.63,0.0,0.38,5.51,18.56
1988-08-27,25.21,5.26,15.35,0.0,0.38,3.51,18.69
1988-08-28,24.56,9.82,16.3,0.02,0.37,7.51,15.51
1988-08-29,16.96,7.47,13.03,1.83,0.37,8.16,16.24
1988-08-30,18.97,5.57,11.36,0.15,0.37,5.65,17.53
1988-08-31,19.89,5.3,11.37,0.0,0.37,4.74,20.0
1988-09-01,22.58,4.3,13.09,0.0,0.36,5.44,20.18
1988-09-02,24.75,6.61,15.03,0.0,0.36,6.03,20.27
1988-09-03,24.54,8.04,15.31,0.0,0.36,7.48,21.01
1988-09-04,28.11,7.47,17.01,0.04,0.35,3.69,20.89
1988-09-05,24.91,8.96,16.8,1.23,0.35,9.68,18.63
1988-09-06,21.64,11.72,16.08,2.56,0.35,12.08,14.94
1988-09-07,20.37,9.18,14.25,0.17,0.35,9.04,13.81
1988-09-08,21.04,7.25,13.56,0.07,0.35,8.21,14.47
1988-09-09,19.54,8.29,13.49,0.79,0.35,8.75,17.78
1988-09-10,21.41,7.06,13.47,0.15,0.35,7.37,15.69
1988-09-11,23.47,6.21,14.4,0.0,0.35,5.9,22.82
1988-09-12,27.74,7.9,17.18,0.0,0.34,2.41,21.91
1988-09-13,26.22,9.61,17.37,0.06,0.34,8.32,21.58
1988-09-14,24.26,11.26,16.3,0.1,0.34,10.13,21.62
1988-09-15,22.61,9.24,14.68,0.47,0.34,3.36,22.66
1988-09-16,25.69,5.34,14.83,0.02,0.33,3.53,23.65
1988-09-17,27.36,7.98,17.0,0.0,0.33,7.46,23.64
1988-09-18,31.79,9.53,19.86,0.01,0.33,4.67,23.6
1988-09-19,23.69,9.88,17.51,0.22,0.32,10.31,14.13
1988-09-20,21.45,7.72,14.05,0.01,0.32,7.84,17.63
1988-09-21,25.36,10.94,17.16,0.49,0.32,11.05,20.04
1988-09-22,18.41,7.88,14.44,1.45,0.32,8.06,19.89
1988-09-23,20.59,7.2,13.45,0.01,0.32,5.08,17.6
1988-09-24,24.89,6.24,15.1,0.0,0.32,5.5,24.3
1988-09-25,24.37,7.53,15.66,0.11,0.32,9.85,23.72
1988-09-26,26.39,7.92,16.26,0.08,0.32,7.05,24.1
1988-09-27,25.9,7.23,16.21,0.72,0.31,9.58,22.12
1988-09-28,21.82,10.89,15.78,0.09,0.31,8.2,20.9
1988-09-29,20.63,10.96,15.01,2.75,0.31,9.17,19.11
1988-09-30,23.98,7.97,15.38,0.24,0.31,8.23,22.26
1988-10-01,26.46,10.33,17.15,0.0,0.31,9.76,21.89
1988-10-02,26.11,10.37,17.47,0.06,0.31,10.92,22.42
1988-10-03,24.26,12.71,17.44,3.88,0.31,11.83,13.47
1988-10-04,21.01,8.44,14.3,0.17,0.31,6.57,21.98
1988-10-05,24.23,7.2,15.28,0.04,0.31,6.04,22.04
1988-10-06,23.67,8.44,15.29,0.17,0.31,7.88,25.1
1988-10-07,22.55,5.23,13.75,0.0,0.3,4.14,26.87
1988-10-08,24.72,6.34,15.25,0.0,0.3,4.82,26.78
1988-10-09,29.78,7.27,17.69,0.06,0.3,5.31,27.24
1988-10-10,30.88,8.27,18.18,0.0,0.3,6.72,27.14
1988-10-11,27.37,9.77,17.54,0.0,0.29,8.42,26.97
1988-10-12,30.52,9.54,19.28,0.0,0.29,8.8,27.62
1988-10-13,27.73,10.37,18.67,0.0,0.29,11.13,24.62
1988-10-14,30.69,10.21,20.04,0.0,0.29,6.91,27.98
1988-10-15,31.83,10.86,20.92,0.0,0.29,7.99,28.04
1988-10-16,33.99,11.9,22.53,0.02,0.29,8.14,28.9
1988-10-17,33.11,12.53,21.24,0.01,0.28,9.18,28.64
1988-10-18,30.83,11.97,20.58,0.02,0.28,11.66,28.07
1988-10-19,25.04,14.7,19.08,1.69,0.28,13.07,18.36
1988-10-20,20.13,9.15,14.78,0.14,0.28,5.12,19.4
1988-10-21,23.34,5.71,14.26,0.0,0.28,1.58,28.86
1988-10-22,28.68,6.91,17.95,0.0,0.28,1.92,29.26
1988-10-23,33.24,9.22,21.33,0.0,0.28,1.8,29.46
1988-10-24,36.85,12.33,24.45,0.0,0.27,-2.53,30.65
1988-10-25,34.65,16.74,24.28,0.0,0.27,5.06,30.35
1988-10-26,29.82,13.49,20.19,0.01,0.27,8.82,27.42
1988-10-27,27.96,9.26,18.31,0.0,0.27,4.86,30.35
1988-10-28,30.59,9.53,19.86,0.01,0.27,2.79,29.9
1988-10-29,36.38,11.13,24.11,0.16,0.27,3.43,29.77
1988-10-30,36.6,16.53,26.16,0.02,0.27,10.65,23.06
1988-10-31,29.99,15.31,21.57,0.01,0.26,12.63,29.59
1988-11-01,19.92,12.17,16.38,0.78,0.26,8.71,20.13
1988-11-02,25.18,11.15,17.08,0.08,0.26,5.76,27.06
1988-11-03,25.75,9.16,17.36,0.0,0.26,3.43,30.85
1988-11-04,31.39,9.23,20.66,0.0,0.26,2.25,30.86
1988-11-05,37.44,16.53,24.83,0.02,0.26,4.6,29.2
1988-11-06,24.1,12.24,17.31,1.27,0.26,9.21,21.18
1988-11-07,21.82,9.45,15.06,0.77,0.26,3.53,26.74
1988-11-08,28.41,7.88,18.41,0.07,0.26,4.49,30.31
1988-11-09,34.26,11.37,23.18,0.0,0.26,-0.92,32.9
1988-11-10,39.63,16.0,27.54,0.0,0.25,1.19,31.84
1988-11-11,27.49,13.51,19.91,0.05,0.25,10.77,26.8
1988-11-12,23.79,11.6,16.74,0.19,0.25,5.36,26.22
1988-11-13,27.05,9.09,18.43,0.0,0.25,1.9,32.42
1988-11-14,30.72,13.05,21.73,0.0,0.25,-1.14,32.64
1988-11-15,32.8,13.48,23.06,0.0,0.25,-3.19,30.73
1988-11-16,34.72,16.89,25.46,0.0,0.25,-1.84,30.86
1988-11-17,33.8,15.19,23.92,0.0,0.25,5.47,30.77
1988-11-18,27.03,12.02,19.1,0.06,0.24,-0.72,32.52
1988-11-19,28.64,10.05,19.37,0.0,0.24,-2.49,32.4
1988-11-20,31.93,11.8,22.3,0.0,0.24,-1.45,32.95
1988-11-21,35.13,14.61,24.94,0.0,0.24,0.02,21.97
1988-11-22,30.94,17.42,23.82,1.47,0.24,9.22,20.07
1988-11-23,33.48,15.65,25.47,0.21,0.24,6.88,28.34
1988-11-24,33.05,17.92,25.61,0.0,0.24,7.53,31.89
1988-11-25,33.24,17.42,25.54,0.0,0.24,4.55,32.42
1988-11-26,35.63,16.88,26.71,0.0,0.24,4.14,31.18
1988-11-27,37.8,20.63,29.65,0.13,0.24,8.22,27.22
1988-11-28,36.32,20.07,28.12,0.12,0.24,6.94,21.81
1988-11-29,32.56,19.24,25.67,1.71,0.24,11.18,14.26
1988-11-30,33.73,18.67,26.42,1.43,0.24,11.32,25.92
1988-12-01,32.23,18.04,24.96,0.32,0.24,11.46,31.12
1988-12-02,25.99,15.53,20.19,4.77,0.24,10.96,18.02
1988-12-03,27.78,13.16,20.86,1.52,0.25,9.54,28.72
1988-12-04,30.57,15.12,22.9,0.47,0.24,7.89,34.47
1988-12-05,31.6,13.67,22.86,0.0,0.24,2.48,34.39
1988-12-06,32.18,14.97,23.73,0.0,0.24,2.93,34.1
1988-12-07,33.75,15.2,25.02,0.0,0.24,5.49,34.14
1988-12-08,33.98,17.89,25.4,0.01,0.24,8.63,33.2
1988-12-09,30.96,14.42,21.84,0.0,0.23,3.23,34.5
1988-12-10,31.89,13.3,22.85,0.0,0.23,8.73,32.01
1988-12-11,37.4,15.21,26.95,0.0,0.23,3.36,34.19
1988-12-12,40.33,19.54,30.48,0.0,0.23,2.83,34.52
1988-12-13,43.78,20.5,32.1,0.07,0.23,3.17,33.85
1988-12-14,33.67,16.57,23.91,0.0,0.23,8.87,34.48
1988-12-15,30.88,14.89,22.38,0.01,0.23,3.2,34.69
1988-12-16,38.69,14.07,27.52,0.18,0.23,8.42,33.22
1988-12-17,36.75,22.69,30.32,0.72,0.23,13.3,22.1
1988-12-18,34.59,21.62,27.59,0.8,0.23,13.82,17.7
1988-12-19,31.22,19.51,25.07,1.71,0.23,13.96,17.36
1988-12-20,33.0,16.41,24.65,0.0,0.23,6.12,33.86
1988-12-21,33.94,16.67,25.73,0.0,0.23,4.64,34.43
1988-12-22,35.88,16.44,26.66,0.0,0.23,5.82,34.44
1988-12-23,36.63,16.88,26.73,0.0,0.22,7.49,33.97
1988-12-24,37.17,16.92,26.93,0.0,0.22,10.39,33.33
1988-12-25,36.17,19.11,27.37,0.0,0.22,9.63,33.78
1988-12-26,36.15,19.19,27.35,0.72,0.22,11.76,27.57
1988-12-27,37.08,19.79,28.28,9.46,0.23,14.73,16.85
1988-12-28,37.2,20.32,28.17,10.41,0.24,15.05,29.41
1988-12-29,38.03,20.82,29.61,4.34,0.25,12.78,32.34
1988-12-30,33.6,21.36,27.22,1.89,0.25,15.91,23.89
1988-12-31,36.07,22.25,29.19,0.82,0.25,12.93,32.63
1989-01-01,36.07,21.19,28.01,0.1,0.24,13.46,33.08
1989-01-02,33.65,18.98,25.68,0.0,0.24,9.11,33.48
1989-01-03,33.54,16.71,25.18,0.0,0.24,7.4,33.41
1989-01-04,37.46,18.14,28.7,0.49,0.24,8.21,32.96
1989-01-05,35.96,18.59,28.31,1.25,0.24,14.12,25.73
1989-01-06,27.57,14.28,20.49,0.05,0.24,8.2,27.82
1989-01-07,28.12,11.93,19.88,0.0,0.24,4.96,32.78
1989-01-08,30.77,12.52,22.03,0.0,0.23,6.65,32.61
1989-01-09,35.45,16.33,26.38,0.0,0.23,6.26,33.21
1989-01-10,39.24,19.64,29.79,1.52,0.23,7.81,31.81
1989-01-11,39.47,23.01,29.62,1.03,0.23,15.43,21.87
1989-01-12,39.13,21.84,29.56,0.46,0.23,14.74,32.23
1989-01-13,36.51,17.43,26.5,0.0,0.23,10.52,32.64
1989-01-14,34.32,16.23,24.5,0.02,0.23,9.84,29.67
1989-01-15,32.2,17.75,24.62,0.54,0.23,11.71,28.15
1989-01-16,35.08,17.31,27.07,0.0,0.23,11.25,31.62
1989-01-17,38.86,21.56,30.64,0.47,0.23,12.4,32.81
1989-01-18,38.55,25.13,31.82,0.69,0.23,13.04,28.17
1989-01-19,41.46,24.68,33.53,0.39,0.23,12.08,29.22
1989-01-20,42.34,24.35,33.87,0.94,0.23,10.22,19.2
1989-01-21,40.66,25.31,33.44,0.02,0.23,7.46,18.28
1989-01-22,43.09,24.82,34.31,0.0,0.23,5.37,19.01
1989-01-23,43.61,26.7,34.8,0.03,0.22,9.35,25.56
1989-01-24,42.4,23.77,32.85,0.01,0.22,13.03,29.18
1989-01-25,31.83,19.96,27.0,0.0,0.22,13.47,23.47
1989-01-26,28.63,16.53,22.02,0.0,0.22,7.67,32.29
1989-01-27,31.89,13.99,23.34,0.0,0.22,3.01,33.06
1989-01-28,35.09,16.05,25.76,0.0,0.22,1.87,32.17
1989-01-29,37.76,17.66,28.34,0.0,0.22,3.51,31.92
1989-01-30,38.47,20.01,29.62,0.0,0.22,-0.76,31.21
1989-01-31,40.65,20.67,31.09,0.0,0.22,2.18,32.59
1989-02-01,43.47,24.5,34.27,0.0,0.22,5.5,31.53
1989-02-02,45.31,23.89,35.18,0.03,0.22,4.73,31.55
1989-02-03,43.68,23.48,34.2,1.76,0.22,3.89,29.79
1989-02-04,43.1,25.36,33.96,0.0,0.22,2.95,25.45
1989-02-05,38.13,19.12,28.21,0.0,0.22,11.8,31.39
1989-02-06,32.33,17.12,24.07,0.0,0.21,9.03,28.41
1989-02-07,33.41,15.27,24.1,0.0,0.21,6.73,31.72
1989-02-08,36.82,15.85,26.44,0.0,0.21,4.34,29.73
1989-02-09,39.39,19.37,29.41,0.0,0.21,-1.49,29.71
1989-02-10,41.2,19.89,31.41,0.0,0.21,0.77,29.2
1989-02-11,42.21,23.75,32.39,0.05,0.21,3.61,24.43
1989-02-12,39.52,22.06,31.14,0.0,0.21,11.63,29.98
1989-02-13,42.0,25.05,33.27,0.0,0.21,8.88,29.49
1989-02-14,44.08,23.0,34.27,0.0,0.21,8.67,27.5
1989-02-15,44.41,26.81,33.92,0.11,0.21,10.69,19.76
1989-02-16,40.05,22.65,30.66,0.4,0.21,14.47,29.54
1989-02-17,33.64,19.67,25.56,0.01,0.21,11.61,29.31
1989-02-18,35.66,18.15,26.95,0.0,0.21,8.1,28.81
1989-02-19,36.16,22.52,29.17,0.0,0.21,6.61,28.33
1989-02-20,37.86,21.51,30.14,0.0,0.21,7.41,23.81
1989-02-21,37.89,24.49,30.4,0.0,0.21,6.76,24.49
1989-02-22,39.22,22.44,30.56,0.0,0.21,7.06,11.58
1989-02-23,37.25,23.37,30.71,0.51,0.21,11.8,23.65
1989-02-24,31.66,21.73,26.89,13.71,0.22,17.15,9.04
1989-02-25,27.58,19.5,23.08,5.34,0.24,17.71,9.57
1989-02-26,32.13,19.45,25.04,2.38,0.24,16.43,24.14
1989-02-27,33.0,18.2,24.92,0.16,0.24,14.11,26.06
1989-02-28,28.58,16.85,22.2,0.61,0.24,13.31,20.7
1989-03-01,29.8,13.86,22.07,0.0,0.23,7.97,26.63
1989-03-02,35.9,16.22,26.4,0.0,0.23,8.8,28.15
1989-03-03,40.17,23.22,30.99,0.0,0.23,14.75,28.05
1989-03-04,33.63,20.73,26.84,0.01,0.23,17.22,25.96
1989-03-05,36.7,20.4,27.14,0.0,0.23,15.0,18.25
1989-03-06,37.04,19.79,28.05,0.0,0.23,13.14,25.7
1989-03-07,39.0,21.31,29.97,0.0,0.23,11.26,27.15
1989-03-08,37.23,20.28,27.93,0.0,0.22,11.94,27.42
1989-03-09,35.25,18.49,26.05,0.0,0.22,12.48,26.95
1989-03-10,38.58,17.91,28.02,0.0,0.22,10.52,27.04
1989-03-11,39.54,21.47,29.9,2.77,0.22,11.78,25.06
1989-03-12,33.3,21.06,26.08,0.07,0.23,8.03,27.06
1989-03-13,29.89,16.38,22.94,0.01,0.22,4.59,26.67
1989-03-14,30.47,15.65,22.8,0.0,0.22,4.61,26.9
1989-03-15,31.17,15.98,23.29,0.0,0.22,4.61,26.38
1989-03-16,31.38,15.93,23.38,0.0,0.22,3.52,25.75
1989-03-17,31.39,16.62,23.69,0.0,0.22,3.6,25.6
1989-03-18,31.83,15.64,23.88,0.24,0.22,4.98,25.07
1989-03-19,33.2,16.41,24.69,0.0,0.22,3.34,25.47
1989-03-20,35.32,17.26,25.67,0.0,0.22,3.55,25.45
1989-03-21,32.4,16.17,23.7,0.0,0.22,11.01,24.92
1989-03-22,34.08,16.18,24.56,0.0,0.22,7.65,24.88
1989-03-23,35.59,19.18,26.9,0.0,0.22,7.75,24.12
1989-03-24,31.49,17.88,24.24,0.0,0.22,6.21,24.48
1989-03-25,30.24,16.52,22.9,0.13,0.22,2.88,24.36
1989-03-26,31.28,15.62,22.98,0.0,0.22,3.71,23.86
1989-03-27,33.36,16.56,24.68,0.0,0.22,2.44,23.87
1989-03-28,35.48,17.8,26.5,0.0,0.21,4.56,23.65
1989-03-29,36.82,19.36,28.26,0.25,0.21,6.5,22.7
1989-03-30,33.85,22.23,27.24,1.38,0.21,15.72,16.28
1989-03-31,36.76,23.69,29.63,0.85,0.22,16.88,16.06
1989-04-01,31.71,20.94,26.31,0.19,0.22,17.72,18.07
1989-04-02,30.35,18.26,22.87,0.03,0.22,14.61,18.72
1989-04-03,26.56,14.28,20.34,0.56,0.22,11.56,14.95
1989-04-04,24.03,9.88,16.55,0.0,0.22,0.15,22.59
1989-04-05,26.84,10.72,18.69,0.02,0.22,0.39,19.36
1989-04-06,19.88,15.25,17.27,7.1,0.22,6.24,6.05
1989-04-07,32.17,16.02,23.1,0.25,0.23,9.05,17.92
1989-04-08,32.92,18.89,25.21,0.0,0.22,13.02,14.96
1989-04-09,32.69,18.26,23.97,0.0,0.22,15.4,13.49
1989-04-10,26.39,18.24,21.57,0.0,0.22,11.93,16.18
1989-04-11,29.65,13.79,21.36,0.0,0.22,7.91,20.78
1989-04-12,34.79,16.36,24.63,0.0,0.22,7.22,18.51
1989-04-13,30.64,18.3,23.02,0.03,0.22,13.43,13.92
1989-04-14,27.07,18.48,22.01,3.17,0.23,14.27,13.31
1989-04-15,28.79,15.18,21.56,0.01,0.22,8.75,18.67
1989-04-16,28.61,13.77,21.02,0.01,0.22,7.68,19.55
1989-04-17,29.31,14.35,21.52,0.0,0.22,7.29,20.48
1989-04-18,31.72,17.98,24.3,1.06,0.22,12.41,19.11
1989-04-19,31.27,17.71,23.92,0.04,0.22,12.84,19.6
1989-04-20,33.26,16.37,24.24,0.0,0.22,11.46,19.14
1989-04-21,35.46,18.58,26.62,1.04,0.22,9.92,15.69
1989-04-22,35.58,23.24,28.23,0.01,0.22,5.77,19.1
1989-04-23,24.03,15.73,20.5,12.24,0.23,12.26,6.33
1989-04-24,22.81,12.52,16.71,0.21,0.24,7.96,15.64
1989-04-25,24.95,10.24,17.11,0.0,0.24,7.49,17.8
1989-04-26,26.96,11.14,18.8,0.0,0.24,7.77,18.75
1989-04-27,26.5,11.86,18.98,0.0,0.24,7.2,18.26
1989-04-28,25.6,12.61,18.66,0.0,0.23,8.22,17.22
1989-04-29,25.3,10.44,17.77,0.0,0.23,3.34,17.63
1989-04-30,23.66,13.69,16.65,4.17,0.23,6.05,7.34
1989-05-01,22.46,12.36,16.74,4.23,0.25,10.25,14.46
1989-05-02,25.15,11.23,17.33,0.0,0.25,6.78,17.96
1989-05-03,26.27,11.05,18.15,0.0,0.24,8.14,17.46
1989-05-04,26.6,10.77,18.17,0.0,0.24,5.35,17.63
1989-05-05,25.93,11.31,17.99,0.0,0.24,4.16,17.36
1989-05-06,24.76,10.67,17.2,0.0,0.24,4.54,17.52
1989-05-07,25.68,9.88,17.13,0.0,0.24,1.51,17.43
1989-05-08,26.67,10.05,17.54,0.0,0.24,0.95,16.71
1989-05-09,27.93,10.45,18.41,0.0,0.24,0.32,14.9
1989-05-10,28.49,12.26,19.59,0.0,0.24,2.75,16.67
1989-05-11,26.82,10.73,17.94,0.0,0.24,5.1,16.03
1989-05-12,28.73,10.34,18.76,0.0,0.23,4.78,11.2
1989-05-13,29.28,13.26,20.11,0.0,0.23,0.87,15.61
1989-05-14,28.53,14.47,20.15,0.08,0.23,-0.07,16.07
1989-05-15,25.68,15.42,19.33,2.01,0.23,4.37,6.08
1989-05-16,20.68,14.09,17.1,14.05,0.26,12.91,8.79
1989-05-17,23.02,12.73,16.95,0.34,0.26,11.19,14.61
1989-05-18,23.94,9.07,15.78,0.0,0.26,5.87,15.52
1989-05-19,26.5,10.71,17.9,0.0,0.26,6.11,14.54
1989-05-20,27.64,12.45,19.3,0.01,0.25,9.49,9.37
1989-05-21,24.92,14.35,18.93,8.24,0.26,15.25,6.75
1989-05-22,26.72,11.82,18.68,0.93,0.27,10.65,9.1
1989-05-23,23.91,13.03,17.95,6.31,0.27,14.91,6.87
1989-05-24,19.95,8.43,13.44,0.16,0.28,7.83,11.49
1989-05-25,22.23,7.9,14.38,0.0,0.27,4.87,15.12
1989-05-26,25.95,12.34,18.72,17.0,0.28,13.96,5.64
1989-05-27,22.24,14.23,18.18,5.18,0.31,14.02,12.54
1989-05-28,21.04,12.08,16.12,1.61,0.31,11.35,12.56
1989-05-29,22.65,9.11,15.88,1.58,0.3,8.26,14.32
1989-05-30,18.08,11.45,14.28,14.15,0.32,10.56,10.04
1989-05-31,19.58,9.38,14.22,0.14,0.32,10.36,13.74
1989-06-01,22.02,8.55,14.49,0.0,0.32,8.61,14.78
1989-06-02,22.2,7.9,14.4,0.0,0.32,7.23,14.32
1989-06-03,21.72,8.0,14.08,0.0,0.31,5.94,14.33
1989-06-04,21.66,8.07,13.75,0.0,0.31,3.87,13.85
1989-06-05,23.48,7.28,14.64,0.0,0.31,3.11,13.4
1989-06-06,21.14,10.54,14.91,0.76,0.31,5.71,5.59
1989-06-07,19.5,11.7,14.82,0.59,0.31,10.44,6.92
1989-06-08,18.69,7.85,12.88,0.0,0.31,5.37,14.09
1989-06-09,16.64,4.14,9.54,0.0,0.31,-0.27,14.12
1989-06-10,17.73,3.72,10.57,5.63,0.31,2.35,13.3
1989-06-11,20.69,8.87,14.2,2.68,0.32,10.63,7.41
1989-06-12,20.87,12.14,15.39,5.93,0.33,13.35,9.96
1989-06-13,20.07,10.24,13.8,31.66,0.36,12.76,4.42
1989-06-14,15.09,8.16,11.62,1.13,0.38,8.77,7.41
1989-06-15,14.96,6.37,9.38,0.06,0.37,6.0,12.18
1989-06-16,15.0,6.36,10.03,0.02,0.37,6.54,14.05
1989-06-17,17.54,6.46,10.82,0.0,0.36,4.99,11.89
1989-06-18,17.58,3.83,9.84,0.0,0.36,3.01,14.14
1989-06-19,18.02,4.45,10.23,0.0,0.36,4.19,13.05
1989-06-20,19.06,4.17,10.48,0.0,0.36,4.15,13.77
1989-06-21,20.28,4.51,11.24,0.0,0.35,3.59,13.92
1989-06-22,19.36,4.97,10.88,0.0,0.35,1.97,13.93
1989-06-23,18.3,3.45,9.73,0.0,0.35,1.34,14.07
1989-06-24,18.7,2.86,9.56,0.0,0.35,-0.14,13.84
1989-06-25,19.19,3.42,10.5,0.0,0.35,0.21,13.93
1989-06-26,19.26,3.87,10.69,0.0,0.35,-0.1,13.96
1989-06-27,19.17,5.02,11.17,0.07,0.35,0.79,11.11
1989-06-28,16.38,10.09,12.46,3.13,0.35,9.94,7.52
1989-06-29,17.59,7.52,12.29,0.09,0.35,7.9,13.42
1989-06-30,15.96,7.13,11.38,1.61,0.35,5.88,12.38
1989-07-01,17.32,6.5,11.11,0.02,0.35,5.26,12.06
1989-07-02,17.68,8.06,11.7,0.3,0.35,7.08,12.03
1989-07-03,17.53,8.22,12.06,0.23,0.35,7.38,11.85
1989-07-04,16.76,5.22,10.22,0.0,0.34,3.55,14.23
1989-07-05,15.63,0.87,7.38,0.0,0.34,-0.57,14.27
1989-07-06,16.38,1.42,8.47,0.0,0.34,1.71,14.08
1989-07-07,17.72,5.56,10.84,0.4,0.34,2.14,8.05
1989-07-08,14.16,4.51,9.34,0.81,0.34,3.83,14.23
1989-07-09,14.5,2.41,7.7,0.01,0.34,2.11,13.23
1989-07-10,15.45,1.67,7.63,0.01,0.34,0.82,14.62
1989-07-11,17.21,1.15,8.66,0.03,0.34,-0.29,14.61
1989-07-12,18.45,5.03,10.94,0.02,0.34,4.21,13.33
1989-07-13,18.08,5.9,11.81,1.45,0.34,9.02,11.72
1989-07-14,15.84,4.98,11.35,1.56,0.34,6.58,10.77
1989-07-15,16.79,3.21,9.47,0.04,0.34,5.17,13.08
1989-07-16,18.48,6.89,11.13,0.08,0.34,5.29,14.95
1989-07-17,19.03,4.09,10.96,0.0,0.33,3.68,15.09
1989-07-18,18.36,3.58,10.29,0.0,0.33,0.5,15.01
1989-07-19,19.54,3.44,10.86,0.07,0.33,0.82,9.07
1989-07-20,14.9,8.28,11.96,14.16,0.35,10.46,7.45
1989-07-21,13.85,7.19,9.72,0.81,0.36,7.33,11.46
1989-07-22,17.47,8.12,12.51,0.01,0.35,7.96,14.75
1989-07-23,20.02,6.4,12.96,0.0,0.35,5.44,15.48
1989-07-24,21.31,6.64,13.76,0.99,0.35,7.71,14.29
1989-07-25,20.92,9.53,14.48,0.01,0.35,9.87,14.34
1989-07-26,22.19,8.04,14.08,0.08,0.34,8.52,12.85
1989-07-27,19.84,9.76,13.46,4.24,0.35,11.2,6.22
1989-07-28,15.23,8.38,11.29,0.42,0.35,6.61,10.8
1989-07-29,17.72,7.54,11.63,0.79,0.35,7.38,13.7
1989-07-30,18.68,5.35,11.32,0.02,0.35,6.18,14.9
1989-07-31,18.27,4.85,10.69,0.0,0.34,3.75,16.21
1989-08-01,18.51,3.08,10.01,0.0,0.34,1.36,16.23
1989-08-02,17.71,4.03,10.48,0.94,0.34,4.28,14.07
1989-08-03,13.53,4.86,9.01,0.28,0.34,4.8,15.25
1989-08-04,14.94,0.91,7.33,0.0,0.34,0.22,16.92
1989-08-05,16.49,0.21,8.17,0.01,0.34,0.2,17.16
1989-08-06,18.41,3.66,10.72,0.02,0.34,4.36,14.9
1989-08-07,18.98,3.17,10.49,0.0,0.34,2.33,17.33
1989-08-08,20.83,3.51,11.66,0.0,0.33,1.43,17.68
1989-08-09,22.1,4.45,12.54,0.0,0.33,0.87,17.67
1989-08-10,23.5,4.91,13.27,0.0,0.33,-0.02,17.51
1989-08-11,23.45,7.0,14.31,0.0,0.33,2.32,17.94
1989-08-12,24.25,8.31,15.15,0.2,0.33,4.54,16.91
1989-08-13,22.01,9.19,14.53,0.0,0.32,9.09,15.33
1989-08-14,19.73,5.5,12.02,0.0,0.32,5.14,18.09
1989-08-15,21.74,6.37,12.81,0.0,0.32,2.27,18.91
1989-08-16,25.03,5.98,14.77,0.01,0.32,-0.42,17.94
1989-08-17,26.3,9.05,16.65,0.78,0.32,2.62,10.74
1989-08-18,16.58,7.34,13.23,6.07,0.33,8.81,12.31
1989-08-19,19.36,4.08,11.23,0.0,0.33,3.63,18.91
1989-08-20,20.94,6.37,12.53,0.01,0.32,4.63,18.76
1989-08-21,20.76,7.12,13.17,0.0,0.32,5.45,17.47
1989-08-22,21.07,5.65,12.27,0.0,0.32,-0.75,20.14
1989-08-23,24.03,4.2,13.21,0.09,0.32,-0.27,19.1
1989-08-24,21.51,9.79,14.85,0.81,0.32,10.67,9.77
1989-08-25,20.6,6.68,12.71,0.01,0.31,4.95,17.93
1989-08-26,20.25,4.53,11.76,0.0,0.31,2.46,20.44
1989-08-27,20.99,5.05,12.31,0.04,0.31,6.12,17.3
1989-08-28,21.19,7.04,13.46,0.25,0.31,6.96,15.87
1989-08-29,18.67,6.8,12.63,0.78,0.31,7.72,15.21
1989-08-30,18.54,6.04,11.98,0.08,0.31,5.29,17.54
1989-08-31,22.86,5.4,13.81,0.0,0.31,3.43,21.02
1989-09-01,23.59,7.74,14.98,0.0,0.31,7.46,20.38
1989-09-02,24.67,9.09,16.18,0.05,0.31,9.78,19.78
1989-09-03,30.05,8.41,18.09,0.0,0.3,6.11,21.35
1989-09-04,30.94,11.09,19.32,0.02,0.3,6.05,21.68
1989-09-05,26.66,10.32,17.93,0.0,0.3,10.19,18.77
1989-09-06,25.44,12.99,18.09,0.2,0.3,9.9,18.13
1989-09-07,20.22,10.27,14.6,0.46,0.3,8.15,17.33
1989-09-08,22.84,8.8,15.14,0.13,0.3,9.58,15.79
1989-09-09,25.03,7.51,15.39,0.0,0.3,8.89,22.41
1989-09-10,24.28,8.88,15.38,0.01,0.29,6.35,21.85
1989-09-11,26.4,6.83,16.03,0.0,0.29,3.15,22.77
1989-09-12,26.95,8.52,17.22,0.0,0.29,1.48,23.21
1989-09-13,27.5,8.6,17.6,0.01,0.29,0.01,23.46
1989-09-14,26.42,9.22,16.82,0.32,0.29,4.79,23.56
1989-09-15,20.97,7.7,13.94,0.23,0.29,4.86,22.2
1989-09-16,22.15,5.27,13.66,0.0,0.29,1.77,23.62
1989-09-17,24.57,7.52,14.97,2.46,0.29,6.1,18.08
1989-09-18,22.58,10.19,15.15,0.5,0.29,6.96,20.22
1989-09-19,23.02,7.79,14.97,0.11,0.29,8.46,21.58
1989-09-20,22.53,11.73,15.72,1.4,0.29,8.83,21.39
1989-09-21,20.33,11.06,15.21,0.46,0.29,9.49,15.7
1989-09-22,26.16,9.09,16.82,0.06,0.29,8.97,20.65
1989-09-23,23.1,9.11,15.58,0.28,0.28,8.34,20.64
1989-09-24,22.41,7.71,14.31,0.16,0.28,5.28,24.66
1989-09-25,23.97,6.53,14.59,0.0,0.28,0.98,26.0
1989-09-26,30.04,7.94,18.21,0.03,0.28,-1.07,25.91
1989-09-27,25.63,8.38,16.37,0.25,0.28,8.39,24.53
1989-09-28,20.55,9.44,14.48,0.7,0.28,6.23,23.46
1989-09-29,23.01,7.67,14.69,0.0,0.28,4.94,22.55
1989-09-30,22.56,6.45,14.74,0.04,0.28,4.37,19.99
1989-10-01,27.5,7.32,16.81,0.73,0.27,5.53,25.5
1989-10-02,17.91,8.85,12.95,1.57,0.28,5.04,19.12
1989-10-03,23.21,7.07,14.66,0.06,0.28,6.15,19.98
1989-10-04,25.76,7.5,16.05,0.01,0.27,8.26,24.15
1989-10-05,28.81,9.35,17.84,0.01,0.27,9.15,25.72
1989-10-06,21.47,7.84,15.02,0.46,0.27,7.98,19.26
1989-10-07,23.91,5.24,14.37,0.01,0.27,3.62,25.91
1989-10-08,25.57,6.66,15.83,0.0,0.27,5.07,26.97
1989-10-09,28.52,7.49,17.58,0.02,0.27,3.48,27.56
1989-10-10,29.92,8.73,18.3,0.0,0.27,6.37,27.06
1989-10-11,26.12,9.64,17.04,0.0,0.27,7.35,24.18
1989-10-12,25.36,8.33,16.14,0.0,0.26,7.65,25.19
1989-10-13,27.09,9.89,17.73,0.0,0.26,6.69,25.56
1989-10-14,23.65,9.26,16.03,0.01,0.26,7.45,22.14
1989-10-15,27.26,5.71,16.51,0.0,0.26,-2.82,28.04
1989-10-16,28.48,9.29,18.15,0.01,0.26,4.07,24.22
1989-10-17,25.3,11.44,18.04,1.72,0.26,11.25,20.17
1989-10-18,23.65,12.5,17.17,1.77,0.26,10.26,21.6
1989-10-19,25.57,8.15,16.7,0.0,0.26,2.46,29.09
1989-10-20,28.61,7.77,17.74,0.0,0.26,3.42,29.43
1989-10-21,25.81,9.94,17.3,0.0,0.26,6.33,24.13
1989-10-22,27.59,8.81,18.16,0.03,0.26,4.05,29.5
1989-10-23,28.87,12.09,20.6,0.0,0.26,4.27,28.47
1989-10-24,31.04,12.22,20.43,0.01,0.25,6.92,29.74
1989-10-25,22.31,10.03,15.76,0.19,0.25,4.84,24.94
1989-10-26,24.0,7.45,15.58,0.0,0.25,0.19,30.17
1989-10-27,28.79,6.88,18.15,0.01,0.25,0.9,30.43
1989-10-28,27.8,9.67,17.73,0.0,0.25,6.15,30.86
1989-10-29,19.67,9.71,14.84,2.13,0.25,7.88,16.08
1989-10-30,23.19,5.61,14.6,0.02,0.25,2.1,29.77
1989-10-31,27.8,7.78,18.09,0.0,0.25,0.8,31.22
1989-11-01,33.51,11.15,22.56,0.0,0.25,-2.91,30.76
1989-11-02,36.82,15.89,26.28,0.21,0.25,0.74,19.28
1989-11-03,30.22,14.37,21.44,0.01,0.25,10.03,28.16
1989-11-04,27.73,11.6,19.1,0.0,0.25,2.79,31.13
1989-11-05,29.3,10.45,19.67,0.38,0.24,-3.55,31.69
1989-11-06,34.24,12.97,22.64,0.0,0.24,-2.24,30.27
1989-11-07,34.04,17.29,26.04,0.19,0.24,8.21,30.52
1989-11-08,36.27,19.19,27.55,0.07,0.24,6.59,27.01
1989-11-09,31.21,16.39,22.09,0.07,0.24,11.46,31.72
1989-11-10,27.84,15.01,20.07,0.04,0.24,9.17,27.32
1989-11-11,26.29,11.77,18.5,0.12,0.24,9.23,23.75
1989-11-12,28.1,11.41,19.04,0.02,0.24,9.05,24.76
1989-11-13,26.91,11.2,18.97,0.12,0.24,9.78,22.37
1989-11-14,29.04,12.28,21.18,0.0,0.24,8.04,28.68
1989-11-15,29.77,14.68,22.81,0.0,0.24,5.84,30.33
1989-11-16,31.14,14.72,23.32,0.0,0.24,4.79,32.08
1989-11-17,32.29,15.88,24.26,0.0,0.23,3.47,32.91
1989-11-18,33.44,16.19,24.83,0.0,0.23,0.8,32.43
1989-11-19,36.12,17.07,26.9,0.0,0.23,-2.08,32.35
1989-11-20,40.55,17.15,29.52,0.0,0.23,-0.6,33.35
1989-11-21,37.59,19.59,27.81,0.0,0.23,3.92,34.04
1989-11-22,30.97,14.78,22.61,0.0,0.23,7.61,32.6
1989-11-23,34.16,13.73,24.3,0.0,0.23,3.28,32.49
1989-11-24,38.73,17.22,26.37,0.0,0.23,3.71,32.11
1989-11-25,34.54,15.8,23.92,0.0,0.23,9.36,30.47
1989-11-26,34.67,14.91,23.38,0.0,0.23,10.16,28.35
1989-11-27,26.92,16.81,21.22,0.0,0.23,10.68,22.05
1989-11-28,32.28,12.81,22.34,0.0,0.23,6.1,32.36
1989-11-29,35.79,12.94,24.18,0.0,0.22,4.8,32.65
1989-11-30,32.82,14.19,22.45,0.0,0.22,8.56,33.13
1989-12-01,29.11,13.55,20.94,0.0,0.22,3.79,32.32
1989-12-02,34.35,12.44,23.61,0.0,0.22,2.08,31.79
1989-12-03,37.19,14.05,25.39,0.0,0.22,5.75,31.83
1989-12-04,35.42,14.5,25.04,0.0,0.22,7.32,33.56
1989-12-05,39.03,15.11,26.95,0.0,0.22,6.44,34.16
1989-12-06,38.78,14.8,26.83,0.0,0.22,5.43,34.11
1989-12-07,40.02,16.66,26.65,0.0,0.22,8.74,33.95
1989-12-08,31.35,16.01,22.7,0.01,0.22,8.73,30.04
1989-12-09,34.57,13.36,23.81,0.0,0.22,3.83,32.79
1989-12-10,35.1,13.28,24.07,0.0,0.22,6.08,33.21
1989-12-11,37.3,15.55,26.32,0.0,0.22,8.04,33.48
1989-12-12,38.6,16.14,27.52,0.0,0.22,8.32,33.52
1989-12-13,38.75,20.0,29.49,0.03,0.21,6.86,33.79
1989-12-14,39.81,21.38,30.79,0.17,0.21,10.57,28.07
1989-12-15,35.69,17.89,25.31,0.01,0.21,11.81,33.54
1989-12-16,31.41,16.95,23.31,0.0,0.21,11.21,26.37
1989-12-17,31.72,13.94,22.94,0.0,0.21,1.38,34.58
1989-12-18,35.76,13.33,25.36,0.0,0.21,-1.87,34.76
1989-12-19,36.39,17.75,27.39,0.0,0.21,-2.98,32.13
1989-12-20,41.1,20.46,30.72,0.0,0.21,-0.8,33.03
1989-12-21,32.95,18.31,24.93,0.0,0.21,10.59,21.89
1989-12-22,31.0,15.32,21.93,0.0,0.21,8.18,33.21
1989-12-23,28.84,12.27,20.02,0.0,0.21,8.38,33.34
1989-12-24,30.12,15.46,22.27,0.03,0.21,11.71,26.0
1989-12-25,34.33,15.22,24.82,0.0,0.21,6.92,33.65
1989-12-26,42.9,18.97,30.68,0.0,0.21,1.78,33.51
1989-12-27,35.47,17.32,25.03,0.0,0.21,10.31,33.89
1989-12-28,30.29,17.78,23.73,0.02,0.21,12.65,18.94
1989-12-29,36.48,17.84,25.72,0.0,0.21,6.25,25.93
1989-12-30,32.33,15.64,22.96,0.0,0.21,8.49,16.94
1989-12-31,35.5,16.27,26.15,0.0,0.21,7.0,28.44
1990-01-01,39.56,19.28,28.27,0.0,0.21,5.82,33.33
1990-01-02,33.68,16.37,24.4,0.0,0.21,9.92,33.33
1990-01-03,37.76,16.55,27.74,0.0,0.21,8.36,19.88
1990-01-04,39.62,21.89,30.61,0.0,0.21,11.08,33.06
1990-01-05,31.2,19.31,25.03,0.04,0.21,9.35,29.57
1990-01-06,35.29,17.23,26.12,0.0,0.21,8.12,31.93
1990-01-07,33.33,22.71,27.09,0.0,0.21,9.74,29.85
1990-01-08,41.39,21.29,30.77,0.0,0.21,9.41,31.85
1990-01-09,32.95,14.6,23.19,0.0,0.2,11.86,29.66
1990-01-10,26.9,13.41,19.72,0.0,0.2,4.09,31.97
1990-01-11,34.26,12.37,23.72,0.0,0.2,1.87,32.64
1990-01-12,41.38,15.67,29.13,0.0,0.2,1.42,32.33
1990-01-13,42.89,20.58,31.92,0.03,0.2,6.15,33.37
1990-01-14,43.95,20.71,31.93,0.02,0.2,8.69,33.29
1990-01-15,44.17,22.34,32.59,0.07,0.2,12.61,30.49
1990-01-16,37.5,21.15,28.99,0.19,0.2,10.86,28.16
1990-01-17,37.75,17.39,28.26,0.28,0.2,9.98,30.95
1990-01-18,38.22,24.46,31.24,0.94,0.2,11.4,28.31
1990-01-19,34.84,21.93,28.67,1.05,0.21,8.77,23.68
1990-01-20,38.38,22.73,30.91,5.07,0.21,13.26,28.3
1990-01-21,42.23,25.6,33.32,0.3,0.21,17.78,32.23
1990-01-22,39.48,22.92,30.06,0.03,0.21,17.48,31.57
1990-01-23,33.8,19.67,25.79,0.04,0.21,10.27,29.36
1990-01-24,35.48,18.62,27.22,0.0,0.21,9.21,33.14
1990-01-25,34.17,23.18,28.73,0.2,0.21,11.01,30.28
1990-01-26,35.2,20.2,27.94,5.34,0.21,12.34,20.25
1990-01-27,28.83,19.97,24.14,24.6,0.23,18.06,11.03
1990-01-28,28.62,19.82,24.02,28.51,0.29,20.76,9.88
1990-01-29,28.32,17.31,22.35,2.36,0.31,15.53,15.16
1990-01-30,27.79,13.57,20.28,0.0,0.29,6.06,31.27
1990-01-31,31.6,11.93,21.47,0.0,0.29,1.12,32.1
1990-02-01,32.86,14.3,23.8,0.0,0.28,3.13,32.83
1990-02-02,33.01,16.84,25.0,0.0,0.28,4.24,32.65
1990-02-03,33.86,16.41,25.44,0.0,0.27,2.5,31.85
1990-02-04,33.87,16.78,25.77,0.21,0.27,4.86,31.72
1990-02-05,36.15,17.57,27.26,0.0,0.27,4.23,29.8
1990-02-06,38.21,20.65,28.88,0.2,0.26,6.5,23.98
1990-02-07,40.24,20.99,29.73,0.18,0.26,8.06,24.27
1990-02-08,37.79,19.9,28.03,1.91,0.26,11.16,16.68
1990-02-09,29.56,21.2,25.02,8.14,0.27,15.8,15.31
1990-02-10,30.5,19.28,24.09,6.18,0.28,15.69,22.02
1990-02-11,35.52,18.07,25.96,0.51,0.28,14.16,23.2
1990-02-12,28.22,18.92,22.89,3.59,0.28,15.03,19.66
1990-02-13,28.63,15.73,21.83,0.71,0.28,13.5,25.24
1990-02-14,27.39,12.92,19.77,1.15,0.28,11.94,25.83
1990-02-15,23.84,12.89,17.66,0.2,0.28,6.01,23.37
1990-02-16,26.36,9.84,18.22,0.0,0.28,3.45,30.09
1990-02-17,30.14,11.65,21.31,0.0,0.27,5.34,30.2
1990-02-18,35.2,15.1,24.78,0.0,0.27,6.69,28.4
1990-02-19,38.12,18.84,28.59,0.19,0.27,11.67,29.09
1990-02-20,38.54,19.13,28.48,0.0,0.27,12.22,28.13
1990-02-21,37.48,19.6,28.45,0.03,0.27,12.31,24.48
1990-02-22,37.37,20.65,29.18,0.21,0.26,12.51,23.71
1990-02-23,37.96,22.56,29.29,1.07,0.26,16.0,22.6
1990-02-24,37.24,20.95,29.23,0.87,0.26,12.43,28.13
1990-02-25,36.78,21.95,29.44,0.0,0.26,13.86,28.13
1990-02-26,38.65,22.52,31.08,0.52,0.26,12.97,27.44
1990-02-27,40.13,26.53,32.81,0.16,0.26,15.18,25.16
1990-02-28,40.83,23.81,32.42,0.04,0.26,15.24,26.73
1990-03-01,41.74,23.53,32.19,0.15,0.26,14.77,19.61
1990-03-02,40.55,23.25,31.45,0.14,0.25,14.97,18.67
1990-03-03,43.67,23.53,32.98,0.21,0.25,15.71,23.59
1990-03-04,36.38,26.05,30.42,0.08,0.25,17.63,16.62
1990-03-05,41.57,27.32,34.01,0.0,0.25,16.07,27.3
1990-03-06,39.92,24.22,31.16,0.03,0.25,19.85,27.31
1990-03-07,38.93,21.8,29.48,0.0,0.25,15.38,22.75
1990-03-08,31.52,19.79,25.37,0.38,0.25,10.81,12.87
1990-03-09,33.06,21.21,26.2,0.73,0.25,14.04,16.16
1990-03-10,36.48,19.46,27.9,0.14,0.25,15.93,25.02
1990-03-11,34.86,22.63,28.37,2.74,0.25,17.6,23.84
1990-03-12,31.1,22.82,26.17,7.18,0.26,19.58,11.97
1990-03-13,36.16,21.41,27.83,0.0,0.26,13.86,26.12
1990-03-14,34.08,19.82,26.52,0.0,0.26,11.24,25.63
1990-03-15,33.39,17.7,25.31,0.05,0.26,6.89,25.27
1990-03-16,35.92,18.27,26.44,0.0,0.25,8.17,23.96
1990-03-17,37.43,17.99,27.29,0.1,0.25,9.51,25.19
1990-03-18,36.6,23.79,29.29,0.05,0.25,9.01,16.47
1990-03-19,38.92,20.73,29.06,0.0,0.25,8.17,23.76
1990-03-20,38.29,20.31,27.92,0.0,0.25,12.79,24.09
1990-03-21,32.78,16.76,23.72,0.0,0.25,9.17,25.1
1990-03-22,29.87,15.08,22.11,0.0,0.25,10.94,25.03
1990-03-23,31.27,14.62,22.85,0.0,0.24,7.28,25.11
1990-03-24,32.73,16.03,24.36,0.0,0.24,2.78,23.91
1990-03-25,29.25,12.88,19.79,0.25,0.24,11.1,20.15
1990-03-26,23.16,11.18,16.53,0.01,0.24,5.12,21.73
1990-03-27,27.75,10.09,18.49,0.0,0.24,2.08,23.8
1990-03-28,33.18,12.43,22.52,0.0,0.24,-0.41,23.75
1990-03-29,36.26,16.31,25.99,0.03,0.24,1.67,23.25
1990-03-30,38.11,19.95,27.95,0.05,0.24,1.84,11.28
1990-03-31,40.17,20.08,29.6,0.08,0.24,4.08,18.1
1990-04-01,32.14,22.71,26.72,0.29,0.24,11.65,8.25
1990-04-02,32.37,18.38,24.52,1.1,0.24,13.87,13.28
1990-04-03,28.54,15.1,20.68,0.0,0.24,11.77,21.79
1990-04-04,25.56,13.53,18.74,0.0,0.24,8.29,21.79
1990-04-05,25.84,10.33,17.73,0.0,0.24,3.25,21.96
1990-04-06,29.4,10.52,19.66,0.0,0.24,1.22,21.89
1990-04-07,30.23,14.23,21.84,0.0,0.23,3.48,21.8
1990-04-08,32.55,16.92,24.15,0.41,0.23,7.34,21.89
1990-04-09,31.36,17.96,24.02,0.54,0.23,9.59,17.45
1990-04-10,28.7,17.65,22.59,6.09,0.24,14.09,7.53
1990-04-11,27.94,16.37,21.81,1.07,0.25,14.52,15.79
1990-04-12,23.21,13.05,17.6,0.18,0.24,9.43,18.05
1990-04-13,24.2,9.17,16.46,0.0,0.24,3.65,20.71
1990-04-14,25.55,8.6,16.74,0.0,0.24,0.44,21.21
1990-04-15,26.04,10.31,17.82,0.0,0.24,0.75,20.86
1990-04-16,26.11,11.94,18.56,0.0,0.24,2.4,20.52
1990-04-17,27.58,11.91,19.28,0.0,0.24,2.04,20.19
1990-04-18,30.25,13.08,21.51,0.02,0.24,2.37,19.52
1990-04-19,29.93,16.69,22.57,6.8,0.24,8.55,15.71
1990-04-20,27.3,17.23,21.35,3.97,0.26,15.1,14.03
1990-04-21,28.69,15.13,21.23,2.89,0.25,14.32,18.01
1990-04-22,23.02,15.68,18.97,6.95,0.27,12.12,17.62
1990-04-23,24.64,14.56,18.54,0.76,0.27,11.04,14.32
1990-04-24,24.55,14.06,18.84,1.14,0.26,12.0,13.32
1990-04-25,28.97,12.31,19.84,0.0,0.26,8.22,18.51
1990-04-26,26.32,12.69,19.04,0.69,0.26,13.11,14.96
1990-04-27,25.61,15.64,19.47,0.06,0.26,11.93,14.49
1990-04-28,25.4,11.32,17.88,0.02,0.26,9.02,18.2
1990-04-29,26.09,10.76,17.61,0.0,0.26,6.9,17.69
1990-04-30,26.75,10.73,17.5,0.0,0.26,7.62,17.28
1990-05-01,26.67,12.01,18.1,0.57,0.26,9.09,17.34
1990-05-02,34.57,13.82,22.43,0.0,0.26,6.2,17.53
1990-05-03,27.63,15.79,20.7,0.0,0.26,12.48,12.93
1990-05-04,27.85,15.78,20.68,0.04,0.25,15.03,10.83
1990-05-05,23.03,12.56,16.46,0.0,0.25,5.6,14.42
1990-05-06,28.28,9.94,18.46,0.0,0.25,6.58,16.43
1990-05-07,27.77,12.48,19.14,0.0,0.25,7.59,16.57
1990-05-08,25.95,9.47,17.11,0.0,0.25,9.7,16.25
1990-05-09,24.66,10.74,16.98,0.01,0.25,9.57,16.18
1990-05-10,28.91,10.49,18.65,0.0,0.25,5.86,13.54
1990-05-11,26.0,13.75,19.02,0.49,0.25,6.49,13.45
1990-05-12,25.89,14.89,19.09,0.42,0.25,9.62,8.05
1990-05-13,19.66,10.41,14.92,2.35,0.26,8.9,11.36
1990-05-14,17.32,9.96,13.4,7.61,0.27,9.54,10.41
1990-05-15,20.91,9.71,14.96,0.76,0.27,10.02,9.31
1990-05-16,23.27,11.59,16.32,1.11,0.27,10.52,15.1
1990-05-17,24.1,9.61,16.33,0.59,0.27,7.94,15.22
1990-05-18,22.73,10.66,16.02,1.72,0.27,8.49,10.3
1990-05-19,23.03,9.3,15.89,1.24,0.27,8.41,13.2
1990-05-20,22.0,10.25,15.42,0.58,0.27,7.49,14.43
1990-05-21,20.5,8.1,13.65,0.0,0.27,5.31,15.12
1990-05-22,20.17,7.26,13.1,0.0,0.27,3.89,15.3
1990-05-23,21.15,7.01,13.23,0.01,0.26,2.4,14.96
1990-05-24,21.59,6.48,13.23,0.63,0.26,0.18,14.47
1990-05-25,24.44,8.19,15.32,0.03,0.26,0.18,13.54
1990-05-26,20.35,11.64,14.53,4.76,0.27,4.41,8.65
1990-05-27,20.63,12.31,16.13,5.49,0.28,12.56,7.99
1990-05-28,16.85,10.66,13.4,1.87,0.28,8.6,11.29
1990-05-29,17.83,7.8,11.99,1.14,0.28,6.56,14.28
1990-05-30,19.17,5.03,11.4,0.0,0.28,2.87,14.4
1990-05-31,21.77,5.07,12.61,0.46,0.28,0.4,14.08
1990-06-01,22.58,5.61,13.1,0.0,0.28,-0.8,14.39
1990-06-02,21.65,5.87,12.74,0.0,0.28,-1.23,14.36
1990-06-03,20.57,5.3,11.95,0.01,0.27,-2.28,14.46
1990-06-04,24.29,4.59,13.43,0.0,0.27,-0.19,14.26
1990-06-05,26.14,9.15,17.02,3.18,0.28,6.88,8.92
1990-06-06,18.01,10.42,15.08,22.76,0.31,12.84,6.61
1990-06-07,19.29,8.07,13.43,0.04,0.32,8.85,9.92
1990-06-08,17.88,9.27,13.85,1.31,0.31,9.56,10.65
1990-06-09,19.9,6.34,12.84,0.06,0.31,7.31,10.47
1990-06-10,19.74,7.42,13.42,1.56,0.31,8.72,10.55
1990-06-11,18.41,6.83,11.6,0.22,0.31,5.81,13.2
1990-06-12,18.8,4.49,11.28,0.0,0.31,3.63,14.21
1990-06-13,20.2,3.56,10.91,0.89,0.31,3.0,14.18
1990-06-14,15.08,7.7,11.11,6.68,0.32,8.89,12.2
1990-06-15,15.82,5.8,9.77,0.16,0.32,4.68,14.09
1990-06-16,16.77,3.51,9.15,0.0,0.31,2.63,14.08
1990-06-17,18.58,3.07,9.81,0.0,0.31,1.41,14.14
1990-06-18,19.12,4.09,10.47,0.01,0.31,1.19,14.21
1990-06-19,18.62,4.79,11.04,1.01,0.31,2.73,7.74
1990-06-20,18.8,6.05,11.78,0.02,0.31,0.34,12.13
1990-06-21,19.46,3.61,10.1,0.0,0.31,-0.57,14.08
1990-06-22,19.87,3.81,10.89,0.02,0.31,-1.56,14.13
1990-06-23,19.07,3.47,10.84,0.03,0.31,3.24,12.12
1990-06-24,15.26,3.36,8.43,0.0,0.31,0.0,14.05
1990-06-25,16.77,1.55,8.16,0.04,0.3,-1.01,14.05
1990-06-26,16.57,1.18,7.98,0.0,0.3,-0.83,14.08
1990-06-27,16.11,1.24,7.66,0.0,0.3,-0.85,14.19
1990-06-28,18.28,1.52,8.57,0.04,0.3,-1.54,14.25
1990-06-29,15.8,0.73,8.58,0.39,0.3,2.96,12.36
1990-06-30,13.54,0.85,6.29,0.0,0.3,0.36,14.02
1990-07-01,14.89,0.44,6.84,0.0,0.3,0.83,13.92
1990-07-02,16.24,1.47,7.64,0.0,0.3,0.68,14.15
1990-07-03,16.72,0.91,8.23,0.0,0.3,-0.31,13.73
1990-07-04,17.47,4.34,10.18,0.0,0.3,2.12,10.99
1990-07-05,18.8,6.8,11.74,0.0,0.3,3.4,11.33
1990-07-06,15.83,7.82,10.91,0.02,0.3,4.57,8.14
1990-07-07,19.67,5.38,11.85,0.04,0.3,5.53,9.4
1990-07-08,22.11,6.83,13.12,0.0,0.3,6.6,14.18
1990-07-09,21.67,8.64,14.12,0.21,0.3,8.06,12.16
1990-07-10,16.66,9.54,12.78,8.64,0.31,9.32,11.97
1990-07-11,17.77,8.38,12.82,1.82,0.31,7.94,10.89
1990-07-12,17.06,10.17,13.45,10.16,0.31,9.9,7.72
1990-07-13,16.84,7.88,11.59,1.46,0.33,7.54,11.27
1990-07-14,17.69,7.87,12.55,0.46,0.33,7.09,10.78
1990-07-15,16.99,11.27,13.34,3.9,0.33,11.15,11.12
1990-07-16,16.87,10.77,13.2,3.45,0.33,9.83,12.48
1990-07-17,16.88,6.49,11.59,0.73,0.33,6.29,12.21
1990-07-18,17.7,5.12,10.9,0.0,0.33,3.36,14.23
1990-07-19,18.73,6.92,11.52,0.04,0.33,6.66,11.41
1990-07-20,19.81,8.56,13.09,1.46,0.33,10.33,10.92
1990-07-21,18.55,7.4,12.54,3.7,0.33,10.38,9.5
1990-07-22,15.92,7.0,11.83,1.99,0.33,8.15,12.17
1990-07-23,14.05,6.78,10.87,3.8,0.34,7.28,11.86
1990-07-24,15.27,5.69,9.85,1.18,0.34,6.25,11.63
1990-07-25,12.89,2.84,8.36,1.4,0.34,2.57,15.69
1990-07-26,14.53,-0.15,6.4,0.0,0.33,-1.14,16.05
1990-07-27,15.81,-0.28,6.9,0.06,0.33,-1.92,16.25
1990-07-28,16.76,0.24,7.57,0.15,0.33,-1.48,16.16
1990-07-29,17.68,0.79,8.9,0.0,0.33,-1.42,16.3
1990-07-30,18.43,4.75,10.5,0.0,0.33,1.28,16.29
1990-07-31,20.58,3.05,11.05,0.75,0.33,-0.21,16.31
1990-08-01,18.96,8.75,13.9,0.66,0.32,5.56,7.69
1990-08-02,15.67,9.88,13.43,16.07,0.35,11.62,6.94
1990-08-03,16.91,8.35,12.08,0.47,0.35,7.75,11.56
1990-08-04,16.47,5.56,11.55,0.66,0.35,6.86,13.63
1990-08-05,16.95,3.38,9.59,0.06,0.35,4.14,15.57
1990-08-06,16.93,4.47,10.18,1.69,0.34,3.09,5.88
1990-08-07,16.71,3.21,9.53,0.16,0.34,3.58,17.09
1990-08-08,17.96,2.17,9.44,0.0,0.34,1.64,15.82
1990-08-09,21.72,3.21,11.3,0.01,0.34,2.94,16.58
1990-08-10,19.26,6.72,12.06,0.55,0.34,7.16,14.73
1990-08-11,17.99,6.68,11.97,0.1,0.34,6.93,12.44
1990-08-12,18.02,8.32,12.4,0.48,0.34,7.05,14.77
1990-08-13,17.83,7.12,11.85,0.56,0.34,7.25,15.26
1990-08-14,18.28,5.2,11.1,0.12,0.33,5.66,11.46
1990-08-15,17.8,3.37,10.22,0.27,0.33,0.46,16.6
1990-08-16,16.91,6.72,11.33,2.15,0.33,6.45,7.97
1990-08-17,19.81,7.94,13.03,0.48,0.33,8.72,15.27
1990-08-18,18.83,8.18,12.77,1.85,0.33,8.47,13.16
1990-08-19,17.62,5.12,10.66,0.05,0.33,4.26,16.72
1990-08-20,17.82,4.04,10.18,0.0,0.33,3.14,18.85
1990-08-21,18.97,5.62,11.19,0.15,0.33,3.1,20.12
1990-08-22,17.51,4.93,10.6,0.2,0.33,3.61,15.97
1990-08-23,19.33,4.07,11.55,0.05,0.33,3.12,12.97
1990-08-24,15.34,8.09,11.21,4.46,0.33,7.71,3.37
1990-08-25,14.89,7.25,10.94,2.9,0.34,7.39,8.14
1990-08-26,20.22,4.77,11.95,0.18,0.33,7.42,11.91
1990-08-27,19.26,7.1,12.76,1.9,0.33,8.96,14.43
1990-08-28,17.88,8.32,12.56,1.65,0.33,7.15,14.74
1990-08-29,18.79,6.39,11.71,0.05,0.33,5.66,11.82
1990-08-30,19.19,6.22,11.88,0.01,0.33,5.93,17.73
1990-08-31,21.49,4.9,12.78,0.0,0.33,4.19,21.53
1990-09-01,22.27,6.14,13.32,0.0,0.33,4.15,21.16
1990-09-02,24.23,6.18,14.65,0.0,0.32,2.56,21.16
1990-09-03,25.93,7.42,15.86,0.0,0.32,0.61,21.15
1990-09-04,27.88,7.64,17.16,0.0,0.32,0.33,21.63
1990-09-05,28.94,8.56,18.59,0.0,0.32,-0.09,21.75
1990-09-06,29.02,9.14,18.18,0.09,0.31,1.28,20.76
1990-09-07,22.56,10.47,15.66,4.22,0.31,12.41,9.54
1990-09-08,21.17,7.96,13.87,0.01,0.32,6.83,19.85
1990-09-09,19.92,6.44,12.97,0.74,0.32,7.01,17.73
1990-09-10,17.64,6.64,11.48,0.31,0.31,3.64,22.37
1990-09-11,20.6,2.65,11.16,0.0,0.31,-0.16,22.89
1990-09-12,23.31,4.71,13.49,0.0,0.31,-0.57,23.05
1990-09-13,25.39,6.82,15.34,0.0,0.31,-0.55,23.06
1990-09-14,28.23,7.44,17.4,0.01,0.3,-0.53,23.33
1990-09-15,25.25,9.2,16.49,0.36,0.3,5.04,17.67
1990-09-16,23.32,7.45,14.8,0.0,0.3,8.35,19.98
1990-09-17,22.82,9.23,14.93,0.65,0.3,9.92,15.2
1990-09-18,22.68,8.24,14.34,0.23,0.3,6.99,18.73
1990-09-19,21.21,5.91,13.42,0.03,0.3,6.64,18.1
1990-09-20,21.02,6.03,13.02,0.0,0.3,1.96,23.16
1990-09-21,27.26,4.77,15.34,0.0,0.3,0.55,24.4
1990-09-22,21.63,7.72,14.44,0.63,0.29,9.12,21.83
1990-09-23,22.81,11.78,16.6,3.21,0.3,11.89,17.43
1990-09-24,18.32,6.66,13.53,2.58,0.3,6.73,18.84
1990-09-25,22.22,4.31,13.01,0.0,0.3,4.02,25.59
1990-09-26,26.26,6.67,15.95,0.0,0.3,3.47,25.84
1990-09-27,29.85,7.18,18.19,0.24,0.29,0.31,26.17
1990-09-28,32.04,10.05,20.71,0.06,0.29,-1.01,26.59
1990-09-29,32.62,13.92,22.44,0.93,0.29,6.41,18.55
1990-09-30,32.22,14.23,22.19,0.08,0.29,12.14,22.78
1990-10-01,30.45,12.11,20.53,0.01,0.29,10.82,23.82
1990-10-02,29.25,11.84,19.84,0.07,0.29,10.82,25.32
1990-10-03,29.76,11.43,20.55,0.0,0.28,9.32,24.15
1990-10-04,26.16,14.26,19.18,0.02,0.28,7.12,24.55
1990-10-05,22.45,11.89,16.36,23.2,0.3,10.92,20.22
1990-10-06,18.92,11.35,14.67,5.54,0.33,10.82,16.09
1990-10-07,25.24,8.93,16.56,0.05,0.32,9.15,15.49
1990-10-08,27.96,8.77,17.64,0.4,0.32,7.79,27.05
1990-10-09,22.28,10.32,16.0,1.86,0.31,10.01,19.58
1990-10-10,24.28,10.95,16.67,0.33,0.31,8.16,23.25
1990-10-11,28.04,7.42,17.56,0.0,0.31,5.83,27.09
1990-10-12,24.03,9.01,15.7,0.64,0.31,8.49,26.55
1990-10-13,19.62,8.66,13.69,1.08,0.31,4.66,22.5
1990-10-14,22.66,5.48,13.9,0.13,0.3,3.2,25.97
1990-10-15,27.02,6.24,16.52,0.0,0.3,1.96,28.94
1990-10-16,26.9,8.01,16.25,0.0,0.3,6.33,28.97
1990-10-17,23.22,10.88,16.04,0.04,0.3,5.08,28.07
1990-10-18,21.66,7.7,14.16,0.0,0.29,2.83,27.61
1990-10-19,24.34,6.29,15.45,0.0,0.29,3.42,28.7
1990-10-20,28.77,8.67,18.78,0.0,0.29,4.82,29.38
1990-10-21,33.08,12.61,22.9,0.0,0.29,1.66,27.52
1990-10-22,35.64,15.01,25.35,0.0,0.29,2.22,29.2
1990-10-23,38.71,15.9,25.59,0.0,0.28,5.0,30.33
1990-10-24,30.07,14.05,20.69,0.01,0.28,9.2,29.32
1990-10-25,28.08,11.74,19.07,0.0,0.28,9.07,28.53
1990-10-26,26.37,12.67,18.38,0.21,0.28,7.38,28.02
1990-10-27,27.79,9.26,17.5,0.0,0.28,3.6,25.91
1990-10-28,24.1,8.29,15.3,0.01,0.28,3.85,29.24
1990-10-29,22.18,7.16,14.47,0.63,0.28,6.01,23.22
1990-10-30,24.5,8.14,15.87,0.3,0.28,5.77,29.41
1990-10-31,29.18,8.12,18.31,0.0,0.27,5.55,27.63
1990-11-01,32.55,10.39,20.99,0.0,0.27,8.25,31.18
1990-11-02,31.7,11.42,21.52,0.01,0.27,9.21,30.96
1990-11-03,33.03,13.41,22.97,0.34,0.27,8.98,30.77
1990-11-04,35.87,12.75,22.96,0.0,0.27,7.73,31.94
1990-11-05,30.45,12.96,20.98,0.0,0.27,9.0,31.87
1990-11-06,28.93,10.88,19.26,0.0,0.26,4.76,32.88
1990-11-07,30.08,9.42,19.14,0.0,0.26,6.35,32.43
1990-11-08,30.34,9.92,20.17,0.0,0.26,2.79,30.95
1990-11-09,34.37,13.27,24.01,0.0,0.26,2.14,30.25
1990-11-10,36.45,15.57,26.05,0.0,0.26,-0.11,31.31
1990-11-11,40.45,18.7,28.48,0.0,0.26,0.69,28.42
1990-11-12,29.76,13.69,21.85,0.0,0.26,10.33,29.43
1990-11-13,26.21,8.12,17.15,0.0,0.25,-1.55,32.84
1990-11-14,30.12,8.76,19.5,0.0,0.25,0.33,32.82
1990-11-15,32.04,10.34,19.58,0.0,0.25,3.76,32.98
1990-11-16,25.99,12.4,18.39,0.03,0.25,7.84,27.34
1990-11-17,27.81,11.35,18.89,0.01,0.25,8.02,29.15
1990-11-18,30.62,10.33,19.95,0.0,0.25,7.2,32.8
1990-11-19,29.28,13.51,20.09,0.07,0.25,10.48,27.31
1990-11-20,27.13,11.3,18.48,0.02,0.25,6.55,30.07
1990-11-21,28.36,9.93,18.97,0.0,0.25,4.15,32.66
1990-11-22,30.59,10.09,21.17,0.0,0.25,3.26,31.41
1990-11-23,36.59,15.77,26.79,0.0,0.24,4.16,32.03
1990-11-24,39.98,21.15,30.45,1.04,0.24,7.29,28.63
1990-11-25,41.39,20.59,30.41,0.01,0.24,8.07,30.26
1990-11-26,35.25,16.28,25.18,0.22,0.24,9.3,33.07
1990-11-27,35.35,14.43,25.09,0.0,0.24,7.41,33.06
1990-11-28,36.1,15.6,26.46,0.0,0.24,5.49,32.72
1990-11-29,37.79,17.52,27.62,0.0,0.24,1.07,33.03
1990-11-30,38.56,15.58,27.71,0.01,0.24,3.01,32.83
1990-12-01,38.46,16.31,27.22,0.0,0.24,6.42,33.8
1990-12-02,40.29,15.91,27.53,0.0,0.23,8.16,34.45
1990-12-03,32.78,15.6,22.93,0.05,0.23,8.91,33.8
1990-12-04,23.35,15.06,18.23,2.63,0.24,8.26,19.11
1990-12-05,27.34,13.14,19.37,0.05,0.24,2.56,33.82
1990-12-06,30.85,11.55,21.16,0.0,0.24,5.44,30.29
1990-12-07,34.54,13.47,24.22,0.0,0.23,7.0,33.5
1990-12-08,36.54,17.47,27.35,0.04,0.23,3.23,33.16
1990-12-09,34.75,22.48,27.83,0.07,0.23,6.13,28.73
1990-12-10,35.56,19.95,27.95,0.0,0.23,4.37,32.39
1990-12-11,37.53,22.24,29.33,0.0,0.23,6.18,28.71
1990-12-12,39.92,21.89,31.27,0.0,0.23,3.7,32.47
1990-12-13,41.1,22.73,31.07,0.0,0.23,2.99,30.92
1990-12-14,34.87,18.57,25.59,0.0,0.23,12.15,33.88
1990-12-15,34.09,16.06,24.19,0.0,0.23,10.5,33.34
1990-12-16,35.66,16.04,25.74,0.0,0.22,10.37,33.83
1990-12-17,34.99,16.02,24.62,0.0,0.22,10.09,34.13
1990-12-18,33.09,14.45,23.68,0.0,0.22,8.55,33.86
1990-12-19,36.87,14.91,25.56,0.0,0.22,7.23,33.91
1990-12-20,33.27,14.69,23.47,0.0,0.22,8.88,33.86
1990-12-21,31.89,15.01,22.53,0.0,0.22,9.25,33.35
1990-12-22,34.67,14.66,24.63,0.0,0.22,9.3,32.3
1990-12-23,38.79,16.28,28.05,0.0,0.22,5.75,34.47
1990-12-24,40.68,17.95,28.96,0.0,0.22,8.85,33.38
1990-12-25,40.38,18.17,29.19,0.0,0.22,8.14,34.43
1990-12-26,36.2,17.52,26.25,0.0,0.22,8.28,33.78
1990-12-27,36.65,13.24,25.2,0.0,0.22,3.59,33.42
1990-12-28,39.62,15.64,28.62,0.0,0.22,2.14,33.3
1990-12-29,35.76,17.84,26.3,0.0,0.22,9.28,33.69
1990-12-30,34.64,14.84,24.61,0.0,0.22,7.35,32.3
1990-12-31,37.6,15.31,25.72,0.0,0.21,8.15,34.08
1991-01-01,35.81,15.06,24.12,0.0,0.21,8.08,33.39
1991-01-02,29.58,15.48,22.19,0.03,0.21,9.35,33.03
1991-01-03,30.08,12.74,21.15,0.0,0.21,3.03,34.13
1991-01-04,33.38,13.75,23.7,0.0,0.21,1.76,33.57
1991-01-05,36.38,16.68,27.08,1.65,0.21,3.39,33.08
1991-01-06,38.87,22.77,30.4,6.06,0.22,8.11,21.94
1991-01-07,39.68,22.05,30.62,0.01,0.22,10.66,33.25
1991-01-08,35.18,17.99,25.95,0.1,0.22,14.0,33.59
1991-01-09,34.36,16.42,24.97,0.0,0.22,9.3,33.86
1991-01-10,37.42,14.98,26.74,0.0,0.22,5.55,34.11
1991-01-11,40.48,17.63,29.85,0.0,0.21,5.31,33.04
1991-01-12,45.16,20.51,32.63,0.0,0.21,8.18,33.7
1991-01-13,37.47,17.14,26.67,0.0,0.21,10.48,33.09
1991-01-14,38.35,19.16,28.8,0.23,0.21,10.69,33.04
1991-01-15,42.88,21.65,31.52,2.99,0.21,13.85,31.58
1991-01-16,42.44,25.35,32.73,2.87,0.22,14.57,29.49
1991-01-17,40.85,25.18,33.2,0.26,0.22,14.15,31.13
1991-01-18,43.32,25.07,34.89,0.01,0.21,11.24,32.46
1991-01-19,45.69,27.19,36.19,0.0,0.21,12.19,29.3
1991-01-20,41.4,21.77,31.12,0.0,0.21,15.58,32.63
1991-01-21,36.86,18.94,26.57,0.0,0.21,10.82,32.3
1991-01-22,35.93,14.98,25.71,0.0,0.21,5.29,33.08
1991-01-23,37.44,18.7,28.1,0.0,0.21,0.23,32.41
1991-01-24,38.6,17.6,28.04,0.0,0.21,3.86,33.26
1991-01-25,38.78,16.37,27.85,0.0,0.21,6.28,33.81
1991-01-26,38.23,19.44,28.9,0.0,0.21,1.9,33.06
1991-01-27,39.47,18.71,29.55,0.0,0.21,3.75,32.35
1991-01-28,41.0,22.91,31.95,0.0,0.21,4.74,32.02
1991-01-29,42.59,24.61,33.54,0.0,0.21,2.68,31.9
1991-01-30,44.56,24.71,34.72,0.0,0.21,-3.74,31.67
1991-01-31,45.55,24.39,35.83,0.0,0.21,-2.5,31.06
1991-02-01,45.45,23.95,34.82,0.0,0.21,3.55,24.38
1991-02-02,41.26,21.15,31.09,0.0,0.2,8.94,31.03
1991-02-03,42.58,22.7,32.17,0.0,0.2,8.45,31.53
1991-02-04,38.13,20.09,28.87,0.0,0.2,8.62,31.71
1991-02-05,38.22,20.53,29.0,0.0,0.2,7.32,31.14
1991-02-06,39.98,21.68,30.93,0.0,0.2,4.75,30.33
1991-02-07,42.1,22.01,32.14,0.0,0.2,-0.09,31.06
1991-02-08,42.83,21.36,31.25,0.0,0.2,1.69,30.96
1991-02-09,40.96,18.23,29.37,0.03,0.2,6.57,32.52
1991-02-10,41.98,19.71,30.97,0.09,0.2,5.89,31.78
1991-02-11,43.06,21.78,31.71,0.31,0.2,6.06,31.87
1991-02-12,38.7,19.41,28.17,0.06,0.2,8.16,31.69
1991-02-13,37.01,18.21,27.35,0.08,0.2,9.29,31.03
1991-02-14,35.22,18.54,26.56,0.0,0.2,2.21,30.01
1991-02-15,36.91,17.62,27.3,0.0,0.2,1.45,28.4
1991-02-16,37.95,16.37,26.07,0.0,0.2,3.37,30.35
1991-02-17,35.03,14.83,24.09,0.0,0.2,8.88,29.08
1991-02-18,38.04,15.36,26.49,0.0,0.2,4.23,31.07
1991-02-19,42.09,21.39,32.12,0.0,0.2,5.99,27.54
1991-02-20,43.67,26.95,35.36,0.03,0.2,5.3,27.4
1991-02-21,44.57,26.91,35.62,0.0,0.2,3.87,27.57
1991-02-22,45.5,25.49,35.99,0.0,0.2,4.38,28.31
1991-02-23,45.38,28.12,37.23,0.05,0.2,10.14,25.57
1991-02-24,43.61,28.74,34.96,0.33,0.2,12.64,19.84
1991-02-25,36.24,23.61,28.04,0.52,0.2,14.88,12.67
1991-02-26,40.11,24.93,32.71,1.01,0.2,15.6,23.77
1991-02-27,42.51,28.9,35.16,0.16,0.2,13.14,25.12
1991-02-28,42.24,27.24,34.17,0.01,0.2,9.81,27.43
1991-03-01,40.86,26.62,33.35,0.22,0.2,9.99,18.77
1991-03-02,41.02,25.7,33.73,0.12,0.2,13.65,24.16
1991-03-03,42.74,26.15,33.9,0.03,0.2,13.07,26.1
1991-03-04,43.4,26.57,34.33,0.0,0.2,11.72,25.81
1991-03-05,43.18,23.07,33.14,0.0,0.2,8.32,25.96
1991-03-06,34.41,18.38,25.02,0.0,0.2,8.43,25.74
1991-03-07,34.85,15.22,24.25,0.0,0.2,8.82,28.02
1991-03-08,34.3,15.34,24.65,0.0,0.2,8.97,26.43
1991-03-09,37.22,18.57,27.67,0.04,0.2,5.85,26.54
1991-03-10,37.62,22.24,29.62,0.33,0.2,5.96,10.55
1991-03-11,38.13,22.27,29.75,0.0,0.2,3.45,26.42
1991-03-12,37.88,21.38,29.55,0.0,0.2,2.62,26.79
1991-03-13,37.01,20.98,28.75,0.05,0.2,3.16,26.11
1991-03-14,39.5,21.63,30.2,0.0,0.2,2.54,25.22
1991-03-15,33.89,19.21,25.64,0.0,0.2,10.94,20.95
1991-03-16,34.67,17.03,24.7,0.53,0.2,13.63,25.08
1991-03-17,31.43,18.66,23.89,0.37,0.2,12.23,24.09
1991-03-18,34.96,16.48,25.6,0.0,0.2,6.91,26.02
1991-03-19,37.48,19.22,27.79,0.0,0.2,5.37,25.22
1991-03-20,37.3,21.33,28.35,0.85,0.2,6.89,21.95
1991-03-21,35.61,20.95,26.78,4.07,0.21,13.47,18.56
1991-03-22,32.59,18.0,24.38,0.89,0.21,13.38,18.88
1991-03-23,30.36,16.58,21.89,0.0,0.21,13.1,22.16
1991-03-24,27.66,14.52,20.8,0.0,0.21,11.36,19.98
1991-03-25,23.48,10.23,16.55,0.0,0.21,0.9,23.98
1991-03-26,29.73,10.41,19.6,0.0,0.21,-1.25,24.05
1991-03-27,34.74,13.44,23.16,0.0,0.21,1.26,24.52
1991-03-28,27.91,13.2,19.99,0.0,0.21,10.1,22.26
1991-03-29,29.15,13.03,20.73,0.0,0.21,10.34,19.17
1991-03-30,29.61,12.63,20.74,0.0,0.21,5.95,23.66
1991-03-31,30.27,13.73,21.69,0.0,0.2,6.86,22.94
1991-04-01,32.38,15.2,23.59,0.0,0.2,4.86,22.58
1991-04-02,33.92,16.44,24.67,0.0,0.2,2.76,23.31
1991-04-03,33.29,18.46,25.42,0.0,0.2,2.17,20.55
1991-04-04,34.65,17.53,25.77,0.0,0.2,0.56,22.55
1991-04-05,35.72,16.98,25.91,0.0,0.2,-0.61,22.86
1991-04-06,36.1,18.93,27.62,0.0,0.2,6.03,21.42
1991-04-07,34.67,20.1,26.56,0.0,0.2,10.62,20.63
1991-04-08,35.64,17.19,24.52,0.07,0.2,9.65,15.54
1991-04-09,27.95,16.63,20.89,1.98,0.2,12.7,18.42
1991-04-10,20.88,15.59,18.19,3.95,0.21,12.0,12.09
1991-04-11,23.17,12.13,17.28,0.11,0.21,6.38,17.63
1991-04-12,25.43,9.99,17.55,0.04,0.21,5.68,20.84
1991-04-13,29.77,10.89,20.2,0.0,0.21,5.41,20.71
1991-04-14,32.23,16.9,24.34,0.16,0.21,11.31,19.82
1991-04-15,31.8,19.61,24.97,0.0,0.21,9.24,19.49
1991-04-16,33.01,17.35,24.76,0.0,0.21,5.12,20.1
1991-04-17,33.78,16.46,24.56,0.1,0.21,-0.22,21.42
1991-04-18,34.78,16.38,24.95,0.0,0.21,-2.52,20.22
1991-04-19,34.13,18.79,25.37,0.17,0.21,-0.4,15.58
1991-04-20,33.36,17.54,24.87,1.05,0.21,2.54,7.7
1991-04-21,25.8,19.15,22.72,3.56,0.21,14.09,7.63
1991-04-22,27.96,16.74,21.21,0.11,0.22,13.81,15.54
1991-04-23,25.97,12.2,18.72,0.0,0.21,8.98,19.3
1991-04-24,27.47,11.7,19.29,0.03,0.21,7.34,18.76
1991-04-25,26.08,12.86,19.22,0.06,0.21,1.91,15.85
1991-04-26,24.51,14.31,18.43,1.11,0.21,6.48,6.79
1991-04-27,24.34,15.44,19.12,1.54,0.21,11.73,9.99
1991-04-28,27.3,13.3,19.69,0.06,0.22,10.24,17.67
1991-04-29,26.54,11.14,18.25,0.0,0.21,6.87,18.25
1991-04-30,25.89,12.47,18.03,0.0,0.21,4.1,17.78
1991-05-01,27.44,10.83,18.78,0.0,0.21,3.36,17.79
1991-05-02,29.68,14.24,21.68,0.17,0.21,5.27,17.1
1991-05-03,29.62,18.17,22.92,4.14,0.21,13.21,9.22
1991-05-04,27.85,17.35,21.6,0.43,0.22,14.73,14.39
1991-05-05,24.61,12.72,18.49,0.17,0.22,9.54,17.15
1991-05-06,22.87,8.09,14.85,0.0,0.22,3.14,17.3
1991-05-07,24.97,8.06,16.07,0.0,0.22,1.8,16.62
1991-05-08,24.89,9.45,16.69,0.0,0.21,0.36,17.1
1991-05-09,23.17,11.23,17.29,1.43,0.21,3.03,6.92
1991-05-10,25.03,12.66,17.86,1.75,0.22,8.5,12.42
1991-05-11,24.59,10.51,17.16,0.0,0.22,8.65,16.32
1991-05-12,26.35,11.72,17.64,0.0,0.22,5.27,16.03
1991-05-13,28.58,10.88,19.16,0.37,0.22,7.16,15.71
1991-05-14,27.02,14.53,19.68,0.15,0.22,-0.35,6.72
1991-05-15,25.01,13.95,19.1,0.36,0.22,0.7,13.59
1991-05-16,27.54,12.64,18.93,0.02,0.22,6.96,14.07
1991-05-17,28.43,10.69,18.51,0.0,0.21,7.57,15.66
1991-05-18,26.67,11.45,18.78,0.57,0.22,5.59,11.6
1991-05-19,27.5,14.53,20.13,0.76,0.22,5.93,4.79
1991-05-20,26.43,15.79,20.01,1.37,0.22,4.37,7.72
1991-05-21,23.91,16.17,19.47,3.04,0.22,13.74,5.4
1991-05-22,23.86,15.22,18.3,1.4,0.23,13.49,8.71
1991-05-23,21.67,11.19,16.13,0.31,0.23,9.72,11.08
1991-05-24,20.08,6.68,12.64,0.0,0.22,2.69,15.01
1991-05-25,20.22,6.22,13.09,0.0,0.22,0.5,12.85
1991-05-26,24.31,9.63,15.78,0.0,0.22,2.43,14.7
1991-05-27,27.02,9.72,17.48,0.17,0.22,6.14,14.3
1991-05-28,19.53,11.89,14.87,0.49,0.22,9.86,10.0
1991-05-29,19.51,10.32,14.9,5.17,0.22,10.4,10.39
1991-05-30,20.19,10.06,15.24,2.77,0.23,11.13,9.82
1991-05-31,19.53,9.73,14.11,0.79,0.24,8.33,10.96
1991-06-01,19.96,8.39,13.39,0.04,0.23,7.15,12.22
1991-06-02,22.0,8.05,14.37,0.0,0.23,4.83,14.27
1991-06-03,25.29,8.74,16.27,4.73,0.23,5.29,13.79
1991-06-04,19.74,13.35,16.32,11.41,0.26,12.3,11.78
1991-06-05,17.38,10.45,14.01,1.18,0.26,10.2,8.09
1991-06-06,20.02,8.16,13.06,0.16,0.26,7.05,12.21
1991-06-07,21.79,6.25,13.17,0.0,0.26,3.36,13.82
1991-06-08,21.74,7.46,13.9,0.07,0.26,2.35,12.19
1991-06-09,23.3,8.89,15.48,0.12,0.25,4.09,12.2
1991-06-10,20.81,9.41,15.19,6.56,0.26,8.41,6.94
1991-06-11,20.13,7.41,13.24,0.07,0.26,8.29,7.41
1991-06-12,20.26,11.1,15.16,4.39,0.27,12.06,7.95
1991-06-13,16.61,9.56,13.0,3.16,0.27,10.93,10.29
1991-06-14,17.19,8.02,12.57,4.44,0.28,9.07,10.46
1991-06-15,17.58,10.79,13.52,7.78,0.29,9.9,10.56
1991-06-16,16.87,8.79,12.54,7.85,0.3,9.27,10.62
1991-06-17,17.84,8.43,12.23,0.81,0.3,9.26,10.61
1991-06-18,17.87,7.38,11.15,0.2,0.3,6.91,9.73
1991-06-19,19.93,5.24,11.84,0.0,0.3,4.6,13.38
1991-06-20,22.66,5.66,13.28,0.0,0.29,2.83,13.02
1991-06-21,23.0,7.52,14.05,0.0,0.29,4.74,12.42
1991-06-22,23.88,8.85,15.69,0.09,0.29,9.97,12.02
1991-06-23,21.52,13.17,16.32,1.02,0.29,14.48,7.38
1991-06-24,22.59,12.9,16.49,0.89,0.29,13.3,7.81
1991-06-25,19.42,12.56,15.18,3.01,0.3,12.29,7.35
1991-06-26,19.31,10.63,14.26,0.64,0.3,9.82,10.98
1991-06-27,16.21,8.84,12.74,1.89,0.3,9.1,11.59
1991-06-28,16.72,8.3,12.15,0.5,0.3,7.63,10.98
1991-06-29,19.2,5.71,12.59,0.01,0.3,6.0,10.69
1991-06-30,22.2,8.49,14.05,0.02,0.3,3.23,12.38
1991-07-01,23.12,11.75,16.79,1.35,0.29,9.39,10.74
1991-07-02,17.88,10.03,14.91,20.89,0.33,12.7,8.52
1991-07-03,17.92,6.66,12.47,2.24,0.33,8.82,9.92
1991-07-04,15.68,3.51,8.94,0.0,0.33,2.72,12.97
1991-07-05,17.1,2.04,9.56,0.14,0.33,2.47,12.98
1991-07-06,16.86,5.56,11.16,0.37,0.33,6.39,9.95
1991-07-07,15.19,2.34,7.54,0.0,0.32,0.38,12.95
1991-07-08,18.87,0.71,9.07,0.04,0.32,-1.31,12.91
1991-07-09,21.71,6.0,13.36,0.41,0.32,6.81,6.75
1991-07-10,18.03,7.77,13.54,2.23,0.32,9.88,9.44
1991-07-11,19.77,3.49,10.58,0.0,0.32,-0.97,13.99
1991-07-12,22.74,7.01,13.33,0.01,0.32,6.66,13.95
1991-07-13,22.36,9.17,15.11,0.44,0.32,8.84,13.73
1991-07-14,25.09,7.3,15.4,0.0,0.32,4.69,14.11
1991-07-15,22.65,7.36,15.14,1.82,0.32,8.79,10.67
1991-07-16,17.73,9.32,13.11,1.24,0.32,8.71,8.93
1991-07-17,15.77,7.21,11.47,1.08,0.32,7.2,13.24
1991-07-18,14.24,7.5,10.79,0.71,0.32,8.44,11.12
1991-07-19,14.14,6.86,9.37,5.3,0.32,7.17,3.79
1991-07-20,14.04,6.37,9.74,6.79,0.34,7.64,9.38
1991-07-21,14.84,9.71,11.83,3.94,0.34,9.26,11.37
1991-07-22,18.75,10.43,13.68,1.09,0.34,10.55,9.15
1991-07-23,18.42,8.97,12.96,2.2,0.34,9.02,13.73
1991-07-24,17.4,7.72,12.46,1.14,0.34,8.41,12.78
1991-07-25,19.09,5.94,11.73,0.04,0.34,5.58,10.71
1991-07-26,16.73,7.65,11.24,3.43,0.34,8.97,7.55
1991-07-27,17.9,6.6,10.75,0.45,0.34,5.6,15.74
1991-07-28,22.46,4.9,12.57,0.02,0.34,5.12,14.3
1991-07-29,18.18,9.75,13.05,2.17,0.34,8.46,11.43
1991-07-30,17.82,10.41,13.4,0.4,0.34,9.03,14.26
1991-07-31,20.04,9.71,14.26,0.1,0.34,7.9,11.13
1991-08-01,18.72,10.34,13.66,2.83,0.34,9.1,13.61
1991-08-02,17.35,7.11,12.31,2.39,0.34,7.23,14.44
1991-08-03,15.7,7.2,11.99,2.16,0.34,9.17,10.78
1991-08-04,16.38,8.13,11.74,0.69,0.34,7.79,9.66
1991-08-05,19.13,7.49,12.64,0.45,0.34,8.24,12.05
1991-08-06,17.51,6.12,10.68,0.0,0.34,3.62,16.92
1991-08-07,17.35,5.46,11.14,0.02,0.34,5.53,9.19
1991-08-08,21.04,9.09,13.93,0.0,0.34,4.74,9.18
1991-08-09,23.89,7.83,14.56,0.0,0.33,3.57,15.79
1991-08-10,26.26,7.73,15.84,0.0,0.33,3.02,17.73
1991-08-11,24.36,9.2,15.53,0.0,0.33,6.03,17.78
1991-08-12,21.05,9.27,13.75,0.0,0.33,6.94,16.69
1991-08-13,21.88,5.61,13.11,0.0,0.33,1.39,18.47
1991-08-14,24.45,6.77,14.6,0.0,0.32,0.22,18.81
1991-08-15,25.19,7.29,15.09,0.0,0.32,-0.75,18.8
1991-08-16,25.1,6.77,14.86,0.0,0.32,3.71,18.87
1991-08-17,23.05,10.1,15.28,0.17,0.32,10.08,16.78
1991-08-18,20.26,8.8,14.24,2.09,0.32,11.02,6.33
1991-08-19,17.03,7.12,12.1,0.07,0.32,8.1,10.81
1991-08-20,21.07,9.45,14.17,0.04,0.32,7.88,14.48
1991-08-21,21.32,6.31,13.32,0.0,0.32,7.06,19.37
1991-08-22,21.02,7.03,13.79,0.0,0.31,8.02,16.05
1991-08-23,21.57,7.23,13.68,0.0,0.31,4.66,20.13
1991-08-24,23.78,6.32,14.59,0.02,0.31,1.36,20.13
1991-08-25,27.82,10.54,17.44,0.11,0.31,5.46,20.08
1991-08-26,22.11,10.02,15.6,1.47,0.31,11.63,14.45
1991-08-27,16.37,6.3,12.0,1.42,0.31,7.32,9.33
1991-08-28,17.26,5.49,11.43,0.91,0.31,6.13,14.03
1991-08-29,19.35,6.96,12.28,0.07,0.31,5.16,16.45
1991-08-30,22.49,3.97,12.62,0.0,0.31,1.05,20.84
1991-08-31,21.75,4.76,12.69,0.09,0.31,4.97,21.03
1991-09-01,19.87,6.47,12.77,0.0,0.3,6.84,18.12
1991-09-02,20.31,4.51,11.91,0.0,0.3,4.74,20.58
1991-09-03,23.03,5.2,13.06,0.0,0.3,5.63,21.24
1991-09-04,24.34,5.97,14.39,0.04,0.3,6.38,21.64
1991-09-05,27.18,8.3,16.36,0.19,0.3,6.94,21.7
1991-09-06,20.7,8.84,14.39,1.26,0.3,10.4,15.83
1991-09-07,21.79,9.26,14.64,0.12,0.3,7.77,17.58
1991-09-08,17.81,9.1,13.0,6.43,0.3,9.93,15.1
1991-09-09,19.16,5.26,11.78,0.1,0.31,3.46,22.38
1991-09-10,23.34,3.52,13.64,0.0,0.3,-1.26,22.45
1991-09-11,25.05,6.24,15.47,0.04,0.3,1.83,14.43
1991-09-12,22.78,11.9,16.51,0.27,0.3,9.9,17.88
1991-09-13,21.98,9.55,14.61,2.4,0.3,9.93,14.74
1991-09-14,21.24,8.29,14.44,0.1,0.3,7.21,18.99
1991-09-15,15.44,5.77,11.7,2.31,0.3,4.94,17.52
1991-09-16,19.73,3.58,11.01,0.0,0.3,3.01,23.11
1991-09-17,21.81,5.5,12.9,0.04,0.3,5.84,23.01
1991-09-18,23.32,7.0,14.44,0.01,0.3,7.48,20.43
1991-09-19,23.21,8.23,15.56,0.07,0.3,8.64,19.5
1991-09-20,25.76,7.63,16.14,0.0,0.29,5.42,24.39
1991-09-21,26.05,7.78,15.99,0.01,0.29,6.35,24.3
1991-09-22,21.62,8.48,14.3,0.01,0.29,7.15,24.25
1991-09-23,27.89,7.22,16.96,0.0,0.29,6.64,25.34
1991-09-24,29.83,9.66,19.23,0.0,0.29,6.83,24.04
1991-09-25,31.67,10.96,20.82,0.0,0.29,8.12,24.17
1991-09-26,29.0,12.21,19.05,0.0,0.28,10.37,24.33
1991-09-27,27.45,9.38,17.86,0.0,0.28,7.5,25.45
1991-09-28,31.62,10.25,20.63,0.0,0.28,5.09,25.75
1991-09-29,33.92,12.54,21.45,0.0,0.28,6.73,25.82
1991-09-30,21.97,9.05,14.86,1.46,0.28,9.02,13.19
1991-10-01,23.54,7.05,14.72,0.01,0.28,3.21,25.64
1991-10-02,28.93,7.48,17.72,0.01,0.28,-1.0,26.05
1991-10-03,28.32,9.35,17.59,0.27,0.28,5.09,25.88
1991-10-04,24.08,9.44,15.99,2.68,0.28,11.05,20.91
1991-10-05,23.2,8.56,15.57,0.13,0.28,5.17,23.56
1991-10-06,26.26,7.57,16.56,0.0,0.28,4.2,26.53
1991-10-07,29.45,9.06,18.57,0.01,0.28,4.45,27.1
1991-10-08,32.38,9.84,21.02,0.03,0.27,2.98,26.5
1991-10-09,33.73,15.5,24.28,0.4,0.27,9.25,24.22
1991-10-10,35.42,18.48,25.88,0.05,0.27,10.94,21.66
1991-10-11,33.46,15.83,23.52,0.56,0.27,11.75,21.4
1991-10-12,34.38,17.57,24.54,3.01,0.27,14.25,16.2
1991-10-13,33.68,17.34,24.72,6.34,0.28,14.22,22.91
1991-10-14,27.4,14.49,19.72,0.02,0.28,12.21,22.45
1991-10-15,24.35,12.92,17.99,0.04,0.28,5.48,27.23
1991-10-16,30.55,9.69,20.09,0.0,0.27,0.83,28.94
1991-10-17,33.18,13.67,21.81,0.0,0.27,4.44,27.91
1991-10-18,26.46,11.24,17.24,0.47,0.27,9.75,20.93
1991-10-19,23.57,12.79,16.68,0.12,0.27,7.13,24.64
1991-10-20,24.35,11.56,16.73,0.08,0.27,5.42,25.9
1991-10-21,28.33,8.62,18.16,0.0,0.27,3.07,25.93
1991-10-22,34.4,11.94,22.97,0.0,0.26,2.85,29.5
1991-10-23,32.17,11.83,21.19,0.0,0.26,8.34,30.24
1991-10-24,33.0,11.71,21.8,0.0,0.26,5.14,30.27
1991-10-25,35.97,13.27,24.23,0.0,0.26,3.89,29.46
1991-10-26,32.92,15.1,22.44,0.0,0.26,9.62,28.89
1991-10-27,28.12,14.53,20.22,0.0,0.26,11.74,21.93
1991-10-28,31.38,14.26,21.25,0.0,0.26,10.52,27.12
1991-10-29,27.85,14.03,19.57,0.0,0.25,8.63,27.93
1991-10-30,28.51,9.17,18.25,0.0,0.25,4.06,29.7
1991-10-31,25.5,9.61,16.85,0.02,0.25,6.63,28.74
1991-11-01,22.46,9.52,15.41,0.0,0.25,5.5,23.13
1991-11-02,22.64,9.14,15.11,0.0,0.25,1.41,30.42
1991-11-03,25.16,6.8,16.65,0.0,0.25,0.82,27.56
1991-11-04,25.74,11.46,17.72,1.27,0.25,7.1,21.54
1991-11-05,19.66,9.74,14.55,7.41,0.27,6.82,24.26
1991-11-06,23.25,6.52,14.99,0.0,0.26,3.33,31.58
1991-11-07,27.39,8.5,18.31,0.0,0.26,2.42,32.27
1991-11-08,30.73,12.57,20.26,0.0,0.26,1.77,31.17
1991-11-09,29.96,10.0,19.44,0.0,0.26,5.96,31.95
1991-11-10,28.54,11.18,19.51,0.0,0.25,6.96,29.54
1991-11-11,28.42,11.26,19.29,0.01,0.25,8.74,30.96
1991-11-12,28.62,12.97,19.22,0.21,0.25,8.16,30.71
1991-11-13,16.53,10.81,13.37,9.35,0.26,6.89,17.92
1991-11-14,21.2,10.41,15.01,0.4,0.27,6.17,24.33
1991-11-15,27.03,9.03,17.69,0.07,0.26,7.04,26.45
1991-11-16,30.62,9.58,19.31,0.0,0.26,7.88,31.21
1991-11-17,29.34,10.33,19.29,0.0,0.26,8.6,31.99
1991-11-18,28.66,12.06,19.68,0.0,0.26,7.32,30.42
1991-11-19,30.62,13.41,22.0,0.0,0.25,6.65,31.8
1991-11-20,31.17,14.48,22.57,0.0,0.25,1.66,32.99
1991-11-21,32.53,14.19,23.69,0.0,0.25,1.5,32.83
1991-11-22,34.21,16.23,25.48,0.0,0.25,6.6,32.51
1991-11-23,31.17,14.22,21.5,0.0,0.25,8.93,32.52
1991-11-24,24.75,12.57,17.71,0.04,0.25,8.28,26.29
1991-11-25,26.39,10.52,18.04,0.0,0.25,6.38,27.71
1991-11-26,31.83,10.53,21.58,0.0,0.25,3.2,33.07
1991-11-27,36.74,14.99,26.18,0.0,0.24,0.57,33.07
1991-11-28,41.03,18.32,28.47,0.0,0.24,3.46,32.16
1991-11-29,39.21,16.12,26.91,0.02,0.24,9.65,33.24
1991-11-30,34.15,14.98,23.13,0.03,0.24,9.37,33.12
1991-12-01,31.41,13.09,21.61,0.0,0.24,6.21,34.06
1991-12-02,34.13,13.76,24.48,0.0,0.24,6.09,34.04
1991-12-03,37.41,18.03,27.65,0.0,0.24,4.31,31.82
1991-12-04,32.71,16.0,22.95,0.0,0.24,11.44,32.04
1991-12-05,31.9,14.34,21.85,0.0,0.24,10.01,31.1
1991-12-06,29.03,13.58,19.94,0.0,0.24,8.17,32.55
1991-12-07,30.3,12.13,21.21,0.0,0.23,3.93,33.39
1991-12-08,34.32,12.93,24.42,0.0,0.23,2.89,33.16
1991-12-09,37.87,16.41,27.9,0.0,0.23,2.54,33.59
1991-12-10,39.87,20.46,30.91,0.0,0.23,2.74,33.6
1991-12-11,40.8,23.22,31.62,0.0,0.23,4.95,24.9
1991-12-12,38.35,19.19,28.47,0.0,0.23,6.95,33.76
1991-12-13,36.9,16.27,26.78,0.0,0.23,7.64,33.65
1991-12-14,36.3,17.41,26.7,0.0,0.23,1.8,33.93
1991-12-15,40.43,21.13,30.99,0.0,0.23,4.33,34.08
1991-12-16,42.63,24.84,33.13,0.17,0.23,6.2,28.4
1991-12-17,42.54,20.83,31.89,0.27,0.23,10.27,28.66
1991-12-18,32.93,17.21,23.0,0.7,0.23,11.43,27.07
1991-12-19,31.04,16.26,22.78,0.0,0.23,6.93,32.52
1991-12-20,36.3,12.54,24.63,0.0,0.22,6.65,33.38
1991-12-21,39.46,17.42,27.85,0.01,0.22,10.03,21.87
1991-12-22,37.41,20.31,28.24,1.58,0.22,10.83,21.15
1991-12-23,32.59,21.21,26.14,1.85,0.23,13.99,16.57
1991-12-24,25.77,17.66,21.1,19.71,0.26,15.83,16.31
1991-12-25,26.93,16.18,20.84,0.85,0.26,12.13,24.79
1991-12-26,30.78,13.53,22.45,0.09,0.26,10.82,31.95
1991-12-27,33.57,16.42,23.93,0.0,0.25,10.75,33.12
1991-12-28,33.59,14.63,24.12,0.0,0.25,9.09,33.58
1991-12-29,34.41,16.96,25.82,0.21,0.25,9.39,32.18
1991-12-30,35.87,16.19,26.66,0.0,0.24,8.69,33.25
1991-12-31,36.27,17.79,25.8,0.0,0.24,11.2,32.84
1992-01-01,32.12,15.98,23.0,0.0,0.24,10.61,34.09
1992-01-02,34.97,13.8,24.83,0.0,0.24,7.34,33.8
1992-01-03,38.75,19.03,29.22,0.0,0.24,7.66,27.67
1992-01-04,41.07,23.34,32.02,0.01,0.24,9.29,32.43
1992-01-05,40.13,22.16,30.22,0.23,0.24,12.08,27.24
1992-01-06,37.36,20.87,29.26,0.0,0.24,8.7,33.8
1992-01-07,36.71,21.2,28.72,0.02,0.23,4.55,34.23
1992-01-08,36.81,19.08,27.88,0.0,0.23,0.38,34.64
1992-01-09,39.64,19.57,29.95,0.0,0.23,0.96,33.37
1992-01-10,39.87,18.4,30.08,0.08,0.23,4.0,26.42
1992-01-11,40.58,22.96,32.09,0.16,0.23,1.55,29.27
1992-01-12,41.1,24.03,32.77,0.04,0.23,3.96,32.97
1992-01-13,42.08,23.41,33.23,0.0,0.23,3.75,33.11
1992-01-14,41.67,23.91,32.78,0.0,0.23,3.05,16.42
1992-01-15,40.44,23.37,32.83,0.12,0.23,6.7,23.96
1992-01-16,40.99,26.74,33.36,0.38,0.23,7.05,20.35
1992-01-17,43.08,23.71,32.43,0.01,0.22,9.28,23.61
1992-01-18,28.42,19.58,24.17,0.0,0.22,14.55,18.6
1992-01-19,31.51,16.07,22.79,0.05,0.22,8.96,29.04
1992-01-20,30.96,14.41,21.89,0.11,0.22,7.39,32.93
1992-01-21,30.63,14.61,22.03,0.0,0.22,8.59,32.96
1992-01-22,32.44,14.5,23.47,0.0,0.22,7.46,32.26
1992-01-23,36.51,17.48,27.03,0.0,0.22,4.78,33.08
1992-01-24,38.61,21.65,29.25,1.93,0.22,10.06,24.83
1992-01-25,35.25,22.05,28.83,1.4,0.22,13.27,29.75
1992-01-26,34.6,22.54,28.39,1.26,0.22,11.19,23.76
1992-01-27,35.51,21.38,28.28,0.52,0.22,9.88,12.27
1992-01-28,37.32,20.7,29.35,0.0,0.22,6.67,29.16
1992-01-29,36.81,22.46,29.75,0.15,0.22,9.62,28.22
1992-01-30,38.51,21.72,30.32,0.0,0.22,6.52,31.14
1992-01-31,38.64,22.04,31.08,0.06,0.22,7.36,28.54
1992-02-01,38.88,23.13,30.35,0.73,0.22,12.33,21.53
1992-02-02,33.29,23.44,27.44,0.3,0.22,15.47,24.09
1992-02-03,28.27,20.37,24.84,0.0,0.22,14.59,29.9
1992-02-04,32.9,17.28,24.37,0.0,0.22,10.72,24.09
1992-02-05,36.17,15.6,26.86,0.01,0.22,9.54,29.12
1992-02-06,36.86,23.4,28.83,2.85,0.22,14.42,16.27
1992-02-07,35.32,21.17,28.25,0.83,0.22,15.17,27.92
1992-02-08,33.86,21.43,26.74,1.03,0.22,14.83,25.09
1992-02-09,29.99,18.22,23.25,0.25,0.22,14.44,22.49
1992-02-10,31.24,18.37,23.97,0.0,0.22,13.55,29.49
1992-02-11,35.43,17.19,26.82,0.0,0.22,10.25,30.4
1992-02-12,37.5,20.15,28.05,0.0,0.22,10.34,29.99
1992-02-13,34.42,19.92,26.2,0.01,0.22,11.92,24.09
1992-02-14,36.27,18.94,27.01,0.0,0.22,13.24,24.78
1992-02-15,41.5,21.73,29.84,0.01,0.22,12.29,27.38
1992-02-16,28.8,20.07,23.89,1.39,0.22,16.24,16.66
1992-02-17,30.99,18.03,24.09,0.01,0.22,12.08,24.86
1992-02-18,35.89,19.57,27.47,0.0,0.22,10.49,26.8
1992-02-19,40.06,19.49,29.86,0.0,0.21,10.73,27.92
1992-02-20,37.29,21.04,28.0,0.0,0.21,12.21,28.19
1992-02-21,35.63,18.28,26.32,0.0,0.21,8.81,28.42
1992-02-22,37.64,18.57,28.2,0.0,0.21,5.85,28.41
1992-02-23,37.84,21.05,29.54,0.0,0.21,7.72,28.55
1992-02-24,36.82,24.33,29.82,0.0,0.21,7.25,22.55
1992-02-25,32.65,22.99,27.28,0.0,0.21,8.38,26.54
1992-02-26,37.47,19.82,28.22,0.0,0.21,-0.37,28.2
1992-02-27,38.47,20.05,28.78,0.0,0.21,-4.76,29.25
1992-02-28,39.29,19.42,29.19,0.0,0.21,-4.48,28.79
1992-02-29,36.94,17.85,26.93,0.0,0.21,12.13,28.07
1992-03-01,39.25,19.14,28.54,0.0,0.21,10.01,28.09
1992-03-02,42.25,22.12,30.37,0.0,0.21,7.13,28.05
1992-03-03,33.21,19.27,24.86,0.0,0.21,13.2,24.54
1992-03-04,32.25,17.08,23.45,0.0,0.21,9.58,26.8
1992-03-05,36.61,14.85,24.98,0.0,0.21,8.45,25.85
1992-03-06,35.73,16.76,25.44,0.0,0.21,13.16,24.85
1992-03-07,37.03,18.22,26.88,0.0,0.21,14.32,24.77
1992-03-08,42.24,19.56,29.76,0.0,0.21,15.0,25.62
1992-03-09,40.88,21.28,29.46,0.03,0.21,15.62,25.25
1992-03-10,36.18,20.51,27.8,0.73,0.21,15.17,24.72
1992-03-11,39.21,20.79,29.67,0.04,0.21,12.0,24.13
1992-03-12,37.71,23.98,30.26,2.87,0.21,12.22,23.85
1992-03-13,34.49,21.03,27.41,4.58,0.21,15.89,23.87
1992-03-14,31.55,22.16,25.72,13.33,0.23,18.35,19.3
1992-03-15,29.39,19.67,23.56,5.84,0.24,17.31,16.69
1992-03-16,26.01,19.42,22.38,13.74,0.26,17.37,7.6
1992-03-17,29.48,18.86,23.61,4.95,0.27,15.82,15.29
1992-03-18,30.83,18.6,23.78,0.37,0.26,13.06,20.97
1992-03-19,28.72,15.45,21.24,0.06,0.26,13.93,23.84
1992-03-20,30.02,14.72,21.79,0.09,0.26,13.99,22.68
1992-03-21,29.48,16.38,21.96,0.24,0.25,12.45,16.07
1992-03-22,31.27,17.4,23.51,0.03,0.25,11.12,19.74
1992-03-23,31.52,18.19,25.45,0.67,0.25,13.94,19.9
1992-03-24,33.15,19.98,25.74,2.19,0.25,16.33,23.46
1992-03-25,25.05,17.42,21.43,3.22,0.26,14.73,8.23
1992-03-26,28.9,13.57,21.23,0.0,0.26,10.7,20.26
1992-03-27,29.06,15.02,21.74,0.0,0.25,9.04,23.47
1992-03-28,27.96,13.3,20.41,0.0,0.25,5.99,23.96
1992-03-29,31.77,14.11,22.53,0.0,0.25,8.74,23.65
1992-03-30,31.18,16.04,23.34,0.01,0.25,9.67,21.13
1992-03-31,33.36,17.7,25.21,0.04,0.25,9.64,21.22
1992-04-01,33.67,20.52,25.75,1.31,0.25,12.68,14.6
1992-04-02,32.25,18.05,24.34,0.01,0.25,13.95,21.49
1992-04-03,28.08,18.17,22.01,0.0,0.25,12.61,18.04
1992-04-04,28.43,17.09,22.17,0.17,0.25,12.11,17.09
1992-04-05,28.82,15.87,21.76,5.07,0.25,11.59,15.96
1992-04-06,26.85,17.68,21.42,9.99,0.27,16.01,5.63
1992-04-07,25.72,17.88,21.35,22.67,0.29,17.48,5.8
1992-04-08,26.36,16.97,21.47,8.33,0.32,17.07,14.83
1992-04-09,26.91,15.59,20.36,3.31,0.32,14.99,18.81
1992-04-10,28.56,14.81,20.75,0.01,0.31,10.82,20.37
1992-04-11,30.02,14.9,22.04,0.04,0.3,9.4,20.97
1992-04-12,28.68,15.64,21.84,0.0,0.3,13.8,18.41
1992-04-13,30.15,16.6,23.11,0.03,0.3,13.33,19.09
1992-04-14,30.07,18.5,23.53,4.25,0.3,14.04,15.73
1992-04-15,27.29,16.59,21.51,9.07,0.31,16.06,15.9
1992-04-16,24.85,17.3,21.05,6.43,0.33,16.15,16.33
1992-04-17,27.86,15.25,21.42,0.34,0.32,14.45,17.03
1992-04-18,25.32,16.48,19.88,0.22,0.32,15.23,13.95
1992-04-19,24.63,13.55,19.25,1.07,0.32,12.66,15.19
1992-04-20,23.87,9.42,16.32,0.0,0.32,6.64,19.61
1992-04-21,23.91,9.58,16.76,0.04,0.31,7.08,19.52
1992-04-22,25.51,10.85,17.98,0.0,0.31,8.9,16.53
1992-04-23,27.41,13.88,19.79,0.01,0.31,11.47,18.47
1992-04-24,27.8,12.09,19.8,0.0,0.31,12.28,19.01
1992-04-25,28.58,14.7,21.36,0.15,0.31,13.56,18.78
1992-04-26,27.97,18.16,21.73,5.6,0.31,13.87,13.0
1992-04-27,23.49,13.47,18.55,2.72,0.32,13.84,12.99
1992-04-28,25.2,12.95,18.57,1.04,0.32,11.92,17.39
1992-04-29,26.99,12.43,18.62,4.56,0.32,11.04,12.97
1992-04-30,25.91,12.47,18.38,0.08,0.32,11.64,17.62
1992-05-01,24.48,10.47,16.67,0.0,0.32,9.59,17.94
1992-05-02,25.48,10.0,17.01,0.0,0.31,9.99,17.69
1992-05-03,23.48,10.67,16.14,0.0,0.31,10.34,17.7
1992-05-04,24.15,11.23,16.63,0.0,0.31,9.48,16.58
1992-05-05,22.91,12.88,16.72,0.0,0.31,11.16,16.49
1992-05-06,22.95,12.6,17.18,1.08,0.31,12.47,15.06
1992-05-07,21.38,11.02,15.53,0.28,0.31,7.85,15.17
1992-05-08,21.71,7.49,14.02,0.0,0.31,5.05,17.58
1992-05-09,21.4,6.91,13.63,0.0,0.31,4.97,17.5
1992-05-10,21.53,7.0,13.54,0.0,0.3,5.63,17.57
1992-05-11,21.67,6.55,13.46,0.0,0.3,4.47,17.15
1992-05-12,24.54,7.54,15.71,0.0,0.3,6.13,14.15
1992-05-13,24.88,11.39,17.26,0.08,0.3,11.31,14.37
1992-05-14,21.46,10.72,15.45,0.27,0.3,9.76,12.84
1992-05-15,21.71,8.33,14.74,0.0,0.3,7.74,16.17
1992-05-16,21.22,9.05,14.7,0.0,0.3,8.2,15.76
1992-05-17,18.32,6.68,11.94,0.0,0.3,3.36,16.25
1992-05-18,18.42,5.11,11.14,0.0,0.3,2.97,16.17
1992-05-19,19.75,5.72,11.86,0.0,0.3,1.78,16.13
1992-05-20,21.55,5.62,12.67,0.0,0.29,1.86,16.07
1992-05-21,22.34,6.99,13.77,0.03,0.29,6.16,13.63
1992-05-22,20.02,7.54,12.77,0.08,0.29,8.02,14.99
1992-05-23,18.38,9.01,13.46,1.29,0.29,9.35,12.08
1992-05-24,18.18,8.98,13.02,0.12,0.29,6.16,13.52
1992-05-25,19.01,7.69,11.83,0.12,0.29,6.34,14.44
1992-05-26,19.84,4.65,11.6,0.0,0.29,4.18,14.93
1992-05-27,20.9,6.24,13.42,0.04,0.29,6.16,12.82
1992-05-28,24.07,12.52,17.3,1.06,0.29,13.08,12.97
1992-05-29,22.95,11.95,16.71,0.52,0.29,12.47,9.04
1992-05-30,19.15,12.22,15.37,3.12,0.3,10.92,9.23
1992-05-31,20.94,10.69,14.82,0.01,0.3,7.7,14.38
1992-06-01,20.3,7.63,13.34,0.0,0.3,6.38,13.75
1992-06-02,19.96,6.24,12.18,0.0,0.29,4.94,14.3
1992-06-03,19.06,4.71,10.94,0.0,0.29,2.92,14.43
1992-06-04,19.58,5.32,11.9,0.0,0.29,5.35,13.87
1992-06-05,19.14,6.18,11.79,0.0,0.29,4.39,14.27
1992-06-06,18.21,4.78,10.92,0.06,0.29,3.52,14.07
1992-06-07,18.65,7.71,12.7,0.02,0.29,6.36,11.88
1992-06-08,20.02,7.86,13.17,0.02,0.29,8.28,11.78
1992-06-09,19.33,8.67,13.23,1.71,0.29,8.42,7.55
1992-06-10,21.67,11.67,15.52,11.13,0.31,12.11,9.47
1992-06-11,21.73,14.64,17.68,4.42,0.32,14.14,9.43
1992-06-12,19.36,13.6,15.6,8.1,0.33,13.54,8.8
1992-06-13,19.79,12.53,15.54,3.58,0.33,12.78,10.05
1992-06-14,19.99,12.26,15.87,8.49,0.33,14.17,7.4
1992-06-15,19.14,10.42,14.79,3.55,0.35,10.83,10.46
1992-06-16,16.66,7.9,12.19,1.48,0.34,7.96,10.87
1992-06-17,18.4,8.08,12.66,1.42,0.34,9.85,12.13
1992-06-18,19.97,10.74,14.32,0.93,0.34,10.13,12.52
1992-06-19,21.2,9.41,14.32,0.0,0.34,7.63,14.08
1992-06-20,21.13,10.93,15.47,1.81,0.34,11.54,9.4
1992-06-21,17.78,7.46,13.5,2.28,0.34,8.83,11.77
1992-06-22,18.13,4.8,10.37,0.0,0.34,3.85,13.96
1992-06-23,20.21,5.52,11.83,0.08,0.34,5.38,10.42
1992-06-24,20.89,9.02,13.89,0.34,0.34,8.3,13.35
1992-06-25,19.36,11.41,14.3,7.38,0.35,11.36,7.78
1992-06-26,18.6,10.17,13.71,2.74,0.35,9.41,10.87
1992-06-27,18.88,10.99,14.71,1.73,0.35,9.73,11.58
1992-06-28,17.51,9.57,13.45,9.9,0.36,11.36,8.04
1992-06-29,16.66,6.75,11.79,0.16,0.36,6.91,11.36
1992-06-30,17.47,10.28,12.86,3.61,0.36,8.74,9.58
1992-07-01,16.07,10.55,12.66,0.95,0.36,8.81,10.85
1992-07-02,17.67,9.61,13.2,0.55,0.36,8.86,11.25
1992-07-03,16.66,11.23,13.2,0.87,0.36,9.68,11.44
1992-07-04,18.37,8.49,13.11,0.03,0.36,8.19,9.28
1992-07-05,18.68,9.01,13.66,0.23,0.36,8.59,9.77
1992-07-06,18.75,4.98,11.0,0.0,0.35,5.91,14.0
1992-07-07,21.17,4.96,12.13,0.01,0.35,5.0,14.22
1992-07-08,22.99,5.72,14.02,0.02,0.35,6.66,14.24
1992-07-09,20.54,11.39,15.21,1.0,0.35,11.29,5.68
1992-07-10,20.33,9.5,15.05,0.08,0.35,11.19,10.97
1992-07-11,18.69,7.05,12.47,0.19,0.35,8.76,10.95
1992-07-12,20.76,5.97,12.72,0.04,0.35,7.12,14.31
1992-07-13,17.12,6.62,11.01,2.25,0.35,8.67,10.79
1992-07-14,16.68,5.38,9.54,0.24,0.35,4.72,14.51
1992-07-15,19.22,2.47,9.49,0.01,0.35,1.71,14.69
1992-07-16,21.19,3.55,11.39,0.01,0.35,2.21,13.87
1992-07-17,18.91,8.06,12.5,0.1,0.34,6.19,14.05
1992-07-18,21.22,6.61,12.85,0.04,0.34,5.43,9.03
1992-07-19,22.6,9.09,15.12,0.63,0.34,10.93,11.37
1992-07-20,20.2,9.5,13.77,1.04,0.34,10.3,8.61
1992-07-21,19.52,7.32,12.12,0.0,0.34,5.91,15.61
1992-07-22,22.84,5.95,13.24,0.13,0.34,6.46,15.48
1992-07-23,23.62,7.95,14.72,0.0,0.34,6.27,15.08
1992-07-24,20.01,10.15,13.87,0.06,0.34,4.4,11.42
1992-07-25,22.9,7.26,14.2,0.04,0.34,6.99,15.39
1992-07-26,23.01,10.07,15.28,0.56,0.33,11.98,14.22
1992-07-27,24.59,10.45,16.36,0.0,0.33,6.73,15.8
1992-07-28,23.23,7.59,14.65,0.69,0.33,9.6,14.27
1992-07-29,17.94,6.94,11.6,0.2,0.33,5.13,14.91
1992-07-30,19.93,3.71,10.86,0.0,0.33,1.19,16.37
1992-07-31,23.52,3.87,13.63,0.0,0.33,3.73,16.28
1992-08-01,20.07,10.73,14.93,7.46,0.33,10.24,6.44
1992-08-02,15.8,10.54,12.94,9.79,0.36,11.0,11.3
1992-08-03,17.44,10.61,13.14,0.54,0.35,7.59,14.5
1992-08-04,17.53,8.69,12.49,1.47,0.35,6.19,16.1
1992-08-05,17.84,9.39,12.85,1.12,0.35,7.85,13.54
1992-08-06,16.72,10.22,13.02,1.89,0.35,9.99,11.32
1992-08-07,17.47,6.65,11.67,0.04,0.35,5.6,10.64
1992-08-08,21.57,7.6,15.05,1.32,0.35,8.14,11.71
1992-08-09,17.1,9.84,14.99,39.35,0.41,12.88,6.87
1992-08-10,18.02,6.9,12.21,0.1,0.41,7.57,14.42
1992-08-11,17.75,8.23,13.61,1.62,0.4,10.4,12.83
1992-08-12,18.15,7.62,12.05,0.22,0.4,7.52,14.19
1992-08-13,19.89,6.72,12.53,0.0,0.39,7.7,16.92
1992-08-14,20.38,6.07,12.43,0.1,0.39,6.81,18.79
1992-08-15,18.45,6.68,11.22,5.39,0.39,8.38,12.63
1992-08-16,11.78,3.02,7.37,0.17,0.39,2.33,16.4
1992-08-17,15.08,0.77,7.41,0.0,0.39,1.65,19.85
1992-08-18,16.31,1.83,8.74,0.03,0.39,3.22,18.69
1992-08-19,17.0,3.19,9.51,0.15,0.39,3.24,18.87
1992-08-20,18.57,2.98,10.41,0.0,0.38,1.85,20.23
1992-08-21,21.35,2.63,11.48,0.0,0.38,-0.01,20.28
1992-08-22,22.94,4.33,12.92,0.0,0.38,2.38,20.12
1992-08-23,24.13,10.64,16.46,0.95,0.37,10.03,16.31
1992-08-24,16.79,10.96,13.35,5.69,0.38,10.63,9.85
1992-08-25,17.49,9.95,12.96,17.52,0.39,10.01,12.91
1992-08-26,14.94,6.85,10.44,2.19,0.41,6.17,16.97
1992-08-27,17.32,5.26,10.96,2.01,0.4,6.29,16.32
1992-08-28,14.49,4.22,10.17,7.59,0.41,7.23,15.16
1992-08-29,15.64,0.1,7.88,0.08,0.41,2.91,20.61
1992-08-30,13.59,5.88,10.09,1.48,0.41,8.06,13.65
1992-08-31,16.1,5.48,11.03,2.0,0.41,6.76,16.59
1992-09-01,14.83,5.05,9.76,1.05,0.41,6.22,16.26
1992-09-02,17.67,5.55,11.36,0.1,0.4,6.77,16.62
1992-09-03,17.8,8.77,12.16,5.11,0.41,8.71,13.39
1992-09-04,19.46,7.89,13.28,5.17,0.41,8.45,15.88
1992-09-05,19.46,9.51,13.9,2.57,0.41,10.09,17.5
1992-09-06,18.61,7.9,12.29,0.07,0.41,7.11,16.22
1992-09-07,19.92,5.19,12.06,0.0,0.41,6.11,20.36
1992-09-08,18.01,6.56,11.68,0.04,0.4,7.17,18.22
1992-09-09,20.68,8.68,14.03,0.86,0.4,10.36,15.76
1992-09-10,22.24,7.59,14.55,0.09,0.4,10.0,19.86
1992-09-11,25.01,8.43,16.01,0.0,0.39,8.74,23.15
1992-09-12,28.44,9.72,17.92,0.0,0.39,9.21,22.8
1992-09-13,20.78,8.67,14.35,1.74,0.39,10.33,12.24
1992-09-14,18.84,3.22,11.04,0.01,0.39,4.66,20.7
1992-09-15,20.31,6.91,12.82,0.01,0.38,6.65,22.3
1992-09-16,20.05,8.1,13.41,0.08,0.38,7.12,17.87
1992-09-17,20.71,7.6,13.41,0.7,0.38,7.52,21.95
1992-09-18,19.65,9.17,13.8,7.64,0.38,9.15,7.6
1992-09-19,17.48,9.58,12.77,21.79,0.41,10.18,4.93
1992-09-20,16.87,8.29,11.59,1.23,0.42,8.06,12.55
1992-09-21,18.35,7.18,12.07,0.29,0.41,7.45,18.74
1992-09-22,17.27,7.5,11.74,1.43,0.41,7.08,19.55
1992-09-23,19.65,5.99,12.47,0.04,0.41,6.75,23.09
1992-09-24,21.31,5.82,13.46,0.07,0.4,5.84,23.84
1992-09-25,24.52,6.1,14.94,0.18,0.4,5.33,24.15
1992-09-26,22.8,7.82,14.65,0.0,0.39,8.29,25.79
1992-09-27,20.86,8.21,13.86,0.0,0.39,7.29,22.2
1992-09-28,20.86,6.05,12.98,0.0,0.38,4.79,25.94
1992-09-29,23.72,6.49,14.7,3.06,0.38,5.3,20.91
1992-09-30,19.52,9.61,13.74,3.06,0.38,9.18,5.18
1992-10-01,20.32,9.04,14.09,0.61,0.38,8.54,13.43
1992-10-02,15.24,9.86,12.87,4.87,0.39,9.56,9.86
1992-10-03,21.14,7.65,13.71,0.14,0.39,7.93,22.39
1992-10-04,22.38,5.87,13.71,0.0,0.38,7.38,23.0
1992-10-05,19.98,6.45,12.81,0.18,0.38,7.0,21.93
1992-10-06,15.51,3.47,9.6,0.18,0.38,2.45,20.76
1992-10-07,15.81,4.34,9.53,0.1,0.37,2.48,20.27
1992-10-08,20.53,2.64,11.51,0.0,0.37,2.42,26.56
1992-10-09,23.59,4.49,14.1,0.02,0.37,2.41,25.74
1992-10-10,27.64,6.83,17.1,0.0,0.36,3.08,27.81
1992-10-11,25.47,8.86,17.24,0.02,0.36,6.77,19.13
1992-10-12,23.89,9.54,16.12,0.02,0.35,10.39,19.88
1992-10-13,26.09,8.84,17.29,0.02,0.35,8.71,23.6
1992-10-14,27.68,10.33,18.51,0.0,0.35,8.87,28.49
1992-10-15,27.43,10.2,17.62,0.0,0.35,9.25,28.15
1992-10-16,23.06,8.19,14.99,0.0,0.34,6.0,24.63
1992-10-17,24.85,7.1,15.81,0.0,0.34,4.43,28.84
1992-10-18,28.35,8.74,18.6,0.0,0.34,3.26,29.43
1992-10-19,30.93,10.74,20.8,0.0,0.33,2.87,29.49
1992-10-20,33.96,12.78,23.46,0.0,0.33,4.28,29.2
1992-10-21,35.38,15.39,25.52,0.0,0.32,5.07,24.67
1992-10-22,36.69,17.01,27.11,0.0,0.32,5.63,24.15
1992-10-23,37.6,17.97,27.69,0.0,0.32,7.37,23.94
1992-10-24,34.62,15.62,24.58,0.0,0.32,13.21,17.7
1992-10-25,26.14,12.72,18.75,0.0,0.31,8.94,25.86
1992-10-26,26.35,10.42,17.67,0.0,0.31,7.04,29.53
1992-10-27,28.1,9.57,18.68,0.0,0.31,5.62,28.83
1992-10-28,31.89,10.86,21.59,0.0,0.31,5.05,29.19
1992-10-29,34.36,12.66,23.7,0.0,0.3,6.58,29.55
1992-10-30,33.59,14.33,23.72,0.02,0.3,8.83,29.26
1992-10-31,34.09,14.9,24.24,0.0,0.3,8.1,29.38
1992-11-01,34.56,16.37,25.27,0.0,0.29,7.76,29.9
1992-11-02,34.26,16.0,25.0,0.0,0.29,7.23,30.14
1992-11-03,33.46,15.4,24.35,0.0,0.29,6.79,29.22
1992-11-04,31.79,16.57,23.46,0.23,0.29,7.16,9.07
1992-11-05,35.37,18.93,25.37,0.04,0.29,10.0,16.51
1992-11-06,26.84,14.83,20.14,3.31,0.29,12.85,16.52
1992-11-07,22.9,10.58,16.65,0.37,0.29,7.32,21.61
1992-11-08,21.49,7.73,13.94,0.0,0.29,-0.2,30.96
1992-11-09,25.62,7.38,16.68,0.04,0.29,0.34,32.34
1992-11-10,29.98,11.18,20.72,0.0,0.28,4.58,30.92
1992-11-11,33.07,14.56,23.78,0.03,0.28,4.01,30.26
1992-11-12,35.39,15.44,25.58,0.17,0.28,5.35,31.03
1992-11-13,32.37,17.41,23.98,0.21,0.28,13.51,21.61
1992-11-14,27.64,15.64,20.58,0.1,0.28,12.24,21.48
1992-11-15,26.21,15.22,19.9,0.37,0.27,11.88,21.26
1992-11-16,27.39,14.39,19.91,0.08,0.27,10.78,15.66
1992-11-17,25.81,11.59,18.26,0.01,0.27,8.64,26.44
1992-11-18,24.03,10.35,15.86,0.49,0.27,5.28,23.36
1992-11-19,16.21,7.8,12.21,2.71,0.28,5.26,16.33
1992-11-20,19.11,6.34,11.91,0.94,0.28,2.94,27.46
1992-11-21,24.54,8.77,16.81,0.03,0.27,7.07,27.79
1992-11-22,25.15,10.6,17.55,0.0,0.27,7.31,26.86
1992-11-23,26.58,9.19,17.6,0.0,0.27,4.98,33.24
1992-11-24,29.2,8.72,19.07,0.0,0.27,3.58,33.5
1992-11-25,34.51,11.51,23.0,0.0,0.27,2.19,33.22
1992-11-26,32.51,11.21,21.9,0.0,0.26,3.13,33.28
1992-11-27,37.55,14.24,26.39,0.0,0.26,3.65,33.32
1992-11-28,29.32,16.31,22.5,0.0,0.26,10.09,32.61
1992-11-29,27.81,16.1,21.15,1.13,0.26,13.78,12.48
1992-11-30,26.08,14.41,19.85,1.57,0.26,10.95,23.41
1992-12-01,27.79,11.33,19.79,0.51,0.26,8.87,27.97
1992-12-02,30.44,14.68,22.26,0.0,0.26,5.75,34.04
1992-12-03,33.06,14.06,23.81,0.0,0.26,3.41,34.47
1992-12-04,35.64,15.59,25.98,0.0,0.26,1.63,34.48
1992-12-05,38.18,16.47,28.12,0.03,0.26,1.35,33.96
1992-12-06,39.23,21.56,30.13,0.01,0.25,6.73,21.87
1992-12-07,36.44,17.81,26.87,0.71,0.25,12.02,33.73
1992-12-08,28.61,15.68,20.94,0.08,0.25,10.1,28.91
1992-12-09,28.2,14.54,20.37,0.11,0.25,10.39,25.98
1992-12-10,30.68,13.63,21.69,0.0,0.25,4.1,33.53
1992-12-11,33.52,14.64,24.21,0.0,0.25,2.69,34.26
1992-12-12,37.17,16.7,27.14,0.0,0.25,3.0,21.86
1992-12-13,34.53,17.94,25.16,0.0,0.25,10.61,33.44
1992-12-14,31.11,16.75,23.19,0.0,0.24,7.42,34.03
1992-12-15,31.61,13.51,22.5,0.0,0.24,0.9,34.31
1992-12-16,34.33,15.91,25.22,0.0,0.24,0.02,33.91
1992-12-17,39.35,17.66,28.1,0.0,0.24,1.6,33.92
1992-12-18,36.28,17.31,25.35,0.0,0.24,12.08,34.0
1992-12-19,29.09,14.99,21.17,0.02,0.24,6.26,33.62
1992-12-20,32.94,12.13,23.21,0.0,0.24,2.48,33.93
1992-12-21,36.73,15.65,26.7,0.0,0.24,0.34,31.17
1992-12-22,37.83,17.29,26.34,0.0,0.24,5.51,31.69
1992-12-23,31.48,13.74,21.77,0.0,0.24,5.32,31.38
1992-12-24,33.72,12.16,23.51,0.0,0.23,3.29,34.08
1992-12-25,37.31,13.92,26.27,0.0,0.23,2.38,33.82
1992-12-26,41.04,16.86,29.55,0.0,0.23,3.66,33.29
1992-12-27,41.67,21.37,31.47,0.25,0.23,7.22,17.04
1992-12-28,42.84,23.63,32.46,1.01,0.23,12.81,25.95
1992-12-29,39.0,19.74,28.67,0.0,0.23,9.91,33.71
1992-12-30,36.84,17.33,26.12,0.0,0.23,11.92,33.4
1992-12-31,31.77,17.58,24.15,0.0,0.23,10.06,31.86
1993-01-01,31.59,15.82,21.62,0.0,0.23,8.76,33.06
1993-01-02,31.79,14.82,22.83,0.0,0.23,6.31,32.8
1993-01-03,35.64,14.14,25.45,0.0,0.23,0.16,34.04
1993-01-04,37.51,18.28,28.42,0.0,0.23,0.28,34.54
1993-01-05,37.13,20.9,28.92,0.0,0.22,1.68,33.83
1993-01-06,37.79,20.61,29.16,0.0,0.22,0.22,34.65
1993-01-07,39.15,19.26,29.82,0.0,0.22,-0.65,34.54
1993-01-08,41.41,21.38,31.83,0.0,0.22,-1.17,34.53
1993-01-09,42.63,22.14,32.93,0.01,0.22,-0.34,34.09
1993-01-10,43.08,22.81,33.35,0.0,0.22,0.54,29.87
1993-01-11,44.41,22.8,33.99,0.28,0.22,5.56,27.32
1993-01-12,42.07,26.89,33.33,1.96,0.22,9.94,20.49
1993-01-13,40.72,22.06,31.32,0.0,0.22,10.69,31.93
1993-01-14,40.0,19.15,29.07,0.0,0.22,7.27,32.58
1993-01-15,35.14,17.89,25.14,0.0,0.22,10.38,32.26
1993-01-16,32.37,18.65,24.51,0.0,0.22,9.86,32.19
1993-01-17,36.15,14.71,25.54,0.0,0.22,4.69,33.89
1993-01-18,40.92,15.84,28.38,0.0,0.22,6.25,33.08
1993-01-19,42.07,19.28,30.08,0.03,0.22,10.79,32.64
1993-01-20,39.44,22.01,30.7,0.66,0.22,12.22,31.54
1993-01-21,38.86,24.42,31.44,0.44,0.22,12.09,31.86
1993-01-22,40.13,21.41,30.79,0.0,0.21,7.3,31.81
1993-01-23,36.04,17.21,25.87,0.04,0.21,9.04,32.91
1993-01-24,39.58,16.31,28.19,0.0,0.21,4.65,33.03
1993-01-25,42.52,20.22,30.32,0.14,0.21,7.47,26.68
1993-01-26,40.03,19.42,29.71,0.03,0.21,8.57,32.19
1993-01-27,43.85,21.32,33.02,0.0,0.21,5.23,31.84
1993-01-28,44.6,24.43,34.82,0.0,0.21,3.43,30.48
1993-01-29,45.08,23.96,34.97,0.0,0.21,0.89,32.57
1993-01-30,45.89,22.97,34.41,0.05,0.21,5.52,26.63
1993-01-31,42.65,26.25,34.14,0.15,0.21,14.48,26.18
1993-02-01,38.99,21.3,31.09,0.61,0.21,16.16,24.09
1993-02-02,37.22,18.52,27.45,0.01,0.21,9.13,31.05
1993-02-03,35.05,20.6,29.27,0.04,0.21,14.68,31.32
1993-02-04,39.18,25.58,32.09,0.02,0.21,17.82,26.5
1993-02-05,38.37,26.54,32.57,0.13,0.21,18.12,25.29
1993-02-06,38.58,27.55,32.3,0.64,0.21,17.24,26.43
1993-02-07,35.02,21.61,28.31,0.41,0.21,14.16,28.05
1993-02-08,33.58,22.33,27.83,0.24,0.21,13.72,28.23
1993-02-09,38.6,23.9,31.2,0.68,0.21,13.6,26.09
1993-02-10,36.04,23.29,29.26,0.0,0.21,10.87,29.64
1993-02-11,36.68,19.48,27.73,0.0,0.21,5.35,31.68
1993-02-12,40.7,21.51,29.86,0.0,0.21,5.88,29.5
1993-02-13,34.64,16.97,25.59,0.0,0.21,7.53,30.0
1993-02-14,38.5,18.68,28.35,0.0,0.21,4.58,30.32
1993-02-15,42.39,22.89,32.21,0.0,0.21,4.83,28.87
1993-02-16,42.45,22.91,31.87,0.0,0.21,8.24,28.42
1993-02-17,40.2,20.52,28.74,0.0,0.21,11.19,29.53
1993-02-18,38.76,17.82,27.65,0.0,0.2,8.85,29.74
1993-02-19,38.01,18.69,28.08,0.0,0.2,6.4,29.56
1993-02-20,35.66,18.55,26.91,0.07,0.2,1.98,29.78
1993-02-21,33.72,18.18,25.66,0.0,0.2,2.39,28.31
1993-02-22,36.21,17.57,27.07,0.0,0.2,0.86,28.53
1993-02-23,36.23,16.81,26.01,0.26,0.2,5.27,29.06
1993-02-24,36.27,14.63,25.51,0.0,0.2,5.17,28.6
1993-02-25,37.59,18.3,27.77,0.0,0.2,2.52,28.3
1993-02-26,38.26,19.85,28.85,0.0,0.2,3.47,28.06
1993-02-27,37.55,20.67,28.26,0.0,0.2,5.3,28.31
1993-02-28,37.29,18.45,27.67,0.0,0.2,0.34,27.76
1993-03-01,37.18,20.28,28.53,0.0,0.2,3.23,28.09
1993-03-02,39.0,20.82,29.69,0.0,0.2,3.39,26.96
1993-03-03,39.42,20.14,29.17,0.0,0.2,4.39,28.21
1993-03-04,40.68,19.1,29.99,0.0,0.2,4.29,27.43
1993-03-05,40.74,24.34,31.85,0.0,0.2,4.0,25.39
1993-03-06,39.24,19.82,27.98,0.0,0.2,10.43,26.8
1993-03-07,34.65,17.21,25.5,0.0,0.2,10.83,24.36
1993-03-08,35.97,21.25,27.31,0.0,0.2,8.49,22.53
1993-03-09,35.19,19.02,26.69,0.01,0.2,7.76,19.7
1993-03-10,35.5,20.18,27.73,0.16,0.2,8.64,9.82
1993-03-11,34.15,21.15,26.97,2.71,0.2,11.47,16.91
1993-03-12,33.84,21.42,26.98,0.05,0.21,12.46,26.34
1993-03-13,33.93,16.1,24.28,0.0,0.21,4.77,26.3
1993-03-14,31.94,13.9,22.11,0.04,0.2,9.13,25.56
1993-03-15,30.46,15.98,22.23,0.22,0.2,9.72,23.57
1993-03-16,31.45,16.15,24.02,0.1,0.2,8.36,25.11
1993-03-17,32.3,16.96,24.17,0.0,0.2,7.66,25.47
1993-03-18,28.89,14.3,20.35,0.0,0.2,9.29,24.9
1993-03-19,23.32,11.02,16.78,0.03,0.2,6.17,23.68
1993-03-20,27.43,14.71,20.05,0.13,0.2,10.93,21.28
1993-03-21,29.24,14.88,21.34,0.03,0.2,10.93,17.77
1993-03-22,32.7,14.58,23.71,0.01,0.2,6.98,16.02
1993-03-23,34.35,17.56,25.73,0.01,0.2,6.37,19.72
1993-03-24,27.7,15.21,21.09,0.0,0.2,11.07,18.92
1993-03-25,26.81,13.77,19.03,0.0,0.2,9.58,19.78
1993-03-26,22.76,12.04,17.23,0.0,0.2,5.78,20.66
1993-03-27,29.29,13.14,20.18,0.0,0.2,4.01,23.6
1993-03-28,35.28,13.77,24.55,0.0,0.2,1.67,15.79
1993-03-29,34.9,16.55,24.69,0.0,0.2,8.24,22.86
1993-03-30,31.21,16.03,22.53,0.0,0.2,13.82,18.67
1993-03-31,28.95,15.11,21.25,0.0,0.2,7.3,21.51
1993-04-01,32.28,16.25,23.11,0.0,0.2,2.02,20.96
1993-04-02,33.28,13.59,22.65,0.0,0.2,7.75,22.17
1993-04-03,24.57,12.88,19.4,0.25,0.2,9.65,13.42
1993-04-04,24.6,9.31,16.54,0.0,0.2,5.45,22.38
1993-04-05,28.02,10.6,18.77,0.0,0.2,5.19,21.52
1993-04-06,32.84,12.16,21.76,0.0,0.2,0.43,21.52
1993-04-07,34.98,12.92,23.19,0.42,0.2,3.65,21.57
1993-04-08,35.06,15.42,25.07,0.38,0.2,10.63,18.93
1993-04-09,29.66,21.07,24.43,0.92,0.2,11.96,11.5
1993-04-10,30.61,17.58,23.56,2.88,0.21,12.13,18.71
1993-04-11,27.49,14.81,20.94,1.46,0.21,11.88,13.16
1993-04-12,23.64,12.58,17.18,0.09,0.21,6.29,15.53
1993-04-13,26.95,9.58,18.13,0.01,0.21,0.97,20.12
1993-04-14,27.83,16.25,21.17,0.61,0.21,11.39,17.89
1993-04-15,30.82,17.34,23.78,0.1,0.21,14.79,14.66
1993-04-16,34.22,18.16,25.82,0.0,0.21,13.69,18.48
1993-04-17,35.58,18.99,26.32,0.0,0.21,12.32,18.84
1993-04-18,34.08,17.4,25.2,0.0,0.21,12.38,19.25
1993-04-19,34.42,17.22,24.93,0.0,0.21,11.16,18.84
1993-04-20,33.46,15.97,23.84,0.0,0.21,11.61,18.97
1993-04-21,33.34,17.25,23.75,0.0,0.21,10.55,18.71
1993-04-22,30.01,13.37,20.3,0.0,0.21,9.11,19.49
1993-04-23,27.98,11.94,19.05,0.0,0.21,8.38,19.28
1993-04-24,33.83,13.25,24.07,0.02,0.21,5.37,18.26
1993-04-25,32.21,18.83,25.05,0.01,0.2,6.53,14.57
1993-04-26,29.69,14.38,21.16,0.04,0.2,8.34,17.85
1993-04-27,30.62,16.24,21.95,0.4,0.2,10.65,16.34
1993-04-28,29.06,16.91,21.45,2.36,0.21,12.5,13.47
1993-04-29,24.89,15.12,19.22,7.21,0.22,13.3,15.3
1993-04-30,16.19,13.11,14.54,25.44,0.24,12.07,4.43
1993-05-01,22.93,12.38,17.09,38.94,0.31,14.92,4.05
1993-05-02,21.93,10.39,16.2,5.22,0.34,11.23,14.44
1993-05-03,23.21,11.37,16.82,0.77,0.33,9.34,16.01
1993-05-04,24.36,10.06,16.86,0.04,0.32,9.72,15.87
1993-05-05,24.63,11.19,17.55,0.01,0.31,11.98,11.87
1993-05-06,23.86,11.55,17.18,0.0,0.31,10.44,13.32
1993-05-07,23.91,9.16,16.1,0.0,0.31,7.06,16.35
1993-05-08,25.42,11.02,17.7,0.3,0.31,7.23,13.03
1993-05-09,27.01,13.29,19.07,3.43,0.3,9.17,15.94
1993-05-10,24.16,11.13,17.16,0.29,0.31,9.92,14.18
1993-05-11,22.42,10.19,15.31,0.03,0.31,7.42,16.69
1993-05-12,21.78,8.26,14.54,0.0,0.3,5.1,16.22
1993-05-13,23.04,9.92,15.71,0.0,0.3,6.27,16.19
1993-05-14,23.3,9.38,15.45,0.0,0.3,5.44,16.12
1993-05-15,24.51,10.29,16.0,0.0,0.3,4.9,12.7
1993-05-16,26.75,11.01,18.27,0.01,0.3,5.61,16.03
1993-05-17,27.74,12.08,19.18,0.0,0.3,3.49,15.52
1993-05-18,26.31,14.01,19.44,0.43,0.3,8.02,8.2
1993-05-19,20.55,12.63,16.61,0.67,0.3,12.43,10.15
1993-05-20,19.63,9.88,14.0,0.0,0.3,6.5,11.33
1993-05-21,17.81,5.87,11.41,0.0,0.29,1.43,15.09
1993-05-22,19.85,5.51,11.76,0.0,0.29,-0.61,7.54
1993-05-23,20.17,3.72,11.1,0.0,0.29,-0.62,15.56
1993-05-24,20.58,4.72,11.7,0.0,0.29,-0.26,15.6
1993-05-25,23.06,5.14,13.0,0.05,0.29,-0.15,15.51
1993-05-26,26.5,9.07,17.18,0.87,0.29,7.13,14.35
1993-05-27,23.66,13.67,17.76,9.14,0.3,12.51,7.01
1993-05-28,16.1,6.47,12.42,17.19,0.34,9.12,10.35
1993-05-29,15.78,4.34,9.75,0.24,0.33,5.41,14.38
1993-05-30,17.7,5.1,10.82,0.0,0.33,4.11,14.76
1993-05-31,17.05,3.76,9.51,0.0,0.32,1.21,14.15
1993-06-01,19.47,3.04,10.68,0.13,0.32,1.49,14.09
1993-06-02,19.22,8.49,12.65,0.18,0.32,7.52,14.1
1993-06-03,19.34,5.43,11.51,0.0,0.32,1.85,14.78
1993-06-04,18.32,5.4,10.9,0.0,0.32,2.61,14.69
1993-06-05,17.82,3.43,10.08,0.0,0.32,0.56,14.54
1993-06-06,18.51,4.32,10.52,0.08,0.31,0.49,13.93
1993-06-07,14.57,6.53,10.03,1.48,0.31,2.34,6.02
1993-06-08,15.29,7.55,10.73,22.08,0.33,8.31,4.25
1993-06-09,17.21,9.89,13.33,4.18,0.36,11.42,7.47
1993-06-10,16.63,7.96,11.63,0.06,0.36,7.05,10.67
1993-06-11,16.87,6.05,10.25,0.01,0.35,5.35,10.53
1993-06-12,17.36,4.75,10.29,0.0,0.35,4.73,13.91
1993-06-13,17.38,4.09,9.88,0.01,0.35,3.86,14.16
1993-06-14,18.9,4.65,10.51,0.01,0.34,3.82,14.07
1993-06-15,19.86,4.98,11.17,0.08,0.34,2.22,14.17
1993-06-16,19.73,5.54,12.34,2.32,0.34,5.64,7.68
1993-06-17,18.41,8.18,12.79,0.37,0.34,9.46,8.54
1993-06-18,18.01,7.9,12.31,0.85,0.34,8.63,13.59
1993-06-19,17.72,4.57,10.31,0.0,0.34,4.23,14.03
1993-06-20,17.61,5.27,10.42,0.1,0.34,5.24,14.05
1993-06-21,18.68,5.11,11.63,0.54,0.34,4.58,7.75
1993-06-22,16.53,7.18,11.72,4.6,0.34,6.87,4.71
1993-06-23,16.81,9.41,12.64,0.05,0.35,7.73,9.25
1993-06-24,18.72,8.78,12.82,3.52,0.34,8.54,8.02
1993-06-25,17.71,9.69,12.98,7.75,0.36,10.23,8.95
1993-06-26,17.25,9.67,12.91,3.2,0.36,10.54,9.06
1993-06-27,17.4,7.96,12.56,1.92,0.36,9.08,11.04
1993-06-28,16.41,8.8,12.59,1.13,0.36,9.33,11.13
1993-06-29,16.93,5.9,11.55,1.04,0.36,7.72,10.51
1993-06-30,14.89,4.08,9.54,0.05,0.36,4.24,13.46
1993-07-01,18.94,3.24,10.95,0.22,0.36,4.27,13.81
1993-07-02,17.64,8.76,12.99,1.7,0.36,8.8,12.61
1993-07-03,16.43,5.12,10.64,0.0,0.36,5.76,10.54
1993-07-04,16.42,4.33,9.23,0.03,0.36,4.91,12.27
1993-07-05,14.78,3.22,7.77,0.1,0.35,4.38,11.08
1993-07-06,14.76,3.85,7.8,0.14,0.35,3.37,14.1
1993-07-07,15.87,1.55,7.9,0.0,0.35,1.87,14.12
1993-07-08,18.26,3.1,9.66,0.0,0.35,2.29,13.42
1993-07-09,20.66,3.85,11.55,0.0,0.35,1.68,13.68
1993-07-10,22.15,4.91,12.17,0.05,0.35,1.17,14.31
1993-07-11,21.66,7.07,13.72,1.0,0.35,9.0,10.98
1993-07-12,13.12,6.89,10.48,7.22,0.36,8.65,2.88
1993-07-13,17.44,6.08,10.77,0.15,0.36,7.42,11.21
1993-07-14,16.74,6.86,10.95,0.12,0.36,6.96,12.22
1993-07-15,19.16,5.71,12.19,0.01,0.35,7.19,14.81
1993-07-16,13.69,5.85,10.02,1.2,0.35,6.96,9.18
1993-07-17,13.93,2.55,7.21,0.0,0.35,0.71,15.04
1993-07-18,15.94,0.78,7.41,0.02,0.35,-0.61,15.18
1993-07-19,15.89,1.48,7.9,0.0,0.35,0.37,15.15
1993-07-20,17.99,4.01,9.87,0.05,0.35,1.4,14.08
1993-07-21,20.42,4.57,11.89,0.03,0.34,0.25,15.28
1993-07-22,18.85,9.86,13.64,7.12,0.35,10.8,7.86
1993-07-23,17.46,6.36,12.02,0.58,0.36,8.24,12.82
1993-07-24,16.62,3.16,9.89,0.07,0.35,3.62,15.57
1993-07-25,18.28,4.98,11.83,0.55,0.35,6.05,11.97
1993-07-26,19.27,8.53,12.98,4.88,0.35,10.38,9.23
1993-07-27,18.33,10.46,13.6,3.33,0.36,10.35,11.76
1993-07-28,17.38,10.15,13.28,2.83,0.36,10.62,11.13
1993-07-29,13.9,5.35,10.66,6.19,0.37,7.14,9.82
1993-07-30,15.41,3.19,9.45,0.49,0.37,6.18,14.43
1993-07-31,16.52,5.52,11.51,0.86,0.37,7.24,14.6
1993-08-01,16.74,2.99,8.83,0.0,0.36,3.08,16.97
1993-08-02,18.16,1.66,8.91,0.0,0.36,-0.43,17.01
1993-08-03,20.27,2.35,10.29,0.07,0.36,-0.92,16.74
1993-08-04,17.3,6.15,10.89,4.99,0.36,8.89,8.48
1993-08-05,22.3,6.77,14.08,6.07,0.36,11.17,6.38
1993-08-06,18.88,10.37,15.34,7.56,0.38,11.66,12.49
1993-08-07,18.61,10.5,13.52,1.81,0.38,9.7,14.8
1993-08-08,17.39,9.71,13.2,1.33,0.38,10.42,10.46
1993-08-09,18.99,7.76,12.82,0.53,0.38,8.15,16.65
1993-08-10,20.71,6.21,13.19,0.0,0.37,4.93,18.51
1993-08-11,20.79,4.42,12.4,0.2,0.37,4.12,18.38
1993-08-12,14.71,7.28,10.46,5.94,0.38,8.71,8.42
1993-08-13,12.03,2.82,7.39,0.12,0.38,2.9,13.71
1993-08-14,15.98,0.2,8.24,0.04,0.38,3.16,18.41
1993-08-15,17.11,6.07,10.82,0.7,0.37,8.55,14.39
1993-08-16,19.21,5.99,12.14,0.02,0.37,7.54,16.88
1993-08-17,21.79,6.1,13.16,0.0,0.37,5.13,19.06
1993-08-18,22.78,5.81,13.42,0.0,0.37,2.77,19.61
1993-08-19,23.59,4.93,13.57,0.0,0.36,2.57,19.88
1993-08-20,25.46,5.61,14.84,0.0,0.36,3.5,19.78
1993-08-21,26.44,7.78,16.08,0.0,0.36,4.92,19.28
1993-08-22,24.21,8.08,15.32,0.0,0.35,9.09,16.61
1993-08-23,23.22,7.61,14.27,0.01,0.35,7.53,20.18
1993-08-24,21.52,6.26,12.7,0.16,0.35,7.63,19.6
1993-08-25,14.16,5.28,10.2,2.53,0.35,6.09,15.59
1993-08-26,17.87,3.61,9.85,0.16,0.35,4.92,16.66
1993-08-27,20.46,4.86,12.05,0.0,0.35,5.47,19.4
1993-08-28,24.02,5.21,13.38,0.41,0.35,5.39,20.6
1993-08-29,14.24,4.67,9.94,8.25,0.36,7.32,11.24
1993-08-30,14.62,3.14,8.54,1.36,0.36,5.35,13.26
1993-08-31,16.11,3.25,8.78,0.0,0.36,2.81,20.39
1993-09-01,19.45,3.3,10.79,0.0,0.35,4.04,18.73
1993-09-02,21.39,4.58,12.36,0.0,0.35,2.61,21.66
1993-09-03,24.09,5.92,14.34,0.01,0.35,2.16,21.71
1993-09-04,18.03,6.46,12.03,4.59,0.35,6.95,14.59
1993-09-05,18.57,4.44,11.43,0.2,0.35,5.47,12.87
1993-09-06,18.86,6.66,12.31,1.66,0.35,8.18,17.38
1993-09-07,14.44,6.36,10.81,5.59,0.35,7.94,14.9
1993-09-08,18.48,3.89,10.09,0.09,0.36,4.96,18.86
1993-09-09,23.78,4.79,14.01,0.0,0.35,3.36,23.05
1993-09-10,28.35,7.4,17.38,0.17,0.35,2.18,23.11
1993-09-11,26.05,11.14,17.5,2.59,0.35,8.33,7.31
1993-09-12,24.38,10.15,16.39,0.03,0.35,10.91,19.52
1993-09-13,23.47,7.54,14.99,0.08,0.34,8.52,21.86
1993-09-14,21.68,9.45,14.94,0.15,0.34,9.52,14.79
1993-09-15,25.38,8.47,16.86,0.59,0.34,11.82,19.12
1993-09-16,21.19,12.4,16.12,0.88,0.34,11.39,15.07
1993-09-17,20.06,7.77,13.85,0.78,0.34,7.64,21.03
1993-09-18,16.92,6.65,11.46,0.32,0.34,5.56,20.67
1993-09-19,17.62,2.59,9.87,0.0,0.34,1.76,22.14
1993-09-20,19.99,4.4,11.59,0.0,0.33,2.41,24.59
1993-09-21,24.89,4.95,14.52,0.03,0.33,0.05,24.59
1993-09-22,26.4,7.2,16.07,0.95,0.33,1.76,25.18
1993-09-23,21.04,7.39,13.64,0.33,0.33,7.13,22.26
1993-09-24,25.1,7.51,15.6,0.01,0.32,6.03,25.22
1993-09-25,26.69,8.06,17.19,0.0,0.32,5.38,25.35
1993-09-26,28.33,9.99,18.88,0.01,0.32,5.88,25.44
1993-09-27,23.27,9.82,15.91,0.06,0.32,9.03,22.72
1993-09-28,23.52,5.54,13.85,0.0,0.32,3.64,25.94
1993-09-29,20.46,5.4,12.75,0.95,0.31,6.31,20.11
1993-09-30,19.42,6.63,12.54,0.36,0.31,4.47,19.26
1993-10-01,18.82,4.34,11.42,1.44,0.31,5.66,19.94
1993-10-02,18.88,4.45,11.13,0.03,0.31,2.8,23.09
1993-10-03,22.54,5.65,13.33,0.0,0.31,4.1,25.91
1993-10-04,26.98,6.3,16.53,0.0,0.31,3.18,27.04
1993-10-05,31.9,9.62,19.96,0.0,0.31,2.97,26.22
1993-10-06,29.46,8.9,17.66,0.0,0.3,8.04,24.98
1993-10-07,24.91,9.51,15.67,0.0,0.3,8.48,23.05
1993-10-08,22.3,9.07,14.69,0.0,0.3,5.58,22.1
1993-10-09,20.55,5.29,12.53,0.0,0.3,-1.13,27.68
1993-10-10,23.33,5.88,14.28,0.16,0.3,-0.88,27.31
1993-10-11,27.8,7.35,17.42,0.0,0.29,0.31,28.17
1993-10-12,28.43,8.2,18.2,0.0,0.29,0.5,28.0
1993-10-13,27.33,11.08,19.05,0.28,0.29,4.18,17.67
1993-10-14,24.53,13.79,18.04,2.14,0.29,7.99,5.54
1993-10-15,27.5,10.44,18.41,0.01,0.29,9.29,27.42
1993-10-16,23.12,10.37,16.58,0.32,0.29,7.8,22.4
1993-10-17,21.47,6.01,13.71,0.0,0.29,2.78,27.21
1993-10-18,26.23,6.39,16.39,0.0,0.29,1.95,29.21
1993-10-19,31.1,8.76,20.01,0.0,0.28,0.6,28.94
1993-10-20,34.77,12.74,24.05,0.01,0.28,3.12,25.93
1993-10-21,30.28,14.04,21.29,0.0,0.28,10.1,29.42
1993-10-22,28.14,11.6,18.31,0.01,0.28,9.49,28.61
1993-10-23,24.25,12.38,17.24,0.56,0.28,9.35,21.92
1993-10-24,26.86,10.39,17.97,0.01,0.28,8.45,27.51
1993-10-25,30.71,10.11,20.12,0.0,0.28,8.61,29.19
1993-10-26,28.41,10.29,18.57,0.02,0.27,9.6,29.52
1993-10-27,20.78,9.33,15.37,0.92,0.27,4.8,24.75
1993-10-28,23.65,6.11,14.66,0.0,0.27,0.35,29.38
1993-10-29,27.27,6.91,17.13,0.0,0.27,1.75,30.63
1993-10-30,25.36,7.42,15.6,0.16,0.27,7.17,28.35
1993-10-31,21.82,9.48,15.21,0.42,0.27,7.14,24.6
1993-11-01,26.21,9.09,17.54,0.0,0.27,3.87,30.12
1993-11-02,31.56,9.8,20.78,0.0,0.27,1.44,30.61
1993-11-03,36.4,11.78,24.38,0.0,0.27,3.1,30.04
1993-11-04,31.53,15.87,22.89,0.0,0.26,8.54,27.86
1993-11-05,33.69,13.72,23.37,5.31,0.26,10.82,21.09
1993-11-06,32.34,15.45,24.38,1.42,0.27,11.83,30.7
1993-11-07,36.05,16.43,26.29,0.0,0.27,9.9,29.18
1993-11-08,34.64,16.61,24.57,1.52,0.27,11.63,30.82
1993-11-09,26.93,14.14,19.46,0.38,0.27,10.68,22.88
1993-11-10,28.12,14.31,19.99,0.12,0.27,9.73,20.01
1993-11-11,30.72,11.82,20.87,0.13,0.26,8.31,28.89
1993-11-12,20.48,14.42,17.63,6.17,0.27,11.72,7.89
1993-11-13,27.68,15.65,21.05,9.83,0.28,13.59,20.05
1993-11-14,27.94,15.7,21.77,1.72,0.29,13.44,26.75
1993-11-15,31.46,15.7,23.29,0.08,0.28,14.25,27.13
1993-11-16,28.55,15.64,21.35,0.03,0.28,13.25,21.19
1993-11-17,27.83,12.81,19.14,0.0,0.28,9.49,26.77
1993-11-18,26.78,11.75,19.12,0.0,0.27,7.12,27.49
1993-11-19,28.28,12.09,20.1,0.0,0.27,4.01,32.51
1993-11-20,32.26,12.49,22.66,0.0,0.27,3.16,33.24
1993-11-21,34.27,12.13,23.79,0.0,0.27,4.35,32.98
1993-11-22,37.03,17.52,27.48,0.0,0.27,4.84,32.78
1993-11-23,40.03,16.74,29.05,0.0,0.26,5.17,32.95
1993-11-24,42.07,20.81,31.39,0.0,0.26,3.26,34.19
1993-11-25,30.97,16.59,23.75,0.0,0.26,10.03,32.58
1993-11-26,30.43,14.03,21.49,0.0,0.26,6.64,31.54
1993-11-27,37.66,13.22,25.75,0.0,0.26,5.47,32.59
1993-11-28,39.2,18.94,28.28,0.0,0.26,6.84,26.01
1993-11-29,33.92,18.04,24.43,0.0,0.25,12.42,27.5
1993-11-30,30.14,16.82,22.88,0.06,0.25,9.84,21.33
1993-12-01,28.74,15.85,21.66,0.17,0.25,7.62,17.8
1993-12-02,36.97,17.23,27.6,0.01,0.25,9.86,33.1
1993-12-03,37.9,22.15,28.86,1.08,0.25,10.86,18.45
1993-12-04,32.94,19.12,25.61,0.1,0.25,7.95,31.82
1993-12-05,34.48,17.48,25.72,0.01,0.25,8.71,33.48
1993-12-06,33.15,17.21,25.24,0.0,0.25,8.44,33.66
1993-12-07,35.16,17.72,26.83,0.0,0.25,10.16,31.87
1993-12-08,37.52,18.61,27.86,0.0,0.24,12.32,28.7
1993-12-09,29.13,15.12,21.07,0.0,0.24,9.11,32.57
1993-12-10,27.39,11.94,19.48,0.0,0.24,2.46,33.26
1993-12-11,31.88,13.46,22.66,0.0,0.24,1.05,34.05
1993-12-12,37.99,14.91,25.33,0.0,0.24,3.52,33.52
1993-12-13,28.32,13.07,20.51,0.0,0.24,1.73,33.69
1993-12-14,31.62,12.91,22.45,0.0,0.24,-0.32,33.42
1993-12-15,36.67,16.08,27.09,0.0,0.24,1.66,33.43
1993-12-16,40.21,20.44,30.71,0.0,0.24,1.19,34.18
1993-12-17,41.48,21.79,32.19,0.01,0.23,3.5,32.62
1993-12-18,41.59,23.42,32.78,0.01,0.23,8.62,33.02
1993-12-19,39.99,23.6,31.21,0.1,0.23,12.66,33.05
1993-12-20,33.28,16.29,24.04,0.01,0.23,9.09,33.83
1993-12-21,33.07,13.08,23.07,0.0,0.23,2.87,33.71
1993-12-22,36.78,16.05,26.73,0.0,0.23,-1.51,33.33
1993-12-23,39.32,16.02,28.24,0.07,0.23,1.97,33.83
1993-12-24,41.03,19.31,30.79,0.0,0.23,4.16,33.61
1993-12-25,38.73,22.77,29.76,0.01,0.23,8.89,33.07
1993-12-26,41.24,22.78,32.34,0.3,0.23,8.49,26.48
1993-12-27,37.05,24.53,31.04,2.35,0.23,11.45,19.49
1993-12-28,34.5,20.11,26.76,0.11,0.23,12.77,29.42
1993-12-29,38.33,15.93,27.18,0.0,0.23,7.46,33.85
1993-12-30,41.78,18.28,30.96,0.06,0.23,6.92,33.12
1993-12-31,42.49,22.36,31.65,0.11,0.22,9.52,32.74
1994-01-01,36.24,16.52,26.22,0.0,0.22,7.8,33.52
1994-01-02,37.51,15.8,26.75,0.0,0.22,4.69,33.65
1994-01-03,35.59,14.39,24.85,0.0,0.22,3.88,34.4
1994-01-04,36.32,13.74,25.42,0.0,0.22,4.83,33.13
1994-01-05,37.9,15.33,26.63,0.0,0.22,5.21,33.87
1994-01-06,37.25,16.25,26.68,0.0,0.22,6.44,33.46
1994-01-07,36.42,15.52,26.07,0.0,0.22,8.0,33.67
1994-01-08,39.22,17.58,29.12,0.0,0.22,6.35,33.37
1994-01-09,40.75,20.69,30.25,0.0,0.22,5.54,32.74
1994-01-10,37.51,15.62,26.72,0.0,0.22,8.6,32.66
1994-01-11,40.29,17.75,29.0,0.0,0.22,6.24,33.08
1994-01-12,39.26,17.62,28.18,0.0,0.22,6.84,33.75
1994-01-13,41.29,17.76,29.41,0.0,0.21,7.52,33.31
1994-01-14,40.03,20.5,28.61,0.0,0.21,9.09,33.09
1994-01-15,34.38,16.8,24.54,0.0,0.21,6.63,30.61
1994-01-16,32.76,14.02,23.06,0.0,0.21,6.0,33.09
1994-01-17,36.01,14.34,25.97,0.0,0.21,3.59,32.93
1994-01-18,39.42,18.94,29.72,0.0,0.21,2.22,33.19
1994-01-19,43.2,21.96,33.26,0.08,0.21,5.56,30.63
1994-01-20,45.56,27.06,35.43,0.0,0.21,8.91,32.3
1994-01-21,43.37,24.56,33.0,0.01,0.21,9.52,32.9
1994-01-22,43.97,22.18,33.36,0.0,0.21,6.41,33.09
1994-01-23,46.74,25.22,35.56,0.0,0.21,3.57,32.5
1994-01-24,39.6,18.82,28.03,0.0,0.21,11.55,32.96
1994-01-25,30.33,14.98,21.94,0.0,0.21,4.89,32.03
1994-01-26,33.76,12.73,23.5,0.0,0.21,3.89,32.55
1994-01-27,38.13,18.79,28.71,0.0,0.21,2.03,32.62
1994-01-28,37.79,20.88,29.52,0.0,0.21,0.83,33.0
1994-01-29,37.38,20.46,29.03,0.0,0.21,1.8,32.21
1994-01-30,39.72,20.51,30.42,0.0,0.21,4.01,31.66
1994-01-31,43.59,21.76,32.28,0.02,0.21,7.85,29.92
1994-02-01,33.05,18.18,24.39,0.0,0.21,11.27,29.87
1994-02-02,33.62,16.34,24.13,0.0,0.21,9.43,31.81
1994-02-03,36.5,14.57,25.48,0.0,0.21,8.08,32.16
1994-02-04,36.0,17.1,24.86,0.0,0.21,11.19,32.19
1994-02-05,31.56,15.52,22.83,0.0,0.21,8.72,32.06
1994-02-06,35.49,14.56,24.1,0.0,0.2,7.58,31.86
1994-02-07,30.57,13.69,21.44,0.0,0.2,8.9,31.49
1994-02-08,33.1,12.32,22.76,0.0,0.2,3.96,31.57
1994-02-09,29.83,14.45,22.08,0.0,0.2,7.09,28.45
1994-02-10,33.59,14.83,24.26,0.0,0.2,1.95,30.4
1994-02-11,39.24,18.01,28.94,0.0,0.2,1.08,30.34
1994-02-12,41.03,23.22,31.62,0.0,0.2,9.62,29.24
1994-02-13,37.05,17.72,26.44,0.0,0.2,9.3,29.92
1994-02-14,34.43,16.32,24.88,0.0,0.2,6.22,29.54
1994-02-15,36.87,17.91,27.51,0.0,0.2,3.73,30.03
1994-02-16,38.42,21.12,29.68,0.0,0.2,3.17,29.55
1994-02-17,37.63,20.9,29.25,0.0,0.2,3.27,29.56
1994-02-18,36.11,23.09,29.6,0.0,0.2,6.86,15.35
1994-02-19,40.29,22.26,31.67,0.02,0.2,5.34,28.7
1994-02-20,39.06,20.96,29.67,0.01,0.2,8.63,28.36
1994-02-21,39.03,20.4,29.49,0.06,0.2,8.94,22.51
1994-02-22,32.4,22.75,27.1,0.69,0.2,16.02,15.44
1994-02-23,32.49,21.83,26.26,0.62,0.2,16.24,16.29
1994-02-24,33.57,20.67,27.17,3.36,0.21,17.88,20.58
1994-02-25,35.43,23.6,27.84,20.34,0.23,20.55,12.41
1994-02-26,28.81,21.98,25.03,13.46,0.26,19.75,9.54
1994-02-27,27.07,18.51,22.8,7.09,0.27,14.34,20.75
1994-02-28,30.65,18.42,24.24,4.4,0.27,12.11,9.51
1994-03-01,32.66,18.49,25.35,0.04,0.27,7.99,27.41
1994-03-02,33.62,18.28,25.92,0.0,0.26,6.78,26.75
1994-03-03,36.02,18.68,27.4,0.0,0.26,6.07,27.1
1994-03-04,36.71,19.13,28.09,0.0,0.25,5.98,26.98
1994-03-05,35.95,19.85,27.65,0.0,0.25,5.68,26.23
1994-03-06,35.04,18.76,26.72,0.0,0.25,4.18,26.53
1994-03-07,35.31,18.44,26.57,0.0,0.25,2.94,26.39
1994-03-08,37.44,17.83,27.24,0.0,0.25,4.52,27.43
1994-03-09,34.49,16.2,25.18,0.0,0.24,9.66,25.5
1994-03-10,37.13,18.23,27.16,0.0,0.24,6.23,26.32
1994-03-11,40.65,20.61,30.16,0.0,0.24,5.85,25.52
1994-03-12,39.87,22.89,30.94,0.0,0.24,6.31,21.97
1994-03-13,40.06,20.25,30.13,0.0,0.24,7.88,24.84
1994-03-14,39.63,20.69,29.88,0.0,0.24,5.79,25.51
1994-03-15,39.85,20.19,29.35,0.0,0.24,6.87,25.89
1994-03-16,40.68,19.8,29.92,0.0,0.24,1.29,26.4
1994-03-17,39.46,19.07,29.3,0.0,0.24,2.92,25.22
1994-03-18,40.13,19.48,30.05,0.0,0.23,1.92,19.96
1994-03-19,39.52,22.47,30.71,0.0,0.23,7.11,13.61
1994-03-20,38.67,22.45,30.3,0.0,0.23,9.33,17.78
1994-03-21,40.57,22.45,30.54,0.0,0.23,7.44,24.5
1994-03-22,37.38,21.77,28.37,0.0,0.23,11.86,22.73
1994-03-23,35.74,19.0,26.41,0.0,0.23,12.83,22.95
1994-03-24,38.04,18.58,26.12,0.0,0.23,13.48,24.05
1994-03-25,32.31,16.63,23.82,0.0,0.23,10.81,22.63
1994-03-26,37.04,17.41,25.8,0.0,0.23,10.18,23.38
1994-03-27,30.4,16.83,22.19,0.01,0.23,12.77,21.71
1994-03-28,29.43,14.17,21.23,0.01,0.23,8.83,22.71
1994-03-29,30.85,16.45,21.48,0.07,0.23,7.93,19.66
1994-03-30,26.9,12.56,19.29,0.03,0.23,7.87,21.83
1994-03-31,27.86,11.23,19.56,0.0,0.23,3.77,23.27
1994-04-01,28.87,13.59,20.66,0.0,0.23,2.38,23.14
1994-04-02,29.66,13.17,21.14,0.0,0.23,0.18,22.28
1994-04-03,26.73,16.32,21.18,0.0,0.22,-0.28,20.19
1994-04-04,30.91,12.71,21.49,0.0,0.22,6.45,22.52
1994-04-05,29.86,12.64,20.87,0.0,0.22,6.91,21.48
1994-04-06,31.33,13.25,21.82,0.0,0.22,4.58,21.69
1994-04-07,34.64,15.85,24.19,0.0,0.22,4.87,21.9
1994-04-08,32.09,12.97,21.91,0.0,0.22,9.64,21.41
1994-04-09,32.82,14.53,23.0,0.0,0.22,8.76,21.22
1994-04-10,31.0,15.4,22.68,0.0,0.22,6.18,21.44
1994-04-11,32.82,15.83,23.6,0.0,0.22,2.06,20.35
1994-04-12,34.35,16.92,24.77,0.0,0.22,-0.05,19.52
1994-04-13,29.67,19.27,23.87,0.0,0.22,6.56,9.72
1994-04-14,32.51,18.74,25.38,0.0,0.22,4.84,15.58
1994-04-15,33.55,19.12,25.3,0.0,0.22,5.29,17.77
1994-04-16,28.81,17.2,22.92,0.0,0.22,14.71,13.1
1994-04-17,31.8,17.09,23.6,0.0,0.22,9.81,19.53
1994-04-18,34.03,16.86,25.02,0.0,0.22,5.23,19.51
1994-04-19,35.61,19.18,26.55,0.0,0.22,4.4,19.34
1994-04-20,35.21,16.75,25.1,0.0,0.22,7.23,17.54
1994-04-21,34.59,15.79,24.53,0.0,0.22,9.73,18.25
1994-04-22,34.5,15.8,24.4,0.0,0.22,6.31,19.08
1994-04-23,33.65,15.49,23.54,0.0,0.21,9.48,18.49
1994-04-24,30.03,14.58,21.62,0.0,0.21,10.84,15.71
1994-04-25,27.55,15.34,20.2,0.0,0.21,10.54,16.63
1994-04-26,26.72,11.28,18.8,0.0,0.21,9.23,18.0
1994-04-27,29.52,13.23,20.75,0.0,0.21,9.23,18.58
1994-04-28,31.97,13.53,22.04,0.0,0.21,4.81,18.41
1994-04-29,33.12,15.1,23.07,0.01,0.21,3.34,16.57
1994-04-30,26.7,13.77,19.16,0.0,0.21,7.95,18.28
1994-05-01,30.31,12.14,20.47,0.0,0.21,5.61,17.79
1994-05-02,31.7,14.17,22.49,0.0,0.21,5.11,17.58
1994-05-03,32.63,14.87,22.76,0.0,0.21,3.37,17.08
1994-05-04,30.28,16.48,21.82,0.0,0.21,7.35,15.6
1994-05-05,27.55,16.31,20.97,0.01,0.21,8.04,10.73
1994-05-06,26.21,16.72,20.27,0.01,0.21,8.23,10.73
1994-05-07,29.52,12.97,20.18,0.0,0.21,3.0,16.62
1994-05-08,25.08,11.57,17.43,0.0,0.21,3.94,16.62
1994-05-09,24.0,11.12,16.71,0.0,0.21,3.72,16.36
1994-05-10,25.85,10.03,17.19,0.0,0.21,2.72,15.98
1994-05-11,27.15,10.44,18.59,0.0,0.21,0.16,16.0
1994-05-12,26.12,11.01,17.67,0.0,0.21,6.93,16.6
1994-05-13,25.3,10.78,17.37,0.0,0.21,8.08,15.63
1994-05-14,28.52,11.55,19.42,0.0,0.21,3.09,15.56
1994-05-15,29.58,12.73,19.57,0.0,0.21,1.06,13.78
1994-05-16,25.97,12.95,18.1,0.0,0.21,11.19,13.5
1994-05-17,26.96,12.03,19.06,0.0,0.21,8.75,15.5
1994-05-18,29.78,13.06,20.42,0.0,0.21,3.47,13.73
1994-05-19,29.03,13.61,19.03,0.0,0.21,4.38,14.25
1994-05-20,28.77,11.98,19.23,0.03,0.21,6.63,15.1
1994-05-21,25.56,13.9,18.65,0.78,0.21,10.47,14.82
1994-05-22,26.7,10.81,18.39,10.57,0.21,9.63,14.56
1994-05-23,17.74,13.31,15.74,11.41,0.25,11.87,11.76
1994-05-24,17.98,10.45,13.78,0.84,0.25,5.5,12.12
1994-05-25,20.8,10.74,15.05,1.37,0.25,10.4,10.72
1994-05-26,22.57,9.75,15.28,0.0,0.25,8.99,13.66
1994-05-27,26.92,9.0,16.58,0.0,0.24,4.59,14.32
1994-05-28,26.99,11.34,18.4,0.02,0.24,11.16,14.26
1994-05-29,25.96,15.75,20.16,17.67,0.25,16.09,11.0
1994-05-30,18.83,11.01,14.67,4.72,0.28,8.99,11.15
1994-05-31,19.06,9.75,13.55,0.2,0.28,7.97,11.0
1994-06-01,18.56,8.58,13.47,4.44,0.27,8.86,8.14
1994-06-02,15.46,6.76,11.63,0.39,0.28,6.09,12.51
1994-06-03,16.73,4.01,9.63,0.0,0.28,3.6,14.5
1994-06-04,18.02,4.22,10.44,0.0,0.28,3.26,14.34
1994-06-05,18.59,5.13,11.3,0.01,0.27,4.4,10.7
1994-06-06,20.81,5.55,12.07,0.02,0.27,-0.27,14.25
1994-06-07,21.65,9.74,14.7,0.56,0.27,8.43,12.79
1994-06-08,20.8,9.25,13.91,1.67,0.27,10.07,10.63
1994-06-09,16.93,5.34,10.39,0.0,0.27,4.29,13.05
1994-06-10,20.13,3.27,10.67,0.03,0.27,2.14,14.17
1994-06-11,19.13,7.4,12.89,0.12,0.27,8.13,9.31
1994-06-12,19.0,6.44,11.78,0.01,0.27,4.23,13.99
1994-06-13,17.68,4.86,10.21,0.0,0.27,2.93,14.25
1994-06-14,21.39,3.47,12.15,0.0,0.27,-0.17,14.21
1994-06-15,23.8,6.01,13.95,0.0,0.27,3.43,14.06
1994-06-16,24.62,7.8,15.33,0.0,0.27,2.42,12.62
1994-06-17,25.13,8.91,16.26,0.0,0.27,0.82,14.15
1994-06-18,24.92,9.93,16.44,0.01,0.27,2.17,8.58
1994-06-19,22.57,13.06,16.82,0.46,0.27,7.34,6.51
1994-06-20,19.33,12.84,15.44,6.67,0.28,11.65,11.31
1994-06-21,16.25,10.08,12.82,2.24,0.28,6.93,11.49
1994-06-22,18.78,8.54,12.87,0.4,0.28,7.25,12.54
1994-06-23,19.33,5.82,11.95,0.0,0.28,5.2,13.84
1994-06-24,20.35,5.14,11.89,0.0,0.28,4.56,13.93
1994-06-25,20.66,6.69,12.48,0.02,0.28,6.62,13.79
1994-06-26,22.17,6.06,13.1,0.0,0.28,2.19,13.91
1994-06-27,17.04,10.3,13.37,10.5,0.29,11.34,6.76
1994-06-28,19.86,6.31,12.22,0.04,0.29,6.01,12.39
1994-06-29,19.2,6.18,12.75,0.12,0.29,6.95,11.65
1994-06-30,23.79,9.98,16.17,3.44,0.29,5.11,7.01
1994-07-01,16.92,10.47,13.23,9.2,0.31,9.12,11.64
1994-07-02,20.19,9.97,13.77,0.31,0.31,9.69,10.66
1994-07-03,20.45,8.37,13.66,0.09,0.3,9.51,9.49
1994-07-04,22.82,7.12,14.49,0.0,0.3,7.17,13.84
1994-07-05,24.77,6.5,14.23,0.0,0.3,2.03,13.92
1994-07-06,22.65,9.19,15.25,0.01,0.3,8.62,12.69
1994-07-07,23.7,7.25,14.33,0.0,0.3,3.46,14.27
1994-07-08,20.44,8.93,13.46,5.11,0.3,11.28,8.59
1994-07-09,15.48,6.43,10.99,1.25,0.3,6.72,10.93
1994-07-10,13.82,5.23,9.19,0.39,0.3,5.6,11.28
1994-07-11,15.63,5.98,10.44,0.96,0.3,7.09,10.74
1994-07-12,18.71,4.46,11.02,0.19,0.3,6.42,13.91
1994-07-13,17.1,9.68,13.01,0.99,0.3,9.9,10.51
1994-07-14,18.18,8.63,12.67,0.35,0.3,7.1,13.82
1994-07-15,20.78,5.34,12.46,0.0,0.3,6.28,14.47
1994-07-16,22.81,6.03,13.27,0.0,0.3,5.09,15.07
1994-07-17,23.12,5.97,12.84,0.0,0.3,1.03,15.05
1994-07-18,24.79,4.47,13.45,0.0,0.3,-1.96,15.09
1994-07-19,26.2,7.19,14.83,0.0,0.3,-0.15,15.09
1994-07-20,26.29,6.77,14.98,0.0,0.3,-0.01,15.07
1994-07-21,25.22,8.07,14.8,0.0,0.29,-3.26,14.97
1994-07-22,23.71,8.37,14.68,0.22,0.29,8.34,12.42
1994-07-23,23.29,8.54,14.77,0.63,0.29,8.48,12.25
1994-07-24,21.5,8.23,13.86,0.5,0.29,7.81,14.04
1994-07-25,21.28,9.0,14.31,0.0,0.29,7.82,15.41
1994-07-26,20.95,7.66,13.05,0.0,0.29,6.62,15.95
1994-07-27,20.69,5.24,11.63,0.0,0.29,3.49,16.16
1994-07-28,20.76,5.7,12.46,0.0,0.29,7.58,15.06
1994-07-29,15.43,3.81,8.92,0.0,0.29,0.8,15.85
1994-07-30,17.44,2.27,9.14,0.0,0.29,1.48,16.02
1994-07-31,20.32,3.9,11.29,0.0,0.29,3.41,16.32
1994-08-01,21.38,4.65,11.95,0.0,0.29,-0.29,16.3
1994-08-02,22.76,4.39,12.43,0.0,0.29,-3.53,16.28
1994-08-03,24.63,5.62,14.47,0.0,0.28,0.61,14.41
1994-08-04,15.57,8.06,12.15,14.67,0.3,9.62,6.87
1994-08-05,16.87,6.07,10.01,0.18,0.31,4.28,16.93
1994-08-06,17.71,3.84,10.02,0.0,0.3,1.97,17.54
1994-08-07,21.5,3.9,11.93,0.0,0.3,-0.85,17.58
1994-08-08,21.26,7.48,13.62,1.34,0.3,4.33,13.05
1994-08-09,24.6,12.64,17.31,8.21,0.3,10.81,7.84
1994-08-10,20.87,13.38,16.4,33.2,0.35,14.75,3.55
1994-08-11,18.75,8.55,14.07,5.27,0.37,11.69,11.05
1994-08-12,18.8,6.52,11.81,0.0,0.37,5.97,16.94
1994-08-13,19.17,5.89,12.11,0.0,0.36,4.83,18.17
1994-08-14,22.02,8.47,14.05,0.0,0.35,6.25,16.87
1994-08-15,23.75,6.9,14.37,0.0,0.35,8.53,18.95
1994-08-16,21.6,7.12,13.41,0.0,0.35,6.21,19.02
1994-08-17,22.94,5.37,13.61,0.0,0.35,4.93,19.09
1994-08-18,22.52,7.63,14.23,0.0,0.34,3.2,19.25
1994-08-19,22.82,6.56,13.6,0.0,0.34,1.91,19.56
1994-08-20,23.67,5.89,13.92,0.0,0.34,-0.33,19.17
1994-08-21,23.66,6.23,14.26,0.01,0.33,1.07,19.01
1994-08-22,21.68,9.35,14.27,0.0,0.33,6.31,16.94
1994-08-23,24.49,6.2,14.98,0.0,0.33,3.13,19.03
1994-08-24,27.15,8.97,17.84,0.0,0.33,2.72,15.22
1994-08-25,28.92,11.74,18.94,0.0,0.33,4.37,20.06
1994-08-26,29.23,10.09,18.4,0.0,0.32,9.37,20.06
1994-08-27,25.9,9.11,16.8,0.0,0.32,10.19,15.13
1994-08-28,25.51,10.3,17.26,0.0,0.32,9.79,20.08
1994-08-29,27.49,12.05,18.56,0.1,0.32,7.62,20.24
1994-08-30,20.44,11.42,15.07,3.86,0.32,10.33,15.96
1994-08-31,16.76,9.74,12.57,3.39,0.33,8.38,16.49
1994-09-01,18.1,9.63,13.07,0.37,0.33,7.74,13.72
1994-09-02,19.28,6.79,12.62,0.59,0.32,7.74,17.03
1994-09-03,19.38,4.67,11.45,0.0,0.32,1.33,21.5
1994-09-04,21.88,3.52,12.25,0.0,0.32,-0.15,21.43
1994-09-05,24.96,5.49,14.72,0.0,0.32,-0.87,21.67
1994-09-06,25.28,7.79,15.78,0.0,0.31,3.82,21.96
1994-09-07,25.17,8.99,15.9,0.0,0.31,3.88,21.9
1994-09-08,28.64,7.31,17.39,0.0,0.31,-0.28,21.84
1994-09-09,31.44,10.32,19.6,0.0,0.31,0.9,22.33
1994-09-10,25.61,11.22,16.9,9.75,0.31,10.61,14.49
1994-09-11,20.86,6.8,13.47,0.39,0.32,6.27,18.97
1994-09-12,24.9,6.16,14.69,0.0,0.32,3.34,23.35
1994-09-13,23.93,6.99,15.22,0.0,0.32,7.35,22.37
1994-09-14,27.51,9.21,17.64,0.0,0.31,7.54,22.96
1994-09-15,29.35,10.64,19.47,0.01,0.31,5.52,21.6
1994-09-16,32.4,12.49,21.69,0.0,0.31,6.05,18.05
1994-09-17,33.71,14.72,23.1,0.0,0.3,8.12,20.72
1994-09-18,30.85,13.5,21.35,0.0,0.3,8.59,23.8
1994-09-19,31.65,14.68,22.61,0.0,0.3,9.74,22.71
1994-09-20,34.3,15.26,23.57,0.0,0.3,9.43,24.14
1994-09-21,26.99,12.45,19.15,0.02,0.29,9.01,22.23
1994-09-22,27.49,8.26,17.27,0.0,0.29,5.03,23.54
1994-09-23,28.22,8.88,17.13,0.0,0.29,5.88,24.46
1994-09-24,27.38,8.95,17.56,0.0,0.29,6.82,23.69
1994-09-25,30.96,11.1,20.79,0.0,0.29,5.72,24.04
1994-09-26,27.06,11.89,18.15,0.05,0.29,10.28,21.55
1994-09-27,22.88,10.53,15.71,0.27,0.29,5.49,21.62
1994-09-28,25.64,6.79,15.68,0.01,0.28,3.47,24.49
1994-09-29,24.88,7.16,15.67,0.25,0.28,7.78,25.24
1994-09-30,21.83,11.16,15.64,0.55,0.28,7.94,20.16
1994-10-01,24.13,10.33,16.3,0.34,0.28,7.57,21.65
1994-10-02,25.05,8.43,15.66,0.02,0.28,8.07,24.47
1994-10-03,22.46,6.01,13.72,0.01,0.28,-0.68,25.5
1994-10-04,26.68,4.84,15.55,0.0,0.28,-2.61,25.74
1994-10-05,22.44,9.01,14.63,0.01,0.28,4.92,21.55
1994-10-06,21.09,3.86,12.0,0.0,0.28,-2.95,26.26
1994-10-07,26.84,5.15,15.78,0.0,0.27,-4.01,26.41
1994-10-08,31.86,8.93,20.44,0.0,0.27,-6.9,26.69
1994-10-09,34.62,12.53,23.65,0.0,0.27,-1.51,20.67
1994-10-10,34.23,16.85,25.12,0.0,0.27,6.65,24.62
1994-10-11,31.92,12.16,21.5,0.0,0.27,9.04,25.97
1994-10-12,32.86,11.83,21.75,0.0,0.27,7.74,27.63
1994-10-13,32.22,12.87,20.76,0.13,0.27,11.94,27.42
1994-10-14,19.58,9.6,14.16,2.4,0.27,5.82,15.89
1994-10-15,24.49,7.06,15.41,0.0,0.27,1.51,27.63
1994-10-16,29.87,8.71,19.36,0.0,0.27,-0.32,28.75
1994-10-17,33.32,11.13,21.78,0.0,0.26,1.59,28.06
1994-10-18,32.73,12.25,22.43,0.0,0.26,5.18,28.62
1994-10-19,32.48,16.57,24.23,0.0,0.26,5.7,25.66
1994-10-20,36.42,17.28,25.02,0.0,0.26,2.14,25.87
1994-10-21,33.64,14.58,23.2,0.0,0.26,9.33,28.83
1994-10-22,33.25,14.65,22.21,0.0,0.26,10.56,28.77
1994-10-23,29.08,13.96,20.18,0.01,0.25,11.3,24.66
1994-10-24,27.59,13.0,19.03,0.0,0.25,7.34,27.13
1994-10-25,26.79,10.81,18.33,0.0,0.25,5.35,29.46
1994-10-26,27.85,9.44,18.23,0.0,0.25,4.76,25.94
1994-10-27,28.15,9.93,18.92,0.0,0.25,4.45,30.61
1994-10-28,30.25,12.53,21.12,0.0,0.25,2.2,30.47
1994-10-29,34.8,13.83,24.23,0.0,0.25,1.13,30.11
1994-10-30,29.12,12.99,20.31,0.0,0.25,6.9,30.54
1994-10-31,26.83,10.44,18.28,0.0,0.25,2.68,30.54
1994-11-01,28.08,10.69,18.82,0.0,0.25,0.62,19.25
1994-11-02,29.82,10.0,19.99,0.0,0.25,5.05,30.63
1994-11-03,30.5,11.48,20.92,0.0,0.24,5.06,30.6
1994-11-04,34.13,14.54,24.29,0.0,0.24,3.95,30.58
1994-11-05,36.67,17.49,27.05,0.0,0.24,1.1,30.78
1994-11-06,40.6,19.09,29.86,0.05,0.24,1.38,30.71
1994-11-07,39.79,20.01,29.49,0.14,0.24,6.16,26.21
1994-11-08,35.41,16.53,25.19,0.03,0.24,10.17,30.87
1994-11-09,36.04,15.81,25.01,0.16,0.24,11.1,30.72
1994-11-10,29.99,15.92,21.54,0.0,0.24,7.95,19.98
1994-11-11,32.74,12.94,23.3,0.0,0.24,8.91,30.8
1994-11-12,32.19,13.24,22.98,0.0,0.24,4.83,31.71
1994-11-13,32.06,15.7,23.54,0.0,0.23,2.48,31.19
1994-11-14,32.49,15.12,23.79,0.0,0.23,-2.12,32.33
1994-11-15,34.45,16.06,25.54,0.0,0.23,-2.67,31.96
1994-11-16,37.0,17.19,27.72,0.0,0.23,0.45,32.39
1994-11-17,35.68,17.89,26.32,0.0,0.23,5.49,27.04
1994-11-18,27.82,15.02,20.28,0.0,0.23,7.46,27.18
1994-11-19,26.35,11.9,19.44,0.0,0.23,-0.05,25.11
1994-11-20,30.91,12.83,22.12,0.0,0.23,-1.21,32.45
1994-11-21,36.55,16.51,25.99,0.0,0.23,2.74,28.94
1994-11-22,31.07,15.45,22.27,0.0,0.23,10.0,32.96
1994-11-23,28.52,13.45,20.08,0.02,0.23,7.26,32.93
1994-11-24,30.0,11.63,20.46,0.0,0.23,7.42,32.58
1994-11-25,32.02,13.23,21.69,0.0,0.23,11.15,32.18
1994-11-26,31.15,14.7,21.68,0.0,0.22,9.58,33.36
1994-11-27,32.31,15.74,23.04,0.02,0.22,10.44,31.49
1994-11-28,32.41,13.15,22.71,0.0,0.22,7.92,33.11
1994-11-29,36.79,13.97,25.99,0.0,0.22,6.26,32.69
1994-11-30,41.86,19.33,29.95,0.0,0.22,4.41,32.36
1994-12-01,32.48,17.72,23.69,0.0,0.22,11.84,24.91
1994-12-02,34.35,15.81,23.83,0.0,0.22,10.37,32.81
1994-12-03,33.5,14.79,23.55,0.0,0.22,8.58,32.83
1994-12-04,34.85,15.36,24.21,0.0,0.22,9.35,33.59
1994-12-05,33.75,13.34,22.81,0.0,0.22,7.5,33.73
1994-12-06,30.82,12.79,21.77,0.0,0.22,3.73,33.72
1994-12-07,34.19,14.7,24.42,0.0,0.22,-1.28,33.66
1994-12-08,37.82,16.91,27.39,0.0,0.22,-3.09,33.53
1994-12-09,40.17,19.11,30.38,0.0,0.22,-3.37,34.52
1994-12-10,39.38,20.11,28.72,0.0,0.21,5.29,33.64
1994-12-11,34.12,16.09,24.32,0.0,0.21,5.53,33.16
1994-12-12,32.83,13.66,22.93,0.0,0.21,7.66,33.58
1994-12-13,36.63,14.46,26.12,0.0,0.21,7.3,33.13
1994-12-14,41.25,20.74,31.62,0.0,0.21,6.56,31.74
1994-12-15,41.61,24.27,32.5,0.0,0.21,7.45,33.05
1994-12-16,41.83,22.94,33.09,0.12,0.21,10.28,32.61
1994-12-17,42.03,25.63,33.77,0.09,0.21,12.06,29.01
1994-12-18,40.47,21.16,29.81,0.67,0.21,12.29,27.75
1994-12-19,36.49,20.96,28.22,2.5,0.21,14.56,17.99
1994-12-20,32.64,22.25,27.28,4.84,0.22,14.49,27.53
1994-12-21,34.21,18.78,26.93,0.0,0.22,11.34,33.01
1994-12-22,35.72,20.42,28.33,0.0,0.22,7.91,33.33
1994-12-23,36.57,19.96,28.64,0.0,0.21,4.15,33.49
1994-12-24,39.17,20.69,30.38,0.0,0.21,3.88,33.54
1994-12-25,40.74,20.7,30.38,0.0,0.21,4.79,33.41
1994-12-26,39.33,17.34,28.13,0.0,0.21,8.98,33.85
1994-12-27,35.51,17.53,25.74,0.0,0.21,9.4,33.5
1994-12-28,36.74,15.75,26.39,0.0,0.21,0.67,33.25
1994-12-29,41.73,21.43,31.97,0.0,0.21,4.52,33.12
1994-12-30,42.97,26.27,34.16,0.09,0.21,5.86,25.31
1994-12-31,44.6,25.41,34.9,0.0,0.21,6.84,33.1
1995-01-01,41.72,21.41,31.77,0.0,0.21,4.92,32.86
1995-01-02,40.77,21.18,31.31,0.0,0.21,4.5,33.06
1995-01-03,41.37,23.24,32.55,0.0,0.21,3.94,32.86
1995-01-04,38.62,20.46,29.78,0.0,0.21,7.83,33.15
1995-01-05,35.63,18.4,27.26,0.0,0.21,7.24,32.72
1995-01-06,40.83,21.23,31.43,0.0,0.21,5.26,31.99
1995-01-07,40.76,23.34,31.06,0.0,0.21,10.71,26.65
1995-01-08,37.89,18.8,27.07,0.0,0.21,13.62,29.92
1995-01-09,35.18,18.08,25.82,0.0,0.21,8.29,31.99
1995-01-10,38.59,15.4,27.63,0.0,0.2,7.61,33.03
1995-01-11,42.25,20.27,32.22,0.1,0.2,9.02,31.44
1995-01-12,43.28,23.71,33.09,9.62,0.21,11.22,23.62
1995-01-13,32.61,19.16,26.14,8.02,0.23,15.41,18.69
1995-01-14,35.08,21.87,28.8,1.87,0.23,14.41,30.29
1995-01-15,40.55,25.74,32.77,0.05,0.22,14.64,29.56
1995-01-16,41.88,24.62,33.76,0.0,0.22,13.2,31.74
1995-01-17,43.58,25.38,35.35,0.03,0.22,12.1,30.21
1995-01-18,43.36,28.37,35.53,0.0,0.22,10.72,30.53
1995-01-19,41.73,24.78,33.1,0.0,0.22,13.9,31.8
1995-01-20,40.52,23.03,31.96,0.0,0.21,10.75,32.23
1995-01-21,43.32,25.41,33.68,0.01,0.21,9.27,30.29
1995-01-22,37.69,19.48,27.97,0.26,0.21,8.51,29.69
1995-01-23,34.34,19.11,26.47,0.06,0.21,10.53,32.6
1995-01-24,35.28,19.52,27.69,0.01,0.21,10.95,30.84
1995-01-25,37.3,20.6,29.31,0.12,0.21,11.06,26.73
1995-01-26,38.39,24.73,30.88,1.05,0.21,11.61,25.26
1995-01-27,37.08,20.66,28.36,0.04,0.21,13.95,31.77
1995-01-28,33.15,18.61,24.48,0.07,0.21,11.93,31.5
1995-01-29,31.89,15.5,23.31,0.39,0.21,7.03,31.07
1995-01-30,37.64,14.63,26.22,0.0,0.21,4.12,31.01
1995-01-31,42.1,20.76,30.76,5.43,0.21,12.48,27.52
1995-02-01,35.59,20.94,27.54,0.09,0.22,10.9,28.28
1995-02-02,37.21,19.3,28.26,0.0,0.21,11.48,28.61
1995-02-03,35.16,19.16,26.62,0.0,0.21,9.24,27.62
1995-02-04,31.23,16.03,23.06,0.0,0.21,5.26,28.55
1995-02-05,34.72,15.33,24.8,0.0,0.21,0.04,31.89
1995-02-06,38.66,17.67,28.59,0.0,0.21,0.36,32.25
1995-02-07,39.14,21.37,30.57,0.0,0.21,1.86,30.39
1995-02-08,38.0,22.1,30.31,0.0,0.21,4.15,30.32
1995-02-09,37.43,22.4,30.0,0.0,0.21,4.65,29.96
1995-02-10,38.8,23.19,31.3,0.0,0.21,8.71,27.15
1995-02-11,38.86,22.61,31.25,0.0,0.21,10.34,28.38
1995-02-12,38.17,21.35,29.88,0.38,0.21,10.37,25.32
1995-02-13,38.06,19.53,27.75,0.02,0.21,12.2,28.99
1995-02-14,33.14,18.11,24.68,0.0,0.21,10.65,28.17
1995-02-15,35.32,17.44,25.9,0.0,0.21,2.09,30.35
1995-02-16,35.78,18.35,27.28,0.0,0.21,2.64,29.84
1995-02-17,38.24,22.51,30.78,0.0,0.21,9.37,27.59
1995-02-18,38.46,27.21,33.06,0.42,0.21,14.3,26.93
1995-02-19,38.65,24.35,31.5,0.0,0.21,16.86,28.28
1995-02-20,36.96,24.01,30.6,0.0,0.21,16.07,28.72
1995-02-21,37.39,23.12,30.37,0.02,0.21,16.09,27.35
1995-02-22,38.25,23.34,31.31,0.36,0.21,16.54,27.69
1995-02-23,40.02,26.85,33.07,7.22,0.21,18.56,23.72
1995-02-24,33.13,19.82,27.82,11.48,0.23,19.67,19.85
1995-02-25,28.15,18.03,22.86,4.15,0.24,15.72,25.28
1995-02-26,25.49,19.36,21.97,33.12,0.26,18.38,8.37
1995-02-27,28.45,17.13,22.4,1.25,0.3,15.83,18.3
1995-02-28,29.47,17.66,23.81,0.01,0.29,15.01,20.5
1995-03-01,31.05,18.92,24.68,0.01,0.28,14.76,19.27
1995-03-02,31.89,19.14,25.49,0.01,0.27,15.86,19.32
1995-03-03,31.54,21.9,26.41,0.02,0.27,17.27,25.25
1995-03-04,29.82,17.63,22.99,0.0,0.27,13.02,25.17
1995-03-05,27.54,12.79,19.44,0.0,0.27,5.26,26.2
1995-03-06,28.17,11.75,19.36,0.0,0.26,4.68,26.7
1995-03-07,30.68,12.7,21.57,0.0,0.26,6.25,27.0
1995-03-08,30.99,14.67,22.73,0.0,0.26,8.72,26.26
1995-03-09,31.26,15.0,22.96,0.0,0.26,9.85,26.27
1995-03-10,34.2,14.89,24.53,0.0,0.26,8.81,27.38
1995-03-11,35.51,16.44,25.85,0.0,0.26,8.61,26.75
1995-03-12,34.3,17.39,25.65,0.0,0.25,8.51,26.52
1995-03-13,36.42,17.41,26.81,0.0,0.25,8.39,26.88
1995-03-14,37.62,18.26,27.85,0.0,0.25,7.99,26.51
1995-03-15,39.16,18.48,28.71,0.0,0.25,7.97,25.44
1995-03-16,37.99,18.84,28.35,0.0,0.25,6.54,25.14
1995-03-17,37.24,17.69,27.41,0.0,0.25,5.99,25.15
1995-03-18,36.7,18.23,27.17,0.0,0.25,6.84,25.09
1995-03-19,36.36,18.54,27.21,0.0,0.25,9.29,24.89
1995-03-20,34.92,18.9,26.74,0.0,0.25,9.78,25.17
1995-03-21,36.28,18.33,27.37,0.06,0.24,8.78,24.93
1995-03-22,34.67,20.86,27.49,0.0,0.24,11.77,21.97
1995-03-23,33.21,18.99,25.81,0.33,0.24,12.68,24.19
1995-03-24,31.35,20.4,25.66,0.67,0.24,16.23,18.91
1995-03-25,34.95,21.61,28.25,0.18,0.24,15.63,20.59
1995-03-26,36.73,20.71,28.94,0.98,0.24,13.79,19.65
1995-03-27,35.34,21.79,28.23,9.5,0.24,15.41,20.65
1995-03-28,26.7,20.98,23.42,2.09,0.26,15.86,23.02
1995-03-29,25.55,18.62,21.58,0.97,0.26,14.72,11.25
1995-03-30,26.41,17.96,21.53,0.68,0.26,11.56,13.35
1995-03-31,28.71,17.61,22.39,0.37,0.26,11.38,11.38
1995-04-01,29.94,16.29,22.61,0.16,0.26,9.71,20.81
1995-04-02,33.21,16.29,24.27,0.03,0.26,10.58,21.43
1995-04-03,29.23,16.5,21.89,0.0,0.25,10.82,18.19
1995-04-04,31.25,13.57,22.73,0.01,0.25,9.17,22.13
1995-04-05,26.54,17.42,21.14,0.06,0.25,12.43,15.25
1995-04-06,28.48,16.3,21.78,0.13,0.25,13.58,15.69
1995-04-07,29.06,18.05,22.68,0.24,0.25,12.31,13.13
1995-04-08,25.6,17.26,20.85,2.71,0.25,13.84,7.66
1995-04-09,30.62,16.58,23.2,0.11,0.25,15.17,18.33
1995-04-10,30.67,18.02,23.63,0.17,0.25,15.24,13.91
1995-04-11,31.17,16.6,23.88,0.0,0.25,13.6,17.03
1995-04-12,32.09,17.54,24.88,0.0,0.25,12.34,18.91
1995-04-13,34.5,18.46,25.77,0.08,0.25,13.33,17.13
1995-04-14,31.26,16.64,23.32,0.07,0.25,15.43,14.74
1995-04-15,23.79,11.12,16.83,0.0,0.25,2.6,19.5
1995-04-16,21.19,11.39,15.99,0.02,0.25,4.18,15.56
1995-04-17,25.99,10.76,17.92,0.0,0.25,7.91,19.38
1995-04-18,27.05,10.64,18.52,0.0,0.25,6.77,19.48
1995-04-19,27.91,12.38,19.61,0.0,0.25,5.88,19.02
1995-04-20,29.63,12.72,21.06,1.14,0.24,9.03,18.23
1995-04-21,27.78,17.76,21.81,10.99,0.26,14.31,7.58
1995-04-22,26.5,13.29,19.35,0.23,0.27,10.6,17.01
1995-04-23,26.69,12.78,19.17,0.03,0.26,7.55,19.63
1995-04-24,26.66,11.75,18.52,0.0,0.26,5.82,18.78
1995-04-25,27.94,11.25,18.95,0.0,0.26,5.66,18.94
1995-04-26,29.15,11.69,20.2,0.0,0.26,5.07,18.15
1995-04-27,26.38,16.33,19.68,10.04,0.26,10.68,7.41
1995-04-28,20.27,14.83,17.12,3.06,0.28,13.96,9.5
1995-04-29,21.86,11.45,16.1,0.02,0.28,6.67,16.47
1995-04-30,22.49,9.03,15.27,0.0,0.27,5.21,17.67
1995-05-01,22.95,8.06,15.06,0.0,0.27,4.51,17.82
1995-05-02,22.93,8.02,15.01,0.0,0.27,3.11,18.09
1995-05-03,20.97,7.71,13.81,0.0,0.27,3.63,17.39
1995-05-04,21.36,6.98,13.98,0.0,0.27,3.6,14.52
1995-05-05,22.89,10.48,15.64,0.0,0.26,5.24,15.92
1995-05-06,23.97,8.01,15.27,0.0,0.26,3.71,17.41
1995-05-07,25.33,8.6,16.34,0.0,0.26,4.49,17.04
1995-05-08,26.6,10.15,17.7,0.0,0.26,3.89,15.96
1995-05-09,28.23,11.84,19.74,0.13,0.26,6.19,15.31
1995-05-10,26.63,16.46,20.7,6.69,0.27,15.21,8.79
1995-05-11,21.81,15.39,18.46,1.74,0.27,12.72,13.7
1995-05-12,20.11,11.55,16.11,0.86,0.27,8.85,13.53
1995-05-13,18.95,11.3,14.8,0.19,0.27,8.13,14.91
1995-05-14,21.9,8.88,14.96,0.0,0.27,8.29,15.73
1995-05-15,20.25,8.62,13.87,0.0,0.27,5.48,10.36
1995-05-16,23.99,8.08,15.25,0.0,0.27,4.35,16.01
1995-05-17,25.04,9.86,16.92,6.36,0.27,9.17,11.81
1995-05-18,18.74,8.94,14.12,1.9,0.28,8.21,15.1
1995-05-19,20.56,5.63,12.0,0.03,0.28,0.78,15.98
1995-05-20,25.54,8.38,16.49,0.34,0.28,5.21,15.04
1995-05-21,22.44,11.51,16.66,0.83,0.28,10.44,13.09
1995-05-22,21.62,10.49,15.31,2.78,0.28,11.64,11.33
1995-05-23,16.09,7.51,13.13,4.07,0.29,7.53,13.16
1995-05-24,17.15,5.47,10.99,0.05,0.29,6.06,11.62
1995-05-25,16.23,9.29,12.11,0.01,0.28,7.48,9.47
1995-05-26,18.64,8.1,12.47,0.0,0.28,5.83,12.55
1995-05-27,22.91,6.79,14.8,0.0,0.28,5.18,15.11
1995-05-28,21.34,8.32,14.37,0.0,0.28,6.5,14.8
1995-05-29,20.42,7.71,13.03,0.05,0.28,6.85,12.98
1995-05-30,22.89,7.52,14.2,0.0,0.28,4.48,14.8
1995-05-31,24.43,8.11,15.1,0.0,0.28,5.9,14.5
1995-06-01,20.15,7.6,13.28,0.06,0.28,6.75,13.98
1995-06-02,20.39,9.28,13.69,0.09,0.28,7.9,13.0
1995-06-03,22.1,6.47,13.54,0.0,0.28,5.43,13.97
1995-06-04,27.17,8.46,16.21,0.25,0.28,5.4,14.27
1995-06-05,20.14,12.01,15.71,6.37,0.29,11.38,8.18
1995-06-06,20.4,13.58,16.3,6.19,0.29,12.82,6.54
1995-06-07,18.88,12.56,15.48,8.59,0.3,10.74,10.95
1995-06-08,14.35,10.11,12.5,13.17,0.32,8.76,9.95
1995-06-09,15.78,6.7,11.11,0.48,0.33,5.99,12.71
1995-06-10,15.23,4.94,9.11,0.05,0.32,2.42,13.82
1995-06-11,17.18,2.21,9.11,0.04,0.32,0.9,12.1
1995-06-12,18.54,4.45,10.22,0.13,0.32,1.44,14.12
1995-06-13,16.94,4.23,10.1,0.01,0.31,6.21,12.88
1995-06-14,17.56,7.01,11.19,0.02,0.31,6.56,11.02
1995-06-15,18.07,4.39,10.32,0.0,0.31,4.02,13.08
1995-06-16,17.43,4.48,10.2,0.01,0.31,3.06,12.55
1995-06-17,17.14,3.9,9.64,0.0,0.31,1.55,12.51
1995-06-18,18.44,4.34,10.62,0.0,0.31,2.51,12.04
1995-06-19,20.47,4.56,12.34,1.54,0.31,0.02,5.58
1995-06-20,14.29,8.99,11.65,4.24,0.32,5.15,6.26
1995-06-21,20.91,10.36,14.15,5.68,0.32,6.25,8.41
1995-06-22,18.1,9.81,13.3,2.66,0.33,10.66,7.55
1995-06-23,19.31,7.16,12.38,0.93,0.33,9.69,10.67
1995-06-24,18.55,10.12,13.48,0.16,0.32,8.15,10.3
1995-06-25,17.01,6.12,12.32,1.01,0.32,7.3,9.06
1995-06-26,15.39,4.77,9.34,0.01,0.32,6.25,10.72
1995-06-27,18.32,6.7,11.72,0.03,0.32,6.96,13.17
1995-06-28,18.4,4.16,9.85,0.0,0.32,4.35,12.2
1995-06-29,18.41,2.77,9.62,0.0,0.32,3.55,12.08
1995-06-30,18.75,3.36,10.16,0.0,0.32,3.91,12.04
1995-07-01,19.21,3.88,10.42,0.01,0.32,3.3,13.76
1995-07-02,19.84,3.73,11.03,0.0,0.32,2.36,13.84
1995-07-03,20.95,4.73,11.77,0.0,0.31,1.63,12.53
1995-07-04,22.59,5.75,13.03,0.0,0.31,1.79,13.93
1995-07-05,22.15,7.21,13.57,0.15,0.31,5.76,8.63
1995-07-06,18.16,7.96,11.99,0.48,0.31,8.9,11.55
1995-07-07,20.72,5.69,12.88,0.07,0.31,8.33,12.23
1995-07-08,16.5,10.42,12.58,7.51,0.32,10.61,7.73
1995-07-09,15.68,9.57,12.1,1.11,0.32,8.46,10.74
1995-07-10,19.05,8.12,12.66,0.63,0.32,7.17,13.75
1995-07-11,22.39,11.02,15.13,16.72,0.34,12.62,6.64
1995-07-12,19.15,12.11,14.96,2.72,0.35,10.87,12.93
1995-07-13,16.22,10.8,12.97,3.73,0.35,9.89,8.03
1995-07-14,18.33,10.67,13.76,4.98,0.36,10.89,11.8
1995-07-15,15.03,9.68,12.23,6.84,0.36,9.53,7.76
1995-07-16,15.16,6.94,10.75,0.64,0.36,6.81,14.03
1995-07-17,17.33,7.09,11.98,0.0,0.36,3.77,14.93
1995-07-18,16.63,5.02,9.9,0.01,0.36,0.34,10.99
1995-07-19,18.58,5.88,11.79,10.93,0.36,5.69,10.18
1995-07-20,15.34,7.5,11.74,4.15,0.38,8.47,13.49
1995-07-21,15.83,9.82,12.29,1.08,0.37,9.08,11.46
1995-07-22,16.85,6.9,11.54,0.1,0.37,6.4,9.55
1995-07-23,19.14,6.24,12.23,0.0,0.37,3.62,11.92
1995-07-24,16.91,5.85,11.11,12.39,0.37,7.12,11.09
1995-07-25,15.27,7.26,11.01,1.01,0.39,7.1,13.51
1995-07-26,18.09,5.73,11.93,0.27,0.38,8.75,13.93
1995-07-27,19.34,6.87,12.77,0.42,0.38,7.97,10.23
1995-07-28,21.23,5.57,12.54,0.0,0.38,5.4,12.73
1995-07-29,13.63,6.46,11.31,8.08,0.39,8.48,11.6
1995-07-30,16.45,4.15,10.51,0.14,0.39,7.32,14.31
1995-07-31,17.8,8.07,12.38,0.04,0.38,7.53,12.65
1995-08-01,17.43,4.99,10.72,0.0,0.38,6.4,15.15
1995-08-02,18.84,4.24,10.84,0.0,0.38,4.57,16.78
1995-08-03,20.18,4.49,11.49,0.0,0.38,3.46,16.59
1995-08-04,19.27,4.07,11.09,0.0,0.37,1.78,16.53
1995-08-05,19.55,4.75,11.25,0.01,0.37,1.74,16.87
1995-08-06,19.16,6.83,11.96,0.0,0.37,2.14,16.12
1995-08-07,20.26,4.63,11.71,0.08,0.36,-0.06,16.49
1995-08-08,20.5,6.63,13.06,2.57,0.36,0.42,9.1
1995-08-09,19.94,7.94,13.71,0.23,0.36,9.27,14.74
1995-08-10,21.46,8.18,14.12,0.16,0.36,9.49,15.33
1995-08-11,24.63,7.33,15.13,0.0,0.36,9.55,17.35
1995-08-12,21.36,9.04,14.48,1.7,0.36,11.15,14.53
1995-08-13,18.72,6.77,12.21,0.66,0.36,6.76,16.27
1995-08-14,22.85,4.52,13.39,0.0,0.35,1.92,17.08
1995-08-15,24.6,4.73,14.14,0.0,0.35,0.94,18.18
1995-08-16,23.67,6.07,14.02,0.0,0.35,5.69,18.15
1995-08-17,22.33,7.14,14.21,0.74,0.35,11.11,15.2
1995-08-18,25.11,8.47,15.36,0.04,0.35,9.63,18.46
1995-08-19,19.37,7.27,12.7,1.15,0.34,9.22,12.4
1995-08-20,18.21,4.65,10.51,0.15,0.35,2.23,18.84
1995-08-21,18.94,2.92,11.26,0.0,0.34,4.33,16.19
1995-08-22,21.09,7.55,13.96,0.07,0.34,9.23,13.62
1995-08-23,24.93,7.78,15.52,0.04,0.34,9.77,18.67
1995-08-24,16.86,5.59,12.21,1.32,0.34,6.99,12.69
1995-08-25,19.49,4.59,11.17,0.0,0.34,3.46,20.1
1995-08-26,21.84,7.16,13.48,0.21,0.34,8.27,13.59
1995-08-27,25.82,6.91,15.57,0.0,0.33,3.34,18.81
1995-08-28,31.35,8.44,18.7,0.57,0.33,7.27,18.96
1995-08-29,22.73,10.27,15.6,0.04,0.33,9.68,20.4
1995-08-30,19.2,7.22,12.59,0.01,0.33,5.2,18.67
1995-08-31,18.16,4.91,10.73,0.0,0.33,2.06,21.16
1995-09-01,21.19,3.57,11.8,0.0,0.32,-0.02,19.98
1995-09-02,23.43,5.01,13.2,0.0,0.32,1.89,18.86
1995-09-03,22.26,6.78,13.78,7.58,0.32,10.41,11.02
1995-09-04,22.38,8.44,14.81,0.82,0.33,9.19,18.25
1995-09-05,25.21,8.84,16.86,0.19,0.33,7.36,17.32
1995-09-06,20.91,12.74,15.9,5.22,0.33,11.51,15.05
1995-09-07,22.01,11.07,15.5,0.72,0.33,10.46,14.76
1995-09-08,23.81,8.37,15.19,0.0,0.33,8.83,20.11
1995-09-09,22.11,7.56,14.28,0.02,0.33,7.06,20.83
1995-09-10,25.79,6.93,15.73,0.0,0.33,7.1,22.21
1995-09-11,27.52,9.63,16.76,0.02,0.32,7.8,22.66
1995-09-12,22.91,9.74,15.35,1.91,0.32,10.15,18.66
1995-09-13,20.24,8.41,13.55,2.31,0.33,5.7,22.89
1995-09-14,23.81,5.92,14.18,0.0,0.32,5.22,23.6
1995-09-15,25.86,8.08,15.84,0.0,0.32,5.69,23.19
1995-09-16,32.69,9.42,19.78,0.0,0.32,5.3,22.65
1995-09-17,23.01,10.8,16.46,0.16,0.31,10.56,14.56
1995-09-18,23.48,8.85,15.57,0.11,0.31,8.38,19.94
1995-09-19,24.39,8.13,15.65,0.0,0.31,8.52,21.92
1995-09-20,24.19,8.62,15.9,0.0,0.31,8.15,21.9
1995-09-21,24.6,8.13,16.09,0.0,0.31,6.26,23.17
1995-09-22,26.19,9.09,17.25,0.0,0.31,3.75,24.26
1995-09-23,26.33,9.18,17.26,0.0,0.3,4.43,24.36
1995-09-24,31.04,11.93,20.41,0.0,0.3,5.85,23.48
1995-09-25,29.03,11.73,19.56,0.0,0.3,10.97,24.75
1995-09-26,27.03,11.78,18.74,0.03,0.3,10.22,24.17
1995-09-27,23.36,12.66,17.46,1.39,0.3,11.66,17.83
1995-09-28,22.1,11.17,16.41,0.77,0.3,9.48,15.85
1995-09-29,24.12,9.56,16.14,0.01,0.3,7.28,19.43
1995-09-30,22.35,7.78,14.4,0.0,0.3,5.16,22.96
1995-10-01,23.66,7.13,15.03,0.0,0.29,3.18,23.33
1995-10-02,26.66,9.05,17.64,0.0,0.29,3.88,25.34
1995-10-03,31.03,10.9,20.5,0.0,0.29,4.53,24.61
1995-10-04,23.59,10.43,17.04,0.0,0.29,8.3,20.14
1995-10-05,24.74,7.35,15.74,0.0,0.29,5.74,24.97
1995-10-06,25.05,8.55,16.53,0.01,0.28,7.09,25.66
1995-10-07,27.62,9.11,17.89,0.0,0.28,5.0,25.53
1995-10-08,32.95,9.29,20.33,0.0,0.28,4.25,25.52
1995-10-09,25.44,12.53,17.93,0.05,0.28,9.61,19.77
1995-10-10,24.17,9.15,15.94,0.0,0.28,7.12,22.97
1995-10-11,23.04,10.32,15.92,0.09,0.28,6.97,21.05
1995-10-12,25.44,7.33,16.0,0.0,0.28,2.39,27.09
1995-10-13,29.29,8.07,18.72,0.0,0.28,0.54,26.47
1995-10-14,35.17,13.67,22.67,0.0,0.27,2.8,27.06
1995-10-15,35.97,12.03,23.01,0.01,0.27,9.33,27.5
1995-10-16,38.03,17.76,26.69,0.51,0.27,12.22,23.25
1995-10-17,30.71,18.34,23.03,11.14,0.28,15.89,11.86
1995-10-18,27.87,15.08,20.55,0.37,0.29,13.11,22.55
1995-10-19,24.3,12.77,17.67,0.0,0.28,3.76,27.51
1995-10-20,23.28,8.17,15.17,0.0,0.28,-2.64,28.89
1995-10-21,25.02,8.21,16.22,0.0,0.28,-2.15,29.5
1995-10-22,25.79,8.9,17.28,0.0,0.27,0.65,29.53
1995-10-23,28.24,9.8,18.81,0.0,0.27,-0.64,29.49
1995-10-24,32.07,12.23,21.6,0.0,0.27,-1.55,29.49
1995-10-25,33.71,11.87,22.48,0.0,0.27,0.94,30.26
1995-10-26,34.47,11.24,22.74,0.0,0.27,2.3,29.18
1995-10-27,35.66,13.44,23.97,0.0,0.26,5.45,28.78
1995-10-28,35.16,12.45,23.34,0.0,0.26,6.22,30.03
1995-10-29,31.28,14.57,22.12,0.0,0.26,8.08,30.24
1995-10-30,26.88,14.62,20.21,0.15,0.26,11.13,25.09
1995-10-31,27.49,13.66,19.23,0.05,0.26,9.72,22.25
1995-11-01,24.41,12.87,18.08,0.14,0.26,9.32,23.16
1995-11-02,25.24,10.53,17.85,0.02,0.26,7.76,25.32
1995-11-03,29.12,9.46,19.68,0.0,0.26,4.32,30.07
1995-11-04,33.54,12.97,23.4,0.0,0.26,1.25,30.16
1995-11-05,31.91,16.03,23.22,0.03,0.25,5.28,29.79
1995-11-06,28.48,15.31,20.75,0.12,0.25,11.44,21.69
1995-11-07,25.16,12.53,18.72,0.24,0.25,10.33,22.98
1995-11-08,20.72,10.14,15.32,1.01,0.25,5.08,24.49
1995-11-09,24.78,7.32,16.25,0.01,0.25,3.8,27.43
1995-11-10,30.4,8.97,19.91,0.0,0.25,1.46,31.84
1995-11-11,34.73,12.34,22.08,0.0,0.25,0.14,31.16
1995-11-12,27.2,11.83,18.77,0.0,0.25,2.08,31.21
1995-11-13,31.8,10.59,21.2,0.0,0.25,-1.59,30.66
1995-11-14,35.99,14.23,25.56,0.08,0.25,1.2,30.95
1995-11-15,30.48,15.9,21.75,8.26,0.25,10.98,10.84
1995-11-16,30.0,13.14,21.26,0.05,0.26,9.6,25.49
1995-11-17,31.6,13.1,22.03,0.0,0.26,9.53,30.13
1995-11-18,33.26,14.71,24.56,0.0,0.25,10.62,31.9
1995-11-19,31.48,16.73,24.4,0.0,0.25,9.52,30.51
1995-11-20,36.02,15.9,26.59,0.0,0.25,7.29,32.08
1995-11-21,38.88,19.28,29.27,0.0,0.25,5.46,31.39
1995-11-22,40.16,19.79,29.56,0.0,0.25,5.3,31.16
1995-11-23,38.83,17.93,28.22,0.0,0.24,7.74,27.2
1995-11-24,37.34,16.95,26.84,0.06,0.24,8.58,28.33
1995-11-25,30.48,14.62,21.27,0.04,0.24,5.73,31.5
1995-11-26,29.99,12.37,20.37,0.0,0.24,8.96,30.17
1995-11-27,27.85,14.32,20.62,0.0,0.24,11.33,24.17
1995-11-28,30.5,12.66,20.9,0.0,0.24,7.21,31.54
1995-11-29,31.64,11.54,21.32,0.0,0.24,7.62,31.74
1995-11-30,33.43,13.28,23.26,0.0,0.24,7.59,31.93
1995-12-01,38.54,15.24,27.45,0.0,0.24,6.44,33.17
1995-12-02,37.62,17.8,26.37,0.0,0.24,8.35,32.29
1995-12-03,30.69,15.65,22.44,0.0,0.23,7.22,31.39
1995-12-04,30.9,14.19,22.33,0.0,0.23,0.94,31.94
1995-12-05,36.07,16.26,26.48,0.0,0.23,-1.0,33.14
1995-12-06,41.09,18.61,28.32,0.0,0.23,3.35,31.95
1995-12-07,34.19,15.49,24.27,0.0,0.23,9.09,33.5
1995-12-08,34.65,14.48,24.73,0.44,0.23,7.31,33.56
1995-12-09,33.82,15.89,24.67,0.0,0.23,2.18,32.94
1995-12-10,35.45,16.22,26.34,0.0,0.23,3.79,32.0
1995-12-11,36.19,19.04,27.86,0.0,0.23,0.43,31.23
1995-12-12,34.79,21.22,27.11,1.42,0.23,6.99,12.05
1995-12-13,32.2,19.46,25.65,5.03,0.23,16.39,17.82
1995-12-14,32.25,19.69,25.15,0.08,0.23,14.86,25.3
1995-12-15,30.69,15.98,22.14,0.0,0.23,11.3,31.37
1995-12-16,32.33,12.33,22.02,0.0,0.23,6.48,34.45
1995-12-17,36.27,13.58,25.22,0.0,0.23,6.79,34.57
1995-12-18,41.06,18.77,27.66,0.01,0.23,7.57,34.21
1995-12-19,30.7,16.31,22.05,0.07,0.23,8.99,31.73
1995-12-20,28.37,15.61,20.55,0.0,0.23,8.52,33.44
1995-12-21,28.81,13.38,20.91,0.0,0.23,10.06,25.08
1995-12-22,32.36,14.21,24.2,0.0,0.22,8.1,28.21
1995-12-23,32.64,18.25,25.99,0.0,0.22,9.23,30.13
1995-12-24,35.98,19.61,27.52,0.07,0.22,12.35,32.02
1995-12-25,33.68,18.36,26.14,0.0,0.22,11.64,31.03
1995-12-26,36.12,18.2,27.93,0.0,0.22,10.4,30.34
1995-12-27,39.5,21.13,30.84,0.0,0.22,10.34,32.12
1995-12-28,41.27,20.49,30.65,0.0,0.22,10.36,33.03
1995-12-29,35.24,17.7,26.63,0.0,0.22,11.22,33.59
1995-12-30,34.64,18.77,26.68,0.0,0.22,7.88,32.15
1995-12-31,35.92,19.23,27.83,0.0,0.22,4.65,32.83
1996-01-01,37.57,20.1,29.18,0.0,0.22,5.14,32.86
1996-01-02,40.75,21.13,31.56,0.0,0.22,3.62,34.08
1996-01-03,41.88,21.42,30.82,0.0,0.22,4.95,34.84
1996-01-04,36.1,17.14,25.93,0.0,0.22,8.49,34.26
1996-01-05,36.92,16.19,26.8,0.0,0.21,4.81,34.54
1996-01-06,38.74,19.23,29.18,0.0,0.21,1.97,33.16
1996-01-07,43.1,21.52,32.3,0.0,0.21,3.27,34.02
1996-01-08,40.02,19.24,29.04,0.0,0.21,10.03,32.39
1996-01-09,39.5,17.5,27.85,0.0,0.21,10.28,32.93
1996-01-10,38.64,17.36,28.31,0.0,0.21,9.95,33.27
1996-01-11,42.08,20.57,30.78,0.02,0.21,7.38,33.4
1996-01-12,39.05,18.9,27.62,0.0,0.21,10.22,33.56
1996-01-13,32.56,15.11,23.49,0.0,0.21,7.7,33.03
1996-01-14,33.06,15.42,24.11,0.0,0.21,0.73,32.92
1996-01-15,36.81,16.37,27.05,0.0,0.21,-2.67,32.48
1996-01-16,40.63,19.83,30.89,0.0,0.21,-1.69,31.88
1996-01-17,41.73,23.57,32.77,0.0,0.21,0.05,29.15
1996-01-18,42.37,21.81,31.18,0.0,0.21,5.08,31.26
1996-01-19,34.45,19.0,26.07,0.0,0.21,7.1,32.57
1996-01-20,34.62,16.21,25.72,0.0,0.21,3.12,32.56
1996-01-21,38.75,19.28,29.47,0.0,0.21,2.66,32.63
1996-01-22,42.63,22.63,32.88,0.0,0.21,5.06,32.69
1996-01-23,42.78,24.12,33.66,0.0,0.21,5.15,31.65
1996-01-24,41.04,22.79,31.11,0.0,0.21,7.11,29.25
1996-01-25,38.11,19.2,28.58,0.0,0.2,9.09,32.3
1996-01-26,36.62,17.42,26.45,0.0,0.2,9.48,30.09
1996-01-27,35.14,16.53,25.44,0.0,0.2,5.95,29.7
1996-01-28,38.78,16.36,26.61,0.0,0.2,6.67,31.8
1996-01-29,32.01,14.86,22.22,0.0,0.2,11.41,29.37
1996-01-30,31.48,17.27,23.49,0.0,0.2,7.54,31.07
1996-01-31,35.98,15.43,26.03,0.0,0.2,4.12,31.87
1996-02-01,39.9,18.6,29.87,0.0,0.2,1.92,32.07
1996-02-02,40.53,21.95,31.46,0.0,0.2,1.08,31.87
1996-02-03,42.44,21.68,32.62,0.0,0.2,-0.89,30.96
1996-02-04,43.37,21.57,32.94,0.0,0.2,1.76,29.48
1996-02-05,43.43,25.37,34.17,0.94,0.2,9.58,29.98
1996-02-06,34.26,25.93,29.24,4.27,0.21,17.21,22.38
1996-02-07,36.36,24.12,28.86,17.05,0.22,20.96,13.3
1996-02-08,36.38,22.51,29.36,0.64,0.24,17.92,25.13
1996-02-09,39.83,23.31,31.52,0.0,0.23,10.48,30.52
1996-02-10,41.04,23.98,32.5,0.0,0.23,5.67,30.33
1996-02-11,41.2,21.67,31.53,0.02,0.23,1.36,31.09
1996-02-12,42.47,21.7,32.46,0.0,0.22,2.27,31.26
1996-02-13,43.27,21.31,32.23,0.0,0.22,8.94,29.97
1996-02-14,44.18,22.95,33.94,0.04,0.22,5.4,29.01
1996-02-15,43.61,25.3,34.15,0.0,0.22,-0.83,28.04
1996-02-16,42.24,22.08,32.35,0.0,0.22,-3.91,29.26
1996-02-17,43.0,21.06,31.76,0.0,0.22,-1.12,28.6
1996-02-18,33.96,18.49,25.21,0.0,0.22,10.19,28.2
1996-02-19,33.88,18.1,25.38,0.0,0.22,5.82,29.74
1996-02-20,36.15,16.91,26.53,0.0,0.22,3.21,26.1
1996-02-21,40.91,20.15,30.46,0.0,0.21,6.04,29.55
1996-02-22,42.13,20.44,31.33,0.0,0.21,6.02,28.58
1996-02-23,42.59,20.64,31.26,0.0,0.21,9.53,27.53
1996-02-24,41.63,21.7,31.39,0.0,0.21,12.14,28.12
1996-02-25,42.67,21.5,32.48,0.0,0.21,9.8,28.64
1996-02-26,42.35,24.46,33.48,0.0,0.21,5.46,28.11
1996-02-27,36.67,22.65,29.57,0.0,0.21,9.96,27.5
1996-02-28,33.99,19.96,26.64,0.0,0.21,4.65,27.19
1996-02-29,39.31,19.75,29.4,0.0,0.21,3.74,27.98
1996-03-01,40.77,22.91,30.83,0.0,0.21,5.13,28.74
1996-03-02,38.15,18.11,27.57,0.26,0.21,10.59,27.96
1996-03-03,39.54,18.06,28.22,0.0,0.21,10.19,26.97
1996-03-04,36.51,18.31,26.35,0.0,0.21,12.45,27.43
1996-03-05,34.4,18.02,25.77,0.0,0.21,10.38,27.7
1996-03-06,34.05,18.02,25.95,0.0,0.21,8.2,26.06
1996-03-07,38.27,20.28,28.76,0.03,0.21,8.53,20.43
1996-03-08,41.26,24.83,32.59,0.22,0.21,9.31,19.36
1996-03-09,42.42,24.96,32.79,0.03,0.21,8.34,25.55
1996-03-10,35.97,21.24,27.58,0.0,0.21,13.71,24.92
1996-03-11,33.81,20.72,26.58,0.01,0.21,10.71,25.22
1996-03-12,38.02,21.35,29.58,1.23,0.21,11.41,24.61
1996-03-13,33.62,20.72,26.77,0.21,0.21,12.96,25.07
1996-03-14,34.61,18.12,24.92,0.19,0.21,13.58,25.03
1996-03-15,27.65,14.56,20.6,0.01,0.21,7.27,26.21
1996-03-16,31.51,13.47,22.26,0.0,0.21,7.31,25.12
1996-03-17,36.97,16.42,26.5,0.0,0.21,3.07,26.07
1996-03-18,35.59,16.64,25.52,0.0,0.21,7.71,25.19
1996-03-19,33.1,17.11,24.75,0.0,0.21,7.66,24.72
1996-03-20,33.83,17.36,25.31,0.0,0.21,5.11,24.43
1996-03-21,37.27,19.69,27.75,0.02,0.21,6.8,21.6
1996-03-22,31.93,19.08,25.69,0.0,0.21,10.82,20.99
1996-03-23,30.04,14.99,21.87,0.0,0.21,8.02,22.28
1996-03-24,29.14,13.82,20.77,0.0,0.2,9.55,21.93
1996-03-25,32.7,14.92,23.34,0.0,0.2,8.9,20.71
1996-03-26,34.11,16.81,24.63,0.0,0.2,8.87,19.15
1996-03-27,24.96,14.47,19.56,0.0,0.2,10.9,11.75
1996-03-28,26.58,11.3,18.54,0.0,0.2,5.42,21.5
1996-03-29,27.08,13.25,19.95,0.0,0.2,3.98,15.15
1996-03-30,26.7,16.4,21.25,0.0,0.2,2.52,17.57
1996-03-31,30.16,15.09,22.45,0.0,0.2,4.91,21.1
1996-04-01,32.33,17.54,23.44,0.5,0.2,10.85,19.4
1996-04-02,31.67,17.31,24.39,0.32,0.21,11.9,19.62
1996-04-03,30.45,17.95,24.7,0.01,0.21,10.54,14.93
1996-04-04,30.59,20.46,25.06,0.04,0.21,11.86,13.61
1996-04-05,25.98,18.75,21.63,0.79,0.21,14.38,9.61
1996-04-06,30.05,15.57,22.42,0.01,0.21,5.98,21.92
1996-04-07,30.97,16.55,22.96,0.0,0.21,6.07,21.41
1996-04-08,32.88,16.52,24.28,0.0,0.21,6.66,19.61
1996-04-09,37.05,18.93,27.64,0.04,0.2,6.41,19.82
1996-04-10,35.38,20.87,27.77,2.09,0.2,9.93,19.28
1996-04-11,24.1,14.65,19.45,11.8,0.23,12.46,7.98
1996-04-12,25.15,14.0,18.5,0.42,0.23,8.19,16.47
1996-04-13,27.6,11.85,19.51,0.0,0.22,8.37,19.3
1996-04-14,30.55,14.12,22.16,0.0,0.22,4.57,20.01
1996-04-15,28.04,16.2,21.64,0.0,0.22,4.73,11.19
1996-04-16,31.36,15.52,22.89,0.3,0.22,4.52,19.03
1996-04-17,34.51,16.22,25.26,0.0,0.22,6.23,19.1
1996-04-18,34.96,18.94,26.02,0.9,0.22,12.64,18.83
1996-04-19,26.3,17.06,21.81,15.7,0.23,17.82,7.08
1996-04-20,23.98,13.54,17.96,0.06,0.25,7.41,17.64
1996-04-21,26.56,9.67,17.84,0.03,0.24,4.43,18.47
1996-04-22,25.91,12.06,18.17,0.0,0.24,4.42,17.68
1996-04-23,24.49,10.22,16.8,0.0,0.24,5.78,18.34
1996-04-24,25.18,8.61,16.44,0.0,0.24,4.21,18.5
1996-04-25,27.55,9.81,18.41,0.0,0.23,4.61,17.75
1996-04-26,28.88,13.02,20.16,0.0,0.23,5.17,15.94
1996-04-27,29.57,12.12,20.11,0.0,0.23,4.42,18.25
1996-04-28,29.78,11.45,20.06,0.0,0.23,6.45,18.25
1996-04-29,27.71,14.04,19.81,0.0,0.23,4.36,17.88
1996-04-30,28.7,12.15,19.84,0.0,0.23,4.43,14.71
1996-05-01,27.61,14.88,19.98,0.0,0.23,8.18,14.02
1996-05-02,28.88,13.35,20.4,0.0,0.23,3.49,15.35
1996-05-03,31.03,13.96,21.09,0.0,0.23,5.07,17.31
1996-05-04,27.62,14.84,19.6,0.01,0.23,13.64,16.05
1996-05-05,28.9,14.51,20.85,0.01,0.23,11.54,14.28
1996-05-06,30.43,16.11,22.16,0.0,0.23,5.76,10.01
1996-05-07,31.48,18.8,23.29,1.94,0.23,2.09,11.7
1996-05-08,23.56,14.8,19.13,6.23,0.24,12.91,6.61
1996-05-09,25.21,12.78,18.0,0.27,0.24,11.51,12.88
1996-05-10,20.33,11.3,16.17,0.52,0.24,9.76,10.31
1996-05-11,21.58,7.29,13.66,0.0,0.24,1.08,16.5
1996-05-12,24.07,6.93,14.95,0.05,0.24,0.25,16.41
1996-05-13,26.1,10.09,17.36,0.1,0.24,3.48,16.02
1996-05-14,28.67,12.89,20.22,0.1,0.23,5.39,12.57
1996-05-15,29.84,17.6,22.51,0.93,0.24,9.4,6.08
1996-05-16,24.6,16.09,19.9,0.39,0.24,13.98,12.79
1996-05-17,22.66,11.5,17.28,0.03,0.24,10.15,14.76
1996-05-18,20.86,9.48,14.61,0.0,0.23,4.04,15.84
1996-05-19,21.72,7.14,13.51,0.0,0.23,0.14,15.01
1996-05-20,23.49,7.42,14.52,0.0,0.23,-0.57,14.23
1996-05-21,23.52,9.79,15.68,0.0,0.23,-1.7,13.49
1996-05-22,24.83,10.77,16.48,0.0,0.23,-1.58,9.08
1996-05-23,24.73,8.54,16.38,0.0,0.23,-0.64,14.94
1996-05-24,24.63,9.77,16.36,0.0,0.23,-0.23,14.99
1996-05-25,24.49,8.98,15.98,0.0,0.23,-0.22,14.48
1996-05-26,24.59,12.06,16.83,0.0,0.23,-0.91,9.44
1996-05-27,25.01,9.89,16.44,0.0,0.23,-1.38,14.68
1996-05-28,24.41,8.15,15.26,0.16,0.23,-2.04,14.31
1996-05-29,27.42,7.89,16.62,0.09,0.23,-0.24,13.72
1996-05-30,27.93,11.33,18.7,0.16,0.23,5.28,13.96
1996-05-31,21.91,14.21,18.19,10.01,0.24,14.24,7.94
1996-06-01,20.89,13.46,16.49,7.03,0.25,10.25,7.52
1996-06-02,22.01,11.51,16.04,0.62,0.26,11.16,4.85
1996-06-03,22.84,10.69,15.71,0.02,0.26,8.68,14.01
1996-06-04,22.88,8.1,14.6,0.0,0.25,5.05,13.99
1996-06-05,23.0,7.55,14.24,0.02,0.25,5.01,11.26
1996-06-06,23.3,7.54,14.39,0.01,0.25,3.72,12.91
1996-06-07,22.43,10.58,15.73,0.18,0.25,4.93,11.8
1996-06-08,22.22,11.87,16.94,0.06,0.25,8.95,11.86
1996-06-09,23.78,10.85,16.48,0.39,0.25,9.78,11.36
1996-06-10,23.03,11.01,16.25,0.11,0.25,10.74,8.75
1996-06-11,23.86,11.25,16.76,0.0,0.25,10.36,13.35
1996-06-12,22.94,9.77,15.41,0.0,0.25,7.9,12.57
1996-06-13,22.97,8.43,15.16,0.0,0.25,5.44,12.19
1996-06-14,24.7,8.96,16.69,1.43,0.25,5.3,12.17
1996-06-15,20.49,11.43,15.41,7.78,0.26,10.65,5.92
1996-06-16,18.98,7.75,13.21,2.02,0.26,7.57,12.16
1996-06-17,22.36,7.89,14.73,6.43,0.27,8.62,11.07
1996-06-18,20.35,12.35,15.95,1.59,0.28,8.62,12.49
1996-06-19,19.44,12.92,15.75,9.79,0.29,11.98,10.74
1996-06-20,19.17,11.26,14.21,11.61,0.3,11.4,6.55
1996-06-21,17.52,9.67,13.52,4.96,0.31,8.87,10.29
1996-06-22,18.51,7.08,12.45,0.86,0.31,7.71,12.37
1996-06-23,17.24,10.47,13.09,0.06,0.31,7.7,10.47
1996-06-24,19.28,7.53,12.59,0.29,0.3,7.47,10.66
1996-06-25,20.47,8.18,13.5,0.0,0.3,7.83,13.83
1996-06-26,23.59,7.97,15.32,12.48,0.31,8.69,9.02
1996-06-27,19.05,12.11,14.82,6.52,0.33,12.08,8.45
1996-06-28,20.16,11.2,15.29,0.26,0.33,8.77,13.39
1996-06-29,20.32,11.1,14.47,0.54,0.32,6.31,9.46
1996-06-30,19.1,9.0,14.32,2.84,0.33,10.12,10.26
1996-07-01,20.53,5.43,13.02,0.04,0.32,6.51,13.86
1996-07-02,21.36,7.55,14.25,1.02,0.32,10.32,10.13
1996-07-03,18.33,8.02,14.18,7.64,0.33,10.5,10.67
1996-07-04,18.58,6.65,11.89,0.03,0.33,7.05,11.51
1996-07-05,18.7,5.3,11.78,0.0,0.33,4.82,12.43
1996-07-06,21.5,5.58,12.22,0.0,0.33,1.19,13.83
1996-07-07,23.11,6.29,13.88,0.0,0.33,2.6,12.85
1996-07-08,16.42,10.91,13.5,3.03,0.33,8.83,7.28
1996-07-09,18.99,8.27,12.3,0.04,0.33,5.07,11.71
1996-07-10,18.59,4.65,10.58,0.0,0.33,3.09,13.87
1996-07-11,20.06,3.98,11.34,0.0,0.32,2.51,13.5
1996-07-12,17.66,7.5,12.42,1.15,0.32,8.32,6.43
1996-07-13,17.95,11.06,14.07,2.03,0.33,11.95,4.85
1996-07-14,16.31,10.76,12.46,24.58,0.35,10.11,5.84
1996-07-15,23.93,12.24,18.31,14.22,0.38,17.05,7.83
1996-07-16,17.87,12.77,14.54,2.47,0.39,9.08,13.01
1996-07-17,16.1,13.12,14.4,8.49,0.39,11.41,7.88
1996-07-18,16.94,11.74,13.67,1.79,0.39,8.69,12.14
1996-07-19,18.46,9.12,12.7,0.31,0.39,8.57,11.33
1996-07-20,19.45,6.46,12.7,0.0,0.38,7.44,14.35
1996-07-21,19.3,6.09,13.29,1.11,0.38,8.79,13.6
1996-07-22,17.31,10.05,13.28,6.6,0.39,11.01,13.6
1996-07-23,17.32,9.03,12.72,1.03,0.39,7.97,12.05
1996-07-24,14.94,7.49,11.91,13.61,0.4,8.7,8.78
1996-07-25,17.83,5.07,10.97,0.06,0.4,5.53,15.21
1996-07-26,19.09,3.73,10.75,0.0,0.4,2.3,15.45
1996-07-27,20.35,7.56,13.1,5.64,0.4,10.07,8.03
1996-07-28,18.09,7.5,12.29,1.88,0.4,6.9,8.43
1996-07-29,20.03,9.12,15.79,11.28,0.41,13.79,4.88
1996-07-30,18.3,10.26,15.07,23.72,0.45,13.27,6.38
1996-07-31,14.97,7.59,10.79,2.41,0.45,6.84,11.93
1996-08-01,16.18,8.35,12.09,1.89,0.45,8.85,11.97
1996-08-02,16.77,9.98,12.39,2.19,0.45,9.73,12.56
1996-08-03,16.68,10.59,12.93,2.66,0.44,9.83,13.01
1996-08-04,17.97,7.43,12.49,1.31,0.45,7.94,14.61
1996-08-05,15.54,8.59,12.14,8.33,0.45,9.85,9.13
1996-08-06,16.36,4.36,9.17,0.02,0.45,4.03,16.93
1996-08-07,15.79,4.17,9.33,0.15,0.45,6.59,14.84
1996-08-08,18.3,3.07,9.9,0.0,0.45,2.86,16.93
1996-08-09,20.41,3.34,10.98,0.0,0.44,1.74,17.09
1996-08-10,21.36,5.45,12.7,0.43,0.44,6.36,17.52
1996-08-11,15.92,7.71,11.57,2.63,0.44,8.74,9.3
1996-08-12,17.4,5.07,10.96,0.23,0.44,6.03,16.29
1996-08-13,12.7,5.52,10.44,8.49,0.45,8.23,7.85
1996-08-14,15.5,3.59,8.53,0.0,0.45,3.81,18.02
1996-08-15,17.7,4.25,9.9,0.0,0.44,5.69,17.92
1996-08-16,18.38,6.01,11.11,0.16,0.44,6.88,15.69
1996-08-17,18.32,6.3,11.48,0.21,0.44,5.44,18.21
1996-08-18,18.39,5.27,11.0,0.05,0.43,2.96,17.74
1996-08-19,16.49,6.38,10.99,0.65,0.43,3.02,10.77
1996-08-20,17.18,10.62,13.37,16.84,0.45,11.8,4.76
1996-08-21,16.86,7.66,11.63,0.15,0.45,7.72,10.02
1996-08-22,15.72,6.67,10.96,0.0,0.45,6.25,14.96
1996-08-23,18.96,7.66,12.95,0.21,0.45,8.01,11.81
1996-08-24,18.57,8.6,13.06,3.22,0.45,9.68,11.61
1996-08-25,18.77,6.18,11.2,0.28,0.44,5.91,15.4
1996-08-26,17.89,3.45,10.32,0.07,0.44,5.39,18.18
1996-08-27,19.53,6.59,12.45,0.11,0.44,8.83,18.3
1996-08-28,21.6,10.29,14.83,0.01,0.43,8.66,18.26
1996-08-29,24.47,7.31,15.91,0.0,0.43,6.28,20.48
1996-08-30,23.17,7.85,15.15,0.07,0.43,8.84,20.39
1996-08-31,20.82,8.68,13.78,1.65,0.42,11.02,14.47
1996-09-01,20.33,6.63,12.17,0.0,0.42,5.57,20.91
1996-09-02,24.36,5.36,14.28,0.11,0.42,4.91,20.75
1996-09-03,19.51,8.24,13.53,0.2,0.42,9.75,15.08
1996-09-04,21.85,5.56,12.48,0.0,0.41,4.51,20.38
1996-09-05,26.64,6.77,15.37,0.17,0.41,7.35,20.1
1996-09-06,19.97,11.33,15.04,1.29,0.41,10.0,16.04
1996-09-07,20.12,9.32,13.89,0.3,0.4,9.44,15.11
1996-09-08,21.87,9.55,14.68,0.37,0.4,9.85,17.35
1996-09-09,23.66,9.31,15.76,0.11,0.4,9.6,20.72
1996-09-10,19.56,12.14,15.35,8.26,0.4,11.3,16.96
1996-09-11,18.83,7.71,12.5,0.34,0.4,7.15,20.51
1996-09-12,21.5,5.56,13.21,0.0,0.4,7.12,21.59
1996-09-13,26.31,6.93,15.77,0.0,0.4,6.58,21.68
1996-09-14,23.95,9.59,16.29,0.19,0.39,11.42,20.46
1996-09-15,22.33,13.86,17.18,0.99,0.39,13.42,14.96
1996-09-16,21.76,11.2,15.77,0.43,0.39,11.76,17.94
1996-09-17,23.99,10.63,16.48,0.01,0.38,11.76,14.35
1996-09-18,22.41,12.7,16.9,0.31,0.38,12.1,19.14
1996-09-19,22.41,9.71,15.62,0.14,0.38,9.7,18.4
1996-09-20,25.11,6.94,16.01,0.0,0.37,5.74,23.34
1996-09-21,25.96,10.72,17.45,0.75,0.37,7.55,23.79
1996-09-22,20.83,9.08,15.12,5.17,0.37,9.08,21.03
1996-09-23,21.02,6.09,13.39,0.08,0.37,6.9,18.67
1996-09-24,21.98,6.38,13.99,0.0,0.37,6.45,24.27
1996-09-25,22.86,7.41,14.57,0.0,0.36,6.68,25.27
1996-09-26,24.51,7.97,14.87,3.33,0.36,8.77,13.76
1996-09-27,20.13,10.41,14.82,4.2,0.37,10.32,19.98
1996-09-28,20.4,8.63,13.74,0.27,0.37,7.38,16.55
1996-09-29,17.66,7.94,12.32,0.17,0.36,5.91,22.16
1996-09-30,20.97,4.78,12.57,0.0,0.36,4.01,25.51
1996-10-01,23.97,5.8,14.57,0.01,0.36,4.77,16.45
1996-10-02,25.15,10.36,16.51,0.01,0.35,7.23,25.57
1996-10-03,28.2,8.59,17.68,0.0,0.35,8.28,25.95
1996-10-04,22.7,8.08,15.41,0.2,0.35,7.08,22.25
1996-10-05,24.39,8.67,16.29,0.0,0.34,5.51,25.94
1996-10-06,27.23,8.81,17.71,0.0,0.34,2.01,25.2
1996-10-07,32.0,10.61,21.14,0.0,0.34,3.36,24.88
1996-10-08,28.79,12.84,20.27,0.07,0.33,9.47,26.27
1996-10-09,27.78,13.5,19.58,0.06,0.33,13.17,22.99
1996-10-10,19.51,9.06,14.8,0.49,0.33,7.23,13.63
1996-10-11,22.44,5.57,13.2,0.0,0.33,0.38,27.1
1996-10-12,28.3,6.6,17.37,0.0,0.32,-0.94,27.01
1996-10-13,34.49,9.4,21.85,0.0,0.32,2.63,27.71
1996-10-14,35.49,15.56,23.15,0.0,0.32,9.12,22.36
1996-10-15,25.72,12.72,18.45,0.04,0.32,9.26,23.34
1996-10-16,25.31,8.95,16.82,0.0,0.31,4.74,27.94
1996-10-17,27.19,8.53,17.8,0.0,0.31,4.59,28.08
1996-10-18,30.13,9.89,19.72,0.0,0.31,5.57,28.53
1996-10-19,33.81,11.19,22.62,0.05,0.31,5.4,27.98
1996-10-20,35.32,18.11,25.4,2.29,0.3,9.39,26.13
1996-10-21,29.38,15.96,22.19,1.9,0.31,14.7,15.36
1996-10-22,28.4,14.35,20.3,0.04,0.3,12.47,22.69
1996-10-23,23.88,12.07,17.29,0.3,0.3,8.6,28.01
1996-10-24,25.28,8.57,16.94,0.01,0.3,4.42,30.22
1996-10-25,27.5,10.07,18.63,0.0,0.3,3.72,30.2
1996-10-26,30.54,11.16,20.79,0.0,0.29,1.36,30.58
1996-10-27,32.56,12.42,22.59,0.0,0.29,1.79,30.55
1996-10-28,36.47,13.62,25.46,0.03,0.29,1.08,30.56
1996-10-29,38.2,17.59,26.91,0.06,0.29,5.42,23.77
1996-10-30,29.47,14.94,21.14,0.07,0.29,13.51,27.35
1996-10-31,27.0,13.78,19.42,0.02,0.28,9.31,15.5
1996-11-01,26.75,9.74,18.44,0.0,0.28,6.16,29.53
1996-11-02,29.25,10.71,20.43,0.0,0.28,5.33,29.53
1996-11-03,30.82,12.63,22.07,0.0,0.28,0.84,30.1
1996-11-04,32.72,14.55,24.0,0.01,0.28,1.65,29.78
1996-11-05,32.08,18.14,23.98,8.22,0.27,7.89,13.86
1996-11-06,23.8,15.9,19.79,12.56,0.31,12.74,21.85
1996-11-07,28.11,14.38,20.26,0.23,0.3,11.25,20.01
1996-11-08,31.38,11.69,21.61,0.0,0.3,8.69,32.46
1996-11-09,35.14,14.61,25.0,0.0,0.29,6.71,32.37
1996-11-10,37.2,15.78,26.54,0.0,0.29,2.23,32.88
1996-11-11,39.68,17.16,28.7,0.0,0.29,4.12,31.94
1996-11-12,35.79,19.53,26.35,0.03,0.28,12.68,18.87
1996-11-13,30.62,15.94,22.31,0.0,0.28,10.65,32.38
1996-11-14,28.11,12.07,19.55,0.0,0.28,9.17,32.9
1996-11-15,24.28,13.14,18.07,1.89,0.28,10.62,19.97
1996-11-16,25.31,13.27,18.45,0.26,0.28,7.3,27.46
1996-11-17,29.17,10.15,19.78,0.0,0.28,6.13,32.82
1996-11-18,34.34,12.39,23.93,0.0,0.28,4.62,32.91
1996-11-19,38.91,15.48,27.79,0.0,0.27,5.33,31.31
1996-11-20,40.18,17.55,28.74,0.0,0.27,7.91,32.83
1996-11-21,40.41,17.04,28.41,0.0,0.27,10.71,33.02
1996-11-22,42.53,18.41,30.04,0.0,0.27,10.64,32.54
1996-11-23,37.03,18.27,25.85,0.0,0.26,11.47,29.27
1996-11-24,31.16,13.92,22.09,0.0,0.26,4.5,31.57
1996-11-25,34.05,12.44,22.61,0.0,0.26,3.4,32.32
1996-11-26,30.66,12.19,21.04,0.0,0.26,7.96,31.55
1996-11-27,32.82,12.69,22.78,0.0,0.26,5.9,30.75
1996-11-28,36.59,14.7,25.78,0.0,0.26,3.69,32.72
1996-11-29,35.87,15.62,23.9,0.0,0.26,7.39,25.12
1996-11-30,28.38,16.36,21.48,0.29,0.25,12.04,28.1
1996-12-01,26.91,16.23,20.61,0.45,0.25,10.66,25.03
1996-12-02,28.17,14.14,20.89,0.14,0.25,9.61,25.7
1996-12-03,30.13,12.83,21.32,0.0,0.25,6.75,33.46
1996-12-04,30.3,12.36,20.74,0.0,0.25,7.09,33.71
1996-12-05,28.64,12.41,20.3,0.0,0.25,7.46,33.62
1996-12-06,30.16,11.08,20.74,0.0,0.25,1.77,33.49
1996-12-07,34.34,13.52,24.15,0.0,0.25,0.06,30.75
1996-12-08,39.2,15.09,27.21,0.0,0.25,2.86,33.99
1996-12-09,34.85,14.76,24.8,0.0,0.24,7.84,33.96
1996-12-10,34.83,15.62,24.6,0.0,0.24,10.12,33.22
1996-12-11,29.41,14.9,21.57,0.0,0.24,9.95,31.46
1996-12-12,28.17,11.12,19.58,0.0,0.24,7.1,26.18
1996-12-13,31.42,12.86,22.16,0.0,0.24,7.36,33.06
1996-12-14,36.85,15.16,26.41,0.02,0.24,6.48,32.77
1996-12-15,39.94,18.81,28.98,2.4,0.24,8.1,25.15
1996-12-16,34.45,20.39,27.1,0.04,0.24,13.56,33.57
1996-12-17,35.13,20.25,27.92,0.0,0.24,12.33,34.01
1996-12-18,37.34,21.42,29.36,0.0,0.24,8.66,33.64
1996-12-19,38.49,23.16,30.67,0.01,0.24,7.09,20.95
1996-12-20,37.18,24.21,30.65,0.02,0.24,12.24,31.85
1996-12-21,37.13,20.14,28.4,0.0,0.23,12.18,32.98
1996-12-22,37.33,21.04,28.94,0.13,0.23,9.31,32.15
1996-12-23,38.27,21.09,29.77,1.69,0.23,11.96,32.86
1996-12-24,34.27,17.34,25.08,0.0,0.23,5.18,32.75
1996-12-25,34.63,15.62,25.04,0.0,0.23,1.76,32.68
1996-12-26,38.05,17.48,28.12,0.0,0.23,1.29,32.23
1996-12-27,40.79,17.8,29.28,0.0,0.23,3.61,33.72
1996-12-28,39.97,16.71,28.65,0.0,0.23,5.26,33.4
1996-12-29,37.85,18.67,27.78,0.0,0.23,6.19,33.64
1996-12-30,39.8,18.24,29.46,0.0,0.23,8.22,33.39
1996-12-31,43.11,26.01,35.01,0.0,0.23,10.5,31.08
1997-01-01,42.03,28.79,35.57,0.0,0.22,12.4,32.86
1997-01-02,43.43,28.48,35.82,0.0,0.22,9.6,28.27
1997-01-03,44.93,26.05,35.21,0.0,0.22,3.66,32.5
1997-01-04,40.17,21.73,31.11,0.0,0.22,14.57,33.51
1997-01-05,39.98,23.57,31.25,0.0,0.22,10.38,33.34
1997-01-06,40.28,22.06,31.38,0.0,0.22,7.38,33.02
1997-01-07,42.37,23.79,33.31,0.0,0.22,4.95,31.81
1997-01-08,41.65,27.31,33.93,3.04,0.22,11.33,25.59
1997-01-09,39.01,24.58,31.68,0.12,0.22,12.69,33.02
1997-01-10,39.59,22.61,30.68,0.47,0.22,12.03,33.19
1997-01-11,40.52,21.81,30.57,0.0,0.22,10.66,32.18
1997-01-12,37.63,20.41,27.9,0.0,0.22,14.04,32.15
1997-01-13,37.62,19.34,28.25,0.0,0.22,9.65,31.92
1997-01-14,38.33,19.83,29.18,0.0,0.22,4.61,30.74
1997-01-15,40.04,21.2,30.95,0.0,0.22,1.97,31.53
1997-01-16,40.05,23.18,31.89,0.0,0.22,3.46,31.05
1997-01-17,40.34,23.05,32.07,0.0,0.21,3.16,31.31
1997-01-18,42.05,21.3,31.43,0.0,0.21,7.42,31.26
1997-01-19,35.55,18.14,25.59,0.0,0.21,8.58,31.62
1997-01-20,30.25,14.96,22.15,0.0,0.21,5.02,31.86
1997-01-21,34.46,15.13,24.81,0.0,0.21,2.94,31.51
1997-01-22,36.09,18.48,27.39,0.0,0.21,2.47,29.64
1997-01-23,38.62,19.68,29.67,0.0,0.21,0.83,31.85
1997-01-24,40.79,21.8,32.05,0.0,0.21,3.74,32.16
1997-01-25,41.05,20.13,30.4,0.0,0.21,12.03,29.69
1997-01-26,32.61,15.54,23.75,0.0,0.21,1.47,30.54
1997-01-27,36.28,16.16,26.45,0.0,0.21,0.33,30.33
1997-01-28,40.43,21.02,30.62,0.0,0.21,1.62,31.77
1997-01-29,41.44,21.95,31.55,0.0,0.21,6.71,29.44
1997-01-30,42.01,21.29,31.41,0.0,0.21,9.11,29.84
1997-01-31,43.17,23.01,32.94,0.0,0.21,5.08,29.42
1997-02-01,43.0,26.66,34.46,0.33,0.21,11.23,28.2
1997-02-02,37.21,26.59,31.56,1.67,0.21,19.26,19.61
1997-02-03,38.03,23.68,30.61,0.86,0.21,19.04,18.28
1997-02-04,32.45,20.21,25.71,2.54,0.21,15.68,10.84
1997-02-05,35.14,18.54,27.36,0.05,0.21,13.99,29.51
1997-02-06,39.1,22.42,31.78,0.37,0.21,14.39,27.52
1997-02-07,40.68,22.6,31.47,1.22,0.21,14.58,24.53
1997-02-08,36.34,20.01,28.18,0.04,0.21,14.17,28.4
1997-02-09,38.02,20.6,29.37,0.0,0.21,10.74,28.42
1997-02-10,39.87,22.46,31.58,0.0,0.21,9.76,28.44
1997-02-11,40.19,24.16,32.46,0.12,0.21,7.77,29.68
1997-02-12,41.74,23.38,33.03,0.0,0.21,5.65,29.45
1997-02-13,41.48,21.58,30.45,0.0,0.21,8.26,28.39
1997-02-14,35.93,17.76,26.75,0.0,0.21,8.84,28.28
1997-02-15,40.03,20.69,30.09,0.36,0.21,5.2,28.41
1997-02-16,42.79,22.47,32.84,0.0,0.21,5.38,28.06
1997-02-17,37.45,20.62,28.31,0.0,0.21,8.65,26.89
1997-02-18,39.11,19.95,29.66,2.62,0.21,14.93,18.39
1997-02-19,34.25,22.62,28.16,2.78,0.21,17.29,19.44
1997-02-20,31.05,18.52,23.82,3.54,0.22,13.72,18.32
1997-02-21,32.26,17.09,24.15,1.66,0.22,11.99,27.03
1997-02-22,33.37,19.09,26.25,22.44,0.23,18.58,23.41
1997-02-23,32.89,22.4,27.34,7.84,0.26,20.93,15.19
1997-02-24,38.04,24.54,31.37,0.4,0.26,18.83,27.72
1997-02-25,42.86,26.94,34.39,0.01,0.25,15.19,26.74
1997-02-26,44.33,27.18,35.81,0.0,0.25,13.63,27.9
1997-02-27,45.03,28.3,35.67,0.02,0.25,13.62,25.69
1997-02-28,42.45,26.53,33.39,0.04,0.24,15.11,22.0
1997-03-01,38.72,22.65,30.08,0.0,0.24,6.98,28.54
1997-03-02,37.62,21.34,29.32,0.0,0.24,6.24,28.04
1997-03-03,34.88,20.91,27.81,0.0,0.24,7.27,27.36
1997-03-04,32.17,18.52,25.26,0.0,0.24,7.6,26.89
1997-03-05,34.96,18.01,26.49,0.0,0.24,4.93,27.58
1997-03-06,35.95,18.62,26.46,0.67,0.24,9.89,23.29
1997-03-07,33.63,16.66,25.37,0.1,0.24,10.61,24.98
1997-03-08,33.13,19.54,26.47,1.88,0.24,12.85,23.36
1997-03-09,36.68,21.69,28.39,0.69,0.24,11.49,23.06
1997-03-10,37.29,20.03,27.86,0.0,0.24,11.4,26.47
1997-03-11,33.77,16.72,24.79,0.0,0.23,11.1,26.89
1997-03-12,31.73,16.63,23.82,0.0,0.23,8.39,26.33
1997-03-13,31.39,15.63,23.35,0.0,0.23,7.25,26.13
1997-03-14,33.43,17.92,25.8,0.0,0.23,8.4,25.08
1997-03-15,36.3,19.79,26.52,0.0,0.23,11.61,23.95
1997-03-16,26.68,16.48,21.1,0.15,0.23,12.45,18.52
1997-03-17,26.15,13.5,20.03,0.12,0.23,10.37,23.51
1997-03-18,30.96,13.2,21.93,0.0,0.23,8.53,24.71
1997-03-19,32.91,14.14,23.27,0.0,0.23,8.3,24.9
1997-03-20,35.22,15.73,25.01,0.0,0.23,6.38,24.46
1997-03-21,37.86,16.99,26.94,0.0,0.23,5.31,25.12
1997-03-22,36.33,15.87,25.71,0.0,0.23,8.92,24.48
1997-03-23,32.98,17.24,24.77,0.0,0.23,8.51,24.32
1997-03-24,34.62,16.29,25.82,0.0,0.22,8.82,23.39
1997-03-25,34.24,18.43,25.59,0.0,0.22,11.59,23.52
1997-03-26,29.26,16.48,21.91,0.0,0.22,7.72,19.55
1997-03-27,32.32,15.93,23.72,0.0,0.22,8.65,23.05
1997-03-28,33.25,17.47,24.79,0.0,0.22,8.22,21.49
1997-03-29,28.59,14.03,20.6,0.06,0.22,8.64,21.55
1997-03-30,30.06,13.03,21.07,0.01,0.22,8.22,22.59
1997-03-31,31.41,15.39,22.39,0.04,0.22,10.57,22.32
1997-04-01,31.52,14.9,23.41,0.06,0.22,10.37,21.01
1997-04-02,27.83,18.15,22.89,4.63,0.22,13.18,11.86
1997-04-03,25.67,17.86,21.45,4.93,0.23,15.98,17.63
1997-04-04,26.92,18.19,22.76,1.62,0.24,15.62,19.61
1997-04-05,30.88,17.43,22.79,5.27,0.24,14.55,7.94
1997-04-06,24.84,18.31,20.92,20.71,0.26,17.03,14.27
1997-04-07,25.97,18.74,21.17,10.36,0.29,17.02,17.98
1997-04-08,30.71,16.08,23.21,0.12,0.29,12.69,20.04
1997-04-09,33.48,17.08,25.12,0.0,0.29,10.12,21.57
1997-04-10,31.73,18.25,24.1,0.48,0.28,10.43,15.69
1997-04-11,22.28,17.46,19.43,9.55,0.29,14.85,7.53
1997-04-12,24.06,14.0,18.65,6.24,0.3,12.92,13.92
1997-04-13,26.94,15.3,20.76,0.44,0.3,12.03,20.13
1997-04-14,30.48,17.64,23.48,2.17,0.3,12.27,17.95
1997-04-15,25.77,17.72,20.93,0.19,0.3,12.97,17.29
1997-04-16,29.51,15.37,22.25,0.06,0.29,11.65,20.2
1997-04-17,30.28,15.67,22.79,0.0,0.29,10.28,19.28
1997-04-18,32.07,16.06,23.55,0.0,0.29,9.17,18.84
1997-04-19,33.02,15.52,23.51,0.0,0.29,9.88,19.0
1997-04-20,28.14,13.91,20.39,0.0,0.28,11.38,18.14
1997-04-21,23.93,15.04,18.74,0.0,0.28,12.29,13.64
1997-04-22,30.64,12.48,21.26,0.0,0.28,10.06,18.8
1997-04-23,30.51,15.45,22.1,0.0,0.28,9.05,18.5
1997-04-24,33.28,15.81,23.92,0.0,0.28,9.51,18.41
1997-04-25,35.03,17.83,25.64,0.0,0.28,6.4,17.87
1997-04-26,31.57,18.62,24.03,0.0,0.28,9.59,14.52
1997-04-27,22.56,16.19,19.31,0.11,0.28,14.26,8.54
1997-04-28,21.11,13.01,16.37,0.0,0.28,8.93,13.56
1997-04-29,19.56,12.16,15.66,1.11,0.28,10.49,6.23
1997-04-30,22.01,14.08,17.74,2.25,0.28,13.86,6.57
1997-05-01,22.15,15.13,18.04,0.92,0.28,14.2,7.15
1997-05-02,24.13,13.55,18.18,0.2,0.28,11.76,11.72
1997-05-03,23.83,10.11,16.43,0.11,0.28,8.42,17.5
1997-05-04,24.53,9.55,16.31,0.01,0.28,6.35,17.72
1997-05-05,23.71,8.68,15.75,0.0,0.28,3.95,17.67
1997-05-06,21.97,9.26,14.69,0.0,0.28,4.15,17.51
1997-05-07,21.27,6.68,13.31,0.0,0.28,0.6,17.24
1997-05-08,21.16,7.03,13.7,0.01,0.27,2.2,17.13
1997-05-09,17.94,11.26,13.85,0.39,0.27,6.53,11.42
1997-05-10,13.39,10.05,11.77,2.18,0.28,7.2,7.07
1997-05-11,17.72,9.53,13.4,0.99,0.28,10.07,7.13
1997-05-12,21.25,10.99,15.94,2.57,0.28,11.22,10.5
1997-05-13,23.57,10.89,16.71,0.03,0.28,11.02,10.98
1997-05-14,26.34,11.77,18.91,0.0,0.28,9.52,15.11
1997-05-15,26.68,13.43,19.44,0.03,0.28,9.53,7.13
1997-05-16,26.41,15.64,20.13,0.05,0.28,10.44,11.29
1997-05-17,27.82,15.02,20.43,0.91,0.28,11.08,14.94
1997-05-18,23.08,15.38,19.14,5.53,0.29,13.67,9.79
1997-05-19,23.24,14.24,17.96,0.9,0.29,12.19,14.09
1997-05-20,22.61,10.45,15.68,0.01,0.29,9.27,15.54
1997-05-21,22.82,8.51,14.98,0.0,0.28,7.16,13.58
1997-05-22,24.66,10.47,17.23,0.0,0.28,6.88,14.53
1997-05-23,22.08,14.39,17.54,4.26,0.29,12.58,6.82
1997-05-24,22.67,12.84,16.72,0.08,0.29,12.75,7.92
1997-05-25,21.32,11.85,15.69,1.46,0.29,10.4,10.44
1997-05-26,19.67,10.36,14.5,0.01,0.29,7.57,12.5
1997-05-27,20.78,10.54,14.93,0.08,0.29,8.39,11.44
1997-05-28,21.22,8.84,14.32,0.01,0.29,8.16,12.86
1997-05-29,20.26,7.73,13.65,0.0,0.28,5.59,13.45
1997-05-30,22.47,10.72,15.7,2.8,0.28,5.6,5.64
1997-05-31,18.8,10.99,14.63,1.76,0.29,9.89,10.45
1997-06-01,20.91,11.48,14.83,1.94,0.29,11.13,11.57
1997-06-02,19.81,11.05,14.82,3.43,0.29,12.29,7.85
1997-06-03,18.86,11.33,14.47,2.42,0.3,10.64,10.61
1997-06-04,18.68,10.23,14.2,1.26,0.3,9.67,10.59
1997-06-05,18.08,10.2,13.38,0.37,0.3,8.4,10.46
1997-06-06,19.17,8.37,13.64,0.05,0.3,8.38,13.96
1997-06-07,24.39,9.08,16.05,0.15,0.3,6.24,13.13
1997-06-08,21.9,12.08,16.09,6.46,0.3,11.67,5.36
1997-06-09,18.43,8.37,12.63,0.02,0.31,6.82,12.55
1997-06-10,19.57,5.58,11.71,0.01,0.3,4.81,14.13
1997-06-11,18.96,6.9,11.92,0.38,0.3,8.36,10.11
1997-06-12,18.21,8.35,12.78,0.1,0.3,8.64,12.41
1997-06-13,19.2,8.8,12.83,0.07,0.3,7.81,11.7
1997-06-14,19.26,5.67,12.21,0.0,0.3,5.64,11.58
1997-06-15,22.58,7.92,14.21,0.02,0.3,4.92,13.51
1997-06-16,24.77,8.17,15.41,0.03,0.3,5.15,14.0
1997-06-17,24.97,10.21,16.48,0.0,0.3,4.79,13.37
1997-06-18,23.92,10.06,16.22,0.01,0.29,2.34,10.79
1997-06-19,19.46,11.54,15.21,1.67,0.29,1.87,5.2
1997-06-20,20.51,9.87,14.22,5.16,0.3,9.23,10.01
1997-06-21,20.61,8.97,13.91,0.22,0.3,8.55,12.14
1997-06-22,21.14,8.55,13.67,0.0,0.3,6.07,13.67
1997-06-23,22.38,6.5,13.37,0.0,0.3,4.59,13.4
1997-06-24,24.02,7.75,14.83,0.13,0.3,3.47,12.99
1997-06-25,25.86,10.28,17.15,0.12,0.3,6.1,13.85
1997-06-26,25.79,9.8,16.86,0.0,0.3,4.38,12.42
1997-06-27,22.57,9.1,14.65,0.0,0.29,2.39,13.4
1997-06-28,20.2,6.07,11.97,0.0,0.29,-1.7,13.39
1997-06-29,19.0,3.64,10.16,0.0,0.29,-3.87,13.12
1997-06-30,19.19,3.14,10.05,0.0,0.29,-2.39,13.02
1997-07-01,19.19,4.01,10.86,0.0,0.29,-0.89,13.49
1997-07-02,18.23,6.81,11.33,11.37,0.3,3.68,6.17
1997-07-03,16.19,8.67,11.64,7.54,0.32,9.3,6.56
1997-07-04,20.47,7.43,13.45,0.0,0.32,8.65,13.01
1997-07-05,20.88,7.51,14.39,0.0,0.32,7.78,11.41
1997-07-06,19.89,11.58,14.74,4.94,0.32,11.99,9.49
1997-07-07,15.96,5.39,10.41,0.17,0.32,4.98,12.86
1997-07-08,14.14,2.59,7.21,0.0,0.32,0.8,13.67
1997-07-09,13.07,3.22,6.74,0.12,0.32,1.03,10.48
1997-07-10,15.79,0.3,6.61,0.0,0.32,-1.57,13.77
1997-07-11,16.53,0.35,7.41,0.0,0.31,-1.88,14.26
1997-07-12,17.87,0.78,8.96,0.04,0.31,-1.15,13.2
1997-07-13,19.48,4.61,12.57,1.73,0.31,5.06,8.18
1997-07-14,14.86,4.65,9.54,0.09,0.31,1.58,14.81
1997-07-15,16.32,1.09,8.1,0.09,0.31,-2.6,13.16
1997-07-16,17.8,2.5,8.92,0.05,0.31,-2.57,13.8
1997-07-17,19.47,2.33,9.99,0.0,0.31,-1.86,14.46
1997-07-18,20.68,2.52,10.64,0.0,0.31,-1.93,14.85
1997-07-19,20.59,3.45,10.87,0.0,0.31,-2.14,14.83
1997-07-20,20.22,3.22,10.46,0.0,0.31,-2.63,14.77
1997-07-21,20.83,2.47,10.82,0.0,0.3,-3.09,14.67
1997-07-22,22.01,4.63,11.98,0.03,0.3,-3.11,14.8
1997-07-23,20.16,6.93,12.75,1.62,0.3,0.52,8.34
1997-07-24,16.37,8.23,11.4,12.1,0.32,9.13,10.7
1997-07-25,17.12,7.19,11.67,0.61,0.32,7.25,12.95
1997-07-26,18.02,6.36,11.54,0.26,0.32,6.84,12.79
1997-07-27,18.02,9.0,12.97,0.91,0.32,9.04,12.66
1997-07-28,21.41,8.45,13.69,0.11,0.32,8.02,14.99
1997-07-29,22.91,6.29,14.0,0.0,0.32,3.79,15.68
1997-07-30,24.52,6.93,15.1,0.0,0.31,1.06,16.11
1997-07-31,25.03,6.31,14.72,0.0,0.31,1.49,14.6
1997-08-01,20.22,9.49,13.23,0.09,0.31,8.15,10.58
1997-08-02,21.82,6.48,13.77,0.0,0.31,6.57,15.74
1997-08-03,21.64,8.86,14.93,6.89,0.31,8.42,9.35
1997-08-04,18.98,11.89,15.26,20.19,0.35,13.04,9.73
1997-08-05,15.49,9.77,12.03,2.87,0.36,7.82,14.5
1997-08-06,17.04,8.39,12.45,1.2,0.35,8.53,14.49
1997-08-07,19.41,9.84,13.62,0.35,0.35,9.2,12.46
1997-08-08,20.25,7.94,13.03,1.03,0.35,8.22,14.45
1997-08-09,17.86,7.43,11.63,14.28,0.36,8.82,7.72
1997-08-10,12.33,4.9,8.62,2.46,0.37,5.75,14.45
1997-08-11,15.79,3.14,8.37,0.0,0.37,1.67,17.97
1997-08-12,19.55,2.25,10.1,0.0,0.36,-0.81,18.05
1997-08-13,21.7,3.7,11.75,0.11,0.36,1.9,17.59
1997-08-14,20.73,4.73,13.32,0.05,0.35,5.9,17.65
1997-08-15,18.46,9.13,13.91,3.2,0.36,8.73,12.34
1997-08-16,16.01,6.81,11.08,1.92,0.36,6.65,11.48
1997-08-17,16.67,3.3,9.29,0.0,0.36,2.19,17.64
1997-08-18,16.89,1.66,8.64,0.01,0.35,0.22,18.71
1997-08-19,19.4,1.96,10.14,0.0,0.35,-0.49,18.67
1997-08-20,21.69,2.64,11.56,0.0,0.35,0.62,19.31
1997-08-21,22.1,3.3,11.95,0.0,0.35,1.08,19.02
1997-08-22,21.25,5.3,12.5,0.0,0.34,4.04,19.05
1997-08-23,21.4,5.53,12.79,0.0,0.34,4.75,18.44
1997-08-24,23.64,5.4,14.01,0.0,0.34,4.2,19.38
1997-08-25,24.74,8.91,16.15,1.1,0.34,5.86,18.83
1997-08-26,25.57,11.53,17.18,3.0,0.34,8.18,11.74
1997-08-27,21.14,8.54,14.78,0.58,0.34,9.79,16.19
1997-08-28,16.63,6.74,11.08,1.68,0.34,7.56,12.03
1997-08-29,21.29,6.11,12.74,0.44,0.34,5.92,18.22
1997-08-30,21.59,5.93,13.3,0.0,0.34,3.69,20.0
1997-08-31,21.38,5.18,12.73,0.0,0.33,3.32,20.66
1997-09-01,19.77,6.09,12.8,2.89,0.33,7.73,18.72
1997-09-02,17.04,4.22,10.81,0.18,0.34,4.99,14.49
1997-09-03,18.61,6.29,11.39,0.31,0.33,5.0,18.07
1997-09-04,25.13,4.72,14.26,0.0,0.33,4.38,20.78
1997-09-05,20.61,11.15,14.78,17.35,0.34,11.19,12.98
1997-09-06,16.69,11.17,13.42,3.51,0.36,8.92,14.55
1997-09-07,19.37,8.99,13.33,0.84,0.36,8.02,15.7
1997-09-08,19.5,7.03,12.54,0.51,0.35,7.44,19.1
1997-09-09,17.44,7.39,11.82,4.06,0.35,8.85,14.47
1997-09-10,15.31,4.72,10.58,4.9,0.36,7.28,13.82
1997-09-11,19.31,8.4,12.7,1.24,0.36,8.5,15.29
1997-09-12,20.53,6.86,13.51,0.88,0.36,9.1,18.47
1997-09-13,22.07,7.74,13.83,0.08,0.35,7.19,19.01
1997-09-14,25.03,7.6,15.81,0.0,0.35,6.51,23.07
1997-09-15,28.72,10.86,18.51,0.0,0.35,7.77,23.53
1997-09-16,25.94,9.24,17.14,0.0,0.34,9.38,23.23
1997-09-17,24.54,9.45,16.36,0.0,0.34,10.3,21.17
1997-09-18,25.68,8.23,16.47,0.0,0.34,7.95,23.94
1997-09-19,26.29,9.06,17.35,0.0,0.33,8.08,22.86
1997-09-20,27.55,9.95,17.94,0.0,0.33,8.8,23.97
1997-09-21,25.8,10.49,17.31,0.0,0.33,9.11,23.38
1997-09-22,27.18,9.21,17.65,0.0,0.33,7.31,24.5
1997-09-23,28.29,9.8,18.28,0.0,0.32,8.74,24.37
1997-09-24,24.26,10.02,16.49,0.02,0.32,9.04,21.51
1997-09-25,22.63,6.48,14.08,0.0,0.32,5.2,24.6
1997-09-26,21.86,6.48,14.16,0.0,0.32,6.23,21.83
1997-09-27,25.96,8.55,16.82,0.0,0.32,6.77,25.62
1997-09-28,28.57,10.46,18.55,0.0,0.31,7.38,24.44
1997-09-29,26.71,10.39,18.03,0.0,0.31,9.09,26.03
1997-09-30,26.13,10.74,17.34,0.01,0.31,9.81,24.19
1997-10-01,22.5,12.09,16.91,1.25,0.31,11.99,13.4
1997-10-02,22.75,7.64,14.96,0.0,0.31,4.21,24.79
1997-10-03,25.17,7.9,16.1,0.0,0.31,2.99,25.67
1997-10-04,27.76,8.52,18.28,0.0,0.3,3.91,25.82
1997-10-05,28.49,11.38,19.51,0.0,0.3,4.56,25.81
1997-10-06,31.95,12.93,21.82,0.0,0.3,4.97,25.74
1997-10-07,27.06,12.09,19.03,0.03,0.3,8.56,23.77
1997-10-08,27.1,10.05,18.13,1.23,0.3,9.6,23.5
1997-10-09,19.9,11.12,15.42,4.73,0.3,7.69,19.75
1997-10-10,23.81,10.63,16.53,0.67,0.3,7.94,20.81
1997-10-11,25.27,6.86,15.96,0.0,0.3,4.36,25.96
1997-10-12,30.36,9.43,19.76,0.0,0.3,6.03,27.1
1997-10-13,32.57,11.2,21.88,0.0,0.29,5.29,28.07
1997-10-14,31.58,13.75,22.13,0.0,0.29,9.54,27.9
1997-10-15,33.47,14.24,22.45,0.0,0.29,6.93,27.81
1997-10-16,28.85,11.5,19.6,0.0,0.29,6.78,28.15
1997-10-17,27.85,11.67,19.43,0.07,0.29,5.42,28.2
1997-10-18,27.49,12.05,19.29,0.0,0.28,3.17,28.3
1997-10-19,29.32,11.44,20.31,0.05,0.28,2.67,27.76
1997-10-20,32.26,14.56,23.12,1.79,0.28,6.92,8.61
1997-10-21,33.7,14.7,24.25,2.24,0.28,9.52,27.16
1997-10-22,30.78,16.95,23.41,0.0,0.28,11.58,24.66
1997-10-23,32.21,15.93,22.72,0.0,0.28,12.63,27.57
1997-10-24,27.24,15.13,19.72,0.0,0.28,11.02,22.21
1997-10-25,28.48,11.32,19.87,0.0,0.28,8.79,26.72
1997-10-26,30.46,12.68,20.59,0.0,0.28,7.71,28.77
1997-10-27,28.37,11.71,19.33,0.3,0.27,8.04,30.09
1997-10-28,29.46,11.39,20.06,0.1,0.27,7.81,29.66
1997-10-29,27.03,10.77,18.09,0.0,0.27,5.17,30.2
1997-10-30,24.28,6.94,15.55,0.0,0.27,-1.72,30.32
1997-10-31,27.73,9.17,18.4,0.0,0.27,-2.6,29.96
1997-11-01,31.49,10.84,20.99,0.0,0.27,-2.86,28.74
1997-11-02,34.99,12.62,24.06,0.17,0.26,-0.96,28.02
1997-11-03,37.87,16.6,26.4,0.0,0.26,2.92,28.14
1997-11-04,31.71,15.02,21.19,0.0,0.26,11.86,24.86
1997-11-05,27.61,14.26,20.07,0.0,0.26,7.3,27.74
1997-11-06,28.45,12.72,20.24,0.0,0.26,3.34,30.26
1997-11-07,29.28,12.13,20.25,0.0,0.26,0.24,29.6
1997-11-08,31.26,13.5,22.57,0.0,0.26,3.51,30.65
1997-11-09,35.04,15.16,24.11,0.0,0.26,5.37,30.38
1997-11-10,28.71,13.69,20.35,0.0,0.25,9.05,28.35
1997-11-11,30.93,13.33,22.66,3.5,0.25,9.29,27.04
1997-11-12,24.34,15.0,19.47,10.16,0.27,11.87,18.28
1997-11-13,25.99,12.64,19.34,0.25,0.27,10.83,20.32
1997-11-14,27.5,12.68,20.14,0.0,0.27,6.23,26.88
1997-11-15,30.3,12.53,21.78,0.0,0.27,2.53,29.9
1997-11-16,26.15,12.75,19.26,0.0,0.26,2.98,32.9
1997-11-17,27.15,10.87,18.76,0.0,0.26,1.02,32.57
1997-11-18,31.98,12.16,22.67,0.0,0.26,0.81,32.42
1997-11-19,36.39,15.02,25.58,0.0,0.26,0.75,32.93
1997-11-20,33.73,13.68,22.86,0.0,0.26,4.69,32.54
1997-11-21,30.61,12.17,20.96,0.23,0.25,9.85,32.96
1997-11-22,28.37,14.82,20.95,0.2,0.25,11.09,26.98
1997-11-23,30.59,11.15,20.87,0.0,0.25,7.54,33.39
1997-11-24,31.34,12.87,21.38,0.0,0.25,9.4,32.55
1997-11-25,33.75,14.79,23.29,0.0,0.25,12.22,32.97
1997-11-26,32.64,14.1,22.83,0.0,0.25,9.82,33.31
1997-11-27,34.44,14.03,23.96,0.0,0.25,9.57,33.48
1997-11-28,32.55,14.6,22.89,0.0,0.25,9.19,33.35
1997-11-29,34.25,13.15,24.02,0.0,0.25,3.76,33.09
1997-11-30,39.72,15.73,28.34,0.0,0.24,4.74,33.6
1997-12-01,39.56,17.52,28.58,0.0,0.24,7.34,34.01
1997-12-02,39.83,20.01,29.45,0.0,0.24,9.74,27.34
1997-12-03,34.18,16.65,24.88,0.0,0.24,10.5,32.87
1997-12-04,34.43,15.46,24.62,0.0,0.24,10.64,32.33
1997-12-05,32.41,15.29,23.85,0.0,0.24,10.14,32.58
1997-12-06,30.1,15.48,22.88,0.0,0.24,5.56,33.49
1997-12-07,31.35,14.98,23.45,0.0,0.24,5.42,33.2
1997-12-08,34.86,17.57,26.26,0.0,0.24,4.88,33.31
1997-12-09,37.82,19.14,28.77,0.21,0.23,2.32,33.96
1997-12-10,39.87,20.69,29.89,1.05,0.23,7.05,29.47
1997-12-11,38.18,19.62,28.67,0.8,0.24,8.44,32.77
1997-12-12,35.5,16.08,25.18,0.0,0.23,9.42,34.04
1997-12-13,35.69,16.26,26.2,0.0,0.23,7.17,33.76
1997-12-14,37.18,17.98,28.04,0.0,0.23,-0.26,33.39
1997-12-15,36.76,17.56,26.94,0.0,0.23,5.76,34.26
1997-12-16,30.21,15.85,22.26,0.0,0.23,9.87,33.04
1997-12-17,33.52,14.72,24.22,0.0,0.23,7.35,33.79
1997-12-18,37.32,15.45,26.76,0.0,0.23,6.99,33.53
1997-12-19,34.89,16.15,24.65,0.0,0.23,8.84,33.78
1997-12-20,34.17,13.88,23.98,0.0,0.23,6.56,33.31
1997-12-21,38.69,14.09,26.77,0.0,0.23,4.27,33.24
1997-12-22,43.21,20.8,32.53,0.07,0.22,1.49,33.49
1997-12-23,44.73,24.68,34.35,0.04,0.22,9.73,33.33
1997-12-24,39.3,20.35,29.72,0.31,0.22,5.23,33.33
1997-12-25,42.06,21.06,31.9,0.24,0.22,3.39,33.22
1997-12-26,45.16,25.99,35.42,0.0,0.22,5.08,31.12
1997-12-27,41.99,22.73,32.66,0.0,0.22,7.46,30.1
1997-12-28,39.1,19.26,29.37,0.0,0.22,7.66,33.51
1997-12-29,42.81,24.08,33.43,0.0,0.22,6.62,28.98
1997-12-30,44.36,24.12,34.17,0.0,0.22,7.23,16.23
1997-12-31,42.49,22.07,31.66,0.0,0.22,5.77,29.11
1998-01-01,38.02,19.75,28.67,0.0,0.22,4.95,34.02
1998-01-02,36.16,19.12,27.71,0.0,0.22,8.13,34.1
1998-01-03,39.51,20.94,29.96,0.0,0.22,4.65,33.88
1998-01-04,38.91,17.32,28.53,0.0,0.21,5.94,33.62
1998-01-05,39.33,22.33,31.16,0.09,0.21,10.45,30.7
1998-01-06,41.14,25.43,33.14,0.02,0.21,9.22,30.61
1998-01-07,42.14,25.8,33.95,0.27,0.21,10.49,31.78
1998-01-08,41.71,24.07,32.67,0.0,0.21,12.04,33.77
1998-01-09,42.22,21.48,31.79,0.0,0.21,6.51,33.5
1998-01-10,43.9,22.28,33.54,0.0,0.21,4.45,31.83
1998-01-11,45.91,23.97,34.59,0.0,0.21,6.77,33.16
1998-01-12,39.49,21.83,29.57,0.0,0.21,8.42,29.62
1998-01-13,36.3,17.66,26.13,0.0,0.21,10.61,32.73
1998-01-14,38.05,18.05,27.86,0.0,0.21,11.95,32.29
1998-01-15,41.56,19.27,29.63,0.0,0.21,9.98,32.58
1998-01-16,34.6,17.66,25.46,0.0,0.21,10.77,29.62
1998-01-17,35.43,14.75,24.74,0.0,0.21,-1.66,31.0
1998-01-18,40.88,18.79,30.38,0.0,0.21,3.6,32.18
1998-01-19,41.78,21.83,31.36,0.0,0.21,8.17,32.62
1998-01-20,37.48,17.57,26.43,0.0,0.21,12.21,32.24
1998-01-21,33.6,15.98,23.92,0.0,0.21,8.32,27.62
1998-01-22,34.44,15.12,24.71,0.0,0.21,2.9,32.68
1998-01-23,36.17,15.27,26.25,0.0,0.21,6.18,32.62
1998-01-24,39.98,20.45,30.12,0.0,0.21,5.59,32.22
1998-01-25,40.99,23.36,32.22,0.0,0.21,1.54,31.87
1998-01-26,42.04,22.24,32.75,0.0,0.2,-0.76,31.84
1998-01-27,43.06,23.69,33.99,0.0,0.2,2.19,32.16
1998-01-28,43.91,25.29,34.8,0.0,0.2,4.61,31.69
1998-01-29,42.89,24.32,33.14,0.0,0.2,2.09,31.75
1998-01-30,40.97,21.77,31.54,0.01,0.2,4.4,17.34
1998-01-31,40.92,21.28,31.29,0.0,0.2,5.86,30.48
1998-02-01,38.96,20.71,28.88,0.0,0.2,7.76,29.62
1998-02-02,38.25,17.36,27.91,0.0,0.2,4.11,32.15
1998-02-03,41.13,19.35,30.22,0.0,0.2,2.19,31.91
1998-02-04,38.24,18.3,28.33,0.0,0.2,6.4,31.57
1998-02-05,37.23,19.36,28.4,0.0,0.2,8.71,31.83
1998-02-06,39.9,22.3,30.94,0.0,0.2,3.6,32.08
1998-02-07,37.64,19.13,28.24,0.02,0.2,1.32,29.9
1998-02-08,40.67,21.1,30.99,0.0,0.2,-4.82,29.69
1998-02-09,42.77,23.98,33.11,0.01,0.2,-1.43,25.41
1998-02-10,41.88,23.06,32.81,0.0,0.2,4.48,30.36
1998-02-11,42.89,21.84,32.48,0.0,0.2,1.74,30.37
1998-02-12,44.19,22.0,33.51,0.0,0.2,4.25,29.52
1998-02-13,46.75,26.1,36.74,0.0,0.2,2.85,28.99
1998-02-14,45.56,27.92,36.39,0.0,0.2,4.56,30.02
1998-02-15,39.24,23.93,30.7,0.0,0.2,5.45,28.67
1998-02-16,40.29,21.07,30.75,0.0,0.2,6.51,29.55
1998-02-17,44.11,23.82,33.39,0.0,0.2,5.56,30.04
1998-02-18,39.8,18.86,29.27,0.0,0.2,6.02,29.68
1998-02-19,42.89,20.84,32.18,0.0,0.2,2.11,29.41
1998-02-20,43.35,24.67,32.94,0.0,0.2,6.3,28.99
1998-02-21,42.69,19.4,30.57,0.0,0.2,7.78,28.3
1998-02-22,44.22,21.79,32.64,0.0,0.2,7.8,26.99
1998-02-23,42.0,24.47,32.55,0.0,0.2,9.6,19.44
1998-02-24,38.87,20.88,29.1,0.0,0.2,11.28,28.54
1998-02-25,39.24,19.92,28.14,0.0,0.2,11.7,27.3
1998-02-26,36.63,19.32,28.19,0.0,0.2,6.94,28.29
1998-02-27,38.82,21.73,30.37,0.0,0.2,9.23,27.55
1998-02-28,42.66,25.52,34.04,0.04,0.2,8.41,20.76
1998-03-01,43.2,25.62,34.46,0.17,0.2,10.4,27.57
1998-03-02,39.99,27.33,33.0,0.73,0.2,13.47,24.64
1998-03-03,38.37,22.05,29.83,0.11,0.2,10.78,27.97
1998-03-04,38.09,23.15,30.34,0.01,0.2,11.56,27.53
1998-03-05,36.36,24.61,30.58,0.04,0.2,10.43,20.76
1998-03-06,39.4,26.36,31.59,0.42,0.2,11.23,19.34
1998-03-07,40.45,24.11,32.2,0.0,0.2,8.92,24.87
1998-03-08,40.67,23.08,32.48,0.04,0.2,10.46,22.4
1998-03-09,40.49,26.2,32.18,0.9,0.2,11.12,20.75
1998-03-10,30.8,18.13,24.77,0.96,0.2,12.96,11.34
1998-03-11,28.28,17.04,21.62,0.09,0.21,10.2,19.62
1998-03-12,28.56,14.28,21.25,0.0,0.2,5.67,25.16
1998-03-13,31.69,15.13,23.33,0.0,0.2,4.94,25.55
1998-03-14,34.19,19.27,26.3,0.0,0.2,5.07,25.79
1998-03-15,34.53,19.3,27.04,0.0,0.2,6.25,23.03
1998-03-16,38.31,20.87,29.78,0.01,0.2,6.5,25.24
1998-03-17,37.43,20.6,29.63,0.0,0.2,2.73,24.52
1998-03-18,38.75,22.56,30.75,0.0,0.2,5.85,25.52
1998-03-19,40.75,23.61,31.4,0.0,0.2,8.78,25.23
1998-03-20,38.14,20.59,27.91,0.02,0.2,11.32,21.99
1998-03-21,29.24,17.02,22.24,0.0,0.2,8.43,19.86
1998-03-22,28.87,13.41,20.8,0.0,0.2,6.64,23.3
1998-03-23,31.4,14.13,22.36,0.0,0.2,2.14,24.41
1998-03-24,32.64,16.44,24.37,0.0,0.2,0.04,22.74
1998-03-25,34.88,16.7,25.49,0.0,0.2,-0.67,23.78
1998-03-26,36.25,16.94,26.53,0.0,0.2,-2.9,23.78
1998-03-27,36.89,17.83,27.21,0.0,0.2,-3.23,23.53
1998-03-28,35.65,18.71,26.9,0.0,0.2,-1.26,23.52
1998-03-29,35.01,18.53,26.48,0.01,0.2,0.67,23.54
1998-03-30,34.42,18.44,26.2,0.0,0.2,2.47,22.63
1998-03-31,34.38,18.03,25.93,0.0,0.2,2.17,22.2
1998-04-01,34.57,18.65,26.07,0.0,0.2,1.27,22.84
1998-04-02,35.14,17.44,25.98,0.0,0.2,-0.59,21.83
1998-04-03,36.62,18.48,27.31,0.0,0.2,-2.66,21.97
1998-04-04,37.43,19.41,27.98,0.0,0.2,-3.2,21.33
1998-04-05,37.66,20.69,27.87,0.0,0.2,2.83,19.84
1998-04-06,28.45,15.62,21.78,0.0,0.2,10.4,16.93
1998-04-07,31.75,16.87,23.32,0.0,0.2,10.97,16.22
1998-04-08,33.38,18.08,25.85,0.0,0.2,9.94,18.36
1998-04-09,27.1,20.73,24.45,0.1,0.2,13.18,9.78
1998-04-10,30.15,18.42,23.86,0.14,0.2,14.58,12.83
1998-04-11,27.52,15.99,20.92,0.02,0.2,7.93,15.77
1998-04-12,26.38,11.48,18.57,0.04,0.2,0.74,19.2
1998-04-13,26.98,14.42,20.04,0.0,0.2,4.3,14.81
1998-04-14,30.03,14.31,22.2,0.0,0.2,6.65,18.76
1998-04-15,28.17,18.88,22.99,1.22,0.2,14.09,16.46
1998-04-16,28.67,17.15,22.29,0.28,0.2,12.53,17.17
1998-04-17,26.91,14.74,20.16,0.14,0.2,12.1,16.88
1998-04-18,27.11,14.52,20.04,0.31,0.2,11.74,14.82
1998-04-19,28.38,12.65,20.19,0.0,0.2,8.08,17.35
1998-04-20,26.48,13.34,18.87,0.02,0.2,9.55,14.62
1998-04-21,28.19,11.43,19.68,0.0,0.2,3.74,18.66
1998-04-22,30.13,12.56,20.35,0.0,0.2,4.3,14.52
1998-04-23,27.76,14.4,19.72,0.0,0.2,10.79,16.08
1998-04-24,28.66,11.67,19.88,0.01,0.2,8.78,17.24
1998-04-25,28.89,16.57,22.22,0.7,0.2,9.11,9.97
1998-04-26,29.53,17.63,23.2,0.77,0.21,14.02,16.95
1998-04-27,30.35,15.97,22.37,0.0,0.21,10.18,18.18
1998-04-28,28.07,14.65,20.22,0.02,0.21,9.7,17.61
1998-04-29,28.88,13.28,20.4,0.0,0.2,8.13,17.01
1998-04-30,27.15,13.0,19.41,0.0,0.2,5.38,17.7
1998-05-01,27.89,13.93,20.32,0.0,0.2,4.94,16.29
1998-05-02,30.49,15.91,22.42,0.01,0.2,7.69,15.19
1998-05-03,32.58,16.03,24.18,0.0,0.2,6.5,16.42
1998-05-04,33.24,18.17,24.12,0.0,0.2,8.43,15.4
1998-05-05,29.44,17.34,22.14,0.0,0.2,13.39,12.45
1998-05-06,30.45,14.74,22.22,0.0,0.2,9.7,16.17
1998-05-07,32.27,16.76,24.38,0.0,0.2,5.58,14.47
1998-05-08,31.95,22.59,25.46,0.02,0.2,7.18,8.25
1998-05-09,29.45,19.09,23.25,1.19,0.2,16.09,7.04
1998-05-10,25.17,17.34,20.18,42.62,0.24,17.21,6.9
1998-05-11,21.04,14.88,17.98,16.71,0.32,16.14,6.74
1998-05-12,22.97,12.68,16.78,0.2,0.31,11.91,9.14
1998-05-13,23.62,10.16,16.7,0.0,0.3,10.6,12.88
1998-05-14,24.58,11.16,17.23,0.0,0.29,10.24,14.57
1998-05-15,25.65,10.97,17.48,0.0,0.29,6.41,15.6
1998-05-16,27.12,11.44,18.15,0.0,0.29,5.62,15.73
1998-05-17,29.84,11.39,19.67,0.0,0.28,7.9,15.52
1998-05-18,26.35,14.12,18.91,0.04,0.28,13.36,14.41
1998-05-19,28.76,11.72,19.03,0.0,0.28,11.86,14.78
1998-05-20,26.95,12.93,18.96,0.03,0.28,13.47,11.73
1998-05-21,24.65,14.71,18.87,0.39,0.28,12.99,12.74
1998-05-22,22.09,10.32,15.54,0.18,0.28,6.64,14.89
1998-05-23,27.91,10.52,18.88,1.45,0.28,7.82,14.02
1998-05-24,30.37,16.2,22.25,0.03,0.28,12.7,14.85
1998-05-25,28.42,17.22,22.42,0.02,0.28,7.11,10.37
1998-05-26,21.29,15.16,18.48,23.13,0.3,14.22,4.4
1998-05-27,22.93,13.16,17.19,0.49,0.32,12.13,11.0
1998-05-28,22.5,10.6,16.0,1.22,0.32,10.28,10.42
1998-05-29,19.96,7.65,13.36,0.0,0.31,5.74,14.73
1998-05-30,21.67,11.49,16.06,0.22,0.31,9.85,11.45
1998-05-31,24.84,14.96,18.7,2.46,0.31,12.64,8.61
1998-06-01,24.51,12.46,17.55,0.6,0.31,12.75,13.99
1998-06-02,23.13,13.69,17.36,1.64,0.31,13.25,10.98
1998-06-03,23.49,12.72,16.73,0.18,0.31,12.57,10.61
1998-06-04,21.76,12.24,16.59,1.31,0.31,11.79,11.74
1998-06-05,19.81,10.36,14.8,0.25,0.31,7.23,11.36
1998-06-06,22.7,7.73,14.52,0.0,0.31,4.38,13.88
1998-06-07,27.09,13.27,18.85,12.69,0.31,10.66,12.14
1998-06-08,18.56,10.59,14.87,10.58,0.35,10.82,12.19
1998-06-09,20.95,11.03,15.71,1.62,0.34,10.0,13.6
1998-06-10,16.08,10.95,13.76,16.84,0.36,11.29,6.54
1998-06-11,17.27,8.72,12.9,0.58,0.36,7.61,11.78
1998-06-12,17.93,7.79,12.71,0.0,0.36,6.25,8.5
1998-06-13,19.22,10.28,14.08,0.11,0.35,6.46,10.43
1998-06-14,20.15,9.25,13.94,0.02,0.35,7.4,13.5
1998-06-15,20.12,6.81,12.55,0.0,0.35,4.25,14.05
1998-06-16,20.67,6.99,12.59,0.0,0.35,3.09,13.14
1998-06-17,16.78,8.43,12.27,8.82,0.35,7.59,4.77
1998-06-18,17.38,10.03,13.46,3.8,0.36,11.22,9.7
1998-06-19,17.75,8.33,12.86,0.19,0.36,9.25,12.44
1998-06-20,18.39,7.87,12.36,0.01,0.36,7.36,9.41
1998-06-21,16.0,4.24,9.54,0.0,0.36,0.39,13.43
1998-06-22,18.05,4.39,10.12,0.0,0.35,0.14,13.46
1998-06-23,17.78,3.73,9.69,0.0,0.35,-0.09,13.37
1998-06-24,17.93,2.85,9.21,0.0,0.35,-0.74,13.34
1998-06-25,19.68,3.14,11.3,0.8,0.35,4.36,13.23
1998-06-26,17.37,8.45,12.17,1.92,0.35,8.98,11.63
1998-06-27,15.9,7.34,11.45,0.51,0.35,7.36,12.91
1998-06-28,15.37,4.91,9.48,0.28,0.35,4.64,13.75
1998-06-29,16.6,3.25,9.26,0.05,0.35,3.38,13.07
1998-06-30,12.7,7.7,9.62,8.47,0.35,3.08,3.41
1998-07-01,13.35,6.62,9.84,4.59,0.37,7.65,5.89
1998-07-02,20.31,8.01,13.18,0.53,0.37,9.75,8.55
1998-07-03,21.21,11.27,15.35,3.23,0.37,12.04,9.47
1998-07-04,16.99,7.01,12.29,5.93,0.38,9.45,7.57
1998-07-05,16.15,3.91,9.66,1.15,0.37,6.26,12.03
1998-07-06,15.87,6.12,11.51,6.85,0.38,8.79,8.18
1998-07-07,13.75,3.71,7.28,0.07,0.38,2.25,14.65
1998-07-08,15.72,1.6,7.75,0.0,0.38,1.03,14.33
1998-07-09,18.62,2.65,9.43,0.0,0.37,2.15,14.06
1998-07-10,20.98,5.19,12.13,0.02,0.37,3.9,14.17
1998-07-11,18.35,9.2,13.47,7.01,0.38,11.34,8.52
1998-07-12,16.86,13.24,14.7,16.02,0.4,13.98,3.88
1998-07-13,19.43,12.83,15.07,3.29,0.41,13.8,4.84
1998-07-14,18.41,7.89,12.56,0.31,0.41,8.88,7.76
1998-07-15,16.11,6.08,9.78,0.0,0.4,5.69,12.22
1998-07-16,17.04,4.03,9.73,0.0,0.4,4.83,11.62
1998-07-17,17.84,3.69,10.23,0.0,0.4,5.18,13.69
1998-07-18,18.15,5.31,11.38,1.45,0.4,8.17,12.36
1998-07-19,16.61,6.67,11.44,0.9,0.4,8.59,11.87
1998-07-20,16.4,5.96,9.93,0.21,0.4,5.2,14.88
1998-07-21,18.63,4.01,10.84,5.05,0.39,6.46,11.17
1998-07-22,16.58,7.1,10.99,2.2,0.4,8.26,14.9
1998-07-23,19.87,4.77,11.26,0.0,0.4,4.65,15.08
1998-07-24,20.34,5.06,12.0,0.13,0.4,3.56,9.78
1998-07-25,20.9,6.76,12.72,0.64,0.39,6.83,13.27
1998-07-26,13.31,3.33,9.7,1.92,0.4,5.8,12.67
1998-07-27,12.97,1.44,6.05,0.01,0.39,0.54,15.69
1998-07-28,14.39,0.25,6.57,0.02,0.39,0.08,15.09
1998-07-29,16.02,0.11,7.37,0.0,0.39,0.0,15.59
1998-07-30,17.3,2.18,9.37,0.04,0.39,0.19,8.89
1998-07-31,13.24,8.01,10.15,12.53,0.4,6.96,2.81
1998-08-01,16.24,6.57,10.46,0.69,0.41,7.37,14.27
1998-08-02,18.88,7.66,12.51,0.34,0.4,9.13,10.96
1998-08-03,18.72,10.19,13.43,0.7,0.4,10.0,13.85
1998-08-04,21.03,7.88,13.73,0.04,0.4,8.84,14.93
1998-08-05,19.15,7.96,11.83,3.35,0.4,10.12,11.44
1998-08-06,18.37,8.45,12.24,0.33,0.4,8.73,13.05
1998-08-07,20.3,6.77,13.12,0.19,0.4,7.76,16.0
1998-08-08,24.05,5.73,14.39,0.0,0.4,5.04,17.15
1998-08-09,25.35,6.93,15.47,0.06,0.39,6.88,16.94
1998-08-10,24.86,11.7,17.28,0.37,0.39,13.23,11.75
1998-08-11,19.52,8.99,13.79,0.41,0.39,9.29,16.91
1998-08-12,22.08,7.27,14.0,0.17,0.38,8.63,15.3
1998-08-13,17.91,9.48,13.73,7.68,0.39,11.98,5.57
1998-08-14,20.36,10.69,14.63,0.06,0.39,10.52,7.81
1998-08-15,22.65,8.75,14.95,0.01,0.39,10.15,17.03
1998-08-16,20.74,8.28,13.92,0.02,0.39,10.48,16.24
1998-08-17,21.45,9.41,14.64,0.23,0.38,11.05,14.89
1998-08-18,20.23,8.43,13.83,1.75,0.38,10.91,12.16
1998-08-19,18.63,6.35,11.56,0.06,0.38,7.05,13.04
1998-08-20,19.1,5.27,11.33,0.02,0.38,6.72,11.1
1998-08-21,18.56,6.69,12.0,0.07,0.38,7.84,15.35
1998-08-22,19.42,4.16,11.07,0.0,0.38,2.98,18.81
1998-08-23,23.43,4.09,12.82,0.0,0.37,3.24,19.07
1998-08-24,20.81,7.66,13.26,0.05,0.37,7.32,16.64
1998-08-25,23.74,5.42,14.17,0.0,0.37,5.07,18.85
1998-08-26,27.35,9.42,17.6,0.04,0.36,8.41,19.95
1998-08-27,22.26,13.25,17.09,2.85,0.36,13.97,8.11
1998-08-28,24.41,13.08,18.2,2.28,0.37,14.26,8.2
1998-08-29,21.36,10.54,15.89,0.82,0.37,11.08,18.0
1998-08-30,21.42,9.01,14.25,0.19,0.36,9.07,17.37
1998-08-31,21.88,9.08,14.73,0.01,0.36,9.08,18.18
1998-09-01,17.86,9.08,13.39,5.63,0.37,9.93,9.36
1998-09-02,18.11,10.07,13.75,1.26,0.37,8.86,16.94
1998-09-03,17.91,6.93,12.92,0.79,0.36,7.61,15.41
1998-09-04,16.67,3.18,9.26,0.0,0.36,1.68,20.95
1998-09-05,19.48,3.32,11.05,0.0,0.36,2.27,20.53
1998-09-06,21.73,4.33,12.62,0.0,0.35,1.42,20.69
1998-09-07,26.09,5.35,14.99,0.0,0.35,3.01,20.8
1998-09-08,27.22,10.7,17.55,0.0,0.35,4.57,15.15
1998-09-09,28.1,8.79,17.63,0.02,0.35,6.88,19.73
1998-09-10,23.42,10.0,16.12,0.05,0.34,9.54,19.03
1998-09-11,22.19,6.35,13.65,0.0,0.34,6.14,21.8
1998-09-12,22.09,7.41,14.13,0.0,0.34,7.23,16.64
1998-09-13,19.12,8.75,12.9,0.0,0.34,4.45,21.72
1998-09-14,20.83,5.31,12.55,0.0,0.33,3.12,21.95
1998-09-15,23.67,6.03,14.34,0.0,0.33,4.23,22.38
1998-09-16,27.43,8.2,16.85,0.02,0.33,4.39,22.64
1998-09-17,19.87,9.17,14.23,0.82,0.33,8.22,17.73
1998-09-18,19.58,7.1,12.33,0.01,0.33,3.63,21.91
1998-09-19,24.34,4.39,14.0,0.0,0.32,0.68,22.97
1998-09-20,23.42,6.54,14.31,0.23,0.32,5.25,23.59
1998-09-21,14.56,6.98,11.37,8.67,0.33,7.22,17.54
1998-09-22,17.88,5.37,10.69,0.41,0.33,3.78,19.04
1998-09-23,21.58,3.18,11.92,0.0,0.33,1.63,24.51
1998-09-24,24.13,6.84,15.07,0.22,0.33,3.15,12.57
1998-09-25,22.59,9.95,15.76,1.3,0.33,8.61,20.98
1998-09-26,25.33,7.26,15.6,0.0,0.32,7.32,25.78
1998-09-27,25.0,10.97,16.96,0.1,0.32,10.23,23.71
1998-09-28,25.86,11.62,17.38,0.14,0.32,11.24,22.62
1998-09-29,27.02,8.99,17.09,0.03,0.32,9.62,25.61
1998-09-30,23.31,10.3,15.69,0.17,0.32,10.17,12.64
1998-10-01,23.17,7.64,14.6,0.01,0.31,6.4,26.18
1998-10-02,24.86,9.44,16.51,0.09,0.31,8.62,21.57
1998-10-03,29.55,7.95,18.37,0.0,0.31,4.76,26.34
1998-10-04,26.14,10.1,17.0,0.0,0.31,9.01,22.56
1998-10-05,22.76,11.11,16.05,0.0,0.31,6.62,24.6
1998-10-06,24.48,10.0,16.79,0.0,0.3,4.45,12.71
1998-10-07,27.87,9.64,18.25,0.0,0.3,2.57,25.96
1998-10-08,28.09,9.03,18.65,0.0,0.3,5.08,24.69
1998-10-09,31.01,14.85,20.9,0.0,0.3,7.01,14.26
1998-10-10,27.98,13.12,19.51,0.01,0.29,9.45,24.61
1998-10-11,23.23,9.6,15.93,0.0,0.29,8.67,22.37
1998-10-12,25.45,9.01,16.42,0.0,0.29,7.57,26.9
1998-10-13,25.69,8.89,16.96,0.06,0.29,9.94,24.52
1998-10-14,26.66,8.98,17.19,0.0,0.29,6.43,28.24
1998-10-15,30.67,9.21,18.79,0.0,0.29,8.47,28.01
1998-10-16,26.68,11.88,18.34,0.46,0.29,11.34,25.15
1998-10-17,20.74,10.1,15.38,0.98,0.29,6.45,19.69
1998-10-18,20.33,6.59,13.66,0.0,0.29,3.4,24.92
1998-10-19,23.57,6.12,14.65,0.0,0.28,0.67,28.64
1998-10-20,26.94,7.46,17.16,0.0,0.28,-0.13,28.34
1998-10-21,30.48,9.79,19.96,0.0,0.28,-2.34,27.97
1998-10-22,34.46,11.38,22.62,0.18,0.28,-0.22,26.93
1998-10-23,30.89,14.07,21.92,0.27,0.28,7.53,16.12
1998-10-24,31.92,11.58,21.42,0.0,0.27,7.79,28.91
1998-10-25,30.1,11.34,20.05,0.0,0.27,6.01,28.88
1998-10-26,29.42,13.37,21.45,0.41,0.27,7.9,18.6
1998-10-27,28.7,15.01,21.12,1.38,0.27,13.0,16.56
1998-10-28,27.68,14.7,20.66,0.22,0.27,11.99,21.14
1998-10-29,30.68,12.38,21.57,0.0,0.27,8.59,28.89
1998-10-30,33.7,14.62,24.37,0.0,0.27,5.17,30.45
1998-10-31,37.75,16.67,25.71,0.0,0.27,7.3,29.56
1998-11-01,28.58,12.85,19.78,0.0,0.26,8.35,30.21
1998-11-02,26.79,10.22,17.91,0.0,0.26,5.94,29.39
1998-11-03,28.15,10.2,19.27,0.0,0.26,3.89,30.32
1998-11-04,33.1,12.29,23.09,0.0,0.26,3.3,30.25
1998-11-05,30.94,12.65,20.39,0.0,0.26,8.95,30.78
1998-11-06,27.87,11.59,19.35,0.01,0.26,4.99,30.34
1998-11-07,32.08,10.16,21.23,0.0,0.26,1.7,29.8
1998-11-08,34.32,12.11,23.7,0.0,0.26,2.16,30.33
1998-11-09,35.22,17.1,25.91,0.0,0.25,1.13,30.23
1998-11-10,36.98,16.47,27.38,0.0,0.25,1.09,29.95
1998-11-11,39.08,19.95,29.71,0.0,0.25,4.56,30.51
1998-11-12,40.56,19.9,29.46,0.0,0.25,5.28,25.85
1998-11-13,35.38,17.69,25.36,0.0,0.25,10.79,30.47
1998-11-14,29.49,14.96,21.33,0.0,0.25,4.41,30.13
1998-11-15,35.01,13.76,24.84,0.0,0.25,3.96,30.1
1998-11-16,40.96,21.32,29.66,0.17,0.24,7.2,26.93
1998-11-17,35.65,18.07,25.47,0.04,0.24,11.48,31.24
1998-11-18,31.36,16.3,22.84,0.0,0.24,10.2,30.01
1998-11-19,36.28,14.49,25.56,0.0,0.24,6.66,31.29
1998-11-20,38.85,19.22,30.24,0.0,0.24,7.72,28.65
1998-11-21,36.93,18.58,28.33,0.0,0.24,12.96,32.06
1998-11-22,31.49,15.81,22.46,0.0,0.24,10.86,30.26
1998-11-23,30.91,14.25,22.21,0.0,0.24,6.66,30.41
1998-11-24,34.15,13.63,23.47,0.0,0.24,8.15,31.57
1998-11-25,28.1,13.9,20.24,0.0,0.24,8.87,33.01
1998-11-26,27.29,12.27,19.56,0.0,0.24,2.77,32.58
1998-11-27,34.06,11.3,23.31,0.02,0.23,-0.55,30.46
1998-11-28,35.88,20.3,28.32,1.17,0.24,10.88,28.0
1998-11-29,35.52,16.67,25.83,0.16,0.23,11.56,32.61
1998-11-30,35.2,15.94,24.06,0.0,0.23,10.65,32.05
1998-12-01,25.6,12.92,19.01,0.18,0.23,6.58,26.53
1998-12-02,29.26,9.8,19.51,0.0,0.23,-0.82,31.25
1998-12-03,34.57,11.9,24.03,0.0,0.23,-1.68,29.6
1998-12-04,38.47,19.05,28.73,0.84,0.23,5.8,31.33
1998-12-05,32.4,21.87,25.48,6.83,0.23,14.32,9.33
1998-12-06,28.27,20.63,24.21,0.27,0.24,17.37,19.81
1998-12-07,28.43,20.55,24.03,0.9,0.24,18.05,19.65
1998-12-08,33.84,19.1,26.65,0.0,0.24,15.83,23.96
1998-12-09,35.01,19.42,27.53,0.23,0.24,15.94,24.79
1998-12-10,35.08,18.87,26.36,0.01,0.24,15.54,31.48
1998-12-11,32.97,16.18,24.37,0.0,0.23,7.03,31.18
1998-12-12,35.87,17.68,27.15,0.03,0.23,9.73,32.09
1998-12-13,39.09,23.26,30.76,7.11,0.23,16.51,27.46
1998-12-14,39.96,24.36,32.29,1.48,0.24,14.01,31.29
1998-12-15,40.84,26.34,33.06,3.96,0.24,15.71,21.89
1998-12-16,39.04,22.72,30.16,0.5,0.24,15.93,30.84
1998-12-17,38.96,19.66,28.63,0.0,0.24,11.01,33.92
1998-12-18,33.27,16.62,23.9,0.0,0.24,11.56,32.96
1998-12-19,32.45,14.62,23.24,0.0,0.23,3.58,33.54
1998-12-20,33.61,16.34,24.81,0.0,0.23,1.59,33.37
1998-12-21,36.99,17.13,27.55,0.0,0.23,0.79,34.0
1998-12-22,39.3,19.28,28.7,0.0,0.23,1.99,33.89
1998-12-23,33.34,14.07,23.5,0.0,0.23,8.24,34.72
1998-12-24,33.84,13.3,23.8,0.0,0.23,6.85,33.67
1998-12-25,34.24,13.89,24.43,0.0,0.23,6.44,33.79
1998-12-26,38.26,17.56,28.54,0.0,0.23,6.24,33.55
1998-12-27,40.72,20.63,31.3,0.0,0.23,4.91,32.28
1998-12-28,40.64,22.89,31.64,0.13,0.22,6.52,29.95
1998-12-29,41.08,23.64,32.87,0.08,0.22,8.85,31.35
1998-12-30,42.2,26.21,33.44,0.66,0.22,13.23,27.57
1998-12-31,39.38,21.2,29.74,0.43,0.22,15.04,27.46
1999-01-01,38.15,20.13,28.99,0.0,0.22,10.05,33.86
1999-01-02,41.02,19.73,31.24,0.0,0.22,8.95,34.06
1999-01-03,44.49,22.47,32.34,0.35,0.22,8.51,30.11
1999-01-04,34.13,16.2,24.74,0.02,0.22,9.1,33.72
1999-01-05,26.67,15.53,20.31,0.0,0.22,8.06,28.25
1999-01-06,30.78,11.94,21.64,0.0,0.22,5.46,32.66
1999-01-07,37.17,15.05,26.71,0.0,0.22,6.56,32.45
1999-01-08,39.75,22.46,31.77,0.06,0.22,9.84,28.34
1999-01-09,36.32,19.4,26.41,0.04,0.22,11.91,31.55
1999-01-10,33.02,16.81,23.99,0.0,0.22,6.18,32.36
1999-01-11,39.86,17.23,28.39,0.0,0.22,7.71,31.96
1999-01-12,38.31,18.54,28.21,0.0,0.22,9.6,32.32
1999-01-13,44.05,20.54,32.38,0.01,0.22,11.32,30.5
1999-01-14,38.32,22.84,29.63,0.03,0.21,13.92,32.29
1999-01-15,40.7,22.16,31.16,0.0,0.21,14.62,32.43
1999-01-16,44.68,25.24,34.77,0.54,0.21,14.12,29.33
1999-01-17,38.04,25.17,31.93,0.37,0.21,12.51,18.34
1999-01-18,38.47,22.72,30.91,0.0,0.21,11.12,31.87
1999-01-19,41.13,23.6,32.97,0.0,0.21,12.5,31.77
1999-01-20,44.48,28.44,35.74,1.51,0.21,15.04,29.59
1999-01-21,40.32,26.06,32.54,0.01,0.21,16.6,29.6
1999-01-22,42.15,21.98,31.17,0.27,0.21,15.48,31.03
1999-01-23,35.03,19.39,26.43,0.17,0.21,15.01,26.5
1999-01-24,37.87,20.01,28.91,0.04,0.21,13.13,30.68
1999-01-25,39.74,20.73,30.62,0.0,0.21,13.28,30.5
1999-01-26,42.43,22.82,32.24,0.0,0.21,12.43,32.61
1999-01-27,39.9,21.71,30.02,0.0,0.21,14.23,32.24
1999-01-28,38.8,20.12,28.44,0.0,0.21,14.86,28.54
1999-01-29,39.64,20.52,29.42,0.0,0.21,13.14,31.89
1999-01-30,38.98,22.64,30.64,0.0,0.21,10.75,30.64
1999-01-31,36.23,18.41,27.29,0.0,0.21,12.68,32.02
1999-02-01,31.18,16.12,23.09,0.0,0.21,9.15,29.85
1999-02-02,34.71,15.0,25.02,0.0,0.21,7.42,31.49
1999-02-03,36.9,15.55,25.71,0.0,0.21,9.33,31.02
1999-02-04,39.24,18.13,29.08,0.0,0.21,12.66,30.32
1999-02-05,39.95,23.05,31.47,0.0,0.21,9.2,31.02
1999-02-06,40.08,22.77,31.73,0.0,0.21,8.86,31.59
1999-02-07,38.12,25.44,31.61,0.03,0.21,6.77,23.93
1999-02-08,38.66,24.16,31.69,0.01,0.21,5.85,28.03
1999-02-09,36.53,23.41,29.75,0.3,0.21,14.92,24.94
1999-02-10,37.72,19.74,29.39,0.0,0.21,12.89,29.19
1999-02-11,38.86,22.79,31.46,0.0,0.21,13.86,30.03
1999-02-12,39.83,25.49,33.12,0.21,0.2,16.83,29.27
1999-02-13,39.47,26.56,31.8,1.43,0.2,16.8,26.55
1999-02-14,37.54,24.53,30.73,0.02,0.21,15.78,28.09
1999-02-15,36.67,22.19,29.28,0.0,0.21,9.21,29.73
1999-02-16,38.13,20.59,29.48,0.0,0.21,3.58,29.04
1999-02-17,38.27,20.34,29.3,0.0,0.2,-0.77,30.0
1999-02-18,40.52,20.08,30.79,0.37,0.2,0.98,30.15
1999-02-19,41.28,23.98,31.95,0.04,0.2,8.1,28.2
1999-02-20,36.09,19.7,27.59,0.11,0.2,9.45,28.56
1999-02-21,37.97,19.79,28.66,0.0,0.2,9.68,28.29
1999-02-22,38.56,19.61,29.32,0.0,0.2,9.61,28.69
1999-02-23,38.54,24.93,31.67,0.0,0.2,12.6,27.55
1999-02-24,37.36,24.03,30.81,0.01,0.2,12.01,25.09
1999-02-25,38.66,24.79,31.92,0.0,0.2,11.11,25.83
1999-02-26,38.31,23.2,30.76,0.0,0.2,9.12,26.08
1999-02-27,38.54,23.06,31.1,0.0,0.2,7.57,25.09
1999-02-28,40.3,21.81,31.54,0.06,0.2,8.92,25.2
1999-03-01,41.04,22.03,31.09,0.08,0.2,10.67,26.62
1999-03-02,40.64,20.61,29.63,0.0,0.2,11.19,26.47
1999-03-03,36.28,18.83,26.44,0.0,0.2,9.58,26.82
1999-03-04,36.37,15.35,25.25,0.0,0.2,5.94,27.42
1999-03-05,35.38,16.2,24.75,0.0,0.2,7.7,26.09
1999-03-06,36.48,15.32,25.42,0.0,0.2,4.36,27.44
1999-03-07,39.58,19.49,28.51,0.22,0.2,3.96,26.02
1999-03-08,31.26,17.65,22.93,0.5,0.2,11.09,21.99
1999-03-09,33.57,13.74,23.42,0.0,0.2,2.9,25.39
1999-03-10,39.76,20.47,29.52,2.75,0.2,9.74,24.87
1999-03-11,38.07,22.92,29.75,3.91,0.21,18.04,20.53
1999-03-12,38.68,23.42,30.63,0.26,0.21,15.12,24.11
1999-03-13,38.34,23.22,29.66,0.53,0.21,14.52,20.9
1999-03-14,34.92,19.17,25.58,0.07,0.21,13.33,24.69
1999-03-15,32.99,17.97,24.28,0.0,0.21,13.0,24.11
1999-03-16,34.07,17.74,25.84,0.0,0.21,11.7,23.79
1999-03-17,37.48,18.84,28.48,0.0,0.21,7.05,24.86
1999-03-18,36.84,23.27,27.96,5.87,0.21,11.8,8.41
1999-03-19,27.63,20.92,23.38,11.54,0.23,18.91,9.61
1999-03-20,31.54,20.51,25.65,30.32,0.27,21.14,6.28
1999-03-21,32.81,19.2,25.02,1.39,0.28,16.94,13.53
1999-03-22,30.02,21.44,24.86,11.26,0.28,17.98,12.9
1999-03-23,29.93,18.95,24.04,11.95,0.31,19.03,17.71
1999-03-24,28.26,17.15,21.97,0.03,0.3,14.15,13.42
1999-03-25,27.53,13.38,19.89,0.0,0.29,10.13,24.85
1999-03-26,30.3,12.31,20.96,0.0,0.29,9.16,23.99
1999-03-27,29.27,13.82,21.26,0.0,0.29,9.53,23.86
1999-03-28,29.83,13.61,21.44,0.0,0.28,8.46,22.35
1999-03-29,28.47,16.44,21.34,0.04,0.28,6.62,16.84
1999-03-30,27.42,13.3,20.12,0.0,0.28,9.28,23.79
1999-03-31,26.59,14.04,19.65,0.0,0.28,9.24,23.74
1999-04-01,26.14,12.5,18.76,0.0,0.28,7.2,22.68
1999-04-02,27.73,11.85,19.81,0.0,0.27,6.63,23.46
1999-04-03,29.59,15.24,22.02,0.0,0.27,8.24,22.66
1999-04-04,33.06,15.42,23.95,0.03,0.27,8.9,21.72
1999-04-05,34.55,17.24,25.63,0.05,0.27,8.77,22.09
1999-04-06,34.25,17.72,25.26,0.0,0.27,7.22,22.03
1999-04-07,33.63,16.97,25.73,0.0,0.27,7.41,21.39
1999-04-08,31.76,19.19,25.16,0.01,0.27,10.89,21.18
1999-04-09,29.18,17.62,23.45,0.7,0.26,12.67,18.26
1999-04-10,26.12,18.42,21.93,2.96,0.27,15.09,11.68
1999-04-11,30.56,16.31,23.51,0.0,0.27,13.64,17.14
1999-04-12,30.61,19.28,24.93,0.0,0.27,14.78,20.66
1999-04-13,31.78,19.92,25.3,1.0,0.27,15.03,20.06
1999-04-14,32.5,20.15,25.77,8.83,0.27,15.98,14.74
1999-04-15,30.9,19.63,24.07,1.46,0.28,12.78,4.5
1999-04-16,27.81,19.6,23.4,0.02,0.28,9.75,15.51
1999-04-17,31.82,18.45,24.52,0.0,0.28,10.27,19.49
1999-04-18,31.15,15.55,23.01,0.0,0.27,11.35,19.43
1999-04-19,32.02,15.06,23.27,0.0,0.27,9.41,18.47
1999-04-20,32.45,18.03,24.62,0.0,0.27,9.17,17.89
1999-04-21,31.76,16.78,23.4,0.0,0.27,3.53,19.11
1999-04-22,31.73,14.54,22.33,0.0,0.27,3.22,18.66
1999-04-23,29.56,14.14,20.76,0.0,0.27,10.4,15.7
1999-04-24,26.11,11.17,17.97,0.0,0.26,6.72,18.9
1999-04-25,26.24,11.75,18.31,0.0,0.26,5.98,18.95
1999-04-26,26.68,11.25,18.56,0.0,0.26,3.9,18.65
1999-04-27,27.54,11.14,18.75,0.0,0.26,3.26,18.43
1999-04-28,25.92,10.7,17.89,0.0,0.26,3.8,18.27
1999-04-29,26.18,10.32,17.63,0.0,0.26,4.36,18.36
1999-04-30,26.66,10.55,17.96,0.0,0.26,2.34,17.89
1999-05-01,29.61,11.26,19.44,0.0,0.26,4.55,17.42
1999-05-02,27.15,13.54,19.17,0.0,0.26,10.91,16.03
1999-05-03,28.95,12.11,19.9,0.0,0.26,10.45,17.45
1999-05-04,30.84,16.03,21.48,0.0,0.26,4.3,8.82
1999-05-05,29.96,14.11,20.81,0.28,0.26,1.0,12.13
1999-05-06,24.11,15.9,19.44,2.15,0.26,9.19,4.13
1999-05-07,23.78,14.71,18.33,1.84,0.26,10.77,6.95
1999-05-08,24.82,14.85,18.82,0.1,0.26,9.76,8.88
1999-05-09,25.76,17.05,20.11,0.03,0.26,7.09,7.23
1999-05-10,29.43,16.19,21.24,0.0,0.26,5.65,10.41
1999-05-11,27.68,15.39,20.35,0.0,0.26,9.04,10.2
1999-05-12,28.05,15.95,19.92,1.53,0.26,8.32,5.26
1999-05-13,24.45,15.09,18.38,14.19,0.27,13.36,6.45
1999-05-14,24.74,15.09,19.57,5.23,0.29,16.02,11.52
1999-05-15,24.45,13.51,18.1,0.02,0.29,13.34,15.08
1999-05-16,25.78,12.43,18.13,0.0,0.28,11.75,15.2
1999-05-17,27.2,11.25,18.73,0.07,0.28,10.22,15.93
1999-05-18,28.69,13.97,20.47,0.77,0.28,10.22,13.98
1999-05-19,20.87,16.03,18.22,14.65,0.3,15.69,6.28
1999-05-20,22.48,12.32,16.86,0.68,0.31,11.71,12.56
1999-05-21,22.01,11.16,16.08,0.17,0.3,10.73,12.5
1999-05-22,21.58,10.31,14.83,0.02,0.3,6.51,15.39
1999-05-23,22.25,7.16,13.81,0.02,0.3,1.87,14.89
1999-05-24,24.95,8.12,15.83,0.14,0.29,4.12,11.37
1999-05-25,18.9,13.03,15.63,17.3,0.3,11.71,6.53
1999-05-26,19.42,14.53,16.69,45.4,0.38,15.25,4.33
1999-05-27,22.52,15.91,18.03,57.83,0.47,16.47,3.59
1999-05-28,19.17,12.1,16.22,3.45,0.49,13.35,10.74
1999-05-29,18.64,9.86,13.55,0.2,0.47,10.55,15.1
1999-05-30,19.33,7.26,12.49,0.0,0.46,8.2,14.97
1999-05-31,19.75,5.39,11.81,0.0,0.45,3.86,14.81
1999-06-01,19.74,5.13,11.49,0.0,0.44,3.74,14.85
1999-06-02,21.75,4.57,11.94,0.05,0.44,5.47,14.49
1999-06-03,19.96,8.65,13.21,3.51,0.44,10.39,10.89
1999-06-04,13.81,4.87,8.73,0.0,0.44,4.34,14.5
1999-06-05,15.82,2.61,8.41,0.01,0.44,3.17,14.26
1999-06-06,16.37,3.42,8.95,0.01,0.43,2.91,14.26
1999-06-07,18.83,2.82,10.7,0.0,0.43,2.55,14.28
1999-06-08,19.15,3.76,11.08,0.0,0.43,3.0,14.21
1999-06-09,20.36,8.0,12.98,0.0,0.43,7.32,14.15
1999-06-10,21.41,5.18,11.65,0.0,0.42,4.03,14.16
1999-06-11,17.32,8.86,12.55,4.02,0.43,9.75,8.53
1999-06-12,16.62,7.26,11.08,0.19,0.43,6.37,13.84
1999-06-13,18.61,4.15,11.14,0.0,0.42,3.73,14.04
1999-06-14,19.71,8.65,13.09,0.89,0.42,9.41,11.37
1999-06-15,19.46,8.71,13.73,0.36,0.42,10.05,13.44
1999-06-16,19.06,10.56,13.92,0.59,0.42,10.5,11.85
1999-06-17,20.9,7.54,14.02,0.94,0.42,9.25,12.99
1999-06-18,16.99,8.86,13.8,6.45,0.43,10.39,10.64
1999-06-19,18.37,8.81,12.92,1.0,0.43,10.18,11.68
1999-06-20,19.48,8.73,13.06,0.17,0.43,9.19,12.72
1999-06-21,19.83,5.87,11.7,0.0,0.42,5.96,13.88
1999-06-22,22.66,7.43,14.21,2.41,0.42,6.04,13.27
1999-06-23,19.27,9.49,14.15,2.29,0.42,10.4,13.09
1999-06-24,22.32,7.41,13.95,0.0,0.42,8.64,13.44
1999-06-25,22.29,8.43,14.04,0.34,0.42,4.22,11.04
1999-06-26,21.65,7.54,13.73,0.08,0.41,7.44,8.01
1999-06-27,18.21,11.2,14.37,7.6,0.42,13.48,4.9
1999-06-28,19.53,7.58,13.86,1.38,0.43,11.11,10.5
1999-06-29,14.85,4.68,8.91,0.0,0.42,3.42,14.03
1999-06-30,16.21,2.26,8.32,0.0,0.42,2.53,13.55
1999-07-01,17.15,3.04,8.94,0.0,0.42,2.21,13.35
1999-07-02,18.38,4.13,9.53,0.0,0.41,1.36,13.25
1999-07-03,20.26,3.25,10.92,0.0,0.41,0.35,13.24
1999-07-04,20.71,4.17,11.22,0.0,0.41,1.75,13.86
1999-07-05,16.49,8.33,11.84,9.49,0.41,8.48,6.45
1999-07-06,16.19,6.89,11.4,1.22,0.42,8.76,13.08
1999-07-07,16.16,6.28,10.09,0.11,0.42,7.63,11.41
1999-07-08,16.04,5.34,9.14,0.0,0.42,5.51,14.23
1999-07-09,17.69,2.02,9.25,0.0,0.42,3.03,13.67
1999-07-10,20.03,5.45,11.95,0.0,0.41,3.18,6.57
1999-07-11,22.05,5.77,12.98,0.0,0.41,3.76,14.14
1999-07-12,23.22,7.15,13.95,0.0,0.41,4.32,13.28
1999-07-13,17.98,10.8,13.14,8.83,0.42,8.92,6.53
1999-07-14,18.18,8.93,13.08,0.72,0.42,10.1,12.27
1999-07-15,18.6,7.29,12.85,0.46,0.41,9.32,11.3
1999-07-16,16.96,11.68,13.61,2.47,0.41,9.81,12.14
1999-07-17,17.61,7.54,12.66,0.49,0.41,8.95,13.2
1999-07-18,17.26,5.0,10.67,0.0,0.41,6.43,13.76
1999-07-19,17.67,6.18,11.49,0.0,0.41,5.08,13.83
1999-07-20,20.49,4.6,11.71,5.74,0.41,4.53,9.09
1999-07-21,18.62,7.99,12.03,0.28,0.41,5.75,14.98
1999-07-22,19.38,5.72,11.29,0.0,0.41,3.77,14.81
1999-07-23,21.61,5.36,12.88,0.0,0.41,3.41,14.97
1999-07-24,23.91,6.12,13.5,0.0,0.4,3.66,14.75
1999-07-25,22.07,6.97,13.93,0.5,0.4,6.34,14.32
1999-07-26,17.53,7.36,12.94,8.93,0.41,10.52,10.99
1999-07-27,18.87,5.85,11.18,0.0,0.41,7.61,14.86
1999-07-28,17.56,6.26,11.06,5.59,0.41,9.51,9.01
1999-07-29,14.8,4.07,8.26,0.08,0.42,2.82,15.76
1999-07-30,17.63,1.93,8.92,0.0,0.41,1.59,16.12
1999-07-31,20.56,2.61,10.7,0.0,0.41,2.65,16.14
1999-08-01,23.04,4.74,12.71,0.0,0.4,5.27,16.32
1999-08-02,20.11,6.18,12.07,0.0,0.4,6.02,16.89
1999-08-03,18.72,3.4,10.82,0.0,0.4,3.74,16.91
1999-08-04,18.42,5.58,11.5,0.0,0.4,3.18,16.28
1999-08-05,20.53,5.94,12.64,0.06,0.39,3.31,16.19
1999-08-06,18.45,6.93,11.85,1.15,0.39,7.78,9.71
1999-08-07,15.62,3.53,8.81,0.02,0.39,3.29,16.97
1999-08-08,17.74,1.82,9.11,0.0,0.39,2.74,16.92
1999-08-09,21.31,2.12,10.46,0.0,0.39,1.11,17.02
1999-08-10,18.49,5.82,12.29,3.3,0.38,8.71,13.58
1999-08-11,15.22,5.03,10.48,0.62,0.39,5.65,13.12
1999-08-12,16.53,2.98,9.08,0.0,0.39,4.04,18.18
1999-08-13,18.91,2.62,10.2,0.0,0.38,2.56,17.5
1999-08-14,21.14,4.71,12.73,0.0,0.38,2.04,14.79
1999-08-15,20.61,10.97,14.72,0.64,0.38,3.57,7.88
1999-08-16,25.48,9.19,17.14,0.25,0.38,11.36,14.51
1999-08-17,23.44,15.41,18.42,5.21,0.37,14.82,15.19
1999-08-18,16.27,8.13,13.33,4.32,0.39,9.57,14.66
1999-08-19,17.37,8.14,11.9,0.16,0.38,6.32,18.8
1999-08-20,17.28,5.8,10.61,0.0,0.38,3.29,18.9
1999-08-21,19.51,4.39,11.06,0.0,0.38,2.84,18.96
1999-08-22,22.9,5.04,13.5,0.0,0.37,1.79,18.9
1999-08-23,25.25,7.38,15.85,0.0,0.37,5.58,18.65
1999-08-24,17.98,9.04,14.11,3.76,0.37,10.47,11.37
1999-08-25,18.57,7.14,12.45,0.9,0.37,8.73,14.63
1999-08-26,20.72,4.95,12.0,0.0,0.37,6.21,20.09
1999-08-27,24.79,5.49,13.98,0.0,0.37,7.48,20.0
1999-08-28,24.19,8.88,15.18,0.04,0.36,10.77,18.92
1999-08-29,21.05,10.35,14.69,0.67,0.36,11.68,15.12
1999-08-30,20.72,6.81,13.65,0.03,0.36,7.14,17.81
1999-08-31,25.69,5.73,16.0,0.07,0.36,6.82,20.15
1999-09-01,25.75,10.88,18.04,0.01,0.35,11.41,16.53
1999-09-02,22.64,9.01,14.45,5.15,0.35,11.05,13.5
1999-09-03,15.21,5.52,11.29,2.11,0.36,5.97,16.08
1999-09-04,16.69,4.16,9.46,0.04,0.36,3.39,20.53
1999-09-05,19.86,4.11,11.24,0.0,0.36,3.18,17.99
1999-09-06,22.5,4.14,12.8,0.0,0.35,1.04,20.8
1999-09-07,23.64,6.5,14.16,0.02,0.35,3.0,18.96
1999-09-08,22.89,7.41,14.26,0.0,0.35,5.31,20.75
1999-09-09,25.62,7.02,15.78,0.0,0.34,5.13,21.14
1999-09-10,22.91,10.06,16.19,0.16,0.34,9.99,17.53
1999-09-11,20.46,8.67,14.76,4.96,0.35,9.36,17.59
1999-09-12,24.83,6.55,14.58,0.0,0.35,7.01,21.71
1999-09-13,21.94,8.12,14.52,1.53,0.34,10.52,14.58
1999-09-14,16.0,11.02,13.4,2.75,0.34,9.87,17.61
1999-09-15,17.73,6.8,11.92,0.2,0.35,5.36,14.96
1999-09-16,17.75,4.29,10.6,0.0,0.34,0.32,21.09
1999-09-17,23.11,5.37,13.58,0.0,0.34,-1.58,22.35
1999-09-18,26.48,8.12,16.5,0.0,0.34,4.96,20.77
1999-09-19,28.34,9.39,17.92,0.0,0.33,11.05,22.4
1999-09-20,24.37,9.19,16.68,17.15,0.34,10.19,15.14
1999-09-21,24.26,11.87,16.59,3.81,0.36,12.18,17.04
1999-09-22,22.73,11.16,16.26,1.31,0.36,11.92,17.64
1999-09-23,25.18,8.32,16.07,0.0,0.36,8.49,25.13
1999-09-24,29.57,9.89,19.29,0.0,0.35,7.95,24.43
1999-09-25,31.81,14.95,22.05,0.03,0.35,9.23,19.48
1999-09-26,25.02,12.79,18.28,0.11,0.34,12.6,14.14
1999-09-27,18.82,7.35,13.4,2.58,0.34,9.04,17.46
1999-09-28,21.61,5.14,12.73,0.02,0.34,5.15,24.34
1999-09-29,26.72,7.21,16.11,0.0,0.34,3.64,26.16
1999-09-30,26.26,7.48,15.92,0.0,0.34,8.34,25.6
1999-10-01,23.62,8.49,15.48,0.0,0.33,4.02,23.25
1999-10-02,28.36,8.32,17.64,0.0,0.33,2.43,25.94
1999-10-03,33.0,10.77,20.96,0.0,0.33,3.01,26.05
1999-10-04,30.68,10.89,19.85,0.0,0.32,8.78,26.79
1999-10-05,27.66,11.35,18.15,0.0,0.32,10.77,25.96
1999-10-06,25.73,10.24,17.16,0.04,0.32,10.45,25.6
1999-10-07,22.0,9.82,14.92,9.16,0.33,10.94,13.47
1999-10-08,19.46,7.68,13.14,0.69,0.33,6.88,21.04
1999-10-09,22.88,8.03,14.84,0.3,0.33,7.42,21.04
1999-10-10,25.62,7.36,16.54,0.0,0.32,5.51,28.06
1999-10-11,28.66,8.25,18.2,0.0,0.32,4.26,26.68
1999-10-12,24.92,10.04,16.85,0.0,0.32,9.21,24.62
1999-10-13,25.82,10.18,17.71,5.16,0.32,11.11,26.88
1999-10-14,20.6,8.63,14.49,0.34,0.32,5.27,23.6
1999-10-15,25.54,6.77,15.42,0.0,0.32,5.74,28.82
1999-10-16,24.89,10.08,16.73,0.0,0.32,8.65,23.87
1999-10-17,27.01,6.75,16.83,0.0,0.31,2.36,28.45
1999-10-18,30.42,10.72,20.47,0.0,0.31,3.06,28.77
1999-10-19,31.7,13.73,22.23,0.0,0.31,3.84,29.25
1999-10-20,32.74,12.45,22.63,0.0,0.3,4.07,29.42
1999-10-21,33.38,13.53,23.0,0.0,0.3,5.54,29.35
1999-10-22,36.4,16.0,24.27,0.0,0.3,7.07,28.06
1999-10-23,27.67,14.14,19.97,0.0,0.29,10.66,27.94
1999-10-24,24.5,12.77,18.09,0.01,0.29,9.53,25.96
1999-10-25,26.68,8.67,17.64,0.0,0.29,3.05,29.66
1999-10-26,29.41,9.3,19.4,0.0,0.29,-0.78,29.78
1999-10-27,32.55,9.19,20.9,0.0,0.29,1.74,29.67
1999-10-28,31.63,10.79,20.79,0.0,0.29,5.71,30.03
1999-10-29,31.01,11.01,20.78,0.0,0.28,7.64,30.29
1999-10-30,30.87,12.5,21.27,0.0,0.28,6.72,30.03
1999-10-31,33.98,13.4,23.75,0.0,0.28,4.86,28.85
1999-11-01,35.85,19.01,26.78,0.19,0.28,10.31,27.49
1999-11-02,34.73,18.44,25.78,3.34,0.28,14.01,21.56
1999-11-03,32.08,16.35,24.36,0.13,0.28,10.55,31.32
1999-11-04,31.9,15.94,24.01,0.65,0.28,9.08,27.17
1999-11-05,30.86,15.31,22.61,0.74,0.28,11.05,30.9
1999-11-06,29.58,14.03,21.17,0.0,0.27,8.94,31.23
1999-11-07,26.46,11.99,18.89,0.0,0.27,2.35,31.98
1999-11-08,28.05,9.32,19.12,0.0,0.27,-1.72,31.55
1999-11-09,30.58,11.91,21.3,0.0,0.27,-2.23,31.68
1999-11-10,32.39,13.17,22.95,0.0,0.27,-2.5,31.57
1999-11-11,35.49,14.68,24.99,0.0,0.27,-0.19,31.03
1999-11-12,32.75,13.0,22.99,0.05,0.26,6.55,31.35
1999-11-13,31.9,14.21,22.92,0.13,0.26,8.39,30.54
1999-11-14,29.75,14.28,20.49,0.52,0.26,9.67,23.31
1999-11-15,27.95,12.21,19.43,0.0,0.26,9.18,29.14
1999-11-16,28.53,12.6,20.52,0.04,0.26,10.66,26.19
1999-11-17,29.83,14.3,21.28,0.0,0.26,9.57,27.91
1999-11-18,27.36,10.53,18.72,0.0,0.26,1.46,32.0
1999-11-19,29.4,12.72,20.92,0.0,0.26,3.86,31.98
1999-11-20,32.1,14.09,23.23,0.0,0.25,4.04,32.2
1999-11-21,33.88,14.76,24.49,0.0,0.25,2.08,28.29
1999-11-22,33.51,17.45,24.74,0.03,0.25,4.62,30.1
1999-11-23,33.46,14.93,24.64,0.0,0.25,5.28,32.1
1999-11-24,37.86,18.84,28.43,0.0,0.25,5.23,31.29
1999-11-25,37.59,17.72,27.34,0.0,0.25,9.82,31.93
1999-11-26,38.76,16.84,27.59,0.0,0.25,6.94,32.18
1999-11-27,38.21,18.83,27.83,0.02,0.24,10.66,26.09
1999-11-28,36.81,20.21,28.55,0.01,0.24,10.98,32.61
1999-11-29,37.08,20.94,29.08,0.0,0.24,9.97,31.83
1999-11-30,31.98,16.99,23.93,0.0,0.24,13.28,28.97
1999-12-01,28.48,14.59,20.47,0.0,0.24,7.87,30.26
1999-12-02,29.28,12.2,20.64,0.0,0.24,5.11,33.16
1999-12-03,36.68,13.24,25.74,0.0,0.24,2.42,32.13
1999-12-04,42.91,20.22,31.94,0.12,0.24,4.59,31.38
1999-12-05,40.49,21.58,30.22,0.02,0.24,11.28,31.52
1999-12-06,36.69,18.93,26.47,0.68,0.24,12.89,33.21
1999-12-07,34.31,16.31,24.28,0.0,0.24,11.16,31.67
1999-12-08,32.36,14.72,23.84,0.0,0.24,7.97,32.47
1999-12-09,32.3,16.32,24.47,0.0,0.23,4.98,32.88
1999-12-10,34.35,17.45,26.12,0.84,0.23,3.93,32.19
1999-12-11,38.74,19.35,28.8,1.52,0.23,6.54,25.01
1999-12-12,32.31,19.42,26.65,1.72,0.23,12.55,19.89
1999-12-13,32.2,14.8,23.57,0.0,0.24,10.04,33.07
1999-12-14,36.34,16.71,27.09,0.0,0.23,8.79,33.56
1999-12-15,34.41,19.8,27.03,0.0,0.23,8.93,33.65
1999-12-16,33.14,15.99,25.04,0.0,0.23,6.39,33.21
1999-12-17,34.16,18.42,26.1,0.0,0.23,4.4,33.07
1999-12-18,35.45,19.81,28.14,0.01,0.23,6.82,32.7
1999-12-19,36.68,22.8,29.29,1.7,0.23,9.12,24.82
1999-12-20,36.27,21.55,28.97,0.0,0.23,9.06,34.11
1999-12-21,39.22,21.58,30.77,0.0,0.23,10.99,32.41
1999-12-22,41.29,24.22,32.78,0.0,0.23,11.38,32.15
1999-12-23,39.33,21.94,29.46,0.01,0.23,12.57,33.68
1999-12-24,39.96,19.73,30.04,0.0,0.22,13.35,33.62
1999-12-25,39.53,23.44,31.83,0.0,0.22,12.34,32.57
1999-12-26,40.76,25.87,33.79,0.15,0.22,11.12,30.08
1999-12-27,41.71,27.37,33.52,6.85,0.23,14.99,17.68
1999-12-28,35.05,24.87,29.94,8.37,0.24,17.75,28.39
1999-12-29,39.73,23.7,30.59,1.31,0.24,15.49,25.95
1999-12-30,38.09,22.0,30.07,0.8,0.24,11.45,32.32
1999-12-31,35.51,25.04,30.37,0.39,0.24,9.27,24.5
2000-01-01,39.19,22.91,31.53,0.29,0.23,7.08,16.96
2000-01-02,38.28,24.24,31.34,1.4,0.23,11.02,23.63
2000-01-03,35.82,24.76,30.27,4.88,0.24,13.45,20.21
2000-01-04,36.46,24.39,30.24,0.73,0.24,12.26,31.9
2000-01-05,35.73,23.11,29.51,1.51,0.24,11.08,30.06
2000-01-06,35.48,20.51,28.07,1.92,0.24,13.06,31.8
2000-01-07,35.46,19.43,27.89,0.0,0.24,11.2,32.77
2000-01-08,37.61,21.38,30.08,0.0,0.23,8.36,29.71
2000-01-09,37.98,22.02,29.83,2.36,0.23,9.95,28.51
2000-01-10,37.4,20.43,27.91,1.81,0.23,12.91,31.36
2000-01-11,32.64,18.49,24.48,0.39,0.24,12.19,32.09
2000-01-12,32.35,16.24,24.48,0.05,0.23,10.78,27.56
2000-01-13,35.48,16.72,26.4,0.0,0.23,9.77,31.51
2000-01-14,34.54,19.15,26.22,2.65,0.23,14.35,25.53
2000-01-15,29.97,17.49,23.19,2.47,0.23,13.22,25.19
2000-01-16,28.07,16.56,21.98,1.28,0.24,12.36,26.29
2000-01-17,31.68,14.86,23.43,0.0,0.23,10.46,31.84
2000-01-18,37.73,15.85,26.99,0.0,0.23,7.73,32.6
2000-01-19,40.97,16.66,28.77,0.0,0.23,8.37,32.63
2000-01-20,43.06,21.24,32.43,0.0,0.23,8.77,31.87
2000-01-21,41.56,24.34,31.8,2.07,0.23,11.94,15.68
2000-01-22,30.67,20.62,25.5,28.61,0.25,19.46,8.97
2000-01-23,30.38,18.52,24.09,2.0,0.28,15.42,20.22
2000-01-24,31.8,16.1,23.95,0.0,0.27,12.65,24.56
2000-01-25,31.82,16.98,24.59,0.0,0.27,12.2,27.17
2000-01-26,32.23,17.75,24.95,0.0,0.26,12.75,28.84
2000-01-27,34.42,18.2,26.54,0.0,0.26,12.23,30.67
2000-01-28,37.4,19.43,29.14,0.0,0.26,12.59,31.57
2000-01-29,39.4,23.7,31.79,0.06,0.26,14.81,32.09
2000-01-30,39.57,26.31,32.86,2.01,0.26,18.54,29.72
2000-01-31,38.44,24.53,30.69,0.13,0.26,18.44,28.24
2000-02-01,36.54,21.39,28.77,0.0,0.25,14.46,30.51
2000-02-02,38.02,20.51,28.88,0.01,0.25,13.08,32.02
2000-02-03,38.07,20.89,28.07,0.21,0.25,11.95,29.16
2000-02-04,34.23,17.95,25.83,0.0,0.25,10.43,30.99
2000-02-05,37.73,20.32,29.05,0.0,0.25,12.29,23.56
2000-02-06,39.99,22.92,31.78,0.0,0.25,11.39,15.25
2000-02-07,42.03,25.83,34.16,0.0,0.24,13.68,28.26
2000-02-08,44.34,27.94,35.89,0.16,0.24,12.02,29.16
2000-02-09,38.81,23.43,30.43,0.01,0.24,14.22,29.42
2000-02-10,33.75,18.3,25.88,0.0,0.24,11.71,29.9
2000-02-11,33.4,18.69,25.88,0.0,0.24,9.49,30.08
2000-02-12,33.95,18.44,26.02,0.0,0.24,7.08,30.18
2000-02-13,35.64,17.74,26.94,0.0,0.24,6.04,29.74
2000-02-14,37.38,20.25,29.04,0.0,0.24,8.48,29.55
2000-02-15,37.26,21.38,29.81,0.0,0.24,12.51,27.79
2000-02-16,36.75,22.74,30.29,0.0,0.24,13.42,28.1
2000-02-17,37.6,23.56,31.17,0.0,0.23,13.58,26.07
2000-02-18,38.94,25.54,31.92,0.0,0.23,14.65,25.35
2000-02-19,35.19,19.16,26.89,0.0,0.23,9.45,28.36
2000-02-20,35.88,17.86,26.94,0.0,0.23,6.04,28.1
2000-02-21,39.26,21.36,28.69,0.0,0.23,12.84,23.47
2000-02-22,32.13,19.09,24.65,0.0,0.23,10.17,27.72
2000-02-23,34.95,15.29,25.18,0.0,0.23,6.98,28.0
2000-02-24,38.71,17.54,27.91,0.04,0.23,8.86,27.45
2000-02-25,36.2,17.35,26.62,0.38,0.23,11.94,27.82
2000-02-26,31.19,20.13,25.03,1.62,0.23,14.34,16.62
2000-02-27,35.68,20.42,28.01,0.34,0.23,15.73,26.96
2000-02-28,36.2,22.37,29.21,0.22,0.23,20.16,23.81
2000-02-29,34.61,24.24,29.01,7.04,0.23,22.17,22.28
2000-03-01,31.04,20.75,25.33,0.1,0.24,15.66,19.92
2000-03-02,33.38,20.29,25.48,0.0,0.24,14.29,19.78
2000-03-03,35.1,19.74,26.86,0.0,0.24,13.61,24.76
2000-03-04,37.63,20.14,28.74,0.0,0.23,14.09,26.66
2000-03-05,37.93,22.71,30.16,0.02,0.23,14.02,26.79
2000-03-06,37.48,23.39,30.15,0.0,0.23,13.39,26.01
2000-03-07,36.01,24.16,29.62,0.0,0.23,15.07,23.62
2000-03-08,36.54,24.68,29.61,1.19,0.23,17.96,21.45
2000-03-09,28.25,22.49,25.58,35.37,0.25,20.59,8.85
2000-03-10,27.09,21.15,23.49,31.42,0.35,21.12,12.39
2000-03-11,30.26,19.81,24.33,1.18,0.35,18.04,13.14
2000-03-12,30.62,18.42,24.15,0.24,0.33,14.94,17.87
2000-03-13,30.13,16.99,23.3,0.0,0.32,12.52,24.66
2000-03-14,31.79,16.49,23.8,0.0,0.31,10.37,26.48
2000-03-15,32.64,17.33,24.67,0.0,0.31,11.27,25.81
2000-03-16,34.32,17.42,25.29,1.01,0.31,14.04,23.38
2000-03-17,27.62,14.99,20.05,0.01,0.3,7.73,25.05
2000-03-18,32.17,15.79,23.96,0.06,0.3,13.63,22.69
2000-03-19,30.45,20.71,24.99,8.48,0.31,19.65,16.05
2000-03-20,29.14,22.84,25.09,4.82,0.32,21.24,22.62
2000-03-21,34.07,19.1,25.67,10.84,0.33,20.25,16.16
2000-03-22,26.51,14.29,20.05,0.08,0.33,11.41,19.03
2000-03-23,29.53,12.89,21.12,0.56,0.32,10.88,23.86
2000-03-24,29.34,17.83,22.49,1.19,0.32,15.87,18.16
2000-03-25,29.54,19.72,24.2,11.23,0.33,19.59,15.84
2000-03-26,29.77,18.24,23.21,2.0,0.34,16.59,19.39
2000-03-27,26.69,15.05,20.17,0.05,0.33,12.1,15.65
2000-03-28,26.45,12.87,19.57,0.13,0.33,12.31,11.72
2000-03-29,28.74,14.44,21.47,0.0,0.32,12.85,22.18
2000-03-30,29.87,14.85,22.12,0.0,0.32,12.62,21.09
2000-03-31,30.73,16.15,23.32,0.0,0.32,12.12,20.2
2000-04-01,31.09,16.91,23.98,0.0,0.32,11.48,21.81
2000-04-02,32.78,17.47,24.65,0.0,0.31,11.5,22.14
2000-04-03,31.15,15.78,22.76,0.14,0.31,12.24,21.91
2000-04-04,25.98,13.39,18.75,6.03,0.31,8.32,8.79
2000-04-05,25.57,11.45,17.85,0.3,0.32,7.47,16.89
2000-04-06,27.78,11.21,19.09,0.04,0.31,7.51,22.43
2000-04-07,30.38,13.83,21.87,0.0,0.31,9.81,18.05
2000-04-08,29.65,15.59,22.67,0.0,0.31,10.61,21.24
2000-04-09,29.72,16.61,23.11,0.0,0.31,10.84,20.41
2000-04-10,31.3,17.89,24.57,0.05,0.3,12.58,19.88
2000-04-11,30.52,20.09,24.61,0.28,0.3,14.02,17.0
2000-04-12,27.28,16.0,21.85,0.15,0.3,14.42,14.7
2000-04-13,26.06,11.59,18.56,0.0,0.3,9.64,17.99
2000-04-14,25.3,11.16,17.75,0.0,0.3,7.35,18.91
2000-04-15,26.52,11.81,18.72,0.0,0.3,9.28,19.44
2000-04-16,26.8,10.77,18.53,0.0,0.3,5.47,19.41
2000-04-17,28.83,11.61,20.3,0.0,0.29,7.35,18.65
2000-04-18,30.04,14.92,22.34,0.01,0.29,11.3,17.26
2000-04-19,30.46,18.51,23.37,0.07,0.29,14.16,17.23
2000-04-20,26.89,16.49,21.17,0.0,0.29,14.14,16.04
2000-04-21,27.94,15.17,21.18,0.0,0.29,12.15,18.23
2000-04-22,27.98,13.97,20.74,0.0,0.29,9.33,18.57
2000-04-23,28.17,13.87,20.39,0.0,0.29,7.25,18.26
2000-04-24,27.65,12.95,19.81,0.0,0.28,6.29,17.93
2000-04-25,29.47,13.87,20.84,0.01,0.28,10.4,16.92
2000-04-26,30.65,14.71,21.64,1.88,0.28,13.84,16.82
2000-04-27,20.99,11.01,16.94,3.11,0.29,10.45,13.31
2000-04-28,21.59,10.0,15.57,2.13,0.29,9.39,13.75
2000-04-29,18.69,7.36,12.57,0.0,0.29,3.81,18.05
2000-04-30,21.6,6.27,13.58,0.0,0.29,3.43,17.89
2000-05-01,24.62,8.52,16.07,0.01,0.29,4.86,18.15
2000-05-02,25.9,9.72,17.19,0.0,0.29,4.25,18.0
2000-05-03,26.21,9.8,17.58,0.0,0.28,4.11,17.76
2000-05-04,24.45,10.64,17.0,0.0,0.28,6.74,17.8
2000-05-05,25.05,10.22,16.83,0.0,0.28,6.42,17.73
2000-05-06,24.41,8.51,15.69,0.0,0.28,2.11,17.51
2000-05-07,25.46,8.04,16.58,0.0,0.28,-0.85,17.4
2000-05-08,26.07,7.97,16.77,0.0,0.28,-0.29,17.39
2000-05-09,26.47,9.58,17.07,0.0,0.28,2.36,17.1
2000-05-10,24.88,10.79,17.39,1.28,0.28,11.87,15.17
2000-05-11,16.84,7.96,13.56,2.14,0.28,8.24,11.03
2000-05-12,18.65,6.74,11.61,0.0,0.28,5.58,15.12
2000-05-13,20.09,7.04,12.9,0.0,0.28,5.87,14.37
2000-05-14,20.67,6.64,13.22,0.0,0.28,5.19,16.61
2000-05-15,21.38,6.31,13.23,0.0,0.28,2.52,16.27
2000-05-16,22.29,6.83,13.88,0.0,0.28,4.16,16.22
2000-05-17,22.53,7.64,14.41,0.0,0.28,4.55,16.16
2000-05-18,22.8,8.61,15.02,0.0,0.28,4.05,15.78
2000-05-19,22.78,8.41,14.87,0.0,0.27,3.65,15.96
2000-05-20,22.21,7.56,14.32,0.0,0.27,2.99,15.57
2000-05-21,21.66,7.72,13.9,0.0,0.27,2.8,15.37
2000-05-22,22.49,6.37,13.77,0.0,0.27,2.19,15.28
2000-05-23,23.23,8.48,14.77,0.0,0.27,1.95,15.32
2000-05-24,22.91,6.99,14.08,0.0,0.27,0.89,14.83
2000-05-25,23.55,6.98,14.29,0.0,0.27,1.52,15.11
2000-05-26,20.09,6.81,12.52,0.0,0.27,3.26,15.1
2000-05-27,16.07,7.42,10.98,0.0,0.27,2.96,10.03
2000-05-28,17.4,6.72,11.92,0.0,0.27,2.94,7.94
2000-05-29,22.89,7.75,14.25,0.0,0.27,2.1,13.63
2000-05-30,22.77,7.81,14.66,0.0,0.27,0.23,14.6
2000-05-31,24.04,10.31,15.9,0.1,0.27,4.49,13.24
2000-06-01,21.83,11.01,15.37,0.04,0.27,9.66,13.47
2000-06-02,23.13,7.91,14.33,0.0,0.27,3.77,14.18
2000-06-03,21.43,8.83,14.04,0.0,0.27,0.52,12.2
2000-06-04,21.08,8.67,14.2,0.0,0.26,0.18,13.8
2000-06-05,21.25,8.1,13.58,0.0,0.26,2.29,13.96
2000-06-06,21.5,6.3,12.64,0.01,0.26,0.82,13.77
2000-06-07,21.47,6.22,12.99,0.0,0.26,1.64,10.66
2000-06-08,21.2,6.99,12.91,0.0,0.26,0.1,13.71
2000-06-09,19.63,5.8,12.4,0.05,0.26,-1.78,10.92
2000-06-10,16.04,10.6,13.24,5.15,0.27,5.35,4.22
2000-06-11,23.85,10.35,16.41,0.0,0.27,10.66,14.11
2000-06-12,25.31,10.89,16.61,0.0,0.27,2.41,12.76
2000-06-13,24.17,9.89,15.84,0.0,0.27,-2.19,13.15
2000-06-14,23.29,8.96,15.72,4.37,0.27,3.35,9.93
2000-06-15,19.58,10.8,14.52,0.08,0.27,8.44,10.7
2000-06-16,18.37,6.41,11.66,0.0,0.27,1.28,13.63
2000-06-17,21.96,6.83,13.84,0.05,0.27,5.58,11.33
2000-06-18,22.53,9.45,15.01,0.12,0.27,7.65,10.16
2000-06-19,16.36,9.61,12.96,6.9,0.28,8.03,11.57
2000-06-20,17.6,10.44,13.26,1.84,0.28,9.07,11.17
2000-06-21,19.46,9.62,13.71,0.44,0.28,8.68,9.98
2000-06-22,18.32,7.82,12.89,0.0,0.28,7.42,10.09
2000-06-23,17.96,8.52,13.33,0.03,0.28,7.44,9.07
2000-06-24,20.26,9.8,13.69,0.36,0.28,8.22,6.62
2000-06-25,20.64,10.58,14.8,1.58,0.28,11.39,7.71
2000-06-26,15.81,5.23,9.54,0.04,0.28,2.45,14.03
2000-06-27,17.97,2.86,9.79,0.0,0.28,3.42,11.42
2000-06-28,19.67,4.77,11.54,0.0,0.28,5.94,12.84
2000-06-29,17.91,4.61,10.23,0.0,0.28,2.22,14.03
2000-06-30,21.16,3.57,11.01,0.01,0.28,1.2,13.91
2000-07-01,16.57,8.41,12.19,4.29,0.28,9.06,9.12
2000-07-02,18.24,10.28,13.39,1.0,0.28,8.87,10.89
2000-07-03,19.25,7.71,13.14,0.3,0.28,8.53,10.82
2000-07-04,20.95,10.81,14.65,3.75,0.28,11.19,8.92
2000-07-05,17.56,7.44,12.4,0.14,0.29,7.64,11.63
2000-07-06,19.76,8.4,13.11,0.04,0.29,6.82,12.97
2000-07-07,20.5,7.88,13.71,0.12,0.29,7.76,10.51
2000-07-08,17.08,5.43,10.43,0.0,0.28,3.24,10.76
2000-07-09,18.83,3.94,11.02,0.0,0.28,0.32,14.08
2000-07-10,18.76,5.09,11.95,4.88,0.28,5.5,11.08
2000-07-11,18.48,7.37,12.59,2.62,0.3,6.42,12.26
2000-07-12,19.72,4.41,11.03,0.0,0.29,2.77,14.33
2000-07-13,17.28,8.24,12.14,5.69,0.3,7.35,10.7
2000-07-14,16.92,9.7,13.03,1.42,0.3,8.64,11.1
2000-07-15,19.11,10.58,13.99,2.97,0.3,11.02,10.7
2000-07-16,19.83,10.09,14.05,1.9,0.3,10.63,10.75
2000-07-17,18.31,12.49,14.56,3.15,0.31,12.18,8.29
2000-07-18,17.19,6.57,12.62,0.62,0.31,7.92,11.17
2000-07-19,17.96,6.23,11.27,0.06,0.31,7.25,12.71
2000-07-20,20.26,8.87,13.2,0.16,0.31,8.53,13.61
2000-07-21,16.82,7.51,11.96,0.79,0.3,9.11,10.93
2000-07-22,19.79,7.34,12.96,0.37,0.3,8.3,12.2
2000-07-23,17.95,7.03,12.27,0.56,0.3,7.84,12.38
2000-07-24,19.0,5.08,11.1,0.01,0.3,6.43,11.93
2000-07-25,18.34,4.64,10.6,0.0,0.3,1.8,15.52
2000-07-26,17.86,2.48,9.03,0.0,0.3,-2.27,15.39
2000-07-27,21.06,2.56,10.8,0.02,0.3,-2.58,14.93
2000-07-28,17.43,7.74,11.94,3.62,0.3,5.69,8.85
2000-07-29,19.43,8.69,13.09,0.52,0.3,8.74,9.33
2000-07-30,20.79,8.25,13.03,0.01,0.3,6.24,14.28
2000-07-31,19.33,4.96,11.77,0.1,0.3,6.85,15.64
2000-08-01,20.96,7.43,12.91,0.05,0.3,7.84,11.58
2000-08-02,18.5,5.26,11.29,0.47,0.3,6.82,12.75
2000-08-03,16.91,2.42,8.6,0.0,0.3,-0.57,16.95
2000-08-04,22.33,1.98,10.86,0.0,0.3,-3.43,16.61
2000-08-05,22.87,5.56,13.37,4.23,0.3,5.47,14.53
2000-08-06,16.46,6.0,10.61,8.33,0.32,6.49,14.92
2000-08-07,18.12,5.87,11.17,0.22,0.32,7.03,14.67
2000-08-08,17.52,5.13,10.37,0.01,0.31,5.1,14.59
2000-08-09,15.48,5.0,9.7,0.13,0.31,4.18,10.86
2000-08-10,16.16,2.7,8.46,0.0,0.31,0.98,17.09
2000-08-11,18.2,2.55,9.76,0.0,0.31,0.13,18.14
2000-08-12,21.48,3.83,11.6,0.0,0.31,0.26,17.47
2000-08-13,22.99,4.85,13.3,0.0,0.3,4.98,18.21
2000-08-14,24.35,7.81,15.76,0.0,0.3,5.43,17.49
2000-08-15,22.14,10.59,15.11,8.4,0.31,6.44,6.86
2000-08-16,17.74,9.55,13.59,3.63,0.32,9.71,14.16
2000-08-17,20.23,7.88,12.97,0.32,0.32,8.41,11.53
2000-08-18,21.53,7.76,13.71,0.0,0.32,6.48,14.49
2000-08-19,21.83,5.9,13.34,0.0,0.31,4.08,19.56
2000-08-20,21.67,5.68,13.14,0.0,0.31,5.67,18.75
2000-08-21,17.66,2.9,9.5,0.0,0.31,-1.36,18.83
2000-08-22,19.68,2.23,9.99,0.2,0.31,-1.51,18.9
2000-08-23,23.61,4.09,12.83,0.0,0.31,0.93,18.87
2000-08-24,19.14,6.54,13.32,1.91,0.31,9.55,13.77
2000-08-25,20.4,3.44,11.49,0.24,0.31,5.98,18.6
2000-08-26,19.02,7.21,13.0,0.92,0.31,6.63,15.59
2000-08-27,19.93,4.11,11.31,0.0,0.31,3.71,14.73
2000-08-28,19.64,5.84,12.57,3.37,0.31,7.46,15.65
2000-08-29,17.15,6.92,11.84,1.14,0.31,7.28,16.1
2000-08-30,18.58,6.46,12.1,0.59,0.31,7.22,14.74
2000-08-31,15.19,7.11,11.23,6.4,0.32,7.44,12.06
2000-09-01,17.51,6.36,11.29,0.04,0.32,6.69,12.97
2000-09-02,21.91,10.03,14.9,0.27,0.32,9.41,12.7
2000-09-03,20.51,10.19,14.67,0.07,0.31,9.92,17.34
2000-09-04,25.16,8.2,16.04,0.0,0.31,7.0,20.86
2000-09-05,25.51,10.16,17.15,3.21,0.31,7.64,20.95
2000-09-06,18.59,10.54,13.75,6.14,0.32,7.91,18.35
2000-09-07,21.24,10.65,14.98,0.3,0.32,10.25,12.76
2000-09-08,22.95,8.98,15.21,0.23,0.32,8.68,20.09
2000-09-09,25.7,7.84,15.61,0.0,0.31,5.74,22.21
2000-09-10,26.7,7.93,15.9,0.0,0.31,4.09,22.45
2000-09-11,28.65,7.21,17.24,0.0,0.31,-1.19,21.65
2000-09-12,27.56,10.18,17.07,0.0,0.3,3.72,23.09
2000-09-13,22.71,6.71,14.2,0.0,0.3,7.74,18.95
2000-09-14,24.8,7.94,15.37,0.0,0.3,8.24,22.41
2000-09-15,22.83,7.94,14.7,0.01,0.3,8.34,19.45
2000-09-16,23.06,6.95,14.23,0.0,0.3,3.43,22.62
2000-09-17,28.52,5.96,16.36,0.0,0.3,-1.36,22.95
2000-09-18,27.37,7.87,16.57,0.0,0.3,2.59,22.72
2000-09-19,23.46,8.11,15.05,0.0,0.29,6.36,22.02
2000-09-20,27.11,8.13,16.75,0.0,0.29,4.26,23.5
2000-09-21,31.97,10.48,20.54,0.0,0.29,6.51,23.38
2000-09-22,28.73,10.08,18.63,0.0,0.29,9.83,23.9
2000-09-23,25.68,11.92,17.51,0.0,0.29,10.12,17.9
2000-09-24,26.67,9.84,17.63,0.0,0.29,8.36,21.85
2000-09-25,27.3,10.29,18.32,0.0,0.29,6.67,23.81
2000-09-26,30.92,9.93,19.55,0.0,0.28,2.94,24.31
2000-09-27,28.84,10.96,18.81,0.05,0.28,10.58,23.77
2000-09-28,24.47,11.18,18.24,0.79,0.28,10.31,19.43
2000-09-29,24.77,6.72,15.45,0.0,0.28,5.94,24.15
2000-09-30,26.71,8.43,17.11,0.0,0.28,6.74,25.88
2000-10-01,31.54,9.95,20.5,0.0,0.28,4.4,24.33
2000-10-02,35.02,12.46,22.94,0.0,0.28,4.26,24.19
2000-10-03,35.91,12.35,22.55,0.01,0.27,9.79,24.88
2000-10-04,29.58,12.14,20.16,0.0,0.27,7.67,24.31
2000-10-05,26.55,13.02,19.05,0.16,0.27,8.31,10.48
2000-10-06,23.62,10.93,16.67,0.02,0.27,5.77,23.1
2000-10-07,23.01,7.37,15.08,0.0,0.27,3.78,26.87
2000-10-08,24.74,7.61,15.94,0.0,0.27,1.97,26.85
2000-10-09,27.45,7.05,17.26,0.0,0.27,0.92,26.91
2000-10-10,32.89,9.03,21.37,0.05,0.27,0.15,26.65
2000-10-11,27.98,12.88,20.22,0.1,0.26,7.28,19.34
2000-10-12,23.5,8.51,15.48,0.0,0.26,3.09,27.6
2000-10-13,26.9,7.9,17.27,0.0,0.26,2.01,27.92
2000-10-14,31.02,11.0,21.11,0.03,0.26,-1.28,27.75
2000-10-15,33.78,15.65,23.98,1.49,0.26,3.47,13.6
2000-10-16,31.09,14.5,22.08,0.0,0.26,8.67,28.03
2000-10-17,28.63,11.07,19.62,0.0,0.26,5.43,27.61
2000-10-18,30.87,11.94,21.35,0.0,0.26,0.32,28.69
2000-10-19,32.78,14.0,23.21,0.0,0.26,-2.37,28.04
2000-10-20,33.35,15.23,22.28,0.0,0.25,2.16,28.66
2000-10-21,23.82,11.93,16.85,0.0,0.25,6.03,21.75
2000-10-22,25.45,8.48,16.83,0.0,0.25,3.42,28.72
2000-10-23,28.4,9.26,19.04,0.0,0.25,1.89,28.78
2000-10-24,31.13,10.49,21.05,0.0,0.25,1.98,27.2
2000-10-25,31.82,12.04,21.2,0.0,0.25,7.28,29.5
2000-10-26,33.74,12.93,22.38,0.11,0.25,8.4,28.62
2000-10-27,34.34,16.08,24.99,0.14,0.25,9.0,28.51
2000-10-28,34.91,16.5,25.55,0.0,0.25,4.73,30.33
2000-10-29,34.59,13.82,23.37,0.0,0.24,5.3,30.65
2000-10-30,27.56,13.13,19.19,0.0,0.24,7.55,24.72
2000-10-31,29.34,10.94,20.14,0.0,0.24,3.16,29.51
2000-11-01,34.02,12.51,21.94,0.0,0.24,2.99,29.81
2000-11-02,28.68,12.82,19.63,0.01,0.24,6.95,28.92
2000-11-03,28.69,11.48,19.82,0.0,0.24,7.68,30.73
2000-11-04,32.3,11.15,21.8,0.0,0.24,3.53,30.23
2000-11-05,35.75,13.36,23.89,0.0,0.24,4.17,29.78
2000-11-06,29.24,13.74,20.28,0.01,0.24,8.63,29.56
2000-11-07,24.48,10.34,16.89,0.4,0.24,7.42,26.94
2000-11-08,25.14,8.99,16.67,0.06,0.24,5.82,25.93
2000-11-09,26.95,9.33,17.81,0.02,0.24,6.98,30.81
2000-11-10,30.89,10.78,20.97,0.01,0.24,5.92,30.77
2000-11-11,35.81,13.21,24.78,0.01,0.23,3.68,27.16
2000-11-12,26.59,17.02,22.22,0.01,0.23,7.7,17.73
2000-11-13,33.16,14.79,23.93,0.0,0.23,8.16,30.59
2000-11-14,34.43,17.39,25.87,0.0,0.23,9.88,28.54
2000-11-15,37.06,19.26,28.03,0.0,0.23,9.47,29.3
2000-11-16,34.71,18.11,24.9,0.0,0.23,11.84,32.3
2000-11-17,30.89,16.02,22.85,0.0,0.23,10.13,28.81
2000-11-18,34.19,14.48,24.62,0.0,0.23,7.56,32.11
2000-11-19,32.33,16.32,24.2,0.0,0.23,4.68,31.42
2000-11-20,31.02,16.03,23.14,0.0,0.23,10.1,27.04
2000-11-21,30.81,15.11,23.21,0.0,0.23,9.47,31.51
2000-11-22,36.47,17.73,27.47,0.0,0.23,7.99,31.44
2000-11-23,37.63,18.44,26.83,0.0,0.22,8.21,32.5
2000-11-24,32.32,15.56,22.92,0.0,0.22,9.0,29.92
2000-11-25,36.34,13.49,24.72,0.0,0.22,7.8,31.46
2000-11-26,32.31,15.08,21.99,0.01,0.22,11.48,33.3
2000-11-27,27.75,14.64,20.06,0.52,0.22,7.55,31.86
2000-11-28,30.45,11.61,21.08,0.0,0.22,5.43,32.72
2000-11-29,32.28,12.5,22.61,0.0,0.22,5.62,32.35
2000-11-30,35.88,14.8,25.59,0.0,0.22,2.83,32.52
2000-12-01,40.59,17.6,28.4,0.0,0.22,3.95,32.64
2000-12-02,33.77,13.36,23.33,0.0,0.22,0.29,32.79
2000-12-03,38.41,15.9,27.37,0.0,0.22,-2.47,31.61
2000-12-04,41.2,16.22,28.99,0.0,0.22,3.73,33.17
2000-12-05,40.18,21.51,31.02,0.07,0.22,7.57,27.02
2000-12-06,41.84,21.58,31.52,0.02,0.22,9.59,29.62
2000-12-07,40.9,21.45,31.27,0.0,0.22,10.06,32.59
2000-12-08,42.66,26.33,34.47,0.09,0.21,10.71,31.33
2000-12-09,42.26,22.61,33.11,0.0,0.21,11.58,32.59
2000-12-10,39.96,19.41,29.94,0.0,0.21,10.17,32.72
2000-12-11,42.09,23.54,33.28,0.34,0.21,9.1,32.0
2000-12-12,41.94,27.07,33.54,3.83,0.21,11.44,27.85
2000-12-13,37.04,23.34,30.33,2.41,0.22,14.46,19.44
2000-12-14,36.89,23.3,29.73,1.33,0.22,14.07,30.88
2000-12-15,37.58,20.63,29.48,0.0,0.22,13.11,30.91
2000-12-16,38.87,22.79,30.74,0.5,0.22,10.1,28.22
2000-12-17,40.22,19.41,30.93,0.63,0.22,10.6,31.44
2000-12-18,42.23,24.09,33.76,0.01,0.21,8.11,31.37
2000-12-19,43.25,23.0,32.86,0.06,0.21,7.3,27.06
2000-12-20,32.48,15.39,23.46,0.08,0.21,8.34,25.98
2000-12-21,26.04,12.19,18.61,0.0,0.21,-0.09,33.6
2000-12-22,31.4,11.53,21.9,0.0,0.21,-0.22,33.67
2000-12-23,36.75,15.72,26.85,0.0,0.21,0.04,33.59
2000-12-24,39.54,20.19,30.42,0.0,0.21,0.82,33.45
2000-12-25,41.38,22.11,32.58,0.0,0.21,3.65,28.83
2000-12-26,42.2,24.18,33.69,0.03,0.21,5.53,26.8
2000-12-27,43.33,25.71,34.11,0.06,0.21,7.65,28.3
2000-12-28,37.93,18.74,27.8,0.0,0.21,11.32,33.74
2000-12-29,31.61,17.54,23.57,0.02,0.21,8.61,31.43
2000-12-30,35.39,14.66,25.16,0.0,0.21,5.29,32.82
2000-12-31,39.17,16.02,27.87,0.0,0.21,5.59,33.24
2001-01-01,41.24,17.08,28.09,0.0,0.21,7.31,32.94
2001-01-02,36.94,15.1,25.99,0.0,0.21,7.98,33.65
2001-01-03,37.27,15.17,26.05,0.0,0.21,7.4,33.84
2001-01-04,40.33,14.88,27.89,0.0,0.21,3.33,34.24
2001-01-05,40.02,22.68,31.78,0.06,0.2,4.45,23.68
2001-01-06,42.8,23.31,33.35,0.02,0.2,11.33,26.34
2001-01-07,43.26,26.15,33.23,0.55,0.2,14.37,27.38
2001-01-08,42.04,24.08,32.47,0.0,0.21,15.89,31.65
2001-01-09,41.67,22.72,32.09,0.25,0.21,15.29,31.21
2001-01-10,44.04,25.72,33.89,0.92,0.21,12.87,31.37
2001-01-11,43.44,22.65,31.89,0.01,0.21,11.8,30.64
2001-01-12,38.45,18.95,27.46,0.0,0.2,13.28,32.37
2001-01-13,35.99,17.06,25.41,0.0,0.2,9.22,32.54
2001-01-14,35.27,15.16,25.33,0.0,0.2,4.76,33.03
2001-01-15,42.73,19.74,32.15,0.13,0.2,7.13,29.57
2001-01-16,43.3,27.86,35.1,3.03,0.2,14.56,27.48
2001-01-17,41.84,24.58,33.24,2.79,0.21,15.09,23.69
2001-01-18,36.14,24.19,29.29,8.74,0.21,19.19,18.38
2001-01-19,34.42,22.83,28.27,2.54,0.23,19.03,16.1
2001-01-20,28.9,24.01,25.69,35.24,0.25,21.64,6.62
2001-01-21,33.49,21.68,27.21,2.12,0.29,19.52,18.8
2001-01-22,33.6,17.94,25.17,0.0,0.28,12.56,24.27
2001-01-23,33.99,16.58,23.91,0.0,0.27,10.78,31.77
2001-01-24,28.87,14.96,20.88,0.0,0.27,6.52,30.87
2001-01-25,29.58,12.28,20.93,0.0,0.26,2.77,32.88
2001-01-26,35.73,13.93,25.32,0.0,0.26,1.81,33.12
2001-01-27,37.5,18.06,28.11,0.0,0.26,4.92,31.93
2001-01-28,38.35,20.34,28.6,1.92,0.25,12.36,15.59
2001-01-29,39.1,20.62,30.28,0.03,0.26,12.15,31.13
2001-01-30,42.14,24.37,32.38,0.29,0.25,10.57,21.66
2001-01-31,34.18,18.01,25.86,0.0,0.25,14.99,30.37
2001-02-01,29.3,16.36,21.93,0.0,0.25,9.2,29.67
2001-02-02,32.62,13.78,23.38,0.0,0.25,5.74,31.98
2001-02-03,34.81,16.4,25.83,0.0,0.25,3.66,32.07
2001-02-04,35.98,17.35,26.83,0.0,0.25,2.84,32.14
2001-02-05,40.35,18.58,29.54,0.0,0.24,4.73,30.4
2001-02-06,38.15,20.21,28.29,0.0,0.24,12.73,20.3
2001-02-07,34.5,18.82,25.55,0.0,0.24,10.56,29.99
2001-02-08,37.22,14.93,26.38,0.0,0.24,7.57,31.41
2001-02-09,38.35,20.97,29.89,0.01,0.24,10.88,29.25
2001-02-10,33.89,23.92,28.27,10.07,0.25,17.71,16.0
2001-02-11,31.22,23.04,26.62,3.22,0.26,18.51,15.87
2001-02-12,34.51,20.26,27.36,0.0,0.26,15.34,29.01
2001-02-13,32.48,18.6,25.33,0.0,0.26,9.88,30.45
2001-02-14,33.69,17.79,25.74,0.0,0.25,9.46,30.17
2001-02-15,35.87,20.0,27.52,0.0,0.25,11.0,26.08
2001-02-16,26.68,19.97,22.91,0.47,0.25,14.7,11.91
2001-02-17,31.25,18.62,24.48,0.08,0.25,15.26,13.5
2001-02-18,31.67,17.36,24.59,0.01,0.25,14.14,18.35
2001-02-19,34.24,20.45,27.34,0.0,0.25,14.64,27.47
2001-02-20,33.65,17.05,25.06,0.0,0.24,8.92,29.3
2001-02-21,34.15,17.42,26.0,0.0,0.24,9.72,26.25
2001-02-22,34.4,22.66,27.86,0.85,0.24,16.54,16.77
2001-02-23,32.13,21.82,26.54,6.37,0.25,19.99,12.94
2001-02-24,35.63,22.41,29.06,2.76,0.25,20.36,16.29
2001-02-25,35.07,23.99,29.54,0.71,0.25,18.87,24.4
2001-02-26,35.59,21.81,28.19,0.0,0.25,12.43,27.68
2001-02-27,36.65,21.63,29.23,0.23,0.25,13.75,26.64
2001-02-28,36.09,23.97,28.95,15.7,0.26,17.55,18.88
2001-03-01,36.5,21.5,28.98,0.68,0.27,17.41,26.79
2001-03-02,39.12,24.21,31.46,0.0,0.27,12.39,26.67
2001-03-03,38.54,22.64,30.7,0.0,0.26,10.96,26.99
2001-03-04,37.59,25.07,30.93,0.0,0.26,12.9,26.16
2001-03-05,36.9,22.04,29.5,0.0,0.26,10.84,26.23
2001-03-06,36.91,25.11,30.65,0.0,0.26,12.65,23.81
2001-03-07,34.92,20.95,27.19,0.0,0.25,16.34,25.06
2001-03-08,31.81,18.21,23.93,0.0,0.25,12.42,24.23
2001-03-09,34.44,15.48,25.1,0.0,0.25,11.98,26.59
2001-03-10,33.56,19.34,26.18,0.0,0.25,12.14,25.6
2001-03-11,31.75,18.54,24.72,0.0,0.25,10.17,26.34
2001-03-12,29.85,15.28,22.33,0.0,0.25,5.45,26.84
2001-03-13,30.75,14.82,22.6,0.0,0.25,4.18,26.53
2001-03-14,35.61,15.92,24.5,0.0,0.25,5.98,26.09
2001-03-15,28.0,15.59,20.41,0.0,0.25,10.57,23.15
2001-03-16,28.61,12.07,20.1,0.0,0.24,5.85,25.36
2001-03-17,34.35,14.07,24.24,0.0,0.24,4.86,25.19
2001-03-18,36.7,15.71,25.31,0.0,0.24,7.73,24.85
2001-03-19,30.05,14.94,21.9,0.0,0.24,8.18,25.14
2001-03-20,28.59,12.42,20.07,0.0,0.24,1.3,25.7
2001-03-21,30.62,12.66,21.32,0.0,0.24,3.16,25.26
2001-03-22,33.33,14.33,23.21,0.0,0.24,3.94,24.72
2001-03-23,24.6,12.8,17.9,0.0,0.24,2.1,25.23
2001-03-24,24.01,9.08,16.19,0.0,0.24,-1.36,24.94
2001-03-25,25.84,10.78,17.85,0.0,0.24,2.52,24.31
2001-03-26,29.47,11.73,20.12,0.0,0.24,0.83,24.17
2001-03-27,32.43,13.38,22.5,0.0,0.24,1.73,24.17
2001-03-28,33.95,16.12,24.45,0.0,0.23,2.83,23.75
2001-03-29,33.92,16.49,24.68,0.0,0.23,1.05,23.59
2001-03-30,34.93,14.59,24.61,0.0,0.23,0.81,23.31
2001-03-31,35.62,16.5,25.31,0.0,0.23,0.47,23.09
2001-04-01,35.17,16.58,25.49,0.0,0.23,1.7,22.7
2001-04-02,35.82,18.13,26.39,0.0,0.23,2.45,22.17
2001-04-03,35.79,16.13,25.62,0.0,0.23,3.39,22.45
2001-04-04,34.9,17.71,25.57,0.0,0.23,-0.12,22.41
2001-04-05,36.71,16.83,25.95,0.0,0.23,2.0,21.98
2001-04-06,27.53,15.97,21.17,0.0,0.23,10.05,17.24
2001-04-07,23.6,11.36,16.78,0.0,0.23,2.81,22.16
2001-04-08,28.13,9.58,18.82,0.01,0.23,-0.81,21.28
2001-04-09,32.77,15.65,23.5,0.0,0.23,2.88,13.05
2001-04-10,31.39,18.82,24.64,0.02,0.23,5.08,8.41
2001-04-11,33.24,18.44,25.5,0.0,0.23,2.03,8.23
2001-04-12,35.38,18.87,25.77,0.0,0.22,2.24,17.9
2001-04-13,35.6,15.56,24.43,0.0,0.22,6.32,20.52
2001-04-14,32.67,13.57,22.32,0.0,0.22,7.79,20.29
2001-04-15,35.32,15.53,24.88,0.0,0.22,4.85,20.17
2001-04-16,35.09,16.03,24.91,0.0,0.22,8.72,19.6
2001-04-17,33.2,15.86,23.35,0.0,0.22,11.62,18.45
2001-04-18,26.76,14.16,19.85,0.0,0.22,7.49,19.53
2001-04-19,32.37,14.01,22.79,0.0,0.22,6.83,19.26
2001-04-20,31.71,16.53,23.5,0.0,0.22,7.22,18.97
2001-04-21,32.42,15.26,23.34,0.0,0.22,4.37,18.51
2001-04-22,33.37,17.73,25.02,0.44,0.22,8.99,17.42
2001-04-23,25.18,18.68,21.91,2.8,0.22,15.45,7.0
2001-04-24,24.73,13.68,18.62,2.18,0.23,10.58,12.43
2001-04-25,24.62,10.64,17.28,0.0,0.23,8.84,18.35
2001-04-26,24.49,11.23,17.41,0.0,0.23,7.7,18.07
2001-04-27,26.22,10.43,17.81,0.0,0.23,3.68,18.42
2001-04-28,26.63,11.76,18.58,0.0,0.22,4.9,16.21
2001-04-29,30.48,13.44,21.27,0.01,0.22,7.75,16.53
2001-04-30,28.11,13.13,19.76,0.0,0.22,11.05,17.84
2001-05-01,28.06,12.01,19.38,0.0,0.22,8.41,17.2
2001-05-02,28.49,14.06,20.43,0.0,0.22,6.71,16.21
2001-05-03,28.94,13.16,20.2,0.0,0.22,7.48,16.66
2001-05-04,31.33,12.32,20.76,0.0,0.22,4.95,17.1
2001-05-05,31.46,13.23,22.6,0.24,0.22,9.55,15.57
2001-05-06,25.03,15.77,20.48,8.6,0.23,14.74,9.83
2001-05-07,24.81,13.29,18.25,0.93,0.24,12.76,12.98
2001-05-08,23.99,11.96,17.01,0.16,0.24,9.55,13.53
2001-05-09,25.66,10.18,17.83,0.85,0.23,7.82,13.01
2001-05-10,25.42,14.13,18.75,0.4,0.23,13.3,13.82
2001-05-11,22.22,12.22,16.41,1.32,0.24,10.93,10.5
2001-05-12,18.19,11.05,14.2,5.02,0.24,8.46,9.85
2001-05-13,18.97,6.4,12.55,0.3,0.24,7.36,12.38
2001-05-14,20.8,7.52,13.21,0.03,0.24,6.05,10.36
2001-05-15,22.35,6.82,13.76,0.0,0.24,2.72,15.84
2001-05-16,22.61,8.15,14.8,0.0,0.24,2.06,13.84
2001-05-17,23.35,11.31,16.19,0.02,0.24,3.84,11.58
2001-05-18,21.39,11.98,15.92,0.03,0.24,3.49,11.61
2001-05-19,22.14,11.82,15.84,0.57,0.24,2.24,6.12
2001-05-20,23.52,13.54,17.37,2.99,0.24,10.17,11.85
2001-05-21,24.74,12.87,17.81,0.01,0.24,10.95,12.68
2001-05-22,27.73,10.51,18.7,0.0,0.24,6.93,14.22
2001-05-23,26.85,13.41,19.19,0.0,0.24,5.01,7.78
2001-05-24,23.71,11.79,16.92,0.67,0.24,11.52,13.03
2001-05-25,21.0,10.93,14.82,0.03,0.24,8.59,12.63
2001-05-26,22.21,8.56,14.55,0.0,0.24,7.79,13.94
2001-05-27,23.56,7.77,14.87,0.0,0.24,5.0,14.34
2001-05-28,27.11,8.4,16.23,0.0,0.24,3.03,14.23
2001-05-29,22.97,8.94,15.21,4.05,0.24,10.67,11.56
2001-05-30,19.12,11.04,14.25,8.24,0.26,11.0,7.89
2001-05-31,20.09,9.58,14.28,1.13,0.26,10.85,9.07
2001-06-01,21.61,10.41,14.71,0.13,0.26,10.31,12.18
2001-06-02,22.54,7.46,14.47,0.0,0.26,6.5,13.67
2001-06-03,24.55,7.63,15.04,0.0,0.26,5.3,13.53
2001-06-04,18.2,6.65,11.99,0.05,0.25,7.18,9.31
2001-06-05,14.5,3.42,7.82,0.0,0.25,1.34,14.26
2001-06-06,13.53,2.82,7.56,0.0,0.25,0.85,12.47
2001-06-07,16.48,3.48,9.0,0.0,0.25,3.02,13.58
2001-06-08,16.33,3.36,9.83,0.14,0.25,1.63,10.84
2001-06-09,18.0,6.38,10.92,0.07,0.25,4.65,13.63
2001-06-10,16.57,6.11,10.78,3.11,0.26,8.25,9.79
2001-06-11,16.01,7.87,11.29,0.96,0.26,7.53,7.62
2001-06-12,18.63,6.09,11.23,0.0,0.26,5.3,13.65
2001-06-13,20.76,4.72,11.51,0.0,0.26,0.94,13.85
2001-06-14,23.01,6.52,13.55,0.0,0.26,0.91,11.57
2001-06-15,25.55,8.79,16.92,1.75,0.26,7.82,12.86
2001-06-16,24.31,12.24,17.31,1.92,0.26,12.82,9.96
2001-06-17,22.64,9.83,15.04,0.0,0.26,10.31,13.23
2001-06-18,23.05,8.11,14.48,0.0,0.26,6.77,13.41
2001-06-19,22.99,7.35,14.11,0.0,0.26,3.45,13.46
2001-06-20,23.4,7.49,14.19,0.0,0.26,2.4,13.43
2001-06-21,22.6,6.95,13.5,0.0,0.26,-0.03,13.95
2001-06-22,23.64,6.13,13.93,0.0,0.26,-3.99,13.4
2001-06-23,23.25,4.76,12.82,0.0,0.25,-4.67,13.83
2001-06-24,23.45,4.74,12.68,0.0,0.25,-4.72,13.2
2001-06-25,22.64,4.32,12.17,0.0,0.25,-3.22,13.64
2001-06-26,22.55,4.09,12.1,0.0,0.25,-3.79,14.08
2001-06-27,24.03,5.11,13.7,0.0,0.25,-4.2,13.52
2001-06-28,25.9,6.85,14.39,0.0,0.25,-1.53,13.24
2001-06-29,24.82,7.73,14.96,0.0,0.25,6.31,13.1
2001-06-30,25.33,9.07,15.76,0.0,0.25,5.99,11.95
2001-07-01,21.75,8.75,14.22,0.05,0.25,10.38,9.97
2001-07-02,20.51,5.42,12.33,0.0,0.25,5.46,12.56
2001-07-03,20.64,7.95,13.55,0.41,0.25,8.57,10.54
2001-07-04,16.99,6.25,10.46,0.0,0.25,1.17,13.8
2001-07-05,21.33,2.4,11.04,0.0,0.25,-3.02,13.76
2001-07-06,22.92,8.36,14.43,0.09,0.25,3.95,12.34
2001-07-07,20.16,10.12,14.36,6.37,0.25,11.26,9.44
2001-07-08,15.96,10.08,12.62,12.32,0.27,10.58,7.48
2001-07-09,18.78,7.57,12.74,0.34,0.28,9.23,10.63
2001-07-10,19.11,6.67,11.83,0.0,0.28,6.84,13.8
2001-07-11,18.38,3.78,10.43,0.0,0.28,1.48,13.88
2001-07-12,18.56,4.92,10.87,0.08,0.27,4.37,9.23
2001-07-13,19.54,5.43,11.32,0.0,0.27,4.92,13.6
2001-07-14,20.03,4.08,11.17,0.0,0.27,0.83,13.61
2001-07-15,19.4,3.78,10.45,0.0,0.27,-1.01,14.66
2001-07-16,19.36,2.39,9.81,0.0,0.27,-2.64,14.62
2001-07-17,17.72,3.66,9.31,0.0,0.27,0.05,14.1
2001-07-18,18.6,3.27,10.01,0.0,0.27,-0.3,14.19
2001-07-19,20.26,4.33,11.28,0.0,0.27,1.98,14.46
2001-07-20,19.87,6.56,12.36,0.0,0.27,3.54,9.01
2001-07-21,20.95,6.87,13.06,0.0,0.27,6.04,13.21
2001-07-22,21.66,4.98,12.4,0.0,0.27,3.37,15.1
2001-07-23,21.88,5.13,12.63,0.0,0.27,2.46,15.01
2001-07-24,21.63,6.21,12.72,0.0,0.26,0.72,14.36
2001-07-25,22.98,5.94,13.39,0.0,0.26,-1.88,15.61
2001-07-26,23.93,6.37,13.97,0.0,0.26,-1.98,15.45
2001-07-27,20.32,7.06,13.83,1.25,0.26,-1.22,5.77
2001-07-28,24.12,13.47,17.76,11.71,0.28,12.93,4.64
2001-07-29,26.64,16.2,20.02,0.62,0.28,14.6,8.49
2001-07-30,18.43,10.31,15.72,16.21,0.3,13.53,4.02
2001-07-31,16.08,6.88,10.66,0.08,0.31,3.92,15.86
2001-08-01,17.76,4.17,9.98,0.0,0.3,0.7,16.38
2001-08-02,21.21,4.62,11.88,0.0,0.3,3.36,16.31
2001-08-03,19.79,7.74,13.52,1.17,0.3,9.18,13.01
2001-08-04,18.71,7.67,12.27,0.17,0.3,6.21,15.6
2001-08-05,20.49,4.61,11.73,0.0,0.3,2.75,16.14
2001-08-06,17.99,5.74,10.93,1.1,0.3,6.36,11.41
2001-08-07,18.87,4.71,10.74,0.0,0.29,4.25,15.19
2001-08-08,21.24,4.71,11.66,0.0,0.29,4.69,16.93
2001-08-09,19.24,6.77,11.56,3.97,0.3,8.05,11.44
2001-08-10,20.06,5.3,11.35,0.01,0.3,4.16,17.65
2001-08-11,20.63,4.63,11.98,0.0,0.3,4.36,16.83
2001-08-12,26.0,5.1,13.92,0.0,0.29,3.74,17.72
2001-08-13,25.76,7.15,15.43,0.01,0.29,7.97,16.28
2001-08-14,25.8,12.07,17.82,3.3,0.29,11.95,4.45
2001-08-15,18.48,9.79,13.87,10.91,0.32,9.24,11.3
2001-08-16,16.94,4.45,10.06,0.0,0.31,0.63,18.13
2001-08-17,19.71,2.44,10.26,0.02,0.31,-0.83,18.82
2001-08-18,21.29,2.84,11.32,0.0,0.31,-0.41,18.86
2001-08-19,22.91,2.74,11.99,0.0,0.3,-0.58,18.9
2001-08-20,24.46,3.56,13.09,0.0,0.3,-0.92,19.07
2001-08-21,27.04,5.65,15.29,0.0,0.3,-1.4,19.28
2001-08-22,27.23,9.53,17.16,0.0,0.3,0.76,19.01
2001-08-23,26.27,9.17,17.29,0.34,0.3,4.13,17.29
2001-08-24,20.37,9.65,14.7,1.75,0.3,10.19,13.93
2001-08-25,18.74,5.21,11.25,0.0,0.3,1.02,20.34
2001-08-26,19.66,4.33,11.38,0.0,0.29,-0.97,20.27
2001-08-27,22.14,3.72,12.22,0.0,0.29,-3.49,20.34
2001-08-28,24.73,4.46,14.15,0.0,0.29,-3.26,20.45
2001-08-29,21.94,8.24,13.96,0.65,0.29,3.32,11.22
2001-08-30,17.0,5.79,10.18,0.08,0.29,2.99,20.78
2001-08-31,18.36,5.78,11.06,0.04,0.29,5.38,14.24
2001-09-01,20.73,5.12,12.19,0.0,0.29,6.48,15.26
2001-09-02,20.91,8.3,13.76,0.03,0.29,7.36,14.12
2001-09-03,22.18,6.78,13.7,0.0,0.29,5.72,18.7
2001-09-04,25.21,6.75,14.69,0.0,0.29,4.15,20.81
2001-09-05,22.46,7.02,13.91,0.9,0.28,8.13,18.3
2001-09-06,17.78,6.92,12.37,2.26,0.29,8.05,13.66
2001-09-07,19.47,4.54,11.19,0.05,0.29,4.48,17.74
2001-09-08,22.92,5.19,13.21,0.0,0.29,5.14,21.38
2001-09-09,19.49,5.57,11.25,3.61,0.29,7.28,13.49
2001-09-10,17.47,4.29,9.92,0.03,0.29,2.41,19.1
2001-09-11,21.9,3.47,12.1,0.0,0.29,-0.36,21.85
2001-09-12,23.97,5.03,13.63,0.0,0.29,4.14,21.91
2001-09-13,24.6,7.9,14.9,0.0,0.28,6.64,22.1
2001-09-14,27.86,7.55,16.08,0.0,0.28,5.74,22.83
2001-09-15,25.09,7.57,15.53,0.0,0.28,8.44,20.73
2001-09-16,26.85,7.73,16.57,0.0,0.28,5.91,22.59
2001-09-17,34.5,9.08,20.23,0.0,0.28,4.22,22.65
2001-09-18,24.96,10.57,16.69,0.01,0.28,8.71,22.34
2001-09-19,26.34,10.75,17.91,0.0,0.28,8.3,21.62
2001-09-20,29.19,13.32,20.19,0.0,0.27,7.21,20.95
2001-09-21,28.68,11.89,19.23,0.0,0.27,8.42,22.62
2001-09-22,21.12,8.84,15.24,4.12,0.28,10.54,11.02
2001-09-23,20.87,7.88,13.48,0.1,0.28,5.72,19.18
2001-09-24,23.87,6.41,14.55,0.0,0.28,2.77,23.78
2001-09-25,30.18,9.29,19.27,0.0,0.27,0.84,23.0
2001-09-26,31.7,13.93,21.07,0.0,0.27,6.84,20.94
2001-09-27,27.24,12.21,18.66,0.0,0.27,11.69,18.72
2001-09-28,24.55,9.32,15.36,13.65,0.28,10.05,8.12
2001-09-29,16.48,8.6,12.06,6.22,0.3,7.3,20.78
2001-09-30,19.4,7.77,13.11,0.62,0.3,6.82,17.7
2001-10-01,22.88,6.31,14.39,0.0,0.3,4.92,22.78
2001-10-02,26.25,7.85,16.85,0.0,0.29,2.33,25.75
2001-10-03,29.38,8.28,18.65,0.0,0.29,2.24,26.43
2001-10-04,33.41,10.23,21.68,0.0,0.29,3.43,25.63
2001-10-05,28.47,14.54,20.17,7.79,0.29,8.87,8.7
2001-10-06,22.42,13.86,17.31,0.46,0.3,11.01,15.45
2001-10-07,25.66,10.38,17.8,0.0,0.29,9.11,22.08
2001-10-08,27.18,12.34,18.77,0.0,0.29,9.69,22.07
2001-10-09,22.4,9.8,15.61,0.0,0.29,6.46,22.03
2001-10-10,22.7,6.56,14.26,0.0,0.29,1.33,27.54
2001-10-11,27.31,6.62,16.63,0.0,0.29,1.42,27.42
2001-10-12,24.01,9.8,15.97,0.0,0.28,5.67,21.59
2001-10-13,26.3,6.05,16.11,0.0,0.28,-0.21,27.61
2001-10-14,30.48,7.92,18.27,0.0,0.28,1.55,27.56
2001-10-15,22.88,9.5,16.01,0.07,0.28,6.99,22.08
2001-10-16,26.33,9.05,17.28,0.0,0.28,4.24,28.01
2001-10-17,30.15,10.0,20.32,0.0,0.28,3.76,27.78
2001-10-18,32.35,13.75,22.64,8.25,0.27,6.49,20.26
2001-10-19,27.36,15.79,20.89,6.23,0.29,13.0,19.49
2001-10-20,26.47,12.53,18.86,1.13,0.29,11.96,22.36
2001-10-21,18.72,10.73,14.15,1.68,0.29,5.66,23.6
2001-10-22,21.76,9.04,14.49,0.67,0.29,6.33,20.08
2001-10-23,23.68,6.74,14.83,0.0,0.29,2.67,29.4
2001-10-24,26.38,7.62,17.16,0.0,0.29,1.54,27.71
2001-10-25,29.53,9.23,19.56,0.0,0.28,-1.04,30.21
2001-10-26,33.31,10.3,20.8,0.0,0.28,0.08,29.2
2001-10-27,26.82,10.06,17.92,0.0,0.28,3.95,29.61
2001-10-28,31.42,9.72,20.66,0.02,0.28,-0.73,29.93
2001-10-29,28.77,14.61,20.94,0.7,0.27,1.95,14.43
2001-10-30,26.44,14.21,19.3,0.08,0.27,6.51,18.98
2001-10-31,29.75,12.2,21.93,0.0,0.27,9.94,19.23
2001-11-01,32.41,14.51,24.1,0.0,0.27,9.55,29.33
2001-11-02,35.28,17.33,25.66,0.0,0.27,10.09,29.55
2001-11-03,29.22,14.1,20.53,0.0,0.27,10.2,28.99
2001-11-04,26.1,11.7,18.46,0.0,0.27,3.18,27.82
2001-11-05,29.89,8.93,19.87,0.0,0.26,2.34,31.39
2001-11-06,33.5,13.14,23.46,0.26,0.26,3.49,26.99
2001-11-07,30.36,16.81,22.65,0.33,0.26,7.4,18.77
2001-11-08,32.39,13.44,22.87,0.17,0.26,2.7,31.22
2001-11-09,32.89,15.43,24.21,0.0,0.26,4.08,31.36
2001-11-10,33.0,16.64,24.93,0.0,0.26,1.35,31.23
2001-11-11,33.82,16.82,25.36,0.0,0.26,1.16,31.43
2001-11-12,33.9,16.4,25.21,0.0,0.25,0.67,31.42
2001-11-13,36.68,17.63,27.59,0.0,0.25,1.96,30.73
2001-11-14,33.91,17.68,25.14,16.52,0.26,12.09,9.53
2001-11-15,29.87,16.71,22.64,4.44,0.29,15.5,15.93
2001-11-16,27.08,13.98,19.75,0.05,0.28,11.08,24.56
2001-11-17,29.81,12.3,21.49,0.0,0.28,9.04,26.05
2001-11-18,36.12,16.53,25.74,1.06,0.27,9.12,27.84
2001-11-19,28.73,16.1,21.76,0.05,0.27,12.93,29.05
2001-11-20,29.49,13.11,21.16,0.0,0.27,9.07,29.29
2001-11-21,30.52,12.86,21.1,0.0,0.27,8.06,32.41
2001-11-22,27.35,10.68,18.61,0.0,0.27,3.62,32.36
2001-11-23,25.87,9.58,17.51,0.0,0.26,3.99,33.23
2001-11-24,27.06,9.21,18.5,0.0,0.26,5.09,28.61
2001-11-25,31.93,11.2,22.29,0.0,0.26,2.78,32.89
2001-11-26,36.82,15.82,26.97,0.0,0.26,2.07,32.63
2001-11-27,39.32,18.79,28.7,0.0,0.26,3.85,32.54
2001-11-28,38.47,16.51,27.62,0.0,0.26,7.49,33.01
2001-11-29,41.49,18.61,29.42,0.0,0.25,5.81,32.34
2001-11-30,29.89,17.12,22.58,0.0,0.25,12.5,25.38
2001-12-01,26.79,14.96,20.35,0.0,0.25,8.88,20.28
2001-12-02,30.77,13.2,22.09,0.0,0.25,5.42,28.34
2001-12-03,30.7,14.53,21.75,0.0,0.25,8.65,32.63
2001-12-04,28.02,14.4,19.83,0.01,0.25,10.04,29.09
2001-12-05,27.81,13.33,19.77,0.0,0.25,8.73,27.98
2001-12-06,29.94,12.66,21.67,0.0,0.25,7.86,29.94
2001-12-07,32.49,15.47,24.26,0.0,0.25,5.06,32.98
2001-12-08,34.97,18.06,26.75,0.0,0.24,6.42,31.92
2001-12-09,33.08,18.36,26.03,0.0,0.24,8.02,32.09
2001-12-10,33.1,17.98,25.78,0.0,0.24,5.9,33.06
2001-12-11,33.04,18.82,25.41,0.45,0.24,7.45,21.01
2001-12-12,33.91,17.65,25.97,1.15,0.24,7.93,32.02
2001-12-13,32.88,18.7,25.74,0.01,0.24,7.46,33.66
2001-12-14,32.74,17.16,24.79,0.0,0.24,4.76,34.0
2001-12-15,34.37,18.76,26.99,0.0,0.24,9.51,30.93
2001-12-16,37.13,20.56,28.67,0.0,0.24,10.04,30.99
2001-12-17,37.97,18.32,27.24,0.0,0.24,8.66,32.91
2001-12-18,35.58,15.17,24.43,0.0,0.23,8.42,33.47
2001-12-19,32.23,16.49,23.82,0.0,0.23,10.38,30.89
2001-12-20,33.49,13.76,23.1,0.0,0.23,5.51,33.67
2001-12-21,36.37,13.53,25.31,0.0,0.23,5.19,34.02
2001-12-22,39.86,17.92,29.33,0.0,0.23,5.44,30.82
2001-12-23,39.0,20.34,29.36,0.0,0.23,5.27,31.2
2001-12-24,37.48,18.21,27.35,0.0,0.23,6.12,33.07
2001-12-25,35.53,16.06,26.33,0.0,0.23,6.03,33.58
2001-12-26,36.31,19.45,28.26,0.0,0.23,5.1,25.46
2001-12-27,38.25,18.21,27.9,0.0,0.23,7.85,32.49
2001-12-28,31.26,14.77,22.03,0.0,0.23,8.72,33.59
2001-12-29,30.96,15.71,22.79,0.0,0.23,7.15,32.39
2001-12-30,34.99,14.93,25.54,0.0,0.22,4.89,33.61
2001-12-31,36.19,16.61,27.23,0.05,0.22,2.38,31.78
2002-01-01,37.67,20.84,28.92,1.85,0.22,7.0,29.44
2002-01-02,36.68,19.73,28.81,0.33,0.22,10.98,31.33
2002-01-03,37.28,21.79,29.92,0.24,0.22,8.76,31.98
2002-01-04,38.36,19.46,28.03,0.0,0.22,6.3,32.5
2002-01-05,31.18,16.14,22.69,0.0,0.22,6.21,33.65
2002-01-06,33.34,14.35,23.33,0.0,0.22,-2.24,34.67
2002-01-07,39.03,17.14,28.46,0.0,0.22,-5.74,34.7
2002-01-08,40.2,19.82,28.89,0.0,0.22,1.22,33.5
2002-01-09,32.97,15.31,22.83,0.0,0.22,10.15,32.69
2002-01-10,30.86,15.79,22.66,0.0,0.22,9.15,28.83
2002-01-11,34.91,13.54,24.93,0.0,0.22,4.58,32.88
2002-01-12,37.54,19.43,29.01,0.0,0.22,4.85,31.05
2002-01-13,40.47,22.84,32.04,0.08,0.22,6.06,25.39
2002-01-14,39.04,22.62,30.72,0.0,0.21,12.42,30.39
2002-01-15,34.49,19.03,26.95,0.0,0.21,11.98,27.29
2002-01-16,39.39,22.35,30.3,0.0,0.21,10.64,26.5
2002-01-17,39.78,20.52,29.0,0.0,0.21,13.03,31.03
2002-01-18,38.65,18.87,27.19,0.0,0.21,13.11,31.45
2002-01-19,36.13,17.07,26.3,0.0,0.21,9.94,32.4
2002-01-20,35.49,19.52,26.93,0.0,0.21,5.98,32.92
2002-01-21,37.72,19.7,28.71,0.0,0.21,5.83,31.87
2002-01-22,42.2,20.53,31.42,0.0,0.21,3.99,31.87
2002-01-23,36.75,18.9,26.81,0.0,0.21,10.31,31.9
2002-01-24,36.73,16.33,26.07,0.0,0.21,8.25,32.77
2002-01-25,38.11,16.76,27.68,0.0,0.21,7.85,32.0
2002-01-26,37.95,19.01,28.66,0.01,0.21,7.03,29.93
2002-01-27,38.24,20.51,29.62,0.0,0.21,6.12,28.24
2002-01-28,33.8,24.48,28.96,4.04,0.21,11.79,20.6
2002-01-29,32.57,21.55,26.48,4.12,0.22,17.01,17.01
2002-01-30,35.46,20.17,28.33,1.57,0.22,15.9,26.16
2002-01-31,40.38,24.23,31.85,0.84,0.22,13.43,25.25
2002-02-01,40.31,22.9,31.32,0.1,0.22,14.95,30.37
2002-02-02,36.13,22.18,28.58,0.21,0.22,15.04,29.99
2002-02-03,31.14,20.71,26.07,0.77,0.22,14.17,28.47
2002-02-04,38.46,23.37,30.55,0.25,0.22,11.72,26.55
2002-02-05,39.03,23.39,31.3,0.0,0.21,7.14,25.42
2002-02-06,37.81,22.1,30.21,0.02,0.21,4.15,31.0
2002-02-07,35.87,20.79,28.39,0.0,0.21,5.15,31.1
2002-02-08,34.63,20.14,27.68,0.0,0.21,8.45,30.87
2002-02-09,34.88,19.84,27.42,0.0,0.21,6.25,30.26
2002-02-10,36.14,20.48,28.33,0.0,0.21,7.02,30.53
2002-02-11,38.42,21.53,29.99,0.0,0.21,7.39,28.91
2002-02-12,39.42,21.72,30.02,0.46,0.21,10.82,24.75
2002-02-13,32.51,17.11,23.92,0.0,0.21,9.95,29.81
2002-02-14,30.42,15.16,21.88,0.0,0.21,9.87,30.06
2002-02-15,29.32,13.75,21.28,0.0,0.21,4.55,30.13
2002-02-16,33.28,13.76,23.83,0.0,0.21,3.74,29.73
2002-02-17,38.7,15.2,27.06,0.0,0.21,4.12,30.25
2002-02-18,34.99,16.25,24.5,0.0,0.21,9.65,29.47
2002-02-19,32.33,17.44,23.5,0.0,0.21,6.16,29.97
2002-02-20,33.19,13.86,23.38,0.0,0.21,0.38,30.23
2002-02-21,35.63,16.08,25.85,0.0,0.21,-0.58,29.93
2002-02-22,35.94,18.27,27.01,0.0,0.21,0.7,29.55
2002-02-23,37.94,20.06,28.87,0.0,0.21,1.27,29.57
2002-02-24,39.13,20.17,29.75,0.0,0.2,2.19,29.11
2002-02-25,40.74,19.57,30.6,0.0,0.2,-0.1,28.95
2002-02-26,40.86,22.25,31.67,0.0,0.2,6.3,25.93
2002-02-27,38.85,24.48,30.93,0.0,0.2,11.56,27.3
2002-02-28,35.64,20.16,27.44,0.0,0.2,10.83,27.77
2002-03-01,32.78,19.57,25.86,0.0,0.2,10.49,27.64
2002-03-02,31.29,20.11,25.73,0.79,0.2,11.94,19.87
2002-03-03,34.33,22.58,27.3,6.23,0.21,15.32,22.64
2002-03-04,35.51,20.85,27.53,0.45,0.22,13.39,26.65
2002-03-05,34.92,17.53,25.93,0.0,0.21,11.03,27.11
2002-03-06,37.04,20.59,28.53,0.0,0.21,8.85,27.1
2002-03-07,38.15,22.68,30.09,0.0,0.21,8.68,26.41
2002-03-08,39.44,21.68,31.0,2.39,0.21,7.53,22.55
2002-03-09,37.12,19.43,28.7,1.61,0.21,14.24,23.74
2002-03-10,28.38,17.25,21.55,0.0,0.21,5.84,26.0
2002-03-11,33.19,14.33,23.51,0.0,0.21,3.02,26.3
2002-03-12,38.74,17.7,27.57,0.0,0.21,6.86,26.47
2002-03-13,37.36,17.87,27.36,0.0,0.21,13.39,25.14
2002-03-14,40.75,21.73,30.83,0.0,0.21,12.11,23.25
2002-03-15,39.14,24.77,31.39,0.0,0.21,8.71,20.79
2002-03-16,37.25,19.15,27.24,0.0,0.21,13.66,24.01
2002-03-17,30.07,15.43,21.73,0.0,0.21,9.39,25.42
2002-03-18,29.88,14.82,21.89,0.0,0.21,7.13,25.2
2002-03-19,36.99,14.65,25.54,0.0,0.21,3.04,24.95
2002-03-20,40.76,17.19,28.69,2.12,0.21,5.86,23.8
2002-03-21,38.9,20.61,28.7,0.48,0.21,14.11,23.25
2002-03-22,31.96,17.39,23.81,0.01,0.21,11.92,23.22
2002-03-23,29.3,14.0,21.31,0.0,0.21,8.0,24.53
2002-03-24,32.48,14.86,23.51,0.0,0.21,3.34,23.78
2002-03-25,34.39,16.08,24.93,0.0,0.21,2.21,23.76
2002-03-26,33.15,17.73,25.23,0.0,0.21,5.69,23.56
2002-03-27,32.08,18.09,25.02,0.0,0.21,8.07,22.15
2002-03-28,33.2,18.11,25.45,0.0,0.21,6.39,23.1
2002-03-29,36.21,20.57,28.24,0.0,0.21,7.43,21.96
2002-03-30,32.74,20.79,25.56,0.02,0.2,9.95,19.63
2002-03-31,32.74,18.24,25.36,0.07,0.2,11.45,19.69
2002-04-01,33.83,17.61,25.22,0.0,0.2,11.92,21.45
2002-04-02,33.38,15.84,23.91,0.0,0.2,9.92,21.79
2002-04-03,28.72,14.43,21.03,0.0,0.2,5.03,22.06
2002-04-04,26.44,12.2,18.97,0.0,0.2,1.39,22.74
2002-04-05,27.55,12.06,19.34,0.0,0.2,1.04,22.15
2002-04-06,31.46,12.85,21.84,0.0,0.2,-1.45,22.43
2002-04-07,32.56,16.17,24.08,0.0,0.2,5.37,20.27
2002-04-08,29.52,16.18,21.33,0.0,0.2,12.11,19.13
2002-04-09,28.64,13.15,20.31,0.0,0.2,9.48,20.43
2002-04-10,32.78,12.97,22.11,0.0,0.2,5.76,20.99
2002-04-11,29.48,14.79,20.8,0.0,0.2,7.34,18.16
2002-04-12,33.0,13.43,23.17,0.0,0.2,4.35,20.92
2002-04-13,37.56,18.24,27.29,0.02,0.2,6.74,17.08
2002-04-14,37.28,20.47,28.18,0.0,0.2,10.29,19.53
2002-04-15,35.76,19.72,26.53,3.31,0.2,15.29,18.35
2002-04-16,26.51,16.6,21.81,3.85,0.21,14.72,8.58
2002-04-17,23.66,15.91,19.13,2.89,0.22,13.63,15.97
2002-04-18,25.16,14.39,18.86,0.75,0.22,11.28,13.59
2002-04-19,27.75,12.37,19.72,0.02,0.22,8.44,16.49
2002-04-20,31.73,14.93,21.91,0.08,0.22,8.03,15.3
2002-04-21,27.34,16.09,20.79,0.01,0.22,14.17,15.76
2002-04-22,27.25,14.83,19.97,0.24,0.22,13.01,17.03
2002-04-23,25.68,16.04,20.12,1.79,0.22,13.26,9.51
2002-04-24,26.42,14.31,19.76,0.03,0.22,10.16,16.92
2002-04-25,28.84,13.36,20.25,0.0,0.22,9.24,17.28
2002-04-26,28.86,14.97,21.2,0.0,0.22,12.54,16.34
2002-04-27,24.39,14.07,18.54,0.0,0.21,9.64,13.72
2002-04-28,23.18,12.3,17.94,0.0,0.21,10.83,13.11
2002-04-29,30.5,13.83,20.97,1.78,0.22,11.72,15.12
2002-04-30,30.83,17.38,23.01,0.94,0.22,10.37,12.86
2002-05-01,34.18,17.88,24.71,0.0,0.22,7.88,16.29
2002-05-02,31.13,19.75,24.42,0.19,0.22,9.59,7.56
2002-05-03,28.1,16.57,21.85,0.59,0.22,15.09,10.86
2002-05-04,29.68,14.17,21.15,0.01,0.22,12.03,15.95
2002-05-05,33.61,18.39,25.27,0.0,0.22,7.21,12.36
2002-05-06,27.18,15.73,21.71,5.66,0.22,13.44,6.55
2002-05-07,24.5,12.61,18.28,0.22,0.22,11.14,13.41
2002-05-08,22.49,13.56,17.54,0.67,0.22,12.21,8.7
2002-05-09,26.68,11.76,18.08,0.0,0.22,9.73,16.13
2002-05-10,25.88,13.33,18.99,0.1,0.22,12.17,14.53
2002-05-11,22.56,11.64,17.67,3.86,0.23,10.82,12.59
2002-05-12,21.56,9.82,14.82,0.0,0.23,7.25,15.06
2002-05-13,24.78,9.69,16.15,0.0,0.23,5.09,15.67
2002-05-14,23.19,12.67,17.44,0.02,0.23,11.61,9.02
2002-05-15,22.08,12.85,17.05,0.04,0.22,11.8,10.17
2002-05-16,22.85,14.56,18.21,0.07,0.22,11.62,10.57
2002-05-17,25.2,14.15,18.17,1.26,0.23,11.4,7.62
2002-05-18,24.82,9.4,16.32,0.0,0.23,3.69,15.34
2002-05-19,27.12,9.8,17.78,0.0,0.22,4.77,14.74
2002-05-20,25.56,12.24,18.68,3.39,0.23,9.74,7.06
2002-05-21,21.51,9.02,14.27,0.38,0.23,7.58,14.71
2002-05-22,21.38,6.58,13.48,0.0,0.23,3.8,15.11
2002-05-23,26.21,8.08,16.61,0.01,0.23,3.65,14.98
2002-05-24,25.73,12.77,18.25,0.03,0.23,9.92,13.86
2002-05-25,28.73,10.89,19.09,0.0,0.23,8.96,14.31
2002-05-26,27.71,16.32,20.56,0.0,0.23,5.24,13.79
2002-05-27,28.08,12.53,19.63,0.01,0.23,3.73,13.49
2002-05-28,27.57,12.84,19.2,0.0,0.22,1.28,13.56
2002-05-29,26.91,10.64,17.61,0.0,0.22,-1.69,14.4
2002-05-30,25.78,8.54,15.94,0.0,0.22,-3.69,14.19
2002-05-31,25.52,9.13,16.13,0.0,0.22,-1.32,14.58
2002-06-01,25.77,10.72,17.28,0.0,0.22,-1.07,9.16
2002-06-02,22.8,11.89,16.9,1.4,0.22,3.54,5.02
2002-06-03,22.12,12.84,16.2,2.62,0.23,6.01,4.98
2002-06-04,15.31,8.56,12.67,8.16,0.24,9.4,6.94
2002-06-05,17.38,8.55,12.32,0.84,0.25,7.98,12.11
2002-06-06,17.83,8.74,12.9,0.56,0.24,8.27,10.57
2002-06-07,18.79,6.93,11.73,0.05,0.24,6.48,9.29
2002-06-08,18.6,4.73,10.69,0.0,0.24,2.58,13.91
2002-06-09,21.5,4.7,11.64,0.0,0.24,-1.06,14.04
2002-06-10,25.42,7.3,14.57,0.0,0.24,1.92,13.31
2002-06-11,23.04,10.68,15.49,0.0,0.24,11.69,8.79
2002-06-12,22.13,10.1,16.0,1.15,0.24,9.91,7.51
2002-06-13,20.28,12.82,16.53,4.44,0.25,13.04,3.57
2002-06-14,18.07,11.56,14.48,0.51,0.25,8.43,10.54
2002-06-15,18.43,8.11,12.85,0.08,0.25,6.09,10.96
2002-06-16,19.64,5.07,11.63,0.0,0.25,2.57,11.92
2002-06-17,24.48,7.09,14.24,0.0,0.24,-1.01,13.25
2002-06-18,24.51,8.63,15.36,5.34,0.25,6.66,9.14
2002-06-19,19.44,8.41,13.16,0.07,0.25,7.34,11.52
2002-06-20,22.21,6.1,13.0,0.0,0.25,4.1,12.92
2002-06-21,20.2,9.44,13.2,0.11,0.25,4.94,6.56
2002-06-22,20.56,6.75,12.74,0.0,0.25,6.79,13.28
2002-06-23,23.04,5.26,12.51,0.0,0.25,2.94,13.5
2002-06-24,20.64,5.72,11.93,0.0,0.25,6.97,12.16
2002-06-25,22.53,6.13,12.96,0.0,0.25,4.57,13.76
2002-06-26,19.33,7.66,13.13,0.26,0.25,8.77,10.05
2002-06-27,23.37,7.85,14.52,0.01,0.25,4.13,12.16
2002-06-28,24.61,7.38,14.36,0.0,0.25,-3.41,13.44
2002-06-29,19.45,8.91,12.9,2.12,0.25,4.04,6.38
2002-06-30,24.43,7.05,14.89,0.32,0.25,7.62,12.69
2002-07-01,19.54,11.98,14.82,0.45,0.25,8.62,12.17
2002-07-02,19.93,7.48,12.89,0.05,0.25,6.42,13.72
2002-07-03,20.26,5.12,11.98,0.0,0.25,3.97,13.08
2002-07-04,21.11,5.24,13.19,0.34,0.25,5.42,12.86
2002-07-05,19.43,8.33,13.25,1.61,0.25,5.39,13.88
2002-07-06,24.32,6.06,13.53,0.0,0.25,1.13,13.63
2002-07-07,19.81,10.38,14.1,3.15,0.25,11.98,8.91
2002-07-08,18.7,9.12,13.16,1.03,0.26,8.43,9.48
2002-07-09,20.43,5.58,12.16,0.0,0.26,6.08,10.14
2002-07-10,18.66,8.14,13.58,2.39,0.26,9.65,11.5
2002-07-11,17.97,10.83,13.66,0.52,0.26,7.59,10.97
2002-07-12,15.94,5.53,11.93,3.1,0.26,6.11,11.16
2002-07-13,16.26,5.2,9.87,0.13,0.26,3.94,10.21
2002-07-14,18.41,4.6,11.4,0.35,0.26,6.66,11.29
2002-07-15,20.44,9.31,13.52,0.41,0.26,7.93,11.36
2002-07-16,22.8,6.01,13.16,0.0,0.26,2.97,14.61
2002-07-17,25.35,7.0,14.48,0.0,0.26,-3.63,14.9
2002-07-18,20.01,8.46,13.95,0.14,0.26,-0.71,5.23
2002-07-19,21.16,12.33,16.03,0.0,0.26,5.42,8.37
2002-07-20,21.85,10.49,14.9,5.71,0.26,2.38,5.83
2002-07-21,23.22,12.29,16.5,4.87,0.27,11.35,6.43
2002-07-22,22.89,10.67,15.48,0.52,0.27,10.39,12.33
2002-07-23,23.94,8.14,14.86,0.0,0.27,8.56,13.18
2002-07-24,19.93,7.91,13.24,3.31,0.27,10.47,5.79
2002-07-25,18.17,6.75,11.72,0.21,0.27,6.13,12.43
2002-07-26,19.01,9.41,12.99,0.34,0.27,7.78,11.75
2002-07-27,17.61,5.56,11.99,0.22,0.27,5.77,11.58
2002-07-28,19.05,1.54,8.96,0.0,0.27,-5.29,16.25
2002-07-29,23.17,2.71,11.88,0.03,0.27,-5.75,16.01
2002-07-30,20.04,9.45,13.98,2.42,0.27,6.97,9.8
2002-07-31,20.72,6.9,12.85,0.02,0.27,8.09,13.33
2002-08-01,17.29,7.03,11.57,0.16,0.27,7.28,12.8
2002-08-02,18.68,5.44,11.22,0.02,0.27,6.39,9.98
2002-08-03,22.64,4.86,12.97,0.01,0.27,4.55,14.49
2002-08-04,19.19,9.48,13.12,4.16,0.27,9.6,10.9
2002-08-05,17.61,5.52,11.07,0.1,0.27,4.87,14.65
2002-08-06,20.56,3.73,11.64,0.0,0.27,4.14,16.66
2002-08-07,26.35,4.28,14.06,0.0,0.27,-0.22,16.92
2002-08-08,24.16,7.89,16.13,1.37,0.27,6.69,5.29
2002-08-09,16.7,10.86,14.55,10.41,0.28,12.58,4.62
2002-08-10,16.46,5.97,11.08,0.26,0.29,4.73,16.03
2002-08-11,17.2,4.08,9.4,0.02,0.29,1.07,17.35
2002-08-12,19.47,1.83,9.72,0.0,0.28,-4.02,17.95
2002-08-13,20.53,1.9,10.43,0.03,0.28,-3.93,18.32
2002-08-14,24.41,3.48,12.27,0.16,0.28,-2.8,18.26
2002-08-15,14.63,7.76,10.7,2.14,0.28,7.27,10.63
2002-08-16,18.84,7.43,11.49,0.04,0.28,3.52,17.15
2002-08-17,20.85,4.25,11.69,0.0,0.28,1.06,17.93
2002-08-18,22.28,4.54,12.4,0.02,0.28,-3.0,18.74
2002-08-19,24.5,3.74,13.15,0.0,0.28,-4.8,18.72
2002-08-20,23.77,4.16,13.06,0.0,0.28,1.04,18.6
2002-08-21,24.13,4.45,13.53,0.0,0.27,2.49,18.9
2002-08-22,23.14,5.52,13.4,0.0,0.27,4.02,19.01
2002-08-23,22.6,5.12,12.63,0.0,0.27,1.3,19.12
2002-08-24,28.0,5.08,15.94,0.54,0.27,0.83,19.5
2002-08-25,21.16,9.42,14.82,1.55,0.27,9.59,14.31
2002-08-26,19.08,8.53,13.32,1.25,0.27,9.46,14.35
2002-08-27,19.6,5.52,12.57,0.03,0.27,3.45,18.1
2002-08-28,24.27,4.62,13.7,0.0,0.27,1.61,19.71
2002-08-29,21.8,6.3,13.31,0.14,0.27,8.73,16.38
2002-08-30,20.68,7.61,13.38,0.1,0.27,6.27,15.36
2002-08-31,22.52,8.59,15.37,0.36,0.27,7.6,18.04
2002-09-01,20.03,8.5,14.04,5.73,0.27,9.69,13.97
2002-09-02,18.43,7.99,12.69,0.4,0.28,6.49,15.09
2002-09-03,20.92,9.88,14.4,0.74,0.28,8.76,15.65
2002-09-04,20.9,9.28,14.08,0.13,0.28,7.6,13.08
2002-09-05,20.69,7.26,13.06,0.02,0.28,6.1,15.42
2002-09-06,22.68,6.27,13.81,0.0,0.27,5.83,19.23
2002-09-07,24.91,7.61,15.18,0.0,0.27,4.66,21.68
2002-09-08,25.99,7.82,15.58,0.0,0.27,4.59,21.7
2002-09-09,27.68,7.36,16.52,0.0,0.27,2.36,22.44
2002-09-10,30.33,9.57,19.48,0.01,0.27,1.54,20.84
2002-09-11,24.55,9.75,16.21,0.0,0.27,7.61,21.66
2002-09-12,23.76,6.74,14.16,0.0,0.27,5.38,22.8
2002-09-13,25.68,7.29,15.6,0.0,0.27,5.6,22.71
2002-09-14,22.12,8.51,14.89,5.34,0.26,8.5,17.61
2002-09-15,16.77,6.42,11.59,0.31,0.27,3.46,18.46
2002-09-16,19.8,2.87,10.84,0.0,0.27,-1.09,23.33
2002-09-17,25.74,5.55,15.1,0.22,0.27,0.38,23.46
2002-09-18,29.96,7.83,19.74,0.07,0.27,-0.51,23.83
2002-09-19,29.84,11.57,19.75,0.0,0.27,2.49,23.97
2002-09-20,26.22,11.1,17.33,0.0,0.26,9.24,21.12
2002-09-21,25.11,9.3,15.97,0.0,0.26,6.94,24.27
2002-09-22,23.42,8.11,15.04,0.18,0.26,9.17,17.38
2002-09-23,21.68,7.42,13.88,0.03,0.26,5.56,20.07
2002-09-24,21.24,8.99,14.24,0.0,0.26,4.3,18.2
2002-09-25,22.48,4.81,13.08,0.0,0.26,1.65,24.59
2002-09-26,23.46,6.07,14.4,0.15,0.26,4.32,24.05
2002-09-27,25.31,7.78,15.87,0.01,0.26,0.86,25.22
2002-09-28,27.41,8.57,17.41,0.0,0.26,-4.28,25.93
2002-09-29,30.63,9.61,19.63,0.0,0.26,-4.19,25.32
2002-09-30,35.56,12.04,22.37,0.0,0.25,-0.84,23.37
2002-10-01,22.65,9.83,15.05,0.0,0.25,4.96,23.96
2002-10-02,22.39,6.55,13.87,0.0,0.25,-2.29,25.94
2002-10-03,26.54,7.03,16.46,0.0,0.25,-4.49,25.79
2002-10-04,27.85,10.38,17.6,0.0,0.25,1.14,25.25
2002-10-05,17.88,9.28,12.55,6.9,0.26,7.6,12.63
2002-10-06,19.01,8.41,13.15,0.75,0.26,5.89,18.01
2002-10-07,21.87,9.47,14.63,0.37,0.26,5.8,17.81
2002-10-08,24.04,5.63,14.59,0.0,0.26,2.49,27.05
2002-10-09,29.86,6.49,17.67,0.0,0.26,1.67,27.52
2002-10-10,26.05,8.26,16.25,0.0,0.25,6.18,26.92
2002-10-11,25.64,10.14,16.36,0.0,0.25,7.02,25.4
2002-10-12,26.45,7.37,16.49,0.0,0.25,3.25,27.17
2002-10-13,31.96,9.35,20.45,0.0,0.25,0.2,24.04
2002-10-14,32.02,9.39,19.97,0.0,0.25,5.74,26.91
2002-10-15,28.27,9.89,18.16,0.0,0.25,8.81,27.85
2002-10-16,30.64,10.49,19.93,0.0,0.25,9.84,27.68
2002-10-17,28.46,12.73,19.1,1.32,0.25,11.86,23.23
2002-10-18,25.71,8.69,17.04,0.0,0.25,5.8,27.66
2002-10-19,32.09,9.17,19.97,0.03,0.25,4.78,26.87
2002-10-20,32.66,10.66,20.6,0.01,0.25,5.59,27.56
2002-10-21,33.32,10.2,21.29,0.0,0.24,6.6,28.09
2002-10-22,37.63,12.41,24.83,0.0,0.24,6.5,28.45
2002-10-23,29.78,13.37,21.07,0.1,0.24,9.83,23.52
2002-10-24,29.57,11.66,19.82,0.05,0.24,7.84,28.88
2002-10-25,33.75,11.91,22.98,0.0,0.24,5.12,29.45
2002-10-26,33.81,13.05,23.03,0.0,0.24,8.01,25.27
2002-10-27,29.58,15.0,20.83,0.08,0.24,11.9,16.11
2002-10-28,27.87,13.91,19.49,0.05,0.24,9.72,25.39
2002-10-29,30.21,9.68,19.65,0.0,0.24,5.26,29.9
2002-10-30,34.05,11.65,22.58,0.0,0.24,3.96,30.07
2002-10-31,26.86,13.12,18.67,0.21,0.24,9.73,24.83
2002-11-01,22.43,10.25,15.98,1.37,0.24,3.52,25.4
2002-11-02,26.1,7.78,17.05,0.0,0.24,4.02,29.87
2002-11-03,32.5,10.02,21.45,0.0,0.24,2.1,30.43
2002-11-04,36.82,13.84,25.7,0.0,0.23,-1.03,30.8
2002-11-05,39.59,15.14,26.79,0.0,0.23,1.26,27.66
2002-11-06,32.99,14.98,22.55,0.0,0.23,8.23,30.26
2002-11-07,34.5,12.3,22.84,0.0,0.23,6.31,31.12
2002-11-08,38.52,13.25,26.2,0.02,0.23,4.97,30.96
2002-11-09,40.16,18.87,29.99,0.01,0.23,4.3,28.86
2002-11-10,39.21,17.19,27.52,0.0,0.23,9.04,28.97
2002-11-11,29.6,13.69,20.46,0.0,0.23,9.32,31.06
2002-11-12,31.17,11.8,20.91,0.0,0.23,0.26,31.75
2002-11-13,36.39,13.86,25.63,0.0,0.23,-4.69,32.48
2002-11-14,40.52,19.17,29.81,0.13,0.22,0.79,31.45
2002-11-15,36.15,15.79,26.04,0.0,0.22,8.96,29.31
2002-11-16,31.14,13.95,21.64,0.0,0.22,3.83,32.12
2002-11-17,35.75,12.18,24.27,0.0,0.22,2.44,32.49
2002-11-18,34.63,13.41,23.53,0.0,0.22,7.45,31.43
2002-11-19,33.44,14.67,24.05,0.0,0.22,6.17,31.76
2002-11-20,38.01,17.75,28.1,0.0,0.22,6.12,31.53
2002-11-21,40.82,22.57,30.44,0.0,0.22,5.9,29.79
2002-11-22,34.2,17.9,25.25,0.0,0.22,10.75,30.42
2002-11-23,32.54,16.63,24.19,0.0,0.22,9.91,27.92
2002-11-24,31.0,16.54,23.33,0.0,0.22,6.6,32.03
2002-11-25,30.59,13.18,22.44,0.0,0.22,5.18,30.59
2002-11-26,33.92,16.43,25.48,0.0,0.22,2.02,32.48
2002-11-27,38.23,19.07,28.74,0.09,0.22,4.59,28.02
2002-11-28,36.76,17.11,26.91,0.0,0.22,6.03,32.41
2002-11-29,39.03,17.03,28.44,0.0,0.21,4.32,32.4
2002-11-30,40.95,16.61,28.25,0.0,0.21,4.24,30.17
2002-12-01,29.2,13.93,20.62,0.0,0.21,6.0,32.38
2002-12-02,28.95,11.78,20.12,0.0,0.21,-0.41,33.86
2002-12-03,32.3,12.86,22.66,0.0,0.21,2.18,33.35
2002-12-04,34.09,15.09,25.39,0.0,0.21,3.92,30.7
2002-12-05,39.83,21.06,29.46,0.78,0.21,10.5,23.27
2002-12-06,38.23,19.74,28.8,0.24,0.21,11.45,31.57
2002-12-07,35.68,16.12,26.13,0.0,0.21,9.66,32.78
2002-12-08,34.6,19.13,26.11,0.0,0.21,4.34,33.66
2002-12-09,34.18,15.42,25.09,0.0,0.21,-0.1,34.1
2002-12-10,37.52,17.47,27.47,0.0,0.21,-2.43,34.17
2002-12-11,41.74,20.54,31.85,0.0,0.21,0.49,31.43
2002-12-12,40.06,20.91,30.25,0.0,0.21,6.92,28.23
2002-12-13,35.63,17.47,25.73,0.0,0.21,9.26,31.51
2002-12-14,32.68,15.56,23.76,0.0,0.21,8.81,32.66
2002-12-15,34.27,17.1,24.66,0.0,0.21,8.14,30.5
2002-12-16,35.2,15.99,25.49,0.0,0.21,8.8,27.1
2002-12-17,39.84,16.16,28.63,0.0,0.21,6.6,33.19
2002-12-18,43.46,23.08,33.33,0.0,0.21,4.03,33.17
2002-12-19,42.23,24.04,33.86,0.0,0.21,6.38,31.8
2002-12-20,44.74,26.05,34.72,0.0,0.21,7.62,32.34
2002-12-21,44.77,21.6,33.84,0.03,0.21,9.29,31.1
2002-12-22,44.49,26.31,34.23,15.83,0.21,14.79,27.24
2002-12-23,35.71,25.14,30.14,2.55,0.24,18.62,20.37
2002-12-24,36.01,25.61,30.68,0.0,0.23,15.63,24.59
2002-12-25,38.66,22.95,31.07,0.35,0.23,14.13,30.98
2002-12-26,37.86,23.46,30.08,8.15,0.23,15.63,22.95
2002-12-27,35.89,21.31,28.05,5.68,0.24,16.84,30.72
2002-12-28,33.64,18.95,25.16,0.01,0.24,13.04,31.53
2002-12-29,32.96,17.28,23.65,0.14,0.24,11.72,27.52
2002-12-30,29.65,14.23,21.75,0.0,0.23,3.51,34.37
2002-12-31,32.97,14.35,23.64,0.0,0.23,0.08,34.4
2003-01-01,38.12,16.6,27.93,0.0,0.23,-1.14,34.25
2003-01-02,41.91,19.3,31.62,0.0,0.23,1.76,33.7
2003-01-03,41.49,24.1,32.05,1.58,0.23,8.54,27.4
2003-01-04,37.7,20.13,28.19,0.0,0.23,12.86,32.72
2003-01-05,38.39,17.86,27.45,0.0,0.23,10.76,32.6
2003-01-06,41.14,19.53,31.1,0.0,0.22,8.83,32.72
2003-01-07,40.46,24.03,31.64,0.0,0.22,7.95,32.96
2003-01-08,41.44,22.52,32.32,0.0,0.22,6.86,32.71
2003-01-09,42.94,26.26,34.48,0.31,0.22,7.73,25.23
2003-01-10,40.87,21.43,30.39,0.0,0.22,11.66,29.11
2003-01-11,34.85,18.33,25.35,0.0,0.22,9.36,29.5
2003-01-12,30.72,17.25,22.88,0.0,0.22,7.66,31.07
2003-01-13,33.78,15.0,24.32,0.0,0.22,-4.56,34.6
2003-01-14,37.18,17.3,27.56,0.0,0.22,-2.75,33.81
2003-01-15,41.21,19.74,31.05,0.0,0.22,-1.27,33.28
2003-01-16,39.66,20.18,29.11,0.0,0.22,3.45,29.58
2003-01-17,35.32,15.99,26.0,0.0,0.22,9.57,31.91
2003-01-18,38.87,19.72,28.54,0.0,0.21,7.4,32.02
2003-01-19,36.11,17.81,26.28,0.0,0.21,10.77,31.96
2003-01-20,37.63,16.8,26.96,0.0,0.21,4.82,32.09
2003-01-21,41.92,19.87,31.63,0.0,0.21,4.36,32.15
2003-01-22,44.38,23.16,33.06,0.0,0.21,8.24,29.64
2003-01-23,37.16,18.73,26.17,0.0,0.21,11.76,31.91
2003-01-24,31.34,15.93,22.83,0.0,0.21,7.58,32.04
2003-01-25,32.87,14.25,23.54,0.0,0.21,4.64,32.62
2003-01-26,37.43,19.13,28.55,0.05,0.21,5.89,30.53
2003-01-27,35.83,21.64,29.0,0.51,0.21,14.81,27.83
2003-01-28,37.6,21.41,28.94,0.22,0.21,16.1,22.86
2003-01-29,32.79,16.46,23.94,0.0,0.21,7.3,32.31
2003-01-30,33.04,15.31,23.94,0.0,0.21,3.67,31.92
2003-01-31,34.95,17.58,27.19,0.0,0.21,5.09,27.88
2003-02-01,40.49,21.87,31.07,0.19,0.21,9.55,21.73
2003-02-02,34.26,18.29,26.92,0.38,0.21,14.86,29.08
2003-02-03,32.54,15.05,23.2,0.0,0.21,6.4,30.36
2003-02-04,35.86,14.97,25.39,0.0,0.21,6.1,31.66
2003-02-05,41.08,19.73,30.71,0.67,0.21,7.36,28.03
2003-02-06,39.53,21.62,30.43,1.41,0.21,10.97,27.67
2003-02-07,41.45,23.64,32.41,0.13,0.21,9.23,24.91
2003-02-08,42.1,25.73,34.5,0.33,0.21,12.76,27.74
2003-02-09,42.29,27.35,34.57,1.18,0.21,12.84,23.3
2003-02-10,42.31,24.73,32.93,1.39,0.21,13.34,23.82
2003-02-11,33.74,19.45,25.84,0.12,0.21,13.36,25.96
2003-02-12,32.54,16.58,24.66,0.0,0.21,10.69,28.32
2003-02-13,36.62,19.53,28.18,0.0,0.21,10.69,28.55
2003-02-14,39.93,22.54,30.01,0.0,0.21,11.75,27.4
2003-02-15,31.64,20.59,25.78,0.0,0.21,15.5,9.48
2003-02-16,36.17,19.25,26.66,0.23,0.21,14.63,25.44
2003-02-17,34.54,18.94,25.47,0.02,0.21,13.96,27.37
2003-02-18,31.8,17.51,24.35,0.0,0.21,11.86,23.16
2003-02-19,35.8,18.42,25.9,0.0,0.21,13.67,27.41
2003-02-20,35.65,18.42,26.2,0.0,0.21,12.48,28.56
2003-02-21,41.34,18.61,29.5,0.0,0.2,10.91,28.42
2003-02-22,36.03,19.21,26.56,0.06,0.2,14.14,25.56
2003-02-23,38.41,16.62,27.49,0.0,0.2,11.34,28.68
2003-02-24,39.92,22.51,31.03,0.0,0.2,12.09,28.29
2003-02-25,40.73,24.47,32.53,0.0,0.2,11.38,28.19
2003-02-26,40.77,25.08,32.91,0.0,0.2,9.27,26.68
2003-02-27,37.58,23.12,30.12,0.0,0.2,8.82,27.62
2003-02-28,33.0,17.85,25.32,0.0,0.2,4.43,28.58
2003-03-01,33.84,17.22,25.4,0.0,0.2,4.87,28.57
2003-03-02,34.14,18.63,26.41,0.0,0.2,4.77,27.61
2003-03-03,33.29,18.21,25.56,0.0,0.2,6.66,28.01
2003-03-04,33.33,17.65,25.39,0.0,0.2,7.0,27.6
2003-03-05,34.1,18.66,26.45,0.0,0.2,10.15,27.18
2003-03-06,37.69,20.6,29.53,0.0,0.2,8.82,26.32
2003-03-07,39.75,22.84,31.93,0.0,0.2,9.51,24.32
2003-03-08,38.37,25.8,32.23,0.59,0.2,13.95,24.13
2003-03-09,41.16,25.69,33.38,0.01,0.2,10.07,23.46
2003-03-10,40.53,24.8,31.88,0.0,0.2,8.16,25.26
2003-03-11,39.29,22.78,29.72,0.0,0.2,14.74,25.16
2003-03-12,37.68,21.63,29.06,0.0,0.2,14.57,25.14
2003-03-13,41.65,24.32,32.27,0.0,0.2,8.5,25.35
2003-03-14,42.87,22.58,32.2,0.0,0.2,3.47,26.09
2003-03-15,42.19,20.63,30.54,0.0,0.2,8.0,25.58
2003-03-16,35.77,18.54,26.22,0.0,0.2,11.58,23.43
2003-03-17,32.22,17.63,23.79,0.0,0.2,10.97,23.02
2003-03-18,30.1,16.56,22.4,0.0,0.2,8.18,23.15
2003-03-19,33.47,15.57,24.3,0.0,0.2,2.1,24.5
2003-03-20,38.25,20.18,28.81,0.0,0.2,5.55,22.61
2003-03-21,39.44,23.64,31.04,0.05,0.2,10.52,19.31
2003-03-22,34.44,23.41,28.06,4.3,0.2,14.55,14.63
2003-03-23,32.38,18.75,24.75,0.34,0.21,15.08,18.96
2003-03-24,29.2,15.83,21.7,0.01,0.21,8.95,22.59
2003-03-25,32.45,14.3,23.23,0.0,0.21,4.73,23.83
2003-03-26,34.29,14.65,24.33,0.0,0.21,6.49,21.32
2003-03-27,32.89,18.22,25.47,0.05,0.21,10.98,15.94
2003-03-28,31.77,20.22,25.29,0.32,0.21,14.56,19.65
2003-03-29,27.66,18.55,22.35,8.75,0.21,15.79,12.49
2003-03-30,24.87,15.61,19.4,8.4,0.23,14.23,12.25
2003-03-31,28.11,15.62,21.34,0.05,0.23,13.83,19.86
2003-04-01,30.19,15.81,22.98,0.0,0.23,12.99,17.87
2003-04-02,31.81,16.79,24.09,0.0,0.23,10.26,20.62
2003-04-03,35.9,17.54,27.2,0.28,0.22,10.54,21.33
2003-04-04,37.3,20.71,27.99,0.0,0.22,9.3,20.87
2003-04-05,34.38,17.55,24.79,0.0,0.22,12.97,21.82
2003-04-06,31.14,17.64,23.41,0.0,0.22,13.56,20.68
2003-04-07,28.17,16.37,21.51,0.01,0.22,10.29,18.38
2003-04-08,28.95,16.05,21.68,0.02,0.22,9.51,19.43
2003-04-09,28.46,17.42,22.71,0.04,0.22,12.24,18.71
2003-04-10,29.03,19.13,23.34,1.65,0.22,14.06,11.62
2003-04-11,24.8,13.07,18.64,7.05,0.23,12.1,11.47
2003-04-12,19.74,12.36,15.51,0.12,0.23,6.38,14.54
2003-04-13,25.84,12.72,18.51,0.61,0.23,11.03,16.78
2003-04-14,27.69,11.16,19.27,0.0,0.23,6.4,19.21
2003-04-15,28.13,15.28,20.9,0.0,0.23,7.07,11.77
2003-04-16,32.25,16.94,23.67,0.0,0.23,10.27,19.45
2003-04-17,31.55,15.08,22.33,0.01,0.23,13.51,19.4
2003-04-18,29.37,15.98,22.31,0.88,0.23,14.13,17.69
2003-04-19,32.7,18.13,24.06,0.02,0.23,11.95,11.74
2003-04-20,35.47,18.16,26.93,0.07,0.23,11.15,18.07
2003-04-21,29.97,20.43,24.98,1.95,0.23,13.83,13.8
2003-04-22,35.44,18.43,25.87,0.01,0.23,8.07,18.43
2003-04-23,33.0,17.8,24.53,0.0,0.23,6.78,15.73
2003-04-24,25.23,18.38,21.49,0.06,0.23,14.91,9.03
2003-04-25,31.1,16.55,22.68,0.0,0.23,12.99,15.17
2003-04-26,26.92,15.01,20.3,0.0,0.22,9.74,16.94
2003-04-27,24.7,11.21,17.19,0.0,0.22,4.9,18.77
2003-04-28,28.8,9.51,18.53,0.0,0.22,2.04,18.39
2003-04-29,32.19,11.33,21.02,0.0,0.22,3.6,17.9
2003-04-30,34.64,15.22,24.37,0.0,0.22,4.68,17.5
2003-05-01,31.87,17.52,23.74,0.02,0.22,3.76,17.0
2003-05-02,29.75,14.13,21.24,0.0,0.22,0.86,17.66
2003-05-03,29.29,12.76,20.35,0.0,0.22,0.68,17.64
2003-05-04,29.71,12.7,21.14,0.0,0.22,-0.91,16.22
2003-05-05,30.39,16.01,22.91,0.0,0.22,2.47,9.09
2003-05-06,29.89,17.03,22.43,0.11,0.22,8.11,15.5
2003-05-07,27.21,13.41,19.91,0.0,0.22,11.05,14.24
2003-05-08,22.89,16.49,18.87,13.57,0.23,14.65,5.87
2003-05-09,25.94,14.81,19.86,2.28,0.25,13.44,13.39
2003-05-10,27.7,13.38,19.84,0.0,0.25,8.7,16.43
2003-05-11,30.13,14.01,21.91,0.12,0.24,9.26,15.77
2003-05-12,25.9,10.79,19.13,0.53,0.24,11.91,9.03
2003-05-13,24.13,11.09,17.01,0.01,0.24,9.65,11.44
2003-05-14,25.25,11.18,17.88,0.0,0.24,5.41,15.52
2003-05-15,27.6,15.55,19.97,19.46,0.25,12.04,5.52
2003-05-16,21.63,13.99,17.15,3.06,0.28,12.05,11.7
2003-05-17,21.37,11.46,16.32,0.76,0.28,11.3,11.6
2003-05-18,20.21,10.85,14.58,0.56,0.27,9.41,11.41
2003-05-19,21.45,7.66,14.0,0.0,0.27,5.26,15.78
2003-05-20,25.05,8.6,16.73,0.49,0.27,6.9,14.5
2003-05-21,22.53,13.85,17.5,3.31,0.27,13.06,11.35
2003-05-22,22.71,12.1,16.61,0.54,0.27,9.25,13.08
2003-05-23,23.87,8.86,15.71,0.0,0.27,6.23,14.97
2003-05-24,27.97,10.21,18.27,0.0,0.27,6.49,14.05
2003-05-25,29.2,12.35,20.09,0.0,0.27,6.86,14.6
2003-05-26,27.96,11.69,19.49,0.0,0.27,6.38,14.45
2003-05-27,26.38,12.2,18.12,0.0,0.27,3.15,14.57
2003-05-28,25.02,9.69,16.06,0.0,0.26,-1.28,15.11
2003-05-29,24.78,8.36,15.26,0.0,0.26,-2.58,15.06
2003-05-30,23.1,10.43,15.68,2.15,0.26,6.05,9.77
2003-05-31,19.88,10.59,14.53,0.55,0.27,8.78,13.9
2003-06-01,18.99,8.82,13.68,0.47,0.27,8.66,10.88
2003-06-02,20.24,10.3,14.71,1.29,0.27,10.45,10.62
2003-06-03,18.89,9.46,13.47,0.46,0.27,8.36,10.92
2003-06-04,18.55,7.18,11.88,0.06,0.27,6.1,10.33
2003-06-05,19.9,7.24,12.26,0.02,0.27,5.49,12.48
2003-06-06,19.93,9.18,13.37,0.04,0.27,7.55,8.93
2003-06-07,19.71,5.49,11.78,0.0,0.27,2.95,13.82
2003-06-08,22.03,5.89,13.02,0.0,0.27,2.25,13.92
2003-06-09,23.76,6.29,14.2,0.0,0.26,1.37,14.16
2003-06-10,22.3,6.04,13.41,0.0,0.26,3.75,14.02
2003-06-11,18.79,7.34,12.34,0.0,0.26,5.09,13.12
2003-06-12,17.64,3.38,9.56,0.0,0.26,0.68,14.23
2003-06-13,17.69,3.37,9.65,0.0,0.26,-0.04,12.03
2003-06-14,20.08,3.1,10.61,0.0,0.26,1.2,14.33
2003-06-15,21.21,5.16,11.9,0.0,0.26,2.84,14.15
2003-06-16,21.63,5.08,12.04,0.0,0.26,0.66,14.27
2003-06-17,22.81,5.59,12.85,0.0,0.26,-0.6,14.02
2003-06-18,22.26,5.32,12.47,0.0,0.26,-1.93,14.09
2003-06-19,21.34,4.47,11.53,0.0,0.26,-3.26,14.22
2003-06-20,22.27,6.42,12.99,0.0,0.26,-3.48,11.46
2003-06-21,20.49,10.45,13.76,1.28,0.26,-2.3,8.57
2003-06-22,20.16,8.45,13.24,2.8,0.26,9.79,5.0
2003-06-23,21.56,9.83,14.89,0.57,0.26,11.02,11.6
2003-06-24,23.69,8.87,15.99,0.71,0.26,10.41,8.94
2003-06-25,23.39,15.3,18.3,3.6,0.27,14.64,10.33
2003-06-26,20.09,14.12,16.33,4.52,0.27,12.18,9.81
2003-06-27,19.38,11.99,15.05,3.15,0.28,10.57,10.54
2003-06-28,17.73,10.75,13.31,3.19,0.28,7.78,9.99
2003-06-29,15.42,8.6,11.78,5.09,0.29,8.72,10.05
2003-06-30,16.98,9.13,12.39,1.65,0.29,7.79,11.73
2003-07-01,18.25,8.84,12.85,0.43,0.29,8.18,9.48
2003-07-02,18.49,8.22,12.59,0.23,0.29,7.26,9.33
2003-07-03,19.67,7.99,12.97,2.7,0.29,10.12,9.87
2003-07-04,18.99,9.8,13.71,3.05,0.29,11.06,8.08
2003-07-05,17.85,10.55,13.75,3.0,0.3,10.64,7.94
2003-07-06,16.19,9.67,12.51,1.53,0.3,9.69,9.47
2003-07-07,19.67,7.52,12.6,0.0,0.3,7.01,13.52
2003-07-08,22.87,5.78,13.06,0.01,0.3,4.87,13.17
2003-07-09,20.4,8.71,13.36,0.11,0.29,10.04,10.85
2003-07-10,19.93,7.81,13.37,4.86,0.29,10.17,9.78
2003-07-11,16.61,4.57,9.99,0.01,0.3,4.29,12.28
2003-07-12,19.66,3.44,10.22,0.01,0.3,-0.76,14.54
2003-07-13,23.37,6.34,14.15,0.0,0.3,2.86,14.47
2003-07-14,16.1,7.99,12.51,8.11,0.3,10.54,5.23
2003-07-15,15.32,4.88,8.97,0.03,0.31,2.62,15.01
2003-07-16,17.14,1.35,9.61,0.01,0.31,1.84,14.94
2003-07-17,20.03,7.9,13.02,0.0,0.3,7.53,9.2
2003-07-18,18.64,6.52,10.54,0.12,0.3,5.15,12.91
2003-07-19,26.11,4.55,13.46,0.0,0.3,3.76,14.95
2003-07-20,18.2,5.95,11.44,0.21,0.3,6.01,10.51
2003-07-21,17.15,3.33,9.73,0.05,0.3,5.97,11.1
2003-07-22,16.11,5.56,10.26,0.15,0.3,5.45,13.77
2003-07-23,16.11,3.28,8.33,0.0,0.3,1.64,15.6
2003-07-24,17.03,1.91,8.46,0.0,0.3,1.85,15.74
2003-07-25,21.55,1.78,10.09,0.0,0.3,1.01,15.93
2003-07-26,19.18,4.49,10.89,0.01,0.29,3.4,15.37
2003-07-27,20.76,7.03,12.81,0.2,0.29,9.12,10.95
2003-07-28,21.02,7.17,13.17,0.0,0.29,5.77,15.83
2003-07-29,25.82,10.29,16.21,3.61,0.29,2.9,6.64
2003-07-30,20.58,8.68,14.53,0.39,0.3,10.06,13.32
2003-07-31,19.63,7.63,12.51,0.11,0.3,8.28,12.14
2003-08-01,21.39,5.72,13.72,0.0,0.3,4.95,16.39
2003-08-02,24.28,7.34,14.77,0.0,0.29,4.58,16.55
2003-08-03,16.82,10.72,13.97,5.78,0.3,10.51,10.44
2003-08-04,17.06,7.61,11.76,0.74,0.3,6.91,13.77
2003-08-05,17.0,6.84,10.77,0.14,0.3,6.4,14.17
2003-08-06,19.21,5.62,11.29,0.0,0.3,5.08,15.69
2003-08-07,20.53,4.38,11.79,0.0,0.3,2.53,16.54
2003-08-08,22.34,4.58,12.87,0.0,0.3,0.61,16.59
2003-08-09,21.78,6.71,13.58,0.0,0.3,3.43,16.34
2003-08-10,20.55,5.26,13.07,14.43,0.3,6.39,16.06
2003-08-11,15.14,7.81,10.94,5.1,0.33,7.85,10.98
2003-08-12,18.78,6.77,11.74,0.25,0.33,7.81,13.77
2003-08-13,19.29,5.22,11.25,0.0,0.32,4.84,17.78
2003-08-14,21.48,4.58,12.97,0.0,0.32,2.56,17.23
2003-08-15,22.43,10.31,14.98,0.01,0.32,3.76,11.49
2003-08-16,22.1,8.17,14.86,3.57,0.32,12.13,12.06
2003-08-17,21.89,10.86,15.55,0.71,0.32,11.43,12.22
2003-08-18,23.67,8.29,15.02,2.51,0.32,9.22,14.92
2003-08-19,17.63,10.44,12.96,6.71,0.32,9.9,5.99
2003-08-20,16.72,8.39,11.75,0.47,0.33,7.25,13.95
2003-08-21,14.91,8.36,11.22,15.74,0.34,8.9,12.15
2003-08-22,12.7,6.8,9.01,4.46,0.36,5.65,14.33
2003-08-23,16.34,7.06,10.77,0.36,0.35,6.69,13.61
2003-08-24,18.46,8.05,12.31,0.01,0.35,7.01,12.4
2003-08-25,19.47,6.39,12.05,0.0,0.35,6.41,15.01
2003-08-26,21.7,6.28,12.94,0.0,0.34,2.35,20.39
2003-08-27,23.93,5.49,14.52,0.0,0.34,-1.24,19.59
2003-08-28,19.62,9.73,13.78,0.0,0.34,3.82,11.61
2003-08-29,20.13,8.0,13.27,0.01,0.34,5.95,15.98
2003-08-30,22.53,6.82,13.39,0.0,0.33,1.51,19.24
2003-08-31,23.19,5.03,13.29,0.0,0.33,1.57,21.46
2003-09-01,24.87,6.13,15.04,0.0,0.33,1.64,21.09
2003-09-02,27.11,8.97,17.26,0.0,0.33,1.66,21.7
2003-09-03,28.49,10.31,18.42,0.04,0.32,4.79,20.72
2003-09-04,21.9,11.53,16.05,5.48,0.32,11.59,14.62
2003-09-05,20.13,7.74,13.61,0.28,0.33,5.97,20.35
2003-09-06,22.26,6.71,14.05,0.0,0.33,3.49,21.86
2003-09-07,16.83,7.46,11.51,5.86,0.33,7.78,13.93
2003-09-08,18.17,7.5,12.6,0.75,0.33,7.16,14.32
2003-09-09,17.7,8.73,13.04,2.38,0.33,10.05,14.9
2003-09-10,18.94,7.06,12.28,0.64,0.33,7.78,17.45
2003-09-11,17.79,5.34,11.36,0.15,0.33,5.72,17.51
2003-09-12,17.91,7.13,12.54,0.33,0.33,7.5,17.18
2003-09-13,19.42,8.33,13.15,0.16,0.33,6.75,17.15
2003-09-14,20.84,6.23,12.93,0.0,0.33,5.77,20.54
2003-09-15,22.52,7.13,14.23,0.03,0.32,5.34,22.26
2003-09-16,24.9,7.41,15.57,0.0,0.32,4.72,23.79
2003-09-17,26.98,7.7,16.35,0.0,0.32,5.93,24.0
2003-09-18,24.78,7.86,15.11,0.0,0.32,7.67,23.57
2003-09-19,26.4,8.19,15.45,0.0,0.31,8.27,24.41
2003-09-20,20.28,8.11,14.18,0.84,0.31,8.22,15.51
2003-09-21,19.91,6.94,12.51,6.55,0.32,8.55,16.86
2003-09-22,17.45,6.72,12.02,1.89,0.32,7.56,17.27
2003-09-23,19.57,8.41,13.19,0.26,0.32,5.92,17.93
2003-09-24,22.46,7.51,14.06,0.0,0.32,8.56,12.74
2003-09-25,24.42,7.16,15.41,0.01,0.32,8.5,21.55
2003-09-26,27.63,8.75,17.83,0.0,0.31,6.39,25.37
2003-09-27,32.18,11.1,20.79,0.0,0.31,6.12,22.8
2003-09-28,28.76,12.29,19.52,0.05,0.31,9.21,23.76
2003-09-29,20.38,11.92,15.14,5.38,0.31,9.4,18.38
2003-09-30,22.12,10.82,15.58,1.01,0.32,10.27,16.92
2003-10-01,22.99,9.55,15.23,0.0,0.31,5.04,24.04
2003-10-02,25.71,8.24,16.75,0.0,0.31,3.4,26.4
2003-10-03,28.98,9.31,17.85,0.0,0.31,4.44,24.89
2003-10-04,20.81,11.19,15.77,0.01,0.3,9.0,18.97
2003-10-05,26.56,9.0,17.65,0.0,0.3,5.77,26.71
2003-10-06,29.27,9.04,18.93,0.01,0.3,3.76,27.35
2003-10-07,31.22,9.58,20.03,0.0,0.3,5.85,27.1
2003-10-08,32.32,11.33,21.49,0.0,0.29,4.89,27.27
2003-10-09,34.69,13.7,23.72,0.0,0.29,3.21,27.39
2003-10-10,31.08,17.44,23.24,0.0,0.29,6.01,14.27
2003-10-11,30.71,12.57,20.97,0.0,0.29,7.88,26.76
2003-10-12,31.78,11.08,19.72,2.26,0.29,8.72,22.55
2003-10-13,22.12,10.29,15.39,0.16,0.29,7.18,19.97
2003-10-14,23.45,7.62,15.13,0.0,0.29,4.36,25.19
2003-10-15,26.15,7.42,16.54,0.0,0.29,2.6,28.91
2003-10-16,32.18,7.86,19.33,0.0,0.28,2.55,28.79
2003-10-17,24.8,9.56,16.3,0.06,0.28,8.23,22.44
2003-10-18,22.79,6.73,14.44,0.0,0.28,0.82,29.64
2003-10-19,28.2,6.49,17.12,0.0,0.28,2.65,29.73
2003-10-20,30.3,8.91,18.82,0.0,0.28,5.62,29.69
2003-10-21,32.45,10.85,20.98,0.0,0.28,6.73,28.73
2003-10-22,34.03,11.12,22.18,0.0,0.27,7.23,27.08
2003-10-23,33.35,12.21,22.4,0.0,0.27,7.83,29.14
2003-10-24,32.92,12.34,22.56,0.0,0.27,5.85,29.24
2003-10-25,35.98,15.39,24.76,0.0,0.27,5.37,29.48
2003-10-26,28.24,14.35,19.85,0.01,0.27,10.27,28.96
2003-10-27,23.19,12.81,17.88,0.42,0.27,8.33,23.36
2003-10-28,26.11,9.13,17.24,0.04,0.27,6.21,29.34
2003-10-29,24.69,11.31,16.88,0.0,0.26,5.56,23.01
2003-10-30,25.16,8.88,16.57,0.0,0.26,2.99,30.71
2003-10-31,25.85,8.83,17.09,0.0,0.26,0.63,31.03
2003-11-01,30.07,9.72,20.12,0.0,0.26,-1.35,31.09
2003-11-02,33.37,13.7,23.29,0.0,0.26,-1.65,31.58
2003-11-03,35.59,14.96,25.15,0.0,0.26,1.81,23.72
2003-11-04,31.39,15.04,22.77,0.0,0.26,8.57,30.05
2003-11-05,33.07,14.97,23.59,0.0,0.25,5.53,31.04
2003-11-06,36.75,15.76,26.62,0.0,0.25,1.36,25.74
2003-11-07,39.77,20.08,29.89,0.0,0.25,1.89,27.96
2003-11-08,41.11,20.76,30.79,0.0,0.25,5.15,28.33
2003-11-09,41.79,20.26,31.44,0.0,0.25,5.49,29.96
2003-11-10,42.84,21.62,32.75,0.02,0.25,7.2,28.81
2003-11-11,42.77,24.26,33.73,0.01,0.25,3.6,27.0
2003-11-12,42.56,22.75,32.49,0.02,0.24,5.04,27.67
2003-11-13,36.21,18.25,26.51,0.01,0.24,12.27,24.97
2003-11-14,36.05,14.82,24.68,2.95,0.24,12.01,23.88
2003-11-15,31.69,19.47,25.16,3.12,0.25,14.58,27.32
2003-11-16,27.01,17.29,21.53,8.3,0.26,15.39,9.99
2003-11-17,25.64,13.9,19.31,2.58,0.27,11.73,21.35
2003-11-18,22.69,11.37,16.21,0.78,0.27,4.77,27.19
2003-11-19,23.13,11.35,16.82,0.12,0.26,6.19,24.52
2003-11-20,28.62,10.74,19.81,0.0,0.26,6.66,30.44
2003-11-21,31.96,12.82,22.46,0.0,0.26,1.49,33.4
2003-11-22,39.08,15.86,26.66,0.0,0.25,2.55,32.08
2003-11-23,32.11,15.57,22.8,0.0,0.25,10.32,32.54
2003-11-24,26.61,14.42,19.4,0.01,0.25,8.56,31.92
2003-11-25,30.22,14.64,21.36,0.06,0.25,10.79,23.02
2003-11-26,31.74,13.71,23.03,0.0,0.25,9.74,31.64
2003-11-27,32.02,15.23,23.71,0.0,0.25,5.73,32.62
2003-11-28,35.31,16.11,25.81,0.0,0.25,5.04,33.28
2003-11-29,38.46,16.93,27.13,0.0,0.24,4.62,33.26
2003-11-30,35.79,14.0,24.71,0.0,0.24,6.72,32.15
2003-12-01,33.94,14.6,23.42,0.0,0.24,9.88,33.06
2003-12-02,33.05,15.83,24.07,0.0,0.24,9.65,31.14
2003-12-03,35.04,17.71,26.31,0.0,0.24,6.29,32.52
2003-12-04,36.85,18.02,27.72,0.0,0.24,5.36,33.19
2003-12-05,40.45,20.87,30.04,0.2,0.24,8.34,27.85
2003-12-06,36.94,20.33,28.31,0.08,0.24,10.87,30.72
2003-12-07,37.17,17.49,27.11,0.0,0.24,9.57,32.61
2003-12-08,33.32,14.22,23.1,0.0,0.24,8.72,33.33
2003-12-09,29.43,9.92,19.4,0.0,0.23,-2.39,34.76
2003-12-10,33.21,12.77,23.1,0.0,0.23,0.45,34.15
2003-12-11,34.88,14.36,25.06,0.0,0.23,-2.24,34.59
2003-12-12,37.99,14.21,26.6,0.0,0.23,-0.37,34.51
2003-12-13,42.67,18.66,31.26,0.01,0.23,1.65,33.39
2003-12-14,38.26,20.7,29.4,0.0,0.23,11.0,32.16
2003-12-15,34.73,15.95,24.65,0.0,0.23,7.77,33.17
2003-12-16,38.63,15.01,28.17,0.0,0.23,8.94,31.62
2003-12-17,41.79,19.83,30.76,0.0,0.23,11.47,29.36
2003-12-18,31.15,17.43,22.99,0.0,0.23,11.83,22.1
2003-12-19,33.74,16.23,24.68,0.0,0.23,9.83,26.46
2003-12-20,33.44,17.28,25.18,0.0,0.22,9.8,32.38
2003-12-21,37.22,16.4,26.98,0.0,0.22,4.12,33.93
2003-12-22,42.2,20.75,32.34,0.0,0.22,2.75,33.44
2003-12-23,42.79,25.23,33.14,0.0,0.22,4.64,32.91
2003-12-24,42.85,19.99,31.77,0.0,0.22,5.16,33.4
2003-12-25,43.9,22.04,33.35,0.0,0.22,5.41,32.77
2003-12-26,44.21,25.18,35.2,0.0,0.22,5.67,30.05
2003-12-27,44.15,22.82,33.99,0.01,0.22,8.94,32.1
2003-12-28,33.76,18.42,25.34,0.0,0.22,9.71,32.07
2003-12-29,31.55,14.51,22.16,0.0,0.22,6.79,33.98
2003-12-30,33.91,13.76,23.71,0.0,0.22,9.9,33.32
2003-12-31,39.42,16.11,28.08,0.0,0.22,7.05,33.0
2004-01-01,43.81,19.67,31.61,0.0,0.22,7.26,33.71
2004-01-02,42.42,21.49,31.73,0.14,0.21,9.44,32.26
2004-01-03,44.12,25.23,34.59,2.42,0.21,13.29,28.73
2004-01-04,42.51,28.77,35.79,2.18,0.22,16.98,17.93
2004-01-05,36.5,28.03,31.98,1.48,0.22,19.06,14.79
2004-01-06,35.01,25.5,29.75,1.69,0.22,19.89,28.0
2004-01-07,37.36,22.18,29.55,0.0,0.22,6.4,32.94
2004-01-08,37.81,20.01,29.06,0.0,0.22,7.66,33.23
2004-01-09,40.05,21.46,31.11,0.0,0.22,6.32,32.69
2004-01-10,41.98,22.47,32.83,0.0,0.22,4.95,33.18
2004-01-11,42.35,24.51,33.8,0.0,0.21,3.84,33.1
2004-01-12,43.57,23.9,33.5,0.0,0.21,3.51,32.95
2004-01-13,43.18,22.03,32.93,0.0,0.21,6.25,32.99
2004-01-14,44.69,23.26,33.9,0.0,0.21,3.32,33.08
2004-01-15,42.9,21.57,31.43,0.0,0.21,8.2,32.94
2004-01-16,37.96,20.24,28.64,0.0,0.21,8.08,32.5
2004-01-17,40.8,21.28,31.41,0.0,0.21,5.76,32.53
2004-01-18,40.71,20.81,30.1,0.0,0.21,7.81,31.85
2004-01-19,33.4,16.79,24.29,0.0,0.21,8.71,32.73
2004-01-20,35.84,14.95,25.68,0.0,0.21,7.08,32.35
2004-01-21,38.13,17.92,28.42,0.0,0.21,3.48,32.17
2004-01-22,40.99,20.13,30.86,0.0,0.21,3.46,31.48
2004-01-23,37.08,20.36,27.66,0.0,0.21,11.38,31.42
2004-01-24,35.48,16.83,24.6,0.0,0.21,11.72,28.32
2004-01-25,35.32,17.28,24.96,0.0,0.21,11.18,29.88
2004-01-26,38.6,16.49,26.97,0.0,0.21,10.32,32.15
2004-01-27,39.31,17.29,27.37,0.0,0.21,10.99,31.11
2004-01-28,37.43,17.1,26.05,0.0,0.21,11.0,31.59
2004-01-29,37.02,18.61,26.49,0.0,0.21,13.51,29.68
2004-01-30,36.51,18.19,26.7,0.0,0.21,10.76,31.26
2004-01-31,37.1,17.52,27.53,0.0,0.21,9.65,31.3
2004-02-01,36.16,18.69,27.48,0.0,0.21,5.54,31.16
2004-02-02,39.76,21.59,30.77,0.0,0.21,4.19,31.18
2004-02-03,42.17,23.51,32.65,0.0,0.2,3.01,31.42
2004-02-04,42.65,22.72,32.17,0.0,0.2,9.32,28.68
2004-02-05,40.52,20.51,30.25,0.04,0.2,10.33,29.35
2004-02-06,40.15,21.75,30.92,0.06,0.2,9.53,30.11
2004-02-07,42.09,21.21,30.82,0.0,0.2,7.9,30.64
2004-02-08,41.16,19.4,29.48,0.0,0.2,8.5,30.37
2004-02-09,39.55,18.53,28.23,0.01,0.2,11.77,29.41
2004-02-10,38.01,20.95,28.82,0.03,0.2,12.96,26.85
2004-02-11,42.58,20.36,31.44,0.0,0.2,13.01,29.63
2004-02-12,44.35,23.51,33.51,3.4,0.2,14.96,24.61
2004-02-13,34.65,20.64,27.46,0.65,0.21,16.21,25.05
2004-02-14,34.83,18.28,25.75,0.0,0.21,8.9,30.56
2004-02-15,38.78,18.13,29.21,0.11,0.21,13.41,29.41
2004-02-16,40.88,24.71,32.86,0.17,0.21,18.24,26.81
2004-02-17,40.62,27.02,33.75,0.14,0.21,18.09,26.64
2004-02-18,43.32,27.99,35.13,4.78,0.21,17.98,25.95
2004-02-19,34.98,25.07,29.54,15.08,0.23,21.9,25.37
2004-02-20,33.89,23.84,28.55,2.66,0.24,20.6,20.85
2004-02-21,32.78,20.71,26.36,0.0,0.24,14.41,22.47
2004-02-22,32.61,19.53,25.65,0.0,0.23,10.99,22.1
2004-02-23,35.01,19.47,27.02,0.0,0.23,10.51,28.51
2004-02-24,37.42,21.77,29.98,0.0,0.23,11.26,24.09
2004-02-25,38.52,25.83,31.86,0.0,0.23,11.87,23.77
2004-02-26,38.93,23.92,30.95,0.35,0.22,11.32,20.77
2004-02-27,38.22,22.4,29.21,0.0,0.22,11.99,21.34
2004-02-28,39.04,20.31,30.22,0.03,0.22,11.72,27.47
2004-02-29,40.26,25.05,32.51,0.16,0.22,11.5,24.59
2004-03-01,36.67,19.59,28.93,6.72,0.23,16.47,21.55
2004-03-02,31.39,17.07,23.97,1.37,0.23,12.31,25.89
2004-03-03,30.81,18.8,23.76,4.46,0.24,12.62,22.56
2004-03-04,32.14,15.37,23.23,0.0,0.23,8.09,27.72
2004-03-05,29.86,13.17,21.25,0.0,0.23,5.15,28.15
2004-03-06,30.69,13.18,21.43,0.0,0.23,2.26,28.29
2004-03-07,32.07,13.24,21.62,0.0,0.23,4.96,27.56
2004-03-08,25.3,10.94,17.75,0.0,0.23,0.84,28.07
2004-03-09,28.66,11.27,19.64,0.0,0.23,1.28,27.37
2004-03-10,29.93,13.01,21.33,0.0,0.23,4.03,26.73
2004-03-11,31.58,14.3,22.81,0.0,0.22,5.44,26.52
2004-03-12,32.76,15.58,24.15,0.0,0.22,6.14,25.41
2004-03-13,33.56,18.41,25.32,0.0,0.22,5.24,21.7
2004-03-14,35.68,19.16,26.89,0.0,0.22,5.24,22.92
2004-03-15,31.56,16.37,23.04,0.0,0.22,8.75,21.46
2004-03-16,29.79,15.74,21.93,0.0,0.22,9.52,23.89
2004-03-17,32.63,13.66,23.28,0.0,0.22,5.46,25.11
2004-03-18,36.89,16.89,26.74,0.0,0.22,3.1,25.36
2004-03-19,39.23,18.71,28.96,0.03,0.22,7.12,24.33
2004-03-20,40.17,22.84,30.31,0.49,0.22,11.82,19.68
2004-03-21,40.94,23.78,31.76,0.0,0.22,10.77,18.87
2004-03-22,40.87,23.51,31.78,0.15,0.22,9.08,23.28
2004-03-23,40.34,21.73,30.21,0.22,0.22,8.7,23.73
2004-03-24,35.26,18.89,26.61,0.14,0.22,12.49,23.37
2004-03-25,37.93,19.78,28.03,0.0,0.22,7.26,23.53
2004-03-26,38.8,21.19,29.33,0.0,0.22,4.01,23.49
2004-03-27,30.47,16.87,22.86,0.0,0.21,10.58,22.94
2004-03-28,30.53,13.49,21.3,0.0,0.21,1.08,23.95
2004-03-29,32.53,14.62,23.23,0.0,0.21,2.67,23.06
2004-03-30,33.18,15.94,24.35,0.0,0.21,5.45,22.72
2004-03-31,28.37,14.99,21.2,0.0,0.21,5.7,22.76
2004-04-01,29.22,14.4,21.57,0.0,0.21,6.18,22.88
2004-04-02,30.8,14.93,22.59,0.0,0.21,10.28,22.24
2004-04-03,32.74,17.64,25.6,0.01,0.21,11.24,19.5
2004-04-04,34.87,19.49,27.09,0.01,0.21,12.8,17.17
2004-04-05,29.65,18.09,22.81,0.11,0.21,10.65,16.78
2004-04-06,32.48,16.58,24.62,0.01,0.21,9.94,17.32
2004-04-07,32.79,21.39,26.34,0.63,0.21,15.29,18.33
2004-04-08,25.73,19.8,22.72,3.45,0.22,15.95,7.98
2004-04-09,31.18,17.0,23.44,0.33,0.22,13.0,16.46
2004-04-10,31.24,17.85,24.17,5.77,0.22,13.92,15.54
2004-04-11,27.69,20.01,23.51,2.19,0.23,15.58,19.03
2004-04-12,27.74,15.89,21.69,4.74,0.23,14.85,16.96
2004-04-13,25.79,13.92,19.32,0.01,0.23,11.91,15.74
2004-04-14,26.4,11.54,18.65,0.0,0.23,7.89,20.45
2004-04-15,29.12,12.09,20.37,0.0,0.23,5.2,20.32
2004-04-16,31.62,15.16,23.18,0.01,0.23,6.8,17.43
2004-04-17,31.19,19.06,23.49,4.03,0.23,10.39,11.43
2004-04-18,28.54,16.82,22.16,1.04,0.24,15.04,16.72
2004-04-19,26.63,14.2,19.0,0.01,0.23,10.17,19.49
2004-04-20,28.36,11.27,18.84,0.0,0.23,10.13,19.39
2004-04-21,27.17,12.38,18.93,0.01,0.23,11.7,16.05
2004-04-22,27.57,12.78,19.57,0.0,0.23,9.97,17.95
2004-04-23,32.0,15.56,23.35,0.0,0.23,10.0,18.61
2004-04-24,28.89,18.71,23.48,0.02,0.23,11.57,11.18
2004-04-25,29.22,19.06,23.29,0.0,0.23,9.04,10.26
2004-04-26,30.51,15.8,22.67,0.0,0.23,6.15,18.0
2004-04-27,26.41,15.55,20.38,0.0,0.23,2.38,13.2
2004-04-28,28.57,12.46,19.88,0.0,0.23,0.4,17.73
2004-04-29,28.74,11.63,19.74,0.0,0.23,2.69,17.73
2004-04-30,27.1,13.97,19.51,0.0,0.23,5.95,15.8
2004-05-01,26.18,12.3,18.61,0.0,0.22,5.74,17.58
2004-05-02,23.43,11.5,17.36,0.0,0.22,5.49,14.46
2004-05-03,25.22,14.42,19.08,0.0,0.22,7.25,13.17
2004-05-04,27.9,14.31,20.44,0.0,0.22,6.94,16.63
2004-05-05,28.25,12.95,20.17,0.02,0.22,4.36,16.7
2004-05-06,29.34,14.59,21.08,0.15,0.22,6.61,16.0
2004-05-07,27.01,13.6,19.71,2.59,0.22,14.02,9.67
2004-05-08,26.3,13.8,19.32,0.23,0.23,12.03,12.55
2004-05-09,28.6,16.14,20.78,4.47,0.23,13.62,8.85
2004-05-10,22.84,14.75,18.26,0.98,0.24,12.12,12.25
2004-05-11,23.07,12.73,17.54,0.82,0.24,10.46,11.35
2004-05-12,19.82,9.31,13.77,0.0,0.23,5.32,16.58
2004-05-13,20.21,6.05,12.37,0.0,0.23,1.76,16.41
2004-05-14,23.04,5.65,13.64,0.0,0.23,-0.52,16.25
2004-05-15,25.56,9.09,16.9,0.12,0.23,3.75,14.39
2004-05-16,19.41,9.38,15.15,7.37,0.24,10.89,10.06
2004-05-17,18.99,8.12,13.35,0.04,0.24,7.05,13.87
2004-05-18,23.21,8.95,16.18,0.0,0.24,8.19,13.74
2004-05-19,20.65,10.0,14.78,0.18,0.24,3.95,12.97
2004-05-20,24.16,7.81,15.27,0.0,0.24,1.31,15.02
2004-05-21,22.45,9.89,15.31,9.43,0.24,8.62,10.87
2004-05-22,19.13,8.55,13.42,0.34,0.26,8.04,12.41
2004-05-23,18.65,11.69,14.02,5.23,0.26,11.44,7.36
2004-05-24,19.36,9.13,13.7,3.02,0.27,9.25,13.96
2004-05-25,19.73,5.49,11.79,0.0,0.27,2.59,15.22
2004-05-26,20.44,5.55,12.13,0.0,0.26,2.96,14.76
2004-05-27,19.59,4.41,11.24,0.0,0.26,-0.71,15.04
2004-05-28,19.32,4.45,11.27,0.01,0.26,1.03,14.71
2004-05-29,19.94,4.64,11.46,0.0,0.26,0.67,14.66
2004-05-30,21.25,4.36,11.99,0.0,0.26,0.69,14.87
2004-05-31,21.85,7.07,13.43,7.77,0.26,9.03,7.69
2004-06-01,15.9,6.0,9.95,1.24,0.27,5.17,10.85
2004-06-02,18.99,4.95,11.06,0.0,0.27,5.55,13.21
2004-06-03,22.22,6.33,13.33,0.0,0.27,4.74,13.35
2004-06-04,23.82,8.79,15.67,1.6,0.27,9.51,11.82
2004-06-05,22.36,13.27,16.89,2.9,0.28,13.06,10.73
2004-06-06,22.95,13.35,16.79,0.28,0.27,12.04,10.26
2004-06-07,23.3,11.59,16.64,0.83,0.27,13.21,10.67
2004-06-08,19.88,10.8,15.39,2.26,0.28,11.99,9.2
2004-06-09,20.19,9.83,14.06,0.16,0.28,8.76,8.33
2004-06-10,20.38,8.83,14.6,0.29,0.28,9.12,9.68
2004-06-11,20.19,12.01,15.31,9.09,0.29,10.32,10.96
2004-06-12,20.61,8.94,14.9,1.99,0.29,10.54,9.04
2004-06-13,19.44,9.04,13.01,0.09,0.29,7.69,9.29
2004-06-14,21.21,6.51,12.96,0.01,0.29,4.78,14.0
2004-06-15,26.58,9.35,16.36,0.0,0.29,6.4,13.54
2004-06-16,27.06,12.05,17.93,0.0,0.28,6.58,9.13
2004-06-17,22.73,13.22,17.62,0.01,0.28,13.83,5.03
2004-06-18,18.02,10.58,13.86,0.0,0.28,8.22,6.47
2004-06-19,19.8,8.58,13.44,0.0,0.28,4.4,11.18
2004-06-20,22.37,8.78,14.32,0.08,0.28,2.3,9.73
2004-06-21,25.57,9.32,15.81,0.0,0.28,2.03,13.09
2004-06-22,22.64,13.15,16.92,3.11,0.28,14.13,7.98
2004-06-23,20.59,9.39,14.2,0.22,0.28,9.13,13.13
2004-06-24,19.5,6.7,12.05,0.0,0.28,6.56,11.17
2004-06-25,21.18,5.9,12.37,0.0,0.28,3.12,14.05
2004-06-26,22.68,6.61,13.18,0.0,0.28,-0.44,14.27
2004-06-27,23.61,8.15,15.25,4.68,0.28,7.02,12.23
2004-06-28,18.9,8.4,12.86,0.47,0.29,8.76,10.47
2004-06-29,19.07,7.22,12.18,0.08,0.29,8.51,11.65
2004-06-30,19.64,10.33,13.86,0.17,0.29,10.18,9.05
2004-07-01,19.98,8.85,12.95,0.05,0.29,7.99,9.1
2004-07-02,17.96,6.03,10.33,4.68,0.29,7.61,8.42
2004-07-03,16.2,4.58,9.43,0.23,0.29,4.16,11.32
2004-07-04,17.04,4.01,10.25,0.0,0.29,1.64,13.97
2004-07-05,21.85,2.76,11.32,0.0,0.29,-0.18,14.12
2004-07-06,22.2,6.58,14.03,2.69,0.29,7.13,10.9
2004-07-07,18.2,12.28,14.71,21.83,0.32,12.42,5.13
2004-07-08,18.44,8.44,12.98,1.56,0.33,9.64,10.81
2004-07-09,16.94,7.45,11.28,0.25,0.33,7.4,11.88
2004-07-10,16.42,4.6,9.59,0.0,0.32,3.12,14.36
2004-07-11,17.98,2.1,9.16,0.0,0.32,1.35,14.89
2004-07-12,17.64,2.19,9.33,0.0,0.32,1.23,14.92
2004-07-13,17.67,3.36,9.87,0.0,0.32,2.3,14.28
2004-07-14,17.72,7.62,11.65,0.25,0.31,6.52,8.96
2004-07-15,18.51,6.02,10.5,0.04,0.31,5.76,7.15
2004-07-16,19.31,4.99,10.87,0.0,0.31,3.87,14.81
2004-07-17,19.3,5.04,11.27,0.0,0.31,3.6,15.0
2004-07-18,19.6,5.46,11.62,0.0,0.31,4.74,14.78
2004-07-19,20.64,5.6,12.9,0.0,0.31,4.4,14.53
2004-07-20,19.79,10.53,14.29,0.8,0.31,4.46,3.4
2004-07-21,20.84,9.62,14.67,2.98,0.31,8.95,7.65
2004-07-22,19.15,9.04,13.18,3.42,0.32,9.25,4.3
2004-07-23,18.13,9.88,13.34,0.62,0.32,9.99,9.01
2004-07-24,18.14,7.45,12.09,0.01,0.32,6.41,14.35
2004-07-25,16.64,5.58,10.32,0.09,0.31,4.51,15.06
2004-07-26,18.78,1.97,9.58,0.0,0.31,-0.3,16.23
2004-07-27,20.49,2.73,10.94,0.0,0.31,-0.12,16.37
2004-07-28,19.83,6.82,12.42,0.02,0.31,5.95,13.88
2004-07-29,21.37,6.45,13.93,0.07,0.31,7.68,12.76
2004-07-30,18.75,7.94,13.25,0.47,0.31,8.97,13.01
2004-07-31,18.56,6.68,11.79,0.04,0.31,6.3,13.79
2004-08-01,18.07,6.69,11.89,2.11,0.31,8.12,12.24
2004-08-02,16.4,4.37,10.35,0.11,0.31,5.28,12.94
2004-08-03,18.14,6.68,11.64,0.03,0.31,5.85,12.14
2004-08-04,19.55,5.79,12.81,0.0,0.31,5.91,15.27
2004-08-05,20.0,6.32,12.74,0.07,0.31,5.98,15.21
2004-08-06,14.84,5.7,10.34,0.79,0.31,6.45,10.67
2004-08-07,18.12,1.99,9.54,0.0,0.3,2.27,17.01
2004-08-08,19.48,4.25,10.7,0.0,0.3,2.52,17.87
2004-08-09,20.59,2.92,10.92,0.0,0.3,-0.69,17.32
2004-08-10,21.93,4.09,11.94,0.0,0.3,-1.94,18.26
2004-08-11,23.41,6.0,13.92,7.22,0.3,4.39,12.15
2004-08-12,17.37,9.22,12.29,0.46,0.31,7.18,14.51
2004-08-13,19.91,8.65,13.4,0.05,0.31,7.61,13.68
2004-08-14,17.93,6.46,11.65,3.23,0.31,8.13,9.2
2004-08-15,16.31,3.56,8.8,0.0,0.31,1.26,18.92
2004-08-16,19.36,2.74,10.21,0.0,0.31,2.92,18.86
2004-08-17,20.62,3.11,11.39,0.0,0.31,2.97,18.19
2004-08-18,20.14,6.22,12.06,0.01,0.31,6.19,17.97
2004-08-19,21.49,4.77,12.09,0.0,0.3,5.76,18.37
2004-08-20,19.27,6.59,12.65,0.45,0.3,8.22,14.68
2004-08-21,20.62,8.18,13.23,0.58,0.3,7.41,16.71
2004-08-22,22.87,5.37,13.41,0.0,0.3,6.44,19.29
2004-08-23,22.26,8.24,14.66,1.14,0.3,9.66,14.39
2004-08-24,19.63,12.04,15.1,2.57,0.3,9.13,13.0
2004-08-25,17.99,6.79,13.07,2.62,0.31,6.82,17.55
2004-08-26,17.48,6.13,11.94,0.56,0.31,8.06,14.58
2004-08-27,18.58,9.23,13.24,3.51,0.31,9.4,14.83
2004-08-28,14.75,4.65,8.98,0.04,0.31,0.65,19.4
2004-08-29,16.12,1.57,8.28,0.0,0.31,-1.22,21.08
2004-08-30,18.05,1.62,9.36,0.0,0.3,-0.16,21.33
2004-08-31,20.56,3.31,11.35,0.0,0.3,0.52,21.07
2004-09-01,22.9,4.97,13.55,0.0,0.3,-0.63,21.6
2004-09-02,24.3,5.87,14.58,0.0,0.3,-2.22,21.57
2004-09-03,26.69,7.07,16.18,0.0,0.3,-0.75,21.48
2004-09-04,28.91,9.44,17.64,2.71,0.29,5.05,16.25
2004-09-05,21.53,11.27,15.27,1.88,0.3,10.73,13.03
2004-09-06,16.2,6.18,11.66,3.66,0.3,6.01,17.14
2004-09-07,19.36,3.96,11.44,0.08,0.3,6.02,16.18
2004-09-08,21.43,7.23,13.5,0.03,0.3,7.68,15.24
2004-09-09,20.43,7.85,13.68,0.15,0.3,7.69,16.09
2004-09-10,18.11,4.79,10.86,0.0,0.3,-2.36,23.67
2004-09-11,20.23,2.54,10.77,0.0,0.3,-5.46,23.98
2004-09-12,23.87,3.81,12.85,0.0,0.29,-6.92,24.04
2004-09-13,27.05,6.38,15.91,0.0,0.29,-4.55,20.57
2004-09-14,25.46,8.22,16.38,0.0,0.29,-2.05,19.77
2004-09-15,27.27,6.23,16.22,0.0,0.29,3.66,21.88
2004-09-16,25.37,9.33,16.24,0.0,0.29,8.35,21.28
2004-09-17,26.21,8.19,16.37,0.01,0.29,7.39,19.19
2004-09-18,27.26,8.65,16.92,0.0,0.28,7.79,24.06
2004-09-19,26.87,7.81,16.91,0.01,0.28,9.56,20.78
2004-09-20,28.33,8.97,17.54,0.0,0.28,8.19,23.83
2004-09-21,23.87,8.92,15.68,0.03,0.28,8.84,17.53
2004-09-22,23.62,7.12,14.85,4.6,0.28,5.67,24.17
2004-09-23,19.97,12.26,14.87,24.03,0.31,11.8,5.77
2004-09-24,26.06,10.21,17.14,0.0,0.33,10.86,21.48
2004-09-25,22.08,11.21,15.72,0.01,0.32,10.09,12.49
2004-09-26,22.21,8.58,15.27,0.0,0.32,6.61,19.36
2004-09-27,24.05,7.33,15.42,0.0,0.31,5.15,21.66
2004-09-28,24.94,6.77,15.51,0.0,0.31,4.79,25.29
2004-09-29,26.34,7.94,16.37,0.0,0.3,5.97,24.8
2004-09-30,19.97,9.23,13.87,0.02,0.3,6.71,16.41
2004-10-01,25.76,9.93,16.96,0.06,0.3,8.42,24.42
2004-10-02,27.31,7.95,17.13,0.0,0.3,5.05,26.17
2004-10-03,30.73,8.44,18.9,0.0,0.3,4.28,26.76
2004-10-04,34.09,9.38,20.98,0.0,0.29,5.69,26.34
2004-10-05,26.7,11.25,17.93,0.01,0.29,10.39,23.09
2004-10-06,23.35,10.06,17.01,0.6,0.29,9.56,23.76
2004-10-07,26.82,6.31,15.99,0.0,0.29,2.79,27.62
2004-10-08,32.29,7.72,19.26,0.0,0.29,3.27,27.95
2004-10-09,26.29,9.67,17.47,0.02,0.29,9.6,23.31
2004-10-10,27.99,11.15,18.32,0.0,0.29,10.8,24.31
2004-10-11,28.04,12.68,18.93,0.1,0.28,11.23,23.65
2004-10-12,24.56,11.42,17.83,0.97,0.28,10.94,15.92
2004-10-13,23.23,7.3,15.43,0.07,0.28,4.35,23.55
2004-10-14,26.94,8.87,17.43,0.22,0.28,2.86,28.24
2004-10-15,31.45,9.64,20.04,0.0,0.28,1.97,28.38
2004-10-16,28.31,9.68,18.65,0.0,0.28,8.46,25.91
2004-10-17,31.88,10.35,20.96,0.0,0.28,5.99,28.46
2004-10-18,37.17,13.4,24.58,0.0,0.27,4.59,28.88
2004-10-19,37.19,12.66,24.71,0.0,0.27,9.01,26.79
2004-10-20,37.22,17.56,25.89,1.38,0.27,10.96,14.5
2004-10-21,28.06,15.49,21.19,0.46,0.27,11.53,19.62
2004-10-22,29.9,14.07,21.73,0.0,0.27,8.57,23.55
2004-10-23,30.95,13.78,22.41,0.01,0.27,4.3,29.19
2004-10-24,36.96,15.61,25.22,0.22,0.27,5.67,25.44
2004-10-25,31.26,12.88,21.94,0.16,0.27,9.97,26.54
2004-10-26,30.87,13.66,22.1,0.26,0.26,8.71,29.16
2004-10-27,33.6,16.55,24.3,1.51,0.26,10.74,24.61
2004-10-28,35.68,17.05,25.0,0.0,0.26,12.54,27.11
2004-10-29,27.13,13.58,20.08,0.0,0.26,10.56,22.48
2004-10-30,26.18,10.6,17.53,0.0,0.26,5.99,18.58
2004-10-31,28.47,10.88,19.03,0.0,0.26,6.64,30.49
2004-11-01,28.16,9.66,18.65,0.0,0.26,5.55,30.6
2004-11-02,26.37,9.55,17.41,0.0,0.26,6.15,30.65
2004-11-03,26.74,10.47,18.2,0.04,0.26,7.39,26.23
2004-11-04,28.63,9.95,19.02,0.0,0.26,2.26,28.77
2004-11-05,29.26,14.64,21.63,0.13,0.25,0.26,18.63
2004-11-06,32.15,15.94,23.34,0.07,0.25,2.24,23.09
2004-11-07,33.95,14.88,24.19,0.0,0.25,4.11,30.92
2004-11-08,28.52,14.78,20.67,0.01,0.25,10.08,29.35
2004-11-09,24.42,13.28,17.51,0.39,0.25,8.61,18.79
2004-11-10,24.19,12.21,17.11,0.14,0.25,7.31,22.76
2004-11-11,26.74,9.33,17.81,0.0,0.25,9.2,26.0
2004-11-12,28.09,10.99,19.58,0.02,0.25,8.66,26.23
2004-11-13,33.37,11.68,23.09,0.0,0.25,3.22,31.89
2004-11-14,38.61,15.54,27.84,0.0,0.24,2.82,31.09
2004-11-15,38.52,18.1,27.68,0.0,0.24,5.82,31.02
2004-11-16,32.16,13.57,22.0,0.01,0.24,8.69,27.86
2004-11-17,22.09,11.03,17.26,0.63,0.24,8.34,24.92
2004-11-18,24.75,7.27,16.08,0.0,0.24,-2.46,33.18
2004-11-19,31.28,10.38,21.41,0.0,0.24,-1.6,33.02
2004-11-20,31.48,16.42,23.99,0.0,0.24,2.18,23.51
2004-11-21,32.88,15.99,25.22,0.07,0.24,5.78,28.2
2004-11-22,38.03,19.59,28.91,0.13,0.24,10.03,24.03
2004-11-23,36.67,19.55,27.81,7.32,0.24,11.06,23.73
2004-11-24,32.91,17.21,24.18,0.99,0.25,11.45,29.75
2004-11-25,28.12,16.83,21.44,0.42,0.25,13.03,19.71
2004-11-26,31.13,15.33,22.62,0.02,0.24,13.15,28.38
2004-11-27,35.45,15.63,25.27,0.0,0.24,12.52,31.4
2004-11-28,37.22,17.33,25.92,0.0,0.24,12.13,31.95
2004-11-29,27.97,14.16,20.05,0.0,0.24,9.71,27.85
2004-11-30,28.71,10.83,19.53,0.0,0.24,1.12,34.14
2004-12-01,34.91,10.74,24.0,0.0,0.24,-1.5,33.47
2004-12-02,30.62,14.36,22.28,0.01,0.24,5.0,32.48
2004-12-03,31.07,11.9,21.48,0.45,0.24,5.69,33.32
2004-12-04,36.83,14.12,24.19,0.0,0.23,4.16,31.57
2004-12-05,30.83,15.04,22.4,0.0,0.23,7.01,33.32
2004-12-06,36.9,13.8,26.1,0.0,0.23,5.26,33.02
2004-12-07,38.48,19.4,29.24,0.0,0.23,2.63,33.54
2004-12-08,39.2,20.28,30.09,0.0,0.23,1.6,33.65
2004-12-09,39.52,22.65,30.57,0.0,0.23,0.73,20.07
2004-12-10,38.18,18.03,27.51,0.0,0.23,6.59,32.04
2004-12-11,33.44,16.1,23.77,0.0,0.23,9.81,30.89
2004-12-12,36.99,15.36,26.54,0.0,0.23,6.77,33.61
2004-12-13,40.59,19.77,30.76,0.0,0.23,5.77,32.84
2004-12-14,44.03,24.91,33.9,0.0,0.22,6.56,28.77
2004-12-15,40.3,20.71,29.6,0.0,0.22,11.27,33.31
2004-12-16,35.66,18.3,25.69,0.0,0.22,12.41,31.93
2004-12-17,34.87,16.17,25.03,0.0,0.22,9.29,33.06
2004-12-18,37.0,15.39,26.56,0.0,0.22,6.58,33.58
2004-12-19,42.12,20.64,32.05,0.0,0.22,3.94,32.76
2004-12-20,41.41,21.41,31.05,0.0,0.22,6.0,32.7
2004-12-21,37.16,16.19,25.93,0.0,0.22,6.76,34.16
2004-12-22,32.91,14.92,23.16,0.0,0.22,8.16,33.67
2004-12-23,35.0,14.08,25.09,0.0,0.22,5.63,33.53
2004-12-24,38.6,19.43,29.72,0.0,0.22,5.7,31.73
2004-12-25,42.41,24.44,32.53,0.45,0.22,8.81,27.11
2004-12-26,40.29,21.21,30.9,0.72,0.22,7.62,31.52
2004-12-27,34.35,22.28,28.11,3.37,0.22,11.14,18.29
2004-12-28,37.02,20.28,28.09,3.17,0.22,13.2,30.86
2004-12-29,35.38,17.66,25.67,0.0,0.22,13.05,32.76
2004-12-30,34.74,16.44,25.46,0.01,0.22,8.9,31.4
2004-12-31,38.21,19.64,29.61,0.23,0.22,10.58,30.36
2005-01-01,40.04,22.87,30.97,0.91,0.22,13.62,28.4
2005-01-02,33.9,17.36,24.97,0.04,0.22,11.24,27.4
2005-01-03,34.51,14.84,24.6,0.0,0.22,3.22,34.46
2005-01-04,36.99,15.55,26.96,0.0,0.22,1.14,34.31
2005-01-05,39.51,18.85,29.57,0.0,0.22,1.74,34.12
2005-01-06,43.49,20.34,30.63,0.0,0.21,4.5,32.93
2005-01-07,36.75,16.35,25.96,0.0,0.21,8.94,33.36
2005-01-08,39.13,17.42,28.72,0.0,0.21,8.72,32.94
2005-01-09,41.35,24.39,32.61,0.02,0.21,7.69,20.8
2005-01-10,36.85,18.18,26.91,0.0,0.21,5.77,27.75
2005-01-11,36.08,13.26,25.1,0.0,0.21,4.87,33.46
2005-01-12,41.51,17.28,29.66,0.0,0.21,1.95,33.4
2005-01-13,37.05,16.86,27.36,0.0,0.21,6.3,33.24
2005-01-14,34.38,17.11,25.49,0.0,0.21,-0.52,33.6
2005-01-15,35.47,16.86,26.31,0.0,0.21,-0.8,33.68
2005-01-16,38.18,18.67,28.62,0.0,0.21,0.59,33.29
2005-01-17,42.16,21.55,32.35,0.0,0.21,0.57,31.51
2005-01-18,37.92,23.7,30.79,0.0,0.21,6.89,27.06
2005-01-19,35.96,18.35,26.93,0.0,0.21,-2.08,33.58
2005-01-20,38.59,17.73,28.44,0.0,0.21,-4.77,33.67
2005-01-21,41.1,18.83,30.4,0.0,0.21,-2.7,33.04
2005-01-22,43.47,21.1,32.6,0.04,0.21,-1.63,32.55
2005-01-23,45.97,23.44,34.28,0.02,0.21,4.25,25.72
2005-01-24,42.08,21.44,31.9,0.03,0.2,5.67,26.82
2005-01-25,41.84,20.78,31.35,0.0,0.2,7.38,31.95
2005-01-26,40.69,19.83,30.12,0.0,0.2,5.59,31.88
2005-01-27,38.11,17.82,28.35,0.0,0.2,7.09,31.8
2005-01-28,37.14,20.06,28.44,0.0,0.2,6.36,31.25
2005-01-29,40.63,20.73,31.12,0.0,0.2,2.88,31.77
2005-01-30,43.9,21.87,33.48,0.0,0.2,4.54,31.83
2005-01-31,41.29,22.07,31.18,0.0,0.2,9.23,31.45
2005-02-01,35.4,19.39,26.88,0.0,0.2,5.2,31.58
2005-02-02,37.83,19.33,28.52,0.0,0.2,0.43,31.47
2005-02-03,42.71,21.86,32.45,0.0,0.2,-0.66,31.66
2005-02-04,42.72,22.53,32.06,0.0,0.2,1.12,31.51
2005-02-05,38.54,18.17,27.72,0.0,0.2,9.06,30.71
2005-02-06,34.87,16.19,24.78,0.0,0.2,7.91,30.8
2005-02-07,33.42,14.57,23.75,0.0,0.2,5.85,31.42
2005-02-08,35.51,14.54,25.56,0.0,0.2,2.93,31.13
2005-02-09,39.26,18.68,29.29,0.0,0.2,2.37,30.9
2005-02-10,42.35,19.91,30.24,0.0,0.2,5.02,30.51
2005-02-11,41.61,18.31,29.4,0.0,0.2,10.07,29.91
2005-02-12,43.74,20.17,31.52,0.01,0.2,10.14,25.84
2005-02-13,42.74,25.03,32.03,0.21,0.2,15.84,13.7
2005-02-14,42.27,26.43,34.68,1.15,0.2,15.72,23.88
2005-02-15,47.42,25.12,35.44,0.0,0.2,5.28,29.9
2005-02-16,41.11,21.72,29.8,0.0,0.2,14.86,27.61
2005-02-17,34.61,18.54,25.38,0.0,0.2,10.59,23.46
2005-02-18,34.81,15.57,25.1,0.0,0.2,4.43,29.86
2005-02-19,37.56,18.77,28.12,0.0,0.2,0.16,30.1
2005-02-20,41.64,20.34,29.62,0.0,0.2,3.93,28.54
2005-02-21,33.93,17.22,24.4,0.0,0.2,10.23,27.76
2005-02-22,34.18,16.61,25.01,0.0,0.2,10.39,20.2
2005-02-23,36.75,21.59,28.14,0.0,0.2,5.96,25.11
2005-02-24,41.26,20.21,30.8,0.0,0.2,5.53,28.4
2005-02-25,41.33,21.16,31.13,0.4,0.2,9.0,20.49
2005-02-26,43.1,25.02,32.41,1.18,0.2,12.76,23.23
2005-02-27,38.3,21.6,28.06,0.15,0.2,13.36,19.7
2005-02-28,32.98,18.95,25.75,0.03,0.2,11.05,22.83
2005-03-01,39.49,21.45,28.81,0.67,0.2,13.53,18.39
2005-03-02,32.28,23.3,27.35,0.63,0.2,14.76,12.6
2005-03-03,36.64,23.45,29.48,0.17,0.21,11.14,24.99
2005-03-04,33.7,22.99,28.5,0.0,0.2,10.91,18.93
2005-03-05,27.46,22.69,25.15,0.3,0.2,9.27,11.23
2005-03-06,36.05,20.71,27.92,0.0,0.2,7.3,25.24
2005-03-07,37.69,21.19,29.5,0.73,0.2,8.53,21.0
2005-03-08,38.97,21.43,29.62,0.02,0.2,10.86,24.25
2005-03-09,38.49,22.07,29.69,0.0,0.2,11.06,22.7
2005-03-10,36.63,19.05,27.54,0.0,0.2,13.18,24.67
2005-03-11,34.05,15.33,24.07,0.0,0.2,7.29,26.61
2005-03-12,40.53,21.03,31.03,0.25,0.2,9.14,21.85
2005-03-13,33.8,24.53,28.74,0.63,0.2,14.36,8.84
2005-03-14,35.56,21.4,28.0,0.74,0.2,12.99,11.63
2005-03-15,38.1,22.9,30.53,0.02,0.2,14.08,24.32
2005-03-16,37.04,24.74,30.13,2.61,0.2,13.06,23.42
2005-03-17,38.0,23.1,28.86,1.5,0.21,12.53,22.51
2005-03-18,32.62,22.03,26.68,5.16,0.22,16.26,10.44
2005-03-19,33.48,20.29,26.74,2.59,0.22,16.26,22.76
2005-03-20,35.89,21.74,28.16,1.16,0.22,15.11,16.76
2005-03-21,36.02,20.48,28.33,0.02,0.22,14.54,22.47
2005-03-22,39.69,22.68,31.06,0.0,0.21,9.07,23.9
2005-03-23,40.01,22.72,30.53,0.0,0.21,7.45,24.21
2005-03-24,38.37,19.88,28.86,0.02,0.21,12.27,23.45
2005-03-25,38.95,20.66,29.48,0.06,0.21,8.43,23.58
2005-03-26,35.02,23.0,28.25,0.96,0.21,16.78,13.85
2005-03-27,38.17,24.16,28.96,10.11,0.22,19.11,19.68
2005-03-28,31.4,23.5,26.66,0.36,0.23,18.17,12.87
2005-03-29,35.48,20.7,27.66,0.07,0.22,14.29,20.1
2005-03-30,26.55,19.05,22.61,0.01,0.22,13.04,16.99
2005-03-31,22.85,13.49,17.99,13.48,0.23,13.45,7.1
2005-04-01,19.33,11.93,15.07,2.73,0.25,10.08,13.58
2005-04-02,23.46,11.56,17.32,0.21,0.25,9.3,15.16
2005-04-03,28.85,11.9,20.03,0.0,0.24,7.74,22.05
2005-04-04,34.11,14.26,23.77,0.02,0.24,4.97,21.56
2005-04-05,34.96,17.21,25.98,0.0,0.24,9.0,21.45
2005-04-06,36.07,18.21,26.88,0.0,0.24,6.93,21.31
2005-04-07,36.87,18.07,26.9,0.0,0.23,3.1,21.72
2005-04-08,30.21,17.64,22.54,0.01,0.23,9.18,14.52
2005-04-09,25.73,14.61,19.34,0.03,0.23,7.98,21.49
2005-04-10,30.07,10.43,19.92,0.0,0.23,2.19,21.48
2005-04-11,36.48,13.99,24.69,0.01,0.23,4.46,20.61
2005-04-12,30.59,16.93,22.93,0.0,0.23,9.5,17.4
2005-04-13,28.73,15.33,20.81,0.0,0.23,9.05,20.28
2005-04-14,33.3,15.44,23.53,0.0,0.23,7.33,19.64
2005-04-15,35.28,16.03,24.86,0.0,0.23,5.25,20.06
2005-04-16,31.33,17.29,23.11,0.0,0.23,10.43,19.13
2005-04-17,29.1,14.14,21.09,0.0,0.23,10.14,19.56
2005-04-18,30.51,13.01,21.25,0.0,0.23,3.51,19.72
2005-04-19,34.04,14.28,23.63,0.0,0.23,2.45,19.49
2005-04-20,32.49,15.46,22.9,0.0,0.23,7.04,19.33
2005-04-21,29.2,12.95,20.5,0.0,0.23,9.79,18.8
2005-04-22,32.46,14.67,22.73,0.0,0.23,10.12,18.5
2005-04-23,30.17,15.35,21.85,0.0,0.22,13.73,17.97
2005-04-24,28.33,13.58,20.28,0.0,0.22,9.17,18.64
2005-04-25,34.1,12.81,22.42,0.0,0.22,5.74,18.31
2005-04-26,30.57,14.38,21.36,0.0,0.22,9.25,15.66
2005-04-27,26.25,15.32,19.75,0.0,0.22,11.08,9.83
2005-04-28,27.23,14.09,20.68,0.01,0.22,9.91,14.22
2005-04-29,27.12,19.08,22.42,0.09,0.22,13.0,9.13
2005-04-30,27.84,17.32,21.66,2.62,0.23,11.68,6.42
2005-05-01,28.3,19.98,23.08,23.7,0.24,15.9,7.26
2005-05-02,24.86,17.2,20.45,9.69,0.28,17.03,9.2
2005-05-03,23.43,17.05,19.81,7.17,0.29,17.0,9.02
2005-05-04,23.98,14.51,18.77,0.38,0.29,13.12,9.53
2005-05-05,23.66,12.59,17.29,0.05,0.29,10.14,14.84
2005-05-06,24.16,13.69,18.43,0.14,0.28,13.64,8.29
2005-05-07,28.63,14.04,20.61,0.0,0.28,11.14,14.91
2005-05-08,31.41,13.62,21.77,0.15,0.28,9.44,15.83
2005-05-09,31.3,15.08,22.32,0.01,0.28,8.06,16.28
2005-05-10,31.95,15.27,23.05,0.04,0.27,7.49,11.27
2005-05-11,29.51,16.25,21.47,5.91,0.27,14.1,10.93
2005-05-12,23.21,15.65,19.3,8.9,0.3,15.06,13.84
2005-05-13,22.79,12.35,17.0,0.47,0.3,11.5,13.21
2005-05-14,25.81,10.78,17.74,0.0,0.29,9.34,15.56
2005-05-15,28.96,12.48,20.23,0.0,0.29,10.67,11.95
2005-05-16,22.17,11.87,17.55,3.44,0.29,12.18,6.69
2005-05-17,25.14,9.55,16.5,0.01,0.29,9.35,15.71
2005-05-18,29.64,14.41,21.07,0.3,0.29,12.01,9.09
2005-05-19,24.0,16.41,19.94,2.04,0.29,15.97,10.21
2005-05-20,22.86,15.08,18.76,4.9,0.29,15.34,7.49
2005-05-21,24.12,16.31,19.15,4.41,0.3,12.43,9.04
2005-05-22,22.97,14.42,17.76,2.62,0.31,11.48,12.68
2005-05-23,24.64,10.99,17.25,0.0,0.31,9.93,14.25
2005-05-24,24.27,11.42,17.22,0.0,0.3,10.14,8.29
2005-05-25,26.59,12.83,18.92,0.0,0.3,9.94,14.41
2005-05-26,27.57,13.82,19.53,0.0,0.3,9.43,14.08
2005-05-27,27.09,12.29,18.69,0.0,0.3,6.44,14.47
2005-05-28,27.95,13.18,19.66,0.0,0.3,4.21,10.42
2005-05-29,28.34,14.31,19.77,0.0,0.29,4.36,13.77
2005-05-30,25.68,12.6,18.27,0.0,0.29,2.51,11.03
2005-05-31,24.65,12.77,17.31,0.0,0.29,1.3,9.48
2005-06-01,23.24,12.05,16.78,0.0,0.29,-0.57,10.24
2005-06-02,26.01,10.67,17.62,0.0,0.29,0.53,9.33
2005-06-03,23.62,13.77,17.72,0.3,0.29,11.85,9.67
2005-06-04,23.1,13.11,17.56,3.08,0.29,13.76,8.07
2005-06-05,24.6,13.13,18.1,4.21,0.3,12.83,10.57
2005-06-06,21.37,13.38,16.63,12.32,0.31,13.25,7.0
2005-06-07,18.75,10.62,14.49,2.86,0.32,10.42,9.84
2005-06-08,20.1,12.32,15.38,7.74,0.32,11.77,11.11
2005-06-09,14.96,8.17,11.88,5.95,0.34,8.43,9.9
2005-06-10,15.71,7.13,11.33,0.67,0.34,7.73,10.86
2005-06-11,16.26,11.09,13.14,3.6,0.34,9.48,8.99
2005-06-12,15.46,8.42,11.66,2.22,0.34,7.18,8.35
2005-06-13,14.35,5.95,10.08,0.84,0.34,5.79,11.93
2005-06-14,16.92,4.38,10.44,0.05,0.34,5.01,13.08
2005-06-15,18.69,5.79,11.05,0.0,0.33,2.51,13.74
2005-06-16,14.55,6.22,9.55,12.36,0.35,4.91,5.26
2005-06-17,15.08,7.67,10.94,1.37,0.35,8.02,11.32
2005-06-18,17.17,7.28,11.99,0.66,0.35,8.01,10.4
2005-06-19,16.29,5.52,10.18,0.22,0.35,6.9,11.06
2005-06-20,15.05,3.18,8.05,0.0,0.35,4.37,13.15
2005-06-21,16.33,2.85,8.67,0.0,0.35,2.98,14.09
2005-06-22,20.16,3.27,10.51,0.0,0.34,0.44,14.18
2005-06-23,14.1,7.78,10.03,11.14,0.35,6.16,6.35
2005-06-24,16.96,5.84,11.39,0.05,0.36,7.14,12.47
2005-06-25,18.84,6.5,12.06,0.0,0.36,5.83,13.73
2005-06-26,20.03,5.21,11.41,0.02,0.35,3.48,14.07
2005-06-27,20.34,4.69,11.32,0.0,0.35,1.96,14.2
2005-06-28,20.7,4.91,11.65,0.0,0.35,2.27,14.19
2005-06-29,15.66,8.07,11.31,1.27,0.35,4.23,6.2
2005-06-30,17.94,8.89,13.04,0.72,0.35,9.21,11.82
2005-07-01,18.32,6.84,11.43,0.0,0.35,6.15,13.6
2005-07-02,21.08,3.97,11.9,0.0,0.35,2.43,13.76
2005-07-03,20.53,5.4,12.46,0.63,0.34,4.04,13.85
2005-07-04,16.44,6.29,12.15,1.97,0.35,7.86,11.38
2005-07-05,15.49,4.75,9.14,0.12,0.35,4.81,11.03
2005-07-06,13.96,2.77,7.56,0.0,0.34,1.1,13.87
2005-07-07,14.76,0.62,6.81,0.0,0.34,-0.45,14.29
2005-07-08,16.5,0.67,7.6,0.0,0.34,-1.69,14.4
2005-07-09,19.69,2.1,9.63,0.0,0.34,-1.25,13.88
2005-07-10,17.06,4.98,10.22,0.04,0.34,3.78,10.45
2005-07-11,15.79,3.64,8.21,0.0,0.34,2.46,14.37
2005-07-12,16.81,1.5,8.86,1.3,0.34,2.17,14.25
2005-07-13,17.44,7.36,11.9,1.53,0.34,8.18,12.07
2005-07-14,18.68,7.93,12.42,0.25,0.34,8.75,11.62
2005-07-15,17.72,9.44,12.69,0.1,0.34,8.23,8.86
2005-07-16,19.26,6.69,12.63,0.02,0.34,5.36,12.99
2005-07-17,20.22,5.48,12.38,0.0,0.34,3.45,14.5
2005-07-18,20.36,4.91,11.69,0.02,0.33,1.6,15.09
2005-07-19,22.23,5.41,12.54,0.0,0.33,1.22,14.73
2005-07-20,23.3,6.49,14.89,1.65,0.33,9.94,10.12
2005-07-21,18.69,10.88,14.58,1.47,0.33,9.01,13.1
2005-07-22,17.73,7.79,12.06,0.01,0.33,6.72,12.46
2005-07-23,19.38,6.56,11.8,0.0,0.33,6.88,11.35
2005-07-24,19.27,5.83,11.51,0.0,0.33,6.41,14.94
2005-07-25,22.04,6.01,12.95,0.0,0.33,6.72,14.87
2005-07-26,24.85,6.06,14.93,0.0,0.33,4.04,15.44
2005-07-27,24.73,9.72,15.84,0.0,0.33,4.76,12.95
2005-07-28,22.03,7.68,13.85,0.18,0.32,8.39,15.52
2005-07-29,20.44,7.03,12.85,0.0,0.32,8.86,12.6
2005-07-30,20.39,7.94,12.77,0.01,0.32,6.86,15.68
2005-07-31,24.02,5.39,14.26,0.0,0.32,1.77,16.04
2005-08-01,25.28,7.23,15.03,0.02,0.32,1.75,15.22
2005-08-02,17.09,7.09,11.98,0.29,0.32,9.09,7.58
2005-08-03,17.59,6.37,11.02,0.0,0.32,4.31,15.34
2005-08-04,19.35,2.69,10.17,0.0,0.32,1.37,16.19
2005-08-05,20.59,2.52,10.67,0.0,0.31,-0.26,17.22
2005-08-06,20.54,4.56,11.38,0.0,0.31,3.31,16.37
2005-08-07,22.07,5.38,12.52,0.0,0.31,1.61,16.86
2005-08-08,24.36,4.06,13.66,0.0,0.31,-3.04,17.73
2005-08-09,24.0,4.14,12.82,0.0,0.31,-2.1,17.05
2005-08-10,19.99,6.07,12.44,0.17,0.31,7.98,12.14
2005-08-11,22.31,6.42,13.52,0.0,0.31,5.86,17.77
2005-08-12,26.47,9.02,17.02,8.32,0.31,6.82,10.97
2005-08-13,18.69,11.13,14.23,4.73,0.33,10.14,11.45
2005-08-14,17.54,5.89,11.41,0.01,0.32,3.71,17.12
2005-08-15,21.92,3.86,12.1,0.0,0.32,0.53,17.89
2005-08-16,17.87,7.31,11.22,8.6,0.32,7.77,7.63
2005-08-17,16.7,7.71,11.41,9.94,0.34,7.87,14.17
2005-08-18,13.56,4.08,8.54,4.84,0.35,4.51,16.11
2005-08-19,17.17,1.51,8.45,0.0,0.35,0.71,18.82
2005-08-20,19.04,1.9,9.94,0.06,0.34,0.38,19.1
2005-08-21,21.09,3.62,11.68,0.0,0.34,1.96,18.62
2005-08-22,22.47,5.05,13.19,0.02,0.34,1.18,19.36
2005-08-23,15.96,8.32,10.74,7.19,0.34,5.64,4.44
2005-08-24,13.46,7.51,9.88,7.02,0.35,7.79,9.19
2005-08-25,17.5,8.27,11.77,1.19,0.36,8.3,10.79
2005-08-26,20.33,7.03,12.6,0.0,0.35,6.36,13.26
2005-08-27,22.2,8.17,14.37,0.0,0.35,7.61,17.79
2005-08-28,22.51,8.87,15.0,0.92,0.35,11.06,13.06
2005-08-29,18.82,8.54,13.54,0.93,0.35,8.56,15.65
2005-08-30,17.85,8.95,13.19,0.18,0.34,6.27,15.38
2005-08-31,18.94,5.73,11.38,0.0,0.34,2.18,14.86
2005-09-01,20.84,3.13,11.51,0.0,0.34,3.0,20.61
2005-09-02,20.32,4.75,12.0,0.0,0.34,4.33,20.61
2005-09-03,22.78,5.84,13.41,0.0,0.34,4.67,21.64
2005-09-04,22.62,7.91,13.82,0.01,0.33,7.15,20.65
2005-09-05,22.94,7.21,14.77,2.22,0.33,8.86,20.65
2005-09-06,19.8,9.89,14.36,2.44,0.34,8.17,14.96
2005-09-07,19.11,11.11,14.32,1.97,0.34,9.8,15.12
2005-09-08,19.71,9.2,14.26,1.26,0.34,9.37,14.12
2005-09-09,18.36,6.52,12.18,0.45,0.34,5.19,20.31
2005-09-10,18.8,2.88,10.28,0.02,0.33,-1.2,20.4
2005-09-11,25.04,4.48,13.92,0.02,0.33,-0.03,17.64
2005-09-12,19.23,7.9,13.1,0.29,0.33,7.5,15.86
2005-09-13,21.71,5.9,13.21,0.0,0.33,6.62,21.6
2005-09-14,22.27,8.74,14.88,0.17,0.32,9.1,15.8
2005-09-15,22.7,5.71,13.41,0.0,0.32,1.26,23.51
2005-09-16,27.48,5.82,15.64,0.0,0.32,-0.42,24.36
2005-09-17,20.46,8.31,14.31,1.28,0.32,7.16,21.59
2005-09-18,22.65,6.65,13.9,0.0,0.32,4.97,22.31
2005-09-19,31.18,8.43,18.73,0.01,0.31,5.16,23.98
2005-09-20,19.36,12.86,15.36,13.53,0.32,12.1,15.82
2005-09-21,22.53,10.37,15.21,0.55,0.33,8.74,19.33
2005-09-22,25.67,8.0,16.0,0.0,0.33,7.7,23.87
2005-09-23,26.61,8.86,17.08,0.01,0.32,8.86,23.12
2005-09-24,21.4,9.98,14.7,0.18,0.32,7.24,19.76
2005-09-25,25.1,6.98,15.62,0.0,0.32,5.09,25.35
2005-09-26,30.38,8.81,18.28,0.0,0.32,5.63,24.46
2005-09-27,20.09,8.95,13.68,0.04,0.31,6.41,21.31
2005-09-28,20.88,9.31,14.02,0.01,0.31,6.17,17.76
2005-09-29,18.47,8.19,13.03,0.4,0.31,7.75,18.08
2005-09-30,23.83,7.39,15.28,0.11,0.31,9.16,24.25
2005-10-01,25.98,11.29,17.18,0.05,0.31,10.92,22.59
2005-10-02,25.56,11.44,17.46,0.05,0.31,10.06,23.97
2005-10-03,28.95,9.29,17.93,0.01,0.3,9.64,24.16
2005-10-04,19.31,9.94,15.24,1.54,0.3,10.49,13.95
2005-10-05,22.59,6.42,14.14,0.26,0.3,4.92,25.67
2005-10-06,21.71,7.19,14.38,0.24,0.3,6.11,22.51
2005-10-07,23.91,6.63,15.07,0.0,0.3,4.91,27.4
2005-10-08,26.42,7.81,16.24,0.0,0.3,5.24,27.08
2005-10-09,24.62,9.1,15.45,0.01,0.3,8.09,22.72
2005-10-10,21.23,4.75,12.46,0.0,0.29,-1.82,28.7
2005-10-11,25.25,4.37,14.74,0.0,0.29,-0.92,28.0
2005-10-12,22.83,6.2,14.18,0.0,0.29,5.06,25.85
2005-10-13,24.68,6.64,15.32,0.0,0.29,1.61,28.52
2005-10-14,27.27,6.98,17.06,0.0,0.29,-1.28,29.01
2005-10-15,29.41,9.37,18.88,0.0,0.29,1.77,20.38
2005-10-16,25.16,10.64,16.75,0.0,0.28,7.12,26.63
2005-10-17,25.61,10.53,17.59,0.0,0.28,7.33,17.33
2005-10-18,26.81,9.27,18.12,0.0,0.28,5.39,28.59
2005-10-19,29.77,8.76,19.21,0.0,0.28,3.67,28.6
2005-10-20,32.17,9.55,19.91,0.0,0.28,6.58,29.23
2005-10-21,26.52,9.43,17.64,0.06,0.28,10.19,25.7
2005-10-22,27.35,10.08,18.49,0.0,0.28,7.91,27.83
2005-10-23,33.84,10.72,21.94,0.0,0.27,6.54,29.32
2005-10-24,27.34,13.33,18.69,0.66,0.27,10.92,26.45
2005-10-25,23.2,11.04,16.45,0.03,0.27,5.01,25.05
2005-10-26,25.41,7.35,16.23,0.03,0.27,5.88,28.63
2005-10-27,24.0,9.78,16.51,2.6,0.27,9.28,24.11
2005-10-28,25.66,11.77,18.05,1.79,0.28,9.16,22.02
2005-10-29,29.18,8.7,18.58,0.0,0.27,6.87,30.49
2005-10-30,26.34,10.37,17.81,0.04,0.27,9.45,28.89
2005-10-31,24.41,8.69,16.28,0.01,0.27,5.41,25.72
2005-11-01,22.79,7.84,15.37,0.0,0.27,2.9,28.52
2005-11-02,27.1,6.66,17.26,0.0,0.27,0.7,31.39
2005-11-03,29.6,10.19,19.08,0.0,0.26,2.43,30.05
2005-11-04,29.47,8.74,18.38,0.0,0.26,6.73,31.06
2005-11-05,25.95,11.88,18.23,0.28,0.26,6.67,26.91
2005-11-06,29.35,7.74,18.38,0.0,0.26,3.14,32.04
2005-11-07,25.56,9.78,17.0,0.01,0.26,8.71,31.0
2005-11-08,25.43,11.26,17.34,0.32,0.26,5.8,30.17
2005-11-09,25.58,7.66,16.79,0.0,0.26,3.24,30.08
2005-11-10,30.74,8.8,20.05,0.0,0.26,0.2,32.42
2005-11-11,31.94,9.64,20.96,0.0,0.26,3.5,30.25
2005-11-12,35.48,12.67,23.49,0.0,0.25,6.62,31.69
2005-11-13,31.44,11.97,21.07,0.0,0.25,5.48,31.69
2005-11-14,33.96,13.98,23.71,0.0,0.25,8.09,31.88
2005-11-15,38.39,19.07,28.42,0.0,0.25,11.94,30.08
2005-11-16,39.32,18.29,27.55,0.0,0.25,9.23,28.4
2005-11-17,33.36,15.95,24.39,0.0,0.25,9.36,31.59
2005-11-18,32.57,16.24,23.93,0.0,0.25,1.35,32.95
2005-11-19,35.71,15.04,25.71,0.0,0.24,-0.51,32.92
2005-11-20,39.13,17.41,28.49,0.0,0.24,1.22,32.42
2005-11-21,39.84,18.53,29.41,0.0,0.24,4.38,31.64
2005-11-22,40.94,21.75,30.9,0.01,0.24,8.07,30.46
2005-11-23,41.52,19.43,30.37,0.0,0.24,7.89,32.05
2005-11-24,40.93,19.83,30.26,0.0,0.24,5.52,31.95
2005-11-25,37.43,19.67,28.96,0.0,0.24,7.49,29.46
2005-11-26,36.8,21.19,28.16,0.01,0.24,6.2,16.27
2005-11-27,35.26,17.83,25.88,0.0,0.24,10.19,32.39
2005-11-28,30.45,16.09,21.92,0.0,0.23,10.8,28.99
2005-11-29,29.69,14.51,21.02,0.0,0.23,7.6,29.31
2005-11-30,27.28,11.14,19.02,0.0,0.23,4.7,33.5
2005-12-01,32.24,11.3,22.22,0.0,0.23,0.76,33.7
2005-12-02,33.74,15.29,23.34,0.0,0.23,4.07,32.6
2005-12-03,28.19,13.96,19.99,0.0,0.23,9.23,32.25
2005-12-04,28.75,14.2,20.06,0.01,0.23,9.57,32.32
2005-12-05,25.85,13.97,19.04,0.05,0.23,8.55,27.9
2005-12-06,27.71,10.87,18.75,0.0,0.23,3.41,32.27
2005-12-07,29.18,10.17,19.68,0.0,0.23,5.47,33.27
2005-12-08,31.12,12.07,21.22,0.0,0.23,6.58,33.79
2005-12-09,31.59,11.81,21.69,0.0,0.23,5.95,33.64
2005-12-10,36.35,12.61,23.36,0.07,0.23,4.87,32.88
2005-12-11,26.35,13.94,19.45,0.25,0.23,8.79,27.07
2005-12-12,28.75,11.4,19.72,0.0,0.23,5.02,33.47
2005-12-13,32.54,11.64,21.94,0.0,0.22,5.63,33.8
2005-12-14,30.56,12.81,20.71,0.0,0.22,7.6,33.79
2005-12-15,30.42,13.95,21.36,0.0,0.22,4.32,34.15
2005-12-16,33.58,12.21,23.31,0.0,0.22,6.21,33.24
2005-12-17,39.53,17.17,29.02,0.0,0.22,4.19,33.91
2005-12-18,44.51,20.98,32.38,0.0,0.22,2.21,33.91
2005-12-19,35.2,18.85,26.08,0.0,0.22,12.98,29.77
2005-12-20,34.29,16.62,24.43,0.0,0.22,9.58,32.31
2005-12-21,36.01,15.0,25.12,0.0,0.22,6.69,31.81
2005-12-22,33.09,14.05,22.09,0.0,0.22,7.14,33.51
2005-12-23,29.65,15.26,21.82,0.0,0.22,4.12,33.79
2005-12-24,34.7,12.04,23.83,0.0,0.22,0.65,33.93
2005-12-25,39.6,16.2,27.91,0.0,0.22,0.49,34.18
2005-12-26,34.05,14.75,23.74,0.0,0.22,8.3,33.37
2005-12-27,33.63,14.99,23.94,0.0,0.21,6.32,33.58
2005-12-28,38.54,14.71,27.02,0.0,0.21,2.54,33.98
2005-12-29,40.04,16.99,28.31,0.0,0.21,4.97,33.26
2005-12-30,37.4,15.78,25.37,0.0,0.21,10.05,33.28
2005-12-31,29.03,12.2,20.97,0.04,0.21,3.77,32.28
2006-01-01,30.32,12.27,21.78,0.03,0.21,-0.31,34.15
2006-01-02,32.0,17.58,23.69,1.17,0.21,9.01,19.49
2006-01-03,35.32,16.88,26.77,2.15,0.22,13.73,23.95
2006-01-04,39.16,22.08,31.13,0.67,0.22,12.79,30.07
2006-01-05,41.82,23.85,32.79,2.66,0.22,14.83,27.83
2006-01-06,37.24,25.87,31.56,5.19,0.22,20.03,30.39
2006-01-07,37.0,25.34,31.17,3.79,0.22,19.65,29.87
2006-01-08,38.79,24.71,31.5,1.04,0.23,17.41,30.35
2006-01-09,36.7,21.63,29.51,1.36,0.22,14.11,29.84
2006-01-10,35.99,21.45,28.87,0.58,0.22,14.71,29.34
2006-01-11,30.68,21.08,24.96,24.72,0.23,18.26,16.46
2006-01-12,32.79,20.34,26.09,19.02,0.3,20.29,14.76
2006-01-13,33.76,19.88,26.11,0.19,0.29,18.53,16.49
2006-01-14,35.84,17.63,25.96,0.0,0.28,14.22,25.57
2006-01-15,38.03,16.62,26.65,0.0,0.27,13.1,32.65
2006-01-16,39.04,17.52,27.48,0.0,0.27,13.88,32.55
2006-01-17,40.11,18.1,27.85,0.0,0.26,14.44,32.35
2006-01-18,37.3,17.38,26.63,0.0,0.26,12.52,33.14
2006-01-19,41.33,16.77,29.36,0.0,0.26,12.3,31.84
2006-01-20,45.89,23.35,34.74,0.07,0.26,14.02,28.27
2006-01-21,41.08,21.14,30.17,0.06,0.26,13.49,30.57
2006-01-22,34.31,20.42,27.53,0.06,0.25,15.19,30.33
2006-01-23,37.19,24.28,30.87,0.86,0.25,17.42,25.74
2006-01-24,37.49,26.7,31.39,6.13,0.26,18.16,25.62
2006-01-25,35.21,24.86,28.89,1.18,0.26,20.95,20.53
2006-01-26,36.4,21.2,28.53,0.0,0.26,15.29,28.9
2006-01-27,37.44,20.28,28.78,0.0,0.26,8.18,31.62
2006-01-28,38.43,19.02,28.69,0.0,0.25,8.01,31.58
2006-01-29,31.48,17.81,23.67,0.65,0.25,9.07,30.59
2006-01-30,22.65,14.38,18.65,10.64,0.27,12.43,15.54
2006-01-31,28.53,14.19,21.19,0.0,0.27,7.74,31.17
2006-02-01,31.86,13.03,22.77,0.0,0.26,4.81,31.76
2006-02-02,34.07,14.21,24.77,0.0,0.26,5.59,31.57
2006-02-03,36.27,16.41,27.12,0.0,0.26,6.57,31.42
2006-02-04,36.74,19.47,28.53,0.0,0.26,9.45,31.1
2006-02-05,37.29,22.23,30.65,0.1,0.25,14.75,28.31
2006-02-06,37.65,26.57,31.9,4.01,0.26,16.54,20.29
2006-02-07,39.79,26.2,31.91,0.87,0.26,17.37,14.6
2006-02-08,37.06,19.44,27.63,0.0,0.26,12.05,29.18
2006-02-09,35.31,19.9,27.88,7.73,0.26,14.14,27.97
2006-02-10,35.41,24.94,29.85,6.76,0.27,20.5,22.15
2006-02-11,34.27,23.47,28.4,8.39,0.28,21.26,21.35
2006-02-12,36.55,22.8,29.87,0.55,0.28,18.17,28.09
2006-02-13,37.42,23.92,30.89,1.52,0.28,16.09,28.66
2006-02-14,40.24,24.25,32.28,0.0,0.27,14.46,28.18
2006-02-15,36.41,18.47,28.06,0.0,0.27,15.85,29.07
2006-02-16,31.14,14.81,22.51,0.0,0.27,9.58,28.82
2006-02-17,35.29,14.58,24.59,0.0,0.26,9.46,30.13
2006-02-18,34.32,15.07,24.49,0.0,0.26,10.47,28.67
2006-02-19,36.36,18.48,27.11,0.0,0.26,10.12,29.25
2006-02-20,39.97,22.15,30.69,0.12,0.26,10.5,28.58
2006-02-21,40.27,24.82,32.16,4.84,0.26,14.03,24.14
2006-02-22,38.43,23.56,29.86,10.37,0.27,17.62,24.17
2006-02-23,29.66,20.93,24.6,1.63,0.28,17.11,17.46
2006-02-24,35.31,18.75,27.43,0.03,0.28,12.67,26.49
2006-02-25,37.3,21.33,29.9,0.15,0.27,14.16,26.75
2006-02-26,37.24,25.28,30.68,0.02,0.27,14.06,23.63
2006-02-27,35.65,22.79,28.72,0.01,0.27,11.95,20.06
2006-02-28,28.39,20.49,24.21,4.89,0.27,17.41,11.54
2006-03-01,30.77,19.32,23.69,0.51,0.28,16.37,14.77
2006-03-02,33.69,17.76,25.15,0.0,0.27,12.91,23.36
2006-03-03,36.33,17.32,27.59,0.0,0.27,12.39,26.27
2006-03-04,39.21,23.52,31.69,0.0,0.27,14.86,25.54
2006-03-05,39.38,24.25,32.24,0.0,0.26,14.7,24.03
2006-03-06,38.11,24.11,31.13,0.0,0.26,13.66,24.92
2006-03-07,37.77,21.95,30.1,0.0,0.26,11.34,25.62
2006-03-08,39.09,21.37,30.66,0.0,0.26,9.45,23.81
2006-03-09,39.62,23.69,31.91,0.0,0.26,10.74,21.96
2006-03-10,40.73,21.15,30.65,0.0,0.26,12.17,22.12
2006-03-11,32.47,18.22,24.19,0.0,0.25,11.27,25.55
2006-03-12,33.77,15.03,23.76,0.0,0.25,6.57,26.61
2006-03-13,36.24,17.67,26.9,0.0,0.25,8.54,25.63
2006-03-14,38.69,20.88,29.92,0.0,0.25,12.09,23.49
2006-03-15,35.47,19.74,27.34,0.0,0.25,7.08,25.93
2006-03-16,34.0,18.2,25.79,0.0,0.25,4.87,26.15
2006-03-17,34.18,16.7,25.06,0.0,0.25,3.36,26.31
2006-03-18,33.58,16.27,24.79,0.0,0.25,3.42,25.96
2006-03-19,34.83,16.52,25.55,0.0,0.25,3.79,25.54
2006-03-20,37.35,17.98,27.53,0.0,0.24,6.15,24.77
2006-03-21,38.77,19.99,29.26,0.07,0.24,7.52,24.36
2006-03-22,32.6,15.84,23.84,0.04,0.24,11.55,22.54
2006-03-23,26.73,11.73,18.72,0.0,0.24,5.83,23.94
2006-03-24,27.15,11.57,18.95,0.0,0.24,7.22,22.68
2006-03-25,28.06,12.34,19.64,0.0,0.24,5.59,24.56
2006-03-26,29.59,12.13,20.66,0.0,0.24,4.64,24.35
2006-03-27,33.52,15.28,24.02,0.04,0.24,7.01,23.61
2006-03-28,34.03,18.93,26.08,0.08,0.24,10.83,15.83
2006-03-29,33.17,19.18,26.11,0.38,0.24,9.4,20.03
2006-03-30,30.26,17.91,23.57,0.14,0.24,6.67,22.69
2006-03-31,20.0,16.04,17.85,31.41,0.26,11.92,6.2
2006-04-01,25.43,15.68,19.87,10.78,0.32,15.46,10.27
2006-04-02,25.99,12.02,18.56,0.01,0.31,10.86,13.52
2006-04-03,25.79,13.37,19.04,0.0,0.3,9.72,20.63
2006-04-04,26.01,11.59,18.38,0.0,0.29,7.89,20.77
2006-04-05,25.55,10.54,17.76,0.0,0.29,6.56,22.68
2006-04-06,27.77,11.14,18.91,0.0,0.29,7.38,22.59
2006-04-07,30.74,12.55,21.43,0.02,0.29,9.63,21.55
2006-04-08,30.77,15.61,23.53,0.0,0.28,12.38,19.34
2006-04-09,29.59,15.95,22.8,0.05,0.28,11.93,16.64
2006-04-10,27.35,11.27,18.66,0.0,0.28,8.32,21.68
2006-04-11,26.09,11.44,18.57,0.0,0.28,10.39,16.99
2006-04-12,27.77,11.1,19.24,0.0,0.28,8.47,21.01
2006-04-13,27.58,12.84,19.05,0.0,0.28,7.82,19.84
2006-04-14,29.55,12.34,20.54,0.09,0.28,8.61,20.48
2006-04-15,32.03,17.23,24.12,1.95,0.27,12.48,19.43
2006-04-16,26.82,13.34,20.15,1.49,0.28,8.68,18.95
2006-04-17,22.17,8.94,14.99,0.0,0.28,3.35,20.05
2006-04-18,25.43,7.57,16.03,0.0,0.28,1.58,20.26
2006-04-19,27.57,9.27,17.87,0.0,0.27,6.45,19.54
2006-04-20,31.11,14.34,22.04,0.02,0.27,7.54,18.74
2006-04-21,29.94,16.18,22.96,0.03,0.27,9.9,11.47
2006-04-22,29.74,15.57,22.27,0.01,0.27,14.5,15.59
2006-04-23,25.85,11.64,18.37,0.0,0.27,9.75,14.72
2006-04-24,25.96,12.95,18.54,0.0,0.27,11.71,14.71
2006-04-25,24.88,12.61,17.76,0.23,0.27,11.55,12.58
2006-04-26,21.52,10.82,15.68,0.42,0.27,8.26,15.04
2006-04-27,21.83,7.49,14.15,0.0,0.27,3.96,18.69
2006-04-28,22.57,7.03,14.45,0.0,0.27,2.99,18.54
2006-04-29,24.01,8.51,15.83,0.0,0.27,4.4,18.13
2006-04-30,24.89,8.72,16.39,0.0,0.27,3.86,18.2
2006-05-01,25.23,9.31,16.46,0.0,0.26,4.17,16.02
2006-05-02,26.0,9.16,16.96,0.0,0.26,3.36,18.06
2006-05-03,27.04,9.13,17.55,0.0,0.26,3.97,17.85
2006-05-04,27.95,10.08,18.01,0.0,0.26,3.08,17.66
2006-05-05,25.47,7.96,16.14,0.0,0.26,5.05,17.36
2006-05-06,24.82,12.57,17.76,0.0,0.26,11.24,11.55
2006-05-07,24.77,10.53,16.91,0.0,0.26,6.49,17.15
2006-05-08,26.31,9.05,16.98,0.0,0.26,2.68,17.24
2006-05-09,26.15,9.71,17.2,0.0,0.26,1.8,15.79
2006-05-10,27.3,10.09,18.02,0.0,0.26,0.58,16.77
2006-05-11,28.11,9.75,18.03,0.0,0.26,0.52,16.62
2006-05-12,27.66,9.51,17.58,0.0,0.26,0.01,16.73
2006-05-13,25.87,9.73,16.51,0.0,0.25,0.6,14.47
2006-05-14,25.18,10.27,16.86,0.0,0.25,1.31,12.02
2006-05-15,25.74,13.47,18.37,1.65,0.26,5.59,8.23
2006-05-16,26.75,12.44,19.05,0.75,0.26,7.95,8.66
2006-05-17,27.67,11.82,19.44,0.43,0.26,7.9,12.18
2006-05-18,26.13,13.16,18.54,0.83,0.26,5.14,9.83
2006-05-19,23.76,10.07,16.46,0.08,0.26,6.43,14.89
2006-05-20,24.03,10.34,16.6,0.0,0.26,7.5,15.28
2006-05-21,25.51,10.13,16.96,0.0,0.25,4.57,15.2
2006-05-22,27.61,13.1,19.26,0.2,0.25,4.05,9.1
2006-05-23,24.92,13.15,17.71,2.21,0.25,7.46,7.15
2006-05-24,20.37,11.01,14.81,0.27,0.26,6.54,14.21
2006-05-25,21.2,8.86,13.95,0.0,0.26,5.19,14.68
2006-05-26,21.38,7.1,13.39,0.14,0.26,1.05,15.23
2006-05-27,23.29,7.76,15.19,0.07,0.25,2.43,14.7
2006-05-28,23.8,12.73,16.98,0.51,0.25,7.01,11.35
2006-05-29,20.4,9.91,15.64,1.11,0.26,9.82,8.54
2006-05-30,17.02,6.08,10.96,0.0,0.26,4.16,12.88
2006-05-31,16.27,7.79,11.26,0.0,0.26,5.81,10.24
2006-06-01,21.37,7.63,13.42,0.0,0.25,4.83,12.47
2006-06-02,21.88,7.45,13.81,0.0,0.25,4.25,14.04
2006-06-03,22.48,8.53,14.44,0.0,0.25,3.16,14.22
2006-06-04,22.58,7.8,14.03,0.0,0.25,1.54,14.19
2006-06-05,23.43,8.14,15.14,0.01,0.25,5.63,13.47
2006-06-06,23.79,9.6,16.23,0.05,0.25,8.33,13.44
2006-06-07,23.42,9.83,16.0,0.01,0.25,6.75,12.35
2006-06-08,20.92,7.66,13.04,0.0,0.25,4.39,14.1
2006-06-09,18.53,4.98,11.2,0.0,0.25,0.34,13.9
2006-06-10,19.26,4.41,11.05,0.0,0.25,1.41,14.08
2006-06-11,19.12,4.8,11.0,0.0,0.25,1.59,14.08
2006-06-12,20.88,4.81,11.67,0.0,0.25,-0.69,13.98
2006-06-13,21.29,4.36,12.13,0.0,0.25,-2.3,13.93
2006-06-14,22.45,5.65,13.03,0.0,0.25,-1.44,13.62
2006-06-15,21.59,4.56,11.76,0.0,0.25,-5.13,13.99
2006-06-16,19.81,2.51,9.99,0.0,0.25,-6.73,14.2
2006-06-17,22.45,3.54,11.82,0.0,0.25,-1.21,13.81
2006-06-18,24.71,5.79,14.72,0.0,0.25,1.32,13.65
2006-06-19,23.48,8.93,14.99,1.27,0.25,7.73,12.17
2006-06-20,19.51,8.79,13.85,0.98,0.25,8.07,7.67
2006-06-21,19.6,5.68,11.82,0.0,0.25,4.43,12.0
2006-06-22,20.96,5.58,12.39,0.0,0.25,3.33,13.53
2006-06-23,23.29,6.62,13.94,0.12,0.25,2.89,12.38
2006-06-24,23.76,7.91,14.5,0.01,0.25,3.57,13.48
2006-06-25,23.21,8.17,14.8,0.0,0.25,2.3,13.48
2006-06-26,22.72,8.82,14.23,0.08,0.25,7.29,12.52
2006-06-27,22.69,6.57,14.29,3.29,0.25,6.24,13.12
2006-06-28,16.35,6.55,11.79,2.25,0.26,6.16,9.14
2006-06-29,17.67,3.11,10.19,0.0,0.26,1.15,14.13
2006-06-30,20.4,3.28,10.86,0.13,0.25,0.22,14.17
2006-07-01,22.57,8.61,14.55,0.04,0.25,10.49,10.68
2006-07-02,24.7,9.57,15.67,0.0,0.25,6.61,13.3
2006-07-03,22.79,9.05,14.56,0.23,0.25,7.61,13.13
2006-07-04,22.18,10.95,15.43,0.08,0.25,11.18,10.19
2006-07-05,23.11,8.16,14.58,0.0,0.25,5.32,13.79
2006-07-06,23.57,8.39,14.83,0.0,0.25,3.97,14.0
2006-07-07,23.12,8.29,14.35,0.0,0.25,1.28,14.21
2006-07-08,25.02,7.42,14.74,0.03,0.25,0.31,14.21
2006-07-09,21.33,9.17,15.1,4.25,0.25,11.85,8.96
2006-07-10,15.79,7.59,11.24,2.75,0.26,7.67,8.99
2006-07-11,12.58,3.43,8.28,0.1,0.26,3.02,10.46
2006-07-12,13.86,3.13,7.5,0.0,0.26,0.53,14.71
2006-07-13,16.44,0.66,7.56,0.0,0.26,-0.09,14.71
2006-07-14,17.48,0.95,8.46,0.0,0.26,-0.75,14.46
2006-07-15,19.8,3.31,10.73,0.0,0.26,2.75,14.24
2006-07-16,19.49,3.89,10.73,0.0,0.26,2.32,15.06
2006-07-17,18.93,3.7,10.16,0.0,0.25,-0.82,15.22
2006-07-18,19.44,3.66,10.33,0.03,0.25,-2.23,15.24
2006-07-19,19.96,2.6,11.17,0.0,0.25,-1.26,15.25
2006-07-20,20.76,3.92,12.42,1.41,0.25,0.92,14.88
2006-07-21,16.74,5.44,10.36,0.2,0.26,4.91,11.63
2006-07-22,17.44,1.65,8.63,0.0,0.25,1.01,15.6
2006-07-23,22.52,3.56,11.67,0.0,0.25,-1.43,15.84
2006-07-24,20.0,6.13,11.57,10.19,0.26,3.6,6.22
2006-07-25,17.72,6.63,10.89,0.21,0.27,5.09,14.19
2006-07-26,18.98,3.82,10.97,0.0,0.27,1.17,15.75
2006-07-27,18.78,4.25,11.23,1.3,0.27,6.54,11.38
2006-07-28,16.65,3.82,9.46,0.0,0.27,3.73,11.61
2006-07-29,18.96,5.73,11.26,0.15,0.27,5.15,13.15
2006-07-30,20.82,3.91,11.77,0.02,0.27,0.66,16.2
2006-07-31,18.87,6.56,12.03,4.79,0.27,3.8,5.84
2006-08-01,18.48,8.82,12.41,1.12,0.27,9.04,14.1
2006-08-02,20.75,7.86,14.01,0.29,0.27,8.08,11.48
2006-08-03,24.93,6.63,14.5,0.0,0.27,3.82,16.74
2006-08-04,22.01,7.82,14.07,0.39,0.27,9.1,13.69
2006-08-05,23.81,8.38,15.71,0.01,0.27,6.47,15.14
2006-08-06,28.69,10.22,18.49,0.11,0.27,4.63,15.9
2006-08-07,23.19,12.9,16.7,2.24,0.27,13.04,6.41
2006-08-08,19.08,7.72,13.44,0.0,0.27,4.58,15.93
2006-08-09,26.75,6.56,15.66,0.0,0.27,3.55,16.37
2006-08-10,27.57,8.03,15.93,0.19,0.27,5.18,17.37
2006-08-11,25.69,7.57,14.93,0.0,0.27,7.8,17.6
2006-08-12,23.67,8.22,15.04,0.32,0.27,10.69,16.15
2006-08-13,22.13,9.97,15.14,0.34,0.27,9.59,12.11
2006-08-14,22.93,8.1,14.39,0.0,0.27,7.24,16.46
2006-08-15,20.1,9.79,13.84,4.07,0.27,10.24,9.71
2006-08-16,18.67,6.4,11.72,0.09,0.27,4.52,16.91
2006-08-17,22.81,3.62,12.39,0.0,0.27,-2.11,19.05
2006-08-18,23.28,6.34,14.21,0.02,0.27,4.92,18.48
2006-08-19,25.08,8.65,16.04,1.77,0.27,11.6,12.73
2006-08-20,23.26,11.24,16.15,0.94,0.27,10.74,12.79
2006-08-21,24.51,8.86,16.42,0.16,0.27,10.03,12.25
2006-08-22,19.48,12.71,15.61,6.39,0.28,10.74,14.22
2006-08-23,22.67,10.19,14.93,0.69,0.28,7.81,18.39
2006-08-24,26.82,7.16,16.62,0.0,0.28,3.63,19.98
2006-08-25,24.58,7.82,15.54,0.0,0.27,8.24,16.84
2006-08-26,19.72,8.14,13.17,0.0,0.27,4.95,16.74
2006-08-27,22.69,4.96,13.07,0.0,0.27,-0.35,20.73
2006-08-28,28.07,7.62,17.04,0.0,0.27,1.28,20.19
2006-08-29,31.75,11.26,20.2,0.0,0.27,3.16,20.5
2006-08-30,29.0,10.74,19.19,0.0,0.27,8.32,19.77
2006-08-31,26.57,12.01,17.82,0.29,0.27,11.83,14.9
2006-09-01,18.54,9.85,13.61,0.04,0.26,7.99,9.27
2006-09-02,20.7,5.97,12.71,0.0,0.26,1.98,21.62
2006-09-03,24.56,5.34,14.49,0.0,0.26,0.38,21.77
2006-09-04,22.03,6.58,13.25,0.28,0.26,5.16,20.82
2006-09-05,19.79,6.1,12.85,0.05,0.26,0.83,18.18
2006-09-06,23.46,9.05,15.44,0.82,0.26,3.04,15.99
2006-09-07,24.03,11.13,16.11,13.5,0.27,7.23,6.73
2006-09-08,27.65,10.88,18.58,1.7,0.28,10.96,13.49
2006-09-09,27.48,13.68,19.98,3.27,0.29,13.46,17.55
2006-09-10,24.37,14.85,18.63,7.35,0.29,14.59,13.86
2006-09-11,21.7,11.81,16.94,3.93,0.3,12.48,12.08
2006-09-12,21.06,9.77,14.84,0.23,0.3,7.86,18.02
2006-09-13,25.36,7.05,15.87,0.0,0.29,3.49,22.97
2006-09-14,30.81,10.63,20.33,0.03,0.29,6.11,22.14
2006-09-15,32.95,15.73,23.25,0.48,0.29,9.08,22.78
2006-09-16,26.57,12.54,18.71,0.0,0.28,10.72,20.72
2006-09-17,25.84,10.83,17.04,0.09,0.28,9.56,20.14
2006-09-18,22.65,9.76,15.25,0.25,0.28,8.25,20.06
2006-09-19,23.09,9.83,15.13,0.12,0.28,6.84,24.15
2006-09-20,24.77,7.46,15.26,0.0,0.28,6.75,24.09
2006-09-21,21.74,8.33,14.91,0.33,0.28,9.67,14.2
2006-09-22,23.96,10.91,16.23,0.49,0.28,9.69,13.44
2006-09-23,25.1,10.87,16.68,0.15,0.28,7.95,24.28
2006-09-24,27.14,7.8,16.54,0.0,0.28,4.17,25.57
2006-09-25,26.62,8.0,16.43,0.0,0.27,4.63,25.69
2006-09-26,26.29,8.92,16.8,0.0,0.27,5.22,24.41
2006-09-27,28.87,8.83,18.36,0.0,0.27,3.06,25.95
2006-09-28,30.76,10.01,19.62,0.0,0.27,3.26,26.13
2006-09-29,34.89,12.57,22.18,0.0,0.27,2.73,26.06
2006-09-30,26.89,13.54,18.67,0.0,0.27,10.05,24.43
2006-10-01,28.93,9.49,18.57,0.0,0.27,4.82,26.72
2006-10-02,32.91,10.11,20.32,0.0,0.26,4.3,26.62
2006-10-03,25.14,13.39,17.93,0.04,0.26,9.76,23.09
2006-10-04,25.71,11.59,17.65,0.01,0.26,4.58,26.36
2006-10-05,32.19,10.09,21.18,0.0,0.26,-1.38,26.91
2006-10-06,36.91,14.09,23.75,0.0,0.26,2.1,27.24
2006-10-07,29.71,12.0,19.87,0.0,0.26,5.18,26.81
2006-10-08,33.37,13.61,22.74,0.0,0.26,5.77,20.13
2006-10-09,32.01,14.92,22.48,0.0,0.26,6.12,26.75
2006-10-10,34.52,12.82,22.82,0.0,0.25,7.16,27.59
2006-10-11,26.02,11.13,17.39,0.23,0.25,10.28,19.98
2006-10-12,24.16,7.56,15.61,0.0,0.25,6.27,25.67
2006-10-13,25.82,9.21,17.21,0.02,0.25,6.69,23.19
2006-10-14,30.35,8.6,19.38,0.0,0.25,1.5,28.81
2006-10-15,35.42,12.72,22.96,0.0,0.25,5.75,24.56
2006-10-16,26.89,11.53,18.11,0.0,0.25,6.85,27.57
2006-10-17,25.95,8.0,16.74,0.0,0.25,1.86,29.09
2006-10-18,31.23,9.04,20.28,0.0,0.25,-0.3,29.69
2006-10-19,35.19,13.89,25.39,0.0,0.25,3.05,24.26
2006-10-20,37.74,18.73,26.68,0.0,0.24,4.92,21.38
2006-10-21,33.84,15.81,23.64,0.0,0.24,8.97,26.83
2006-10-22,32.53,14.51,22.26,0.0,0.24,10.51,26.95
2006-10-23,29.63,14.52,20.69,0.1,0.24,10.71,26.04
2006-10-24,33.12,13.21,23.27,0.02,0.24,10.06,28.78
2006-10-25,32.18,19.2,24.9,4.21,0.24,12.81,17.96
2006-10-26,32.81,15.11,23.73,0.03,0.25,10.86,25.28
2006-10-27,34.11,15.65,24.41,0.13,0.24,9.27,23.99
2006-10-28,33.54,15.87,23.45,0.08,0.24,10.1,25.84
2006-10-29,30.97,15.18,21.7,0.01,0.24,9.9,25.49
2006-10-30,33.06,12.99,22.37,0.37,0.24,11.16,27.15
2006-10-31,28.85,13.25,20.01,0.0,0.24,10.79,23.35
2006-11-01,29.03,14.17,20.53,0.0,0.24,9.61,22.42
2006-11-02,31.14,11.94,22.01,0.0,0.24,4.51,30.63
2006-11-03,35.82,14.94,26.06,4.55,0.24,4.58,27.59
2006-11-04,34.83,18.98,26.38,4.37,0.25,11.19,19.09
2006-11-05,35.37,18.08,26.66,0.15,0.24,10.33,29.01
2006-11-06,34.49,17.32,25.76,0.0,0.24,9.59,28.99
2006-11-07,31.48,17.16,22.82,0.02,0.24,12.18,24.49
2006-11-08,33.27,14.7,23.81,0.01,0.24,10.11,30.65
2006-11-09,34.69,15.46,24.47,0.0,0.24,11.47,30.54
2006-11-10,28.16,15.95,20.8,0.01,0.24,10.21,28.07
2006-11-11,28.51,15.16,20.44,0.04,0.24,7.57,29.47
2006-11-12,30.76,12.14,21.63,0.0,0.24,7.01,29.6
2006-11-13,37.34,16.9,25.99,0.0,0.23,7.43,27.12
2006-11-14,33.27,16.76,23.82,0.01,0.23,11.5,25.22
2006-11-15,38.55,18.2,26.37,0.01,0.23,12.69,27.69
2006-11-16,30.92,15.81,21.9,0.0,0.23,9.83,31.12
2006-11-17,31.82,14.41,22.22,0.0,0.23,7.25,32.0
2006-11-18,36.61,14.98,24.71,0.0,0.23,6.57,27.48
2006-11-19,33.14,15.84,22.92,0.0,0.23,10.07,28.77
2006-11-20,32.57,15.66,23.22,0.01,0.23,9.99,30.36
2006-11-21,35.09,13.47,24.85,0.0,0.23,6.26,32.3
2006-11-22,39.48,18.21,29.28,0.0,0.23,3.33,32.76
2006-11-23,43.76,20.15,30.41,0.0,0.23,5.28,32.43
2006-11-24,37.84,15.67,26.69,0.0,0.22,8.57,31.31
2006-11-25,38.67,19.99,29.09,0.0,0.22,7.65,30.25
2006-11-26,41.58,22.08,30.24,0.0,0.22,6.51,28.01
2006-11-27,40.18,16.83,28.36,0.03,0.22,7.99,25.62
2006-11-28,34.8,17.39,25.6,0.77,0.22,11.94,7.95
2006-11-29,27.19,15.32,20.34,0.01,0.22,8.13,25.72
2006-11-30,29.58,13.27,20.55,0.0,0.22,8.22,31.09
2006-12-01,30.13,12.28,21.29,0.0,0.22,2.35,33.64
2006-12-02,35.0,14.98,25.37,0.0,0.22,1.45,33.35
2006-12-03,39.67,20.29,29.43,0.15,0.22,10.44,29.27
2006-12-04,38.17,19.21,28.02,0.01,0.22,10.86,32.12
2006-12-05,36.51,15.81,26.45,0.0,0.22,8.29,32.87
2006-12-06,40.45,19.87,29.8,0.0,0.22,5.82,31.49
2006-12-07,36.47,16.95,25.14,0.0,0.22,10.55,32.42
2006-12-08,29.56,15.41,21.48,0.06,0.22,9.7,24.84
2006-12-09,32.49,12.13,22.77,0.0,0.22,3.06,34.05
2006-12-10,35.84,15.47,26.05,0.0,0.21,-0.59,33.55
2006-12-11,38.09,20.59,29.31,0.0,0.21,5.15,31.6
2006-12-12,42.46,24.67,32.74,0.01,0.21,9.93,30.68
2006-12-13,39.68,19.6,29.37,0.0,0.21,7.48,33.27
2006-12-14,37.83,17.71,28.16,0.0,0.21,5.92,32.57
2006-12-15,40.21,19.24,30.58,0.0,0.21,1.9,33.05
2006-12-16,43.34,22.67,32.7,1.77,0.21,10.13,25.75
2006-12-17,39.16,25.3,31.7,3.6,0.22,15.48,17.97
2006-12-18,39.17,24.46,31.66,1.71,0.22,15.16,21.64
2006-12-19,32.77,21.95,26.86,6.83,0.22,16.87,16.47
2006-12-20,34.35,19.07,26.28,0.23,0.23,13.44,30.12
2006-12-21,34.61,17.18,25.69,0.0,0.22,10.89,32.88
2006-12-22,36.73,20.22,28.42,0.12,0.22,11.17,32.02
2006-12-23,38.5,22.63,30.54,0.01,0.22,9.2,32.76
2006-12-24,36.83,21.26,28.92,0.0,0.22,3.97,33.58
2006-12-25,36.56,18.3,27.27,0.0,0.22,-0.89,34.5
2006-12-26,37.45,18.7,28.38,0.0,0.22,-1.55,34.64
2006-12-27,38.85,20.44,30.2,0.0,0.21,-1.69,33.13
2006-12-28,40.72,20.75,30.14,0.0,0.21,0.62,32.39
2006-12-29,36.02,17.62,26.17,0.0,0.21,9.4,33.43
2006-12-30,37.42,16.31,27.16,0.0,0.21,7.95,33.7
2006-12-31,41.87,20.14,30.81,0.0,0.21,4.88,33.7
2007-01-01,39.55,18.18,28.29,0.0,0.21,7.94,33.11
2007-01-02,32.59,17.52,23.32,1.88,0.21,11.17,27.3
2007-01-03,24.5,15.85,19.76,10.09,0.22,10.85,11.03
2007-01-04,23.75,14.16,18.67,1.5,0.23,10.21,13.58
2007-01-05,29.07,12.48,20.58,0.0,0.23,4.74,34.13
2007-01-06,32.71,13.9,23.57,0.0,0.23,4.04,33.93
2007-01-07,35.54,15.28,26.0,0.0,0.22,3.35,33.75
2007-01-08,38.12,17.49,27.61,0.0,0.22,5.17,33.45
2007-01-09,32.51,14.45,22.67,0.0,0.22,9.07,33.67
2007-01-10,31.22,17.0,23.14,0.06,0.22,13.1,21.69
2007-01-11,33.74,16.53,24.33,0.0,0.22,8.31,33.51
2007-01-12,38.63,14.89,27.3,0.0,0.22,4.28,33.99
2007-01-13,42.05,20.15,31.99,0.0,0.22,4.15,33.03
2007-01-14,43.38,24.34,34.1,0.0,0.22,6.31,31.16
2007-01-15,36.16,15.82,26.2,0.0,0.21,10.98,31.93
2007-01-16,31.62,12.59,21.76,0.0,0.21,-0.65,34.46
2007-01-17,36.55,13.03,25.49,0.0,0.21,-0.13,33.79
2007-01-18,35.9,15.02,24.33,0.0,0.21,7.73,33.01
2007-01-19,29.85,13.41,21.46,0.0,0.21,4.53,33.24
2007-01-20,31.91,13.92,22.87,0.0,0.21,0.97,33.26
2007-01-21,38.16,16.06,27.4,0.0,0.21,-1.72,33.29
2007-01-22,42.14,19.32,30.67,0.0,0.21,2.74,32.01
2007-01-23,36.82,16.96,26.75,0.0,0.21,7.12,32.92
2007-01-24,39.27,16.89,28.52,0.0,0.21,8.81,28.23
2007-01-25,42.22,24.36,33.57,0.1,0.21,8.52,28.59
2007-01-26,44.67,25.67,35.08,0.0,0.21,7.57,27.29
2007-01-27,43.4,27.17,35.03,1.56,0.21,8.72,26.89
2007-01-28,43.46,26.6,34.9,0.49,0.21,7.31,31.03
2007-01-29,44.42,25.27,33.72,0.0,0.21,5.52,25.33
2007-01-30,40.59,21.44,29.33,0.0,0.21,13.48,31.33
2007-01-31,38.65,17.86,27.28,0.0,0.21,11.83,31.8
2007-02-01,42.51,19.24,30.15,0.0,0.21,10.81,30.2
2007-02-02,47.07,25.97,36.38,0.0,0.21,6.41,22.15
2007-02-03,47.62,27.01,36.93,0.0,0.21,4.49,30.55
2007-02-04,42.99,21.76,32.42,0.0,0.21,11.41,30.66
2007-02-05,40.13,21.46,30.85,0.0,0.21,10.19,30.08
2007-02-06,44.13,24.81,34.58,0.0,0.2,8.17,27.03
2007-02-07,45.72,26.35,35.19,0.0,0.2,8.94,27.94
2007-02-08,35.99,20.37,27.45,0.0,0.2,12.69,29.75
2007-02-09,40.77,18.71,28.9,0.0,0.2,11.47,30.08
2007-02-10,34.04,18.38,25.1,0.0,0.2,12.54,29.61
2007-02-11,40.89,16.34,27.57,0.0,0.2,8.68,28.3
2007-02-12,38.88,18.27,28.41,0.0,0.2,10.38,29.75
2007-02-13,41.99,20.04,31.31,0.0,0.2,6.32,24.15
2007-02-14,43.08,23.2,32.47,0.09,0.2,6.03,23.49
2007-02-15,36.24,19.45,26.73,0.0,0.2,9.0,26.51
2007-02-16,32.39,15.38,22.39,0.01,0.2,7.69,30.42
2007-02-17,31.83,14.78,22.53,1.33,0.21,11.68,28.16
2007-02-18,35.65,15.86,24.95,0.0,0.21,9.42,28.12
2007-02-19,35.66,15.1,24.95,0.0,0.2,7.19,28.63
2007-02-20,42.28,17.89,30.45,0.0,0.2,3.82,28.88
2007-02-21,43.47,21.03,32.39,0.01,0.2,6.95,26.41
2007-02-22,36.91,24.84,30.38,0.0,0.2,10.21,21.86
2007-02-23,40.22,22.8,31.99,0.24,0.2,11.73,28.51
2007-02-24,40.89,25.29,32.12,6.2,0.21,14.51,25.31
2007-02-25,38.32,24.37,30.99,0.59,0.21,15.3,24.09
2007-02-26,37.31,23.6,29.47,1.22,0.21,13.86,21.97
2007-02-27,38.2,19.44,27.3,0.53,0.21,13.62,21.11
2007-02-28,31.11,16.29,22.7,0.03,0.21,13.79,21.6
2007-03-01,27.6,14.31,20.38,0.0,0.21,9.84,24.24
2007-03-02,31.34,16.62,23.39,0.01,0.21,12.22,23.84
2007-03-03,35.15,16.67,26.08,0.0,0.21,9.71,27.47
2007-03-04,39.71,19.91,29.97,0.0,0.21,8.91,27.12
2007-03-05,42.31,23.96,32.94,0.0,0.21,9.74,27.03
2007-03-06,42.0,24.58,32.74,0.0,0.21,6.47,27.47
2007-03-07,41.42,22.54,31.62,0.0,0.21,1.26,27.89
2007-03-08,41.93,21.77,31.64,0.0,0.2,-0.81,27.91
2007-03-09,35.6,17.92,26.06,0.0,0.2,8.63,25.9
2007-03-10,32.67,14.96,23.47,0.0,0.2,4.35,26.71
2007-03-11,34.72,18.15,25.82,0.0,0.2,9.12,25.81
2007-03-12,33.49,19.07,25.72,0.0,0.2,12.37,25.2
2007-03-13,33.99,19.65,26.51,0.0,0.2,12.44,25.3
2007-03-14,36.34,19.98,28.35,0.0,0.2,11.29,24.39
2007-03-15,36.35,21.19,28.96,1.1,0.2,12.42,20.45
2007-03-16,36.23,23.78,29.78,0.45,0.21,11.76,18.28
2007-03-17,37.1,25.07,30.51,0.05,0.21,11.08,23.26
2007-03-18,36.83,23.0,29.67,0.0,0.21,9.42,23.87
2007-03-19,37.56,22.12,30.26,0.0,0.2,7.9,18.14
2007-03-20,38.38,22.17,30.48,0.0,0.2,6.76,23.83
2007-03-21,38.23,23.94,30.63,0.0,0.2,7.94,22.65
2007-03-22,32.49,18.21,24.22,0.0,0.2,12.14,23.97
2007-03-23,27.92,15.07,20.61,0.0,0.2,3.05,25.44
2007-03-24,29.77,13.35,21.16,0.0,0.2,-0.06,25.16
2007-03-25,32.77,15.01,23.26,0.0,0.2,-0.27,24.7
2007-03-26,32.98,15.02,22.41,0.0,0.2,3.79,24.05
2007-03-27,23.22,10.15,16.41,0.0,0.2,1.04,24.55
2007-03-28,24.64,9.59,16.6,0.0,0.2,-1.97,24.59
2007-03-29,27.61,10.75,18.76,0.0,0.2,-2.78,24.31
2007-03-30,30.83,13.27,21.98,0.0,0.2,-3.61,23.99
2007-03-31,33.41,15.8,23.3,0.0,0.2,0.43,23.08
2007-04-01,28.4,12.39,19.85,0.0,0.2,6.57,23.38
2007-04-02,30.39,13.38,21.42,0.0,0.2,4.93,23.25
2007-04-03,36.58,15.62,26.54,0.0,0.2,5.36,21.7
2007-04-04,35.68,22.94,28.69,0.63,0.2,10.38,16.57
2007-04-05,37.74,22.23,29.31,0.05,0.2,10.29,13.1
2007-04-06,36.1,22.97,28.86,0.0,0.2,7.13,11.28
2007-04-07,37.25,21.33,28.09,0.15,0.2,6.27,15.95
2007-04-08,28.1,14.74,21.14,0.51,0.2,11.59,15.62
2007-04-09,23.65,10.69,16.55,0.0,0.2,2.98,21.97
2007-04-10,26.47,10.81,18.08,0.0,0.2,4.5,21.68
2007-04-11,30.26,11.98,20.48,0.0,0.2,4.97,21.52
2007-04-12,33.98,12.75,22.66,0.0,0.2,2.27,21.22
2007-04-13,35.75,15.85,25.43,0.01,0.2,4.32,18.92
2007-04-14,33.75,18.62,24.9,0.0,0.2,7.8,20.05
2007-04-15,32.33,17.64,24.02,0.13,0.2,10.68,17.86
2007-04-16,26.42,11.83,18.72,0.01,0.2,5.39,20.8
2007-04-17,31.73,12.71,20.79,0.0,0.2,1.81,19.97
2007-04-18,26.61,14.58,19.43,0.0,0.2,9.66,16.74
2007-04-19,27.07,11.63,18.8,0.0,0.2,4.06,19.42
2007-04-20,26.15,10.04,17.61,0.0,0.2,4.06,19.9
2007-04-21,28.81,10.66,19.1,0.0,0.2,1.98,19.55
2007-04-22,31.39,13.59,21.27,0.26,0.2,8.48,16.46
2007-04-23,25.62,12.69,18.27,0.0,0.2,10.45,16.4
2007-04-24,26.16,11.52,18.14,0.01,0.2,10.5,18.14
2007-04-25,22.73,14.51,17.53,0.29,0.2,12.5,9.14
2007-04-26,23.1,11.46,17.36,0.0,0.2,6.59,12.5
2007-04-27,27.56,11.52,19.03,0.77,0.2,3.77,18.15
2007-04-28,27.77,11.64,18.47,2.59,0.21,6.28,17.73
2007-04-29,24.73,9.67,16.88,1.26,0.21,10.54,16.95
2007-04-30,24.89,13.8,18.71,1.77,0.21,12.73,13.54
2007-05-01,24.83,14.25,18.6,1.22,0.21,13.27,14.67
2007-05-02,24.66,13.36,18.15,0.46,0.21,12.77,11.73
2007-05-03,24.79,12.64,17.78,0.62,0.21,11.52,15.21
2007-05-04,26.12,10.21,17.54,0.0,0.21,7.65,17.16
2007-05-05,27.35,11.7,18.83,0.01,0.21,9.26,16.28
2007-05-06,25.72,14.15,18.86,0.0,0.21,9.42,7.16
2007-05-07,24.28,10.76,16.81,0.0,0.21,5.64,17.21
2007-05-08,26.95,10.37,18.09,0.0,0.21,2.44,17.32
2007-05-09,27.5,12.91,19.57,0.0,0.21,5.85,16.85
2007-05-10,28.15,14.06,20.26,0.0,0.21,4.05,16.68
2007-05-11,29.89,15.1,21.85,0.26,0.21,4.84,14.29
2007-05-12,26.59,15.04,19.98,3.39,0.21,4.65,8.34
2007-05-13,23.63,11.44,16.92,0.02,0.22,8.96,14.85
2007-05-14,21.17,9.92,14.54,0.0,0.21,3.83,16.41
2007-05-15,20.82,6.37,12.85,0.02,0.21,0.89,16.36
2007-05-16,22.3,6.74,13.54,0.0,0.21,1.93,16.28
2007-05-17,25.4,7.01,14.98,0.0,0.21,1.93,16.43
2007-05-18,22.02,9.37,14.88,0.0,0.21,8.22,13.26
2007-05-19,22.44,7.47,14.4,0.0,0.21,4.18,14.69
2007-05-20,21.86,7.98,14.2,0.0,0.21,7.8,10.93
2007-05-21,18.61,9.3,12.99,0.0,0.21,4.33,9.3
2007-05-22,25.13,7.98,15.26,0.0,0.21,1.28,15.58
2007-05-23,24.31,6.37,14.06,0.0,0.21,2.26,15.55
2007-05-24,25.03,8.13,15.31,0.0,0.21,6.27,14.95
2007-05-25,26.4,9.52,16.47,0.03,0.21,6.79,12.92
2007-05-26,22.4,11.94,16.48,3.49,0.21,12.14,9.39
2007-05-27,18.87,8.37,13.55,1.36,0.22,8.99,10.32
2007-05-28,19.51,8.07,14.24,3.33,0.22,8.74,12.71
2007-05-29,18.74,4.34,11.15,0.0,0.22,2.46,14.52
2007-05-30,21.93,6.12,12.68,0.0,0.22,-1.21,14.66
2007-05-31,22.77,5.5,13.13,0.0,0.22,-2.7,14.73
2007-06-01,23.72,6.51,14.04,0.0,0.22,-2.07,14.72
2007-06-02,23.34,7.7,14.51,0.0,0.22,-0.33,14.66
2007-06-03,23.03,8.33,14.99,0.0,0.22,5.72,13.34
2007-06-04,22.17,7.27,13.72,0.0,0.22,3.83,14.33
2007-06-05,22.79,7.78,14.36,0.0,0.22,1.58,13.46
2007-06-06,23.19,8.29,15.31,0.0,0.22,-0.37,9.34
2007-06-07,23.74,15.16,18.39,0.18,0.22,6.49,9.38
2007-06-08,21.07,13.91,16.81,0.26,0.22,11.85,9.08
2007-06-09,23.19,10.94,16.12,0.0,0.22,8.38,12.75
2007-06-10,22.93,8.19,14.69,0.0,0.22,5.08,13.82
2007-06-11,24.56,9.05,15.51,0.0,0.22,3.74,13.75
2007-06-12,26.21,9.07,16.25,0.0,0.22,0.92,12.39
2007-06-13,25.05,11.61,16.52,0.0,0.22,1.81,11.51
2007-06-14,23.47,11.92,16.7,0.06,0.22,8.96,9.36
2007-06-15,20.34,11.14,15.03,0.01,0.21,2.46,8.5
2007-06-16,20.15,8.21,13.38,0.0,0.21,1.67,13.6
2007-06-17,16.39,4.26,10.02,0.0,0.21,-4.84,14.06
2007-06-18,15.57,4.89,10.4,0.0,0.21,0.2,10.3
2007-06-19,17.5,7.42,12.19,0.0,0.21,3.45,11.93
2007-06-20,15.74,6.32,10.63,0.0,0.21,2.98,10.61
2007-06-21,17.69,4.8,10.14,0.0,0.21,0.17,13.84
2007-06-22,21.69,4.1,12.56,6.65,0.21,0.86,8.99
2007-06-23,17.86,8.16,12.73,2.86,0.23,8.56,10.0
2007-06-24,16.58,7.23,11.02,1.86,0.23,7.26,11.21
2007-06-25,19.65,4.85,11.79,0.0,0.23,3.95,13.64
2007-06-26,22.4,6.07,12.97,0.0,0.23,-2.54,14.0
2007-06-27,23.6,8.48,15.78,1.97,0.23,-2.75,8.98
2007-06-28,20.01,12.16,15.95,9.02,0.24,11.96,7.27
2007-06-29,22.42,11.05,15.48,2.47,0.25,10.87,11.82
2007-06-30,20.66,11.02,15.24,2.68,0.25,11.78,9.94
2007-07-01,21.79,10.48,15.1,4.05,0.25,11.22,10.42
2007-07-02,18.77,9.98,14.21,4.01,0.26,8.54,12.06
2007-07-03,18.14,7.75,12.58,0.57,0.26,7.24,12.44
2007-07-04,20.0,9.52,13.78,0.0,0.26,8.44,9.99
2007-07-05,20.65,7.14,12.93,0.0,0.26,7.49,9.7
2007-07-06,22.06,6.44,13.2,0.0,0.26,2.72,14.16
2007-07-07,24.33,7.38,14.43,0.0,0.26,-1.27,14.34
2007-07-08,24.36,9.64,15.79,0.16,0.25,2.83,6.6
2007-07-09,17.93,10.04,13.53,0.11,0.25,7.29,13.67
2007-07-10,22.58,8.13,13.9,0.0,0.25,4.56,13.75
2007-07-11,24.98,8.28,15.54,0.0,0.25,0.71,10.97
2007-07-12,20.06,10.45,14.67,0.0,0.25,-1.52,9.4
2007-07-13,17.79,10.53,13.35,0.01,0.25,-2.75,6.75
2007-07-14,19.52,9.12,13.28,0.01,0.25,1.11,12.71
2007-07-15,21.1,6.2,12.77,0.0,0.25,1.49,14.42
2007-07-16,22.31,5.15,12.7,0.0,0.25,1.5,14.55
2007-07-17,23.67,5.06,13.22,0.0,0.25,2.1,14.73
2007-07-18,25.95,7.96,15.88,0.02,0.25,0.86,14.8
2007-07-19,24.44,10.6,16.67,2.46,0.25,3.73,4.42
2007-07-20,22.74,10.06,15.87,1.55,0.25,10.14,14.02
2007-07-21,19.43,11.47,15.56,7.35,0.27,11.58,8.65
2007-07-22,17.71,9.65,12.8,2.41,0.27,8.96,11.36
2007-07-23,18.54,7.56,13.27,3.38,0.27,9.21,11.42
2007-07-24,17.51,9.64,13.25,3.4,0.28,9.02,11.66
2007-07-25,17.36,8.43,12.63,3.41,0.28,9.07,11.39
2007-07-26,20.45,6.46,13.28,1.02,0.28,5.64,14.65
2007-07-27,20.0,6.95,13.02,14.6,0.29,7.85,7.66
2007-07-28,18.66,8.77,13.44,0.76,0.3,9.18,11.97
2007-07-29,21.36,6.31,12.91,0.0,0.3,7.43,13.22
2007-07-30,19.45,7.61,13.34,8.54,0.3,10.37,8.19
2007-07-31,17.53,8.34,12.32,0.29,0.31,7.27,13.19
2007-08-01,16.35,8.85,12.42,2.32,0.31,9.43,10.8
2007-08-02,16.87,6.25,10.34,0.16,0.31,4.39,16.03
2007-08-03,19.01,3.08,10.31,0.0,0.3,1.22,16.5
2007-08-04,21.93,4.29,11.9,0.15,0.3,-0.84,16.9
2007-08-05,23.81,5.29,13.11,0.0,0.3,-0.6,16.9
2007-08-06,18.51,5.83,11.55,2.92,0.3,9.03,10.25
2007-08-07,18.44,4.13,10.56,0.0,0.3,5.78,13.17
2007-08-08,20.18,6.94,12.36,0.02,0.3,5.7,16.58
2007-08-09,23.2,4.88,13.59,0.0,0.3,5.02,17.36
2007-08-10,21.29,7.93,14.01,0.61,0.3,9.81,11.5
2007-08-11,18.92,8.63,12.94,0.31,0.3,6.98,9.66
2007-08-12,20.68,4.73,12.08,0.0,0.3,2.39,18.21
2007-08-13,24.85,6.46,14.3,0.15,0.3,6.31,17.64
2007-08-14,18.12,7.28,11.66,0.02,0.29,6.17,11.18
2007-08-15,19.38,5.83,11.51,0.0,0.29,5.32,17.04
2007-08-16,21.37,6.49,12.89,0.0,0.29,4.82,18.33
2007-08-17,22.87,5.19,13.37,0.0,0.29,1.95,18.94
2007-08-18,25.32,6.51,14.99,0.0,0.29,-0.28,18.83
2007-08-19,25.95,8.75,16.16,0.5,0.29,5.19,10.51
2007-08-20,22.7,10.97,15.78,1.6,0.29,11.24,14.1
2007-08-21,25.18,9.28,16.24,0.01,0.29,9.44,18.8
2007-08-22,25.15,9.31,16.94,0.22,0.29,10.72,18.73
2007-08-23,23.66,11.87,16.85,0.64,0.29,10.67,18.09
2007-08-24,23.57,10.37,15.6,0.0,0.29,8.53,16.43
2007-08-25,24.87,9.51,15.75,0.0,0.29,9.43,18.07
2007-08-26,21.99,9.95,14.79,0.75,0.29,10.58,14.5
2007-08-27,21.08,8.39,13.7,0.1,0.29,6.61,12.48
2007-08-28,23.51,7.73,14.44,0.0,0.28,7.27,19.65
2007-08-29,24.04,8.55,14.63,0.52,0.28,8.5,18.63
2007-08-30,19.51,4.84,11.32,0.0,0.28,1.18,21.15
2007-08-31,23.41,2.73,12.51,0.0,0.28,-2.51,21.07
2007-09-01,23.62,4.3,13.13,0.0,0.28,1.32,20.28
2007-09-02,26.45,6.16,15.14,0.0,0.28,1.51,21.45
2007-09-03,32.23,7.56,18.39,0.0,0.28,0.29,21.12
2007-09-04,25.07,11.75,17.02,0.0,0.28,12.04,14.7
2007-09-05,22.48,9.66,15.18,0.0,0.27,6.81,19.38
2007-09-06,27.24,6.8,16.04,0.0,0.27,5.09,21.64
2007-09-07,20.26,8.52,13.08,1.36,0.27,7.82,14.86
2007-09-08,20.33,7.99,13.29,0.03,0.27,5.17,19.81
2007-09-09,22.75,7.6,14.03,0.08,0.27,4.8,22.11
2007-09-10,27.66,6.33,16.39,0.0,0.27,-0.97,22.84
2007-09-11,24.74,8.14,15.74,1.62,0.27,7.43,22.34
2007-09-12,20.44,11.29,15.21,3.12,0.28,9.1,17.11
2007-09-13,21.24,9.29,14.23,0.13,0.28,5.35,18.07
2007-09-14,21.67,6.48,13.53,0.51,0.27,7.05,19.59
2007-09-15,22.73,7.34,14.06,0.08,0.27,6.83,20.64
2007-09-16,26.45,11.11,17.12,0.03,0.27,8.37,22.64
2007-09-17,24.59,9.37,16.26,0.14,0.27,9.84,22.25
2007-09-18,23.09,9.52,15.84,1.31,0.27,8.66,17.74
2007-09-19,25.54,7.0,15.26,0.0,0.27,5.88,24.02
2007-09-20,25.63,8.51,16.25,0.0,0.27,7.47,24.1
2007-09-21,26.92,8.75,17.07,0.0,0.27,6.3,24.51
2007-09-22,25.41,8.99,16.9,0.06,0.27,8.99,20.43
2007-09-23,28.23,8.35,17.33,0.0,0.27,6.33,24.63
2007-09-24,17.29,8.89,13.32,8.41,0.27,9.1,10.56
2007-09-25,20.88,5.05,12.44,0.17,0.28,3.94,23.22
2007-09-26,23.73,7.94,15.27,0.02,0.28,8.57,20.27
2007-09-27,25.26,9.72,16.61,0.0,0.27,7.88,22.7
2007-09-28,27.8,9.7,17.98,0.0,0.27,6.87,24.73
2007-09-29,32.06,10.03,20.58,0.0,0.27,2.91,26.11
2007-09-30,30.07,10.4,19.35,0.0,0.27,7.04,26.21
2007-10-01,29.74,10.99,19.12,0.0,0.27,7.24,25.63
2007-10-02,28.41,8.23,17.88,0.0,0.27,8.6,24.62
2007-10-03,31.6,9.86,19.89,0.0,0.26,6.03,26.46
2007-10-04,34.37,10.06,21.64,0.0,0.26,5.94,26.28
2007-10-05,35.18,11.96,22.44,0.0,0.26,6.68,26.17
2007-10-06,27.41,13.16,19.28,0.0,0.26,11.7,24.82
2007-10-07,26.66,12.98,18.95,0.82,0.26,10.03,22.64
2007-10-08,23.85,14.63,18.36,5.04,0.27,11.99,19.33
2007-10-09,23.82,11.71,17.6,1.91,0.27,11.06,18.63
2007-10-10,23.66,8.72,15.5,0.0,0.27,7.41,18.89
2007-10-11,26.1,8.64,17.11,0.0,0.27,5.28,27.45
2007-10-12,31.52,9.96,20.91,0.0,0.26,2.03,27.86
2007-10-13,36.89,13.71,25.42,0.0,0.26,3.34,27.07
2007-10-14,34.94,15.19,24.4,0.0,0.26,6.82,28.02
2007-10-15,35.1,12.81,23.37,0.0,0.26,8.24,27.74
2007-10-16,35.9,15.62,24.61,0.0,0.26,6.87,28.23
2007-10-17,26.9,12.14,18.85,0.09,0.25,10.2,25.66
2007-10-18,27.59,8.11,17.3,0.0,0.25,-0.53,29.64
2007-10-19,33.67,11.41,21.36,0.0,0.25,0.6,18.26
2007-10-20,25.54,11.69,17.6,0.02,0.25,8.41,25.88
2007-10-21,25.91,8.46,17.31,0.01,0.25,4.7,29.39
2007-10-22,27.2,10.84,18.89,0.0,0.25,3.16,29.79
2007-10-23,30.16,11.79,20.51,0.0,0.25,-1.78,30.53
2007-10-24,28.21,12.59,20.71,0.03,0.25,0.88,19.14
2007-10-25,33.25,15.52,23.26,0.0,0.25,8.93,26.87
2007-10-26,25.4,12.92,17.97,1.37,0.25,9.81,21.27
2007-10-27,20.72,9.38,14.36,0.29,0.25,2.14,22.97
2007-10-28,22.02,8.64,14.88,0.08,0.25,4.0,20.48
2007-10-29,25.98,7.29,16.7,0.0,0.25,2.53,30.51
2007-10-30,24.41,8.94,16.49,0.0,0.24,5.1,28.38
2007-10-31,26.77,9.18,18.18,0.0,0.24,3.3,30.43
2007-11-01,29.39,10.15,20.35,0.0,0.24,3.09,29.14
2007-11-02,29.25,12.55,20.93,0.0,0.24,0.29,31.06
2007-11-03,29.69,11.25,20.46,0.0,0.24,-3.02,32.1
2007-11-04,31.73,12.98,22.34,0.0,0.24,-5.98,31.32
2007-11-05,35.16,14.11,24.58,0.53,0.24,-0.51,25.31
2007-11-06,32.93,15.91,23.22,0.19,0.24,8.06,29.92
2007-11-07,31.54,12.24,21.04,0.01,0.24,7.06,31.29
2007-11-08,32.45,11.81,21.66,0.0,0.24,7.57,29.42
2007-11-09,34.24,12.77,23.39,0.0,0.23,8.23,30.84
2007-11-10,37.71,16.86,27.65,0.0,0.23,7.64,30.51
2007-11-11,39.93,23.03,31.53,0.0,0.23,5.49,29.55
2007-11-12,39.26,22.66,31.08,0.2,0.23,7.85,25.61
2007-11-13,41.04,21.45,31.31,0.02,0.23,8.75,27.93
2007-11-14,41.07,21.64,30.67,4.87,0.23,10.94,27.36
2007-11-15,38.2,18.78,28.47,2.96,0.24,8.08,31.03
2007-11-16,39.22,17.95,28.7,0.0,0.24,3.87,31.77
2007-11-17,39.47,18.43,28.11,0.0,0.23,3.35,28.95
2007-11-18,31.51,14.06,21.84,0.0,0.23,7.17,31.89
2007-11-19,29.29,11.74,19.48,0.0,0.23,4.66,32.71
2007-11-20,27.81,10.08,18.65,0.0,0.23,-1.16,33.53
2007-11-21,34.59,12.24,23.77,0.0,0.23,-4.41,33.79
2007-11-22,35.07,16.04,25.42,0.0,0.23,-2.86,24.32
2007-11-23,38.68,20.64,29.6,0.0,0.23,3.24,26.42
2007-11-24,40.61,20.04,29.95,0.0,0.23,2.8,32.49
2007-11-25,37.33,16.17,26.75,0.0,0.22,6.06,31.56
2007-11-26,36.34,17.31,27.09,0.02,0.22,5.76,31.66
2007-11-27,37.01,17.65,27.98,0.0,0.22,2.8,32.65
2007-11-28,39.83,19.54,28.86,0.0,0.22,-0.67,32.61
2007-11-29,33.69,15.78,23.8,0.0,0.22,10.12,32.56
2007-11-30,28.86,14.47,20.48,0.01,0.22,7.85,32.89
2007-12-01,28.79,11.86,20.0,0.0,0.22,8.29,28.42
2007-12-02,30.44,11.86,21.52,0.0,0.22,5.94,30.94
2007-12-03,32.4,14.77,23.07,0.0,0.22,4.24,28.56
2007-12-04,34.1,12.95,22.96,0.0,0.22,5.64,33.03
2007-12-05,21.65,14.34,17.87,0.01,0.22,9.54,26.22
2007-12-06,25.94,10.9,18.35,0.0,0.22,-0.18,34.11
2007-12-07,31.93,10.56,21.76,0.0,0.22,0.63,34.16
2007-12-08,34.25,12.97,23.76,0.0,0.22,4.14,33.28
2007-12-09,35.06,17.04,25.75,0.03,0.22,3.18,31.39
2007-12-10,32.12,21.02,26.43,4.46,0.22,11.15,18.34
2007-12-11,25.52,17.36,21.45,4.57,0.23,13.08,15.33
2007-12-12,31.33,14.19,23.25,0.0,0.23,9.4,30.2
2007-12-13,31.52,16.09,23.94,0.0,0.23,8.41,24.45
2007-12-14,32.63,16.71,24.21,4.47,0.23,11.59,29.04
2007-12-15,31.05,18.92,24.3,3.28,0.23,14.13,22.59
2007-12-16,29.19,17.38,22.62,3.74,0.24,12.44,21.0
2007-12-17,26.09,16.5,20.46,2.18,0.24,13.26,22.45
2007-12-18,28.0,15.47,20.72,0.25,0.24,11.02,27.36
2007-12-19,31.01,14.3,22.21,0.0,0.23,10.47,30.38
2007-12-20,30.21,14.93,21.63,0.0,0.23,8.99,31.76
2007-12-21,31.97,13.98,22.76,0.0,0.23,6.62,28.85
2007-12-22,34.83,16.62,25.6,0.0,0.23,4.21,32.64
2007-12-23,38.08,19.47,28.87,0.0,0.23,2.47,33.34
2007-12-24,38.71,19.79,29.88,0.0,0.23,3.77,34.0
2007-12-25,42.61,22.1,33.05,0.0,0.22,6.46,32.91
2007-12-26,43.76,25.8,35.04,0.0,0.22,9.01,31.34
2007-12-27,44.58,24.2,34.77,0.0,0.22,6.34,32.61
2007-12-28,42.82,21.67,32.31,0.0,0.22,11.67,32.83
2007-12-29,44.62,22.51,33.68,0.0,0.22,5.34,33.16
2007-12-30,42.71,21.15,31.56,0.0,0.22,8.74,33.33
2007-12-31,37.54,19.41,28.97,0.0,0.22,10.28,30.22
2008-01-01,39.69,25.7,32.54,0.0,0.22,10.65,17.35
2008-01-02,44.53,27.3,35.8,0.04,0.22,9.71,27.3
2008-01-03,47.01,27.07,36.65,0.19,0.22,7.19,30.88
2008-01-04,43.8,25.56,34.19,0.0,0.22,11.49,29.76
2008-01-05,39.57,22.56,30.98,0.0,0.22,9.03,32.6
2008-01-06,41.07,22.74,32.31,0.0,0.21,7.06,29.84
2008-01-07,43.45,28.12,35.08,0.28,0.21,9.36,25.74
2008-01-08,43.91,24.73,33.57,0.01,0.21,14.2,31.66
2008-01-09,38.43,20.21,27.72,0.19,0.21,11.72,32.87
2008-01-10,33.2,17.11,24.29,0.0,0.21,8.52,33.13
2008-01-11,37.2,15.52,26.53,0.0,0.21,4.04,33.54
2008-01-12,37.21,15.49,27.03,0.0,0.21,2.83,33.77
2008-01-13,40.9,20.09,30.83,0.0,0.21,5.2,33.24
2008-01-14,45.4,22.4,33.08,0.0,0.21,6.02,32.55
2008-01-15,38.05,19.86,28.81,0.0,0.21,10.41,32.65
2008-01-16,43.53,21.81,33.09,0.0,0.21,9.24,32.5
2008-01-17,45.06,23.57,34.61,0.2,0.21,9.66,27.48
2008-01-18,40.31,20.78,29.19,0.02,0.21,12.7,31.09
2008-01-19,39.21,19.73,29.44,0.0,0.21,12.06,31.67
2008-01-20,39.68,22.44,31.17,0.08,0.21,9.26,29.57
2008-01-21,40.8,22.51,32.33,0.01,0.21,7.95,32.33
2008-01-22,40.57,25.05,32.66,0.4,0.21,8.88,28.69
2008-01-23,40.39,24.37,32.6,0.75,0.21,11.99,29.59
2008-01-24,40.39,23.17,31.53,0.11,0.21,9.15,29.16
2008-01-25,39.31,19.97,29.4,0.32,0.21,12.92,29.26
2008-01-26,40.72,20.23,30.17,0.0,0.21,12.64,31.41
2008-01-27,42.23,21.98,31.65,0.0,0.21,9.46,32.09
2008-01-28,40.53,19.32,30.2,0.0,0.21,10.27,31.49
2008-01-29,39.39,22.52,30.68,0.0,0.21,9.02,31.73
2008-01-30,38.79,21.71,30.18,0.0,0.2,8.45,31.88
2008-01-31,40.15,21.13,30.99,0.01,0.2,11.13,31.12
2008-02-01,43.26,25.67,34.04,3.0,0.2,11.71,24.34
2008-02-02,41.98,26.28,33.5,2.17,0.21,12.38,26.81
2008-02-03,37.79,21.51,30.31,2.46,0.21,14.81,25.4
2008-02-04,35.96,25.96,30.84,3.39,0.21,16.2,15.99
2008-02-05,32.4,23.75,27.54,0.97,0.22,17.67,14.35
2008-02-06,28.59,21.5,24.38,11.39,0.23,17.59,18.29
2008-02-07,29.31,21.59,24.78,24.65,0.26,20.66,10.51
2008-02-08,31.69,21.3,25.92,4.31,0.28,18.24,20.85
2008-02-09,35.23,20.42,27.64,0.0,0.27,15.57,29.18
2008-02-10,37.22,20.99,29.39,0.47,0.26,14.22,28.72
2008-02-11,39.02,23.2,31.76,0.06,0.26,13.34,25.27
2008-02-12,33.1,25.76,29.14,3.48,0.26,13.0,22.94
2008-02-13,37.94,23.26,30.43,0.07,0.26,10.32,28.31
2008-02-14,40.37,22.2,30.39,0.0,0.25,13.68,29.15
2008-02-15,36.21,20.03,27.07,0.0,0.25,15.05,29.54
2008-02-16,36.67,18.8,26.69,0.0,0.25,14.32,29.67
2008-02-17,37.84,18.58,26.99,0.0,0.25,13.65,29.31
2008-02-18,35.56,19.25,25.98,0.0,0.25,12.71,28.5
2008-02-19,24.62,17.65,20.8,4.2,0.25,12.67,20.93
2008-02-20,26.08,15.88,20.11,13.99,0.27,13.74,8.05
2008-02-21,21.92,15.76,18.63,43.14,0.34,15.85,9.56
2008-02-22,27.38,15.4,20.89,0.53,0.35,11.71,23.77
2008-02-23,31.27,15.52,23.04,0.0,0.33,10.91,27.92
2008-02-24,33.96,18.51,25.73,0.0,0.32,10.59,26.85
2008-02-25,36.89,18.53,27.87,0.0,0.31,10.82,28.22
2008-02-26,39.38,21.04,30.31,0.0,0.31,10.39,27.1
2008-02-27,40.48,21.81,31.49,0.0,0.3,10.01,27.91
2008-02-28,39.98,22.59,31.32,0.0,0.3,9.55,28.11
2008-02-29,40.1,21.75,30.86,0.0,0.3,9.6,28.02
2008-03-01,40.26,20.94,30.5,0.0,0.29,9.25,28.09
2008-03-02,40.02,19.65,29.01,0.0,0.29,12.92,27.49
2008-03-03,39.73,19.52,29.39,0.0,0.29,10.95,27.09
2008-03-04,41.63,21.82,30.5,0.01,0.29,10.67,27.01
2008-03-05,37.98,22.61,29.29,0.06,0.29,16.48,18.48
2008-03-06,39.09,24.22,31.39,1.42,0.28,15.24,15.84
2008-03-07,35.4,23.36,29.15,1.04,0.28,17.65,14.88
2008-03-08,33.44,19.65,25.76,0.24,0.28,13.87,25.56
2008-03-09,36.39,18.09,27.14,0.04,0.28,12.79,26.15
2008-03-10,37.77,22.32,29.58,0.86,0.28,13.21,25.44
2008-03-11,38.59,21.81,30.12,0.66,0.28,11.18,26.05
2008-03-12,40.29,21.75,30.37,0.0,0.28,10.11,25.92
2008-03-13,30.06,16.88,23.12,0.0,0.28,12.55,24.69
2008-03-14,30.84,13.13,21.88,0.0,0.27,6.76,26.37
2008-03-15,31.44,14.26,22.17,0.0,0.27,9.34,25.66
2008-03-16,31.74,14.33,22.35,0.0,0.27,11.88,25.29
2008-03-17,31.7,16.13,23.69,0.0,0.27,11.32,25.07
2008-03-18,31.86,20.2,25.08,2.19,0.27,13.65,19.91
2008-03-19,30.44,20.57,25.15,5.09,0.28,16.05,20.53
2008-03-20,33.82,20.36,26.77,0.0,0.28,13.69,24.05
2008-03-21,34.99,21.05,27.96,0.65,0.27,12.95,23.4
2008-03-22,36.46,21.55,28.5,0.27,0.27,11.35,20.12
2008-03-23,32.52,19.08,25.16,1.4,0.27,12.1,23.61
2008-03-24,31.37,15.84,23.48,0.03,0.27,9.24,23.69
2008-03-25,32.62,19.28,24.45,0.96,0.27,9.15,21.34
2008-03-26,32.01,17.35,24.27,1.86,0.27,9.45,20.47
2008-03-27,32.32,17.79,24.75,0.0,0.27,7.01,21.55
2008-03-28,32.38,18.47,24.8,0.15,0.27,7.12,15.6
2008-03-29,29.03,18.27,23.11,0.47,0.27,9.26,15.68
2008-03-30,28.9,16.3,22.38,1.98,0.27,11.75,15.56
2008-03-31,30.83,17.94,23.56,2.7,0.27,16.67,16.01
2008-04-01,25.25,15.94,19.77,0.04,0.27,10.47,17.8
2008-04-02,26.18,12.7,18.91,0.0,0.27,4.52,23.16
2008-04-03,28.64,12.5,20.59,0.02,0.27,6.29,20.73
2008-04-04,23.46,17.79,20.41,2.23,0.27,15.08,14.77
2008-04-05,29.22,19.31,23.59,0.77,0.27,17.07,11.88
2008-04-06,31.35,18.13,23.66,0.6,0.27,16.25,19.72
2008-04-07,30.9,16.77,22.42,0.08,0.27,14.49,13.57
2008-04-08,29.25,14.96,22.12,0.0,0.27,13.96,18.3
2008-04-09,33.56,16.58,24.51,0.0,0.27,10.26,20.27
2008-04-10,28.91,15.23,21.5,0.0,0.26,11.97,17.86
2008-04-11,28.04,11.63,19.12,0.0,0.26,3.19,22.0
2008-04-12,29.06,11.66,19.87,0.0,0.26,0.65,21.62
2008-04-13,30.68,12.53,20.95,0.0,0.26,0.88,21.19
2008-04-14,33.06,12.78,23.26,0.0,0.26,1.01,20.54
2008-04-15,34.53,16.66,25.12,0.02,0.26,7.4,19.33
2008-04-16,32.52,18.21,23.53,0.96,0.26,12.18,11.62
2008-04-17,22.02,15.19,19.04,14.26,0.27,16.23,4.44
2008-04-18,25.48,12.21,18.36,0.01,0.29,11.01,18.21
2008-04-19,20.96,10.96,14.91,0.0,0.28,5.06,18.59
2008-04-20,21.57,7.1,14.41,0.12,0.28,6.65,17.65
2008-04-21,22.13,9.55,15.54,0.29,0.28,9.49,16.01
2008-04-22,24.89,10.05,17.27,0.03,0.27,9.92,17.97
2008-04-23,26.37,11.97,18.64,0.02,0.27,12.27,14.63
2008-04-24,27.86,11.0,18.86,0.0,0.27,8.25,18.81
2008-04-25,29.37,11.44,20.28,0.0,0.27,5.92,18.76
2008-04-26,31.01,14.78,21.96,0.0,0.27,6.17,18.03
2008-04-27,30.88,15.26,22.74,0.01,0.27,7.26,13.15
2008-04-28,26.09,17.67,20.99,21.33,0.28,18.07,11.05
2008-04-29,23.56,15.34,18.72,5.88,0.32,13.62,17.51
2008-04-30,24.39,13.45,18.25,0.18,0.31,10.12,15.61
2008-05-01,24.47,9.33,16.24,0.0,0.31,5.13,18.0
2008-05-02,29.74,9.7,19.14,0.0,0.3,5.22,17.7
2008-05-03,27.28,12.94,19.24,0.1,0.3,7.37,13.37
2008-05-04,27.62,12.31,19.06,0.0,0.3,8.05,17.14
2008-05-05,28.59,10.89,18.94,0.0,0.3,7.21,16.67
2008-05-06,30.92,13.59,20.72,0.0,0.29,7.01,14.91
2008-05-07,31.78,17.31,23.08,0.0,0.29,8.51,14.38
2008-05-08,30.38,15.79,22.01,0.0,0.29,7.82,13.39
2008-05-09,29.96,15.42,22.25,0.03,0.29,8.34,15.7
2008-05-10,25.14,15.76,20.01,0.02,0.29,10.75,13.46
2008-05-11,26.12,14.75,19.42,0.11,0.29,13.2,15.1
2008-05-12,28.25,12.33,19.21,0.0,0.29,10.01,15.69
2008-05-13,23.76,13.33,17.62,1.49,0.29,12.67,12.2
2008-05-14,19.6,8.65,13.48,0.0,0.29,5.41,15.34
2008-05-15,20.96,6.63,13.57,0.0,0.29,7.1,13.73
2008-05-16,21.03,10.46,14.74,0.7,0.29,7.67,15.9
2008-05-17,22.01,6.79,13.69,0.0,0.29,4.54,15.79
2008-05-18,25.03,8.15,15.86,0.0,0.28,2.1,15.67
2008-05-19,25.29,9.95,16.29,0.0,0.28,1.38,15.6
2008-05-20,25.62,10.56,16.12,0.0,0.28,1.73,13.42
2008-05-21,26.17,8.42,16.09,0.0,0.28,2.6,15.43
2008-05-22,22.07,10.45,14.97,1.67,0.28,11.72,8.8
2008-05-23,18.91,10.51,14.59,0.82,0.28,9.31,10.95
2008-05-24,19.81,11.66,14.96,0.87,0.29,10.42,11.67
2008-05-25,23.23,11.94,16.65,0.12,0.29,10.95,12.93
2008-05-26,25.36,10.46,17.16,0.0,0.28,7.56,13.46
2008-05-27,28.71,10.78,18.55,0.0,0.28,2.65,14.45
2008-05-28,27.34,12.37,18.28,0.01,0.28,7.05,12.53
2008-05-29,24.55,14.41,18.55,0.17,0.28,13.51,9.06
2008-05-30,24.67,13.72,18.55,0.0,0.28,6.68,12.86
2008-05-31,27.43,13.65,19.22,0.0,0.28,3.82,9.2
2008-06-01,24.06,14.14,18.12,5.91,0.28,14.45,9.92
2008-06-02,26.45,13.09,18.53,0.03,0.29,10.85,13.86
2008-06-03,26.25,10.74,17.79,0.0,0.29,4.58,13.86
2008-06-04,20.63,11.54,15.58,0.0,0.28,5.8,13.51
2008-06-05,21.15,8.9,14.05,0.0,0.28,4.2,14.22
2008-06-06,21.57,7.52,13.5,0.0,0.28,3.18,14.18
2008-06-07,20.56,6.83,12.76,0.0,0.28,2.11,13.89
2008-06-08,21.99,6.83,13.61,0.0,0.28,0.45,12.92
2008-06-09,18.47,10.04,13.44,7.1,0.29,6.0,4.91
2008-06-10,18.59,7.48,11.88,0.03,0.29,6.2,13.58
2008-06-11,19.76,7.87,12.85,0.0,0.29,5.01,13.69
2008-06-12,20.4,6.72,12.89,0.0,0.29,7.17,9.73
2008-06-13,20.84,6.5,13.28,0.0,0.29,5.16,14.08
2008-06-14,21.28,9.05,15.26,0.0,0.29,9.26,12.58
2008-06-15,21.26,9.98,14.34,6.82,0.29,11.08,7.26
2008-06-16,16.5,8.05,11.82,1.38,0.3,7.73,10.51
2008-06-17,18.96,7.13,12.23,1.05,0.3,8.15,10.97
2008-06-18,20.11,6.56,12.47,0.04,0.3,6.68,12.54
2008-06-19,20.89,6.11,12.48,0.0,0.3,3.13,13.98
2008-06-20,19.5,5.7,11.59,0.0,0.29,0.69,14.24
2008-06-21,20.12,5.23,11.36,0.0,0.29,0.27,14.18
2008-06-22,21.11,5.34,11.76,0.0,0.29,0.3,14.23
2008-06-23,21.48,4.81,12.81,0.0,0.29,-1.51,14.19
2008-06-24,23.44,5.66,13.58,0.05,0.29,1.18,13.82
2008-06-25,20.79,10.82,14.79,0.52,0.29,6.69,13.07
2008-06-26,20.85,9.75,14.07,8.12,0.29,4.74,5.6
2008-06-27,19.63,12.97,15.24,12.27,0.32,12.92,3.95
2008-06-28,17.58,11.3,13.7,2.69,0.33,9.38,9.58
2008-06-29,17.94,8.7,13.1,1.3,0.32,9.19,9.61
2008-06-30,19.45,7.23,11.92,0.0,0.32,6.48,12.51
2008-07-01,21.41,4.96,12.19,0.0,0.32,3.07,14.12
2008-07-02,23.01,6.88,14.02,1.35,0.32,4.98,8.9
2008-07-03,20.53,8.8,13.55,1.38,0.32,9.84,12.04
2008-07-04,19.36,8.89,13.09,1.31,0.32,9.51,12.14
2008-07-05,19.2,9.54,13.47,0.75,0.32,9.14,12.46
2008-07-06,16.19,4.28,9.07,0.0,0.32,0.19,14.75
2008-07-07,18.47,2.73,9.84,0.0,0.31,-3.53,14.7
2008-07-08,22.19,4.59,12.36,0.0,0.31,-1.72,14.15
2008-07-09,23.84,9.35,15.81,0.0,0.31,4.06,13.67
2008-07-10,24.97,7.12,14.67,0.25,0.31,1.55,12.88
2008-07-11,18.56,7.63,13.74,2.94,0.31,9.05,12.81
2008-07-12,16.13,7.01,10.97,2.4,0.32,7.09,12.44
2008-07-13,18.96,4.87,11.45,0.0,0.32,5.28,13.7
2008-07-14,20.23,4.74,11.37,0.2,0.32,1.24,14.25
2008-07-15,20.71,5.51,13.08,14.65,0.31,5.12,12.49
2008-07-16,17.04,7.27,12.41,2.4,0.34,8.79,12.21
2008-07-17,18.44,4.56,11.25,1.34,0.34,7.27,10.87
2008-07-18,16.87,7.74,11.54,9.97,0.34,8.12,11.27
2008-07-19,14.14,4.3,8.4,0.06,0.35,3.28,15.27
2008-07-20,15.89,2.18,8.05,0.22,0.35,3.52,14.29
2008-07-21,17.07,2.61,8.86,1.16,0.35,3.25,15.32
2008-07-22,19.04,3.29,10.16,0.0,0.34,1.01,15.22
2008-07-23,18.53,6.16,11.8,3.73,0.35,3.69,7.36
2008-07-24,19.06,9.15,13.48,3.08,0.35,9.6,13.42
2008-07-25,18.94,8.27,12.65,6.06,0.35,9.76,5.83
2008-07-26,20.08,10.78,14.83,1.23,0.36,11.6,8.57
2008-07-27,22.46,10.92,16.06,10.97,0.36,13.56,5.1
2008-07-28,16.63,8.34,13.38,17.1,0.39,12.16,3.88
2008-07-29,16.99,7.67,12.09,2.26,0.4,8.81,11.92
2008-07-30,16.43,10.96,13.13,8.65,0.4,10.68,9.52
2008-07-31,14.88,6.12,10.25,1.44,0.4,6.89,14.29
2008-08-01,17.01,4.94,10.58,0.16,0.4,5.95,10.96
2008-08-02,17.07,6.53,11.03,1.78,0.4,8.18,11.37
2008-08-03,16.42,4.95,9.5,0.0,0.4,4.28,16.9
2008-08-04,17.71,2.89,9.37,0.3,0.39,2.9,17.26
2008-08-05,19.4,2.49,10.09,0.07,0.39,2.17,17.51
2008-08-06,19.85,3.33,10.96,0.0,0.39,1.16,17.44
2008-08-07,20.49,3.31,11.01,0.0,0.38,1.16,17.5
2008-08-08,20.17,4.72,11.16,0.0,0.38,3.57,17.56
2008-08-09,20.16,5.47,12.08,0.0,0.38,2.26,16.3
2008-08-10,20.75,7.84,13.02,0.0,0.38,1.29,14.63
2008-08-11,21.79,6.08,12.64,0.0,0.37,1.3,16.59
2008-08-12,20.83,5.35,12.24,0.0,0.37,0.94,17.48
2008-08-13,19.52,4.27,10.99,0.0,0.37,-0.37,18.36
2008-08-14,21.09,3.7,11.59,0.0,0.36,-1.2,18.45
2008-08-15,21.87,3.7,11.77,0.0,0.36,-2.08,18.8
2008-08-16,21.83,4.35,12.1,0.0,0.36,-1.85,18.73
2008-08-17,21.06,4.0,11.7,0.0,0.36,-1.1,19.01
2008-08-18,21.25,3.77,12.79,0.0,0.35,-2.81,18.99
2008-08-19,22.03,4.62,12.76,0.0,0.35,-0.63,15.61
2008-08-20,20.41,6.88,12.58,0.0,0.35,5.0,17.49
2008-08-21,16.58,6.5,11.01,0.0,0.35,2.14,16.21
2008-08-22,17.74,7.25,11.35,0.0,0.35,0.59,18.75
2008-08-23,21.68,4.68,12.31,0.0,0.34,-0.62,19.85
2008-08-24,23.67,5.19,13.67,0.0,0.34,2.12,17.05
2008-08-25,21.69,7.08,13.55,0.0,0.34,6.73,19.71
2008-08-26,24.41,6.56,14.53,0.34,0.34,4.73,19.44
2008-08-27,17.34,10.44,13.23,7.06,0.35,8.97,9.52
2008-08-28,20.37,10.12,14.65,7.82,0.35,11.37,10.59
2008-08-29,19.11,9.05,13.34,1.29,0.36,9.67,14.61
2008-08-30,18.03,5.56,11.08,0.02,0.36,4.71,18.24
2008-08-31,18.82,3.19,10.78,0.0,0.35,3.32,16.1
2008-09-01,20.94,5.36,12.31,0.19,0.35,4.48,20.86
2008-09-02,24.26,5.28,14.15,0.0,0.35,1.93,21.56
2008-09-03,25.53,6.35,16.52,0.0,0.34,-1.37,16.44
2008-09-04,23.45,9.08,15.4,0.0,0.34,5.15,14.67
2008-09-05,23.39,6.19,14.18,0.0,0.34,6.84,20.73
2008-09-06,22.62,8.31,14.53,0.0,0.34,6.71,20.25
2008-09-07,23.1,5.63,13.67,0.0,0.34,2.3,22.63
2008-09-08,24.93,6.16,15.49,0.0,0.33,0.4,22.37
2008-09-09,27.68,7.64,16.79,0.0,0.33,1.89,20.97
2008-09-10,21.75,8.25,14.46,0.02,0.33,7.87,20.35
2008-09-11,21.88,10.09,15.02,0.63,0.33,9.42,14.73
2008-09-12,21.23,10.8,15.86,2.07,0.33,10.99,12.88
2008-09-13,20.56,9.46,14.73,0.65,0.33,7.95,21.13
2008-09-14,20.07,9.31,14.55,0.36,0.33,8.98,15.87
2008-09-15,21.89,7.44,14.22,0.0,0.32,4.75,17.82
2008-09-16,29.44,8.16,17.51,0.0,0.32,5.07,22.64
2008-09-17,21.64,11.33,15.82,5.36,0.33,12.34,13.68
2008-09-18,22.09,10.88,15.68,0.44,0.33,10.65,16.8
2008-09-19,22.48,10.18,16.26,0.93,0.33,9.87,17.93
2008-09-20,24.01,7.07,15.0,0.0,0.32,6.92,24.04
2008-09-21,20.31,7.75,12.87,2.67,0.32,7.93,14.88
2008-09-22,18.96,3.59,10.72,0.0,0.32,-0.46,25.75
2008-09-23,25.8,5.57,15.2,0.0,0.32,-0.61,24.29
2008-09-24,27.86,10.26,18.53,0.02,0.32,7.98,20.37
2008-09-25,26.6,11.66,17.66,11.84,0.32,13.42,11.09
2008-09-26,20.23,10.14,14.95,6.78,0.34,10.74,14.7
2008-09-27,21.94,8.58,14.19,0.01,0.34,6.12,25.45
2008-09-28,24.61,6.47,15.3,0.0,0.33,5.73,26.04
2008-09-29,30.89,8.54,18.7,0.0,0.33,7.16,25.49
2008-09-30,21.34,9.93,15.64,1.71,0.33,9.11,21.68
2008-10-01,25.02,8.43,15.71,0.0,0.33,8.46,24.12
2008-10-02,20.89,9.45,14.71,2.01,0.33,9.87,15.16
2008-10-03,22.23,5.57,13.58,0.0,0.32,3.1,27.12
2008-10-04,22.56,6.34,13.88,0.06,0.32,5.73,24.56
2008-10-05,21.41,4.42,12.64,0.0,0.32,0.73,27.76
2008-10-06,24.29,6.59,15.08,0.0,0.32,1.71,27.93
2008-10-07,25.82,6.8,16.22,0.0,0.31,1.85,28.06
2008-10-08,28.58,9.3,18.76,0.0,0.31,0.59,28.49
2008-10-09,32.22,11.45,21.13,0.0,0.31,1.95,27.79
2008-10-10,33.23,9.73,21.03,0.0,0.3,6.28,27.75
2008-10-11,28.31,11.3,18.4,0.0,0.3,8.64,27.35
2008-10-12,25.13,10.54,17.02,0.0,0.3,7.37,26.75
2008-10-13,28.06,8.49,18.11,0.0,0.3,4.29,28.49
2008-10-14,34.4,12.39,23.13,0.0,0.3,4.76,28.22
2008-10-15,35.04,16.85,25.09,0.0,0.29,6.92,19.91
2008-10-16,29.22,13.42,20.16,0.0,0.29,10.8,25.98
2008-10-17,29.43,11.77,19.64,0.0,0.29,8.87,26.95
2008-10-18,32.2,10.86,21.31,0.0,0.29,6.73,28.7
2008-10-19,36.29,15.42,26.06,0.1,0.29,7.37,28.05
2008-10-20,36.93,20.05,27.76,0.64,0.28,8.79,15.82
2008-10-21,36.27,20.57,27.35,2.02,0.28,11.61,22.13
2008-10-22,35.19,18.5,26.2,4.94,0.29,12.64,17.92
2008-10-23,32.98,20.13,25.66,0.68,0.29,13.51,16.99
2008-10-24,24.82,15.51,20.35,4.75,0.29,14.89,6.97
2008-10-25,25.68,11.85,18.45,0.96,0.3,8.79,26.31
2008-10-26,30.09,9.99,19.75,0.0,0.29,7.15,30.22
2008-10-27,30.63,10.89,19.68,2.37,0.29,10.04,29.8
2008-10-28,22.63,13.37,17.33,1.09,0.29,10.69,16.42
2008-10-29,25.46,13.89,18.77,1.17,0.29,11.86,21.31
2008-10-30,23.63,11.36,16.76,0.14,0.29,7.61,26.04
2008-10-31,25.19,7.89,16.88,0.0,0.29,6.76,27.48
2008-11-01,27.89,9.71,18.64,0.0,0.28,3.84,30.61
2008-11-02,33.89,10.72,21.52,0.0,0.28,2.79,31.16
2008-11-03,22.82,10.6,16.3,0.0,0.28,7.05,22.29
2008-11-04,24.7,9.32,16.66,0.05,0.28,7.15,26.44
2008-11-05,24.17,10.77,16.51,0.77,0.28,7.67,23.93
2008-11-06,20.93,7.75,14.55,0.64,0.28,4.85,24.58
2008-11-07,24.47,7.66,15.96,0.0,0.28,3.12,31.43
2008-11-08,30.75,9.25,20.62,0.0,0.27,1.33,31.9
2008-11-09,33.63,12.76,23.59,0.0,0.27,-0.11,24.19
2008-11-10,33.51,13.58,23.12,0.0,0.27,9.2,28.05
2008-11-11,26.98,15.65,19.94,0.0,0.27,12.32,24.88
2008-11-12,28.48,13.35,20.54,0.0,0.27,9.33,30.74
2008-11-13,28.59,12.45,20.62,0.01,0.27,4.81,31.47
2008-11-14,21.78,13.5,17.66,0.14,0.27,5.84,23.25
2008-11-15,21.58,11.59,16.24,1.17,0.27,6.54,20.64
2008-11-16,23.1,12.72,17.23,0.41,0.27,9.18,17.19
2008-11-17,26.64,10.72,18.83,0.0,0.27,8.89,21.41
2008-11-18,29.63,12.88,21.36,0.0,0.26,7.07,31.08
2008-11-19,34.57,15.66,25.07,0.0,0.26,7.81,31.06
2008-11-20,27.13,15.09,20.2,0.0,0.26,10.76,26.72
2008-11-21,28.47,14.56,20.71,0.0,0.26,7.65,26.12
2008-11-22,27.61,14.97,20.08,0.24,0.26,8.75,21.61
2008-11-23,25.31,14.74,19.03,2.25,0.26,11.03,22.2
2008-11-24,25.73,13.22,18.65,1.38,0.26,10.01,21.28
2008-11-25,28.23,10.65,19.36,0.09,0.26,8.49,26.94
2008-11-26,25.86,12.78,18.8,0.01,0.26,8.6,24.73
2008-11-27,26.41,11.75,18.85,0.23,0.26,9.34,25.68
2008-11-28,30.34,11.66,21.32,0.0,0.26,6.97,32.69
2008-11-29,35.58,13.94,24.9,0.0,0.25,5.81,32.93
2008-11-30,35.05,14.0,24.52,0.0,0.25,7.63,33.11
2008-12-01,38.62,15.52,27.45,0.02,0.25,5.02,32.82
2008-12-02,36.75,20.48,28.82,0.9,0.25,8.55,22.2
2008-12-03,27.81,15.5,21.16,0.01,0.25,11.65,28.33
2008-12-04,30.53,13.39,21.35,0.02,0.25,9.96,30.84
2008-12-05,30.27,12.59,21.31,0.0,0.25,7.78,32.09
2008-12-06,34.04,12.99,24.03,0.0,0.25,4.43,33.84
2008-12-07,37.75,15.75,25.48,0.0,0.24,7.13,33.07
2008-12-08,29.18,14.39,20.61,0.0,0.24,8.13,32.81
2008-12-09,27.5,12.56,19.43,0.0,0.24,8.25,27.64
2008-12-10,24.7,11.11,17.83,0.04,0.24,6.24,27.62
2008-12-11,28.43,11.43,20.12,0.0,0.24,7.12,30.87
2008-12-12,31.89,13.19,23.17,0.0,0.24,6.82,32.99
2008-12-13,36.17,16.36,26.94,0.0,0.24,3.69,33.57
2008-12-14,39.42,19.55,30.0,0.0,0.24,3.32,33.74
2008-12-15,39.38,18.45,28.03,0.0,0.24,8.27,33.08
2008-12-16,35.29,16.41,25.72,0.0,0.23,9.05,33.39
2008-12-17,34.29,15.78,25.27,0.0,0.23,3.71,34.53
2008-12-18,36.35,16.41,26.6,0.0,0.23,1.1,34.7
2008-12-19,41.36,17.06,27.81,0.0,0.23,3.83,32.61
2008-12-20,28.03,15.39,20.97,0.0,0.23,8.83,31.78
2008-12-21,31.46,12.51,22.18,0.0,0.23,5.11,33.23
2008-12-22,37.17,15.06,26.39,0.0,0.23,4.05,33.64
2008-12-23,37.58,15.49,26.03,0.0,0.23,7.96,33.7
2008-12-24,38.35,15.72,26.9,0.0,0.23,8.32,33.21
2008-12-25,36.77,14.94,25.57,0.0,0.23,7.38,33.68
2008-12-26,36.59,15.36,26.17,0.0,0.23,6.5,33.95
2008-12-27,39.33,18.0,29.12,0.21,0.23,7.06,33.44
2008-12-28,40.81,21.47,31.46,0.0,0.22,8.41,32.29
2008-12-29,40.64,25.04,33.15,1.72,0.22,12.28,26.36
2008-12-30,40.23,25.54,32.52,5.09,0.23,14.89,22.79
2008-12-31,41.07,23.12,31.98,0.19,0.23,11.62,30.88
2009-01-01,43.49,23.04,33.24,0.03,0.23,10.27,29.54
2009-01-02,43.58,24.11,33.07,0.0,0.23,10.76,30.49
2009-01-03,41.48,20.78,31.45,0.0,0.22,9.86,32.96
2009-01-04,39.62,20.61,30.29,0.0,0.22,6.63,33.58
2009-01-05,42.22,22.58,32.78,0.0,0.22,6.17,33.31
2009-01-06,44.46,23.25,34.19,0.0,0.22,5.62,32.93
2009-01-07,45.69,24.19,34.92,0.0,0.22,7.84,33.32
2009-01-08,44.28,24.86,34.52,0.0,0.22,6.7,33.36
2009-01-09,42.41,24.51,33.34,0.0,0.22,8.39,33.27
2009-01-10,43.08,24.76,33.67,0.0,0.22,6.77,33.36
2009-01-11,46.23,25.35,35.23,0.0,0.22,5.91,33.28
2009-01-12,38.76,19.36,28.2,0.0,0.22,9.66,33.15
2009-01-13,33.73,15.22,24.32,0.0,0.22,3.04,33.06
2009-01-14,39.33,15.53,28.44,0.0,0.21,3.16,32.53
2009-01-15,43.34,23.57,33.7,0.0,0.21,6.66,31.88
2009-01-16,44.74,27.24,35.89,0.0,0.21,6.03,30.08
2009-01-17,44.35,24.0,34.53,0.0,0.21,6.42,31.03
2009-01-18,43.28,26.91,34.58,0.0,0.21,6.44,16.44
2009-01-19,35.87,23.93,29.29,0.0,0.21,10.77,32.06
2009-01-20,37.23,18.58,28.02,0.0,0.21,8.78,32.7
2009-01-21,40.03,19.62,29.55,0.0,0.21,2.43,32.92
2009-01-22,38.22,16.67,27.66,0.0,0.21,8.37,32.4
2009-01-23,39.0,19.13,28.86,0.0,0.21,9.67,32.45
2009-01-24,40.93,19.17,30.26,0.0,0.21,7.28,32.18
2009-01-25,44.04,19.72,32.36,0.01,0.21,6.98,32.14
2009-01-26,42.67,23.66,32.13,7.04,0.21,14.92,19.91
2009-01-27,30.61,24.4,27.51,17.4,0.23,20.4,9.73
2009-01-28,32.03,20.44,25.41,9.19,0.26,19.23,18.27
2009-01-29,32.61,18.31,25.0,0.27,0.26,15.43,15.5
2009-01-30,36.16,18.51,28.35,0.58,0.25,16.25,26.18
2009-01-31,39.22,23.86,31.4,0.96,0.25,19.08,25.44
2009-02-01,40.13,25.6,33.09,0.04,0.25,17.65,29.29
2009-02-02,42.77,26.68,34.93,0.05,0.24,14.34,30.31
2009-02-03,44.01,25.73,35.09,0.01,0.24,12.11,29.74
2009-02-04,41.58,24.15,32.65,0.11,0.24,10.95,28.49
2009-02-05,41.67,24.38,32.44,0.01,0.24,14.22,29.21
2009-02-06,37.14,17.76,26.91,0.0,0.24,10.23,30.19
2009-02-07,34.35,14.78,24.52,0.0,0.24,5.69,31.34
2009-02-08,38.62,19.71,28.95,0.0,0.23,8.67,30.07
2009-02-09,39.03,21.13,30.02,0.0,0.23,6.4,30.5
2009-02-10,38.8,21.28,29.97,0.0,0.23,6.0,30.57
2009-02-11,39.53,22.87,30.96,0.0,0.23,4.85,29.64
2009-02-12,41.43,21.9,31.94,0.0,0.23,3.57,29.28
2009-02-13,42.36,21.91,32.46,0.0,0.23,5.79,28.12
2009-02-14,41.25,24.16,32.25,1.34,0.23,12.1,23.52
2009-02-15,37.61,25.27,31.69,0.91,0.23,16.41,25.3
2009-02-16,32.54,23.51,28.28,0.66,0.23,14.54,16.64
2009-02-17,34.44,20.31,27.67,0.21,0.23,13.66,25.37
2009-02-18,34.38,22.72,28.59,0.01,0.23,14.11,26.69
2009-02-19,36.8,21.43,29.67,0.0,0.23,11.53,26.22
2009-02-20,38.74,24.29,31.77,0.0,0.23,10.17,25.34
2009-02-21,39.93,23.4,32.22,0.14,0.23,10.58,24.94
2009-02-22,38.75,26.85,32.4,0.0,0.23,13.13,26.61
2009-02-23,39.51,24.47,31.17,1.3,0.22,14.37,23.53
2009-02-24,34.79,20.2,26.92,0.0,0.23,13.46,26.22
2009-02-25,30.79,15.82,21.89,0.0,0.23,11.54,24.55
2009-02-26,29.71,12.49,20.94,0.0,0.22,2.74,29.4
2009-02-27,37.23,15.02,26.5,0.01,0.22,0.76,28.61
2009-02-28,38.84,22.72,30.16,15.48,0.23,15.76,13.47
2009-03-01,34.79,22.69,28.36,4.92,0.25,19.41,24.51
2009-03-02,29.45,16.36,23.24,0.43,0.25,12.52,24.0
2009-03-03,29.6,12.42,20.62,0.0,0.25,0.56,29.36
2009-03-04,29.85,15.99,22.77,0.0,0.24,1.68,26.56
2009-03-05,35.53,18.06,25.93,0.0,0.24,1.76,27.85
2009-03-06,36.75,17.74,27.23,0.0,0.24,3.15,27.46
2009-03-07,35.01,17.88,26.05,0.0,0.24,3.35,27.27
2009-03-08,35.16,17.92,26.21,0.0,0.24,3.05,27.61
2009-03-09,35.77,17.72,26.71,0.0,0.23,2.1,26.73
2009-03-10,36.97,18.66,28.2,0.0,0.23,2.13,26.54
2009-03-11,38.59,19.79,29.26,0.0,0.23,3.68,25.15
2009-03-12,37.56,19.58,27.49,0.04,0.23,11.95,17.39
2009-03-13,33.07,17.5,24.6,0.0,0.23,10.39,25.08
2009-03-14,34.78,19.65,27.28,0.0,0.23,9.13,24.27
2009-03-15,39.91,23.56,30.51,0.0,0.23,8.49,22.56
2009-03-16,40.03,20.92,28.67,0.0,0.23,11.31,25.05
2009-03-17,33.54,17.85,23.69,0.0,0.23,14.13,24.76
2009-03-18,29.58,14.03,21.3,0.0,0.23,7.82,23.96
2009-03-19,33.75,13.25,22.81,0.0,0.23,4.77,19.79
2009-03-20,29.11,13.72,20.27,0.0,0.23,9.77,25.08
2009-03-21,30.18,13.66,21.54,0.0,0.23,9.71,22.82
2009-03-22,32.65,13.88,22.2,0.0,0.22,5.35,24.58
2009-03-23,28.99,13.32,20.5,0.0,0.22,11.33,21.66
2009-03-24,29.7,15.07,21.86,0.0,0.22,10.63,22.11
2009-03-25,31.58,15.08,23.06,0.0,0.22,9.79,23.48
2009-03-26,37.23,16.99,26.88,0.0,0.22,5.45,23.75
2009-03-27,40.04,20.19,28.81,0.0,0.22,6.41,23.51
2009-03-28,33.67,16.86,24.46,0.0,0.22,10.44,23.36
2009-03-29,31.83,17.29,23.8,0.0,0.22,11.04,19.99
2009-03-30,32.25,16.23,23.24,0.0,0.22,11.22,22.69
2009-03-31,30.41,14.79,21.72,0.0,0.22,11.14,21.41
2009-04-01,30.43,13.65,21.3,0.0,0.22,7.65,23.08
2009-04-02,33.25,13.81,22.97,0.01,0.22,4.06,22.51
2009-04-03,33.14,17.03,24.48,0.0,0.22,4.39,22.35
2009-04-04,31.17,15.46,22.96,0.0,0.22,-0.94,23.02
2009-04-05,30.09,14.55,21.92,0.0,0.22,1.98,22.65
2009-04-06,30.77,14.84,22.31,0.0,0.22,4.12,21.99
2009-04-07,32.61,15.78,23.56,0.0,0.22,2.31,21.91
2009-04-08,33.57,16.31,24.64,0.0,0.22,1.03,20.46
2009-04-09,34.15,18.54,26.13,0.0,0.21,0.82,19.37
2009-04-10,34.44,18.66,25.95,0.0,0.21,-1.31,19.87
2009-04-11,33.74,17.49,25.21,0.0,0.21,-4.01,21.25
2009-04-12,35.08,15.66,24.4,6.97,0.21,-0.22,17.82
2009-04-13,30.53,18.53,23.76,0.31,0.23,13.24,14.21
2009-04-14,29.51,16.23,22.55,0.0,0.22,11.85,19.82
2009-04-15,30.63,17.7,23.63,0.0,0.22,10.21,19.45
2009-04-16,31.67,17.25,24.66,0.0,0.22,9.73,18.8
2009-04-17,32.53,18.74,26.18,0.01,0.22,8.66,17.57
2009-04-18,33.71,20.92,26.43,0.02,0.22,8.98,17.31
2009-04-19,32.69,18.36,24.92,0.25,0.22,11.09,19.1
2009-04-20,30.9,19.37,24.44,2.35,0.22,12.45,17.55
2009-04-21,29.67,18.53,23.97,1.88,0.22,14.69,16.03
2009-04-22,26.36,12.87,20.07,0.0,0.22,11.37,15.48
2009-04-23,22.26,8.83,15.19,0.0,0.22,3.19,19.13
2009-04-24,25.45,9.09,16.8,0.0,0.22,5.87,19.03
2009-04-25,27.58,10.78,18.55,0.0,0.22,7.88,18.74
2009-04-26,28.8,11.62,20.09,0.0,0.22,5.86,18.28
2009-04-27,31.62,16.27,22.59,0.0,0.22,5.92,18.18
2009-04-28,31.35,16.56,23.0,0.0,0.22,6.81,18.23
2009-04-29,30.96,17.07,23.15,0.0,0.22,4.1,16.32
2009-04-30,30.34,14.72,21.97,0.0,0.22,5.64,17.71
2009-05-01,29.25,13.39,20.56,0.0,0.22,5.03,17.69
2009-05-02,27.93,13.04,19.77,0.0,0.22,4.18,17.86
2009-05-03,28.13,12.27,19.64,0.0,0.22,1.52,16.32
2009-05-04,28.8,14.29,20.58,0.0,0.22,1.51,17.31
2009-05-05,27.88,11.84,19.3,0.0,0.22,2.07,17.48
2009-05-06,26.55,11.28,18.53,0.0,0.21,1.09,17.51
2009-05-07,25.41,11.75,18.14,0.0,0.21,2.2,17.17
2009-05-08,24.47,11.0,17.4,0.0,0.21,3.11,16.91
2009-05-09,24.92,10.78,17.03,0.0,0.21,1.48,16.77
2009-05-10,25.67,10.84,17.61,0.0,0.21,-0.23,13.85
2009-05-11,25.28,11.93,17.56,0.0,0.21,-1.45,15.15
2009-05-12,26.18,10.12,17.46,0.0,0.21,-1.48,16.63
2009-05-13,24.57,9.46,16.54,0.0,0.21,0.53,16.43
2009-05-14,24.12,9.82,16.25,0.0,0.21,2.35,16.22
2009-05-15,24.92,9.35,16.5,0.0,0.21,2.25,14.31
2009-05-16,25.61,10.58,17.37,0.0,0.21,2.02,14.48
2009-05-17,26.94,10.23,18.35,0.0,0.21,-0.2,15.74
2009-05-18,25.74,10.29,17.48,0.0,0.21,4.87,15.53
2009-05-19,26.33,10.51,17.64,0.0,0.21,8.71,15.31
2009-05-20,28.61,12.33,19.27,1.65,0.21,7.44,7.67
2009-05-21,22.4,14.71,17.69,25.34,0.25,15.27,5.92
2009-05-22,16.52,11.49,13.83,2.62,0.26,6.42,12.95
2009-05-23,17.32,10.12,13.39,4.01,0.26,8.91,11.67
2009-05-24,17.44,7.18,11.41,0.07,0.26,4.25,15.18
2009-05-25,20.14,4.61,12.07,0.0,0.26,0.16,14.61
2009-05-26,24.03,7.64,14.94,0.01,0.26,-0.65,15.06
2009-05-27,19.04,9.04,14.03,4.25,0.26,3.36,7.07
2009-05-28,23.9,9.89,16.14,0.01,0.26,6.96,10.47
2009-05-29,24.82,11.93,17.24,0.33,0.26,6.67,13.9
2009-05-30,25.37,10.76,17.66,3.49,0.26,8.07,13.68
2009-05-31,23.06,14.09,17.78,3.6,0.27,11.24,11.1
2009-06-01,23.46,12.17,16.89,0.22,0.27,12.05,7.87
2009-06-02,23.98,12.34,16.9,0.11,0.27,11.65,13.23
2009-06-03,21.76,10.2,15.02,0.07,0.27,10.09,10.38
2009-06-04,18.35,9.13,12.8,0.05,0.27,6.35,11.81
2009-06-05,19.37,6.89,12.18,0.02,0.26,6.95,13.54
2009-06-06,20.34,6.37,12.45,0.0,0.26,5.79,13.39
2009-06-07,19.81,5.69,12.19,0.0,0.26,3.1,14.0
2009-06-08,20.53,5.31,11.97,0.0,0.26,0.63,14.42
2009-06-09,23.57,6.25,13.5,0.28,0.26,1.47,13.95
2009-06-10,23.54,10.4,15.92,10.77,0.28,10.62,7.3
2009-06-11,20.8,10.76,15.61,2.2,0.28,12.2,7.85
2009-06-12,18.34,7.5,12.23,0.04,0.28,5.52,10.73
2009-06-13,17.87,5.56,10.86,0.0,0.28,5.35,12.03
2009-06-14,17.95,3.47,9.83,0.0,0.28,2.73,14.08
2009-06-15,19.3,3.65,10.67,0.0,0.28,0.85,14.16
2009-06-16,20.49,3.67,11.2,0.0,0.28,-1.27,14.18
2009-06-17,21.75,6.2,12.54,0.0,0.27,-1.87,13.9
2009-06-18,21.35,6.99,12.91,1.63,0.28,3.0,13.46
2009-06-19,18.16,8.73,12.57,7.14,0.29,9.24,7.68
2009-06-20,16.75,7.59,11.54,1.03,0.29,6.71,11.11
2009-06-21,18.93,7.42,13.04,0.3,0.29,7.15,10.8
2009-06-22,18.34,4.37,11.32,0.01,0.29,3.75,13.19
2009-06-23,18.71,9.63,13.01,10.27,0.29,6.48,4.29
2009-06-24,17.89,7.42,12.63,0.44,0.3,10.21,7.28
2009-06-25,18.61,10.74,13.86,5.53,0.31,11.21,11.38
2009-06-26,20.06,9.7,14.35,4.83,0.31,11.2,8.39
2009-06-27,18.36,12.01,14.54,10.24,0.33,10.73,11.23
2009-06-28,18.25,12.55,15.03,7.67,0.34,13.21,7.78
2009-06-29,18.86,10.27,14.86,2.8,0.34,11.15,9.37
2009-06-30,16.57,7.03,11.62,0.15,0.34,7.32,11.15
2009-07-01,17.86,7.21,12.18,0.21,0.33,7.9,12.13
2009-07-02,18.55,6.79,11.18,0.0,0.33,4.95,14.05
2009-07-03,16.91,7.06,10.85,1.77,0.33,4.83,6.66
2009-07-04,19.57,6.78,12.72,5.83,0.33,7.21,10.76
2009-07-05,21.18,7.96,14.43,0.0,0.34,6.96,13.76
2009-07-06,19.55,9.56,14.37,0.02,0.34,9.71,4.53
2009-07-07,16.74,6.52,10.58,13.76,0.35,6.69,12.49
2009-07-08,19.18,4.49,12.3,3.59,0.36,7.23,9.4
2009-07-09,17.1,11.55,14.7,17.54,0.38,12.83,3.68
2009-07-10,17.29,7.09,12.74,1.75,0.39,9.35,13.06
2009-07-11,16.0,6.61,10.96,0.15,0.38,7.77,11.83
2009-07-12,17.73,6.5,11.05,0.0,0.38,6.17,13.66
2009-07-13,17.6,2.81,9.21,0.05,0.37,2.98,14.48
2009-07-14,18.34,2.88,9.38,0.0,0.37,2.39,15.08
2009-07-15,20.25,3.53,10.72,3.23,0.37,2.14,15.15
2009-07-16,17.16,9.84,12.74,1.93,0.37,8.13,11.26
2009-07-17,16.13,7.29,12.18,3.34,0.38,9.08,12.2
2009-07-18,16.48,7.43,12.41,0.45,0.38,8.18,8.99
2009-07-19,13.86,10.64,11.77,15.6,0.39,9.12,8.24
2009-07-20,14.19,8.34,10.93,1.99,0.4,6.43,10.87
2009-07-21,16.15,7.05,10.82,0.35,0.4,6.79,12.34
2009-07-22,17.53,7.01,11.48,1.9,0.39,7.69,11.18
2009-07-23,19.7,5.96,12.3,0.07,0.39,8.19,13.03
2009-07-24,17.39,6.95,11.83,0.1,0.39,8.65,10.45
2009-07-25,15.54,4.71,9.23,0.0,0.39,3.49,15.38
2009-07-26,15.33,1.21,7.51,0.0,0.39,0.58,15.21
2009-07-27,16.32,0.83,7.82,0.0,0.38,0.5,16.31
2009-07-28,18.01,1.22,8.56,0.0,0.38,0.1,16.32
2009-07-29,19.83,2.32,10.11,0.0,0.38,1.47,16.5
2009-07-30,21.04,3.92,11.53,0.0,0.38,2.51,16.32
2009-07-31,22.53,4.82,13.06,0.0,0.37,1.97,15.11
2009-08-01,24.06,5.74,13.76,0.0,0.37,3.54,16.43
2009-08-02,23.7,6.63,13.87,0.0,0.37,4.89,16.2
2009-08-03,24.74,6.61,14.4,0.0,0.37,4.24,16.72
2009-08-04,25.04,5.67,13.64,0.0,0.36,5.39,16.89
2009-08-05,21.21,7.08,12.86,0.1,0.36,9.57,16.82
2009-08-06,21.68,9.19,14.71,2.06,0.36,12.31,11.02
2009-08-07,24.15,12.25,16.85,0.63,0.36,11.92,13.52
2009-08-08,24.52,10.88,16.25,0.28,0.36,10.68,16.89
2009-08-09,24.74,9.36,15.63,1.47,0.36,10.42,16.24
2009-08-10,20.64,11.98,15.48,2.37,0.36,12.43,11.34
2009-08-11,20.33,9.11,13.82,2.41,0.36,10.06,12.89
2009-08-12,19.33,7.8,12.88,1.74,0.36,9.97,13.2
2009-08-13,19.5,9.37,14.04,5.59,0.37,11.73,11.44
2009-08-14,20.76,11.25,15.32,1.95,0.37,11.5,13.3
2009-08-15,16.11,6.26,12.65,0.38,0.37,7.45,14.45
2009-08-16,18.15,5.59,11.57,2.49,0.37,6.92,12.57
2009-08-17,21.95,5.98,12.97,0.0,0.37,4.74,18.81
2009-08-18,21.02,6.52,13.43,2.85,0.36,9.66,15.24
2009-08-19,20.6,9.71,14.09,2.93,0.37,11.13,15.59
2009-08-20,19.04,8.9,14.02,1.78,0.37,11.96,7.41
2009-08-21,16.03,6.99,12.28,1.64,0.37,9.64,9.07
2009-08-22,17.44,7.01,11.85,0.03,0.37,7.46,11.99
2009-08-23,18.68,7.61,13.37,0.0,0.37,8.56,13.41
2009-08-24,20.06,5.45,12.2,0.0,0.36,7.84,15.28
2009-08-25,22.01,7.8,13.94,0.0,0.36,7.87,19.18
2009-08-26,25.85,6.4,15.68,0.0,0.36,6.62,20.08
2009-08-27,23.94,9.15,15.08,0.02,0.35,8.29,18.92
2009-08-28,18.68,8.26,12.22,1.05,0.35,8.19,13.11
2009-08-29,16.11,5.4,9.73,0.54,0.35,2.51,20.94
2009-08-30,19.08,2.49,10.25,0.0,0.35,0.45,21.28
2009-08-31,21.8,3.42,11.87,0.0,0.35,2.55,20.02
2009-09-01,19.16,5.9,11.96,1.18,0.35,7.38,15.75
2009-09-02,18.13,7.08,12.4,2.88,0.35,7.69,13.17
2009-09-03,19.06,4.84,10.96,0.0,0.35,3.38,21.0
2009-09-04,25.44,4.11,13.63,1.5,0.35,3.41,22.05
2009-09-05,17.69,7.86,12.77,0.16,0.34,6.75,17.03
2009-09-06,19.77,6.76,12.04,0.09,0.34,6.2,18.81
2009-09-07,22.78,5.04,13.17,0.0,0.34,6.06,22.15
2009-09-08,23.06,8.03,14.18,0.04,0.34,8.22,21.84
2009-09-09,22.66,7.36,14.07,0.01,0.34,8.23,20.88
2009-09-10,19.8,9.12,14.63,4.1,0.34,11.34,14.58
2009-09-11,20.72,12.67,15.87,1.02,0.34,11.41,14.96
2009-09-12,19.47,7.39,13.64,0.17,0.34,6.79,18.88
2009-09-13,21.07,5.51,12.67,0.14,0.34,5.17,21.34
2009-09-14,23.46,5.9,13.78,0.04,0.33,6.57,22.77
2009-09-15,20.56,8.1,13.49,6.96,0.33,9.54,16.09
2009-09-16,20.53,6.49,12.96,0.09,0.34,6.4,20.76
2009-09-17,23.77,5.47,14.06,0.0,0.34,5.85,23.9
2009-09-18,21.02,8.47,14.11,2.08,0.34,8.43,18.38
2009-09-19,22.04,5.31,13.06,0.0,0.33,4.73,23.9
2009-09-20,19.69,6.98,12.87,0.4,0.33,7.15,17.65
2009-09-21,19.27,7.68,13.79,1.83,0.33,8.09,19.35
2009-09-22,22.13,4.18,12.56,0.0,0.33,4.21,24.45
2009-09-23,25.22,6.29,15.24,0.03,0.33,7.46,23.44
2009-09-24,24.91,8.49,15.96,0.03,0.33,9.05,24.06
2009-09-25,21.88,5.67,13.04,0.0,0.32,0.83,26.12
2009-09-26,24.36,5.76,14.34,0.0,0.32,-0.56,26.02
2009-09-27,28.46,6.64,16.95,0.0,0.32,-1.71,26.23
2009-09-28,25.05,7.43,15.73,1.59,0.32,9.27,20.42
2009-09-29,13.35,8.53,11.05,6.25,0.32,7.44,16.04
2009-09-30,18.44,6.81,11.68,0.11,0.33,3.94,19.03
2009-10-01,23.05,4.13,13.74,0.0,0.32,2.28,26.05
2009-10-02,26.62,6.94,16.37,0.0,0.32,3.74,26.42
2009-10-03,26.97,7.83,16.88,0.0,0.32,7.06,25.74
2009-10-04,28.08,8.69,17.78,0.0,0.31,7.6,24.0
2009-10-05,29.8,9.37,19.07,0.0,0.31,6.52,26.24
2009-10-06,28.88,9.84,18.89,0.0,0.31,6.02,26.52
2009-10-07,27.8,9.73,18.52,0.0,0.31,6.58,26.99
2009-10-08,30.03,9.8,19.57,0.0,0.3,6.19,27.38
2009-10-09,31.0,10.5,19.52,0.0,0.3,10.1,26.29
2009-10-10,24.46,11.82,16.97,0.01,0.3,9.37,22.21
2009-10-11,22.28,10.06,15.45,0.0,0.3,5.37,19.32
2009-10-12,23.64,6.38,14.92,0.0,0.3,5.14,27.19
2009-10-13,27.91,9.0,17.76,0.0,0.29,7.0,27.57
2009-10-14,31.89,9.92,20.64,0.0,0.29,5.87,28.06
2009-10-15,34.38,13.08,23.44,0.0,0.29,4.87,28.2
2009-10-16,36.12,16.18,25.78,0.0,0.29,5.66,27.78
2009-10-17,37.23,17.74,26.91,0.0,0.28,4.58,27.88
2009-10-18,37.22,17.04,26.68,0.0,0.28,5.62,27.71
2009-10-19,26.2,14.49,20.53,0.0,0.28,10.09,17.78
2009-10-20,30.7,10.79,20.49,0.0,0.28,5.89,29.27
2009-10-21,32.7,11.31,21.08,0.02,0.28,5.4,29.51
2009-10-22,28.27,11.38,19.57,0.0,0.28,8.86,21.03
2009-10-23,31.91,14.01,22.36,0.0,0.28,10.54,22.16
2009-10-24,33.96,17.55,25.54,0.47,0.28,10.85,20.03
2009-10-25,37.54,17.64,26.31,1.89,0.27,11.01,25.17
2009-10-26,26.78,19.27,22.25,3.17,0.28,16.19,7.39
2009-10-27,33.17,15.7,24.04,0.0,0.28,14.39,28.22
2009-10-28,25.54,12.48,18.35,0.26,0.28,9.92,20.19
2009-10-29,28.16,8.99,18.48,0.0,0.28,4.52,30.34
2009-10-30,35.42,11.86,23.14,0.0,0.27,4.76,27.24
2009-10-31,30.99,12.92,21.38,0.0,0.27,8.48,29.52
2009-11-01,32.31,13.85,22.49,0.0,0.27,6.64,30.48
2009-11-02,32.41,12.49,22.33,0.0,0.27,1.21,30.09
2009-11-03,36.61,16.46,27.01,0.0,0.26,4.21,26.56
2009-11-04,37.58,20.18,26.58,0.58,0.26,6.02,27.93
2009-11-05,32.03,19.38,24.49,0.72,0.26,11.81,8.7
2009-11-06,33.12,16.29,24.09,0.57,0.26,12.71,26.75
2009-11-07,28.02,13.51,20.18,0.0,0.26,9.36,28.37
2009-11-08,31.39,11.6,21.57,0.0,0.26,6.71,31.65
2009-11-09,37.12,12.51,25.05,0.01,0.26,6.75,30.05
2009-11-10,38.76,21.61,28.66,0.44,0.26,11.67,24.5
2009-11-11,36.53,19.02,27.59,0.59,0.26,14.74,14.94
2009-11-12,35.16,19.72,26.4,9.03,0.27,16.98,20.76
2009-11-13,33.31,17.36,24.0,0.01,0.27,14.07,29.61
2009-11-14,32.89,15.34,22.7,0.0,0.26,10.72,30.75
2009-11-15,37.21,13.8,24.71,0.0,0.26,10.19,31.28
2009-11-16,31.72,15.74,22.74,0.39,0.26,11.17,30.68
2009-11-17,28.42,13.16,19.85,0.01,0.26,9.36,29.01
2009-11-18,27.33,14.17,19.75,2.96,0.26,11.91,20.88
2009-11-19,22.36,12.52,16.92,4.75,0.26,8.59,21.8
2009-11-20,25.92,10.43,18.12,0.03,0.27,7.14,25.0
2009-11-21,29.06,11.17,20.32,0.0,0.26,4.77,31.96
2009-11-22,30.76,12.45,21.89,0.0,0.26,4.56,32.74
2009-11-23,35.22,15.7,25.15,0.0,0.26,-1.53,33.49
2009-11-24,37.17,17.14,27.56,0.0,0.26,-4.22,33.91
2009-11-25,34.62,14.47,24.03,0.0,0.25,3.61,32.84
2009-11-26,26.33,11.48,18.4,0.0,0.25,2.57,33.93
2009-11-27,31.28,10.32,20.95,0.0,0.25,1.23,33.09
2009-11-28,36.57,13.29,25.48,0.0,0.25,-2.52,33.92
2009-11-29,36.84,16.1,25.66,0.0,0.25,1.84,33.68
2009-11-30,37.07,13.09,24.46,0.0,0.25,8.24,33.38
2009-12-01,31.71,14.48,22.25,0.0,0.25,8.12,32.98
2009-12-02,31.51,13.93,22.12,0.0,0.24,5.41,33.88
2009-12-03,37.35,14.87,26.53,0.0,0.24,3.82,33.59
2009-12-04,42.66,20.62,31.79,0.56,0.24,6.81,31.2
2009-12-05,41.47,24.08,31.77,0.07,0.24,11.77,24.13
2009-12-06,40.7,21.33,30.86,0.37,0.24,11.77,28.84
2009-12-07,34.9,19.68,27.32,0.0,0.24,10.76,32.37
2009-12-08,33.45,17.69,25.42,0.0,0.24,7.17,33.19
2009-12-09,32.52,16.21,24.15,0.01,0.24,1.7,32.2
2009-12-10,32.39,15.06,23.63,0.0,0.24,-2.05,34.25
2009-12-11,35.24,15.6,25.63,0.0,0.24,-1.29,33.94
2009-12-12,38.09,17.44,28.0,0.0,0.23,-3.14,34.66
2009-12-13,41.12,20.43,31.45,0.0,0.23,2.07,28.39
2009-12-14,41.76,22.03,30.86,0.0,0.23,2.17,31.15
2009-12-15,36.79,16.44,26.32,0.0,0.23,5.21,33.83
2009-12-16,32.88,16.47,24.35,0.0,0.23,8.38,32.16
2009-12-17,34.01,15.58,25.09,0.0,0.23,4.81,34.45
2009-12-18,39.53,19.68,29.08,2.6,0.23,9.14,30.55
2009-12-19,40.43,23.41,31.28,4.01,0.24,12.77,26.09
2009-12-20,41.7,23.97,32.83,0.04,0.23,11.63,30.77
2009-12-21,42.02,24.58,32.64,0.12,0.23,13.13,32.02
2009-12-22,40.83,20.39,30.02,0.08,0.23,13.0,31.85
2009-12-23,33.43,16.13,24.46,0.0,0.23,5.85,34.11
2009-12-24,35.69,17.89,26.59,0.0,0.23,0.7,34.35
2009-12-25,37.06,21.2,28.92,0.0,0.23,4.34,26.19
2009-12-26,40.34,23.67,32.01,0.48,0.23,10.41,21.12
2009-12-27,41.73,22.91,32.89,0.0,0.23,9.49,32.19
2009-12-28,43.73,24.98,34.49,0.0,0.22,8.03,28.6
2009-12-29,45.59,20.46,33.1,0.0,0.22,6.97,32.64
2009-12-30,31.98,17.77,24.22,0.0,0.22,7.63,33.87
2009-12-31,36.44,15.88,26.51,0.0,0.22,6.15,34.01
2010-01-01,38.13,15.97,27.76,0.0,0.22,2.53,34.13
2010-01-02,41.25,20.94,31.53,0.0,0.22,3.08,33.87
2010-01-03,42.94,23.31,33.57,0.0,0.22,-0.38,33.43
2010-01-04,43.48,24.95,34.15,0.0,0.22,4.86,31.01
2010-01-05,45.07,23.42,34.44,0.06,0.22,9.23,31.14
2010-01-06,41.99,22.53,31.59,0.0,0.22,12.35,32.3
2010-01-07,38.6,19.48,28.47,0.0,0.22,9.67,32.96
2010-01-08,42.35,18.73,30.97,0.0,0.22,10.89,32.66
2010-01-09,44.15,22.65,32.95,0.0,0.22,9.47,32.18
2010-01-10,37.72,18.23,26.64,0.0,0.21,8.93,33.15
2010-01-11,33.85,15.51,24.06,0.0,0.21,6.06,33.81
2010-01-12,37.91,14.91,27.0,0.0,0.21,4.33,33.93
2010-01-13,40.14,21.76,31.0,0.0,0.21,2.39,33.37
2010-01-14,42.47,22.9,32.98,0.0,0.21,0.86,33.58
2010-01-15,42.87,21.72,32.53,0.0,0.21,5.11,33.24
2010-01-16,42.5,21.81,32.29,0.0,0.21,6.91,32.9
2010-01-17,43.86,25.71,34.96,0.0,0.21,3.28,33.07
2010-01-18,44.23,25.18,34.85,0.0,0.21,-1.2,33.28
2010-01-19,45.54,23.59,35.34,0.0,0.21,-2.06,33.07
2010-01-20,37.01,20.03,28.05,0.0,0.21,11.29,32.22
2010-01-21,34.04,19.1,26.1,0.0,0.21,9.99,30.98
2010-01-22,37.44,19.52,28.67,0.0,0.21,4.61,32.56
2010-01-23,41.76,21.75,31.39,0.0,0.21,5.2,28.72
2010-01-24,34.6,18.81,25.08,0.0,0.21,14.22,31.87
2010-01-25,34.73,18.45,25.48,0.0,0.21,12.59,31.9
2010-01-26,39.41,17.61,28.31,0.0,0.21,11.79,31.85
2010-01-27,43.16,21.19,32.16,0.0,0.21,11.18,31.33
2010-01-28,44.25,26.04,35.48,0.0,0.21,12.32,30.87
2010-01-29,44.95,26.32,35.03,0.0,0.21,12.46,30.13
2010-01-30,37.42,20.91,28.34,0.0,0.21,12.77,31.46
2010-01-31,37.39,20.44,28.37,0.0,0.21,9.38,31.71
2010-02-01,41.77,23.57,31.28,0.0,0.2,8.52,28.56
2010-02-02,38.21,18.34,27.25,0.0,0.2,10.77,30.15
2010-02-03,30.89,17.18,23.14,0.0,0.2,2.43,32.48
2010-02-04,34.45,15.94,24.92,0.0,0.2,0.38,31.99
2010-02-05,41.04,19.59,29.79,0.01,0.2,4.24,30.14
2010-02-06,31.87,18.06,23.2,0.4,0.2,9.63,27.91
2010-02-07,27.43,17.78,22.49,0.0,0.2,10.23,21.54
2010-02-08,40.14,20.3,30.05,0.0,0.2,7.94,25.29
2010-02-09,39.21,19.09,28.01,1.03,0.2,13.58,28.86
2010-02-10,38.58,19.35,27.89,0.58,0.21,13.51,30.09
2010-02-11,38.63,18.16,27.73,0.04,0.21,12.56,30.34
2010-02-12,37.48,18.5,27.5,0.0,0.21,12.04,29.49
2010-02-13,39.33,21.69,30.33,0.0,0.2,10.84,29.71
2010-02-14,42.14,23.47,33.15,0.0,0.2,9.92,28.27
2010-02-15,41.08,23.65,31.46,0.0,0.2,9.59,24.24
2010-02-16,34.68,19.17,27.41,0.0,0.2,11.44,23.2
2010-02-17,42.65,23.62,32.29,0.0,0.2,11.05,25.69
2010-02-18,44.6,24.14,34.37,0.0,0.2,7.12,26.1
2010-02-19,43.07,23.88,32.67,0.0,0.2,6.74,27.32
2010-02-20,39.38,22.93,30.36,0.0,0.2,7.41,24.22
2010-02-21,34.74,19.01,27.09,0.0,0.2,10.92,26.6
2010-02-22,39.14,21.89,30.61,0.0,0.2,9.06,28.77
2010-02-23,40.93,24.05,32.49,0.0,0.2,9.36,28.22
2010-02-24,43.98,26.05,34.99,0.02,0.2,7.95,25.33
2010-02-25,43.6,28.94,36.07,0.39,0.2,11.96,26.99
2010-02-26,43.04,29.67,35.53,2.71,0.2,10.82,21.2
2010-02-27,41.57,27.47,34.13,0.09,0.21,10.94,27.31
2010-02-28,39.02,24.27,31.24,0.0,0.2,5.69,28.64
2010-03-01,39.74,23.98,31.6,0.0,0.2,7.1,28.22
2010-03-02,40.68,23.81,32.13,0.0,0.2,2.8,28.06
2010-03-03,41.22,21.65,31.34,0.0,0.2,2.35,27.79
2010-03-04,36.88,19.78,27.22,0.0,0.2,10.08,26.91
2010-03-05,29.74,15.63,22.38,0.0,0.2,1.85,27.98
2010-03-06,31.42,14.83,23.12,0.0,0.2,3.64,27.23
2010-03-07,34.41,18.25,25.93,0.0,0.2,6.21,26.84
2010-03-08,32.81,19.21,26.38,0.0,0.2,8.78,25.15
2010-03-09,33.42,22.87,27.44,0.0,0.2,10.13,24.02
2010-03-10,37.1,20.21,28.54,0.0,0.2,8.84,23.19
2010-03-11,39.22,24.06,31.71,0.0,0.2,8.07,24.56
2010-03-12,38.36,27.03,32.09,0.0,0.2,10.11,17.81
2010-03-13,37.26,26.21,31.33,0.0,0.2,12.2,12.69
2010-03-14,39.89,24.16,31.22,0.01,0.2,10.68,24.72
2010-03-15,34.45,20.36,26.49,0.06,0.2,15.27,20.95
2010-03-16,30.63,16.94,23.2,0.0,0.2,8.03,24.91
2010-03-17,34.1,17.7,25.65,0.0,0.2,10.86,25.13
2010-03-18,39.06,20.68,29.79,0.0,0.2,10.97,24.86
2010-03-19,37.33,20.94,28.27,0.0,0.2,7.85,23.27
2010-03-20,36.87,19.95,28.27,0.31,0.2,10.65,21.08
2010-03-21,35.18,23.15,27.62,12.85,0.21,17.14,19.01
2010-03-22,32.02,20.45,26.11,9.02,0.24,18.89,20.76
2010-03-23,34.89,22.57,27.35,2.53,0.24,16.0,19.5
2010-03-24,37.16,20.52,27.8,0.0,0.23,13.25,22.77
2010-03-25,38.59,19.76,28.45,0.03,0.23,14.37,23.19
2010-03-26,40.44,23.69,29.69,0.0,0.23,13.55,21.56
2010-03-27,30.26,19.49,23.84,0.0,0.22,15.22,20.16
2010-03-28,30.44,17.04,22.5,0.0,0.22,10.2,23.38
2010-03-29,32.33,15.14,23.24,0.0,0.22,3.56,23.17
2010-03-30,36.13,17.38,26.26,0.0,0.22,4.31,23.44
2010-03-31,36.15,18.1,26.78,0.01,0.22,6.58,20.51
2010-04-01,36.32,21.48,28.1,0.22,0.22,9.55,21.85
2010-04-02,33.15,18.97,25.15,3.24,0.22,14.58,21.6
2010-04-03,27.81,15.02,21.09,0.0,0.22,11.15,20.32
2010-04-04,26.37,11.72,18.5,0.06,0.22,9.57,18.73
2010-04-05,27.4,12.01,19.51,0.06,0.22,9.88,19.87
2010-04-06,24.22,16.42,19.6,5.29,0.23,12.58,7.79
2010-04-07,27.98,15.37,21.06,0.79,0.23,11.42,19.63
2010-04-08,30.51,15.02,22.14,0.0,0.23,9.66,20.94
2010-04-09,28.39,14.79,20.81,0.0,0.23,10.23,20.77
2010-04-10,27.66,13.7,20.64,0.0,0.23,9.94,18.96
2010-04-11,30.96,15.76,22.81,0.0,0.23,8.02,20.03
2010-04-12,27.86,14.33,19.89,0.0,0.23,12.56,18.49
2010-04-13,25.91,10.91,17.95,0.0,0.22,8.87,18.0
2010-04-14,26.52,13.36,19.0,0.46,0.22,11.83,15.46
2010-04-15,26.92,12.37,18.8,0.0,0.22,10.23,17.31
2010-04-16,27.43,11.89,19.22,0.0,0.22,8.15,19.5
2010-04-17,30.3,12.86,21.62,0.04,0.22,6.67,17.96
2010-04-18,36.46,16.94,25.56,0.0,0.22,9.0,19.01
2010-04-19,31.86,15.75,23.03,0.0,0.22,13.1,19.51
2010-04-20,31.22,14.89,21.84,0.01,0.22,12.01,19.24
2010-04-21,30.4,14.26,21.55,0.02,0.22,10.87,18.85
2010-04-22,27.45,16.02,20.86,1.61,0.22,12.5,4.7
2010-04-23,23.13,14.67,18.12,0.86,0.22,6.24,13.36
2010-04-24,26.39,13.32,19.48,1.02,0.23,5.64,14.4
2010-04-25,30.8,16.47,22.66,0.06,0.22,10.7,13.56
2010-04-26,27.41,11.55,18.94,0.0,0.22,6.79,18.96
2010-04-27,28.91,11.14,19.36,0.0,0.22,3.3,18.91
2010-04-28,30.47,13.07,21.37,0.0,0.22,4.2,16.7
2010-04-29,33.6,15.7,23.2,0.0,0.22,5.23,17.8
2010-04-30,29.84,13.01,20.38,0.0,0.22,10.97,17.49
2010-05-01,26.51,14.0,19.2,0.02,0.22,9.78,16.88
2010-05-02,29.37,11.72,19.73,0.0,0.22,6.16,17.52
2010-05-03,26.13,11.63,17.85,0.0,0.22,6.44,17.59
2010-05-04,27.45,11.71,18.45,0.0,0.22,4.82,17.69
2010-05-05,31.06,12.37,20.55,0.0,0.22,3.16,17.33
2010-05-06,31.26,14.88,21.41,0.0,0.22,1.63,17.24
2010-05-07,30.94,12.66,20.94,0.0,0.22,-1.03,17.28
2010-05-08,30.82,12.06,20.68,0.0,0.22,-0.52,17.21
2010-05-09,27.73,12.27,18.85,0.02,0.22,4.74,16.73
2010-05-10,24.45,10.55,16.46,0.0,0.22,5.31,17.01
2010-05-11,27.52,10.14,17.86,0.0,0.22,2.2,16.87
2010-05-12,30.32,12.28,19.65,0.0,0.22,2.67,16.36
2010-05-13,18.17,9.58,14.36,7.31,0.23,10.23,9.62
2010-05-14,17.69,6.65,11.32,0.0,0.23,3.26,16.18
2010-05-15,18.44,4.11,10.53,0.0,0.23,0.64,16.48
2010-05-16,21.51,4.66,12.26,0.0,0.23,-0.02,16.27
2010-05-17,26.37,6.63,15.36,0.0,0.22,-1.41,16.28
2010-05-18,26.87,9.68,17.15,1.13,0.22,2.52,4.96
2010-05-19,24.85,10.98,17.38,0.18,0.22,10.88,13.22
2010-05-20,26.23,10.6,18.53,0.02,0.22,10.05,14.54
2010-05-21,26.75,16.97,20.55,2.06,0.22,12.77,9.47
2010-05-22,20.12,14.45,16.73,11.09,0.24,12.93,10.0
2010-05-23,18.25,9.38,14.33,1.43,0.25,8.96,9.5
2010-05-24,19.11,6.86,12.09,0.71,0.25,5.27,14.7
2010-05-25,20.92,5.56,13.06,0.0,0.24,4.48,15.16
2010-05-26,22.64,8.18,15.21,0.11,0.24,5.78,14.43
2010-05-27,16.76,8.66,12.81,9.53,0.26,8.36,12.21
2010-05-28,19.41,8.03,12.35,0.27,0.26,6.7,14.27
2010-05-29,22.29,6.05,13.11,0.0,0.26,2.39,14.96
2010-05-30,24.74,7.44,15.4,0.0,0.25,1.54,14.64
2010-05-31,24.28,9.51,15.65,0.0,0.25,3.05,14.11
2010-06-01,22.88,7.67,14.66,0.0,0.25,5.16,14.18
2010-06-02,24.97,8.35,16.43,0.01,0.25,3.67,13.93
2010-06-03,25.69,10.53,17.79,0.0,0.25,2.49,13.36
2010-06-04,20.6,13.56,16.33,1.79,0.25,5.01,5.29
2010-06-05,15.79,12.11,13.38,6.12,0.26,9.5,5.2
2010-06-06,19.14,10.95,14.62,0.53,0.26,8.97,6.06
2010-06-07,21.47,11.07,15.68,0.0,0.26,8.37,8.55
2010-06-08,21.81,8.45,14.32,0.0,0.26,5.16,13.77
2010-06-09,20.19,8.04,12.98,0.0,0.26,1.94,14.23
2010-06-10,20.45,5.61,11.94,0.0,0.26,0.51,14.31
2010-06-11,17.71,6.74,11.36,0.0,0.26,3.05,10.01
2010-06-12,22.66,6.88,13.88,0.0,0.26,2.58,13.79
2010-06-13,24.42,8.08,15.16,0.0,0.26,1.86,13.86
2010-06-14,25.08,9.96,17.37,1.36,0.25,4.49,11.5
2010-06-15,23.83,13.5,17.34,11.57,0.27,12.93,2.96
2010-06-16,18.52,12.66,14.88,0.6,0.28,10.0,7.37
2010-06-17,20.08,9.39,14.09,0.0,0.28,5.75,8.64
2010-06-18,19.64,6.57,12.06,0.0,0.27,3.3,11.45
2010-06-19,18.43,7.06,12.43,0.01,0.27,3.24,13.18
2010-06-20,23.33,9.52,15.33,0.23,0.27,9.79,6.07
2010-06-21,22.99,11.54,15.82,0.16,0.27,10.88,12.46
2010-06-22,21.69,9.26,14.35,0.04,0.27,9.72,11.53
2010-06-23,18.72,8.7,12.43,4.38,0.28,9.68,6.86
2010-06-24,16.02,5.66,9.72,0.0,0.28,2.6,14.05
2010-06-25,14.65,1.48,7.3,0.0,0.28,-2.05,14.2
2010-06-26,15.79,1.24,7.49,0.0,0.27,-2.42,14.28
2010-06-27,16.98,1.01,7.95,0.0,0.27,-3.36,14.24
2010-06-28,17.98,2.32,9.39,0.0,0.27,0.17,13.45
2010-06-29,17.06,4.79,9.79,0.0,0.27,3.53,13.58
2010-06-30,16.29,3.68,9.18,0.0,0.27,2.51,14.11
2010-07-01,16.47,2.2,8.5,0.0,0.27,0.36,14.26
2010-07-02,18.52,1.67,9.06,0.0,0.27,-1.47,13.4
2010-07-03,17.54,2.27,8.79,0.0,0.27,-1.12,14.03
2010-07-04,16.31,0.88,7.72,0.0,0.27,-0.77,14.41
2010-07-05,17.88,1.39,8.63,0.0,0.27,2.08,14.35
2010-07-06,18.26,1.71,8.98,0.0,0.27,-0.52,14.04
2010-07-07,20.61,2.84,10.45,0.0,0.27,-1.97,14.6
2010-07-08,19.99,5.52,12.88,10.23,0.27,6.6,9.61
2010-07-09,13.36,5.55,10.65,15.55,0.31,7.8,9.72
2010-07-10,15.01,4.55,9.84,1.02,0.31,7.2,11.17
2010-07-11,16.81,8.92,12.21,1.77,0.31,8.67,11.7
2010-07-12,15.95,9.01,12.39,4.45,0.31,8.99,11.7
2010-07-13,16.98,6.58,11.82,0.18,0.31,7.33,10.48
2010-07-14,18.17,5.62,11.5,0.0,0.31,4.88,13.42
2010-07-15,22.51,6.08,13.35,0.03,0.31,0.32,14.77
2010-07-16,21.18,5.58,12.36,0.02,0.31,2.84,10.83
2010-07-17,17.15,6.73,11.22,0.22,0.3,5.35,14.44
2010-07-18,16.11,4.55,9.61,0.0,0.3,3.09,14.69
2010-07-19,15.89,6.24,10.41,0.01,0.3,2.66,10.42
2010-07-20,19.38,6.42,11.79,0.0,0.3,2.96,14.96
2010-07-21,19.71,4.41,11.28,0.0,0.3,2.38,15.42
2010-07-22,20.35,4.92,11.6,0.0,0.3,2.44,15.34
2010-07-23,20.51,4.31,11.57,0.0,0.3,1.56,15.49
2010-07-24,21.14,4.44,12.05,0.0,0.3,-0.09,15.62
2010-07-25,22.47,4.63,12.06,0.0,0.3,-0.99,15.8
2010-07-26,20.76,7.81,12.93,0.24,0.3,8.73,13.51
2010-07-27,19.67,7.02,12.36,0.01,0.29,7.64,13.27
2010-07-28,18.63,7.13,11.94,0.47,0.29,7.76,10.43
2010-07-29,18.1,6.39,11.66,0.52,0.29,7.88,13.42
2010-07-30,18.49,5.58,10.39,0.0,0.29,3.35,16.46
2010-07-31,19.79,3.15,10.86,0.01,0.29,2.74,14.72
2010-08-01,22.46,4.51,12.25,0.0,0.29,1.46,16.75
2010-08-02,24.0,5.06,13.46,0.0,0.29,-0.2,16.71
2010-08-03,24.39,5.16,13.67,0.0,0.29,-2.21,17.29
2010-08-04,24.78,5.25,14.3,0.0,0.29,-3.48,17.4
2010-08-05,25.67,5.39,14.08,0.0,0.29,-1.67,17.28
2010-08-06,23.82,5.72,13.41,0.0,0.29,4.81,16.84
2010-08-07,21.29,7.05,12.73,0.0,0.28,3.62,17.3
2010-08-08,19.42,3.83,10.77,0.0,0.28,2.14,17.52
2010-08-09,18.64,3.45,10.08,0.0,0.28,-1.28,17.99
2010-08-10,22.3,3.61,11.79,0.0,0.28,-4.45,18.26
2010-08-11,25.39,7.55,15.65,1.79,0.28,-2.64,12.94
2010-08-12,17.15,11.62,14.64,24.31,0.31,12.4,6.68
2010-08-13,17.61,9.42,12.61,1.84,0.33,8.27,13.81
2010-08-14,20.64,8.79,13.84,0.7,0.32,8.68,12.57
2010-08-15,21.13,8.1,13.51,0.0,0.32,6.63,18.25
2010-08-16,23.12,6.58,13.76,1.5,0.32,5.27,12.56
2010-08-17,15.79,9.09,11.83,6.38,0.32,9.37,9.47
2010-08-18,16.35,7.43,11.0,0.97,0.33,6.86,13.64
2010-08-19,18.54,3.51,10.46,0.0,0.32,2.44,18.08
2010-08-20,20.13,2.87,11.01,0.03,0.32,0.25,19.18
2010-08-21,19.56,3.36,11.13,0.01,0.32,3.59,17.81
2010-08-22,17.74,6.49,11.38,1.35,0.32,7.24,12.91
2010-08-23,18.61,3.34,10.65,0.01,0.32,1.41,15.76
2010-08-24,21.44,6.81,13.06,0.01,0.32,1.08,18.77
2010-08-25,20.9,4.78,12.16,0.0,0.31,1.5,19.8
2010-08-26,20.89,4.33,12.24,0.0,0.31,-0.69,18.9
2010-08-27,23.87,8.14,14.85,0.0,0.31,-0.07,20.09
2010-08-28,24.78,7.27,15.93,0.35,0.31,5.64,14.78
2010-08-29,20.57,11.42,15.64,6.43,0.31,12.51,8.05
2010-08-30,23.69,10.58,16.24,5.25,0.32,10.45,12.03
2010-08-31,15.48,10.16,13.14,19.5,0.35,10.97,8.32
2010-09-01,15.04,7.85,11.09,4.38,0.36,8.39,10.4
2010-09-02,17.04,5.64,10.22,0.01,0.36,3.22,16.13
2010-09-03,19.09,2.99,10.58,0.0,0.35,2.95,20.82
2010-09-04,20.48,4.43,12.11,0.0,0.35,5.03,17.52
2010-09-05,22.16,6.07,13.62,0.0,0.34,4.91,19.59
2010-09-06,23.75,6.15,15.16,0.0,0.34,1.94,21.41
2010-09-07,21.76,6.5,14.17,0.48,0.34,4.51,19.28
2010-09-08,18.24,8.1,12.65,1.07,0.34,7.18,15.74
2010-09-09,20.72,7.78,14.0,0.53,0.34,8.26,15.33
2010-09-10,22.52,6.46,13.94,0.0,0.33,5.73,21.8
2010-09-11,22.13,5.0,13.11,0.0,0.33,5.0,22.61
2010-09-12,18.95,7.24,12.48,0.69,0.33,5.97,16.45
2010-09-13,19.97,3.91,11.14,0.0,0.33,-0.05,23.85
2010-09-14,22.93,4.1,13.04,0.0,0.33,-0.2,23.57
2010-09-15,25.18,5.26,15.03,0.0,0.32,1.04,23.94
2010-09-16,25.09,7.69,16.3,0.0,0.32,1.86,22.77
2010-09-17,23.04,8.75,15.46,0.0,0.32,3.44,23.74
2010-09-18,18.94,7.34,13.47,0.0,0.32,2.88,19.77
2010-09-19,22.74,7.5,14.52,0.0,0.31,1.17,23.9
2010-09-20,24.69,7.01,15.37,0.0,0.31,1.76,23.89
2010-09-21,25.88,7.75,16.19,0.0,0.31,0.38,24.94
2010-09-22,26.76,7.79,16.85,0.0,0.31,-0.17,25.16
2010-09-23,28.54,8.69,18.44,0.0,0.3,0.34,25.36
2010-09-24,30.74,9.54,19.84,0.0,0.3,1.15,24.95
2010-09-25,31.62,10.6,20.47,0.0,0.3,3.38,25.11
2010-09-26,29.63,10.33,19.27,0.0,0.3,6.21,24.71
2010-09-27,30.75,12.41,20.88,0.01,0.3,5.96,25.0
2010-09-28,31.92,12.36,21.82,0.0,0.29,5.7,25.39
2010-09-29,33.8,14.74,23.9,0.0,0.29,6.83,23.14
2010-09-30,25.65,17.15,21.0,0.49,0.29,13.62,11.33
2010-10-01,29.64,14.26,21.13,0.01,0.29,8.54,23.54
2010-10-02,26.22,11.83,17.94,0.0,0.29,8.51,24.5
2010-10-03,26.24,8.14,16.79,0.0,0.29,3.91,26.5
2010-10-04,28.79,8.71,18.22,0.0,0.29,3.21,27.02
2010-10-05,28.89,9.2,18.68,0.0,0.28,4.91,26.76
2010-10-06,28.72,10.98,19.04,0.0,0.28,5.42,26.96
2010-10-07,29.82,11.51,20.15,0.0,0.28,1.17,27.32
2010-10-08,32.03,11.88,22.09,0.0,0.28,0.06,27.4
2010-10-09,34.5,14.16,22.99,0.0,0.28,3.32,27.22
2010-10-10,25.15,12.45,18.37,0.02,0.27,10.97,17.82
2010-10-11,23.94,7.57,15.42,0.0,0.27,-0.35,28.49
2010-10-12,29.01,7.06,18.16,0.0,0.27,-0.28,28.3
2010-10-13,32.5,10.89,21.09,0.45,0.27,3.54,27.47
2010-10-14,25.75,10.11,17.03,0.05,0.27,1.3,29.13
2010-10-15,25.13,8.15,16.61,0.0,0.27,-2.32,27.89
2010-10-16,28.29,10.11,18.98,0.0,0.27,-1.6,29.14
2010-10-17,30.36,10.44,20.38,0.0,0.27,-1.8,28.87
2010-10-18,33.47,12.03,22.64,0.0,0.26,-1.5,27.87
2010-10-19,33.44,15.26,23.93,0.0,0.26,3.65,28.6
2010-10-20,31.87,14.56,22.33,0.0,0.26,8.45,27.32
2010-10-21,25.23,10.53,17.78,0.01,0.26,7.17,17.62
2010-10-22,27.78,9.73,18.66,0.0,0.26,3.43,28.92
2010-10-23,32.56,11.99,22.47,0.0,0.26,3.92,29.24
2010-10-24,34.07,16.54,24.51,0.0,0.26,7.39,27.88
2010-10-25,33.25,13.9,23.55,0.0,0.26,5.19,29.66
2010-10-26,36.78,15.89,27.26,0.0,0.25,7.45,26.67
2010-10-27,24.76,14.56,21.69,0.03,0.25,10.66,14.31
2010-10-28,25.76,12.26,18.41,0.13,0.25,7.42,23.19
2010-10-29,24.2,8.18,16.01,0.0,0.25,-1.94,31.12
2010-10-30,26.42,9.93,17.83,0.0,0.25,-2.35,30.92
2010-10-31,28.42,10.65,19.52,0.0,0.25,-3.13,30.95
2010-11-01,31.27,11.2,21.42,0.0,0.25,-3.89,31.33
2010-11-02,34.27,13.37,24.05,0.0,0.25,-2.86,31.53
2010-11-03,37.58,15.48,27.0,0.0,0.24,-1.95,31.5
2010-11-04,35.88,17.29,25.71,0.0,0.24,3.33,25.9
2010-11-05,28.29,12.03,19.84,0.0,0.24,5.34,30.86
2010-11-06,28.96,11.12,19.91,0.0,0.24,3.95,31.34
2010-11-07,32.62,11.55,22.42,0.0,0.24,1.44,30.28
2010-11-08,36.51,15.41,26.46,0.0,0.24,4.88,30.27
2010-11-09,37.8,18.84,28.07,0.0,0.24,5.26,29.62
2010-11-10,38.22,18.64,26.88,0.09,0.24,9.57,29.11
2010-11-11,29.12,13.62,20.91,0.53,0.24,9.08,23.3
2010-11-12,28.33,10.62,19.65,0.0,0.24,3.5,30.72
2010-11-13,31.77,13.59,23.12,0.0,0.24,1.07,31.85
2010-11-14,34.0,15.67,25.25,0.0,0.24,2.9,26.48
2010-11-15,35.64,19.6,27.1,0.0,0.23,4.54,26.73
2010-11-16,35.76,17.75,26.82,0.0,0.23,3.26,32.06
2010-11-17,37.56,18.3,27.92,0.0,0.23,-2.36,32.76
2010-11-18,38.01,20.35,28.83,0.0,0.23,-2.41,31.62
2010-11-19,38.42,21.61,30.46,0.0,0.23,0.2,23.37
2010-11-20,37.09,21.0,29.89,0.0,0.23,4.54,16.18
2010-11-21,37.03,20.11,29.0,1.55,0.23,11.34,23.12
2010-11-22,31.88,18.54,24.63,0.03,0.23,13.95,20.43
2010-11-23,32.77,17.34,25.0,0.0,0.23,11.11,30.13
2010-11-24,35.26,16.9,26.3,0.0,0.23,5.97,32.59
2010-11-25,37.86,18.53,28.53,0.0,0.23,2.65,32.48
2010-11-26,37.54,17.94,28.21,0.0,0.23,4.71,32.26
2010-11-27,38.14,19.41,29.26,0.0,0.22,7.38,32.0
2010-11-28,35.77,21.34,28.28,0.0,0.22,-0.7,29.45
2010-11-29,36.39,19.15,27.86,0.0,0.22,-2.19,31.17
2010-11-30,36.15,21.11,28.35,0.0,0.22,5.08,29.56
2010-12-01,37.97,17.86,27.85,0.0,0.22,7.02,29.18
2010-12-02,32.97,14.24,23.29,0.0,0.22,8.63,28.53
2010-12-03,26.3,13.12,18.8,0.0,0.22,6.95,29.04
2010-12-04,28.52,11.84,20.1,0.0,0.22,3.34,32.89
2010-12-05,30.93,12.19,21.34,0.0,0.22,6.91,27.51
2010-12-06,24.86,16.15,20.49,2.21,0.22,11.87,22.78
2010-12-07,29.04,15.95,21.95,0.55,0.22,10.13,24.42
2010-12-08,31.45,13.58,22.82,0.0,0.22,8.47,32.74
2010-12-09,33.13,16.88,24.92,0.0,0.22,5.5,33.38
2010-12-10,34.65,15.68,25.41,0.0,0.22,0.04,34.08
2010-12-11,37.52,16.27,27.46,0.0,0.22,-0.63,33.3
2010-12-12,41.94,20.24,31.24,0.0,0.22,-0.57,33.41
2010-12-13,37.3,17.91,27.15,0.0,0.22,7.32,32.86
2010-12-14,34.37,15.84,24.89,0.0,0.22,4.79,31.39
2010-12-15,35.73,19.16,27.47,0.0,0.22,3.57,21.09
2010-12-16,34.53,23.29,28.27,0.81,0.22,10.0,15.9
2010-12-17,26.31,18.35,22.52,7.59,0.22,14.8,10.69
2010-12-18,22.36,17.01,19.5,15.28,0.25,14.64,11.65
2010-12-19,26.33,17.46,22.39,2.84,0.26,13.54,16.21
2010-12-20,30.95,19.38,25.07,5.29,0.26,15.52,14.65
2010-12-21,34.0,20.47,27.3,1.47,0.26,17.85,23.56
2010-12-22,34.47,21.83,27.43,0.3,0.26,17.01,25.24
2010-12-23,37.53,23.35,30.5,5.22,0.26,17.0,26.54
2010-12-24,42.43,23.09,33.45,0.25,0.26,16.26,31.76
2010-12-25,44.65,27.44,36.23,0.0,0.25,11.96,29.81
2010-12-26,43.46,26.6,35.02,0.0,0.25,10.24,32.55
2010-12-27,45.28,26.05,34.75,0.0,0.25,10.06,29.34
2010-12-28,39.69,20.75,30.23,0.0,0.24,10.34,33.41
2010-12-29,40.0,20.86,30.56,0.0,0.24,6.98,33.65
2010-12-30,43.9,20.65,32.72,0.0,0.24,4.99,33.31
2010-12-31,44.98,22.46,34.5,0.02,0.24,9.48,30.88
2011-01-01,45.62,25.79,35.68,0.03,0.24,10.2,29.76
2011-01-02,36.14,26.19,31.01,7.15,0.24,16.7,19.29
2011-01-03,29.34,23.37,25.76,6.57,0.26,19.36,13.58
2011-01-04,37.0,22.49,29.86,2.09,0.26,19.3,27.98
2011-01-05,36.31,24.49,29.71,9.15,0.26,20.31,20.31
2011-01-06,33.95,22.41,27.51,4.92,0.27,19.81,17.53
2011-01-07,32.19,18.59,24.57,0.12,0.27,10.86,32.41
2011-01-08,36.34,16.24,26.9,0.0,0.26,7.65,33.52
2011-01-09,38.26,21.05,29.99,0.0,0.26,9.2,32.97
2011-01-10,37.51,20.76,29.34,0.0,0.26,4.52,33.65
2011-01-11,36.6,19.87,28.45,0.0,0.25,6.82,33.75
2011-01-12,38.41,20.65,29.82,0.0,0.25,8.04,33.16
2011-01-13,40.6,19.86,29.54,0.0,0.25,10.67,29.94
2011-01-14,33.21,18.17,24.94,0.0,0.25,9.31,32.32
2011-01-15,37.75,15.06,26.75,0.0,0.25,5.5,33.31
2011-01-16,40.87,21.16,31.49,0.06,0.25,10.07,32.09
2011-01-17,41.96,25.74,33.84,0.04,0.25,12.31,11.91
2011-01-18,41.23,23.97,33.11,0.0,0.24,12.5,26.99
2011-01-19,42.52,24.13,32.95,0.0,0.24,11.16,28.37
2011-01-20,37.04,20.12,28.11,0.0,0.24,9.69,29.6
2011-01-21,42.13,23.1,33.42,0.0,0.24,10.14,28.47
2011-01-22,39.82,24.56,32.91,2.52,0.24,17.8,18.13
2011-01-23,39.4,25.73,32.22,0.05,0.24,15.1,25.3
2011-01-24,36.93,20.63,29.48,0.0,0.24,16.67,27.53
2011-01-25,33.7,18.2,25.71,0.0,0.24,9.4,31.53
2011-01-26,41.2,19.74,31.04,0.27,0.24,9.61,30.74
2011-01-27,43.77,25.66,35.15,0.48,0.24,15.1,28.22
2011-01-28,42.49,28.37,34.92,2.2,0.24,18.1,30.46
2011-01-29,39.35,26.6,32.67,4.08,0.24,19.76,22.32
2011-01-30,39.5,25.24,32.1,0.2,0.24,20.32,30.21
2011-01-31,38.29,22.25,30.06,0.01,0.24,17.66,28.42
2011-02-01,38.53,21.93,30.4,0.0,0.24,13.72,30.71
2011-02-02,41.86,23.61,32.81,0.01,0.24,12.27,27.67
2011-02-03,40.77,24.68,31.71,0.0,0.23,15.4,29.0
2011-02-04,38.9,21.02,29.39,0.0,0.23,14.98,30.34
2011-02-05,36.94,20.53,28.74,0.0,0.23,13.62,30.44
2011-02-06,34.66,20.13,27.45,0.25,0.23,9.5,30.33
2011-02-07,34.93,20.64,27.6,0.0,0.23,7.35,21.62
2011-02-08,36.94,21.26,29.31,0.0,0.23,13.72,29.03
2011-02-09,40.31,23.85,32.68,0.0,0.23,13.23,29.42
2011-02-10,42.81,26.26,34.4,2.54,0.23,16.55,26.8
2011-02-11,31.79,22.64,27.64,28.45,0.26,22.45,19.7
2011-02-12,31.37,21.57,25.96,0.33,0.28,15.11,22.0
2011-02-13,34.83,19.52,27.36,0.28,0.27,15.26,24.79
2011-02-14,37.28,22.38,30.37,2.44,0.27,17.24,25.57
2011-02-15,38.04,25.89,31.71,4.59,0.27,18.53,21.64
2011-02-16,35.67,24.81,29.98,16.5,0.28,21.21,24.23
2011-02-17,33.94,22.92,27.84,6.18,0.3,20.49,22.35
2011-02-18,34.89,20.18,27.5,0.0,0.29,15.98,28.28
2011-02-19,25.22,20.43,23.25,17.68,0.31,18.4,7.68
2011-02-20,29.3,19.85,23.5,4.6,0.32,19.04,11.59
2011-02-21,33.56,20.38,26.34,0.01,0.32,15.76,27.29
2011-02-22,33.46,19.52,25.95,0.0,0.31,16.67,27.68
2011-02-23,36.15,19.62,28.22,0.23,0.3,18.39,25.88
2011-02-24,37.56,24.58,30.95,0.04,0.3,18.68,25.51
2011-02-25,39.29,23.55,31.55,0.65,0.3,16.67,25.87
2011-02-26,39.42,24.48,32.2,4.12,0.3,18.43,23.28
2011-02-27,35.35,26.05,31.21,6.17,0.31,19.48,21.69
2011-02-28,37.55,25.73,31.29,4.12,0.31,19.27,21.92
2011-03-01,34.79,23.92,28.73,0.0,0.31,16.05,25.18
2011-03-02,33.8,19.11,26.33,0.0,0.3,13.85,27.44
2011-03-03,34.16,19.62,26.83,0.0,0.3,14.71,27.1
2011-03-04,33.83,20.01,26.92,0.0,0.29,14.56,26.22
2011-03-05,34.35,20.19,26.64,0.0,0.29,15.26,24.21
2011-03-06,31.64,17.71,24.01,0.0,0.29,11.53,26.38
2011-03-07,33.74,16.07,24.84,0.0,0.29,10.03,26.05
2011-03-08,36.38,20.71,28.39,0.0,0.28,12.76,24.66
2011-03-09,37.69,22.52,30.4,0.0,0.28,14.06,23.19
2011-03-10,35.85,23.58,29.48,1.98,0.28,16.79,19.15
2011-03-11,31.88,19.61,24.48,0.0,0.28,13.76,25.51
2011-03-12,33.24,16.79,24.7,0.0,0.28,12.28,24.86
2011-03-13,33.81,18.93,25.91,0.0,0.28,11.28,25.62
2011-03-14,35.18,21.17,27.75,0.0,0.28,11.19,25.55
2011-03-15,34.8,19.4,27.08,0.0,0.27,11.11,25.33
2011-03-16,33.23,21.73,27.21,0.0,0.27,16.85,23.69
2011-03-17,35.17,21.45,28.01,0.0,0.27,14.27,24.31
2011-03-18,34.8,21.89,28.36,0.13,0.27,12.29,23.95
2011-03-19,34.86,21.22,27.64,0.09,0.27,11.25,23.9
2011-03-20,35.12,17.66,26.29,0.0,0.27,9.35,24.58
2011-03-21,30.68,20.3,24.43,6.08,0.27,16.0,20.83
2011-03-22,32.06,19.86,25.7,0.0,0.27,12.97,23.79
2011-03-23,35.08,19.37,27.11,0.0,0.27,9.59,23.98
2011-03-24,34.61,18.62,26.43,0.0,0.27,6.44,24.4
2011-03-25,33.92,18.64,26.09,0.0,0.27,7.94,23.9
2011-03-26,32.77,18.47,24.87,0.0,0.26,5.46,24.28
2011-03-27,32.65,16.32,24.14,0.0,0.26,4.99,24.14
2011-03-28,33.61,16.2,24.72,0.0,0.26,4.73,23.73
2011-03-29,33.85,16.54,25.08,0.0,0.26,5.24,23.02
2011-03-30,32.49,16.63,24.37,0.0,0.26,3.28,23.32
2011-03-31,31.87,16.51,23.78,0.0,0.26,4.03,23.26
2011-04-01,32.04,15.59,23.49,0.0,0.26,4.41,23.04
2011-04-02,31.34,15.52,23.51,0.0,0.26,8.35,22.76
2011-04-03,32.12,16.32,23.86,0.0,0.25,6.28,22.36
2011-04-04,32.73,15.83,24.02,0.0,0.25,4.07,22.27
2011-04-05,33.72,19.46,25.99,0.0,0.25,9.14,20.74
2011-04-06,35.68,18.57,27.11,0.13,0.25,8.4,18.86
2011-04-07,27.17,15.99,21.98,0.4,0.25,11.96,14.89
2011-04-08,25.31,12.16,18.11,0.0,0.25,3.08,22.14
2011-04-09,28.31,10.86,19.26,0.0,0.25,3.65,21.55
2011-04-10,31.24,14.69,22.94,2.84,0.25,11.2,20.06
2011-04-11,27.15,15.62,22.08,2.02,0.26,15.2,15.09
2011-04-12,27.78,13.88,20.24,0.0,0.26,11.8,14.35
2011-04-13,26.7,12.67,19.14,0.0,0.25,7.56,20.62
2011-04-14,28.01,10.93,19.15,0.0,0.25,4.13,20.93
2011-04-15,32.47,12.94,22.18,0.0,0.25,4.78,20.57
2011-04-16,33.98,17.49,24.51,0.0,0.25,5.83,19.82
2011-04-17,34.1,16.72,25.05,0.0,0.25,6.87,16.03
2011-04-18,30.0,18.59,23.72,0.0,0.25,14.66,14.12
2011-04-19,30.99,18.35,24.24,0.0,0.25,11.4,18.22
2011-04-20,33.34,18.63,25.02,0.0,0.25,10.06,13.38
2011-04-21,34.02,17.33,25.16,0.0,0.25,9.75,18.63
2011-04-22,34.99,19.65,25.78,0.0,0.24,8.04,18.29
2011-04-23,34.33,16.99,24.32,0.0,0.24,12.76,18.55
2011-04-24,31.25,16.94,23.2,0.0,0.24,15.35,17.01
2011-04-25,30.28,17.38,22.73,3.57,0.24,14.84,18.07
2011-04-26,30.91,17.88,22.62,1.37,0.25,13.33,16.34
2011-04-27,25.91,15.47,20.15,1.81,0.25,12.47,13.9
2011-04-28,22.9,13.45,17.74,0.31,0.25,8.9,12.65
2011-04-29,24.72,10.08,16.83,0.0,0.25,4.25,18.38
2011-04-30,24.82,8.92,16.47,0.0,0.25,0.74,18.69
2011-05-01,24.97,8.35,16.36,0.0,0.25,1.08,18.18
2011-05-02,25.73,9.36,17.33,0.0,0.25,3.43,17.71
2011-05-03,25.17,11.35,17.9,0.0,0.24,6.35,17.22
2011-05-04,25.0,11.21,17.49,0.0,0.24,5.59,16.92
2011-05-05,26.19,10.0,17.56,0.0,0.24,3.84,17.43
2011-05-06,27.2,10.88,18.91,0.24,0.24,5.04,15.19
2011-05-07,25.83,14.15,19.58,0.07,0.24,10.65,15.26
2011-05-08,28.1,13.31,20.42,0.0,0.24,6.62,15.12
2011-05-09,26.93,15.19,20.39,0.0,0.24,7.87,13.53
2011-05-10,25.58,11.99,18.37,0.0,0.24,3.64,16.65
2011-05-11,23.96,10.81,16.93,0.0,0.24,6.33,16.34
2011-05-12,23.25,9.73,16.02,0.0,0.24,3.98,16.41
2011-05-13,20.2,9.72,15.14,0.0,0.24,5.18,10.62
2011-05-14,18.38,11.82,14.62,2.69,0.24,8.39,7.77
2011-05-15,17.51,12.92,15.22,9.91,0.26,10.83,7.26
2011-05-16,22.78,14.18,17.87,6.37,0.27,12.85,11.91
2011-05-17,21.54,13.03,17.13,9.58,0.28,14.77,9.82
2011-05-18,22.66,11.15,16.2,0.32,0.29,10.19,14.59
2011-05-19,25.13,10.34,16.96,0.0,0.28,8.12,15.39
2011-05-20,22.38,11.95,16.26,3.48,0.28,12.79,8.28
2011-05-21,17.89,7.72,12.02,0.0,0.28,4.77,15.54
2011-05-22,18.47,6.83,11.68,0.0,0.28,3.93,14.94
2011-05-23,20.98,6.18,12.75,0.16,0.28,4.46,15.46
2011-05-24,21.04,6.67,13.38,0.0,0.28,5.13,14.66
2011-05-25,20.5,9.11,14.31,0.0,0.28,7.44,12.86
2011-05-26,22.42,8.91,15.22,0.0,0.28,7.41,13.49
2011-05-27,24.9,9.17,16.39,0.0,0.28,6.45,14.12
2011-05-28,26.57,8.64,17.03,0.0,0.27,4.31,14.7
2011-05-29,26.35,10.1,17.91,0.0,0.27,6.72,14.42
2011-05-30,21.22,13.67,16.54,28.99,0.32,12.48,11.51
2011-05-31,22.24,11.64,16.28,0.18,0.32,10.49,12.39
2011-06-01,23.61,10.76,16.83,0.18,0.32,10.72,12.86
2011-06-02,23.04,12.26,16.92,2.42,0.32,13.38,9.1
2011-06-03,18.96,11.79,14.83,0.27,0.31,9.98,11.81
2011-06-04,19.6,10.27,14.7,8.69,0.32,9.93,3.96
2011-06-05,19.1,11.49,14.59,2.38,0.33,10.2,6.98
2011-06-06,19.5,7.9,12.86,0.37,0.33,6.26,13.75
2011-06-07,17.87,5.25,10.91,0.0,0.32,4.39,13.18
2011-06-08,18.33,5.8,11.56,0.0,0.32,6.96,11.73
2011-06-09,20.12,9.14,13.4,0.0,0.32,7.06,12.9
2011-06-10,18.85,5.88,11.25,0.0,0.32,1.76,14.18
2011-06-11,18.85,4.84,10.92,0.0,0.32,0.87,14.03
2011-06-12,19.66,5.92,11.8,0.0,0.32,1.26,13.89
2011-06-13,19.59,5.43,11.75,0.0,0.31,-0.22,12.18
2011-06-14,16.94,7.85,11.8,4.66,0.31,2.51,2.9
2011-06-15,18.73,9.62,13.34,2.83,0.33,9.58,11.74
2011-06-16,19.5,8.7,13.4,0.17,0.32,8.31,9.93
2011-06-17,20.71,7.32,13.49,0.0,0.32,6.95,11.8
2011-06-18,21.47,8.57,14.4,0.4,0.32,9.41,10.21
2011-06-19,20.09,10.36,14.07,0.41,0.32,9.85,11.19
2011-06-20,20.47,9.36,13.91,0.14,0.32,10.18,10.66
2011-06-21,21.59,8.83,14.05,0.02,0.32,10.23,11.91
2011-06-22,22.97,7.46,14.63,0.0,0.32,7.67,13.27
2011-06-23,23.59,8.19,14.67,0.0,0.32,5.17,13.34
2011-06-24,22.33,7.91,15.08,1.22,0.32,9.34,13.2
2011-06-25,19.53,10.32,14.62,4.75,0.32,9.14,12.43
2011-06-26,21.21,7.03,13.27,0.15,0.32,5.78,13.79
2011-06-27,24.44,9.47,15.64,0.74,0.32,6.3,12.49
2011-06-28,22.52,10.51,15.29,28.05,0.33,9.48,3.87
2011-06-29,17.98,10.56,14.19,1.26,0.37,10.15,10.87
2011-06-30,20.27,10.12,14.68,5.65,0.37,10.69,9.68
2011-07-01,16.87,6.98,11.28,0.87,0.37,7.05,12.04
2011-07-02,16.7,7.01,11.31,1.8,0.37,7.97,11.4
2011-07-03,16.03,6.65,11.26,0.56,0.37,7.26,11.21
2011-07-04,14.4,4.62,8.48,0.0,0.36,2.96,12.68
2011-07-05,15.51,3.9,8.46,0.0,0.36,1.7,13.53
2011-07-06,15.67,2.13,8.2,0.0,0.36,1.96,13.34
2011-07-07,16.08,2.79,8.92,0.0,0.36,3.53,8.86
2011-07-08,16.03,3.23,8.92,0.0,0.35,2.14,12.79
2011-07-09,17.45,4.05,9.9,0.0,0.35,3.15,14.1
2011-07-10,10.98,7.46,9.15,11.78,0.36,6.97,3.27
2011-07-11,12.47,7.51,9.97,14.46,0.39,8.67,4.08
2011-07-12,18.17,6.36,10.91,0.02,0.39,6.63,13.17
2011-07-13,20.11,5.5,12.07,0.0,0.39,7.26,13.57
2011-07-14,22.01,7.07,13.66,0.02,0.38,8.41,14.1
2011-07-15,21.28,10.29,15.01,2.88,0.38,10.75,11.69
2011-07-16,18.09,9.14,13.44,5.96,0.39,9.81,12.74
2011-07-17,17.63,7.53,12.06,8.13,0.39,8.4,6.33
2011-07-18,18.06,11.25,13.49,1.55,0.4,11.09,7.75
2011-07-19,19.3,9.73,13.51,0.09,0.4,9.37,12.54
2011-07-20,19.21,6.41,12.61,0.31,0.4,8.17,13.35
2011-07-21,19.51,9.61,13.33,0.58,0.39,9.99,8.08
2011-07-22,18.76,7.78,12.25,0.84,0.39,8.34,14.25
2011-07-23,17.79,6.57,11.85,0.0,0.39,7.44,14.17
2011-07-24,20.69,8.91,13.38,0.22,0.39,8.23,7.6
2011-07-25,24.09,10.63,16.3,1.47,0.39,10.09,5.16
2011-07-26,22.5,11.76,15.92,0.21,0.39,12.08,9.77
2011-07-27,22.89,9.37,15.79,3.8,0.39,12.22,13.65
2011-07-28,19.53,13.3,15.9,6.79,0.4,12.47,12.4
2011-07-29,19.65,10.98,14.72,1.21,0.4,9.88,14.85
2011-07-30,19.94,11.12,15.03,1.57,0.4,11.09,12.52
2011-07-31,20.38,11.36,15.24,1.9,0.39,11.96,12.95
2011-08-01,18.92,10.56,13.9,4.83,0.4,11.96,10.27
2011-08-02,19.39,11.4,14.78,3.22,0.4,12.29,10.35
2011-08-03,17.55,7.17,12.38,1.25,0.4,7.51,13.76
2011-08-04,16.48,5.91,10.54,0.11,0.4,4.81,16.87
2011-08-05,16.97,2.96,9.29,0.0,0.4,2.0,17.21
2011-08-06,21.98,3.1,12.19,0.03,0.39,3.47,16.62
2011-08-07,22.1,10.03,16.09,12.25,0.4,12.31,13.03
2011-08-08,18.85,10.74,14.42,4.87,0.41,12.45,8.31
2011-08-09,19.34,8.31,13.27,0.46,0.41,8.66,11.21
2011-08-10,19.33,5.92,11.89,0.0,0.41,6.12,16.79
2011-08-11,19.29,5.66,12.81,0.43,0.4,6.21,12.36
2011-08-12,21.32,11.8,15.77,0.09,0.4,11.68,15.63
2011-08-13,24.36,9.76,17.14,7.63,0.4,11.61,15.64
2011-08-14,19.28,9.81,15.03,5.85,0.42,11.48,14.79
2011-08-15,17.79,7.21,12.6,6.7,0.41,9.99,13.73
2011-08-16,16.99,5.8,11.11,0.24,0.42,6.83,14.34
2011-08-17,18.3,4.29,10.8,0.0,0.42,5.99,15.19
2011-08-18,21.01,4.56,12.28,0.02,0.41,4.96,18.89
2011-08-19,24.08,6.65,14.27,0.02,0.41,4.94,18.88
2011-08-20,24.85,8.45,16.38,0.0,0.4,10.54,18.88
2011-08-21,26.74,10.81,18.14,0.01,0.4,9.72,17.82
2011-08-22,18.27,10.68,15.71,4.53,0.4,12.95,8.49
2011-08-23,24.61,8.6,15.39,0.0,0.4,10.55,18.15
2011-08-24,20.16,7.7,13.23,0.13,0.4,8.11,14.86
2011-08-25,21.24,5.16,12.43,0.0,0.39,4.77,19.52
2011-08-26,23.17,4.42,13.01,0.0,0.39,5.11,19.45
2011-08-27,25.09,5.92,13.96,0.0,0.39,6.52,19.09
2011-08-28,23.75,7.4,14.12,0.0,0.38,7.33,19.87
2011-08-29,22.87,6.63,14.14,0.0,0.38,8.22,19.12
2011-08-30,21.74,9.16,14.5,0.08,0.38,9.57,17.33
2011-08-31,23.18,8.05,14.92,0.07,0.38,9.01,18.32
2011-09-01,24.42,8.28,15.7,0.32,0.37,9.57,19.17
2011-09-02,17.36,6.53,13.0,7.46,0.38,10.45,13.49
2011-09-03,18.75,5.57,11.67,0.09,0.38,6.43,16.1
2011-09-04,21.07,5.76,13.23,0.0,0.38,7.56,15.95
2011-09-05,21.41,8.18,14.03,0.38,0.38,8.09,20.67
2011-09-06,21.58,7.72,13.79,0.0,0.37,5.94,19.54
2011-09-07,20.31,6.8,12.64,0.01,0.37,4.41,22.03
2011-09-08,19.92,4.51,11.78,0.0,0.37,2.38,21.42
2011-09-09,20.85,6.11,12.87,0.0,0.36,3.82,22.29
2011-09-10,22.56,5.98,13.7,0.0,0.36,3.78,22.87
2011-09-11,23.92,6.57,14.62,0.0,0.36,3.16,22.73
2011-09-12,26.97,7.53,16.04,0.0,0.35,1.55,23.63
2011-09-13,26.53,7.02,15.99,0.01,0.35,6.61,22.99
2011-09-14,27.64,7.95,16.67,0.0,0.35,6.98,23.1
2011-09-15,26.15,9.73,16.85,0.03,0.34,8.45,18.8
2011-09-16,25.55,10.47,16.48,0.01,0.34,9.78,21.93
2011-09-17,25.1,9.6,16.24,0.06,0.34,10.05,22.24
2011-09-18,16.79,9.65,13.19,14.6,0.35,8.91,14.67
2011-09-19,21.23,10.15,14.63,0.18,0.36,8.62,15.91
2011-09-20,24.07,7.56,15.08,0.01,0.35,8.4,23.0
2011-09-21,22.53,8.4,14.43,0.84,0.35,9.49,18.62
2011-09-22,20.72,9.62,14.27,0.03,0.35,6.9,16.93
2011-09-23,23.14,6.81,14.5,0.0,0.35,3.41,24.05
2011-09-24,27.18,6.32,16.33,0.0,0.34,3.45,24.83
2011-09-25,23.64,8.66,15.47,0.02,0.34,7.89,24.46
2011-09-26,21.07,9.74,14.8,4.12,0.34,10.16,15.27
2011-09-27,18.74,9.48,13.4,1.59,0.34,6.29,19.47
2011-09-28,21.82,5.14,13.14,0.0,0.34,1.93,25.85
2011-09-29,26.73,5.9,16.07,0.02,0.34,-0.5,25.62
2011-09-30,29.01,8.48,18.18,0.02,0.33,4.02,22.15
2011-10-01,26.65,13.46,19.23,0.47,0.33,8.79,20.3
2011-10-02,23.01,13.03,17.01,6.61,0.33,11.93,16.92
2011-10-03,22.9,12.42,16.44,1.27,0.34,10.5,14.79
2011-10-04,25.06,12.76,18.07,0.11,0.33,10.75,14.98
2011-10-05,27.74,9.98,19.1,0.0,0.33,9.41,23.69
2011-10-06,29.32,13.22,20.67,0.0,0.33,9.27,25.0
2011-10-07,29.84,11.1,19.76,0.0,0.32,9.26,26.17
2011-10-08,26.89,10.23,18.13,0.01,0.32,9.2,26.41
2011-10-09,29.04,10.15,19.35,0.0,0.32,9.51,26.23
2011-10-10,30.62,14.0,20.66,5.03,0.32,11.86,15.47
2011-10-11,26.45,13.53,19.22,0.49,0.32,12.77,24.23
2011-10-12,27.09,13.67,19.12,0.01,0.32,10.82,20.61
2011-10-13,25.27,10.34,17.46,0.03,0.32,9.51,23.46
2011-10-14,28.19,8.42,18.02,0.0,0.31,6.31,28.43
2011-10-15,33.25,10.95,22.12,0.0,0.31,7.21,27.12
2011-10-16,35.27,17.23,24.88,0.0,0.31,5.63,24.91
2011-10-17,27.25,14.92,19.65,0.03,0.3,12.19,23.86
2011-10-18,21.43,12.42,16.69,2.71,0.3,11.72,7.91
2011-10-19,24.31,8.15,16.13,0.0,0.31,4.87,26.83
2011-10-20,28.73,9.53,19.15,0.0,0.3,3.27,29.81
2011-10-21,26.8,15.52,20.81,1.13,0.3,8.08,26.26
2011-10-22,30.1,16.26,21.68,8.06,0.3,13.79,16.27
2011-10-23,26.06,12.84,19.44,2.12,0.31,12.01,23.1
2011-10-24,28.56,15.19,21.44,3.28,0.31,12.54,17.07
2011-10-25,23.24,16.08,19.06,5.61,0.32,14.63,13.87
2011-10-26,24.08,15.03,19.02,8.21,0.32,14.45,13.28
2011-10-27,24.88,13.63,18.81,0.54,0.33,11.28,25.72
2011-10-28,27.99,10.84,19.8,0.0,0.32,9.47,23.89
2011-10-29,28.57,12.6,20.6,0.0,0.32,7.9,29.2
2011-10-30,27.46,13.32,19.53,0.04,0.31,8.6,29.71
2011-10-31,27.27,11.62,18.94,0.0,0.31,10.82,23.42
2011-11-01,31.19,15.91,23.36,0.0,0.31,11.93,25.7
2011-11-02,31.35,17.92,24.64,1.08,0.31,14.32,22.98
2011-11-03,28.64,17.67,23.03,4.98,0.31,14.54,17.59
2011-11-04,25.42,13.8,19.78,1.3,0.31,13.23,21.64
2011-11-05,27.92,11.03,19.05,0.0,0.31,9.59,27.92
2011-11-06,25.84,14.51,19.21,4.55,0.31,12.68,18.99
2011-11-07,25.71,13.24,18.98,0.1,0.31,10.51,27.79
2011-11-08,23.4,11.8,17.88,4.67,0.31,10.51,22.69
2011-11-09,26.77,8.61,17.66,0.0,0.31,5.63,31.82
2011-11-10,31.6,10.01,20.69,0.0,0.31,6.07,31.12
2011-11-11,33.66,11.88,21.89,0.0,0.3,8.81,30.18
2011-11-12,30.7,12.3,21.39,0.0,0.3,7.8,31.59
2011-11-13,32.13,11.8,21.59,0.0,0.3,8.43,31.84
2011-11-14,32.11,12.42,21.88,0.0,0.29,9.36,31.59
2011-11-15,31.91,12.68,22.14,0.0,0.29,8.04,29.73
2011-11-16,33.8,12.03,22.41,0.0,0.29,4.68,31.73
2011-11-17,30.95,12.59,21.15,0.0,0.29,8.33,31.1
2011-11-18,28.34,15.17,20.69,0.02,0.29,9.77,27.82
2011-11-19,30.04,11.34,20.96,0.0,0.28,4.27,32.89
2011-11-20,31.3,13.46,22.53,0.0,0.28,3.25,33.09
2011-11-21,32.02,13.41,23.26,0.0,0.28,3.37,32.52
2011-11-22,33.78,14.3,24.7,0.0,0.28,3.75,33.01
2011-11-23,34.35,17.31,25.87,0.0,0.27,1.99,33.24
2011-11-24,36.24,17.46,26.94,0.0,0.27,4.35,31.1
2011-11-25,37.78,19.44,28.01,0.0,0.27,9.7,26.13
2011-11-26,32.45,17.27,23.71,0.0,0.27,11.05,27.49
2011-11-27,30.08,13.83,21.26,0.0,0.27,9.59,27.79
2011-11-28,26.45,12.51,18.72,0.0,0.27,7.42,30.66
2011-11-29,28.14,11.2,19.92,0.0,0.27,5.95,26.73
2011-11-30,32.33,13.43,23.25,0.0,0.26,2.71,32.83
2011-12-01,32.04,18.01,23.79,0.04,0.26,5.3,23.13
2011-12-02,35.47,16.62,25.73,0.0,0.26,9.05,32.73
2011-12-03,36.15,17.25,27.3,0.0,0.26,7.49,32.67
2011-12-04,31.0,20.49,25.6,2.05,0.26,9.33,21.19
2011-12-05,33.59,20.07,26.33,2.0,0.26,14.41,24.6
2011-12-06,31.09,17.07,24.06,1.9,0.26,13.98,27.58
2011-12-07,29.93,16.24,22.26,0.04,0.26,12.48,26.69
2011-12-08,30.33,17.04,23.67,0.01,0.26,12.85,24.47
2011-12-09,30.87,18.05,24.77,0.01,0.26,12.46,22.16
2011-12-10,32.02,20.58,26.48,0.41,0.26,13.18,20.8
2011-12-11,36.11,22.99,28.98,3.32,0.26,15.12,23.79
2011-12-12,35.8,19.84,26.63,2.79,0.26,16.24,25.88
2011-12-13,31.18,18.62,24.04,0.03,0.26,14.33,22.45
2011-12-14,33.3,17.05,25.71,2.49,0.26,14.09,23.91
2011-12-15,28.84,20.39,24.49,0.99,0.26,14.07,27.82
2011-12-16,32.69,18.62,25.63,0.0,0.26,10.43,30.04
2011-12-17,36.47,18.13,26.97,0.0,0.26,9.21,32.66
2011-12-18,34.75,16.5,24.98,0.0,0.26,9.57,33.41
2011-12-19,32.94,14.83,23.67,0.0,0.25,8.77,33.33
2011-12-20,36.73,14.99,25.77,0.0,0.25,8.28,33.55
2011-12-21,38.91,16.47,27.89,0.0,0.25,8.47,33.98
2011-12-22,40.93,17.25,29.1,0.0,0.25,9.21,33.38
2011-12-23,34.96,18.85,27.21,0.0,0.25,11.85,30.52
2011-12-24,38.71,21.6,29.9,0.0,0.25,11.12,32.88
2011-12-25,36.08,20.52,28.02,0.0,0.24,5.44,32.27
2011-12-26,35.94,17.92,27.38,0.0,0.24,4.07,34.25
2011-12-27,37.88,19.2,29.21,0.0,0.24,3.39,33.92
2011-12-28,30.8,22.44,25.85,5.27,0.25,11.37,24.09
2011-12-29,38.52,21.98,29.31,0.09,0.25,13.92,27.62
2011-12-30,33.88,19.06,25.73,1.4,0.25,15.81,27.49
2011-12-31,32.33,17.81,24.13,0.14,0.25,14.3,30.06
2012-01-01,34.08,18.56,25.77,0.02,0.24,13.51,27.42
2012-01-02,37.82,18.64,28.34,0.0,0.24,11.53,30.59
2012-01-03,39.88,21.82,30.29,0.68,0.24,12.71,30.5
2012-01-04,40.72,22.69,30.5,0.49,0.24,14.53,26.32
2012-01-05,34.13,19.67,25.41,0.0,0.24,14.18,26.19
2012-01-06,31.6,17.62,23.47,0.0,0.24,12.62,25.3
2012-01-07,31.92,14.8,23.09,0.0,0.24,8.11,33.19
2012-01-08,33.33,14.56,24.12,0.0,0.24,4.93,34.21
2012-01-09,35.16,16.76,26.49,0.02,0.24,6.94,33.48
2012-01-10,34.54,18.81,27.16,0.06,0.23,9.43,33.34
2012-01-11,32.54,19.67,26.43,0.01,0.23,13.28,28.82
2012-01-12,35.67,22.34,28.41,4.15,0.24,15.62,29.88
2012-01-13,35.55,23.28,29.26,0.31,0.24,17.97,22.05
2012-01-14,35.42,22.47,29.0,0.05,0.24,17.8,25.8
2012-01-15,37.95,21.12,29.02,0.0,0.24,15.74,28.71
2012-01-16,35.04,20.4,26.97,0.0,0.23,12.17,32.44
2012-01-17,38.03,17.14,28.61,0.0,0.23,12.32,30.41
2012-01-18,36.58,24.9,30.52,11.25,0.24,17.76,21.62
2012-01-19,35.34,23.54,29.09,2.62,0.25,18.48,25.04
2012-01-20,36.5,22.77,29.72,4.34,0.25,17.3,25.94
2012-01-21,36.63,24.36,30.88,3.43,0.25,18.14,27.19
2012-01-22,40.11,22.32,31.4,1.07,0.25,16.57,31.03
2012-01-23,40.36,23.74,32.61,1.12,0.25,17.31,29.16
2012-01-24,39.4,27.12,33.19,0.13,0.24,14.83,29.28
2012-01-25,39.7,26.6,32.25,0.0,0.24,11.33,30.84
2012-01-26,36.7,26.81,30.47,2.44,0.24,14.68,17.62
2012-01-27,40.4,26.22,32.85,0.01,0.24,12.05,26.14
2012-01-28,42.05,24.86,33.96,0.0,0.24,9.86,27.18
2012-01-29,43.35,25.86,34.22,0.0,0.24,10.11,30.46
2012-01-30,31.45,20.44,26.25,0.0,0.24,11.41,20.91
2012-01-31,40.36,21.93,31.1,0.1,0.24,11.79,30.48
2012-02-01,36.05,24.96,30.65,3.06,0.24,17.02,22.37
2012-02-02,37.92,24.55,30.56,1.62,0.24,18.99,24.27
2012-02-03,33.34,22.15,27.26,2.22,0.24,19.34,10.92
2012-02-04,29.88,18.02,23.23,0.0,0.24,8.89,31.48
2012-02-05,31.13,14.27,22.59,0.0,0.24,2.99,32.37
2012-02-06,35.16,15.55,25.62,0.0,0.24,0.55,32.15
2012-02-07,39.18,18.25,29.14,0.0,0.24,4.65,30.35
2012-02-08,36.16,22.74,28.98,8.26,0.24,15.94,23.05
2012-02-09,37.61,23.29,29.86,0.03,0.25,12.73,25.05
2012-02-10,40.79,21.23,30.62,0.0,0.24,10.08,28.02
2012-02-11,37.88,20.87,27.3,0.11,0.24,14.65,29.85
2012-02-12,32.88,18.87,25.06,0.0,0.24,14.56,23.97
2012-02-13,34.49,17.82,25.53,0.0,0.24,13.34,29.8
2012-02-14,36.52,18.03,27.13,0.0,0.24,13.57,29.09
2012-02-15,39.98,19.09,29.2,0.0,0.23,13.75,28.13
2012-02-16,34.59,21.4,27.08,0.0,0.23,13.7,27.04
2012-02-17,35.82,18.33,27.04,0.0,0.23,12.48,28.99
2012-02-18,34.38,19.51,26.62,0.0,0.23,12.57,23.81
2012-02-19,38.67,22.55,30.28,0.0,0.23,14.69,22.45
2012-02-20,41.64,24.89,32.64,0.1,0.23,15.43,24.24
2012-02-21,39.95,22.44,31.15,0.0,0.23,14.03,28.15
2012-02-22,40.94,22.36,31.58,0.0,0.23,15.13,25.41
2012-02-23,39.05,21.18,28.93,0.26,0.23,16.32,24.09
2012-02-24,33.43,18.85,25.63,0.0,0.23,11.32,27.63
2012-02-25,32.47,16.42,23.91,0.0,0.23,10.11,26.15
2012-02-26,31.44,16.64,23.52,0.0,0.23,8.49,25.89
2012-02-27,35.51,17.11,26.22,0.0,0.23,9.24,28.18
2012-02-28,35.32,22.33,28.28,0.0,0.23,13.47,25.06
2012-02-29,32.94,20.15,26.1,0.0,0.22,10.92,27.56
2012-03-01,31.85,17.96,24.53,0.0,0.22,6.24,28.12
2012-03-02,32.27,16.79,24.41,0.0,0.22,3.94,28.26
2012-03-03,32.22,17.73,24.34,0.0,0.22,0.22,21.36
2012-03-04,36.5,17.34,27.16,0.0,0.22,0.94,27.06
2012-03-05,36.34,21.6,28.39,0.0,0.22,0.38,26.78
2012-03-06,37.94,19.95,28.7,0.0,0.22,0.87,27.68
2012-03-07,40.36,19.95,30.05,0.0,0.22,3.03,27.14
2012-03-08,40.23,19.35,29.9,0.0,0.22,6.51,26.92
2012-03-09,39.84,22.49,30.91,0.0,0.22,0.21,26.81
2012-03-10,39.33,21.71,30.51,0.0,0.22,0.39,27.02
2012-03-11,38.98,21.06,30.01,0.0,0.22,1.12,26.49
2012-03-12,40.0,22.07,31.08,0.0,0.22,7.44,23.29
2012-03-13,37.59,20.88,28.95,0.0,0.22,11.38,24.63
2012-03-14,35.58,19.09,26.78,0.0,0.21,7.23,25.58
2012-03-15,32.19,16.58,24.16,0.0,0.21,3.19,26.33
2012-03-16,32.13,15.73,23.5,0.0,0.21,-0.16,26.56
2012-03-17,34.34,16.6,25.78,0.0,0.21,5.17,25.65
2012-03-18,28.47,19.0,23.34,2.46,0.22,14.35,16.38
2012-03-19,32.72,18.56,24.98,0.09,0.22,12.17,23.49
2012-03-20,28.92,17.01,22.19,1.94,0.22,9.07,25.22
2012-03-21,28.05,14.55,21.04,0.0,0.22,7.98,23.65
2012-03-22,28.02,13.86,20.7,0.0,0.22,6.54,24.23
2012-03-23,28.58,14.33,21.69,0.01,0.22,8.0,22.03
2012-03-24,29.13,17.71,22.72,0.37,0.22,9.9,9.64
2012-03-25,29.2,19.84,23.6,1.9,0.22,13.99,11.94
2012-03-26,30.35,17.1,23.69,6.98,0.22,15.57,20.05
2012-03-27,32.65,17.6,24.74,0.08,0.23,12.94,22.79
2012-03-28,34.91,17.56,26.74,0.0,0.23,11.07,20.88
2012-03-29,37.86,19.24,27.68,0.0,0.22,13.21,19.91
2012-03-30,28.95,15.59,21.62,0.0,0.22,8.66,23.27
2012-03-31,30.76,14.83,21.52,0.0,0.22,5.13,18.95
2012-04-01,27.6,13.57,19.51,0.0,0.22,10.57,20.97
2012-04-02,29.14,14.35,20.73,0.02,0.22,12.36,20.35
2012-04-03,29.82,15.76,21.5,0.0,0.22,12.57,17.74
2012-04-04,30.76,16.04,22.51,0.04,0.22,14.64,17.9
2012-04-05,27.85,16.3,21.39,0.2,0.22,13.75,15.07
2012-04-06,28.73,14.62,21.38,0.0,0.22,8.54,17.09
2012-04-07,33.72,18.9,24.96,1.48,0.22,12.54,17.71
2012-04-08,33.65,18.23,24.87,0.18,0.22,13.05,20.46
2012-04-09,34.64,16.22,24.82,0.12,0.22,8.91,20.53
2012-04-10,34.59,19.22,25.67,0.01,0.22,5.25,20.81
2012-04-11,33.74,15.09,23.85,0.0,0.22,-0.11,21.3
2012-04-12,32.17,16.45,23.89,0.0,0.22,-2.33,17.43
2012-04-13,29.43,16.71,21.83,0.0,0.22,0.4,18.89
2012-04-14,30.85,13.23,21.51,0.0,0.22,8.61,19.77
2012-04-15,32.52,13.45,22.46,0.0,0.21,5.24,16.21
2012-04-16,31.99,15.46,22.84,0.0,0.21,10.53,19.72
2012-04-17,29.79,14.95,20.95,0.0,0.21,11.03,19.15
2012-04-18,26.65,14.69,19.49,0.0,0.21,11.07,15.53
2012-04-19,25.45,12.45,19.36,0.0,0.21,9.98,14.21
2012-04-20,26.85,14.83,20.14,0.0,0.21,8.83,15.95
2012-04-21,23.53,10.33,16.55,0.0,0.21,4.04,19.81
2012-04-22,24.73,9.79,17.12,0.0,0.21,7.15,18.01
2012-04-23,27.03,10.82,18.56,0.0,0.21,4.9,19.03
2012-04-24,28.15,12.04,19.8,0.0,0.21,3.75,18.53
2012-04-25,28.08,14.94,20.59,0.0,0.21,3.45,13.64
2012-04-26,31.35,13.7,22.0,0.0,0.21,2.09,18.02
2012-04-27,30.49,16.34,23.38,0.0,0.21,1.16,14.25
2012-04-28,27.37,17.43,21.79,1.52,0.21,3.22,6.57
2012-04-29,26.69,15.97,20.57,4.01,0.22,14.68,14.08
2012-04-30,26.3,13.67,19.61,0.24,0.22,12.18,11.37
2012-05-01,27.56,13.3,20.01,0.0,0.22,8.48,17.34
2012-05-02,30.87,14.62,22.67,0.0,0.22,7.99,17.0
2012-05-03,28.14,18.93,22.98,0.98,0.22,13.93,10.09
2012-05-04,25.57,18.32,21.21,2.07,0.22,15.8,6.52
2012-05-05,27.13,15.51,20.59,5.6,0.22,15.77,7.66
2012-05-06,23.69,12.98,17.78,1.61,0.23,12.26,10.93
2012-05-07,23.4,10.64,16.68,0.54,0.23,10.92,10.62
2012-05-08,23.42,12.07,17.35,1.56,0.23,9.62,15.4
2012-05-09,23.47,8.84,15.58,0.0,0.23,6.95,15.19
2012-05-10,25.01,9.37,16.64,0.0,0.23,6.81,16.43
2012-05-11,27.63,10.03,18.2,0.0,0.23,4.26,16.59
2012-05-12,29.37,13.43,20.27,0.69,0.23,5.4,15.4
2012-05-13,29.68,14.28,20.66,0.04,0.23,9.62,15.81
2012-05-14,24.28,10.28,16.52,0.0,0.23,9.15,16.03
2012-05-15,24.99,10.21,16.99,0.52,0.23,8.98,15.95
2012-05-16,24.92,10.78,17.0,0.87,0.23,6.98,15.74
2012-05-17,26.87,9.48,17.5,0.0,0.23,4.09,15.08
2012-05-18,26.28,12.3,18.04,0.0,0.23,5.23,15.53
2012-05-19,26.89,12.5,18.93,0.0,0.23,8.5,15.49
2012-05-20,29.14,12.53,19.7,0.0,0.23,5.54,15.34
2012-05-21,29.69,14.25,20.47,0.0,0.23,3.39,15.09
2012-05-22,28.71,11.26,19.03,0.0,0.23,1.94,15.4
2012-05-23,23.54,10.0,15.35,0.0,0.22,1.08,15.86
2012-05-24,22.15,6.09,13.1,0.0,0.22,-2.73,15.62
2012-05-25,22.69,6.17,13.61,0.0,0.22,0.02,15.19
2012-05-26,22.31,9.3,14.35,0.0,0.22,1.3,12.77
2012-05-27,23.9,9.32,15.35,0.0,0.22,2.38,14.47
2012-05-28,22.37,9.25,14.86,0.0,0.22,4.56,14.42
2012-05-29,24.38,8.71,15.23,0.0,0.22,1.05,14.93
2012-05-30,25.01,8.6,15.97,0.0,0.22,-1.44,14.77
2012-05-31,25.27,8.55,15.92,0.0,0.22,-0.91,12.4
2012-06-01,24.28,12.61,17.16,0.54,0.22,11.13,11.28
2012-06-02,25.8,9.78,16.6,0.13,0.22,3.43,13.83
2012-06-03,23.92,10.85,15.74,0.0,0.22,-3.6,11.46
2012-06-04,25.2,9.25,16.5,0.0,0.22,-0.85,10.08
2012-06-05,23.54,10.52,16.37,0.0,0.22,2.72,8.63
2012-06-06,15.5,12.26,13.82,12.43,0.24,8.45,5.12
2012-06-07,21.59,11.89,15.91,5.41,0.25,11.69,8.85
2012-06-08,22.92,10.82,16.16,0.46,0.25,10.18,11.51
2012-06-09,21.93,11.17,15.9,18.4,0.25,8.53,6.24
2012-06-10,22.11,14.0,17.35,19.52,0.32,14.08,5.92
2012-06-11,20.38,12.68,16.38,4.39,0.32,12.53,10.7
2012-06-12,18.6,12.52,15.16,2.45,0.31,11.22,10.65
2012-06-13,18.7,10.03,14.77,3.92,0.32,9.22,10.18
2012-06-14,17.07,9.3,12.5,1.63,0.31,8.15,10.77
2012-06-15,18.76,7.64,12.27,0.93,0.31,8.23,13.27
2012-06-16,19.9,5.82,12.27,0.0,0.31,5.56,13.81
2012-06-17,22.9,5.87,13.61,0.0,0.31,2.36,14.01
2012-06-18,24.38,6.94,14.22,0.0,0.31,0.6,13.65
2012-06-19,22.39,8.99,15.27,6.33,0.3,10.37,8.89
2012-06-20,16.83,9.32,12.58,4.3,0.32,8.52,9.43
2012-06-21,15.81,5.16,9.85,0.25,0.32,3.77,13.99
2012-06-22,16.71,2.6,8.8,0.0,0.32,1.54,13.87
2012-06-23,17.46,3.46,9.87,0.0,0.32,1.22,9.17
2012-06-24,16.37,7.28,10.94,0.0,0.31,1.07,11.46
2012-06-25,18.54,7.92,12.12,3.99,0.31,1.89,3.55
2012-06-26,19.76,9.57,12.98,0.54,0.32,3.29,6.3
2012-06-27,20.7,9.54,14.47,0.4,0.32,9.22,10.31
2012-06-28,18.57,8.3,12.67,0.05,0.32,7.29,10.41
2012-06-29,18.47,6.26,11.35,0.01,0.31,6.64,13.53
2012-06-30,19.22,4.92,10.98,0.01,0.31,3.91,13.81
2012-07-01,19.48,4.72,10.97,0.0,0.31,2.05,13.8
2012-07-02,19.85,3.96,10.81,0.0,0.31,-1.01,14.2
2012-07-03,19.87,4.39,10.74,0.0,0.31,-1.48,14.22
2012-07-04,21.33,3.66,10.94,0.0,0.31,-2.83,14.14
2012-07-05,21.81,3.69,11.81,0.0,0.31,-3.56,13.38
2012-07-06,22.16,3.64,11.71,0.0,0.3,-3.87,14.38
2012-07-07,22.09,6.06,13.21,0.02,0.3,3.36,13.43
2012-07-08,17.61,6.52,11.94,1.19,0.3,7.54,11.61
2012-07-09,16.11,3.72,9.13,0.08,0.3,3.03,12.18
2012-07-10,18.18,6.69,11.89,18.41,0.32,8.71,3.82
2012-07-11,16.24,9.23,11.95,0.65,0.34,8.29,7.83
2012-07-12,15.69,5.39,9.59,0.05,0.33,3.99,14.44
2012-07-13,17.01,2.48,8.99,0.0,0.33,4.65,13.61
2012-07-14,18.21,4.19,10.37,0.0,0.33,4.91,14.71
2012-07-15,19.54,3.69,11.67,0.0,0.33,2.87,14.92
2012-07-16,20.67,5.84,12.33,0.0,0.32,2.9,13.87
2012-07-17,18.15,7.17,11.32,0.03,0.32,6.0,14.65
2012-07-18,19.22,3.73,10.27,0.0,0.32,2.17,15.44
2012-07-19,22.01,3.21,11.49,0.0,0.32,1.29,15.46
2012-07-20,23.89,5.01,13.53,0.0,0.32,1.38,14.64
2012-07-21,23.77,10.03,15.69,0.28,0.32,2.49,9.8
2012-07-22,21.0,11.27,15.29,0.18,0.31,4.35,11.27
2012-07-23,20.21,10.04,14.21,0.62,0.31,10.9,8.41
2012-07-24,16.21,5.38,10.54,0.05,0.31,3.19,15.53
2012-07-25,16.43,1.99,8.61,0.0,0.31,-0.02,15.4
2012-07-26,18.14,3.0,9.86,0.0,0.31,2.17,15.62
2012-07-27,18.48,4.98,10.74,0.0,0.31,1.37,14.61
2012-07-28,20.56,4.5,11.79,0.0,0.31,1.32,16.2
2012-07-29,20.66,4.73,12.11,0.0,0.31,0.71,16.27
2012-07-30,22.39,7.47,13.74,0.0,0.31,-0.05,16.06
2012-07-31,20.46,7.99,13.77,5.7,0.31,5.17,9.24
2012-08-01,18.42,7.81,12.72,1.3,0.32,7.46,14.63
2012-08-02,18.92,6.45,11.77,0.32,0.32,7.98,12.4
2012-08-03,18.87,6.83,12.65,1.35,0.31,9.05,13.23
2012-08-04,19.55,8.36,13.08,1.65,0.32,10.08,12.6
2012-08-05,21.67,7.87,13.36,0.01,0.32,8.23,15.66
2012-08-06,22.74,6.7,14.05,0.08,0.31,8.39,9.97
2012-08-07,18.08,7.39,13.29,3.55,0.32,9.63,10.82
2012-08-08,18.13,4.9,10.65,0.0,0.32,4.09,17.27
2012-08-09,22.3,3.69,12.67,0.0,0.31,2.25,17.88
2012-08-10,27.5,7.95,15.99,0.0,0.31,5.65,17.34
2012-08-11,27.23,10.14,17.72,0.0,0.31,8.03,16.86
2012-08-12,25.3,9.01,16.59,3.53,0.31,10.79,13.15
2012-08-13,18.86,8.2,12.82,0.43,0.31,5.56,15.84
2012-08-14,19.21,4.06,11.22,0.0,0.31,2.21,15.37
2012-08-15,20.86,5.51,12.36,0.02,0.31,6.22,15.61
2012-08-16,21.08,5.47,12.88,0.01,0.31,3.75,18.59
2012-08-17,24.9,9.86,15.57,0.01,0.31,1.52,13.94
2012-08-18,26.82,6.24,15.64,0.0,0.31,2.15,18.02
2012-08-19,24.57,9.69,16.32,0.0,0.3,2.24,12.91
2012-08-20,26.96,9.64,17.6,0.09,0.3,6.38,18.45
2012-08-21,21.4,12.5,16.42,4.27,0.31,12.78,14.01
2012-08-22,19.04,8.04,13.83,0.53,0.31,7.46,12.35
2012-08-23,20.05,4.31,11.84,0.0,0.31,2.52,19.68
2012-08-24,24.33,8.87,15.0,0.0,0.3,-0.38,11.54
2012-08-25,25.8,6.45,15.6,0.0,0.3,0.06,19.87
2012-08-26,29.32,8.18,17.19,0.0,0.3,2.89,19.96
2012-08-27,24.37,7.99,14.7,0.0,0.3,6.62,20.11
2012-08-28,21.73,8.66,14.25,0.51,0.3,9.77,17.13
2012-08-29,22.9,7.75,14.54,0.16,0.3,6.32,17.15
2012-08-30,25.64,7.17,15.7,0.0,0.29,2.91,20.44
2012-08-31,27.31,8.84,17.3,0.06,0.29,5.6,19.03
2012-09-01,24.2,11.61,16.83,0.09,0.29,8.15,19.05
2012-09-02,25.99,8.15,15.88,0.0,0.29,7.18,21.08
2012-09-03,22.21,9.03,15.05,7.83,0.29,8.52,19.66
2012-09-04,16.4,7.54,11.53,2.51,0.3,5.49,16.66
2012-09-05,21.23,5.14,12.76,0.16,0.3,6.92,14.32
2012-09-06,20.55,9.17,13.47,0.42,0.3,4.08,21.21
2012-09-07,23.13,6.04,14.14,0.0,0.3,1.23,22.15
2012-09-08,27.39,8.41,17.03,0.0,0.3,-0.88,22.22
2012-09-09,30.19,10.31,19.43,0.0,0.29,2.74,21.6
2012-09-10,29.07,12.9,19.74,0.01,0.29,12.91,21.45
2012-09-11,23.65,11.88,17.46,0.32,0.29,11.5,13.33
2012-09-12,22.92,8.23,14.89,0.0,0.29,3.62,23.48
2012-09-13,25.41,7.26,15.97,0.0,0.29,0.57,23.64
2012-09-14,28.68,10.6,19.18,0.08,0.29,2.11,10.25
2012-09-15,30.28,13.27,21.06,0.0,0.28,5.44,23.5
2012-09-16,32.56,12.87,21.85,0.0,0.28,6.26,23.42
2012-09-17,27.69,13.37,19.59,1.15,0.28,10.05,19.64
2012-09-18,23.96,13.31,18.06,1.72,0.28,12.55,16.8
2012-09-19,23.34,12.13,16.66,1.43,0.28,10.61,15.14
2012-09-20,24.93,11.09,16.88,0.36,0.28,9.51,21.82
2012-09-21,24.74,10.03,16.81,1.54,0.28,10.79,21.26
2012-09-22,21.8,9.8,14.74,0.1,0.28,5.63,18.54
2012-09-23,25.69,6.43,15.66,0.0,0.28,2.15,25.32
2012-09-24,28.18,7.85,16.81,0.15,0.28,3.45,24.88
2012-09-25,22.31,8.94,15.56,1.89,0.28,10.19,14.6
2012-09-26,20.44,11.32,14.99,1.1,0.28,9.36,16.25
2012-09-27,18.88,7.16,13.52,1.84,0.28,6.85,18.6
2012-09-28,20.88,4.87,12.16,0.0,0.28,0.32,26.54
2012-09-29,26.3,5.02,15.45,0.0,0.28,-2.94,26.84
2012-09-30,31.18,7.16,19.01,0.0,0.28,-4.16,27.34
2012-10-01,35.23,12.55,23.2,0.0,0.27,-1.22,26.08
2012-10-02,32.34,14.38,22.27,0.03,0.27,10.48,21.92
2012-10-03,25.31,11.91,17.93,0.43,0.27,8.73,24.87
2012-10-04,26.02,8.49,16.9,0.0,0.27,6.03,22.31
2012-10-05,28.52,8.9,18.48,0.0,0.27,4.64,26.96
2012-10-06,31.95,12.16,20.49,0.0,0.27,6.24,26.87
2012-10-07,24.74,9.61,16.68,0.07,0.27,8.16,22.52
2012-10-08,28.54,10.98,19.05,0.02,0.26,5.74,27.12
2012-10-09,31.01,11.06,20.9,0.0,0.26,3.05,27.69
2012-10-10,30.19,12.73,21.3,0.0,0.26,2.31,26.79
2012-10-11,31.57,15.05,22.97,0.01,0.26,-1.15,15.48
2012-10-12,32.28,15.56,22.76,0.0,0.26,11.36,26.83
2012-10-13,28.93,14.48,19.85,0.38,0.26,12.27,23.27
2012-10-14,26.9,11.48,17.83,0.17,0.26,7.65,27.28
2012-10-15,24.76,11.01,17.25,0.03,0.26,6.96,20.95
2012-10-16,29.83,11.4,20.35,0.0,0.26,6.11,28.16
2012-10-17,29.32,13.31,20.43,2.35,0.26,9.18,27.23
2012-10-18,29.49,10.08,19.35,0.0,0.26,6.6,28.96
2012-10-19,30.0,10.72,20.08,0.0,0.26,6.8,29.12
2012-10-20,33.93,11.74,23.0,0.0,0.25,4.53,29.16
2012-10-21,37.45,15.74,25.61,0.42,0.25,3.91,29.1
2012-10-22,26.43,12.23,19.1,0.13,0.25,12.1,11.69
2012-10-23,26.16,9.31,17.38,0.0,0.25,2.16,30.48
2012-10-24,25.29,11.2,18.02,0.03,0.25,0.21,26.83
2012-10-25,30.64,11.72,21.25,0.0,0.25,1.03,30.02
2012-10-26,32.53,13.68,23.08,0.0,0.25,0.29,30.31
2012-10-27,35.42,15.0,25.36,0.0,0.25,0.14,30.29
2012-10-28,37.36,18.31,27.22,0.24,0.24,7.49,25.57
2012-10-29,34.46,15.18,23.57,0.01,0.24,11.62,27.96
2012-10-30,30.0,15.41,21.96,0.17,0.24,9.61,25.58
2012-10-31,28.32,15.16,21.39,0.99,0.24,11.69,20.85
2012-11-01,29.0,14.58,21.4,7.59,0.25,13.22,16.75
2012-11-02,27.08,13.32,19.16,0.1,0.25,8.8,28.97
2012-11-03,27.57,11.25,19.19,0.08,0.25,8.49,25.62
2012-11-04,19.97,12.49,15.99,7.89,0.26,9.0,20.18
2012-11-05,22.78,10.46,15.84,0.29,0.26,6.83,20.5
2012-11-06,25.6,8.63,17.38,0.01,0.26,7.74,21.68
2012-11-07,27.9,10.43,19.15,0.0,0.26,5.87,30.35
2012-11-08,30.67,10.77,21.1,0.0,0.25,3.35,31.76
2012-11-09,35.05,14.63,24.99,0.0,0.25,0.33,31.79
2012-11-10,35.12,13.24,22.85,0.01,0.25,5.66,31.35
2012-11-11,26.45,12.24,18.97,0.0,0.25,3.19,32.53
2012-11-12,33.05,10.94,22.23,0.0,0.25,0.48,31.85
2012-11-13,39.28,14.2,27.16,0.0,0.24,4.17,31.8
2012-11-14,33.28,16.44,24.12,0.0,0.24,6.64,31.3
2012-11-15,34.06,13.84,23.86,0.0,0.24,3.04,32.67
2012-11-16,36.95,14.21,26.25,0.0,0.24,-0.32,32.22
2012-11-17,40.07,17.76,29.05,0.0,0.24,0.95,31.98
2012-11-18,34.97,16.64,25.14,0.0,0.24,6.8,32.21
2012-11-19,33.5,14.6,22.89,0.0,0.24,7.88,32.47
2012-11-20,34.54,12.33,23.75,0.0,0.24,4.88,32.83
2012-11-21,38.46,19.43,27.56,7.56,0.24,7.81,18.5
2012-11-22,32.61,19.75,25.98,3.95,0.25,14.86,25.81
2012-11-23,31.61,15.93,23.75,0.05,0.25,12.32,29.73
2012-11-24,32.13,17.34,24.17,1.48,0.25,11.44,19.42
2012-11-25,31.97,16.65,24.08,0.9,0.25,13.23,26.03
2012-11-26,36.16,17.47,26.85,0.0,0.25,9.78,32.07
2012-11-27,32.86,16.79,23.79,0.04,0.24,11.63,27.0
2012-11-28,22.79,15.67,18.56,6.15,0.25,10.26,19.41
2012-11-29,23.52,14.68,17.81,2.08,0.25,7.28,26.58
2012-11-30,26.44,13.19,19.05,0.02,0.25,5.94,24.98
2012-12-01,30.07,9.87,20.19,0.0,0.25,2.81,31.91
2012-12-02,36.19,14.83,25.76,0.0,0.25,2.91,29.7
2012-12-03,40.25,17.94,29.3,4.83,0.25,7.4,30.24
2012-12-04,34.42,21.35,27.88,6.9,0.25,13.01,23.68
2012-12-05,32.25,20.29,25.29,0.82,0.26,15.68,18.13
2012-12-06,32.44,17.32,23.97,0.01,0.26,14.14,31.9
2012-12-07,30.83,16.51,22.56,0.0,0.25,11.53,31.3
2012-12-08,34.89,14.18,25.53,0.06,0.25,9.89,32.93
2012-12-09,30.47,21.58,26.47,21.05,0.27,17.07,20.08
2012-12-10,35.12,19.96,28.06,0.19,0.28,13.83,31.23
2012-12-11,33.78,18.94,25.4,0.06,0.27,13.93,28.49
2012-12-12,28.13,15.46,21.55,0.37,0.27,12.61,27.51
2012-12-13,28.79,14.4,21.26,0.04,0.27,12.46,22.08
2012-12-14,32.79,16.17,24.78,0.0,0.27,12.85,30.36
2012-12-15,35.97,17.29,27.29,0.0,0.26,9.79,33.02
2012-12-16,39.62,19.39,29.7,0.0,0.26,7.57,33.16
2012-12-17,37.0,18.28,26.67,0.0,0.26,8.91,32.91
2012-12-18,34.94,14.81,24.47,0.0,0.26,8.68,33.97
2012-12-19,36.47,14.69,26.16,0.0,0.25,8.06,33.77
2012-12-20,40.88,19.84,30.29,0.0,0.25,3.26,33.89
2012-12-21,39.45,19.06,29.11,0.0,0.25,7.67,33.64
2012-12-22,37.59,15.56,26.41,0.0,0.25,6.35,34.3
2012-12-23,35.73,15.61,26.01,0.0,0.25,8.55,33.58
2012-12-24,39.58,18.49,29.72,0.0,0.25,7.57,33.47
2012-12-25,44.05,24.56,34.48,0.0,0.25,8.32,32.83
2012-12-26,44.68,26.49,35.93,0.0,0.24,10.44,25.15
2012-12-27,38.32,24.78,30.59,7.18,0.25,16.84,23.91
2012-12-28,38.05,23.36,30.5,1.24,0.25,13.88,12.54
2012-12-29,40.92,23.44,32.66,0.01,0.25,6.63,31.81
2012-12-30,32.06,25.3,28.94,0.0,0.25,11.9,19.26
2012-12-31,41.42,22.94,32.31,0.0,0.25,9.06,20.07
2013-01-01,40.17,22.84,30.5,0.24,0.24,18.42,29.6
2013-01-02,40.95,22.44,30.39,0.0,0.24,16.28,30.16
2013-01-03,35.69,19.37,26.54,0.0,0.24,11.44,32.41
2013-01-04,33.28,16.28,24.4,0.0,0.24,5.97,33.76
2013-01-05,42.29,18.07,31.14,0.02,0.24,6.93,32.96
2013-01-06,39.13,26.03,32.74,2.68,0.24,16.63,21.94
2013-01-07,38.9,25.21,32.02,0.29,0.24,14.99,21.41
2013-01-08,46.37,26.56,35.98,0.93,0.24,11.84,31.17
2013-01-09,41.74,21.29,30.84,0.0,0.24,13.47,32.32
2013-01-10,36.13,17.26,26.57,0.0,0.24,8.46,28.91
2013-01-11,39.53,17.49,29.41,0.29,0.23,11.21,14.98
2013-01-12,31.16,22.65,27.24,6.81,0.24,19.13,11.2
2013-01-13,34.23,21.02,27.3,4.94,0.25,19.27,22.58
2013-01-14,41.34,25.2,33.01,0.6,0.25,17.24,30.16
2013-01-15,38.8,23.54,30.87,7.64,0.25,19.82,28.91
2013-01-16,35.72,20.98,27.23,0.0,0.25,16.85,31.0
2013-01-17,31.78,17.8,24.12,0.01,0.25,8.9,29.48
2013-01-18,33.37,15.17,24.28,0.0,0.25,2.96,33.79
2013-01-19,36.4,17.56,27.32,0.0,0.25,2.71,33.29
2013-01-20,40.9,19.0,30.5,0.0,0.24,4.97,32.64
2013-01-21,42.28,19.59,31.78,0.0,0.24,8.54,31.95
2013-01-22,43.19,23.22,33.28,0.18,0.24,11.39,30.78
2013-01-23,37.7,20.51,30.65,0.45,0.24,11.79,22.5
2013-01-24,34.9,16.42,25.51,0.0,0.24,6.47,33.13
2013-01-25,36.3,18.51,27.25,0.0,0.24,2.78,33.43
2013-01-26,37.62,17.72,28.07,0.0,0.24,0.18,33.65
2013-01-27,38.59,19.06,29.54,0.0,0.23,4.84,32.38
2013-01-28,36.6,20.99,28.4,0.0,0.23,7.98,31.79
2013-01-29,36.85,19.55,28.23,0.0,0.23,2.54,32.18
2013-01-30,38.58,19.22,29.5,0.0,0.23,2.29,32.28
2013-01-31,38.97,21.13,29.97,0.0,0.23,6.47,31.94
2013-02-01,39.27,22.03,30.57,0.0,0.23,2.93,31.96
2013-02-02,40.13,20.79,30.56,0.0,0.23,0.23,31.98
2013-02-03,40.77,21.04,30.85,0.0,0.23,1.03,31.92
2013-02-04,40.79,19.0,30.42,0.0,0.23,3.55,31.56
2013-02-05,41.1,22.0,31.24,0.0,0.23,4.62,29.25
2013-02-06,36.79,22.72,29.36,0.0,0.22,6.31,26.96
2013-02-07,36.9,19.62,28.31,0.0,0.22,6.05,31.3
2013-02-08,39.83,21.72,30.99,0.0,0.22,5.2,30.21
2013-02-09,41.81,23.06,32.75,0.02,0.22,4.24,29.59
2013-02-10,41.79,24.79,33.27,0.27,0.22,4.31,29.99
2013-02-11,35.61,25.22,28.69,0.06,0.22,9.79,21.6
2013-02-12,40.04,22.49,31.39,2.06,0.22,12.55,14.99
2013-02-13,40.86,24.38,32.05,0.04,0.22,13.35,24.05
2013-02-14,41.6,23.0,31.49,0.09,0.22,12.1,26.08
2013-02-15,42.56,23.27,32.6,1.88,0.22,11.83,28.01
2013-02-16,43.9,24.27,33.63,0.11,0.22,10.57,26.47
2013-02-17,36.4,20.93,27.55,0.0,0.22,11.02,28.74
2013-02-18,36.16,18.79,27.25,0.0,0.22,9.15,29.46
2013-02-19,39.11,22.37,31.07,0.26,0.22,7.47,26.36
2013-02-20,38.39,25.15,31.87,0.1,0.22,11.12,19.07
2013-02-21,43.13,25.87,34.21,0.18,0.22,11.72,22.68
2013-02-22,40.4,20.87,29.32,0.3,0.22,15.29,25.15
2013-02-23,31.44,17.29,23.37,0.0,0.22,4.84,28.79
2013-02-24,34.74,13.6,24.27,0.0,0.22,2.63,29.36
2013-02-25,40.38,21.03,31.35,2.65,0.22,12.69,24.27
2013-02-26,35.56,26.28,30.37,2.03,0.22,15.48,21.31
2013-02-27,36.93,22.8,29.45,0.0,0.22,11.29,27.7
2013-02-28,34.25,19.78,27.06,0.0,0.22,8.63,27.75
2013-03-01,32.11,19.65,25.27,0.0,0.22,12.86,25.15
2013-03-02,33.02,16.5,24.3,0.0,0.22,9.24,27.81
2013-03-03,37.69,17.05,27.01,0.0,0.22,8.75,27.8
2013-03-04,33.08,17.05,24.57,0.0,0.21,14.13,23.59
2013-03-05,32.23,16.49,23.78,0.0,0.21,11.62,27.18
2013-03-06,35.18,16.16,25.67,0.0,0.21,8.3,27.27
2013-03-07,36.77,19.48,27.8,0.0,0.21,8.35,26.87
2013-03-08,38.72,20.08,29.26,0.0,0.21,7.35,26.56
2013-03-09,36.88,22.3,29.39,0.83,0.21,9.73,12.45
2013-03-10,35.86,23.38,29.25,2.15,0.21,13.22,7.36
2013-03-11,32.08,20.17,25.84,13.85,0.24,17.9,18.72
2013-03-12,28.77,14.97,21.19,0.0,0.24,5.59,27.13
2013-03-13,33.12,15.01,23.87,0.08,0.23,6.38,24.31
2013-03-14,34.64,18.43,26.66,2.91,0.23,13.99,18.21
2013-03-15,34.89,22.56,27.7,1.78,0.24,17.75,22.19
2013-03-16,37.15,21.28,28.0,0.38,0.23,16.16,21.46
2013-03-17,38.2,19.92,27.97,0.01,0.23,14.48,24.58
2013-03-18,39.26,19.6,28.35,0.01,0.23,10.19,23.86
2013-03-19,38.32,20.97,27.11,0.0,0.23,12.06,22.32
2013-03-20,32.87,19.62,25.11,0.0,0.23,11.46,21.93
2013-03-21,32.87,18.03,24.29,0.0,0.23,8.51,21.03
2013-03-22,33.47,16.11,24.19,0.0,0.23,7.99,23.99
2013-03-23,33.73,16.0,24.41,0.0,0.23,5.03,24.38
2013-03-24,35.83,15.09,25.31,0.0,0.22,7.61,24.11
2013-03-25,29.68,18.04,21.89,0.69,0.22,10.98,21.5
2013-03-26,22.12,13.45,18.11,5.24,0.23,10.63,15.73
2013-03-27,24.17,10.08,16.86,0.0,0.23,3.79,24.11
2013-03-28,27.37,11.23,18.95,0.0,0.23,3.0,23.54
2013-03-29,28.76,11.69,20.0,0.0,0.23,2.18,23.63
2013-03-30,31.1,12.7,21.89,0.0,0.23,3.9,23.5
2013-03-31,31.6,15.73,23.16,0.0,0.23,4.34,23.31
2013-04-01,31.75,16.54,23.84,0.0,0.23,5.6,20.5
2013-04-02,33.72,16.15,25.07,0.0,0.23,7.58,22.36
2013-04-03,34.85,20.86,27.76,0.31,0.22,11.88,18.7
2013-04-04,36.85,21.16,28.97,0.0,0.22,9.04,19.6
2013-04-05,35.65,20.27,27.23,0.0,0.22,8.78,19.5
2013-04-06,34.7,18.07,25.92,0.73,0.22,9.85,20.9
2013-04-07,36.14,20.31,28.26,1.27,0.22,8.02,16.83
2013-04-08,36.47,23.96,29.37,0.0,0.22,7.51,20.61
2013-04-09,36.97,22.7,29.74,0.0,0.22,8.49,19.77
2013-04-10,37.6,24.11,30.2,0.0,0.22,8.59,17.16
2013-04-11,38.25,23.71,30.47,0.0,0.22,6.04,18.94
2013-04-12,36.3,20.23,28.06,0.11,0.22,8.19,12.03
2013-04-13,31.47,21.7,26.49,0.34,0.22,11.56,13.84
2013-04-14,34.31,22.03,27.26,0.19,0.22,12.27,18.25
2013-04-15,33.52,20.26,25.07,0.05,0.22,13.6,16.35
2013-04-16,29.98,19.97,24.39,1.07,0.22,14.49,14.73
2013-04-17,25.26,19.1,21.76,8.49,0.23,16.4,5.85
2013-04-18,26.43,16.41,21.53,0.03,0.24,14.41,13.7
2013-04-19,31.67,19.09,24.02,0.0,0.23,12.25,15.33
2013-04-20,27.72,15.42,21.09,0.0,0.23,13.02,16.79
2013-04-21,24.24,11.18,17.17,0.0,0.23,7.69,18.7
2013-04-22,24.96,10.63,17.41,0.01,0.23,9.2,17.38
2013-04-23,27.4,11.87,19.19,0.0,0.23,7.79,18.9
2013-04-24,30.51,13.55,21.74,0.0,0.23,3.93,17.6
2013-04-25,29.63,18.92,22.63,0.03,0.23,5.47,7.2
2013-04-26,32.13,15.51,22.96,0.0,0.23,10.11,17.84
2013-04-27,29.92,14.41,21.58,0.0,0.23,10.5,17.85
2013-04-28,28.93,14.41,21.14,0.0,0.23,10.16,17.46
2013-04-29,29.3,14.9,21.62,0.0,0.23,9.76,16.71
2013-04-30,31.12,16.25,22.4,0.0,0.23,8.43,16.6
2013-05-01,28.1,15.2,21.13,0.31,0.22,10.8,14.04
2013-05-02,22.03,16.03,19.3,1.73,0.23,14.96,7.41
2013-05-03,26.07,13.02,18.9,0.03,0.23,10.74,15.35
2013-05-04,27.23,11.5,18.86,0.0,0.23,7.71,17.32
2013-05-05,28.29,13.39,20.26,0.0,0.23,5.87,14.2
2013-05-06,31.38,16.0,22.41,0.0,0.23,5.54,13.3
2013-05-07,26.94,13.81,20.95,7.99,0.23,11.21,11.62
2013-05-08,19.55,13.04,16.84,17.86,0.26,12.28,11.85
2013-05-09,21.04,12.03,15.63,2.45,0.27,8.67,13.72
2013-05-10,21.54,9.23,15.15,1.66,0.27,7.82,14.87
2013-05-11,22.28,8.79,14.81,0.01,0.27,7.77,11.36
2013-05-12,22.24,7.51,14.16,0.0,0.26,3.97,16.04
2013-05-13,19.99,9.22,14.22,0.0,0.26,5.54,13.36
2013-05-14,20.17,11.15,14.52,0.0,0.26,5.02,10.88
2013-05-15,23.57,7.87,15.02,0.0,0.26,4.05,15.87
2013-05-16,24.78,9.27,16.17,0.02,0.26,4.33,15.79
2013-05-17,22.79,11.68,16.42,0.94,0.26,11.4,14.42
2013-05-18,24.5,10.0,16.31,0.07,0.26,7.94,11.54
2013-05-19,23.65,10.49,16.05,0.06,0.26,8.89,14.42
2013-05-20,17.18,9.16,13.23,11.17,0.27,9.41,9.07
2013-05-21,20.12,6.53,12.43,0.02,0.28,6.05,15.42
2013-05-22,20.75,5.85,12.6,0.03,0.27,4.19,15.46
2013-05-23,22.76,6.06,13.6,0.0,0.27,2.89,15.54
2013-05-24,23.56,7.88,14.79,0.0,0.27,3.35,15.26
2013-05-25,24.22,8.15,16.01,0.0,0.27,3.2,12.18
2013-05-26,25.25,11.41,18.13,0.0,0.27,8.57,12.54
2013-05-27,25.07,13.59,18.44,6.04,0.27,13.41,12.08
2013-05-28,22.11,12.34,16.66,4.03,0.28,11.88,8.64
2013-05-29,18.44,10.63,14.04,7.2,0.29,9.87,12.44
2013-05-30,16.74,6.78,11.82,2.6,0.3,7.45,9.27
2013-05-31,15.1,4.51,8.79,0.02,0.29,2.4,14.8
2013-06-01,18.21,3.35,10.2,0.0,0.29,2.98,14.67
2013-06-02,17.98,6.44,11.24,0.0,0.29,5.27,13.61
2013-06-03,20.5,6.37,12.38,0.0,0.29,5.29,14.6
2013-06-04,19.84,5.74,11.92,0.0,0.29,6.05,13.89
2013-06-05,20.32,6.13,12.28,0.0,0.29,6.51,12.77
2013-06-06,20.0,6.93,12.37,0.0,0.29,7.43,8.67
2013-06-07,21.26,6.32,13.17,0.0,0.28,4.75,13.87
2013-06-08,23.6,7.98,14.49,0.0,0.28,6.72,13.91
2013-06-09,23.32,7.65,14.34,0.01,0.28,9.5,13.95
2013-06-10,22.15,10.01,14.88,0.72,0.28,9.31,13.59
2013-06-11,20.82,6.65,12.58,0.0,0.28,3.23,14.27
2013-06-12,20.31,8.11,13.67,2.6,0.29,6.59,11.58
2013-06-13,21.73,8.73,15.1,0.57,0.29,8.5,12.41
2013-06-14,20.67,9.65,14.78,4.6,0.29,8.89,4.83
2013-06-15,20.19,8.93,13.79,0.27,0.29,8.68,7.42
2013-06-16,20.11,6.78,12.47,0.0,0.29,6.14,13.27
2013-06-17,20.11,5.29,11.98,0.08,0.29,5.37,12.13
2013-06-18,18.69,5.27,11.26,0.02,0.29,4.91,13.1
2013-06-19,19.06,5.39,11.42,0.0,0.29,5.22,12.79
2013-06-20,19.0,5.35,11.03,0.0,0.29,4.25,13.94
2013-06-21,20.61,4.86,11.36,0.0,0.29,1.11,14.08
2013-06-22,21.97,4.97,12.09,0.0,0.29,-0.83,13.96
2013-06-23,20.95,6.3,12.99,0.02,0.28,3.63,8.82
2013-06-24,20.63,11.55,14.89,0.76,0.28,10.99,6.27
2013-06-25,20.92,10.76,14.95,0.64,0.28,10.94,10.73
2013-06-26,19.13,6.66,11.94,0.03,0.28,6.07,12.37
2013-06-27,19.9,5.35,11.65,0.01,0.28,3.02,13.91
2013-06-28,20.87,4.73,11.9,0.0,0.28,2.28,13.93
2013-06-29,21.28,5.53,12.47,0.0,0.28,2.81,13.97
2013-06-30,21.05,5.71,12.15,0.0,0.28,1.49,14.08
2013-07-01,21.93,5.38,12.82,0.0,0.28,-0.21,14.35
2013-07-02,23.99,6.73,13.93,0.0,0.28,2.48,13.72
2013-07-03,20.06,7.97,12.77,1.07,0.28,9.32,10.63
2013-07-04,16.84,6.29,10.4,0.06,0.28,4.37,12.78
2013-07-05,17.47,4.21,9.85,0.0,0.28,0.63,14.26
2013-07-06,19.34,3.46,10.51,0.0,0.28,-1.01,12.66
2013-07-07,16.55,3.53,9.19,0.0,0.28,-1.04,14.64
2013-07-08,19.3,3.47,10.21,0.0,0.28,1.6,14.5
2013-07-09,19.27,6.52,12.02,0.0,0.28,4.47,10.39
2013-07-10,22.52,7.54,13.72,0.0,0.28,7.0,13.9
2013-07-11,18.64,9.35,13.06,8.59,0.28,10.14,9.26
2013-07-12,18.03,8.27,12.1,3.9,0.3,8.47,9.42
2013-07-13,20.36,7.19,12.57,0.0,0.3,5.92,14.31
2013-07-14,22.45,5.51,14.15,0.01,0.29,2.58,14.49
2013-07-15,24.33,6.22,14.05,0.06,0.29,4.2,14.54
2013-07-16,19.46,10.42,13.87,5.2,0.29,10.36,11.49
2013-07-17,15.75,5.91,10.74,0.2,0.3,4.87,10.34
2013-07-18,14.72,2.2,7.53,0.0,0.3,1.24,14.83
2013-07-19,16.29,1.7,8.32,0.0,0.29,1.75,12.84
2013-07-20,15.8,2.15,8.23,0.0,0.29,1.08,14.85
2013-07-21,16.04,1.35,8.09,0.0,0.29,0.32,15.25
2013-07-22,18.62,3.13,10.02,0.0,0.29,-0.64,15.45
2013-07-23,23.47,5.94,13.96,0.03,0.29,3.86,14.84
2013-07-24,20.32,8.35,13.95,1.04,0.29,8.76,13.5
2013-07-25,22.36,5.48,13.69,0.81,0.29,8.51,12.37
2013-07-26,17.32,11.86,14.04,5.97,0.3,9.83,9.95
2013-07-27,17.05,10.3,13.04,1.5,0.3,9.83,12.36
2013-07-28,19.43,9.53,13.47,0.28,0.3,8.84,12.83
2013-07-29,20.84,7.08,13.05,0.0,0.3,6.77,12.3
2013-07-30,22.23,6.09,13.29,0.01,0.3,3.79,15.6
2013-07-31,21.41,6.24,12.99,0.02,0.29,7.9,14.87
2013-08-01,21.07,8.37,13.62,0.58,0.29,9.11,13.21
2013-08-02,23.13,7.7,14.4,0.0,0.29,7.37,16.19
2013-08-03,25.12,6.92,15.17,0.01,0.29,3.74,16.27
2013-08-04,26.18,8.78,15.93,0.0,0.29,2.89,16.95
2013-08-05,22.62,9.08,14.83,0.08,0.29,10.84,10.61
2013-08-06,24.53,9.36,15.7,0.3,0.29,10.57,14.3
2013-08-07,26.64,8.88,17.04,0.0,0.29,8.62,12.9
2013-08-08,22.6,11.74,15.98,6.64,0.29,14.11,5.81
2013-08-09,20.22,7.56,13.19,0.17,0.3,6.7,12.17
2013-08-10,21.83,6.61,13.66,0.13,0.3,7.64,15.61
2013-08-11,19.67,8.48,13.61,1.19,0.29,9.15,13.89
2013-08-12,19.99,5.49,12.31,0.0,0.29,6.0,15.14
2013-08-13,21.1,8.22,13.67,0.12,0.29,7.92,14.15
2013-08-14,22.34,6.89,13.68,0.08,0.29,7.33,18.26
2013-08-15,21.1,8.02,13.55,2.28,0.29,8.47,13.56
2013-08-16,18.59,5.53,11.82,0.14,0.29,5.13,13.26
2013-08-17,19.42,8.34,13.05,0.26,0.29,7.33,11.95
2013-08-18,18.92,6.63,12.67,0.0,0.29,6.27,10.09
2013-08-19,22.64,6.59,14.0,0.0,0.29,3.86,18.4
2013-08-20,23.15,6.05,13.8,0.0,0.29,3.05,19.41
2013-08-21,22.34,7.36,13.68,0.0,0.29,4.4,19.15
2013-08-22,24.2,5.28,14.01,0.0,0.29,1.33,19.84
2013-08-23,26.36,6.38,15.89,0.0,0.28,-0.43,19.9
2013-08-24,27.93,8.74,17.24,0.0,0.28,-0.67,19.98
2013-08-25,23.05,10.41,15.42,8.48,0.29,7.9,5.53
2013-08-26,20.5,9.33,14.18,0.78,0.3,9.27,13.36
2013-08-27,20.05,7.4,13.74,14.35,0.3,9.26,13.28
2013-08-28,19.15,9.74,13.78,7.31,0.33,9.79,16.78
2013-08-29,19.67,10.03,13.86,0.73,0.33,9.01,13.34
2013-08-30,21.43,9.41,14.71,1.08,0.32,10.14,18.06
2013-08-31,22.49,12.05,16.25,0.76,0.32,12.05,12.62
2013-09-01,25.2,11.67,17.37,0.1,0.32,11.99,14.52
2013-09-02,27.14,10.73,18.33,0.03,0.31,11.33,19.87
2013-09-03,21.86,11.93,16.71,1.66,0.31,12.46,10.68
2013-09-04,21.36,9.76,14.77,1.32,0.32,5.87,18.34
2013-09-05,23.71,5.84,14.22,0.01,0.31,3.74,21.9
2013-09-06,26.46,9.4,17.74,1.88,0.31,11.12,20.17
2013-09-07,24.87,13.64,18.19,0.06,0.31,11.83,16.85
2013-09-08,23.16,11.68,16.53,0.0,0.31,7.34,19.92
2013-09-09,25.47,9.54,17.31,0.0,0.31,4.69,22.04
2013-09-10,25.57,8.83,17.31,1.82,0.31,9.0,21.79
2013-09-11,19.9,12.73,15.67,3.05,0.31,9.73,18.99
2013-09-12,21.91,9.94,14.96,0.67,0.31,8.45,16.84
2013-09-13,21.86,7.9,14.44,0.39,0.31,9.29,15.56
2013-09-14,16.21,9.19,12.54,9.23,0.32,8.34,18.14
2013-09-15,19.7,7.89,12.71,0.46,0.32,6.6,18.69
2013-09-16,22.92,5.69,13.93,2.76,0.32,6.24,22.48
2013-09-17,19.79,7.51,12.85,0.32,0.32,5.47,17.52
2013-09-18,20.29,5.73,12.9,0.06,0.32,7.34,17.44
2013-09-19,23.86,7.64,15.04,0.2,0.31,7.43,23.66
2013-09-20,23.71,7.84,15.37,0.02,0.31,9.34,21.7
2013-09-21,25.91,10.45,17.05,0.31,0.31,10.33,22.07
2013-09-22,20.23,12.51,15.53,2.86,0.31,9.0,20.39
2013-09-23,22.58,12.99,17.31,1.59,0.31,12.4,13.62
2013-09-24,22.33,13.79,17.52,1.17,0.31,12.67,13.75
2013-09-25,24.38,8.56,16.44,0.05,0.31,6.12,24.71
2013-09-26,23.57,7.77,15.24,0.0,0.31,8.29,23.33
2013-09-27,25.38,9.15,16.22,0.03,0.3,5.17,25.51
2013-09-28,28.77,7.26,17.11,0.0,0.3,3.65,26.19
2013-09-29,23.92,8.66,15.54,0.03,0.3,8.07,20.74
2013-09-30,21.96,9.85,15.43,0.29,0.3,5.86,22.45
2013-10-01,25.46,6.02,15.66,0.0,0.3,2.89,26.21
2013-10-02,31.94,8.65,19.7,0.0,0.29,4.78,25.87
2013-10-03,35.29,14.16,22.77,0.0,0.29,5.21,26.27
2013-10-04,28.47,13.9,19.79,0.0,0.29,10.03,26.19
2013-10-05,28.16,10.94,18.99,0.0,0.29,9.6,26.37
2013-10-06,28.13,11.46,18.7,0.01,0.29,9.58,25.58
2013-10-07,31.7,9.05,19.48,0.0,0.28,7.22,27.57
2013-10-08,27.59,10.0,18.33,0.13,0.28,10.47,26.87
2013-10-09,19.9,10.71,14.95,10.89,0.29,9.21,15.47
2013-10-10,25.88,6.88,16.34,0.0,0.3,4.08,27.62
2013-10-11,26.8,8.3,16.98,0.01,0.29,7.88,27.7
2013-10-12,23.85,8.38,15.76,0.01,0.29,5.01,26.42
2013-10-13,25.17,8.41,16.01,0.0,0.29,-1.24,28.99
2013-10-14,31.25,8.52,19.67,0.0,0.29,-2.3,29.03
2013-10-15,31.42,9.13,19.99,0.0,0.28,3.66,28.67
2013-10-16,29.25,11.03,19.7,0.0,0.28,10.63,23.77
2013-10-17,31.78,11.75,21.41,0.0,0.28,8.99,28.23
2013-10-18,33.62,11.06,21.06,0.0,0.28,8.27,28.51
2013-10-19,28.21,12.09,19.29,3.03,0.28,12.06,13.88
2013-10-20,22.0,10.73,15.91,0.85,0.28,5.66,22.11
2013-10-21,25.06,7.78,16.32,0.0,0.28,2.56,30.18
2013-10-22,28.03,8.74,18.47,0.0,0.28,-1.2,30.21
2013-10-23,32.59,11.96,22.48,0.0,0.27,-0.35,29.32
2013-10-24,33.03,15.28,23.3,0.0,0.27,4.16,29.57
2013-10-25,31.79,12.75,21.66,0.0,0.27,9.63,26.51
2013-10-26,32.89,11.89,22.08,0.0,0.27,7.67,29.18
2013-10-27,35.82,13.77,25.15,0.0,0.27,5.79,28.24
2013-10-28,36.66,17.58,26.83,0.0,0.27,6.21,29.48
2013-10-29,38.1,17.27,28.18,0.48,0.26,6.6,27.02
2013-10-30,40.07,20.69,29.8,0.0,0.26,8.62,27.46
2013-10-31,39.21,17.07,27.73,0.0,0.26,6.66,29.8
2013-11-01,37.44,17.44,26.4,0.0,0.26,9.23,23.79
2013-11-02,38.16,17.24,27.4,0.0,0.26,9.88,25.5
2013-11-03,41.12,20.62,30.1,2.21,0.26,10.8,25.4
2013-11-04,38.27,19.24,27.84,1.43,0.26,11.37,22.94
2013-11-05,33.25,16.93,23.54,0.01,0.26,12.21,30.11
2013-11-06,32.26,13.15,22.22,0.0,0.26,7.84,27.39
2013-11-07,31.58,14.27,22.98,0.0,0.25,7.27,30.98
2013-11-08,32.52,16.37,24.28,1.96,0.26,6.15,31.11
2013-11-09,35.62,16.23,26.0,0.0,0.25,-0.44,31.84
2013-11-10,37.03,17.85,27.34,0.0,0.25,-1.33,31.8
2013-11-11,38.16,18.89,28.54,0.0,0.25,-0.88,30.8
2013-11-12,39.9,19.42,29.01,0.0,0.25,-0.33,29.44
2013-11-13,38.52,17.11,27.8,0.0,0.25,8.26,31.52
2013-11-14,38.94,18.52,28.86,0.22,0.25,5.88,31.85
2013-11-15,40.51,19.8,30.22,0.59,0.24,4.27,29.73
2013-11-16,36.23,20.97,28.5,0.22,0.24,6.01,22.41
2013-11-17,36.52,20.17,27.41,0.5,0.24,10.62,18.34
2013-11-18,31.8,16.37,23.73,0.14,0.24,11.49,23.68
2013-11-19,28.86,15.19,21.78,0.0,0.24,8.98,30.73
2013-11-20,32.06,15.06,22.99,0.0,0.24,9.47,30.89
2013-11-21,35.81,18.64,26.61,0.06,0.24,9.76,26.78
2013-11-22,33.6,17.95,24.7,0.0,0.24,12.4,29.48
2013-11-23,32.45,16.12,22.97,0.0,0.24,11.27,32.22
2013-11-24,31.02,15.79,22.28,0.0,0.24,10.3,31.9
2013-11-25,30.69,13.77,21.98,0.0,0.24,4.64,33.4
2013-11-26,36.39,13.26,24.86,0.05,0.24,4.25,32.6
2013-11-27,34.79,16.29,24.39,0.17,0.23,11.1,32.24
2013-11-28,35.27,15.31,24.02,0.0,0.23,11.53,32.19
2013-11-29,30.5,14.77,21.2,0.29,0.23,10.76,30.89
2013-11-30,26.78,13.88,19.83,0.18,0.23,8.98,24.41
2013-12-01,31.46,13.04,22.36,0.0,0.23,8.16,31.54
2013-12-02,33.98,14.06,23.69,0.0,0.23,8.2,32.96
2013-12-03,32.18,12.44,22.16,0.0,0.23,2.13,33.81
2013-12-04,32.93,14.75,23.84,0.0,0.23,-0.36,34.32
2013-12-05,32.39,17.23,24.81,0.2,0.23,5.96,21.9
2013-12-06,36.68,19.31,26.81,0.14,0.23,11.99,29.21
2013-12-07,33.31,18.11,24.83,0.0,0.23,13.02,29.73
2013-12-08,34.15,16.59,25.1,0.0,0.23,10.57,32.16
2013-12-09,35.48,17.25,26.51,0.01,0.23,7.12,33.29
2013-12-10,34.96,19.7,26.76,1.68,0.23,9.28,22.17
2013-12-11,35.39,18.6,27.05,0.0,0.23,7.01,32.78
2013-12-12,37.27,18.62,28.56,0.0,0.22,0.37,30.61
2013-12-13,37.67,21.83,29.49,0.0,0.22,3.29,32.8
2013-12-14,41.59,22.17,32.12,0.0,0.22,3.57,33.13
2013-12-15,42.89,22.46,33.04,0.0,0.22,1.36,33.4
2013-12-16,43.87,23.12,34.19,0.0,0.22,2.13,30.73
2013-12-17,41.74,22.88,31.32,0.0,0.22,8.93,25.39
2013-12-18,36.92,20.19,27.42,0.01,0.22,11.28,29.38
2013-12-19,35.78,18.88,26.66,0.0,0.22,10.15,32.0
2013-12-20,32.58,17.69,24.89,0.0,0.22,7.29,33.39
2013-12-21,29.67,16.58,22.15,0.0,0.22,3.9,31.02
2013-12-22,31.88,16.45,24.22,0.0,0.22,3.63,29.18
2013-12-23,36.92,18.12,27.89,0.0,0.22,0.05,34.09
2013-12-24,41.34,20.51,30.69,0.0,0.22,3.78,32.94
2013-12-25,40.63,19.17,30.33,0.0,0.21,6.62,33.35
2013-12-26,41.67,19.8,30.17,0.0,0.21,6.21,33.37
2013-12-27,37.02,16.26,26.86,0.0,0.21,8.63,33.51
2013-12-28,40.67,19.9,30.5,0.0,0.21,7.76,33.3
2013-12-29,45.64,23.36,34.28,0.0,0.21,6.6,32.5
2013-12-30,39.81,20.75,30.65,0.09,0.21,11.36,29.67
2013-12-31,39.46,21.29,30.17,0.31,0.21,12.07,15.55
2014-01-01,31.63,16.5,23.29,0.0,0.21,9.46,32.27
2014-01-02,32.24,14.8,23.16,0.0,0.21,8.07,33.35
2014-01-03,35.94,15.52,26.05,0.0,0.21,6.71,33.88
2014-01-04,38.69,18.53,28.92,0.0,0.21,2.84,33.25
2014-01-05,38.97,19.62,29.64,0.0,0.21,1.34,33.42
2014-01-06,44.46,24.2,33.25,0.0,0.21,8.54,32.68
2014-01-07,39.59,19.02,28.72,0.0,0.21,8.48,33.37
2014-01-08,39.9,16.73,28.59,0.0,0.21,8.09,33.01
2014-01-09,41.02,20.14,30.38,0.0,0.21,6.48,33.13
2014-01-10,42.89,20.59,32.49,0.0,0.21,5.56,33.44
2014-01-11,46.89,25.91,36.58,0.0,0.21,2.58,30.93
2014-01-12,46.63,27.85,36.8,0.21,0.21,5.4,27.9
2014-01-13,40.06,22.46,29.91,0.15,0.21,10.94,30.81
2014-01-14,37.39,18.29,27.19,0.0,0.21,6.24,33.0
2014-01-15,34.96,16.46,24.38,0.0,0.21,9.16,32.85
2014-01-16,33.66,17.26,24.61,0.0,0.21,7.3,33.75
2014-01-17,38.56,15.82,27.84,0.0,0.21,3.31,33.65
2014-01-18,40.74,22.23,31.62,0.0,0.2,1.2,33.35
2014-01-19,41.41,23.21,32.8,0.0,0.2,4.89,32.54
2014-01-20,41.62,26.72,34.45,0.0,0.2,11.45,28.62
2014-01-21,39.47,25.24,32.18,0.1,0.2,14.29,28.45
2014-01-22,28.32,22.24,25.02,5.63,0.21,17.89,15.77
2014-01-23,32.91,20.83,26.59,0.05,0.22,16.6,22.65
2014-01-24,31.46,20.81,26.13,0.23,0.21,16.07,18.12
2014-01-25,39.53,22.87,30.1,3.38,0.21,17.78,22.96
2014-01-26,39.27,24.88,31.82,4.75,0.22,18.56,28.62
2014-01-27,36.68,21.19,28.06,0.08,0.22,13.99,28.71
2014-01-28,38.18,18.83,29.05,0.01,0.22,14.93,30.87
2014-01-29,40.15,22.76,31.76,1.13,0.21,15.06,28.71
2014-01-30,42.47,26.5,34.77,1.79,0.22,14.76,29.17
2014-01-31,40.9,27.19,34.29,5.26,0.22,17.68,18.62
2014-02-01,37.51,21.64,29.25,0.36,0.22,14.53,19.94
2014-02-02,36.92,20.39,28.34,0.79,0.22,14.96,29.19
2014-02-03,35.39,20.27,27.88,0.0,0.22,12.73,30.78
2014-02-04,40.05,22.35,31.4,0.0,0.21,12.45,30.59
2014-02-05,42.14,24.54,33.72,0.0,0.21,12.25,27.64
2014-02-06,42.99,24.58,34.06,1.21,0.21,11.43,27.32
2014-02-07,42.81,23.95,32.91,1.12,0.21,11.77,29.34
2014-02-08,35.99,20.1,28.04,0.36,0.21,9.06,30.63
2014-02-09,38.8,19.78,29.42,0.0,0.21,9.72,30.06
2014-02-10,43.25,24.87,33.18,0.0,0.21,11.43,25.59
2014-02-11,40.78,22.89,30.96,4.94,0.21,13.7,24.75
2014-02-12,35.41,24.87,29.53,1.93,0.22,17.67,20.24
2014-02-13,34.1,22.52,28.19,0.0,0.22,17.52,20.82
2014-02-14,35.64,22.78,29.43,0.0,0.22,15.9,23.85
2014-02-15,38.41,23.4,31.42,0.0,0.21,14.15,26.16
2014-02-16,38.51,25.67,32.5,0.58,0.21,15.4,23.67
2014-02-17,40.66,23.88,32.73,1.48,0.22,12.21,27.72
2014-02-18,40.98,27.47,33.9,0.0,0.21,12.18,25.93
2014-02-19,40.24,25.2,32.58,0.0,0.21,10.8,28.0
2014-02-20,38.84,23.89,31.11,0.07,0.21,5.85,26.04
2014-02-21,35.0,22.58,28.77,0.9,0.21,8.64,15.55
2014-02-22,36.74,21.02,28.89,0.01,0.21,8.98,21.41
2014-02-23,37.86,21.41,30.05,0.0,0.21,7.44,28.53
2014-02-24,39.81,22.04,31.02,0.0,0.21,6.59,28.41
2014-02-25,39.56,20.7,30.26,0.0,0.21,6.38,28.19
2014-02-26,36.57,20.26,28.4,0.0,0.21,9.45,27.87
2014-02-27,38.08,21.59,29.79,0.0,0.21,9.04,28.03
2014-02-28,38.33,21.45,29.66,0.0,0.21,3.22,28.6
2014-03-01,38.82,19.95,29.31,0.0,0.21,1.15,28.67
2014-03-02,39.99,20.57,30.38,0.0,0.21,-0.21,28.47
2014-03-03,41.23,21.21,30.66,0.0,0.21,3.51,27.6
2014-03-04,40.9,18.98,29.84,0.0,0.21,8.59,26.71
2014-03-05,40.75,21.69,31.02,0.0,0.21,8.26,26.78
2014-03-06,41.63,23.3,32.25,0.0,0.2,6.91,24.25
2014-03-07,42.07,22.65,31.38,0.0,0.2,8.9,25.14
2014-03-08,34.73,19.84,26.38,0.0,0.2,11.7,25.74
2014-03-09,32.44,18.6,24.27,0.0,0.2,7.39,26.44
2014-03-10,36.61,15.71,26.4,0.0,0.2,6.36,24.91
2014-03-11,39.22,22.41,30.34,0.32,0.2,9.16,23.84
2014-03-12,39.37,23.52,31.04,1.46,0.2,10.3,19.93
2014-03-13,39.92,25.14,31.6,1.28,0.21,10.87,16.24
2014-03-14,33.26,21.11,26.29,0.0,0.21,10.54,19.08
2014-03-15,32.46,16.26,23.81,0.0,0.21,2.08,26.37
2014-03-16,34.89,14.36,24.46,0.0,0.21,-0.74,25.88
2014-03-17,37.23,15.27,25.97,0.0,0.21,5.97,23.26
2014-03-18,36.74,18.51,25.94,0.0,0.2,8.7,18.07
2014-03-19,38.7,20.76,29.09,0.0,0.2,6.34,24.6
2014-03-20,36.32,19.98,28.58,0.0,0.2,9.04,21.29
2014-03-21,33.05,23.7,28.04,1.54,0.2,14.32,20.24
2014-03-22,37.36,20.85,28.93,0.0,0.21,13.45,20.54
2014-03-23,38.36,23.18,30.21,0.28,0.21,11.37,22.3
2014-03-24,38.11,23.34,30.9,0.0,0.21,10.17,20.86
2014-03-25,35.01,24.83,29.37,0.0,0.2,7.14,19.49
2014-03-26,32.0,22.47,26.4,0.51,0.2,4.92,10.1
2014-03-27,27.89,20.75,23.72,0.72,0.21,10.94,14.49
2014-03-28,34.86,19.42,27.09,0.0,0.21,10.28,21.59
2014-03-29,24.83,17.83,22.37,1.12,0.21,11.96,6.95
2014-03-30,27.96,15.61,20.84,0.26,0.21,11.54,21.03
2014-03-31,30.16,13.18,20.55,0.0,0.21,9.44,22.35
2014-04-01,27.94,15.72,21.32,0.0,0.21,10.58,16.42
2014-04-02,29.69,15.5,21.93,0.0,0.21,3.19,22.9
2014-04-03,30.87,14.48,22.32,0.0,0.21,3.65,21.96
2014-04-04,29.68,16.64,23.0,0.0,0.21,7.14,16.7
2014-04-05,33.92,20.33,26.1,1.22,0.21,10.42,14.06
2014-04-06,27.95,16.38,21.62,0.11,0.21,11.69,17.58
2014-04-07,28.58,14.2,21.2,0.01,0.21,10.18,20.03
2014-04-08,29.83,15.82,22.17,0.0,0.21,7.75,21.32
2014-04-09,31.04,16.02,23.16,0.0,0.21,4.63,21.02
2014-04-10,34.11,17.63,25.65,0.02,0.2,5.95,19.03
2014-04-11,35.2,20.38,27.62,0.01,0.2,8.47,19.79
2014-04-12,36.3,19.23,27.71,0.0,0.2,9.06,20.41
2014-04-13,35.54,21.11,27.75,0.0,0.2,7.0,18.88
2014-04-14,34.75,20.54,27.1,0.0,0.2,6.3,20.25
2014-04-15,33.49,17.63,25.01,0.0,0.2,6.2,20.01
2014-04-16,33.06,15.37,23.6,0.0,0.2,7.0,20.23
2014-04-17,32.6,14.57,23.23,0.0,0.2,7.7,18.93
2014-04-18,35.26,16.79,25.54,0.0,0.2,2.5,19.26
2014-04-19,34.22,16.75,24.17,0.0,0.2,3.33,19.78
2014-04-20,27.63,12.99,19.67,0.0,0.2,11.06,18.94
2014-04-21,28.58,12.54,20.16,0.0,0.2,8.93,18.81
2014-04-22,31.16,14.54,22.17,0.0,0.2,6.28,18.86
2014-04-23,32.68,15.76,23.43,0.0,0.2,5.31,13.53
2014-04-24,28.44,16.76,21.74,13.81,0.21,12.55,10.7
2014-04-25,24.19,17.15,20.04,2.71,0.23,15.2,6.62
2014-04-26,30.31,15.16,21.56,21.76,0.24,15.03,9.54
2014-04-27,24.33,15.81,19.79,13.0,0.29,15.7,15.2
2014-04-28,20.59,11.24,16.34,0.82,0.29,8.51,13.95
2014-04-29,21.7,7.27,13.99,0.0,0.28,3.64,18.4
2014-04-30,24.21,7.42,15.32,0.0,0.28,2.58,18.63
2014-05-01,23.46,8.61,15.73,0.0,0.27,4.35,14.93
2014-05-02,21.99,10.01,15.3,0.0,0.27,4.68,14.01
2014-05-03,22.16,8.8,15.47,0.0,0.27,4.03,14.02
2014-05-04,21.87,12.87,16.89,2.88,0.27,5.68,6.73
2014-05-05,19.53,12.71,15.6,12.48,0.29,11.87,6.58
2014-05-06,26.71,14.05,19.98,1.17,0.3,15.61,10.41
2014-05-07,22.19,16.3,18.5,17.62,0.3,15.65,5.4
2014-05-08,19.38,11.23,15.71,9.04,0.34,10.6,12.76
2014-05-09,21.86,11.05,15.87,0.41,0.33,9.56,15.09
2014-05-10,22.85,12.26,16.53,0.01,0.33,7.77,14.33
2014-05-11,24.62,9.5,16.95,0.0,0.32,6.19,16.67
2014-05-12,23.93,11.72,16.66,0.06,0.32,8.66,16.08
2014-05-13,25.55,9.43,16.7,0.06,0.32,9.43,16.23
2014-05-14,25.4,10.13,16.81,0.04,0.31,10.01,16.01
2014-05-15,22.96,10.4,16.2,0.97,0.31,9.56,11.92
2014-05-16,23.99,12.67,17.05,0.08,0.31,10.64,12.97
2014-05-17,24.37,11.3,16.76,0.0,0.31,9.39,14.79
2014-05-18,24.8,10.2,16.65,0.02,0.31,8.83,14.66
2014-05-19,25.71,12.23,17.97,0.04,0.31,9.22,13.35
2014-05-20,25.82,13.11,18.45,0.01,0.31,8.66,12.46
2014-05-21,24.54,11.83,17.31,0.21,0.31,12.32,14.43
2014-05-22,23.71,14.04,17.69,0.04,0.31,12.59,10.66
2014-05-23,21.04,14.39,16.92,4.76,0.31,13.28,10.26
2014-05-24,18.45,14.08,15.95,1.97,0.32,12.01,7.97
2014-05-25,19.73,13.38,15.98,1.02,0.32,11.41,10.79
2014-05-26,20.92,12.15,15.88,0.49,0.32,11.05,9.05
2014-05-27,22.29,12.76,16.69,0.49,0.31,12.12,12.05
2014-05-28,21.03,10.47,15.59,1.07,0.31,10.23,11.21
2014-05-29,19.66,7.36,12.86,0.0,0.31,7.8,12.42
2014-05-30,20.01,6.67,12.25,0.0,0.31,5.14,14.47
2014-05-31,19.49,7.31,12.64,0.0,0.31,2.53,8.19
2014-06-01,23.09,7.32,14.59,0.0,0.31,3.86,14.14
2014-06-02,23.42,8.0,14.85,0.03,0.31,6.64,13.36
2014-06-03,23.6,7.74,14.63,0.0,0.31,6.09,14.27
2014-06-04,24.19,7.63,14.84,0.0,0.31,3.76,14.36
2014-06-05,24.8,8.26,15.27,0.0,0.3,2.69,14.4
2014-06-06,22.86,8.26,14.6,0.0,0.3,1.75,14.51
2014-06-07,21.53,8.74,14.36,0.0,0.3,2.96,10.44
2014-06-08,21.63,10.61,15.12,0.0,0.3,3.19,5.62
2014-06-09,20.39,11.34,14.66,0.29,0.3,4.27,8.45
2014-06-10,18.01,8.29,13.11,4.85,0.3,6.99,6.29
2014-06-11,16.67,6.44,10.36,0.11,0.31,5.64,13.1
2014-06-12,17.09,6.11,10.39,0.01,0.31,5.46,12.41
2014-06-13,16.93,3.52,9.51,0.0,0.31,4.09,13.98
2014-06-14,18.05,3.7,9.8,0.0,0.3,3.1,14.23
2014-06-15,18.7,3.78,10.17,0.0,0.3,2.04,13.85
2014-06-16,20.63,4.95,11.44,0.0,0.3,0.62,14.14
2014-06-17,21.52,6.3,13.18,7.73,0.3,3.95,11.55
2014-06-18,18.15,8.92,12.46,1.29,0.32,8.49,10.91
2014-06-19,19.26,6.44,12.09,0.04,0.31,7.85,12.8
2014-06-20,20.34,6.54,13.14,0.01,0.31,5.36,13.74
2014-06-21,22.05,6.54,13.73,6.34,0.31,6.04,12.63
2014-06-22,15.37,7.53,11.26,0.39,0.32,7.48,10.99
2014-06-23,16.14,3.77,8.96,0.0,0.32,2.09,14.11
2014-06-24,18.91,2.65,9.52,0.02,0.32,0.14,14.01
2014-06-25,23.45,3.19,12.2,0.0,0.32,1.73,14.25
2014-06-26,20.35,7.37,13.63,0.0,0.31,8.6,10.98
2014-06-27,17.86,6.67,12.06,0.02,0.31,4.94,14.06
2014-06-28,16.6,3.09,9.07,0.0,0.31,1.57,14.14
2014-06-29,16.27,4.14,9.49,0.0,0.31,-0.16,11.71
2014-06-30,22.45,7.88,14.07,0.0,0.31,1.9,11.28
2014-07-01,25.14,8.76,15.61,0.1,0.31,1.2,13.47
2014-07-02,19.99,9.44,13.74,4.17,0.31,5.79,6.46
2014-07-03,17.06,7.75,11.28,0.12,0.31,5.72,14.26
2014-07-04,22.66,6.61,13.44,0.04,0.31,8.03,12.71
2014-07-05,24.31,8.44,15.58,0.11,0.31,8.49,13.51
2014-07-06,23.33,9.21,14.92,2.65,0.31,8.23,9.71
2014-07-07,16.91,10.02,13.2,2.77,0.31,9.41,8.4
2014-07-08,15.51,7.07,11.44,0.97,0.32,7.71,11.37
2014-07-09,16.27,6.28,9.73,0.06,0.32,5.27,13.95
2014-07-10,18.49,2.56,9.61,0.0,0.31,2.93,14.38
2014-07-11,17.95,3.41,10.14,0.0,0.31,2.53,14.08
2014-07-12,17.87,4.48,10.15,0.0,0.31,1.7,14.51
2014-07-13,19.38,3.52,11.02,0.0,0.31,1.39,14.63
2014-07-14,17.35,5.73,10.23,3.84,0.32,5.54,11.71
2014-07-15,18.52,7.08,12.15,0.62,0.32,9.41,11.56
2014-07-16,18.59,8.33,12.55,0.23,0.32,7.47,10.63
2014-07-17,17.52,5.94,11.24,0.0,0.31,3.45,13.78
2014-07-18,20.14,6.34,12.22,0.0,0.31,4.59,14.63
2014-07-19,21.36,5.7,12.72,0.39,0.31,6.08,14.07
2014-07-20,16.89,8.51,11.83,6.24,0.32,9.61,11.03
2014-07-21,18.34,9.63,12.8,1.39,0.32,8.56,10.95
2014-07-22,16.33,7.41,11.54,2.49,0.32,7.7,12.94
2014-07-23,15.33,6.62,10.73,0.27,0.32,7.42,10.5
2014-07-24,19.89,7.35,12.87,0.31,0.32,9.29,12.26
2014-07-25,21.48,6.66,13.22,0.01,0.32,5.65,15.49
2014-07-26,20.9,5.72,12.94,2.53,0.32,8.57,12.56
2014-07-27,19.18,8.45,12.93,2.48,0.33,8.47,13.78
2014-07-28,19.97,7.5,12.46,0.04,0.32,8.19,12.98
2014-07-29,20.34,7.68,12.52,0.02,0.32,6.82,14.85
2014-07-30,21.18,5.9,12.51,0.11,0.32,7.83,14.77
2014-07-31,20.82,6.6,12.74,0.13,0.32,7.39,14.56
2014-08-01,22.02,4.65,12.42,0.0,0.32,1.44,16.31
2014-08-02,21.45,5.68,12.82,0.0,0.32,4.49,15.23
2014-08-03,21.57,5.11,12.48,0.03,0.31,2.24,16.88
2014-08-04,22.71,4.92,12.66,0.0,0.31,-0.77,17.22
2014-08-05,24.24,5.81,13.76,0.0,0.31,-1.49,17.34
2014-08-06,26.44,8.1,16.59,0.02,0.31,-1.36,16.54
2014-08-07,25.21,9.69,16.94,0.12,0.31,-1.93,6.18
2014-08-08,25.0,10.64,16.67,0.02,0.31,7.2,9.64
2014-08-09,26.49,10.36,17.93,0.0,0.3,6.41,12.62
2014-08-10,28.97,12.68,19.37,0.0,0.3,7.3,15.29
2014-08-11,28.98,12.32,19.78,0.0,0.3,7.53,14.45
2014-08-12,25.65,13.89,18.64,0.0,0.3,8.14,9.24
2014-08-13,24.59,12.75,17.44,0.0,0.3,3.78,17.07
2014-08-14,24.77,9.91,16.4,0.0,0.3,-0.71,17.49
2014-08-15,26.23,8.95,16.69,0.0,0.29,0.43,17.65
2014-08-16,26.28,9.86,17.19,0.0,0.29,5.58,18.12
2014-08-17,27.54,11.03,18.58,0.21,0.29,4.59,16.17
2014-08-18,20.98,12.56,15.88,6.07,0.3,10.92,16.6
2014-08-19,20.74,11.13,15.15,2.06,0.3,11.28,12.03
2014-08-20,22.09,10.31,14.96,0.37,0.3,8.85,15.29
2014-08-21,21.2,10.97,15.17,4.71,0.3,12.09,11.1
2014-08-22,21.64,9.79,14.72,0.31,0.31,7.44,16.75
2014-08-23,26.0,7.36,15.96,0.0,0.3,4.76,19.37
2014-08-24,28.15,12.51,18.55,0.0,0.3,7.21,19.19
2014-08-25,29.04,9.51,18.74,0.0,0.3,7.28,19.37
2014-08-26,27.25,10.95,18.34,0.0,0.3,8.43,17.16
2014-08-27,29.0,10.43,18.81,0.0,0.3,7.84,19.42
2014-08-28,26.91,11.51,18.09,0.0,0.29,4.44,16.77
2014-08-29,27.0,9.84,17.67,0.1,0.29,8.69,19.35
2014-08-30,24.05,12.7,17.62,3.89,0.29,13.8,11.09
2014-08-31,22.2,9.4,15.46,0.17,0.3,9.53,14.87
2014-09-01,22.04,11.89,16.38,0.0,0.3,8.02,11.91
2014-09-02,29.49,14.39,19.97,0.0,0.29,7.79,10.96
2014-09-03,24.81,12.5,17.83,0.32,0.29,8.3,9.15
2014-09-04,23.95,13.12,17.33,2.24,0.29,9.45,9.25
2014-09-05,26.35,12.2,19.0,1.02,0.29,12.08,14.29
2014-09-06,25.61,14.99,19.38,4.04,0.29,14.66,14.06
2014-09-07,21.44,14.51,17.52,12.03,0.31,14.85,10.12
2014-09-08,19.76,10.46,14.83,1.81,0.32,8.04,16.29
2014-09-09,22.43,12.02,16.41,0.6,0.31,9.92,13.51
2014-09-10,23.59,9.94,16.21,0.05,0.31,9.68,12.44
2014-09-11,26.13,9.18,17.06,0.0,0.31,7.89,22.11
2014-09-12,30.34,8.88,18.39,0.0,0.3,6.67,19.96
2014-09-13,25.4,8.9,16.34,0.0,0.3,6.62,22.32
2014-09-14,26.88,8.03,16.89,0.0,0.3,3.77,22.5
2014-09-15,30.05,8.46,18.64,0.05,0.3,1.31,23.67
2014-09-16,30.69,12.52,20.8,0.01,0.29,3.31,20.93
2014-09-17,32.27,13.66,21.66,0.0,0.29,5.76,23.51
2014-09-18,29.97,12.09,19.83,0.0,0.29,10.48,23.85
2014-09-19,29.41,9.99,19.11,0.0,0.29,5.2,23.45
2014-09-20,33.09,13.39,22.07,0.0,0.29,4.97,24.49
2014-09-21,25.19,11.7,16.35,17.57,0.3,11.51,14.78
2014-09-22,18.54,8.83,12.85,0.56,0.32,5.96,21.28
2014-09-23,22.96,5.79,14.24,0.0,0.31,4.43,23.69
2014-09-24,28.93,8.86,18.56,0.02,0.31,5.16,24.16
2014-09-25,31.72,10.81,20.04,0.0,0.3,5.44,23.46
2014-09-26,29.94,9.14,18.43,0.0,0.3,7.85,25.13
2014-09-27,24.04,9.59,15.72,2.53,0.3,10.83,15.72
2014-09-28,23.43,7.47,14.83,0.0,0.3,7.1,20.09
2014-09-29,25.55,9.42,16.86,0.27,0.3,9.19,21.72
2014-09-30,28.82,10.48,19.24,0.11,0.3,7.51,25.59
2014-10-01,33.47,15.33,23.41,0.72,0.29,6.51,14.74
2014-10-02,28.74,14.66,20.46,0.05,0.29,12.93,25.71
2014-10-03,27.74,12.11,18.98,0.0,0.29,7.39,26.47
2014-10-04,31.29,10.67,20.25,0.0,0.29,7.63,26.57
2014-10-05,22.94,11.62,16.28,0.95,0.29,9.88,17.68
2014-10-06,23.94,8.52,15.54,0.0,0.29,2.33,27.51
2014-10-07,30.43,7.24,18.39,0.0,0.29,-0.29,27.6
2014-10-08,29.82,8.94,17.75,0.0,0.28,6.93,27.46
2014-10-09,27.29,9.74,18.1,0.04,0.28,8.96,22.03
2014-10-10,29.99,9.8,19.64,0.0,0.28,5.07,28.08
2014-10-11,31.42,10.03,20.18,0.0,0.28,6.45,27.94
2014-10-12,28.86,10.7,19.34,0.0,0.28,6.55,27.28
2014-10-13,30.73,12.21,21.01,0.0,0.27,4.16,27.77
2014-10-14,34.51,14.09,24.12,0.0,0.27,2.86,28.53
2014-10-15,38.91,16.1,27.07,0.0,0.27,3.65,28.1
2014-10-16,32.95,15.48,23.08,0.0,0.27,10.59,27.82
2014-10-17,32.83,12.79,22.36,1.45,0.27,10.43,25.19
2014-10-18,27.02,14.55,19.79,1.9,0.27,11.23,22.65
2014-10-19,21.43,11.57,16.5,8.05,0.28,10.38,17.47
2014-10-20,26.52,9.96,17.87,0.0,0.28,8.14,28.44
2014-10-21,31.7,10.48,21.34,0.0,0.28,6.14,29.05
2014-10-22,31.18,14.56,21.79,0.03,0.28,8.76,27.24
2014-10-23,27.76,14.27,20.19,0.22,0.27,10.44,23.34
2014-10-24,32.87,12.13,22.18,0.0,0.27,8.67,28.29
2014-10-25,28.59,13.55,19.93,0.0,0.27,9.61,28.97
2014-10-26,29.1,14.13,20.65,0.0,0.27,7.96,29.1
2014-10-27,32.31,11.47,22.36,0.0,0.27,4.99,27.7
2014-10-28,34.92,17.5,25.29,0.0,0.26,4.71,17.13
2014-10-29,32.79,16.17,23.32,0.0,0.26,11.25,22.42
2014-10-30,30.54,14.2,20.91,0.0,0.26,11.22,29.59
2014-10-31,28.92,13.57,20.47,0.0,0.26,7.61,27.22
2014-11-01,33.09,14.22,23.65,0.0,0.26,4.2,30.51
2014-11-02,34.38,16.12,22.8,0.0,0.26,6.55,29.21
2014-11-03,30.49,14.52,21.69,0.01,0.26,6.91,31.05
2014-11-04,35.3,11.75,23.76,0.0,0.26,2.52,31.29
2014-11-05,39.53,14.97,27.39,0.0,0.25,3.57,31.55
2014-11-06,31.46,14.62,21.12,0.0,0.25,8.83,30.27
2014-11-07,26.61,14.72,19.63,1.03,0.25,7.74,23.19
2014-11-08,33.46,10.72,22.68,0.0,0.25,3.67,31.66
2014-11-09,38.77,17.3,27.38,0.33,0.25,6.95,25.08
2014-11-10,35.33,17.32,26.15,3.9,0.25,14.87,24.71
2014-11-11,31.19,15.11,21.91,0.02,0.25,9.46,30.38
2014-11-12,27.24,13.5,19.57,0.0,0.25,8.89,26.63
2014-11-13,23.84,10.83,16.91,0.0,0.25,2.37,32.47
2014-11-14,25.55,8.93,17.04,0.0,0.25,1.19,32.91
2014-11-15,30.37,10.55,20.71,0.0,0.25,-0.4,33.06
2014-11-16,33.06,14.67,22.42,0.09,0.25,5.4,26.38
2014-11-17,33.94,17.31,25.97,0.62,0.25,12.51,25.79
2014-11-18,30.35,16.2,22.77,0.23,0.25,12.62,24.59
2014-11-19,29.02,15.15,21.1,0.0,0.25,9.12,26.48
2014-11-20,31.86,13.03,21.72,0.0,0.24,8.44,32.01
2014-11-21,30.15,12.16,20.64,0.01,0.24,11.65,27.88
2014-11-22,29.28,14.16,20.73,0.0,0.24,8.75,28.21
2014-11-23,30.45,12.2,21.17,0.0,0.24,5.8,33.09
2014-11-24,34.7,12.56,24.14,0.0,0.24,3.11,33.36
2014-11-25,38.17,19.07,28.85,2.78,0.24,5.69,28.79
2014-11-26,35.03,23.48,28.25,7.92,0.25,14.52,19.15
2014-11-27,33.31,20.55,26.67,2.83,0.26,16.46,28.23
2014-11-28,32.11,17.27,23.87,0.0,0.25,13.72,31.08
2014-11-29,31.85,14.97,23.15,0.0,0.25,8.57,30.3
2014-11-30,35.89,14.7,24.31,0.0,0.25,9.16,31.89
2014-12-01,29.14,15.66,21.45,0.0,0.25,9.32,30.92
2014-12-02,31.13,13.89,22.7,0.0,0.24,8.95,28.95
2014-12-03,33.34,14.93,22.74,0.0,0.24,10.0,29.73
2014-12-04,32.63,12.47,22.62,0.0,0.24,6.36,33.45
2014-12-05,36.49,16.27,26.2,0.0,0.24,8.18,29.89
2014-12-06,35.52,16.64,26.36,0.0,0.24,8.39,33.1
2014-12-07,37.2,16.45,26.3,0.0,0.24,10.16,32.89
2014-12-08,32.79,15.51,23.4,0.0,0.24,10.38,32.99
2014-12-09,30.21,13.81,22.09,0.0,0.24,8.3,33.15
2014-12-10,33.16,14.65,23.77,0.0,0.24,1.92,34.57
2014-12-11,38.7,17.24,28.66,0.0,0.23,3.82,33.67
2014-12-12,38.73,17.89,28.57,0.0,0.23,7.09,33.05
2014-12-13,33.75,14.53,24.26,0.0,0.23,6.31,33.92
2014-12-14,37.77,17.21,27.1,0.0,0.23,3.35,32.62
2014-12-15,32.56,13.99,22.79,0.0,0.23,7.07,34.11
2014-12-16,34.37,13.14,23.4,0.0,0.23,5.38,34.21
2014-12-17,32.05,12.5,22.32,0.0,0.23,3.6,34.2
2014-12-18,37.35,17.06,27.29,0.0,0.23,4.31,34.31
2014-12-19,40.99,22.61,31.42,0.82,0.23,9.28,27.06
2014-12-20,33.91,18.01,24.91,0.03,0.23,12.63,32.1
2014-12-21,33.15,17.82,25.14,0.0,0.23,9.81,33.48
2014-12-22,34.55,18.44,26.46,0.0,0.23,7.57,33.77
2014-12-23,37.71,19.77,29.56,0.02,0.22,7.08,29.71
2014-12-24,38.4,22.35,30.19,0.04,0.22,8.69,27.42
2014-12-25,36.67,20.7,28.58,0.12,0.22,5.4,33.88
2014-12-26,36.42,18.55,27.87,0.0,0.22,1.25,34.37
2014-12-27,37.69,19.75,28.87,0.0,0.22,-1.37,34.33
2014-12-28,39.02,19.36,29.73,0.0,0.22,-2.43,34.28
2014-12-29,41.21,20.43,31.53,0.0,0.22,1.03,34.18
2014-12-30,43.9,23.09,33.11,0.0,0.22,3.5,31.6
2014-12-31,39.11,18.64,28.72,0.0,0.22,9.12,33.22
2015-01-01,39.56,19.6,29.8,0.0,0.22,7.19,33.55
2015-01-02,37.37,18.13,27.43,0.0,0.22,7.13,31.43
2015-01-03,36.61,16.62,27.41,0.0,0.22,7.69,30.29
2015-01-04,42.08,22.46,32.7,0.0,0.22,8.03,32.96
2015-01-05,44.89,27.75,36.49,1.0,0.22,9.93,25.92
2015-01-06,43.61,27.96,35.68,0.93,0.22,10.66,27.29
2015-01-07,42.78,26.46,34.15,1.39,0.22,8.39,31.12
2015-01-08,38.26,20.25,29.51,0.0,0.22,10.44,32.61
2015-01-09,34.2,20.4,27.19,0.0,0.21,5.0,33.41
2015-01-10,31.81,18.16,24.82,0.0,0.21,2.76,33.9
2015-01-11,35.18,18.09,26.8,0.0,0.21,1.74,33.73
2015-01-12,38.89,18.96,29.54,0.0,0.21,0.95,33.54
2015-01-13,42.08,20.68,31.27,0.0,0.21,3.87,33.24
2015-01-14,41.02,19.56,29.48,0.0,0.21,8.74,32.72
2015-01-15,39.59,18.51,28.98,0.0,0.21,8.64,33.03
2015-01-16,39.9,21.08,30.39,0.0,0.21,4.57,33.24
2015-01-17,44.74,22.49,33.53,0.0,0.21,1.97,28.35
2015-01-18,41.55,22.78,32.48,0.0,0.21,5.36,31.76
2015-01-19,41.28,23.81,32.21,0.0,0.21,5.03,31.61
2015-01-20,43.52,22.54,33.33,0.0,0.21,1.69,32.45
2015-01-21,46.59,26.04,36.73,0.0,0.21,3.49,31.05
2015-01-22,40.99,26.78,33.49,0.0,0.21,11.58,27.8
2015-01-23,42.77,23.76,33.45,0.0,0.21,7.97,29.89
2015-01-24,39.43,22.27,30.96,0.0,0.21,1.92,32.52
2015-01-25,39.42,21.86,30.75,0.0,0.21,4.07,32.58
2015-01-26,40.71,23.1,32.65,0.05,0.21,8.89,30.93
2015-01-27,36.27,25.36,30.07,1.29,0.21,14.36,30.01
2015-01-28,39.23,23.74,31.92,0.06,0.21,14.55,27.24
2015-01-29,40.47,25.85,33.25,3.25,0.21,12.11,23.25
2015-01-30,34.98,25.29,29.96,4.89,0.22,13.16,17.66
2015-01-31,33.32,24.53,28.54,1.27,0.22,11.44,12.83
2015-02-01,33.68,23.03,28.36,9.47,0.22,15.39,27.58
2015-02-02,35.36,22.21,28.7,13.06,0.24,17.28,27.19
2015-02-03,36.69,22.58,29.59,2.54,0.25,14.49,26.75
2015-02-04,35.69,23.12,29.51,3.69,0.25,17.7,29.78
2015-02-05,39.6,21.92,30.44,0.0,0.24,15.18,28.25
2015-02-06,40.63,20.66,30.58,0.0,0.24,13.38,30.22
2015-02-07,43.89,23.88,33.68,0.0,0.24,8.55,29.03
2015-02-08,43.51,24.62,33.92,0.61,0.24,9.48,27.73
2015-02-09,43.49,22.71,33.71,0.38,0.23,10.39,26.18
2015-02-10,43.65,25.03,33.59,0.01,0.23,10.0,21.6
2015-02-11,45.06,25.93,35.34,0.0,0.23,8.62,28.15
2015-02-12,44.7,26.27,35.13,0.07,0.23,6.52,16.27
2015-02-13,40.59,22.77,31.27,0.01,0.23,11.42,23.56
2015-02-14,34.24,18.08,25.59,0.0,0.23,8.46,29.55
2015-02-15,38.54,17.74,28.64,0.0,0.23,4.98,26.95
2015-02-16,40.33,25.44,32.19,0.03,0.23,9.24,18.21
2015-02-17,39.91,26.37,32.96,0.05,0.23,12.13,20.44
2015-02-18,42.55,24.95,34.08,0.0,0.22,12.35,27.59
2015-02-19,42.36,25.62,33.71,0.0,0.22,7.94,28.47
2015-02-20,40.36,22.79,30.77,0.01,0.22,11.12,25.89
2015-02-21,35.33,18.69,26.64,0.02,0.22,9.88,29.08
2015-02-22,37.07,17.12,27.18,0.0,0.22,9.02,28.86
2015-02-23,41.58,19.95,31.33,0.0,0.22,12.39,28.25
2015-02-24,39.66,27.72,32.58,0.98,0.22,17.96,14.48
2015-02-25,40.3,26.38,33.3,1.17,0.22,16.19,23.62
2015-02-26,39.24,23.1,30.7,0.79,0.22,16.95,26.8
2015-02-27,35.03,20.7,26.65,0.17,0.22,14.47,27.17
2015-02-28,36.81,18.03,27.87,0.09,0.22,14.1,27.37
2015-03-01,34.7,22.73,27.77,9.96,0.23,20.06,12.9
2015-03-02,29.62,21.04,24.43,22.05,0.28,16.84,12.53
2015-03-03,32.27,18.05,25.02,2.82,0.27,14.29,26.54
2015-03-04,28.92,19.4,23.93,0.76,0.27,13.94,24.16
2015-03-05,29.97,17.9,23.32,2.64,0.27,14.25,20.48
2015-03-06,29.0,18.45,23.28,1.73,0.27,15.97,16.67
2015-03-07,32.03,18.36,24.72,0.33,0.27,15.17,25.85
2015-03-08,32.12,19.26,24.92,0.02,0.27,14.13,26.04
2015-03-09,35.42,17.51,26.54,0.0,0.26,10.36,26.47
2015-03-10,36.32,18.5,27.85,0.0,0.26,10.11,24.15
2015-03-11,37.23,20.57,29.11,0.0,0.26,8.11,26.26
2015-03-12,39.56,21.51,30.88,0.0,0.26,7.79,26.0
2015-03-13,32.56,23.67,27.59,25.64,0.27,18.39,12.31
2015-03-14,29.69,21.35,25.02,6.86,0.31,21.09,10.69
2015-03-15,30.43,18.7,24.08,0.18,0.3,16.73,22.26
2015-03-16,29.85,15.73,22.17,0.12,0.3,14.21,18.31
2015-03-17,31.92,16.18,23.32,0.0,0.29,14.69,23.77
2015-03-18,31.28,18.04,23.5,0.24,0.29,16.06,16.86
2015-03-19,29.57,14.3,21.81,0.0,0.29,10.91,24.24
2015-03-20,35.74,16.95,25.88,0.0,0.28,11.61,24.46
2015-03-21,28.85,17.41,22.2,0.0,0.28,14.44,20.11
2015-03-22,27.47,16.16,20.91,0.0,0.28,10.49,22.83
2015-03-23,27.47,12.13,19.55,0.0,0.28,4.64,24.7
2015-03-24,28.24,15.22,20.85,0.3,0.28,8.03,23.89
2015-03-25,30.57,14.04,22.24,0.2,0.28,8.88,24.12
2015-03-26,30.97,18.08,23.45,0.83,0.28,9.93,15.66
2015-03-27,29.37,16.15,22.9,0.46,0.28,12.0,21.74
2015-03-28,29.77,15.06,22.14,0.0,0.27,7.27,23.46
2015-03-29,32.54,14.27,24.03,0.0,0.27,8.92,23.14
2015-03-30,25.83,19.68,22.06,8.37,0.28,14.62,8.58
2015-03-31,29.07,16.92,22.45,1.09,0.29,13.58,15.37
2015-04-01,29.19,15.03,22.17,0.0,0.29,12.56,17.99
2015-04-02,29.67,15.75,22.47,0.0,0.28,10.58,17.38
2015-04-03,29.96,17.63,23.5,0.0,0.28,14.56,20.52
2015-04-04,32.76,18.98,25.36,0.04,0.28,13.87,16.45
2015-04-05,33.03,19.53,26.57,0.0,0.28,13.31,20.38
2015-04-06,31.8,19.87,24.51,5.14,0.28,14.23,14.91
2015-04-07,22.36,18.28,20.26,1.88,0.29,13.28,7.24
2015-04-08,23.92,17.12,20.17,11.69,0.3,15.98,6.61
2015-04-09,28.88,18.02,22.65,0.44,0.3,15.2,8.49
2015-04-10,29.99,19.41,23.9,2.97,0.3,15.9,11.55
2015-04-11,25.48,14.67,19.71,6.58,0.31,12.9,17.9
2015-04-12,25.68,14.08,18.96,0.17,0.31,12.45,17.92
2015-04-13,25.61,11.92,18.61,0.04,0.31,11.53,15.25
2015-04-14,25.63,13.35,18.98,0.01,0.3,10.57,13.59
2015-04-15,25.77,12.54,18.78,0.03,0.3,9.43,19.84
2015-04-16,24.62,12.08,17.65,0.0,0.3,7.81,20.2
2015-04-17,26.11,11.09,17.98,0.0,0.3,7.85,20.27
2015-04-18,27.89,11.27,19.02,0.0,0.29,5.49,20.24
2015-04-19,27.7,11.06,18.88,0.0,0.29,3.78,19.83
2015-04-20,27.26,11.85,19.14,0.0,0.29,6.78,19.53
2015-04-21,27.15,12.37,19.23,0.0,0.29,7.01,19.19
2015-04-22,25.29,11.88,17.93,0.0,0.29,7.58,19.15
2015-04-23,26.69,10.45,18.18,0.0,0.29,5.49,19.03
2015-04-24,22.28,11.02,15.97,0.0,0.29,6.55,16.29
2015-04-25,24.36,8.7,15.88,0.0,0.29,2.04,19.27
2015-04-26,26.1,9.3,17.22,0.0,0.28,3.4,18.64
2015-04-27,27.39,11.28,18.84,0.0,0.28,5.25,18.05
2015-04-28,23.83,13.57,18.2,0.0,0.28,5.59,13.6
2015-04-29,27.79,14.79,20.82,0.48,0.28,7.16,12.4
2015-04-30,30.85,16.12,21.7,0.01,0.28,8.34,11.0
2015-05-01,26.67,15.05,20.17,0.09,0.28,13.13,14.8
2015-05-02,25.99,14.31,19.85,0.0,0.28,10.61,11.77
2015-05-03,23.18,13.32,17.95,0.15,0.28,10.46,16.04
2015-05-04,19.96,10.01,14.76,0.47,0.28,5.52,15.2
2015-05-05,20.4,6.07,12.76,0.0,0.28,2.76,17.8
2015-05-06,23.12,7.2,14.58,0.0,0.28,3.55,17.67
2015-05-07,23.72,8.02,15.21,0.0,0.28,2.89,17.41
2015-05-08,23.66,8.0,15.25,0.0,0.27,2.25,17.28
2015-05-09,23.72,7.53,15.05,0.0,0.27,2.27,17.1
2015-05-10,25.28,8.05,15.72,0.0,0.27,2.02,16.81
2015-05-11,26.06,8.84,16.81,0.0,0.27,4.48,16.59
2015-05-12,25.17,10.29,17.31,0.0,0.27,7.21,16.17
2015-05-13,24.28,11.22,16.98,0.0,0.27,6.26,16.06
2015-05-14,26.05,10.66,17.3,0.0,0.27,4.88,16.11
2015-05-15,25.27,10.33,17.2,0.0,0.27,-1.48,14.63
2015-05-16,21.16,13.18,15.78,6.88,0.27,0.02,4.16
2015-05-17,19.96,11.78,15.23,3.47,0.28,9.33,13.58
2015-05-18,21.95,12.03,16.16,0.96,0.28,10.68,12.13
2015-05-19,20.96,9.75,14.73,0.08,0.28,8.74,9.13
2015-05-20,20.3,9.03,14.07,0.21,0.28,5.89,14.84
2015-05-21,19.49,9.15,13.74,1.49,0.28,6.18,9.87
2015-05-22,23.59,11.29,16.98,0.48,0.28,9.83,14.34
2015-05-23,23.42,10.0,16.05,0.0,0.28,8.22,14.6
2015-05-24,23.3,8.4,14.98,0.0,0.28,5.73,14.92
2015-05-25,24.23,8.5,15.71,0.0,0.28,5.06,14.7
2015-05-26,23.04,9.12,14.91,0.0,0.28,6.48,14.2
2015-05-27,22.51,9.06,14.88,0.0,0.28,5.02,13.82
2015-05-28,21.49,8.03,13.82,0.0,0.27,4.44,14.46
2015-05-29,22.87,7.23,14.32,0.61,0.27,5.67,12.58
2015-05-30,22.68,8.19,14.87,0.02,0.27,5.33,13.17
2015-05-31,21.59,8.55,14.34,0.0,0.27,2.84,14.59
2015-06-01,20.66,7.04,13.1,0.0,0.27,1.45,13.07
2015-06-02,21.67,9.53,14.25,1.14,0.27,9.1,11.12
2015-06-03,23.16,10.2,15.4,0.03,0.27,11.41,11.39
2015-06-04,26.7,9.33,17.21,0.0,0.27,8.26,14.16
2015-06-05,27.27,11.3,18.03,0.13,0.27,6.85,13.78
2015-06-06,25.0,13.51,17.92,0.74,0.27,12.28,6.67
2015-06-07,24.29,10.73,16.47,0.85,0.27,9.9,13.82
2015-06-08,25.59,9.12,16.76,0.44,0.27,6.97,12.2
2015-06-09,25.23,14.28,18.35,0.0,0.27,7.52,9.58
2015-06-10,24.77,11.65,16.99,0.0,0.27,5.61,13.59
2015-06-11,25.76,10.25,17.1,0.0,0.27,3.64,13.58
2015-06-12,23.2,11.78,16.51,0.17,0.27,7.24,11.65
2015-06-13,21.83,9.31,14.83,0.23,0.27,9.27,11.72
2015-06-14,20.65,8.01,13.81,0.0,0.27,6.65,6.18
2015-06-15,21.26,7.64,13.88,0.0,0.27,4.04,9.85
2015-06-16,23.28,9.13,15.83,0.06,0.27,5.93,12.55
2015-06-17,17.8,11.69,14.02,2.95,0.27,7.26,3.48
2015-06-18,23.83,10.98,16.9,3.93,0.28,13.14,9.23
2015-06-19,22.74,12.55,17.0,4.4,0.28,13.73,8.86
2015-06-20,22.04,12.51,16.7,4.97,0.29,13.27,8.51
2015-06-21,18.28,9.23,14.68,14.32,0.32,11.3,9.64
2015-06-22,16.48,5.97,10.7,0.16,0.31,5.83,11.45
2015-06-23,16.78,3.89,9.55,0.0,0.31,4.07,13.86
2015-06-24,19.9,5.07,11.18,0.0,0.31,4.66,13.95
2015-06-25,21.05,5.63,12.74,0.02,0.3,2.05,14.1
2015-06-26,20.97,5.39,12.29,0.0,0.3,0.28,14.03
2015-06-27,22.04,4.59,12.13,0.0,0.3,0.6,13.98
2015-06-28,22.06,5.6,12.65,0.0,0.3,1.25,13.81
2015-06-29,23.95,6.85,14.44,0.0,0.3,0.88,13.64
2015-06-30,23.68,7.26,14.69,0.0,0.3,-0.1,12.07
2015-07-01,25.12,10.75,16.74,0.01,0.29,0.3,7.66
2015-07-02,21.97,12.22,16.07,0.06,0.29,3.15,3.18
2015-07-03,23.13,10.69,15.76,0.18,0.29,9.64,12.61
2015-07-04,23.12,9.45,15.15,0.02,0.29,10.63,10.56
2015-07-05,21.81,7.94,13.87,0.01,0.29,8.45,12.12
2015-07-06,21.58,7.23,13.45,0.04,0.29,7.51,13.71
2015-07-07,22.53,7.33,14.07,0.39,0.29,6.62,13.34
2015-07-08,16.19,6.07,11.46,0.47,0.29,5.28,13.65
2015-07-09,15.35,2.59,7.85,0.0,0.29,1.25,14.61
2015-07-10,17.42,1.06,8.69,0.0,0.29,0.87,14.29
2015-07-11,17.82,5.83,10.25,0.0,0.29,2.76,14.75
2015-07-12,15.27,2.76,8.82,0.0,0.29,0.51,12.98
2015-07-13,14.87,6.89,9.95,0.19,0.29,1.63,6.92
2015-07-14,18.91,7.85,11.7,0.33,0.29,5.65,13.98
2015-07-15,19.94,5.0,11.47,0.0,0.29,4.18,14.71
2015-07-16,20.46,5.41,11.73,0.0,0.29,3.06,14.68
2015-07-17,20.82,7.5,13.14,0.0,0.29,2.33,13.78
2015-07-18,23.63,8.42,14.74,0.0,0.29,1.92,13.71
2015-07-19,23.15,7.31,14.79,0.0,0.28,-1.45,13.13
2015-07-20,19.42,11.42,13.97,14.85,0.29,8.42,4.42
2015-07-21,17.02,8.44,12.22,0.55,0.31,6.77,11.84
2015-07-22,18.56,6.11,11.72,0.24,0.31,5.27,10.72
2015-07-23,18.79,7.2,12.66,0.61,0.31,7.87,10.14
2015-07-24,17.87,3.07,9.92,0.0,0.3,1.64,15.88
2015-07-25,18.28,4.98,10.59,0.01,0.3,2.86,13.07
2015-07-26,18.55,3.76,10.29,0.0,0.3,2.04,15.95
2015-07-27,19.83,5.92,11.74,0.0,0.3,1.09,14.56
2015-07-28,23.21,11.83,16.73,2.34,0.3,8.19,6.08
2015-07-29,24.21,14.77,18.31,1.41,0.3,15.15,9.72
2015-07-30,21.92,13.51,17.32,9.59,0.31,14.03,3.08
2015-07-31,21.79,11.03,15.94,13.95,0.33,14.22,3.75
2015-08-01,18.64,9.26,13.27,0.6,0.34,9.4,11.55
2015-08-02,17.88,6.39,10.93,0.01,0.34,4.22,11.17
2015-08-03,15.59,3.9,9.8,0.0,0.33,2.33,15.74
2015-08-04,16.48,7.95,11.41,0.42,0.33,3.95,8.45
2015-08-05,18.67,6.35,12.01,0.0,0.33,2.85,15.48
2015-08-06,18.61,8.08,12.95,0.64,0.33,3.79,6.84
2015-08-07,20.99,10.27,14.84,1.13,0.33,8.42,12.49
2015-08-08,17.37,6.33,11.57,1.31,0.33,8.35,12.16
2015-08-09,15.98,3.03,8.91,0.02,0.33,3.19,15.69
2015-08-10,17.75,4.54,10.79,1.26,0.33,6.78,14.81
2015-08-11,18.97,7.33,12.72,0.41,0.33,7.73,16.56
2015-08-12,20.57,4.31,11.69,0.0,0.32,5.09,17.67
2015-08-13,22.81,6.17,13.52,0.0,0.32,6.02,17.17
2015-08-14,24.98,6.79,15.1,0.0,0.32,4.01,18.27
2015-08-15,27.95,7.37,16.85,0.0,0.32,1.07,17.47
2015-08-16,27.91,12.33,18.73,0.1,0.32,8.34,10.5
2015-08-17,28.27,14.43,19.78,0.94,0.31,10.05,6.94
2015-08-18,21.68,9.79,15.58,1.31,0.32,10.81,16.48
2015-08-19,18.39,8.47,13.4,2.58,0.31,10.23,14.68
2015-08-20,19.03,9.8,13.6,1.48,0.32,9.27,15.67
2015-08-21,18.32,8.36,12.45,7.52,0.32,9.19,11.99
2015-08-22,18.25,8.49,12.18,0.89,0.33,6.69,18.59
2015-08-23,19.03,6.71,11.82,0.01,0.33,4.92,14.46
2015-08-24,19.75,5.57,12.24,0.01,0.32,4.05,18.58
2015-08-25,21.26,6.63,13.21,0.0,0.32,2.94,19.33
2015-08-26,23.45,7.81,15.24,0.0,0.32,2.59,18.85
2015-08-27,26.6,10.07,16.68,0.0,0.32,4.88,18.61
2015-08-28,25.6,10.04,16.65,0.01,0.31,9.17,19.1
2015-08-29,24.47,11.58,16.7,0.12,0.31,10.61,18.69
2015-08-30,21.35,10.45,15.48,1.23,0.31,10.51,15.53
2015-08-31,19.19,6.92,12.84,0.39,0.31,7.04,16.06
2015-09-01,16.77,6.14,10.61,0.09,0.31,3.28,17.9
2015-09-02,17.55,2.73,9.75,0.0,0.31,-0.12,21.58
2015-09-03,24.87,3.33,13.3,0.0,0.31,-1.58,21.64
2015-09-04,24.2,5.39,14.65,0.33,0.31,3.89,21.1
2015-09-05,22.34,10.26,15.11,0.46,0.31,9.28,19.43
2015-09-06,23.33,6.67,14.09,0.0,0.3,4.01,21.76
2015-09-07,25.9,6.62,15.5,0.0,0.3,1.18,22.01
2015-09-08,28.46,8.45,17.45,0.0,0.3,-0.54,22.49
2015-09-09,32.14,9.79,20.04,0.0,0.3,1.35,22.3
2015-09-10,26.46,12.56,18.65,0.04,0.29,7.05,16.71
2015-09-11,24.42,9.33,15.78,0.01,0.29,7.56,22.03
2015-09-12,18.23,9.54,13.18,2.99,0.3,8.38,12.59
2015-09-13,20.22,6.39,12.85,0.02,0.3,4.85,18.4
2015-09-14,21.64,5.18,13.04,0.0,0.3,4.65,21.3
2015-09-15,22.42,7.55,14.04,0.0,0.29,3.9,23.73
2015-09-16,26.05,6.11,15.55,0.0,0.29,-0.41,24.44
2015-09-17,30.26,8.75,19.14,0.0,0.29,0.94,23.77
2015-09-18,32.67,12.67,21.83,0.0,0.29,4.0,21.49
2015-09-19,25.49,10.06,17.2,0.0,0.29,7.31,19.59
2015-09-20,23.21,8.0,14.98,0.0,0.28,0.72,24.66
2015-09-21,26.09,7.01,16.03,0.0,0.28,-1.02,24.72
2015-09-22,29.43,9.44,18.73,0.0,0.28,0.26,24.8
2015-09-23,31.2,10.86,20.46,0.0,0.28,-0.91,24.67
2015-09-24,33.04,12.53,22.38,0.0,0.28,0.82,23.37
2015-09-25,32.99,12.87,22.3,0.0,0.28,5.01,23.73
2015-09-26,31.81,11.55,20.91,0.0,0.27,8.02,23.91
2015-09-27,32.42,13.98,22.64,0.0,0.27,6.93,22.44
2015-09-28,34.13,15.05,23.37,0.0,0.27,4.03,25.39
2015-09-29,29.19,11.13,19.28,0.0,0.27,6.75,25.65
2015-09-30,31.4,9.18,20.1,0.0,0.27,3.01,26.05
2015-10-01,37.49,12.25,24.57,0.0,0.27,0.21,26.34
2015-10-02,34.69,18.45,25.44,0.0,0.26,-1.66,21.13
2015-10-03,32.89,14.75,22.38,0.0,0.26,2.32,20.46
2015-10-04,34.87,12.34,22.24,0.0,0.26,8.35,26.08
2015-10-05,23.55,11.81,17.72,0.05,0.26,10.35,13.93
2015-10-06,25.04,7.24,15.39,0.0,0.26,-2.1,28.05
2015-10-07,31.6,10.36,20.57,0.01,0.26,1.11,26.62
2015-10-08,35.22,16.71,25.18,0.06,0.26,6.37,18.41
2015-10-09,35.41,16.57,25.05,0.14,0.26,10.86,22.62
2015-10-10,36.47,16.81,26.73,0.02,0.26,8.81,22.24
2015-10-11,35.36,20.35,27.38,0.0,0.25,7.86,19.05
2015-10-12,35.53,20.41,27.47,0.0,0.25,8.74,24.81
2015-10-13,36.72,17.37,26.12,0.0,0.25,6.59,23.75
2015-10-14,29.18,14.82,20.44,0.03,0.25,10.53,26.73
2015-10-15,26.31,12.87,18.67,0.05,0.25,4.98,26.09
2015-10-16,29.26,9.34,19.29,0.0,0.25,1.75,28.66
2015-10-17,35.6,11.49,22.53,0.0,0.25,4.43,27.39
2015-10-18,27.08,13.1,19.14,0.04,0.25,10.14,25.52
2015-10-19,27.7,11.51,19.13,0.03,0.25,5.01,29.06
2015-10-20,32.31,10.93,21.76,0.0,0.25,0.46,29.08
2015-10-21,38.27,14.16,25.97,0.0,0.24,3.48,29.01
2015-10-22,33.33,14.76,22.41,0.0,0.24,10.85,29.1
2015-10-23,30.23,13.36,20.68,0.0,0.24,8.76,28.81
2015-10-24,30.62,12.88,21.6,0.0,0.24,9.3,23.96
2015-10-25,31.01,15.03,22.41,0.0,0.24,9.64,26.37
2015-10-26,33.08,13.52,23.3,0.01,0.24,9.19,29.15
2015-10-27,34.74,16.01,24.08,0.0,0.24,10.53,19.07
2015-10-28,31.68,16.07,22.58,0.0,0.24,10.35,27.11
2015-10-29,33.91,15.39,23.52,0.0,0.24,10.16,28.31
2015-10-30,30.8,14.82,23.32,0.07,0.24,10.75,22.71
2015-10-31,32.11,16.76,24.04,0.01,0.24,12.99,21.06
2015-11-01,27.49,16.18,20.85,0.08,0.24,11.32,16.24
2015-11-02,25.44,14.71,19.48,2.14,0.24,10.8,21.22
2015-11-03,30.8,12.54,21.34,0.05,0.24,8.22,30.05
2015-11-04,34.82,12.4,23.58,0.0,0.24,5.52,30.73
2015-11-05,30.0,13.45,20.69,0.03,0.24,10.16,27.56
2015-11-06,23.33,15.27,18.56,14.2,0.25,12.62,13.88
2015-11-07,26.6,15.04,19.61,1.84,0.26,12.35,16.28
2015-11-08,29.64,13.67,21.98,0.05,0.26,12.02,26.55
2015-11-09,34.16,14.66,24.95,0.0,0.25,11.79,30.23
2015-11-10,35.71,19.57,27.54,0.0,0.25,11.44,30.32
2015-11-11,38.48,18.38,28.8,0.0,0.25,9.5,30.54
2015-11-12,40.37,20.63,31.06,0.0,0.25,8.07,25.39
2015-11-13,36.14,23.13,29.16,0.0,0.24,9.63,23.68
2015-11-14,40.19,20.82,30.74,1.57,0.24,10.12,23.65
2015-11-15,39.98,21.87,30.73,2.66,0.25,10.28,30.96
2015-11-16,40.44,18.8,29.75,0.0,0.24,5.61,31.95
2015-11-17,32.25,17.61,24.14,0.0,0.24,12.2,30.37
2015-11-18,27.87,14.54,20.13,0.0,0.24,7.81,23.35
2015-11-19,28.1,11.52,19.94,0.0,0.24,2.33,31.8
2015-11-20,33.13,12.41,23.13,0.0,0.24,1.29,33.16
2015-11-21,37.81,17.54,27.93,0.0,0.24,1.56,29.43
2015-11-22,39.75,22.99,30.65,0.0,0.24,7.35,26.93
2015-11-23,38.83,21.75,29.0,1.81,0.24,10.9,13.03
2015-11-24,33.87,19.37,25.96,0.06,0.24,11.78,31.62
2015-11-25,33.23,17.17,24.88,0.0,0.24,4.97,32.82
2015-11-26,34.56,19.0,25.66,0.76,0.24,9.98,25.08
2015-11-27,36.3,18.54,27.34,0.05,0.24,11.97,29.77
2015-11-28,32.87,16.61,24.39,0.0,0.23,11.28,30.08
2015-11-29,30.87,15.7,23.23,0.0,0.23,10.68,28.79
2015-11-30,34.62,14.16,24.42,0.0,0.23,6.97,31.92
2015-12-01,34.32,16.08,25.26,0.0,0.23,3.12,33.56
2015-12-02,36.5,20.6,28.37,0.39,0.23,7.07,14.17
2015-12-03,38.12,19.99,28.43,0.02,0.23,10.63,28.92
2015-12-04,28.55,17.05,22.16,0.0,0.23,9.36,19.4
2015-12-05,22.94,12.82,17.45,0.31,0.23,6.41,25.6
2015-12-06,28.25,10.7,19.22,0.04,0.23,8.23,28.47
2015-12-07,30.65,14.91,21.9,0.0,0.23,8.83,29.5
2015-12-08,32.86,12.01,22.68,0.0,0.23,3.64,33.95
2015-12-09,34.72,13.08,24.06,0.0,0.23,6.94,33.23
2015-12-10,35.44,14.53,25.27,0.0,0.22,5.97,33.31
2015-12-11,38.53,18.64,28.49,0.0,0.22,5.2,33.67
2015-12-12,37.32,18.89,27.15,0.0,0.22,5.49,26.86
2015-12-13,35.26,15.9,25.52,0.0,0.22,7.36,33.25
2015-12-14,35.24,14.35,24.76,0.0,0.22,6.82,33.82
2015-12-15,39.08,15.36,26.92,0.0,0.22,6.84,33.76
2015-12-16,35.04,16.42,25.23,0.0,0.22,9.25,29.21
2015-12-17,37.3,16.55,27.3,0.0,0.22,8.91,33.26
2015-12-18,37.46,16.4,26.57,0.0,0.22,7.61,33.09
2015-12-19,30.68,14.93,22.28,0.0,0.22,4.96,31.81
2015-12-20,34.69,15.64,25.14,0.0,0.22,2.23,31.9
2015-12-21,39.38,21.41,31.02,0.12,0.22,8.37,26.96
2015-12-22,41.55,25.52,32.89,14.12,0.22,11.73,30.33
2015-12-23,38.86,23.05,30.5,8.99,0.25,16.86,25.77
2015-12-24,37.59,17.72,28.54,0.0,0.25,11.4,33.07
2015-12-25,34.51,15.44,24.96,0.0,0.24,5.01,33.78
2015-12-26,37.8,17.22,28.09,0.0,0.24,2.71,33.98
2015-12-27,40.26,21.2,31.35,0.0,0.24,1.44,32.83
2015-12-28,42.11,22.99,33.26,0.0,0.23,1.67,28.69
2015-12-29,42.92,25.07,34.39,0.0,0.23,0.8,23.06
2015-12-30,40.13,23.17,31.62,0.0,0.23,9.22,30.03
2015-12-31,40.15,23.83,32.06,0.0,0.23,9.18,30.27
2016-01-01,41.95,24.14,32.67,0.0,0.23,9.72,31.68
2016-01-02,39.48,22.63,30.08,0.0,0.23,12.93,31.65
2016-01-03,39.88,19.54,29.45,0.0,0.23,12.81,31.31
2016-01-04,35.12,22.61,27.68,0.0,0.23,14.36,16.3
2016-01-05,34.83,19.89,25.97,0.0,0.23,13.88,25.21
2016-01-06,39.44,18.55,28.53,0.0,0.23,12.94,31.99
2016-01-07,42.76,21.64,32.67,2.57,0.23,12.57,27.38
2016-01-08,38.99,25.79,31.9,1.45,0.23,13.68,27.3
2016-01-09,37.37,21.84,29.7,1.16,0.23,15.56,24.27
2016-01-10,34.12,19.16,25.31,0.02,0.23,13.06,31.62
2016-01-11,33.69,16.02,24.05,0.0,0.23,10.94,30.88
2016-01-12,30.19,16.71,23.15,27.58,0.27,14.86,31.17
2016-01-13,32.08,18.58,25.32,0.0,0.27,11.61,23.36
2016-01-14,34.65,18.96,26.98,3.21,0.27,11.25,29.34
2016-01-15,36.55,20.97,28.96,1.89,0.26,12.3,29.03
2016-01-16,38.26,23.42,30.2,0.3,0.26,10.84,19.23
2016-01-17,38.62,23.54,29.54,2.26,0.26,12.9,22.07
2016-01-18,24.84,14.46,20.88,9.8,0.27,14.48,9.84
2016-01-19,25.62,13.85,19.63,8.08,0.28,12.39,17.88
2016-01-20,27.04,16.29,20.52,7.62,0.29,13.22,21.13
2016-01-21,28.74,14.05,22.04,3.84,0.29,14.08,20.11
2016-01-22,34.77,18.58,27.29,0.0,0.29,12.78,28.35
2016-01-23,36.11,21.45,29.69,0.07,0.28,13.36,26.88
2016-01-24,36.26,21.85,28.09,0.97,0.28,18.23,23.66
2016-01-25,33.84,22.82,27.82,1.01,0.28,18.86,15.21
2016-01-26,36.74,20.34,28.41,0.37,0.28,16.03,26.97
2016-01-27,35.61,24.4,30.21,0.0,0.27,15.68,19.05
2016-01-28,37.85,24.09,31.02,0.02,0.27,14.09,29.3
2016-01-29,39.8,23.77,31.89,0.15,0.27,12.78,29.51
2016-01-30,34.44,22.39,27.8,23.3,0.28,17.96,10.88
2016-01-31,31.47,16.09,24.27,1.86,0.31,17.53,13.94
2016-02-01,25.33,11.74,18.34,0.04,0.3,4.82,32.33
2016-02-02,30.86,11.42,21.38,0.0,0.3,5.01,32.41
2016-02-03,32.66,14.4,23.78,0.0,0.29,4.37,32.2
2016-02-04,34.78,17.1,25.92,0.0,0.29,6.04,31.99
2016-02-05,37.26,18.04,27.86,0.0,0.28,6.13,31.85
2016-02-06,38.76,18.39,29.12,0.0,0.28,6.05,31.58
2016-02-07,39.9,21.1,30.55,0.0,0.28,5.15,31.64
2016-02-08,41.17,22.08,31.62,0.0,0.28,5.33,31.27
2016-02-09,42.72,22.6,32.9,0.0,0.27,5.24,31.1
2016-02-10,43.53,22.68,33.54,0.0,0.27,5.32,30.93
2016-02-11,43.86,23.37,33.86,0.0,0.27,6.24,30.81
2016-02-12,41.55,21.18,30.98,0.0,0.27,10.23,30.14
2016-02-13,38.63,20.54,29.33,0.0,0.27,11.27,29.82
2016-02-14,37.84,20.83,29.21,0.0,0.26,9.8,29.7
2016-02-15,39.61,23.5,31.37,0.0,0.26,10.68,29.45
2016-02-16,42.42,23.32,32.5,0.0,0.26,8.41,28.16
2016-02-17,41.91,23.56,31.76,0.0,0.26,8.21,28.63
2016-02-18,35.67,18.03,26.88,0.0,0.26,11.7,25.97
2016-02-19,34.01,20.86,26.89,0.0,0.26,9.72,25.37
2016-02-20,35.0,18.81,26.47,0.0,0.25,10.14,28.87
2016-02-21,33.66,18.17,24.57,0.0,0.25,14.6,24.35
2016-02-22,31.32,18.13,23.62,0.0,0.25,12.16,25.0
2016-02-23,30.04,15.33,21.7,0.01,0.25,9.54,28.49
2016-02-24,29.53,13.34,21.46,0.0,0.25,7.77,29.27
2016-02-25,34.78,14.69,25.07,0.0,0.25,4.28,28.8
2016-02-26,39.32,21.19,30.17,3.55,0.25,12.55,26.51
2016-02-27,40.6,23.02,31.21,1.18,0.25,15.36,23.79
2016-02-28,39.66,21.24,29.38,0.07,0.25,16.17,26.9
2016-02-29,37.47,20.49,27.27,0.02,0.25,12.25,26.86
2016-03-01,35.55,17.81,26.09,0.0,0.25,10.96,27.76
2016-03-02,40.2,19.01,29.08,0.0,0.25,9.11,27.23
2016-03-03,36.13,18.99,25.88,0.01,0.25,11.48,25.2
2016-03-04,33.14,16.99,24.03,0.01,0.24,9.55,27.43
2016-03-05,32.35,17.14,24.37,0.0,0.24,6.42,27.67
2016-03-06,34.11,18.24,26.53,0.0,0.24,10.65,26.63
2016-03-07,33.81,21.78,27.62,0.0,0.24,10.48,25.63
2016-03-08,36.0,19.67,27.6,0.0,0.24,7.62,26.48
2016-03-09,37.99,20.17,29.15,0.0,0.24,6.31,25.86
2016-03-10,40.24,22.04,30.06,0.0,0.24,7.4,22.17
2016-03-11,35.6,19.1,26.8,0.0,0.24,11.24,25.57
2016-03-12,38.01,18.91,28.52,0.0,0.24,11.65,24.73
2016-03-13,40.22,22.8,31.46,0.0,0.24,9.91,24.24
2016-03-14,40.66,24.33,32.43,0.0,0.23,9.57,23.03
2016-03-15,38.62,22.56,29.99,0.39,0.23,14.53,20.31
2016-03-16,32.79,21.31,26.08,0.02,0.23,16.09,20.66
2016-03-17,35.23,21.71,26.89,7.45,0.24,16.07,19.27
2016-03-18,32.96,18.4,25.69,0.15,0.25,15.25,14.95
2016-03-19,32.29,21.39,26.55,0.65,0.24,15.22,20.94
2016-03-20,34.47,20.38,27.68,0.0,0.24,15.44,21.76
2016-03-21,30.01,21.56,26.26,3.29,0.24,15.27,10.04
2016-03-22,31.69,19.12,25.38,2.0,0.25,15.92,17.17
2016-03-23,32.47,20.93,26.33,0.0,0.25,14.51,18.7
2016-03-24,34.96,22.17,27.86,0.0,0.24,14.48,19.27
2016-03-25,38.12,21.33,28.19,5.05,0.24,16.12,15.94
2016-03-26,31.69,20.54,24.52,18.96,0.29,19.22,13.16
2016-03-27,29.95,17.25,23.51,0.51,0.28,16.36,11.22
2016-03-28,27.04,14.08,20.3,0.04,0.28,11.55,17.04
2016-03-29,29.27,14.93,21.8,0.0,0.27,10.3,22.53
2016-03-30,33.5,16.17,24.33,0.0,0.27,9.74,22.94
2016-03-31,34.51,17.57,24.94,0.0,0.27,10.07,22.7
2016-04-01,30.05,15.08,21.67,0.0,0.27,10.24,22.81
2016-04-02,33.8,17.63,24.7,0.0,0.26,10.79,19.39
2016-04-03,36.73,18.88,27.43,0.0,0.26,10.59,22.13
2016-04-04,33.81,18.96,25.59,0.0,0.26,10.39,20.39
2016-04-05,26.5,14.95,20.69,0.0,0.26,10.53,20.24
2016-04-06,25.61,10.94,17.57,0.0,0.26,2.86,22.64
2016-04-07,25.15,11.32,18.58,0.01,0.26,5.37,17.82
2016-04-08,27.15,16.9,21.05,11.7,0.27,13.83,4.59
2016-04-09,29.46,18.47,22.96,0.82,0.28,15.12,11.13
2016-04-10,32.34,17.34,23.93,4.9,0.28,16.48,17.71
2016-04-11,27.98,22.1,24.26,9.55,0.29,18.25,8.38
2016-04-12,30.46,18.99,23.84,5.39,0.3,14.85,7.87
2016-04-13,28.44,19.44,23.3,1.26,0.3,15.12,11.83
2016-04-14,29.78,16.71,22.71,0.1,0.3,14.0,18.22
2016-04-15,31.16,14.73,22.68,0.02,0.29,12.09,19.74
2016-04-16,34.88,18.56,26.05,0.0,0.29,11.45,17.84
2016-04-17,31.68,18.52,24.18,0.0,0.29,13.9,16.94
2016-04-18,28.73,16.64,21.46,0.39,0.29,13.45,15.02
2016-04-19,25.76,15.18,19.9,2.97,0.29,12.72,17.43
2016-04-20,27.31,12.63,19.65,0.0,0.29,10.14,19.44
2016-04-21,27.85,12.56,19.78,0.0,0.29,7.8,19.23
2016-04-22,28.42,12.76,20.15,0.0,0.28,6.5,18.65
2016-04-23,30.88,13.63,21.75,0.0,0.28,6.6,17.11
2016-04-24,33.4,17.45,23.88,0.0,0.28,8.37,14.55
2016-04-25,27.11,16.7,20.94,0.65,0.28,12.37,7.76
2016-04-26,22.18,13.14,18.78,14.19,0.3,14.61,12.51
2016-04-27,20.65,10.97,15.1,0.02,0.3,7.29,14.33
2016-04-28,21.93,10.0,15.11,0.23,0.3,7.48,13.99
2016-04-29,23.56,11.56,16.62,0.35,0.3,10.09,14.02
2016-04-30,22.33,10.91,15.94,0.17,0.3,8.99,13.28
2016-05-01,21.42,7.67,14.05,0.0,0.29,3.17,17.95
2016-05-02,23.27,6.81,14.39,0.0,0.29,3.66,18.01
2016-05-03,25.94,8.62,16.46,0.0,0.29,7.72,17.33
2016-05-04,29.43,10.51,18.53,0.01,0.29,7.23,16.74
2016-05-05,25.22,11.76,17.34,0.0,0.29,9.41,17.08
2016-05-06,23.09,9.45,16.08,0.13,0.29,9.04,16.53
2016-05-07,19.73,12.28,15.49,3.74,0.29,9.51,14.88
2016-05-08,17.15,6.42,11.82,0.0,0.29,3.31,17.16
2016-05-09,21.02,5.81,12.87,0.0,0.29,3.07,17.04
2016-05-10,23.85,6.46,14.37,0.0,0.29,4.0,17.15
2016-05-11,26.38,8.12,16.41,0.0,0.29,2.72,17.16
2016-05-12,28.18,9.27,17.19,0.0,0.29,2.05,16.68
2016-05-13,27.74,10.04,17.7,0.16,0.28,8.88,15.83
2016-05-14,25.48,14.1,18.42,0.1,0.28,10.66,14.7
2016-05-15,24.6,11.41,17.13,0.0,0.28,8.8,15.55
2016-05-16,23.95,9.9,15.89,0.01,0.28,8.42,15.97
2016-05-17,25.22,9.07,16.02,0.0,0.28,3.72,16.09
2016-05-18,25.49,8.18,15.99,0.0,0.28,2.02,13.93
2016-05-19,16.54,10.1,13.71,8.32,0.29,7.14,3.63
2016-05-20,21.08,7.27,13.46,0.05,0.29,8.11,13.77
2016-05-21,18.89,8.73,12.67,8.21,0.3,8.26,5.74
2016-05-22,19.22,6.23,12.15,0.01,0.3,6.26,13.35
2016-05-23,21.85,7.21,13.78,0.0,0.3,3.55,14.15
2016-05-24,20.68,12.1,15.27,15.53,0.32,11.92,5.37
2016-05-25,20.22,9.69,14.02,0.37,0.33,9.12,11.33
2016-05-26,19.53,10.21,14.51,0.36,0.32,9.19,5.96
2016-05-27,22.19,7.59,14.85,0.0,0.32,6.69,14.4
2016-05-28,20.48,8.46,14.03,1.01,0.32,10.3,8.57
2016-05-29,20.02,8.87,14.01,0.05,0.32,7.47,12.15
2016-05-30,19.8,7.38,12.89,0.0,0.31,5.09,13.34
2016-05-31,21.09,5.91,12.76,0.0,0.31,4.16,14.32
2016-06-01,23.33,6.73,14.43,0.0,0.31,6.67,14.4
2016-06-02,24.3,9.83,16.01,0.0,0.31,7.43,14.22
2016-06-03,26.13,8.72,16.11,0.13,0.31,7.81,11.65
2016-06-04,18.15,11.66,14.7,6.85,0.32,12.58,2.57
2016-06-05,18.37,10.29,13.51,0.94,0.32,8.73,7.2
2016-06-06,19.15,7.45,12.63,1.18,0.32,7.77,7.9
2016-06-07,12.45,6.24,9.96,15.15,0.34,8.01,7.28
2016-06-08,13.74,4.35,8.01,0.01,0.34,2.97,13.82
2016-06-09,16.14,2.09,8.48,0.0,0.34,2.4,14.07
2016-06-10,18.38,3.72,10.48,0.0,0.34,2.79,13.92
2016-06-11,19.42,5.86,12.03,0.07,0.34,3.6,13.04
2016-06-12,20.38,9.86,14.14,7.35,0.33,3.75,10.85
2016-06-13,17.87,7.94,13.14,8.35,0.36,10.41,9.01
2016-06-14,17.65,7.51,11.24,0.25,0.36,8.58,7.21
2016-06-15,19.47,7.68,12.2,0.01,0.35,8.5,8.2
2016-06-16,18.47,7.85,11.66,0.02,0.35,6.65,11.12
2016-06-17,17.35,5.18,10.56,0.08,0.35,6.42,8.93
2016-06-18,19.13,5.41,11.3,0.1,0.35,5.4,13.6
2016-06-19,21.33,6.13,13.15,0.06,0.35,7.45,12.79
2016-06-20,18.67,11.63,14.18,12.1,0.36,13.43,3.55
2016-06-21,16.11,9.98,12.7,0.87,0.37,9.6,7.38
2016-06-22,17.46,6.14,11.4,0.1,0.36,5.82,13.11
2016-06-23,17.45,6.01,11.3,0.13,0.36,7.28,9.36
2016-06-24,17.26,4.81,10.32,0.0,0.36,4.27,11.86
2016-06-25,17.23,4.93,10.42,0.25,0.36,6.29,9.52
2016-06-26,16.65,5.39,9.71,0.19,0.36,4.1,14.28
2016-06-27,18.33,2.99,9.72,0.0,0.35,2.02,12.82
2016-06-28,19.91,5.46,12.38,0.9,0.35,7.76,12.77
2016-06-29,18.34,10.36,13.51,3.55,0.36,10.32,8.79
2016-06-30,18.15,7.97,12.18,0.01,0.36,7.04,12.86
2016-07-01,20.4,5.59,12.43,0.0,0.35,6.16,13.89
2016-07-02,17.87,9.63,13.34,1.49,0.35,10.07,6.76
2016-07-03,19.39,8.59,13.15,0.08,0.35,8.94,13.68
2016-07-04,15.81,5.38,10.09,0.0,0.35,4.19,12.57
2016-07-05,17.22,8.41,11.82,0.21,0.35,5.84,10.07
2016-07-06,16.55,6.32,10.77,0.14,0.35,6.62,11.74
2016-07-07,17.79,4.57,9.7,0.09,0.35,6.05,13.04
2016-07-08,14.81,7.36,10.89,17.88,0.36,10.12,5.5
2016-07-09,11.58,6.86,9.0,11.99,0.4,6.73,10.45
2016-07-10,14.64,7.95,10.84,2.59,0.4,8.39,11.03
2016-07-11,15.75,6.32,10.26,0.9,0.4,6.59,11.98
2016-07-12,14.28,4.58,8.25,0.0,0.39,3.46,11.77
2016-07-13,14.79,1.21,7.12,0.0,0.39,-0.43,15.14
2016-07-14,17.99,1.95,8.86,0.08,0.38,0.26,14.85
2016-07-15,21.96,4.95,12.36,0.0,0.38,4.28,14.44
2016-07-16,21.89,8.73,14.75,4.92,0.38,9.93,7.21
2016-07-17,16.46,8.73,13.11,15.48,0.41,10.95,8.41
2016-07-18,15.87,6.63,11.19,0.84,0.41,7.13,13.74
2016-07-19,16.33,4.18,9.02,0.07,0.4,4.31,14.53
2016-07-20,16.78,2.86,8.9,0.09,0.4,4.36,15.17
2016-07-21,14.74,5.46,9.74,2.0,0.4,6.58,10.17
2016-07-22,16.46,5.75,10.3,0.14,0.4,6.35,11.54
2016-07-23,16.58,3.08,9.57,0.0,0.4,3.23,13.5
2016-07-24,16.15,4.11,8.8,0.0,0.4,4.36,15.59
2016-07-25,17.21,1.89,8.59,0.0,0.39,1.78,15.49
2016-07-26,18.09,3.21,9.4,0.08,0.39,4.37,16.23
2016-07-27,16.37,5.12,9.93,0.0,0.39,4.22,10.92
2016-07-28,22.91,7.18,14.59,0.0,0.39,4.48,14.83
2016-07-29,24.45,10.83,16.83,0.52,0.39,8.78,12.42
2016-07-30,21.26,9.42,15.3,0.47,0.38,11.96,14.97
2016-07-31,17.21,5.87,11.99,0.94,0.38,6.75,14.11
2016-08-01,15.79,1.97,8.07,0.0,0.38,0.42,17.08
2016-08-02,17.6,1.77,8.69,0.0,0.38,-0.99,17.15
2016-08-03,20.12,4.3,11.53,1.5,0.38,2.89,10.47
2016-08-04,19.18,11.2,14.1,2.19,0.38,10.53,7.94
2016-08-05,18.91,10.04,13.93,0.11,0.38,10.54,11.08
2016-08-06,20.39,6.6,12.79,1.83,0.38,9.98,10.34
2016-08-07,16.93,8.24,12.37,1.37,0.38,7.11,13.56
2016-08-08,14.64,7.78,10.97,2.35,0.38,7.41,10.69
2016-08-09,15.96,6.12,10.49,0.04,0.38,5.51,11.31
2016-08-10,18.03,3.86,10.85,0.0,0.38,4.24,16.45
2016-08-11,19.91,3.22,11.18,0.06,0.38,3.71,17.98
2016-08-12,17.81,6.79,11.38,0.06,0.37,6.84,14.69
2016-08-13,21.82,4.23,12.22,0.0,0.37,3.23,18.53
2016-08-14,26.1,6.76,15.07,0.0,0.37,6.82,18.08
2016-08-15,19.16,8.98,13.12,0.33,0.36,9.47,11.92
2016-08-16,22.05,6.93,13.9,0.15,0.36,8.8,15.99
2016-08-17,20.06,7.5,12.63,6.74,0.36,9.86,10.8
2016-08-18,17.01,6.21,10.98,0.02,0.37,5.04,16.61
2016-08-19,17.83,3.05,9.77,0.0,0.37,3.62,18.07
2016-08-20,18.65,3.6,10.94,0.02,0.36,5.47,17.43
2016-08-21,18.44,6.01,11.2,1.88,0.36,7.61,13.76
2016-08-22,15.22,5.06,9.72,1.54,0.37,3.96,17.65
2016-08-23,15.64,1.69,8.11,0.0,0.36,0.57,19.96
2016-08-24,18.51,1.61,9.5,0.06,0.36,2.06,20.14
2016-08-25,20.87,3.81,11.85,0.0,0.36,3.03,19.64
2016-08-26,24.25,7.2,14.85,0.01,0.35,4.0,18.21
2016-08-27,16.71,8.92,12.46,15.74,0.37,10.0,11.88
2016-08-28,16.45,7.52,11.19,1.62,0.38,7.57,13.98
2016-08-29,18.37,7.01,11.34,0.54,0.38,7.29,12.38
2016-08-30,21.07,5.01,12.31,0.13,0.37,6.56,19.75
2016-08-31,17.58,6.81,11.74,3.96,0.37,8.53,14.12
2016-09-01,19.03,6.23,11.14,0.31,0.37,4.56,21.0
2016-09-02,21.16,3.58,12.07,0.0,0.37,4.51,20.12
2016-09-03,21.71,6.09,13.13,0.0,0.37,4.17,22.09
2016-09-04,25.61,9.28,16.67,0.0,0.36,4.58,16.38
2016-09-05,24.11,8.44,15.59,0.0,0.36,8.46,21.4
2016-09-06,23.61,8.59,15.04,0.04,0.36,9.85,20.51
2016-09-07,18.34,11.02,13.75,3.31,0.36,7.85,15.2
2016-09-08,19.28,9.1,13.52,0.25,0.36,7.26,17.19
2016-09-09,22.97,6.82,14.1,0.0,0.35,5.63,21.32
2016-09-10,23.6,7.95,14.88,0.0,0.35,7.64,21.74
2016-09-11,22.64,8.89,15.07,0.07,0.35,7.75,19.86
2016-09-12,19.08,8.38,12.75,0.01,0.35,5.51,19.1
2016-09-13,19.22,6.61,12.11,0.01,0.34,2.48,21.33
2016-09-14,20.85,4.41,11.92,0.0,0.34,0.94,23.85
2016-09-15,23.28,4.77,13.26,0.03,0.34,2.35,23.47
2016-09-16,17.76,6.75,11.6,0.55,0.34,3.46,23.16
2016-09-17,20.27,3.39,11.25,0.0,0.34,0.57,23.92
2016-09-18,23.91,3.82,13.39,0.21,0.33,0.38,23.04
2016-09-19,18.03,6.19,11.94,2.55,0.34,4.56,18.42
2016-09-20,22.4,5.02,13.12,0.0,0.33,4.25,24.1
2016-09-21,27.12,6.67,17.27,0.0,0.33,1.02,24.86
2016-09-22,23.43,7.62,14.91,0.32,0.33,7.31,22.85
2016-09-23,19.01,6.49,12.47,0.72,0.33,5.72,16.88
2016-09-24,20.18,2.91,11.47,0.01,0.33,2.27,24.5
2016-09-25,20.23,5.95,12.94,0.07,0.32,5.32,18.93
2016-09-26,22.39,5.02,13.35,0.0,0.32,3.99,25.41
2016-09-27,21.6,7.14,13.46,0.19,0.32,8.04,20.22
2016-09-28,19.6,6.82,12.03,0.01,0.32,0.68,25.77
2016-09-29,23.99,3.44,13.22,0.0,0.32,-1.18,26.88
2016-09-30,22.43,4.78,13.53,0.11,0.31,6.85,24.75
2016-10-01,19.86,9.39,14.27,1.99,0.31,7.78,21.59
2016-10-02,20.62,5.62,12.5,0.01,0.31,4.57,21.48
2016-10-03,24.57,5.33,14.62,0.0,0.31,5.62,25.24
2016-10-04,27.17,8.11,17.05,0.0,0.31,7.04,26.61
2016-10-05,30.37,8.23,18.37,0.0,0.31,5.5,26.99
2016-10-06,27.87,9.08,17.93,0.0,0.3,9.34,26.1
2016-10-07,26.59,12.16,18.81,0.0,0.3,11.55,17.92
2016-10-08,24.24,12.48,17.92,4.47,0.3,12.34,11.15
2016-10-09,22.76,10.38,15.53,0.01,0.31,5.17,23.6
2016-10-10,25.61,6.83,15.76,0.0,0.3,3.18,28.4
2016-10-11,29.96,8.59,19.04,0.0,0.3,0.3,28.84
2016-10-12,35.39,11.02,23.06,0.0,0.3,0.84,28.23
2016-10-13,35.79,17.1,25.6,0.0,0.29,7.45,22.93
2016-10-14,28.38,12.96,19.49,0.0,0.29,11.07,25.49
2016-10-15,22.38,9.79,15.48,0.0,0.29,4.35,25.58
2016-10-16,24.39,6.57,15.15,0.0,0.29,1.35,29.33
2016-10-17,27.88,7.42,17.62,0.0,0.29,3.8,29.18
2016-10-18,28.6,8.69,18.6,0.0,0.29,3.82,29.3
2016-10-19,28.46,8.28,17.76,0.0,0.28,4.3,29.14
2016-10-20,22.53,9.36,15.27,0.14,0.28,3.34,26.69
2016-10-21,25.0,8.08,15.7,0.0,0.28,-2.47,30.5
2016-10-22,31.61,8.94,20.01,0.0,0.28,-2.8,30.41
2016-10-23,35.69,13.26,23.78,0.0,0.28,1.13,29.55
2016-10-24,29.96,11.97,19.99,0.01,0.28,7.84,27.58
2016-10-25,25.68,10.16,17.27,0.03,0.27,5.32,30.29
2016-10-26,29.36,9.53,19.36,0.0,0.27,5.02,30.39
2016-10-27,32.29,10.08,20.97,0.0,0.27,4.5,30.43
2016-10-28,31.73,10.91,20.19,0.0,0.27,6.05,29.18
2016-10-29,25.85,12.01,17.98,0.0,0.27,8.17,22.72
2016-10-30,27.56,8.72,18.02,0.0,0.27,2.51,30.92
2016-10-31,29.85,9.62,19.97,0.0,0.27,-1.2,30.43
2016-11-01,32.37,11.51,22.26,0.0,0.26,2.17,30.84
2016-11-02,34.39,16.08,25.3,0.0,0.26,5.35,27.94
2016-11-03,35.59,14.84,24.97,0.0,0.26,5.86,30.24
2016-11-04,37.62,14.26,25.92,0.0,0.26,7.67,30.77
2016-11-05,41.17,18.53,29.9,0.0,0.26,7.52,26.82
2016-11-06,36.81,17.99,26.5,0.0,0.26,9.06,30.68
2016-11-07,31.67,14.22,22.39,0.0,0.25,7.65,31.22
2016-11-08,31.88,10.93,20.31,0.0,0.25,4.84,31.55
2016-11-09,25.13,11.72,17.23,0.06,0.25,6.47,26.78
2016-11-10,26.59,9.05,17.53,0.19,0.25,7.74,27.8
2016-11-11,26.73,10.72,18.36,0.06,0.25,6.62,30.03
2016-11-12,29.02,9.74,19.4,0.0,0.25,2.13,32.66
2016-11-13,33.52,12.66,23.33,0.0,0.25,-0.42,32.42
2016-11-14,37.92,16.53,27.3,0.0,0.25,-1.07,31.99
2016-11-15,37.63,16.78,27.14,0.04,0.25,9.12,31.35
2016-11-16,25.71,15.72,20.24,2.03,0.25,11.04,23.1
2016-11-17,28.61,11.64,19.92,0.04,0.25,4.43,32.01
2016-11-18,33.91,12.02,23.53,0.0,0.25,1.93,32.51
2016-11-19,38.4,16.35,26.97,0.0,0.24,3.72,31.53
2016-11-20,30.92,14.49,21.63,0.0,0.24,7.52,28.03
2016-11-21,28.98,11.23,20.55,0.0,0.24,3.02,31.13
2016-11-22,32.96,13.83,23.6,0.0,0.24,-0.94,32.65
2016-11-23,34.63,16.59,25.74,0.0,0.24,-0.04,32.91
2016-11-24,34.44,16.94,25.86,0.0,0.24,2.1,33.21
2016-11-25,35.4,18.29,26.99,0.0,0.24,1.35,33.13
2016-11-26,38.39,20.5,27.95,0.05,0.24,10.21,30.26
2016-11-27,39.82,19.42,29.94,0.03,0.24,9.8,31.05
2016-11-28,39.17,19.08,28.14,0.0,0.23,6.6,32.54
2016-11-29,34.48,14.79,24.34,0.0,0.23,7.56,33.1
2016-11-30,36.32,15.74,25.56,0.0,0.23,8.17,32.08
2016-12-01,33.58,13.99,24.01,0.0,0.23,8.85,31.64
2016-12-02,36.64,15.94,25.79,0.0,0.23,6.65,32.57
2016-12-03,31.12,13.07,21.4,0.0,0.23,7.14,29.77
2016-12-04,30.5,15.15,22.31,0.02,0.23,7.48,30.26
2016-12-05,31.37,12.1,21.55,0.0,0.23,3.9,33.85
2016-12-06,34.78,12.56,23.35,0.0,0.23,4.63,33.72
2016-12-07,32.52,12.71,22.64,0.0,0.23,7.08,33.68
2016-12-08,35.45,15.92,25.54,0.0,0.23,-0.02,34.34
2016-12-09,40.63,18.56,30.02,0.0,0.22,-0.31,33.43
2016-12-10,40.97,22.65,32.45,0.0,0.22,7.41,28.91
2016-12-11,41.3,22.78,31.49,0.3,0.22,11.18,25.08
2016-12-12,28.28,16.98,22.3,2.85,0.23,10.85,24.98
2016-12-13,30.52,16.22,22.72,0.0,0.23,8.54,30.09
2016-12-14,33.81,15.53,24.76,0.0,0.23,4.01,34.13
2016-12-15,38.02,17.73,28.29,0.0,0.22,1.81,31.31
2016-12-16,38.9,20.04,29.85,0.0,0.22,5.78,33.19
2016-12-17,39.67,20.31,30.15,0.0,0.22,9.29,32.98
2016-12-18,35.69,17.52,25.98,0.0,0.22,7.34,33.1
2016-12-19,37.3,14.32,26.22,0.0,0.22,4.5,34.25
2016-12-20,39.88,18.96,30.1,0.0,0.22,4.39,32.79
2016-12-21,43.1,23.96,32.96,0.5,0.22,9.73,28.8
2016-12-22,37.61,18.74,27.96,1.06,0.22,11.12,32.7
2016-12-23,41.92,21.06,32.24,0.0,0.22,10.33,28.92
2016-12-24,42.63,22.93,33.37,0.02,0.22,11.52,27.12
2016-12-25,40.59,19.07,30.19,0.0,0.22,11.08,32.33
2016-12-26,40.38,17.38,29.25,0.0,0.22,10.62,32.27
2016-12-27,28.47,14.91,20.74,0.0,0.22,6.23,31.77
2016-12-28,28.79,12.38,20.11,0.0,0.22,4.3,34.41
2016-12-29,33.61,12.14,23.35,0.0,0.21,3.17,33.59
2016-12-30,33.89,13.6,22.96,0.0,0.21,6.78,33.68
2016-12-31,31.87,13.11,22.65,0.0,0.21,5.59,34.25
2017-01-01,35.94,17.1,26.65,0.0,0.21,2.57,34.3
2017-01-02,39.96,19.46,29.95,0.0,0.21,0.39,34.31
2017-01-03,43.23,21.86,33.48,0.0,0.21,5.32,32.97
2017-01-04,44.56,24.49,34.75,0.0,0.21,2.68,28.89
2017-01-05,41.66,18.18,29.96,0.0,0.21,6.92,32.19
2017-01-06,31.28,14.91,22.5,0.0,0.21,4.33,34.16
2017-01-07,34.68,13.93,24.51,0.0,0.21,4.84,33.43
2017-01-08,38.55,18.1,28.99,0.0,0.21,2.52,33.62
2017-01-09,40.09,20.56,30.88,0.0,0.21,3.84,33.14
2017-01-10,41.2,22.94,32.36,0.0,0.21,7.19,32.22
2017-01-11,41.72,24.21,32.92,0.65,0.21,12.84,30.26
2017-01-12,32.11,16.49,23.88,0.06,0.21,7.7,31.47
2017-01-13,35.99,13.82,25.17,0.0,0.21,2.77,34.35
2017-01-14,40.69,20.38,30.95,0.0,0.21,3.57,32.35
2017-01-15,40.18,24.62,33.03,0.0,0.21,12.69,28.53
2017-01-16,30.8,22.01,26.61,0.07,0.21,12.09,17.88
2017-01-17,36.96,18.4,28.12,0.0,0.21,13.56,28.59
2017-01-18,33.58,23.11,28.26,1.0,0.21,15.09,19.89
2017-01-19,32.99,18.05,24.6,0.06,0.21,7.44,32.34
2017-01-20,36.42,14.19,26.16,0.0,0.21,5.42,32.94
2017-01-21,41.47,20.55,30.89,0.0,0.21,5.93,31.64
2017-01-22,36.26,17.2,25.83,0.0,0.21,8.93,31.96
2017-01-23,33.37,13.71,23.56,0.0,0.21,4.75,32.49
2017-01-24,39.9,17.6,29.34,0.0,0.21,4.4,32.81
2017-01-25,41.79,23.65,32.98,0.0,0.2,3.69,32.56
2017-01-26,42.01,24.06,32.84,0.0,0.2,-3.05,32.12
2017-01-27,43.91,22.93,34.42,0.0,0.2,5.01,29.9
2017-01-28,41.1,27.38,33.46,16.84,0.22,20.28,19.54
2017-01-29,31.26,25.83,28.3,12.16,0.25,22.81,19.24
2017-01-30,34.58,25.44,29.52,5.1,0.25,22.18,18.53
2017-01-31,35.99,23.66,28.96,7.47,0.26,21.12,22.49
2017-02-01,30.09,22.23,26.23,61.1,0.31,21.56,23.98
2017-02-02,35.22,19.56,27.7,0.0,0.36,19.3,28.51
2017-02-03,39.19,25.12,31.53,0.06,0.34,18.08,27.93
2017-02-04,37.02,20.58,28.11,0.0,0.32,12.73,31.32
2017-02-05,36.43,16.65,27.32,0.0,0.32,14.45,30.89
2017-02-06,37.0,22.15,29.96,0.02,0.31,16.86,26.23
2017-02-07,35.86,17.61,28.62,8.26,0.31,18.96,21.5
2017-02-08,19.9,15.65,17.56,3.76,0.32,11.71,11.18
2017-02-09,32.7,14.52,23.56,10.37,0.32,17.37,14.25
2017-02-10,35.06,23.18,28.74,0.26,0.33,19.89,22.94
2017-02-11,35.39,24.33,29.92,0.75,0.32,18.49,20.51
2017-02-12,35.5,24.54,29.74,6.15,0.32,21.37,21.28
2017-02-13,31.59,22.91,26.53,21.9,0.34,21.13,23.79
2017-02-14,31.13,22.46,27.08,2.75,0.36,20.08,19.74
2017-02-15,36.78,23.02,29.92,0.0,0.35,19.9,24.12
2017-02-16,37.33,25.31,31.22,0.0,0.34,20.2,27.34
2017-02-17,38.31,24.44,31.32,0.0,0.33,18.06,27.64
2017-02-18,38.01,24.02,30.96,2.99,0.33,17.01,27.62
2017-02-19,37.03,22.76,29.74,0.95,0.33,15.03,26.83
2017-02-20,35.58,20.7,27.98,3.19,0.33,17.23,21.56
2017-02-21,28.04,15.32,20.99,0.03,0.33,10.42,28.4
2017-02-22,29.84,11.95,20.53,0.0,0.32,5.95,29.85
2017-02-23,34.19,13.92,24.09,0.0,0.32,4.7,30.13
2017-02-24,37.47,17.66,27.34,0.0,0.31,5.55,29.39
2017-02-25,39.57,18.53,29.44,0.0,0.31,8.45,28.08
2017-02-26,35.78,21.94,28.15,0.0,0.31,13.62,15.95
2017-02-27,39.0,20.08,28.83,0.0,0.3,13.49,26.63
2017-02-28,39.63,18.71,29.7,0.07,0.3,13.41,26.64
2017-03-01,32.88,23.56,28.08,0.58,0.3,18.35,23.97
2017-03-02,36.92,23.15,28.7,1.54,0.3,15.79,13.08
2017-03-03,41.4,21.68,31.35,0.0,0.3,11.22,26.3
2017-03-04,41.43,22.89,32.11,0.0,0.29,8.37,25.14
2017-03-05,40.78,23.89,32.22,0.0,0.29,8.1,25.8
2017-03-06,41.0,23.67,32.09,0.08,0.29,9.5,24.53
2017-03-07,40.46,22.01,31.32,0.12,0.29,8.06,24.79
2017-03-08,40.0,24.07,31.11,0.01,0.29,8.48,23.99
2017-03-09,38.19,24.23,29.93,0.64,0.28,10.52,14.12
2017-03-10,39.74,20.86,29.86,0.0,0.28,9.36,26.02
2017-03-11,38.27,20.93,29.26,0.02,0.28,12.83,25.47
2017-03-12,37.21,21.02,28.5,2.95,0.28,15.15,17.69
2017-03-13,29.82,17.93,22.84,0.27,0.28,13.86,22.21
2017-03-14,29.43,15.97,21.17,0.0,0.28,12.1,24.77
2017-03-15,28.0,15.66,20.96,0.0,0.28,8.03,25.01
2017-03-16,34.22,13.88,23.53,0.0,0.28,5.59,26.02
2017-03-17,35.69,18.34,25.17,0.29,0.27,9.74,24.66
2017-03-18,30.58,16.06,22.07,0.02,0.27,12.11,23.75
2017-03-19,27.39,14.03,20.07,0.0,0.27,5.97,25.76
2017-03-20,30.65,13.22,21.95,0.0,0.27,8.9,23.58
2017-03-21,35.52,17.83,24.72,0.03,0.27,13.06,19.46
2017-03-22,29.2,16.24,21.5,0.12,0.27,11.73,22.63
2017-03-23,29.75,13.63,21.14,0.02,0.27,12.03,19.4
2017-03-24,31.29,14.08,22.29,0.01,0.27,10.05,23.69
2017-03-25,32.88,15.9,23.59,0.01,0.26,11.87,23.44
2017-03-26,28.37,14.61,20.41,0.0,0.26,9.66,22.1
2017-03-27,28.07,10.98,18.95,0.0,0.26,2.28,23.91
2017-03-28,33.78,12.29,22.08,0.0,0.26,3.13,24.19
2017-03-29,30.48,13.88,21.53,0.0,0.26,8.98,23.81
2017-03-30,31.52,14.37,22.35,0.0,0.26,6.43,23.41
2017-03-31,33.37,15.31,23.95,0.0,0.26,7.36,23.23
2017-04-01,32.04,15.86,23.46,0.0,0.26,3.65,22.99
2017-04-02,33.78,15.43,23.89,0.0,0.26,4.69,22.96
2017-04-03,35.06,15.85,25.02,0.0,0.25,4.48,22.62
2017-04-04,33.89,16.06,24.53,0.0,0.25,3.64,22.81
2017-04-05,33.1,16.09,24.34,0.0,0.25,2.75,22.38
2017-04-06,31.93,14.94,22.71,0.0,0.25,6.15,20.66
2017-04-07,27.25,13.87,19.55,0.0,0.25,8.73,21.51
2017-04-08,28.82,12.45,19.9,0.0,0.25,2.41,22.08
2017-04-09,31.49,12.38,21.35,0.0,0.25,0.75,21.88
2017-04-10,32.02,14.83,23.17,0.0,0.25,3.59,20.83
2017-04-11,34.92,16.83,25.33,0.0,0.25,6.12,20.02
2017-04-12,32.14,17.24,23.82,0.0,0.25,6.67,18.56
2017-04-13,32.85,16.34,24.62,0.02,0.24,6.51,19.68
2017-04-14,31.69,18.59,24.31,0.25,0.24,6.91,10.96
2017-04-15,30.92,16.35,22.28,0.0,0.24,9.34,18.4
2017-04-16,28.46,15.81,20.96,0.0,0.24,12.85,19.29
2017-04-17,27.32,14.3,20.05,0.01,0.24,11.66,18.0
2017-04-18,27.81,13.4,19.61,0.0,0.24,11.66,17.39
2017-04-19,28.11,14.91,20.49,0.0,0.24,10.19,18.25
2017-04-20,30.54,14.7,22.15,0.0,0.24,9.1,19.35
2017-04-21,29.33,16.7,22.34,0.35,0.24,11.14,16.6
2017-04-22,29.73,16.56,23.1,0.23,0.24,11.1,18.02
2017-04-23,24.89,15.94,20.81,6.86,0.25,14.03,13.69
2017-04-24,26.61,12.85,19.26,0.02,0.25,9.47,18.26
2017-04-25,27.54,12.21,19.43,0.0,0.25,6.43,18.81
2017-04-26,27.15,12.38,19.3,0.0,0.25,5.64,18.88
2017-04-27,24.47,13.79,18.47,0.0,0.25,4.75,18.1
2017-04-28,26.13,10.21,17.84,0.0,0.25,4.22,18.65
2017-04-29,27.67,11.62,19.0,0.0,0.24,2.71,18.38
2017-04-30,28.01,11.24,19.25,0.0,0.24,2.53,17.6
2017-05-01,28.47,11.99,19.58,0.0,0.24,3.08,17.68
2017-05-02,27.74,12.88,19.82,0.0,0.24,5.62,17.13
2017-05-03,29.16,12.73,20.78,0.0,0.24,3.54,17.15
2017-05-04,30.56,13.4,20.7,0.0,0.24,5.02,16.37
2017-05-05,26.97,14.07,19.56,0.03,0.24,11.64,12.74
2017-05-06,28.99,13.22,20.65,0.0,0.24,7.62,16.93
2017-05-07,30.64,13.96,21.41,0.0,0.24,4.53,17.12
2017-05-08,30.25,13.83,21.01,0.0,0.24,2.55,16.88
2017-05-09,23.25,13.44,18.17,0.0,0.24,13.58,8.25
2017-05-10,22.92,12.67,16.96,0.0,0.24,7.43,16.28
2017-05-11,22.85,8.81,15.1,0.0,0.24,5.27,16.12
2017-05-12,22.33,7.23,14.37,0.0,0.24,5.68,15.75
2017-05-13,23.1,8.64,15.53,0.0,0.24,4.81,14.81
2017-05-14,26.87,11.87,17.92,0.18,0.24,6.52,10.15
2017-05-15,22.25,14.67,17.28,1.35,0.24,10.31,12.3
2017-05-16,22.62,12.25,16.87,0.78,0.24,9.54,9.5
2017-05-17,23.07,8.33,15.0,0.0,0.24,4.58,15.9
2017-05-18,25.68,9.35,17.43,0.0,0.24,3.17,15.53
2017-05-19,26.08,10.19,17.34,1.88,0.24,6.48,13.07
2017-05-20,21.04,11.74,15.46,1.81,0.24,10.65,12.48
2017-05-21,19.96,10.62,14.36,4.12,0.25,9.93,10.7
2017-05-22,19.61,7.94,13.11,0.06,0.25,6.17,11.54
2017-05-23,21.41,6.73,13.48,0.0,0.25,4.05,15.17
2017-05-24,23.41,6.84,14.28,0.0,0.25,1.7,15.34
2017-05-25,26.25,7.0,15.22,0.0,0.25,2.33,15.34
2017-05-26,22.68,8.34,14.69,0.02,0.24,8.76,13.61
2017-05-27,21.47,7.68,13.65,0.01,0.24,4.79,15.08
2017-05-28,22.54,6.91,13.57,0.0,0.24,2.56,14.98
2017-05-29,24.26,7.21,14.65,0.0,0.24,2.23,14.01
2017-05-30,25.19,10.05,16.16,0.0,0.24,3.16,14.37
2017-05-31,28.3,10.48,18.28,0.0,0.24,3.97,13.48
2017-06-01,28.64,13.75,19.42,0.0,0.24,4.61,14.18
2017-06-02,27.58,13.11,18.92,0.0,0.24,7.2,12.98
2017-06-03,25.88,10.47,17.36,0.0,0.24,8.9,14.04
2017-06-04,25.39,9.56,16.54,0.0,0.24,1.85,14.17
2017-06-05,25.15,8.89,15.93,0.0,0.24,-1.35,14.54
2017-06-06,23.89,7.9,15.51,0.0,0.24,-5.54,14.63
2017-06-07,24.09,6.26,14.16,0.0,0.24,-6.94,14.63
2017-06-08,23.38,6.15,13.39,0.0,0.24,-8.07,14.7
2017-06-09,23.4,5.62,13.02,0.0,0.24,-7.41,14.75
2017-06-10,21.76,7.43,13.47,0.0,0.24,-6.19,10.26
2017-06-11,23.28,9.82,14.56,0.0,0.24,-6.7,10.83
2017-06-12,22.89,9.65,14.54,0.0,0.23,-3.49,11.21
2017-06-13,22.45,11.41,16.56,0.39,0.23,8.22,11.8
2017-06-14,20.01,13.68,16.19,2.31,0.24,13.72,5.97
2017-06-15,21.97,12.76,16.39,1.94,0.24,12.28,10.93
2017-06-16,23.19,9.98,15.63,0.0,0.24,8.72,13.41
2017-06-17,23.86,8.67,15.31,0.01,0.24,6.12,13.56
2017-06-18,23.36,8.58,14.99,0.0,0.24,4.08,13.81
2017-06-19,25.29,8.12,15.37,0.0,0.24,3.15,13.77
2017-06-20,25.69,9.26,15.67,0.0,0.24,3.64,13.66
2017-06-21,20.85,9.45,13.94,1.29,0.24,10.28,10.65
2017-06-22,18.8,9.49,13.47,1.99,0.24,9.97,10.0
2017-06-23,18.69,11.51,14.42,1.65,0.25,9.12,10.51
2017-06-24,20.9,7.51,13.62,0.0,0.25,5.21,13.1
2017-06-25,18.02,7.04,11.44,0.0,0.24,3.82,13.92
2017-06-26,17.18,3.09,9.37,0.0,0.24,0.74,14.0
2017-06-27,18.23,3.63,10.18,0.0,0.24,1.44,14.02
2017-06-28,19.1,3.94,10.71,0.0,0.24,1.97,14.04
2017-06-29,18.29,4.85,10.32,0.0,0.24,-0.48,14.47
2017-06-30,20.39,4.17,11.23,0.11,0.24,1.2,13.86
2017-07-01,17.99,6.69,12.0,3.53,0.24,8.7,11.1
2017-07-02,15.12,6.01,9.45,0.08,0.25,4.42,9.48
2017-07-03,15.22,4.47,9.31,0.09,0.25,4.12,9.27
2017-07-04,16.69,6.38,10.22,0.26,0.25,4.99,13.09
2017-07-05,16.35,4.84,9.83,1.66,0.25,5.33,10.64
2017-07-06,16.19,4.48,9.78,0.16,0.25,3.95,13.2
2017-07-07,16.88,5.91,10.67,2.32,0.25,6.12,10.06
2017-07-08,17.31,5.7,10.08,0.02,0.25,4.59,13.04
2017-07-09,16.84,2.95,9.09,0.0,0.25,-0.36,14.52
2017-07-10,17.06,2.91,9.51,0.04,0.25,-0.51,10.79
2017-07-11,18.95,6.24,11.55,2.53,0.25,5.93,9.44
2017-07-12,19.57,9.54,14.0,0.27,0.25,10.1,9.49
2017-07-13,21.87,9.33,14.31,0.0,0.25,9.25,9.4
2017-07-14,22.18,6.86,13.49,0.01,0.25,7.84,11.92
2017-07-15,21.49,8.3,13.86,0.21,0.25,9.59,9.25
2017-07-16,20.6,9.02,14.23,1.76,0.25,9.09,11.38
2017-07-17,20.16,5.32,12.06,0.0,0.25,4.46,14.69
2017-07-18,26.96,7.01,15.43,0.02,0.25,5.4,14.69
2017-07-19,19.13,9.32,13.84,1.46,0.25,10.89,8.94
2017-07-20,18.87,8.54,13.2,0.13,0.25,7.35,10.44
2017-07-21,19.35,7.81,13.66,0.46,0.25,8.33,11.18
2017-07-22,20.36,7.7,13.36,0.33,0.25,8.84,10.92
2017-07-23,19.67,8.13,12.66,0.41,0.25,8.47,11.92
2017-07-24,20.41,9.01,13.66,0.54,0.25,9.13,11.53
2017-07-25,20.82,6.29,12.42,0.0,0.25,5.86,15.28
2017-07-26,22.07,7.84,13.67,0.03,0.25,7.94,13.73
2017-07-27,24.75,7.63,15.38,0.36,0.25,7.43,15.74
2017-07-28,20.48,9.96,14.13,6.22,0.25,11.31,7.72
2017-07-29,17.5,8.62,12.32,1.0,0.26,5.93,12.35
2017-07-30,19.27,6.29,12.21,0.5,0.26,5.61,16.33
2017-07-31,18.19,5.87,10.79,5.19,0.26,5.06,9.34
2017-08-01,15.35,5.02,9.07,0.02,0.27,3.07,15.87
2017-08-02,16.55,2.0,8.19,0.0,0.27,0.37,16.96
2017-08-03,18.12,1.67,9.53,0.3,0.27,3.36,14.77
2017-08-04,17.75,6.67,11.19,0.14,0.27,5.39,12.79
2017-08-05,19.52,5.17,11.79,0.0,0.26,5.81,14.66
2017-08-06,23.34,5.0,13.1,0.0,0.26,4.42,16.87
2017-08-07,24.25,6.43,13.46,0.0,0.26,5.28,15.6
2017-08-08,22.32,7.21,14.27,9.02,0.26,10.62,12.96
2017-08-09,14.56,6.15,10.68,5.49,0.29,6.44,14.4
2017-08-10,17.04,5.13,10.72,0.15,0.28,4.51,12.38
2017-08-11,21.24,4.57,11.97,0.02,0.28,1.39,17.92
2017-08-12,19.79,8.32,13.8,10.47,0.29,10.86,9.28
2017-08-13,20.57,10.9,15.37,2.5,0.3,11.86,13.74
2017-08-14,21.11,10.83,15.67,2.47,0.3,11.44,13.2
2017-08-15,18.09,7.58,12.13,0.18,0.3,5.51,15.68
2017-08-16,18.3,6.57,12.04,1.3,0.3,6.42,12.17
2017-08-17,18.35,3.28,10.63,0.0,0.3,1.22,19.02
2017-08-18,22.6,3.52,12.51,0.0,0.29,1.59,18.53
2017-08-19,16.77,7.2,11.49,1.16,0.29,6.86,15.63
2017-08-20,18.81,6.79,11.53,0.33,0.29,5.69,19.04
2017-08-21,21.94,3.78,12.31,0.0,0.29,3.51,19.25
2017-08-22,22.75,6.04,13.3,0.0,0.29,4.99,19.52
2017-08-23,23.77,6.87,14.46,0.0,0.29,4.78,19.57
2017-08-24,25.47,9.87,16.64,0.0,0.29,6.43,14.72
2017-08-25,25.59,10.4,16.77,0.02,0.29,8.02,19.36
2017-08-26,26.44,8.74,16.92,0.0,0.28,7.84,19.9
2017-08-27,23.22,10.41,16.59,0.02,0.28,8.36,15.21
2017-08-28,28.46,11.33,19.02,3.16,0.28,10.71,15.45
2017-08-29,17.17,9.97,14.06,21.21,0.32,11.91,7.54
2017-08-30,21.95,9.69,14.84,1.12,0.33,10.62,11.96
2017-08-31,21.2,8.18,13.69,0.17,0.32,8.98,17.33
2017-09-01,19.09,8.55,13.13,0.46,0.32,8.01,16.99
2017-09-02,18.14,6.4,11.23,0.16,0.31,2.73,21.03
2017-09-03,19.76,3.4,11.05,0.0,0.31,1.27,21.54
2017-09-04,22.77,4.02,12.92,0.0,0.31,1.19,21.15
2017-09-05,25.32,5.76,14.94,0.0,0.31,0.53,21.13
2017-09-06,24.47,8.67,16.38,0.65,0.3,2.06,11.19
2017-09-07,17.84,10.97,13.82,1.62,0.3,7.24,10.21
2017-09-08,25.76,11.12,17.57,0.04,0.3,10.45,17.22
2017-09-09,25.91,10.91,17.29,0.05,0.3,10.03,21.2
2017-09-10,24.89,10.3,16.53,0.0,0.3,9.89,17.75
2017-09-11,23.0,10.68,15.7,0.01,0.3,9.24,16.61
2017-09-12,22.85,10.03,15.6,0.02,0.3,8.18,15.04
2017-09-13,24.55,7.31,15.2,0.0,0.3,0.57,23.13
2017-09-14,30.35,8.32,19.17,0.0,0.29,0.93,20.66
2017-09-15,32.52,14.93,22.54,0.0,0.29,5.31,20.12
2017-09-16,30.65,11.42,20.03,0.0,0.29,9.69,22.76
2017-09-17,29.12,10.63,19.39,0.0,0.29,9.99,20.3
2017-09-18,32.66,10.06,21.16,0.0,0.29,5.82,22.52
2017-09-19,30.87,14.32,21.17,0.0,0.29,5.86,23.75
2017-09-20,25.99,13.71,18.68,0.01,0.28,11.7,21.25
2017-09-21,25.72,11.73,18.2,1.08,0.28,13.06,17.62
2017-09-22,20.25,11.48,15.83,3.01,0.29,9.94,17.74
2017-09-23,20.43,10.23,14.47,1.53,0.29,7.48,16.89
2017-09-24,19.79,8.91,13.12,7.09,0.29,8.12,15.46
2017-09-25,16.58,8.57,12.31,4.56,0.3,7.6,19.76
2017-09-26,18.04,8.18,12.24,2.51,0.3,7.16,19.99
2017-09-27,20.16,6.16,12.47,0.02,0.3,4.62,23.98
2017-09-28,19.33,5.12,12.35,0.9,0.3,5.23,17.93
2017-09-29,22.02,7.14,13.87,0.04,0.3,4.6,23.99
2017-09-30,24.75,6.9,15.49,0.0,0.3,2.73,26.08
2017-10-01,27.39,8.47,17.49,0.0,0.29,0.97,25.89
2017-10-02,31.3,9.98,20.2,0.0,0.29,3.25,26.55
2017-10-03,26.11,9.9,17.48,0.0,0.29,6.06,23.35
2017-10-04,24.3,9.1,16.03,0.0,0.29,5.1,26.68
2017-10-05,24.88,8.05,15.95,0.0,0.29,3.12,27.64
2017-10-06,26.68,7.81,16.67,0.02,0.28,5.27,27.31
2017-10-07,21.73,9.17,14.5,0.65,0.28,5.88,15.62
2017-10-08,23.1,5.58,14.26,0.0,0.28,2.93,27.12
2017-10-09,30.67,7.75,18.7,0.0,0.28,2.97,27.2
2017-10-10,22.43,9.7,15.24,0.12,0.28,8.16,19.94
2017-10-11,24.9,8.16,15.96,0.05,0.28,3.63,26.82
2017-10-12,31.73,8.01,19.76,0.0,0.28,1.49,28.37
2017-10-13,34.37,13.39,23.82,2.76,0.27,9.65,22.02
2017-10-14,32.58,15.85,23.42,0.39,0.28,12.52,27.35
2017-10-15,35.02,13.2,23.1,0.0,0.27,10.3,27.93
2017-10-16,23.1,14.28,17.51,0.9,0.27,9.92,16.86
2017-10-17,23.46,11.87,17.02,0.33,0.27,8.38,21.33
2017-10-18,25.09,12.32,17.55,0.36,0.27,5.88,27.38
2017-10-19,29.83,8.57,19.34,0.0,0.27,1.34,29.78
2017-10-20,34.08,13.91,23.93,0.0,0.27,1.03,29.21
2017-10-21,37.49,18.6,26.79,0.06,0.27,7.48,12.19
2017-10-22,32.22,15.95,23.59,0.0,0.26,10.8,28.16
2017-10-23,30.89,15.11,21.49,0.0,0.26,11.06,24.39
2017-10-24,30.44,13.72,20.81,0.0,0.26,8.67,28.84
2017-10-25,30.53,10.34,20.06,0.0,0.26,6.29,29.83
2017-10-26,26.24,11.41,17.74,0.0,0.26,8.94,25.86
2017-10-27,25.41,8.45,16.43,0.0,0.26,5.22,29.62
2017-10-28,27.68,9.18,17.56,0.0,0.26,8.02,29.56
2017-10-29,28.35,12.91,19.57,0.0,0.26,5.56,29.93
2017-10-30,33.25,10.37,22.12,0.0,0.26,-1.33,30.89
2017-10-31,37.39,13.44,25.81,0.0,0.25,-1.82,31.16
2017-11-01,39.32,15.98,27.7,0.0,0.25,0.72,31.12
2017-11-02,38.58,16.44,27.16,0.0,0.25,4.44,30.25
2017-11-03,32.06,17.87,24.52,0.0,0.25,6.87,26.09
2017-11-04,34.34,19.11,26.36,0.0,0.25,7.96,29.4
2017-11-05,35.46,18.6,26.88,0.0,0.25,2.91,31.05
2017-11-06,36.28,18.44,27.53,0.0,0.25,4.53,31.0
2017-11-07,32.24,19.67,25.05,0.28,0.24,12.19,26.14
2017-11-08,35.44,18.8,26.49,2.93,0.24,11.12,24.52
2017-11-09,31.77,17.81,24.65,7.0,0.26,13.73,27.4
2017-11-10,35.68,17.19,26.84,0.19,0.26,9.82,29.02
2017-11-11,37.98,18.45,27.75,0.0,0.25,8.9,25.8
2017-11-12,34.64,17.8,25.02,0.8,0.25,14.4,29.62
2017-11-13,34.78,17.21,26.22,0.17,0.25,13.24,29.83
2017-11-14,34.51,20.92,27.31,0.0,0.25,11.54,30.64
2017-11-15,31.93,19.6,26.15,0.01,0.25,12.45,23.12
2017-11-16,38.22,19.98,27.43,0.28,0.25,13.43,26.48
2017-11-17,30.55,18.25,23.47,1.04,0.25,12.97,23.91
2017-11-18,26.46,15.47,20.74,2.24,0.25,11.56,24.36
2017-11-19,31.53,12.79,21.79,0.06,0.25,8.97,32.51
2017-11-20,31.47,13.17,21.67,0.0,0.25,8.94,32.23
2017-11-21,31.17,13.41,22.22,0.0,0.24,6.83,32.61
2017-11-22,33.16,15.22,23.82,0.0,0.24,1.42,33.65
2017-11-23,35.24,14.81,25.12,0.0,0.24,-1.98,33.73
2017-11-24,38.91,17.73,28.53,0.0,0.24,-1.03,27.78
2017-11-25,39.23,17.51,28.72,0.0,0.24,4.49,32.72
2017-11-26,40.89,19.49,28.93,0.0,0.24,8.09,28.72
2017-11-27,32.03,16.9,23.16,0.0,0.24,12.38,30.77
2017-11-28,29.41,15.59,21.42,0.0,0.24,10.48,27.36
2017-11-29,28.62,12.37,20.3,0.0,0.23,6.98,31.89
2017-11-30,30.87,12.13,21.77,0.0,0.23,4.99,33.04
2017-12-01,33.63,15.37,24.66,0.0,0.23,5.43,33.13
2017-12-02,39.35,18.23,29.4,0.0,0.23,2.57,33.59
2017-12-03,35.58,21.92,28.91,4.48,0.23,6.44,17.5
2017-12-04,32.13,20.07,25.61,1.43,0.24,13.51,12.98
2017-12-05,33.51,17.17,24.96,0.05,0.24,11.33,32.79
2017-12-06,35.06,15.71,25.66,0.0,0.24,8.48,33.16
2017-12-07,34.72,16.61,25.8,0.0,0.23,3.23,33.85
2017-12-08,38.94,19.11,29.56,0.0,0.23,2.02,33.37
2017-12-09,36.85,22.54,28.51,5.63,0.23,7.91,19.21
2017-12-10,38.67,21.54,29.86,0.14,0.24,11.49,23.33
2017-12-11,36.86,21.06,29.04,0.0,0.24,11.96,32.44
2017-12-12,34.06,18.6,25.42,0.0,0.23,15.03,29.28
2017-12-13,34.08,15.99,24.87,0.0,0.23,9.45,33.52
2017-12-14,36.57,15.64,26.77,0.0,0.23,6.35,33.68
2017-12-15,39.49,18.52,29.57,0.0,0.23,6.19,31.57
2017-12-16,33.0,16.96,24.05,0.01,0.23,11.03,31.83
2017-12-17,25.12,14.28,19.24,0.31,0.23,9.95,22.05
2017-12-18,25.51,13.88,18.96,0.27,0.23,9.74,25.83
2017-12-19,29.38,14.4,21.24,0.01,0.23,5.6,33.41
2017-12-20,35.34,14.57,25.43,0.0,0.23,2.04,34.47
2017-12-21,40.89,18.96,30.39,0.0,0.23,0.93,34.35
2017-12-22,41.92,24.37,32.51,0.0,0.22,4.1,33.54
2017-12-23,39.65,20.81,29.82,0.0,0.22,8.09,32.69
2017-12-24,40.47,19.73,29.92,0.0,0.22,7.75,33.38
2017-12-25,39.13,18.67,28.84,0.0,0.22,9.0,33.67
2017-12-26,38.92,18.17,28.23,0.0,0.22,7.89,32.82
2017-12-27,34.9,16.31,25.1,0.0,0.22,7.26,33.71
2017-12-28,34.73,14.47,24.85,0.0,0.22,6.52,33.74
2017-12-29,36.01,19.07,27.38,0.0,0.22,4.8,33.08
2017-12-30,38.81,20.93,30.52,0.13,0.22,8.02,30.14
2017-12-31,40.54,24.36,33.02,0.08,0.22,11.63,26.15
2018-01-01,42.31,23.59,32.97,0.0,0.22,8.63,32.7
2018-01-02,43.45,24.3,33.84,0.02,0.22,9.44,30.57
2018-01-03,42.5,22.97,32.65,0.2,0.22,8.1,32.98
2018-01-04,42.23,20.03,31.01,0.0,0.21,6.27,33.89
2018-01-05,41.39,19.3,29.29,0.0,0.21,6.48,32.05
2018-01-06,35.25,15.63,25.08,0.0,0.21,0.41,33.8
2018-01-07,40.42,17.86,29.79,0.0,0.21,2.01,33.82
2018-01-08,41.79,21.79,32.27,0.0,0.21,5.15,32.73
2018-01-09,43.34,25.94,34.41,0.0,0.21,7.7,32.04
2018-01-10,36.54,18.07,28.31,0.0,0.21,11.91,25.53
2018-01-11,32.12,15.12,22.59,0.0,0.21,8.14,33.14
2018-01-12,34.15,13.78,24.22,0.0,0.21,2.14,34.07
2018-01-13,39.97,19.9,30.42,0.0,0.21,5.01,31.9
2018-01-14,34.96,22.03,27.46,24.49,0.22,15.93,13.14
2018-01-15,35.4,22.02,28.45,15.15,0.28,20.73,15.39
2018-01-16,37.11,23.13,30.21,2.68,0.27,18.98,27.65
2018-01-17,34.25,20.62,26.53,0.5,0.27,17.73,24.2
2018-01-18,34.78,18.91,26.67,0.21,0.26,14.98,24.75
2018-01-19,36.93,19.55,28.87,0.0,0.26,14.56,31.54
2018-01-20,42.6,26.21,33.84,1.94,0.25,16.36,24.36
2018-01-21,41.31,25.48,33.02,2.58,0.26,17.69,30.98
2018-01-22,40.96,22.54,32.54,5.27,0.26,17.7,29.79
2018-01-23,43.84,26.9,34.81,0.24,0.26,16.18,28.21
2018-01-24,41.78,25.5,33.47,0.05,0.26,15.19,30.51
2018-01-25,40.63,24.2,32.34,0.0,0.25,14.44,29.89
2018-01-26,42.05,21.94,31.99,0.0,0.25,11.61,30.31
2018-01-27,37.99,20.61,28.35,0.0,0.25,12.74,31.13
2018-01-28,36.41,17.78,27.35,0.0,0.25,12.72,31.22
2018-01-29,33.85,19.07,26.62,0.0,0.25,11.32,28.74
2018-01-30,32.9,19.46,25.92,0.0,0.25,9.98,31.74
2018-01-31,31.09,16.65,23.63,0.0,0.24,9.93,28.87
2018-02-01,31.91,17.02,24.56,0.0,0.24,11.69,26.79
2018-02-02,32.65,18.57,25.85,0.0,0.24,12.45,25.39
2018-02-03,36.12,20.49,28.06,0.0,0.24,13.24,24.37
2018-02-04,38.38,20.41,29.59,0.01,0.24,13.08,29.73
2018-02-05,39.82,23.96,31.35,0.32,0.24,11.88,22.38
2018-02-06,40.78,23.88,32.01,0.35,0.24,14.09,29.53
2018-02-07,38.43,21.22,29.86,0.32,0.24,14.56,26.28
2018-02-08,39.23,25.3,32.12,0.2,0.24,16.36,28.69
2018-02-09,39.98,22.21,30.44,0.01,0.24,14.57,29.57
2018-02-10,40.94,19.59,30.78,0.0,0.23,12.54,29.59
2018-02-11,40.93,24.71,32.42,0.0,0.23,13.87,28.98
2018-02-12,39.96,21.35,30.07,0.0,0.23,8.33,29.98
2018-02-13,36.03,18.45,26.73,0.0,0.23,6.88,30.56
2018-02-14,39.34,18.44,29.24,0.0,0.23,5.82,30.25
2018-02-15,42.89,22.19,32.69,0.0,0.23,6.61,29.0
2018-02-16,42.41,24.68,32.55,0.41,0.23,9.4,23.27
2018-02-17,36.47,20.86,27.14,0.31,0.23,12.05,28.95
2018-02-18,35.45,17.5,25.2,0.0,0.23,12.24,29.4
2018-02-19,34.58,18.18,25.36,0.0,0.23,13.07,28.06
2018-02-20,35.56,18.82,27.02,0.0,0.23,12.95,27.09
2018-02-21,34.81,19.68,26.83,0.0,0.23,8.83,28.65
2018-02-22,37.71,19.98,28.37,0.0,0.23,11.28,28.07
2018-02-23,31.56,20.22,25.73,0.0,0.22,12.88,24.74
2018-02-24,34.45,22.37,28.27,0.21,0.22,13.93,26.28
2018-02-25,35.3,21.42,27.46,4.88,0.23,17.57,21.23
2018-02-26,32.01,17.8,24.73,0.51,0.23,16.11,13.63
2018-02-27,28.82,14.65,21.17,0.0,0.23,7.22,27.17
2018-02-28,35.79,14.06,25.54,0.0,0.23,7.42,28.46
2018-03-01,39.81,22.86,31.16,0.1,0.23,14.66,24.65
2018-03-02,37.94,21.78,29.51,0.01,0.23,13.01,26.5
2018-03-03,35.76,20.51,27.8,0.0,0.22,10.73,26.94
2018-03-04,36.2,21.92,29.24,1.33,0.22,12.57,21.14
2018-03-05,37.05,23.62,29.56,4.97,0.23,15.06,26.01
2018-03-06,36.07,23.67,29.28,0.54,0.23,14.35,25.48
2018-03-07,37.44,22.87,30.24,0.0,0.23,9.98,24.67
2018-03-08,37.69,21.31,29.59,0.0,0.23,5.08,26.95
2018-03-09,37.96,18.45,28.31,0.0,0.22,2.6,26.67
2018-03-10,36.64,19.97,28.54,0.0,0.22,11.28,25.72
2018-03-11,35.98,21.55,28.56,0.0,0.22,13.84,25.24
2018-03-12,36.84,22.79,29.59,0.0,0.22,13.54,21.99
2018-03-13,39.34,24.02,31.54,0.0,0.22,9.59,24.66
2018-03-14,40.67,23.65,32.03,0.0,0.22,9.44,22.85
2018-03-15,34.91,20.73,27.51,0.0,0.22,13.76,22.09
2018-03-16,31.58,17.2,23.69,0.0,0.22,9.85,23.94
2018-03-17,29.92,15.56,21.84,0.0,0.22,9.04,25.17
2018-03-18,32.7,14.35,22.89,0.0,0.22,3.73,25.55
2018-03-19,35.07,16.75,25.58,0.0,0.22,-0.2,25.69
2018-03-20,37.51,19.43,28.41,0.0,0.22,6.93,23.27
2018-03-21,40.41,23.95,31.02,0.0,0.22,8.85,13.73
2018-03-22,38.33,19.98,28.3,0.0,0.22,11.03,24.2
2018-03-23,36.86,20.39,27.69,0.0,0.22,12.24,18.82
2018-03-24,34.15,23.24,27.98,0.0,0.22,11.63,12.72
2018-03-25,38.17,23.31,29.81,0.0,0.22,13.37,12.42
2018-03-26,36.23,21.14,27.1,0.06,0.21,17.93,22.88
2018-03-27,29.61,19.03,23.87,0.06,0.21,13.39,14.75
2018-03-28,33.21,15.6,24.02,0.0,0.21,6.51,23.67
2018-03-29,37.29,15.46,26.21,0.0,0.21,5.37,23.41
2018-03-30,39.09,22.76,29.99,3.14,0.21,10.8,18.66
2018-03-31,31.79,17.95,24.2,0.37,0.22,11.88,22.34
2018-04-01,32.11,16.9,24.39,0.0,0.22,11.12,22.78
2018-04-02,36.74,20.39,27.79,0.25,0.22,15.0,19.24
2018-04-03,38.16,22.04,28.8,0.0,0.22,14.06,20.74
2018-04-04,34.01,17.85,24.64,0.0,0.21,10.41,22.32
2018-04-05,33.01,14.51,23.24,0.0,0.21,8.58,22.17
2018-04-06,35.81,18.12,26.62,0.0,0.21,10.43,21.54
2018-04-07,33.57,18.08,24.84,0.0,0.21,11.44,20.83
2018-04-08,30.43,15.63,22.19,0.0,0.21,10.48,21.23
2018-04-09,28.34,14.58,20.53,0.0,0.21,9.01,21.18
2018-04-10,26.07,14.01,19.09,0.0,0.21,9.12,13.36
2018-04-11,26.42,9.72,17.48,0.0,0.21,1.96,21.76
2018-04-12,27.28,10.3,18.44,0.0,0.21,6.87,21.42
2018-04-13,26.17,11.22,18.23,0.0,0.21,6.98,20.86
2018-04-14,30.0,11.55,20.27,0.0,0.21,2.74,20.99
2018-04-15,31.89,12.46,21.64,0.0,0.21,0.21,20.65
2018-04-16,33.65,18.23,24.76,0.0,0.21,2.23,15.57
2018-04-17,31.29,16.28,22.53,0.0,0.21,9.87,18.5
2018-04-18,28.56,13.48,20.26,0.01,0.21,10.1,17.01
2018-04-19,26.37,11.23,17.96,0.0,0.21,7.4,19.95
2018-04-20,28.46,10.13,18.43,0.0,0.21,6.42,19.7
2018-04-21,31.62,13.86,22.16,0.02,0.21,4.2,13.07
2018-04-22,29.6,16.94,20.72,0.33,0.21,13.1,11.05
2018-04-23,26.25,13.94,19.36,0.01,0.21,10.04,17.08
2018-04-24,27.14,11.31,18.86,0.0,0.21,6.78,18.57
2018-04-25,28.12,11.61,19.27,0.0,0.21,3.52,19.15
2018-04-26,31.35,14.62,22.01,0.0,0.21,8.77,16.24
2018-04-27,29.69,16.04,21.12,0.0,0.21,10.68,14.58
2018-04-28,32.13,14.79,23.02,0.0,0.21,8.31,15.3
2018-04-29,30.01,16.74,22.63,0.0,0.21,6.13,18.43
2018-04-30,31.43,15.97,22.89,0.01,0.21,8.4,17.66
2018-05-01,22.98,14.56,18.45,0.02,0.21,9.53,11.5
2018-05-02,22.15,9.54,15.3,0.0,0.21,4.96,14.47
2018-05-03,21.64,7.88,14.04,0.0,0.21,1.85,18.1
2018-05-04,24.1,7.07,15.2,0.0,0.21,-4.41,17.05
2018-05-05,29.67,9.93,18.59,0.0,0.21,-5.72,17.53
2018-05-06,28.12,13.93,19.58,0.35,0.21,6.75,9.1
2018-05-07,25.66,9.72,17.43,0.2,0.21,6.3,16.64
2018-05-08,26.83,13.42,18.37,0.0,0.21,2.56,12.07
2018-05-09,28.81,11.26,19.27,0.0,0.21,4.49,16.0
2018-05-10,29.9,14.89,21.75,0.0,0.21,4.82,13.88
2018-05-11,33.53,16.02,23.7,0.0,0.21,3.71,16.2
2018-05-12,32.41,17.11,23.45,0.0,0.21,3.56,15.41
2018-05-13,28.9,16.98,21.79,0.0,0.21,-0.3,14.88
2018-05-14,26.86,13.33,19.87,0.0,0.21,-2.12,13.59
2018-05-15,28.57,13.49,20.28,0.0,0.2,-1.14,16.16
2018-05-16,25.95,12.82,18.31,0.0,0.2,1.29,15.98
2018-05-17,24.83,10.71,17.2,0.0,0.2,2.35,15.01
2018-05-18,23.44,10.93,16.33,0.0,0.2,0.25,14.7
2018-05-19,25.45,9.55,16.47,0.0,0.2,-2.34,15.88
2018-05-20,25.48,8.78,16.35,0.0,0.2,-4.06,15.68
2018-05-21,25.46,9.88,16.65,0.0,0.2,0.45,15.46
2018-05-22,26.74,10.28,17.3,0.0,0.2,-1.88,15.49
2018-05-23,28.31,11.25,18.65,0.0,0.2,-1.08,14.06
2018-05-24,28.42,14.29,20.69,9.95,0.2,4.45,12.49
2018-05-25,19.31,13.04,15.98,6.62,0.23,10.5,11.92
2018-05-26,19.45,10.74,15.27,4.28,0.24,9.82,9.71
2018-05-27,21.23,10.13,15.13,0.69,0.24,11.05,10.21
2018-05-28,20.5,9.76,14.31,0.35,0.24,6.93,13.9
2018-05-29,21.28,6.37,12.82,0.0,0.24,-0.38,14.72
2018-05-30,21.56,6.5,13.32,0.0,0.23,-2.48,14.34
2018-05-31,22.67,9.15,14.58,0.01,0.23,5.48,10.79
2018-06-01,22.01,8.73,14.32,0.02,0.23,9.15,13.26
2018-06-02,24.16,7.82,15.06,0.0,0.23,5.98,14.3
2018-06-03,27.77,9.83,18.37,0.0,0.23,5.87,11.37
2018-06-04,23.28,14.61,17.9,8.16,0.23,9.41,3.34
2018-06-05,21.78,11.96,16.49,7.91,0.26,12.3,4.79
2018-06-06,17.85,10.84,13.8,1.99,0.26,8.24,12.28
2018-06-07,17.87,8.06,12.41,6.46,0.27,8.66,6.19
2018-06-08,18.32,6.39,11.67,0.78,0.27,6.35,13.77
2018-06-09,19.54,7.28,13.36,2.07,0.27,7.79,9.19
2018-06-10,19.44,10.8,14.24,5.31,0.28,11.36,9.56
2018-06-11,18.91,7.17,12.27,0.1,0.28,6.43,10.67
2018-06-12,19.16,7.57,12.43,0.54,0.27,7.82,9.54
2018-06-13,18.94,6.52,11.62,0.29,0.27,7.01,11.75
2018-06-14,18.55,4.79,10.76,0.0,0.27,3.53,13.4
2018-06-15,19.93,4.83,11.29,0.0,0.27,1.0,14.04
2018-06-16,22.02,5.7,12.42,0.0,0.27,0.33,14.07
2018-06-17,25.42,6.61,15.22,0.1,0.27,1.87,13.39
2018-06-18,16.67,7.58,12.79,11.13,0.28,7.9,5.97
2018-06-19,17.58,5.11,10.86,0.23,0.29,5.81,12.36
2018-06-20,19.89,5.25,12.14,0.01,0.28,3.83,13.36
2018-06-21,20.74,5.85,12.42,0.14,0.28,4.37,12.39
2018-06-22,20.9,6.15,12.77,0.0,0.28,5.31,13.17
2018-06-23,20.95,6.17,12.73,0.08,0.28,3.76,13.74
2018-06-24,20.63,5.97,12.43,0.0,0.28,3.08,13.53
2018-06-25,19.8,5.92,12.2,0.0,0.28,2.51,13.86
2018-06-26,21.55,8.67,13.86,0.0,0.28,1.06,11.61
2018-06-27,21.05,7.97,13.84,3.04,0.28,6.54,7.26
2018-06-28,19.13,8.04,13.66,1.4,0.28,8.72,12.65
2018-06-29,17.37,3.96,9.85,0.0,0.28,1.25,13.92
2018-06-30,20.72,3.08,11.02,0.0,0.28,-0.05,11.68
2018-07-01,22.56,8.52,14.42,0.0,0.28,0.23,11.23
2018-07-02,22.66,10.37,16.73,14.7,0.28,6.84,7.26
2018-07-03,18.84,10.53,15.14,16.72,0.34,11.57,10.66
2018-07-04,18.44,9.99,13.16,3.59,0.33,9.55,10.49
2018-07-05,16.37,6.7,11.56,1.25,0.33,7.12,12.53
2018-07-06,16.65,3.65,9.54,0.0,0.33,4.36,13.94
2018-07-07,17.03,5.81,10.38,0.0,0.32,2.55,8.91
2018-07-08,20.41,4.47,11.1,0.0,0.32,1.39,14.49
2018-07-09,22.78,5.25,12.81,0.0,0.32,0.28,13.47
2018-07-10,24.49,6.57,13.96,0.0,0.32,2.32,14.33
2018-07-11,21.46,6.83,12.98,0.0,0.32,7.5,13.82
2018-07-12,19.67,8.07,12.6,0.01,0.31,7.51,13.73
2018-07-13,19.21,9.92,13.41,2.02,0.32,8.98,10.32
2018-07-14,18.78,9.63,13.28,2.57,0.32,8.24,11.69
2018-07-15,16.67,7.71,11.59,0.29,0.32,7.44,11.87
2018-07-16,17.3,9.84,13.1,0.59,0.32,10.77,10.07
2018-07-17,19.42,7.86,12.76,0.03,0.32,7.95,13.72
2018-07-18,18.58,7.54,11.9,0.02,0.32,6.83,7.81
2018-07-19,19.09,6.23,11.69,0.01,0.32,6.53,13.54
2018-07-20,21.86,4.7,11.88,0.0,0.31,3.57,15.3
2018-07-21,20.7,7.67,14.07,5.27,0.31,11.15,10.37
2018-07-22,19.02,11.22,14.94,16.61,0.34,12.04,9.85
2018-07-23,17.96,10.16,13.32,0.45,0.35,9.71,11.12
2018-07-24,18.57,10.81,14.09,0.84,0.35,10.06,12.58
2018-07-25,20.87,7.98,13.79,8.26,0.34,7.79,12.51
2018-07-26,17.93,9.45,13.26,1.32,0.35,10.95,11.1
2018-07-27,18.45,8.36,13.32,2.52,0.35,10.84,11.25
2018-07-28,18.37,6.73,11.42,0.24,0.35,6.97,14.05
2018-07-29,19.67,5.73,11.92,0.0,0.35,5.59,15.15
2018-07-30,20.11,7.57,13.18,0.18,0.35,8.12,13.61
2018-07-31,20.95,7.69,13.28,0.11,0.35,7.88,15.9
2018-08-01,17.4,7.75,10.96,14.96,0.36,8.46,7.17
2018-08-02,15.15,4.69,10.0,1.48,0.37,6.19,13.93
2018-08-03,15.54,10.35,12.51,5.39,0.37,9.66,11.0
2018-08-04,14.77,6.82,11.63,3.73,0.38,7.91,13.55
2018-08-05,14.41,5.18,9.28,0.24,0.37,5.06,11.06
2018-08-06,16.94,3.39,9.68,0.0,0.37,5.2,15.98
2018-08-07,18.63,8.21,12.29,0.01,0.37,8.73,11.55
2018-08-08,20.14,7.03,12.39,0.12,0.37,8.04,14.69
2018-08-09,15.09,7.88,11.55,7.13,0.37,8.47,10.09
2018-08-10,15.28,5.21,9.41,0.16,0.37,3.88,17.78
2018-08-11,17.53,2.08,9.15,0.02,0.37,2.3,17.7
2018-08-12,21.02,3.34,11.83,0.06,0.37,-0.39,17.77
2018-08-13,23.39,4.86,12.93,0.0,0.36,0.1,18.01
2018-08-14,16.59,6.96,11.67,3.61,0.36,9.3,7.2
2018-08-15,17.34,6.39,11.03,0.04,0.37,6.33,14.12
2018-08-16,18.78,3.79,10.99,0.03,0.36,5.29,17.96
2018-08-17,20.17,5.82,12.38,0.05,0.36,7.57,13.34
2018-08-18,22.19,5.97,13.11,0.0,0.36,3.96,19.05
2018-08-19,27.23,7.3,16.33,0.0,0.35,4.34,18.77
2018-08-20,26.58,10.07,16.97,0.03,0.35,5.45,14.04
2018-08-21,19.57,9.52,14.31,0.45,0.35,10.32,13.61
2018-08-22,17.75,6.73,11.09,0.09,0.35,4.96,17.29
2018-08-23,19.22,4.07,10.85,0.0,0.35,3.88,19.9
2018-08-24,21.47,4.79,12.48,0.0,0.34,4.45,20.0
2018-08-25,23.22,5.61,13.89,0.0,0.34,2.33,20.15
2018-08-26,25.28,6.49,14.81,0.0,0.34,2.46,20.18
2018-08-27,21.35,6.77,13.24,0.0,0.34,7.65,18.11
2018-08-28,18.18,7.84,11.95,9.58,0.34,9.88,14.26
2018-08-29,15.32,7.75,10.83,6.34,0.36,7.59,15.55
2018-08-30,18.34,7.44,12.51,3.03,0.36,8.88,14.43
2018-08-31,17.38,5.4,11.18,0.05,0.36,5.37,12.64
2018-09-01,19.7,6.63,12.61,0.0,0.36,4.27,17.51
2018-09-02,22.82,4.11,12.83,0.0,0.35,3.78,20.56
2018-09-03,22.48,4.97,13.24,0.0,0.35,5.32,21.21
2018-09-04,20.0,7.56,13.14,0.52,0.35,9.28,17.42
2018-09-05,17.86,6.57,12.42,0.57,0.35,6.33,13.85
2018-09-06,17.88,3.29,10.4,0.0,0.34,4.34,16.99
2018-09-07,20.29,5.56,12.28,0.01,0.34,6.76,18.51
2018-09-08,22.36,7.83,13.88,0.0,0.34,6.82,21.64
2018-09-09,29.06,6.49,16.58,0.01,0.34,6.77,21.87
2018-09-10,21.7,9.18,14.62,0.51,0.33,9.81,15.76
2018-09-11,20.07,7.78,13.36,0.38,0.33,6.27,19.05
2018-09-12,21.59,5.29,12.57,0.0,0.33,4.55,23.21
2018-09-13,21.43,7.01,12.85,0.0,0.33,6.62,20.84
2018-09-14,20.1,7.61,13.11,0.13,0.33,5.76,22.59
2018-09-15,22.62,4.77,12.56,0.0,0.33,-0.95,24.45
2018-09-16,28.59,5.82,15.58,0.0,0.32,-0.64,24.33
2018-09-17,19.24,7.76,12.43,0.0,0.32,3.75,23.73
2018-09-18,21.11,6.85,13.04,0.0,0.32,3.97,24.25
2018-09-19,24.39,6.91,15.01,0.0,0.32,5.29,23.95
2018-09-20,27.26,8.3,18.1,0.0,0.31,2.19,24.61
2018-09-21,29.89,9.65,19.6,0.0,0.31,-0.08,24.36
2018-09-22,31.3,9.13,19.4,0.0,0.31,1.27,23.93
2018-09-23,30.6,11.66,20.36,0.0,0.31,7.42,23.94
2018-09-24,29.59,11.45,19.61,0.0,0.3,10.03,23.5
2018-09-25,27.27,9.82,17.89,0.0,0.3,6.55,24.84
2018-09-26,27.51,10.0,17.77,0.0,0.3,7.86,24.47
2018-09-27,28.99,9.51,18.76,0.0,0.3,6.39,25.32
2018-09-28,30.51,12.56,21.49,0.18,0.3,7.37,24.77
2018-09-29,28.87,15.95,22.02,0.29,0.29,8.8,24.04
2018-09-30,24.31,13.36,18.06,2.0,0.3,12.13,17.62
2018-10-01,26.11,13.07,19.16,0.13,0.3,11.01,20.47
2018-10-02,29.38,12.32,20.56,0.0,0.29,8.91,21.22
2018-10-03,27.75,14.71,20.02,2.16,0.29,10.7,17.28
2018-10-04,25.95,13.77,19.61,2.56,0.3,12.26,13.75
2018-10-05,25.21,12.17,17.69,0.47,0.3,10.97,21.94
2018-10-06,28.5,11.72,19.7,0.11,0.29,9.42,25.85
2018-10-07,29.76,12.89,21.28,0.47,0.29,9.69,22.11
2018-10-08,29.05,14.1,21.96,0.01,0.29,10.96,24.65
2018-10-09,32.31,17.61,24.03,0.09,0.29,10.12,24.08
2018-10-10,28.97,13.94,21.08,0.01,0.29,10.44,25.67
2018-10-11,27.27,10.51,18.31,0.0,0.28,10.05,25.27
2018-10-12,28.12,13.51,19.67,0.42,0.28,10.61,19.1
2018-10-13,21.52,13.01,16.74,6.56,0.29,11.95,17.43
2018-10-14,22.01,10.09,16.01,1.29,0.29,7.56,25.05
2018-10-15,26.43,7.04,16.59,0.0,0.29,4.43,28.48
2018-10-16,31.64,9.32,20.87,0.0,0.29,4.2,28.82
2018-10-17,34.45,14.34,22.92,0.01,0.28,4.14,27.38
2018-10-18,20.65,10.5,15.69,1.37,0.28,8.44,15.97
2018-10-19,24.1,10.16,16.29,0.02,0.28,4.79,27.78
2018-10-20,28.89,8.16,18.04,0.0,0.28,5.7,29.16
2018-10-21,26.64,9.74,17.71,0.0,0.28,9.61,27.72
2018-10-22,26.08,10.31,17.78,0.0,0.28,6.61,29.05
2018-10-23,29.34,9.11,18.94,0.0,0.28,4.9,28.59
2018-10-24,25.75,9.6,16.93,0.0,0.27,8.3,22.82
2018-10-25,30.13,11.46,20.32,0.0,0.27,9.84,28.75
2018-10-26,32.58,13.54,22.84,0.0,0.27,9.7,28.92
2018-10-27,33.92,14.72,24.17,0.0,0.27,10.11,28.83
2018-10-28,34.73,17.29,25.63,0.0,0.27,7.96,29.31
2018-10-29,37.8,16.85,26.83,0.0,0.27,7.33,27.48
2018-10-30,34.4,14.81,24.09,0.0,0.26,10.2,27.59
2018-10-31,27.24,15.32,19.96,0.0,0.26,12.08,20.79
2018-11-01,26.88,14.37,18.97,0.0,0.26,8.51,18.59
2018-11-02,28.75,12.36,20.17,0.0,0.26,8.26,19.27
2018-11-03,32.14,14.69,22.54,0.0,0.26,8.62,22.01
2018-11-04,29.28,13.3,19.63,0.0,0.26,8.3,30.61
2018-11-05,25.44,11.71,17.55,0.03,0.26,6.99,24.68
2018-11-06,24.02,7.77,15.88,0.0,0.26,2.14,30.57
2018-11-07,30.11,8.28,19.23,0.0,0.26,-2.31,32.61
2018-11-08,36.18,12.57,24.89,0.0,0.26,-0.96,30.2
2018-11-09,37.81,18.07,27.8,1.01,0.25,8.73,22.72
2018-11-10,29.56,15.99,22.44,14.57,0.26,15.42,12.07
2018-11-11,28.56,14.08,20.32,2.48,0.28,11.54,14.62
2018-11-12,29.17,12.67,20.55,0.0,0.28,9.53,30.27
2018-11-13,32.54,13.47,23.49,0.0,0.27,9.09,31.36
2018-11-14,36.29,16.43,26.91,0.0,0.27,7.38,31.82
2018-11-15,40.42,20.56,30.75,3.24,0.27,8.5,28.83
2018-11-16,38.89,21.54,29.91,0.36,0.27,10.81,27.43
2018-11-17,33.93,17.69,24.94,0.03,0.27,9.51,28.2
2018-11-18,30.87,15.49,21.81,0.0,0.26,10.01,31.44
2018-11-19,26.64,14.55,19.71,0.0,0.26,6.22,31.74
2018-11-20,27.99,10.24,19.19,0.0,0.26,2.58,33.42
2018-11-21,30.84,11.44,21.44,0.0,0.26,0.08,31.5
2018-11-22,34.18,15.0,22.61,0.0,0.26,4.32,32.6
2018-11-23,26.2,14.73,19.93,0.19,0.26,9.85,26.88
2018-11-24,29.55,11.42,20.27,0.08,0.26,6.53,32.76
2018-11-25,27.48,11.4,18.78,0.01,0.25,7.07,32.61
2018-11-26,27.03,10.64,18.67,0.02,0.25,2.47,33.64
2018-11-27,32.5,12.34,22.68,0.0,0.25,-0.93,33.67
2018-11-28,37.48,14.81,26.24,0.0,0.25,1.24,33.34
2018-11-29,35.21,13.64,24.28,0.0,0.25,7.01,33.05
2018-11-30,33.69,15.01,23.86,0.0,0.25,6.91,32.23
2018-12-01,31.13,11.04,21.12,0.0,0.25,4.38,33.24
2018-12-02,37.62,13.48,26.64,0.0,0.25,4.38,33.55
2018-12-03,40.67,20.08,29.58,0.0,0.24,10.52,26.75
2018-12-04,34.47,16.02,23.65,0.01,0.24,10.86,33.26
2018-12-05,33.0,13.74,22.32,0.0,0.24,8.09,33.53
2018-12-06,29.12,15.4,21.31,0.01,0.24,8.58,24.9
2018-12-07,32.61,11.98,22.81,0.0,0.24,3.42,34.17
2018-12-08,37.25,15.18,26.97,0.0,0.24,1.98,27.84
2018-12-09,40.13,18.92,30.06,0.0,0.24,9.58,31.99
2018-12-10,39.23,19.36,28.54,0.0,0.24,12.08,31.0
2018-12-11,32.39,15.55,22.3,0.0,0.24,8.98,33.59
2018-12-12,32.94,14.69,23.79,0.1,0.24,9.64,32.05
2018-12-13,38.19,19.78,29.22,0.0,0.23,8.19,33.11
2018-12-14,40.38,22.77,31.99,0.0,0.23,5.48,29.76
2018-12-15,35.81,16.9,26.77,0.01,0.23,9.68,32.44
2018-12-16,27.91,15.82,21.79,0.33,0.23,12.35,24.81
2018-12-17,30.3,16.43,23.21,0.0,0.23,9.2,28.08
2018-12-18,31.94,16.45,24.3,0.0,0.23,7.31,33.54
2018-12-19,35.17,18.08,26.88,0.0,0.23,7.45,31.8
2018-12-20,38.08,18.65,29.14,0.0,0.23,4.53,33.76
2018-12-21,40.92,22.45,31.77,0.0,0.23,7.38,31.25
2018-12-22,36.91,24.74,30.74,0.71,0.23,8.68,21.88
2018-12-23,36.78,23.76,29.79,1.51,0.23,12.56,11.65
2018-12-24,39.82,20.64,30.79,0.02,0.23,8.97,32.51
2018-12-25,43.33,23.03,33.67,0.0,0.23,7.35,24.63
2018-12-26,40.71,24.39,32.1,0.03,0.22,8.43,21.86
2018-12-27,37.33,20.19,28.29,0.16,0.22,8.61,32.59
2018-12-28,32.53,16.28,24.11,0.0,0.22,8.45,33.61
2018-12-29,35.75,14.82,25.63,0.0,0.22,5.23,33.87
2018-12-30,38.97,16.48,28.17,0.0,0.22,5.73,33.59
2018-12-31,40.24,18.21,29.75,0.0,0.22,5.94,33.31
2019-01-01,39.7,19.07,28.14,0.0,0.22,10.93,33.68
2019-01-02,34.13,16.29,24.04,0.0,0.22,11.01,33.42
2019-01-03,34.29,15.63,23.62,0.0,0.22,11.01,26.28
2019-01-04,32.49,12.89,22.58,0.0,0.22,1.47,34.2
2019-01-05,38.66,16.75,28.42,0.0,0.22,2.67,29.16
2019-01-06,38.82,23.41,30.9,0.0,0.22,8.05,26.05
2019-01-07,41.21,21.15,31.23,0.0,0.22,3.59,33.31
2019-01-08,40.83,20.42,30.46,0.0,0.22,7.5,29.38
2019-01-09,39.13,23.21,31.2,0.0,0.21,8.33,32.22
2019-01-10,37.38,19.87,28.03,0.0,0.21,7.98,33.31
2019-01-11,36.61,15.8,26.45,0.0,0.21,5.42,33.12
2019-01-12,44.35,21.46,32.84,0.0,0.21,6.44,31.75
2019-01-13,38.21,18.87,28.1,0.0,0.21,8.01,33.43
2019-01-14,41.8,17.21,29.37,0.0,0.21,11.56,32.82
2019-01-15,40.14,18.82,28.2,0.0,0.21,11.83,32.16
2019-01-16,36.28,16.11,25.35,0.0,0.21,8.89,33.07
2019-01-17,36.34,14.84,25.43,0.0,0.21,7.85,33.29
2019-01-18,38.25,16.62,28.04,0.0,0.21,7.36,32.64
2019-01-19,41.68,23.65,32.7,0.0,0.21,6.19,32.96
2019-01-20,43.72,25.98,34.98,0.0,0.21,8.19,32.56
2019-01-21,45.72,26.48,35.66,0.0,0.21,6.94,32.22
2019-01-22,36.03,17.33,26.7,0.0,0.21,11.34,21.85
2019-01-23,27.35,15.38,20.39,0.0,0.21,8.18,30.02
2019-01-24,31.36,14.02,22.19,0.0,0.21,9.08,26.73
2019-01-25,38.07,14.06,26.71,0.0,0.21,5.91,32.15
2019-01-26,39.7,19.01,29.58,0.0,0.21,2.92,32.43
2019-01-27,40.5,21.9,31.17,0.0,0.21,1.85,32.42
2019-01-28,41.81,22.56,32.44,0.0,0.21,-0.56,33.33
2019-01-29,42.31,21.37,31.87,0.0,0.21,1.08,32.59
2019-01-30,39.98,17.09,29.14,0.0,0.2,3.49,32.47
2019-01-31,42.15,22.27,32.42,0.0,0.2,4.38,31.97
2019-02-01,44.89,25.44,34.88,0.0,0.2,4.82,31.36
2019-02-02,40.08,21.54,29.8,0.0,0.2,9.35,31.07
2019-02-03,35.51,20.13,26.88,0.0,0.2,6.67,30.74
2019-02-04,36.72,18.32,27.62,0.0,0.2,2.92,31.56
2019-02-05,38.91,21.19,30.3,0.0,0.2,5.32,31.1
2019-02-06,42.55,23.62,33.72,0.03,0.2,9.63,25.53
2019-02-07,42.65,27.3,34.48,0.27,0.2,12.37,26.69
2019-02-08,38.25,23.81,31.03,2.35,0.21,13.8,28.92
2019-02-09,39.76,24.49,32.36,0.0,0.21,10.71,29.36
2019-02-10,42.66,24.8,33.51,0.0,0.21,5.01,28.94
2019-02-11,39.19,21.38,29.5,0.0,0.2,4.96,29.27
2019-02-12,36.47,16.97,26.73,0.0,0.2,5.78,29.67
2019-02-13,38.82,21.38,30.05,0.02,0.2,5.35,26.49
2019-02-14,41.47,23.83,31.65,0.02,0.2,7.36,30.03
2019-02-15,37.44,18.26,27.14,0.0,0.2,9.39,30.35
2019-02-16,36.93,16.86,26.99,0.0,0.2,9.51,29.86
2019-02-17,37.83,21.47,29.22,0.0,0.2,8.77,29.66
2019-02-18,39.34,21.35,30.49,0.0,0.2,6.88,29.65
2019-02-19,40.73,21.76,30.81,0.0,0.2,6.62,29.01
2019-02-20,37.2,18.8,26.47,0.0,0.2,10.79,29.43
2019-02-21,35.08,16.78,24.55,0.0,0.2,11.64,29.26
2019-02-22,38.12,15.66,25.87,0.0,0.2,8.95,29.42
2019-02-23,38.98,17.0,26.96,0.0,0.2,6.86,27.98
2019-02-24,38.25,17.53,27.37,0.0,0.2,8.3,28.72
2019-02-25,42.91,21.35,31.85,0.0,0.2,7.01,28.62
2019-02-26,44.24,24.68,32.9,0.0,0.2,6.63,25.88
2019-02-27,43.74,20.6,31.34,0.0,0.2,11.72,27.44
2019-02-28,39.41,19.73,28.35,0.0,0.2,13.18,27.94
2019-03-01,31.15,18.04,23.24,0.0,0.2,10.19,25.95
2019-03-02,34.63,14.49,24.26,0.0,0.2,4.79,28.13
2019-03-03,41.13,18.01,29.99,0.0,0.2,6.66,26.03
2019-03-04,38.66,26.68,31.62,0.0,0.2,10.73,15.88
2019-03-05,34.11,26.41,29.93,0.03,0.2,11.45,13.9
2019-03-06,30.25,24.21,26.66,0.16,0.2,13.7,6.8
2019-03-07,38.12,23.25,29.76,0.19,0.2,12.69,9.21
2019-03-08,30.87,23.71,26.65,0.0,0.2,14.6,11.96
2019-03-09,36.5,22.08,28.78,0.0,0.2,16.58,17.37
2019-03-10,41.06,24.63,32.45,0.0,0.2,14.35,25.26
2019-03-11,41.12,23.69,31.98,0.0,0.2,12.41,25.49
2019-03-12,40.79,23.5,31.69,0.01,0.2,9.82,16.83
2019-03-13,39.53,22.02,29.98,0.01,0.2,10.65,24.68
2019-03-14,39.94,22.27,31.03,0.0,0.2,8.83,25.46
2019-03-15,37.47,20.74,28.24,0.0,0.2,11.57,25.03
2019-03-16,35.81,17.24,25.77,0.0,0.2,10.0,25.57
2019-03-17,37.61,18.04,27.97,0.01,0.2,10.25,24.54
2019-03-18,38.0,22.64,30.62,2.67,0.2,11.97,21.94
2019-03-19,38.2,23.37,30.52,1.13,0.21,14.82,19.65
2019-03-20,37.78,21.62,28.17,0.66,0.21,15.78,22.62
2019-03-21,36.17,20.86,27.34,0.04,0.21,16.09,15.82
2019-03-22,37.2,21.58,28.26,0.0,0.21,15.74,23.05
2019-03-23,34.32,20.97,27.32,0.0,0.21,14.1,22.37
2019-03-24,32.69,18.89,25.04,0.0,0.2,4.9,24.51
2019-03-25,32.54,15.48,23.79,0.0,0.2,3.03,25.02
2019-03-26,34.77,18.05,26.23,0.0,0.2,5.72,23.56
2019-03-27,38.78,24.34,30.85,0.0,0.2,7.66,17.84
2019-03-28,36.35,22.4,28.48,0.0,0.2,8.9,20.7
2019-03-29,32.34,16.67,24.1,0.0,0.2,5.62,23.83
2019-03-30,34.93,17.24,25.77,0.0,0.2,3.62,23.12
2019-03-31,37.44,20.15,28.71,0.71,0.2,5.52,17.51
2019-04-01,35.91,22.61,28.22,3.25,0.21,10.69,16.01
2019-04-02,34.8,20.75,27.38,0.53,0.21,13.04,14.8
2019-04-03,37.99,21.95,28.64,0.01,0.21,12.03,18.61
2019-04-04,29.19,15.89,22.6,0.0,0.21,13.03,18.65
2019-04-05,27.82,13.13,19.51,0.0,0.21,4.21,23.0
2019-04-06,35.41,14.0,23.73,0.0,0.21,1.26,22.49
2019-04-07,35.29,14.68,24.37,0.0,0.2,1.25,22.07
2019-04-08,37.0,16.36,26.02,0.0,0.2,1.83,21.89
2019-04-09,39.99,20.01,28.85,0.0,0.2,5.22,21.5
2019-04-10,38.48,21.55,28.39,0.0,0.2,6.09,14.75
2019-04-11,33.78,18.15,24.96,0.01,0.2,11.15,18.2
2019-04-12,29.41,18.86,23.71,0.03,0.2,14.76,18.31
2019-04-13,33.11,19.9,25.34,6.84,0.21,16.45,17.02
2019-04-14,26.16,16.32,20.07,9.74,0.23,14.05,16.57
2019-04-15,25.58,15.18,19.31,0.8,0.23,12.13,17.77
2019-04-16,26.81,13.85,19.21,0.23,0.23,12.59,12.46
2019-04-17,26.85,12.37,19.15,0.03,0.23,9.4,19.52
2019-04-18,27.42,15.11,20.46,0.03,0.23,8.37,12.17
2019-04-19,20.23,9.51,15.59,0.85,0.23,6.39,16.21
2019-04-20,18.91,7.11,12.56,0.06,0.23,1.66,20.01
2019-04-21,23.42,7.52,14.83,0.0,0.22,-1.03,19.39
2019-04-22,26.12,9.6,17.04,0.0,0.22,-1.25,19.74
2019-04-23,28.42,10.26,18.77,0.0,0.22,0.2,19.54
2019-04-24,29.75,11.84,20.13,0.0,0.22,-0.12,19.6
2019-04-25,30.37,12.77,20.92,0.0,0.22,1.29,19.38
2019-04-26,29.28,13.89,20.9,0.0,0.22,2.75,19.09
2019-04-27,29.22,12.93,20.24,0.0,0.22,2.08,19.07
2019-04-28,30.68,12.53,21.72,0.0,0.22,0.32,18.65
2019-04-29,29.04,13.06,20.64,0.0,0.22,5.59,9.38
2019-04-30,21.99,8.48,14.72,0.0,0.22,3.84,18.63
2019-05-01,20.44,8.28,13.98,0.0,0.22,4.9,17.88
2019-05-02,23.39,7.37,14.7,0.0,0.22,-2.13,18.36
2019-05-03,29.61,8.99,18.1,0.0,0.22,-2.13,17.92
2019-05-04,28.41,12.49,19.33,0.15,0.22,12.49,12.92
2019-05-05,30.25,14.45,20.7,0.03,0.22,13.57,16.74
2019-05-06,23.69,12.34,17.73,0.39,0.22,9.33,15.38
2019-05-07,23.9,8.56,15.51,0.0,0.22,3.78,17.34
2019-05-08,25.13,8.92,16.44,0.0,0.22,5.28,17.1
2019-05-09,24.1,9.25,15.73,0.0,0.22,0.99,17.21
2019-05-10,24.03,8.32,15.36,0.0,0.22,-0.92,17.14
2019-05-11,24.68,8.67,15.93,0.0,0.22,0.08,16.92
2019-05-12,25.87,9.76,17.39,0.0,0.22,-0.16,16.48
2019-05-13,26.51,9.25,17.28,0.0,0.21,-1.42,16.48
2019-05-14,27.63,10.64,18.43,0.0,0.21,-2.24,14.0
2019-05-15,29.78,13.17,20.0,0.0,0.21,-4.34,15.18
2019-05-16,21.66,11.06,16.19,0.46,0.21,6.11,8.07
2019-05-17,16.89,6.78,11.07,0.1,0.21,0.96,16.18
2019-05-18,18.26,3.62,10.14,0.0,0.21,-0.52,16.07
2019-05-19,24.57,4.47,13.63,0.0,0.21,-3.37,15.22
2019-05-20,23.61,8.43,15.56,0.02,0.21,10.49,9.01
2019-05-21,24.68,10.71,16.6,0.0,0.21,9.49,13.89
2019-05-22,29.15,10.84,18.5,0.0,0.21,6.78,14.87
2019-05-23,26.54,10.43,17.51,0.0,0.21,7.44,11.1
2019-05-24,26.14,12.01,18.22,0.0,0.21,7.88,12.92
2019-05-25,25.78,12.51,18.21,0.0,0.21,5.2,13.15
2019-05-26,26.03,11.25,17.66,0.0,0.21,1.91,14.31
2019-05-27,21.78,12.19,16.32,0.0,0.21,4.98,13.44
2019-05-28,26.22,11.7,17.96,0.0,0.21,7.88,14.26
2019-05-29,25.04,10.73,16.81,0.0,0.21,3.31,14.47
2019-05-30,24.0,9.52,16.09,0.0,0.21,-0.37,13.57
2019-05-31,25.4,12.23,17.38,0.0,0.21,-1.48,11.57
2019-06-01,24.32,8.33,15.08,0.0,0.21,-4.29,14.53
2019-06-02,23.53,6.71,14.33,0.0,0.21,-5.5,14.92
2019-06-03,22.32,7.66,14.39,0.0,0.21,-2.01,14.39
2019-06-04,22.53,7.31,13.9,0.0,0.21,-3.13,14.79
2019-06-05,23.03,7.25,14.11,0.0,0.21,-4.92,13.34
2019-06-06,22.45,10.79,15.65,0.0,0.21,-7.81,10.25
2019-06-07,16.5,11.27,13.45,19.87,0.24,5.97,4.05
2019-06-08,17.27,9.9,13.44,11.79,0.25,8.5,10.36
2019-06-09,16.34,9.33,12.53,2.04,0.27,7.15,11.51
2019-06-10,17.53,8.48,13.43,12.7,0.28,10.76,7.25
2019-06-11,16.05,7.41,11.2,2.62,0.29,7.29,11.14
2019-06-12,16.41,8.4,12.21,0.52,0.29,8.16,9.48
2019-06-13,17.51,10.15,12.98,0.08,0.28,6.9,10.68
2019-06-14,19.64,6.71,12.48,0.39,0.28,7.26,11.64
2019-06-15,19.32,6.82,12.01,0.21,0.28,7.41,13.07
2019-06-16,18.59,5.86,11.8,0.02,0.28,5.61,9.41
2019-06-17,19.96,8.38,12.88,0.09,0.28,5.02,12.68
2019-06-18,19.87,5.25,11.58,0.0,0.27,3.36,14.08
2019-06-19,19.85,4.2,10.85,0.0,0.27,-1.33,13.92
2019-06-20,24.1,6.13,14.13,0.0,0.27,0.04,10.2
2019-06-21,24.37,10.55,16.31,0.0,0.27,6.55,11.12
2019-06-22,23.85,10.07,16.92,0.95,0.27,11.2,12.09
2019-06-23,19.29,9.74,15.55,17.94,0.29,13.94,3.53
2019-06-24,19.0,8.44,12.84,0.04,0.3,7.66,12.28
2019-06-25,22.94,6.77,13.61,0.0,0.3,6.89,13.39
2019-06-26,21.93,8.57,14.63,8.73,0.3,11.21,3.86
2019-06-27,17.67,11.14,13.79,18.94,0.34,9.88,10.81
2019-06-28,15.23,6.52,10.18,0.85,0.34,5.42,13.71
2019-06-29,15.92,2.97,9.07,0.0,0.34,0.74,14.16
2019-06-30,16.79,3.35,9.1,0.09,0.33,-1.44,10.27
2019-07-01,19.32,6.83,12.13,0.2,0.33,7.5,12.19
2019-07-02,20.6,6.55,12.61,0.0,0.33,6.28,13.48
2019-07-03,23.56,5.71,14.03,0.0,0.33,4.5,13.67
2019-07-04,22.97,8.14,14.3,24.61,0.34,9.65,5.44
2019-07-05,14.49,6.97,10.08,0.94,0.37,6.88,11.86
2019-07-06,16.66,6.17,10.43,0.14,0.36,5.55,12.46
2019-07-07,19.18,3.85,10.98,0.0,0.36,2.77,14.12
2019-07-08,21.24,7.97,12.79,0.0,0.35,2.96,14.21
2019-07-09,18.94,6.14,11.23,0.11,0.35,7.65,13.04
2019-07-10,18.35,5.4,10.72,0.01,0.35,7.02,11.44
2019-07-11,19.66,5.44,11.48,0.02,0.35,7.17,13.72
2019-07-12,19.47,6.27,11.42,0.05,0.35,5.49,14.63
2019-07-13,19.97,5.11,11.46,0.01,0.35,4.07,14.82
2019-07-14,19.13,4.8,10.81,0.0,0.34,1.91,14.93
2019-07-15,20.5,5.8,11.68,0.0,0.34,2.5,14.92
2019-07-16,20.92,4.9,11.94,0.0,0.34,2.55,15.06
2019-07-17,23.0,4.89,12.46,0.0,0.34,1.73,15.07
2019-07-18,22.89,4.28,12.26,0.0,0.34,3.11,15.09
2019-07-19,20.14,5.15,12.82,5.31,0.34,7.35,14.13
2019-07-20,17.29,7.02,11.58,0.1,0.34,6.99,12.95
2019-07-21,18.64,6.02,11.94,0.18,0.34,9.15,9.18
2019-07-22,19.28,9.07,13.21,0.39,0.34,9.99,11.16
2019-07-23,19.38,5.35,11.56,0.01,0.34,6.19,15.1
2019-07-24,22.64,5.7,13.08,0.0,0.34,4.74,15.38
2019-07-25,20.46,8.03,13.27,0.0,0.34,8.15,11.78
2019-07-26,20.62,8.48,13.64,0.0,0.33,6.31,13.12
2019-07-27,21.86,8.64,15.01,0.0,0.33,6.17,14.17
2019-07-28,21.6,7.41,13.92,0.0,0.33,6.0,15.19
2019-07-29,22.16,7.57,13.87,0.0,0.33,6.07,15.7
2019-07-30,22.35,8.33,14.19,0.0,0.33,4.87,16.1
2019-07-31,20.61,7.36,12.88,0.0,0.33,1.31,16.23
2019-08-01,21.91,5.58,12.86,0.0,0.32,1.28,16.67
2019-08-02,26.13,8.42,16.09,0.0,0.32,3.36,16.3
2019-08-03,25.29,9.33,16.17,0.01,0.32,6.29,12.12
2019-08-04,23.22,10.62,16.05,0.02,0.32,11.63,12.76
2019-08-05,19.99,8.74,13.28,0.29,0.32,9.11,13.9
2019-08-06,19.23,8.94,13.26,0.85,0.32,8.94,13.3
2019-08-07,18.41,4.52,10.94,0.0,0.32,4.03,15.48
2019-08-08,18.08,3.14,9.99,0.0,0.32,4.02,16.76
2019-08-09,19.19,4.54,11.28,0.0,0.32,5.43,15.94
2019-08-10,21.03,5.97,12.87,0.0,0.31,5.69,17.39
2019-08-11,23.28,7.63,14.43,0.0,0.31,3.75,17.69
2019-08-12,25.31,7.54,15.21,0.03,0.31,3.19,17.39
2019-08-13,22.04,9.54,14.6,0.67,0.31,11.07,14.13
2019-08-14,18.4,8.05,13.06,3.62,0.31,10.42,11.39
2019-08-15,17.89,6.25,10.66,0.08,0.32,4.34,18.5
2019-08-16,19.5,2.94,11.71,1.82,0.31,3.12,17.25
2019-08-17,17.32,4.72,10.58,0.06,0.31,4.43,15.59
2019-08-18,17.9,2.89,9.93,0.0,0.31,2.23,18.93
2019-08-19,20.54,3.33,11.16,0.0,0.31,-0.16,18.76
2019-08-20,23.3,5.62,13.22,0.0,0.31,-1.75,19.18
2019-08-21,24.45,5.71,14.05,0.0,0.31,-3.03,19.75
2019-08-22,26.49,5.49,15.56,1.01,0.3,-0.58,17.84
2019-08-23,18.46,9.26,13.49,4.32,0.31,7.34,16.51
2019-08-24,19.49,5.37,11.57,0.0,0.31,2.71,20.16
2019-08-25,22.7,4.89,13.43,0.0,0.31,1.63,19.65
2019-08-26,23.35,7.1,14.57,0.0,0.31,1.94,20.32
2019-08-27,26.1,6.78,16.31,0.0,0.3,1.07,20.43
2019-08-28,30.47,10.86,19.39,0.0,0.3,2.43,20.36
2019-08-29,22.22,13.91,17.44,2.92,0.3,13.08,11.55
2019-08-30,19.48,12.19,15.28,5.7,0.31,10.96,16.41
2019-08-31,22.35,11.03,15.64,0.18,0.31,8.88,17.62
2019-09-01,21.34,8.15,14.59,1.12,0.31,9.41,17.29
2019-09-02,22.03,9.29,14.61,0.35,0.31,8.4,20.07
2019-09-03,20.44,8.44,13.83,0.04,0.31,8.2,17.51
2019-09-04,20.35,6.83,13.17,0.0,0.3,5.77,17.73
2019-09-05,21.24,5.01,12.34,0.0,0.3,1.16,22.49
2019-09-06,24.42,5.71,14.15,0.0,0.3,-1.83,22.09
2019-09-07,27.42,7.32,16.55,0.0,0.3,-1.35,22.28
2019-09-08,29.9,7.84,18.3,0.0,0.3,1.9,22.53
2019-09-09,33.71,12.21,21.53,0.0,0.29,2.32,22.71
2019-09-10,31.77,12.35,20.95,0.0,0.29,9.17,21.97
2019-09-11,28.31,13.12,19.39,0.0,0.29,8.74,21.49
2019-09-12,32.04,13.55,21.37,0.0,0.29,5.73,22.49
2019-09-13,34.46,12.65,22.85,0.0,0.29,8.52,20.05
2019-09-14,34.0,13.95,23.06,0.0,0.28,8.28,22.44
2019-09-15,30.6,13.32,21.16,0.0,0.28,10.26,22.69
2019-09-16,31.73,13.52,21.91,0.0,0.28,9.57,21.64
2019-09-17,28.92,13.19,20.05,0.0,0.28,10.6,23.23
2019-09-18,26.09,10.65,17.22,0.69,0.28,10.19,21.39
2019-09-19,19.02,8.46,14.01,1.88,0.28,5.55,19.31
2019-09-20,19.95,4.75,12.38,0.0,0.28,0.03,24.85
2019-09-21,22.35,6.36,14.1,0.0,0.28,-0.76,25.13
2019-09-22,24.34,6.47,14.98,0.0,0.28,-1.27,25.16
2019-09-23,27.7,8.51,17.7,0.0,0.28,-1.45,25.31
2019-09-24,31.03,12.07,20.64,0.0,0.27,-0.52,25.14
2019-09-25,29.28,9.11,18.35,0.0,0.27,1.46,25.28
2019-09-26,28.39,10.83,19.08,0.0,0.27,7.67,23.8
2019-09-27,30.8,11.32,20.76,0.0,0.27,7.44,24.67
2019-09-28,30.1,12.25,20.34,0.0,0.27,8.85,24.56
2019-09-29,33.34,11.95,22.38,0.0,0.27,9.38,24.72
2019-09-30,30.95,13.79,20.75,0.0,0.27,10.41,25.58
2019-10-01,30.27,12.86,20.38,0.03,0.26,9.47,20.21
2019-10-02,29.48,10.79,19.56,0.0,0.26,8.01,24.45
2019-10-03,31.03,11.36,20.68,0.0,0.26,4.44,25.85
2019-10-04,22.26,13.57,16.84,0.43,0.26,9.41,21.82
2019-10-05,26.02,12.37,18.42,0.3,0.26,10.23,20.54
2019-10-06,28.59,10.36,19.18,0.0,0.26,6.26,26.05
2019-10-07,31.3,11.22,21.07,0.0,0.26,1.05,27.26
2019-10-08,36.6,14.95,24.57,0.0,0.26,1.85,25.73
2019-10-09,37.27,13.36,24.49,0.0,0.26,5.77,27.06
2019-10-10,32.69,13.63,21.9,0.0,0.25,9.69,26.84
2019-10-11,31.48,11.42,20.9,0.32,0.25,10.22,25.84
2019-10-12,25.64,13.72,19.22,1.91,0.26,10.36,18.37
2019-10-13,27.14,9.72,17.98,0.0,0.26,4.62,27.88
2019-10-14,27.35,9.54,18.15,0.0,0.25,7.41,24.65
2019-10-15,24.6,8.75,16.38,0.0,0.25,2.76,28.66
2019-10-16,26.52,7.75,17.2,0.0,0.25,1.38,27.86
2019-10-17,30.66,9.52,20.03,0.0,0.25,-0.08,27.35
2019-10-18,33.8,11.35,22.64,0.0,0.25,1.96,27.68
2019-10-19,35.27,15.69,24.44,0.0,0.25,2.41,25.42
2019-10-20,31.7,13.52,21.57,0.0,0.25,10.87,28.56
2019-10-21,31.46,13.07,20.84,0.0,0.25,8.08,27.65
2019-10-22,33.94,11.19,21.84,0.0,0.24,6.72,29.3
2019-10-23,29.89,12.31,20.08,0.29,0.24,9.33,29.25
2019-10-24,27.53,12.17,19.05,0.85,0.24,5.05,29.55
2019-10-25,29.62,8.84,19.13,0.0,0.24,0.56,30.41
2019-10-26,34.23,12.84,23.64,0.0,0.24,0.34,30.36
2019-10-27,38.51,15.92,26.95,0.0,0.24,-0.37,30.59
2019-10-28,34.35,14.95,24.14,0.0,0.24,9.02,29.5
2019-10-29,35.17,14.87,23.96,0.0,0.24,7.1,27.68
2019-10-30,29.42,14.35,20.6,1.3,0.24,10.61,27.93
2019-10-31,21.39,12.17,16.29,2.42,0.24,6.8,23.73
2019-11-01,19.29,10.26,14.82,0.6,0.24,7.37,21.65
2019-11-02,24.96,12.99,18.05,0.09,0.24,5.64,24.63
2019-11-03,28.98,9.64,19.51,0.0,0.24,3.96,31.16
2019-11-04,34.38,11.36,23.22,0.0,0.24,1.46,31.56
2019-11-05,35.91,12.46,24.18,0.0,0.24,1.88,31.68
2019-11-06,35.76,13.54,24.74,0.0,0.24,3.11,31.41
2019-11-07,36.77,15.35,26.16,0.0,0.23,-0.39,31.7
2019-11-08,38.05,17.55,28.17,0.0,0.23,2.28,29.44
2019-11-09,41.27,21.74,31.05,0.0,0.23,3.05,25.37
2019-11-10,34.42,16.68,24.64,0.0,0.23,7.18,31.3
2019-11-11,36.4,15.94,26.7,0.13,0.23,5.33,29.2
2019-11-12,33.59,22.37,27.07,0.17,0.23,5.65,25.71
2019-11-13,38.87,19.7,29.32,0.0,0.23,5.23,31.36
2019-11-14,41.22,21.45,31.34,0.0,0.23,5.76,30.39
2019-11-15,42.91,21.19,32.11,0.0,0.23,4.66,29.32
2019-11-16,44.27,22.07,32.96,0.0,0.23,5.41,31.51
2019-11-17,43.94,20.93,32.44,0.0,0.22,8.19,31.42
2019-11-18,44.11,21.36,32.38,0.0,0.22,8.87,29.87
2019-11-19,36.16,17.06,25.95,0.0,0.22,10.05,26.85
2019-11-20,27.55,14.6,19.91,0.0,0.22,3.96,31.56
2019-11-21,32.58,10.52,21.78,0.0,0.22,-2.93,33.58
2019-11-22,34.26,13.12,24.2,0.0,0.22,-0.28,29.55
2019-11-23,37.84,16.7,27.37,0.0,0.22,0.27,33.26
2019-11-24,37.32,16.92,27.47,0.0,0.22,3.18,29.31
2019-11-25,35.47,17.74,26.69,0.0,0.22,5.53,31.58
2019-11-26,37.74,19.05,28.48,0.0,0.22,0.77,32.97
2019-11-27,39.69,19.94,30.42,0.0,0.22,-2.03,31.36
2019-11-28,36.41,20.09,27.86,0.0,0.22,4.3,32.56
2019-11-29,31.67,16.58,24.1,0.0,0.22,1.14,33.84
2019-11-30,33.3,14.36,23.95,0.0,0.22,-0.69,34.16
2019-12-01,35.92,15.82,26.23,0.0,0.22,-1.86,33.82
2019-12-02,38.2,18.93,28.91,0.0,0.21,3.21,32.95
2019-12-03,41.96,22.75,32.97,0.0,0.21,4.32,31.05
2019-12-04,42.86,24.03,33.36,0.0,0.21,4.07,28.98
2019-12-05,43.34,23.21,33.46,0.07,0.21,4.88,27.8
2019-12-06,42.62,24.69,32.6,0.49,0.21,7.12,26.55
2019-12-07,34.75,18.91,26.57,0.0,0.21,8.09,31.68
2019-12-08,31.33,14.8,23.21,0.0,0.21,6.35,33.07
2019-12-09,36.07,16.47,26.66,0.0,0.21,3.6,33.68
2019-12-10,40.8,19.36,30.84,0.0,0.21,3.55,31.37
2019-12-11,43.06,23.83,33.46,0.05,0.21,8.22,31.87
2019-12-12,40.93,24.48,32.75,0.01,0.21,8.84,33.27
2019-12-13,40.54,23.45,32.1,0.0,0.21,-2.05,34.72
2019-12-14,42.44,23.6,33.48,0.0,0.21,1.38,34.84
2019-12-15,43.07,26.11,34.32,0.0,0.21,6.54,26.57
2019-12-16,40.55,22.83,31.18,0.07,0.21,9.21,32.34
2019-12-17,41.79,20.75,31.12,0.0,0.21,9.71,33.25
2019-12-18,40.77,20.35,29.19,0.0,0.21,11.68,33.06
2019-12-19,33.31,17.76,24.36,0.05,0.21,13.72,28.5
2019-12-20,33.82,14.79,24.42,0.0,0.21,4.66,33.6
2019-12-21,42.91,18.65,30.15,0.0,0.21,6.12,32.93
2019-12-22,40.35,19.06,29.11,0.0,0.21,10.3,31.87
2019-12-23,40.01,19.24,29.5,0.0,0.21,11.28,31.01
2019-12-24,42.18,20.85,31.78,0.0,0.21,10.8,31.6
2019-12-25,44.11,26.18,33.76,0.0,0.2,15.0,20.08
2019-12-26,44.3,24.24,33.92,0.73,0.21,15.18,26.11
2019-12-27,39.65,21.4,29.84,0.02,0.21,10.64,30.52
2019-12-28,39.03,18.46,28.75,0.0,0.2,5.76,32.32
2019-12-29,36.83,17.96,26.42,0.0,0.2,8.98,32.87
2019-12-30,33.94,17.58,25.24,0.0,0.2,6.41,33.98
2019-12-31,38.85,16.89,28.47,0.0,0.2,0.86,34.1
2020-01-01,42.81,19.31,30.85,0.0,0.2,4.44,33.74
2020-01-02,33.84,17.02,24.14,0.0,0.2,10.01,33.26
2020-01-03,27.59,15.15,20.77,0.02,0.2,4.43,31.46
2020-01-04,32.08,13.82,23.1,0.0,0.2,2.5,34.42
2020-01-05,36.91,17.89,27.91,0.0,0.2,6.09,33.55
2020-01-06,41.17,21.13,31.84,0.0,0.2,3.1,32.75
2020-01-07,43.09,21.36,32.61,0.0,0.2,4.15,32.66
2020-01-08,42.07,20.29,30.13,0.0,0.2,8.69,33.29
2020-01-09,35.88,17.87,27.12,0.0,0.2,9.23,33.16
2020-01-10,36.45,20.53,28.09,0.0,0.2,3.77,34.01
2020-01-11,37.05,20.19,28.7,0.0,0.2,11.09,32.18
2020-01-12,39.62,24.71,32.03,0.0,0.2,12.52,30.95
2020-01-13,42.17,24.15,33.87,0.0,0.2,13.44,29.67
2020-01-14,42.38,27.92,34.8,1.91,0.2,18.22,27.45
2020-01-15,41.14,26.66,33.79,0.73,0.2,15.92,26.54
2020-01-16,41.18,25.96,33.39,0.07,0.2,14.46,26.18
2020-01-17,40.94,25.0,32.34,0.25,0.2,12.56,29.97
2020-01-18,38.03,20.57,29.46,0.0,0.2,11.54,31.7
2020-01-19,37.19,22.93,30.36,0.01,0.2,11.48,29.86
2020-01-20,39.54,23.54,31.42,0.03,0.2,9.75,28.49
2020-01-21,35.28,18.18,25.64,0.01,0.2,10.31,31.83
2020-01-22,32.56,15.7,23.81,0.0,0.2,7.45,32.32
2020-01-23,36.79,16.16,26.65,0.0,0.2,8.39,32.26
2020-01-24,39.48,19.54,30.0,0.0,0.2,2.92,32.68
2020-01-25,41.52,21.26,32.11,0.0,0.2,1.57,32.69
2020-01-26,43.09,22.36,33.59,0.0,0.2,2.27,31.94
2020-01-27,45.49,24.91,35.9,0.0,0.2,3.15,32.6
2020-01-28,46.4,25.96,35.65,0.0,0.2,5.56,30.53
2020-01-29,40.58,20.33,29.14,0.0,0.2,8.45,30.82
2020-01-30,27.96,16.61,22.32,0.13,0.2,11.06,28.0
2020-01-31,30.08,13.55,21.84,0.0,0.2,4.91,32.08
2020-02-01,35.37,15.65,25.72,0.0,0.2,2.73,30.38
2020-02-02,41.48,20.94,31.49,0.0,0.2,5.09,30.32
2020-02-03,43.89,25.63,33.99,0.62,0.2,9.96,29.62
2020-02-04,44.24,28.41,35.52,0.15,0.2,10.37,28.29
2020-02-05,44.31,26.43,34.98,0.06,0.2,10.67,29.22
2020-02-06,44.02,25.4,34.26,0.0,0.2,10.24,26.3
2020-02-07,44.42,25.14,33.97,0.11,0.2,12.86,25.08
2020-02-08,41.89,26.05,33.71,0.08,0.2,15.03,27.01
2020-02-09,37.49,20.87,28.69,0.0,0.2,12.57,29.85
2020-02-10,37.5,23.54,30.07,0.56,0.2,9.55,26.63
2020-02-11,32.31,21.09,26.4,1.84,0.21,15.8,16.75
2020-02-12,39.73,20.5,30.47,0.0,0.21,13.44,28.68
2020-02-13,41.14,24.8,31.98,0.25,0.2,15.17,23.28
2020-02-14,41.26,22.96,31.3,0.01,0.2,16.19,26.66
2020-02-15,36.4,21.26,27.52,0.0,0.2,15.13,28.98
2020-02-16,33.75,18.95,25.56,0.0,0.2,11.05,28.05
2020-02-17,37.93,17.23,28.2,0.0,0.2,9.33,29.73
2020-02-18,38.72,23.16,30.49,2.86,0.2,11.2,20.06
2020-02-19,37.68,22.85,28.88,22.98,0.22,16.7,23.76
2020-02-20,31.94,22.01,26.06,3.36,0.26,16.96,17.99
2020-02-21,29.09,21.39,25.23,1.17,0.25,14.68,19.21
2020-02-22,32.65,23.11,27.1,7.21,0.25,17.04,6.0
2020-02-23,31.85,20.65,26.45,18.02,0.28,20.09,25.58
2020-02-24,37.83,21.21,29.44,1.56,0.28,17.87,25.43
2020-02-25,38.44,22.54,30.48,2.91,0.28,17.97,22.41
2020-02-26,35.04,22.92,28.18,7.28,0.28,17.2,10.18
2020-02-27,39.16,22.55,29.55,0.84,0.28,15.46,22.64
2020-02-28,39.23,22.62,30.03,0.23,0.27,17.33,24.62
2020-02-29,34.56,19.53,25.87,0.01,0.27,14.39,24.24
2020-03-01,33.31,18.15,25.46,0.0,0.27,13.86,27.43
2020-03-02,31.72,18.14,24.84,0.0,0.27,12.27,23.76
2020-03-03,34.64,19.54,26.46,0.0,0.26,6.81,28.06
2020-03-04,37.01,17.95,27.58,0.0,0.26,4.53,27.44
2020-03-05,39.31,19.8,28.41,0.0,0.26,7.55,24.72
2020-03-06,31.09,18.28,23.44,0.0,0.26,13.54,26.06
2020-03-07,31.4,15.24,22.9,0.0,0.26,12.41,25.44
2020-03-08,34.03,15.9,24.78,0.0,0.26,11.39,26.43
2020-03-09,36.87,20.66,28.29,0.0,0.25,10.09,25.44
2020-03-10,38.04,21.72,30.16,0.0,0.25,10.19,24.06
2020-03-11,40.13,21.64,29.8,0.0,0.25,8.16,26.38
2020-03-12,36.81,18.38,27.26,0.0,0.25,11.29,25.7
2020-03-13,31.59,22.15,26.62,0.0,0.25,13.0,8.33
2020-03-14,36.07,21.69,27.8,5.06,0.25,17.05,10.46
2020-03-15,30.33,20.58,24.72,0.07,0.26,17.87,17.89
2020-03-16,29.48,18.67,22.81,0.0,0.26,15.36,18.01
2020-03-17,28.51,17.91,21.82,0.09,0.25,12.53,11.09
2020-03-18,27.4,15.02,20.93,0.12,0.25,7.99,21.85
2020-03-19,33.46,15.7,24.37,0.01,0.25,8.75,23.19
2020-03-20,31.21,19.73,24.0,0.0,0.25,14.19,20.62
2020-03-21,30.99,18.24,24.01,5.63,0.26,12.58,17.99
2020-03-22,34.23,17.79,25.82,0.92,0.26,12.5,23.71
2020-03-23,33.47,19.77,26.09,0.0,0.26,11.51,23.88
2020-03-24,35.66,17.97,26.87,0.0,0.25,9.61,23.63
2020-03-25,36.59,21.43,27.98,0.01,0.25,12.45,14.52
2020-03-26,38.27,21.18,29.72,0.07,0.25,9.8,21.24
2020-03-27,36.54,20.1,27.93,1.39,0.25,12.21,22.71
2020-03-28,30.53,18.61,23.2,0.34,0.25,13.05,14.16
2020-03-29,27.51,16.03,20.69,0.0,0.25,7.38,22.66
2020-03-30,27.52,12.04,19.52,0.0,0.25,6.62,22.29
2020-03-31,27.12,12.33,19.99,0.0,0.25,8.19,21.56
2020-04-01,32.06,13.89,22.27,0.0,0.25,9.18,21.2
2020-04-02,27.6,16.7,21.16,0.0,0.24,11.71,18.23
2020-04-03,25.27,12.97,18.67,0.0,0.24,6.76,22.15
2020-04-04,29.1,15.47,21.41,0.0,0.24,0.93,19.82
2020-04-05,31.56,16.68,23.55,0.0,0.24,0.52,12.37
2020-04-06,33.7,18.37,25.57,0.01,0.24,9.04,20.08
2020-04-07,34.26,18.45,26.3,0.0,0.24,10.67,20.93
2020-04-08,35.75,19.82,27.14,0.0,0.24,10.11,19.21
2020-04-09,37.04,19.09,27.77,0.0,0.24,10.39,20.72
2020-04-10,37.33,20.83,28.31,0.0,0.24,5.82,21.08
2020-04-11,38.15,20.82,29.1,0.0,0.24,3.8,19.53
2020-04-12,36.13,18.31,26.88,0.0,0.24,13.2,19.13
2020-04-13,33.12,19.7,25.78,0.0,0.24,15.47,19.35
2020-04-14,31.45,18.27,24.05,0.0,0.23,12.45,19.28
2020-04-15,28.31,15.88,21.13,0.0,0.23,8.28,16.2
2020-04-16,30.38,13.66,22.24,0.0,0.23,7.56,17.47
2020-04-17,35.64,20.21,27.14,0.34,0.23,9.68,15.96
2020-04-18,35.84,20.11,26.7,0.12,0.23,13.99,12.86
2020-04-19,25.39,16.39,20.62,0.18,0.23,12.44,12.62
2020-04-20,26.6,12.15,18.47,0.0,0.23,8.43,19.69
2020-04-21,29.4,10.51,19.28,0.0,0.23,8.47,18.62
2020-04-22,27.25,14.25,20.15,0.0,0.23,11.2,15.33
2020-04-23,28.6,15.53,21.19,0.0,0.23,11.06,18.36
2020-04-24,27.27,15.74,21.26,0.0,0.23,10.2,10.55
2020-04-25,23.42,16.54,19.37,0.48,0.23,13.4,8.33
2020-04-26,27.81,15.52,21.71,0.0,0.23,12.47,15.18
2020-04-27,24.36,15.68,20.73,0.0,0.23,12.72,9.72
2020-04-28,24.93,11.19,17.62,0.0,0.23,8.7,12.48
2020-04-29,23.55,8.82,15.51,0.0,0.23,-0.12,18.81
2020-04-30,22.17,9.61,15.46,0.0,0.23,-0.91,17.56
2020-05-01,25.24,8.96,16.25,0.0,0.23,-1.64,18.19
2020-05-02,28.12,9.84,18.37,0.0,0.23,-1.24,17.9
2020-05-03,30.49,12.61,20.6,0.0,0.23,0.56,16.23
2020-05-04,28.5,13.48,20.37,0.08,0.23,11.78,9.52
2020-05-05,26.43,16.78,20.07,6.04,0.23,15.19,9.6
2020-05-06,19.77,9.91,15.18,0.66,0.24,5.94,12.83
2020-05-07,20.2,7.81,13.51,0.0,0.24,5.7,11.49
2020-05-08,22.88,9.63,15.39,0.02,0.24,8.06,13.23
2020-05-09,21.71,9.25,14.8,0.0,0.24,3.07,13.58
2020-05-10,27.91,12.73,18.74,0.0,0.23,5.16,15.27
2020-05-11,26.11,11.51,17.8,0.0,0.23,7.13,14.95
2020-05-12,27.72,10.57,18.2,0.0,0.23,4.3,16.37
2020-05-13,26.49,11.98,18.38,0.0,0.23,-1.13,11.06
2020-05-14,28.7,11.33,18.77,0.0,0.23,-4.15,16.36
2020-05-15,29.44,11.14,19.11,0.0,0.23,-2.02,16.31
2020-05-16,28.64,11.03,18.33,0.0,0.23,1.58,15.52
2020-05-17,27.54,10.44,17.99,0.0,0.23,-2.66,13.95
2020-05-18,21.87,9.35,14.55,0.0,0.23,5.21,15.89
2020-05-19,21.03,6.5,12.83,0.0,0.23,0.78,15.96
2020-05-20,22.23,6.21,13.33,0.0,0.23,-0.31,15.69
2020-05-21,22.83,6.72,13.91,0.0,0.23,2.06,15.36
2020-05-22,23.63,8.23,15.02,0.0,0.23,1.69,15.41
2020-05-23,26.08,8.98,16.45,0.0,0.23,-2.4,15.32
2020-05-24,22.92,12.34,16.77,13.81,0.24,0.84,3.22
2020-05-25,20.07,12.21,15.72,1.14,0.26,9.01,10.82
2020-05-26,18.95,8.76,13.55,0.03,0.25,6.27,11.47
2020-05-27,20.43,6.75,13.54,0.0,0.25,5.65,10.24
2020-05-28,20.95,8.29,13.84,0.0,0.25,5.45,14.01
2020-05-29,20.77,9.1,14.58,5.56,0.25,9.28,10.33
2020-05-30,18.84,8.65,12.95,1.07,0.26,6.96,10.69
2020-05-31,20.76,8.61,13.91,0.0,0.26,7.46,10.32
2020-06-01,21.77,7.91,14.16,0.01,0.26,7.66,12.39
2020-06-02,22.0,8.38,14.76,0.0,0.25,4.05,11.27
2020-06-03,25.24,8.89,16.29,0.0,0.25,3.92,11.01
2020-06-04,28.55,11.52,18.74,0.02,0.25,2.72,13.84
2020-06-05,28.24,11.97,19.28,0.0,0.25,3.14,13.89
2020-06-06,26.77,12.73,18.52,0.01,0.25,2.42,10.33
2020-06-07,21.83,10.58,15.27,0.0,0.25,0.12,9.91
2020-06-08,23.7,8.14,14.73,0.01,0.25,-1.54,14.1
2020-06-09,25.84,7.34,16.11,0.01,0.25,-3.11,14.07
2020-06-10,26.36,10.69,16.93,0.01,0.25,-0.57,13.55
2020-06-11,23.55,13.03,17.2,1.71,0.25,12.6,9.43
2020-06-12,20.05,8.73,15.43,1.24,0.25,10.19,9.74
2020-06-13,18.35,5.91,11.62,0.0,0.25,4.42,11.68
2020-06-14,20.57,6.24,13.06,0.0,0.25,4.34,12.5
2020-06-15,20.88,6.76,13.04,0.0,0.25,3.76,13.29
2020-06-16,22.3,6.0,12.56,0.01,0.25,-1.27,14.37
2020-06-17,25.0,9.11,16.26,5.98,0.25,4.37,11.85
2020-06-18,17.89,7.74,13.63,4.22,0.27,7.64,11.78
2020-06-19,18.25,4.64,10.68,0.0,0.27,3.27,14.04
2020-06-20,23.21,4.88,12.85,0.01,0.26,1.6,13.72
2020-06-21,25.05,7.52,15.06,0.0,0.26,0.17,13.61
2020-06-22,24.48,8.95,16.3,4.52,0.26,-0.19,10.74
2020-06-23,19.34,11.05,14.43,0.31,0.27,9.49,11.38
2020-06-24,18.64,9.93,13.63,0.19,0.27,9.03,11.13
2020-06-25,23.01,6.72,13.38,0.0,0.27,4.29,13.66
2020-06-26,22.02,7.66,14.12,0.0,0.26,8.11,12.99
2020-06-27,20.91,9.47,14.56,0.47,0.26,8.8,11.35
2020-06-28,20.58,10.54,15.25,2.67,0.27,11.59,11.09
2020-06-29,18.95,10.12,15.13,1.17,0.27,10.3,9.79
2020-06-30,19.26,10.26,13.88,0.49,0.27,9.82,10.36
2020-07-01,18.64,8.63,13.24,0.46,0.27,7.93,8.86
2020-07-02,19.14,4.97,11.28,0.0,0.27,3.15,14.05
2020-07-03,22.66,5.8,13.0,0.0,0.27,1.79,14.25
2020-07-04,23.11,7.31,14.18,0.0,0.27,0.02,12.99
2020-07-05,27.51,9.29,17.01,0.0,0.26,2.24,12.48
2020-07-06,20.59,9.32,14.77,0.0,0.26,9.41,10.91
2020-07-07,19.64,7.99,12.56,0.0,0.26,5.52,10.32
2020-07-08,19.19,6.9,12.04,0.01,0.26,6.67,10.39
2020-07-09,18.42,4.35,10.62,0.0,0.26,3.67,14.4
2020-07-10,17.91,4.18,9.95,0.01,0.26,2.77,14.64
2020-07-11,20.13,3.38,10.35,0.0,0.26,-1.94,15.03
2020-07-12,22.26,4.11,11.82,0.0,0.26,-4.45,15.0
2020-07-13,23.38,5.54,13.63,0.14,0.26,-0.97,13.33
2020-07-14,18.11,8.05,13.75,1.78,0.26,9.45,8.31
2020-07-15,20.0,5.35,12.25,0.01,0.26,6.43,14.37
2020-07-16,24.03,8.18,15.49,7.83,0.26,10.5,6.77
2020-07-17,16.47,5.83,12.34,5.93,0.29,7.46,11.92
2020-07-18,17.29,3.43,9.7,0.01,0.28,4.54,13.33
2020-07-19,17.9,3.89,10.31,0.01,0.28,5.18,12.64
2020-07-20,20.08,3.89,11.21,0.0,0.28,2.54,15.48
2020-07-21,22.99,6.19,13.77,0.01,0.28,3.54,15.35
2020-07-22,25.94,7.62,15.26,0.0,0.28,4.7,15.24
2020-07-23,21.76,8.33,13.76,0.01,0.28,6.98,14.87
2020-07-24,20.94,4.99,11.82,0.0,0.27,3.37,15.81
2020-07-25,24.08,5.56,13.84,0.0,0.27,0.85,15.67
2020-07-26,24.47,8.75,15.92,0.0,0.27,7.03,13.87
2020-07-27,26.51,8.22,15.67,0.0,0.27,-0.23,15.93
2020-07-28,23.19,11.07,15.6,0.02,0.27,10.03,13.69
2020-07-29,23.35,7.75,14.33,0.0,0.27,5.9,16.26
2020-07-30,28.08,7.67,15.91,0.0,0.27,1.33,16.33
2020-07-31,22.22,8.54,13.92,0.0,0.27,7.07,15.5
2020-08-01,21.89,7.92,14.23,0.01,0.27,6.22,15.36
2020-08-02,22.7,6.98,14.01,0.0,0.27,5.02,15.57
2020-08-03,15.85,8.19,11.53,2.79,0.27,6.3,14.07
2020-08-04,16.64,7.85,11.64,3.33,0.28,7.05,12.95
2020-08-05,19.57,8.12,12.52,0.15,0.28,7.54,9.88
2020-08-06,19.97,7.68,12.06,0.0,0.27,5.47,15.06
2020-08-07,17.95,4.58,11.02,0.0,0.27,2.3,10.22
2020-08-08,24.54,6.43,15.32,0.0,0.27,0.16,16.8
2020-08-09,17.04,11.5,14.17,20.03,0.29,6.76,4.19
2020-08-10,17.89,11.22,13.83,1.42,0.31,9.84,13.55
2020-08-11,18.44,11.59,14.33,0.42,0.3,8.97,13.27
2020-08-12,15.93,8.66,12.28,0.65,0.3,8.13,11.9
2020-08-13,19.07,7.57,12.24,0.05,0.3,6.21,14.39
2020-08-14,20.6,4.78,12.51,0.0,0.3,4.8,15.33
2020-08-15,23.11,6.2,14.46,6.84,0.3,3.48,15.66
2020-08-16,16.24,8.71,12.34,8.77,0.32,7.18,15.58
2020-08-17,18.4,9.19,12.47,0.51,0.32,7.13,13.76
2020-08-18,17.17,8.0,12.6,0.04,0.31,6.44,13.5
2020-08-19,18.82,6.65,11.71,0.0,0.31,4.65,17.14
2020-08-20,21.61,5.33,13.03,0.0,0.31,2.54,15.66
2020-08-21,21.5,8.22,14.35,0.0,0.31,2.23,11.87
2020-08-22,21.64,10.92,15.28,0.0,0.31,3.77,7.05
2020-08-23,21.99,9.95,15.28,0.0,0.31,9.32,13.48
2020-08-24,22.54,6.86,13.78,0.0,0.3,5.4,19.69
2020-08-25,25.18,6.4,15.18,0.0,0.3,4.84,19.47
2020-08-26,24.87,7.39,15.34,0.0,0.3,5.7,20.27
2020-08-27,29.67,7.72,17.89,0.0,0.3,5.76,19.67
2020-08-28,29.05,12.69,18.66,0.08,0.3,7.06,17.71
2020-08-29,20.63,8.03,13.92,0.13,0.3,4.88,18.75
2020-08-30,24.89,4.98,14.01,0.0,0.29,1.03,21.22
2020-08-31,26.1,7.73,15.68,0.02,0.29,4.32,20.77
2020-09-01,19.17,10.95,14.35,0.51,0.29,7.13,17.96
2020-09-02,18.06,8.91,13.23,0.42,0.29,7.72,15.29
2020-09-03,18.8,7.53,13.09,0.06,0.29,7.9,17.1
2020-09-04,25.56,7.27,15.58,0.0,0.29,6.41,20.98
2020-09-05,29.14,8.34,17.58,0.0,0.29,4.65,21.43
2020-09-06,26.24,9.37,17.06,0.35,0.29,10.96,18.2
2020-09-07,21.61,9.22,15.41,1.03,0.29,6.34,20.43
2020-09-08,25.28,6.22,15.31,0.0,0.29,4.81,22.48
2020-09-09,27.5,11.83,19.27,0.0,0.29,7.43,19.72
2020-09-10,22.43,10.95,16.77,0.01,0.28,10.09,16.34
2020-09-11,25.7,9.36,16.52,0.0,0.28,6.76,17.35
2020-09-12,23.67,7.19,14.92,0.0,0.28,3.61,23.45
2020-09-13,26.85,7.95,17.04,0.0,0.28,3.62,23.29
2020-09-14,31.7,10.4,20.48,0.0,0.28,3.14,21.66
2020-09-15,34.9,15.34,23.77,0.0,0.28,5.92,23.51
2020-09-16,24.95,13.1,17.82,0.0,0.27,7.24,22.04
2020-09-17,22.39,8.27,15.03,0.0,0.27,3.68,23.89
2020-09-18,26.1,7.67,16.02,0.0,0.27,1.72,24.47
2020-09-19,20.0,8.96,14.05,0.42,0.27,7.36,16.21
2020-09-20,19.71,8.58,13.3,0.09,0.27,3.62,20.89
2020-09-21,22.06,6.56,13.8,0.01,0.27,4.04,18.28
2020-09-22,24.94,6.55,15.47,0.0,0.27,4.71,24.59
2020-09-23,29.17,9.21,18.79,0.0,0.27,0.61,25.14
2020-09-24,32.2,12.2,21.38,0.0,0.27,0.0,21.4
2020-09-25,27.5,14.01,19.6,0.0,0.26,10.98,20.44
2020-09-26,25.05,12.24,17.48,0.0,0.26,9.7,21.1
2020-09-27,25.61,10.48,16.9,0.0,0.26,8.23,24.22
2020-09-28,25.56,9.63,17.03,0.0,0.26,7.9,21.78
2020-09-29,27.21,8.69,17.21,0.0,0.26,7.24,25.03
2020-09-30,30.5,9.49,18.84,0.0,0.26,7.65,25.82
2020-10-01,29.56,11.51,18.59,0.0,0.26,9.15,25.29
2020-10-02,25.25,9.86,16.06,0.15,0.26,8.83,20.3
2020-10-03,19.92,7.26,13.13,0.0,0.26,0.26,27.25
2020-10-04,21.15,5.83,13.3,0.0,0.26,1.82,25.59
2020-10-05,22.27,7.84,14.09,0.0,0.26,-1.62,28.12
2020-10-06,23.84,5.6,14.88,0.0,0.26,-4.01,27.68
2020-10-07,27.54,10.16,17.55,0.0,0.25,-2.88,27.49
2020-10-08,26.7,9.45,18.02,0.01,0.25,9.57,18.88
2020-10-09,30.23,10.15,19.95,0.0,0.25,6.01,27.29
2020-10-10,30.32,11.48,20.69,0.0,0.25,6.81,23.79
2020-10-11,32.08,11.72,21.51,0.0,0.25,8.38,27.58
2020-10-12,35.55,12.38,23.7,0.0,0.25,6.83,27.4
2020-10-13,36.14,15.3,24.43,0.0,0.25,7.51,26.77
2020-10-14,29.79,14.4,20.75,0.0,0.25,11.04,25.44
2020-10-15,28.15,12.43,19.67,0.0,0.25,8.15,27.99
2020-10-16,25.79,11.75,18.78,0.0,0.25,8.17,21.92
2020-10-17,31.86,13.64,22.99,0.0,0.24,7.78,22.49
2020-10-18,34.37,17.67,25.39,0.63,0.24,7.23,22.03
2020-10-19,33.07,15.6,23.38,0.1,0.24,10.98,27.48
2020-10-20,31.21,15.37,21.74,0.0,0.24,10.96,27.07
2020-10-21,28.89,14.4,20.19,0.0,0.24,10.16,24.25
2020-10-22,28.27,11.9,19.86,0.0,0.24,5.87,29.25
2020-10-23,30.74,13.53,22.15,0.0,0.24,5.03,26.07
2020-10-24,33.29,13.86,23.86,0.0,0.24,2.48,29.73
2020-10-25,35.74,16.92,26.0,0.0,0.24,2.45,29.14
2020-10-26,35.48,16.38,25.59,0.0,0.24,4.79,29.67
2020-10-27,35.58,15.19,23.93,0.0,0.24,9.61,29.67
2020-10-28,33.38,14.24,23.2,0.0,0.23,7.43,29.79
2020-10-29,38.44,16.17,27.35,5.36,0.23,7.46,29.59
2020-10-30,37.59,20.86,28.88,0.72,0.24,11.81,23.82
2020-10-31,30.83,17.78,23.73,0.0,0.24,13.54,27.74
2020-11-01,26.84,15.04,19.94,2.49,0.24,11.73,14.55
2020-11-02,23.02,12.97,16.99,3.07,0.25,10.13,20.04
2020-11-03,28.14,13.22,20.35,0.04,0.25,9.13,26.13
2020-11-04,31.48,13.54,23.09,0.0,0.24,7.75,30.0
2020-11-05,36.15,17.41,26.72,2.26,0.24,8.42,28.77
2020-11-06,34.32,18.28,25.49,0.17,0.24,9.92,23.53
2020-11-07,33.69,16.69,24.95,0.0,0.24,8.03,30.46
2020-11-08,33.41,14.78,23.33,0.0,0.24,9.68,30.91
2020-11-09,27.12,12.78,18.43,3.21,0.24,10.02,22.31
2020-11-10,23.84,11.02,16.87,0.3,0.24,4.68,26.9
2020-11-11,22.1,9.82,16.13,0.0,0.24,5.12,20.77
2020-11-12,29.7,9.37,19.18,0.0,0.24,6.31,31.88
2020-11-13,28.97,11.58,20.14,0.04,0.24,12.21,28.41
2020-11-14,26.16,14.1,19.74,0.48,0.24,11.49,21.35
2020-11-15,26.66,10.15,18.43,0.01,0.24,4.75,31.05
2020-11-16,33.39,10.42,22.08,0.0,0.24,2.05,32.95
2020-11-17,34.99,14.26,23.2,0.0,0.23,5.42,27.2
2020-11-18,33.14,14.08,23.12,0.0,0.23,8.12,31.91
2020-11-19,33.49,14.8,23.58,0.0,0.23,9.34,27.05
2020-11-20,33.16,13.26,22.88,0.0,0.23,9.69,32.01
2020-11-21,33.6,14.06,23.61,0.0,0.23,7.94,31.79
2020-11-22,35.12,14.42,25.29,0.0,0.23,5.57,32.55
2020-11-23,39.55,19.64,29.85,0.0,0.23,5.72,32.95
2020-11-24,43.37,22.38,32.46,0.0,0.23,7.98,28.61
2020-11-25,38.33,17.03,27.24,0.0,0.23,9.66,32.54
2020-11-26,37.66,16.8,25.82,0.0,0.23,8.65,32.88
2020-11-27,31.07,13.78,21.2,0.0,0.23,7.19,33.01
2020-11-28,30.05,12.3,20.98,0.0,0.22,2.3,33.98
2020-11-29,36.16,14.73,23.81,0.0,0.22,2.17,31.69
2020-11-30,25.68,12.71,18.65,0.01,0.22,4.46,30.55
2020-12-01,29.91,8.94,19.6,0.0,0.22,-1.91,34.46
2020-12-02,37.06,13.05,25.85,0.0,0.22,-4.73,34.62
2020-12-03,41.88,15.98,28.58,0.0,0.22,0.63,34.14
2020-12-04,32.54,14.45,22.42,0.0,0.22,7.83,33.88
2020-12-05,32.2,12.72,22.17,0.0,0.22,2.63,34.39
2020-12-06,35.96,13.03,25.18,0.0,0.22,-0.81,34.06
2020-12-07,39.2,16.77,28.6,0.0,0.22,0.31,34.52
2020-12-08,41.29,21.08,31.71,0.0,0.22,5.25,28.21
2020-12-09,37.71,20.03,29.39,0.0,0.22,11.71,31.71
2020-12-10,36.22,22.64,28.15,0.62,0.22,15.17,11.8
2020-12-11,35.04,21.36,28.22,0.01,0.22,14.31,27.94
2020-12-12,37.23,20.1,28.11,0.0,0.22,13.14,30.11
2020-12-13,29.56,15.28,22.24,0.01,0.22,11.75,29.11
2020-12-14,30.64,12.29,21.5,0.0,0.22,2.95,34.35
2020-12-15,36.83,14.77,26.5,0.0,0.21,4.06,33.19
2020-12-16,39.46,22.53,30.13,0.0,0.21,9.07,32.76
2020-12-17,36.68,20.07,28.34,0.0,0.21,9.97,32.53
2020-12-18,37.5,21.73,29.5,0.0,0.21,10.21,31.39
2020-12-19,39.9,22.34,31.03,0.0,0.21,9.85,30.08
2020-12-20,38.47,21.36,30.28,0.0,0.21,4.14,33.1
2020-12-21,39.02,19.9,29.78,0.0,0.21,5.01,33.84
2020-12-22,40.69,21.52,31.7,0.0,0.21,0.5,33.23
2020-12-23,40.94,22.62,32.09,0.0,0.21,-0.01,34.33
2020-12-24,41.69,23.65,33.05,0.0,0.21,-0.22,34.1
2020-12-25,43.34,23.9,34.14,0.0,0.21,0.36,33.98
2020-12-26,41.25,22.94,31.92,0.0,0.21,9.35,32.27
2020-12-27,36.77,20.46,28.15,0.0,0.21,6.65,33.79
2020-12-28,39.69,18.94,29.99,0.0,0.21,2.77,34.25
2020-12-29,41.86,23.93,32.89,0.0,0.21,5.81,28.9
2020-12-30,40.69,21.67,30.64,0.0,0.21,8.63,33.26
2020-12-31,38.71,18.05,27.98,0.0,0.21,10.17,33.0
2021-01-01,38.27,17.97,28.59,0.0,0.21,9.51,33.23
2021-01-02,40.63,22.42,31.46,0.0,0.21,6.81,30.55
2021-01-03,39.54,23.39,31.47,0.0,0.2,9.21,32.18
2021-01-04,35.05,23.3,27.84,0.0,0.2,9.91,18.96
2021-01-05,34.92,20.68,27.5,0.0,0.2,6.52,33.54
2021-01-06,36.19,19.41,27.94,0.0,0.2,-0.11,33.46
2021-01-07,38.46,20.33,29.94,0.0,0.2,-0.8,33.12
2021-01-08,41.85,23.72,33.42,0.0,0.2,5.63,28.79
2021-01-09,41.12,26.5,33.28,0.0,0.2,8.44,24.88
2021-01-10,38.21,22.07,29.68,0.0,0.2,12.08,29.1
2021-01-11,38.86,19.72,29.31,0.0,0.2,10.57,32.71
2021-01-12,40.53,23.96,31.61,0.0,0.2,7.85,26.43
2021-01-13,41.76,20.92,31.9,0.0,0.2,10.26,32.62
2021-01-14,42.96,25.32,34.1,0.0,0.2,10.34,28.29
2021-01-15,40.95,25.81,32.03,0.01,0.2,13.4,29.15
2021-01-16,38.06,23.8,30.83,0.0,0.2,12.51,31.29
2021-01-17,37.1,23.77,30.29,0.0,0.2,11.31,25.01
2021-01-18,32.64,25.17,28.87,0.01,0.2,11.06,15.13
2021-01-19,37.93,23.68,30.83,0.01,0.2,14.3,24.34
2021-01-20,38.15,22.09,29.43,0.0,0.2,15.15,31.94
2021-01-21,40.17,20.58,30.87,0.0,0.2,10.44,32.34
2021-01-22,43.45,22.85,32.75,0.0,0.2,7.31,31.35
2021-01-23,36.21,20.26,27.16,0.0,0.2,14.46,31.59
2021-01-24,32.53,17.76,23.79,0.0,0.2,11.08,27.22
2021-01-25,32.0,16.39,23.57,0.0,0.2,8.5,31.65
2021-01-26,33.32,15.26,23.62,0.0,0.2,9.46,31.99
2021-01-27,32.61,14.43,23.37,0.0,0.2,8.88,32.12
2021-01-28,34.35,16.31,25.82,0.0,0.2,7.6,31.96
2021-01-29,36.76,21.3,29.08,0.0,0.2,8.57,31.63
2021-01-30,39.71,21.49,30.94,0.0,0.2,6.99,31.25
2021-01-31,41.79,24.76,33.19,0.0,0.2,8.35,30.68
2021-02-01,38.72,23.35,30.86,0.01,0.2,9.73,30.3
2021-02-02,29.97,22.17,25.54,6.13,0.2,16.47,8.94
2021-02-03,30.51,21.28,25.67,2.29,0.22,16.97,18.83
2021-02-04,29.11,17.58,23.74,0.0,0.22,10.22,25.41
2021-02-05,31.42,17.22,23.96,1.04,0.21,6.69,16.6
2021-02-06,32.17,16.72,24.12,10.74,0.22,13.32,17.54
2021-02-07,27.27,17.52,22.11,3.96,0.24,15.68,17.11
2021-02-08,29.67,16.4,22.31,0.07,0.23,13.13,23.29
2021-02-09,31.42,14.51,22.47,0.0,0.23,10.56,31.21
2021-02-10,30.51,14.69,22.12,0.0,0.23,9.1,27.98
2021-02-11,32.9,13.49,23.03,0.0,0.23,4.14,31.5
2021-02-12,36.55,15.88,26.8,0.0,0.22,4.46,30.56
2021-02-13,38.37,21.72,30.02,0.16,0.22,6.3,17.41
2021-02-14,34.98,23.55,28.72,1.99,0.22,7.38,13.37
2021-02-15,37.75,20.01,29.36,0.07,0.22,9.86,23.64
2021-02-16,41.22,23.66,31.64,0.0,0.22,13.62,26.42
2021-02-17,37.17,21.16,28.25,0.01,0.22,14.3,21.61
2021-02-18,29.86,16.62,22.9,0.0,0.22,8.87,27.11
2021-02-19,34.14,13.59,23.87,0.0,0.22,3.48,30.36
2021-02-20,38.21,16.57,27.87,0.0,0.22,2.9,29.75
2021-02-21,40.52,19.62,30.64,0.0,0.22,5.05,29.27
2021-02-22,41.44,22.6,31.95,0.0,0.22,3.95,29.15
2021-02-23,40.67,22.76,31.49,0.0,0.21,1.26,29.17
2021-02-24,41.09,22.2,31.81,0.0,0.21,3.72,28.92
2021-02-25,39.76,20.78,29.43,0.0,0.21,10.12,28.26
2021-02-26,35.09,17.85,26.29,0.0,0.21,9.51,28.44
2021-02-27,33.92,19.12,26.49,0.0,0.21,8.0,25.99
2021-02-28,35.74,20.52,28.45,0.0,0.21,8.03,25.06
2021-03-01,33.95,24.74,28.11,2.95,0.21,11.19,13.33
2021-03-02,32.09,21.44,26.67,2.82,0.22,14.84,23.25
2021-03-03,27.02,20.12,23.13,26.71,0.25,19.48,15.16
2021-03-04,30.05,18.31,23.46,1.21,0.27,15.77,23.7
2021-03-05,32.3,16.94,24.49,0.86,0.26,14.17,25.25
2021-03-06,31.57,17.4,24.7,0.0,0.26,13.35,26.06
2021-03-07,35.61,19.02,27.52,0.0,0.25,13.01,26.33
2021-03-08,36.91,21.29,29.32,0.0,0.25,13.02,23.57
2021-03-09,39.28,21.92,30.9,0.0,0.25,11.65,23.36
2021-03-10,38.28,23.7,30.4,0.0,0.25,14.44,25.03
2021-03-11,37.31,21.46,28.33,0.0,0.25,14.59,24.85
2021-03-12,34.33,20.28,26.78,0.0,0.24,13.85,21.63
2021-03-13,30.72,17.14,23.4,0.0,0.24,8.32,26.65
2021-03-14,31.8,15.92,23.46,0.0,0.24,4.56,26.63
2021-03-15,32.68,16.1,24.63,0.0,0.24,3.56,26.11
2021-03-16,34.74,18.85,26.98,0.0,0.24,4.78,19.27
2021-03-17,36.85,21.96,29.19,0.0,0.24,6.55,24.03
2021-03-18,37.82,20.45,28.88,0.0,0.24,5.07,24.9
2021-03-19,36.28,19.3,27.57,0.0,0.24,1.52,25.4
2021-03-20,36.84,20.05,27.83,0.0,0.24,4.51,25.45
2021-03-21,36.44,20.28,28.17,0.0,0.23,3.97,24.9
2021-03-22,36.54,20.49,27.56,0.0,0.23,6.93,24.16
2021-03-23,31.76,17.24,23.55,0.0,0.23,10.92,23.93
2021-03-24,31.07,15.87,22.93,0.0,0.23,7.96,24.0
2021-03-25,32.74,15.36,23.13,0.0,0.23,6.2,23.47
2021-03-26,32.5,12.91,22.66,0.0,0.23,4.67,22.45
2021-03-27,36.16,15.24,25.74,0.0,0.23,3.82,23.69
2021-03-28,39.47,19.2,29.31,0.0,0.23,5.18,23.17
2021-03-29,40.58,24.44,31.82,0.0,0.23,11.29,20.44
2021-03-30,40.16,24.31,31.26,0.0,0.23,14.81,17.35
2021-03-31,39.89,21.61,30.35,0.0,0.23,10.49,22.17
2021-04-01,39.35,21.42,29.86,0.0,0.23,4.72,22.78
2021-04-02,37.43,23.06,29.54,0.0,0.23,12.74,18.68
2021-04-03,37.16,21.93,28.99,0.01,0.23,10.95,19.7
2021-04-04,37.02,18.55,27.42,0.1,0.22,4.09,22.06
2021-04-05,35.01,18.95,26.0,0.0,0.22,12.92,21.3
2021-04-06,35.73,17.11,25.57,0.0,0.22,12.89,16.43
2021-04-07,36.44,18.59,26.45,0.0,0.22,12.53,16.97
2021-04-08,31.81,18.5,24.6,0.0,0.22,12.99,10.65
2021-04-09,30.95,19.82,24.85,0.0,0.22,14.17,16.89
2021-04-10,30.13,20.22,24.96,0.13,0.22,14.16,10.54
2021-04-11,32.82,21.01,26.08,36.0,0.23,14.42,12.21
2021-04-12,27.26,16.44,22.92,8.69,0.31,18.05,11.55
2021-04-13,22.45,13.29,17.07,0.18,0.3,7.18,17.39
2021-04-14,24.49,9.78,16.76,0.0,0.29,4.23,21.18
2021-04-15,26.93,9.96,18.0,0.0,0.28,3.14,20.98
2021-04-16,26.69,11.08,18.75,0.0,0.28,2.36,18.51
2021-04-17,26.89,12.81,19.61,0.0,0.28,2.15,19.01
2021-04-18,31.03,13.81,21.96,0.0,0.27,4.08,19.64
2021-04-19,29.51,13.99,21.0,0.0,0.27,4.25,17.23
2021-04-20,28.94,11.93,19.72,0.0,0.27,4.75,20.0
2021-04-21,29.01,12.22,20.0,0.0,0.27,5.15,19.6
2021-04-22,28.9,13.02,20.69,0.0,0.27,4.9,15.66
2021-04-23,28.36,16.98,21.38,0.0,0.27,4.83,13.71
2021-04-24,31.6,14.36,22.65,0.0,0.27,3.92,18.6
2021-04-25,32.43,14.96,23.43,0.0,0.27,4.26,17.84
2021-04-26,33.6,15.27,24.01,0.0,0.26,3.64,17.56
2021-04-27,33.26,16.94,24.52,0.0,0.26,2.94,18.12
2021-04-28,33.38,16.52,24.43,0.0,0.26,3.57,18.56
2021-04-29,32.29,16.51,23.11,0.03,0.26,6.12,14.04
2021-04-30,23.2,12.73,17.88,0.16,0.26,7.89,16.08
2021-05-01,24.07,8.7,16.08,0.0,0.26,1.15,18.25
2021-05-02,27.36,11.04,18.66,0.0,0.26,2.65,17.75
2021-05-03,28.08,13.47,20.6,0.0,0.26,10.76,16.8
2021-05-04,19.96,16.25,18.04,5.64,0.26,14.38,3.08
2021-05-05,24.07,14.13,18.33,2.19,0.27,13.02,14.33
2021-05-06,23.55,12.26,17.49,3.59,0.27,13.02,11.36
2021-05-07,23.67,11.91,17.12,0.83,0.28,11.07,15.26
2021-05-08,23.48,9.81,16.15,0.0,0.27,7.21,16.69
2021-05-09,24.96,9.54,16.61,0.0,0.27,5.66,16.76
2021-05-10,26.9,9.62,17.64,0.0,0.27,4.63,16.72
2021-05-11,28.78,13.86,20.86,0.0,0.27,2.63,15.74
2021-05-12,29.13,16.2,21.57,0.0,0.27,5.93,14.94
2021-05-13,27.26,12.48,19.21,0.0,0.27,8.88,12.32
2021-05-14,29.12,14.4,20.86,0.0,0.27,7.51,10.67
2021-05-15,27.23,13.85,19.82,0.0,0.26,5.38,13.32
2021-05-16,26.5,13.48,19.63,0.0,0.26,4.36,12.8
2021-05-17,27.38,15.0,20.19,0.0,0.26,4.69,11.88
2021-05-18,26.82,15.98,20.3,0.11,0.26,9.08,8.77
2021-05-19,26.37,14.94,20.04,0.02,0.26,9.49,14.58
2021-05-20,28.43,12.6,19.86,0.0,0.26,6.53,15.31
2021-05-21,29.01,11.84,19.29,0.0,0.26,2.6,15.26
2021-05-22,26.32,12.96,18.5,0.81,0.26,9.17,10.3
2021-05-23,17.29,12.22,15.18,5.59,0.27,11.77,5.94
2021-05-24,17.76,8.4,13.28,0.41,0.27,6.5,12.94
2021-05-25,18.6,5.57,11.47,0.0,0.27,3.72,15.26
2021-05-26,20.86,5.62,12.63,0.0,0.27,-0.39,12.82
2021-05-27,26.06,10.14,17.25,0.0,0.27,1.3,13.78
2021-05-28,24.26,14.82,18.89,9.58,0.27,9.63,2.18
2021-05-29,17.83,10.81,15.1,31.4,0.32,13.73,3.71
2021-05-30,18.78,10.05,13.89,1.65,0.34,10.02,12.86
2021-05-31,18.53,8.21,12.92,0.4,0.33,8.04,11.17
2021-06-01,18.39,5.27,11.04,0.0,0.33,6.64,14.08
2021-06-02,19.66,6.33,12.05,0.0,0.32,7.45,13.63
2021-06-03,20.23,5.95,12.25,0.01,0.32,5.94,14.49
2021-06-04,21.03,5.86,12.73,0.0,0.32,4.75,14.6
2021-06-05,22.39,5.56,13.73,0.0,0.32,0.93,14.73
2021-06-06,23.07,7.68,14.2,0.0,0.32,0.1,14.31
2021-06-07,19.31,8.93,12.77,0.13,0.31,6.25,12.13
2021-06-08,18.27,5.95,11.76,0.01,0.31,2.82,9.93
2021-06-09,19.95,10.12,14.88,0.84,0.31,6.52,7.41
2021-06-10,21.69,14.18,17.07,5.52,0.31,13.87,7.69
2021-06-11,20.49,12.45,16.15,7.87,0.34,13.51,10.31
2021-06-12,18.65,10.65,13.84,0.17,0.33,10.63,12.48
2021-06-13,20.6,8.2,13.52,0.02,0.33,9.28,12.66
2021-06-14,19.98,8.34,13.12,0.02,0.33,9.36,10.4
2021-06-15,17.48,7.1,11.44,0.02,0.33,7.4,11.34
2021-06-16,18.7,7.98,12.5,0.02,0.33,7.52,11.04
2021-06-17,18.84,5.91,11.33,0.0,0.32,5.12,13.92
2021-06-18,18.57,6.0,10.84,0.13,0.32,3.35,13.61
2021-06-19,19.74,2.81,11.11,0.01,0.32,-0.86,14.16
2021-06-20,18.8,6.67,11.99,6.64,0.32,3.76,8.26
2021-06-21,13.29,4.75,9.48,0.9,0.33,6.26,8.22
2021-06-22,14.09,4.04,7.87,0.02,0.33,3.86,13.76
2021-06-23,14.89,5.63,9.41,0.07,0.33,5.28,13.34
2021-06-24,16.57,3.5,9.0,0.1,0.33,4.33,14.09
2021-06-25,18.24,2.44,9.41,0.04,0.33,2.13,14.15
2021-06-26,18.71,4.14,10.39,0.0,0.33,0.42,13.56
2021-06-27,19.41,6.11,12.88,2.02,0.32,4.12,6.28
2021-06-28,18.93,9.58,13.81,1.95,0.33,10.22,12.01
2021-06-29,18.52,7.63,12.52,1.0,0.33,8.94,10.04
2021-06-30,17.38,4.1,9.9,0.0,0.33,3.45,13.87
2021-07-01,18.26,3.55,10.09,0.14,0.33,2.75,14.12
2021-07-02,20.65,5.1,11.45,0.01,0.33,3.38,14.19
2021-07-03,20.71,4.59,12.03,0.0,0.32,2.16,12.08
2021-07-04,18.05,9.73,13.07,1.11,0.32,4.15,3.87
2021-07-05,17.16,10.52,13.07,3.13,0.33,9.64,10.98
2021-07-06,17.82,9.39,13.22,2.7,0.33,9.42,9.99
2021-07-07,17.66,9.89,13.33,3.03,0.34,9.35,12.86
2021-07-08,18.42,8.64,12.75,0.49,0.33,8.24,8.57
2021-07-09,18.42,10.24,13.5,9.93,0.33,8.91,9.88
2021-07-10,17.07,7.28,11.8,0.19,0.35,6.82,13.05
2021-07-11,18.54,4.11,10.81,0.0,0.35,4.17,13.85
2021-07-12,18.85,9.92,13.53,6.65,0.35,8.87,8.79
2021-07-13,18.42,12.68,14.79,0.77,0.35,10.8,11.93
2021-07-14,17.53,9.85,13.43,1.27,0.35,8.79,10.28
2021-07-15,17.38,7.74,12.31,0.48,0.35,7.9,12.55
2021-07-16,17.17,6.77,11.58,0.88,0.35,8.72,9.96
2021-07-17,17.58,9.16,13.07,0.0,0.35,8.4,7.0
2021-07-18,20.1,6.22,12.65,0.01,0.35,7.12,13.98
2021-07-19,19.79,8.47,13.64,3.18,0.34,9.63,5.34
2021-07-20,17.2,10.39,13.26,13.21,0.36,11.64,4.0
2021-07-21,19.45,10.97,15.12,0.42,0.37,12.34,11.97
2021-07-22,18.18,8.31,12.67,0.12,0.36,8.66,10.57
2021-07-23,18.46,7.84,12.68,1.13,0.36,8.37,11.52
2021-07-24,18.23,8.33,12.42,0.38,0.36,7.7,13.42
2021-07-25,19.48,7.29,11.98,0.0,0.36,7.15,14.3
2021-07-26,20.01,6.65,13.35,9.14,0.36,8.93,13.51
2021-07-27,17.71,8.66,13.37,2.32,0.37,9.56,11.21
2021-07-28,18.22,8.24,12.97,0.96,0.37,8.41,11.89
2021-07-29,18.55,11.73,14.8,2.55,0.37,11.54,9.79
2021-07-30,15.8,9.45,12.8,7.92,0.38,10.59,11.76
2021-07-31,15.28,7.54,10.7,1.3,0.38,6.66,13.96
2021-08-01,16.08,6.37,11.49,0.96,0.38,7.37,12.86
2021-08-02,16.44,5.02,9.78,0.02,0.38,4.94,16.34
2021-08-03,17.78,3.58,10.04,0.0,0.37,3.54,16.43
2021-08-04,18.36,3.31,10.14,0.0,0.37,3.15,17.21
2021-08-05,19.96,2.61,10.51,0.0,0.37,1.58,16.6
2021-08-06,22.06,3.94,12.33,0.0,0.37,0.0,17.16
2021-08-07,19.99,7.53,13.59,1.41,0.36,2.27,6.41
2021-08-08,22.92,12.65,16.5,0.7,0.36,12.22,14.1
2021-08-09,18.63,11.9,14.26,3.67,0.36,11.12,11.59
2021-08-10,14.49,5.37,11.0,4.33,0.37,6.78,13.71
2021-08-11,17.51,3.59,9.86,0.01,0.37,4.46,16.11
2021-08-12,19.53,3.79,11.03,0.0,0.37,3.15,18.24
2021-08-13,21.61,2.72,11.93,0.0,0.36,-1.21,18.03
2021-08-14,21.45,3.17,11.73,0.0,0.36,-0.66,18.23
2021-08-15,23.75,4.4,13.52,0.01,0.36,2.05,18.21
2021-08-16,26.52,7.85,16.67,0.0,0.35,3.56,17.83
2021-08-17,27.9,12.24,18.9,0.0,0.35,10.28,16.77
2021-08-18,22.44,10.86,15.7,0.0,0.35,11.39,16.8
2021-08-19,21.13,9.99,14.35,0.04,0.35,9.54,17.29
2021-08-20,20.96,9.09,13.85,0.89,0.35,9.27,16.44
2021-08-21,20.57,7.03,12.88,0.07,0.34,7.53,18.56
2021-08-22,20.84,7.86,13.38,0.05,0.34,6.93,17.71
2021-08-23,22.34,5.88,13.4,0.0,0.34,3.2,19.82
2021-08-24,25.26,7.17,15.36,0.0,0.34,0.87,19.22
2021-08-25,27.79,8.15,16.73,0.0,0.33,4.92,18.65
2021-08-26,20.64,8.98,14.37,0.32,0.33,9.5,14.74
2021-08-27,19.23,6.56,12.58,0.01,0.33,5.34,15.74
2021-08-28,20.24,4.58,12.04,0.0,0.33,4.31,20.22
2021-08-29,20.55,6.94,12.54,0.0,0.33,6.01,13.02
2021-08-30,21.97,8.13,14.59,0.0,0.33,10.19,16.96
2021-08-31,23.71,9.61,15.63,0.0,0.33,10.1,18.4
2021-09-01,21.27,9.45,14.64,1.77,0.33,10.79,9.57
2021-09-02,16.82,5.68,10.84,0.21,0.33,3.56,16.49
2021-09-03,16.89,2.25,9.35,0.01,0.33,1.22,19.52
2021-09-04,20.47,3.68,11.61,0.0,0.32,1.69,22.15
2021-09-05,22.84,3.97,12.99,0.0,0.32,-1.48,22.53
2021-09-06,26.68,5.87,15.71,0.0,0.32,-2.71,22.85
2021-09-07,29.29,8.36,17.82,0.0,0.31,-2.86,22.65
2021-09-08,29.58,10.31,18.69,0.0,0.31,4.34,22.1
2021-09-09,26.98,10.38,17.64,0.01,0.31,10.82,18.18
2021-09-10,21.88,10.2,15.12,0.06,0.31,9.01,15.15
2021-09-11,20.1,7.62,13.42,0.04,0.31,6.35,18.6
2021-09-12,21.34,6.46,13.2,0.0,0.31,2.56,23.48
2021-09-13,22.75,5.21,13.57,0.0,0.3,1.21,23.31
2021-09-14,25.69,6.06,15.71,0.0,0.3,1.41,23.6
2021-09-15,23.14,7.99,14.9,0.53,0.3,7.84,23.03
2021-09-16,18.97,8.61,13.94,3.57,0.31,7.09,19.54
2021-09-17,19.96,5.09,12.05,0.01,0.31,3.04,23.11
2021-09-18,23.73,4.81,13.96,0.0,0.3,1.2,24.17
2021-09-19,25.03,7.84,16.0,0.0,0.3,5.95,23.63
2021-09-20,27.6,9.36,17.93,0.0,0.3,6.61,24.24
2021-09-21,28.85,10.24,18.65,0.0,0.3,-1.47,25.52
2021-09-22,31.57,8.97,19.83,0.0,0.29,-3.91,25.77
2021-09-23,32.45,10.84,21.15,0.0,0.29,-2.31,25.36
2021-09-24,27.87,11.29,19.02,0.0,0.29,5.63,22.97
2021-09-25,28.86,11.48,19.0,0.0,0.29,4.95,24.7
2021-09-26,20.54,10.62,15.55,0.11,0.29,8.46,17.6
2021-09-27,22.81,9.32,15.71,0.64,0.29,9.23,16.56
2021-09-28,26.59,9.5,18.42,0.12,0.29,7.87,24.23
2021-09-29,28.08,12.85,19.44,0.0,0.28,8.18,20.9
2021-09-30,27.04,13.09,19.22,0.04,0.28,9.87,22.11
2021-10-01,21.73,12.47,16.46,3.73,0.28,11.15,11.79
2021-10-02,21.72,11.71,15.39,0.12,0.29,6.74,19.3
2021-10-03,23.68,10.9,16.32,0.35,0.29,6.68,22.19
2021-10-04,25.22,6.88,15.37,0.0,0.28,5.19,25.82
2021-10-05,23.41,8.0,15.39,0.01,0.28,7.18,19.18
2021-10-06,23.78,6.58,14.92,0.0,0.28,2.47,27.68
2021-10-07,28.09,6.31,16.69,0.0,0.28,1.14,27.51
2021-10-08,25.87,9.17,16.96,0.0,0.28,7.53,16.67
2021-10-09,23.7,8.58,15.62,0.0,0.28,3.43,27.97
2021-10-10,26.59,7.47,17.56,0.0,0.27,1.82,27.32
2021-10-11,25.99,10.11,17.08,0.3,0.27,5.39,24.54
2021-10-12,22.45,5.54,13.85,0.0,0.27,2.79,28.12
2021-10-13,27.15,6.82,16.78,0.0,0.27,2.92,28.53
2021-10-14,30.53,10.04,20.16,0.0,0.27,2.28,27.95
2021-10-15,34.73,13.48,23.56,0.0,0.27,1.4,22.43
2021-10-16,28.64,12.91,20.03,0.0,0.27,10.35,26.71
2021-10-17,28.67,10.81,18.67,0.0,0.26,8.43,28.54
2021-10-18,29.51,10.33,20.11,0.0,0.26,7.0,28.46
2021-10-19,22.57,13.24,18.2,4.18,0.27,9.05,12.62
2021-10-20,23.28,13.1,17.04,0.2,0.27,9.39,18.42
2021-10-21,25.8,12.72,18.21,0.2,0.27,10.71,21.92
2021-10-22,27.25,9.54,18.38,0.0,0.27,6.88,28.57
2021-10-23,31.59,10.94,21.38,0.0,0.26,4.45,29.39
2021-10-24,36.93,14.05,24.93,0.0,0.26,4.82,29.5
2021-10-25,23.74,10.83,17.1,0.43,0.26,9.22,18.71
2021-10-26,19.31,9.61,14.05,0.37,0.26,4.18,20.79
2021-10-27,21.12,10.72,14.97,1.21,0.26,6.48,20.9
2021-10-28,24.06,6.95,15.74,0.0,0.26,3.72,27.15
2021-10-29,25.87,8.59,17.3,0.0,0.26,2.41,30.94
2021-10-30,30.06,9.45,19.87,0.0,0.26,1.04,31.32
2021-10-31,34.84,11.0,22.94,0.0,0.26,2.46,30.82
2021-11-01,25.41,11.52,17.88,0.0,0.25,6.52,27.35
2021-11-02,24.74,9.07,16.7,0.0,0.25,4.01,25.79
2021-11-03,30.23,9.06,19.81,0.0,0.25,3.17,31.42
2021-11-04,34.28,11.03,21.58,0.0,0.25,6.07,30.95
2021-11-05,28.18,12.94,19.67,0.0,0.25,7.28,30.94
2021-11-06,30.77,11.08,21.12,0.0,0.25,7.44,29.95
2021-11-07,32.47,11.79,22.45,0.0,0.25,5.68,30.6
2021-11-08,32.39,14.18,22.89,0.0,0.25,7.89,30.04
2021-11-09,18.83,13.21,16.23,1.75,0.25,9.88,11.6
2021-11-10,26.28,10.9,18.09,0.01,0.25,4.0,29.8
2021-11-11,29.35,8.8,19.66,0.0,0.25,-0.22,32.47
2021-11-12,32.02,11.99,22.53,0.0,0.24,-0.94,32.36
2021-11-13,35.08,13.62,24.87,0.0,0.24,-1.31,32.47
2021-11-14,34.31,16.32,24.84,0.0,0.24,1.62,29.01
2021-11-15,33.21,13.42,22.8,0.0,0.24,7.34,31.51
2021-11-16,31.3,14.19,21.91,0.0,0.24,9.15,31.85
2021-11-17,31.55,12.65,21.57,0.0,0.24,9.25,31.53
2021-11-18,29.94,14.15,21.39,0.0,0.24,9.67,29.71
2021-11-19,27.65,16.05,21.63,0.0,0.24,9.44,28.12
2021-11-20,33.81,15.19,24.68,0.0,0.24,6.47,32.69
2021-11-21,26.96,15.75,22.17,0.02,0.24,8.41,20.83
2021-11-22,28.81,13.05,20.43,0.0,0.24,7.91,28.19
2021-11-23,30.99,11.82,21.45,0.0,0.23,5.32,32.96
2021-11-24,34.78,14.07,24.68,0.0,0.23,0.96,33.36
2021-11-25,36.73,16.05,26.85,0.0,0.23,-1.42,33.31
2021-11-26,36.84,18.53,27.86,0.0,0.23,0.94,33.12
2021-11-27,38.1,19.28,28.96,0.0,0.23,1.3,32.34
2021-11-28,39.63,20.29,30.45,0.0,0.23,2.03,33.08
2021-11-29,38.65,19.07,28.11,0.0,0.23,7.81,32.94
2021-11-30,33.98,14.56,24.13,0.0,0.23,7.02,33.23
2021-12-01,34.72,13.48,23.89,0.0,0.23,4.3,33.47
2021-12-02,35.03,13.74,24.62,0.0,0.23,6.34,32.97
2021-12-03,36.95,18.0,27.78,0.0,0.22,6.78,32.83
2021-12-04,38.4,20.26,29.41,0.0,0.22,6.24,33.08
2021-12-05,40.01,20.9,30.68,0.0,0.22,6.5,33.06
2021-12-06,40.98,21.52,31.39,0.06,0.22,6.56,32.91
2021-12-07,42.33,24.98,33.75,0.18,0.22,8.13,29.24
2021-12-08,41.24,24.66,32.76,0.08,0.22,10.64,31.31
2021-12-09,42.14,23.28,31.52,0.0,0.22,10.46,30.96
2021-12-10,34.53,17.65,24.98,0.0,0.22,11.71,32.78
2021-12-11,31.7,15.99,22.65,0.0,0.22,9.62,29.54
2021-12-12,31.53,15.09,23.25,0.0,0.22,8.2,32.28
2021-12-13,36.09,16.94,25.7,0.0,0.22,5.49,32.86
2021-12-14,32.78,14.05,22.72,0.0,0.22,5.83,34.08
2021-12-15,38.02,13.03,25.89,0.0,0.22,5.24,33.96
2021-12-16,30.0,15.26,21.51,0.0,0.22,10.63,30.41
2021-12-17,29.02,15.5,21.29,0.0,0.22,9.47,29.28
2021-12-18,30.71,13.17,21.58,0.0,0.22,9.08,31.93
2021-12-19,35.09,13.91,24.67,0.0,0.22,5.6,34.13
2021-12-20,40.27,17.52,29.67,0.0,0.21,-0.26,33.03
2021-12-21,39.01,19.56,28.19,0.0,0.21,7.41,28.42
2021-12-22,37.42,16.22,27.26,0.0,0.21,9.1,33.33
2021-12-23,40.66,21.67,31.62,0.0,0.21,6.29,32.97
2021-12-24,42.2,24.01,33.6,0.0,0.21,3.12,34.08
2021-12-25,44.35,25.32,35.25,0.0,0.21,2.02,33.29
2021-12-26,43.94,25.94,35.1,0.0,0.21,1.66,32.66
2021-12-27,40.87,27.17,33.13,0.0,0.21,4.05,29.18
2021-12-28,41.41,23.81,32.8,0.0,0.21,1.77,32.39
2021-12-29,41.23,22.92,32.51,0.0,0.21,1.73,33.11
2021-12-30,41.55,21.87,32.23,0.0,0.21,2.56,32.9
2021-12-31,41.46,21.01,31.22,0.0,0.21,9.98,31.64
2022-01-01,37.72,21.19,29.58,0.0,0.21,9.75,32.41
2022-01-02,41.09,21.88,31.78,0.0,0.21,6.56,32.66
2022-01-03,44.14,24.25,33.99,0.0,0.21,6.82,31.56
2022-01-04,43.79,23.19,33.91,0.0,0.21,9.2,32.53
2022-01-05,45.02,25.58,35.34,0.0,0.21,6.72,32.65
2022-01-06,43.52,23.12,33.62,0.0,0.21,5.0,32.76
2022-01-07,43.85,24.24,33.92,0.0,0.2,7.37,32.84
2022-01-08,40.39,19.38,30.01,0.0,0.2,9.21,32.57
2022-01-09,32.71,16.79,24.38,0.0,0.2,5.17,33.99
2022-01-10,36.6,17.61,27.06,0.0,0.2,2.39,33.38
2022-01-11,42.82,21.31,32.56,0.0,0.2,2.46,32.92
2022-01-12,41.18,21.99,31.12,0.0,0.2,6.57,32.42
2022-01-13,38.52,17.55,27.81,0.0,0.2,10.14,32.89
2022-01-14,38.27,18.27,28.53,0.0,0.2,11.83,32.41
2022-01-15,38.67,18.64,28.01,0.0,0.2,10.22,32.55
2022-01-16,38.89,18.14,28.97,0.01,0.2,10.25,32.42
2022-01-17,39.78,23.05,32.07,0.0,0.2,12.67,30.27
2022-01-18,40.73,25.89,33.46,0.0,0.2,11.18,30.47
2022-01-19,41.0,25.62,33.16,0.0,0.2,3.37,32.21
2022-01-20,41.17,23.0,32.43,0.0,0.2,0.66,33.02
2022-01-21,42.35,22.69,33.04,0.0,0.2,-1.81,32.72
2022-01-22,42.79,23.36,33.64,0.0,0.2,-1.54,32.95
2022-01-23,42.8,23.3,33.5,0.0,0.2,0.23,32.71
2022-01-24,37.65,21.81,29.22,0.0,0.2,10.19,31.8
2022-01-25,33.89,17.55,25.81,0.0,0.2,7.38,32.61
2022-01-26,37.06,18.55,28.12,0.0,0.2,8.01,31.47
2022-01-27,39.52,20.32,30.09,0.0,0.2,6.78,31.48
2022-01-28,40.67,22.91,32.34,0.42,0.2,11.12,29.37
2022-01-29,43.3,26.96,35.12,0.86,0.2,11.85,25.41
2022-01-30,42.74,27.43,34.69,2.16,0.21,12.77,30.49
2022-01-31,39.64,21.96,30.85,0.0,0.21,11.47,31.23
2022-02-01,38.24,19.72,29.36,0.0,0.2,11.09,31.03
2022-02-02,39.5,23.63,31.3,0.0,0.2,7.07,31.23
2022-02-03,40.7,22.34,31.52,0.0,0.2,2.74,31.64
2022-02-04,42.06,23.59,33.15,0.0,0.2,2.39,31.11
2022-02-05,43.02,24.1,33.8,0.0,0.2,-2.45,31.26
2022-02-06,42.56,17.3,29.34,0.0,0.2,4.48,26.98
2022-02-07,31.05,14.83,22.26,0.0,0.2,5.84,31.07
2022-02-08,33.54,14.5,24.07,0.0,0.2,4.49,31.32
2022-02-09,38.49,16.72,28.08,0.0,0.2,1.87,31.33
2022-02-10,44.38,21.1,33.75,0.01,0.2,6.13,27.72
2022-02-11,39.94,25.64,32.25,0.24,0.2,19.23,21.31
2022-02-12,38.94,23.57,30.68,0.04,0.2,15.42,26.72
2022-02-13,39.85,22.66,31.93,1.63,0.2,14.79,25.98
2022-02-14,35.39,25.95,30.64,15.22,0.22,20.33,24.36
2022-02-15,36.0,23.77,29.68,0.43,0.23,17.8,22.57
2022-02-16,38.52,23.73,31.04,0.0,0.22,12.37,25.27
2022-02-17,38.89,22.98,30.55,0.0,0.22,3.82,30.65
2022-02-18,39.64,20.99,30.31,0.0,0.22,0.76,29.94
2022-02-19,40.83,20.71,31.06,0.0,0.21,2.61,30.44
2022-02-20,41.47,21.5,32.12,0.0,0.21,1.58,29.84
2022-02-21,41.18,23.93,32.35,0.0,0.21,5.84,28.94
2022-02-22,42.21,23.7,32.94,0.0,0.21,6.59,28.72
2022-02-23,42.21,21.54,32.06,0.0,0.21,9.62,28.68
2022-02-24,43.92,24.05,33.37,0.0,0.21,7.12,27.65
2022-02-25,41.65,23.09,31.07,0.0,0.21,12.24,25.69
2022-02-26,36.59,20.51,27.62,0.01,0.21,14.85,24.32
2022-02-27,38.73,20.86,29.18,0.0,0.21,11.87,27.7
2022-02-28,37.08,21.3,27.94,0.0,0.21,12.33,27.71
2022-03-01,32.56,19.59,24.88,0.0,0.21,13.83,24.8
2022-03-02,27.69,15.45,21.23,0.0,0.21,10.89,22.58
2022-03-03,28.84,13.17,20.51,0.0,0.21,1.62,28.75
2022-03-04,32.69,14.73,23.31,0.0,0.21,-0.49,28.64
2022-03-05,34.52,16.13,25.43,0.0,0.21,1.87,27.99
2022-03-06,35.59,18.29,27.11,0.0,0.21,3.18,27.18
2022-03-07,35.69,21.4,28.51,0.0,0.21,7.69,26.62
2022-03-08,35.63,21.62,28.21,0.0,0.21,8.28,26.1
2022-03-09,37.45,20.81,28.99,0.0,0.21,5.83,26.44
2022-03-10,39.63,21.94,30.98,0.0,0.21,6.66,25.35
2022-03-11,41.38,23.83,32.11,0.0,0.21,9.46,14.21
2022-03-12,37.45,20.33,27.99,0.0,0.2,14.23,25.48
2022-03-13,34.09,17.83,24.71,0.0,0.2,12.14,24.74
2022-03-14,33.99,17.61,25.03,0.0,0.2,12.56,25.6
2022-03-15,33.63,17.05,24.75,0.0,0.2,13.46,22.0
2022-03-16,33.07,18.93,24.73,0.0,0.2,11.21,25.15
2022-03-17,36.2,16.47,26.19,0.0,0.2,7.97,25.62
2022-03-18,41.16,19.23,29.74,0.0,0.2,2.81,24.5
2022-03-19,37.37,20.91,28.2,0.0,0.2,11.09,21.03
2022-03-20,38.23,21.67,29.95,0.0,0.2,9.18,20.92
2022-03-21,33.39,18.21,25.45,0.0,0.2,13.62,24.02
2022-03-22,33.53,17.82,25.24,0.0,0.2,9.87,24.86
2022-03-23,35.2,18.37,26.31,0.0,0.2,7.73,24.35
2022-03-24,36.59,18.67,27.19,0.0,0.2,3.52,24.07
2022-03-25,36.05,21.54,27.8,0.47,0.2,7.95,16.81
2022-03-26,35.21,23.35,28.4,0.37,0.2,16.78,14.23
2022-03-27,33.69,20.83,27.36,0.45,0.2,15.25,12.82
2022-03-28,31.76,23.03,26.92,13.58,0.22,17.12,17.03
2022-03-29,28.02,21.2,24.19,22.02,0.25,19.42,17.45
2022-03-30,29.68,20.0,24.47,13.35,0.29,18.35,15.58
2022-03-31,30.26,21.46,25.21,3.68,0.28,16.97,14.91
2022-04-01,26.01,21.57,23.39,1.21,0.28,17.1,9.91
2022-04-02,32.59,20.22,25.66,3.43,0.28,14.82,16.91
2022-04-03,30.22,21.29,25.19,3.81,0.28,18.54,15.18
2022-04-04,29.09,19.31,23.4,0.12,0.28,16.02,11.67
2022-04-05,28.44,14.99,21.18,0.0,0.28,9.94,21.93
2022-04-06,30.37,13.94,21.94,0.0,0.27,7.25,21.47
2022-04-07,34.0,16.3,25.36,0.0,0.27,7.73,21.17
2022-04-08,29.93,17.09,23.68,0.46,0.27,14.3,18.04
2022-04-09,25.1,15.46,19.48,1.04,0.27,10.09,17.29
2022-04-10,24.43,11.54,17.64,0.02,0.27,7.28,18.49
2022-04-11,21.15,11.97,15.94,5.91,0.27,9.92,10.99
2022-04-12,24.48,9.31,16.68,0.0,0.28,8.62,13.81
2022-04-13,26.71,11.98,18.94,0.0,0.27,11.05,18.98
2022-04-14,28.56,13.18,20.48,0.0,0.27,10.78,20.05
2022-04-15,32.98,13.79,22.7,0.0,0.27,8.5,20.06
2022-04-16,30.89,16.63,23.21,0.0,0.27,9.41,19.16
2022-04-17,25.86,15.3,19.82,0.0,0.27,10.65,13.85
2022-04-18,26.6,11.27,18.45,0.0,0.27,6.06,20.18
2022-04-19,27.69,11.07,18.81,0.0,0.27,2.97,19.9
2022-04-20,28.49,11.06,19.52,0.0,0.26,1.78,19.51
2022-04-21,28.69,13.61,20.42,0.0,0.26,4.4,17.81
2022-04-22,27.92,13.46,20.36,0.0,0.26,6.49,18.93
2022-04-23,28.39,13.42,20.42,0.0,0.26,7.83,18.74
2022-04-24,29.61,13.58,21.07,0.0,0.26,6.34,18.75
2022-04-25,31.08,14.83,22.18,0.0,0.26,6.68,13.82
2022-04-26,24.25,14.98,18.95,1.32,0.26,11.76,12.43
2022-04-27,22.34,14.12,17.55,2.51,0.26,10.89,12.38
2022-04-28,23.48,10.32,16.7,0.07,0.26,9.26,16.78
2022-04-29,24.02,10.11,16.53,0.05,0.26,6.31,18.21
2022-04-30,26.35,9.74,17.46,0.0,0.26,4.04,18.03
2022-05-01,27.97,10.71,18.78,0.0,0.26,3.66,17.91
2022-05-02,28.36,11.4,19.21,0.0,0.26,3.93,17.66
2022-05-03,26.57,10.92,18.17,0.0,0.26,8.25,16.62
2022-05-04,24.2,10.69,16.71,0.0,0.26,5.57,17.28
2022-05-05,23.38,9.88,15.85,0.0,0.26,2.41,17.34
2022-05-06,24.06,8.42,15.48,0.0,0.26,-0.34,17.64
2022-05-07,26.85,8.26,16.92,0.0,0.25,-1.33,17.33
2022-05-08,28.76,13.17,20.36,0.0,0.25,2.57,15.2
2022-05-09,29.57,12.69,21.2,0.0,0.25,4.62,16.35
2022-05-10,29.4,15.44,20.94,0.0,0.25,6.21,9.91
2022-05-11,26.58,15.33,20.01,0.11,0.25,11.35,8.55
2022-05-12,21.62,9.89,16.63,15.55,0.26,10.94,6.29
2022-05-13,20.12,8.51,13.4,0.37,0.28,7.33,13.77
2022-05-14,21.9,8.67,14.74,0.01,0.28,7.08,10.54
2022-05-15,22.46,9.4,15.37,0.01,0.28,9.29,9.54
2022-05-16,24.73,9.02,16.06,0.0,0.27,4.17,15.96
2022-05-17,26.7,8.92,16.95,0.02,0.27,4.98,14.23
2022-05-18,23.75,11.72,17.12,0.18,0.27,12.13,12.25
2022-05-19,24.37,12.08,17.72,0.0,0.27,10.31,11.06
2022-05-20,24.03,12.86,17.8,0.0,0.27,10.51,11.7
2022-05-21,26.85,12.2,18.91,0.0,0.27,8.6,14.85
2022-05-22,24.43,11.87,17.55,1.29,0.27,12.02,12.62
2022-05-23,21.26,11.58,16.03,2.39,0.27,10.44,10.93
2022-05-24,22.38,12.57,17.06,1.5,0.27,10.98,11.64
2022-05-25,22.4,9.53,15.4,0.22,0.27,9.14,12.03
2022-05-26,24.51,12.77,17.6,0.0,0.27,6.44,10.45
2022-05-27,25.53,10.77,17.28,0.0,0.27,6.64,13.89
2022-05-28,26.27,10.48,17.52,0.0,0.27,6.91,13.95
2022-05-29,18.15,9.07,12.71,0.0,0.27,4.73,14.83
2022-05-30,18.13,5.7,11.71,0.0,0.27,2.78,13.6
2022-05-31,17.35,7.82,11.85,0.0,0.27,4.75,12.17
2022-06-01,19.51,5.11,11.84,0.0,0.27,4.62,14.46
2022-06-02,20.76,8.14,13.4,0.06,0.27,5.6,12.48
2022-06-03,20.49,6.57,12.95,0.04,0.27,6.15,11.93
2022-06-04,20.17,6.24,12.38,0.0,0.27,3.0,14.41
2022-06-05,17.51,7.03,11.05,0.0,0.27,2.33,12.59
2022-06-06,20.23,4.6,11.49,0.0,0.27,1.66,13.98
2022-06-07,22.1,7.34,14.12,0.0,0.26,2.51,13.21
2022-06-08,23.16,11.7,16.37,0.24,0.26,1.96,8.92
2022-06-09,22.02,12.37,16.47,2.35,0.27,8.65,6.97
2022-06-10,22.91,14.52,17.54,1.52,0.27,12.95,8.91
2022-06-11,22.55,11.83,16.78,1.75,0.27,12.72,9.16
2022-06-12,21.1,12.07,15.36,8.46,0.28,12.76,9.14
2022-06-13,19.12,10.47,13.91,0.25,0.29,7.95,9.58
2022-06-14,20.22,10.65,14.76,0.0,0.28,5.85,10.52
2022-06-15,21.88,7.54,14.37,0.0,0.28,8.38,9.0
2022-06-16,25.45,10.8,17.02,0.0,0.28,12.38,6.95
2022-06-17,23.38,13.99,17.53,11.98,0.29,14.67,5.48
2022-06-18,18.34,12.3,15.1,3.51,0.3,10.87,9.2
2022-06-19,19.22,9.72,14.41,1.92,0.3,10.79,10.22
2022-06-20,20.25,8.0,13.25,0.07,0.3,8.86,12.91
2022-06-21,24.02,7.51,15.36,0.0,0.3,7.29,13.55
2022-06-22,25.48,9.31,16.02,0.01,0.3,7.33,13.65
2022-06-23,22.17,9.51,15.2,0.03,0.3,11.1,12.66
2022-06-24,21.85,9.64,14.66,0.02,0.29,8.76,12.4
2022-06-25,22.11,7.01,13.74,0.01,0.29,6.55,13.55
2022-06-26,23.58,7.45,14.38,0.0,0.29,4.7,13.62
2022-06-27,24.29,8.36,15.02,0.0,0.29,4.1,13.65
2022-06-28,21.34,8.86,13.76,0.0,0.29,6.58,13.67
2022-06-29,19.11,5.11,11.08,0.0,0.29,2.21,13.98
2022-06-30,19.39,4.47,10.83,0.0,0.29,2.89,14.11
2022-07-01,20.07,5.46,11.66,0.0,0.29,3.62,14.03
2022-07-02,19.77,4.92,11.33,0.0,0.29,1.26,14.22
2022-07-03,19.47,4.8,10.99,0.0,0.29,-1.84,14.34
2022-07-04,19.54,3.73,10.25,0.0,0.29,-3.83,14.52
2022-07-05,21.1,3.47,12.26,0.0,0.28,0.02,12.74
2022-07-06,22.38,10.3,15.95,0.01,0.28,6.88,10.56
2022-07-07,24.0,8.58,15.42,0.0,0.28,-1.45,13.13
2022-07-08,24.42,7.76,14.8,0.0,0.28,-3.62,13.88
2022-07-09,24.73,8.35,15.91,3.55,0.28,-1.76,13.23
2022-07-10,17.17,7.92,13.31,6.17,0.3,8.22,11.45
2022-07-11,18.37,4.85,10.72,0.0,0.3,3.34,14.56
2022-07-12,21.9,4.41,12.04,0.01,0.29,1.77,13.79
2022-07-13,24.37,7.86,14.77,0.0,0.29,5.49,10.34
2022-07-14,22.43,9.3,14.92,1.24,0.29,12.53,8.77
2022-07-15,21.02,9.93,14.64,0.18,0.29,8.79,11.38
2022-07-16,21.41,6.85,13.73,0.18,0.29,6.28,12.69
2022-07-17,21.48,9.84,14.69,2.28,0.29,7.52,7.4
2022-07-18,19.91,9.2,13.5,0.06,0.29,9.26,12.11
2022-07-19,20.69,6.75,13.31,0.02,0.29,7.37,14.41
2022-07-20,24.81,9.16,16.28,0.01,0.29,3.43,6.03
2022-07-21,17.14,8.49,14.36,6.72,0.3,10.33,5.29
2022-07-22,18.46,6.9,11.98,0.27,0.3,7.04,12.31
2022-07-23,18.54,6.44,12.26,10.23,0.3,7.79,9.78
2022-07-24,15.85,5.86,9.88,0.1,0.32,4.94,14.19
2022-07-25,17.62,2.77,9.47,0.0,0.31,0.02,15.84
2022-07-26,21.29,2.46,10.66,0.0,0.31,-2.07,15.72
2022-07-27,23.33,3.71,13.22,0.01,0.31,-0.73,15.64
2022-07-28,23.5,10.48,16.16,0.0,0.31,8.7,9.38
2022-07-29,18.31,10.63,14.62,7.46,0.31,13.15,5.61
2022-07-30,16.91,6.5,11.12,0.03,0.32,5.6,14.26
2022-07-31,18.14,3.72,11.13,0.0,0.32,3.1,15.85
2022-08-01,21.47,9.29,14.21,9.02,0.32,9.32,8.34
2022-08-02,17.15,9.52,13.34,3.3,0.33,8.41,12.56
2022-08-03,16.14,8.42,12.32,7.86,0.34,8.42,13.18
2022-08-04,16.47,7.21,11.2,2.41,0.34,7.51,13.82
2022-08-05,17.07,6.18,10.59,0.5,0.34,5.84,11.88
2022-08-06,18.77,3.55,10.79,0.0,0.34,3.09,16.32
2022-08-07,19.45,6.56,12.35,0.23,0.33,8.33,12.62
2022-08-08,19.4,7.88,13.01,4.29,0.33,8.4,13.9
2022-08-09,13.85,4.52,9.47,1.45,0.34,5.4,13.92
2022-08-10,16.77,3.44,9.3,0.03,0.34,4.53,13.89
2022-08-11,19.46,3.45,10.93,0.0,0.34,4.34,17.49
2022-08-12,22.57,4.73,12.4,0.0,0.33,1.42,18.09
2022-08-13,23.65,5.82,12.92,6.22,0.33,4.42,7.3
2022-08-14,21.24,8.52,14.18,0.03,0.34,6.68,17.43
2022-08-15,22.43,9.2,16.22,25.92,0.35,12.11,10.96
2022-08-16,18.39,10.67,15.7,15.36,0.4,13.47,5.68
2022-08-17,15.43,7.21,12.08,8.12,0.4,9.5,10.93
2022-08-18,17.32,5.14,9.89,0.08,0.4,3.56,19.04
2022-08-19,19.9,3.63,11.12,0.0,0.4,2.45,19.16
2022-08-20,23.3,6.42,13.54,0.0,0.39,5.16,19.26
2022-08-21,25.53,5.79,14.69,0.01,0.39,4.23,19.34
2022-08-22,20.16,8.56,12.92,0.02,0.38,6.13,17.82
2022-08-23,18.71,4.84,11.4,0.0,0.38,-0.06,18.72
2022-08-24,20.94,6.77,13.11,0.0,0.37,0.73,18.9
2022-08-25,24.31,7.77,15.31,0.0,0.37,-0.05,19.71
2022-08-26,23.83,9.71,15.13,0.0,0.37,2.89,19.83
2022-08-27,19.49,7.92,12.86,0.64,0.37,8.36,15.5
2022-08-28,17.43,6.29,11.25,0.24,0.36,6.25,13.35
2022-08-29,19.96,4.57,11.74,0.0,0.36,3.51,20.46
2022-08-30,22.48,4.33,12.94,0.0,0.36,1.05,20.94
2022-08-31,23.3,5.19,13.72,0.02,0.36,1.93,21.02
2022-09-01,24.22,6.71,15.01,0.0,0.35,0.39,21.1
2022-09-02,21.95,10.14,15.33,4.72,0.35,3.06,7.86
2022-09-03,18.67,11.46,14.54,6.61,0.37,11.46,7.63
2022-09-04,22.04,9.77,15.46,3.1,0.37,11.74,12.2
2022-09-05,19.01,9.1,14.01,2.09,0.37,9.99,14.94
2022-09-06,17.28,7.99,12.15,6.96,0.37,8.15,16.41
2022-09-07,19.71,6.77,12.07,0.41,0.37,6.54,20.69
2022-09-08,19.51,7.77,13.53,0.0,0.37,6.14,9.24
2022-09-09,19.46,7.78,13.66,0.03,0.37,5.86,14.94
2022-09-10,22.98,7.4,14.74,0.01,0.36,6.65,21.36
2022-09-11,24.95,8.02,16.89,0.1,0.36,6.49,22.03
2022-09-12,25.77,9.09,17.33,0.12,0.36,9.7,22.28
2022-09-13,18.89,9.86,14.74,5.46,0.36,10.32,18.81
2022-09-14,19.35,8.27,12.78,0.63,0.36,7.61,16.83
2022-09-15,18.18,7.95,12.85,0.02,0.36,8.11,14.96
2022-09-16,22.24,7.26,14.08,0.18,0.36,8.69,18.3
2022-09-17,24.68,7.04,15.49,0.06,0.35,6.85,23.09
2022-09-18,24.89,9.05,16.02,0.05,0.35,9.48,21.74
2022-09-19,15.8,7.86,12.19,4.82,0.35,8.07,19.11
2022-09-20,22.0,5.86,13.32,0.11,0.35,7.88,16.97
2022-09-21,24.91,8.56,15.89,0.0,0.35,9.78,20.22
2022-09-22,24.27,8.51,15.82,0.0,0.35,8.17,20.37
2022-09-23,26.49,8.2,16.49,0.0,0.34,6.81,24.21
2022-09-24,19.85,8.61,13.61,1.89,0.34,8.62,14.3
2022-09-25,21.34,5.71,13.05,0.0,0.34,3.85,25.7
2022-09-26,24.88,7.39,15.43,0.0,0.34,4.62,25.53
2022-09-27,26.97,7.59,17.25,0.0,0.33,2.86,25.86
2022-09-28,27.85,10.17,18.83,0.01,0.33,3.25,24.46
2022-09-29,27.79,12.71,18.98,0.0,0.33,6.43,19.03
2022-09-30,27.49,14.36,20.01,0.01,0.33,8.47,22.82
2022-10-01,27.86,11.79,19.55,0.0,0.32,8.21,23.31
2022-10-02,23.59,12.27,17.48,0.0,0.32,7.59,21.37
2022-10-03,24.08,10.29,16.64,0.0,0.32,6.01,24.54
2022-10-04,27.33,9.16,17.94,0.0,0.32,5.51,26.45
2022-10-05,22.02,10.94,15.82,1.48,0.32,9.33,17.0
2022-10-06,21.52,6.85,14.06,0.0,0.31,2.94,25.89
2022-10-07,23.3,7.08,14.9,0.03,0.31,2.68,27.6
2022-10-08,28.5,7.51,17.95,0.03,0.31,1.39,27.82
2022-10-09,26.68,8.78,16.94,0.0,0.31,6.31,18.62
2022-10-10,23.07,10.63,16.17,0.01,0.31,7.38,15.15
2022-10-11,21.41,7.71,14.13,0.0,0.3,3.18,25.6
2022-10-12,21.89,7.38,14.31,0.0,0.3,2.41,28.3
2022-10-13,24.62,6.12,15.26,0.0,0.3,0.75,28.84
2022-10-14,27.76,6.45,17.06,0.01,0.3,0.74,28.65
2022-10-15,29.71,7.55,18.4,0.02,0.3,4.63,27.62
2022-10-16,24.39,8.79,16.13,0.01,0.29,6.93,27.72
2022-10-17,24.06,8.82,16.31,0.05,0.29,6.64,24.56
2022-10-18,28.57,8.93,18.54,0.01,0.29,4.36,28.24
2022-10-19,34.03,11.4,22.11,0.0,0.29,2.42,28.75
2022-10-20,28.83,13.6,19.67,0.0,0.29,10.21,25.95
2022-10-21,29.28,11.81,20.12,0.01,0.29,9.41,26.87
2022-10-22,28.69,12.83,21.07,0.2,0.28,9.83,24.4
2022-10-23,30.33,15.02,20.5,0.72,0.28,11.15,17.25
2022-10-24,24.94,13.06,18.26,0.4,0.28,10.03,23.8
2022-10-25,26.06,12.16,18.23,0.11,0.28,8.65,24.17
2022-10-26,27.5,9.82,18.54,0.04,0.28,6.2,28.63
2022-10-27,30.48,10.23,20.26,0.23,0.28,6.5,29.31
2022-10-28,31.91,11.34,20.82,0.15,0.28,8.17,28.09
2022-10-29,23.95,12.41,17.77,2.14,0.28,10.28,17.92
2022-10-30,20.67,9.47,14.13,0.66,0.28,3.99,28.58
2022-10-31,23.87,6.53,15.14,0.0,0.28,3.22,31.29
2022-11-01,27.3,8.2,17.85,0.0,0.27,4.43,30.4
2022-11-02,30.67,12.27,21.76,0.0,0.27,6.71,29.12
2022-11-03,33.54,15.14,24.64,0.0,0.27,4.62,29.63
2022-11-04,33.47,14.94,23.36,0.0,0.27,6.74,30.63
2022-11-05,32.94,11.22,22.63,0.02,0.27,6.88,28.97
2022-11-06,32.86,15.4,23.72,0.02,0.27,6.98,30.3
2022-11-07,25.67,13.83,18.62,0.04,0.26,11.21,21.97
2022-11-08,27.5,13.6,19.69,0.05,0.26,11.72,19.56
2022-11-09,28.93,14.08,20.44,0.0,0.26,9.78,26.68
2022-11-10,27.28,11.74,19.11,0.02,0.26,9.31,28.62
2022-11-11,24.17,11.98,17.37,0.18,0.26,6.02,29.86
2022-11-12,24.39,9.69,16.85,0.0,0.26,1.6,32.6
2022-11-13,27.35,9.9,18.84,0.17,0.26,5.41,31.42
2022-11-14,29.67,13.6,21.67,0.0,0.26,4.66,31.32
2022-11-15,32.9,13.91,23.67,0.23,0.26,1.54,32.44
2022-11-16,36.64,15.4,24.68,0.15,0.25,6.49,23.77
2022-11-17,23.66,13.49,17.69,0.46,0.25,7.66,21.09
2022-11-18,21.04,11.26,15.05,2.63,0.26,5.29,23.61
2022-11-19,25.26,9.59,17.12,0.12,0.26,5.2,29.0
2022-11-20,29.51,9.8,20.04,0.09,0.25,4.33,32.74
2022-11-21,34.42,13.63,24.4,0.0,0.25,1.25,32.29
2022-11-22,35.85,19.1,26.87,0.02,0.25,3.86,17.3
2022-11-23,33.23,15.7,23.99,0.0,0.25,8.11,32.01
2022-11-24,32.22,12.1,21.44,0.0,0.25,8.82,32.46
2022-11-25,29.83,12.1,20.35,0.0,0.25,9.0,31.13
2022-11-26,31.26,11.68,21.59,0.01,0.25,6.95,32.87
2022-11-27,33.43,14.33,23.95,0.02,0.24,6.95,32.35
2022-11-28,36.2,16.6,26.93,0.0,0.24,4.64,32.7
2022-11-29,39.81,21.11,30.68,0.0,0.24,5.35,31.85
2022-11-30,37.82,18.74,28.11,0.0,0.24,9.14,31.93
2022-12-01,34.01,16.21,23.91,0.0,0.24,11.2,32.02
2022-12-02,34.93,14.64,23.94,0.0,0.24,10.19,32.77
2022-12-03,36.56,17.06,25.43,0.0,0.24,10.64,26.88
2022-12-04,36.86,17.59,26.25,0.0,0.24,12.2,31.44
2022-12-05,36.29,16.53,25.8,0.02,0.24,11.35,32.62
2022-12-06,34.97,16.32,26.0,0.02,0.23,10.09,32.42
2022-12-07,39.13,18.77,28.08,0.0,0.23,7.9,30.71
2022-12-08,31.98,16.05,22.8,0.02,0.23,11.21,32.22
2022-12-09,30.5,14.45,21.36,0.0,0.23,7.53,33.78
2022-12-10,32.5,13.6,23.01,0.0,0.23,7.42,33.74
2022-12-11,32.98,14.59,24.24,0.0,0.23,5.17,33.52
2022-12-12,36.29,17.25,27.3,0.11,0.23,3.35,32.6
2022-12-13,38.79,20.48,29.18,0.04,0.23,2.79,32.91
2022-12-14,36.25,19.58,27.67,0.26,0.23,5.32,33.1
2022-12-15,34.54,19.27,27.34,0.03,0.23,8.29,31.26
2022-12-16,33.18,18.25,26.0,0.0,0.23,8.26,30.68
2022-12-17,33.29,18.7,26.42,0.02,0.23,8.85,30.73
2022-12-18,34.55,19.92,27.38,0.0,0.22,7.5,32.18
2022-12-19,38.3,20.1,29.17,0.24,0.22,5.63,29.35
2022-12-20,36.96,21.91,29.12,0.11,0.22,7.16,23.88
2022-12-21,35.72,21.44,27.92,0.01,0.22,7.53,30.26
2022-12-22,37.92,19.65,29.28,0.0,0.22,3.16,30.91
2022-12-23,39.3,21.56,30.67,0.0,0.22,1.83,33.61
2022-12-24,41.19,20.92,31.87,0.03,0.22,4.35,28.92
2022-12-25,39.73,21.89,30.78,0.01,0.22,6.07,32.65
2022-12-26,37.38,19.41,27.04,0.0,0.22,9.82,32.79
2022-12-27,34.83,15.19,25.2,0.0,0.22,6.16,33.71
2022-12-28,37.31,18.28,27.51,0.0,0.22,0.42,34.53
2022-12-29,39.26,18.83,29.48,0.0,0.22,-3.41,34.38
2022-12-30,41.45,20.18,30.26,0.0,0.22,1.35,33.87
2022-12-31,36.43,16.6,25.65,0.03,0.22,9.55,33.53
2023-01-01,37.8,15.77,27.22,0.0,0.21,7.37,33.01
2023-01-02,39.37,20.42,30.36,0.0,0.21,6.39,29.28
2023-01-03,40.63,23.79,31.94,0.0,0.21,5.04,30.32
2023-01-04,41.99,23.54,32.92,0.0,0.21,5.41,32.74
2023-01-05,40.93,24.15,32.47,0.0,0.21,3.83,33.08
2023-01-06,42.5,21.69,31.69,0.0,0.21,4.01,32.39
2023-01-07,35.44,17.87,26.41,0.0,0.21,6.85,33.42
2023-01-08,38.11,17.2,28.37,0.0,0.21,5.85,33.2
2023-01-09,44.13,22.85,32.53,0.11,0.21,5.95,29.47
2023-01-10,36.45,18.7,26.74,0.04,0.21,11.96,32.2
2023-01-11,36.19,15.99,25.25,0.0,0.21,8.02,33.52
2023-01-12,40.01,16.39,28.09,0.0,0.21,8.62,32.62
2023-01-13,38.91,18.56,28.23,0.0,0.21,10.85,32.22
2023-01-14,37.76,21.1,29.08,0.0,0.21,10.4,32.35
2023-01-15,42.28,23.18,32.0,1.69,0.21,9.58,25.25
2023-01-16,34.08,17.87,25.13,0.0,0.21,9.35,32.18
2023-01-17,36.33,15.8,26.28,0.0,0.21,6.94,32.9
2023-01-18,39.19,19.66,30.05,0.01,0.21,7.87,31.61
2023-01-19,39.77,23.57,31.33,3.42,0.21,13.39,23.91
2023-01-20,38.27,23.61,31.32,0.57,0.21,15.24,27.63
2023-01-21,40.19,26.31,32.65,0.01,0.21,10.44,22.47
2023-01-22,38.78,25.92,32.22,0.69,0.21,10.3,29.73
2023-01-23,40.44,22.57,31.45,0.78,0.21,11.15,28.24
2023-01-24,41.42,22.18,31.25,0.0,0.21,12.62,30.0
2023-01-25,40.11,21.75,31.02,0.0,0.21,11.0,31.48
2023-01-26,32.42,24.2,29.05,0.0,0.21,11.44,16.12
2023-01-27,37.07,21.95,28.86,0.0,0.21,7.74,29.56
2023-01-28,37.81,18.67,28.94,0.0,0.21,9.39,30.89
2023-01-29,40.61,23.34,32.14,0.3,0.21,9.29,27.19
2023-01-30,39.75,24.98,32.28,0.91,0.21,13.39,23.24
2023-01-31,40.51,23.82,32.4,0.01,0.21,12.86,28.49
2023-02-01,40.32,24.12,32.14,0.0,0.21,10.07,30.62
2023-02-02,41.79,24.56,33.18,0.02,0.21,9.01,30.43
2023-02-03,37.83,24.55,30.7,0.04,0.21,5.67,29.54
2023-02-04,41.16,24.4,32.74,0.04,0.2,7.03,27.99
2023-02-05,40.95,23.37,31.55,0.05,0.2,11.55,28.76
2023-02-06,37.77,19.88,27.84,0.0,0.2,13.03,30.16
2023-02-07,36.8,16.72,26.63,0.0,0.2,8.11,31.71
2023-02-08,40.99,18.75,30.2,0.0,0.2,4.29,31.56
2023-02-09,42.58,21.61,32.51,0.0,0.2,4.8,30.39
2023-02-10,40.33,21.18,30.68,0.05,0.2,7.14,28.75
2023-02-11,38.16,16.93,27.57,0.0,0.2,8.85,30.77
2023-02-12,40.71,19.51,30.42,0.0,0.2,4.23,30.05
2023-02-13,42.45,22.76,32.87,0.0,0.2,7.82,29.27
2023-02-14,38.0,20.84,28.64,0.0,0.2,9.4,30.13
2023-02-15,34.31,15.95,24.87,0.0,0.2,8.37,30.32
2023-02-16,36.24,16.47,25.78,0.0,0.2,8.53,30.15
2023-02-17,37.19,16.07,26.52,0.0,0.2,7.99,29.84
2023-02-18,41.27,20.55,30.81,0.0,0.2,7.3,29.1
2023-02-19,44.6,20.97,32.69,0.01,0.2,8.72,28.86
2023-02-20,43.03,23.5,32.28,0.0,0.2,10.28,28.38
2023-02-21,42.4,20.1,30.13,0.01,0.2,13.86,28.38
2023-02-22,41.57,21.66,30.71,0.0,0.2,14.66,27.11
2023-02-23,34.44,18.82,26.19,0.03,0.2,10.43,28.42
2023-02-24,34.26,20.46,26.99,0.0,0.2,11.91,27.11
2023-02-25,36.57,20.4,28.51,0.0,0.2,8.66,28.31
2023-02-26,37.72,20.12,29.42,0.11,0.2,2.78,28.58
2023-02-27,39.84,23.82,32.2,0.03,0.2,6.1,17.38
2023-02-28,38.63,25.79,32.52,0.01,0.2,10.0,16.81
2023-03-01,35.57,27.14,31.03,0.72,0.2,12.89,12.8
2023-03-02,39.75,25.09,32.38,0.09,0.2,8.8,18.31
2023-03-03,41.17,24.18,32.54,0.35,0.2,10.59,25.82
2023-03-04,37.12,21.73,28.7,0.0,0.2,11.33,26.15
2023-03-05,35.35,17.72,26.47,0.0,0.2,7.8,27.38
2023-03-06,35.97,17.38,26.81,0.03,0.2,2.6,27.5
2023-03-07,38.07,19.15,28.51,0.0,0.2,3.06,27.16
2023-03-08,40.05,21.33,29.92,0.01,0.2,6.47,25.06
2023-03-09,34.84,19.39,25.51,0.01,0.2,10.11,26.99
2023-03-10,33.69,17.27,24.68,0.0,0.2,10.41,26.72
2023-03-11,35.99,17.79,26.61,0.0,0.2,8.17,26.03
2023-03-12,38.78,19.72,29.26,0.0,0.2,4.43,25.6
2023-03-13,39.75,19.23,29.24,0.0,0.2,7.54,24.87
2023-03-14,39.49,19.06,28.66,0.0,0.2,7.81,25.78
2023-03-15,41.42,19.0,29.82,0.0,0.2,4.92,25.86
2023-03-16,38.08,19.26,27.22,0.0,0.2,8.41,25.68
2023-03-17,30.66,15.49,22.66,0.0,0.2,6.54,25.8
2023-03-18,34.01,16.11,24.74,0.0,0.2,4.81,25.43
2023-03-19,39.45,17.9,28.63,0.0,0.2,4.45,25.06
2023-03-20,41.26,22.84,30.61,0.01,0.2,7.72,23.83
2023-03-21,39.87,18.66,28.32,0.0,0.2,10.72,22.14
2023-03-22,39.08,21.22,29.06,0.0,0.2,10.1,18.92
2023-03-23,38.96,20.88,29.21,0.0,0.2,10.47,17.1
2023-03-24,35.24,21.46,28.38,0.03,0.2,13.47,11.41
2023-03-25,32.74,21.75,26.76,1.72,0.2,15.53,12.44
2023-03-26,31.3,18.12,24.09,0.11,0.2,12.2,18.23
2023-03-27,32.37,17.11,24.55,0.0,0.2,10.01,19.32
2023-03-28,31.58,18.19,25.18,0.05,0.2,10.53,20.26
2023-03-29,25.75,18.93,22.26,6.99,0.2,14.05,15.0
2023-03-30,30.02,18.47,23.8,2.93,0.22,17.49,9.54
2023-03-31,30.31,18.71,24.49,2.43,0.22,15.16,15.93
2023-04-01,30.82,17.15,23.72,0.59,0.22,13.53,18.21
2023-04-02,32.66,17.12,24.74,0.04,0.22,11.74,20.44
2023-04-03,32.01,17.04,24.65,0.01,0.22,11.37,16.93
2023-04-04,30.81,16.73,23.24,0.0,0.22,12.0,19.16
2023-04-05,27.8,13.77,20.19,0.0,0.22,6.54,22.61
2023-04-06,29.43,13.62,21.23,0.0,0.21,4.33,22.26
2023-04-07,28.64,14.42,20.66,0.0,0.21,8.29,18.31
2023-04-08,26.04,12.08,18.57,0.02,0.21,10.23,18.53
2023-04-09,26.94,11.28,18.85,0.01,0.21,8.21,20.14
2023-04-10,26.79,12.02,19.13,0.78,0.21,9.8,19.42
2023-04-11,26.54,12.5,19.07,0.08,0.21,8.44,20.84
2023-04-12,29.54,11.69,20.22,0.0,0.21,7.91,21.1
2023-04-13,27.71,13.17,19.51,0.38,0.21,12.3,20.04
2023-04-14,21.87,11.51,16.79,0.04,0.21,4.27,18.43
2023-04-15,21.99,8.34,14.78,0.06,0.21,4.19,20.51
2023-04-16,25.96,8.95,17.69,0.08,0.21,3.18,20.23
2023-04-17,26.36,13.39,19.54,0.0,0.21,1.74,14.4
2023-04-18,28.89,11.79,19.97,0.0,0.21,7.82,19.99
2023-04-19,28.6,13.44,20.45,0.0,0.21,5.53,19.89
2023-04-20,27.86,12.41,19.59,0.0,0.21,2.38,19.94
2023-04-21,29.4,13.23,20.5,0.0,0.21,3.75,18.55
2023-04-22,31.0,13.85,21.84,0.0,0.21,2.33,14.01
2023-04-23,32.22,14.4,22.57,0.0,0.21,4.92,18.53
2023-04-24,22.93,12.61,18.28,0.98,0.21,11.48,9.93
2023-04-25,21.02,10.44,14.85,0.06,0.21,5.81,15.4
2023-04-26,24.94,10.97,17.66,0.04,0.21,7.72,17.17
2023-04-27,25.89,10.88,17.84,0.0,0.21,8.13,17.79
2023-04-28,23.24,10.48,16.1,0.0,0.21,3.31,18.78
2023-04-29,24.95,7.85,15.58,0.0,0.21,-2.19,18.74
2023-04-30,28.21,10.23,18.32,0.0,0.21,-0.49,15.67
2023-05-01,27.82,10.23,18.34,0.0,0.21,-1.79,18.16
2023-05-02,28.1,10.06,18.52,0.03,0.21,-0.83,18.05
2023-05-03,29.68,12.07,20.58,0.05,0.21,2.74,17.47
2023-05-04,30.98,14.87,22.37,0.03,0.21,3.86,14.2
2023-05-05,27.13,15.09,20.8,2.53,0.21,5.51,12.19
2023-05-06,24.46,15.02,19.29,4.56,0.22,9.51,5.89
2023-05-07,28.3,14.48,20.94,0.08,0.22,6.33,12.29
2023-05-08,27.74,15.7,20.78,0.02,0.22,4.34,13.43
2023-05-09,28.96,16.75,21.99,0.0,0.22,6.63,12.95
2023-05-10,25.8,13.16,19.56,0.17,0.22,12.18,12.36
2023-05-11,22.2,9.04,15.06,0.0,0.21,3.81,16.34
2023-05-12,29.33,9.18,18.39,0.0,0.21,4.92,14.66
2023-05-13,22.98,11.59,16.77,1.36,0.22,9.41,12.31
2023-05-14,22.09,9.33,14.92,0.69,0.22,6.55,16.13
2023-05-15,22.72,7.23,14.66,0.0,0.22,4.56,15.95
2023-05-16,25.46,9.84,17.28,0.0,0.22,4.81,15.52
2023-05-17,27.82,12.51,19.66,0.0,0.21,2.14,13.46
2023-05-18,27.55,14.05,19.51,0.0,0.21,1.11,14.7
2023-05-19,25.04,10.72,17.19,0.0,0.21,0.41,15.67
2023-05-20,23.9,9.66,16.02,0.0,0.21,1.73,15.68
2023-05-21,23.07,8.87,15.3,0.0,0.21,0.77,15.21
2023-05-22,24.38,10.22,16.7,0.0,0.21,-0.36,13.85
2023-05-23,26.04,13.21,18.03,0.06,0.21,0.89,13.44
2023-05-24,23.74,13.16,17.91,0.23,0.21,12.41,7.79
2023-05-25,21.02,8.44,14.04,0.0,0.21,1.63,15.41
2023-05-26,21.27,6.97,13.3,0.0,0.21,-0.13,15.19
2023-05-27,20.59,8.38,13.36,0.0,0.21,-1.14,14.21
2023-05-28,22.19,6.7,14.09,0.0,0.21,-0.59,12.64
2023-05-29,24.41,12.53,17.21,0.0,0.21,-2.14,9.6
2023-05-30,27.43,11.87,18.74,0.0,0.21,2.45,12.23
2023-05-31,25.74,14.51,18.76,11.3,0.21,12.93,4.3
2023-06-01,21.45,10.79,15.94,0.97,0.24,10.4,11.38
2023-06-02,19.08,7.35,12.46,0.0,0.23,5.27,11.96
2023-06-03,19.15,5.98,12.1,0.0,0.23,3.26,14.53
2023-06-04,21.44,8.73,13.37,0.03,0.23,3.35,13.99
2023-06-05,19.8,9.94,14.04,8.88,0.24,9.98,9.36
2023-06-06,15.25,8.64,11.62,4.53,0.25,7.97,8.8
2023-06-07,17.84,6.55,11.29,0.02,0.25,5.73,10.9
2023-06-08,19.29,6.4,12.13,0.0,0.25,6.61,10.23
2023-06-09,21.31,6.17,13.55,0.0,0.25,5.17,13.78
2023-06-10,22.57,7.09,13.89,0.05,0.24,4.36,13.83
2023-06-11,18.55,7.47,13.06,0.4,0.24,8.18,9.45
2023-06-12,18.45,4.73,10.73,0.0,0.24,4.05,12.59
2023-06-13,20.01,4.64,11.5,0.0,0.24,1.65,13.84
2023-06-14,20.3,6.65,12.48,0.38,0.24,7.72,12.03
2023-06-15,20.81,9.56,13.75,1.09,0.24,8.88,11.0
2023-06-16,19.78,9.33,13.82,0.8,0.24,9.34,9.45
2023-06-17,18.13,9.74,12.86,0.34,0.25,6.67,13.14
2023-06-18,16.01,6.74,10.77,0.0,0.24,-0.76,9.3
2023-06-19,21.69,5.4,12.62,0.01,0.24,1.74,12.63
2023-06-20,16.51,5.91,10.57,1.23,0.24,4.63,9.34
2023-06-21,16.26,6.57,11.0,0.36,0.25,6.19,9.78
2023-06-22,18.42,4.91,11.29,0.13,0.25,6.49,9.45
2023-06-23,16.44,6.27,11.94,0.69,0.25,6.07,8.93
2023-06-24,16.97,4.86,10.69,0.24,0.25,5.92,10.07
2023-06-25,14.63,8.41,11.48,1.39,0.25,8.33,8.79
2023-06-26,12.96,3.79,8.23,0.01,0.25,3.17,8.86
2023-06-27,15.64,1.9,7.55,0.0,0.25,1.01,13.81
2023-06-28,17.11,2.18,8.84,0.0,0.25,2.14,12.34
2023-06-29,17.38,2.66,9.28,0.0,0.25,1.68,13.97
2023-06-30,17.14,3.19,9.25,0.0,0.25,-0.15,14.19
2023-07-01,18.17,2.37,9.23,0.0,0.24,-1.51,14.13
2023-07-02,19.0,2.78,9.68,0.0,0.24,-2.8,14.24
2023-07-03,19.78,4.21,11.9,2.66,0.24,5.11,9.04
2023-07-04,17.28,10.54,13.02,2.68,0.25,8.73,9.06
2023-07-05,15.34,7.74,12.14,1.93,0.26,7.93,11.05
2023-07-06,16.8,5.66,10.39,0.05,0.26,5.73,8.52
2023-07-07,19.54,7.02,12.53,0.01,0.25,8.16,10.44
2023-07-08,20.49,6.13,12.59,0.01,0.25,6.74,12.8
2023-07-09,21.92,5.56,12.62,0.0,0.25,4.31,14.24
2023-07-10,22.41,5.18,13.04,0.0,0.25,1.56,14.45
2023-07-11,23.19,5.75,12.87,0.01,0.25,0.41,14.6
2023-07-12,24.36,4.86,12.72,0.0,0.25,2.95,14.65
2023-07-13,22.34,7.87,14.52,0.75,0.25,11.46,10.99
2023-07-14,18.08,7.52,13.04,1.23,0.25,7.53,10.23
2023-07-15,17.69,3.51,9.6,0.0,0.25,-0.29,15.14
2023-07-16,19.84,2.33,10.94,0.0,0.25,-3.17,15.1
2023-07-17,21.29,3.61,11.86,0.0,0.25,-2.61,14.92
2023-07-18,23.26,6.21,13.67,0.08,0.25,2.39,14.67
2023-07-19,16.65,6.19,12.36,1.67,0.25,5.97,11.67
2023-07-20,16.86,3.63,9.72,0.02,0.25,3.02,14.81
2023-07-21,20.28,5.17,11.89,0.0,0.25,4.16,15.01
2023-07-22,21.79,6.89,12.87,0.01,0.25,5.08,15.42
2023-07-23,21.99,5.14,12.33,0.0,0.25,-1.2,15.79
2023-07-24,22.19,5.21,12.63,0.0,0.25,-4.67,15.82
2023-07-25,22.4,8.58,14.22,1.37,0.25,-0.9,4.45
2023-07-26,16.94,8.62,12.41,2.75,0.25,7.21,11.18
2023-07-27,18.5,7.59,12.7,0.07,0.25,6.18,11.33
2023-07-28,18.14,6.69,12.02,0.01,0.25,6.18,10.62
2023-07-29,19.67,6.66,12.61,0.66,0.25,9.24,12.09
2023-07-30,21.16,9.76,14.03,0.59,0.25,8.34,10.18
2023-07-31,23.36,6.43,14.23,0.0,0.25,4.16,16.0
2023-08-01,26.18,6.78,15.59,0.07,0.25,-0.84,16.47
2023-08-02,25.15,10.77,16.0,12.74,0.26,8.41,9.33
2023-08-03,16.36,6.45,10.6,0.16,0.27,4.13,15.78
2023-08-04,18.11,3.25,9.93,0.0,0.27,1.96,16.58
2023-08-05,24.1,4.21,13.7,0.0,0.27,5.21,16.24
2023-08-06,28.49,10.87,19.08,0.0,0.27,9.47,13.41
2023-08-07,30.15,15.3,21.55,0.0,0.26,9.64,10.09
2023-08-08,26.37,13.96,19.67,0.2,0.26,13.13,10.61
2023-08-09,23.44,11.11,15.96,0.04,0.26,8.34,16.94
2023-08-10,28.8,11.52,18.95,0.08,0.26,6.74,6.88
2023-08-11,23.28,10.69,15.93,0.91,0.26,9.0,7.07
2023-08-12,23.83,9.21,15.28,1.85,0.26,8.27,11.37
2023-08-13,19.45,8.07,13.31,10.05,0.28,9.32,12.28
2023-08-14,20.74,6.34,12.64,2.74,0.28,6.47,17.92
2023-08-15,21.52,7.61,13.64,0.34,0.28,7.56,17.06
2023-08-16,17.43,7.53,12.59,3.19,0.28,6.8,13.01
2023-08-17,19.58,3.61,11.23,0.0,0.28,4.57,17.52
2023-08-18,22.66,5.71,13.56,0.0,0.28,4.53,18.44
2023-08-19,25.35,6.54,15.79,0.01,0.28,1.09,18.93
2023-08-20,26.07,7.02,15.81,0.01,0.28,1.16,19.1
2023-08-21,22.84,7.5,14.39,0.0,0.28,7.0,16.63
2023-08-22,24.82,5.97,14.93,0.0,0.27,2.2,18.97
2023-08-23,24.92,6.64,14.82,0.03,0.27,4.68,19.32
2023-08-24,29.08,6.72,17.52,0.0,0.27,3.51,19.49
2023-08-25,31.29,12.02,21.15,0.0,0.27,3.38,17.74
2023-08-26,31.19,10.82,20.19,0.0,0.27,7.26,19.24
2023-08-27,30.85,13.84,20.55,0.0,0.27,4.47,19.46
2023-08-28,29.66,9.97,19.02,0.01,0.27,6.12,19.91
2023-08-29,29.44,10.7,19.21,0.0,0.27,6.87,19.95
2023-08-30,30.87,11.03,20.3,0.0,0.26,4.81,19.94
2023-08-31,33.35,13.39,21.93,0.0,0.26,4.52,20.49
2023-09-01,26.51,12.22,18.45,0.16,0.26,11.29,18.83
2023-09-02,23.35,12.42,16.66,0.8,0.26,10.43,13.16
2023-09-03,19.29,9.25,14.32,0.82,0.26,6.89,15.79
2023-09-04,21.93,9.16,14.44,0.02,0.26,6.7,17.57
2023-09-05,23.58,8.9,15.41,0.02,0.26,8.51,16.28
2023-09-06,22.54,10.14,15.59,0.08,0.26,5.92,18.2
2023-09-07,23.17,6.13,13.82,0.0,0.26,-2.21,22.17
2023-09-08,28.58,8.22,17.82,0.0,0.26,-2.87,21.97
2023-09-09,28.27,13.27,19.74,0.01,0.26,8.62,18.19
2023-09-10,29.81,11.54,19.44,0.0,0.26,10.69,21.0
2023-09-11,32.36,11.58,21.05,0.0,0.26,11.1,21.22
2023-09-12,28.39,14.91,20.61,0.01,0.25,12.44,14.33
2023-09-13,23.18,12.94,16.65,6.95,0.26,11.63,12.25
2023-09-14,24.43,11.23,16.71,0.01,0.27,8.13,20.01
2023-09-15,29.11,10.33,18.5,0.0,0.26,10.12,22.43
2023-09-16,30.03,10.84,19.07,0.0,0.26,9.9,22.06
2023-09-17,25.78,11.69,17.46,0.17,0.26,7.49,14.71
2023-09-18,24.54,8.98,15.98,0.06,0.26,4.52,23.3
2023-09-19,25.98,7.81,16.43,0.02,0.26,8.23,21.7
2023-09-20,29.43,9.7,18.97,0.06,0.26,6.84,24.23
2023-09-21,33.56,13.65,22.9,0.0,0.26,5.8,12.11
2023-09-22,33.43,15.3,23.18,0.0,0.25,9.68,23.36
2023-09-23,27.51,13.49,19.13,0.0,0.25,10.2,22.31
2023-09-24,29.37,10.51,19.59,0.0,0.25,7.44,24.21
2023-09-25,28.73,11.1,18.96,0.0,0.25,6.96,24.54
2023-09-26,30.7,9.25,19.39,0.0,0.25,2.3,25.61
2023-09-27,38.02,17.22,27.16,0.0,0.25,6.09,24.44
2023-09-28,38.17,19.16,27.65,0.0,0.25,6.61,19.09
2023-09-29,34.43,14.35,22.5,0.0,0.25,9.83,24.28
2023-09-30,27.24,11.26,18.68,0.0,0.25,9.32,23.65
2023-10-01,27.27,10.69,18.07,0.04,0.24,9.24,24.58
2023-10-02,22.44,10.26,16.41,0.29,0.24,6.72,22.21
2023-10-03,25.24,7.5,16.09,0.0,0.24,3.47,26.08
2023-10-04,29.57,9.24,19.26,0.0,0.24,0.56,27.05
2023-10-05,33.51,11.48,22.5,0.0,0.24,-0.34,26.93
2023-10-06,36.03,15.7,25.54,0.01,0.24,-0.44,26.79
2023-10-07,36.38,14.22,24.88,0.01,0.24,4.22,26.61
2023-10-08,35.53,14.35,24.46,0.0,0.24,6.55,25.89
2023-10-09,36.99,17.84,26.74,0.01,0.24,7.38,19.2
2023-10-10,33.82,15.14,23.84,0.03,0.24,10.09,20.67
2023-10-11,29.11,10.48,19.06,0.0,0.24,0.62,28.02
2023-10-12,32.74,12.53,22.75,0.0,0.24,1.25,25.54
2023-10-13,33.02,18.17,25.45,0.01,0.23,2.79,21.78
2023-10-14,36.74,18.18,27.23,0.0,0.23,3.6,27.63
2023-10-15,37.19,17.86,27.16,0.04,0.23,-2.24,28.7
2023-10-16,37.63,18.26,27.59,0.02,0.23,-3.26,26.61
2023-10-17,37.72,16.83,26.3,0.01,0.23,-0.76,28.13
2023-10-18,33.73,12.67,23.11,0.0,0.23,7.66,26.99
2023-10-19,34.67,16.72,24.85,0.0,0.23,7.76,26.04
2023-10-20,36.26,14.23,25.36,0.0,0.23,4.36,27.4
2023-10-21,33.84,17.9,26.43,0.03,0.23,7.3,16.84
2023-10-22,34.72,14.62,24.25,0.49,0.23,10.11,21.11
2023-10-23,24.86,11.26,17.43,0.03,0.23,3.67,29.08
2023-10-24,29.95,11.68,20.63,0.0,0.23,-0.67,28.03
2023-10-25,36.56,15.21,24.53,0.0,0.23,1.58,29.34
2023-10-26,31.88,13.18,21.8,0.0,0.22,10.35,29.26
2023-10-27,29.68,13.28,21.03,0.0,0.22,5.89,29.85
2023-10-28,33.73,13.29,22.97,0.0,0.22,0.16,30.34
2023-10-29,30.24,10.3,20.2,0.05,0.22,5.19,29.87
2023-10-30,30.21,13.17,21.96,0.0,0.22,8.34,28.38
2023-10-31,32.94,14.95,24.2,0.0,0.22,3.94,29.34
2023-11-01,35.46,17.49,26.56,0.0,0.22,1.53,30.55
2023-11-02,37.36,17.66,27.87,0.0,0.22,2.67,29.03
2023-11-03,39.62,20.62,30.01,0.0,0.22,2.86,27.28
2023-11-04,38.15,20.82,28.83,0.0,0.22,8.36,26.37
2023-11-05,36.61,16.99,25.93,0.0,0.22,8.92,30.06
2023-11-06,35.36,14.71,24.25,0.0,0.22,11.07,30.5
2023-11-07,34.97,15.49,24.95,0.0,0.22,9.85,30.29
2023-11-08,38.0,16.39,27.06,0.0,0.22,7.43,30.56
2023-11-09,34.73,16.03,24.3,0.14,0.22,11.05,29.94
2023-11-10,33.12,14.12,23.62,0.0,0.22,9.46,29.78
2023-11-11,33.63,19.25,25.71,0.42,0.22,7.06,26.49
2023-11-12,32.44,20.44,25.85,4.43,0.22,12.43,15.22
2023-11-13,35.01,18.16,26.92,0.0,0.22,11.81,27.47
2023-11-14,34.76,18.58,26.55,0.0,0.22,12.93,27.43
2023-11-15,33.18,18.19,26.35,0.0,0.22,12.64,27.72
2023-11-16,33.92,17.86,25.76,0.0,0.22,8.77,30.51
2023-11-17,33.1,17.11,25.16,0.0,0.22,6.6,31.73
2023-11-18,35.52,18.53,26.86,0.0,0.22,4.82,32.3
2023-11-19,39.09,18.86,29.46,0.0,0.21,1.58,32.62
2023-11-20,41.8,21.2,32.26,0.0,0.21,2.39,31.63
2023-11-21,43.41,22.97,33.58,0.0,0.21,2.77,30.73
2023-11-22,42.04,25.71,33.11,0.0,0.21,3.66,30.99
2023-11-23,41.76,25.34,33.0,0.0,0.21,5.56,21.7
2023-11-24,41.6,22.15,31.21,0.0,0.21,7.89,26.57
2023-11-25,41.54,19.46,30.44,0.01,0.21,11.72,29.21
2023-11-26,41.72,20.96,30.22,1.74,0.21,11.04,25.9
2023-11-27,33.6,17.84,24.78,0.21,0.21,13.05,25.87
2023-11-28,30.33,17.04,22.49,0.09,0.21,11.56,24.57
2023-11-29,30.17,15.22,22.83,0.04,0.21,11.37,23.11
2023-11-30,35.41,16.23,26.4,0.0,0.21,9.5,32.08
2023-12-01,39.51,20.76,30.54,0.0,0.21,6.79,31.23
2023-12-02,39.75,20.18,29.15,0.0,0.21,8.43,32.28
2023-12-03,36.86,16.86,26.4,0.0,0.21,9.33,32.07
2023-12-04,38.11,17.69,28.12,0.0,0.21,10.06,32.76
2023-12-05,39.27,19.61,29.83,0.0,0.21,9.33,29.93
2023-12-06,41.91,23.17,32.2,0.0,0.21,8.53,30.87
2023-12-07,34.19,18.11,25.28,0.0,0.21,9.75,32.23
2023-12-08,32.97,16.86,24.63,0.02,0.21,6.56,33.07
2023-12-09,31.92,15.68,23.78,0.02,0.21,0.33,34.51
2023-12-10,32.87,15.61,24.13,0.0,0.21,-3.84,34.57
2023-12-11,35.24,16.67,26.17,0.0,0.21,-1.02,33.92
2023-12-12,37.72,18.57,28.75,0.0,0.2,2.08,33.58
2023-12-13,39.54,20.17,30.26,0.0,0.2,3.02,33.72
2023-12-14,40.28,18.54,29.88,0.12,0.2,4.38,33.77
2023-12-15,40.04,21.07,30.43,0.0,0.2,2.7,31.85
2023-12-16,42.83,22.75,33.34,0.06,0.2,2.78,31.49
2023-12-17,37.59,22.93,30.01,0.68,0.2,7.61,32.4
2023-12-18,38.92,20.28,30.02,0.0,0.2,10.16,30.92
2023-12-19,40.37,24.58,32.43,0.02,0.2,8.27,31.89
2023-12-20,43.05,24.18,32.55,0.07,0.2,5.01,33.28
2023-12-21,40.29,23.63,31.1,0.0,0.2,9.74,32.67
2023-12-22,37.14,19.94,27.81,0.0,0.2,12.42,31.12
2023-12-23,38.46,18.22,28.71,0.0,0.2,9.48,33.14
2023-12-24,39.09,23.39,31.0,0.0,0.2,6.47,30.91
2023-12-25,36.88,23.33,29.94,0.21,0.2,9.58,20.44
2023-12-26,31.76,19.81,24.86,0.06,0.2,14.04,29.45
2023-12-27,30.9,17.78,23.41,0.0,0.2,11.48,29.36
2023-12-28,34.86,17.37,27.07,0.0,0.2,10.45,28.98
2023-12-29,40.1,22.37,30.62,0.0,0.2,8.59,28.71
2023-12-30,39.16,19.74,28.73,0.0,0.2,11.77,32.91
2023-12-31,37.34,19.5,28.23,0.0,0.2,11.84,31.14
2024-01-01,38.34,20.08,28.82,0.0,0.2,9.0,32.84
2024-01-02,33.63,18.11,26.36,0.0,0.2,9.79,32.31
2024-01-03,34.49,20.47,27.34,0.0,0.2,8.83,32.53
2024-01-04,33.76,19.37,26.32,0.01,0.2,6.57,33.09
2024-01-05,35.67,18.87,27.39,0.0,0.2,7.18,33.27
2024-01-06,37.44,20.39,29.25,0.0,0.2,7.3,32.93
2024-01-07,41.5,21.88,32.49,0.0,0.2,4.93,32.93
2024-01-08,44.95,25.54,34.84,0.22,0.2,6.42,30.09
2024-01-09,39.45,21.52,30.09,0.0,0.2,11.4,32.44
2024-01-10,42.57,22.15,32.48,0.0,0.2,9.51,32.63
2024-01-11,45.36,26.38,34.54,0.0,0.2,8.85,26.57
2024-01-12,43.37,22.23,33.5,0.33,0.2,15.05,28.08
2024-01-13,45.22,26.83,35.03,0.0,0.2,10.36,26.49
2024-01-14,44.54,24.56,33.46,2.11,0.2,14.39,26.92
2024-01-15,43.61,23.5,33.8,0.0,0.2,15.42,31.22
2024-01-16,45.29,26.66,35.14,0.32,0.2,14.16,28.46
2024-01-17,44.35,23.12,32.0,0.53,0.2,15.4,30.27
2024-01-18,39.04,20.37,28.11,0.11,0.2,12.55,32.3
2024-01-19,38.36,16.9,27.38,0.02,0.2,8.5,33.37
2024-01-20,42.51,19.19,31.25,0.0,0.2,8.46,32.51
2024-01-21,42.35,22.49,31.3,0.0,0.2,12.5,30.88
2024-01-22,39.23,19.12,28.64,0.0,0.2,9.44,31.87
2024-01-23,38.3,17.86,27.57,0.0,0.2,6.9,32.54
2024-01-24,39.55,17.39,28.36,0.0,0.2,8.46,29.74
2024-01-25,38.65,19.37,29.23,0.02,0.2,10.77,31.04
2024-01-26,36.57,21.91,28.77,0.0,0.2,7.31,32.4
2024-01-27,37.5,19.33,28.48,0.0,0.2,5.17,32.7
2024-01-28,37.38,19.45,28.65,0.0,0.2,6.91,32.24
2024-01-29,39.65,18.13,29.49,0.0,0.2,8.19,31.85
2024-01-30,42.77,22.55,33.52,0.0,0.2,7.45,30.62
2024-01-31,43.68,27.98,35.51,0.0,0.2,6.57,31.44
2024-02-01,45.16,26.29,35.91,0.0,0.2,1.53,32.02
2024-02-02,45.63,25.17,36.07,0.0,0.2,-1.86,32.07
2024-02-03,46.15,22.9,34.68,0.0,0.2,4.93,31.42
2024-02-04,33.82,20.0,26.24,0.0,0.2,6.32,31.11
2024-02-05,32.98,18.06,25.06,0.01,0.2,0.69,32.24
2024-02-06,35.5,17.34,26.75,0.0,0.2,-0.47,32.02
2024-02-07,39.04,19.32,29.27,0.0,0.2,-1.94,32.1
2024-02-08,41.72,22.06,31.78,0.0,0.2,-2.61,31.62
2024-02-09,43.3,22.38,33.26,0.0,0.2,-0.67,31.17
2024-02-10,44.57,24.74,34.85,0.0,0.2,1.92,30.75
2024-02-11,44.48,24.28,34.85,0.0,0.2,1.05,30.89
2024-02-12,44.62,24.17,34.4,0.0,0.2,4.24,30.45
2024-02-13,41.3,23.48,31.97,0.0,0.2,8.35,30.11
2024-02-14,42.95,24.27,33.83,0.0,0.2,6.92,29.65
2024-02-15,45.56,27.24,35.56,0.0,0.2,7.35,22.06
2024-02-16,41.59,24.1,32.06,0.0,0.2,7.12,10.9
2024-02-17,44.32,25.16,35.12,0.0,0.2,3.73,27.76
2024-02-18,47.35,27.05,37.7,0.0,0.2,3.58,24.62
2024-02-19,47.17,30.19,38.2,0.0,0.2,1.34,26.2
2024-02-20,47.32,28.67,37.02,0.0,0.2,2.07,28.09
2024-02-21,43.01,24.84,33.17,0.0,0.2,8.64,28.82
2024-02-22,40.49,19.9,30.8,0.0,0.2,10.91,28.65
2024-02-23,45.53,26.36,35.27,0.01,0.2,10.82,26.93
2024-02-24,30.31,25.52,28.32,4.95,0.21,20.19,12.32
2024-02-25,34.12,23.73,28.02,1.38,0.21,18.87,12.67
2024-02-26,38.47,23.6,30.31,0.01,0.21,17.75,27.04
2024-02-27,35.84,21.35,27.8,0.0,0.21,13.07,26.43
2024-02-28,39.38,21.68,30.27,0.0,0.21,6.24,27.15
2024-02-29,42.73,23.47,32.77,0.02,0.21,8.43,26.99
2024-03-01,41.93,25.63,32.94,0.0,0.2,9.05,25.94
2024-03-02,42.02,26.1,32.71,15.36,0.21,17.74,16.48
2024-03-03,39.33,23.45,30.68,3.03,0.24,20.01,24.92
2024-03-04,35.76,21.14,27.36,0.0,0.23,14.75,18.59
2024-03-05,37.88,20.11,29.02,0.0,0.23,16.51,25.94
2024-03-06,37.2,24.4,30.57,0.0,0.23,17.18,26.14
2024-03-07,36.91,23.98,30.4,0.0,0.22,16.32,25.71
2024-03-08,36.86,20.64,29.09,9.16,0.23,18.29,17.63
2024-03-09,30.7,17.51,23.42,0.18,0.24,12.64,25.52
2024-03-10,32.42,17.98,24.61,0.0,0.23,9.63,26.16
2024-03-11,32.77,18.94,26.1,0.04,0.23,15.06,20.07
2024-03-12,33.96,21.37,27.72,0.0,0.23,16.26,20.8
2024-03-13,35.72,21.96,28.69,0.0,0.23,15.43,24.95
2024-03-14,36.89,23.57,29.87,0.0,0.23,16.75,24.36
2024-03-15,38.13,23.23,30.7,0.0,0.23,15.9,24.25
2024-03-16,39.45,25.56,32.62,0.0,0.23,16.13,22.48
2024-03-17,40.29,23.88,31.23,0.0,0.22,13.64,21.77
2024-03-18,34.24,19.6,26.6,0.0,0.22,12.48,18.74
2024-03-19,32.25,18.85,25.35,0.01,0.22,12.4,22.87
2024-03-20,31.69,18.24,24.58,0.03,0.22,11.59,24.29
2024-03-21,33.57,18.48,25.9,0.0,0.22,10.06,24.43
2024-03-22,32.1,19.24,25.47,0.0,0.22,8.64,24.25
2024-03-23,30.45,17.19,23.38,0.0,0.22,5.3,24.71
2024-03-24,28.95,14.98,21.59,0.0,0.22,3.95,24.75
2024-03-25,31.11,14.21,22.61,0.0,0.22,2.42,24.67
2024-03-26,34.59,16.09,25.22,0.0,0.22,2.81,24.22
2024-03-27,35.4,18.15,26.39,0.0,0.22,2.12,23.85
2024-03-28,35.52,18.1,26.33,0.0,0.22,2.6,23.45
2024-03-29,35.0,16.56,25.54,0.0,0.22,5.52,23.23
2024-03-30,33.82,17.29,25.46,0.0,0.22,6.48,21.61
2024-03-31,34.11,18.47,26.26,0.0,0.22,11.9,21.84
2024-04-01,33.74,19.45,26.51,0.03,0.22,10.79,19.99
2024-04-02,34.06,19.82,26.72,0.02,0.22,9.9,21.68
2024-04-03,32.79,18.28,25.11,0.14,0.22,3.05,22.19
2024-04-04,32.06,17.81,23.8,0.0,0.21,0.49,19.82
2024-04-05,35.29,16.51,25.46,0.0,0.21,-0.17,22.49
2024-04-06,35.85,18.4,26.08,0.0,0.21,-1.19,20.58
2024-04-07,35.72,17.59,26.59,0.0,0.21,0.84,20.95
2024-04-08,34.22,20.93,26.76,0.01,0.21,3.48,19.4
2024-04-09,31.33,18.35,24.47,0.0,0.21,6.57,19.21
2024-04-10,31.55,16.47,23.72,0.0,0.21,5.26,20.81
2024-04-11,31.34,17.09,23.89,0.0,0.21,7.48,19.92
2024-04-12,27.51,16.74,21.25,0.17,0.21,10.59,18.67
2024-04-13,26.62,15.76,20.59,0.03,0.21,10.17,16.98
2024-04-14,27.68,13.35,20.41,0.0,0.21,8.17,19.95
2024-04-15,31.17,15.42,22.82,0.0,0.21,6.91,19.85
2024-04-16,33.33,15.82,24.49,0.0,0.21,6.55,19.68
2024-04-17,34.61,18.72,26.1,0.0,0.21,6.92,19.42
2024-04-18,33.18,18.7,25.15,0.0,0.21,5.23,19.67
2024-04-19,30.13,15.41,22.02,0.02,0.21,-0.66,20.13
2024-04-20,31.71,14.11,22.0,0.0,0.21,-2.39,20.04
2024-04-21,31.81,14.31,22.64,0.0,0.21,-0.68,19.33
2024-04-22,30.42,14.78,21.98,0.0,0.21,2.56,18.84
2024-04-23,22.01,13.61,17.71,0.03,0.21,6.68,14.79
2024-04-24,27.07,14.84,19.93,0.0,0.21,5.13,16.02
2024-04-25,27.98,14.19,20.67,0.0,0.21,5.63,10.93
2024-04-26,29.48,16.98,22.36,0.0,0.21,7.82,16.35
2024-04-27,31.09,15.32,22.9,0.0,0.21,5.89,17.63
2024-04-28,30.03,14.99,21.98,0.0,0.21,6.17,16.28
2024-04-29,31.35,15.66,23.34,0.0,0.21,7.65,16.86
2024-04-30,30.29,18.72,23.03,14.21,0.22,13.49,7.8
2024-05-01,27.08,16.91,20.72,5.72,0.24,13.78,7.8
2024-05-02,28.43,17.68,22.35,0.46,0.24,11.87,14.56
2024-05-03,30.58,16.04,22.46,0.01,0.24,8.12,16.37
2024-05-04,26.09,13.18,18.73,0.01,0.24,8.82,17.05
2024-05-05,24.11,10.77,16.82,0.0,0.23,6.98,17.36
2024-05-06,24.31,9.9,16.72,0.0,0.23,7.18,15.82
2024-05-07,26.32,10.08,17.99,0.0,0.23,6.19,16.67
2024-05-08,28.84,12.58,20.25,0.0,0.23,4.95,15.93
2024-05-09,28.07,16.88,21.49,0.04,0.23,4.19,10.88
2024-05-10,30.45,18.85,23.49,0.02,0.23,7.3,10.9
2024-05-11,30.81,15.83,23.02,0.0,0.23,9.13,15.03
2024-05-12,29.1,15.69,21.65,0.01,0.23,2.94,12.0
2024-05-13,29.07,17.08,22.64,0.04,0.23,3.41,6.47
2024-05-14,21.52,15.92,18.53,0.6,0.23,11.2,6.78
2024-05-15,26.59,12.28,19.26,0.0,0.23,9.37,14.83
2024-05-16,27.67,13.36,20.03,0.0,0.23,6.3,15.15
2024-05-17,27.93,14.4,20.6,0.0,0.23,6.12,15.18
2024-05-18,27.47,13.6,19.4,0.04,0.23,2.45,15.66
2024-05-19,26.32,11.24,17.87,0.0,0.23,-1.65,15.38
2024-05-20,24.83,12.17,17.5,0.0,0.23,0.2,11.63
2024-05-21,24.77,12.69,17.51,0.0,0.22,-1.15,12.17
2024-05-22,26.63,12.92,18.31,0.03,0.22,-3.96,11.84
2024-05-23,27.49,9.52,18.21,0.0,0.22,-4.68,14.64
2024-05-24,27.7,13.47,18.82,0.02,0.22,-0.54,11.79
2024-05-25,26.62,12.96,18.84,0.28,0.22,13.69,10.61
2024-05-26,27.68,12.29,18.86,0.0,0.22,10.46,13.87
2024-05-27,28.5,11.04,18.39,0.0,0.22,8.21,13.93
2024-05-28,23.64,12.71,17.17,0.78,0.22,11.19,11.86
2024-05-29,18.4,9.08,13.95,0.26,0.22,5.14,11.28
2024-05-30,19.1,7.95,13.24,0.24,0.22,7.17,10.01
2024-05-31,23.1,8.21,15.06,0.01,0.22,4.81,14.4
2024-06-01,25.88,9.0,17.06,0.01,0.22,-3.59,14.34
2024-06-02,20.5,13.27,16.06,2.95,0.23,6.77,12.0
2024-06-03,22.1,12.82,16.4,0.06,0.23,9.59,11.54
2024-06-04,23.13,9.91,15.9,0.0,0.23,7.99,11.36
2024-06-05,25.29,9.62,16.26,0.0,0.23,4.76,14.26
2024-06-06,26.82,10.5,17.77,0.08,0.23,3.78,12.48
2024-06-07,22.43,15.92,18.38,11.76,0.24,14.75,3.47
2024-06-08,22.39,15.0,18.68,13.48,0.27,15.56,4.62
2024-06-09,20.51,14.27,17.81,16.36,0.29,14.63,7.09
2024-06-10,22.46,13.4,16.93,0.22,0.29,10.31,8.54
2024-06-11,20.91,12.48,15.9,2.1,0.29,10.87,4.04
2024-06-12,19.6,11.61,15.43,4.08,0.29,11.54,7.7
2024-06-13,21.46,10.48,14.63,0.02,0.29,7.54,13.15
2024-06-14,23.42,9.37,15.53,0.01,0.29,5.97,7.33
2024-06-15,21.79,11.86,16.36,0.28,0.29,7.44,7.52
2024-06-16,22.95,10.66,16.51,0.05,0.29,11.21,11.72
2024-06-17,22.13,11.47,16.0,0.33,0.29,10.23,8.58
2024-06-18,20.2,10.53,14.39,0.05,0.29,8.35,12.72
2024-06-19,18.18,8.23,12.25,0.02,0.28,4.51,13.97
2024-06-20,19.0,4.92,11.1,0.0,0.28,1.92,13.93
2024-06-21,21.06,5.66,12.42,0.05,0.28,1.75,13.38
2024-06-22,20.65,9.82,14.11,0.62,0.28,8.75,6.79
2024-06-23,17.89,5.36,10.99,0.0,0.28,3.62,13.85
2024-06-24,18.12,4.94,10.63,0.0,0.28,3.62,13.81
2024-06-25,18.62,4.61,11.04,0.0,0.28,2.72,13.7
2024-06-26,20.05,5.78,12.5,3.57,0.28,7.21,8.58
2024-06-27,19.86,11.37,14.87,1.51,0.29,10.12,9.27
2024-06-28,18.29,10.78,13.9,4.8,0.3,10.97,9.33
2024-06-29,19.13,8.14,12.37,0.08,0.29,7.69,5.4
2024-06-30,19.76,7.17,12.31,0.14,0.29,7.21,8.33
2024-07-01,19.81,7.07,12.44,0.03,0.29,6.7,13.51
2024-07-02,21.33,6.64,13.35,0.09,0.29,7.06,11.04
2024-07-03,18.57,6.25,11.49,0.07,0.29,4.21,14.17
2024-07-04,17.76,4.98,10.64,0.0,0.29,3.41,14.0
2024-07-05,17.5,7.24,10.99,0.0,0.29,3.78,10.9
2024-07-06,17.95,3.99,11.06,1.76,0.29,0.55,12.26
2024-07-07,17.68,8.68,12.27,9.72,0.31,8.96,8.93
2024-07-08,21.74,9.63,15.26,0.07,0.3,10.15,12.63
2024-07-09,23.71,13.49,17.74,12.4,0.3,14.25,10.95
2024-07-10,19.09,9.77,15.31,11.13,0.34,12.03,10.82
2024-07-11,16.84,8.07,11.9,0.02,0.34,6.47,10.21
2024-07-12,16.39,6.53,10.83,0.0,0.33,4.29,9.76
2024-07-13,20.68,6.87,12.74,0.0,0.33,2.6,13.49
2024-07-14,21.59,7.12,13.18,0.06,0.33,4.99,13.95
2024-07-15,21.8,7.38,13.58,0.38,0.33,7.26,13.61
2024-07-16,22.63,7.97,14.15,0.01,0.32,4.04,14.76
2024-07-17,24.22,7.94,15.52,0.1,0.32,3.45,13.06
2024-07-18,15.57,9.05,12.83,6.28,0.33,10.2,6.01
2024-07-19,16.75,8.05,11.73,0.22,0.33,4.92,13.98
2024-07-20,18.29,5.3,11.51,0.01,0.33,4.31,14.66
2024-07-21,19.48,6.71,12.63,0.0,0.33,2.26,15.26
2024-07-22,21.97,4.29,12.73,0.05,0.32,2.28,14.17
2024-07-23,20.31,7.82,13.41,10.11,0.33,11.05,5.79
2024-07-24,15.55,5.95,10.3,0.06,0.34,5.47,14.82
2024-07-25,17.34,8.8,12.5,0.56,0.34,8.11,11.83
2024-07-26,17.3,9.08,12.81,2.22,0.34,9.46,12.99
2024-07-27,20.88,6.17,13.26,0.0,0.34,5.41,15.6
2024-07-28,21.16,6.63,13.26,0.38,0.33,5.33,15.21
2024-07-29,20.96,9.73,14.46,10.24,0.34,11.28,9.77
2024-07-30,21.78,11.65,15.94,3.75,0.35,12.52,14.14
2024-07-31,23.64,9.33,16.08,2.35,0.35,11.07,15.79
2024-08-01,16.33,6.89,12.67,6.4,0.36,7.3,15.21
2024-08-02,17.57,3.79,10.14,0.0,0.36,2.43,16.12
2024-08-03,19.77,3.8,10.93,0.01,0.35,1.41,16.8
2024-08-04,20.08,4.04,11.99,0.0,0.35,2.26,16.64
2024-08-05,21.16,4.45,12.35,0.0,0.35,2.27,16.5
2024-08-06,21.39,5.49,13.82,0.0,0.34,6.75,15.95
2024-08-07,18.12,9.96,13.68,3.1,0.35,11.25,10.33
2024-08-08,20.67,9.89,14.06,0.25,0.35,9.94,12.67
2024-08-09,23.02,6.91,14.7,0.01,0.35,7.21,16.65
2024-08-10,27.0,8.63,16.56,0.0,0.34,6.57,16.9
2024-08-11,22.64,10.87,15.43,4.51,0.34,13.21,7.43
2024-08-12,21.09,10.26,14.74,0.08,0.35,9.33,14.7
2024-08-13,21.52,8.8,14.78,0.16,0.34,8.48,13.38
2024-08-14,19.93,11.72,14.95,1.18,0.34,10.69,13.86
2024-08-15,20.43,9.98,14.73,1.37,0.34,10.04,14.91
2024-08-16,23.56,6.82,14.47,0.0,0.34,8.33,17.11
2024-08-17,21.83,8.66,13.13,14.78,0.35,10.01,10.6
2024-08-18,17.0,8.99,12.28,4.55,0.37,8.08,15.85
2024-08-19,19.33,6.71,12.62,0.07,0.36,7.58,12.68
2024-08-20,20.29,8.39,13.49,0.01,0.36,7.94,11.79
2024-08-21,22.29,8.29,15.29,0.13,0.36,9.53,16.08
2024-08-22,23.41,12.83,17.21,2.02,0.36,11.81,13.86
2024-08-23,21.93,12.87,16.63,5.49,0.36,12.43,17.55
2024-08-24,18.95,11.22,14.83,3.19,0.37,10.74,15.95
2024-08-25,21.4,8.58,14.15,0.01,0.36,9.19,14.75
2024-08-26,25.13,7.06,15.17,0.01,0.36,8.8,19.9
2024-08-27,23.11,12.1,16.66,0.5,0.35,12.74,13.63
2024-08-28,25.75,10.87,17.29,0.14,0.35,12.58,18.92
2024-08-29,22.01,10.05,15.98,0.6,0.35,11.63,12.65
2024-08-30,18.47,8.26,13.0,0.18,0.35,6.79,17.01
2024-08-31,20.83,6.29,12.95,0.06,0.35,7.14,16.89
2024-09-01,22.26,6.83,14.12,0.04,0.35,8.52,16.23
2024-09-02,30.19,8.4,18.9,0.17,0.34,7.84,20.04
2024-09-03,25.52,12.17,18.12,0.02,0.34,10.85,16.3
2024-09-04,21.84,9.75,15.47,0.38,0.34,10.77,15.4
2024-09-05,15.97,5.69,12.02,2.08,0.34,6.68,16.78
2024-09-06,19.54,4.91,11.84,0.02,0.34,5.32,19.3
2024-09-07,22.13,6.87,13.84,0.01,0.34,6.44,21.26
2024-09-08,24.42,6.82,15.29,0.0,0.33,4.57,21.46
2024-09-09,28.01,11.05,18.13,0.03,0.33,2.12,19.42
2024-09-10,26.97,8.51,17.06,0.0,0.33,5.26,22.31
2024-09-11,26.55,10.87,18.11,0.03,0.32,8.28,21.88
2024-09-12,28.05,12.51,19.65,0.0,0.32,5.54,22.18
2024-09-13,28.39,14.35,20.39,0.0,0.32,6.68,21.66
2024-09-14,28.79,12.49,20.03,0.0,0.32,2.91,22.97
2024-09-15,24.94,11.84,17.92,0.08,0.31,3.17,23.5
2024-09-16,25.49,10.49,17.24,0.0,0.31,2.39,23.69
2024-09-17,28.82,11.39,19.64,0.0,0.31,0.7,23.56
2024-09-18,29.87,10.41,19.65,0.0,0.31,2.09,23.95
2024-09-19,29.44,11.88,19.7,0.0,0.3,5.58,23.65
2024-09-20,28.62,11.01,19.17,0.07,0.3,6.31,23.68
2024-09-21,28.96,9.68,18.78,0.01,0.3,5.03,24.17
2024-09-22,29.08,11.18,20.39,0.0,0.3,7.79,22.51
2024-09-23,30.15,13.79,21.92,0.0,0.3,11.06,23.59
2024-09-24,25.37,12.01,17.55,0.0,0.3,7.43,23.0
2024-09-25,26.54,9.68,17.73,0.0,0.29,4.62,25.1
2024-09-26,32.34,13.17,20.64,0.02,0.29,8.19,21.85
2024-09-27,23.31,9.53,15.8,2.92,0.29,9.87,15.47
2024-09-28,21.46,8.0,14.06,0.07,0.29,4.27,21.92
2024-09-29,24.49,7.26,15.52,0.0,0.29,2.28,26.03
2024-09-30,28.78,7.68,18.05,0.0,0.29,-0.92,26.6
2024-10-01,32.47,12.61,20.72,0.04,0.29,7.46,23.05
2024-10-02,18.79,10.88,14.14,7.43,0.29,9.1,12.41
2024-10-03,21.17,10.59,14.77,0.16,0.3,6.92,17.63
2024-10-04,24.77,10.65,16.69,0.14,0.3,9.96,16.68
2024-10-05,28.88,11.0,19.38,0.0,0.29,10.52,23.44
2024-10-06,32.4,13.27,22.15,0.0,0.29,9.66,25.27
2024-10-07,32.5,13.86,22.27,0.0,0.29,9.86,20.28
2024-10-08,31.18,13.45,21.13,0.01,0.29,11.24,24.17
2024-10-09,31.09,13.11,21.43,0.0,0.28,9.37,24.86
2024-10-10,33.72,18.65,25.4,0.01,0.28,11.26,25.51
2024-10-11,34.0,18.17,25.87,0.03,0.28,12.14,25.34
2024-10-12,32.56,14.84,23.27,0.09,0.28,12.72,26.43
2024-10-13,29.96,12.88,19.89,0.0,0.28,9.5,26.86
2024-10-14,28.03,10.71,18.5,0.02,0.28,9.43,27.34
2024-10-15,28.07,11.89,19.35,0.0,0.27,9.54,26.48
2024-10-16,26.18,11.69,17.19,8.41,0.28,10.92,16.69
2024-10-17,25.95,12.77,18.24,1.21,0.29,10.52,22.75
2024-10-18,30.51,9.82,19.84,0.0,0.29,7.9,27.74
2024-10-19,33.29,11.35,21.75,0.08,0.28,8.57,23.94
2024-10-20,28.19,13.08,19.63,0.65,0.28,10.79,23.85
2024-10-21,25.48,11.45,17.53,0.22,0.28,6.02,26.93
2024-10-22,26.76,9.11,17.78,0.0,0.28,4.92,29.74
2024-10-23,30.69,10.15,20.27,0.0,0.28,4.16,29.89
2024-10-24,36.15,12.6,24.57,0.0,0.27,2.65,30.05
2024-10-25,34.58,14.13,22.65,0.06,0.27,7.33,29.04
2024-10-26,30.13,12.76,20.94,0.0,0.27,6.61,30.37
2024-10-27,31.61,12.62,22.12,0.0,0.27,1.9,30.61
2024-10-28,34.51,12.57,24.12,0.0,0.27,1.71,30.52
2024-10-29,38.43,18.81,28.57,0.0,0.26,6.04,27.13
2024-10-30,39.03,18.06,28.84,0.0,0.26,6.86,29.03
2024-10-31,39.53,19.34,29.2,0.03,0.26,6.42,29.87
2024-11-01,40.55,18.98,28.66,0.0,0.26,4.75,28.29
2024-11-02,34.34,15.19,24.51,0.0,0.26,10.95,27.35
2024-11-03,32.19,15.71,23.49,0.0,0.26,9.4,29.87
2024-11-04,31.42,12.32,20.73,0.0,0.26,8.88,28.39
2024-11-05,27.58,13.85,19.56,0.0,0.25,8.67,28.11
2024-11-06,28.34,15.1,20.52,0.0,0.25,7.02,29.57
2024-11-07,31.24,11.15,21.24,0.01,0.25,5.39,29.46
2024-11-08,27.48,14.02,20.01,0.03,0.25,9.1,27.36
2024-11-09,29.23,13.52,21.07,0.0,0.25,9.29,26.45
2024-11-10,30.0,13.78,21.99,0.0,0.25,4.95,31.78
2024-11-11,33.37,13.77,23.71,0.0,0.25,6.28,31.37
2024-11-12,34.87,12.99,24.19,0.0,0.25,5.12,31.74
2024-11-13,37.03,17.59,27.74,0.0,0.25,4.1,26.81
2024-11-14,39.79,20.37,29.12,0.03,0.24,6.97,30.4
2024-11-15,34.19,15.65,24.96,0.0,0.24,9.05,25.5
2024-11-16,30.92,18.55,23.96,0.0,0.24,5.28,30.6
2024-11-17,33.9,15.57,24.88,0.0,0.24,3.92,31.09
2024-11-18,38.0,18.71,28.28,0.41,0.24,8.86,24.46
2024-11-19,29.89,21.24,24.13,8.45,0.25,16.31,5.68
2024-11-20,28.42,17.0,22.18,5.21,0.26,15.23,16.35
2024-11-21,28.61,16.15,21.3,0.33,0.26,13.03,23.59
2024-11-22,29.47,12.18,21.0,0.0,0.26,6.97,32.07
2024-11-23,34.9,13.82,25.05,0.0,0.25,6.87,32.38
2024-11-24,38.63,19.84,28.63,1.72,0.25,13.14,26.54
2024-11-25,33.89,16.29,25.48,0.15,0.25,10.64,31.1
2024-11-26,28.85,12.21,20.35,0.0,0.25,-1.62,33.57
2024-11-27,32.14,13.88,23.03,0.0,0.25,1.66,33.39
2024-11-28,36.29,16.3,26.64,0.08,0.25,4.5,33.29
2024-11-29,35.94,20.13,28.19,0.55,0.25,10.68,24.41
2024-11-30,34.81,20.5,27.76,6.68,0.25,17.06,26.29
2024-12-01,29.7,16.42,22.32,0.18,0.25,11.65,28.33
2024-12-02,27.11,15.35,20.38,0.07,0.25,9.46,22.21
2024-12-03,31.31,12.77,21.73,0.0,0.25,9.55,32.74
2024-12-04,32.47,15.86,23.44,0.04,0.25,10.98,28.26
2024-12-05,33.56,14.58,23.68,0.0,0.25,9.13,33.29
2024-12-06,36.36,14.09,25.31,0.0,0.24,8.32,33.38
2024-12-07,41.37,20.57,30.67,0.21,0.24,10.01,32.12
2024-12-08,42.19,24.24,32.46,0.12,0.24,12.31,30.95
2024-12-09,43.0,22.01,32.91,0.0,0.24,13.48,31.54
2024-12-10,43.08,26.62,35.13,0.0,0.24,17.72,30.99
2024-12-11,42.27,29.06,35.9,0.1,0.24,18.3,25.36
2024-12-12,41.64,29.92,35.54,0.33,0.24,18.88,27.65
2024-12-13,37.08,26.18,31.87,0.02,0.24,16.66,24.73
2024-12-14,41.32,22.57,30.98,0.0,0.24,9.63,32.13
2024-12-15,34.88,18.35,25.79,0.02,0.23,10.15,31.47
2024-12-16,33.31,15.2,24.15,0.0,0.23,5.09,34.24
2024-12-17,41.28,18.1,30.5,0.08,0.23,5.04,33.79
2024-12-18,44.02,24.58,33.77,0.0,0.23,12.51,27.74
2024-12-19,39.95,19.48,30.26,0.0,0.23,11.77,32.69
2024-12-20,42.51,24.3,33.36,0.0,0.23,8.77,32.8
2024-12-21,45.0,26.2,36.27,0.03,0.23,8.34,32.75
2024-12-22,45.85,29.03,37.62,0.0,0.23,9.02,31.56
2024-12-23,46.01,28.4,36.41,0.21,0.23,9.12,27.9
2024-12-24,38.97,19.88,29.53,0.0,0.23,11.47,33.09
2024-12-25,35.09,16.5,24.41,0.0,0.22,8.82,33.89
2024-12-26,29.82,14.26,21.72,0.0,0.22,1.05,34.5
2024-12-27,34.64,15.82,25.56,0.01,0.22,-0.89,34.38
2024-12-28,37.73,18.29,28.25,0.0,0.22,-1.54,34.51
2024-12-29,40.39,22.78,31.06,0.0,0.22,6.68,17.93
2024-12-30,41.28,24.79,33.06,0.13,0.22,13.54,26.55
2024-12-31,41.74,25.24,33.67,0.1,0.22,13.01,26.55
2025-01-01,40.21,24.92,33.24,0.09,0.22,10.56,25.24
2025-01-02,42.89,27.63,34.98,0.05,0.22,12.05,26.41
2025-01-03,40.3,23.54,31.73,0.0,0.22,11.15,31.62
2025-01-04,38.19,19.1,28.79,0.01,0.22,8.44,32.81
2025-01-05,38.96,20.81,30.51,0.0,0.22,7.81,32.72
2025-01-06,42.18,23.83,33.26,0.03,0.22,11.57,31.49
2025-01-07,38.83,22.62,30.48,0.0,0.22,11.5,32.78
2025-01-08,38.38,18.82,28.06,0.0,0.22,9.2,33.36
2025-01-09,41.16,17.89,28.93,0.0,0.21,7.12,33.4
2025-01-10,36.8,18.0,27.1,0.0,0.21,8.57,21.97
2025-01-11,40.05,20.2,29.92,0.0,0.21,7.06,29.2
2025-01-12,34.78,20.82,28.3,0.01,0.21,8.09,28.72
2025-01-13,39.73,20.42,28.93,0.03,0.21,11.71,29.13
2025-01-14,34.22,19.48,25.98,0.0,0.21,9.24,32.86
2025-01-15,37.74,15.68,27.6,0.0,0.21,4.88,33.21
2025-01-16,43.15,21.59,33.23,0.01,0.21,5.43,32.66
2025-01-17,38.3,22.69,30.59,0.14,0.21,10.77,15.9
2025-01-18,38.85,19.94,29.5,0.4,0.21,15.68,29.81
2025-01-19,40.18,27.04,32.46,0.04,0.21,16.17,27.08
2025-01-20,44.86,28.79,36.51,0.0,0.21,13.03,27.41
2025-01-21,41.26,30.59,35.72,0.0,0.21,16.11,18.65
2025-01-22,40.55,28.51,34.99,0.0,0.21,16.39,27.39
2025-01-23,42.56,28.03,35.02,0.0,0.21,14.43,23.53
2025-01-24,42.79,23.67,32.63,0.0,0.21,16.45,30.24
2025-01-25,37.39,22.3,28.77,0.03,0.21,17.06,28.62
2025-01-26,38.97,21.73,29.87,0.0,0.21,14.99,29.53
2025-01-27,40.33,21.72,31.4,0.0,0.21,7.22,32.1
2025-01-28,43.15,24.49,34.46,0.0,0.21,5.84,30.55
2025-01-29,43.47,27.23,35.6,0.0,0.21,8.27,28.15
2025-01-30,45.46,26.98,35.99,0.0,0.21,6.75,28.8
2025-01-31,45.95,26.64,36.01,0.0,0.2,7.64,27.68
2025-02-01,44.44,24.75,34.48,0.0,0.2,9.05,31.3
2025-02-02,45.75,25.5,35.24,0.0,0.2,6.21,30.92
2025-02-03,41.87,21.58,31.74,0.0,0.2,7.9,30.79
2025-02-04,43.15,23.27,33.06,0.0,0.2,8.84,30.58
2025-02-05,47.18,27.03,36.57,0.0,0.2,7.92,26.66
2025-02-06,43.56,23.49,32.69,0.0,0.2,10.93,30.58
2025-02-07,44.51,22.31,33.1,0.0,0.2,10.99,30.33
2025-02-08,44.23,24.4,33.64,0.0,0.2,10.17,30.35
2025-02-09,38.71,20.32,28.12,0.0,0.2,14.82,29.82
2025-02-10,36.18,17.75,25.77,0.0,0.2,11.74,30.25
2025-02-11,33.84,17.0,24.53,0.0,0.2,12.5,29.53
2025-02-12,31.57,13.57,22.36,0.0,0.2,3.87,31.26
2025-02-13,34.93,17.03,25.83,0.0,0.2,3.06,30.93
2025-02-14,36.52,19.07,27.74,0.0,0.2,4.26,30.56
2025-02-15,37.83,20.42,29.16,0.06,0.2,3.64,30.45
2025-02-16,36.24,21.4,28.43,0.01,0.2,6.15,29.43
2025-02-17,35.54,19.69,27.69,0.0,0.2,9.76,27.56
2025-02-18,35.47,21.15,27.99,0.0,0.2,12.34,20.03
2025-02-19,40.47,21.24,31.23,2.16,0.2,12.98,22.75
2025-02-20,39.49,23.39,30.7,0.0,0.21,14.35,27.28
2025-02-21,35.06,19.3,25.91,0.0,0.21,12.22,28.19
2025-02-22,31.37,15.96,22.94,0.0,0.2,3.88,29.64
2025-02-23,40.33,16.18,28.73,0.05,0.2,2.77,28.94
2025-02-24,40.42,21.82,30.42,0.0,0.2,11.43,27.32
2025-02-25,38.27,23.24,30.99,0.0,0.2,14.03,24.33
2025-02-26,40.94,24.54,32.84,0.39,0.2,12.22,25.52
2025-02-27,38.06,25.76,31.38,0.41,0.2,14.07,20.15
2025-02-28,41.37,24.94,32.69,0.0,0.2,12.94,26.87
2025-03-01,40.25,21.05,30.44,0.0,0.2,9.25,27.44
2025-03-02,43.74,23.79,33.23,0.0,0.2,9.79,26.84
2025-03-03,42.75,22.09,31.06,0.0,0.2,11.26,20.38
2025-03-04,37.04,20.38,28.26,0.0,0.2,11.65,25.79
2025-03-05,40.18,22.17,31.1,0.0,0.2,10.94,26.42
2025-03-06,43.14,25.7,33.58,0.0,0.2,8.66,26.68
2025-03-07,40.34,21.53,29.57,0.0,0.2,12.46,26.52
2025-03-08,31.96,18.19,24.01,0.03,0.2,12.59,24.99
2025-03-09,32.51,16.29,24.22,0.33,0.2,9.89,26.1
2025-03-10,38.37,19.16,28.51,0.0,0.2,7.51,26.27
2025-03-11,40.18,21.66,30.09,0.0,0.2,9.39,25.64
2025-03-12,31.32,20.05,24.46,0.0,0.2,15.27,13.2
2025-03-13,30.64,18.79,23.8,8.86,0.21,15.16,17.11
2025-03-14,30.02,15.17,21.91,0.01,0.22,12.0,25.51
2025-03-15,32.28,16.62,24.03,0.03,0.21,13.27,25.51
2025-03-16,33.92,18.31,25.78,0.02,0.21,11.78,24.79
2025-03-17,33.65,18.48,25.53,0.0,0.21,8.64,25.05
2025-03-18,35.57,17.68,26.27,0.0,0.21,5.16,25.21
2025-03-19,33.5,16.73,24.68,0.0,0.21,8.99,24.45
2025-03-20,32.83,17.66,24.6,0.0,0.21,8.99,24.8
2025-03-21,37.81,18.21,28.25,0.0,0.21,8.05,24.25
2025-03-22,41.15,23.4,31.87,0.0,0.21,8.46,22.71
2025-03-23,40.84,22.45,32.02,0.0,0.21,8.68,23.27
2025-03-24,39.49,24.86,31.59,0.0,0.21,2.52,23.8
2025-03-25,40.16,21.38,30.88,0.0,0.21,3.08,21.94
2025-03-26,39.26,25.24,31.81,0.0,0.21,7.88,23.4
2025-03-27,38.17,23.46,30.57,0.0,0.2,1.83,23.44
2025-03-28,38.34,21.74,29.85,0.0,0.2,5.52,23.06
2025-03-29,38.54,24.21,31.36,0.0,0.2,9.1,19.26
2025-03-30,36.55,24.54,29.41,0.26,0.2,9.55,16.71
2025-03-31,35.78,22.05,28.42,0.01,0.2,10.04,22.41
2025-04-01,36.92,21.62,28.91,0.0,0.2,8.27,22.07
2025-04-02,36.87,21.45,29.11,0.0,0.2,7.86,21.36
2025-04-03,31.46,22.2,27.05,0.02,0.2,6.44,17.46
2025-04-04,34.55,22.1,27.25,3.14,0.2,7.68,10.17
2025-04-05,29.93,20.19,23.92,4.66,0.22,14.4,16.6
2025-04-06,32.24,19.57,25.33,0.0,0.22,13.97,17.37
2025-04-07,32.16,21.01,25.51,0.0,0.21,14.04,11.72
2025-04-08,31.01,16.98,23.7,0.0,0.21,13.92,18.98
2025-04-09,32.58,17.04,24.23,0.0,0.21,11.45,21.26
2025-04-10,33.9,15.87,24.62,0.0,0.21,5.67,21.19
2025-04-11,36.66,18.72,27.89,0.0,0.21,7.12,18.24
2025-04-12,35.74,23.19,28.83,0.0,0.21,13.63,19.61
2025-04-13,30.74,20.17,24.96,1.7,0.21,15.11,14.64
2025-04-14,29.77,18.04,23.26,0.6,0.21,12.91,17.88
2025-04-15,30.96,15.01,22.77,0.0,0.21,9.16,20.23
2025-04-16,33.13,16.37,24.55,3.39,0.21,10.33,17.28
2025-04-17,28.0,16.82,22.05,2.01,0.22,13.5,13.85
2025-04-18,24.28,13.97,18.3,0.0,0.22,9.18,17.76
2025-04-19,23.85,11.38,17.13,0.0,0.22,4.02,19.95
2025-04-20,28.03,11.21,19.42,0.05,0.22,4.52,19.65
2025-04-21,30.46,18.11,22.3,0.32,0.22,9.67,14.05
2025-04-22,34.56,19.86,26.27,0.01,0.22,8.11,17.71
2025-04-23,32.41,18.92,24.41,0.02,0.21,13.22,15.13
2025-04-24,24.63,15.0,19.24,0.0,0.21,8.85,17.86
2025-04-25,23.44,9.86,16.27,0.0,0.21,3.17,19.16
2025-04-26,22.57,11.77,16.33,0.0,0.21,3.66,9.14
2025-04-27,24.39,9.67,16.64,0.0,0.21,3.27,18.59
2025-04-28,26.21,10.6,17.94,0.0,0.21,4.29,18.48
2025-04-29,26.89,12.22,19.17,0.0,0.21,3.91,17.83
2025-04-30,29.49,14.91,21.13,0.01,0.21,4.06,17.92
2025-05-01,31.13,14.26,22.38,0.0,0.21,1.55,17.62
2025-05-02,26.77,15.52,20.63,0.0,0.21,1.68,11.25
2025-05-03,27.75,15.04,20.55,0.07,0.21,12.29,14.08
2025-05-04,25.17,11.95,17.83,0.03,0.21,9.75,16.08
2025-05-05,27.2,10.95,18.48,0.0,0.21,8.62,13.67
2025-05-06,29.2,13.21,20.66,0.0,0.21,8.18,15.68
2025-05-07,30.85,15.13,22.13,0.0,0.21,6.2,16.45
2025-05-08,31.85,16.03,23.01,0.0,0.21,6.18,16.45
2025-05-09,33.43,15.89,24.3,0.0,0.21,4.01,16.38
2025-05-10,32.52,15.61,23.38,0.0,0.21,3.04,16.15
2025-05-11,31.71,14.55,22.29,0.0,0.21,3.26,15.76
2025-05-12,31.43,14.93,22.34,0.0,0.21,2.43,16.02
2025-05-13,30.09,12.98,20.83,0.0,0.21,0.05,16.0
2025-05-14,28.47,12.78,19.75,0.0,0.21,0.71,15.99
2025-05-15,26.81,12.19,18.75,0.0,0.21,1.66,15.88
2025-05-16,26.53,12.29,18.75,0.0,0.21,4.71,15.53
2025-05-17,25.89,11.15,17.94,0.01,0.21,1.67,15.69
2025-05-18,26.49,10.72,17.61,0.0,0.21,0.2,15.67
2025-05-19,27.53,10.75,18.32,0.0,0.21,0.72,15.37
2025-05-20,25.71,10.06,16.93,0.0,0.21,4.94,15.46
2025-05-21,25.66,9.47,16.76,0.0,0.21,0.96,15.44
2025-05-22,25.85,8.69,16.4,0.0,0.21,-1.45,15.36
2025-05-23,19.11,10.24,14.97,0.02,0.21,9.24,11.57
2025-05-24,19.53,7.6,12.93,0.0,0.21,1.18,15.31
2025-05-25,21.25,6.97,13.79,0.35,0.21,5.7,12.93
2025-05-26,22.01,11.65,15.54,0.29,0.21,6.92,13.67
2025-05-27,24.19,7.79,14.97,0.0,0.21,-0.61,14.99
2025-05-28,27.14,10.32,17.54,0.0,0.21,1.74,14.24
2025-05-29,24.86,14.02,18.47,7.99,0.21,8.25,5.03
2025-05-30,23.44,14.78,17.61,8.09,0.23,13.62,6.36
2025-05-31,24.18,13.35,17.71,0.62,0.24,13.79,11.44
2025-06-01,25.01,11.49,17.43,0.03,0.23,10.1,13.22
2025-06-02,26.59,13.76,19.23,1.09,0.23,10.82,13.3
2025-06-03,21.65,15.22,18.05,15.1,0.25,14.75,10.21
2025-06-04,21.92,13.91,16.95,2.5,0.26,13.27,10.38
2025-06-05,22.14,11.82,16.14,1.77,0.26,11.4,11.39
2025-06-06,21.86,9.38,14.52,0.0,0.26,7.55,14.09
2025-06-07,23.42,7.2,14.29,0.0,0.26,2.84,14.37
2025-06-08,23.36,7.27,14.15,0.0,0.25,1.45,14.38
2025-06-09,23.41,7.22,14.89,0.08,0.25,-0.18,14.31
2025-06-10,23.02,7.81,14.52,0.22,0.25,4.44,12.83
2025-06-11,18.78,7.38,12.24,0.01,0.25,4.93,13.79
2025-06-12,19.28,6.1,12.52,0.0,0.25,0.26,11.56
2025-06-13,22.28,11.04,15.57,0.0,0.25,3.41,12.98
2025-06-14,21.28,7.81,13.8,0.02,0.25,9.0,10.98
2025-06-15,22.32,10.12,15.07,0.07,0.25,10.49,11.86
2025-06-16,23.66,8.96,15.87,0.0,0.25,6.0,13.34
2025-06-17,22.82,9.84,15.02,0.0,0.25,1.48,11.73
2025-06-18,20.94,12.47,15.25,1.91,0.25,10.11,7.43
2025-06-19,22.62,11.95,16.18,0.73,0.25,12.55,9.63
2025-06-20,21.59,9.91,15.4,12.36,0.26,12.42,9.2
2025-06-21,15.47,7.78,11.47,6.87,0.29,7.65,11.43
2025-06-22,17.27,7.99,12.51,0.32,0.28,8.45,10.17
2025-06-23,18.06,8.07,12.33,0.29,0.28,7.17,11.58
2025-06-24,17.37,5.7,10.43,0.02,0.28,4.65,13.7
2025-06-25,19.44,3.64,10.58,0.0,0.28,2.39,14.01
2025-06-26,21.53,4.51,11.9,0.03,0.28,1.78,13.89
2025-06-27,21.49,5.71,12.5,0.0,0.27,1.27,13.88
2025-06-28,21.7,5.8,12.9,0.0,0.27,2.41,13.73
2025-06-29,20.07,9.46,13.61,0.0,0.27,1.65,9.85
2025-06-30,21.83,9.2,14.44,0.0,0.27,-0.93,5.33
2025-07-01,20.18,12.0,15.65,0.42,0.27,2.13,5.86
2025-07-02,25.09,11.59,16.44,0.15,0.27,0.68,8.25
2025-07-03,20.11,12.16,15.61,4.23,0.28,11.14,11.57
2025-07-04,19.01,8.01,12.82,0.27,0.28,6.93,13.03
2025-07-05,19.58,5.49,11.35,0.0,0.28,2.51,14.37
2025-07-06,21.02,6.43,13.91,0.33,0.27,7.74,10.79
2025-07-07,18.37,7.17,13.48,2.87,0.28,9.77,7.38
2025-07-08,15.67,5.95,10.22,0.3,0.28,6.04,10.25
2025-07-09,17.34,5.71,10.13,0.38,0.28,3.62,14.7
2025-07-10,19.7,1.88,9.72,0.0,0.28,-1.23,14.96
2025-07-11,20.86,5.19,11.37,0.0,0.28,-2.47,14.69
2025-07-12,16.19,6.76,11.79,1.88,0.28,7.3,5.56
2025-07-13,18.15,8.54,13.06,0.42,0.28,10.66,7.27
2025-07-14,17.18,6.87,12.34,0.21,0.28,6.73,12.39
2025-07-15,17.84,3.16,9.85,0.0,0.28,3.04,14.36
2025-07-16,19.2,7.89,12.57,0.26,0.28,6.56,11.82
2025-07-17,19.78,5.5,11.61,0.0,0.28,4.26,14.28
2025-07-18,19.13,4.31,11.03,0.0,0.28,3.12,14.02
2025-07-19,20.2,6.46,12.84,0.02,0.27,4.03,14.92
2025-07-20,19.37,5.27,12.65,5.42,0.27,5.62,12.12
2025-07-21,14.86,4.74,9.63,0.45,0.28,2.64,15.2
2025-07-22,17.61,4.47,10.86,0.06,0.28,2.79,11.03
2025-07-23,15.21,7.63,11.01,4.55,0.28,1.84,7.24
2025-07-24,12.03,3.71,8.55,6.47,0.3,5.21,12.49
2025-07-25,14.39,2.73,7.08,0.0,0.3,0.51,15.86
2025-07-26,16.0,0.71,7.85,0.27,0.3,-0.19,16.07
2025-07-27,13.81,2.79,8.08,12.06,0.3,3.16,7.3
2025-07-28,12.04,4.21,7.97,2.43,0.32,5.27,14.16
2025-07-29,15.72,2.62,8.64,0.0,0.32,4.53,13.08
2025-07-30,18.72,6.11,11.25,0.01,0.31,5.87,14.87
2025-07-31,19.18,4.14,10.93,0.0,0.31,3.08,16.37
2025-08-01,20.62,4.47,11.62,0.0,0.31,-0.08,14.29
2025-08-02,21.93,5.8,14.07,6.88,0.31,6.2,11.76
2025-08-03,17.28,6.96,12.54,4.68,0.32,8.71,12.3
2025-08-04,17.06,5.07,10.71,0.36,0.32,6.22,12.38
2025-08-05,17.41,7.23,11.43,0.02,0.32,6.63,12.37
2025-08-06,20.22,5.53,12.07,0.0,0.32,4.01,16.8
2025-08-07,23.18,6.08,13.66,0.0,0.32,1.02,17.04
2025-08-08,22.05,9.1,15.23,0.01,0.31,4.47,10.95
2025-08-09,23.88,10.8,17.12,1.9,0.31,12.3,14.06
2025-08-10,18.48,7.9,14.0,4.78,0.32,9.8,11.23
2025-08-11,20.93,6.07,12.26,0.0,0.32,4.8,17.93
2025-08-12,25.25,5.75,14.65,0.0,0.32,1.04,18.12
2025-08-13,27.36,9.99,17.93,3.06,0.31,7.31,17.34
2025-08-14,19.01,9.35,14.24,2.66,0.32,7.52,16.34
2025-08-15,19.66,6.35,11.88,0.0,0.32,3.29,18.53
2025-08-16,22.99,3.72,12.56,0.0,0.32,-1.3,18.97
2025-08-17,23.04,7.71,14.35,0.0,0.31,-1.05,10.31
2025-08-18,26.96,11.5,18.12,0.0,0.31,5.5,17.27
2025-08-19,25.41,10.85,17.4,0.87,0.31,9.87,16.07
2025-08-20,17.7,10.75,14.59,22.46,0.34,11.75,7.66
2025-08-21,18.23,8.8,13.27,0.82,0.35,9.43,14.51
2025-08-22,21.63,6.38,13.46,0.02,0.34,6.89,17.99
2025-08-23,19.89,8.28,13.9,5.34,0.34,8.97,7.77
2025-08-24,18.01,9.32,12.97,12.03,0.36,10.02,12.34
2025-08-25,11.54,6.68,8.91,13.21,0.38,6.19,13.89
2025-08-26,15.27,5.64,9.66,1.06,0.38,6.92,16.69
2025-08-27,14.58,6.23,9.63,2.8,0.38,7.11,15.52
2025-08-28,19.39,6.76,12.2,1.12,0.38,6.84,18.61
2025-08-29,19.88,5.69,12.03,0.0,0.37,4.62,20.79
2025-08-30,20.76,3.96,11.71,0.15,0.37,2.28,21.24
2025-08-31,21.75,4.07,12.43,0.0,0.36,1.2,18.69
2025-09-01,24.34,4.84,13.92,0.0,0.36,1.46,20.71
2025-09-02,26.26,7.05,15.91,0.0,0.36,6.68,21.0
2025-09-03,26.41,11.91,17.56,0.02,0.35,8.55,19.21
2025-09-04,20.69,9.69,14.43,0.03,0.35,8.59,16.94
2025-09-05,20.62,7.96,13.01,9.98,0.36,9.48,12.18
2025-09-06,16.26,7.88,12.46,3.5,0.37,7.78,18.45
2025-09-07,16.89,5.83,11.46,3.28,0.37,7.45,16.8
2025-09-08,15.92,5.71,10.56,0.98,0.37,5.21,16.96
2025-09-09,18.78,3.28,10.36,0.01,0.36,2.06,23.0
2025-09-10,21.53,4.42,12.4,0.0,0.36,2.93,21.61
2025-09-11,23.18,5.82,13.84,0.0,0.36,1.82,21.47
2025-09-12,25.76,7.3,15.9,0.0,0.35,0.87,22.13
2025-09-13,21.74,9.95,15.93,1.05,0.35,8.75,11.35
2025-09-14,20.08,11.51,15.43,1.49,0.35,10.42,16.37
2025-09-15,18.06,7.28,12.55,2.16,0.35,6.6,16.52
2025-09-16,19.73,4.8,11.81,0.05,0.35,4.94,22.21
2025-09-17,21.42,6.61,13.72,0.31,0.35,8.05,20.25
2025-09-18,21.8,7.72,14.23,0.24,0.35,7.48,21.09
2025-09-19,23.3,6.98,14.57,0.03,0.34,7.41,22.25
2025-09-20,26.35,8.84,17.11,0.03,0.34,7.68,23.58
2025-09-21,28.87,10.44,19.19,0.0,0.34,5.69,23.32
2025-09-22,29.12,11.36,19.63,0.0,0.33,3.81,24.86
2025-09-23,29.03,12.34,19.72,0.0,0.33,2.68,25.45
2025-09-24,30.49,10.22,20.4,0.0,0.32,-0.42,25.78
2025-09-25,32.15,11.06,20.91,0.01,0.32,-0.11,25.76
2025-09-26,28.84,9.03,18.78,0.0,0.32,3.74,23.61
2025-09-27,28.29,9.73,18.66,0.0,0.32,7.53,25.35
2025-09-28,25.99,10.11,17.29,0.04,0.31,9.64,24.26
2025-09-29,23.83,10.61,16.25,0.11,0.31,7.1,25.34
2025-09-30,25.58,7.9,16.39,0.0,0.31,5.14,26.29
2025-10-01,27.13,9.34,17.69,0.05,0.31,6.78,26.19
2025-10-02,32.85,10.04,20.81,0.0,0.31,3.74,26.71
2025-10-03,29.5,12.61,20.07,0.0,0.3,8.48,25.57
2025-10-04,26.07,13.93,19.5,0.22,0.3,12.83,20.86
2025-10-05,23.89,12.94,17.63,6.23,0.3,12.78,6.88
2025-10-06,24.35,10.59,16.82,0.24,0.31,7.4,22.04
2025-10-07,25.61,9.68,16.87,0.0,0.31,5.96,25.05
2025-10-08,24.6,8.76,16.14,0.0,0.3,6.52,24.84
2025-10-09,26.67,7.31,16.65,0.0,0.3,3.33,28.14
2025-10-10,29.16,8.52,18.28,0.01,0.3,5.37,28.04
2025-10-11,28.57,9.14,18.42,0.05,0.3,6.02,28.23
2025-10-12,31.89,9.9,20.61,0.0,0.29,5.38,28.29
2025-10-13,32.69,11.53,21.54,0.02,0.29,7.32,28.23
2025-10-14,34.54,11.94,22.24,0.0,0.29,9.02,28.06
2025-10-15,27.76,12.91,19.21,0.0,0.29,8.27,28.33
2025-10-16,30.32,10.99,20.57,0.0,0.29,6.62,27.28
2025-10-17,37.85,13.18,24.82,0.0,0.28,3.95,29.07
2025-10-18,28.95,14.4,20.69,0.01,0.28,13.26,19.76
2025-10-19,25.06,12.26,17.31,0.1,0.28,9.3,24.34
2025-10-20,22.36,9.15,15.38,0.12,0.28,6.56,22.6
2025-10-21,25.35,10.25,17.16,0.06,0.28,6.14,29.06
2025-10-22,29.23,9.78,19.78,0.02,0.28,3.75,29.62
2025-10-23,28.53,12.05,18.91,0.13,0.28,7.92,27.18
2025-10-24,23.75,11.85,16.86,0.21,0.28,8.46,22.69
2025-10-25,26.96,12.27,18.66,0.06,0.27,7.4,29.2
2025-10-26,27.94,10.31,19.25,0.05,0.27,7.05,26.63
2025-10-27,31.35,11.19,21.51,0.01,0.27,3.54,30.17
2025-10-28,35.94,14.71,23.75,0.04,0.27,4.98,28.19
2025-10-29,27.2,12.86,19.6,0.19,0.27,10.57,22.0
2025-10-30,27.81,9.96,18.48,0.0,0.27,6.84,29.92
2025-10-31,31.22,11.07,20.25,0.0,0.27,8.9,30.2
2025-11-01,26.53,13.35,19.03,0.06,0.26,7.71,27.51
2025-11-02,28.59,9.77,18.98,0.0,0.26,0.49,31.89
2025-11-03,34.21,11.4,23.44,0.16,0.26,-2.42,31.49
2025-11-04,30.12,16.5,23.03,0.65,0.26,9.75,16.6
2025-11-05,23.61,13.75,17.85,9.22,0.27,11.82,17.48
2025-11-06,27.59,13.92,20.15,0.49,0.28,12.12,20.31
2025-11-07,30.02,12.21,21.72,0.12,0.27,9.24,26.49
2025-11-08,31.79,14.79,23.45,0.0,0.27,4.95,31.55
2025-11-09,32.8,15.72,24.42,0.0,0.27,4.67,31.49
2025-11-10,33.94,16.7,25.59,0.0,0.26,3.76,30.77
2025-11-11,32.19,18.09,24.98,0.02,0.26,8.75,29.0
2025-11-12,35.05,19.65,26.9,0.18,0.26,8.95,25.28
2025-11-13,33.35,14.7,23.83,0.0,0.26,6.9,31.98
2025-11-14,31.99,14.26,22.64,0.03,0.26,6.01,31.98
2025-11-15,33.68,12.84,23.47,0.0,0.26,5.53,32.42
2025-11-16,35.98,14.79,25.75,0.0,0.25,1.72,32.77
2025-11-17,35.78,18.16,27.23,1.24,0.25,7.1,17.54
2025-11-18,36.29,21.42,28.02,6.08,0.26,15.12,25.01
2025-11-19,33.05,20.93,26.55,0.33,0.26,14.32,25.41
2025-11-20,30.1,18.2,24.29,4.72,0.26,14.51,25.46
2025-11-21,32.76,17.29,25.09,0.03,0.26,11.31,27.81
2025-11-22,30.04,16.23,22.28,0.0,0.26,12.93,26.22
2025-11-23,26.13,13.73,19.28,0.72,0.26,8.64,24.82
2025-11-24,27.59,11.01,19.11,0.01,0.26,5.7,30.49
2025-11-25,29.18,10.9,20.11,0.0,0.26,6.09,32.77
2025-11-26,31.47,12.52,22.26,0.02,0.25,9.05,32.55
2025-11-27,30.58,13.9,21.53,0.01,0.25,8.17,32.9
2025-11-28,31.12,11.74,21.36,0.0,0.25,4.13,33.66
2025-11-29,35.32,12.51,24.52,0.0,0.25,2.87,33.8
2025-11-30,37.07,17.22,27.33,0.0,0.25,0.17,33.79
2025-12-01,40.23,19.77,30.16,0.04,0.25,-0.09,33.57
2025-12-02,41.3,21.24,31.12,0.01,0.24,4.46,29.6
2025-12-03,38.35,19.66,28.38,0.0,0.24,7.31,32.31
2025-12-04,37.08,16.44,25.91,0.0,0.24,8.54,30.7
2025-12-05,31.58,14.1,22.67,0.0,0.24,7.19,33.16
2025-12-06,33.76,14.0,24.67,0.0,0.24,6.58,32.91
2025-12-07,38.53,16.99,28.16,0.02,0.24,4.65,33.11
2025-12-08,38.81,16.93,27.51,0.0,0.24,7.21,32.9
2025-12-09,37.45,16.59,27.15,0.0,0.24,10.39,33.0
2025-12-10,40.96,19.79,30.39,0.0,0.24,9.08,32.88
2025-12-11,41.77,20.87,30.67,0.0,0.24,10.45,32.67
2025-12-12,39.51,19.12,30.03,0.0,0.23,10.94,32.88
2025-12-13,41.47,24.74,32.69,5.81,0.23,12.64,31.14
2025-12-14,41.08,25.03,32.06,1.59,0.24,15.58,25.62
2025-12-15,41.66,24.47,32.25,0.08,0.24,15.14,24.94
2025-12-16,42.85,24.67,33.62,0.49,0.24,11.54,28.08
2025-12-17,36.36,20.47,27.84,0.06,0.24,12.35,31.63
2025-12-18,40.15,18.29,29.75,0.01,0.23,11.04,32.25
2025-12-19,42.21,23.67,32.31,0.0,0.23,12.29,28.65
2025-12-20,34.49,17.52,26.11,0.0,0.23,6.16,34.3
2025-12-21,33.92,16.49,25.21,0.0,0.23,-1.75,34.64
2025-12-22,36.97,16.96,27.63,0.21,0.23,0.01,34.62
2025-12-23,39.48,20.63,30.39,0.01,0.23,1.68,34.1
2025-12-24,40.64,22.11,31.65,0.0,0.23,1.69,31.97
2025-12-25,37.81,24.76,31.39,0.34,0.23,8.03,26.52
2025-12-26,32.29,17.75,24.6,0.22,0.23,13.25,32.87
2025-12-27,31.62,13.26,22.42,0.02,0.23,0.71,34.91
2025-12-28,36.99,15.27,26.59,0.0,0.23,4.57,33.56
2025-12-29,35.93,17.99,27.11,0.0,0.22,5.2,33.51
2025-12-30,34.89,18.43,27.02,0.0,0.22,3.9,33.7
2025-12-31,37.04,19.02,28.32,0.03,0.22,2.55,33.86
2026-01-01,40.53,20.72,31.19,0.0,0.22,2.2,30.87
2026-01-02,41.84,22.28,31.33,0.0,0.22,3.92,32.84
2026-01-03,41.15,21.09,30.58,0.0,0.22,8.82,32.02
2026-01-04,42.61,20.75,31.5,0.0,0.22,8.93,33.04
2026-01-05,43.44,20.16,31.36,0.0,0.22,8.82,32.98
2026-01-06,39.23,19.34,28.5,0.0,0.22,12.26,32.13
2026-01-07,39.85,17.52,28.76,0.0,0.22,10.34,33.03
2026-01-08,39.84,20.01,29.07,0.0,0.22,8.94,31.33
2026-01-09,36.0,19.52,27.1,0.0,0.22,6.69,30.28
2026-01-10,36.22,18.79,27.62,0.02,0.22,6.37,31.46
2026-01-11,41.34,21.9,31.99,0.0,0.21,6.62,30.66
2026-01-12,38.38,22.27,30.66,0.0,0.21,10.46,32.32
2026-01-13,36.26,16.77,26.34,0.17,0.21,5.54,33.68
2026-01-14,38.62,19.23,29.0,0.12,0.21,5.96,33.51
2026-01-15,43.64,22.48,33.96,0.0,0.21,6.33,30.24
2026-01-16,44.47,24.8,35.03,0.0,0.21,11.3,30.44
2026-01-17,36.73,19.72,27.48,0.0,0.21,8.73,30.21
2026-01-18,38.92,16.75,27.78,0.0,0.21,6.66,33.2
2026-01-19,42.44,20.43,31.83,0.0,0.21,3.07,33.04
2026-01-20,43.66,24.9,34.31,0.0,0.21,2.31,32.85
2026-01-21,42.44,25.4,33.6,0.0,0.21,2.27,32.87
2026-01-22,44.02,22.99,32.99,0.14,0.21,3.31,26.97
2026-01-23,35.19,18.41,25.79,0.0,0.21,8.91,27.9
2026-01-24,37.08,15.58,25.55,0.0,0.21,7.56,32.26
2026-01-25,33.02,16.31,23.74,0.0,0.21,12.14,30.93
2026-01-26,30.64,16.87,22.99,0.04,0.21,10.98,26.69
2026-01-27,32.07,13.72,23.09,0.0,0.21,6.24,31.8
2026-01-28,36.31,18.7,27.91,0.0,0.21,7.89,29.04
2026-01-29,39.65,23.08,31.71,0.13,0.21,10.47,29.43
2026-01-30,41.06,24.91,33.64,0.23,0.21,9.44,26.17
2026-01-31,42.41,28.04,35.39,0.0,0.21,7.44,27.55
2026-02-01,41.12,26.43,33.67,0.0,0.21,8.14,30.18
2026-02-02,41.87,25.0,33.41,0.03,0.21,5.12,30.58
2026-02-03,42.91,24.12,33.28,0.0,0.2,2.96,30.08
2026-02-04,38.98,21.88,29.99,0.0,0.2,8.93,30.62
2026-02-05,40.58,21.57,31.33,0.0,0.2,8.95,30.32
2026-02-06,42.22,25.03,33.61,0.0,0.2,7.34,30.21
2026-02-07,43.36,25.68,34.98,0.0,0.2,8.3,28.61
2026-02-08,44.03,27.46,36.23,0.29,0.2,11.75,24.61
2026-02-09,34.82,25.25,31.27,10.67,0.21,18.93,21.55
2026-02-10,28.87,19.8,24.86,37.28,0.28,21.53,7.0
2026-02-11,29.83,17.52,23.65,0.32,0.29,14.4,18.99
2026-02-12,29.61,17.66,23.18,0.0,0.28,12.02,25.68
2026-02-13,33.77,16.36,25.64,0.0,0.27,12.71,30.08
2026-02-14,39.24,21.05,29.32,0.0,0.27,12.57,27.67
2026-02-15,32.61,17.7,24.37,0.0,0.26,11.1,29.72
2026-02-16,32.22,16.03,23.91,0.0,0.26,10.32,30.16
2026-02-17,34.56,16.16,25.34,0.0,0.26,7.22,30.39
2026-02-18,37.5,17.69,27.62,0.05,0.26,3.75,30.29
2026-02-19,40.01,19.52,29.86,0.0,0.25,4.1,29.86
2026-02-20,40.6,20.95,30.88,0.0,0.25,6.1,29.55
2026-02-21,36.48,18.5,26.53,0.0,0.25,11.43,29.28
2026-02-22,35.79,16.25,25.97,0.0,0.25,8.93,29.25
2026-02-23,39.01,20.13,29.26,0.0,0.25,8.1,28.69
2026-02-24,40.13,21.79,31.52,0.02,0.25,11.36,23.65
2026-02-25,38.36,25.74,32.1,0.18,0.25,9.73,21.38
2026-02-26,39.16,23.08,31.01,0.0,0.24,5.44,27.01
2026-02-27,39.61,22.6,30.99,0.0,0.24,6.51,26.95
2026-02-28,35.6,18.21,26.14,0.0,0.24,11.54,27.68
2026-03-01,34.72,16.74,24.88,0.0,0.24,8.27,28.5
2026-03-02,38.42,17.49,27.77,0.07,0.24,3.8,28.07
2026-03-03,40.37,19.61,30.47,0.0,0.24,6.13,27.54
2026-03-04,38.94,22.69,30.38,0.0,0.24,3.25,27.09
2026-03-05,39.12,21.03,30.1,0.0,0.24,2.25,27.73
2026-03-06,40.32,22.1,31.66,0.13,0.24,5.15,14.49
2026-03-07,40.14,26.47,33.11,0.12,0.23,8.93,18.51
2026-03-08,43.21,26.38,34.73,0.0,0.23,8.09,17.86
2026-03-09,42.58,23.87,32.42,0.0,0.23,11.78,23.84
2026-03-10,30.52,19.27,24.09,0.01,0.23,9.5,22.91
2026-03-11,27.42,14.8,20.88,0.02,0.23,5.26,26.62
2026-03-12,28.03,14.84,20.96,0.05,0.23,8.06,25.55
2026-03-13,28.08,15.7,21.15,0.0,0.23,9.88,16.07
2026-03-14,31.75,15.17,23.19,0.0,0.23,11.05,24.2
2026-03-15,34.46,17.47,25.81,0.0,0.23,12.22,24.37
2026-03-16,35.57,19.25,27.41,0.0,0.23,11.07,24.62
2026-03-17,37.67,21.19,29.26,0.0,0.23,10.07,24.68
2026-03-18,39.1,22.61,30.73,0.0,0.23,9.07,23.82
2026-03-19,37.42,24.17,30.8,0.0,0.23,6.2,21.11
2026-03-20,39.5,22.75,30.6,0.0,0.23,2.94,24.76
2026-03-21,40.28,20.77,29.57,0.0,0.22,5.45,24.74
2026-03-22,36.21,20.41,26.83,0.0,0.22,14.26,21.3
2026-03-23,35.02,20.98,26.88,0.01,0.22,12.56,22.06
2026-03-24,35.17,19.88,26.58,0.03,0.22,12.2,21.28
2026-03-25,38.77,21.58,28.94,0.06,0.22,14.24,21.34
2026-03-26,33.37,23.69,27.45,0.57,0.22,17.17,10.52
2026-03-27,33.17,21.29,26.67,4.71,0.22,16.66,9.97
2026-03-28,29.98,21.02,25.24,1.97,0.23,17.92,11.15
2026-03-29,31.53,20.39,24.84,0.62,0.23,17.3,13.55
2026-03-30,28.31,17.0,21.89,0.01,0.23,13.83,17.89
2026-03-31,27.07,13.49,19.95,0.0,0.23,8.63,19.36
2026-04-01,30.25,12.73,21.07,0.0,0.23,5.6,23.14
2026-04-02,33.5,13.65,23.13,0.0,0.23,5.06,22.93
2026-04-03,35.24,16.44,24.99,0.0,0.23,9.79,21.94
2026-04-04,30.92,17.36,23.03,0.0,0.22,14.24,20.63
2026-04-05,30.05,16.92,22.51,0.0,0.22,12.85,18.6
2026-04-06,32.04,14.67,23.02,0.0,0.22,10.27,21.01
2026-04-07,28.51,15.19,21.85,0.0,0.22,11.19,17.98
2026-04-08,29.24,14.92,21.36,0.0,0.22,8.7,21.38
2026-04-09,27.46,12.32,19.41,0.0,0.22,6.15,21.62
2026-04-10,28.75,15.07,21.58,0.0,0.22,6.94,16.87
2026-04-11,34.48,18.31,26.05,0.03,0.22,10.06,18.8
2026-04-12,32.95,20.61,26.76,0.33,0.22,10.89,17.34
2026-04-13,33.06,20.14,26.41,0.0,0.22,10.05,18.88
2026-04-14,34.08,18.68,26.49,0.0,0.22,6.63,19.51
2026-04-15,34.35,21.57,27.64,0.01,0.22,8.86,17.58
2026-04-16,33.39,20.3,26.94,0.0,0.22,9.22,16.25
2026-04-17,28.61,16.63,22.17,0.05,0.22,14.22,16.11
2026-04-18,27.96,14.43,20.92,0.09,0.22,12.58,11.68
2026-04-19,31.43,14.38,22.1,0.0,0.22,8.9,19.28
2026-04-20,29.76,14.09,20.46,0.07,0.22,12.02,18.94
2026-04-21,22.88,13.35,17.47,1.23,0.22,4.54,19.3
2026-04-22,30.5,10.74,19.33,0.0,0.22,2.79,19.35
2026-04-23,26.16,14.08,18.99,0.14,0.22,10.65,14.53
2026-04-24,25.61,11.57,18.15,0.14,0.22,9.48,17.36
2026-04-25,27.84,11.44,19.17,0.0,0.22,5.7,18.86
2026-04-26,31.36,13.56,22.52,0.09,0.22,8.3,13.89
2026-04-27,29.01,20.14,23.86,2.6,0.22,13.47,9.53
2026-04-28,29.37,18.52,23.0,8.03,0.23,14.2,9.7
2026-04-29,28.16,16.17,21.47,0.29,0.23,13.17,13.3
2026-04-30,25.57,14.91,19.44,0.04,0.23,12.12,14.8
2026-05-01,19.73,9.79,14.7,0.07,0.23,6.49,11.43
2026-05-02,19.87,6.45,12.87,0.0,0.23,0.34,17.9
2026-05-03,22.36,7.62,14.5,0.0,0.23,4.06,17.78
2026-05-04,24.43,9.23,16.09,0.0,0.23,4.29,17.7
2026-05-05,25.98,10.1,17.33,0.0,0.23,4.7,17.02
2026-05-06,24.58,10.41,17.06,0.01,0.23,4.24,17.33
2026-05-07,24.39,9.97,16.86,0.07,0.23,4.8,17.15
2026-05-08,24.74,10.81,17.24,0.0,0.23,4.31,17.06
2026-05-09,24.32,10.19,16.46,0.0,0.22,0.68,17.16
2026-05-10,24.28,8.88,15.92,0.0,0.22,0.5,16.83
2026-05-11,26.32,9.74,17.16,0.0,0.22,0.21,16.58
2026-05-12,27.48,10.48,18.1,0.0,0.22,0.38,16.33
2026-05-13,29.12,11.97,19.7,0.0,0.22,3.11,10.53
2026-05-14,27.56,15.1,20.11,0.0,0.22,6.15,12.62
2026-05-15,22.11,11.08,15.93,0.06,0.22,7.89,14.6
2026-05-16,22.12,8.87,15.0,0.0,0.22,6.21,15.08
2026-05-17,23.48,8.49,15.37,0.0,0.22,3.93,15.74
2026-05-18,24.86,8.57,16.03,0.18,0.22,2.41,15.65
2026-05-19,26.43,9.6,17.03,0.0,0.22,-0.26,15.83
2026-05-20,26.82,10.66,18.72,0.0,0.22,2.6,12.63
2026-05-21,27.34,14.01,19.51,0.15,0.22,5.13,13.72
2026-05-22,20.02,9.83,14.32,0.36,0.22,5.48,15.45
2026-05-23,19.26,6.12,11.52,0.0,0.22,0.25,14.9
2026-05-24,20.3,4.95,12.07,0.0,0.22,-0.9,14.56
2026-05-25,24.01,7.06,14.5,0.0,0.22,-1.91,14.84
2026-05-26,25.31,8.85,15.81,0.1,0.22,-0.8,14.87
2026-05-27,25.09,10.07,16.78,0.04,0.22,-1.42,6.83
2026-05-28,20.97,12.35,15.98,1.04,0.22,9.42,8.81
2026-05-29,22.48,10.1,15.99,0.0,0.22,8.86,8.53
2026-05-30,26.23,13.37,19.07,14.71,0.23,11.91,5.6
2026-05-31,19.04,13.7,16.74,4.6,0.26,11.16,10.65
2026-06-01,20.64,10.24,15.2,1.65,0.26,8.61,12.72
2026-06-02,21.05,8.7,14.08,0.49,0.25,8.41,9.67
2026-06-03,19.5,6.57,12.34,0.01,0.25,4.76,13.83
2026-06-04,22.38,6.11,13.51,0.02,0.25,3.6,14.08
2026-06-05,25.62,12.28,17.33,0.03,0.25,6.86,13.26
2026-06-06,23.25,10.78,16.02,0.0,0.25,10.64,11.38
2026-06-07,23.73,10.86,15.84,0.01,0.25,9.37,13.27
2026-06-08,21.78,10.9,15.77,2.77,0.25,11.21,8.56
2026-06-09,17.58,10.52,14.28,9.13,0.27,10.42,10.08
2026-06-10,19.27,7.97,13.86,0.01,0.27,8.3,8.84
2026-06-11,17.22,12.52,15.18,26.27,0.29,13.36,1.32
2026-06-12,18.76,8.34,13.7,2.78,0.32,8.89,11.39
2026-06-13,18.99,4.71,11.31,0.0,0.31,3.72,13.75
2026-06-14,19.97,7.95,12.84,0.03,0.31,4.7,12.35
2026-06-15,14.68,6.94,11.6,11.26,0.32,8.33,8.73
2026-06-16,14.56,4.87,8.24,0.02,0.32,4.22,12.28
2026-06-17,17.02,2.62,9.54,0.01,0.32,5.54,8.68
2026-06-18,16.82,6.03,9.86,0.02,0.31,4.37,13.56
2026-06-19,17.55,3.26,9.76,0.04,0.31,3.9,13.32
2026-06-20,17.97,6.72,11.26,0.0,0.31,3.07,8.96
2026-06-21,20.32,7.96,12.59,0.0,0.31,2.26,3.06
2026-06-22,19.8,9.13,12.53,0.0,0.31,2.83,11.19
2026-06-23,21.34,6.06,12.78,0.0,0.31,4.25,13.07
2026-06-24,20.67,6.71,12.75,0.0,0.31,5.2,13.31
2026-06-25,21.92,7.23,13.37,0.0,0.3,2.91,13.47
2026-06-26,16.99,10.22,12.35,7.76,0.31,6.42,5.77
2026-06-27,17.37,10.85,13.75,3.78,0.32,10.23,10.48
2026-06-28,18.05,10.39,13.64,1.94,0.33,10.88,11.8
2026-06-30,16.4,8.5,12.82,2.79,0.33,8.76,11.28
2026-07-01,17.63,6.98,12.06,0.07,0.19,8.19,11.3
2026-07-02,17.94,8.4,12.82,0.31,0.19,9.27,9.91
2026-07-03,19.25,7.79,13.14,0.0,0.19,6.65,8.67
2026-07-04,20.03,7.99,13.4,0.0,0.19,4.73,13.25
2026-07-05,22.33,8.18,14.4,0.0,0.19,3.71,11.13
2026-07-06,23.15,8.83,15.24,0.0,0.19,3.87,13.65
2026-07-07,23.19,9.13,15.42,0.0,0.19,3.72,13.79
2026-07-08,23.52,9.49,16.2,0.0,0.19,4.34,13.82
2026-07-09,24.71,9.93,16.63,0.0,0.18,5.8,13.54
2026-07-10,22.51,10.86,16.07,0.0,0.18,9.92,11.33
2026-07-11,21.0,11.17,14.75,0.02,0.18,7.89,14.0
2026-07-12,21.27,7.67,13.72,0.0,0.18,3.53,14.25
2026-07-13,22.55,7.74,14.32,0.0,0.18,3.3,14.41
2026-07-14,23.91,9.7,15.92,0.0,0.18,3.54,14.29
2026-07-15,26.3,10.77,17.66,0.0,0.18,3.31,14.32
2026-07-16,26.78,12.56,18.98,0.0,0.18,5.4,13.89
2026-07-17,22.15,12.67,17.3,0.95,0.18,10.81,7.81
2026-07-18,19.88,14.16,16.91,2.22,0.18,12.74,8.26
2026-07-19,20.06,11.04,14.71,0.02,0.18,6.89,11.46
2026-07-20,20.25,9.68,13.86,0.0,0.18,4.07,14.87
2026-07-21,19.79,7.01,12.73,0.0,0.18,4.16,15.05
2026-07-22,19.6,7.2,12.93,0.0,0.18,2.97,14.83
2026-07-23,19.12,7.95,12.82,0.0,0.18,2.72,15.16
2026-07-24,19.41,7.55,12.7,0.0,0.18,2.08,15.49
2026-07-25,21.32,6.67,13.33,0.0,0.17,0.44,15.08
2026-07-26,21.6,7.91,14.12,0.03,0.17,3.24,12.35
2026-07-27,19.09,7.11,12.49,0.0,0.17,5.59,12.99
2026-07-28,19.48,6.65,12.66,0.0,0.17,3.22,11.68
2026-07-29,21.7,7.5,13.93,0.0,0.17,1.92,15.93
