date,tmax,tmin,tmean,precip,gwetroot,tdew,solar
1984-01-01,27.49,18.73,22.7,6.81,0.54,15.96,18.37
1984-01-02,27.83,17.1,22.23,4.42,0.55,13.62,20.62
1984-01-03,26.44,13.37,19.29,0.43,0.54,8.0,29.4
1984-01-04,28.07,9.5,18.72,0.0,0.54,5.49,31.85
1984-01-05,33.54,11.43,23.33,0.0,0.53,9.31,31.85
1984-01-06,35.15,20.14,26.67,0.03,0.53,13.78,28.38
1984-01-07,33.01,15.65,24.18,0.0,0.52,11.33,32.1
1984-01-08,32.2,16.73,23.7,0.0,0.52,6.89,30.84
1984-01-09,29.14,12.21,20.98,0.03,0.51,8.41,31.62
1984-01-10,30.8,12.2,21.61,0.0,0.51,9.75,32.28
1984-01-11,31.87,12.96,22.82,0.0,0.51,8.18,32.35
1984-01-12,34.3,13.62,24.35,0.0,0.5,8.53,31.17
1984-01-13,35.6,16.11,26.37,4.56,0.5,14.01,28.68
1984-01-14,27.78,20.0,23.64,4.08,0.5,15.58,13.43
1984-01-15,29.47,16.0,22.32,39.77,0.55,17.94,16.15
1984-01-16,24.35,10.9,18.17,0.05,0.58,8.03,24.56
1984-01-17,22.91,8.8,15.65,0.02,0.57,5.07,25.49
1984-01-18,25.65,9.04,17.34,0.02,0.56,5.43,22.99
1984-01-19,27.52,9.56,19.0,0.0,0.55,7.02,30.71
1984-01-20,28.87,12.0,20.68,0.01,0.55,9.2,31.11
1984-01-21,24.9,11.15,17.72,0.0,0.54,6.47,28.27
1984-01-22,25.9,9.57,17.61,0.02,0.54,7.06,30.84
1984-01-23,32.07,10.86,22.31,0.21,0.54,7.58,31.79
1984-01-24,35.63,18.04,26.85,1.25,0.53,12.36,18.79
1984-01-25,33.07,15.22,22.88,5.96,0.53,14.45,13.0
1984-01-26,25.04,12.66,18.53,0.95,0.54,7.82,27.27
1984-01-27,25.9,9.85,17.88,0.0,0.53,5.42,31.1
1984-01-28,28.58,10.4,20.11,0.06,0.53,7.59,31.5
1984-01-29,30.93,16.02,22.32,0.2,0.53,7.42,19.65
1984-01-30,24.79,10.29,17.27,0.05,0.52,6.09,29.08
1984-01-31,27.26,10.81,18.56,0.03,0.52,7.11,27.41
1984-02-01,29.71,9.16,19.29,0.0,0.52,6.33,30.98
1984-02-02,32.72,10.48,22.65,0.02,0.51,6.6,31.15
1984-02-03,36.21,16.86,25.96,0.0,0.51,7.45,30.8
1984-02-04,35.4,15.81,25.19,0.0,0.5,9.84,30.39
1984-02-05,35.77,14.27,24.99,0.0,0.5,10.01,30.89
1984-02-06,37.07,20.04,26.32,0.67,0.5,12.19,19.66
1984-02-07,33.84,18.0,25.63,0.27,0.49,12.45,30.41
1984-02-08,32.0,12.98,22.31,0.0,0.49,7.98,29.82
1984-02-09,30.24,13.04,21.19,0.0,0.49,5.77,29.7
1984-02-10,30.24,11.27,20.58,0.0,0.49,6.36,29.74
1984-02-11,32.41,13.49,23.05,0.0,0.49,9.08,29.75
1984-02-12,32.6,17.51,24.48,0.0,0.48,6.83,28.86
1984-02-13,27.1,12.63,19.84,0.0,0.48,6.06,28.58
1984-02-14,30.01,12.39,21.73,0.0,0.48,6.62,27.34
1984-02-15,37.07,17.04,26.77,0.03,0.48,6.54,26.44
1984-02-16,32.01,15.69,24.05,0.02,0.48,8.73,27.21
1984-02-17,31.79,15.0,23.52,0.0,0.48,8.21,28.53
1984-02-18,33.86,17.87,25.77,0.0,0.48,10.79,27.96
1984-02-19,34.81,19.55,27.2,0.01,0.48,12.78,27.65
1984-02-20,37.79,22.93,29.55,1.12,0.48,13.73,26.32
1984-02-21,32.55,18.03,24.12,0.01,0.48,8.45,16.39
1984-02-22,32.85,13.44,23.62,0.0,0.48,5.55,27.14
1984-02-23,35.71,12.75,23.52,0.0,0.48,7.98,23.72
1984-02-24,27.06,10.47,18.44,0.0,0.48,3.16,26.93
1984-02-25,30.86,11.46,21.04,0.0,0.48,4.59,26.3
1984-02-26,35.15,13.46,24.57,0.02,0.48,5.57,26.4
1984-02-27,37.99,13.43,25.31,2.72,0.48,10.09,23.42
1984-02-28,23.69,9.93,16.54,0.01,0.48,1.78,27.14
1984-02-29,25.7,9.46,17.45,0.02,0.48,6.04,25.14
1984-03-01,25.83,11.41,18.09,0.0,0.48,6.25,26.2
1984-03-02,26.01,10.11,17.71,0.02,0.48,6.45,25.92
1984-03-03,26.81,9.73,18.14,0.04,0.48,4.24,26.1
1984-03-04,29.99,10.68,21.17,0.0,0.48,4.73,25.27
1984-03-05,33.72,17.32,25.73,0.0,0.48,2.03,23.38
1984-03-06,36.45,16.78,26.76,0.12,0.48,2.68,25.56
1984-03-07,31.51,13.72,23.08,0.0,0.48,4.92,24.92
1984-03-08,25.73,10.78,17.56,0.01,0.48,2.61,24.51
1984-03-09,27.72,9.39,17.98,0.0,0.47,0.43,24.22
1984-03-10,27.52,12.17,20.07,0.21,0.47,3.8,17.06
1984-03-11,27.1,11.27,18.95,0.01,0.47,4.24,23.93
1984-03-12,32.47,11.42,22.07,0.4,0.48,4.98,23.73
1984-03-13,23.71,10.69,18.54,8.15,0.49,5.56,17.66
1984-03-14,21.18,8.86,14.62,0.13,0.49,5.77,18.42
1984-03-15,24.53,10.5,16.93,0.01,0.49,9.43,17.49
1984-03-16,25.73,10.49,17.69,0.01,0.49,8.02,23.46
1984-03-17,30.4,11.32,20.74,0.0,0.48,5.36,22.8
1984-03-18,26.18,14.2,19.23,0.0,0.48,8.72,20.22
1984-03-19,23.3,11.4,16.64,0.0,0.48,8.47,18.8
1984-03-20,27.09,9.71,18.03,0.0,0.48,7.99,22.12
1984-03-21,22.74,12.99,17.2,0.0,0.48,8.67,20.05
1984-03-22,26.95,14.86,20.53,0.0,0.48,10.54,16.79
1984-03-23,28.27,17.02,22.19,0.74,0.48,10.17,14.19
1984-03-24,29.71,17.42,22.9,5.12,0.48,14.07,16.75
1984-03-25,22.03,10.54,16.94,12.18,0.51,7.89,17.94
1984-03-26,21.73,8.62,14.15,4.64,0.51,6.42,13.53
1984-03-27,18.14,7.56,12.68,0.39,0.51,4.0,20.67
1984-03-28,21.12,5.63,13.71,0.0,0.51,2.8,21.65
1984-03-29,25.75,7.75,16.99,0.12,0.51,3.16,21.37
1984-03-30,29.23,10.64,19.03,0.0,0.51,3.81,20.73
1984-03-31,25.01,10.02,17.04,0.0,0.5,8.85,20.82
1984-04-01,24.22,9.3,15.91,0.0,0.5,7.29,20.66
1984-04-02,27.28,7.63,16.93,0.0,0.5,7.44,20.38
1984-04-03,23.5,9.73,15.94,0.0,0.5,7.05,19.12
1984-04-04,21.33,5.5,12.67,0.0,0.5,3.82,19.75
1984-04-05,23.39,5.91,14.92,0.01,0.49,4.65,19.48
1984-04-06,26.92,9.11,16.56,0.07,0.49,3.38,12.61
1984-04-07,24.9,11.03,16.42,0.0,0.49,7.7,13.39
1984-04-08,24.23,7.7,15.09,0.01,0.49,7.06,19.18
1984-04-09,24.91,8.45,15.63,0.0,0.49,6.68,19.1
1984-04-10,25.34,8.0,16.22,0.0,0.49,7.67,19.16
1984-04-11,26.08,10.24,17.98,0.0,0.48,7.43,16.41
1984-04-12,26.7,13.07,19.2,0.0,0.48,7.34,16.83
1984-04-13,26.38,10.22,18.17,0.0,0.48,4.02,18.18
1984-04-14,26.7,12.91,18.9,0.06,0.48,3.1,16.11
1984-04-15,23.67,13.05,17.64,1.94,0.48,5.84,9.75
1984-04-16,22.67,12.19,17.32,1.34,0.49,10.21,9.72
1984-04-17,21.51,6.99,14.39,0.0,0.49,5.35,17.17
1984-04-18,20.01,10.74,15.51,1.95,0.49,10.04,5.86
1984-04-19,18.77,6.02,12.72,0.02,0.49,6.42,12.17
1984-04-20,15.46,9.69,12.34,1.28,0.49,8.86,12.06
1984-04-21,19.98,8.95,13.49,0.22,0.49,7.54,12.11
1984-04-22,21.89,7.67,14.62,3.07,0.49,5.25,11.18
1984-04-23,18.09,8.13,13.27,0.48,0.49,6.88,14.27
1984-04-24,17.01,7.68,12.2,0.5,0.49,5.8,12.26
1984-04-25,20.28,8.14,12.96,0.09,0.49,7.09,14.86
1984-04-26,19.68,6.47,12.52,0.01,0.49,8.59,11.93
1984-04-27,19.8,6.77,13.01,0.0,0.49,7.83,14.35
1984-04-28,20.06,6.68,12.37,0.0,0.49,7.46,15.42
1984-04-29,20.59,6.05,12.53,0.0,0.49,6.97,15.67
1984-04-30,24.09,6.37,14.68,0.0,0.49,6.06,15.5
1984-05-01,24.5,7.86,15.08,0.0,0.48,6.08,11.56
1984-05-02,25.14,9.81,16.36,0.0,0.48,5.75,14.14
1984-05-03,21.35,9.85,14.76,0.42,0.48,7.02,7.65
1984-05-04,16.13,6.98,11.28,0.01,0.48,4.92,12.92
1984-05-05,14.77,3.99,8.97,0.0,0.48,3.23,12.67
1984-05-06,15.1,3.44,8.98,0.01,0.48,4.45,11.7
1984-05-07,17.43,5.88,10.26,0.0,0.48,4.46,14.69
1984-05-08,17.08,5.41,9.56,0.01,0.48,3.99,14.68
1984-05-09,18.3,3.74,9.95,0.01,0.48,3.11,14.65
1984-05-10,16.72,6.07,10.91,0.05,0.48,2.75,5.89
1984-05-11,17.87,6.48,11.38,0.07,0.48,4.35,11.74
1984-05-12,18.57,7.21,11.26,0.08,0.48,5.41,10.06
1984-05-13,17.75,5.65,10.54,0.0,0.48,3.52,11.17
1984-05-14,18.22,5.36,11.25,0.0,0.48,3.38,11.6
1984-05-15,19.48,4.21,11.02,0.02,0.48,1.67,12.62
1984-05-16,20.37,4.31,11.43,0.0,0.48,0.98,12.38
1984-05-17,21.6,5.69,12.09,0.0,0.48,-0.35,12.83
1984-05-18,20.39,6.75,12.56,0.0,0.48,5.44,9.88
1984-05-19,22.59,8.59,14.37,0.0,0.48,4.52,10.67
1984-05-20,22.69,8.02,14.41,0.0,0.48,9.09,12.31
1984-05-21,19.48,9.45,14.43,0.03,0.48,7.37,7.7
1984-05-22,18.95,11.91,14.78,5.62,0.48,8.38,10.3
1984-05-23,16.71,7.5,12.33,0.38,0.49,6.67,8.6
1984-05-24,17.49,7.95,11.55,0.03,0.49,7.56,8.63
1984-05-25,17.96,4.88,10.95,0.0,0.49,6.03,11.93
1984-05-26,17.67,5.36,11.0,0.0,0.49,5.0,10.22
1984-05-27,19.67,8.47,13.29,0.05,0.49,5.08,9.28
1984-05-28,19.71,5.82,12.17,0.0,0.49,4.49,10.62
1984-05-29,16.1,7.45,10.45,0.28,0.48,4.91,8.22
1984-05-30,20.08,6.72,12.52,0.19,0.48,7.42,11.35
1984-05-31,21.47,6.78,12.95,2.89,0.48,6.84,8.67
1984-06-01,15.63,6.08,10.06,0.37,0.49,6.42,6.66
1984-06-02,16.23,4.8,9.86,0.0,0.49,6.11,10.82
1984-06-03,17.98,5.0,11.07,0.16,0.49,7.77,10.92
1984-06-04,19.34,6.95,11.95,0.18,0.49,8.48,9.4
1984-06-05,18.24,7.35,11.23,0.0,0.49,7.49,9.97
1984-06-06,19.51,4.65,10.81,0.0,0.49,4.38,10.9
1984-06-07,21.55,8.4,13.73,0.73,0.49,3.76,7.53
1984-06-08,15.68,6.51,10.11,0.09,0.49,5.91,7.59
1984-06-09,14.15,4.29,7.77,0.28,0.49,4.66,7.28
1984-06-10,13.76,2.16,6.59,0.02,0.49,3.02,7.35
1984-06-11,14.03,1.27,6.48,0.0,0.49,2.9,9.64
1984-06-12,14.3,1.58,6.74,0.0,0.49,2.78,9.88
1984-06-13,14.31,0.87,6.45,0.0,0.48,1.37,9.84
1984-06-14,14.88,3.02,7.96,0.0,0.48,3.96,5.96
1984-06-15,19.57,8.45,12.95,0.03,0.48,6.77,9.66
1984-06-16,15.87,5.7,11.21,0.61,0.48,8.1,7.26
1984-06-17,15.17,1.88,7.77,0.01,0.48,4.06,8.91
1984-06-18,14.5,4.42,8.38,0.26,0.48,3.96,10.46
1984-06-19,15.33,3.55,7.55,0.0,0.48,2.5,9.92
1984-06-20,14.97,3.19,7.11,0.0,0.48,2.94,9.62
1984-06-21,15.45,0.76,6.77,0.0,0.48,0.64,8.7
1984-06-22,16.34,-0.62,6.89,0.0,0.48,-2.47,8.87
1984-06-23,15.9,2.13,8.38,0.01,0.48,1.64,9.65
1984-06-24,14.79,4.53,9.47,0.18,0.48,5.15,9.61
1984-06-25,14.44,6.12,8.91,0.66,0.48,6.99,8.41
1984-06-26,14.78,4.61,8.45,0.02,0.48,5.21,8.56
1984-06-27,12.85,4.99,7.94,0.02,0.48,4.81,7.15
1984-06-28,13.94,3.43,7.4,0.02,0.48,4.61,8.1
1984-06-29,13.69,5.73,9.14,0.03,0.48,5.04,10.2
1984-06-30,15.6,3.8,8.16,0.0,0.48,4.7,10.25
1984-07-01,12.55,3.16,7.22,0.22,0.48,4.45,7.63
1984-07-02,8.58,3.74,6.04,0.67,0.48,2.66,4.68
1984-07-03,8.89,3.18,5.02,4.8,0.49,3.29,9.88
1984-07-04,13.82,4.58,8.17,0.32,0.49,5.38,10.29
1984-07-05,12.01,3.29,6.48,0.28,0.49,3.89,8.69
1984-07-06,13.09,0.97,5.93,0.14,0.49,2.77,7.31
1984-07-07,15.12,4.98,8.26,4.89,0.5,4.09,5.89
1984-07-08,16.91,2.59,9.13,0.16,0.5,3.37,10.74
1984-07-09,13.71,6.07,9.0,0.78,0.5,4.25,9.31
1984-07-10,13.98,3.84,8.43,0.27,0.5,4.42,9.91
1984-07-11,15.2,4.58,8.58,0.11,0.5,4.7,10.74
1984-07-12,11.4,5.11,7.48,0.43,0.5,5.81,8.65
1984-07-13,11.02,2.86,5.82,2.12,0.5,4.29,7.32
1984-07-14,11.76,0.86,4.96,0.07,0.5,-0.1,11.31
1984-07-15,12.94,-0.84,5.16,7.85,0.5,1.31,4.67
1984-07-16,9.7,5.22,7.02,9.33,0.53,5.1,4.64
1984-07-17,13.68,4.0,6.97,0.1,0.53,3.56,11.35
1984-07-18,12.85,1.75,6.66,0.54,0.53,2.02,4.77
1984-07-19,12.07,3.43,7.66,1.73,0.53,5.35,3.75
1984-07-20,13.27,2.31,7.11,0.05,0.53,3.35,5.3
1984-07-21,10.22,3.6,6.19,0.89,0.53,4.17,2.01
1984-07-22,6.29,4.07,5.18,6.76,0.53,4.57,2.09
1984-07-23,10.11,5.07,7.01,2.18,0.54,6.12,2.19
1984-07-24,10.1,5.09,7.17,0.2,0.54,6.46,2.25
1984-07-25,15.63,4.19,8.74,0.02,0.54,5.19,9.05
1984-07-26,15.29,2.96,7.25,0.15,0.54,3.82,9.08
1984-07-27,15.39,1.71,8.06,0.01,0.54,3.98,6.89
1984-07-28,12.98,4.05,8.0,0.03,0.54,4.91,7.77
1984-07-29,13.32,4.17,8.48,0.51,0.54,5.56,6.87
1984-07-30,14.6,4.07,9.16,1.1,0.54,6.27,3.57
1984-07-31,17.07,7.46,11.21,0.34,0.54,8.12,2.88
1984-08-01,16.92,7.04,10.72,0.34,0.54,7.81,8.99
1984-08-02,18.21,5.74,10.51,0.02,0.54,5.75,11.83
1984-08-03,19.87,5.12,11.02,0.0,0.54,3.55,13.62
1984-08-04,19.7,5.1,12.11,0.68,0.53,5.69,9.59
1984-08-05,17.76,8.72,12.3,12.26,0.55,7.13,11.71
1984-08-06,16.5,4.06,10.13,0.31,0.55,5.79,12.78
1984-08-07,18.22,5.49,11.04,0.09,0.55,5.83,13.48
1984-08-08,15.82,6.08,10.71,0.01,0.55,3.12,13.83
1984-08-09,16.31,6.2,10.12,8.81,0.55,6.47,11.61
1984-08-10,9.52,4.78,7.34,1.18,0.56,5.09,13.63
1984-08-11,12.97,4.53,7.45,0.59,0.56,5.5,14.17
1984-08-12,13.67,3.49,8.28,0.3,0.56,5.19,12.74
1984-08-13,14.31,4.74,8.92,0.14,0.56,4.91,8.01
1984-08-14,14.38,4.54,8.33,0.01,0.56,3.98,9.37
1984-08-15,13.83,4.03,7.48,0.12,0.56,4.6,10.64
1984-08-16,8.63,3.73,5.91,6.31,0.56,4.81,7.71
1984-08-17,13.6,5.89,9.36,1.61,0.57,6.08,13.27
1984-08-18,12.9,7.75,9.79,3.76,0.57,6.59,11.24
1984-08-19,13.47,5.96,8.71,1.31,0.57,5.38,12.73
1984-08-20,12.42,7.5,9.7,13.76,0.59,7.65,7.69
1984-08-21,14.06,6.52,9.3,1.33,0.59,6.1,15.48
1984-08-22,18.34,6.11,10.79,3.06,0.59,5.69,11.13
1984-08-23,16.41,4.81,9.9,0.0,0.59,4.46,16.23
1984-08-24,14.1,5.41,9.95,2.57,0.59,6.22,10.93
1984-08-25,14.75,5.53,9.32,0.33,0.59,4.94,15.76
1984-08-26,14.18,7.33,10.52,4.07,0.59,8.1,11.56
1984-08-27,13.4,5.44,8.65,2.35,0.6,5.27,12.68
1984-08-28,13.89,4.74,8.53,0.92,0.6,5.6,16.62
1984-08-29,15.81,5.35,9.6,0.07,0.6,6.03,15.37
1984-08-30,18.94,3.25,11.11,0.0,0.59,5.76,15.69
1984-08-31,20.18,7.05,12.07,0.71,0.59,5.29,14.93
1984-09-01,17.86,6.64,11.53,0.16,0.59,7.49,13.51
1984-09-02,16.87,6.31,11.02,0.57,0.59,7.12,15.62
1984-09-03,17.95,7.54,12.66,0.9,0.59,6.31,12.52
1984-09-04,13.56,5.87,9.17,0.5,0.59,4.44,14.94
1984-09-05,16.16,3.97,9.15,0.16,0.58,4.34,18.09
1984-09-06,19.22,5.39,11.59,0.12,0.58,5.37,14.71
1984-09-07,19.35,7.23,12.87,1.14,0.58,6.41,13.71
1984-09-08,20.05,5.73,12.78,0.37,0.58,7.35,19.46
1984-09-09,18.93,7.28,13.44,0.02,0.58,7.31,15.84
1984-09-10,24.64,10.55,15.66,1.2,0.57,6.49,12.93
1984-09-11,11.51,3.7,8.36,0.13,0.57,2.85,18.56
1984-09-12,15.63,2.57,8.97,0.01,0.57,1.62,19.81
1984-09-13,15.88,4.04,10.17,0.0,0.57,1.65,18.71
1984-09-14,19.43,4.19,11.55,0.01,0.57,2.21,19.93
1984-09-15,21.59,3.88,12.36,0.01,0.56,2.22,20.06
1984-09-16,12.59,6.93,10.23,12.9,0.57,7.06,7.92
1984-09-17,13.97,6.33,9.97,2.39,0.59,6.72,14.58
1984-09-18,13.27,4.64,8.45,0.19,0.58,3.14,18.64
1984-09-19,16.65,6.91,10.91,1.31,0.58,7.64,14.49
1984-09-20,16.22,7.16,10.55,0.5,0.58,6.99,13.8
1984-09-21,13.28,3.48,7.96,0.66,0.58,3.56,18.72
1984-09-22,14.51,1.39,7.88,0.53,0.58,3.73,18.02
1984-09-23,14.11,2.51,8.64,0.31,0.58,4.4,19.88
1984-09-24,16.38,5.01,10.09,0.1,0.57,5.46,15.96
1984-09-25,15.58,3.59,9.15,0.01,0.57,2.79,15.85
1984-09-26,17.52,3.92,9.76,0.03,0.57,4.24,19.27
1984-09-27,17.3,3.26,10.26,0.21,0.57,4.7,18.71
1984-09-28,15.05,5.03,9.47,0.1,0.57,3.35,16.79
1984-09-29,16.03,2.03,8.38,0.04,0.56,1.38,23.28
1984-09-30,18.21,1.39,9.15,0.0,0.56,1.47,23.81
1984-10-01,19.2,3.43,11.24,0.3,0.56,1.69,12.1
1984-10-02,27.1,8.08,16.79,2.68,0.56,5.06,17.87
1984-10-03,17.8,9.04,14.49,7.82,0.57,11.06,11.91
1984-10-04,19.82,7.22,12.32,0.11,0.57,6.22,19.76
1984-10-05,21.19,5.38,13.22,0.0,0.56,6.39,23.38
1984-10-06,23.34,6.32,14.45,0.0,0.56,5.27,24.73
1984-10-07,25.19,7.54,16.5,0.0,0.56,7.32,23.75
1984-10-08,28.73,12.2,20.74,0.02,0.55,7.96,23.29
1984-10-09,24.05,11.04,17.71,0.95,0.55,9.34,17.13
1984-10-10,20.46,8.4,13.76,0.19,0.55,6.26,24.11
1984-10-11,22.69,4.76,13.61,0.0,0.54,4.92,25.94
1984-10-12,28.73,7.83,18.64,0.0,0.54,3.49,25.52
1984-10-13,26.15,11.52,18.35,0.0,0.54,7.1,25.78
1984-10-14,23.88,6.3,14.84,0.0,0.53,5.85,26.63
1984-10-15,24.18,7.54,15.72,0.08,0.53,6.39,24.94
1984-10-16,14.56,4.9,9.39,0.03,0.53,0.01,21.7
1984-10-17,17.29,2.01,9.09,0.08,0.53,0.81,20.94
1984-10-18,19.13,3.05,10.93,0.01,0.53,3.87,18.29
1984-10-19,20.65,5.21,12.54,0.0,0.52,5.82,26.61
1984-10-20,21.56,6.07,13.81,0.0,0.52,5.37,25.87
1984-10-21,21.05,5.22,12.57,0.0,0.52,2.65,27.73
1984-10-22,24.64,5.06,15.66,0.02,0.52,3.01,27.72
1984-10-23,30.17,8.26,19.51,0.0,0.51,2.76,27.61
1984-10-24,29.1,13.64,19.81,0.02,0.51,5.52,26.94
1984-10-25,22.49,11.36,15.92,0.28,0.51,6.49,12.64
1984-10-26,25.84,7.39,16.44,0.0,0.51,5.14,29.1
1984-10-27,29.46,7.52,18.66,0.01,0.5,5.87,28.27
1984-10-28,25.79,10.32,17.66,0.0,0.5,7.68,29.4
1984-10-29,22.74,7.44,14.24,0.0,0.5,2.03,28.2
1984-10-30,25.09,5.89,15.05,0.0,0.5,1.94,29.17
1984-10-31,24.37,8.92,17.33,0.01,0.49,4.52,26.22
1984-11-01,26.48,11.77,19.26,16.65,0.5,10.84,23.22
1984-11-02,26.06,10.79,18.47,1.26,0.53,8.45,29.92
1984-11-03,26.45,9.27,18.04,0.21,0.52,8.71,29.19
1984-11-04,23.39,9.91,16.05,0.02,0.52,6.76,16.19
1984-11-05,23.29,6.8,14.39,0.0,0.51,3.52,29.63
1984-11-06,25.77,6.75,16.14,0.0,0.51,4.7,29.93
1984-11-07,28.62,12.22,20.16,0.0,0.51,8.48,27.9
1984-11-08,30.93,12.17,22.35,0.0,0.5,9.51,29.29
1984-11-09,32.97,17.51,25.22,0.0,0.5,11.57,20.0
1984-11-10,35.01,14.67,23.95,4.36,0.5,11.44,21.57
1984-11-11,23.65,10.72,16.65,0.99,0.5,8.64,20.82
1984-11-12,17.9,9.34,13.89,8.88,0.51,8.75,16.95
1984-11-13,22.76,9.03,15.56,0.19,0.51,8.43,26.01
1984-11-14,25.35,7.47,16.22,0.01,0.51,6.51,29.6
1984-11-15,25.53,9.62,16.47,0.0,0.51,3.32,31.76
1984-11-16,30.75,6.58,20.09,0.0,0.5,2.38,27.34
1984-11-17,34.7,14.23,25.03,0.0,0.5,3.49,32.79
1984-11-18,36.67,15.87,25.64,0.04,0.5,10.35,28.11
1984-11-19,29.68,15.53,22.98,0.1,0.49,8.28,23.71
1984-11-20,28.07,12.37,19.55,0.0,0.49,8.11,26.09
1984-11-21,24.33,11.96,17.47,0.4,0.49,6.92,23.86
1984-11-22,17.78,9.3,13.27,0.14,0.49,3.71,23.32
1984-11-23,21.14,6.01,13.61,0.06,0.49,4.87,23.58
1984-11-24,25.97,8.75,17.39,0.0,0.49,5.24,27.82
1984-11-25,30.86,11.03,21.1,0.0,0.48,2.9,31.52
1984-11-26,35.0,15.22,25.44,0.0,0.48,2.03,26.74
1984-11-27,25.13,14.66,21.28,0.04,0.48,6.91,10.49
1984-11-28,26.96,9.31,18.47,0.0,0.48,2.73,32.67
1984-11-29,26.75,9.1,18.08,0.0,0.48,4.79,31.76
1984-11-30,24.24,9.59,17.37,0.01,0.48,2.69,19.59
1984-12-01,28.34,9.31,19.33,0.0,0.48,3.54,33.85
1984-12-02,29.32,11.69,19.66,0.17,0.48,6.61,22.18
1984-12-03,21.65,9.61,15.16,0.0,0.48,1.07,25.05
1984-12-04,24.61,7.13,15.62,0.09,0.48,4.21,24.32
1984-12-05,27.82,9.65,18.72,0.03,0.48,6.06,31.85
1984-12-06,28.29,12.45,20.05,0.0,0.48,4.69,20.46
1984-12-07,31.54,12.5,22.12,0.0,0.48,3.56,33.75
1984-12-08,31.45,11.38,21.72,0.04,0.48,3.08,33.72
1984-12-09,31.08,11.98,21.79,0.0,0.48,1.08,33.08
1984-12-10,32.91,14.63,23.99,0.39,0.47,0.57,21.63
1984-12-11,27.14,15.4,20.79,0.6,0.48,4.75,33.5
1984-12-12,25.69,11.97,18.8,0.14,0.48,5.44,25.9
1984-12-13,22.44,13.24,17.97,0.52,0.48,9.42,17.86
1984-12-14,30.64,14.65,21.4,0.71,0.48,8.53,26.69
1984-12-15,27.16,11.76,19.18,0.01,0.48,5.61,32.96
1984-12-16,29.43,10.36,20.48,0.0,0.48,5.39,24.2
1984-12-17,33.19,13.22,24.0,0.0,0.48,7.47,33.52
1984-12-18,28.58,13.93,21.82,0.51,0.48,6.76,31.74
1984-12-19,27.24,10.7,18.45,0.13,0.48,6.98,29.73
1984-12-20,23.2,10.64,16.3,0.07,0.48,3.38,25.81
1984-12-21,28.05,8.0,18.42,0.0,0.48,3.34,33.81
1984-12-22,29.66,11.77,21.08,0.02,0.48,6.84,33.01
1984-12-23,36.34,14.97,26.26,0.0,0.47,6.43,31.65
1984-12-24,39.04,18.62,29.9,0.0,0.47,5.77,26.58
1984-12-25,28.84,12.9,22.95,0.2,0.47,4.93,28.77
1984-12-26,29.9,11.24,20.1,0.0,0.47,3.05,32.94
1984-12-27,31.86,9.63,20.89,0.0,0.47,0.52,33.33
1984-12-28,32.38,10.99,22.16,0.0,0.47,1.74,33.41
1984-12-29,34.54,14.99,25.38,0.0,0.47,6.41,32.73
1984-12-30,34.49,20.61,27.67,0.42,0.47,8.12,26.03
1984-12-31,28.71,17.55,23.69,0.07,0.47,9.27,30.0
1985-01-01,31.81,13.78,23.47,0.0,0.47,6.52,33.58
1985-01-02,23.32,13.59,18.04,9.22,0.48,10.26,14.29
1985-01-03,26.58,11.16,18.62,0.02,0.49,7.37,28.14
1985-01-04,29.54,11.1,20.2,0.0,0.49,7.29,34.16
1985-01-05,24.8,12.65,18.26,0.09,0.48,5.72,30.41
1985-01-06,27.25,9.11,18.47,0.0,0.48,3.59,34.25
1985-01-07,28.18,11.92,20.25,0.0,0.48,6.36,33.2
1985-01-08,30.5,16.01,22.43,0.34,0.48,6.9,27.73
1985-01-09,27.87,12.5,20.28,0.02,0.48,6.57,31.26
1985-01-10,30.37,12.04,20.88,0.0,0.48,7.84,31.87
1985-01-11,32.36,12.22,22.36,0.0,0.48,7.1,33.48
1985-01-12,38.86,14.32,26.99,0.0,0.48,4.97,32.58
1985-01-13,40.82,18.36,30.4,0.0,0.48,4.88,32.53
1985-01-14,43.54,22.26,33.39,0.0,0.47,2.8,31.15
1985-01-15,34.17,19.99,26.77,0.0,0.47,7.41,30.54
1985-01-16,31.24,15.6,22.91,0.0,0.47,4.69,30.04
1985-01-17,25.27,12.17,18.04,0.0,0.47,3.92,15.99
1985-01-18,26.56,9.62,18.2,0.0,0.47,0.84,33.26
1985-01-19,28.31,11.09,19.49,0.0,0.47,1.73,31.17
1985-01-20,32.06,10.59,21.54,0.0,0.47,0.63,32.04
1985-01-21,36.11,12.05,25.39,0.02,0.47,4.02,25.58
1985-01-22,31.34,17.17,24.55,0.0,0.47,8.24,29.24
1985-01-23,29.89,12.43,21.41,0.0,0.47,6.72,31.9
1985-01-24,29.94,12.96,21.48,0.0,0.47,4.55,32.34
1985-01-25,34.2,11.63,23.11,0.0,0.47,0.43,31.5
1985-01-26,37.85,15.07,27.14,0.0,0.47,0.62,31.9
1985-01-27,38.19,18.95,28.22,0.0,0.47,3.13,29.95
1985-01-28,35.2,13.44,24.8,0.0,0.47,-1.33,30.01
1985-01-29,40.02,17.28,29.56,0.0,0.47,0.49,30.44
1985-01-30,41.62,22.02,30.73,0.66,0.47,2.59,10.74
1985-01-31,29.27,15.58,21.69,0.01,0.47,5.56,31.83
1985-02-01,30.71,10.88,20.87,0.0,0.47,1.54,31.95
1985-02-02,34.42,13.12,24.79,0.0,0.47,1.0,28.53
1985-02-03,38.86,16.62,29.28,0.01,0.47,-1.76,31.04
1985-02-04,35.89,23.31,28.91,0.18,0.47,11.83,20.3
1985-02-05,39.66,20.93,30.89,0.24,0.47,9.41,28.81
1985-02-06,39.03,19.02,28.29,0.0,0.47,11.04,30.03
1985-02-07,28.62,11.46,19.65,0.04,0.47,1.95,27.3
1985-02-08,31.03,11.31,20.78,0.0,0.47,3.04,30.38
1985-02-09,33.8,13.19,24.46,0.0,0.47,3.24,30.15
1985-02-10,34.74,14.8,25.22,0.0,0.47,5.09,30.1
1985-02-11,35.13,16.76,26.13,0.0,0.47,3.39,27.22
1985-02-12,36.59,21.18,28.6,0.0,0.47,1.91,28.21
1985-02-13,33.42,18.8,25.87,0.0,0.47,6.65,27.44
1985-02-14,30.84,12.84,21.42,0.0,0.47,1.95,29.59
1985-02-15,36.71,12.8,25.17,0.0,0.47,2.31,29.3
1985-02-16,26.03,13.51,19.92,0.07,0.47,4.22,28.24
1985-02-17,27.65,10.14,18.39,0.14,0.47,4.27,28.22
1985-02-18,28.3,11.39,19.55,0.07,0.47,5.02,26.6
1985-02-19,33.26,13.28,23.97,0.75,0.47,7.97,27.79
1985-02-20,30.77,21.87,25.55,1.54,0.47,10.26,26.8
1985-02-21,34.51,17.8,26.33,0.04,0.48,10.08,26.09
1985-02-22,31.64,16.69,25.29,0.09,0.47,9.3,17.14
1985-02-23,30.97,11.7,20.86,0.0,0.47,3.08,27.19
1985-02-24,34.63,11.81,23.01,0.0,0.47,2.56,26.67
1985-02-25,30.08,16.04,21.66,0.02,0.47,5.7,23.73
1985-02-26,26.3,12.76,18.67,0.01,0.47,2.56,25.7
1985-02-27,27.66,11.69,18.9,0.45,0.47,1.68,18.54
1985-02-28,28.58,13.29,20.26,0.03,0.47,6.66,23.4
1985-03-01,29.89,10.65,21.18,0.0,0.47,5.73,25.46
1985-03-02,26.62,13.91,19.99,0.03,0.47,7.5,22.24
1985-03-03,29.25,9.79,19.55,0.0,0.47,3.83,26.08
1985-03-04,22.0,11.03,16.79,0.0,0.47,3.04,24.44
1985-03-05,24.21,9.21,16.07,0.0,0.47,4.26,17.67
1985-03-06,24.78,9.7,17.19,0.0,0.47,6.18,22.73
1985-03-07,28.91,10.6,20.05,0.0,0.47,5.93,24.88
1985-03-08,30.37,15.6,23.16,0.0,0.47,10.38,22.41
1985-03-09,33.08,17.34,25.8,0.0,0.47,10.83,22.64
1985-03-10,33.75,20.14,26.74,0.0,0.47,9.22,19.75
1985-03-11,33.76,19.13,27.0,0.0,0.47,8.92,21.13
1985-03-12,34.87,21.93,28.55,0.0,0.47,12.02,13.55
1985-03-13,34.02,23.91,28.29,0.0,0.47,11.55,17.31
1985-03-14,36.78,22.94,29.72,0.0,0.47,10.54,21.83
1985-03-15,35.58,22.33,28.95,0.01,0.47,10.45,19.3
1985-03-16,24.18,17.13,22.1,7.86,0.48,13.98,7.75
1985-03-17,27.29,13.83,19.62,0.16,0.49,11.52,16.53
1985-03-18,24.56,14.18,19.06,0.21,0.49,12.17,18.32
1985-03-19,29.47,15.4,22.15,0.01,0.48,12.52,21.99
1985-03-20,31.32,17.31,23.93,0.03,0.48,13.24,21.02
1985-03-21,31.99,17.92,25.22,0.01,0.48,14.52,21.12
1985-03-22,33.67,21.31,26.63,1.48,0.48,13.95,16.78
1985-03-23,34.09,21.96,26.9,0.6,0.48,11.22,20.2
1985-03-24,28.48,15.42,21.52,0.18,0.48,9.28,21.98
1985-03-25,26.56,10.88,18.36,0.15,0.48,6.37,21.69
1985-03-26,28.15,11.65,19.09,0.0,0.48,4.59,21.69
1985-03-27,30.66,10.73,21.37,0.0,0.48,10.31,21.08
1985-03-28,31.76,16.71,24.67,0.0,0.48,10.38,18.77
1985-03-29,31.29,16.8,24.28,0.0,0.48,7.17,20.68
1985-03-30,30.56,12.14,21.17,0.0,0.48,7.39,20.66
1985-03-31,34.33,17.15,25.09,0.02,0.48,5.85,20.38
1985-04-01,27.35,14.38,21.12,2.59,0.48,8.76,8.47
1985-04-02,15.59,11.75,13.5,0.99,0.48,9.4,9.1
1985-04-03,26.33,13.53,19.32,0.43,0.48,11.26,17.21
1985-04-04,25.55,13.03,19.72,0.84,0.48,12.04,19.45
1985-04-05,26.78,14.21,20.02,0.78,0.48,11.85,18.36
1985-04-06,26.5,13.09,19.22,0.01,0.48,12.24,19.05
1985-04-07,27.55,13.12,20.17,0.0,0.48,11.89,19.77
1985-04-08,27.31,13.3,19.96,0.22,0.48,10.89,18.13
1985-04-09,28.36,11.7,19.47,0.06,0.48,8.43,19.32
1985-04-10,28.0,10.69,19.22,0.0,0.48,7.57,18.26
1985-04-11,33.84,14.85,23.37,0.04,0.48,5.47,14.73
1985-04-12,36.13,17.13,25.97,0.0,0.48,6.03,15.95
1985-04-13,35.63,18.4,26.48,0.05,0.48,5.19,17.88
1985-04-14,22.49,14.22,17.58,5.79,0.48,8.04,9.59
1985-04-15,20.24,11.42,15.57,1.08,0.49,9.33,12.36
1985-04-16,16.24,7.64,11.71,0.34,0.49,5.11,15.07
1985-04-17,15.31,7.42,10.59,0.25,0.49,4.12,15.67
1985-04-18,14.58,5.41,9.9,1.21,0.49,5.52,12.27
1985-04-19,19.03,6.79,11.87,0.04,0.49,5.7,15.08
1985-04-20,19.86,5.81,12.85,0.0,0.49,6.49,16.08
1985-04-21,19.22,6.87,12.19,0.0,0.49,3.95,16.34
1985-04-22,21.19,6.26,12.97,0.0,0.48,4.89,16.31
1985-04-23,22.37,8.27,14.59,0.04,0.48,6.72,15.51
1985-04-24,20.7,11.3,15.01,0.02,0.48,5.45,11.19
1985-04-25,17.27,11.01,13.52,0.01,0.48,6.22,15.57
1985-04-26,21.61,8.16,14.83,0.01,0.48,6.59,14.98
1985-04-27,24.34,9.85,16.5,0.0,0.48,6.71,15.84
1985-04-28,26.01,9.51,16.73,0.0,0.48,4.01,14.96
1985-04-29,26.32,10.43,17.64,0.0,0.48,3.41,15.04
1985-04-30,24.45,9.74,16.09,0.0,0.48,5.34,15.37
1985-05-01,24.72,9.17,15.71,0.0,0.48,4.32,15.01
1985-05-02,23.58,7.71,14.94,0.0,0.48,3.68,14.73
1985-05-03,23.03,9.53,16.11,0.0,0.48,7.18,13.59
1985-05-04,26.08,11.29,18.13,0.01,0.48,8.44,13.53
1985-05-05,28.17,13.65,20.6,0.15,0.48,8.55,12.65
1985-05-06,20.38,10.07,15.36,0.16,0.48,5.53,11.94
1985-05-07,18.97,9.93,13.51,0.18,0.48,4.89,10.47
1985-05-08,17.48,8.28,11.8,0.04,0.48,5.46,11.18
1985-05-09,18.24,8.27,12.9,0.14,0.48,6.38,9.83
1985-05-10,20.02,8.45,13.97,0.26,0.48,9.78,9.72
1985-05-11,21.69,8.7,14.39,0.08,0.48,9.69,11.01
1985-05-12,21.52,8.99,14.17,0.0,0.48,6.66,12.84
1985-05-13,21.31,7.5,14.14,0.0,0.48,6.26,10.92
1985-05-14,20.35,11.11,14.96,0.81,0.48,6.87,7.83
1985-05-15,15.42,6.51,10.54,1.27,0.48,4.86,9.73
1985-05-16,13.5,4.98,7.93,0.46,0.48,3.45,11.45
1985-05-17,15.16,3.78,9.37,0.01,0.48,2.72,10.61
1985-05-18,14.81,5.86,9.61,2.99,0.48,3.7,8.54
1985-05-19,14.43,5.22,8.41,0.31,0.49,3.58,12.39
1985-05-20,15.82,3.52,8.18,0.16,0.49,3.04,12.23
1985-05-21,15.13,3.56,8.29,0.0,0.49,3.33,11.95
1985-05-22,18.17,2.75,9.61,0.01,0.48,1.9,11.62
1985-05-23,16.15,6.01,10.22,0.0,0.48,5.97,8.68
1985-05-24,16.65,5.8,9.49,0.03,0.48,5.26,11.83
1985-05-25,17.2,4.31,10.52,0.12,0.48,5.87,10.39
1985-05-26,19.74,7.48,12.42,0.03,0.48,6.03,11.46
1985-05-27,19.57,7.76,13.78,0.15,0.48,8.45,6.98
1985-05-28,15.76,12.97,14.33,16.4,0.49,10.78,4.41
1985-05-29,18.73,8.22,13.08,2.78,0.52,8.57,10.48
1985-05-30,17.46,8.03,11.22,0.96,0.52,7.07,8.06
1985-05-31,14.74,4.85,8.69,0.13,0.52,4.97,9.91
1985-06-01,14.4,3.35,7.98,0.05,0.52,3.74,8.25
1985-06-02,14.0,3.45,7.28,0.71,0.51,2.38,7.47
1985-06-03,12.37,2.44,6.96,2.14,0.52,4.63,7.12
1985-06-04,9.8,5.16,6.97,1.21,0.52,4.76,7.99
1985-06-05,13.68,4.33,8.05,0.16,0.52,5.32,10.14
1985-06-06,15.19,4.31,8.33,0.01,0.52,4.52,10.99
1985-06-07,13.09,2.91,6.79,0.05,0.52,3.21,10.97
1985-06-08,15.34,0.09,7.05,0.0,0.52,2.63,9.13
1985-06-09,13.91,3.79,8.03,0.48,0.52,3.81,4.64
1985-06-10,16.24,3.19,9.04,0.38,0.52,5.64,9.85
1985-06-11,16.24,7.14,11.13,6.44,0.52,9.05,6.86
1985-06-12,13.6,4.78,8.36,0.08,0.53,4.09,10.28
1985-06-13,15.13,2.55,8.5,0.0,0.53,4.22,6.9
1985-06-14,15.05,6.54,10.05,0.05,0.53,5.77,8.35
1985-06-15,16.41,7.07,10.55,0.75,0.52,6.83,8.35
1985-06-16,14.15,3.3,8.18,0.2,0.52,4.14,8.27
1985-06-17,14.13,2.89,7.99,0.04,0.52,2.73,8.48
1985-06-18,14.24,3.53,7.9,0.11,0.52,3.17,7.35
1985-06-19,12.67,4.97,7.71,1.03,0.52,6.14,6.92
1985-06-20,13.32,4.28,7.83,0.95,0.52,4.97,9.68
1985-06-21,12.63,2.4,6.03,0.01,0.52,2.63,10.31
1985-06-22,11.22,1.06,5.17,0.06,0.52,2.54,8.27
1985-06-23,13.05,1.04,6.08,0.3,0.52,2.32,8.7
1985-06-24,12.72,4.65,7.98,0.24,0.52,5.77,7.42
1985-06-25,15.09,6.04,9.21,0.23,0.52,6.58,9.93
1985-06-26,15.6,4.37,8.77,0.02,0.52,2.87,8.04
1985-06-27,15.35,5.77,9.31,0.38,0.52,6.78,8.92
1985-06-28,17.79,6.69,10.25,0.05,0.52,6.98,8.69
1985-06-29,18.07,4.57,9.69,0.0,0.52,4.95,10.3
1985-06-30,19.47,3.73,10.14,0.0,0.52,3.6,8.31
1985-07-01,20.26,5.77,11.09,0.0,0.52,3.98,9.99
1985-07-02,18.69,5.3,11.23,0.0,0.52,4.18,9.03
1985-07-03,18.13,4.13,9.88,0.0,0.52,4.16,9.91
1985-07-04,16.4,5.88,9.86,0.0,0.52,6.24,9.32
1985-07-05,15.49,5.15,9.06,0.0,0.52,4.51,10.25
1985-07-06,15.14,2.47,8.12,0.0,0.51,3.79,11.33
1985-07-07,13.19,4.88,7.98,0.0,0.51,4.7,9.49
1985-07-08,14.09,3.45,6.85,0.0,0.51,3.35,11.31
1985-07-09,14.22,3.22,6.85,0.0,0.51,3.39,11.37
1985-07-10,11.96,2.5,5.52,0.0,0.51,3.09,10.7
1985-07-11,14.08,1.88,7.48,0.0,0.51,4.4,11.01
1985-07-12,12.29,3.21,6.71,0.05,0.51,4.09,9.94
1985-07-13,10.72,1.45,4.98,0.02,0.51,3.98,8.53
1985-07-14,11.04,3.78,7.26,0.82,0.51,2.51,6.34
1985-07-15,15.18,5.48,9.69,2.55,0.51,4.88,8.81
1985-07-16,11.32,3.62,6.87,0.41,0.51,3.04,11.49
1985-07-17,12.57,6.26,8.64,0.24,0.51,5.61,11.31
1985-07-18,14.31,4.54,9.02,0.03,0.51,5.57,9.48
1985-07-19,13.12,0.94,6.68,0.1,0.51,2.01,11.46
1985-07-20,15.24,1.19,8.2,0.53,0.51,1.54,10.45
1985-07-21,14.17,6.62,9.63,1.84,0.51,5.01,9.82
1985-07-22,12.45,2.02,6.89,0.65,0.51,5.01,11.08
1985-07-23,12.44,-0.47,4.73,0.0,0.51,-0.21,11.5
1985-07-24,13.73,-2.48,4.52,0.0,0.51,-1.41,10.76
1985-07-25,15.11,0.17,6.99,0.02,0.51,0.28,8.5
1985-07-26,14.65,4.78,8.29,0.13,0.51,3.77,12.54
1985-07-27,16.98,3.84,9.07,0.09,0.51,2.56,12.66
1985-07-28,21.85,5.79,11.78,0.58,0.51,4.02,6.97
1985-07-29,13.32,5.95,8.62,1.08,0.51,3.71,9.99
1985-07-30,10.83,2.97,6.41,0.4,0.51,2.54,11.23
1985-07-31,12.83,2.47,6.39,0.09,0.51,2.78,9.92
1985-08-01,13.11,1.65,6.27,0.0,0.51,1.82,12.96
1985-08-02,12.31,-0.85,5.7,0.0,0.51,1.66,8.1
1985-08-03,14.49,2.5,7.74,0.2,0.51,1.56,9.31
1985-08-04,14.42,4.64,9.5,11.62,0.52,4.37,4.29
1985-08-05,15.13,6.64,10.75,1.84,0.53,8.62,11.21
1985-08-06,12.66,5.14,8.15,30.66,0.54,6.95,5.13
1985-08-07,14.15,5.84,9.66,3.23,0.59,6.75,11.38
1985-08-08,13.46,3.22,8.45,0.05,0.58,4.09,9.55
1985-08-09,12.38,1.3,6.23,0.11,0.58,1.56,9.74
1985-08-10,13.08,3.64,7.57,0.24,0.58,0.56,10.69
1985-08-11,13.32,0.51,6.98,1.57,0.58,2.37,9.66
1985-08-12,15.45,4.69,9.41,1.86,0.58,5.51,13.03
1985-08-13,17.08,5.18,10.5,0.13,0.58,5.63,14.3
1985-08-14,16.2,4.71,9.87,1.26,0.58,4.1,7.35
1985-08-15,15.47,6.88,9.6,2.01,0.58,5.18,12.9
1985-08-16,14.31,6.18,9.34,2.09,0.58,6.14,11.04
1985-08-17,15.02,7.51,10.36,0.19,0.58,7.16,11.16
1985-08-18,14.15,4.41,8.21,0.04,0.58,4.27,10.82
1985-08-19,14.45,3.04,7.64,0.1,0.58,3.73,14.42
1985-08-20,13.81,0.4,6.73,0.0,0.57,0.7,16.27
1985-08-21,15.58,4.03,9.01,4.92,0.57,4.36,9.43
1985-08-22,14.74,8.54,11.27,4.65,0.58,8.29,10.69
1985-08-23,15.69,6.0,10.25,0.8,0.59,6.95,12.2
1985-08-24,16.23,5.53,10.92,0.25,0.58,7.11,13.73
1985-08-25,15.85,8.44,11.87,9.56,0.59,7.46,7.25
1985-08-26,16.96,6.02,10.3,0.23,0.6,6.18,15.82
1985-08-27,20.44,4.77,12.53,0.01,0.59,6.13,18.34
1985-08-28,11.64,3.07,8.82,9.29,0.6,5.0,9.08
1985-08-29,16.36,0.58,8.18,0.01,0.6,4.33,17.03
1985-08-30,16.05,5.26,9.97,0.09,0.6,7.15,15.77
1985-08-31,18.71,5.84,11.33,0.03,0.6,3.71,16.01
1985-09-01,10.42,4.05,6.91,6.09,0.6,3.7,11.27
1985-09-02,14.59,2.77,8.09,0.16,0.6,3.54,18.33
1985-09-03,14.86,4.22,8.49,0.11,0.6,4.76,13.62
1985-09-04,15.2,2.7,8.13,0.0,0.6,4.22,14.53
1985-09-05,16.88,3.03,8.94,0.0,0.6,4.49,19.19
1985-09-06,17.89,4.1,9.58,0.02,0.6,4.7,19.57
1985-09-07,19.39,2.87,11.0,0.01,0.59,4.07,19.64
1985-09-08,20.67,2.84,11.38,0.0,0.59,2.18,19.77
1985-09-09,21.98,4.92,12.94,0.05,0.59,2.71,20.02
1985-09-10,16.7,7.81,11.89,2.39,0.59,8.81,11.04
1985-09-11,20.25,8.95,13.69,0.51,0.59,8.53,19.86
1985-09-12,18.36,8.74,12.77,5.67,0.58,9.23,17.82
1985-09-13,15.51,8.71,11.55,7.48,0.6,9.54,12.69
1985-09-14,19.16,7.16,12.13,0.07,0.6,7.51,19.43
1985-09-15,19.53,6.14,11.9,0.37,0.6,7.18,20.02
1985-09-16,16.38,6.97,11.51,9.4,0.61,8.0,15.12
1985-09-17,16.77,2.19,9.57,0.0,0.61,3.99,20.14
1985-09-18,17.68,5.04,10.55,0.22,0.6,5.83,14.49
1985-09-19,15.58,2.36,8.55,0.01,0.6,2.68,19.55
1985-09-20,16.56,1.98,8.53,0.0,0.6,2.64,20.9
1985-09-21,17.18,3.34,9.32,0.0,0.59,3.42,22.28
1985-09-22,20.42,1.9,11.76,0.0,0.59,4.17,22.3
1985-09-23,21.04,6.32,13.52,0.0,0.59,4.98,18.57
1985-09-24,24.39,8.21,15.86,0.05,0.58,5.78,21.76
1985-09-25,18.37,6.87,12.46,2.2,0.58,6.99,15.23
1985-09-26,14.46,5.31,9.95,0.18,0.58,2.59,19.92
1985-09-27,15.47,3.75,9.28,0.07,0.58,3.51,19.14
1985-09-28,17.1,2.73,9.4,0.02,0.58,3.44,14.63
1985-09-29,17.56,3.41,9.84,0.05,0.57,4.4,23.21
1985-09-30,20.06,3.52,11.31,0.0,0.57,4.56,24.54
1985-10-01,25.77,5.72,15.12,0.0,0.57,3.72,21.09
1985-10-02,20.8,4.8,12.92,0.0,0.56,4.58,23.4
1985-10-03,29.52,9.39,17.72,0.01,0.56,5.61,20.35
1985-10-04,25.51,12.32,17.82,0.98,0.56,7.96,10.75
1985-10-05,20.7,8.45,14.92,1.22,0.56,10.54,13.68
1985-10-06,21.43,5.59,13.38,0.16,0.55,6.27,21.29
1985-10-07,22.12,8.33,14.81,0.26,0.55,7.63,20.47
1985-10-08,24.89,9.74,17.0,0.07,0.55,10.81,24.66
1985-10-09,26.4,12.19,18.77,0.04,0.55,11.78,23.27
1985-10-10,26.43,9.32,18.4,0.61,0.54,9.85,21.36
1985-10-11,23.59,11.32,18.26,0.12,0.54,9.07,21.31
1985-10-12,20.58,7.65,12.91,0.0,0.54,3.51,24.07
1985-10-13,24.07,5.91,14.62,0.0,0.54,4.97,24.96
1985-10-14,25.3,6.98,16.14,0.05,0.53,5.52,25.01
1985-10-15,21.6,12.92,16.58,2.51,0.53,11.94,14.2
1985-10-16,21.13,12.49,16.5,8.22,0.54,13.04,17.42
1985-10-17,20.6,10.8,16.03,4.11,0.55,10.69,18.94
1985-10-18,20.24,7.37,13.69,1.61,0.55,7.68,22.06
1985-10-19,18.93,3.05,10.85,0.0,0.55,1.22,23.93
1985-10-20,19.61,2.99,11.31,0.01,0.54,2.58,27.72
1985-10-21,22.59,3.71,13.34,0.02,0.54,2.11,27.76
1985-10-22,27.05,8.51,16.11,1.21,0.54,4.07,11.92
1985-10-23,12.79,4.42,8.97,17.79,0.56,6.17,12.6
1985-10-24,18.86,9.25,13.43,2.04,0.57,7.23,18.97
1985-10-25,22.11,7.12,14.51,0.0,0.57,6.82,29.31
1985-10-26,22.72,6.85,14.46,0.0,0.56,4.37,29.52
1985-10-27,24.12,8.07,15.94,0.0,0.56,5.59,29.06
1985-10-28,25.95,10.05,17.9,0.0,0.55,6.55,26.39
1985-10-29,29.12,14.0,19.9,0.34,0.55,8.8,19.31
1985-10-30,19.8,8.82,14.11,0.01,0.54,3.91,25.79
1985-10-31,21.8,4.53,13.59,0.0,0.54,3.11,29.25
1985-11-01,26.43,6.73,16.51,0.01,0.54,4.26,29.3
1985-11-02,27.19,8.18,17.42,0.0,0.53,5.87,29.84
1985-11-03,30.3,7.15,19.31,0.11,0.53,7.89,29.68
1985-11-04,25.53,16.07,20.22,2.08,0.53,14.94,17.53
1985-11-05,21.12,14.66,17.92,3.67,0.53,14.2,19.03
1985-11-06,28.15,14.13,20.59,0.15,0.53,13.32,17.0
1985-11-07,28.56,11.5,19.99,0.01,0.53,10.85,22.87
1985-11-08,28.48,12.7,20.59,0.03,0.52,9.57,29.78
1985-11-09,29.88,11.01,21.17,0.0,0.52,8.33,30.9
1985-11-10,32.25,14.29,22.89,0.03,0.52,10.52,12.7
1985-11-11,27.78,13.7,19.86,0.0,0.51,9.37,28.91
1985-11-12,32.4,10.35,21.44,0.03,0.51,10.63,31.78
1985-11-13,32.29,14.92,23.81,0.03,0.51,9.1,31.29
1985-11-14,22.89,12.14,18.77,12.96,0.52,9.58,14.76
1985-11-15,22.61,7.7,15.2,0.01,0.53,4.96,26.48
1985-11-16,26.37,8.63,17.63,0.02,0.52,5.99,26.78
1985-11-17,22.37,9.57,15.28,0.04,0.52,5.37,28.67
1985-11-18,19.57,8.18,13.6,0.0,0.52,4.71,23.87
1985-11-19,25.08,7.71,16.3,0.0,0.51,5.58,31.73
1985-11-20,24.87,8.28,16.74,0.0,0.51,5.6,31.75
1985-11-21,21.82,8.17,14.97,0.0,0.51,4.08,28.39
1985-11-22,25.13,6.6,16.05,0.0,0.51,3.74,32.46
1985-11-23,29.33,9.17,19.68,0.26,0.5,3.69,31.82
1985-11-24,23.53,13.91,19.01,6.74,0.5,8.92,21.16
1985-11-25,26.42,14.17,19.56,0.36,0.51,10.13,24.83
1985-11-26,22.1,11.76,17.57,4.04,0.51,12.06,20.37
1985-11-27,25.85,13.21,18.96,0.12,0.51,8.49,29.07
1985-11-28,27.17,10.33,18.88,0.02,0.51,8.35,32.29
1985-11-29,27.4,11.04,19.4,0.0,0.5,8.55,31.38
1985-11-30,25.55,11.74,17.99,0.01,0.5,6.5,24.21
1985-12-01,27.49,12.63,20.07,0.41,0.5,8.45,16.15
1985-12-02,28.92,14.9,22.18,2.92,0.5,12.49,31.53
1985-12-03,30.27,15.45,22.63,0.23,0.5,9.65,32.39
1985-12-04,28.1,13.15,20.74,0.05,0.49,9.16,32.61
1985-12-05,28.56,12.66,20.34,0.02,0.49,8.84,21.02
1985-12-06,27.05,17.13,22.13,32.29,0.52,15.26,18.85
1985-12-07,28.51,15.15,21.3,11.58,0.56,12.8,31.14
1985-12-08,24.5,12.02,18.7,3.59,0.56,9.73,22.82
1985-12-09,20.66,14.41,17.17,6.29,0.56,11.1,24.05
1985-12-10,24.01,14.17,18.09,1.9,0.56,11.85,23.06
1985-12-11,26.21,12.31,18.78,0.09,0.56,11.52,23.4
1985-12-12,25.44,11.7,18.16,0.01,0.55,8.99,27.86
1985-12-13,26.18,9.46,18.3,0.0,0.55,7.89,25.33
1985-12-14,28.45,12.1,20.37,0.17,0.54,9.92,33.09
1985-12-15,33.11,13.13,23.12,6.21,0.54,10.75,26.46
1985-12-16,23.15,11.36,16.93,0.08,0.55,6.21,31.16
1985-12-17,24.54,12.41,17.91,0.32,0.54,8.66,31.26
1985-12-18,28.14,10.92,19.41,0.03,0.54,9.25,33.69
1985-12-19,35.55,13.35,22.89,0.01,0.54,9.14,29.26
1985-12-20,27.51,11.03,19.31,0.0,0.53,7.1,33.91
1985-12-21,25.24,12.44,18.49,0.14,0.53,7.24,23.32
1985-12-22,23.66,10.79,17.16,0.15,0.52,7.83,24.24
1985-12-23,22.82,9.16,15.86,0.07,0.52,6.43,27.55
1985-12-24,26.67,8.81,18.52,0.02,0.52,6.6,27.67
1985-12-25,26.72,12.43,20.01,0.17,0.52,6.87,16.59
1985-12-26,25.13,12.04,18.56,0.0,0.51,6.13,32.38
1985-12-27,25.09,10.02,17.46,0.0,0.51,5.46,25.68
1985-12-28,27.11,9.36,19.07,0.01,0.51,7.66,33.42
1985-12-29,34.42,14.24,25.12,0.0,0.5,8.27,33.22
1985-12-30,35.18,15.62,24.18,0.58,0.5,7.75,14.15
1985-12-31,23.73,12.88,18.11,0.0,0.5,6.63,31.69
1986-01-01,26.03,9.49,18.04,0.0,0.5,7.01,28.05
1986-01-02,26.04,10.91,18.12,0.0,0.49,6.56,28.41
1986-01-03,28.38,9.84,19.89,0.0,0.49,5.12,25.61
1986-01-04,24.57,13.09,19.48,0.11,0.49,6.62,24.06
1986-01-05,29.02,12.35,20.61,0.0,0.49,6.79,33.9
1986-01-06,32.58,11.51,22.08,0.0,0.49,5.73,33.7
1986-01-07,34.47,13.27,24.98,0.0,0.48,6.66,32.58
1986-01-08,26.64,14.2,20.56,0.0,0.48,5.73,33.55
1986-01-09,24.02,11.08,17.1,0.02,0.48,4.31,32.9
1986-01-10,27.68,12.61,19.58,0.01,0.48,6.96,28.7
1986-01-11,32.93,11.15,22.88,0.0,0.48,5.12,32.21
1986-01-12,28.59,15.43,22.15,0.0,0.48,4.42,33.04
1986-01-13,30.88,11.87,21.9,0.0,0.48,1.61,32.71
1986-01-14,35.55,14.38,25.12,0.0,0.48,2.89,32.56
1986-01-15,32.76,17.82,24.6,4.17,0.48,6.64,11.46
1986-01-16,25.57,12.68,18.64,0.1,0.48,6.07,28.43
1986-01-17,26.66,10.27,18.38,0.02,0.48,4.27,32.55
1986-01-18,28.46,10.98,19.48,0.0,0.48,3.43,32.49
1986-01-19,30.43,10.07,20.61,0.0,0.48,3.52,32.55
1986-01-20,30.12,11.76,21.01,0.0,0.48,4.55,32.44
1986-01-21,30.88,12.19,21.44,0.0,0.48,8.03,31.96
1986-01-22,27.3,11.48,19.19,0.0,0.48,6.03,32.35
1986-01-23,30.13,12.5,21.12,0.0,0.48,5.88,32.03
1986-01-24,32.73,12.68,22.89,0.0,0.48,4.59,31.73
1986-01-25,32.86,13.97,23.52,0.0,0.48,5.86,31.62
1986-01-26,31.4,12.27,21.8,0.0,0.48,2.97,31.93
1986-01-27,32.0,10.66,21.18,0.0,0.47,3.53,32.38
1986-01-28,36.26,12.3,24.74,0.0,0.47,6.82,31.22
1986-01-29,39.74,19.97,29.7,0.0,0.47,5.05,31.71
1986-01-30,32.65,18.27,24.88,0.0,0.47,6.08,31.47
1986-01-31,33.01,12.49,22.85,0.0,0.47,2.15,30.91
1986-02-01,37.82,14.43,25.34,0.0,0.47,6.51,20.37
1986-02-02,26.01,13.41,19.42,0.0,0.47,2.31,31.99
1986-02-03,27.26,9.17,18.44,0.0,0.47,-1.28,31.42
1986-02-04,28.93,12.23,21.1,0.0,0.47,3.84,31.12
1986-02-05,28.71,13.02,20.77,0.0,0.47,7.03,30.93
1986-02-06,29.05,11.15,20.65,0.0,0.47,4.63,30.75
1986-02-07,35.95,13.47,25.82,0.0,0.47,1.37,29.01
1986-02-08,37.22,20.48,28.58,0.09,0.47,2.51,29.7
1986-02-09,27.94,15.51,21.41,0.03,0.47,3.89,29.69
1986-02-10,27.98,11.84,20.32,0.02,0.47,4.31,30.18
1986-02-11,29.11,13.0,20.87,0.0,0.47,4.03,30.3
1986-02-12,32.91,12.24,23.4,0.0,0.47,3.9,29.75
1986-02-13,36.76,17.41,27.71,0.0,0.47,3.02,27.27
1986-02-14,39.33,21.52,30.54,0.0,0.47,7.96,28.59
1986-02-15,33.63,22.49,28.23,0.3,0.47,6.36,18.25
1986-02-16,38.88,20.72,30.17,0.02,0.47,9.99,28.2
1986-02-17,27.4,17.42,23.29,5.99,0.48,13.27,5.77
1986-02-18,24.28,12.77,18.02,0.04,0.48,6.27,23.7
1986-02-19,27.59,15.26,20.35,0.16,0.48,7.55,26.46
1986-02-20,26.89,11.61,19.51,0.07,0.48,7.56,25.17
1986-02-21,27.71,11.43,19.48,0.03,0.48,6.5,25.18
1986-02-22,27.3,10.26,18.43,0.0,0.48,3.5,26.12
1986-02-23,25.7,8.93,16.79,0.0,0.48,2.38,25.01
1986-02-24,29.07,8.84,19.41,0.0,0.48,2.91,27.6
1986-02-25,33.49,12.55,23.32,0.0,0.48,4.67,27.37
1986-02-26,34.89,14.82,24.91,0.0,0.48,6.06,27.31
1986-02-27,35.59,15.49,25.75,0.0,0.48,5.7,26.79
1986-02-28,38.89,20.88,28.64,0.01,0.47,3.8,20.83
1986-03-01,31.13,16.91,23.65,0.0,0.47,7.51,26.2
1986-03-02,30.03,11.05,20.38,0.0,0.47,4.5,26.96
1986-03-03,33.24,12.02,22.59,0.0,0.47,4.91,26.18
1986-03-04,35.33,16.09,25.05,0.0,0.47,2.57,26.02
1986-03-05,37.16,15.47,26.35,0.0,0.47,6.34,26.09
1986-03-06,40.86,19.32,30.18,0.0,0.47,7.09,25.96
1986-03-07,32.31,13.8,25.09,0.0,0.47,7.12,24.76
1986-03-08,24.65,11.48,17.59,0.0,0.47,4.08,24.12
1986-03-09,22.44,11.28,16.48,0.01,0.47,5.5,17.81
1986-03-10,24.15,10.85,16.43,0.02,0.47,4.04,22.43
1986-03-11,22.58,10.11,15.89,0.0,0.47,2.82,22.17
1986-03-12,29.51,10.21,20.36,0.0,0.47,0.67,23.47
1986-03-13,33.91,17.0,25.2,0.0,0.47,-0.79,24.04
1986-03-14,35.14,17.64,25.92,0.0,0.47,0.88,21.14
1986-03-15,26.78,13.75,20.15,0.01,0.47,8.54,23.3
1986-03-16,28.22,12.73,19.64,0.0,0.47,4.46,23.46
1986-03-17,30.18,11.9,21.27,0.0,0.47,2.89,23.14
1986-03-18,33.23,13.05,23.81,0.02,0.47,0.6,22.24
1986-03-19,34.23,18.25,25.81,0.14,0.47,7.1,21.85
1986-03-20,40.1,20.79,29.34,0.0,0.47,2.51,21.06
1986-03-21,30.45,17.79,24.37,0.0,0.47,9.22,17.97
1986-03-22,33.42,19.19,25.7,0.0,0.47,8.99,21.34
1986-03-23,30.35,13.6,21.16,0.01,0.47,7.39,22.28
1986-03-24,29.02,11.72,19.73,0.21,0.47,7.74,21.84
1986-03-25,30.84,10.61,21.18,0.0,0.47,4.35,21.94
1986-03-26,31.34,15.73,23.14,0.0,0.47,3.74,20.48
1986-03-27,28.32,14.13,20.64,0.16,0.47,9.37,17.31
1986-03-28,29.71,11.52,19.93,0.0,0.47,0.27,21.7
1986-03-29,36.05,13.44,24.38,0.0,0.47,3.65,21.79
1986-03-30,32.38,17.8,23.84,0.0,0.47,8.06,16.73
1986-03-31,28.03,13.77,19.29,0.0,0.47,3.04,16.0
1986-04-01,29.05,9.13,18.75,0.02,0.47,2.07,20.88
1986-04-02,32.71,15.81,24.12,0.0,0.47,-0.71,19.11
1986-04-03,35.73,17.21,25.97,0.0,0.47,3.29,20.62
1986-04-04,36.61,17.4,25.93,0.0,0.47,3.69,15.24
1986-04-05,21.61,10.3,15.91,0.0,0.47,4.75,13.32
1986-04-06,22.11,6.34,13.98,0.0,0.47,1.2,15.25
1986-04-07,22.98,7.1,14.73,0.0,0.47,2.77,18.56
1986-04-08,22.04,9.16,15.16,0.0,0.47,3.79,18.02
1986-04-09,23.87,9.14,16.75,0.0,0.47,6.42,19.32
1986-04-10,29.52,9.75,19.71,0.0,0.47,-0.01,19.2
1986-04-11,25.16,11.75,18.67,0.0,0.47,5.94,15.66
1986-04-12,23.83,7.56,15.05,0.0,0.47,4.71,18.18
1986-04-13,27.73,9.69,17.81,0.0,0.47,6.32,18.29
1986-04-14,30.15,13.52,21.93,0.12,0.47,8.74,17.79
1986-04-15,30.5,15.86,23.06,8.91,0.47,10.09,12.63
1986-04-16,17.95,11.3,14.18,13.27,0.5,8.95,14.32
1986-04-17,19.74,8.44,13.57,6.05,0.52,9.2,11.89
1986-04-18,18.27,8.46,13.13,0.08,0.52,8.71,10.22
1986-04-19,19.48,5.69,11.89,0.02,0.52,6.19,17.92
1986-04-20,20.05,6.97,13.37,0.35,0.52,8.24,14.34
1986-04-21,19.95,7.64,13.72,0.01,0.51,7.6,12.69
1986-04-22,21.95,9.69,15.14,0.1,0.51,7.64,12.98
1986-04-23,21.26,8.6,15.36,0.09,0.51,9.17,13.51
1986-04-24,18.45,11.66,14.91,1.99,0.51,6.95,13.64
1986-04-25,18.48,9.0,12.91,1.93,0.51,6.3,11.47
1986-04-26,16.82,6.34,11.07,0.04,0.51,4.23,12.56
1986-04-27,16.55,6.6,11.39,0.74,0.51,5.35,10.94
1986-04-28,15.83,4.83,9.46,0.37,0.51,3.62,12.83
1986-04-29,17.82,5.07,10.39,0.0,0.51,3.54,14.97
1986-04-30,18.24,4.9,10.64,0.0,0.51,6.2,15.48
1986-05-01,18.44,7.13,11.58,0.0,0.51,7.4,12.67
1986-05-02,19.56,4.73,11.09,0.0,0.51,5.45,14.74
1986-05-03,21.97,6.49,13.05,0.0,0.51,7.04,14.69
1986-05-04,20.08,7.56,12.4,0.0,0.51,6.6,14.39
1986-05-05,18.54,6.01,11.53,3.76,0.51,7.44,7.89
1986-05-06,16.62,9.58,11.99,22.04,0.54,9.57,7.09
1986-05-07,21.73,6.24,12.65,5.24,0.55,8.27,6.49
1986-05-08,22.01,8.09,14.61,2.63,0.56,9.84,14.38
1986-05-09,17.89,10.94,14.38,3.04,0.56,9.9,11.57
1986-05-10,16.85,8.07,11.77,2.22,0.56,5.62,12.63
1986-05-11,19.43,5.77,11.56,0.01,0.56,4.31,12.58
1986-05-12,20.15,8.13,12.79,0.36,0.56,4.98,12.93
1986-05-13,21.75,8.44,12.89,0.02,0.56,5.36,9.55
1986-05-14,16.04,6.09,10.97,0.01,0.56,6.78,10.37
1986-05-15,16.96,7.85,11.91,1.31,0.56,8.98,9.76
1986-05-16,20.75,10.39,14.58,1.98,0.56,10.56,7.7
1986-05-17,20.28,9.9,14.2,0.71,0.56,9.33,8.14
1986-05-18,16.51,7.88,12.03,1.64,0.56,8.0,9.03
1986-05-19,16.65,9.38,12.46,0.76,0.56,8.98,10.22
1986-05-20,16.58,8.61,11.61,0.12,0.56,8.02,8.92
1986-05-21,15.81,6.2,10.89,0.2,0.56,7.2,7.38
1986-05-22,19.34,8.11,13.14,0.05,0.56,6.05,11.84
1986-05-23,15.15,10.52,12.16,12.03,0.57,10.17,3.89
1986-05-24,16.08,6.82,9.95,0.13,0.58,7.15,10.44
1986-05-25,15.07,5.12,9.29,0.19,0.58,5.59,10.24
1986-05-26,16.06,3.28,9.03,0.0,0.57,3.65,11.44
1986-05-27,18.44,3.4,9.73,0.13,0.57,3.65,11.7
1986-05-28,16.41,5.2,10.54,0.09,0.57,7.52,10.62
1986-05-29,15.86,3.87,8.99,0.0,0.57,7.44,7.38
1986-05-30,13.25,4.56,7.36,0.0,0.57,5.0,8.94
1986-05-31,15.29,4.61,8.86,0.0,0.57,6.33,5.94
1986-06-01,15.41,2.81,8.06,0.01,0.57,5.08,8.55
1986-06-02,15.2,1.96,7.37,0.0,0.57,4.63,11.18
1986-06-03,16.12,5.58,9.94,0.01,0.57,7.31,9.72
1986-06-04,16.44,6.52,10.79,0.02,0.57,8.14,7.07
1986-06-05,13.05,5.97,9.25,0.08,0.57,7.65,5.62
1986-06-06,16.3,6.33,9.91,0.01,0.56,6.06,9.99
1986-06-07,16.87,5.53,9.4,0.0,0.56,4.08,10.11
1986-06-08,15.66,5.5,9.63,0.21,0.56,5.68,8.62
1986-06-09,14.16,4.22,9.15,0.14,0.56,7.05,7.22
1986-06-10,13.37,5.91,8.94,0.01,0.56,6.02,6.7
1986-06-11,12.65,4.89,8.29,0.04,0.56,5.8,6.89
1986-06-12,14.47,5.77,10.04,0.18,0.56,7.17,7.23
1986-06-13,15.88,5.08,9.44,0.04,0.56,6.01,8.35
1986-06-14,16.05,5.04,8.51,0.01,0.56,5.94,10.48
1986-06-15,16.11,4.54,9.37,0.01,0.56,6.65,10.02
1986-06-16,15.98,7.2,10.47,0.68,0.56,7.5,10.11
1986-06-17,11.62,4.2,7.76,4.0,0.56,4.44,7.05
1986-06-18,12.02,4.06,8.15,0.48,0.57,4.81,10.05
1986-06-19,13.12,4.6,8.48,1.45,0.57,5.85,9.88
1986-06-20,11.7,2.0,5.65,0.13,0.57,2.42,10.04
1986-06-21,10.95,0.52,5.78,0.54,0.56,4.12,8.16
1986-06-22,11.34,2.58,6.09,0.54,0.56,3.24,8.87
1986-06-23,11.48,1.61,5.8,0.12,0.56,3.59,9.94
1986-06-24,10.4,4.27,6.31,0.22,0.56,4.56,9.31
1986-06-25,13.7,2.09,7.57,0.45,0.56,3.38,9.93
1986-06-26,13.47,6.12,8.85,0.49,0.56,5.54,9.43
1986-06-27,9.13,2.33,5.91,0.22,0.56,4.28,5.64
1986-06-28,12.49,4.15,7.87,0.28,0.56,4.33,9.48
1986-06-29,13.8,2.6,7.43,0.0,0.56,2.96,9.47
1986-06-30,11.21,0.44,5.55,1.53,0.56,1.23,6.97
1986-07-01,7.85,4.26,6.12,25.33,0.58,5.08,3.37
1986-07-02,11.83,7.31,9.21,7.6,0.62,8.75,5.72
1986-07-03,15.1,7.45,10.47,4.58,0.62,8.11,8.07
1986-07-04,12.8,8.19,9.96,1.68,0.62,7.6,9.28
1986-07-05,10.56,2.98,7.5,2.93,0.63,5.57,9.41
1986-07-06,12.38,2.13,6.76,0.23,0.63,5.02,8.68
1986-07-07,10.02,5.41,7.51,4.23,0.63,5.81,6.47
1986-07-08,8.79,2.46,5.31,0.75,0.63,3.13,9.25
1986-07-09,10.05,2.34,5.45,0.09,0.63,2.93,9.97
1986-07-10,11.7,4.32,6.72,0.05,0.63,4.69,8.94
1986-07-11,11.76,2.64,6.0,0.04,0.63,3.99,7.83
1986-07-12,12.34,1.43,6.23,0.02,0.63,3.32,9.34
1986-07-13,13.98,0.43,6.12,0.01,0.62,2.09,11.44
1986-07-14,14.22,-0.15,5.63,0.02,0.62,1.51,11.07
1986-07-15,15.89,2.89,8.35,0.65,0.62,7.05,7.91
1986-07-16,12.88,4.48,7.51,4.02,0.63,4.71,7.18
1986-07-17,11.34,5.59,7.93,1.13,0.63,5.94,8.35
1986-07-18,13.39,5.95,8.58,0.42,0.63,6.65,7.61
1986-07-19,13.7,5.64,8.82,0.29,0.63,7.09,9.98
1986-07-20,14.66,3.28,7.83,0.11,0.63,6.39,11.36
1986-07-21,12.97,4.16,7.6,0.2,0.63,5.6,9.49
1986-07-22,15.72,3.85,8.43,3.74,0.62,4.76,4.96
1986-07-23,15.27,7.57,10.04,11.64,0.64,8.44,8.98
1986-07-24,16.31,4.52,9.43,1.72,0.65,6.75,11.55
1986-07-25,9.24,-0.1,3.82,0.02,0.65,0.1,11.58
1986-07-26,10.16,-1.47,4.34,0.01,0.64,0.28,10.03
1986-07-27,10.04,2.37,5.58,0.15,0.64,1.74,6.84
1986-07-28,10.37,1.76,4.69,0.13,0.64,3.69,9.84
1986-07-29,13.57,4.19,7.77,0.35,0.64,5.99,9.79
1986-07-30,14.12,4.45,8.67,0.08,0.64,5.75,11.6
1986-07-31,14.06,4.54,8.21,0.0,0.64,4.33,11.29
1986-08-01,15.26,0.24,7.3,0.0,0.64,2.03,13.46
1986-08-02,17.0,1.93,8.43,0.51,0.63,2.48,10.24
1986-08-03,8.72,3.77,6.14,4.77,0.64,5.22,6.47
1986-08-04,15.65,5.42,9.02,0.03,0.64,6.09,12.84
1986-08-05,15.17,5.7,9.03,0.04,0.64,6.01,13.55
1986-08-06,15.01,5.09,8.73,0.07,0.64,5.54,13.96
1986-08-07,15.92,4.98,9.0,0.0,0.63,5.97,13.75
1986-08-08,15.04,4.27,8.51,0.0,0.63,5.02,13.52
1986-08-09,14.83,2.99,7.57,0.0,0.63,2.9,13.66
1986-08-10,14.89,0.46,7.03,0.0,0.63,2.19,13.7
1986-08-11,11.65,3.5,6.55,2.23,0.63,4.16,6.53
1986-08-12,15.07,2.34,7.98,0.19,0.63,3.41,12.31
1986-08-13,17.03,2.63,9.04,0.21,0.63,3.75,14.75
1986-08-14,16.7,6.22,11.11,12.74,0.62,6.05,6.22
1986-08-15,12.26,6.73,8.67,5.77,0.65,7.39,6.18
1986-08-16,13.61,6.95,9.36,1.64,0.65,7.24,10.16
1986-08-17,10.47,5.54,7.51,4.4,0.65,6.48,10.99
1986-08-18,12.41,2.94,6.86,0.2,0.65,3.7,12.83
1986-08-19,16.49,2.83,9.0,0.2,0.65,4.04,11.07
1986-08-20,16.26,5.0,9.56,0.2,0.65,5.5,16.34
1986-08-21,18.51,5.2,10.77,0.61,0.65,6.71,9.63
1986-08-22,20.28,7.03,12.45,0.04,0.64,6.72,15.05
1986-08-23,17.68,6.83,9.79,10.87,0.64,6.14,7.89
1986-08-24,14.54,5.43,9.13,0.54,0.66,6.38,14.39
1986-08-25,13.33,4.4,7.99,0.05,0.65,5.15,14.31
1986-08-26,15.72,3.21,8.97,0.08,0.65,6.29,13.83
1986-08-27,15.98,3.71,9.07,0.06,0.65,6.21,11.54
1986-08-28,19.01,5.06,11.45,0.0,0.65,4.19,16.96
1986-08-29,14.65,6.66,10.11,1.13,0.64,5.14,15.79
1986-08-30,10.18,3.1,6.53,0.43,0.64,2.85,15.79
1986-08-31,14.25,2.83,7.57,0.34,0.64,5.02,14.94
1986-09-01,16.83,5.18,10.67,0.11,0.64,8.49,16.47
1986-09-02,17.15,5.94,11.24,0.08,0.63,8.24,12.17
1986-09-03,14.87,5.58,10.1,0.09,0.63,7.54,14.06
1986-09-04,23.01,7.74,14.03,0.0,0.63,7.94,18.74
1986-09-05,16.98,6.97,11.85,0.79,0.62,6.8,14.82
1986-09-06,14.39,4.28,8.75,0.65,0.62,4.36,15.73
1986-09-07,14.9,1.74,7.74,0.09,0.62,3.4,13.78
1986-09-08,15.89,3.69,9.06,0.09,0.62,6.18,16.82
1986-09-09,17.18,4.32,9.82,0.0,0.62,5.34,13.61
1986-09-10,17.34,4.25,9.98,0.0,0.61,5.28,17.48
1986-09-11,18.3,5.54,10.77,0.02,0.61,6.42,15.54
1986-09-12,15.17,8.03,10.4,21.47,0.62,8.24,6.74
1986-09-13,16.08,7.45,11.2,4.95,0.65,8.86,10.48
1986-09-14,16.15,5.85,10.32,0.47,0.65,6.68,17.74
1986-09-15,17.91,6.12,11.66,0.91,0.64,8.22,18.91
1986-09-16,14.09,7.4,11.09,15.88,0.65,9.58,7.06
1986-09-17,15.87,6.37,10.14,3.31,0.67,7.55,13.77
1986-09-18,15.57,6.18,10.21,0.99,0.66,6.68,14.49
1986-09-19,15.66,3.31,9.04,0.2,0.66,5.35,19.84
1986-09-20,17.95,4.05,10.89,0.14,0.65,6.14,15.53
1986-09-21,16.08,5.82,10.65,0.12,0.65,7.0,15.93
1986-09-22,16.81,4.48,10.55,0.11,0.65,5.51,13.82
1986-09-23,19.08,5.71,12.1,0.0,0.64,6.8,22.53
1986-09-24,21.35,8.65,13.69,0.15,0.64,8.25,19.75
1986-09-25,19.01,7.21,12.39,0.05,0.63,7.62,19.25
1986-09-26,21.0,6.44,13.4,0.0,0.63,8.58,23.08
1986-09-27,15.22,6.89,11.05,0.0,0.62,5.72,15.74
1986-09-28,18.34,4.07,10.42,0.0,0.62,3.24,23.42
1986-09-29,20.55,6.1,12.96,0.07,0.62,8.08,23.17
1986-09-30,22.59,7.27,15.09,0.28,0.61,10.6,19.48
1986-10-01,23.95,11.29,17.23,0.58,0.61,12.82,19.68
1986-10-02,18.53,10.44,15.03,1.97,0.61,11.71,10.1
1986-10-03,16.61,6.63,10.71,2.27,0.61,5.49,18.78
1986-10-04,19.52,5.67,12.13,0.14,0.61,6.13,23.45
1986-10-05,22.14,6.62,14.02,0.53,0.6,7.26,18.43
1986-10-06,21.54,10.16,14.73,8.57,0.61,10.06,16.69
1986-10-07,17.3,6.19,11.22,0.07,0.61,4.74,23.56
1986-10-08,16.08,1.84,9.27,0.0,0.61,2.52,20.25
1986-10-09,16.9,3.97,11.01,0.1,0.6,5.24,10.18
1986-10-10,17.53,6.59,11.55,0.1,0.6,5.71,21.15
1986-10-11,19.57,7.46,12.91,0.1,0.6,5.58,20.88
1986-10-12,23.74,5.3,14.76,0.02,0.59,6.3,25.56
1986-10-13,22.28,10.58,17.32,5.56,0.59,8.5,9.72
1986-10-14,15.15,6.28,11.18,0.48,0.59,4.93,22.87
1986-10-15,19.15,3.81,11.64,0.01,0.59,5.02,22.25
1986-10-16,20.58,5.08,12.99,0.05,0.59,6.9,23.17
1986-10-17,25.19,6.53,16.16,0.0,0.58,5.49,27.54
1986-10-18,19.04,9.8,13.39,13.21,0.59,7.3,14.93
1986-10-19,14.23,5.74,9.65,3.84,0.6,4.47,20.22
1986-10-20,17.18,3.47,10.31,0.16,0.6,4.04,22.49
1986-10-21,22.87,5.34,13.96,0.47,0.6,4.36,27.04
1986-10-22,13.53,6.61,10.47,18.56,0.61,6.51,12.42
1986-10-23,16.88,5.71,10.79,0.62,0.62,4.72,22.38
1986-10-24,12.64,5.91,9.07,5.42,0.62,5.98,16.19
1986-10-25,13.66,5.02,9.58,0.73,0.62,5.41,19.16
1986-10-26,17.22,4.79,10.7,0.72,0.62,6.01,22.8
1986-10-27,18.2,4.53,11.48,0.11,0.61,5.85,25.04
1986-10-28,22.21,4.7,13.73,0.0,0.61,7.13,28.99
1986-10-29,23.93,9.78,16.63,0.48,0.6,8.24,11.28
1986-10-30,26.57,8.73,17.72,0.01,0.6,8.79,28.9
1986-10-31,18.93,8.38,13.88,0.06,0.59,5.42,24.11
1986-11-01,18.8,6.63,12.94,0.04,0.59,6.24,19.25
1986-11-02,24.92,6.52,15.75,0.0,0.58,8.04,24.12
1986-11-03,31.45,8.78,20.55,0.0,0.58,9.43,29.41
1986-11-04,33.07,12.13,22.8,0.02,0.57,8.75,25.84
1986-11-05,35.11,15.76,24.58,1.35,0.57,10.36,21.49
1986-11-06,22.99,10.19,17.43,0.77,0.56,8.76,23.12
1986-11-07,21.11,6.24,13.79,0.0,0.56,4.37,30.0
1986-11-08,23.09,6.26,15.09,0.0,0.56,6.9,29.69
1986-11-09,25.37,8.16,16.93,0.01,0.55,7.93,30.51
1986-11-10,27.64,9.49,19.0,0.05,0.55,8.4,22.1
1986-11-11,25.42,11.05,17.77,0.07,0.55,9.4,18.14
1986-11-12,24.14,6.51,15.39,0.0,0.54,4.16,31.44
1986-11-13,27.11,7.53,17.74,0.1,0.54,8.07,30.46
1986-11-14,30.24,12.49,21.46,0.02,0.54,9.5,29.86
1986-11-15,30.5,16.19,22.12,0.08,0.53,11.5,27.32
1986-11-16,24.96,13.48,18.4,1.79,0.53,13.17,9.94
1986-11-17,26.26,13.25,19.31,0.4,0.53,10.04,30.47
1986-11-18,16.55,7.52,11.85,10.88,0.54,3.82,21.41
1986-11-19,21.45,6.55,13.3,0.19,0.55,4.65,17.69
1986-11-20,22.45,7.0,14.21,0.01,0.54,3.71,27.88
1986-11-21,26.32,5.59,15.75,0.0,0.54,4.91,32.76
1986-11-22,29.74,7.68,19.07,0.07,0.53,4.25,32.27
1986-11-23,25.98,10.24,17.36,0.02,0.53,6.88,32.39
1986-11-24,28.65,8.01,18.25,0.0,0.53,5.64,32.24
1986-11-25,33.65,9.77,22.62,0.0,0.52,6.97,31.06
1986-11-26,23.39,9.16,18.64,0.0,0.52,5.91,30.2
1986-11-27,22.65,7.28,14.13,0.0,0.52,1.24,32.43
1986-11-28,25.43,5.6,15.53,0.0,0.51,2.01,32.6
1986-11-29,27.27,7.22,17.14,0.0,0.51,3.26,23.96
1986-11-30,28.79,10.1,19.53,0.0,0.51,4.95,31.75
1986-12-01,29.89,12.72,21.66,0.0,0.5,7.76,31.0
1986-12-02,30.73,15.75,22.24,0.36,0.5,10.38,22.91
1986-12-03,30.33,16.82,22.59,5.79,0.5,13.44,26.19
1986-12-04,32.96,14.51,23.73,0.44,0.51,11.78,22.93
1986-12-05,29.86,16.76,23.36,0.85,0.5,14.01,26.22
1986-12-06,30.96,17.71,23.92,8.89,0.5,15.74,16.4
1986-12-07,19.84,10.77,16.77,12.97,0.53,10.55,20.74
1986-12-08,22.81,8.93,15.34,0.21,0.54,3.73,25.82
1986-12-09,26.1,7.7,17.16,0.05,0.53,6.34,33.68
1986-12-10,27.55,11.21,18.38,0.02,0.53,5.6,30.99
1986-12-11,21.85,7.86,14.82,0.76,0.52,5.72,26.17
1986-12-12,21.97,10.3,15.06,0.12,0.52,7.51,23.29
1986-12-13,21.11,10.05,15.93,0.02,0.52,7.88,25.1
1986-12-14,22.95,7.74,15.39,0.06,0.52,4.06,29.07
1986-12-15,26.4,7.49,17.44,0.0,0.51,3.37,26.4
1986-12-16,18.32,10.18,15.07,12.39,0.52,8.27,10.9
1986-12-17,23.21,9.0,15.44,0.43,0.53,5.09,25.53
1986-12-18,24.13,6.29,15.63,0.07,0.53,4.97,30.84
1986-12-19,25.93,9.52,17.66,0.0,0.52,6.72,33.87
1986-12-20,24.74,8.37,16.62,0.0,0.52,4.51,33.63
1986-12-21,23.57,8.81,16.38,0.0,0.52,6.38,28.51
1986-12-22,24.65,8.17,16.34,0.0,0.51,3.91,34.04
1986-12-23,27.25,7.74,17.68,0.0,0.51,5.54,33.92
1986-12-24,29.3,10.21,19.78,0.0,0.51,5.44,33.86
1986-12-25,32.73,12.23,22.49,0.0,0.5,10.52,24.42
1986-12-26,29.2,13.2,21.24,0.0,0.5,9.08,32.92
1986-12-27,27.58,11.4,19.22,0.0,0.5,7.73,23.42
1986-12-28,29.22,11.22,20.36,0.0,0.49,6.56,33.29
1986-12-29,31.16,10.33,20.85,0.0,0.49,5.0,32.81
1986-12-30,37.33,14.97,26.88,0.05,0.49,7.14,19.7
1986-12-31,31.04,15.91,24.61,0.75,0.49,12.42,20.5
1987-01-01,31.33,10.6,20.93,0.0,0.49,3.25,33.61
1987-01-02,33.67,14.96,23.77,1.69,0.48,4.22,22.03
1987-01-03,21.67,12.75,17.03,17.7,0.51,11.82,16.17
1987-01-04,23.12,13.56,18.49,3.34,0.52,13.23,17.55
1987-01-05,27.44,14.46,20.03,0.45,0.52,13.34,23.76
1987-01-06,33.17,12.95,23.51,0.0,0.52,11.62,33.72
1987-01-07,34.74,13.79,24.49,0.0,0.51,8.71,33.31
1987-01-08,23.76,8.98,15.89,0.0,0.51,3.06,30.87
1987-01-09,25.24,7.16,16.23,0.0,0.5,2.93,34.09
1987-01-10,30.37,8.39,19.74,0.0,0.5,3.6,32.38
1987-01-11,31.12,14.58,22.66,0.06,0.49,4.26,18.87
1987-01-12,27.28,9.95,19.03,0.06,0.49,5.7,32.72
1987-01-13,28.43,11.28,20.26,0.0,0.49,7.1,33.16
1987-01-14,28.58,14.3,20.59,0.02,0.49,7.95,30.04
1987-01-15,29.49,10.06,20.64,0.0,0.49,4.0,33.33
1987-01-16,39.95,16.72,25.8,0.0,0.48,3.7,30.04
1987-01-17,28.1,13.59,20.98,0.0,0.48,5.93,26.66
1987-01-18,31.01,11.85,21.18,0.0,0.48,4.98,31.64
1987-01-19,28.52,11.09,20.01,0.0,0.48,3.72,31.87
1987-01-20,30.38,12.85,22.13,0.0,0.48,4.78,23.24
1987-01-21,25.59,13.87,18.95,0.0,0.48,4.04,27.1
1987-01-22,25.83,9.61,17.13,0.0,0.48,2.25,29.37
1987-01-23,28.76,10.65,19.21,0.01,0.48,1.05,23.74
1987-01-24,34.19,12.75,24.04,0.07,0.48,4.19,25.4
1987-01-25,31.88,19.62,24.62,10.18,0.49,13.35,18.86
1987-01-26,33.53,15.38,24.03,0.27,0.49,11.41,28.02
1987-01-27,25.29,11.37,17.38,0.0,0.49,4.66,29.37
1987-01-28,26.65,10.67,18.49,0.0,0.49,3.8,31.31
1987-01-29,26.57,10.67,19.05,0.0,0.48,5.3,30.01
1987-01-30,32.55,11.98,23.22,0.13,0.48,4.9,30.19
1987-01-31,38.26,18.29,28.67,0.0,0.48,5.9,29.66
1987-02-01,37.75,16.09,26.88,0.0,0.48,8.01,31.86
1987-02-02,42.07,19.3,30.63,0.0,0.48,6.02,31.07
1987-02-03,26.37,12.3,19.07,0.0,0.48,3.74,31.63
1987-02-04,27.87,10.43,19.1,0.0,0.48,3.19,31.93
1987-02-05,33.73,11.23,22.78,0.0,0.48,2.52,30.85
1987-02-06,36.66,14.56,26.59,0.0,0.48,3.23,30.98
1987-02-07,41.01,20.14,30.9,0.0,0.47,4.05,29.61
1987-02-08,34.48,19.02,26.24,0.0,0.47,10.43,29.85
1987-02-09,36.04,12.37,24.92,0.0,0.47,3.45,30.31
1987-02-10,27.77,13.98,22.36,0.01,0.47,5.69,30.08
1987-02-11,28.0,10.19,19.18,0.0,0.47,3.03,29.56
1987-02-12,31.29,11.17,21.25,0.0,0.47,5.76,29.34
1987-02-13,37.21,14.62,26.83,0.02,0.47,2.51,29.56
1987-02-14,35.82,20.45,28.1,0.21,0.47,8.63,19.96
1987-02-15,33.19,18.98,25.64,0.0,0.47,8.06,27.2
1987-02-16,33.11,17.48,25.2,0.03,0.47,11.7,25.3
1987-02-17,34.48,17.45,25.77,0.0,0.47,8.08,28.81
1987-02-18,36.58,17.61,27.49,0.0,0.47,6.61,28.7
1987-02-19,35.83,20.83,28.33,1.27,0.47,10.99,23.79
1987-02-20,28.36,13.96,23.59,8.05,0.48,12.28,13.07
1987-02-21,25.01,9.64,16.53,0.04,0.49,6.13,24.48
1987-02-22,24.29,9.13,16.37,0.42,0.49,3.9,27.24
1987-02-23,27.83,9.5,18.81,0.0,0.48,3.41,27.05
1987-02-24,31.41,13.19,21.28,0.0,0.48,3.63,25.46
1987-02-25,25.31,8.53,17.02,0.0,0.48,2.44,25.38
1987-02-26,30.53,10.7,21.51,0.12,0.48,3.57,26.04
1987-02-27,33.72,17.22,25.51,1.4,0.48,0.44,24.74
1987-02-28,22.7,10.92,16.58,17.73,0.51,10.28,8.48
1987-03-01,26.19,8.0,16.28,0.93,0.51,5.7,26.54
1987-03-02,27.13,9.84,17.76,0.3,0.51,7.69,25.76
1987-03-03,27.2,10.68,18.7,0.0,0.51,8.63,25.67
1987-03-04,28.87,12.75,20.74,0.0,0.5,10.02,25.27
1987-03-05,29.5,13.81,21.98,0.0,0.5,10.91,25.18
1987-03-06,24.27,9.97,18.49,0.04,0.5,6.52,23.97
1987-03-07,23.23,7.88,15.45,0.01,0.49,5.67,24.94
1987-03-08,20.01,8.76,14.58,0.02,0.49,3.04,23.59
1987-03-09,22.43,6.25,14.01,0.0,0.49,3.4,24.4
1987-03-10,25.53,7.9,16.4,0.0,0.49,5.87,25.35
1987-03-11,27.95,8.78,18.12,0.0,0.49,5.14,20.69
1987-03-12,26.67,10.54,18.39,0.0,0.48,6.26,25.23
1987-03-13,23.0,8.32,15.21,0.01,0.48,3.73,22.57
1987-03-14,24.57,7.78,16.29,0.0,0.48,2.85,23.71
1987-03-15,29.87,10.15,20.4,0.0,0.48,5.38,24.4
1987-03-16,34.62,16.09,24.91,0.0,0.48,6.75,23.65
1987-03-17,34.65,18.99,25.53,0.0,0.48,6.4,22.81
1987-03-18,34.59,17.39,25.54,0.05,0.48,6.76,23.44
1987-03-19,26.72,14.91,20.57,0.16,0.48,7.41,22.46
1987-03-20,22.81,10.66,16.41,0.0,0.48,5.2,21.93
1987-03-21,24.0,10.31,16.69,0.0,0.48,6.19,18.14
1987-03-22,26.31,9.84,17.39,0.0,0.48,7.93,20.68
1987-03-23,24.8,9.81,16.41,0.0,0.48,3.93,22.13
1987-03-24,25.92,7.58,16.02,0.0,0.48,0.56,22.59
1987-03-25,27.8,7.43,17.74,0.0,0.48,-0.42,22.55
1987-03-26,29.28,9.69,19.56,0.0,0.48,-0.3,21.93
1987-03-27,30.22,9.81,19.77,0.01,0.48,2.53,17.76
1987-03-28,23.14,13.48,17.86,4.02,0.48,6.17,9.98
1987-03-29,19.31,10.26,14.31,0.43,0.48,4.68,13.9
1987-03-30,17.4,11.37,14.15,0.43,0.48,7.94,13.47
1987-03-31,24.64,9.76,16.41,0.0,0.48,9.11,11.45
1987-04-01,26.25,8.64,17.5,0.0,0.48,7.92,20.66
1987-04-02,28.29,11.59,20.11,0.0,0.48,5.28,20.19
1987-04-03,29.94,13.78,22.02,0.0,0.48,6.08,19.71
1987-04-04,31.65,13.54,21.86,0.0,0.48,5.35,20.18
1987-04-05,31.51,15.48,23.43,0.22,0.48,8.1,17.91
1987-04-06,31.87,17.43,24.61,0.97,0.48,7.95,15.07
1987-04-07,22.65,12.16,16.74,0.64,0.48,8.59,17.14
1987-04-08,22.45,9.0,15.19,0.02,0.48,7.11,14.93
1987-04-09,21.26,5.08,12.93,0.0,0.48,1.17,19.04
1987-04-10,25.63,8.48,16.02,0.0,0.48,1.13,18.55
1987-04-11,29.67,10.83,19.8,0.0,0.48,1.84,18.28
1987-04-12,29.93,15.18,21.42,0.0,0.48,2.04,15.41
1987-04-13,25.55,14.76,18.97,0.0,0.48,8.77,10.97
1987-04-14,23.27,10.24,16.38,0.0,0.48,7.11,15.19
1987-04-15,20.88,8.23,14.07,0.0,0.48,3.46,17.12
1987-04-16,19.36,9.15,13.57,0.0,0.48,3.8,16.08
1987-04-17,25.05,6.47,15.47,0.0,0.48,5.11,17.64
1987-04-18,26.85,11.19,18.79,0.01,0.48,8.12,16.46
1987-04-19,23.79,9.63,15.24,0.09,0.48,4.53,10.49
1987-04-20,17.41,6.88,11.14,0.02,0.48,2.13,15.08
1987-04-21,19.06,3.67,11.23,0.0,0.48,0.3,16.88
1987-04-22,21.14,5.22,12.5,0.01,0.48,3.06,16.03
1987-04-23,19.12,7.04,12.36,0.0,0.48,3.85,16.31
1987-04-24,24.54,6.08,14.15,0.0,0.48,3.06,16.07
1987-04-25,26.83,8.63,17.21,0.0,0.48,5.31,15.83
1987-04-26,27.95,10.75,18.83,0.01,0.48,5.55,15.41
1987-04-27,26.78,16.9,20.74,0.75,0.48,9.71,11.43
1987-04-28,19.8,12.59,16.47,12.11,0.49,10.59,10.23
1987-04-29,21.24,10.19,15.11,0.63,0.5,10.29,8.93
1987-04-30,17.58,10.0,13.75,0.05,0.5,8.86,7.84
1987-05-01,20.78,9.07,14.06,0.01,0.5,7.62,12.95
1987-05-02,15.75,9.71,12.77,18.32,0.52,9.53,6.68
1987-05-03,17.41,6.44,11.31,0.2,0.53,5.15,10.34
1987-05-04,18.5,6.77,12.13,0.09,0.53,7.74,11.1
1987-05-05,19.13,6.94,12.47,0.0,0.52,8.48,11.31
1987-05-06,19.15,8.51,12.85,0.0,0.52,7.28,12.66
1987-05-07,20.7,7.36,12.96,0.0,0.52,7.57,14.25
1987-05-08,22.25,8.55,14.11,0.0,0.52,7.51,12.95
1987-05-09,22.38,8.62,14.53,0.0,0.52,8.38,13.0
1987-05-10,23.31,8.7,14.9,0.0,0.52,9.15,13.59
1987-05-11,20.38,11.45,15.02,0.23,0.52,10.99,10.44
1987-05-12,19.7,11.74,15.55,1.61,0.52,11.39,6.31
1987-05-13,18.05,9.35,13.99,20.97,0.54,10.78,10.75
1987-05-14,19.17,6.03,12.26,2.67,0.55,6.52,9.95
1987-05-15,16.06,8.48,12.51,1.18,0.56,8.95,11.11
1987-05-16,14.75,6.61,10.05,2.01,0.55,8.41,11.23
1987-05-17,16.98,6.69,10.77,0.89,0.56,7.36,10.09
1987-05-18,16.25,6.74,10.54,0.04,0.56,7.08,8.65
1987-05-19,14.43,5.9,9.66,0.02,0.55,5.82,7.23
1987-05-20,15.31,6.6,10.04,0.0,0.55,5.91,7.58
1987-05-21,16.01,6.14,10.2,0.0,0.55,4.15,10.32
1987-05-22,19.02,3.9,10.65,0.0,0.55,4.92,11.9
1987-05-23,17.95,7.52,12.31,0.24,0.55,9.14,9.62
1987-05-24,19.71,8.23,13.61,3.4,0.55,7.15,9.68
1987-05-25,13.44,5.56,10.32,1.01,0.55,5.65,6.48
1987-05-26,11.2,3.93,9.19,4.44,0.56,4.58,8.09
1987-05-27,9.68,3.34,5.95,0.1,0.56,2.7,11.12
1987-05-28,13.84,2.91,7.14,0.01,0.56,3.85,11.06
1987-05-29,14.87,6.34,9.81,0.05,0.56,5.56,11.12
1987-05-30,15.35,4.87,9.47,0.06,0.56,6.13,8.16
1987-05-31,14.19,3.05,7.88,0.02,0.56,5.07,6.61
1987-06-01,13.83,5.94,8.9,0.01,0.55,4.96,6.66
1987-06-02,13.99,3.45,8.21,0.0,0.55,4.2,8.69
1987-06-03,15.39,4.86,9.21,0.01,0.55,6.92,8.54
1987-06-04,16.62,6.51,10.18,0.01,0.55,8.15,7.27
1987-06-05,15.74,5.12,8.51,0.01,0.55,6.53,11.36
1987-06-06,17.33,4.94,9.33,0.01,0.55,6.38,11.17
1987-06-07,17.41,4.77,9.41,0.0,0.55,6.22,10.77
1987-06-08,20.45,7.34,12.49,0.13,0.55,8.85,10.34
1987-06-09,18.71,10.41,12.9,0.74,0.55,9.65,5.35
1987-06-10,21.36,10.05,14.77,3.5,0.55,9.84,7.3
1987-06-11,14.65,8.4,11.25,0.86,0.56,7.34,9.24
1987-06-12,14.83,4.26,9.32,0.49,0.55,5.35,9.55
1987-06-13,12.82,4.05,7.4,0.02,0.55,3.55,10.36
1987-06-14,13.95,4.01,8.32,0.0,0.55,5.34,8.95
1987-06-15,14.03,5.03,8.12,0.03,0.55,6.09,9.44
1987-06-16,15.56,3.45,7.62,0.0,0.55,4.93,10.69
1987-06-17,16.36,4.39,8.6,0.0,0.55,5.71,7.93
1987-06-18,13.47,6.22,9.62,0.13,0.55,7.46,5.32
1987-06-19,14.69,10.19,12.18,11.0,0.56,10.93,5.08
1987-06-20,14.51,7.46,11.39,6.66,0.58,10.56,5.69
1987-06-21,18.25,5.99,10.98,11.76,0.59,8.47,4.08
1987-06-22,16.13,7.82,10.73,7.25,0.61,8.0,7.86
1987-06-23,15.26,6.34,9.64,1.74,0.61,6.66,6.85
1987-06-24,9.96,4.58,6.91,7.1,0.62,5.1,7.06
1987-06-25,12.35,5.36,8.38,1.65,0.62,6.37,7.33
1987-06-26,13.88,5.48,8.59,0.16,0.62,6.0,10.22
1987-06-27,13.61,4.29,8.04,0.76,0.62,6.06,7.14
1987-06-28,11.88,3.41,6.61,0.08,0.62,4.2,7.34
1987-06-29,10.31,3.25,5.96,0.22,0.61,4.35,7.92
1987-06-30,12.48,3.87,7.22,0.29,0.61,3.93,7.62
1987-07-01,11.61,2.11,6.57,0.02,0.61,4.39,8.9
1987-07-02,10.2,2.66,5.47,0.0,0.61,3.68,8.51
1987-07-03,14.69,3.86,8.15,0.17,0.61,4.47,6.38
1987-07-04,16.64,3.34,8.72,0.0,0.61,4.17,9.98
1987-07-05,17.5,5.11,9.95,0.0,0.61,4.22,10.67
1987-07-06,16.46,2.66,9.16,0.0,0.61,5.85,10.43
1987-07-07,16.13,3.08,8.09,0.02,0.61,6.44,10.7
1987-07-08,15.89,2.93,7.84,0.0,0.61,4.35,11.02
1987-07-09,17.62,1.95,8.37,0.0,0.61,3.74,11.01
1987-07-10,13.39,5.16,8.77,0.48,0.6,5.08,6.07
1987-07-11,13.38,3.45,7.68,0.2,0.6,4.4,9.34
1987-07-12,12.55,4.77,7.63,0.08,0.6,3.95,9.94
1987-07-13,14.09,2.99,7.91,1.1,0.6,3.15,9.89
1987-07-14,15.16,7.08,9.79,2.26,0.6,5.97,8.2
1987-07-15,11.95,5.36,8.56,3.32,0.61,7.06,6.95
1987-07-16,11.95,5.21,8.12,2.28,0.61,7.14,6.12
1987-07-17,13.75,7.27,9.61,3.56,0.62,7.24,8.88
1987-07-18,13.82,5.27,9.28,1.34,0.62,4.88,9.57
1987-07-19,10.69,4.1,6.7,2.46,0.62,4.98,9.34
1987-07-20,9.36,2.9,5.97,0.56,0.62,4.72,7.44
1987-07-21,13.1,4.88,7.73,0.83,0.62,4.68,10.0
1987-07-22,13.4,3.88,7.11,0.0,0.62,4.19,12.54
1987-07-23,13.4,3.8,7.14,0.0,0.62,4.19,12.75
1987-07-24,13.93,3.07,6.97,0.02,0.62,3.42,12.58
1987-07-25,13.47,1.09,7.2,0.02,0.61,1.19,11.6
1987-07-26,14.15,1.43,7.21,1.21,0.61,2.4,6.78
1987-07-27,12.73,4.09,7.72,2.03,0.61,4.71,7.27
1987-07-28,10.45,4.45,7.13,2.67,0.62,5.5,8.88
1987-07-29,13.04,4.36,7.23,0.58,0.62,4.96,10.0
1987-07-30,14.58,3.9,8.34,5.83,0.62,3.53,6.97
1987-07-31,13.55,4.3,8.78,1.12,0.63,5.16,11.87
1987-08-01,16.21,2.71,8.69,0.37,0.62,2.86,13.38
1987-08-02,13.58,5.01,8.54,3.34,0.63,5.6,10.38
1987-08-03,13.58,2.61,7.66,0.16,0.63,5.4,9.8
1987-08-04,12.86,5.22,8.36,1.37,0.62,6.84,9.3
1987-08-05,13.24,4.85,8.65,1.04,0.63,5.3,11.51
1987-08-06,14.85,6.77,10.1,0.39,0.62,7.55,9.5
1987-08-07,14.17,4.66,8.79,0.16,0.62,6.57,9.13
1987-08-08,14.93,6.7,9.95,1.1,0.62,7.81,9.59
1987-08-09,12.97,3.95,7.95,0.25,0.62,4.44,13.46
1987-08-10,15.38,2.22,7.59,0.01,0.62,3.64,14.19
1987-08-11,17.21,4.22,9.0,0.0,0.62,6.12,14.21
1987-08-12,17.61,4.35,10.22,0.86,0.62,6.85,14.17
1987-08-13,14.1,8.12,10.61,6.42,0.63,8.99,9.9
1987-08-14,18.58,7.76,12.09,0.31,0.62,8.08,12.79
1987-08-15,17.81,6.25,11.32,1.07,0.62,8.16,10.88
1987-08-16,14.58,6.32,9.97,1.16,0.62,7.11,10.71
1987-08-17,14.41,1.36,7.59,0.0,0.62,3.38,14.78
1987-08-18,14.26,4.3,8.16,0.01,0.62,4.77,13.8
1987-08-19,15.06,5.43,8.73,0.01,0.62,5.75,12.98
1987-08-20,14.08,3.94,8.53,0.0,0.61,3.7,13.84
1987-08-21,16.57,2.0,9.22,0.0,0.61,3.15,16.29
1987-08-22,19.54,3.16,11.16,1.05,0.61,3.03,16.32
1987-08-23,11.9,6.72,8.75,3.89,0.61,6.6,10.72
1987-08-24,13.9,5.79,9.14,0.48,0.61,6.82,12.24
1987-08-25,16.81,5.31,10.19,0.05,0.61,5.03,12.44
1987-08-26,19.78,3.55,11.09,0.27,0.61,4.21,14.68
1987-08-27,10.75,7.63,9.1,13.2,0.62,7.82,5.06
1987-08-28,16.43,6.04,10.7,0.04,0.63,7.69,12.9
1987-08-29,17.21,6.54,11.01,0.1,0.62,7.45,14.16
1987-08-30,15.6,5.11,9.59,0.39,0.62,5.52,9.57
1987-08-31,10.81,3.29,7.51,0.7,0.62,3.16,15.53
1987-09-01,12.64,1.4,6.37,0.02,0.62,1.67,14.26
1987-09-02,13.35,3.21,7.24,0.03,0.62,3.1,11.68
1987-09-03,14.08,3.32,8.27,0.4,0.61,3.6,13.94
1987-09-04,15.35,0.85,8.49,0.07,0.61,3.51,17.51
1987-09-05,14.93,3.82,9.13,1.24,0.61,4.98,8.63
1987-09-06,15.94,5.81,10.15,0.49,0.61,6.56,11.11
1987-09-07,14.63,5.02,8.95,0.09,0.61,4.69,14.95
1987-09-08,17.87,6.59,11.35,0.39,0.61,8.22,11.48
1987-09-09,14.51,4.98,9.78,0.29,0.6,4.14,14.92
1987-09-10,15.7,2.18,8.04,0.02,0.6,2.88,19.67
1987-09-11,17.87,2.75,9.74,0.0,0.6,4.46,19.94
1987-09-12,17.4,5.26,10.69,0.01,0.6,5.56,15.77
1987-09-13,16.64,1.5,8.85,0.0,0.59,4.84,16.06
1987-09-14,18.8,6.1,11.1,0.01,0.59,6.74,14.12
1987-09-15,16.97,4.31,9.78,0.0,0.59,6.22,12.05
1987-09-16,17.58,4.68,10.12,0.0,0.59,5.82,20.02
1987-09-17,20.19,4.66,12.4,0.01,0.58,6.5,20.27
1987-09-18,25.06,6.54,15.44,0.06,0.58,6.31,21.11
1987-09-19,24.94,8.43,16.2,0.63,0.58,5.64,20.62
1987-09-20,18.29,4.1,10.81,0.25,0.57,4.45,20.13
1987-09-21,20.09,3.89,11.63,0.0,0.57,5.56,21.46
1987-09-22,23.69,5.78,14.11,0.0,0.57,7.49,21.99
1987-09-23,26.71,6.72,16.69,0.04,0.57,7.8,22.61
1987-09-24,28.89,8.98,18.38,0.0,0.56,6.11,20.12
1987-09-25,27.67,10.72,19.2,0.0,0.56,10.71,18.59
1987-09-26,31.78,11.88,21.43,0.0,0.55,7.82,21.5
1987-09-27,30.29,13.49,21.33,0.18,0.55,7.42,21.83
1987-09-28,27.27,13.66,19.13,8.12,0.55,11.35,13.8
1987-09-29,19.03,8.41,13.35,0.82,0.56,7.62,17.77
1987-09-30,18.78,7.83,12.46,0.26,0.56,6.98,19.47
1987-10-01,21.01,4.48,11.99,0.0,0.55,4.56,23.4
1987-10-02,22.73,5.25,13.46,0.0,0.55,5.22,18.61
1987-10-03,24.09,8.01,16.0,0.0,0.55,5.17,20.39
1987-10-04,16.62,6.08,12.89,9.17,0.55,4.45,8.49
1987-10-05,18.97,4.59,11.13,0.05,0.56,5.18,15.13
1987-10-06,18.85,5.84,11.89,0.05,0.56,5.24,21.33
1987-10-07,16.93,4.8,10.79,0.02,0.55,2.51,16.0
1987-10-08,18.87,3.12,11.17,0.01,0.55,4.47,16.38
1987-10-09,21.68,4.67,13.24,0.0,0.55,5.89,25.01
1987-10-10,21.63,6.24,13.27,0.0,0.54,6.63,22.83
1987-10-11,14.61,3.87,9.59,0.61,0.54,2.3,10.88
1987-10-12,18.53,1.57,10.27,0.15,0.54,2.43,24.03
1987-10-13,20.19,3.52,11.6,0.27,0.54,3.23,26.5
1987-10-14,22.72,5.33,15.01,0.03,0.54,2.88,21.28
1987-10-15,20.92,11.36,16.33,10.39,0.54,11.18,11.68
1987-10-16,14.87,8.31,11.64,6.03,0.55,7.73,18.17
1987-10-17,18.77,9.73,13.5,1.55,0.56,7.4,16.22
1987-10-18,18.19,6.7,12.03,4.53,0.56,7.87,15.58
1987-10-19,19.26,9.08,13.47,2.06,0.56,8.3,16.23
1987-10-20,23.33,8.3,15.53,0.0,0.56,8.17,25.69
1987-10-21,22.44,7.73,14.41,0.07,0.56,6.57,27.6
1987-10-22,24.54,7.46,15.14,2.49,0.55,6.34,22.43
1987-10-23,21.28,9.73,14.95,3.33,0.56,7.88,27.8
1987-10-24,22.8,6.37,14.43,0.0,0.56,6.47,29.1
1987-10-25,25.79,7.64,16.52,0.0,0.55,9.12,27.67
1987-10-26,27.26,9.66,19.23,0.0,0.55,9.93,25.25
1987-10-27,30.13,12.94,20.67,0.0,0.54,7.57,28.65
1987-10-28,22.97,6.96,14.58,0.04,0.54,4.82,20.0
1987-10-29,26.78,6.6,16.93,0.0,0.54,5.65,29.42
1987-10-30,30.72,9.81,20.47,0.0,0.53,5.95,28.9
1987-10-31,34.61,13.12,23.68,0.0,0.53,8.01,29.39
1987-11-01,38.4,15.19,26.57,0.0,0.52,10.4,29.66
1987-11-02,36.5,17.94,27.84,0.29,0.52,11.14,20.24
1987-11-03,22.31,10.0,16.54,0.08,0.51,4.5,22.82
1987-11-04,22.44,6.34,14.31,0.0,0.51,2.78,29.9
1987-11-05,24.0,6.55,15.43,0.05,0.51,5.37,30.68
1987-11-06,26.04,8.36,17.37,0.04,0.51,7.0,30.71
1987-11-07,29.64,9.15,20.42,0.01,0.51,7.79,29.05
1987-11-08,30.04,16.42,23.37,2.05,0.5,11.84,25.83
1987-11-09,25.37,12.26,19.44,0.1,0.5,8.16,30.5
1987-11-10,24.16,8.5,15.95,0.0,0.5,5.34,31.28
1987-11-11,22.23,7.46,15.04,0.02,0.5,5.05,27.75
1987-11-12,26.51,6.83,16.84,0.0,0.5,4.5,31.16
1987-11-13,26.64,10.22,17.93,0.01,0.49,5.96,29.63
1987-11-14,28.71,9.9,19.24,0.0,0.49,6.93,30.93
1987-11-15,32.25,11.56,22.37,0.0,0.49,7.87,27.2
1987-11-16,33.05,18.16,24.99,0.0,0.49,10.12,16.68
1987-11-17,34.49,19.47,26.47,0.0,0.48,10.84,26.03
1987-11-18,33.32,18.82,26.27,0.47,0.48,13.74,29.92
1987-11-19,36.77,17.57,26.76,1.88,0.48,14.29,19.47
1987-11-20,25.19,11.48,17.93,0.02,0.48,4.46,28.72
1987-11-21,24.06,10.15,16.96,1.14,0.48,3.86,27.65
1987-11-22,27.44,7.37,17.79,0.0,0.48,0.79,27.94
1987-11-23,29.78,14.34,20.65,0.94,0.48,3.82,13.25
1987-11-24,21.22,10.24,15.03,0.03,0.48,2.52,26.68
1987-11-25,21.66,8.42,15.11,1.59,0.48,5.95,23.45
1987-11-26,23.2,9.37,16.45,0.78,0.48,6.98,20.61
1987-11-27,24.06,7.71,16.14,0.03,0.48,2.0,33.33
1987-11-28,28.91,8.53,19.17,0.0,0.48,2.64,31.79
1987-11-29,33.08,17.64,25.31,0.18,0.48,4.28,29.97
1987-11-30,30.87,13.36,22.22,4.25,0.48,8.67,25.06
1987-12-01,20.89,10.23,14.49,38.03,0.54,9.15,10.41
1987-12-02,19.84,8.68,13.93,0.56,0.55,5.26,25.64
1987-12-03,22.43,5.72,14.14,0.07,0.55,2.87,33.95
1987-12-04,21.38,7.62,14.8,2.23,0.54,4.14,23.64
1987-12-05,23.46,10.39,16.91,0.26,0.54,6.79,29.1
1987-12-06,22.13,7.22,14.85,0.26,0.54,4.47,29.38
1987-12-07,23.91,6.99,15.99,0.08,0.53,5.47,33.37
1987-12-08,23.36,9.15,16.38,0.22,0.53,8.07,23.27
1987-12-09,26.3,14.82,20.13,1.85,0.53,10.56,17.98
1987-12-10,32.92,14.67,23.92,0.0,0.53,11.37,31.72
1987-12-11,29.94,14.36,22.45,0.03,0.52,11.38,32.57
1987-12-12,32.61,13.43,23.13,0.0,0.52,9.72,33.71
1987-12-13,36.48,14.93,25.8,0.0,0.51,10.39,33.65
1987-12-14,35.92,16.17,26.77,0.0,0.51,11.57,32.02
1987-12-15,39.84,21.15,30.02,0.0,0.5,10.67,31.03
1987-12-16,37.62,17.26,27.57,0.0,0.5,11.54,33.13
1987-12-17,31.79,12.06,21.8,0.0,0.49,5.5,33.24
1987-12-18,29.32,12.89,20.62,0.01,0.49,5.75,32.48
1987-12-19,29.29,8.88,19.01,0.0,0.49,1.01,32.39
1987-12-20,26.11,10.25,19.07,0.01,0.49,4.93,23.12
1987-12-21,27.56,12.18,19.47,0.1,0.49,6.06,33.36
1987-12-22,30.04,11.48,21.01,0.0,0.48,4.67,33.07
1987-12-23,33.8,12.58,23.26,0.0,0.48,4.94,32.03
1987-12-24,27.68,10.04,18.45,0.0,0.48,5.48,33.55
1987-12-25,30.45,10.8,20.54,0.0,0.48,5.55,32.77
1987-12-26,35.67,12.81,24.87,0.1,0.48,5.11,30.26
1987-12-27,35.07,20.32,26.81,4.76,0.48,5.85,12.32
1987-12-28,28.29,14.29,20.97,0.26,0.49,7.83,29.36
1987-12-29,30.54,10.2,20.14,0.0,0.48,4.38,33.91
1987-12-30,33.9,12.15,24.2,0.33,0.48,11.04,31.83
1987-12-31,34.71,18.78,26.65,4.92,0.48,13.09,27.58
1988-01-01,28.94,16.78,22.17,29.85,0.53,11.99,32.85
1988-01-02,28.08,12.62,20.38,0.0,0.54,8.51,33.58
1988-01-03,27.64,11.89,19.75,0.0,0.53,7.31,34.12
1988-01-04,29.01,10.43,19.69,0.28,0.52,6.92,33.98
1988-01-05,32.66,11.98,22.62,0.0,0.52,8.69,33.56
1988-01-06,36.32,14.57,26.54,0.08,0.51,9.55,33.51
1988-01-07,40.6,18.87,30.66,0.03,0.51,11.12,31.84
1988-01-08,39.43,22.5,31.19,0.33,0.5,10.6,31.49
1988-01-09,38.94,18.45,29.34,1.62,0.5,11.95,25.65
1988-01-10,37.44,14.04,26.33,0.03,0.5,10.16,33.02
1988-01-11,40.05,23.58,30.98,0.16,0.49,9.34,18.81
1988-01-12,41.78,22.03,32.3,0.02,0.49,11.66,25.8
1988-01-13,38.68,27.02,31.77,0.06,0.48,12.68,16.59
1988-01-14,42.56,22.89,32.56,0.0,0.48,9.87,31.06
1988-01-15,35.64,20.3,27.62,0.0,0.48,8.05,22.97
1988-01-16,32.42,16.31,23.95,0.01,0.48,5.54,31.38
1988-01-17,31.54,13.03,22.32,0.0,0.48,8.01,31.53
1988-01-18,30.9,13.59,22.29,0.0,0.48,6.62,31.9
1988-01-19,32.8,13.02,23.42,0.0,0.48,5.11,31.88
1988-01-20,35.36,17.37,26.64,0.01,0.48,3.91,29.74
1988-01-21,29.38,13.21,21.41,0.01,0.48,4.1,30.34
1988-01-22,31.94,13.83,23.54,0.0,0.48,5.56,31.59
1988-01-23,21.23,15.68,18.62,3.82,0.48,8.58,14.62
1988-01-24,24.23,11.29,17.45,0.94,0.48,6.28,28.09
1988-01-25,26.29,9.69,18.35,0.01,0.48,5.52,30.93
1988-01-26,31.95,11.78,22.27,0.0,0.48,6.57,30.98
1988-01-27,35.79,14.99,26.93,0.26,0.48,6.44,30.31
1988-01-28,39.97,18.98,30.21,0.0,0.48,4.92,30.41
1988-01-29,41.25,22.54,32.09,0.0,0.48,4.68,29.7
1988-01-30,41.72,21.02,31.27,0.17,0.48,7.46,20.98
1988-01-31,27.99,14.74,21.01,0.0,0.48,3.87,28.47
1988-02-01,23.63,11.95,18.16,0.0,0.47,4.83,24.05
1988-02-02,32.46,10.95,21.75,0.0,0.47,3.52,30.23
1988-02-03,31.46,11.43,21.57,0.0,0.47,2.9,31.29
1988-02-04,33.83,13.16,23.86,0.0,0.47,3.74,30.34
1988-02-05,33.43,18.98,27.04,5.52,0.47,2.27,15.6
1988-02-06,22.47,12.4,17.54,3.23,0.49,5.5,28.56
1988-02-07,22.79,9.85,16.24,1.23,0.49,6.55,30.37
1988-02-08,27.54,10.76,18.73,0.02,0.49,7.75,26.56
1988-02-09,29.43,10.19,19.8,0.0,0.48,5.4,29.42
1988-02-10,33.5,12.69,23.97,0.0,0.48,5.96,29.41
1988-02-11,35.59,17.8,26.67,0.05,0.48,3.02,25.2
1988-02-12,35.92,16.47,26.24,0.38,0.48,9.07,25.48
1988-02-13,31.09,15.86,22.38,0.61,0.48,9.33,26.59
1988-02-14,31.03,14.28,22.51,0.04,0.48,8.03,29.49
1988-02-15,31.35,14.21,22.83,0.0,0.48,5.54,29.5
1988-02-16,32.48,14.06,23.65,0.0,0.48,4.42,29.47
1988-02-17,33.44,14.21,24.68,0.0,0.48,4.69,29.14
1988-02-18,34.38,17.07,25.34,0.0,0.48,3.98,28.96
1988-02-19,27.89,13.69,19.78,0.02,0.47,6.19,25.06
1988-02-20,28.6,10.81,19.74,0.0,0.47,7.06,28.54
1988-02-21,30.08,13.18,21.33,0.0,0.47,7.41,28.26
1988-02-22,31.76,12.78,22.56,0.0,0.47,5.96,27.35
1988-02-23,32.22,13.0,22.78,0.0,0.47,6.07,27.87
1988-02-24,36.11,13.95,25.34,0.0,0.47,5.64,27.64
1988-02-25,37.33,15.44,26.66,0.0,0.47,7.05,27.92
1988-02-26,40.06,21.24,30.58,0.0,0.47,2.68,26.44
1988-02-27,37.68,19.99,28.54,0.0,0.47,7.33,26.07
1988-02-28,31.84,16.04,23.5,0.0,0.47,7.86,26.07
1988-02-29,33.37,15.06,23.96,0.0,0.47,8.78,25.49
1988-03-01,33.61,15.98,24.61,0.0,0.47,6.26,26.9
1988-03-02,37.76,15.67,27.57,0.0,0.47,6.82,25.94
1988-03-03,31.51,15.44,26.3,0.01,0.47,9.6,15.98
1988-03-04,27.96,11.84,19.36,0.0,0.47,2.93,25.74
1988-03-05,30.43,12.09,20.79,0.01,0.47,6.91,25.68
1988-03-06,30.67,12.96,21.32,0.0,0.47,5.88,25.69
1988-03-07,32.59,13.74,23.25,1.15,0.47,7.34,24.48
1988-03-08,33.82,16.6,25.29,0.04,0.47,4.71,21.56
1988-03-09,35.62,16.28,25.72,0.02,0.47,5.44,23.72
1988-03-10,31.06,17.28,24.11,0.65,0.47,7.89,17.75
1988-03-11,20.23,10.39,16.23,6.03,0.49,5.18,19.27
1988-03-12,21.8,8.43,14.96,0.03,0.49,6.23,16.5
1988-03-13,23.17,12.66,16.79,0.07,0.48,8.38,14.52
1988-03-14,24.27,9.1,16.26,0.02,0.48,5.68,23.57
1988-03-15,24.64,8.67,16.47,0.01,0.48,5.55,23.44
1988-03-16,26.73,10.03,17.86,0.0,0.48,7.19,23.93
1988-03-17,28.79,10.21,19.79,0.0,0.48,5.78,23.45
1988-03-18,31.25,11.64,21.93,0.0,0.48,6.51,23.45
1988-03-19,32.57,13.79,23.55,0.0,0.48,4.68,23.08
1988-03-20,33.37,15.19,24.55,0.0,0.48,3.01,22.65
1988-03-21,32.79,16.99,24.71,0.0,0.48,3.66,19.24
1988-03-22,32.17,18.6,24.46,0.0,0.48,6.44,22.14
1988-03-23,31.76,18.17,24.24,0.12,0.48,7.53,22.03
1988-03-24,31.41,15.54,23.03,0.0,0.48,5.93,21.78
1988-03-25,32.21,14.28,23.02,0.0,0.48,7.3,21.02
1988-03-26,31.91,16.91,24.13,0.0,0.47,8.03,19.36
1988-03-27,31.0,19.69,24.68,0.03,0.47,5.29,14.91
1988-03-28,26.8,18.07,22.25,0.01,0.47,4.32,10.41
1988-03-29,32.02,16.51,23.59,0.15,0.47,8.41,10.47
1988-03-30,22.4,17.52,19.81,7.0,0.48,13.07,11.23
1988-03-31,23.67,15.83,19.76,0.95,0.49,14.44,8.33
1988-04-01,28.45,12.73,19.84,0.0,0.49,10.91,19.2
1988-04-02,27.22,11.37,18.12,0.0,0.49,8.47,19.25
1988-04-03,28.15,9.42,17.97,0.0,0.48,8.44,19.31
1988-04-04,28.05,11.06,18.58,0.0,0.48,7.53,18.84
1988-04-05,28.67,9.99,18.56,0.0,0.48,7.04,19.1
1988-04-06,28.7,11.55,19.55,0.0,0.48,8.04,18.4
1988-04-07,24.84,15.05,18.47,4.52,0.48,12.12,8.22
1988-04-08,23.65,10.82,16.78,0.07,0.49,8.84,16.53
1988-04-09,20.35,8.97,13.6,0.02,0.49,3.07,18.65
1988-04-10,21.69,6.74,13.74,0.0,0.48,2.44,18.56
1988-04-11,23.78,7.84,15.76,0.06,0.48,5.09,17.51
1988-04-12,25.42,12.11,18.3,0.0,0.48,9.18,14.92
1988-04-13,26.45,13.25,18.85,0.01,0.48,6.9,17.62
1988-04-14,26.17,10.69,18.08,0.08,0.48,8.66,16.33
1988-04-15,24.42,9.74,16.83,0.09,0.48,8.54,12.91
1988-04-16,21.35,6.95,13.16,0.0,0.48,2.62,16.89
1988-04-17,24.42,8.43,15.77,0.0,0.48,7.33,16.0
1988-04-18,25.26,13.21,18.29,0.12,0.48,8.93,12.84
1988-04-19,26.72,12.73,18.97,0.09,0.48,6.56,14.94
1988-04-20,24.56,11.7,17.76,0.0,0.48,7.08,12.98
1988-04-21,24.28,12.15,17.41,0.07,0.48,8.16,15.03
1988-04-22,25.19,11.73,18.32,1.9,0.48,10.4,12.76
1988-04-23,21.57,9.68,15.6,0.06,0.48,7.4,16.02
1988-04-24,23.46,9.17,15.86,0.0,0.48,8.14,15.83
1988-04-25,27.35,11.79,18.91,0.05,0.48,6.92,12.29
1988-04-26,18.03,11.03,14.96,5.57,0.48,11.6,4.57
1988-04-27,20.19,9.2,13.63,0.04,0.49,9.52,9.52
1988-04-28,24.78,11.89,17.34,0.0,0.49,11.88,14.98
1988-04-29,27.2,13.71,19.84,0.0,0.49,13.78,12.84
1988-04-30,27.07,15.48,20.79,0.0,0.49,14.13,14.07
1988-05-01,26.96,13.25,19.5,0.0,0.49,11.94,13.72
1988-05-02,26.66,16.37,20.32,0.0,0.48,12.63,11.26
1988-05-03,26.58,13.41,19.41,0.95,0.48,12.32,12.5
1988-05-04,27.07,15.6,20.48,1.61,0.49,14.16,9.07
1988-05-05,25.49,17.34,20.21,40.72,0.54,16.83,7.6
1988-05-06,24.1,14.77,18.77,3.93,0.56,13.41,10.69
1988-05-07,20.44,10.56,14.86,1.17,0.56,10.57,8.49
1988-05-08,19.63,8.6,13.92,0.34,0.56,9.64,9.15
1988-05-09,18.05,10.29,13.58,0.05,0.55,10.12,9.08
1988-05-10,16.74,7.33,11.09,0.07,0.55,6.25,9.8
1988-05-11,17.42,4.43,10.18,0.01,0.55,6.05,9.29
1988-05-12,18.13,4.82,10.77,0.01,0.55,6.22,13.58
1988-05-13,20.87,4.78,11.62,0.0,0.55,5.31,12.35
1988-05-14,21.78,9.05,14.22,0.04,0.55,7.97,9.74
1988-05-15,19.93,12.79,15.75,16.09,0.55,11.81,5.06
1988-05-16,20.71,11.84,16.07,5.87,0.59,13.05,7.75
1988-05-17,20.65,10.27,15.16,0.34,0.58,10.39,7.28
1988-05-18,18.72,7.82,13.21,1.94,0.58,9.32,11.86
1988-05-19,18.21,9.66,12.89,4.5,0.58,9.25,10.22
1988-05-20,17.24,9.68,13.02,1.28,0.59,9.99,7.99
1988-05-21,17.55,7.91,12.93,0.36,0.59,8.61,10.64
1988-05-22,16.68,7.84,12.25,5.82,0.59,8.5,5.36
1988-05-23,15.25,9.48,11.72,4.58,0.6,9.12,7.61
1988-05-24,16.41,7.97,11.48,4.13,0.61,9.16,7.09
1988-05-25,18.46,6.81,11.86,0.47,0.61,8.78,11.8
1988-05-26,17.12,7.51,12.02,0.86,0.6,9.32,6.86
1988-05-27,17.38,8.0,12.29,1.81,0.6,8.53,8.98
1988-05-28,15.77,7.66,11.17,1.08,0.61,8.27,8.67
1988-05-29,16.12,6.47,10.06,0.11,0.6,6.56,10.21
1988-05-30,15.86,3.84,8.88,0.0,0.6,5.0,11.26
1988-05-31,15.54,4.91,9.05,0.01,0.6,6.85,6.24
1988-06-01,18.53,5.97,10.55,0.02,0.6,7.8,8.34
1988-06-02,19.09,7.07,11.85,0.0,0.6,8.35,10.91
1988-06-03,19.92,7.85,12.97,0.0,0.6,8.56,11.17
1988-06-04,16.2,9.9,12.97,1.83,0.6,10.67,7.71
1988-06-05,12.39,9.68,10.92,10.2,0.61,8.17,6.76
1988-06-06,15.66,9.42,11.86,5.01,0.62,7.43,8.32
1988-06-07,13.84,7.16,10.25,0.24,0.62,7.3,8.57
1988-06-08,13.9,6.12,9.02,0.07,0.62,5.66,9.68
1988-06-09,10.64,6.4,8.2,2.88,0.62,6.47,3.86
1988-06-10,14.17,6.25,9.32,1.3,0.62,6.94,9.63
1988-06-11,13.35,5.51,8.56,0.08,0.62,6.08,6.87
1988-06-12,17.03,6.31,10.87,0.36,0.62,7.9,5.81
1988-06-13,17.86,6.63,11.68,6.85,0.62,7.28,5.95
1988-06-14,16.36,7.23,11.44,1.12,0.63,8.25,4.28
1988-06-15,15.93,6.34,10.3,0.23,0.63,7.51,10.08
1988-06-16,12.85,4.44,7.75,0.01,0.63,5.98,10.36
1988-06-17,15.02,3.42,8.51,0.03,0.62,5.66,10.53
1988-06-18,15.06,2.98,9.12,5.08,0.62,6.91,3.75
1988-06-19,13.21,6.37,9.79,0.28,0.63,6.94,10.25
1988-06-20,15.79,4.62,9.73,8.16,0.63,6.48,7.27
1988-06-21,14.16,6.2,9.01,0.12,0.64,6.59,9.87
1988-06-22,13.33,5.23,7.92,0.27,0.64,6.28,9.93
1988-06-23,14.13,4.64,8.54,0.02,0.64,7.58,9.09
1988-06-24,14.9,5.7,9.25,0.02,0.64,8.25,8.5
1988-06-25,14.46,3.42,7.43,0.04,0.64,4.95,7.33
1988-06-26,15.19,2.07,7.88,0.0,0.63,5.04,8.71
1988-06-27,16.81,7.33,10.98,0.15,0.63,7.41,9.3
1988-06-28,13.21,5.84,8.95,0.12,0.63,5.97,8.22
1988-06-29,13.48,3.51,7.54,0.03,0.63,5.78,9.87
1988-06-30,14.81,5.28,9.2,0.15,0.63,6.9,9.02
1988-07-01,13.23,4.78,7.66,0.01,0.63,5.67,8.45
1988-07-02,13.34,2.76,6.81,0.03,0.63,5.03,4.71
1988-07-03,13.33,2.92,7.4,0.14,0.63,4.94,7.38
1988-07-04,15.73,6.54,9.88,0.2,0.63,7.25,6.6
1988-07-05,13.15,5.62,9.13,2.63,0.63,7.38,4.73
1988-07-06,15.46,9.73,11.68,3.58,0.63,10.1,6.8
1988-07-07,15.95,8.8,11.57,0.96,0.63,10.16,5.07
1988-07-08,15.42,9.31,11.46,1.02,0.63,8.0,9.88
1988-07-09,14.24,5.65,10.01,4.34,0.64,7.15,9.89
1988-07-10,14.46,3.34,8.23,0.02,0.64,5.72,10.2
1988-07-11,15.22,5.42,9.78,0.44,0.64,7.82,7.9
1988-07-12,14.98,5.97,10.23,0.01,0.64,7.6,6.37
1988-07-13,14.99,3.91,8.64,0.08,0.63,6.36,9.29
1988-07-14,17.7,7.45,12.08,1.1,0.63,8.55,6.77
1988-07-15,15.41,5.96,10.48,0.14,0.63,6.87,11.22
1988-07-16,17.43,3.56,9.3,9.71,0.64,7.16,6.17
1988-07-17,14.23,7.51,9.84,0.58,0.65,6.94,8.18
1988-07-18,14.95,4.33,9.49,0.06,0.64,5.8,9.33
1988-07-19,15.97,5.02,9.85,1.63,0.64,6.34,8.88
1988-07-20,12.65,6.58,9.13,3.4,0.65,7.03,9.93
1988-07-21,12.13,5.58,8.41,2.73,0.65,6.41,8.7
1988-07-22,12.88,6.3,9.14,1.97,0.65,6.75,8.32
1988-07-23,13.54,5.5,8.17,0.04,0.65,5.66,9.57
1988-07-24,13.05,4.58,8.89,1.4,0.65,5.14,5.4
1988-07-25,15.7,7.51,11.06,2.64,0.65,6.1,5.86
1988-07-26,12.75,5.4,8.72,0.16,0.65,4.7,10.65
1988-07-27,15.64,5.88,9.55,0.03,0.65,7.09,9.13
1988-07-28,15.15,5.16,9.07,0.0,0.64,5.36,9.92
1988-07-29,15.59,2.33,8.44,0.14,0.64,5.35,12.78
1988-07-30,14.58,5.11,8.86,0.06,0.64,6.45,10.31
1988-07-31,14.17,6.19,9.01,0.3,0.64,7.23,11.04
1988-08-01,13.92,5.81,8.66,0.13,0.64,6.08,8.76
1988-08-02,16.02,5.45,9.66,0.0,0.64,5.12,11.97
1988-08-03,17.47,4.26,9.9,0.0,0.63,5.74,12.27
1988-08-04,14.68,6.1,9.25,0.17,0.63,5.89,8.86
1988-08-05,13.35,4.12,7.4,2.6,0.63,4.24,8.48
1988-08-06,12.92,3.51,7.41,0.18,0.63,5.0,12.79
1988-08-07,13.14,3.57,8.19,1.07,0.63,5.37,11.23
1988-08-08,12.26,2.4,6.25,0.01,0.63,2.53,10.93
1988-08-09,13.13,2.96,7.08,0.01,0.63,4.37,12.15
1988-08-10,13.82,4.19,7.98,0.06,0.63,4.77,10.57
1988-08-11,14.22,2.88,8.0,0.05,0.63,4.12,9.78
1988-08-12,15.31,1.31,7.33,0.0,0.62,3.63,14.18
1988-08-13,17.89,3.46,10.02,0.01,0.62,5.01,12.72
1988-08-14,19.5,7.46,12.27,0.06,0.62,6.79,11.21
1988-08-15,21.11,9.08,13.63,1.53,0.62,8.83,11.79
1988-08-16,22.77,8.17,15.0,0.03,0.62,9.51,15.68
1988-08-17,17.69,7.54,11.82,0.01,0.61,7.62,15.29
1988-08-18,15.44,5.27,10.42,0.38,0.61,6.59,11.76
1988-08-19,15.47,7.01,10.28,0.4,0.61,6.26,13.2
1988-08-20,17.75,5.85,11.44,0.2,0.61,6.17,13.35
1988-08-21,15.88,6.0,10.58,0.76,0.61,6.85,9.91
1988-08-22,13.48,4.2,8.13,0.16,0.6,4.68,9.09
1988-08-23,14.49,4.57,8.65,0.16,0.6,4.24,11.77
1988-08-24,14.76,1.28,7.77,0.01,0.6,3.57,12.22
1988-08-25,17.0,4.19,9.71,0.0,0.6,3.21,17.52
1988-08-26,17.67,5.62,10.7,0.47,0.6,2.77,14.99
1988-08-27,11.57,6.21,8.86,1.95,0.6,6.86,10.95
1988-08-28,15.4,5.43,9.34,0.24,0.6,5.92,13.35
1988-08-29,17.5,5.66,10.79,0.01,0.6,5.97,14.69
1988-08-30,18.14,7.11,11.98,0.0,0.59,5.76,12.55
1988-08-31,22.27,6.56,13.94,0.0,0.59,6.22,18.33
1988-09-01,22.2,9.18,15.17,3.5,0.59,9.01,17.46
1988-09-02,15.88,8.19,12.46,31.06,0.63,10.43,13.6
1988-09-03,15.37,6.87,10.54,0.64,0.64,7.95,12.39
1988-09-04,16.0,6.46,10.19,0.22,0.63,5.73,13.83
1988-09-05,18.06,4.73,11.39,0.01,0.63,3.93,18.75
1988-09-06,20.83,4.59,11.67,0.0,0.63,5.28,18.96
1988-09-07,17.73,5.72,10.64,0.0,0.62,6.54,19.31
1988-09-08,22.64,5.24,13.39,0.0,0.62,6.81,18.73
1988-09-09,22.6,10.06,15.41,0.4,0.61,9.28,8.93
1988-09-10,18.72,10.62,14.67,25.34,0.63,12.62,6.38
1988-09-11,16.97,8.94,12.3,2.04,0.65,8.33,16.17
1988-09-12,12.96,4.36,9.44,2.39,0.65,6.52,16.18
1988-09-13,14.66,1.56,8.48,0.0,0.65,2.4,19.79
1988-09-14,16.75,3.15,9.21,0.0,0.64,2.8,19.74
1988-09-15,17.99,4.57,10.37,0.03,0.64,4.54,18.75
1988-09-16,19.25,4.69,11.8,0.1,0.64,6.3,18.52
1988-09-17,19.33,6.89,12.65,0.51,0.63,7.3,10.34
1988-09-18,15.87,7.62,11.1,1.93,0.63,7.07,14.88
1988-09-19,15.84,6.42,10.26,1.16,0.63,7.11,17.39
1988-09-20,17.72,5.26,11.51,0.0,0.63,6.61,21.76
1988-09-21,23.27,5.1,13.63,0.07,0.62,6.44,20.73
1988-09-22,25.62,7.28,16.14,0.0,0.62,5.76,16.41
1988-09-23,21.87,7.83,16.13,0.11,0.61,6.51,14.14
1988-09-24,17.49,3.64,10.26,0.06,0.61,4.21,19.18
1988-09-25,18.8,3.68,11.73,0.0,0.6,5.02,20.77
1988-09-26,24.19,5.63,14.77,0.11,0.6,5.52,22.98
1988-09-27,19.41,7.7,13.23,1.25,0.6,8.59,12.68
1988-09-28,25.89,6.69,14.7,0.81,0.6,6.82,14.29
1988-09-29,20.13,5.45,12.91,0.0,0.59,6.75,19.43
1988-09-30,26.05,8.45,16.45,0.07,0.59,8.11,16.21
1988-10-01,19.26,10.55,14.33,2.66,0.58,7.34,20.32
1988-10-02,20.08,6.47,13.13,0.29,0.59,6.11,20.55
1988-10-03,31.57,10.54,20.5,0.0,0.58,6.82,23.08
1988-10-04,26.64,11.34,18.02,0.02,0.57,10.82,21.13
1988-10-05,20.7,7.96,13.77,0.09,0.57,6.62,21.1
1988-10-06,17.14,6.91,11.57,0.4,0.57,4.6,21.76
1988-10-07,24.35,5.05,15.0,0.0,0.56,4.21,24.91
1988-10-08,18.86,10.19,14.04,0.35,0.56,6.55,18.92
1988-10-09,20.32,6.82,12.71,2.16,0.56,6.63,19.43
1988-10-10,18.51,7.0,12.41,0.74,0.56,6.34,20.43
1988-10-11,26.01,6.95,16.66,0.01,0.56,7.21,22.09
1988-10-12,20.28,8.01,14.19,0.02,0.55,5.18,23.38
1988-10-13,25.11,5.22,15.14,0.0,0.55,4.63,25.09
1988-10-14,20.47,8.71,15.76,0.02,0.55,5.35,16.62
1988-10-15,21.12,6.06,13.61,0.0,0.54,4.8,25.08
1988-10-16,24.52,9.9,15.08,0.01,0.54,3.62,25.46
1988-10-17,18.59,8.7,12.92,0.01,0.54,4.61,21.98
1988-10-18,24.26,5.67,15.47,0.0,0.54,4.23,25.02
1988-10-19,27.34,10.16,18.36,0.01,0.53,7.32,26.48
1988-10-20,34.07,10.83,21.87,0.05,0.53,9.51,18.34
1988-10-21,21.92,11.82,16.9,9.4,0.53,11.47,11.28
1988-10-22,18.33,9.36,13.64,0.35,0.54,5.32,23.35
1988-10-23,19.62,9.9,14.36,0.22,0.54,6.47,22.5
1988-10-24,19.93,6.83,12.75,0.07,0.54,4.53,26.69
1988-10-25,25.36,5.63,15.21,0.0,0.53,2.95,29.11
1988-10-26,30.76,11.61,20.29,0.0,0.53,3.01,22.46
1988-10-27,21.87,7.41,14.21,0.0,0.53,4.03,27.63
1988-10-28,26.93,6.44,17.05,0.0,0.52,4.43,28.51
1988-10-29,24.8,9.34,16.3,0.0,0.52,7.17,27.86
1988-10-30,25.74,8.03,16.63,0.0,0.52,7.55,29.21
1988-10-31,26.89,8.81,17.9,0.0,0.51,7.89,29.58
1988-11-01,31.16,9.51,20.89,0.0,0.51,7.28,29.91
1988-11-02,39.21,15.12,26.1,0.01,0.51,6.09,29.26
1988-11-03,27.7,13.14,18.94,7.08,0.5,7.89,13.61
1988-11-04,18.53,10.55,13.82,27.08,0.55,9.85,10.36
1988-11-05,21.41,6.37,13.85,0.03,0.56,4.08,29.78
1988-11-06,25.48,5.52,15.56,0.0,0.55,4.71,24.86
1988-11-07,28.95,9.5,20.05,0.69,0.55,5.83,29.94
1988-11-08,27.86,12.81,20.39,0.0,0.54,7.11,30.58
1988-11-09,22.79,9.44,16.02,0.0,0.54,5.22,27.09
1988-11-10,24.63,6.59,16.02,0.0,0.54,6.3,31.29
1988-11-11,27.3,9.0,18.38,0.0,0.53,7.59,31.75
1988-11-12,33.69,11.21,23.0,0.0,0.53,8.51,31.74
1988-11-13,32.97,17.71,25.69,0.47,0.52,9.8,29.63
1988-11-14,26.26,8.72,18.0,4.03,0.52,10.05,24.53
1988-11-15,16.29,6.34,11.32,0.32,0.52,1.37,27.38
1988-11-16,20.78,5.75,13.59,0.43,0.52,3.55,22.97
1988-11-17,21.89,9.43,15.3,0.01,0.52,7.12,28.96
1988-11-18,26.71,6.16,17.0,0.0,0.52,5.6,24.64
1988-11-19,32.03,11.26,22.38,0.01,0.51,4.26,29.99
1988-11-20,26.16,13.22,19.6,0.06,0.51,7.64,28.07
1988-11-21,18.95,11.46,14.74,1.4,0.51,7.43,22.67
1988-11-22,16.4,10.45,13.56,5.63,0.52,10.06,15.53
1988-11-23,22.66,11.8,16.77,7.67,0.53,10.32,18.76
1988-11-24,24.88,11.13,17.26,0.52,0.53,9.9,22.62
1988-11-25,25.03,9.71,17.09,0.02,0.53,8.2,22.55
1988-11-26,22.97,8.81,15.86,0.0,0.52,6.26,24.77
1988-11-27,24.61,9.63,16.5,0.0,0.52,6.19,22.89
1988-11-28,23.64,7.16,15.7,0.0,0.52,4.74,33.46
1988-11-29,23.45,8.21,15.93,0.0,0.51,5.34,25.35
1988-11-30,25.45,8.2,16.85,0.0,0.51,6.29,24.58
1988-12-01,28.47,9.2,19.61,0.0,0.51,7.18,33.31
1988-12-02,33.27,13.88,24.68,0.01,0.5,7.78,23.55
1988-12-03,35.96,18.23,24.96,0.45,0.5,11.42,16.92
1988-12-04,32.33,16.7,24.72,1.66,0.5,15.7,14.7
1988-12-05,26.1,14.55,20.88,3.42,0.5,12.77,10.68
1988-12-06,28.06,9.57,18.28,0.05,0.5,5.53,34.08
1988-12-07,29.07,8.24,18.8,0.04,0.5,4.27,31.1
1988-12-08,22.73,15.22,19.48,14.21,0.51,15.97,14.2
1988-12-09,32.72,18.06,25.05,2.88,0.52,17.25,28.52
1988-12-10,32.02,15.11,23.97,1.48,0.52,13.87,21.31
1988-12-11,23.88,12.14,17.19,0.18,0.52,4.89,29.72
1988-12-12,27.08,8.54,18.16,0.0,0.51,7.15,34.15
1988-12-13,31.63,11.95,22.09,0.0,0.51,9.52,34.08
1988-12-14,33.37,15.5,24.46,0.07,0.51,10.03,34.18
1988-12-15,33.34,16.29,24.86,0.02,0.5,8.39,33.99
1988-12-16,36.02,19.27,28.11,0.03,0.5,14.5,33.9
1988-12-17,37.05,23.04,29.41,4.24,0.5,16.36,23.58
1988-12-18,37.37,20.37,28.66,1.13,0.5,16.82,32.19
1988-12-19,32.72,19.97,25.82,0.57,0.5,13.47,24.94
1988-12-20,27.41,16.49,21.42,0.33,0.49,6.31,12.48
1988-12-21,29.45,13.03,21.46,0.03,0.49,7.18,34.25
1988-12-22,32.28,13.08,23.68,0.03,0.49,8.46,26.02
1988-12-23,36.88,15.9,27.62,0.04,0.49,10.19,33.8
1988-12-24,38.47,19.96,29.37,0.5,0.49,13.57,22.43
1988-12-25,29.41,19.65,24.95,7.05,0.49,19.03,14.14
1988-12-26,26.41,12.12,19.36,0.06,0.5,6.38,33.65
1988-12-27,25.6,8.97,17.15,0.14,0.49,5.05,32.99
1988-12-28,27.92,10.41,19.2,0.05,0.49,5.38,34.32
1988-12-29,29.75,11.34,20.9,0.0,0.49,5.34,34.1
1988-12-30,32.31,12.87,22.98,0.0,0.49,6.46,29.63
1988-12-31,24.34,15.27,19.84,1.9,0.48,10.64,17.89
1989-01-01,31.51,11.87,22.2,0.05,0.49,10.28,32.87
1989-01-02,33.02,17.56,25.53,0.05,0.48,10.76,33.49
1989-01-03,32.24,19.13,24.95,4.44,0.48,13.51,21.1
1989-01-04,24.48,12.8,18.52,9.5,0.51,8.38,29.63
1989-01-05,24.78,9.63,17.14,0.19,0.5,4.9,30.93
1989-01-06,26.63,9.17,18.01,0.0,0.5,4.78,34.19
1989-01-07,30.55,10.51,21.55,0.0,0.5,6.98,32.23
1989-01-08,36.44,15.23,26.3,0.0,0.49,6.77,23.31
1989-01-09,29.36,16.37,21.9,0.01,0.49,7.99,32.67
1989-01-10,23.73,12.41,17.64,0.04,0.49,5.92,26.37
1989-01-11,24.1,10.14,17.01,0.01,0.48,6.08,24.62
1989-01-12,27.4,10.32,18.87,0.0,0.48,3.85,31.48
1989-01-13,31.35,10.72,21.38,0.0,0.48,5.76,34.16
1989-01-14,34.41,15.95,25.74,0.01,0.48,8.4,31.54
1989-01-15,36.5,18.69,27.93,0.14,0.48,8.22,28.08
1989-01-16,37.06,23.33,28.78,2.67,0.48,12.35,20.53
1989-01-17,29.75,18.03,23.76,1.16,0.48,14.35,23.06
1989-01-18,27.75,14.0,19.92,0.22,0.48,5.18,28.62
1989-01-19,30.84,12.46,21.92,0.0,0.48,9.23,29.82
1989-01-20,30.7,14.73,21.81,0.0,0.48,7.72,30.3
1989-01-21,29.16,12.99,20.47,0.0,0.48,4.92,32.25
1989-01-22,27.04,10.43,18.51,0.0,0.48,5.17,32.44
1989-01-23,31.99,12.5,22.49,0.0,0.48,7.29,31.49
1989-01-24,32.27,15.27,23.9,0.0,0.48,5.33,32.11
1989-01-25,33.79,17.39,25.66,0.0,0.48,5.26,31.49
1989-01-26,35.44,17.22,26.74,0.0,0.48,5.62,30.86
1989-01-27,37.84,19.82,29.46,0.0,0.48,5.63,31.65
1989-01-28,38.66,20.56,30.01,0.0,0.47,5.54,30.79
1989-01-29,37.88,21.39,29.93,0.09,0.47,7.24,23.03
1989-01-30,33.49,18.37,25.2,0.0,0.47,6.46,30.68
1989-01-31,29.37,12.93,21.11,0.0,0.47,6.02,30.77
1989-02-01,33.24,12.83,23.32,0.0,0.47,8.47,31.37
1989-02-02,34.32,14.26,24.59,0.02,0.47,3.16,32.07
1989-02-03,28.88,14.63,21.77,0.0,0.47,4.83,24.96
1989-02-04,31.63,13.47,22.07,0.0,0.47,6.91,30.62
1989-02-05,30.65,14.43,22.61,0.0,0.47,5.15,30.69
1989-02-06,29.38,18.99,23.5,6.12,0.48,11.32,24.6
1989-02-07,36.8,20.34,28.37,1.08,0.48,12.44,22.62
1989-02-08,40.72,19.06,28.84,0.28,0.48,10.52,22.55
1989-02-09,26.57,13.79,19.32,0.91,0.48,8.14,22.67
1989-02-10,26.17,11.27,18.89,0.02,0.48,6.79,25.97
1989-02-11,30.02,14.16,22.11,0.01,0.48,11.93,25.05
1989-02-12,34.81,16.53,26.24,0.0,0.48,10.6,29.77
1989-02-13,34.25,16.81,25.27,0.24,0.48,11.62,25.09
1989-02-14,34.22,17.7,25.71,0.23,0.48,11.59,29.75
1989-02-15,32.05,15.84,24.09,0.05,0.48,10.37,29.75
1989-02-16,33.72,16.52,25.11,0.01,0.48,10.97,29.17
1989-02-17,36.58,17.02,27.05,0.0,0.48,10.82,29.39
1989-02-18,41.75,19.4,30.08,0.0,0.48,6.26,29.13
1989-02-19,28.57,14.39,20.91,0.01,0.47,4.82,28.99
1989-02-20,28.27,12.32,19.82,0.0,0.47,3.76,28.89
1989-02-21,27.16,11.66,19.16,0.0,0.47,4.26,27.42
1989-02-22,29.65,12.69,21.23,0.0,0.47,5.59,27.65
1989-02-23,34.24,14.04,24.31,0.0,0.47,4.75,28.08
1989-02-24,38.31,17.88,28.32,0.0,0.47,0.26,25.78
1989-02-25,31.48,16.2,23.65,0.0,0.47,6.28,27.27
1989-02-26,33.39,11.79,22.33,0.0,0.47,4.62,24.83
1989-02-27,36.89,14.52,26.09,0.0,0.47,2.31,23.68
1989-02-28,37.8,19.44,28.9,0.0,0.47,4.82,23.38
1989-03-01,39.05,21.7,30.62,0.0,0.47,7.06,26.31
1989-03-02,40.24,23.87,31.28,0.04,0.47,7.08,25.18
1989-03-03,38.89,21.6,30.17,0.0,0.47,8.01,25.93
1989-03-04,37.57,21.38,29.63,0.01,0.47,5.37,25.46
1989-03-05,37.71,23.46,30.43,0.04,0.47,7.57,25.18
1989-03-06,38.74,23.48,31.11,0.06,0.47,7.17,25.0
1989-03-07,39.39,22.12,30.91,0.01,0.47,6.32,23.76
1989-03-08,39.04,24.37,30.4,0.92,0.47,8.64,18.97
1989-03-09,37.65,21.77,29.1,3.01,0.47,15.08,22.46
1989-03-10,30.05,21.17,25.61,3.72,0.48,16.92,15.08
1989-03-11,31.82,17.07,24.81,0.02,0.48,12.82,23.99
1989-03-12,29.34,15.83,22.82,1.83,0.48,10.61,21.51
1989-03-13,20.19,13.08,16.5,0.37,0.48,7.93,10.82
1989-03-14,20.73,12.96,16.4,6.73,0.49,10.44,8.9
1989-03-15,23.88,9.45,16.13,0.08,0.49,6.55,23.82
1989-03-16,24.62,10.2,16.42,0.05,0.49,6.21,23.44
1989-03-17,27.61,11.12,18.97,0.04,0.49,9.04,22.78
1989-03-18,27.47,12.7,20.5,0.02,0.49,11.63,16.35
1989-03-19,26.91,17.39,21.84,2.26,0.49,15.52,12.92
1989-03-20,24.71,16.71,20.47,25.53,0.5,17.5,10.35
1989-03-21,29.6,18.24,23.14,0.65,0.54,16.46,16.81
1989-03-22,25.7,15.61,19.73,0.0,0.53,13.11,20.96
1989-03-23,23.71,12.79,18.38,0.0,0.53,11.26,16.7
1989-03-24,20.34,10.12,15.08,0.0,0.53,7.01,16.15
1989-03-25,22.63,7.57,14.35,0.0,0.52,5.12,22.69
1989-03-26,24.51,7.92,15.87,0.04,0.52,7.06,22.52
1989-03-27,23.73,10.78,16.91,0.0,0.52,8.05,20.65
1989-03-28,22.34,8.72,15.45,0.0,0.52,8.03,17.39
1989-03-29,22.29,8.94,15.38,0.01,0.51,7.43,19.08
1989-03-30,25.62,8.7,17.46,0.42,0.51,8.58,18.24
1989-03-31,21.57,13.72,17.16,29.04,0.54,13.75,9.85
1989-04-01,21.94,13.37,17.61,3.93,0.57,13.07,10.86
1989-04-02,24.89,13.54,19.26,0.61,0.56,12.12,19.88
1989-04-03,26.85,13.35,19.37,0.0,0.56,8.29,20.06
1989-04-04,29.2,11.64,20.64,0.89,0.56,13.5,17.91
1989-04-05,25.86,14.7,20.98,24.41,0.57,17.21,7.12
1989-04-06,21.89,10.71,16.06,2.02,0.6,9.99,14.52
1989-04-07,21.94,9.77,14.93,0.55,0.59,9.17,16.25
1989-04-08,21.35,9.49,14.68,0.09,0.59,10.29,17.21
1989-04-09,22.51,10.91,16.96,3.23,0.59,12.54,14.99
1989-04-10,23.75,11.61,17.74,0.94,0.59,12.37,12.5
1989-04-11,19.37,12.34,16.32,3.8,0.59,12.03,15.19
1989-04-12,19.79,13.11,15.84,0.37,0.59,11.31,14.73
1989-04-13,20.77,10.01,14.47,0.17,0.59,8.56,14.96
1989-04-14,20.07,6.81,13.86,0.0,0.59,6.35,17.22
1989-04-15,22.93,8.22,15.22,0.01,0.59,6.39,16.31
1989-04-16,19.88,10.13,15.03,0.17,0.58,9.67,9.63
1989-04-17,20.46,6.37,13.2,0.01,0.58,6.25,15.99
1989-04-18,20.19,9.57,14.39,0.03,0.58,9.24,11.78
1989-04-19,21.42,7.61,14.44,0.0,0.58,7.99,17.47
1989-04-20,22.69,7.71,14.65,0.0,0.57,8.61,17.67
1989-04-21,23.08,9.35,15.44,0.0,0.57,10.04,15.87
1989-04-22,21.24,7.96,14.32,0.0,0.57,9.81,17.08
1989-04-23,22.87,8.95,15.04,0.0,0.57,9.89,16.86
1989-04-24,24.8,10.7,16.68,0.0,0.57,10.21,16.09
1989-04-25,25.73,12.04,17.59,0.0,0.56,11.57,15.87
1989-04-26,24.86,12.31,17.73,0.0,0.56,12.22,13.31
1989-04-27,24.27,11.74,17.11,0.03,0.56,12.12,14.11
1989-04-28,22.11,10.75,15.89,0.01,0.56,11.52,11.76
1989-04-29,22.03,13.02,16.89,1.05,0.56,12.62,11.51
1989-04-30,23.47,11.69,17.02,2.92,0.56,11.92,9.48
1989-05-01,22.92,12.26,16.69,0.52,0.56,11.23,13.24
1989-05-02,21.14,9.26,14.92,0.05,0.56,9.07,12.62
1989-05-03,19.98,10.92,14.88,8.52,0.56,9.64,6.25
1989-05-04,19.2,9.54,14.28,2.74,0.57,10.99,7.29
1989-05-05,17.77,5.71,11.85,0.44,0.57,6.59,7.91
1989-05-06,15.97,11.05,12.92,3.76,0.58,10.96,6.94
1989-05-07,20.2,8.58,14.27,0.25,0.58,10.61,10.95
1989-05-08,22.79,8.66,15.01,0.02,0.58,11.19,14.6
1989-05-09,17.41,11.71,14.51,49.27,0.59,12.92,3.37
1989-05-10,16.91,8.02,12.9,2.04,0.66,9.55,12.31
1989-05-11,17.44,9.47,13.28,2.87,0.65,11.57,9.06
1989-05-12,18.68,9.38,13.72,0.0,0.65,10.04,13.48
1989-05-13,19.55,9.11,13.92,0.04,0.65,10.09,12.42
1989-05-14,19.02,8.47,13.15,0.05,0.64,10.15,13.43
1989-05-15,18.99,6.62,11.86,0.0,0.64,8.46,13.38
1989-05-16,17.88,5.9,10.76,0.0,0.64,7.71,12.92
1989-05-17,17.98,6.45,11.82,0.0,0.64,8.96,10.24
1989-05-18,18.57,9.03,13.77,0.01,0.64,9.66,8.62
1989-05-19,18.11,6.57,11.29,0.0,0.63,7.33,11.26
1989-05-20,16.95,3.46,9.06,0.0,0.63,5.23,12.75
1989-05-21,17.06,4.62,11.57,0.41,0.63,8.86,8.7
1989-05-22,15.14,7.2,12.15,7.45,0.64,8.56,11.55
1989-05-23,15.8,6.43,10.68,0.13,0.64,7.92,9.41
1989-05-24,15.49,7.33,11.09,0.05,0.64,8.23,8.62
1989-05-25,15.56,8.12,10.65,0.08,0.64,6.55,8.78
1989-05-26,15.02,7.66,10.78,0.04,0.64,8.16,7.29
1989-05-27,16.73,10.11,12.52,0.03,0.64,10.29,10.24
1989-05-28,17.99,10.54,13.91,0.02,0.63,11.75,8.2
1989-05-29,17.14,11.82,14.22,5.83,0.64,12.65,4.08
1989-05-30,15.95,8.31,12.15,0.44,0.64,9.56,7.69
1989-05-31,11.83,3.85,7.51,0.02,0.64,3.54,11.15
1989-06-01,11.49,1.36,6.27,0.0,0.64,3.28,10.16
1989-06-02,11.33,3.12,5.91,0.0,0.64,2.34,6.08
1989-06-03,10.58,4.32,7.61,11.09,0.64,6.07,4.36
1989-06-04,12.65,7.65,9.42,10.67,0.67,7.69,4.99
1989-06-05,12.72,3.83,7.67,1.74,0.67,5.62,4.62
1989-06-06,14.1,5.38,8.49,1.17,0.67,6.49,8.23
1989-06-07,15.38,7.86,10.81,1.15,0.67,8.71,9.86
1989-06-08,14.56,5.13,9.34,4.21,0.67,5.88,11.02
1989-06-09,9.75,6.12,7.42,2.96,0.68,5.47,9.11
1989-06-10,12.56,1.79,7.38,0.81,0.68,5.74,6.45
1989-06-11,13.69,3.62,8.72,0.11,0.68,6.06,8.49
1989-06-12,13.85,3.31,8.38,0.11,0.67,6.33,8.91
1989-06-13,12.86,3.17,7.21,0.01,0.67,5.42,7.51
1989-06-14,13.52,6.75,9.68,0.68,0.67,7.95,5.02
1989-06-15,12.53,9.57,10.62,3.29,0.67,10.0,4.75
1989-06-16,16.66,9.6,12.47,2.86,0.68,10.86,5.24
1989-06-17,16.65,7.1,11.93,6.12,0.69,8.6,9.77
1989-06-18,14.18,5.96,9.32,1.23,0.69,6.35,9.29
1989-06-19,14.12,3.79,8.34,0.09,0.69,6.32,8.01
1989-06-20,13.62,4.51,7.63,0.0,0.68,4.52,11.05
1989-06-21,13.47,3.45,6.76,0.04,0.68,4.99,11.04
1989-06-22,13.46,2.81,7.21,0.14,0.68,5.29,10.65
1989-06-23,10.17,2.12,5.54,2.51,0.68,3.83,4.85
1989-06-24,10.74,1.67,5.48,0.59,0.68,2.58,9.85
1989-06-25,9.59,1.91,5.6,1.9,0.68,4.67,8.08
1989-06-26,11.83,2.42,6.57,0.09,0.68,3.96,7.2
1989-06-27,12.84,2.84,6.91,0.01,0.68,4.05,6.49
1989-06-28,13.97,0.39,5.87,0.0,0.68,4.53,8.73
1989-06-29,12.9,3.95,7.59,0.01,0.68,6.8,8.37
1989-06-30,16.16,5.53,9.64,0.08,0.68,7.73,10.08
1989-07-01,16.57,6.77,11.27,1.53,0.68,9.9,6.55
1989-07-02,14.6,6.29,10.14,0.36,0.68,8.07,9.87
1989-07-03,14.58,5.89,9.34,3.45,0.68,6.96,8.62
1989-07-04,11.26,4.03,6.47,0.14,0.68,4.7,9.98
1989-07-05,10.48,3.69,5.87,0.23,0.68,4.08,8.53
1989-07-06,9.66,2.91,6.25,4.25,0.69,4.62,6.73
1989-07-07,11.2,3.1,6.9,0.2,0.69,5.37,9.45
1989-07-08,10.86,4.54,7.43,0.16,0.68,5.08,6.58
1989-07-09,10.41,5.91,7.53,2.2,0.68,5.54,6.46
1989-07-10,9.48,4.67,6.71,4.1,0.69,5.35,8.2
1989-07-11,12.74,5.3,7.65,0.19,0.69,5.71,7.83
1989-07-12,11.31,4.73,7.12,0.39,0.69,5.02,9.31
1989-07-13,11.61,3.67,7.08,0.13,0.69,4.15,8.49
1989-07-14,12.05,1.91,6.04,0.0,0.69,3.51,9.91
1989-07-15,11.89,1.51,5.36,0.0,0.68,1.45,8.53
1989-07-16,8.92,1.51,4.39,0.28,0.68,1.7,7.85
1989-07-17,7.5,0.53,3.89,0.43,0.68,3.03,7.05
1989-07-18,12.6,3.73,6.83,0.1,0.68,5.0,11.31
1989-07-19,10.68,3.02,5.72,0.14,0.68,3.94,11.68
1989-07-20,10.8,3.87,5.78,0.07,0.68,4.52,8.61
1989-07-21,11.48,4.04,7.06,0.03,0.68,5.27,10.0
1989-07-22,11.05,2.51,5.75,2.01,0.68,4.36,6.36
1989-07-23,9.75,2.62,4.9,1.43,0.68,3.02,6.42
1989-07-24,15.3,2.08,7.83,0.32,0.68,6.31,12.57
1989-07-25,16.07,5.49,9.91,0.01,0.68,7.08,12.84
1989-07-26,15.87,4.24,9.85,0.0,0.68,7.81,12.78
1989-07-27,15.52,7.31,10.32,0.0,0.68,6.85,12.51
1989-07-28,11.81,4.59,8.89,7.03,0.67,7.16,5.55
1989-07-29,16.56,7.41,11.32,1.17,0.68,9.46,9.2
1989-07-30,13.86,5.87,8.73,0.3,0.68,6.34,11.6
1989-07-31,9.17,3.22,6.93,6.49,0.69,4.95,11.14
1989-08-01,13.03,3.14,7.65,0.13,0.69,6.09,11.26
1989-08-02,13.97,4.87,8.35,0.0,0.69,6.17,7.63
1989-08-03,13.92,4.09,7.84,0.12,0.69,3.96,9.83
1989-08-04,10.07,3.55,6.33,7.12,0.69,4.89,5.57
1989-08-05,11.62,5.32,7.56,3.02,0.7,5.92,9.07
1989-08-06,11.97,6.07,7.94,0.56,0.7,5.68,11.46
1989-08-07,10.24,3.15,6.74,2.43,0.7,4.08,10.45
1989-08-08,12.86,3.69,7.67,1.65,0.7,6.58,10.51
1989-08-09,12.82,5.94,8.83,1.3,0.7,7.84,11.21
1989-08-10,14.88,4.53,9.96,1.89,0.7,7.96,10.95
1989-08-11,12.55,1.53,6.44,0.0,0.7,3.56,12.94
1989-08-12,12.38,1.58,5.98,0.06,0.7,3.71,10.52
1989-08-13,12.28,0.86,5.56,0.06,0.69,2.97,13.71
1989-08-14,13.37,0.18,5.94,0.01,0.69,2.04,12.78
1989-08-15,11.99,2.05,6.46,2.47,0.69,4.12,10.86
1989-08-16,13.01,2.55,6.82,0.5,0.69,4.4,11.35
1989-08-17,15.4,3.28,7.76,0.0,0.69,5.04,16.11
1989-08-18,15.61,2.14,8.08,0.03,0.69,5.54,15.75
1989-08-19,17.07,6.74,10.4,3.04,0.69,7.5,9.94
1989-08-20,13.4,4.81,7.9,0.8,0.69,5.48,14.03
1989-08-21,12.83,3.0,7.63,0.09,0.69,5.43,12.15
1989-08-22,12.04,5.23,8.18,5.59,0.69,5.78,11.34
1989-08-23,11.58,3.44,6.92,0.66,0.69,4.46,14.55
1989-08-24,12.63,3.04,7.07,0.07,0.69,4.02,12.2
1989-08-25,11.66,4.16,7.56,1.15,0.69,5.03,10.14
1989-08-26,10.37,2.85,6.29,3.28,0.69,4.58,13.48
1989-08-27,11.33,2.0,5.73,1.1,0.69,3.13,13.04
1989-08-28,12.94,1.29,6.86,4.41,0.69,4.72,9.84
1989-08-29,12.99,5.14,8.65,3.45,0.69,6.06,13.91
1989-08-30,14.47,4.35,8.96,0.45,0.7,6.7,13.67
1989-08-31,13.29,7.29,9.96,4.78,0.7,6.18,15.89
1989-09-01,16.13,6.43,10.77,0.35,0.7,7.52,13.64
1989-09-02,16.12,5.5,9.86,0.03,0.69,6.69,18.23
1989-09-03,17.51,3.63,10.09,0.02,0.69,6.8,17.4
1989-09-04,15.95,4.0,9.92,0.05,0.68,7.52,17.46
1989-09-05,17.09,5.45,10.77,0.02,0.68,6.74,19.3
1989-09-06,18.82,3.76,10.57,0.09,0.68,7.12,18.73
1989-09-07,17.66,3.48,10.08,0.0,0.67,6.1,19.23
1989-09-08,21.29,5.48,12.58,0.0,0.67,6.81,19.25
1989-09-09,16.13,5.94,10.88,0.74,0.66,5.92,17.43
1989-09-10,17.91,4.08,9.53,6.61,0.66,6.0,11.11
1989-09-11,12.19,4.69,7.76,6.28,0.67,5.02,11.71
1989-09-12,15.59,6.12,10.16,2.26,0.68,6.45,15.62
1989-09-13,14.06,3.25,8.0,0.76,0.67,4.38,15.54
1989-09-14,14.45,2.8,7.8,0.1,0.67,3.89,18.35
1989-09-15,14.87,5.52,9.39,0.22,0.67,5.95,18.6
1989-09-16,18.64,2.6,10.96,0.02,0.66,5.85,19.8
1989-09-17,17.44,5.72,10.78,0.52,0.66,6.9,18.69
1989-09-18,17.12,7.03,11.62,0.81,0.65,8.18,12.23
1989-09-19,17.16,7.25,11.78,0.19,0.65,7.84,15.49
1989-09-20,17.84,3.86,11.0,0.02,0.65,6.16,19.8
1989-09-21,19.86,5.67,12.94,0.13,0.64,7.19,20.94
1989-09-22,16.28,7.54,12.3,5.27,0.65,8.86,13.01
1989-09-23,17.6,6.16,11.44,0.07,0.65,6.05,18.76
1989-09-24,22.62,5.57,14.33,0.54,0.64,7.77,23.41
1989-09-25,14.8,5.01,10.65,3.12,0.64,6.02,14.93
1989-09-26,15.65,3.02,8.9,0.07,0.64,4.13,19.68
1989-09-27,17.45,4.76,10.98,0.0,0.63,5.61,23.04
1989-09-28,21.61,4.38,13.17,0.0,0.63,6.09,23.66
1989-09-29,25.91,7.35,16.04,0.0,0.62,7.93,23.86
1989-09-30,21.25,9.91,14.78,0.04,0.62,10.89,11.03
1989-10-01,15.45,5.07,10.47,0.11,0.62,4.7,19.18
1989-10-02,15.97,2.29,8.84,0.03,0.61,2.37,23.59
1989-10-03,18.24,1.75,10.37,0.67,0.61,2.43,19.55
1989-10-04,22.4,6.91,13.75,0.16,0.6,7.18,22.62
1989-10-05,17.33,8.82,12.87,3.29,0.6,9.17,15.31
1989-10-06,18.94,6.11,12.14,0.26,0.6,4.46,24.95
1989-10-07,18.88,7.73,12.2,5.98,0.6,6.2,11.33
1989-10-08,15.81,6.93,10.85,0.71,0.61,4.52,20.89
1989-10-09,13.26,5.13,9.37,1.53,0.61,5.71,19.12
1989-10-10,17.64,6.33,11.28,0.18,0.6,6.19,20.28
1989-10-11,19.76,5.55,12.47,0.04,0.6,7.22,22.33
1989-10-12,17.61,8.84,13.07,0.19,0.6,6.18,20.83
1989-10-13,18.11,9.09,12.87,4.36,0.6,8.8,15.87
1989-10-14,20.28,6.78,13.04,0.02,0.6,5.37,26.54
1989-10-15,30.05,7.49,15.69,0.5,0.59,6.04,16.66
1989-10-16,19.24,4.25,11.53,0.0,0.59,4.67,27.53
1989-10-17,23.13,5.92,14.6,0.06,0.58,6.34,22.89
1989-10-18,27.77,13.01,19.07,0.01,0.58,8.13,27.15
1989-10-19,21.92,8.82,15.58,2.01,0.57,9.66,14.97
1989-10-20,20.46,8.38,13.73,0.06,0.57,7.04,21.3
1989-10-21,22.39,6.15,14.25,0.0,0.57,7.15,26.5
1989-10-22,23.18,6.76,15.27,0.02,0.57,6.99,26.44
1989-10-23,24.44,8.11,15.67,0.11,0.56,7.32,29.51
1989-10-24,25.57,6.55,16.13,7.91,0.56,9.09,22.24
1989-10-25,25.14,13.72,18.55,0.92,0.57,10.84,22.65
1989-10-26,22.21,7.16,15.06,1.62,0.57,6.53,17.56
1989-10-27,17.65,6.71,11.28,0.05,0.57,3.75,24.02
1989-10-28,20.59,7.1,13.41,0.03,0.56,6.88,23.45
1989-10-29,25.67,7.73,16.94,0.0,0.56,6.75,29.95
1989-10-30,27.28,8.67,17.03,4.28,0.56,5.49,14.67
1989-10-31,19.4,6.95,12.56,0.1,0.56,4.73,24.46
1989-11-01,21.0,4.94,13.14,0.01,0.56,5.64,18.32
1989-11-02,22.44,7.28,14.8,0.0,0.55,7.78,22.22
1989-11-03,25.39,7.38,16.84,0.03,0.55,7.41,23.46
1989-11-04,28.18,11.17,19.82,0.01,0.54,8.48,27.02
1989-11-05,29.53,13.78,20.47,1.8,0.54,9.61,14.32
1989-11-06,20.98,9.62,14.61,0.15,0.54,5.96,22.23
1989-11-07,23.82,8.98,15.69,0.02,0.54,6.41,30.47
1989-11-08,22.77,8.35,14.61,0.03,0.54,5.79,25.91
1989-11-09,21.69,4.09,13.18,0.0,0.53,3.88,30.45
1989-11-10,22.44,6.78,14.5,0.0,0.53,5.12,29.76
1989-11-11,24.52,6.63,15.89,0.08,0.53,5.6,31.64
1989-11-12,26.94,8.53,17.85,0.0,0.52,7.82,31.78
1989-11-13,30.08,9.43,20.71,0.0,0.52,7.61,29.6
1989-11-14,32.32,13.2,22.76,0.01,0.52,9.15,26.13
1989-11-15,28.47,15.74,21.45,0.03,0.51,13.84,14.84
1989-11-16,28.29,17.33,21.18,1.01,0.51,15.44,25.35
1989-11-17,25.34,11.9,18.31,0.05,0.51,10.36,25.98
1989-11-18,22.39,7.53,15.37,0.0,0.51,7.05,25.23
1989-11-19,24.74,9.1,16.24,0.0,0.51,5.72,31.33
1989-11-20,29.53,8.18,19.18,0.0,0.51,7.21,32.73
1989-11-21,32.94,12.94,23.49,0.0,0.5,8.61,32.41
1989-11-22,33.81,15.14,25.15,0.0,0.5,8.18,31.41
1989-11-23,36.76,18.99,26.88,0.15,0.49,8.99,22.52
1989-11-24,30.77,14.45,21.96,0.0,0.49,9.85,32.83
1989-11-25,32.85,11.54,22.39,0.0,0.49,10.51,32.28
1989-11-26,32.93,17.89,25.44,0.37,0.49,13.35,29.87
1989-11-27,34.42,18.81,26.2,0.0,0.49,10.81,30.6
1989-11-28,34.66,19.47,26.35,0.0,0.48,7.56,29.69
1989-11-29,35.63,18.89,26.28,3.72,0.48,12.83,24.96
1989-11-30,28.18,20.33,23.55,6.31,0.5,17.1,24.03
1989-12-01,36.14,18.92,26.03,5.2,0.5,15.14,21.37
1989-12-02,25.4,13.79,19.67,0.14,0.5,8.61,30.02
1989-12-03,25.19,10.45,17.6,0.01,0.5,5.91,28.47
1989-12-04,19.7,10.08,15.11,0.0,0.5,5.56,28.22
1989-12-05,29.16,8.08,19.0,0.0,0.49,4.81,33.8
1989-12-06,31.13,10.56,21.41,0.0,0.49,4.58,34.18
1989-12-07,34.5,13.13,24.73,0.0,0.49,5.92,34.09
1989-12-08,36.04,16.86,26.99,0.0,0.48,9.22,34.02
1989-12-09,38.03,17.89,28.43,0.0,0.48,6.77,29.63
1989-12-10,36.22,21.99,26.75,0.13,0.48,11.05,23.07
1989-12-11,33.53,16.74,24.65,0.0,0.48,6.83,33.53
1989-12-12,28.54,12.31,20.52,0.0,0.48,5.36,31.83
1989-12-13,25.69,12.81,19.48,6.08,0.49,7.59,20.76
1989-12-14,22.66,10.45,15.91,0.05,0.49,3.64,29.25
1989-12-15,26.3,8.44,17.29,0.0,0.49,5.49,31.87
1989-12-16,30.15,10.5,20.12,0.0,0.48,3.8,33.96
1989-12-17,34.59,12.14,24.65,0.0,0.48,2.58,33.79
1989-12-18,33.57,17.17,25.9,0.02,0.48,3.56,17.4
1989-12-19,33.89,16.67,25.17,0.01,0.48,8.03,32.99
1989-12-20,26.09,11.15,18.01,0.0,0.48,1.29,34.14
1989-12-21,28.05,8.77,18.65,0.01,0.48,1.71,33.92
1989-12-22,31.8,10.39,21.39,0.22,0.48,2.09,34.01
1989-12-23,33.72,13.64,24.34,0.0,0.48,4.83,19.1
1989-12-24,37.7,15.84,28.22,0.0,0.48,5.85,25.7
1989-12-25,38.93,20.12,29.01,0.67,0.47,6.25,16.73
1989-12-26,24.92,14.83,19.13,0.09,0.48,6.86,25.0
1989-12-27,24.53,12.44,18.09,0.26,0.48,5.82,23.49
1989-12-28,28.14,11.07,19.77,0.02,0.48,3.45,32.9
1989-12-29,35.18,13.14,24.82,0.0,0.47,3.54,33.51
1989-12-30,36.17,14.21,25.53,0.09,0.47,5.04,29.17
1989-12-31,38.99,16.19,27.74,0.0,0.47,6.3,18.71
1990-01-01,34.82,15.88,25.76,0.0,0.47,2.69,34.93
1990-01-02,36.47,15.41,26.54,0.0,0.47,1.94,33.86
1990-01-03,42.25,15.97,29.93,0.0,0.47,4.14,32.49
1990-01-04,30.55,13.3,21.62,0.0,0.47,1.62,34.25
1990-01-05,29.45,14.23,22.1,0.01,0.47,2.62,27.46
1990-01-06,34.55,15.54,25.53,0.0,0.47,3.19,31.04
1990-01-07,27.02,17.07,21.66,0.06,0.47,6.3,17.68
1990-01-08,29.61,16.72,22.63,0.73,0.47,9.66,20.93
1990-01-09,31.08,18.61,24.35,0.47,0.47,14.8,19.79
1990-01-10,31.23,19.46,25.35,2.56,0.47,17.14,18.37
1990-01-11,35.42,21.87,29.03,0.71,0.48,18.14,28.45
1990-01-12,37.83,21.85,29.49,0.04,0.48,11.63,33.34
1990-01-13,32.9,16.35,24.0,0.0,0.48,5.46,33.3
1990-01-14,29.75,12.71,20.62,0.0,0.48,3.84,23.43
1990-01-15,28.22,11.17,19.26,0.0,0.48,4.11,33.36
1990-01-16,25.85,9.07,17.52,0.02,0.48,0.98,33.3
1990-01-17,32.74,10.68,22.38,0.02,0.48,2.78,30.84
1990-01-18,32.99,19.45,25.49,1.6,0.48,9.99,26.3
1990-01-19,33.21,18.55,25.23,0.01,0.48,6.7,30.53
1990-01-20,30.62,14.37,22.65,0.12,0.48,6.03,31.89
1990-01-21,30.67,12.06,21.79,0.0,0.48,2.58,32.14
1990-01-22,34.78,13.17,24.34,0.0,0.48,3.45,31.57
1990-01-23,38.79,17.06,28.83,0.0,0.47,5.81,31.68
1990-01-24,43.06,21.42,30.89,0.0,0.47,6.64,30.3
1990-01-25,37.06,16.8,26.55,0.0,0.47,8.14,31.26
1990-01-26,39.38,18.23,29.15,0.0,0.47,8.64,30.92
1990-01-27,33.42,19.66,25.84,0.0,0.47,9.08,19.18
1990-01-28,29.22,16.14,21.99,0.0,0.47,4.88,30.36
1990-01-29,30.74,12.08,21.77,0.0,0.47,1.1,31.19
1990-01-30,40.46,18.99,29.39,0.0,0.47,2.48,31.19
1990-01-31,28.9,13.91,21.01,0.96,0.47,8.08,27.7
1990-02-01,18.82,12.49,15.15,3.35,0.48,7.05,26.43
1990-02-02,22.93,12.44,17.12,0.16,0.48,9.15,26.65
1990-02-03,27.74,12.22,18.82,0.05,0.48,10.45,20.84
1990-02-04,23.93,13.08,17.77,0.02,0.48,9.65,22.48
1990-02-05,28.65,13.05,20.63,0.0,0.48,8.86,29.73
1990-02-06,27.85,12.17,20.08,0.01,0.48,6.09,30.31
1990-02-07,29.91,12.36,21.64,0.0,0.48,5.59,29.83
1990-02-08,32.08,14.17,24.04,1.75,0.48,6.54,27.05
1990-02-09,24.91,17.38,20.93,2.83,0.48,12.07,17.97
1990-02-10,27.84,15.56,20.52,0.81,0.48,11.26,23.47
1990-02-11,26.12,12.78,19.47,0.52,0.48,10.04,24.91
1990-02-12,28.72,13.98,21.66,0.01,0.48,10.39,27.96
1990-02-13,31.66,14.5,23.42,0.01,0.48,8.58,27.33
1990-02-14,31.65,15.8,24.02,0.03,0.48,8.07,22.55
1990-02-15,36.49,18.9,27.73,0.0,0.48,6.3,29.08
1990-02-16,38.36,20.15,29.11,0.04,0.48,6.59,15.97
1990-02-17,28.44,17.48,22.66,0.02,0.48,6.56,26.62
1990-02-18,30.21,12.89,21.85,0.01,0.48,7.83,24.86
1990-02-19,32.39,13.65,23.06,0.0,0.48,7.2,28.43
1990-02-20,36.41,15.48,26.45,0.02,0.47,4.47,28.26
1990-02-21,37.79,17.95,28.4,0.14,0.47,11.59,26.19
1990-02-22,36.95,21.1,29.44,1.25,0.48,11.18,20.41
1990-02-23,33.14,17.07,24.51,0.01,0.48,9.5,27.61
1990-02-24,33.24,14.12,23.26,0.0,0.48,6.19,26.28
1990-02-25,33.77,14.69,24.19,0.0,0.48,8.19,23.52
1990-02-26,36.05,18.75,27.37,0.01,0.47,11.86,24.64
1990-02-27,24.57,19.78,22.13,9.07,0.48,15.38,7.4
1990-02-28,25.36,18.91,21.65,13.87,0.51,17.29,17.95
1990-03-01,31.79,17.24,24.38,0.0,0.52,15.78,21.04
1990-03-02,32.61,17.79,25.14,0.0,0.51,15.56,24.46
1990-03-03,36.33,20.73,28.05,0.0,0.51,16.19,21.86
1990-03-04,36.52,20.22,28.15,0.1,0.5,16.14,23.97
1990-03-05,33.74,19.67,26.24,0.01,0.5,13.91,21.03
1990-03-06,25.95,12.42,18.92,0.0,0.49,8.3,24.47
1990-03-07,24.34,9.8,17.01,0.0,0.49,5.65,24.76
1990-03-08,31.84,11.76,21.78,0.0,0.49,5.72,25.35
1990-03-09,30.59,13.71,21.85,0.0,0.49,8.31,25.24
1990-03-10,32.04,14.56,21.56,0.0,0.48,10.39,22.81
1990-03-11,24.15,12.47,17.68,0.0,0.48,6.28,21.03
1990-03-12,23.89,9.25,16.05,0.0,0.48,3.69,24.12
1990-03-13,28.23,10.09,18.53,0.0,0.48,3.7,24.07
1990-03-14,29.58,14.46,21.22,0.0,0.48,7.53,19.22
1990-03-15,25.49,12.28,17.69,0.0,0.48,5.82,23.44
1990-03-16,27.86,8.41,18.0,0.0,0.48,2.31,23.46
1990-03-17,31.16,13.24,22.12,0.0,0.48,0.65,23.42
1990-03-18,24.44,10.58,17.04,0.0,0.48,5.56,22.9
1990-03-19,27.39,9.7,17.84,0.0,0.48,5.15,23.61
1990-03-20,29.57,10.62,19.98,0.0,0.48,5.05,23.02
1990-03-21,30.64,14.5,22.23,0.0,0.48,6.21,22.79
1990-03-22,32.09,16.32,24.24,0.15,0.48,7.46,20.96
1990-03-23,31.47,19.49,25.36,0.19,0.48,9.05,16.88
1990-03-24,33.62,19.06,26.43,0.54,0.48,9.2,20.82
1990-03-25,33.65,20.3,26.64,0.36,0.48,8.62,19.74
1990-03-26,33.9,18.65,26.2,0.13,0.48,8.27,18.8
1990-03-27,33.19,19.53,26.25,3.56,0.48,10.41,20.69
1990-03-28,23.79,12.58,17.57,8.84,0.5,7.95,19.25
1990-03-29,25.79,10.33,17.56,0.0,0.5,8.6,21.44
1990-03-30,26.13,10.94,17.77,0.0,0.49,8.9,21.69
1990-03-31,26.81,9.69,17.61,0.0,0.49,7.7,21.52
1990-04-01,24.9,9.0,16.64,0.0,0.49,8.58,20.65
1990-04-02,22.84,11.03,15.94,0.04,0.49,7.46,20.44
1990-04-03,27.05,9.13,17.22,0.0,0.49,7.22,19.51
1990-04-04,28.4,14.63,20.35,0.0,0.48,9.41,19.51
1990-04-05,29.7,15.1,22.37,0.0,0.48,12.34,19.22
1990-04-06,30.73,16.3,23.32,0.0,0.48,10.36,19.19
1990-04-07,25.55,11.44,17.84,0.0,0.48,6.74,18.22
1990-04-08,25.58,10.73,17.22,0.0,0.48,6.27,17.1
1990-04-09,27.08,9.37,18.4,0.0,0.48,5.25,18.13
1990-04-10,24.77,16.05,20.21,0.63,0.48,12.06,13.5
1990-04-11,23.04,15.75,19.0,0.64,0.48,14.21,10.5
1990-04-12,28.2,12.12,19.9,0.0,0.48,7.95,18.29
1990-04-13,27.62,16.46,20.39,10.74,0.49,10.87,10.73
1990-04-14,22.49,11.62,16.63,0.07,0.5,9.53,15.13
1990-04-15,19.99,7.92,13.53,0.1,0.5,5.3,16.62
1990-04-16,20.69,7.11,13.4,0.1,0.5,5.96,18.25
1990-04-17,22.13,7.47,13.92,0.27,0.49,7.18,18.06
1990-04-18,21.76,9.04,14.43,0.01,0.49,9.15,15.35
1990-04-19,21.76,11.16,16.2,0.2,0.49,10.67,12.18
1990-04-20,19.46,13.55,16.41,10.03,0.49,13.07,6.64
1990-04-21,19.64,13.11,16.33,5.27,0.52,11.99,9.36
1990-04-22,21.95,9.43,14.54,0.02,0.52,7.94,16.63
1990-04-23,22.11,7.25,14.47,0.13,0.51,7.87,13.44
1990-04-24,21.91,11.54,16.07,0.06,0.51,9.92,12.53
1990-04-25,19.83,11.58,15.1,0.15,0.51,7.11,14.87
1990-04-26,18.26,8.23,12.84,0.04,0.51,5.24,15.18
1990-04-27,19.3,5.63,11.59,0.0,0.51,5.04,16.06
1990-04-28,22.66,6.53,14.38,0.04,0.51,2.71,12.76
1990-04-29,19.03,9.75,13.85,0.9,0.5,9.03,10.43
1990-04-30,23.26,9.1,14.92,0.01,0.5,8.69,15.65
1990-05-01,26.12,9.51,17.13,0.0,0.5,6.21,15.36
1990-05-02,22.11,10.34,15.13,0.0,0.5,9.12,14.74
1990-05-03,21.67,9.03,14.49,0.0,0.5,7.55,14.85
1990-05-04,26.08,11.56,17.59,0.0,0.5,7.87,11.92
1990-05-05,23.52,12.69,17.3,0.03,0.5,9.74,8.73
1990-05-06,18.96,9.23,14.47,0.0,0.5,8.23,12.62
1990-05-07,18.35,5.94,11.5,0.0,0.49,4.58,14.7
1990-05-08,17.89,5.33,11.34,0.0,0.49,4.76,11.82
1990-05-09,24.25,7.97,15.66,0.03,0.49,6.62,12.62
1990-05-10,20.56,13.22,15.94,0.08,0.49,11.07,7.98
1990-05-11,23.27,11.59,16.73,0.01,0.49,11.12,13.19
1990-05-12,21.91,9.49,15.22,0.0,0.49,8.08,12.67
1990-05-13,15.55,4.37,9.05,0.0,0.49,2.88,12.23
1990-05-14,14.53,3.58,9.13,0.21,0.49,3.46,11.21
1990-05-15,17.99,7.69,11.41,0.16,0.49,4.05,10.02
1990-05-16,19.42,9.22,13.48,6.34,0.49,9.35,7.89
1990-05-17,18.96,8.45,14.39,1.71,0.5,10.05,10.41
1990-05-18,16.43,4.6,9.66,0.03,0.5,4.13,11.2
1990-05-19,16.2,5.92,9.94,0.0,0.5,5.61,9.76
1990-05-20,15.04,4.84,8.88,0.0,0.5,3.5,12.06
1990-05-21,13.14,2.35,7.24,0.0,0.5,2.15,8.07
1990-05-22,13.73,5.58,9.08,0.88,0.5,3.37,5.36
1990-05-23,15.43,8.19,10.94,5.19,0.5,6.68,5.35
1990-05-24,15.55,8.34,11.15,2.13,0.51,6.51,7.47
1990-05-25,15.89,6.68,9.79,0.37,0.51,7.11,7.52
1990-05-26,16.34,5.01,10.72,0.01,0.51,7.22,8.93
1990-05-27,18.03,6.79,11.44,0.03,0.51,7.38,9.89
1990-05-28,16.84,3.82,9.79,0.02,0.51,5.83,6.37
1990-05-29,17.92,3.08,9.67,0.03,0.51,6.96,7.2
1990-05-30,14.53,7.78,10.85,0.04,0.51,8.35,7.78
1990-05-31,16.61,7.57,11.66,0.26,0.51,7.74,8.54
1990-06-01,14.96,6.07,9.81,0.45,0.51,5.05,8.53
1990-06-02,13.91,6.06,9.1,0.91,0.51,6.79,9.79
1990-06-03,15.77,4.55,9.63,0.32,0.51,7.12,9.56
1990-06-04,15.83,3.64,9.23,0.05,0.51,6.26,10.19
1990-06-05,16.07,5.8,9.29,0.0,0.5,6.13,11.03
1990-06-06,16.26,4.94,8.6,0.0,0.5,5.76,11.33
1990-06-07,17.85,5.54,10.45,0.01,0.5,7.31,7.72
1990-06-08,17.99,5.81,11.23,0.0,0.5,7.04,10.45
1990-06-09,18.79,10.08,13.3,1.71,0.5,9.21,9.42
1990-06-10,17.43,7.97,12.19,3.77,0.51,7.45,10.16
1990-06-11,17.46,5.73,10.87,0.15,0.51,7.49,6.68
1990-06-12,15.7,9.73,11.79,5.36,0.51,9.11,5.72
1990-06-13,15.21,5.65,9.58,2.29,0.52,5.99,10.68
1990-06-14,15.41,2.39,7.77,0.02,0.52,4.58,10.81
1990-06-15,15.13,3.23,7.95,0.09,0.52,4.99,7.47
1990-06-16,13.59,5.89,9.11,4.84,0.53,7.48,7.41
1990-06-17,12.08,3.57,7.33,0.27,0.53,3.5,10.03
1990-06-18,13.14,3.73,6.6,0.04,0.53,3.92,10.24
1990-06-19,13.88,3.7,7.37,0.04,0.53,4.29,10.04
1990-06-20,15.05,1.54,7.2,0.0,0.53,2.66,10.23
1990-06-21,15.6,2.55,8.33,0.02,0.52,5.21,9.51
1990-06-22,15.92,5.65,10.06,0.18,0.52,7.38,6.33
1990-06-23,15.0,6.32,9.78,0.57,0.52,6.03,6.65
1990-06-24,14.28,0.93,6.83,2.33,0.52,1.68,6.81
1990-06-25,9.96,2.44,6.46,1.77,0.53,4.08,7.01
1990-06-26,11.5,4.46,6.94,1.18,0.53,4.07,6.7
1990-06-27,7.53,3.69,5.24,8.21,0.54,3.76,5.23
1990-06-28,11.95,1.47,6.9,0.93,0.54,3.65,10.12
1990-06-29,13.11,6.55,9.25,0.79,0.54,7.03,9.47
1990-06-30,13.99,4.81,9.42,0.04,0.54,3.4,7.08
1990-07-01,9.54,4.16,6.49,9.16,0.55,4.18,5.93
1990-07-02,11.14,2.83,6.04,0.71,0.56,3.63,8.46
1990-07-03,11.24,3.0,7.0,1.59,0.56,4.7,9.48
1990-07-04,14.08,6.49,9.7,2.56,0.56,7.24,7.94
1990-07-05,10.8,4.92,7.93,6.68,0.57,5.36,6.45
1990-07-06,12.03,2.45,7.42,0.33,0.57,4.19,9.58
1990-07-07,13.43,6.98,9.78,0.94,0.57,7.42,7.78
1990-07-08,14.0,6.43,9.33,0.61,0.57,6.55,6.1
1990-07-09,14.35,5.93,9.62,0.09,0.57,5.91,7.92
1990-07-10,14.86,6.53,9.87,0.04,0.57,7.11,7.8
1990-07-11,15.64,3.34,8.32,0.0,0.57,5.35,8.85
1990-07-12,10.38,5.34,7.26,0.58,0.57,6.05,5.22
1990-07-13,14.7,6.02,9.74,0.37,0.57,7.45,6.5
1990-07-14,15.47,7.01,10.4,1.03,0.57,8.36,6.49
1990-07-15,16.22,6.97,11.3,2.6,0.57,8.95,7.8
1990-07-16,18.69,8.59,12.64,3.69,0.58,8.32,9.54
1990-07-17,19.83,8.38,13.22,8.43,0.58,9.86,8.22
1990-07-18,12.25,5.01,9.26,18.98,0.62,6.93,8.82
1990-07-19,13.74,4.97,8.81,0.16,0.62,4.89,9.41
1990-07-20,15.79,6.94,10.31,0.07,0.61,5.07,12.31
1990-07-21,13.99,6.68,9.62,0.47,0.61,5.71,10.25
1990-07-22,15.8,5.34,9.71,0.9,0.61,5.24,6.24
1990-07-23,18.45,3.8,10.56,0.0,0.61,6.21,12.67
1990-07-24,17.86,6.54,11.09,0.4,0.61,5.27,12.42
1990-07-25,12.87,4.84,8.54,0.19,0.6,3.79,11.91
1990-07-26,12.34,4.06,7.09,0.18,0.6,4.35,11.89
1990-07-27,13.04,2.14,7.2,0.04,0.6,4.84,10.35
1990-07-28,13.16,4.63,7.74,0.05,0.6,4.88,11.12
1990-07-29,12.1,2.66,7.0,0.07,0.6,3.77,10.51
1990-07-30,13.23,4.29,7.68,0.37,0.6,4.13,10.61
1990-07-31,13.98,2.27,7.23,0.01,0.6,4.25,12.54
1990-08-01,15.14,4.65,8.85,0.05,0.6,5.72,11.85
1990-08-02,15.92,5.67,9.21,0.01,0.6,5.94,13.78
1990-08-03,14.2,5.53,8.5,0.96,0.6,5.89,7.54
1990-08-04,15.04,7.52,10.3,0.46,0.6,6.43,11.34
1990-08-05,12.81,7.08,9.81,2.24,0.6,6.0,10.29
1990-08-06,14.17,6.52,9.57,0.71,0.6,6.75,11.48
1990-08-07,12.99,4.98,8.27,0.09,0.6,4.49,8.88
1990-08-08,13.12,5.53,8.74,2.55,0.6,6.63,10.17
1990-08-09,12.24,4.6,7.28,0.85,0.6,5.27,11.45
1990-08-10,13.08,3.08,7.23,0.08,0.6,4.18,13.49
1990-08-11,11.93,2.4,6.91,1.91,0.6,4.02,8.03
1990-08-12,12.95,5.34,8.58,1.29,0.6,5.41,12.83
1990-08-13,12.56,5.41,7.95,1.62,0.6,5.79,11.16
1990-08-14,12.86,4.15,7.99,3.56,0.6,5.15,10.96
1990-08-15,12.89,4.91,8.13,1.67,0.6,5.81,9.94
1990-08-16,13.82,4.4,7.96,0.54,0.6,5.1,13.42
1990-08-17,14.12,3.49,7.85,0.17,0.6,4.05,11.22
1990-08-18,14.24,2.31,7.73,0.04,0.6,3.4,12.97
1990-08-19,17.99,2.35,9.4,1.74,0.6,4.79,9.54
1990-08-20,15.27,7.21,10.72,1.86,0.6,8.15,12.31
1990-08-21,13.15,5.14,8.78,2.92,0.6,6.43,11.26
1990-08-22,10.55,3.51,6.5,1.92,0.6,3.66,13.39
1990-08-23,14.3,3.95,8.42,0.06,0.6,4.12,14.12
1990-08-24,14.03,4.32,8.62,0.14,0.6,4.75,13.74
1990-08-25,12.8,3.71,8.14,0.57,0.6,5.15,14.68
1990-08-26,14.05,0.25,6.27,0.0,0.6,0.83,18.34
1990-08-27,15.49,0.01,7.14,0.14,0.6,1.33,17.93
1990-08-28,17.21,3.26,10.01,2.65,0.59,4.11,10.44
1990-08-29,14.74,5.62,9.74,6.05,0.61,7.81,11.78
1990-08-30,17.0,3.01,9.6,0.42,0.6,5.57,17.77
1990-08-31,14.58,5.45,9.66,1.56,0.6,6.92,12.62
1990-09-01,15.74,2.08,8.8,0.0,0.6,3.99,16.32
1990-09-02,13.87,5.8,9.14,2.48,0.6,5.52,10.64
1990-09-03,15.29,7.02,10.66,1.44,0.6,5.97,13.63
1990-09-04,14.36,6.66,10.24,0.24,0.6,7.88,13.77
1990-09-05,17.13,7.41,11.29,0.35,0.6,7.46,12.28
1990-09-06,16.14,5.87,10.1,0.45,0.6,6.34,12.1
1990-09-07,16.45,5.52,10.17,0.12,0.6,6.8,16.58
1990-09-08,18.0,5.28,10.7,0.0,0.59,4.95,17.63
1990-09-09,20.92,4.17,12.3,0.0,0.59,5.28,17.89
1990-09-10,23.68,7.35,14.97,0.0,0.59,8.12,19.8
1990-09-11,23.69,9.49,15.57,0.01,0.58,7.86,15.34
1990-09-12,13.14,7.79,10.79,0.9,0.58,8.0,8.3
1990-09-13,13.77,4.28,8.66,0.01,0.58,1.62,17.28
1990-09-14,16.57,2.12,8.6,0.0,0.58,2.37,19.9
1990-09-15,18.47,4.98,10.74,0.0,0.58,5.53,20.68
1990-09-16,18.49,5.31,10.66,0.0,0.57,5.37,21.12
1990-09-17,19.63,2.85,11.1,0.0,0.57,4.65,19.78
1990-09-18,21.97,5.65,13.41,0.0,0.57,6.1,20.29
1990-09-19,22.57,8.15,14.72,0.04,0.57,7.13,19.26
1990-09-20,24.37,11.71,17.29,1.06,0.56,9.19,21.91
1990-09-21,17.78,7.34,11.54,0.2,0.56,4.9,22.55
1990-09-22,16.57,3.73,10.09,0.0,0.56,3.98,21.24
1990-09-23,21.7,4.24,12.63,0.01,0.56,2.97,22.98
1990-09-24,27.02,8.85,17.31,0.18,0.55,7.15,22.75
1990-09-25,21.78,8.93,15.79,6.38,0.55,11.62,8.0
1990-09-26,17.12,5.64,10.97,0.62,0.56,5.53,19.42
1990-09-27,18.95,2.72,10.53,0.0,0.56,3.4,23.44
1990-09-28,19.8,3.88,11.83,0.0,0.56,6.39,20.84
1990-09-29,21.19,6.17,12.88,0.0,0.55,5.56,21.89
1990-09-30,23.26,5.54,14.0,0.0,0.55,4.25,24.68
1990-10-01,23.98,7.71,15.1,0.0,0.55,3.97,20.89
1990-10-02,20.13,5.28,12.37,0.0,0.55,6.89,24.14
1990-10-03,21.15,6.54,13.26,0.0,0.54,6.54,24.75
1990-10-04,25.58,6.95,16.58,0.01,0.54,6.83,23.64
1990-10-05,22.1,7.89,15.06,0.64,0.54,8.79,14.92
1990-10-06,17.93,3.77,10.34,0.0,0.54,1.81,24.09
1990-10-07,19.48,2.4,11.17,0.0,0.54,2.39,24.9
1990-10-08,13.94,7.42,10.74,4.72,0.54,6.58,10.58
1990-10-09,19.92,4.78,11.94,0.14,0.54,5.36,18.33
1990-10-10,22.47,5.72,13.31,1.21,0.54,6.08,22.19
1990-10-11,16.52,9.08,12.83,0.11,0.54,8.68,15.59
1990-10-12,18.69,4.83,11.07,0.01,0.54,3.0,25.68
1990-10-13,21.91,2.63,12.15,0.0,0.53,2.31,26.51
1990-10-14,26.3,6.68,15.71,0.08,0.53,3.23,13.88
1990-10-15,24.16,11.11,17.52,0.01,0.53,6.9,23.48
1990-10-16,21.16,10.29,15.27,0.1,0.53,8.0,19.24
1990-10-17,22.2,7.51,14.37,0.04,0.52,6.5,24.54
1990-10-18,27.42,11.83,19.06,0.32,0.52,5.51,16.77
1990-10-19,16.09,7.91,11.67,1.86,0.52,5.6,16.83
1990-10-20,16.63,6.16,11.16,1.63,0.52,4.72,21.89
1990-10-21,16.5,7.57,12.35,4.48,0.53,6.06,21.84
1990-10-22,20.92,4.84,12.39,0.09,0.53,3.8,28.44
1990-10-23,23.89,5.03,14.21,0.0,0.52,5.56,25.54
1990-10-24,26.6,7.5,16.93,0.0,0.52,7.65,29.29
1990-10-25,28.24,10.76,19.09,0.0,0.52,7.82,29.57
1990-10-26,30.57,10.05,20.75,0.0,0.51,5.07,29.33
1990-10-27,33.32,12.06,22.51,0.05,0.51,6.3,28.97
1990-10-28,36.02,14.12,24.51,0.15,0.51,5.76,29.64
1990-10-29,37.37,16.65,25.58,0.05,0.5,8.24,28.34
1990-10-30,32.9,13.61,23.16,0.12,0.5,9.76,23.69
1990-10-31,32.32,15.93,21.62,1.93,0.5,10.34,15.5
1990-11-01,26.76,12.84,18.82,0.06,0.5,9.17,29.95
1990-11-02,24.82,10.59,17.91,0.05,0.49,10.13,30.39
1990-11-03,29.44,14.41,21.75,0.11,0.49,9.49,24.17
1990-11-04,31.71,12.75,22.66,0.03,0.49,10.68,29.43
1990-11-05,35.89,16.89,26.63,0.0,0.49,8.53,29.67
1990-11-06,35.29,19.59,27.68,0.0,0.49,6.64,19.46
1990-11-07,32.27,21.69,26.58,0.12,0.48,8.73,17.65
1990-11-08,34.2,12.4,23.92,6.21,0.49,10.19,16.42
1990-11-09,25.88,11.65,17.73,2.12,0.5,8.34,20.36
1990-11-10,18.25,9.49,13.9,1.08,0.49,3.68,23.62
1990-11-11,24.2,7.14,15.5,0.01,0.49,2.87,24.7
1990-11-12,28.73,7.13,18.34,0.09,0.49,3.82,30.71
1990-11-13,34.96,12.37,23.39,0.01,0.49,1.14,32.01
1990-11-14,29.22,12.79,21.05,0.0,0.48,7.9,30.51
1990-11-15,28.07,12.42,19.6,0.04,0.48,3.51,31.26
1990-11-16,24.26,9.28,16.45,0.01,0.48,2.52,31.22
1990-11-17,23.34,6.68,14.89,0.02,0.48,0.67,31.77
1990-11-18,25.3,5.98,15.99,0.0,0.48,1.8,30.53
1990-11-19,28.39,7.56,18.11,0.0,0.48,0.5,30.74
1990-11-20,33.27,10.39,22.67,0.0,0.48,1.91,31.76
1990-11-21,28.44,14.51,22.47,0.0,0.48,2.58,31.77
1990-11-22,25.36,10.55,17.59,0.08,0.48,4.66,23.66
1990-11-23,23.62,8.45,15.91,0.04,0.48,4.44,30.55
1990-11-24,25.8,8.16,16.91,0.0,0.48,3.71,31.65
1990-11-25,28.57,9.04,19.07,0.0,0.48,6.01,31.43
1990-11-26,29.84,11.56,20.5,0.01,0.48,6.35,31.98
1990-11-27,34.98,11.84,24.54,0.0,0.48,3.24,29.67
1990-11-28,37.63,17.37,27.94,0.0,0.47,4.52,29.06
1990-11-29,36.05,17.09,26.61,0.0,0.47,8.02,31.69
1990-11-30,36.6,13.16,25.19,0.0,0.47,0.07,32.4
1990-12-01,37.46,13.5,26.07,0.01,0.47,2.12,18.43
1990-12-02,34.61,18.34,27.51,0.36,0.47,8.69,29.09
1990-12-03,36.45,18.44,27.44,1.91,0.48,11.65,30.6
1990-12-04,39.0,18.5,29.38,0.01,0.48,10.62,25.91
1990-12-05,41.1,26.17,33.02,0.0,0.48,9.94,27.31
1990-12-06,41.4,21.32,31.36,0.08,0.47,11.75,23.58
1990-12-07,34.12,15.45,25.68,0.22,0.47,11.23,30.12
1990-12-08,27.98,13.01,20.3,0.02,0.47,6.22,28.35
1990-12-09,22.53,12.17,17.37,1.77,0.48,5.35,23.48
1990-12-10,19.07,9.92,13.39,8.97,0.49,4.75,20.83
1990-12-11,24.6,7.54,16.18,0.0,0.49,4.59,25.99
1990-12-12,24.24,9.42,17.02,0.01,0.49,6.35,28.89
1990-12-13,26.03,7.92,17.08,0.0,0.49,5.37,33.13
1990-12-14,26.0,8.69,17.49,0.0,0.48,4.5,30.16
1990-12-15,25.95,9.22,18.97,0.02,0.48,5.08,33.43
1990-12-16,30.26,13.88,22.91,0.02,0.48,8.12,24.85
1990-12-17,40.19,18.76,28.79,0.05,0.48,6.03,23.85
1990-12-18,35.39,16.87,25.82,0.01,0.48,8.03,30.24
1990-12-19,31.04,18.46,23.35,1.42,0.48,13.73,16.09
1990-12-20,32.28,14.36,23.32,0.33,0.48,10.1,34.0
1990-12-21,34.46,14.48,24.95,0.0,0.48,6.54,33.63
1990-12-22,33.19,17.18,23.83,0.95,0.48,8.56,17.65
1990-12-23,25.07,13.25,18.38,0.14,0.48,4.85,30.77
1990-12-24,27.28,9.33,18.71,0.0,0.48,2.62,33.47
1990-12-25,32.94,12.2,22.84,0.0,0.48,3.65,34.12
1990-12-26,32.31,12.86,23.17,0.0,0.48,4.51,33.42
1990-12-27,35.56,17.73,25.41,0.22,0.48,3.49,25.41
1990-12-28,31.15,13.9,22.13,0.01,0.48,6.28,33.8
1990-12-29,32.79,13.77,23.62,0.0,0.48,6.6,34.14
1990-12-30,37.71,15.04,27.83,0.0,0.47,5.94,34.1
1990-12-31,41.83,22.16,31.3,0.0,0.47,3.64,26.88
1991-01-01,40.41,19.83,30.94,0.0,0.47,8.06,32.3
1991-01-02,42.26,25.86,34.3,0.0,0.47,12.23,30.68
1991-01-03,42.53,26.91,34.74,1.96,0.47,13.11,28.45
1991-01-04,34.58,17.22,28.74,5.99,0.48,17.33,16.61
1991-01-05,23.32,14.32,17.96,28.27,0.52,9.95,18.0
1991-01-06,26.29,11.58,18.7,0.11,0.53,7.9,22.57
1991-01-07,28.62,13.01,20.44,0.15,0.53,9.83,31.85
1991-01-08,29.41,10.69,20.09,0.0,0.52,7.28,34.27
1991-01-09,32.68,12.31,23.16,0.0,0.52,7.48,34.19
1991-01-10,38.43,17.71,28.11,0.0,0.51,7.89,33.44
1991-01-11,38.67,21.04,27.99,0.06,0.5,9.94,27.67
1991-01-12,32.33,15.19,23.73,0.0,0.5,9.39,32.02
1991-01-13,34.74,14.53,25.45,0.0,0.5,10.09,32.58
1991-01-14,40.7,18.95,29.96,0.0,0.49,9.7,32.02
1991-01-15,33.47,17.82,25.26,0.0,0.49,6.8,26.49
1991-01-16,31.68,12.98,22.09,0.0,0.49,6.37,33.56
1991-01-17,31.49,12.36,21.98,0.0,0.48,7.23,24.01
1991-01-18,31.25,12.69,22.11,0.0,0.48,6.05,31.74
1991-01-19,35.04,14.47,25.45,0.0,0.48,6.96,29.71
1991-01-20,33.17,15.02,25.44,0.03,0.48,9.88,23.23
1991-01-21,33.71,18.23,26.0,0.26,0.48,11.32,30.84
1991-01-22,35.47,19.59,26.06,0.14,0.48,13.94,15.69
1991-01-23,29.09,21.28,24.89,12.72,0.49,20.17,16.35
1991-01-24,32.52,17.78,25.18,1.59,0.5,13.26,29.65
1991-01-25,30.46,16.33,22.92,0.19,0.5,12.07,24.52
1991-01-26,27.22,13.81,20.45,0.0,0.5,9.7,27.0
1991-01-27,27.78,12.98,20.26,0.01,0.49,8.74,28.96
1991-01-28,26.88,12.85,19.24,0.13,0.49,6.95,25.34
1991-01-29,26.13,12.79,19.12,0.08,0.49,7.78,26.58
1991-01-30,32.3,12.03,22.45,0.0,0.49,9.78,30.79
1991-01-31,31.57,13.07,21.97,0.0,0.48,7.25,30.42
1991-02-01,32.08,9.83,21.02,0.0,0.48,3.62,32.14
1991-02-02,37.71,13.58,26.23,0.0,0.48,5.91,31.7
1991-02-03,41.8,19.19,31.06,0.0,0.48,3.47,32.8
1991-02-04,43.12,20.01,31.82,0.0,0.48,6.94,32.47
1991-02-05,33.93,18.8,26.29,0.02,0.48,7.6,29.73
1991-02-06,35.67,16.36,25.37,0.02,0.48,3.17,30.19
1991-02-07,34.77,16.61,25.81,0.04,0.47,5.81,29.7
1991-02-08,32.35,14.73,23.7,0.0,0.47,7.63,30.27
1991-02-09,32.21,16.51,24.09,0.0,0.47,6.55,29.81
1991-02-10,29.79,11.21,20.42,0.0,0.47,1.24,30.3
1991-02-11,31.73,11.8,21.9,0.0,0.47,2.46,30.07
1991-02-12,35.74,11.94,24.87,0.05,0.47,3.83,30.4
1991-02-13,38.5,15.64,27.83,0.0,0.47,3.51,29.0
1991-02-14,31.8,16.69,24.6,0.0,0.47,5.46,28.69
1991-02-15,27.45,12.72,18.82,0.04,0.47,3.94,20.67
1991-02-16,26.97,10.47,18.15,0.0,0.47,6.17,29.1
1991-02-17,30.05,10.7,20.27,0.0,0.47,-0.92,28.7
1991-02-18,35.49,11.97,24.52,0.0,0.47,0.19,28.42
1991-02-19,30.16,15.46,22.3,0.0,0.47,4.72,29.04
1991-02-20,30.96,11.0,20.47,0.0,0.47,3.41,28.61
1991-02-21,35.6,12.28,24.13,0.0,0.47,3.88,28.8
1991-02-22,34.9,16.21,24.29,0.0,0.47,6.89,25.47
1991-02-23,32.96,12.1,22.21,0.0,0.47,6.76,27.31
1991-02-24,37.58,15.66,27.04,0.0,0.47,7.82,25.78
1991-02-25,42.14,20.74,31.07,0.0,0.47,2.82,26.74
1991-02-26,35.72,16.94,25.48,0.0,0.47,8.39,26.39
1991-02-27,30.91,13.07,20.45,0.0,0.47,2.73,23.88
1991-02-28,31.7,14.54,21.92,0.0,0.47,6.04,22.7
1991-03-01,24.33,10.63,16.8,0.0,0.47,2.75,25.28
1991-03-02,28.49,9.49,18.64,0.0,0.47,2.79,26.27
1991-03-03,32.39,11.41,22.08,0.0,0.47,3.25,26.27
1991-03-04,37.13,17.46,26.56,0.0,0.47,3.4,25.91
1991-03-05,32.4,15.08,22.96,0.0,0.47,8.62,25.77
1991-03-06,37.77,15.91,27.13,0.0,0.47,8.41,25.19
1991-03-07,41.98,25.83,32.77,0.07,0.47,7.43,23.68
1991-03-08,41.84,22.44,31.96,0.02,0.47,9.32,25.34
1991-03-09,28.1,13.98,21.76,0.37,0.47,6.89,16.58
1991-03-10,25.68,10.07,17.53,0.0,0.47,1.18,25.29
1991-03-11,24.33,10.95,16.87,0.04,0.47,5.07,19.5
1991-03-12,24.6,8.29,16.0,0.0,0.47,1.35,24.87
1991-03-13,27.11,9.0,17.81,0.05,0.47,3.0,23.79
1991-03-14,30.09,10.02,19.97,0.22,0.47,4.09,24.69
1991-03-15,30.79,11.38,20.87,0.02,0.47,4.84,24.57
1991-03-16,29.23,11.14,20.0,0.0,0.47,5.01,24.2
1991-03-17,34.15,11.7,23.16,0.0,0.47,6.43,23.51
1991-03-18,32.82,22.67,27.21,0.11,0.47,10.42,13.13
1991-03-19,27.69,15.76,21.44,0.0,0.47,10.72,19.26
1991-03-20,24.62,11.23,17.74,0.03,0.47,6.14,20.2
1991-03-21,19.84,9.05,14.28,0.15,0.47,4.88,17.52
1991-03-22,20.67,7.15,13.77,1.95,0.48,5.32,22.04
1991-03-23,24.23,8.21,15.9,0.01,0.48,5.01,22.0
1991-03-24,23.44,9.18,16.13,0.0,0.48,4.71,20.86
1991-03-25,30.93,9.71,20.58,0.39,0.48,2.02,21.01
1991-03-26,23.19,12.62,18.79,2.46,0.48,5.41,12.66
1991-03-27,25.47,10.7,17.55,0.08,0.48,7.2,18.75
1991-03-28,27.97,11.85,19.51,0.0,0.48,7.16,21.9
1991-03-29,30.98,15.44,21.87,0.0,0.48,2.28,15.34
1991-03-30,24.9,14.35,19.33,0.09,0.48,6.41,16.05
1991-03-31,25.28,11.48,18.58,0.52,0.48,7.31,18.07
1991-04-01,19.93,9.73,14.97,1.39,0.48,6.47,14.76
1991-04-02,20.38,5.74,12.9,0.0,0.48,2.64,19.4
1991-04-03,23.66,7.32,15.4,0.0,0.48,7.25,20.63
1991-04-04,24.93,9.39,16.81,0.0,0.48,8.61,20.47
1991-04-05,27.27,8.96,17.97,0.0,0.48,7.58,20.24
1991-04-06,25.95,13.52,18.55,0.0,0.48,5.88,19.52
1991-04-07,23.17,10.45,15.92,0.0,0.48,5.11,19.39
1991-04-08,28.32,9.96,18.84,0.0,0.48,4.41,18.8
1991-04-09,29.45,14.48,21.7,0.12,0.48,6.21,18.75
1991-04-10,29.56,14.28,21.07,0.0,0.48,5.02,18.23
1991-04-11,29.17,12.62,20.28,0.2,0.48,2.38,18.96
1991-04-12,27.28,15.13,21.23,0.1,0.48,4.37,11.58
1991-04-13,26.62,15.93,20.27,2.52,0.48,10.23,12.36
1991-04-14,21.58,11.32,15.77,6.47,0.49,7.82,15.53
1991-04-15,21.22,7.82,14.11,0.15,0.49,7.79,13.49
1991-04-16,19.23,7.07,12.78,0.0,0.49,5.94,17.13
1991-04-17,19.11,7.17,13.45,0.0,0.49,8.36,12.25
1991-04-18,20.16,9.9,14.27,0.01,0.49,8.43,13.81
1991-04-19,22.3,10.5,15.82,0.02,0.49,7.59,14.87
1991-04-20,25.7,11.75,18.53,0.0,0.49,7.73,17.18
1991-04-21,20.99,7.07,15.3,0.04,0.48,3.47,15.48
1991-04-22,18.25,3.53,10.47,0.0,0.48,1.91,17.0
1991-04-23,18.27,5.86,11.74,0.17,0.48,2.55,9.9
1991-04-24,20.49,7.13,12.48,3.94,0.48,4.52,10.8
1991-04-25,11.64,7.06,9.02,12.07,0.51,6.38,11.28
1991-04-26,20.24,5.45,12.57,0.09,0.51,8.24,14.97
1991-04-27,18.78,7.49,11.75,0.0,0.51,6.6,15.84
1991-04-28,15.01,5.13,9.75,0.0,0.51,5.45,13.48
1991-04-29,16.52,6.35,10.79,0.0,0.51,5.36,11.26
1991-04-30,18.06,7.47,11.94,0.13,0.51,6.95,10.02
1991-05-01,22.58,9.29,14.21,0.85,0.51,8.16,11.98
1991-05-02,16.35,6.42,11.71,0.46,0.51,5.84,11.47
1991-05-03,17.01,3.21,9.39,0.0,0.51,4.11,12.92
1991-05-04,17.99,4.07,10.73,0.0,0.5,6.08,14.94
1991-05-05,20.17,6.48,12.0,0.0,0.5,3.61,13.17
1991-05-06,20.33,8.15,14.19,0.0,0.5,4.53,11.65
1991-05-07,22.71,8.85,14.77,0.01,0.5,6.87,7.04
1991-05-08,18.35,6.29,11.85,0.02,0.5,5.79,11.73
1991-05-09,15.54,3.52,8.87,0.0,0.5,3.84,13.57
1991-05-10,16.33,4.35,9.33,0.0,0.5,4.22,10.1
1991-05-11,17.03,4.89,10.3,0.0,0.5,6.85,9.63
1991-05-12,17.05,6.8,10.73,0.0,0.5,5.96,12.36
1991-05-13,16.78,6.2,9.88,0.0,0.5,5.63,13.44
1991-05-14,17.3,4.74,9.75,0.02,0.49,5.14,13.48
1991-05-15,18.36,5.09,10.52,0.0,0.49,5.38,12.53
1991-05-16,14.89,6.47,10.09,0.0,0.49,6.81,9.69
1991-05-17,17.86,6.46,10.83,0.01,0.49,7.53,11.86
1991-05-18,17.54,4.61,10.83,0.01,0.49,6.13,12.25
1991-05-19,18.81,7.56,11.92,0.0,0.49,6.36,10.64
1991-05-20,20.33,9.17,13.14,0.02,0.49,7.09,9.64
1991-05-21,20.0,6.55,11.8,0.01,0.49,6.7,12.3
1991-05-22,20.25,6.82,13.08,0.02,0.49,9.41,11.38
1991-05-23,20.17,11.09,14.97,0.03,0.49,11.2,10.82
1991-05-24,19.79,10.29,14.22,0.0,0.49,9.28,11.62
1991-05-25,20.86,7.61,13.35,0.0,0.49,7.08,11.22
1991-05-26,17.94,7.66,12.65,0.05,0.49,8.56,7.02
1991-05-27,19.01,7.33,13.16,0.01,0.49,8.11,9.4
1991-05-28,19.31,9.07,13.08,0.0,0.49,7.88,11.07
1991-05-29,20.38,7.29,12.0,0.0,0.49,6.54,11.55
1991-05-30,20.42,6.79,12.4,0.0,0.48,6.01,11.36
1991-05-31,20.28,6.25,12.4,0.0,0.48,5.79,9.09
1991-06-01,18.09,9.64,13.42,1.47,0.48,6.89,5.45
1991-06-02,14.27,10.59,12.09,22.02,0.51,9.52,4.01
1991-06-03,17.64,8.18,12.42,3.23,0.53,9.37,8.03
1991-06-04,16.91,6.22,10.7,1.06,0.53,7.11,9.63
1991-06-05,18.61,5.62,11.63,0.02,0.53,6.2,7.87
1991-06-06,16.69,11.4,13.59,8.19,0.53,10.99,4.09
1991-06-07,16.04,8.61,11.8,0.56,0.54,8.46,10.32
1991-06-08,15.71,7.34,10.59,0.67,0.54,7.24,7.94
1991-06-09,16.39,5.63,11.05,0.58,0.54,7.03,9.84
1991-06-10,13.04,9.64,12.22,16.43,0.56,11.59,4.81
1991-06-11,15.21,8.06,11.0,1.21,0.57,9.75,5.86
1991-06-12,16.59,8.37,11.65,0.64,0.57,9.3,6.63
1991-06-13,17.17,7.61,11.06,0.02,0.57,7.84,10.2
1991-06-14,15.82,6.75,10.52,0.13,0.57,7.33,8.35
1991-06-15,13.85,9.08,10.7,3.59,0.57,8.24,5.17
1991-06-16,17.19,6.63,11.7,0.92,0.57,8.68,9.96
1991-06-17,16.41,6.7,10.68,0.82,0.57,8.66,9.27
1991-06-18,13.75,4.12,8.28,0.03,0.57,6.43,9.12
1991-06-19,16.45,6.13,10.37,0.14,0.57,7.56,6.49
1991-06-20,15.02,6.76,10.17,0.55,0.57,8.98,5.38
1991-06-21,16.33,6.3,10.72,4.45,0.58,8.12,8.31
1991-06-22,14.86,5.33,9.07,0.46,0.58,5.61,9.49
1991-06-23,15.2,8.74,11.48,6.54,0.58,8.69,6.47
1991-06-24,19.75,9.58,13.71,0.56,0.59,10.57,8.37
1991-06-25,16.33,9.1,12.99,0.95,0.58,10.38,6.59
1991-06-26,15.5,6.94,11.52,0.2,0.58,7.49,8.03
1991-06-27,15.75,2.61,9.24,0.01,0.58,4.49,7.01
1991-06-28,13.05,9.59,10.92,13.54,0.59,8.69,2.48
1991-06-29,13.79,7.31,9.84,0.53,0.61,7.34,9.96
1991-06-30,15.7,7.72,10.79,0.84,0.6,9.03,7.81
1991-07-01,15.72,6.8,11.0,0.29,0.6,9.04,7.37
1991-07-02,16.13,6.82,11.07,0.11,0.6,8.17,8.92
1991-07-03,15.48,3.9,9.38,0.01,0.6,6.19,7.89
1991-07-04,14.24,8.38,10.98,6.93,0.6,8.2,4.06
1991-07-05,14.29,6.93,10.5,2.67,0.61,7.51,9.99
1991-07-06,14.55,4.72,8.57,0.04,0.61,5.72,9.8
1991-07-07,12.54,2.54,6.67,0.0,0.61,3.74,9.86
1991-07-08,9.31,4.64,6.68,9.05,0.62,5.43,3.33
1991-07-09,10.37,4.4,6.91,1.32,0.63,5.2,6.78
1991-07-10,12.74,1.71,6.2,0.04,0.63,3.33,7.27
1991-07-11,13.96,1.83,7.21,0.2,0.62,5.01,9.36
1991-07-12,12.2,4.46,7.61,3.92,0.62,6.16,7.83
1991-07-13,13.3,4.52,7.49,0.52,0.63,5.63,10.02
1991-07-14,14.89,4.75,8.89,0.26,0.63,6.9,9.95
1991-07-15,13.14,4.76,7.89,0.1,0.63,5.39,6.62
1991-07-16,13.03,2.12,7.15,0.06,0.62,3.91,9.86
1991-07-17,13.24,1.96,6.77,0.11,0.62,3.2,8.33
1991-07-18,16.26,4.32,8.58,0.33,0.62,4.51,7.82
1991-07-19,16.44,3.05,8.92,0.01,0.62,5.66,12.06
1991-07-20,15.35,7.41,10.5,0.01,0.62,7.34,11.3
1991-07-21,13.67,2.97,8.16,0.07,0.62,5.69,5.21
1991-07-22,11.07,2.37,6.68,0.73,0.62,3.99,6.59
1991-07-23,10.79,1.75,5.03,0.03,0.62,3.05,10.55
1991-07-24,12.69,4.08,7.26,0.06,0.62,4.49,9.89
1991-07-25,11.38,2.73,6.21,0.15,0.61,4.16,9.36
1991-07-26,12.53,2.05,5.91,0.0,0.61,2.86,12.19
1991-07-27,13.38,3.59,7.89,8.15,0.62,5.1,6.98
1991-07-28,13.75,4.92,8.76,0.56,0.63,6.92,11.37
1991-07-29,14.37,6.13,9.65,0.42,0.62,7.69,10.84
1991-07-30,13.07,5.1,8.23,0.45,0.62,6.2,8.11
1991-07-31,12.45,5.96,8.45,3.51,0.63,6.76,9.4
1991-08-01,13.57,3.17,7.81,0.25,0.63,5.45,11.95
1991-08-02,14.89,1.99,7.78,0.26,0.62,3.74,13.6
1991-08-03,16.85,7.02,10.44,0.22,0.62,5.68,13.56
1991-08-04,18.19,3.19,10.69,0.32,0.62,4.41,9.05
1991-08-05,18.74,6.34,11.9,2.03,0.62,6.84,7.06
1991-08-06,14.28,6.99,10.22,0.46,0.62,5.63,11.38
1991-08-07,12.63,6.42,8.79,2.97,0.62,6.78,9.57
1991-08-08,12.03,5.73,8.31,0.38,0.62,4.88,12.34
1991-08-09,14.88,5.32,8.85,0.23,0.62,6.69,11.6
1991-08-10,15.09,5.67,9.59,0.05,0.62,6.41,9.06
1991-08-11,15.72,5.43,10.19,0.01,0.61,6.67,12.15
1991-08-12,17.18,4.8,10.7,0.34,0.61,4.76,14.06
1991-08-13,15.68,5.85,10.25,2.06,0.61,6.9,11.62
1991-08-14,15.02,4.02,8.96,0.77,0.61,6.42,11.15
1991-08-15,14.05,3.96,9.45,3.28,0.61,7.15,11.12
1991-08-16,12.31,1.6,6.04,0.06,0.61,1.96,12.58
1991-08-17,14.07,0.3,6.9,0.03,0.61,3.15,14.04
1991-08-18,16.19,1.12,7.78,0.01,0.61,3.94,16.11
1991-08-19,17.57,0.99,8.93,0.05,0.61,1.3,15.63
1991-08-20,13.66,5.59,9.36,4.24,0.61,4.92,12.09
1991-08-21,12.36,5.27,8.62,1.48,0.61,5.03,13.94
1991-08-22,14.42,7.03,10.49,1.59,0.61,7.19,14.01
1991-08-23,12.32,3.89,8.61,3.61,0.61,4.57,10.18
1991-08-24,12.83,2.87,6.88,0.04,0.61,3.02,14.72
1991-08-25,14.06,4.66,8.76,0.44,0.61,6.21,10.27
1991-08-26,16.23,5.55,9.85,0.08,0.61,4.79,15.54
1991-08-27,13.97,5.72,8.61,2.34,0.61,3.22,5.66
1991-08-28,13.82,4.18,7.99,0.19,0.61,4.33,15.15
1991-08-29,16.55,5.05,9.74,8.25,0.61,5.52,10.37
1991-08-30,11.52,4.99,7.42,3.07,0.62,5.15,13.24
1991-08-31,13.93,5.48,8.74,0.32,0.62,5.31,14.12
1991-09-01,14.0,3.79,7.8,0.01,0.62,3.45,15.51
1991-09-02,17.93,3.65,10.36,0.47,0.62,4.16,16.47
1991-09-03,17.38,6.18,11.49,0.06,0.61,7.61,17.48
1991-09-04,19.66,6.14,12.6,0.01,0.61,8.0,18.81
1991-09-05,23.0,7.88,14.24,0.24,0.61,8.27,16.4
1991-09-06,22.38,5.78,13.54,0.0,0.6,7.21,18.83
1991-09-07,23.78,6.85,14.41,4.95,0.6,8.2,12.19
1991-09-08,17.48,7.82,12.41,0.61,0.61,7.76,18.83
1991-09-09,20.0,4.22,12.15,0.0,0.6,4.32,18.93
1991-09-10,10.75,6.36,9.16,19.88,0.62,7.22,7.76
1991-09-11,12.84,3.8,8.19,2.48,0.64,4.43,14.36
1991-09-12,13.11,2.33,7.37,0.04,0.63,2.81,15.57
1991-09-13,16.88,1.06,9.15,0.01,0.63,4.09,19.68
1991-09-14,20.1,7.0,13.33,0.25,0.62,8.64,18.71
1991-09-15,16.17,8.57,12.11,7.16,0.62,8.82,12.05
1991-09-16,19.98,9.22,13.7,6.81,0.63,9.0,19.78
1991-09-17,13.17,7.31,9.62,6.38,0.65,7.01,15.42
1991-09-18,14.9,6.92,10.8,4.17,0.65,7.87,16.12
1991-09-19,11.91,3.45,7.73,1.2,0.65,3.11,19.26
1991-09-20,14.61,2.02,8.53,3.37,0.64,5.5,17.76
1991-09-21,14.2,4.77,9.55,1.18,0.65,5.24,16.58
1991-09-22,16.07,3.59,8.94,0.61,0.64,4.96,20.19
1991-09-23,18.59,3.65,10.98,0.05,0.64,6.48,22.67
1991-09-24,18.97,4.39,12.15,0.05,0.63,6.85,15.57
1991-09-25,22.27,8.46,14.54,0.12,0.63,9.05,14.16
1991-09-26,18.46,7.81,13.02,0.49,0.63,9.55,20.74
1991-09-27,19.43,2.71,11.24,0.0,0.62,6.3,21.98
1991-09-28,17.75,8.63,12.44,0.05,0.62,7.76,21.46
1991-09-29,19.45,9.74,13.61,0.07,0.62,8.69,18.72
1991-09-30,20.8,8.41,14.0,0.05,0.61,7.79,22.88
1991-10-01,27.57,8.46,17.15,0.0,0.61,8.61,22.86
1991-10-02,25.15,8.98,15.91,0.03,0.6,9.55,18.75
1991-10-03,26.68,8.34,16.51,0.0,0.6,10.62,24.88
1991-10-04,28.48,8.5,18.0,0.0,0.59,11.44,24.53
1991-10-05,30.3,12.8,20.79,0.0,0.59,11.65,24.55
1991-10-06,22.39,11.4,17.86,0.0,0.58,10.06,16.58
1991-10-07,19.53,7.99,13.19,0.0,0.58,7.61,14.4
1991-10-08,18.53,7.63,12.18,0.0,0.58,6.15,17.04
1991-10-09,18.0,5.5,11.66,0.01,0.58,7.0,22.18
1991-10-10,20.6,7.79,13.79,0.01,0.57,8.08,20.49
1991-10-11,22.65,5.4,14.12,0.0,0.57,7.37,26.5
1991-10-12,27.81,9.45,17.73,0.0,0.57,8.41,26.96
1991-10-13,23.88,7.25,14.92,0.0,0.56,7.79,26.96
1991-10-14,30.91,8.65,19.58,0.0,0.56,8.23,27.11
1991-10-15,33.13,14.38,21.97,0.18,0.55,6.49,22.18
1991-10-16,17.13,6.84,11.94,0.11,0.55,4.22,24.93
1991-10-17,20.98,3.79,12.25,0.0,0.55,4.61,27.61
1991-10-18,25.22,7.43,17.01,0.0,0.54,4.52,27.37
1991-10-19,29.55,10.22,20.09,0.0,0.54,2.78,27.59
1991-10-20,29.19,15.27,21.35,0.01,0.54,6.17,22.31
1991-10-21,23.68,12.15,17.64,0.22,0.53,8.3,20.43
1991-10-22,22.82,8.05,15.09,0.17,0.53,7.6,27.69
1991-10-23,25.37,7.66,16.26,0.0,0.53,6.12,29.21
1991-10-24,25.82,8.32,17.01,0.01,0.53,6.92,28.13
1991-10-25,20.12,7.73,13.45,0.05,0.52,5.97,24.01
1991-10-26,19.75,5.77,12.28,0.0,0.52,4.65,25.8
1991-10-27,22.96,3.66,13.4,0.0,0.52,3.72,29.42
1991-10-28,26.88,8.64,17.26,0.0,0.52,5.36,26.88
1991-10-29,28.57,11.06,19.16,0.0,0.51,7.08,23.51
1991-10-30,33.84,14.42,22.71,0.05,0.51,8.48,24.89
1991-10-31,20.68,7.89,13.94,0.03,0.51,2.65,29.18
1991-11-01,23.51,4.76,14.51,0.0,0.51,1.22,29.37
1991-11-02,28.45,9.53,18.41,0.44,0.5,5.97,17.46
1991-11-03,31.29,14.96,20.78,7.65,0.5,10.75,18.02
1991-11-04,22.6,9.1,15.75,1.2,0.52,8.19,23.7
1991-11-05,25.1,7.82,16.64,0.0,0.51,5.59,29.92
1991-11-06,22.87,12.4,16.51,1.32,0.51,6.7,15.15
1991-11-07,21.32,7.82,13.84,0.34,0.51,4.79,24.96
1991-11-08,19.35,5.0,12.17,0.02,0.51,2.69,26.32
1991-11-09,21.35,7.16,13.68,0.01,0.51,4.0,25.74
1991-11-10,21.71,5.15,13.77,0.0,0.51,3.89,31.12
1991-11-11,24.06,6.96,15.25,0.0,0.5,2.81,30.46
1991-11-12,25.25,6.89,15.94,0.0,0.5,4.51,23.09
1991-11-13,24.08,6.2,15.35,0.03,0.5,3.34,31.77
1991-11-14,29.02,8.08,18.25,0.0,0.5,3.16,21.94
1991-11-15,24.84,11.93,17.9,0.01,0.49,6.95,27.29
1991-11-16,24.28,8.93,16.55,0.0,0.49,3.57,29.66
1991-11-17,29.27,8.17,19.13,0.0,0.49,4.02,31.35
1991-11-18,33.72,12.71,23.95,0.0,0.49,3.93,25.78
1991-11-19,32.77,11.63,23.01,0.02,0.48,4.68,17.82
1991-11-20,23.93,7.61,15.58,0.0,0.48,1.34,32.33
1991-11-21,26.49,6.04,16.42,0.0,0.48,1.6,32.39
1991-11-22,30.01,8.38,19.41,0.0,0.48,2.9,32.03
1991-11-23,32.0,11.45,21.82,0.0,0.48,3.91,27.73
1991-11-24,35.51,13.97,25.78,0.01,0.48,5.83,29.74
1991-11-25,38.41,21.64,29.72,5.62,0.48,11.88,18.46
1991-11-26,27.34,12.64,20.18,0.01,0.49,7.11,30.77
1991-11-27,24.21,8.64,16.4,0.0,0.49,3.09,31.39
1991-11-28,25.66,8.43,17.11,0.0,0.48,3.75,29.34
1991-11-29,23.71,9.76,16.49,0.01,0.48,3.92,26.28
1991-11-30,24.01,5.73,14.94,0.0,0.48,2.27,32.19
1991-12-01,27.53,7.81,17.7,0.0,0.48,3.22,33.22
1991-12-02,31.26,10.26,21.67,0.0,0.48,1.87,26.23
1991-12-03,26.4,14.04,19.88,0.0,0.48,5.07,25.48
1991-12-04,24.43,11.38,17.23,0.02,0.48,3.58,29.61
1991-12-05,26.37,7.0,16.84,0.0,0.48,-0.63,26.52
1991-12-06,29.16,10.69,19.93,0.0,0.48,3.94,32.64
1991-12-07,31.99,10.82,21.92,0.0,0.48,2.82,32.24
1991-12-08,34.82,12.82,24.57,0.0,0.48,3.75,31.35
1991-12-09,38.43,18.15,28.36,0.0,0.47,0.33,31.53
1991-12-10,26.18,12.39,20.08,0.03,0.47,4.03,25.07
1991-12-11,27.09,9.52,17.8,0.01,0.47,1.56,32.55
1991-12-12,30.58,11.29,21.54,0.02,0.47,6.75,31.74
1991-12-13,25.53,18.11,21.0,0.93,0.47,12.6,17.18
1991-12-14,29.84,16.66,22.25,1.72,0.48,13.24,26.14
1991-12-15,23.39,13.72,17.94,1.0,0.48,9.29,24.26
1991-12-16,22.38,11.76,16.59,0.88,0.48,7.38,22.03
1991-12-17,20.71,10.0,14.11,5.24,0.48,6.03,17.33
1991-12-18,20.84,8.28,14.21,7.41,0.5,6.4,25.51
1991-12-19,23.93,9.7,16.9,3.06,0.5,9.3,23.13
1991-12-20,22.64,11.84,17.2,1.38,0.5,10.51,26.26
1991-12-21,26.49,11.36,18.76,0.18,0.5,9.65,30.08
1991-12-22,28.29,9.82,19.06,0.01,0.5,6.87,34.38
1991-12-23,30.48,11.09,20.88,0.0,0.49,7.66,34.12
1991-12-24,32.93,11.79,22.16,0.28,0.49,6.66,31.51
1991-12-25,32.75,14.99,24.21,0.0,0.49,6.54,31.6
1991-12-26,39.93,19.33,29.64,0.0,0.48,7.08,18.98
1991-12-27,35.63,20.05,27.65,0.0,0.48,10.93,33.45
1991-12-28,32.54,13.98,23.14,0.0,0.48,7.61,30.28
1991-12-29,33.25,14.07,23.63,0.01,0.48,8.14,30.76
1991-12-30,29.0,15.91,22.03,1.92,0.48,11.15,20.54
1991-12-31,27.54,17.17,22.01,8.6,0.49,13.22,28.58
1992-01-01,27.92,13.54,20.31,0.54,0.49,11.27,27.15
1992-01-02,28.11,11.73,20.22,0.02,0.49,9.69,29.11
1992-01-03,27.91,14.34,21.01,0.04,0.49,8.46,28.44
1992-01-04,24.76,11.13,17.34,0.3,0.49,7.13,26.39
1992-01-05,24.71,9.93,16.92,0.19,0.49,4.48,31.69
1992-01-06,26.28,9.59,17.64,0.5,0.48,5.84,25.8
1992-01-07,25.28,9.68,17.65,0.07,0.48,7.01,20.45
1992-01-08,17.12,10.82,14.44,0.6,0.48,6.04,23.13
1992-01-09,23.82,10.3,17.22,8.4,0.49,9.54,23.92
1992-01-10,27.55,11.87,19.14,0.1,0.5,9.63,29.57
1992-01-11,28.13,10.3,19.26,0.0,0.49,8.25,33.12
1992-01-12,27.42,10.72,19.08,0.0,0.49,5.88,32.34
1992-01-13,29.41,10.73,20.02,0.01,0.49,8.18,32.06
1992-01-14,27.4,11.72,19.42,0.0,0.48,5.28,30.54
1992-01-15,29.17,10.91,20.48,0.0,0.48,4.69,32.14
1992-01-16,25.08,12.0,18.28,0.0,0.48,2.64,32.44
1992-01-17,26.65,8.14,17.47,0.0,0.48,3.43,32.48
1992-01-18,30.29,9.42,20.92,0.0,0.48,3.39,32.14
1992-01-19,37.88,16.17,28.03,0.0,0.48,0.86,31.92
1992-01-20,41.04,23.72,30.36,0.0,0.48,3.45,26.62
1992-01-21,37.56,19.57,27.78,0.0,0.48,10.16,25.82
1992-01-22,36.64,21.8,28.95,0.37,0.48,11.74,18.35
1992-01-23,30.62,21.03,25.4,0.01,0.48,9.76,18.58
1992-01-24,29.37,16.0,21.52,0.01,0.48,4.61,30.15
1992-01-25,28.11,10.63,19.77,0.0,0.47,1.61,31.63
1992-01-26,28.62,13.79,21.2,0.0,0.47,6.64,29.83
1992-01-27,30.87,12.79,21.79,0.0,0.47,8.05,30.31
1992-01-28,26.77,12.48,19.27,0.0,0.47,3.29,30.2
1992-01-29,30.64,10.09,20.49,0.0,0.47,2.17,29.66
1992-01-30,33.46,12.9,23.31,0.0,0.47,4.47,26.43
1992-01-31,34.68,13.75,24.34,0.0,0.47,6.64,30.17
1992-02-01,33.67,14.29,23.88,0.0,0.47,5.57,30.33
1992-02-02,35.72,13.27,24.54,0.0,0.47,4.21,22.66
1992-02-03,35.51,19.87,27.5,2.6,0.47,7.35,17.52
1992-02-04,32.02,19.35,24.99,0.71,0.48,14.56,24.42
1992-02-05,35.47,20.17,26.31,2.12,0.48,15.07,23.19
1992-02-06,31.21,17.79,24.22,0.34,0.48,10.32,28.54
1992-02-07,30.67,12.89,21.15,0.07,0.48,7.07,27.24
1992-02-08,32.67,12.85,22.9,0.14,0.48,10.45,27.31
1992-02-09,31.42,15.33,23.15,0.0,0.48,9.13,28.85
1992-02-10,30.7,16.6,23.2,0.04,0.48,7.39,27.09
1992-02-11,33.29,15.8,23.95,0.19,0.48,9.72,23.94
1992-02-12,30.88,15.63,22.13,1.81,0.48,8.18,29.45
1992-02-13,27.07,11.87,19.17,0.06,0.48,7.7,29.55
1992-02-14,28.19,11.46,19.53,0.0,0.48,8.35,26.17
1992-02-15,31.63,12.37,22.23,0.0,0.48,5.33,28.44
1992-02-16,35.75,15.69,26.48,0.0,0.48,6.9,28.61
1992-02-17,40.41,21.0,31.0,0.0,0.48,7.81,26.85
1992-02-18,33.55,19.74,26.96,0.0,0.48,10.25,26.34
1992-02-19,30.92,15.43,22.21,0.0,0.47,4.5,27.38
1992-02-20,29.37,12.51,20.92,0.0,0.47,5.98,26.08
1992-02-21,31.91,13.56,23.02,0.0,0.47,5.25,26.97
1992-02-22,31.58,16.69,23.35,0.02,0.47,6.07,25.87
1992-02-23,25.38,13.4,18.91,0.0,0.47,5.07,23.79
1992-02-24,23.92,10.07,16.71,0.0,0.47,4.08,27.48
1992-02-25,26.39,8.95,17.58,0.0,0.47,1.66,26.75
1992-02-26,28.0,10.24,18.9,0.0,0.47,4.5,26.37
1992-02-27,30.88,10.98,20.88,0.0,0.47,5.75,25.98
1992-02-28,30.33,15.52,22.9,0.07,0.47,5.86,20.22
1992-02-29,28.35,19.35,23.8,0.59,0.47,8.3,11.64
1992-03-01,26.71,20.0,23.34,3.66,0.48,11.99,20.07
1992-03-02,32.86,18.95,25.49,2.51,0.48,14.22,21.12
1992-03-03,25.03,16.95,20.29,5.58,0.49,14.36,11.11
1992-03-04,29.09,15.85,22.5,0.12,0.49,14.15,17.84
1992-03-05,32.76,16.37,24.27,0.0,0.49,13.27,25.95
1992-03-06,29.81,16.5,22.29,0.0,0.49,9.29,25.64
1992-03-07,29.08,12.26,20.21,0.0,0.48,7.88,25.25
1992-03-08,31.93,11.88,21.55,0.0,0.48,9.59,24.53
1992-03-09,35.25,15.65,25.28,0.0,0.48,12.12,23.53
1992-03-10,35.34,19.41,27.0,0.0,0.48,8.37,24.45
1992-03-11,35.8,18.21,27.03,0.0,0.48,7.08,24.08
1992-03-12,34.63,16.73,25.39,0.05,0.48,10.56,23.7
1992-03-13,36.27,19.57,27.47,0.02,0.48,6.64,23.68
1992-03-14,30.93,18.01,23.97,0.07,0.48,13.1,22.27
1992-03-15,23.54,12.92,20.35,0.66,0.48,10.55,9.81
1992-03-16,23.66,10.8,16.11,0.0,0.48,4.29,22.72
1992-03-17,24.84,10.02,16.86,0.0,0.48,5.27,22.92
1992-03-18,25.88,9.72,17.08,0.0,0.48,6.53,22.84
1992-03-19,26.86,10.26,18.36,0.04,0.48,7.97,21.61
1992-03-20,26.67,12.42,19.46,0.24,0.48,8.98,13.79
1992-03-21,23.96,14.26,18.51,1.4,0.48,10.87,18.21
1992-03-22,28.1,11.66,20.37,0.01,0.48,9.71,21.31
1992-03-23,32.48,17.64,25.16,0.52,0.48,10.09,20.67
1992-03-24,32.86,19.07,25.23,0.37,0.48,10.32,21.5
1992-03-25,34.54,19.83,26.81,0.03,0.48,7.35,20.95
1992-03-26,33.13,22.48,26.75,0.0,0.48,6.66,15.75
1992-03-27,23.97,11.23,17.83,2.17,0.48,9.86,7.62
1992-03-28,23.86,7.8,15.81,0.03,0.48,7.14,20.45
1992-03-29,25.47,10.82,17.66,0.22,0.48,9.37,19.72
1992-03-30,26.57,10.28,17.98,0.0,0.48,7.43,18.66
1992-03-31,30.98,13.2,21.92,0.0,0.48,6.69,19.93
1992-04-01,27.78,13.55,19.83,0.0,0.48,10.04,17.79
1992-04-02,29.24,11.78,19.8,0.0,0.48,9.35,19.17
1992-04-03,31.56,17.64,24.16,0.15,0.48,11.69,19.19
1992-04-04,32.88,18.77,25.62,0.11,0.48,12.35,18.16
1992-04-05,31.78,21.24,25.28,1.5,0.48,11.69,13.18
1992-04-06,24.98,14.17,20.33,14.11,0.5,14.88,8.24
1992-04-07,19.88,8.7,13.94,0.09,0.51,6.47,16.24
1992-04-08,19.78,5.9,12.11,0.14,0.5,4.33,18.87
1992-04-09,21.66,6.14,13.05,0.09,0.5,5.36,19.2
1992-04-10,24.46,7.42,15.59,0.27,0.5,6.72,18.22
1992-04-11,26.2,11.65,17.16,0.0,0.5,5.08,12.85
1992-04-12,26.9,10.32,17.55,0.01,0.49,4.54,15.76
1992-04-13,19.91,14.66,16.76,9.93,0.5,10.63,6.15
1992-04-14,29.15,14.28,20.63,0.05,0.51,10.35,15.88
1992-04-15,24.14,14.54,19.42,0.43,0.51,11.81,12.32
1992-04-16,20.8,9.79,14.52,0.01,0.5,8.18,18.05
1992-04-17,20.79,7.74,13.55,0.0,0.5,6.53,17.58
1992-04-18,21.53,9.57,14.04,0.09,0.5,7.6,9.79
1992-04-19,28.0,12.77,19.2,0.42,0.5,7.75,15.29
1992-04-20,20.64,9.39,16.39,3.66,0.5,8.66,15.03
1992-04-21,16.52,5.67,10.76,0.47,0.5,4.06,14.75
1992-04-22,16.24,2.68,8.91,0.0,0.5,2.28,17.17
1992-04-23,17.61,5.67,10.75,0.01,0.5,6.48,15.14
1992-04-24,20.06,6.72,12.23,0.0,0.5,6.67,16.91
1992-04-25,20.35,6.31,12.26,0.0,0.5,6.16,16.38
1992-04-26,17.28,6.43,11.58,0.18,0.5,7.53,12.81
1992-04-27,21.55,7.33,13.48,0.67,0.5,4.93,12.01
1992-04-28,17.08,6.68,11.44,0.31,0.5,6.68,13.26
1992-04-29,19.89,6.7,12.22,0.02,0.5,7.39,15.45
1992-04-30,20.44,7.26,12.96,0.02,0.5,8.34,15.64
1992-05-01,19.82,8.2,13.43,0.03,0.49,8.36,9.42
1992-05-02,18.79,10.44,13.22,0.68,0.49,6.73,6.15
1992-05-03,20.47,10.66,15.12,1.23,0.49,10.59,8.44
1992-05-04,23.64,10.02,15.88,0.03,0.49,9.34,14.79
1992-05-05,25.36,10.7,16.69,0.0,0.49,7.56,13.96
1992-05-06,22.11,11.81,15.27,0.0,0.49,6.42,9.08
1992-05-07,23.91,11.59,16.62,0.81,0.49,8.88,7.05
1992-05-08,20.03,10.94,15.54,20.64,0.51,13.18,5.26
1992-05-09,19.14,8.66,12.48,0.44,0.53,8.63,10.77
1992-05-10,17.53,6.55,11.14,1.41,0.53,6.39,13.62
1992-05-11,15.29,7.34,11.54,18.47,0.54,9.3,5.36
1992-05-12,16.64,9.05,13.33,6.24,0.57,10.14,9.73
1992-05-13,16.01,7.24,11.26,2.26,0.57,7.7,11.38
1992-05-14,13.86,8.81,10.93,11.67,0.58,9.06,7.12
1992-05-15,13.03,5.8,9.23,1.55,0.59,5.83,10.9
1992-05-16,14.75,3.71,8.83,0.5,0.59,4.42,7.07
1992-05-17,14.13,6.45,9.43,6.03,0.6,5.86,10.7
1992-05-18,14.72,3.69,9.03,2.22,0.59,5.79,6.57
1992-05-19,15.39,4.22,8.93,0.27,0.6,6.08,11.31
1992-05-20,13.53,5.96,8.69,0.03,0.59,5.48,9.18
1992-05-21,12.55,4.99,7.93,0.01,0.59,3.96,8.18
1992-05-22,14.21,2.82,8.36,0.05,0.59,4.78,11.52
1992-05-23,15.03,5.86,9.01,0.05,0.59,6.35,11.21
1992-05-24,14.97,4.34,8.34,0.01,0.59,4.82,11.08
1992-05-25,16.53,3.21,9.09,1.03,0.59,4.3,8.78
1992-05-26,14.24,6.54,9.53,1.5,0.59,5.97,8.65
1992-05-27,15.6,5.71,9.86,0.14,0.59,7.93,10.15
1992-05-28,15.46,6.47,9.48,0.07,0.59,7.56,8.15
1992-05-29,15.75,5.56,8.96,0.02,0.59,7.15,11.81
1992-05-30,17.97,2.8,9.18,0.0,0.59,5.48,11.79
1992-05-31,18.54,4.41,10.67,0.0,0.59,6.23,8.1
1992-06-01,16.85,7.53,11.14,2.59,0.58,7.7,6.02
1992-06-02,15.19,7.2,10.96,0.65,0.59,8.01,9.85
1992-06-03,15.19,5.34,9.14,0.0,0.59,4.59,8.92
1992-06-04,16.07,4.59,8.86,0.1,0.59,3.93,11.32
1992-06-05,16.91,2.81,9.09,0.36,0.58,5.17,10.89
1992-06-06,13.98,5.32,8.94,0.25,0.58,6.26,9.06
1992-06-07,11.83,4.86,8.08,0.51,0.58,6.22,7.32
1992-06-08,11.84,4.59,7.76,0.36,0.58,5.09,7.38
1992-06-09,11.84,3.19,7.61,3.74,0.58,5.76,8.1
1992-06-10,10.63,3.25,6.44,0.28,0.59,2.81,8.11
1992-06-11,13.27,4.47,9.36,0.71,0.59,7.38,7.02
1992-06-12,13.3,7.56,10.24,0.12,0.59,9.29,6.1
1992-06-13,13.04,5.68,9.04,0.0,0.59,5.98,6.52
1992-06-14,13.01,4.06,7.1,0.0,0.59,3.86,7.5
1992-06-15,12.01,2.66,6.09,0.0,0.59,3.39,10.8
1992-06-16,11.03,2.26,5.4,0.0,0.58,3.17,10.87
1992-06-17,10.61,3.06,6.94,4.04,0.59,6.3,3.82
1992-06-18,14.72,8.2,10.36,2.36,0.59,7.67,9.63
1992-06-19,10.96,7.02,8.59,0.63,0.59,8.06,8.37
1992-06-20,14.9,4.51,9.35,0.02,0.59,7.05,8.51
1992-06-21,13.53,1.73,7.11,0.03,0.59,4.87,8.73
1992-06-22,13.88,4.6,8.43,5.8,0.59,5.85,5.14
1992-06-23,11.69,6.0,8.26,1.59,0.6,6.17,9.93
1992-06-24,13.09,4.68,7.99,0.13,0.6,5.64,9.95
1992-06-25,13.82,4.14,8.04,0.08,0.6,5.55,10.15
1992-06-26,15.52,5.35,9.55,0.14,0.6,7.6,8.91
1992-06-27,17.19,6.69,10.73,0.05,0.6,8.54,9.87
1992-06-28,15.93,8.92,11.58,0.05,0.6,8.55,6.89
1992-06-29,16.51,4.13,9.86,0.0,0.6,7.12,7.23
1992-06-30,15.43,5.22,8.64,0.65,0.6,6.28,9.45
1992-07-01,15.85,4.96,9.42,0.0,0.6,4.51,11.07
1992-07-02,16.13,4.25,9.59,0.04,0.59,3.4,10.85
1992-07-03,16.58,6.02,11.38,0.03,0.59,5.83,10.81
1992-07-04,13.81,7.47,10.1,2.77,0.59,6.43,7.11
1992-07-05,15.18,5.45,9.07,0.07,0.59,4.45,8.53
1992-07-06,12.81,5.82,8.96,5.18,0.6,6.09,6.86
1992-07-07,14.72,5.58,9.17,0.36,0.6,6.77,9.38
1992-07-08,11.58,5.45,7.93,0.29,0.6,5.68,8.15
1992-07-09,13.38,3.03,8.04,0.22,0.6,4.98,9.31
1992-07-10,12.95,2.52,7.09,0.01,0.6,3.91,10.82
1992-07-11,8.03,3.87,5.97,2.99,0.6,2.98,4.58
1992-07-12,15.54,6.3,9.86,1.04,0.6,8.0,9.31
1992-07-13,12.89,3.64,8.02,0.73,0.6,5.24,8.32
1992-07-14,15.28,1.27,7.29,0.0,0.6,4.75,11.32
1992-07-15,16.99,2.14,8.17,0.02,0.6,4.89,11.31
1992-07-16,14.98,2.59,7.29,0.0,0.6,4.99,11.46
1992-07-17,16.7,1.63,8.08,0.13,0.6,4.63,11.33
1992-07-18,14.52,5.83,9.23,0.11,0.6,5.33,9.54
1992-07-19,11.4,4.47,7.7,4.56,0.6,5.42,7.44
1992-07-20,12.34,3.56,7.3,0.09,0.6,4.07,12.03
1992-07-21,9.47,1.94,5.5,0.0,0.6,3.43,6.85
1992-07-22,13.02,0.46,6.74,0.02,0.6,4.52,12.6
1992-07-23,14.33,5.72,9.18,0.68,0.6,7.83,8.71
1992-07-24,13.35,5.69,9.34,0.22,0.6,6.68,8.73
1992-07-25,13.97,2.51,8.66,0.09,0.6,4.91,7.52
1992-07-26,12.47,-0.16,5.06,0.0,0.6,1.54,11.86
1992-07-27,14.33,-1.54,5.54,0.06,0.59,-0.72,12.77
1992-07-28,16.31,4.73,9.07,0.02,0.59,2.74,9.93
1992-07-29,16.75,4.39,9.76,0.0,0.59,7.13,12.71
1992-07-30,15.66,6.77,10.56,0.32,0.59,6.1,10.36
1992-07-31,12.94,4.62,8.24,0.02,0.59,4.33,10.56
1992-08-01,14.09,2.6,7.31,0.01,0.59,2.97,9.91
1992-08-02,15.38,2.67,8.18,0.01,0.59,3.21,13.05
1992-08-03,14.36,4.0,8.21,0.05,0.58,2.73,9.83
1992-08-04,12.27,1.94,6.7,0.88,0.58,4.18,6.81
1992-08-05,18.4,6.04,10.9,0.25,0.58,6.54,9.49
1992-08-06,15.19,5.71,9.09,0.5,0.58,6.17,12.91
1992-08-07,15.52,5.17,9.07,0.08,0.58,4.74,10.66
1992-08-08,9.09,3.25,6.57,9.68,0.59,4.84,7.34
1992-08-09,13.34,2.03,6.76,0.0,0.6,2.85,14.22
1992-08-10,10.68,4.6,7.28,5.8,0.6,3.24,5.43
1992-08-11,15.72,6.87,10.43,0.3,0.6,6.48,12.8
1992-08-12,10.43,4.92,7.41,6.85,0.61,4.13,8.76
1992-08-13,14.2,5.02,9.52,2.79,0.61,6.29,11.72
1992-08-14,12.93,5.33,8.7,2.58,0.61,7.52,11.18
1992-08-15,16.41,6.03,9.97,0.24,0.61,6.34,15.65
1992-08-16,19.85,4.18,11.8,0.02,0.61,3.92,15.9
1992-08-17,12.54,2.7,9.28,0.25,0.61,3.77,13.29
1992-08-18,13.29,1.24,7.13,0.03,0.61,1.76,15.74
1992-08-19,10.76,3.8,7.12,2.66,0.6,5.78,10.57
1992-08-20,13.35,2.32,7.01,0.01,0.61,3.57,13.04
1992-08-21,13.93,3.77,7.67,0.04,0.6,3.34,15.2
1992-08-22,16.72,1.18,8.45,0.02,0.6,1.48,16.95
1992-08-23,10.44,2.83,7.01,2.21,0.6,3.84,13.58
1992-08-24,12.25,1.11,5.83,0.09,0.6,1.59,17.29
1992-08-25,13.61,1.64,6.25,0.0,0.6,2.04,16.76
1992-08-26,14.9,3.22,7.81,0.19,0.6,2.23,13.5
1992-08-27,17.58,2.37,9.09,2.07,0.6,4.19,9.8
1992-08-28,15.96,5.8,9.7,0.56,0.6,5.74,17.71
1992-08-29,9.19,4.51,6.96,19.51,0.61,5.22,5.22
1992-08-30,11.93,4.28,7.2,9.38,0.64,6.07,10.33
1992-08-31,13.55,5.84,9.48,3.0,0.64,7.08,14.12
1992-09-01,12.89,2.66,7.89,3.56,0.65,4.99,11.82
1992-09-02,14.55,4.89,9.98,5.05,0.65,7.18,12.46
1992-09-03,12.97,2.26,7.83,1.94,0.65,4.94,12.01
1992-09-04,13.69,5.52,9.11,1.25,0.65,5.92,15.98
1992-09-05,14.98,6.05,9.6,0.95,0.65,6.32,14.5
1992-09-06,16.07,5.03,10.39,0.2,0.65,6.98,15.95
1992-09-07,13.04,4.41,8.95,0.75,0.65,7.01,10.2
1992-09-08,13.69,2.33,7.38,0.0,0.65,3.53,18.8
1992-09-09,14.98,1.27,8.11,0.01,0.64,3.44,15.85
1992-09-10,17.25,3.1,10.45,0.05,0.64,5.47,15.05
1992-09-11,14.6,6.43,9.69,5.3,0.64,6.63,13.87
1992-09-12,10.07,2.11,6.37,0.37,0.64,2.55,18.73
1992-09-13,13.97,1.05,6.99,0.04,0.64,2.3,20.36
1992-09-14,14.64,2.13,8.14,13.05,0.65,3.1,10.23
1992-09-15,12.1,5.56,8.02,3.26,0.66,5.66,16.1
1992-09-16,15.19,3.53,8.71,0.09,0.66,5.49,20.67
1992-09-17,15.5,5.5,10.17,0.22,0.65,7.71,12.67
1992-09-18,15.83,6.67,10.85,0.6,0.65,7.93,15.58
1992-09-19,13.42,2.53,7.83,0.02,0.65,3.39,19.44
1992-09-20,15.76,2.78,8.91,0.03,0.64,5.14,20.6
1992-09-21,15.62,4.74,9.63,3.94,0.64,6.43,9.16
1992-09-22,16.7,8.26,12.09,9.66,0.66,10.07,12.55
1992-09-23,16.97,6.17,11.53,0.28,0.66,8.77,17.62
1992-09-24,16.75,7.64,11.08,18.6,0.67,9.01,7.12
1992-09-25,13.92,6.04,9.43,3.23,0.69,6.74,17.54
1992-09-26,15.41,4.49,9.59,0.26,0.68,5.67,20.09
1992-09-27,17.23,5.34,11.23,0.0,0.68,6.44,23.41
1992-09-28,17.66,5.87,10.8,9.33,0.68,7.57,9.19
1992-09-29,12.98,2.64,7.57,0.1,0.68,3.05,22.01
1992-09-30,16.44,3.99,9.62,0.06,0.68,6.73,20.16
1992-10-01,16.62,5.25,10.06,0.0,0.67,6.26,20.61
1992-10-02,17.59,5.14,10.88,0.0,0.67,7.33,20.89
1992-10-03,21.19,5.37,13.47,0.1,0.66,8.34,18.83
1992-10-04,17.83,10.74,14.6,14.52,0.67,11.53,16.68
1992-10-05,17.54,8.12,12.31,0.3,0.68,8.19,16.28
1992-10-06,19.93,5.49,12.96,0.23,0.67,8.22,24.34
1992-10-07,21.02,8.27,14.51,1.77,0.66,10.78,22.98
1992-10-08,19.58,12.24,15.3,27.44,0.68,12.33,6.34
1992-10-09,16.06,8.81,11.92,3.64,0.71,8.0,15.64
1992-10-10,16.8,7.44,11.31,1.18,0.7,8.3,19.15
1992-10-11,17.84,7.61,12.06,0.35,0.7,8.12,16.53
1992-10-12,19.08,4.83,11.7,0.0,0.69,7.37,25.57
1992-10-13,23.23,6.79,15.04,0.0,0.68,10.04,25.5
1992-10-14,25.43,11.32,18.27,0.11,0.68,11.32,25.81
1992-10-15,26.09,11.21,18.28,3.03,0.67,13.58,19.67
1992-10-16,21.67,12.14,16.14,9.68,0.67,12.82,18.41
1992-10-17,20.13,10.97,15.58,8.44,0.69,13.59,16.75
1992-10-18,16.43,7.6,11.64,2.26,0.69,7.43,20.86
1992-10-19,17.72,6.82,12.26,1.24,0.69,8.73,19.57
1992-10-20,16.34,5.07,9.86,0.0,0.68,3.09,29.21
1992-10-21,18.24,2.85,10.26,0.0,0.67,5.25,29.15
1992-10-22,20.16,2.82,11.66,0.0,0.67,5.22,29.14
1992-10-23,22.42,3.17,13.73,0.02,0.66,3.08,29.2
1992-10-24,24.68,8.38,17.31,0.0,0.65,5.41,29.5
1992-10-25,21.52,9.83,15.71,0.19,0.65,10.78,23.93
1992-10-26,21.79,5.99,13.75,0.0,0.64,6.54,29.04
1992-10-27,26.05,11.1,17.49,0.09,0.63,9.7,26.46
1992-10-28,28.58,12.88,19.98,0.05,0.63,13.43,25.09
1992-10-29,27.37,14.58,20.7,0.83,0.62,14.23,16.04
1992-10-30,23.29,14.03,18.49,13.37,0.63,14.9,14.38
1992-10-31,20.89,9.26,15.03,3.58,0.64,11.69,15.06
1992-11-01,17.26,6.85,11.36,0.32,0.64,4.76,26.37
1992-11-02,18.02,3.31,11.31,0.08,0.63,5.08,20.43
1992-11-03,17.51,5.95,11.78,0.42,0.62,5.82,23.36
1992-11-04,15.97,4.63,10.33,0.26,0.62,4.93,25.87
1992-11-05,20.8,5.27,12.84,0.0,0.62,6.6,31.21
1992-11-06,20.14,7.37,13.3,0.01,0.61,7.55,28.03
1992-11-07,24.34,5.61,15.25,0.0,0.61,6.55,31.1
1992-11-08,28.92,12.09,19.56,0.69,0.6,7.2,16.32
1992-11-09,16.5,7.27,12.35,3.54,0.6,6.24,21.51
1992-11-10,15.84,4.52,10.41,1.91,0.6,5.0,16.68
1992-11-11,18.93,6.89,12.63,2.41,0.6,6.37,21.69
1992-11-12,21.46,4.7,12.87,0.09,0.6,5.49,29.23
1992-11-13,22.18,6.24,14.18,0.0,0.59,5.41,31.97
1992-11-14,24.89,7.43,16.38,0.02,0.59,7.38,29.06
1992-11-15,27.38,11.67,19.31,0.0,0.58,7.71,27.63
1992-11-16,30.12,13.07,21.56,0.63,0.58,10.88,24.99
1992-11-17,24.02,14.98,19.54,12.3,0.58,14.58,14.61
1992-11-18,27.85,15.84,21.09,3.27,0.6,15.08,20.23
1992-11-19,29.12,13.74,21.01,1.03,0.59,15.31,15.48
1992-11-20,31.47,15.81,23.59,0.01,0.59,13.81,21.27
1992-11-21,20.21,12.4,16.46,9.6,0.59,7.39,21.08
1992-11-22,22.56,10.85,16.33,3.55,0.59,9.09,24.67
1992-11-23,21.86,10.21,16.74,2.36,0.59,11.01,19.03
1992-11-24,21.91,8.63,15.55,0.05,0.59,7.53,27.24
1992-11-25,15.63,7.28,12.14,3.47,0.59,5.8,22.35
1992-11-26,19.79,4.81,12.37,0.03,0.59,5.05,18.56
1992-11-27,18.22,8.21,12.82,2.75,0.59,7.78,15.7
1992-11-28,21.99,6.9,14.52,0.11,0.59,7.88,27.88
1992-11-29,20.19,6.91,14.03,0.52,0.58,6.89,23.92
1992-11-30,23.82,5.83,15.1,0.01,0.58,6.43,33.44
1992-12-01,27.57,8.44,18.71,0.0,0.57,7.46,31.45
1992-12-02,28.52,13.4,20.13,0.41,0.57,7.76,15.76
1992-12-03,32.34,13.26,22.6,2.88,0.56,10.94,19.55
1992-12-04,22.05,15.51,18.82,9.44,0.57,14.56,21.63
1992-12-05,20.89,14.87,18.05,3.7,0.59,14.0,19.26
1992-12-06,22.72,13.86,18.47,8.28,0.59,13.93,18.59
1992-12-07,24.6,12.26,18.29,2.18,0.59,12.33,25.01
1992-12-08,26.31,11.05,18.46,0.15,0.59,9.31,33.49
1992-12-09,28.73,9.81,19.48,0.01,0.58,9.12,33.79
1992-12-10,31.51,12.21,22.27,0.24,0.58,10.21,33.01
1992-12-11,30.35,16.73,23.68,0.14,0.57,9.99,23.16
1992-12-12,33.61,16.18,25.13,0.14,0.56,11.88,18.03
1992-12-13,26.38,14.35,21.22,6.26,0.57,13.75,21.46
1992-12-14,24.28,11.09,17.35,0.1,0.57,7.32,31.15
1992-12-15,22.87,9.04,15.92,0.13,0.56,6.49,16.56
1992-12-16,26.76,11.65,19.54,0.29,0.56,12.08,17.07
1992-12-17,19.45,16.06,17.93,6.49,0.56,14.74,9.36
1992-12-18,20.83,17.01,18.94,7.54,0.57,16.04,10.59
1992-12-19,22.76,17.57,19.72,9.28,0.59,17.41,17.27
1992-12-20,27.52,17.38,22.3,14.68,0.6,17.68,18.68
1992-12-21,27.74,18.71,22.47,6.69,0.61,18.75,29.08
1992-12-22,26.89,19.07,22.41,7.43,0.62,19.22,26.8
1992-12-23,30.81,15.81,23.97,0.87,0.62,17.4,29.61
1992-12-24,30.13,17.87,23.98,3.31,0.62,16.91,22.61
1992-12-25,27.16,14.61,21.1,3.82,0.62,13.4,15.25
1992-12-26,24.35,10.56,17.55,0.15,0.61,8.86,31.87
1992-12-27,25.56,11.4,18.37,0.23,0.6,10.76,27.69
1992-12-28,23.74,11.82,17.22,0.85,0.6,8.72,28.36
1992-12-29,27.97,10.51,19.19,0.09,0.59,10.86,33.4
1992-12-30,30.67,11.62,21.73,0.0,0.59,11.09,34.2
1992-12-31,34.18,14.47,25.33,0.0,0.58,12.77,34.13
1993-01-01,35.99,19.13,27.31,0.3,0.57,13.42,28.05
1993-01-02,37.84,18.57,27.52,4.99,0.57,16.92,22.81
1993-01-03,26.24,13.92,21.25,0.52,0.57,10.61,31.38
1993-01-04,24.2,9.95,16.91,0.31,0.57,6.4,34.35
1993-01-05,25.27,8.61,16.94,0.0,0.56,7.59,34.54
1993-01-06,25.88,11.76,18.42,0.05,0.56,8.85,27.7
1993-01-07,24.6,9.71,17.08,0.0,0.56,9.62,28.51
1993-01-08,28.22,12.43,20.38,0.01,0.55,12.41,23.45
1993-01-09,29.71,14.14,21.85,0.0,0.55,13.01,34.2
1993-01-10,27.9,12.86,19.66,0.0,0.54,8.38,33.95
1993-01-11,30.56,11.03,20.73,0.0,0.54,8.61,33.81
1993-01-12,29.46,10.45,19.98,0.0,0.54,8.4,33.36
1993-01-13,33.11,11.81,23.13,0.0,0.53,8.24,33.73
1993-01-14,38.09,15.75,27.59,0.0,0.53,8.07,33.78
1993-01-15,39.91,18.27,28.86,0.07,0.52,13.41,29.03
1993-01-16,33.48,21.58,25.8,2.9,0.52,19.36,18.08
1993-01-17,31.47,19.75,25.81,2.96,0.52,20.0,20.46
1993-01-18,29.73,13.71,21.4,0.0,0.52,9.16,33.27
1993-01-19,33.03,12.63,23.41,0.0,0.52,9.64,32.56
1993-01-20,37.28,16.37,27.44,0.1,0.51,11.67,31.83
1993-01-21,27.71,15.35,21.22,1.92,0.51,13.49,16.12
1993-01-22,28.81,12.03,20.98,0.0,0.51,12.66,19.14
1993-01-23,31.4,18.1,24.92,0.17,0.51,16.59,23.19
1993-01-24,30.01,19.71,23.95,5.63,0.51,19.43,13.23
1993-01-25,28.86,14.78,20.95,0.04,0.52,10.5,16.71
1993-01-26,27.74,17.98,22.8,29.3,0.53,17.75,16.13
1993-01-27,29.18,17.85,23.54,6.11,0.57,17.04,22.81
1993-01-28,29.21,13.07,21.55,0.0,0.57,12.57,31.64
1993-01-29,34.36,17.83,25.67,0.05,0.56,12.58,31.68
1993-01-30,34.83,16.33,25.06,0.0,0.55,14.54,31.87
1993-01-31,38.03,15.61,27.27,0.53,0.54,15.54,30.2
1993-02-01,40.31,24.06,32.08,1.97,0.54,18.26,29.66
1993-02-02,40.66,23.22,32.37,0.4,0.54,17.25,31.31
1993-02-03,41.4,24.88,33.0,0.09,0.53,17.57,28.47
1993-02-04,38.04,18.81,29.61,0.02,0.52,16.33,28.94
1993-02-05,29.22,12.61,20.28,0.03,0.52,6.97,30.23
1993-02-06,34.78,12.31,23.58,0.0,0.52,11.17,30.05
1993-02-07,40.3,17.6,28.36,0.0,0.51,14.02,30.27
1993-02-08,21.77,14.93,18.76,0.15,0.51,9.94,18.51
1993-02-09,26.39,11.19,18.52,0.0,0.51,6.63,30.05
1993-02-10,28.54,10.23,19.56,0.0,0.5,7.92,29.5
1993-02-11,29.59,14.24,21.42,0.0,0.5,7.68,26.7
1993-02-12,26.03,10.3,17.87,0.0,0.5,6.17,29.71
1993-02-13,29.59,10.73,20.07,0.0,0.5,8.34,29.19
1993-02-14,34.83,15.71,25.1,1.73,0.49,13.21,27.32
1993-02-15,31.46,16.46,23.19,1.44,0.5,9.34,29.59
1993-02-16,31.97,14.56,23.26,0.09,0.49,11.88,29.1
1993-02-17,34.15,14.18,24.57,0.07,0.49,12.64,27.25
1993-02-18,36.14,20.44,28.0,0.14,0.49,13.43,26.07
1993-02-19,38.48,21.22,29.47,3.61,0.49,12.98,27.67
1993-02-20,23.17,12.0,18.47,0.6,0.49,6.42,21.52
1993-02-21,17.87,10.22,13.35,0.64,0.49,2.85,20.91
1993-02-22,21.13,8.15,14.66,0.06,0.49,5.07,21.65
1993-02-23,25.0,11.45,17.84,0.19,0.49,9.5,20.28
1993-02-24,27.82,11.54,19.83,0.0,0.49,9.85,25.23
1993-02-25,30.2,16.07,22.81,0.0,0.49,8.04,27.19
1993-02-26,25.24,12.97,18.82,0.01,0.48,7.5,22.52
1993-02-27,25.91,12.17,18.96,0.02,0.48,9.94,17.91
1993-02-28,20.65,12.57,15.85,3.69,0.49,6.58,18.31
1993-03-01,22.56,10.54,16.56,0.41,0.49,9.1,19.64
1993-03-02,23.89,12.6,17.15,0.05,0.49,7.97,17.86
1993-03-03,25.43,9.92,17.18,0.0,0.49,6.89,26.26
1993-03-04,26.91,9.57,18.04,0.0,0.48,6.66,26.72
1993-03-05,27.6,11.93,19.53,0.0,0.48,8.49,25.85
1993-03-06,30.19,13.38,21.21,0.37,0.48,8.58,22.6
1993-03-07,29.7,15.12,22.13,2.13,0.48,11.92,21.03
1993-03-08,23.59,14.42,18.58,1.46,0.48,12.05,13.57
1993-03-09,26.03,10.74,17.87,0.01,0.49,8.72,25.24
1993-03-10,24.27,11.72,17.42,0.04,0.48,8.31,20.58
1993-03-11,24.33,11.13,16.88,0.0,0.48,6.65,23.54
1993-03-12,28.94,10.44,19.23,0.0,0.48,8.72,24.76
1993-03-13,30.77,14.85,22.57,0.0,0.48,9.26,21.87
1993-03-14,31.85,17.76,23.49,0.0,0.48,8.7,21.94
1993-03-15,33.13,18.38,24.87,0.38,0.48,9.59,22.05
1993-03-16,30.97,15.35,22.74,0.01,0.48,11.44,22.04
1993-03-17,31.86,14.02,22.83,0.01,0.48,10.48,23.45
1993-03-18,29.99,18.12,23.26,0.08,0.48,11.04,22.36
1993-03-19,33.13,16.39,24.66,0.0,0.48,9.43,23.61
1993-03-20,33.34,18.28,24.49,0.08,0.48,8.87,21.83
1993-03-21,32.22,16.42,23.61,0.0,0.48,10.74,19.78
1993-03-22,32.93,16.69,24.51,2.99,0.48,10.45,10.3
1993-03-23,27.2,16.35,21.08,0.4,0.48,11.18,20.39
1993-03-24,26.42,12.61,19.08,0.02,0.48,8.01,21.81
1993-03-25,23.77,13.81,18.37,7.8,0.49,12.89,9.5
1993-03-26,27.02,14.27,20.28,0.18,0.49,13.79,19.49
1993-03-27,26.58,14.83,20.02,2.47,0.49,11.37,13.39
1993-03-28,22.05,11.14,16.07,1.45,0.49,8.89,17.31
1993-03-29,21.41,9.56,14.51,0.08,0.49,6.33,20.56
1993-03-30,23.29,7.58,14.86,0.0,0.49,7.53,21.85
1993-03-31,22.84,9.82,16.83,0.05,0.49,8.34,16.7
1993-04-01,26.35,11.4,18.49,0.01,0.49,7.05,20.91
1993-04-02,22.35,8.29,14.69,0.01,0.49,6.72,20.92
1993-04-03,23.23,6.71,15.58,0.0,0.49,5.32,20.53
1993-04-04,28.64,11.28,19.94,0.18,0.48,3.33,16.33
1993-04-05,25.47,13.32,20.15,0.03,0.48,6.52,19.51
1993-04-06,22.67,12.4,16.28,0.0,0.48,5.76,15.81
1993-04-07,22.67,8.78,15.69,0.01,0.48,8.26,12.82
1993-04-08,20.25,7.86,13.68,0.0,0.48,3.93,19.27
1993-04-09,23.41,7.18,14.56,0.0,0.48,4.01,19.18
1993-04-10,24.72,9.37,16.94,0.0,0.48,6.36,14.34
1993-04-11,28.54,12.14,20.0,0.02,0.48,6.56,17.09
1993-04-12,31.93,15.45,22.88,0.06,0.48,6.79,13.32
1993-04-13,27.93,13.14,20.85,0.44,0.48,9.57,8.12
1993-04-14,23.3,9.15,15.52,0.0,0.48,6.03,18.78
1993-04-15,22.97,8.67,15.08,0.0,0.48,6.78,18.6
1993-04-16,24.42,9.26,15.77,0.0,0.48,7.05,18.77
1993-04-17,27.41,9.55,18.51,0.0,0.48,5.87,18.51
1993-04-18,27.79,10.41,18.86,0.0,0.48,5.36,18.33
1993-04-19,28.95,11.39,19.64,0.0,0.48,2.48,18.15
1993-04-20,28.95,15.24,21.35,0.0,0.48,0.0,16.31
1993-04-21,28.83,14.84,20.51,0.0,0.48,-0.98,16.3
1993-04-22,30.08,11.88,20.31,0.0,0.48,-1.02,16.22
1993-04-23,26.56,14.0,19.63,0.0,0.48,1.47,12.6
1993-04-24,25.56,11.96,18.96,0.0,0.48,4.91,16.57
1993-04-25,22.74,6.89,13.96,0.0,0.48,1.2,16.26
1993-04-26,27.52,7.29,16.4,0.0,0.47,4.23,16.01
1993-04-27,23.48,11.75,16.41,0.0,0.47,4.31,12.53
1993-04-28,21.13,8.39,13.65,0.0,0.47,5.07,16.02
1993-04-29,23.23,7.51,14.2,0.0,0.47,3.73,15.48
1993-04-30,26.94,8.6,17.97,0.0,0.47,3.98,15.39
1993-05-01,26.88,12.83,19.75,0.07,0.47,5.8,14.92
1993-05-02,26.19,12.25,19.0,0.12,0.47,5.58,10.99
1993-05-03,26.91,13.28,19.25,0.04,0.47,7.95,8.35
1993-05-04,18.99,6.62,12.24,0.0,0.47,2.22,14.83
1993-05-05,19.62,6.63,12.4,0.0,0.47,3.24,14.71
1993-05-06,20.55,8.57,13.71,0.37,0.47,3.23,6.08
1993-05-07,22.11,11.44,15.76,3.79,0.48,9.4,9.97
1993-05-08,20.43,10.65,15.08,0.3,0.48,10.18,9.45
1993-05-09,20.19,8.4,14.33,0.29,0.48,8.69,9.02
1993-05-10,17.6,10.41,14.05,0.08,0.48,8.84,9.4
1993-05-11,18.9,7.96,12.98,0.04,0.48,7.51,11.08
1993-05-12,20.35,6.47,12.93,0.0,0.48,5.28,11.93
1993-05-13,18.73,7.03,12.04,0.0,0.48,6.69,10.72
1993-05-14,16.99,6.06,11.94,0.01,0.48,5.97,9.19
1993-05-15,15.53,3.45,8.47,0.0,0.48,2.08,12.91
1993-05-16,16.17,2.75,8.85,0.0,0.48,1.81,12.91
1993-05-17,18.15,5.47,10.68,0.0,0.48,6.88,13.02
1993-05-18,19.37,6.55,11.3,0.03,0.48,6.91,12.92
1993-05-19,20.03,4.36,12.36,0.0,0.48,4.94,12.69
1993-05-20,21.74,5.41,12.96,0.0,0.48,2.61,12.42
1993-05-21,15.82,10.19,12.42,7.08,0.48,5.82,6.33
1993-05-22,15.1,7.05,10.35,1.2,0.5,7.82,10.44
1993-05-23,16.13,5.03,9.82,0.15,0.49,6.14,8.99
1993-05-24,16.24,8.53,11.78,1.03,0.49,8.66,9.46
1993-05-25,16.68,6.74,10.61,0.33,0.5,7.08,9.84
1993-05-26,16.7,4.99,10.44,0.0,0.49,7.04,8.13
1993-05-27,16.1,3.69,8.9,0.0,0.49,5.62,9.54
1993-05-28,19.79,3.48,9.86,0.0,0.49,6.0,11.81
1993-05-29,19.67,7.51,12.83,0.27,0.49,8.84,7.53
1993-05-30,18.53,10.19,14.57,3.23,0.5,8.95,8.68
1993-05-31,14.51,7.53,10.46,1.06,0.5,7.26,9.42
1993-06-01,13.63,5.62,8.95,0.03,0.5,5.29,7.9
1993-06-02,15.09,5.88,9.37,0.0,0.5,6.16,8.52
1993-06-03,14.72,5.15,8.69,0.0,0.5,5.57,8.52
1993-06-04,13.83,4.27,7.8,0.0,0.5,4.0,8.63
1993-06-05,13.12,2.22,7.27,0.0,0.49,5.03,8.58
1993-06-06,13.7,6.97,9.63,0.06,0.49,8.25,5.5
1993-06-07,14.77,6.05,9.28,0.02,0.49,6.28,7.55
1993-06-08,15.54,6.28,10.2,0.07,0.49,7.34,6.73
1993-06-09,14.59,8.05,10.5,0.17,0.49,7.37,6.99
1993-06-10,12.45,7.84,9.35,3.71,0.49,6.09,3.86
1993-06-11,13.73,5.54,8.89,5.22,0.5,6.24,6.63
1993-06-12,10.46,3.49,6.33,0.71,0.51,1.71,8.48
1993-06-13,12.97,3.92,7.53,0.01,0.51,4.42,7.95
1993-06-14,14.64,5.77,8.92,0.01,0.51,6.05,7.08
1993-06-15,14.25,4.23,8.03,0.14,0.51,6.41,8.1
1993-06-16,14.74,3.6,7.22,0.07,0.51,4.24,10.36
1993-06-17,17.21,4.38,9.13,0.1,0.5,3.85,8.44
1993-06-18,18.46,5.21,10.88,0.0,0.5,3.1,10.67
1993-06-19,15.02,7.71,11.61,1.8,0.5,5.11,8.35
1993-06-20,16.51,6.03,10.74,1.41,0.5,7.47,7.33
1993-06-21,15.39,7.67,10.67,2.49,0.51,8.83,7.98
1993-06-22,14.65,4.73,9.03,0.32,0.51,5.98,8.53
1993-06-23,11.96,3.17,7.41,0.24,0.51,2.59,8.93
1993-06-24,13.06,3.01,7.47,0.03,0.51,4.19,6.8
1993-06-25,12.33,3.3,7.52,0.0,0.51,5.35,6.46
1993-06-26,13.21,4.33,7.68,0.0,0.51,4.74,10.26
1993-06-27,13.43,3.58,6.88,0.0,0.51,4.05,10.22
1993-06-28,14.71,2.79,7.37,0.0,0.51,3.48,10.01
1993-06-29,13.06,5.09,8.59,0.0,0.51,4.56,7.31
1993-06-30,17.66,7.32,11.34,0.9,0.51,6.02,7.62
1993-07-01,16.22,8.51,11.12,3.62,0.51,5.99,10.84
1993-07-02,15.97,4.25,10.22,0.27,0.51,5.25,6.5
1993-07-03,17.13,6.78,12.03,2.41,0.51,6.84,8.43
1993-07-04,12.98,4.35,7.63,0.32,0.51,2.83,8.78
1993-07-05,12.11,2.2,6.18,0.04,0.51,1.25,6.5
1993-07-06,12.15,1.85,6.99,0.36,0.51,4.76,8.45
1993-07-07,10.35,5.54,7.8,13.44,0.53,6.56,4.15
1993-07-08,9.13,4.77,7.18,13.59,0.55,5.94,6.18
1993-07-09,11.95,6.01,8.53,4.29,0.57,6.93,7.38
1993-07-10,12.55,5.67,8.22,0.45,0.56,6.69,6.63
1993-07-11,14.32,4.59,8.49,0.07,0.56,4.53,10.17
1993-07-12,15.5,3.97,9.01,0.02,0.56,3.97,6.41
1993-07-13,15.16,5.75,9.57,0.2,0.56,4.7,8.28
1993-07-14,16.87,3.1,9.05,0.37,0.56,4.18,11.26
1993-07-15,13.6,5.01,7.74,0.29,0.56,5.28,8.63
1993-07-16,14.22,2.13,7.57,0.02,0.56,3.46,10.65
1993-07-17,14.93,1.32,7.66,0.0,0.56,2.39,10.89
1993-07-18,15.12,0.32,7.14,0.0,0.56,2.81,9.88
1993-07-19,13.61,4.38,7.99,0.01,0.55,4.91,9.98
1993-07-20,13.77,1.84,7.89,0.0,0.55,4.81,9.04
1993-07-21,14.78,6.24,9.24,0.06,0.55,5.79,8.7
1993-07-22,13.53,5.26,8.48,0.0,0.55,3.26,9.38
1993-07-23,17.63,5.49,10.19,0.11,0.55,3.53,7.82
1993-07-24,18.94,5.25,11.45,1.8,0.55,8.12,7.81
1993-07-25,14.95,7.57,11.04,3.79,0.56,8.08,11.3
1993-07-26,13.17,5.29,7.91,0.22,0.56,5.43,11.28
1993-07-27,16.32,3.42,8.99,0.0,0.56,2.78,12.78
1993-07-28,18.71,4.57,10.78,0.11,0.55,4.81,12.7
1993-07-29,18.76,4.33,10.35,0.03,0.55,4.59,13.18
1993-07-30,17.04,8.17,11.27,11.47,0.56,6.71,3.68
1993-07-31,13.8,5.32,8.43,0.03,0.57,4.61,12.32
1993-08-01,16.45,2.9,8.88,0.17,0.57,1.85,13.43
1993-08-02,13.67,3.32,7.62,0.17,0.57,4.67,10.13
1993-08-03,12.33,2.82,6.42,0.01,0.57,2.23,11.53
1993-08-04,13.44,1.39,6.57,0.0,0.56,1.91,13.96
1993-08-05,15.16,0.78,6.48,0.0,0.56,-0.33,12.86
1993-08-06,17.16,0.71,8.07,0.0,0.56,-0.85,13.82
1993-08-07,17.82,6.56,11.08,3.24,0.56,2.65,9.15
1993-08-08,17.37,6.3,10.72,2.79,0.57,7.19,12.61
1993-08-09,19.65,5.05,12.02,0.47,0.57,5.01,14.35
1993-08-10,13.96,5.7,9.91,3.43,0.57,6.34,11.02
1993-08-11,16.86,3.79,9.36,0.07,0.57,5.24,14.21
1993-08-12,18.92,3.2,10.26,0.0,0.57,2.58,15.21
1993-08-13,17.58,6.62,11.08,5.26,0.56,4.02,6.0
1993-08-14,17.02,8.98,12.63,1.1,0.57,10.38,7.49
1993-08-15,16.48,9.1,11.91,2.22,0.57,6.84,9.36
1993-08-16,13.21,4.49,9.46,0.48,0.57,2.99,14.17
1993-08-17,14.49,3.2,8.75,0.08,0.57,5.41,11.05
1993-08-18,14.68,6.69,10.01,0.19,0.57,6.54,11.22
1993-08-19,16.33,4.13,9.19,0.02,0.57,5.43,13.02
1993-08-20,17.93,4.14,9.72,0.0,0.57,4.0,15.63
1993-08-21,19.43,4.17,10.69,0.13,0.56,5.0,14.85
1993-08-22,17.89,5.78,10.1,0.09,0.56,7.03,14.77
1993-08-23,20.59,6.24,12.77,0.0,0.56,4.0,17.54
1993-08-24,20.9,4.47,12.05,0.0,0.56,1.82,16.2
1993-08-25,20.91,4.54,12.03,0.0,0.56,2.37,16.2
1993-08-26,20.1,4.67,11.44,0.01,0.55,3.69,17.58
1993-08-27,21.06,6.8,13.22,0.16,0.55,8.16,12.71
1993-08-28,21.57,7.25,13.58,0.0,0.55,7.44,17.56
1993-08-29,21.58,5.88,12.85,0.0,0.55,5.8,18.55
1993-08-30,20.09,7.43,13.36,7.28,0.55,8.26,10.46
1993-08-31,21.9,12.2,16.41,12.8,0.57,13.47,11.13
1993-09-01,14.83,8.23,11.96,22.84,0.6,10.1,6.25
1993-09-02,14.85,7.67,10.29,1.65,0.62,6.66,15.12
1993-09-03,14.54,4.34,8.53,0.0,0.61,3.67,15.87
1993-09-04,16.54,1.46,8.38,0.0,0.61,2.34,19.26
1993-09-05,19.46,4.66,11.24,0.0,0.6,4.5,14.78
1993-09-06,19.07,7.52,13.06,0.06,0.6,8.24,14.27
1993-09-07,20.82,8.55,14.3,0.81,0.6,9.81,16.34
1993-09-08,16.78,10.01,13.32,11.96,0.61,9.92,5.44
1993-09-09,16.0,5.53,10.5,0.19,0.62,6.27,16.55
1993-09-10,15.82,3.36,9.39,0.04,0.61,4.96,12.62
1993-09-11,15.2,6.27,9.77,0.49,0.61,7.07,12.57
1993-09-12,10.71,6.58,8.4,3.19,0.61,6.39,9.12
1993-09-13,15.41,5.7,10.13,5.1,0.61,7.04,10.5
1993-09-14,13.64,7.13,9.57,9.85,0.62,7.51,8.1
1993-09-15,16.11,6.8,10.73,0.62,0.63,7.14,15.49
1993-09-16,16.85,5.3,10.35,0.0,0.62,5.46,19.9
1993-09-17,17.97,6.42,11.53,0.0,0.62,5.93,20.14
1993-09-18,22.24,6.04,13.94,1.63,0.62,7.17,20.46
1993-09-19,17.77,9.85,13.03,19.0,0.64,9.57,10.81
1993-09-20,12.72,4.9,8.99,1.17,0.64,4.56,19.07
1993-09-21,15.22,3.35,8.53,0.05,0.64,3.9,19.9
1993-09-22,17.11,5.21,10.65,0.11,0.64,6.68,18.72
1993-09-23,18.13,5.5,11.28,0.0,0.63,7.46,20.83
1993-09-24,20.63,3.87,11.78,0.0,0.63,7.71,21.73
1993-09-25,20.95,4.78,12.55,0.0,0.62,6.52,23.46
1993-09-26,20.39,5.15,12.2,0.0,0.62,7.0,23.61
1993-09-27,23.87,6.92,14.54,0.0,0.61,7.57,22.9
1993-09-28,28.22,10.04,18.19,0.03,0.61,9.05,20.04
1993-09-29,22.05,13.86,17.1,2.72,0.6,12.67,13.38
1993-09-30,27.36,14.83,19.24,0.86,0.6,12.33,15.69
1993-10-01,19.49,9.52,15.72,8.49,0.61,12.71,11.33
1993-10-02,19.87,5.34,12.44,0.0,0.61,5.54,22.55
1993-10-03,20.65,11.27,15.43,17.57,0.62,13.32,10.9
1993-10-04,18.25,7.42,12.69,10.33,0.65,7.17,24.32
1993-10-05,19.47,5.63,12.64,0.02,0.65,8.39,18.72
1993-10-06,21.08,7.02,14.52,0.01,0.64,9.65,24.21
1993-10-07,25.91,7.91,17.16,0.0,0.63,9.61,25.09
1993-10-08,26.86,11.82,18.82,0.0,0.62,9.16,24.88
1993-10-09,17.9,7.69,12.62,0.16,0.62,5.59,13.15
1993-10-10,12.8,4.35,8.51,0.2,0.61,2.53,23.33
1993-10-11,16.54,1.61,9.19,0.0,0.61,3.45,23.82
1993-10-12,18.25,3.93,11.15,0.0,0.61,4.52,24.21
1993-10-13,19.38,5.13,11.88,0.0,0.6,5.14,27.3
1993-10-14,20.99,5.02,12.7,0.0,0.6,4.89,25.94
1993-10-15,22.84,5.61,14.27,0.0,0.59,7.0,23.79
1993-10-16,22.41,9.26,15.84,0.62,0.59,9.31,21.59
1993-10-17,24.23,8.63,16.82,0.06,0.59,9.75,21.62
1993-10-18,17.23,8.05,13.4,15.19,0.6,8.95,18.42
1993-10-19,18.66,6.84,12.55,0.84,0.61,6.94,21.68
1993-10-20,17.97,6.09,11.52,0.17,0.6,5.51,19.63
1993-10-21,18.97,3.49,11.41,0.03,0.6,4.83,24.38
1993-10-22,21.32,6.2,13.69,0.0,0.6,6.46,27.71
1993-10-23,24.94,8.72,17.07,0.01,0.59,6.17,29.1
1993-10-24,25.65,11.21,17.69,1.79,0.59,9.67,21.36
1993-10-25,19.94,7.95,13.03,0.67,0.58,6.25,21.71
1993-10-26,19.8,6.95,12.53,0.13,0.58,4.48,28.47
1993-10-27,24.87,5.44,15.43,0.0,0.58,5.56,29.08
1993-10-28,21.43,7.93,13.51,5.23,0.57,6.54,10.58
1993-10-29,19.53,4.97,12.23,0.48,0.58,4.16,26.31
1993-10-30,21.82,5.54,13.75,0.06,0.57,5.05,29.19
1993-10-31,24.28,6.04,15.58,0.0,0.57,4.93,29.96
1993-11-01,22.59,12.55,16.52,11.51,0.58,11.17,9.0
1993-11-02,17.24,6.93,12.69,11.37,0.6,7.08,22.43
1993-11-03,18.81,4.9,11.75,1.91,0.6,6.63,17.33
1993-11-04,16.89,5.04,11.3,0.37,0.6,4.17,21.13
1993-11-05,19.73,6.03,12.28,0.03,0.59,6.66,20.09
1993-11-06,22.76,4.54,14.03,0.0,0.59,6.89,31.42
1993-11-07,21.09,7.44,13.88,0.0,0.58,3.95,30.71
1993-11-08,16.41,7.47,12.01,6.69,0.58,8.74,11.31
1993-11-09,21.73,4.92,13.09,0.19,0.59,6.05,30.62
1993-11-10,24.33,5.46,14.76,0.0,0.58,5.66,31.23
1993-11-11,28.73,9.61,18.67,0.0,0.58,8.36,27.94
1993-11-12,26.65,13.54,19.38,0.23,0.57,12.31,16.39
1993-11-13,26.71,14.51,19.85,0.08,0.57,11.82,20.92
1993-11-14,25.63,11.09,18.06,0.01,0.57,9.86,30.3
1993-11-15,26.8,8.75,17.81,0.0,0.56,8.69,31.74
1993-11-16,30.31,10.23,21.01,0.0,0.56,10.97,31.1
1993-11-17,34.55,15.61,24.32,0.14,0.55,13.04,17.49
1993-11-18,31.03,17.55,23.96,0.05,0.55,15.09,31.4
1993-11-19,23.22,14.11,18.0,5.48,0.55,13.08,12.52
1993-11-20,23.84,10.79,16.84,0.04,0.55,6.84,27.57
1993-11-21,25.67,6.88,16.51,0.0,0.55,4.8,33.1
1993-11-22,22.28,8.99,15.14,0.21,0.54,5.18,28.11
1993-11-23,23.75,6.04,14.8,0.0,0.54,3.64,33.15
1993-11-24,24.85,8.31,16.36,0.0,0.54,5.76,32.33
1993-11-25,27.41,7.12,17.44,0.0,0.53,6.2,33.06
1993-11-26,33.94,11.76,22.98,0.0,0.53,5.26,32.96
1993-11-27,29.45,14.15,21.71,0.02,0.52,5.95,32.35
1993-11-28,26.75,8.36,17.6,0.0,0.52,4.32,33.43
1993-11-29,30.01,8.62,19.97,0.0,0.52,5.54,32.22
1993-11-30,37.15,12.56,25.59,0.0,0.51,8.51,31.73
1993-12-01,34.53,17.29,27.03,0.0,0.51,11.15,19.55
1993-12-02,28.44,13.16,19.86,0.01,0.5,5.66,28.43
1993-12-03,24.8,10.57,17.51,0.61,0.5,9.54,10.7
1993-12-04,24.01,9.78,16.25,0.01,0.5,4.27,28.16
1993-12-05,24.7,5.62,15.89,0.0,0.5,1.23,33.7
1993-12-06,25.94,8.98,17.58,0.07,0.5,4.11,23.72
1993-12-07,30.49,9.37,19.97,0.0,0.49,4.07,33.66
1993-12-08,33.22,10.44,22.51,0.0,0.49,8.53,33.01
1993-12-09,33.22,17.99,25.19,0.0,0.49,6.15,33.61
1993-12-10,34.39,16.47,26.19,0.03,0.49,8.13,28.18
1993-12-11,28.51,15.46,22.94,22.62,0.5,14.81,16.14
1993-12-12,27.84,11.48,19.41,0.15,0.53,8.2,23.99
1993-12-13,29.0,9.94,20.27,0.64,0.52,11.47,24.28
1993-12-14,30.81,13.88,22.51,6.83,0.53,15.2,20.37
1993-12-15,25.72,10.24,17.72,0.03,0.52,8.43,25.77
1993-12-16,25.39,10.77,17.41,0.01,0.52,4.61,34.13
1993-12-17,27.53,8.82,18.47,0.0,0.52,5.9,33.91
1993-12-18,30.68,10.64,20.67,0.01,0.51,8.23,34.07
1993-12-19,33.86,12.41,23.73,0.0,0.51,8.41,33.92
1993-12-20,34.59,13.97,24.14,0.0,0.5,9.41,29.8
1993-12-21,24.76,15.86,19.85,7.37,0.51,12.63,9.27
1993-12-22,23.17,15.67,19.51,1.71,0.51,12.8,19.2
1993-12-23,27.7,15.16,20.15,0.2,0.51,9.41,25.86
1993-12-24,26.93,12.35,19.55,0.04,0.51,9.23,25.09
1993-12-25,27.8,11.74,19.14,0.02,0.5,8.44,25.72
1993-12-26,19.15,9.25,14.02,0.96,0.5,4.35,26.59
1993-12-27,17.14,6.48,12.2,0.95,0.5,4.9,22.82
1993-12-28,23.99,10.9,16.57,0.11,0.5,8.7,19.22
1993-12-29,26.08,8.32,17.17,0.0,0.5,7.53,34.27
1993-12-30,28.46,9.72,19.23,0.0,0.5,8.15,34.2
1993-12-31,28.2,11.34,19.59,0.0,0.49,7.07,34.16
1994-01-01,28.31,9.83,19.35,0.0,0.49,3.7,34.18
1994-01-02,34.47,14.46,23.1,0.08,0.49,4.61,32.09
1994-01-03,25.74,11.16,18.05,2.73,0.49,7.07,23.61
1994-01-04,25.88,10.5,18.77,0.02,0.49,7.91,23.57
1994-01-05,23.57,12.18,17.85,0.12,0.49,9.15,23.57
1994-01-06,23.02,12.82,17.76,0.68,0.49,8.92,21.43
1994-01-07,26.03,12.1,17.89,1.8,0.49,9.21,21.57
1994-01-08,21.24,10.1,15.05,0.36,0.49,3.44,27.23
1994-01-09,23.5,8.19,15.95,0.75,0.49,3.94,29.07
1994-01-10,28.97,10.5,20.38,0.0,0.49,6.05,31.49
1994-01-11,35.44,16.94,26.29,0.0,0.48,6.83,31.22
1994-01-12,39.77,17.73,28.37,0.09,0.48,11.21,29.64
1994-01-13,33.58,17.22,26.59,0.01,0.48,9.85,31.53
1994-01-14,27.45,12.53,19.0,0.0,0.48,3.83,29.68
1994-01-15,31.34,9.27,20.84,0.0,0.48,1.44,32.32
1994-01-16,30.05,16.4,23.4,5.44,0.48,8.88,9.28
1994-01-17,26.1,11.18,18.55,0.0,0.49,4.66,32.65
1994-01-18,27.85,11.2,19.74,0.01,0.48,8.53,31.55
1994-01-19,28.95,13.09,20.77,0.0,0.48,8.37,32.4
1994-01-20,28.45,11.55,19.84,0.01,0.48,8.91,25.97
1994-01-21,23.78,12.23,17.54,0.05,0.48,3.73,30.84
1994-01-22,28.01,8.52,18.4,0.0,0.48,1.13,32.32
1994-01-23,34.52,11.61,24.34,0.0,0.48,3.21,31.87
1994-01-24,38.71,17.78,28.78,0.0,0.48,3.34,32.39
1994-01-25,41.52,17.45,30.28,0.0,0.48,5.86,32.23
1994-01-26,41.94,20.16,31.9,0.43,0.48,8.15,29.92
1994-01-27,31.14,14.55,21.99,0.01,0.48,3.23,31.49
1994-01-28,34.48,11.92,23.35,0.0,0.47,7.53,31.89
1994-01-29,34.11,16.3,24.38,0.0,0.47,7.53,30.68
1994-01-30,32.68,13.21,22.98,0.0,0.47,6.27,30.42
1994-01-31,32.27,15.21,24.46,1.39,0.47,12.31,28.32
1994-02-01,37.73,19.39,28.74,2.24,0.48,13.95,30.43
1994-02-02,35.7,17.15,26.36,0.04,0.48,11.53,30.43
1994-02-03,38.94,18.52,29.51,0.01,0.48,10.23,29.84
1994-02-04,37.73,19.9,27.26,0.07,0.48,11.25,18.99
1994-02-05,36.6,20.68,28.02,0.15,0.48,11.63,28.77
1994-02-06,35.13,18.82,25.43,0.18,0.48,10.56,19.63
1994-02-07,37.37,17.59,27.83,0.0,0.48,12.0,29.74
1994-02-08,38.23,21.72,28.67,0.8,0.48,10.86,6.16
1994-02-09,34.65,23.2,27.92,0.0,0.48,12.17,29.68
1994-02-10,26.57,14.54,21.05,25.77,0.5,14.02,5.14
1994-02-11,24.57,12.76,17.93,1.47,0.53,10.1,18.46
1994-02-12,24.68,10.4,18.5,0.68,0.52,11.01,21.32
1994-02-13,31.49,16.09,23.33,0.15,0.52,15.5,27.07
1994-02-14,27.4,19.27,22.88,2.23,0.52,17.53,20.25
1994-02-15,29.05,14.68,21.85,0.02,0.52,12.45,26.83
1994-02-16,24.13,11.22,17.54,0.03,0.51,8.31,26.8
1994-02-17,24.8,10.67,17.7,0.01,0.51,8.42,29.48
1994-02-18,24.12,8.4,16.05,0.0,0.51,5.63,28.72
1994-02-19,26.55,9.58,17.95,0.0,0.5,6.93,28.9
1994-02-20,31.12,13.09,22.11,0.01,0.5,11.74,28.55
1994-02-21,32.88,16.45,24.65,0.01,0.5,11.15,25.69
1994-02-22,35.7,17.24,26.7,0.06,0.49,12.4,25.22
1994-02-23,37.34,18.65,28.14,0.03,0.49,12.59,25.84
1994-02-24,32.49,20.44,25.86,0.02,0.49,12.68,13.44
1994-02-25,32.51,16.42,24.62,0.0,0.49,13.04,27.33
1994-02-26,32.76,17.27,25.69,1.03,0.48,13.79,18.7
1994-02-27,24.57,11.23,20.33,12.1,0.5,11.55,9.11
1994-02-28,24.81,8.8,15.81,0.0,0.51,3.99,27.41
1994-03-01,26.91,8.69,17.76,0.04,0.5,7.07,27.44
1994-03-02,28.29,10.73,19.42,0.0,0.5,7.63,27.17
1994-03-03,26.54,11.16,18.56,0.0,0.5,8.22,27.33
1994-03-04,25.39,10.17,17.79,0.0,0.49,7.2,27.33
1994-03-05,25.03,10.27,17.39,0.0,0.49,7.26,26.53
1994-03-06,24.8,9.42,16.81,0.0,0.49,5.7,25.68
1994-03-07,26.02,10.74,17.92,0.0,0.49,7.33,25.88
1994-03-08,28.1,10.8,19.34,2.59,0.49,10.31,22.04
1994-03-09,24.16,15.6,19.55,6.87,0.5,13.79,15.5
1994-03-10,27.18,14.56,20.25,0.06,0.5,12.8,24.41
1994-03-11,23.67,10.54,17.22,0.01,0.5,7.51,23.23
1994-03-12,24.13,8.06,15.29,0.0,0.5,3.66,25.21
1994-03-13,24.59,8.06,15.39,0.0,0.49,2.81,24.48
1994-03-14,24.14,7.64,15.2,0.0,0.49,5.03,24.77
1994-03-15,26.51,8.04,17.22,0.0,0.49,6.92,24.34
1994-03-16,23.81,11.02,16.66,0.0,0.49,5.91,23.68
1994-03-17,22.68,7.58,14.41,0.0,0.49,4.63,23.92
1994-03-18,24.48,8.79,15.9,0.0,0.49,5.68,23.39
1994-03-19,26.63,9.86,17.98,0.0,0.49,6.25,23.12
1994-03-20,28.29,11.09,19.59,0.0,0.48,7.42,22.85
1994-03-21,29.64,13.39,21.22,0.0,0.48,8.66,22.43
1994-03-22,29.68,14.13,22.17,0.0,0.48,7.73,21.82
1994-03-23,29.86,15.85,22.35,0.0,0.48,10.21,20.76
1994-03-24,30.22,14.94,21.97,0.01,0.48,9.76,22.02
1994-03-25,29.3,13.79,21.4,0.0,0.48,9.66,21.05
1994-03-26,29.12,14.51,21.12,0.0,0.48,6.6,21.78
1994-03-27,29.36,12.55,20.64,0.0,0.48,7.43,21.6
1994-03-28,28.23,13.54,20.56,0.0,0.48,7.59,20.71
1994-03-29,28.71,14.85,21.41,0.13,0.48,9.64,18.07
1994-03-30,30.41,15.46,22.83,0.0,0.48,9.61,18.15
1994-03-31,32.32,16.63,24.08,0.01,0.48,8.64,16.78
1994-04-01,24.13,13.89,19.47,0.64,0.48,9.23,14.82
1994-04-02,22.74,10.66,16.24,0.04,0.48,7.64,15.88
1994-04-03,24.45,10.42,17.51,0.0,0.48,9.39,18.53
1994-04-04,26.67,11.46,19.2,0.0,0.48,6.71,20.16
1994-04-05,28.43,14.2,20.79,0.06,0.48,5.25,18.83
1994-04-06,24.15,11.34,18.02,0.15,0.48,5.39,15.86
1994-04-07,20.94,7.66,14.16,0.0,0.48,4.54,18.27
1994-04-08,22.96,8.49,16.18,0.0,0.48,6.64,19.17
1994-04-09,24.99,11.04,17.67,0.0,0.48,3.41,18.34
1994-04-10,19.87,9.83,15.38,0.2,0.48,3.95,13.3
1994-04-11,15.38,7.5,11.23,0.51,0.48,2.5,15.21
1994-04-12,18.26,4.95,11.92,0.0,0.48,6.32,11.94
1994-04-13,23.17,9.98,15.87,0.0,0.48,10.19,16.85
1994-04-14,25.19,9.46,16.18,0.0,0.48,8.12,18.51
1994-04-15,26.33,7.92,16.87,0.0,0.48,5.86,15.13
1994-04-16,27.0,9.99,18.42,0.0,0.48,4.97,15.98
1994-04-17,25.0,10.24,17.59,0.43,0.48,6.22,10.37
1994-04-18,20.38,6.73,13.5,0.0,0.48,5.65,14.13
1994-04-19,21.49,8.34,14.66,0.0,0.48,7.3,12.13
1994-04-20,21.89,9.31,14.65,0.01,0.48,7.08,15.78
1994-04-21,22.09,6.0,13.52,0.0,0.48,5.01,16.43
1994-04-22,23.66,7.88,15.0,0.0,0.48,5.83,16.99
1994-04-23,26.04,8.96,17.55,0.0,0.48,5.8,16.53
1994-04-24,28.83,11.83,19.19,0.0,0.48,2.72,16.07
1994-04-25,30.05,13.45,20.29,0.0,0.48,0.02,12.83
1994-04-26,31.03,15.67,22.13,0.0,0.47,0.82,15.7
1994-04-27,27.64,14.9,20.1,0.02,0.47,6.21,15.69
1994-04-28,22.74,10.93,16.44,0.0,0.47,8.12,14.95
1994-04-29,18.51,7.09,12.55,0.01,0.47,0.76,14.94
1994-04-30,20.86,5.04,12.81,0.0,0.47,0.33,15.27
1994-05-01,23.55,9.64,15.85,0.0,0.47,6.47,14.78
1994-05-02,18.45,7.93,12.62,0.0,0.47,6.46,12.51
1994-05-03,19.21,4.17,10.73,0.0,0.47,1.41,15.04
1994-05-04,21.65,5.13,11.91,0.0,0.47,5.71,14.9
1994-05-05,24.68,7.29,14.97,0.05,0.47,6.79,14.86
1994-05-06,24.77,8.48,15.43,0.01,0.47,3.36,14.22
1994-05-07,20.92,9.13,14.28,0.07,0.47,6.53,11.2
1994-05-08,16.07,7.39,11.72,0.05,0.47,5.76,11.8
1994-05-09,12.33,10.0,10.99,1.0,0.48,8.36,9.56
1994-05-10,15.46,7.12,10.74,0.19,0.48,5.99,9.52
1994-05-11,15.58,6.1,9.71,0.02,0.48,3.6,12.04
1994-05-12,15.64,4.75,9.7,0.0,0.48,3.06,13.53
1994-05-13,17.75,3.17,10.48,0.0,0.48,-0.97,13.47
1994-05-14,16.61,5.74,11.68,0.06,0.48,0.46,10.31
1994-05-15,16.06,2.88,9.31,0.0,0.48,3.25,10.45
1994-05-16,14.93,6.41,10.21,0.07,0.48,6.02,10.93
1994-05-17,22.59,7.18,13.59,0.22,0.48,3.55,9.09
1994-05-18,15.17,10.01,11.81,5.13,0.49,6.85,9.69
1994-05-19,13.99,6.86,9.88,0.45,0.49,5.18,8.72
1994-05-20,18.0,4.66,10.89,0.0,0.49,6.7,11.95
1994-05-21,18.17,9.19,13.0,0.01,0.49,4.01,7.68
1994-05-22,17.63,7.77,11.72,0.71,0.49,7.5,8.74
1994-05-23,20.01,8.14,13.26,0.04,0.48,7.49,11.41
1994-05-24,25.3,10.26,16.53,0.0,0.48,2.15,11.94
1994-05-25,16.17,9.85,12.53,2.98,0.48,4.5,9.59
1994-05-26,17.78,8.38,12.99,1.06,0.49,7.76,9.28
1994-05-27,19.28,10.89,14.06,0.66,0.49,10.04,11.24
1994-05-28,19.39,8.18,13.16,0.7,0.49,9.85,7.55
1994-05-29,18.39,6.8,12.47,0.19,0.49,7.5,10.43
1994-05-30,20.82,7.35,13.36,0.0,0.49,2.01,11.43
1994-05-31,16.67,9.43,12.53,2.47,0.49,5.61,6.21
1994-06-01,16.61,6.27,10.42,0.09,0.49,6.8,10.55
1994-06-02,20.42,4.73,11.92,0.0,0.49,5.95,11.06
1994-06-03,17.91,8.54,12.59,0.04,0.49,5.98,7.03
1994-06-04,17.9,9.88,13.05,0.01,0.49,7.66,6.45
1994-06-05,12.92,8.74,10.36,0.4,0.49,6.45,4.96
1994-06-06,15.58,6.62,10.32,4.77,0.49,6.48,6.07
1994-06-07,16.93,9.81,12.73,18.01,0.52,10.2,5.29
1994-06-08,15.18,6.14,10.7,0.68,0.53,8.09,6.87
1994-06-09,15.72,5.12,8.63,0.0,0.53,5.1,10.88
1994-06-10,14.18,2.23,7.17,0.06,0.53,4.64,10.54
1994-06-11,15.08,5.16,8.82,0.04,0.52,6.28,9.73
1994-06-12,15.89,5.91,9.74,0.21,0.52,5.77,7.34
1994-06-13,15.84,3.65,10.01,0.54,0.52,4.48,8.48
1994-06-14,13.67,6.96,9.89,0.52,0.52,7.61,8.51
1994-06-15,15.38,6.95,10.24,0.28,0.52,7.26,8.95
1994-06-16,15.01,6.32,9.9,1.46,0.52,7.54,9.38
1994-06-17,14.74,5.59,10.11,1.9,0.53,7.27,8.32
1994-06-18,15.78,5.14,10.03,0.58,0.53,7.12,5.86
1994-06-19,14.43,6.77,10.31,3.0,0.53,6.97,8.15
1994-06-20,12.33,5.45,8.35,0.56,0.53,6.73,8.77
1994-06-21,15.98,4.06,9.74,0.04,0.53,6.2,9.64
1994-06-22,19.02,6.54,11.28,0.12,0.53,3.92,10.29
1994-06-23,15.16,4.25,9.25,3.18,0.53,4.1,8.41
1994-06-24,15.04,7.73,10.92,0.63,0.53,8.05,9.29
1994-06-25,12.01,6.82,8.76,4.46,0.54,7.7,5.8
1994-06-26,11.84,6.09,8.27,1.87,0.54,6.58,8.42
1994-06-27,13.79,3.03,7.53,0.34,0.54,4.27,10.88
1994-06-28,12.99,1.28,6.1,0.02,0.54,1.33,9.97
1994-06-29,13.5,2.55,6.23,0.0,0.54,1.9,9.53
1994-06-30,12.45,-0.29,5.24,0.0,0.54,1.17,10.85
1994-07-01,13.54,-0.69,4.88,0.0,0.54,1.16,10.73
1994-07-02,13.65,2.5,6.91,0.0,0.54,3.67,7.33
1994-07-03,18.0,5.01,10.01,0.05,0.54,4.18,10.84
1994-07-04,18.92,2.84,9.51,0.01,0.54,2.88,10.73
1994-07-05,20.12,5.19,10.63,0.02,0.54,5.84,11.16
1994-07-06,20.22,6.72,11.14,0.0,0.53,3.62,11.08
1994-07-07,19.84,4.41,11.64,0.05,0.53,4.07,11.23
1994-07-08,19.37,4.46,10.65,0.0,0.53,4.18,11.22
1994-07-09,18.57,3.1,9.06,0.01,0.53,3.78,11.32
1994-07-10,20.21,5.08,11.18,0.06,0.53,6.36,8.95
1994-07-11,17.24,7.2,11.19,0.22,0.53,5.82,10.79
1994-07-12,12.19,5.47,8.17,2.02,0.53,6.32,8.49
1994-07-13,14.59,6.41,9.19,0.25,0.53,6.06,8.5
1994-07-14,16.22,3.39,8.59,0.0,0.53,3.88,9.84
1994-07-15,17.08,3.21,9.08,0.3,0.53,3.95,11.28
1994-07-16,12.26,2.75,7.11,0.01,0.53,3.69,9.34
1994-07-17,12.56,0.64,5.83,0.04,0.53,1.85,11.6
1994-07-18,14.73,2.18,7.83,0.08,0.53,3.77,11.05
1994-07-19,13.87,3.59,8.02,0.07,0.53,4.51,7.97
1994-07-20,13.45,2.96,7.19,0.01,0.53,3.65,8.18
1994-07-21,13.89,4.19,8.28,0.91,0.53,6.88,9.92
1994-07-22,12.59,2.21,6.3,0.04,0.53,2.13,12.55
1994-07-23,11.67,-1.33,4.32,0.05,0.53,-0.88,12.01
1994-07-24,13.41,-1.12,5.45,0.03,0.53,-2.25,8.43
1994-07-25,13.36,3.64,7.46,0.04,0.52,2.05,9.37
1994-07-26,11.39,1.76,5.89,0.1,0.52,3.95,9.11
1994-07-27,13.97,3.46,8.03,1.07,0.52,5.98,10.93
1994-07-28,15.43,5.58,9.24,0.04,0.52,5.83,11.99
1994-07-29,18.12,4.75,10.25,0.06,0.52,-0.5,11.58
1994-07-30,6.72,1.36,4.07,11.23,0.53,2.43,7.03
1994-07-31,11.73,4.11,6.93,1.39,0.54,4.54,11.23
1994-08-01,13.17,4.95,8.13,0.44,0.54,5.49,10.44
1994-08-02,12.63,2.71,6.75,0.01,0.54,3.1,9.32
1994-08-03,11.4,1.23,5.56,0.19,0.54,3.59,9.46
1994-08-04,12.87,3.13,6.48,0.26,0.54,2.72,10.37
1994-08-05,12.91,-0.49,5.31,0.0,0.54,0.87,13.64
1994-08-06,16.35,2.01,8.36,0.35,0.54,2.31,11.43
1994-08-07,11.57,2.56,6.4,0.02,0.54,1.68,12.8
1994-08-08,9.26,1.56,4.58,0.15,0.54,1.17,12.72
1994-08-09,12.02,1.12,5.56,0.01,0.54,2.14,12.38
1994-08-10,12.47,1.8,6.44,0.01,0.53,1.9,14.21
1994-08-11,13.73,2.0,6.76,0.01,0.53,0.1,9.82
1994-08-12,14.91,5.18,10.03,1.69,0.53,1.14,6.37
1994-08-13,12.04,2.45,7.93,0.17,0.53,2.79,13.41
1994-08-14,12.46,1.38,6.26,0.19,0.53,2.4,11.33
1994-08-15,12.77,2.28,6.2,0.14,0.53,2.93,9.3
1994-08-16,13.88,2.59,6.98,0.02,0.53,3.53,10.55
1994-08-17,14.4,2.64,8.06,0.27,0.53,5.04,12.21
1994-08-18,14.72,1.58,7.47,0.02,0.53,2.25,16.38
1994-08-19,16.23,2.4,7.79,0.05,0.53,2.35,14.88
1994-08-20,16.02,2.51,7.61,0.01,0.53,2.02,16.02
1994-08-21,15.62,2.65,7.88,0.04,0.53,1.8,14.88
1994-08-22,18.72,3.37,10.27,0.84,0.53,3.76,13.38
1994-08-23,14.13,4.38,8.83,0.03,0.53,4.0,13.72
1994-08-24,16.15,2.75,9.19,0.02,0.52,6.12,15.95
1994-08-25,17.77,6.08,10.73,0.01,0.52,7.07,15.52
1994-08-26,20.25,6.39,13.04,0.0,0.52,5.96,16.2
1994-08-27,22.78,5.01,13.04,0.0,0.52,3.88,18.14
1994-08-28,19.16,5.67,12.11,0.01,0.52,5.08,14.05
1994-08-29,17.25,3.05,9.97,0.0,0.52,2.62,14.91
1994-08-30,17.4,2.87,9.06,0.0,0.52,3.09,18.73
1994-08-31,18.57,3.07,10.34,0.0,0.52,3.27,18.56
1994-09-01,22.51,4.49,12.13,0.0,0.51,0.01,15.09
1994-09-02,23.84,5.88,12.95,0.0,0.51,1.78,14.57
1994-09-03,21.67,8.99,13.92,0.33,0.51,9.52,14.51
1994-09-04,12.99,6.52,9.9,7.35,0.52,8.55,6.56
1994-09-05,17.36,6.82,10.83,2.1,0.53,6.32,13.72
1994-09-06,15.49,3.75,8.86,0.23,0.53,3.62,14.85
1994-09-07,15.06,0.06,7.13,0.0,0.52,-0.27,19.46
1994-09-08,17.76,0.77,8.62,0.0,0.52,0.5,18.94
1994-09-09,17.6,1.56,8.89,0.01,0.52,2.4,19.77
1994-09-10,20.56,2.38,11.04,0.0,0.52,2.42,19.82
1994-09-11,23.01,4.99,13.39,0.01,0.52,1.06,19.18
1994-09-12,19.01,4.79,11.34,0.07,0.52,2.73,15.26
1994-09-13,16.53,5.88,10.19,0.07,0.51,5.95,16.87
1994-09-14,15.69,4.82,8.74,0.11,0.51,5.44,15.67
1994-09-15,18.84,1.97,9.6,0.04,0.51,1.33,20.57
1994-09-16,16.6,4.54,9.96,0.03,0.51,2.72,18.94
1994-09-17,17.78,3.69,10.48,0.05,0.51,5.49,18.72
1994-09-18,15.21,4.07,10.24,0.64,0.51,5.04,15.45
1994-09-19,15.09,1.83,7.96,0.01,0.51,0.47,20.0
1994-09-20,16.42,3.57,9.23,0.86,0.51,4.06,18.72
1994-09-21,17.16,2.59,9.34,0.06,0.51,1.05,21.83
1994-09-22,24.18,4.01,12.78,0.08,0.51,-0.97,21.22
1994-09-23,18.54,4.67,10.93,0.0,0.5,3.18,20.06
1994-09-24,17.33,5.12,10.69,0.07,0.5,3.23,20.38
1994-09-25,16.56,3.75,9.74,0.0,0.5,4.25,19.25
1994-09-26,14.65,4.7,8.88,1.22,0.5,3.77,12.72
1994-09-27,16.06,2.62,8.22,0.21,0.5,1.33,22.3
1994-09-28,18.04,2.51,10.28,0.02,0.5,3.05,20.47
1994-09-29,15.42,5.6,10.31,1.58,0.5,5.52,18.55
1994-09-30,18.48,4.1,10.97,0.0,0.5,2.11,22.63
1994-10-01,21.49,6.61,12.52,3.09,0.5,3.22,12.26
1994-10-02,18.18,7.26,11.49,2.22,0.5,6.64,16.27
1994-10-03,19.88,6.12,12.0,0.42,0.5,5.03,23.16
1994-10-04,16.16,7.17,10.55,2.05,0.5,5.21,15.22
1994-10-05,18.72,7.02,12.1,0.17,0.5,5.55,17.95
1994-10-06,25.43,6.27,14.51,0.47,0.5,3.58,15.23
1994-10-07,14.97,4.39,9.6,4.72,0.5,3.34,20.39
1994-10-08,18.49,6.06,11.36,0.27,0.51,2.85,20.78
1994-10-09,20.45,6.92,12.9,0.03,0.51,5.65,16.43
1994-10-10,25.56,6.17,15.22,0.0,0.5,5.87,26.74
1994-10-11,22.05,5.88,13.36,0.0,0.5,3.14,27.01
1994-10-12,23.19,3.56,12.91,0.12,0.5,1.66,25.46
1994-10-13,23.75,4.49,13.63,0.04,0.5,2.42,25.49
1994-10-14,28.62,5.06,17.33,0.0,0.49,1.74,27.05
1994-10-15,31.42,8.86,19.94,0.0,0.49,-0.23,27.5
1994-10-16,33.72,10.23,21.31,0.0,0.49,1.24,27.7
1994-10-17,24.06,9.79,15.94,0.0,0.49,7.5,23.46
1994-10-18,23.96,7.18,14.84,0.0,0.49,5.01,27.74
1994-10-19,21.99,7.97,14.5,1.49,0.48,6.53,25.1
1994-10-20,21.54,8.45,14.44,0.12,0.49,4.45,29.02
1994-10-21,21.8,5.55,13.52,0.0,0.49,3.36,27.82
1994-10-22,25.31,6.03,16.08,0.0,0.48,2.0,28.37
1994-10-23,28.06,8.08,18.39,0.01,0.48,0.34,29.08
1994-10-24,30.75,12.86,22.14,0.0,0.48,-0.42,27.13
1994-10-25,31.6,16.33,22.39,1.89,0.48,5.61,15.83
1994-10-26,24.71,14.43,17.87,3.8,0.49,11.56,18.63
1994-10-27,26.25,12.92,18.75,0.02,0.49,6.21,27.93
1994-10-28,21.21,9.33,14.7,0.09,0.48,2.87,25.3
1994-10-29,20.91,5.33,13.65,0.11,0.48,5.4,22.65
1994-10-30,23.08,9.5,15.7,0.11,0.48,6.14,26.44
1994-10-31,28.34,9.93,19.83,0.12,0.48,2.85,29.2
1994-11-01,18.69,8.13,12.13,7.3,0.49,5.29,20.44
1994-11-02,21.52,5.32,14.06,0.16,0.49,6.39,15.27
1994-11-03,20.33,11.09,14.88,0.05,0.49,9.1,19.94
1994-11-04,19.77,8.65,13.39,0.04,0.49,4.96,23.71
1994-11-05,20.67,10.39,14.92,0.31,0.49,6.74,23.68
1994-11-06,21.19,10.02,15.17,0.46,0.49,4.27,26.75
1994-11-07,17.28,7.53,11.91,0.6,0.49,0.82,25.37
1994-11-08,19.38,5.15,12.77,0.03,0.48,5.02,30.54
1994-11-09,27.03,7.43,17.74,0.01,0.48,6.89,30.7
1994-11-10,34.65,14.21,24.28,0.0,0.48,3.7,31.65
1994-11-11,31.69,15.38,22.77,0.0,0.48,8.56,29.91
1994-11-12,26.97,13.49,18.55,0.24,0.48,6.49,18.77
1994-11-13,22.63,10.11,15.82,0.0,0.48,1.88,14.37
1994-11-14,27.55,7.61,17.31,0.02,0.48,4.56,32.73
1994-11-15,24.98,9.05,16.71,0.04,0.48,1.61,30.75
1994-11-16,28.8,6.86,18.16,0.0,0.48,-0.95,32.04
1994-11-17,30.65,9.34,20.46,0.0,0.48,3.67,32.06
1994-11-18,28.85,10.16,20.06,0.0,0.48,2.64,27.53
1994-11-19,35.95,15.68,25.84,0.09,0.48,7.35,27.57
1994-11-20,24.02,12.41,18.61,0.85,0.48,7.27,23.48
1994-11-21,22.35,9.46,15.31,0.07,0.48,3.83,24.63
1994-11-22,24.54,8.03,16.09,0.0,0.48,1.8,29.81
1994-11-23,28.92,7.54,19.08,0.0,0.48,0.31,32.37
1994-11-24,31.18,16.75,24.05,0.03,0.48,-1.94,15.3
1994-11-25,31.65,16.88,24.58,0.0,0.47,7.46,31.91
1994-11-26,37.38,16.64,27.32,0.0,0.47,6.46,32.36
1994-11-27,30.56,13.47,23.49,0.01,0.47,7.08,30.55
1994-11-28,30.45,10.16,20.25,0.0,0.47,1.84,31.76
1994-11-29,27.68,12.04,19.33,0.64,0.47,2.73,18.2
1994-11-30,23.1,8.75,15.72,0.43,0.47,0.56,32.84
1994-12-01,28.02,7.17,17.87,0.0,0.47,-2.09,33.69
1994-12-02,32.12,11.0,21.88,0.0,0.47,2.83,31.41
1994-12-03,34.36,15.5,24.83,0.0,0.47,1.4,32.86
1994-12-04,37.23,17.27,27.46,0.0,0.47,0.76,33.04
1994-12-05,38.68,19.47,29.55,0.0,0.47,1.75,32.23
1994-12-06,39.85,22.12,31.44,0.14,0.47,3.02,31.02
1994-12-07,31.98,15.31,24.31,0.03,0.47,6.82,24.71
1994-12-08,24.39,10.02,16.96,0.0,0.47,1.26,30.12
1994-12-09,27.38,8.58,17.93,0.0,0.47,0.85,34.14
1994-12-10,31.37,9.75,21.72,0.0,0.47,2.64,33.63
1994-12-11,35.88,17.83,27.1,0.0,0.47,0.09,30.7
1994-12-12,39.76,21.65,30.58,0.0,0.47,-0.44,27.44
1994-12-13,35.29,17.17,26.97,0.0,0.47,4.31,32.39
1994-12-14,31.5,11.01,21.2,0.0,0.47,-0.8,33.5
1994-12-15,33.19,10.55,22.09,0.0,0.47,-2.69,33.59
1994-12-16,36.53,13.27,25.66,0.0,0.47,1.05,33.5
1994-12-17,35.78,14.77,25.65,0.0,0.47,2.34,33.14
1994-12-18,38.39,16.79,28.59,0.0,0.47,1.3,33.5
1994-12-19,38.76,23.38,31.22,0.0,0.47,1.56,24.9
1994-12-20,34.26,22.53,28.24,0.03,0.47,13.1,21.17
1994-12-21,34.26,17.38,26.68,2.67,0.47,13.94,17.06
1994-12-22,31.24,14.12,22.13,0.18,0.48,8.2,26.7
1994-12-23,31.02,14.95,21.96,0.0,0.48,8.67,33.67
1994-12-24,29.02,11.26,19.98,0.0,0.48,4.54,34.02
1994-12-25,30.03,10.44,20.24,0.0,0.47,2.17,34.09
1994-12-26,34.52,12.88,24.47,0.0,0.47,2.42,33.48
1994-12-27,32.89,14.97,24.61,0.0,0.47,5.25,33.46
1994-12-28,40.47,15.01,25.56,0.0,0.47,2.94,31.55
1994-12-29,27.96,12.25,19.91,0.0,0.47,2.56,34.08
1994-12-30,31.36,12.58,21.9,0.0,0.47,5.58,33.96
1994-12-31,33.38,13.22,23.84,0.0,0.47,5.55,32.09
1995-01-01,31.88,15.8,23.52,0.03,0.47,5.36,32.24
1995-01-02,31.49,11.18,21.77,0.0,0.47,2.42,32.92
1995-01-03,32.46,17.8,25.52,0.18,0.47,9.28,30.78
1995-01-04,35.87,21.35,28.42,2.18,0.47,13.27,19.94
1995-01-05,29.87,20.72,24.63,7.65,0.48,15.73,18.42
1995-01-06,26.28,12.75,20.1,4.63,0.5,11.35,24.01
1995-01-07,25.93,10.49,17.76,0.0,0.49,4.35,32.65
1995-01-08,27.85,9.19,18.96,0.0,0.49,4.96,28.55
1995-01-09,32.55,14.0,23.72,0.0,0.49,7.62,28.21
1995-01-10,31.55,20.39,26.45,1.34,0.49,12.6,22.7
1995-01-11,38.29,18.78,28.87,0.45,0.48,14.57,30.41
1995-01-12,39.32,18.82,29.4,0.01,0.48,11.42,31.97
1995-01-13,40.05,21.95,31.43,0.03,0.48,10.99,30.77
1995-01-14,38.0,23.32,30.23,0.03,0.48,10.32,19.06
1995-01-15,36.06,21.96,28.33,0.3,0.48,15.52,23.56
1995-01-16,36.8,20.78,29.34,0.0,0.48,13.88,27.79
1995-01-17,37.13,20.24,28.77,0.59,0.48,9.12,31.13
1995-01-18,36.13,19.06,27.76,0.01,0.48,13.23,29.57
1995-01-19,35.3,22.08,28.69,0.53,0.48,15.41,27.05
1995-01-20,30.66,14.83,23.41,1.0,0.48,13.21,19.06
1995-01-21,25.85,12.3,18.5,0.0,0.48,1.55,30.88
1995-01-22,29.79,10.4,20.77,0.0,0.48,5.11,30.28
1995-01-23,31.21,15.77,24.13,0.0,0.48,9.35,30.29
1995-01-24,35.84,17.22,27.14,0.0,0.48,7.72,28.38
1995-01-25,34.3,17.56,26.05,0.0,0.47,8.32,24.16
1995-01-26,33.39,19.06,26.05,0.82,0.47,11.81,25.71
1995-01-27,33.03,22.38,27.3,6.69,0.48,14.25,23.71
1995-01-28,31.25,18.75,24.56,0.88,0.49,11.74,27.77
1995-01-29,31.31,14.93,23.43,0.24,0.48,10.61,30.63
1995-01-30,33.82,17.09,23.79,0.22,0.48,10.78,16.85
1995-01-31,29.58,13.01,21.02,0.0,0.48,5.45,30.29
1995-02-01,32.41,12.13,22.74,0.0,0.48,3.82,31.08
1995-02-02,35.62,16.85,26.87,0.55,0.48,4.22,22.12
1995-02-03,27.94,16.71,22.47,0.14,0.48,7.88,28.8
1995-02-04,32.58,12.14,22.92,0.14,0.48,4.41,30.38
1995-02-05,24.68,13.16,20.24,8.76,0.49,7.73,17.72
1995-02-06,24.47,9.98,17.11,0.0,0.49,4.81,28.98
1995-02-07,28.88,10.47,19.95,0.0,0.49,5.82,30.45
1995-02-08,28.96,12.22,20.53,0.07,0.49,8.45,30.29
1995-02-09,25.72,11.54,18.76,0.01,0.48,5.54,29.52
1995-02-10,29.01,11.93,20.14,0.0,0.48,7.67,30.01
1995-02-11,33.28,13.04,23.54,0.0,0.48,7.16,30.24
1995-02-12,35.18,21.3,28.3,0.0,0.48,10.87,28.45
1995-02-13,36.18,21.21,29.13,0.0,0.48,11.91,28.19
1995-02-14,36.43,20.3,28.89,0.02,0.48,9.02,28.38
1995-02-15,35.34,19.73,27.94,0.0,0.48,9.48,28.15
1995-02-16,25.67,15.33,22.87,6.25,0.49,12.38,14.43
1995-02-17,28.97,11.54,19.92,0.0,0.49,5.19,29.04
1995-02-18,31.12,12.23,21.25,0.0,0.48,8.46,28.19
1995-02-19,30.96,13.62,21.51,0.0,0.48,8.87,27.32
1995-02-20,32.32,12.36,22.08,0.0,0.48,7.1,28.66
1995-02-21,34.94,17.14,26.36,0.21,0.48,8.75,27.68
1995-02-22,33.64,17.62,25.71,0.0,0.48,8.14,28.43
1995-02-23,35.02,14.06,24.52,0.0,0.48,6.15,27.6
1995-02-24,38.35,18.2,28.63,0.0,0.48,5.38,28.08
1995-02-25,40.2,19.84,29.91,0.0,0.48,5.15,26.82
1995-02-26,39.34,20.7,30.44,0.07,0.47,6.35,25.79
1995-02-27,35.43,20.6,26.95,0.04,0.47,12.54,17.4
1995-02-28,31.99,20.07,25.36,0.07,0.47,13.44,11.88
1995-03-01,32.13,18.22,24.95,0.01,0.47,8.97,22.29
1995-03-02,32.13,15.86,23.9,0.01,0.47,6.99,22.94
1995-03-03,31.97,16.64,23.91,0.0,0.47,4.66,27.24
1995-03-04,30.83,16.51,23.15,0.0,0.47,3.89,26.96
1995-03-05,32.56,16.4,24.65,0.0,0.47,7.16,26.11
1995-03-06,35.31,18.74,27.2,0.01,0.47,10.31,24.95
1995-03-07,35.46,22.01,28.63,2.77,0.47,14.3,22.61
1995-03-08,30.36,16.62,22.54,0.36,0.48,11.42,19.47
1995-03-09,27.05,13.84,19.5,0.09,0.48,8.39,24.17
1995-03-10,28.12,10.91,19.17,0.0,0.48,6.35,25.24
1995-03-11,31.33,12.33,21.38,0.0,0.48,6.07,24.58
1995-03-12,21.74,11.28,16.76,0.0,0.48,4.34,24.24
1995-03-13,25.52,8.68,16.76,0.0,0.48,3.81,23.77
1995-03-14,25.17,10.19,17.65,0.0,0.48,6.67,23.71
1995-03-15,24.8,11.05,16.85,0.0,0.48,6.08,23.24
1995-03-16,28.1,8.93,17.95,0.0,0.48,3.38,23.58
1995-03-17,28.31,10.08,19.28,0.0,0.48,3.74,23.45
1995-03-18,25.17,14.33,19.03,0.1,0.47,6.91,20.32
1995-03-19,23.6,10.93,16.87,0.06,0.47,6.89,22.68
1995-03-20,25.16,9.3,16.96,0.0,0.47,6.6,23.61
1995-03-21,27.67,10.97,19.06,0.0,0.47,10.01,23.08
1995-03-22,25.34,11.34,18.42,0.0,0.47,9.42,22.62
1995-03-23,25.54,11.1,18.41,0.0,0.47,8.81,22.12
1995-03-24,23.31,10.79,16.82,0.02,0.47,6.07,17.79
1995-03-25,22.45,7.41,14.6,0.0,0.47,2.36,21.77
1995-03-26,24.05,7.72,15.78,0.0,0.47,4.42,20.76
1995-03-27,22.77,10.55,16.11,0.01,0.47,5.55,19.26
1995-03-28,22.11,9.51,15.8,0.0,0.47,6.0,16.01
1995-03-29,22.14,11.67,16.57,0.34,0.47,7.33,20.67
1995-03-30,22.32,8.99,15.41,0.01,0.47,6.08,15.31
1995-03-31,18.62,7.78,12.85,0.07,0.47,1.49,16.73
1995-04-01,19.67,4.18,12.6,0.14,0.47,4.04,18.17
1995-04-02,19.11,8.37,13.19,0.08,0.47,4.0,15.91
1995-04-03,23.3,5.57,14.07,0.0,0.47,2.19,19.65
1995-04-04,26.44,11.04,17.5,6.62,0.48,1.74,10.26
1995-04-05,18.9,8.15,13.04,0.23,0.49,5.55,15.86
1995-04-06,15.92,5.68,10.68,3.65,0.49,6.82,13.47
1995-04-07,12.44,4.94,9.05,1.83,0.49,3.98,15.36
1995-04-08,17.0,8.19,12.39,0.36,0.49,7.93,13.89
1995-04-09,19.03,8.6,12.71,0.33,0.49,6.71,13.88
1995-04-10,17.06,7.76,11.73,0.11,0.49,5.53,13.45
1995-04-11,20.26,8.13,13.02,0.0,0.49,7.62,16.13
1995-04-12,20.54,6.45,12.97,0.0,0.49,7.38,17.13
1995-04-13,22.86,8.54,14.31,0.0,0.49,7.11,15.24
1995-04-14,24.83,8.23,15.6,0.0,0.49,7.3,18.61
1995-04-15,26.22,9.86,17.76,0.11,0.49,7.94,18.21
1995-04-16,17.72,8.79,14.74,14.31,0.5,8.13,10.53
1995-04-17,19.18,7.8,12.29,0.13,0.51,4.15,18.36
1995-04-18,22.84,5.88,13.7,0.64,0.51,4.34,16.3
1995-04-19,16.63,4.34,10.58,0.02,0.51,3.83,15.59
1995-04-20,16.8,5.5,10.71,0.0,0.5,4.28,10.74
1995-04-21,18.95,7.01,12.49,0.0,0.5,5.41,15.06
1995-04-22,21.49,6.15,13.58,0.0,0.5,3.54,16.33
1995-04-23,23.7,9.24,15.55,0.0,0.5,4.3,13.68
1995-04-24,17.03,6.6,11.42,0.0,0.5,4.06,16.11
1995-04-25,20.25,5.74,12.54,0.0,0.5,7.17,15.43
1995-04-26,19.74,7.9,13.03,0.0,0.5,9.07,11.91
1995-04-27,18.1,5.39,10.78,0.0,0.5,4.02,12.93
1995-04-28,22.1,5.03,12.56,0.0,0.49,3.23,15.7
1995-04-29,27.35,9.64,17.52,0.98,0.49,5.36,10.05
1995-04-30,17.75,13.53,15.7,24.98,0.51,14.08,4.55
1995-05-01,19.19,12.42,15.01,3.01,0.55,10.37,9.37
1995-05-02,20.57,10.79,14.99,10.23,0.55,8.84,12.72
1995-05-03,13.69,5.88,11.1,8.72,0.57,7.89,7.05
1995-05-04,15.37,5.27,9.65,0.54,0.57,6.01,9.5
1995-05-05,15.69,6.31,10.21,0.01,0.57,6.91,10.93
1995-05-06,17.56,6.84,11.11,0.0,0.56,7.21,11.82
1995-05-07,17.89,6.92,10.77,0.0,0.56,6.14,14.65
1995-05-08,19.47,5.78,11.66,0.0,0.56,7.39,12.42
1995-05-09,13.32,8.58,10.43,3.57,0.56,7.9,7.06
1995-05-10,18.63,9.16,13.57,0.13,0.57,10.62,8.0
1995-05-11,21.43,11.65,15.91,0.11,0.57,10.98,10.11
1995-05-12,24.11,12.61,17.42,0.92,0.56,10.62,9.67
1995-05-13,19.28,13.49,15.9,8.2,0.58,11.38,9.56
1995-05-14,15.58,6.49,11.7,1.41,0.58,7.57,11.26
1995-05-15,15.76,3.28,9.19,0.0,0.58,5.75,8.07
1995-05-16,16.68,5.74,10.42,0.0,0.57,7.25,8.88
1995-05-17,17.31,6.93,10.29,0.0,0.57,7.17,12.9
1995-05-18,18.69,5.64,10.62,0.0,0.57,6.67,12.7
1995-05-19,17.42,7.49,11.84,0.0,0.57,6.0,9.24
1995-05-20,17.96,5.85,11.23,0.0,0.57,6.42,11.66
1995-05-21,17.22,6.45,10.13,0.0,0.57,6.83,12.5
1995-05-22,18.87,5.54,11.0,0.0,0.57,5.78,12.22
1995-05-23,17.51,5.31,9.81,0.0,0.57,5.53,10.22
1995-05-24,16.65,6.4,11.26,12.72,0.57,7.77,10.09
1995-05-25,12.36,6.32,9.44,4.92,0.59,7.37,8.93
1995-05-26,13.23,6.45,10.52,2.75,0.6,5.76,10.4
1995-05-27,15.26,4.61,9.57,0.23,0.6,7.21,10.87
1995-05-28,14.23,9.12,11.16,0.08,0.59,7.94,8.58
1995-05-29,14.99,6.81,10.52,0.0,0.59,5.54,6.17
1995-05-30,15.34,4.05,9.57,0.0,0.59,4.06,8.79
1995-05-31,15.66,4.45,9.89,0.0,0.59,6.1,11.04
1995-06-01,15.2,6.31,9.82,0.0,0.59,7.51,11.1
1995-06-02,15.32,5.47,9.06,0.0,0.59,6.26,11.14
1995-06-03,16.8,4.98,10.13,0.01,0.59,6.88,10.36
1995-06-04,15.78,6.66,9.75,0.0,0.59,6.84,11.37
1995-06-05,14.6,6.87,10.06,2.63,0.59,8.41,7.77
1995-06-06,12.94,8.58,11.05,23.14,0.62,9.63,4.98
1995-06-07,18.49,11.75,14.27,13.23,0.63,10.95,4.9
1995-06-08,18.2,10.99,13.91,5.43,0.65,12.35,4.16
1995-06-09,17.75,13.55,15.19,23.55,0.68,13.78,3.78
1995-06-10,14.46,9.91,12.19,4.05,0.7,9.49,9.19
1995-06-11,14.54,7.46,10.83,0.71,0.69,8.61,9.16
1995-06-12,13.16,7.22,9.41,0.43,0.69,7.02,7.37
1995-06-13,10.87,4.82,7.5,0.19,0.69,5.16,4.75
1995-06-14,11.47,4.23,7.08,0.21,0.69,4.3,6.74
1995-06-15,12.74,1.69,6.58,0.0,0.68,4.61,9.68
1995-06-16,11.58,5.25,7.79,0.13,0.68,6.06,8.32
1995-06-17,10.67,3.34,5.92,0.03,0.68,2.95,8.27
1995-06-18,13.66,3.34,8.67,0.08,0.68,7.11,7.48
1995-06-19,13.66,7.0,9.74,0.02,0.68,6.92,8.02
1995-06-20,12.03,4.88,7.77,0.11,0.68,5.52,5.1
1995-06-21,10.74,2.59,6.59,0.0,0.68,3.6,8.67
1995-06-22,10.37,1.38,4.55,0.01,0.67,1.12,8.9
1995-06-23,12.55,-1.08,4.86,0.0,0.67,1.13,8.46
1995-06-24,11.07,2.52,5.92,0.0,0.67,4.12,5.76
1995-06-25,14.68,3.69,7.59,0.04,0.67,5.14,9.07
1995-06-26,16.53,4.63,9.89,3.73,0.67,5.92,8.33
1995-06-27,13.0,3.91,7.92,2.57,0.68,4.59,8.71
1995-06-28,10.14,4.69,7.58,1.95,0.68,5.74,5.7
1995-06-29,11.69,4.38,7.78,0.68,0.68,4.56,8.0
1995-06-30,13.25,5.28,8.28,4.15,0.68,6.25,6.97
1995-07-01,13.13,4.42,8.87,0.67,0.68,6.77,8.09
1995-07-02,13.88,4.35,8.38,1.22,0.68,6.63,7.95
1995-07-03,13.36,2.53,9.0,1.21,0.68,6.71,7.85
1995-07-04,10.72,1.16,5.24,0.05,0.68,3.37,8.3
1995-07-05,11.59,3.9,6.82,0.15,0.68,4.89,6.64
1995-07-06,11.43,4.0,6.84,0.08,0.68,5.57,8.48
1995-07-07,10.94,3.05,6.25,0.02,0.68,3.84,9.38
1995-07-08,12.23,3.37,7.49,0.0,0.68,3.9,7.85
1995-07-09,11.26,1.46,5.32,0.0,0.67,2.76,7.86
1995-07-10,8.2,0.37,4.22,3.95,0.67,2.6,5.26
1995-07-11,10.32,6.09,8.62,6.88,0.68,7.82,6.5
1995-07-12,13.86,7.35,9.62,4.78,0.69,7.59,9.65
1995-07-13,15.15,7.89,10.76,7.24,0.7,9.26,5.9
1995-07-14,12.73,5.54,8.76,1.71,0.7,6.52,8.74
1995-07-15,11.3,4.68,7.05,1.01,0.7,6.27,7.9
1995-07-16,12.27,5.26,9.06,7.83,0.7,7.48,5.3
1995-07-17,14.08,8.17,10.82,3.43,0.72,9.34,7.44
1995-07-18,11.36,5.9,7.72,1.38,0.72,6.34,11.05
1995-07-19,11.51,2.97,6.52,0.28,0.72,4.95,11.28
1995-07-20,9.43,2.97,4.82,0.13,0.72,3.28,11.38
1995-07-21,7.18,2.75,4.83,3.3,0.72,3.29,4.96
1995-07-22,9.47,4.23,7.07,8.72,0.72,5.8,5.42
1995-07-23,12.58,6.9,8.89,2.54,0.74,7.74,8.37
1995-07-24,12.14,3.85,7.1,0.06,0.73,4.51,9.48
1995-07-25,11.09,3.92,7.06,0.05,0.73,4.41,6.19
1995-07-26,10.99,1.84,5.93,1.24,0.73,3.61,6.69
1995-07-27,11.61,2.44,6.01,0.15,0.73,4.38,8.23
1995-07-28,12.03,4.22,7.74,2.85,0.73,6.55,8.61
1995-07-29,11.68,3.88,6.43,0.47,0.73,4.06,12.28
1995-07-30,11.92,3.81,6.76,2.58,0.73,3.45,6.64
1995-07-31,12.12,3.22,7.28,1.78,0.73,5.55,11.74
1995-08-01,13.64,2.91,8.13,2.21,0.73,6.13,11.49
1995-08-02,9.97,3.07,6.29,2.13,0.74,4.62,9.03
1995-08-03,11.51,2.61,6.16,0.69,0.74,5.5,10.11
1995-08-04,12.59,5.31,8.08,0.58,0.74,6.56,11.23
1995-08-05,12.43,4.55,7.34,0.14,0.73,5.31,9.55
1995-08-06,10.84,3.77,6.27,0.19,0.73,3.85,11.21
1995-08-07,11.89,3.92,7.07,0.48,0.73,5.07,13.12
1995-08-08,11.85,3.37,6.59,0.16,0.73,4.14,12.27
1995-08-09,12.77,2.23,7.06,0.1,0.73,4.28,10.75
1995-08-10,13.46,2.99,7.39,0.04,0.72,5.12,13.4
1995-08-11,13.3,1.97,6.98,0.0,0.72,2.94,13.14
1995-08-12,15.19,-0.27,6.7,0.0,0.72,2.76,14.29
1995-08-13,16.97,0.24,7.49,0.0,0.72,3.17,14.36
1995-08-14,18.29,1.24,8.4,0.0,0.71,4.63,14.2
1995-08-15,18.81,2.53,10.31,0.0,0.71,6.3,14.51
1995-08-16,18.66,5.63,11.63,0.0,0.71,9.52,13.86
1995-08-17,20.15,5.96,11.96,0.0,0.71,7.38,15.37
1995-08-18,19.59,5.57,12.76,0.0,0.7,7.4,14.76
1995-08-19,20.34,4.98,12.37,0.0,0.7,8.23,14.74
1995-08-20,22.67,6.49,14.23,1.03,0.7,10.56,14.37
1995-08-21,16.72,9.82,12.54,1.35,0.69,9.58,12.19
1995-08-22,17.69,4.87,11.28,0.0,0.69,7.3,15.16
1995-08-23,17.45,6.71,11.29,0.0,0.69,7.34,15.88
1995-08-24,18.87,4.42,11.55,0.37,0.68,8.11,11.34
1995-08-25,20.79,6.15,11.92,0.2,0.68,8.4,11.05
1995-08-26,17.73,3.18,9.9,0.0,0.68,5.69,16.18
1995-08-27,14.63,5.03,9.24,0.01,0.67,4.78,16.14
1995-08-28,16.1,1.17,8.62,0.01,0.67,3.36,16.79
1995-08-29,18.33,2.14,9.77,0.02,0.67,3.46,17.47
1995-08-30,16.19,7.03,10.68,0.37,0.66,5.87,9.62
1995-08-31,11.1,5.44,8.46,3.51,0.67,6.17,7.21
1995-09-01,14.08,3.11,8.57,0.0,0.67,4.22,14.61
1995-09-02,14.77,4.28,9.01,0.01,0.66,3.58,14.56
1995-09-03,17.11,2.81,9.5,0.0,0.66,2.81,16.77
1995-09-04,12.77,4.25,8.66,0.1,0.66,4.47,11.35
1995-09-05,9.32,0.19,4.41,0.12,0.65,0.62,15.68
1995-09-06,11.82,-0.27,5.45,0.02,0.65,1.62,13.53
1995-09-07,12.97,-0.85,5.91,0.04,0.65,1.75,14.9
1995-09-08,16.26,2.97,9.15,0.88,0.65,2.89,11.98
1995-09-09,16.73,7.03,11.06,0.27,0.65,7.78,18.0
1995-09-10,17.62,5.52,11.14,0.04,0.64,7.27,13.84
1995-09-11,15.74,5.09,10.09,0.1,0.64,6.35,16.88
1995-09-12,19.1,4.1,11.58,0.0,0.64,6.75,18.32
1995-09-13,22.86,5.44,13.41,0.06,0.63,6.15,16.18
1995-09-14,17.05,7.61,13.1,4.94,0.63,10.53,11.33
1995-09-15,17.3,5.51,10.37,0.0,0.63,6.57,19.68
1995-09-16,19.43,4.18,11.08,0.0,0.63,6.52,19.95
1995-09-17,19.99,5.65,11.28,0.16,0.62,5.93,19.86
1995-09-18,22.18,6.18,14.91,1.07,0.62,11.16,15.49
1995-09-19,21.17,8.79,15.37,0.05,0.62,10.31,18.72
1995-09-20,19.1,5.59,11.51,0.81,0.61,6.75,17.49
1995-09-21,16.22,5.21,10.48,0.1,0.61,7.29,14.59
1995-09-22,19.21,6.7,12.32,0.02,0.61,8.39,19.63
1995-09-23,14.46,8.34,11.7,5.59,0.61,9.1,11.22
1995-09-24,16.24,6.19,10.49,1.98,0.62,7.3,15.38
1995-09-25,18.33,5.12,11.31,0.01,0.62,6.17,22.77
1995-09-26,19.38,4.66,11.35,0.0,0.61,6.24,23.11
1995-09-27,22.3,5.22,13.72,0.0,0.61,7.51,21.86
1995-09-28,19.77,7.34,12.88,0.01,0.6,7.58,17.83
1995-09-29,21.26,5.36,12.57,0.1,0.6,5.98,15.16
1995-09-30,24.54,9.2,15.75,2.31,0.6,9.41,14.23
1995-10-01,21.0,8.82,14.7,0.09,0.6,10.66,18.97
1995-10-02,18.29,7.8,12.45,0.12,0.59,7.48,10.52
1995-10-03,17.22,6.57,10.86,0.02,0.59,5.71,19.15
1995-10-04,18.04,4.62,10.69,0.02,0.59,4.38,22.76
1995-10-05,15.25,7.45,11.54,2.93,0.59,6.42,9.43
1995-10-06,19.07,5.41,11.46,0.0,0.59,3.14,22.68
1995-10-07,19.44,5.49,12.07,0.16,0.58,7.01,20.76
1995-10-08,18.17,2.64,10.14,0.0,0.58,3.07,23.39
1995-10-09,22.6,2.83,12.83,0.05,0.58,3.28,23.8
1995-10-10,24.2,9.79,16.49,0.03,0.57,4.44,17.71
1995-10-11,21.36,10.85,15.39,7.45,0.58,13.07,14.45
1995-10-12,28.24,11.59,17.85,1.27,0.58,11.18,25.67
1995-10-13,18.41,8.39,13.36,0.25,0.58,6.26,19.78
1995-10-14,18.46,5.06,11.43,0.03,0.58,4.19,24.94
1995-10-15,19.74,3.09,11.36,0.0,0.57,4.73,25.78
1995-10-16,24.87,5.07,15.36,0.02,0.57,4.63,25.4
1995-10-17,27.62,10.32,18.53,0.0,0.56,4.23,20.6
1995-10-18,25.34,9.09,17.07,0.11,0.56,9.02,21.55
1995-10-19,33.8,11.08,22.63,0.49,0.55,7.74,21.49
1995-10-20,13.77,7.57,10.45,5.0,0.56,2.33,13.26
1995-10-21,13.33,6.31,10.09,8.84,0.56,5.85,11.9
1995-10-22,16.07,9.32,11.94,30.7,0.6,10.21,11.63
1995-10-23,19.79,8.54,13.7,0.15,0.62,8.54,22.29
1995-10-24,20.76,7.18,13.14,0.03,0.61,7.94,27.17
1995-10-25,21.14,7.14,13.41,0.0,0.61,7.54,28.45
1995-10-26,21.48,5.91,13.83,0.0,0.6,7.1,27.83
1995-10-27,20.88,7.6,13.85,4.44,0.6,9.44,15.92
1995-10-28,23.07,8.63,15.25,2.21,0.6,9.42,28.24
1995-10-29,23.76,6.57,15.48,0.07,0.6,7.6,28.3
1995-10-30,21.09,7.73,13.87,0.04,0.59,5.62,29.36
1995-10-31,23.58,4.27,13.97,0.0,0.59,4.8,27.1
1995-11-01,31.62,11.12,20.89,0.04,0.58,9.47,17.93
1995-11-02,24.14,14.0,19.01,0.1,0.58,9.83,19.75
1995-11-03,25.7,9.41,18.01,0.23,0.57,10.82,24.24
1995-11-04,22.14,11.22,16.58,0.22,0.57,9.86,17.32
1995-11-05,17.16,10.8,14.12,2.31,0.57,9.98,24.0
1995-11-06,18.78,9.48,13.36,0.73,0.57,8.27,17.76
1995-11-07,21.12,8.53,14.35,0.06,0.57,7.62,25.54
1995-11-08,27.29,8.0,18.14,0.0,0.56,7.67,30.59
1995-11-09,28.18,13.85,20.22,0.05,0.56,9.23,14.05
1995-11-10,23.27,11.44,16.28,0.0,0.55,6.52,20.87
1995-11-11,21.87,7.82,14.72,0.0,0.55,5.88,25.92
1995-11-12,25.27,6.18,15.88,0.0,0.55,4.12,29.88
1995-11-13,28.4,9.96,19.2,0.0,0.54,6.67,22.06
1995-11-14,24.28,11.9,17.63,0.0,0.54,7.9,27.72
1995-11-15,25.56,8.86,17.02,0.0,0.54,7.93,30.09
1995-11-16,28.37,9.78,18.92,0.0,0.53,8.21,31.19
1995-11-17,30.22,13.0,22.19,0.0,0.53,9.34,23.48
1995-11-18,25.49,12.45,19.95,0.13,0.53,9.87,27.37
1995-11-19,21.56,8.72,14.87,0.09,0.52,5.1,22.71
1995-11-20,27.45,9.04,18.8,0.0,0.52,8.04,30.06
1995-11-21,29.24,13.74,20.52,0.32,0.52,9.02,24.51
1995-11-22,23.99,9.18,16.26,0.15,0.52,4.88,29.86
1995-11-23,23.6,6.29,15.13,0.0,0.51,4.38,30.69
1995-11-24,23.87,9.56,16.55,0.0,0.51,2.99,29.65
1995-11-25,25.63,5.02,16.25,0.0,0.51,1.11,26.14
1995-11-26,35.53,14.38,23.48,0.0,0.51,3.97,23.34
1995-11-27,31.93,10.94,21.8,0.0,0.5,5.5,31.33
1995-11-28,29.23,15.52,23.66,0.21,0.5,8.65,16.98
1995-11-29,27.17,12.71,19.38,0.05,0.5,5.65,22.38
1995-11-30,26.42,12.57,19.48,0.02,0.49,8.37,22.92
1995-12-01,26.15,9.23,17.67,0.0,0.49,3.96,30.75
1995-12-02,29.9,9.29,20.37,0.0,0.49,4.66,29.9
1995-12-03,34.23,13.5,24.46,0.02,0.49,5.01,25.55
1995-12-04,23.2,11.72,17.39,0.9,0.49,7.43,17.44
1995-12-05,22.25,7.15,14.1,0.11,0.49,5.17,27.17
1995-12-06,24.69,11.0,16.85,0.0,0.48,2.6,33.4
1995-12-07,27.59,6.85,18.26,0.0,0.48,0.29,31.83
1995-12-08,33.37,11.06,23.55,0.0,0.48,2.16,31.0
1995-12-09,32.07,16.97,23.51,0.38,0.48,7.1,13.88
1995-12-10,24.02,10.98,16.84,0.01,0.48,3.64,30.2
1995-12-11,20.95,8.5,14.03,0.05,0.48,1.87,22.46
1995-12-12,23.65,6.26,15.25,0.0,0.48,0.85,30.43
1995-12-13,28.73,8.52,19.8,0.0,0.48,3.71,31.42
1995-12-14,29.69,13.78,21.65,0.0,0.48,7.82,23.15
1995-12-15,35.6,15.21,26.17,0.01,0.48,6.24,27.64
1995-12-16,34.56,18.56,25.95,0.04,0.48,9.12,30.2
1995-12-17,32.45,13.99,23.32,0.06,0.48,8.67,22.23
1995-12-18,23.67,13.66,18.36,0.07,0.48,9.11,20.69
1995-12-19,23.38,10.86,16.09,0.21,0.48,6.45,22.14
1995-12-20,24.45,10.27,16.57,0.01,0.48,5.71,30.05
1995-12-21,27.14,10.5,18.0,0.0,0.48,2.55,31.77
1995-12-22,28.31,8.2,18.42,0.0,0.48,2.58,22.73
1995-12-23,26.2,7.93,16.42,0.0,0.47,0.71,31.57
1995-12-24,27.52,7.76,17.47,0.0,0.47,3.28,31.42
1995-12-25,30.13,9.06,19.88,0.0,0.47,1.44,31.8
1995-12-26,33.48,11.36,23.11,0.0,0.47,2.52,30.97
1995-12-27,32.01,12.58,22.21,0.0,0.47,3.38,30.72
1995-12-28,31.18,11.5,21.25,0.0,0.47,6.24,31.43
1995-12-29,32.55,12.56,23.01,0.0,0.47,6.82,31.18
1995-12-30,36.85,14.49,26.14,0.07,0.47,7.5,22.37
1995-12-31,32.71,19.17,24.76,12.18,0.48,14.45,10.5
1996-01-01,28.67,15.12,22.52,12.6,0.51,16.44,27.21
1996-01-02,26.36,13.16,19.09,0.02,0.51,9.39,25.59
1996-01-03,24.26,11.35,17.9,0.06,0.51,9.74,33.59
1996-01-04,28.34,13.51,21.07,0.0,0.51,10.8,29.56
1996-01-05,30.88,15.54,23.81,0.01,0.5,11.92,30.4
1996-01-06,33.89,18.4,26.34,0.05,0.5,11.99,30.1
1996-01-07,32.73,17.86,24.88,2.55,0.49,12.24,19.07
1996-01-08,30.36,16.23,23.46,1.31,0.49,12.92,25.09
1996-01-09,32.87,16.77,24.76,0.02,0.49,11.85,32.49
1996-01-10,32.58,15.88,24.18,0.06,0.49,11.55,33.75
1996-01-11,34.4,17.0,25.81,0.01,0.48,8.32,33.52
1996-01-12,35.02,16.03,25.6,0.0,0.48,9.09,33.29
1996-01-13,37.37,15.89,27.6,0.0,0.48,7.67,33.36
1996-01-14,41.94,19.39,31.2,0.0,0.48,4.72,32.68
1996-01-15,33.55,19.87,26.25,0.0,0.48,4.33,20.99
1996-01-16,32.15,13.66,23.05,0.0,0.48,5.01,31.9
1996-01-17,35.15,13.41,24.75,0.0,0.48,3.14,31.86
1996-01-18,35.62,14.53,26.25,0.0,0.48,5.49,15.75
1996-01-19,34.82,19.8,27.67,0.06,0.48,9.72,30.98
1996-01-20,26.69,14.13,21.55,0.88,0.48,5.81,27.81
1996-01-21,26.66,10.53,19.01,0.04,0.48,2.1,30.98
1996-01-22,28.47,12.0,20.32,0.53,0.48,4.68,30.96
1996-01-23,31.75,11.63,22.87,0.0,0.48,3.14,30.16
1996-01-24,31.06,12.7,22.14,0.71,0.48,7.52,27.13
1996-01-25,21.0,10.46,15.61,0.1,0.48,2.96,24.09
1996-01-26,23.89,10.54,17.55,0.0,0.48,5.38,28.51
1996-01-27,27.35,11.19,19.54,0.03,0.48,8.22,29.65
1996-01-28,33.5,12.6,24.13,0.0,0.48,6.31,28.8
1996-01-29,31.0,14.39,22.67,0.0,0.48,4.44,28.87
1996-01-30,33.86,12.43,24.05,0.0,0.47,3.22,26.26
1996-01-31,27.28,15.58,21.13,0.0,0.47,5.9,28.54
1996-02-01,25.83,14.2,19.33,0.28,0.47,7.76,21.8
1996-02-02,26.77,14.47,19.75,0.01,0.47,6.25,28.13
1996-02-03,28.08,10.35,19.29,0.0,0.47,4.72,29.36
1996-02-04,31.77,12.59,22.92,0.0,0.47,3.97,27.11
1996-02-05,34.14,15.74,25.72,0.01,0.47,6.01,28.76
1996-02-06,33.75,15.93,24.62,0.0,0.47,7.45,29.71
1996-02-07,41.12,17.39,27.87,0.0,0.47,7.34,27.72
1996-02-08,21.57,11.0,16.49,11.1,0.49,8.41,12.62
1996-02-09,21.02,9.1,14.44,1.08,0.49,6.81,18.51
1996-02-10,24.73,11.25,17.25,0.09,0.49,8.08,20.13
1996-02-11,25.27,10.07,16.79,0.07,0.49,7.09,26.49
1996-02-12,25.75,8.55,16.55,0.0,0.49,4.61,29.71
1996-02-13,28.02,7.76,17.95,0.0,0.49,3.53,29.0
1996-02-14,32.41,10.33,21.25,0.0,0.48,3.46,28.47
1996-02-15,31.95,11.31,21.47,0.0,0.48,3.18,28.43
1996-02-16,32.08,11.3,22.27,0.0,0.48,3.45,28.68
1996-02-17,34.1,13.08,23.75,0.0,0.48,1.81,28.72
1996-02-18,32.66,12.76,22.85,0.0,0.48,5.21,28.5
1996-02-19,33.45,12.62,22.94,0.0,0.48,7.9,28.14
1996-02-20,35.16,14.91,24.46,0.0,0.48,8.04,22.44
1996-02-21,31.93,18.74,24.84,0.0,0.48,8.82,18.23
1996-02-22,30.4,19.43,24.81,0.0,0.48,8.07,22.62
1996-02-23,30.67,20.38,24.37,0.0,0.48,5.92,23.2
1996-02-24,32.12,18.56,24.79,0.0,0.47,6.58,26.07
1996-02-25,33.82,17.74,26.34,0.06,0.47,8.6,25.09
1996-02-26,35.64,22.12,27.67,1.08,0.47,9.7,20.88
1996-02-27,22.77,17.12,19.98,15.87,0.49,14.86,8.79
1996-02-28,21.79,12.69,16.73,2.44,0.51,9.21,16.86
1996-02-29,24.33,10.09,17.13,0.0,0.51,7.82,23.05
1996-03-01,25.64,9.98,17.96,0.0,0.5,9.24,26.19
1996-03-02,27.0,11.75,19.38,0.0,0.5,11.6,25.71
1996-03-03,28.76,12.23,20.54,0.0,0.5,9.57,26.7
1996-03-04,30.51,12.66,21.26,0.0,0.49,8.74,26.01
1996-03-05,33.4,13.67,23.28,0.57,0.49,8.26,25.76
1996-03-06,32.64,17.41,23.87,4.37,0.49,11.67,21.8
1996-03-07,25.38,11.47,17.87,0.05,0.49,4.6,26.01
1996-03-08,25.86,9.58,16.94,0.09,0.49,6.25,25.63
1996-03-09,27.75,11.17,18.91,0.0,0.49,9.18,25.24
1996-03-10,29.17,12.53,20.57,0.0,0.49,9.98,25.24
1996-03-11,30.74,13.75,21.95,0.0,0.48,7.86,23.51
1996-03-12,33.65,15.57,24.26,0.0,0.48,8.19,19.19
1996-03-13,36.05,17.18,26.11,0.0,0.48,6.67,20.89
1996-03-14,31.89,13.5,22.44,0.01,0.48,6.71,21.78
1996-03-15,37.16,16.39,25.19,17.34,0.48,8.43,14.79
1996-03-16,24.77,14.65,19.76,17.31,0.54,11.78,16.31
1996-03-17,22.29,10.81,15.92,3.23,0.54,5.48,21.89
1996-03-18,22.54,8.1,15.35,0.38,0.54,7.42,23.08
1996-03-19,23.96,9.31,16.04,0.1,0.53,6.33,15.13
1996-03-20,19.53,6.71,13.2,0.1,0.53,5.79,16.36
1996-03-21,22.59,8.88,15.08,0.03,0.53,7.99,20.53
1996-03-22,22.65,7.79,14.84,0.0,0.53,7.29,21.42
1996-03-23,25.54,8.03,16.36,0.0,0.52,8.37,17.42
1996-03-24,29.59,13.51,21.13,0.0,0.52,9.37,21.82
1996-03-25,32.59,13.31,23.21,0.0,0.52,10.06,19.26
1996-03-26,30.86,15.64,22.22,0.0,0.52,10.55,18.76
1996-03-27,29.35,13.63,20.65,0.0,0.51,10.37,20.22
1996-03-28,32.07,13.03,22.26,0.01,0.51,8.52,17.63
1996-03-29,28.5,15.13,20.53,2.25,0.51,10.79,12.39
1996-03-30,23.23,12.94,18.33,4.93,0.52,11.95,15.77
1996-03-31,21.37,9.0,14.86,0.08,0.52,8.02,15.48
1996-04-01,22.08,9.92,15.26,0.18,0.52,8.1,13.48
1996-04-02,22.17,8.43,14.87,0.0,0.51,7.69,13.65
1996-04-03,22.73,9.73,15.35,0.0,0.51,8.87,15.9
1996-04-04,21.14,8.79,14.69,0.0,0.51,9.46,19.13
1996-04-05,24.26,10.74,17.27,0.0,0.51,9.38,20.15
1996-04-06,28.32,15.23,20.07,2.11,0.51,10.53,10.19
1996-04-07,21.2,10.9,15.91,4.32,0.52,10.05,11.13
1996-04-08,19.86,7.71,13.06,0.36,0.52,6.46,14.81
1996-04-09,18.29,7.21,12.14,0.75,0.51,6.51,10.9
1996-04-10,17.77,5.22,11.31,0.03,0.51,5.29,13.28
1996-04-11,19.52,7.46,12.64,0.03,0.51,7.21,15.42
1996-04-12,21.53,7.65,13.69,0.0,0.51,6.1,16.15
1996-04-13,20.43,10.57,14.51,4.08,0.51,7.38,11.94
1996-04-14,20.33,10.71,14.53,1.53,0.52,9.68,11.84
1996-04-15,17.91,9.34,13.18,0.04,0.52,8.01,12.37
1996-04-16,19.48,8.23,12.72,0.01,0.51,6.61,12.97
1996-04-17,17.12,6.56,11.15,0.0,0.51,5.62,12.93
1996-04-18,17.62,8.29,12.06,0.01,0.51,7.02,13.59
1996-04-19,18.29,7.59,11.91,0.0,0.51,7.68,13.36
1996-04-20,21.29,7.1,13.95,0.0,0.51,7.58,17.18
1996-04-21,21.15,10.27,14.22,0.01,0.51,5.47,9.71
1996-04-22,19.99,6.22,13.17,0.0,0.51,6.41,16.31
1996-04-23,23.0,8.86,14.5,0.0,0.5,4.49,14.84
1996-04-24,22.33,7.63,13.9,0.0,0.5,6.7,15.93
1996-04-25,21.24,9.07,14.85,0.0,0.5,10.59,12.95
1996-04-26,23.4,10.09,16.4,0.0,0.5,10.53,15.51
1996-04-27,18.47,7.36,13.11,0.0,0.5,5.37,14.3
1996-04-28,17.08,4.05,9.91,0.0,0.5,3.21,15.45
1996-04-29,14.76,6.55,9.77,0.0,0.5,4.71,14.29
1996-04-30,20.22,5.41,11.76,0.0,0.5,6.65,15.72
1996-05-01,23.34,8.1,14.96,0.0,0.5,8.8,14.67
1996-05-02,22.74,9.48,15.93,0.09,0.49,10.5,12.81
1996-05-03,24.58,10.49,16.8,0.0,0.49,10.74,13.52
1996-05-04,24.04,12.06,17.34,0.11,0.49,11.66,12.4
1996-05-05,21.85,14.43,16.78,1.9,0.49,13.97,7.52
1996-05-06,22.45,13.02,16.67,1.4,0.5,12.86,9.81
1996-05-07,18.61,7.53,12.25,0.0,0.5,7.16,12.63
1996-05-08,19.27,6.87,11.85,0.0,0.49,7.5,11.92
1996-05-09,22.22,6.3,13.38,0.07,0.49,5.81,12.96
1996-05-10,24.06,7.5,14.65,0.01,0.49,2.36,12.37
1996-05-11,23.51,8.4,15.13,0.0,0.49,6.48,12.45
1996-05-12,15.06,7.63,10.92,8.47,0.5,6.62,5.7
1996-05-13,16.05,5.62,9.65,0.17,0.51,4.06,11.65
1996-05-14,15.75,3.96,8.64,0.02,0.5,4.47,12.24
1996-05-15,16.87,3.52,9.75,0.0,0.5,6.12,10.64
1996-05-16,17.32,4.98,9.84,0.0,0.5,5.49,12.88
1996-05-17,18.86,4.08,10.19,0.0,0.5,2.02,12.47
1996-05-18,19.65,5.33,11.4,0.01,0.5,4.15,8.93
1996-05-19,17.48,8.71,12.39,0.12,0.5,7.32,8.44
1996-05-20,15.65,4.93,9.05,0.01,0.5,4.76,10.57
1996-05-21,15.43,3.16,8.69,0.07,0.5,5.9,10.51
1996-05-22,17.65,7.62,11.71,0.31,0.5,8.91,8.22
1996-05-23,17.33,8.36,12.27,0.91,0.5,9.73,7.84
1996-05-24,17.39,6.9,11.31,0.21,0.5,8.92,9.82
1996-05-25,15.68,4.59,9.22,0.0,0.5,6.31,9.71
1996-05-26,15.62,3.59,8.85,0.0,0.5,5.47,11.29
1996-05-27,15.03,5.1,9.5,0.0,0.5,5.08,10.59
1996-05-28,18.25,4.19,10.64,0.06,0.5,6.62,10.44
1996-05-29,16.11,5.35,10.05,0.0,0.49,6.16,6.64
1996-05-30,17.32,5.25,10.08,0.0,0.49,5.93,9.31
1996-05-31,16.55,2.85,8.78,0.0,0.49,2.85,9.15
1996-06-01,16.55,5.15,9.66,3.67,0.49,4.62,4.25
1996-06-02,17.19,5.61,9.82,0.06,0.5,6.43,11.09
1996-06-03,15.58,7.59,12.27,17.14,0.51,9.91,4.03
1996-06-04,15.16,5.34,11.33,2.7,0.54,6.13,8.63
1996-06-05,14.72,2.75,8.29,0.03,0.53,4.44,9.6
1996-06-06,13.26,6.32,9.32,0.88,0.53,8.47,6.0
1996-06-07,14.22,3.24,8.16,0.09,0.53,4.69,8.18
1996-06-08,14.5,2.86,7.77,0.0,0.53,3.6,7.65
1996-06-09,14.03,3.81,8.1,0.0,0.53,5.62,6.19
1996-06-10,14.54,3.98,8.06,0.0,0.53,5.63,9.94
1996-06-11,14.1,4.03,6.79,0.07,0.53,4.38,10.51
1996-06-12,15.5,2.05,7.3,0.0,0.53,3.9,10.5
1996-06-13,15.29,1.08,6.94,0.0,0.53,2.79,10.48
1996-06-14,16.17,1.57,7.6,0.0,0.53,4.07,9.98
1996-06-15,14.74,3.58,7.65,0.18,0.52,3.69,10.39
1996-06-16,15.43,3.39,8.08,0.14,0.52,4.76,10.23
1996-06-17,15.15,6.35,9.94,8.84,0.52,7.54,4.6
1996-06-18,17.11,7.96,11.22,0.98,0.54,8.5,8.15
1996-06-19,17.22,8.19,11.36,6.19,0.55,8.8,9.1
1996-06-20,16.94,5.89,10.51,0.05,0.55,6.45,9.31
1996-06-21,16.74,3.98,8.84,0.01,0.55,4.59,10.0
1996-06-22,17.48,4.09,9.95,3.89,0.55,6.59,6.53
1996-06-23,12.72,9.52,10.98,6.87,0.56,9.57,5.67
1996-06-24,15.62,7.32,10.63,0.71,0.56,8.06,9.05
1996-06-25,16.52,6.34,10.57,0.05,0.56,4.79,8.05
1996-06-26,13.59,7.8,10.12,4.66,0.57,7.29,6.83
1996-06-27,14.78,7.01,9.85,0.81,0.57,7.25,8.86
1996-06-28,15.06,5.76,10.01,3.39,0.57,5.8,7.35
1996-06-29,14.06,8.7,10.85,2.14,0.57,8.54,7.09
1996-06-30,15.59,6.26,10.22,0.64,0.57,6.94,8.3
1996-07-01,16.51,5.17,9.96,3.51,0.57,6.75,6.15
1996-07-02,14.63,6.55,9.99,0.07,0.58,5.86,8.99
1996-07-03,14.99,3.17,8.36,0.0,0.58,4.23,10.45
1996-07-04,10.33,4.61,7.77,14.41,0.58,4.95,4.06
1996-07-05,16.64,9.54,11.54,5.31,0.61,9.0,6.39
1996-07-06,13.45,5.84,9.13,0.58,0.61,6.02,9.89
1996-07-07,11.82,3.38,6.91,0.22,0.6,4.92,9.37
1996-07-08,11.71,2.13,5.6,0.12,0.6,2.4,9.86
1996-07-09,8.69,-1.09,3.56,0.0,0.6,0.58,6.92
1996-07-10,8.47,2.9,4.81,0.07,0.6,1.13,4.35
1996-07-11,8.76,3.05,4.96,8.23,0.61,3.83,6.22
1996-07-12,9.63,2.81,5.14,2.08,0.61,3.58,7.91
1996-07-13,12.36,4.92,7.23,0.66,0.62,5.19,7.86
1996-07-14,11.67,3.46,6.45,0.44,0.61,5.02,9.95
1996-07-15,8.34,3.33,5.51,0.48,0.61,4.99,8.94
1996-07-16,10.08,3.78,6.25,0.63,0.61,5.05,9.01
1996-07-17,13.91,4.39,8.53,4.76,0.62,7.23,6.43
1996-07-18,17.95,6.67,11.27,4.01,0.62,6.94,11.7
1996-07-19,13.06,7.36,9.77,5.31,0.63,8.03,6.49
1996-07-20,12.94,5.09,8.89,0.73,0.63,6.41,9.48
1996-07-21,12.74,5.0,8.37,1.83,0.63,6.91,9.08
1996-07-22,15.25,5.61,8.86,0.57,0.63,5.85,9.94
1996-07-23,12.49,3.64,7.91,1.77,0.63,4.98,3.31
1996-07-24,13.78,5.66,8.79,2.1,0.64,5.97,10.51
1996-07-25,14.61,1.86,7.75,0.08,0.63,4.09,7.73
1996-07-26,11.7,4.32,7.66,0.38,0.63,5.88,5.23
1996-07-27,11.25,5.46,8.49,3.74,0.63,7.29,5.36
1996-07-28,14.4,8.59,10.99,2.03,0.64,10.0,4.75
1996-07-29,13.5,6.78,9.3,2.85,0.64,7.65,8.47
1996-07-30,13.4,3.26,8.1,0.39,0.64,5.26,10.31
1996-07-31,10.93,2.62,7.53,5.5,0.64,5.7,5.55
1996-08-01,14.02,7.8,10.22,6.14,0.66,7.91,11.86
1996-08-02,14.57,4.07,9.26,0.47,0.66,5.51,9.62
1996-08-03,14.27,6.95,10.19,1.28,0.65,6.29,10.04
1996-08-04,12.08,6.4,8.54,2.16,0.65,7.22,8.13
1996-08-05,12.23,4.72,7.43,0.39,0.65,5.17,11.67
1996-08-06,12.06,5.45,7.91,4.17,0.65,5.58,5.04
1996-08-07,11.88,2.63,6.64,1.1,0.66,3.86,9.66
1996-08-08,11.88,1.74,5.6,0.01,0.66,2.9,11.79
1996-08-09,13.97,4.31,8.51,0.12,0.66,6.83,9.4
1996-08-10,15.0,5.58,9.0,0.13,0.65,6.44,11.75
1996-08-11,16.45,3.42,9.14,0.0,0.65,3.94,14.24
1996-08-12,17.26,6.17,11.13,0.15,0.65,7.32,10.32
1996-08-13,18.6,5.6,11.1,0.02,0.65,4.58,13.23
1996-08-14,15.36,5.79,11.33,2.42,0.65,8.06,9.15
1996-08-15,14.73,4.14,8.46,0.01,0.64,4.01,12.42
1996-08-16,14.08,4.34,8.44,0.34,0.64,4.76,13.32
1996-08-17,14.21,2.3,7.4,1.81,0.64,4.24,10.49
1996-08-18,9.39,2.34,5.41,0.45,0.64,2.54,13.85
1996-08-19,11.25,1.38,5.23,0.02,0.64,2.65,13.45
1996-08-20,13.78,2.05,7.54,0.08,0.64,4.31,12.72
1996-08-21,11.01,3.93,6.94,0.1,0.64,4.1,9.63
1996-08-22,9.26,4.87,6.87,8.4,0.64,5.82,5.93
1996-08-23,14.21,5.85,9.2,0.23,0.65,5.54,13.82
1996-08-24,16.55,3.13,9.27,0.0,0.65,6.17,15.43
1996-08-25,17.67,3.09,9.86,0.0,0.64,5.07,13.62
1996-08-26,18.54,7.09,11.83,11.0,0.64,8.64,8.01
1996-08-27,17.97,9.52,12.52,3.05,0.66,10.95,16.14
1996-08-28,16.41,6.69,11.14,0.03,0.66,8.23,15.73
1996-08-29,15.8,6.7,10.72,0.01,0.65,7.71,12.94
1996-08-30,15.96,6.6,10.69,0.09,0.65,7.66,17.08
1996-08-31,15.71,4.02,8.65,0.0,0.65,4.27,18.56
1996-09-01,14.39,2.88,7.58,0.04,0.65,3.75,15.41
1996-09-02,13.73,5.68,9.18,0.3,0.64,5.27,15.48
1996-09-03,15.93,5.54,9.64,0.12,0.64,6.46,13.6
1996-09-04,18.93,4.75,10.97,0.03,0.64,6.28,17.32
1996-09-05,16.25,6.13,10.4,1.66,0.63,7.48,15.07
1996-09-06,16.03,7.21,10.88,0.5,0.63,6.94,15.27
1996-09-07,17.61,6.49,11.03,0.01,0.63,5.5,16.97
1996-09-08,15.73,6.7,10.49,0.13,0.63,6.56,14.35
1996-09-09,18.54,6.46,11.15,0.27,0.62,6.74,14.02
1996-09-10,15.95,6.2,10.39,0.17,0.62,5.12,15.83
1996-09-11,20.25,4.86,12.3,5.17,0.62,5.44,15.58
1996-09-12,12.18,4.21,8.06,3.14,0.63,4.0,12.46
1996-09-13,14.12,3.45,9.43,0.46,0.63,4.63,14.98
1996-09-14,16.63,7.05,11.16,0.62,0.62,7.42,15.52
1996-09-15,23.15,8.03,15.52,0.03,0.62,5.22,14.8
1996-09-16,22.98,9.3,15.32,0.0,0.61,6.68,20.19
1996-09-17,19.63,7.09,13.38,0.0,0.61,6.44,19.68
1996-09-18,26.35,7.01,16.38,2.08,0.6,7.79,20.57
1996-09-19,16.23,7.68,12.56,7.6,0.61,9.43,8.88
1996-09-20,12.42,3.37,7.94,0.43,0.61,2.78,19.48
1996-09-21,14.92,0.58,7.79,0.03,0.61,1.25,19.55
1996-09-22,19.73,4.02,12.22,0.01,0.61,0.8,20.76
1996-09-23,17.88,7.22,12.31,0.49,0.6,5.8,14.14
1996-09-24,15.51,3.52,9.24,1.27,0.6,4.59,18.87
1996-09-25,18.43,1.05,9.67,0.0,0.6,2.3,22.32
1996-09-26,15.81,3.22,9.77,2.5,0.6,5.54,14.64
1996-09-27,16.58,0.79,8.39,0.0,0.6,2.07,23.2
1996-09-28,15.16,4.11,10.24,15.19,0.6,5.95,9.38
1996-09-29,16.21,10.85,13.93,16.83,0.63,12.26,12.83
1996-09-30,12.23,7.1,9.32,6.09,0.65,6.9,13.4
1996-10-01,15.73,4.8,10.71,1.98,0.65,6.34,17.84
1996-10-02,17.47,7.3,12.24,1.81,0.64,8.46,20.1
1996-10-03,19.07,6.82,13.36,0.18,0.64,8.99,20.41
1996-10-04,24.54,8.34,16.07,0.02,0.64,8.92,23.25
1996-10-05,18.19,11.38,14.49,14.94,0.64,11.8,8.84
1996-10-06,17.88,6.72,11.81,0.06,0.65,7.02,24.94
1996-10-07,18.84,5.29,11.33,0.16,0.65,7.57,21.42
1996-10-08,20.15,6.82,13.01,0.0,0.64,7.89,25.02
1996-10-09,23.84,8.31,15.39,0.0,0.64,8.14,18.07
1996-10-10,27.26,12.12,19.32,0.0,0.63,10.64,25.37
1996-10-11,26.05,10.3,19.04,0.01,0.62,10.71,25.79
1996-10-12,17.79,7.98,12.32,0.17,0.61,5.9,21.11
1996-10-13,21.0,7.57,13.93,0.01,0.61,8.67,22.38
1996-10-14,25.08,8.99,16.85,0.0,0.6,9.09,25.59
1996-10-15,28.34,10.24,19.3,0.01,0.6,7.23,25.37
1996-10-16,21.49,8.57,16.89,0.25,0.59,9.56,10.74
1996-10-17,21.34,4.33,12.5,0.0,0.59,3.98,27.13
1996-10-18,21.85,5.17,13.75,0.0,0.58,5.14,26.95
1996-10-19,17.65,5.26,12.45,0.5,0.58,4.28,18.34
1996-10-20,18.38,1.66,10.21,0.0,0.58,2.57,27.79
1996-10-21,21.54,3.64,12.71,0.18,0.58,5.55,27.53
1996-10-22,23.73,7.03,14.84,0.0,0.57,7.21,28.27
1996-10-23,29.61,9.47,19.26,0.0,0.57,7.56,27.82
1996-10-24,31.54,12.74,21.66,0.0,0.56,7.92,26.4
1996-10-25,20.5,11.34,16.49,0.0,0.56,9.69,14.67
1996-10-26,21.86,6.27,13.81,0.0,0.55,4.64,29.08
1996-10-27,22.44,6.23,14.2,0.0,0.55,5.04,28.15
1996-10-28,22.37,5.6,14.19,0.0,0.55,5.43,27.69
1996-10-29,21.81,5.32,13.85,0.0,0.55,5.77,26.88
1996-10-30,21.69,6.8,13.74,0.0,0.54,3.99,27.45
1996-10-31,23.73,5.48,14.95,0.0,0.54,3.93,28.84
1996-11-01,29.03,11.55,19.67,0.0,0.54,6.08,23.66
1996-11-02,31.19,14.55,22.03,0.05,0.53,12.07,21.26
1996-11-03,21.78,10.68,18.21,4.38,0.53,13.41,11.67
1996-11-04,21.18,6.7,13.27,0.0,0.54,2.52,30.45
1996-11-05,21.54,5.25,13.22,0.0,0.53,3.64,29.94
1996-11-06,22.76,7.13,14.42,0.0,0.53,6.04,30.46
1996-11-07,25.57,6.92,16.17,0.0,0.53,6.24,30.93
1996-11-08,28.35,9.81,19.57,0.03,0.52,8.62,24.16
1996-11-09,22.54,10.86,16.65,0.02,0.52,5.05,29.92
1996-11-10,19.88,6.32,12.63,0.07,0.52,2.62,29.41
1996-11-11,19.88,4.77,13.03,0.01,0.52,5.43,28.92
1996-11-12,25.4,11.44,17.61,0.08,0.51,9.24,28.3
1996-11-13,33.1,13.23,21.36,0.0,0.51,6.05,20.49
1996-11-14,23.34,10.25,16.23,0.0,0.51,5.9,27.77
1996-11-15,24.06,7.72,16.0,0.0,0.51,5.04,30.3
1996-11-16,32.61,9.06,20.08,0.16,0.5,9.84,25.21
1996-11-17,21.44,10.56,16.27,2.72,0.5,9.88,14.45
1996-11-18,22.09,9.03,14.36,0.07,0.51,4.3,28.63
1996-11-19,23.07,5.17,14.34,0.0,0.5,3.38,31.65
1996-11-20,23.3,8.35,15.3,0.01,0.5,3.81,30.5
1996-11-21,20.59,5.35,12.7,0.01,0.5,2.99,31.22
1996-11-22,22.3,5.47,13.83,0.0,0.5,1.06,33.22
1996-11-23,24.74,5.7,16.07,0.0,0.49,1.56,31.43
1996-11-24,30.1,8.58,20.03,0.0,0.49,0.1,31.89
1996-11-25,33.52,13.28,22.29,0.0,0.49,1.34,24.64
1996-11-26,27.27,11.8,18.72,0.0,0.49,5.48,29.59
1996-11-27,29.25,9.09,18.72,0.0,0.49,6.05,25.04
1996-11-28,24.44,9.53,16.98,0.0,0.48,1.28,29.42
1996-11-29,24.88,8.5,16.3,0.02,0.48,3.36,30.21
1996-11-30,23.46,9.11,16.06,0.01,0.48,2.93,28.88
1996-12-01,30.75,10.3,18.58,0.35,0.48,7.11,16.11
1996-12-02,27.76,11.85,19.83,0.0,0.48,8.78,29.5
1996-12-03,28.92,10.36,20.15,0.01,0.48,7.04,31.29
1996-12-04,27.79,11.67,19.88,0.0,0.48,4.76,31.02
1996-12-05,29.74,10.12,19.79,0.0,0.48,2.7,30.01
1996-12-06,29.74,15.51,21.89,0.68,0.48,8.01,14.14
1996-12-07,23.22,10.24,16.49,0.02,0.48,1.03,31.13
1996-12-08,25.21,7.73,17.07,0.05,0.48,3.36,31.26
1996-12-09,24.84,10.32,17.39,0.04,0.48,4.42,30.28
1996-12-10,25.72,8.58,17.21,0.0,0.48,1.94,29.77
1996-12-11,29.31,9.38,19.84,0.0,0.48,2.29,30.46
1996-12-12,30.42,9.18,19.71,0.0,0.48,0.77,30.08
1996-12-13,31.88,10.61,21.16,0.0,0.48,-0.97,30.71
1996-12-14,32.96,11.57,23.42,0.0,0.47,0.36,23.9
1996-12-15,37.99,18.15,28.44,0.02,0.47,1.84,28.63
1996-12-16,27.12,16.27,22.47,0.01,0.47,8.51,29.62
1996-12-17,26.15,11.26,18.55,0.0,0.47,4.5,30.2
1996-12-18,26.46,9.61,18.1,0.0,0.47,5.0,31.04
1996-12-19,26.74,12.04,18.47,0.01,0.47,6.83,32.73
1996-12-20,30.77,12.79,21.81,0.0,0.47,5.54,31.06
1996-12-21,36.77,14.85,26.58,0.0,0.47,0.0,30.94
1996-12-22,39.74,20.06,27.13,0.02,0.47,2.67,19.44
1996-12-23,30.68,13.37,22.47,0.0,0.47,5.05,30.72
1996-12-24,35.54,14.21,24.83,0.46,0.47,7.89,22.7
1996-12-25,27.82,15.01,22.71,11.92,0.49,13.53,16.29
1996-12-26,25.02,10.64,17.21,0.03,0.49,0.14,34.1
1996-12-27,30.4,8.31,19.91,0.0,0.49,1.63,32.07
1996-12-28,31.37,13.2,22.48,0.0,0.49,1.82,32.06
1996-12-29,27.62,10.42,19.18,0.0,0.48,3.93,31.18
1996-12-30,26.76,10.24,18.78,0.0,0.48,3.47,32.23
1996-12-31,27.37,9.98,18.93,0.0,0.48,3.67,32.24
1997-01-01,30.25,10.86,20.57,0.0,0.48,2.67,26.13
1997-01-02,32.33,11.73,22.64,0.0,0.48,2.25,31.69
1997-01-03,35.36,14.07,25.56,0.0,0.48,4.75,27.58
1997-01-04,37.53,17.2,27.95,0.0,0.48,8.33,30.3
1997-01-05,38.99,22.41,31.03,0.0,0.48,4.11,28.75
1997-01-06,36.87,15.9,26.54,0.1,0.47,6.57,28.06
1997-01-07,25.95,11.82,18.34,0.05,0.47,2.97,31.13
1997-01-08,29.0,9.54,19.6,0.0,0.47,3.17,30.52
1997-01-09,32.39,13.11,23.02,0.01,0.47,6.18,30.85
1997-01-10,27.1,14.07,20.5,0.0,0.47,3.93,23.55
1997-01-11,33.43,13.69,23.91,0.0,0.47,7.27,31.09
1997-01-12,33.43,17.77,25.03,0.0,0.47,4.3,25.94
1997-01-13,35.08,16.69,26.42,0.01,0.47,2.0,28.6
1997-01-14,31.52,19.13,26.4,3.01,0.47,8.61,28.04
1997-01-15,31.22,17.25,24.86,1.34,0.48,11.87,21.05
1997-01-16,29.6,13.26,21.11,0.0,0.48,4.34,31.18
1997-01-17,32.16,11.85,22.02,0.0,0.48,4.62,31.05
1997-01-18,35.35,12.05,23.97,0.0,0.48,4.71,29.64
1997-01-19,40.33,17.42,29.2,0.0,0.48,5.69,30.77
1997-01-20,41.57,23.98,33.52,0.03,0.48,13.46,28.08
1997-01-21,39.84,20.36,30.99,8.02,0.48,12.73,25.28
1997-01-22,26.69,17.08,20.1,9.8,0.5,12.28,16.04
1997-01-23,28.36,13.31,20.69,0.02,0.5,8.46,30.84
1997-01-24,29.09,11.52,19.83,0.0,0.5,6.05,30.57
1997-01-25,32.85,11.52,23.04,0.02,0.49,8.7,30.64
1997-01-26,34.54,19.83,27.76,0.48,0.49,13.59,22.97
1997-01-27,28.55,19.22,25.66,5.65,0.49,16.31,25.9
1997-01-28,30.46,15.64,22.22,0.02,0.5,11.33,27.67
1997-01-29,31.02,12.94,22.24,0.0,0.49,10.33,29.6
1997-01-30,34.62,16.3,26.09,0.0,0.49,14.13,29.91
1997-01-31,36.69,20.47,29.12,0.0,0.48,14.62,27.96
1997-02-01,37.22,19.04,28.18,0.0,0.48,13.18,30.71
1997-02-02,35.52,14.39,24.8,0.0,0.48,9.01,30.84
1997-02-03,38.64,18.39,28.66,0.0,0.48,10.38,31.0
1997-02-04,40.07,20.6,30.58,0.0,0.48,8.46,28.82
1997-02-05,41.14,24.34,32.88,0.0,0.48,8.59,28.48
1997-02-06,39.21,26.28,32.33,0.07,0.48,8.1,17.92
1997-02-07,33.98,26.93,29.91,0.75,0.48,12.71,15.44
1997-02-08,32.62,24.03,27.67,0.99,0.48,18.94,15.74
1997-02-09,32.47,16.79,24.23,3.23,0.48,15.51,21.99
1997-02-10,29.27,13.11,20.96,0.0,0.48,7.96,29.16
1997-02-11,30.06,13.57,21.55,0.0,0.48,6.75,29.72
1997-02-12,32.75,12.74,23.52,0.0,0.48,7.42,29.78
1997-02-13,35.37,18.71,27.6,0.0,0.48,11.9,26.49
1997-02-14,36.99,18.91,28.87,0.0,0.48,10.41,27.77
1997-02-15,39.61,24.06,31.27,0.0,0.48,8.95,27.35
1997-02-16,38.42,19.07,28.58,0.0,0.48,7.93,28.02
1997-02-17,37.99,17.16,27.88,0.07,0.47,6.28,28.66
1997-02-18,41.29,21.81,31.92,0.0,0.47,6.88,24.29
1997-02-19,41.61,24.77,33.58,0.0,0.47,8.39,26.12
1997-02-20,42.33,26.46,34.31,0.0,0.47,9.02,26.29
1997-02-21,37.63,24.2,31.07,0.0,0.47,14.37,22.54
1997-02-22,41.08,24.76,32.93,0.0,0.47,10.93,26.02
1997-02-23,33.11,19.48,26.1,0.12,0.47,12.4,21.36
1997-02-24,30.78,16.63,22.93,0.03,0.47,7.03,25.09
1997-02-25,29.92,12.3,20.56,0.0,0.47,4.62,25.02
1997-02-26,29.92,11.48,20.32,0.0,0.47,6.49,25.46
1997-02-27,30.18,12.8,21.06,0.03,0.47,6.09,24.89
1997-02-28,33.19,12.28,22.86,0.0,0.47,3.29,24.67
1997-03-01,28.61,16.73,22.02,1.34,0.47,9.85,11.59
1997-03-02,31.35,15.49,22.91,0.02,0.47,11.59,27.17
1997-03-03,31.16,14.11,22.61,0.0,0.47,8.74,26.16
1997-03-04,26.86,13.95,20.16,0.01,0.47,5.87,25.29
1997-03-05,30.01,10.46,20.1,0.0,0.47,5.76,25.49
1997-03-06,33.91,18.36,26.3,0.44,0.47,12.29,21.87
1997-03-07,33.71,19.33,26.79,2.02,0.48,14.52,23.66
1997-03-08,30.22,14.47,23.15,0.0,0.48,7.04,24.82
1997-03-09,27.2,10.28,18.08,0.0,0.48,3.06,23.71
1997-03-10,27.54,10.23,18.52,0.0,0.48,6.01,23.72
1997-03-11,30.33,11.4,21.14,0.02,0.48,6.02,23.7
1997-03-12,28.94,12.69,20.12,0.01,0.48,5.16,21.69
1997-03-13,23.5,8.92,16.1,0.0,0.48,1.0,23.44
1997-03-14,25.71,9.41,17.46,0.0,0.48,6.15,22.3
1997-03-15,25.74,10.49,18.1,0.0,0.48,7.37,22.18
1997-03-16,25.72,11.39,18.25,0.0,0.48,7.97,22.09
1997-03-17,26.46,10.18,18.74,0.0,0.47,5.15,22.15
1997-03-18,32.55,14.74,23.69,0.01,0.47,3.92,17.82
1997-03-19,27.41,15.35,20.95,0.02,0.47,9.18,19.66
1997-03-20,24.91,12.91,18.81,0.0,0.47,8.7,19.06
1997-03-21,25.73,11.59,18.42,0.0,0.47,7.99,18.44
1997-03-22,27.22,11.48,19.39,0.0,0.47,7.75,19.62
1997-03-23,18.9,11.04,14.73,2.03,0.48,7.14,16.38
1997-03-24,23.05,11.76,16.74,0.01,0.48,6.83,20.65
1997-03-25,24.56,10.72,17.7,0.01,0.48,9.68,20.67
1997-03-26,28.53,12.48,20.29,0.0,0.48,9.29,20.76
1997-03-27,30.7,12.55,20.22,0.0,0.48,3.26,14.95
1997-03-28,22.66,8.98,15.35,0.0,0.48,3.79,19.64
1997-03-29,22.25,9.38,15.14,0.0,0.48,4.32,16.61
1997-03-30,23.16,8.27,15.53,0.0,0.48,5.02,19.49
1997-03-31,22.64,9.55,15.32,0.0,0.48,4.36,19.4
1997-04-01,23.27,6.98,15.4,0.0,0.48,1.42,19.21
1997-04-02,23.23,10.18,15.68,0.26,0.48,3.45,13.1
1997-04-03,23.48,7.75,15.24,0.0,0.48,6.11,17.28
1997-04-04,24.36,9.48,16.46,0.0,0.48,7.26,15.48
1997-04-05,23.24,10.77,16.64,0.0,0.48,9.65,14.33
1997-04-06,24.55,10.66,16.22,0.02,0.48,8.5,15.63
1997-04-07,18.78,7.26,12.12,0.0,0.48,1.2,17.21
1997-04-08,19.94,5.32,12.12,0.0,0.48,3.82,18.78
1997-04-09,21.29,6.66,13.42,0.0,0.48,6.02,18.45
1997-04-10,22.0,7.07,14.45,0.0,0.48,5.64,18.43
1997-04-11,24.23,7.44,15.87,0.0,0.47,3.85,18.34
1997-04-12,26.79,7.03,17.22,0.0,0.47,0.3,17.94
1997-04-13,30.81,10.05,19.46,0.0,0.47,-0.06,17.02
1997-04-14,24.7,10.19,16.97,0.0,0.47,6.98,18.0
1997-04-15,22.57,8.56,14.7,0.0,0.47,5.8,16.22
1997-04-16,22.68,6.59,13.71,0.0,0.47,4.5,16.87
1997-04-17,21.69,7.87,14.43,0.0,0.47,7.28,16.12
1997-04-18,22.38,10.5,15.36,0.0,0.47,7.51,12.99
1997-04-19,22.58,6.03,14.47,0.0,0.47,5.52,16.14
1997-04-20,24.54,12.09,18.16,0.0,0.47,6.52,15.3
1997-04-21,27.88,13.18,19.18,0.29,0.47,7.01,12.06
1997-04-22,23.32,12.77,18.06,0.0,0.47,12.76,15.03
1997-04-23,28.19,15.58,20.48,0.0,0.47,6.9,11.96
1997-04-24,22.28,11.12,16.25,0.0,0.47,7.28,15.26
1997-04-25,19.66,5.93,12.49,0.0,0.47,-1.14,15.55
1997-04-26,24.58,9.96,16.42,0.0,0.47,-1.26,15.65
1997-04-27,25.17,10.85,16.37,0.0,0.47,0.93,15.68
1997-04-28,27.27,8.78,16.78,0.0,0.47,-6.58,12.01
1997-04-29,26.17,13.78,18.54,0.0,0.47,0.61,9.3
1997-04-30,29.09,11.68,19.7,0.0,0.47,2.69,12.79
1997-05-01,29.04,13.93,19.92,0.01,0.47,5.53,6.21
1997-05-02,24.75,17.58,20.11,0.19,0.47,7.3,4.49
1997-05-03,19.33,16.0,17.35,9.05,0.48,11.69,5.36
1997-05-04,22.09,10.24,16.55,8.45,0.5,9.79,5.31
1997-05-05,18.14,5.38,11.6,0.0,0.51,4.46,14.73
1997-05-06,17.98,9.04,12.86,11.88,0.51,9.21,4.26
1997-05-07,15.21,5.12,10.0,0.72,0.53,4.36,12.7
1997-05-08,15.23,3.62,9.36,1.07,0.52,6.27,8.37
1997-05-09,15.61,4.11,8.94,0.0,0.52,3.82,12.94
1997-05-10,17.32,3.64,9.5,0.02,0.52,5.02,13.59
1997-05-11,18.16,6.44,10.81,0.02,0.52,6.62,13.52
1997-05-12,17.89,6.92,10.69,0.0,0.52,6.46,13.11
1997-05-13,16.88,5.7,9.62,0.0,0.52,5.58,12.95
1997-05-14,15.39,5.67,9.52,0.0,0.52,6.01,10.68
1997-05-15,15.87,6.1,9.81,0.0,0.52,6.18,8.89
1997-05-16,15.35,6.4,10.02,0.0,0.52,6.29,4.9
1997-05-17,19.44,8.03,12.14,0.0,0.52,6.47,10.86
1997-05-18,17.04,6.78,11.06,0.06,0.51,7.82,10.52
1997-05-19,18.89,6.77,12.37,0.03,0.51,8.13,10.34
1997-05-20,16.44,9.35,12.27,0.0,0.51,6.79,8.19
1997-05-21,17.92,8.93,12.18,1.68,0.51,8.37,5.46
1997-05-22,20.11,7.78,13.23,0.13,0.51,9.41,7.81
1997-05-23,19.53,10.1,13.88,0.01,0.51,9.58,8.93
1997-05-24,19.01,7.45,12.82,0.0,0.51,9.05,11.55
1997-05-25,20.7,7.18,13.92,0.04,0.51,8.29,10.9
1997-05-26,20.41,8.99,14.47,9.3,0.52,8.8,8.81
1997-05-27,18.81,6.97,11.9,0.78,0.53,7.16,11.45
1997-05-28,19.5,6.63,12.74,0.73,0.53,6.3,9.26
1997-05-29,13.01,4.54,9.14,4.84,0.53,6.25,7.57
1997-05-30,13.37,2.48,6.66,0.06,0.53,2.29,11.29
1997-05-31,13.04,0.74,6.13,0.02,0.53,0.93,10.55
1997-06-01,12.76,0.94,6.33,0.0,0.53,2.82,10.9
1997-06-02,13.35,1.94,7.02,0.0,0.53,0.53,7.28
1997-06-03,17.55,1.72,9.04,0.01,0.53,1.34,8.5
1997-06-04,20.06,5.23,12.08,0.04,0.53,3.3,10.72
1997-06-05,21.92,10.75,15.14,2.26,0.53,6.55,10.05
1997-06-06,16.26,6.41,11.37,0.47,0.53,6.8,9.15
1997-06-07,14.94,4.56,8.92,0.55,0.53,6.33,8.43
1997-06-08,14.77,5.2,9.0,0.21,0.53,6.6,9.2
1997-06-09,14.89,3.51,7.81,0.13,0.53,5.54,9.58
1997-06-10,14.74,5.24,8.3,0.0,0.53,4.23,6.89
1997-06-11,17.49,5.21,10.3,0.03,0.53,2.4,5.91
1997-06-12,16.02,7.32,10.6,2.77,0.53,6.44,3.78
1997-06-13,12.62,3.76,9.4,7.91,0.54,6.45,6.02
1997-06-14,12.57,1.81,7.17,1.39,0.54,5.51,8.26
1997-06-15,13.07,1.48,6.5,0.0,0.54,3.62,9.8
1997-06-16,13.77,2.96,7.51,0.33,0.54,4.35,6.91
1997-06-17,14.78,4.29,8.64,0.0,0.54,5.95,7.03
1997-06-18,14.96,4.17,7.9,0.0,0.54,4.53,10.31
1997-06-19,14.89,3.43,7.37,0.01,0.54,4.91,10.44
1997-06-20,16.07,1.58,7.44,0.0,0.54,4.28,10.43
1997-06-21,16.19,3.4,8.46,0.11,0.54,5.03,5.11
1997-06-22,16.66,7.72,11.19,2.96,0.54,8.78,9.76
1997-06-23,15.97,7.89,10.78,0.08,0.54,7.37,7.06
1997-06-24,10.74,3.86,7.44,0.48,0.54,6.35,6.95
1997-06-25,12.63,2.22,6.69,0.07,0.54,2.53,9.48
1997-06-26,15.8,5.32,9.5,0.08,0.54,6.6,9.07
1997-06-27,16.98,6.81,10.85,0.0,0.54,7.77,9.29
1997-06-28,16.06,7.17,10.67,0.0,0.54,7.51,10.37
1997-06-29,16.67,8.34,11.42,0.0,0.54,8.04,10.01
1997-06-30,14.38,8.51,10.73,0.18,0.54,8.33,8.72
1997-07-01,14.62,5.67,9.67,0.15,0.54,6.76,8.03
1997-07-02,14.38,3.57,7.61,0.0,0.54,4.31,10.8
1997-07-03,14.67,4.87,7.83,0.0,0.54,5.1,9.59
1997-07-04,14.02,4.17,7.89,0.0,0.54,4.23,10.61
1997-07-05,14.4,3.41,7.18,0.0,0.54,3.87,11.01
1997-07-06,15.72,2.13,7.7,0.0,0.53,4.08,11.01
1997-07-07,17.81,3.77,10.2,0.0,0.53,3.99,10.79
1997-07-08,16.1,5.25,10.56,0.61,0.53,4.7,6.2
1997-07-09,11.43,3.38,6.83,0.07,0.53,3.29,9.83
1997-07-10,10.36,1.4,4.93,0.01,0.53,1.0,7.14
1997-07-11,10.73,1.46,5.48,0.02,0.53,1.35,6.51
1997-07-12,12.49,0.86,6.62,0.0,0.53,1.43,9.36
1997-07-13,14.02,2.87,7.72,0.0,0.53,1.8,9.82
1997-07-14,13.03,-0.04,5.88,0.07,0.53,-0.03,7.75
1997-07-15,11.33,2.87,7.16,4.22,0.53,3.09,8.48
1997-07-16,14.2,0.97,7.07,0.63,0.54,4.52,10.25
1997-07-17,12.8,1.14,5.92,0.07,0.53,2.83,8.88
1997-07-18,13.38,1.83,6.51,0.04,0.53,3.61,9.82
1997-07-19,13.59,2.36,6.96,0.01,0.53,3.93,7.19
1997-07-20,14.44,2.05,7.06,0.0,0.53,2.48,9.33
1997-07-21,14.37,2.22,7.48,0.01,0.53,4.96,8.97
1997-07-22,14.62,5.06,8.47,0.09,0.53,6.47,9.94
1997-07-23,13.18,3.69,7.22,0.01,0.53,3.58,9.91
1997-07-24,14.05,2.06,7.12,0.0,0.53,1.82,9.03
1997-07-25,15.88,1.52,8.37,0.04,0.53,0.24,9.4
1997-07-26,17.52,7.7,11.36,2.69,0.53,5.37,9.6
1997-07-27,15.27,4.55,9.11,0.2,0.53,4.62,10.53
1997-07-28,15.19,4.07,8.95,0.01,0.53,3.21,11.82
1997-07-29,13.04,0.72,6.0,0.0,0.53,1.76,12.5
1997-07-30,13.75,2.84,6.83,0.0,0.53,1.09,12.82
1997-07-31,13.91,3.02,7.3,0.0,0.53,4.42,8.67
1997-08-01,12.51,1.34,5.87,0.0,0.53,2.39,12.5
1997-08-02,13.3,1.41,5.91,0.0,0.53,3.07,11.86
1997-08-03,12.68,1.02,5.73,0.0,0.53,1.46,12.18
1997-08-04,15.81,2.63,7.08,0.0,0.52,0.66,13.16
1997-08-05,17.89,1.72,9.46,0.0,0.52,2.95,13.08
1997-08-06,19.58,8.75,12.75,8.58,0.53,7.09,5.25
1997-08-07,10.79,5.74,8.39,9.2,0.55,7.04,6.25
1997-08-08,10.99,4.02,6.7,0.61,0.55,3.09,11.98
1997-08-09,12.76,0.25,6.26,0.0,0.55,3.27,9.7
1997-08-10,17.09,4.39,9.77,0.12,0.55,3.62,14.47
1997-08-11,10.35,6.79,8.34,19.69,0.57,6.81,5.15
1997-08-12,14.52,6.11,9.53,0.2,0.58,4.96,10.0
1997-08-13,15.43,6.03,9.88,0.45,0.58,6.88,10.65
1997-08-14,15.36,4.58,9.17,0.12,0.58,5.69,9.82
1997-08-15,17.76,3.14,9.69,0.0,0.57,3.09,15.65
1997-08-16,20.54,4.16,11.44,0.02,0.57,1.97,14.85
1997-08-17,15.29,6.42,10.37,0.21,0.57,3.5,14.48
1997-08-18,14.63,3.48,8.72,0.03,0.57,3.62,13.24
1997-08-19,14.77,2.97,8.34,0.03,0.57,3.63,11.66
1997-08-20,15.53,5.45,9.19,0.01,0.56,4.23,11.82
1997-08-21,15.97,5.0,10.04,0.0,0.56,2.31,16.27
1997-08-22,16.83,3.43,9.34,0.0,0.56,2.22,16.26
1997-08-23,13.16,3.75,7.55,2.6,0.56,3.81,10.31
1997-08-24,12.33,1.29,6.22,0.24,0.56,1.08,16.0
1997-08-25,11.27,1.56,5.84,0.63,0.56,3.2,12.37
1997-08-26,14.19,5.54,8.91,0.42,0.56,5.24,11.41
1997-08-27,15.69,5.63,9.98,0.06,0.56,5.52,10.98
1997-08-28,17.54,5.91,10.78,0.0,0.56,4.59,14.6
1997-08-29,20.47,6.28,12.4,0.0,0.56,3.47,12.91
1997-08-30,13.61,8.6,10.45,3.04,0.56,6.34,8.15
1997-08-31,19.92,8.55,12.92,1.63,0.56,7.59,15.12
1997-09-01,17.74,6.82,11.54,18.28,0.57,8.5,6.92
1997-09-02,16.73,9.21,12.68,7.18,0.6,10.51,11.46
1997-09-03,19.67,6.03,12.0,1.5,0.6,7.43,12.45
1997-09-04,16.09,5.94,10.9,0.71,0.6,5.64,15.64
1997-09-05,18.12,5.59,11.39,0.2,0.59,5.23,14.85
1997-09-06,18.35,5.16,11.19,2.89,0.59,5.43,13.61
1997-09-07,19.56,8.87,12.85,4.52,0.6,7.6,14.11
1997-09-08,16.12,7.39,11.51,2.44,0.6,7.59,14.28
1997-09-09,18.24,5.57,11.8,0.19,0.6,7.69,15.46
1997-09-10,18.93,5.67,12.23,0.66,0.59,7.89,18.72
1997-09-11,16.56,4.16,9.79,0.03,0.59,4.49,19.74
1997-09-12,18.24,3.86,10.68,0.04,0.59,4.17,19.78
1997-09-13,22.09,4.36,13.33,0.07,0.59,3.79,19.73
1997-09-14,18.52,9.36,12.74,7.8,0.59,8.68,10.37
1997-09-15,18.56,8.82,12.44,0.36,0.59,8.69,13.89
1997-09-16,17.3,5.86,10.69,0.03,0.59,5.29,18.77
1997-09-17,18.12,5.22,10.25,0.03,0.59,5.04,20.05
1997-09-18,20.72,4.68,12.91,0.06,0.59,6.03,19.44
1997-09-19,16.19,11.0,13.01,11.08,0.6,11.61,10.73
1997-09-20,19.53,7.93,12.86,0.24,0.6,8.5,15.68
1997-09-21,18.59,5.02,11.53,0.07,0.6,5.39,19.24
1997-09-22,17.97,5.19,11.29,0.0,0.59,6.01,19.19
1997-09-23,19.5,6.25,11.8,0.0,0.59,5.52,21.16
1997-09-24,17.95,4.04,10.77,0.0,0.59,5.18,20.35
1997-09-25,20.34,4.75,12.81,0.0,0.58,3.53,21.3
1997-09-26,19.62,7.9,13.02,1.28,0.58,7.62,16.74
1997-09-27,18.31,8.58,12.9,0.27,0.58,8.27,18.71
1997-09-28,17.96,6.06,11.26,0.08,0.58,4.66,20.74
1997-09-29,18.22,1.99,9.87,0.0,0.57,2.13,23.44
1997-09-30,20.3,3.73,12.23,0.0,0.57,4.02,21.27
1997-10-01,26.35,5.96,16.38,0.0,0.57,4.47,22.31
1997-10-02,22.32,9.04,15.55,0.0,0.56,8.92,17.83
1997-10-03,16.96,5.89,10.88,0.01,0.56,1.9,23.35
1997-10-04,18.46,2.44,10.93,0.0,0.56,1.78,22.55
1997-10-05,20.49,6.64,13.18,0.0,0.55,3.81,23.63
1997-10-06,22.06,5.39,13.56,0.0,0.55,5.76,21.23
1997-10-07,18.52,9.42,13.06,0.95,0.55,8.37,11.55
1997-10-08,21.03,7.64,13.1,0.04,0.55,7.21,21.55
1997-10-09,27.5,5.27,16.13,0.0,0.55,6.8,25.82
1997-10-10,27.63,11.7,19.74,0.05,0.54,6.91,20.78
1997-10-11,24.27,12.64,18.04,0.0,0.54,5.33,25.81
1997-10-12,19.7,7.89,13.62,0.02,0.54,3.65,21.36
1997-10-13,21.15,5.34,13.26,0.01,0.53,5.31,21.51
1997-10-14,22.02,7.34,14.33,0.02,0.53,4.46,23.72
1997-10-15,20.75,4.34,12.32,0.02,0.53,3.91,19.71
1997-10-16,20.4,6.45,13.21,0.16,0.53,6.58,21.8
1997-10-17,20.08,3.61,11.64,0.0,0.53,2.8,18.96
1997-10-18,19.9,4.05,11.55,0.0,0.52,1.24,26.4
1997-10-19,19.37,3.4,11.55,0.0,0.52,3.04,24.58
1997-10-20,20.2,6.28,12.6,0.02,0.52,4.8,24.75
1997-10-21,24.17,4.62,13.76,0.0,0.52,4.41,27.93
1997-10-22,26.01,7.99,16.64,0.01,0.52,8.57,27.63
1997-10-23,28.6,8.8,18.82,0.0,0.51,8.21,27.7
1997-10-24,31.2,11.95,22.3,0.03,0.51,6.72,25.15
1997-10-25,33.61,13.43,23.52,0.0,0.51,6.57,25.82
1997-10-26,33.78,16.53,23.84,0.0,0.5,8.31,17.69
1997-10-27,27.79,11.86,18.98,0.0,0.5,10.18,22.15
1997-10-28,28.91,11.69,20.11,0.18,0.5,9.25,27.14
1997-10-29,26.87,14.48,20.08,0.38,0.5,8.39,29.39
1997-10-30,32.12,14.59,21.11,9.4,0.5,11.64,15.2
1997-10-31,20.54,12.72,16.22,13.42,0.53,11.4,15.5
1997-11-01,21.62,9.12,14.49,0.13,0.53,4.77,25.67
1997-11-02,21.68,8.31,14.77,0.14,0.53,6.75,19.73
1997-11-03,21.05,6.32,13.98,0.0,0.52,3.14,29.65
1997-11-04,24.49,5.9,15.11,0.0,0.52,5.12,29.7
1997-11-05,29.19,7.59,18.74,0.0,0.52,7.03,29.15
1997-11-06,33.26,12.98,23.2,0.0,0.51,7.84,29.0
1997-11-07,30.39,15.03,21.69,0.01,0.51,10.02,28.05
1997-11-08,28.75,9.42,18.52,0.11,0.51,5.56,29.33
1997-11-09,31.58,9.29,20.46,0.0,0.5,7.33,27.46
1997-11-10,33.83,16.73,23.26,10.8,0.51,13.18,16.45
1997-11-11,26.0,13.4,18.66,1.02,0.52,12.66,23.39
1997-11-12,24.72,11.31,17.39,0.0,0.52,6.87,31.21
1997-11-13,28.34,9.42,18.31,9.47,0.51,10.05,22.07
1997-11-14,24.15,10.85,17.92,3.94,0.54,12.07,21.55
1997-11-15,22.27,7.77,14.7,0.0,0.53,4.7,28.0
1997-11-16,21.26,6.35,13.91,0.02,0.53,4.41,26.07
1997-11-17,20.67,6.23,13.68,0.0,0.52,2.9,29.18
1997-11-18,22.39,7.62,15.31,0.0,0.52,6.95,24.06
1997-11-19,25.8,8.91,17.37,0.0,0.52,8.27,32.83
1997-11-20,28.32,8.07,18.67,0.0,0.52,7.32,32.02
1997-11-21,32.25,13.25,22.61,0.0,0.51,7.2,32.42
1997-11-22,36.91,15.0,26.3,0.0,0.51,4.65,32.53
1997-11-23,33.71,16.56,24.99,0.0,0.5,7.62,28.72
1997-11-24,33.04,13.91,22.59,0.0,0.5,8.21,32.38
1997-11-25,40.5,15.91,28.53,0.0,0.49,8.52,32.19
1997-11-26,40.86,22.31,30.52,0.08,0.49,11.55,22.86
1997-11-27,37.16,18.72,28.19,0.25,0.49,12.76,27.95
1997-11-28,29.82,13.87,21.24,0.0,0.49,4.86,32.2
1997-11-29,30.74,13.16,20.98,0.18,0.48,6.43,16.2
1997-11-30,28.26,11.92,19.92,0.0,0.48,6.1,31.86
1997-12-01,31.29,13.26,22.62,0.0,0.48,7.74,32.56
1997-12-02,27.59,14.9,20.83,0.0,0.48,7.69,32.17
1997-12-03,27.71,10.67,19.18,0.0,0.48,4.39,32.83
1997-12-04,32.18,12.34,22.65,0.0,0.48,5.29,30.54
1997-12-05,35.06,17.21,26.05,0.0,0.48,7.57,25.55
1997-12-06,30.87,14.68,22.11,0.0,0.48,10.59,20.85
1997-12-07,32.93,14.78,23.6,0.0,0.48,7.93,31.84
1997-12-08,29.03,14.49,22.02,0.05,0.48,7.8,18.88
1997-12-09,31.43,14.93,22.77,0.13,0.48,6.89,31.79
1997-12-10,32.45,11.69,22.15,0.0,0.48,3.41,31.7
1997-12-11,36.32,16.1,27.42,0.0,0.48,7.98,31.14
1997-12-12,34.99,22.32,28.23,0.0,0.48,7.22,26.52
1997-12-13,30.9,18.65,25.34,0.24,0.47,9.23,17.17
1997-12-14,26.92,13.88,19.85,0.0,0.47,5.98,31.47
1997-12-15,27.81,13.85,19.9,0.01,0.47,5.17,29.16
1997-12-16,29.79,12.0,20.95,0.0,0.47,4.9,31.56
1997-12-17,31.66,13.48,22.63,0.07,0.47,4.09,18.85
1997-12-18,27.58,15.3,19.29,3.59,0.47,10.3,14.98
1997-12-19,29.0,12.38,20.59,0.0,0.48,7.15,32.14
1997-12-20,33.74,12.71,24.1,0.0,0.48,6.17,33.55
1997-12-21,32.43,17.25,24.55,0.0,0.48,6.9,34.11
1997-12-22,26.6,14.27,19.96,0.0,0.48,3.57,32.98
1997-12-23,29.77,14.52,21.87,0.0,0.48,7.94,34.17
1997-12-24,30.69,14.49,22.83,0.0,0.48,9.11,33.63
1997-12-25,35.35,14.8,25.53,0.0,0.48,5.38,33.81
1997-12-26,29.33,13.66,21.21,0.0,0.48,4.38,34.16
1997-12-27,28.49,9.65,19.09,0.0,0.47,3.0,34.11
1997-12-28,32.95,11.44,22.85,0.0,0.47,2.49,33.62
1997-12-29,38.51,19.75,29.06,0.0,0.47,0.89,33.66
1997-12-30,36.45,14.94,25.91,0.0,0.47,1.86,32.87
1997-12-31,37.94,14.26,26.87,0.0,0.47,2.2,25.84
1998-01-01,41.3,19.2,31.46,0.0,0.47,0.73,32.27
1998-01-02,37.77,20.75,29.29,0.0,0.47,11.47,19.52
1998-01-03,31.17,13.98,22.71,0.0,0.47,2.78,32.22
1998-01-04,32.54,14.74,23.67,0.0,0.47,2.21,32.21
1998-01-05,31.98,15.93,23.43,0.0,0.47,1.36,30.65
1998-01-06,27.32,13.56,21.1,0.15,0.47,4.18,18.42
1998-01-07,24.36,17.8,20.59,11.73,0.48,11.55,22.88
1998-01-08,30.53,15.23,22.8,2.71,0.49,12.87,30.32
1998-01-09,27.03,18.87,22.48,0.64,0.49,15.59,25.57
1998-01-10,32.01,17.73,25.19,0.42,0.49,16.68,24.53
1998-01-11,34.68,19.84,27.62,0.45,0.49,16.19,28.59
1998-01-12,32.95,22.9,27.89,2.41,0.49,18.34,23.88
1998-01-13,35.68,22.41,28.78,2.78,0.49,16.61,23.08
1998-01-14,36.27,19.71,28.42,7.65,0.49,15.3,28.05
1998-01-15,31.88,14.27,22.79,0.1,0.5,11.09,33.39
1998-01-16,34.89,13.86,25.35,0.0,0.49,10.42,32.74
1998-01-17,42.81,19.95,31.41,0.0,0.49,9.71,31.88
1998-01-18,28.75,16.39,22.14,0.0,0.48,6.47,28.06
1998-01-19,30.89,13.63,22.04,0.0,0.48,6.98,31.6
1998-01-20,32.11,12.48,22.33,0.0,0.48,8.99,31.13
1998-01-21,33.24,15.09,24.18,0.0,0.48,8.18,30.95
1998-01-22,36.02,18.94,27.14,0.53,0.48,7.77,19.76
1998-01-23,30.15,14.2,21.88,0.01,0.48,2.67,30.02
1998-01-24,29.5,13.73,21.24,0.05,0.48,4.69,27.46
1998-01-25,25.06,13.96,19.65,0.06,0.48,9.07,25.07
1998-01-26,30.66,14.46,21.58,0.0,0.48,7.06,30.1
1998-01-27,33.39,13.17,23.59,0.0,0.48,8.58,30.38
1998-01-28,26.82,14.66,20.06,0.0,0.48,7.57,26.87
1998-01-29,26.14,10.96,18.82,0.0,0.48,6.03,29.67
1998-01-30,29.69,13.27,21.63,0.0,0.48,8.33,28.63
1998-01-31,35.31,14.77,25.84,0.0,0.47,7.19,29.48
1998-02-01,39.58,18.87,30.09,0.0,0.47,7.03,28.48
1998-02-02,38.07,20.35,29.14,0.46,0.47,10.84,12.47
1998-02-03,30.42,13.75,22.07,0.0,0.47,2.1,30.21
1998-02-04,36.32,14.93,26.7,0.0,0.47,2.03,30.7
1998-02-05,36.88,17.71,28.18,0.02,0.47,5.26,21.03
1998-02-06,33.82,18.58,26.43,0.03,0.47,10.42,30.19
1998-02-07,35.71,16.6,24.16,28.34,0.49,12.41,7.04
1998-02-08,24.47,12.22,18.07,0.09,0.53,6.89,27.7
1998-02-09,27.77,10.02,18.77,0.0,0.52,8.17,30.07
1998-02-10,32.84,12.99,23.8,0.0,0.52,11.83,29.7
1998-02-11,30.78,18.87,24.83,0.0,0.51,11.95,22.61
1998-02-12,32.85,16.53,24.15,0.0,0.51,10.22,28.3
1998-02-13,28.75,12.15,20.38,0.02,0.5,7.38,27.73
1998-02-14,31.44,13.86,22.41,0.0,0.5,7.8,28.71
1998-02-15,28.16,14.59,20.56,0.74,0.5,10.95,26.81
1998-02-16,21.08,11.44,16.2,3.1,0.5,6.3,24.49
1998-02-17,24.39,8.91,17.04,0.0,0.5,4.25,28.15
1998-02-18,32.5,13.61,22.21,0.0,0.5,2.66,28.24
1998-02-19,34.88,15.17,23.97,0.0,0.49,6.45,27.98
1998-02-20,25.27,12.82,18.6,0.0,0.49,5.95,25.89
1998-02-21,27.3,10.84,19.09,0.0,0.49,7.08,26.42
1998-02-22,28.8,12.8,20.04,0.0,0.49,7.38,25.88
1998-02-23,29.0,10.15,19.34,0.0,0.48,5.33,25.71
1998-02-24,33.67,13.06,23.39,0.0,0.48,3.24,26.01
1998-02-25,41.11,19.28,29.43,0.0,0.48,1.83,26.23
1998-02-26,42.32,21.53,31.32,0.0,0.48,6.58,26.08
1998-02-27,27.58,15.42,21.41,0.0,0.48,5.33,25.14
1998-02-28,28.46,11.26,19.54,0.0,0.48,4.47,26.06
1998-03-01,30.63,12.25,21.0,0.0,0.48,8.02,27.35
1998-03-02,32.64,12.92,23.13,0.0,0.48,6.77,27.31
1998-03-03,37.41,17.29,27.09,0.0,0.48,2.66,26.93
1998-03-04,29.57,16.55,24.42,0.0,0.48,6.54,15.38
1998-03-05,25.6,12.43,18.45,0.0,0.48,4.82,25.78
1998-03-06,25.8,12.45,18.07,0.0,0.47,8.25,20.78
1998-03-07,26.9,10.5,17.66,0.0,0.47,5.8,25.75
1998-03-08,29.02,10.73,19.41,0.0,0.47,4.79,25.35
1998-03-09,32.93,12.63,22.95,0.0,0.47,3.69,25.47
1998-03-10,34.94,12.71,24.24,0.0,0.47,1.86,25.38
1998-03-11,38.87,16.91,28.11,0.0,0.47,0.28,25.29
1998-03-12,41.67,23.78,31.63,0.01,0.47,7.09,22.33
1998-03-13,32.74,20.28,26.22,0.18,0.47,13.22,20.61
1998-03-14,26.08,14.73,19.9,1.09,0.48,8.94,20.91
1998-03-15,19.59,12.55,15.53,0.07,0.48,4.68,11.53
1998-03-16,24.68,10.2,17.21,0.0,0.48,4.19,23.46
1998-03-17,26.75,11.08,19.08,0.0,0.48,6.84,22.7
1998-03-18,28.29,11.4,19.49,0.0,0.48,5.85,23.61
1998-03-19,31.38,12.08,21.97,0.0,0.47,5.68,23.61
1998-03-20,34.38,13.55,24.18,0.0,0.47,0.66,23.01
1998-03-21,35.86,16.66,26.1,0.0,0.47,7.21,22.86
1998-03-22,40.52,21.5,29.94,0.0,0.47,2.68,22.42
1998-03-23,25.41,15.43,21.02,1.12,0.47,11.44,8.56
1998-03-24,23.02,10.06,16.33,0.0,0.48,2.7,21.84
1998-03-25,25.6,10.01,17.29,0.0,0.48,4.83,21.07
1998-03-26,28.02,10.65,19.09,0.0,0.48,6.89,20.8
1998-03-27,29.57,13.92,21.02,0.0,0.47,8.16,20.67
1998-03-28,25.4,12.51,18.49,0.0,0.47,7.36,18.09
1998-03-29,23.64,9.4,16.18,0.0,0.47,6.58,20.67
1998-03-30,25.1,9.94,17.17,0.0,0.47,8.41,16.59
1998-03-31,22.48,9.19,15.44,0.03,0.47,6.62,15.98
1998-04-01,22.04,6.53,13.75,0.0,0.47,2.67,18.38
1998-04-02,23.85,6.25,14.53,0.0,0.47,1.95,19.22
1998-04-03,24.39,7.55,15.43,0.0,0.47,5.15,19.66
1998-04-04,25.9,9.75,17.46,0.0,0.47,8.92,19.91
1998-04-05,28.09,13.6,19.51,0.0,0.47,4.43,19.19
1998-04-06,29.3,9.94,20.19,0.0,0.47,2.06,19.51
1998-04-07,30.96,12.98,21.48,0.0,0.47,-3.45,18.1
1998-04-08,24.92,10.74,17.93,0.0,0.47,1.64,11.36
1998-04-09,20.11,6.63,12.85,0.0,0.47,1.5,18.03
1998-04-10,21.36,7.23,14.11,0.0,0.47,5.81,16.87
1998-04-11,22.34,7.45,15.19,0.01,0.47,4.66,12.57
1998-04-12,18.01,12.21,14.2,17.6,0.5,10.31,6.89
1998-04-13,17.97,7.48,13.05,0.64,0.51,5.48,16.17
1998-04-14,19.29,4.95,11.6,0.0,0.51,4.99,16.89
1998-04-15,20.87,6.12,12.93,0.0,0.5,6.34,16.93
1998-04-16,21.89,7.78,13.56,0.0,0.5,6.33,18.0
1998-04-17,21.01,6.83,12.88,0.0,0.5,5.58,17.84
1998-04-18,21.76,5.81,13.49,0.0,0.5,5.79,17.15
1998-04-19,19.69,8.96,13.97,6.86,0.5,6.53,7.54
1998-04-20,24.83,13.84,18.18,16.17,0.54,13.04,13.15
1998-04-21,20.52,10.41,15.02,3.27,0.54,11.98,8.87
1998-04-22,18.31,6.59,11.37,0.12,0.54,6.17,12.8
1998-04-23,17.71,4.95,11.29,0.02,0.54,5.58,16.75
1998-04-24,21.68,7.46,14.63,0.0,0.53,5.7,15.52
1998-04-25,15.77,10.02,12.25,6.61,0.54,6.56,12.41
1998-04-26,18.89,8.18,12.64,0.55,0.54,8.54,11.2
1998-04-27,16.13,5.29,10.39,0.04,0.54,4.94,8.04
1998-04-28,18.15,8.44,12.24,0.03,0.54,4.42,12.43
1998-04-29,19.7,7.51,13.1,1.5,0.54,6.87,9.91
1998-04-30,19.94,6.97,12.73,0.25,0.54,8.45,12.25
1998-05-01,16.78,3.61,9.31,0.0,0.54,2.21,11.39
1998-05-02,18.3,4.3,10.14,0.03,0.54,4.52,14.96
1998-05-03,19.41,7.55,12.68,3.63,0.54,9.23,10.72
1998-05-04,19.05,9.1,13.29,1.1,0.54,9.41,11.85
1998-05-05,20.39,9.01,13.26,0.01,0.54,7.74,14.7
1998-05-06,19.48,5.96,12.25,0.25,0.54,8.09,12.7
1998-05-07,12.47,3.96,7.87,0.0,0.54,4.36,9.59
1998-05-08,14.17,4.41,8.56,0.02,0.54,4.91,11.99
1998-05-09,15.11,4.65,9.37,0.02,0.54,3.96,11.3
1998-05-10,16.48,4.48,10.09,0.0,0.54,2.73,10.68
1998-05-11,13.6,8.91,10.97,0.63,0.53,5.64,6.39
1998-05-12,18.04,10.51,13.56,0.11,0.53,10.15,7.24
1998-05-13,23.24,8.84,14.93,0.0,0.53,9.74,12.21
1998-05-14,21.49,11.42,15.2,0.47,0.53,11.37,7.34
1998-05-15,23.15,11.67,16.15,0.46,0.53,12.66,11.58
1998-05-16,22.24,10.37,15.43,0.0,0.53,12.14,11.86
1998-05-17,22.19,9.24,14.93,0.0,0.53,10.83,12.88
1998-05-18,22.31,8.29,14.65,0.0,0.53,10.12,12.6
1998-05-19,24.15,9.26,15.36,0.52,0.53,9.89,10.29
1998-05-20,16.34,5.59,10.86,0.29,0.53,4.79,12.3
1998-05-21,15.32,4.54,8.26,0.0,0.53,3.63,12.08
1998-05-22,12.95,2.45,8.81,3.63,0.53,3.34,5.49
1998-05-23,15.34,6.85,10.51,0.04,0.53,6.07,10.47
1998-05-24,13.6,6.1,9.86,0.08,0.53,6.91,8.8
1998-05-25,16.13,4.02,9.19,0.0,0.53,5.63,9.79
1998-05-26,14.77,3.84,8.6,0.0,0.53,5.72,11.36
1998-05-27,17.15,4.95,9.54,0.0,0.53,4.5,10.43
1998-05-28,20.34,4.94,11.51,0.0,0.53,3.97,11.21
1998-05-29,21.22,5.59,12.0,0.0,0.53,3.15,10.35
1998-05-30,16.6,9.88,12.44,0.0,0.52,7.92,6.23
1998-05-31,17.61,8.07,11.42,0.0,0.52,7.54,6.96
1998-06-01,19.22,8.54,11.98,0.0,0.52,8.52,10.22
1998-06-02,16.1,7.62,10.82,0.0,0.52,7.62,9.46
1998-06-03,20.09,7.22,12.33,0.0,0.52,7.88,10.92
1998-06-04,21.2,7.41,13.38,0.02,0.52,10.01,10.55
1998-06-05,23.23,9.63,14.98,0.43,0.52,8.58,8.63
1998-06-06,15.77,7.13,11.64,14.14,0.54,8.31,6.9
1998-06-07,13.99,5.34,8.72,0.07,0.55,3.99,10.19
1998-06-08,14.91,4.81,8.02,0.0,0.54,4.89,10.7
1998-06-09,14.64,3.82,8.46,0.1,0.54,5.07,8.12
1998-06-10,14.95,4.33,8.66,0.0,0.54,4.73,10.56
1998-06-11,12.33,4.66,8.43,0.09,0.54,5.18,4.53
1998-06-12,15.75,7.29,11.11,4.51,0.55,5.95,9.96
1998-06-13,14.55,6.37,10.09,0.19,0.55,7.36,6.7
1998-06-14,16.65,5.51,10.78,0.32,0.54,5.38,7.24
1998-06-15,14.57,5.48,9.76,0.41,0.54,7.12,9.01
1998-06-16,13.26,2.94,6.78,0.04,0.54,2.91,9.35
1998-06-17,12.65,0.57,5.76,0.0,0.54,2.22,10.32
1998-06-18,13.06,2.56,6.72,0.0,0.54,1.62,10.07
1998-06-19,13.62,0.33,6.06,0.0,0.54,1.17,6.58
1998-06-20,12.7,5.66,9.27,0.35,0.54,5.49,4.73
1998-06-21,14.24,4.19,9.57,1.09,0.54,6.94,6.93
1998-06-22,11.53,3.22,6.55,0.14,0.54,2.82,10.02
1998-06-23,12.32,3.21,6.77,0.03,0.54,3.15,8.86
1998-06-24,9.91,3.91,6.0,0.34,0.54,4.79,6.66
1998-06-25,12.77,3.13,6.95,0.04,0.54,4.33,9.17
1998-06-26,12.62,2.4,6.01,0.0,0.54,3.48,8.8
1998-06-27,13.06,-0.53,5.32,0.04,0.54,0.93,10.02
1998-06-28,13.46,1.23,6.78,0.79,0.54,3.43,8.27
1998-06-29,12.72,4.55,7.07,0.92,0.54,3.87,6.85
1998-06-30,12.63,3.97,6.7,0.02,0.54,3.97,9.57
1998-07-01,11.61,2.93,6.55,0.0,0.54,4.13,8.48
1998-07-02,12.91,3.89,7.32,0.03,0.54,5.2,8.14
1998-07-03,10.44,2.7,6.18,0.0,0.54,5.07,5.68
1998-07-04,15.57,4.11,8.7,0.0,0.54,3.5,9.68
1998-07-05,15.77,8.46,12.39,8.83,0.54,10.53,4.9
1998-07-06,14.14,6.91,9.66,0.31,0.55,6.42,10.09
1998-07-07,15.31,4.87,8.86,0.14,0.55,3.57,8.34
1998-07-08,14.4,5.42,9.0,3.78,0.55,4.18,8.19
1998-07-09,10.12,2.59,6.41,0.43,0.56,2.07,8.1
1998-07-10,11.39,1.87,5.83,0.1,0.55,2.72,9.46
1998-07-11,12.14,2.58,6.5,0.02,0.55,1.48,6.31
1998-07-12,11.39,1.34,5.66,0.01,0.55,0.57,6.07
1998-07-13,10.72,3.03,6.09,0.01,0.55,-0.31,8.64
1998-07-14,12.64,-1.59,5.69,0.0,0.55,-0.76,11.33
1998-07-15,14.75,1.34,7.11,0.0,0.55,-0.73,10.6
1998-07-16,14.07,0.76,6.32,0.02,0.55,3.33,10.61
1998-07-17,14.61,2.71,7.41,0.01,0.55,2.47,9.33
1998-07-18,15.47,1.96,7.96,0.0,0.55,2.07,10.27
1998-07-19,14.94,1.11,7.52,0.16,0.55,3.2,8.65
1998-07-20,14.73,5.66,9.35,0.97,0.55,6.32,8.67
1998-07-21,14.64,2.87,8.15,1.23,0.55,5.44,9.38
1998-07-22,14.19,4.06,7.86,0.68,0.55,4.93,11.48
1998-07-23,14.13,3.81,7.58,0.06,0.55,4.55,10.95
1998-07-24,12.39,3.57,7.03,0.16,0.55,4.42,9.42
1998-07-25,13.7,7.2,9.57,4.8,0.55,7.16,5.13
1998-07-26,12.96,8.57,10.03,9.84,0.57,9.04,6.86
1998-07-27,11.7,6.6,8.93,10.88,0.58,7.26,4.69
1998-07-28,10.25,5.44,7.23,2.42,0.59,3.79,9.51
1998-07-29,8.74,4.02,6.7,3.41,0.59,5.0,7.57
1998-07-30,10.92,2.61,5.88,0.64,0.59,4.04,11.38
1998-07-31,12.47,2.84,6.96,0.13,0.59,4.18,9.21
1998-08-01,13.18,5.68,8.16,0.06,0.59,5.39,10.17
1998-08-02,13.77,3.17,7.3,0.26,0.59,2.08,6.87
1998-08-03,16.25,5.18,10.58,0.11,0.59,5.67,11.63
1998-08-04,16.58,6.75,11.56,0.09,0.59,6.88,9.49
1998-08-05,15.47,3.73,8.42,0.0,0.58,3.45,13.51
1998-08-06,15.91,1.72,7.55,0.0,0.58,2.68,13.41
1998-08-07,16.82,1.75,8.23,0.01,0.58,2.18,13.13
1998-08-08,16.84,5.32,9.57,0.02,0.58,5.9,13.94
1998-08-09,16.7,4.23,9.37,0.0,0.58,6.3,10.67
1998-08-10,18.18,5.55,10.44,0.09,0.58,6.71,12.75
1998-08-11,14.81,4.72,9.94,0.21,0.58,7.8,9.45
1998-08-12,17.53,7.32,11.91,3.72,0.58,8.03,12.33
1998-08-13,17.73,7.2,11.84,0.85,0.58,8.4,10.07
1998-08-14,16.33,6.71,10.45,0.22,0.58,7.32,9.96
1998-08-15,15.25,4.44,8.81,0.0,0.58,4.48,14.69
1998-08-16,12.46,5.44,8.31,1.04,0.58,5.48,10.57
1998-08-17,14.48,5.79,9.7,1.59,0.58,7.02,6.97
1998-08-18,16.99,3.71,9.99,0.03,0.58,6.08,11.46
1998-08-19,18.25,5.76,10.94,0.0,0.58,6.5,14.66
1998-08-20,19.82,6.2,12.61,0.29,0.57,8.12,8.18
1998-08-21,21.11,10.39,14.28,2.23,0.58,9.17,12.24
1998-08-22,14.77,6.0,10.88,0.52,0.57,5.57,13.37
1998-08-23,14.67,3.64,8.17,0.16,0.57,3.34,14.01
1998-08-24,16.95,4.71,9.57,0.0,0.57,2.87,15.86
1998-08-25,17.25,4.04,8.47,0.95,0.57,3.19,8.66
1998-08-26,18.49,5.66,10.48,0.86,0.57,6.23,15.81
1998-08-27,19.39,4.24,10.19,0.0,0.57,4.58,17.49
1998-08-28,20.37,2.48,11.14,0.0,0.57,2.63,17.38
1998-08-29,20.3,7.61,12.43,0.0,0.56,2.67,17.47
1998-08-30,18.5,5.3,10.92,0.01,0.56,5.76,17.29
1998-08-31,21.72,4.45,12.55,0.0,0.56,4.73,17.76
1998-09-01,23.71,6.73,13.87,0.0,0.56,5.94,17.15
1998-09-02,19.36,6.14,11.64,0.0,0.56,6.79,16.95
1998-09-03,19.35,7.47,12.95,0.78,0.56,9.1,8.48
1998-09-04,21.79,5.55,12.98,0.28,0.55,6.58,18.33
1998-09-05,15.94,5.48,10.27,0.37,0.55,4.43,15.72
1998-09-06,16.84,3.62,9.7,0.01,0.55,4.37,12.63
1998-09-07,17.0,2.79,9.47,0.0,0.55,4.01,18.21
1998-09-08,17.82,2.96,9.74,0.0,0.55,4.39,18.74
1998-09-09,21.26,4.64,12.06,0.0,0.55,6.57,16.64
1998-09-10,20.93,8.81,14.08,0.61,0.54,10.54,16.4
1998-09-11,17.55,12.44,14.51,4.26,0.55,12.76,11.55
1998-09-12,20.13,9.61,14.37,0.89,0.55,9.41,16.29
1998-09-13,17.62,8.19,12.04,0.08,0.55,7.41,12.02
1998-09-14,16.5,7.45,11.21,0.53,0.55,6.28,15.19
1998-09-15,14.73,4.91,9.65,1.15,0.55,4.55,15.03
1998-09-16,17.23,3.51,9.77,0.36,0.55,4.29,13.93
1998-09-17,22.14,4.92,13.5,0.01,0.54,6.61,18.52
1998-09-18,23.83,7.13,15.4,0.08,0.54,4.7,19.83
1998-09-19,19.98,7.97,14.6,0.18,0.54,7.01,16.58
1998-09-20,20.15,5.84,11.8,0.0,0.54,3.56,20.29
1998-09-21,20.39,4.77,13.33,1.97,0.54,9.94,13.16
1998-09-22,21.64,15.44,17.77,4.63,0.54,15.66,8.09
1998-09-23,19.38,7.42,14.58,4.66,0.55,9.44,11.39
1998-09-24,15.25,5.33,9.45,0.13,0.55,2.93,19.2
1998-09-25,16.79,2.38,9.71,0.0,0.54,1.68,18.54
1998-09-26,23.62,4.9,14.27,0.04,0.54,2.97,22.36
1998-09-27,27.3,8.64,18.02,1.34,0.54,6.09,22.68
1998-09-28,30.28,13.37,20.7,0.07,0.54,9.1,23.32
1998-09-29,26.17,10.11,17.61,0.0,0.53,8.73,23.17
1998-09-30,27.26,8.48,17.86,0.0,0.53,9.3,22.98
1998-10-01,33.58,16.83,24.53,0.81,0.53,9.82,21.4
1998-10-02,21.82,15.69,18.73,7.08,0.53,16.13,9.31
1998-10-03,21.35,9.17,15.8,0.09,0.54,7.21,23.16
1998-10-04,20.03,7.1,12.67,0.41,0.53,5.32,23.31
1998-10-05,22.9,7.74,15.29,9.51,0.53,5.78,18.29
1998-10-06,15.29,7.11,11.86,7.01,0.56,5.35,23.15
1998-10-07,16.45,6.1,10.42,0.22,0.55,4.46,17.08
1998-10-08,18.0,4.35,11.36,0.03,0.55,4.88,18.72
1998-10-09,17.09,8.2,12.72,0.45,0.55,5.5,16.01
1998-10-10,19.31,5.5,11.9,0.01,0.55,5.14,20.55
1998-10-11,17.81,5.96,12.22,0.26,0.54,5.73,15.24
1998-10-12,21.84,8.41,14.72,2.45,0.54,7.95,15.1
1998-10-13,19.33,7.59,12.46,0.05,0.54,4.06,22.16
1998-10-14,23.37,5.06,13.95,0.01,0.54,5.09,26.48
1998-10-15,23.47,10.1,15.77,0.49,0.54,6.19,26.24
1998-10-16,26.23,5.75,16.18,0.0,0.54,4.22,26.2
1998-10-17,35.94,11.97,22.66,3.56,0.53,9.16,15.54
1998-10-18,19.51,10.48,14.74,0.76,0.53,7.36,8.9
1998-10-19,15.61,7.1,11.5,1.59,0.53,5.45,16.83
1998-10-20,18.45,3.53,11.23,0.02,0.53,3.97,24.94
1998-10-21,19.1,7.52,12.98,0.55,0.53,7.04,18.47
1998-10-22,20.33,6.63,12.81,0.01,0.53,5.37,25.72
1998-10-23,24.06,7.98,15.94,0.05,0.53,7.77,23.66
1998-10-24,31.03,9.96,20.21,0.0,0.52,5.26,27.51
1998-10-25,30.16,13.23,20.33,0.0,0.52,5.27,25.77
1998-10-26,20.74,8.0,14.23,0.01,0.51,5.51,19.82
1998-10-27,15.13,5.95,9.82,0.05,0.51,0.45,24.37
1998-10-28,19.48,2.79,12.0,0.0,0.51,0.8,27.62
1998-10-29,24.59,5.83,15.92,0.0,0.51,2.04,24.5
1998-10-30,25.53,9.82,18.1,0.02,0.51,3.88,21.26
1998-10-31,20.77,8.05,13.8,0.0,0.5,2.28,29.33
1998-11-01,23.82,4.4,13.86,0.0,0.5,0.86,28.11
1998-11-02,26.75,5.93,16.03,0.0,0.5,1.53,28.73
1998-11-03,29.72,8.5,19.62,0.0,0.5,1.93,27.52
1998-11-04,32.88,13.2,22.38,0.0,0.49,4.85,20.26
1998-11-05,21.98,14.43,17.6,0.02,0.49,10.31,15.89
1998-11-06,30.71,11.23,21.6,0.1,0.49,10.56,28.3
1998-11-07,25.78,10.8,19.72,1.64,0.49,10.15,17.42
1998-11-08,23.84,6.63,15.27,0.0,0.49,2.84,29.17
1998-11-09,26.99,8.07,17.71,0.0,0.49,3.6,29.06
1998-11-10,26.22,9.07,17.92,0.0,0.49,4.18,17.33
1998-11-11,19.24,13.19,16.45,30.08,0.51,12.21,10.2
1998-11-12,18.47,11.82,14.69,22.02,0.58,11.55,15.48
1998-11-13,19.43,10.67,15.23,2.32,0.58,11.45,17.43
1998-11-14,26.96,7.38,17.74,0.0,0.57,8.76,31.21
1998-11-15,26.14,12.06,19.55,0.36,0.57,8.94,26.19
1998-11-16,23.55,7.48,15.47,0.0,0.56,4.26,31.63
1998-11-17,23.68,7.75,15.22,0.0,0.55,5.83,31.39
1998-11-18,22.34,5.79,13.82,0.0,0.55,3.45,31.62
1998-11-19,24.07,7.55,15.86,0.0,0.55,7.07,27.42
1998-11-20,27.44,8.75,18.85,0.0,0.54,8.06,29.42
1998-11-21,28.29,11.71,19.98,0.0,0.54,7.46,29.89
1998-11-22,23.93,7.25,15.67,0.0,0.54,4.27,30.32
1998-11-23,25.16,8.23,17.02,0.0,0.53,5.64,31.55
1998-11-24,27.14,10.26,18.88,0.0,0.53,6.5,30.0
1998-11-25,29.2,11.66,20.7,0.0,0.52,7.41,29.67
1998-11-26,33.12,14.95,24.21,0.0,0.52,9.47,29.71
1998-11-27,23.02,11.13,19.13,8.33,0.53,8.07,16.76
1998-11-28,22.82,8.43,15.42,0.04,0.53,3.8,28.83
1998-11-29,23.36,7.92,15.8,0.02,0.53,6.25,31.85
1998-11-30,25.88,9.01,17.6,0.0,0.52,7.54,32.27
1998-12-01,27.96,9.57,18.87,0.0,0.52,5.94,32.3
1998-12-02,34.43,13.76,23.99,0.01,0.51,6.79,26.3
1998-12-03,27.69,13.36,20.18,0.0,0.51,6.02,32.84
1998-12-04,24.07,10.57,16.86,0.0,0.51,5.46,30.08
1998-12-05,24.82,7.7,16.32,0.0,0.5,5.97,33.56
1998-12-06,28.15,9.52,18.79,0.0,0.5,7.94,33.37
1998-12-07,28.54,10.2,19.32,0.0,0.5,8.0,32.01
1998-12-08,31.61,11.68,21.45,0.0,0.5,8.46,33.36
1998-12-09,34.06,12.85,23.84,0.0,0.49,8.12,31.69
1998-12-10,38.77,15.23,27.77,0.0,0.49,6.83,31.35
1998-12-11,42.03,21.06,32.66,0.0,0.49,8.86,27.97
1998-12-12,42.68,26.52,33.99,0.38,0.48,11.56,27.39
1998-12-13,28.64,17.47,24.27,4.03,0.48,16.72,14.67
1998-12-14,29.41,13.79,21.52,1.48,0.49,12.12,30.92
1998-12-15,29.01,13.56,20.93,0.0,0.49,9.44,33.83
1998-12-16,30.84,12.71,21.87,0.0,0.49,9.1,32.22
1998-12-17,33.33,14.1,23.26,0.0,0.48,7.42,22.76
1998-12-18,33.46,14.75,24.11,0.0,0.48,7.64,33.57
1998-12-19,35.47,13.52,25.37,0.1,0.48,6.9,28.87
1998-12-20,25.68,11.96,20.32,2.93,0.48,5.2,28.27
1998-12-21,25.15,9.38,17.4,0.09,0.48,3.8,34.03
1998-12-22,28.56,11.84,20.78,0.0,0.48,8.0,34.26
1998-12-23,34.49,15.2,26.11,0.0,0.48,6.12,33.5
1998-12-24,39.17,20.07,30.48,0.0,0.48,4.35,32.88
1998-12-25,41.64,22.11,32.08,0.68,0.48,6.18,25.85
1998-12-26,24.78,12.16,19.58,1.79,0.48,6.16,26.47
1998-12-27,23.94,9.41,16.22,0.08,0.48,3.05,32.23
1998-12-28,26.88,9.1,18.26,0.0,0.48,6.06,33.45
1998-12-29,27.68,12.01,20.41,0.0,0.48,7.61,31.92
1998-12-30,31.92,12.52,22.47,0.0,0.48,7.07,32.94
1998-12-31,34.81,13.59,24.41,0.0,0.48,4.0,31.84
1999-01-01,36.55,15.46,27.09,0.0,0.48,8.23,32.31
1999-01-02,40.14,20.23,31.02,0.0,0.48,6.1,30.64
1999-01-03,38.35,19.76,29.62,0.0,0.47,6.62,32.72
1999-01-04,42.33,19.04,31.34,0.0,0.47,8.69,31.59
1999-01-05,43.88,23.62,34.76,0.27,0.47,11.03,28.44
1999-01-06,43.96,26.9,35.53,0.82,0.47,12.21,28.52
1999-01-07,35.5,20.46,26.4,3.04,0.48,15.79,13.94
1999-01-08,34.99,18.89,25.93,0.8,0.48,13.53,19.31
1999-01-09,35.43,16.23,26.32,0.0,0.48,9.29,32.18
1999-01-10,39.53,17.99,29.88,0.05,0.48,7.5,32.73
1999-01-11,33.32,16.5,26.77,0.49,0.48,10.51,22.96
1999-01-12,33.29,12.32,22.51,0.0,0.48,3.96,32.66
1999-01-13,32.59,14.34,22.84,0.01,0.48,7.0,32.84
1999-01-14,34.8,13.45,24.09,0.0,0.48,5.78,31.94
1999-01-15,40.92,19.45,30.87,0.0,0.47,8.9,31.51
1999-01-16,42.27,22.22,32.46,0.0,0.47,8.66,30.41
1999-01-17,40.43,19.89,30.41,0.0,0.47,7.9,32.43
1999-01-18,39.72,20.3,29.86,0.0,0.47,5.04,30.94
1999-01-19,31.31,16.93,24.24,0.0,0.47,5.25,21.16
1999-01-20,29.19,12.86,20.16,0.0,0.47,3.07,31.12
1999-01-21,33.21,12.33,22.82,0.0,0.47,4.41,32.46
1999-01-22,32.84,18.71,25.55,0.83,0.47,6.88,20.32
1999-01-23,34.93,17.64,26.96,0.32,0.47,11.11,30.45
1999-01-24,35.28,17.54,26.83,0.0,0.47,12.1,31.1
1999-01-25,36.77,18.6,28.25,0.0,0.47,9.89,31.0
1999-01-26,33.56,20.21,25.91,0.98,0.47,13.96,28.55
1999-01-27,35.11,19.04,27.33,0.11,0.48,12.88,30.3
1999-01-28,35.55,21.58,28.61,4.34,0.48,12.87,23.69
1999-01-29,33.78,20.62,27.59,1.26,0.48,13.57,29.19
1999-01-30,30.18,15.41,21.97,0.0,0.48,7.64,30.96
1999-01-31,32.66,13.16,23.4,0.0,0.48,6.75,20.8
1999-02-01,34.3,20.69,27.83,0.03,0.48,11.34,30.25
1999-02-02,34.08,20.1,27.49,0.0,0.48,11.28,28.51
1999-02-03,38.43,22.66,30.63,0.02,0.48,10.83,24.15
1999-02-04,37.96,22.89,30.74,0.0,0.48,9.8,30.01
1999-02-05,39.4,22.74,31.57,0.0,0.48,7.27,28.42
1999-02-06,35.77,14.02,25.76,0.03,0.47,8.7,18.67
1999-02-07,25.36,11.1,17.84,0.0,0.47,1.51,29.18
1999-02-08,29.05,9.91,19.03,0.0,0.47,2.68,28.78
1999-02-09,33.78,14.54,23.94,0.02,0.47,10.57,23.73
1999-02-10,31.75,22.07,26.96,3.82,0.48,15.87,18.92
1999-02-11,30.36,22.89,26.08,15.39,0.49,18.64,18.34
1999-02-12,26.63,21.63,24.28,23.15,0.53,20.49,6.63
1999-02-13,31.67,18.57,25.41,0.91,0.55,17.68,29.49
1999-02-14,35.06,18.44,27.11,0.0,0.54,14.91,28.9
1999-02-15,28.7,17.06,23.55,0.03,0.53,12.86,14.63
1999-02-16,27.3,12.48,19.45,0.0,0.53,9.1,27.74
1999-02-17,25.71,12.46,18.32,0.05,0.52,9.64,22.75
1999-02-18,23.38,10.33,16.29,0.0,0.52,5.57,24.53
1999-02-19,23.58,8.79,16.43,0.0,0.52,6.87,28.06
1999-02-20,29.12,11.28,20.89,0.0,0.52,7.97,27.69
1999-02-21,31.27,18.17,24.21,0.0,0.51,7.35,24.96
1999-02-22,33.41,14.34,23.81,0.0,0.51,10.94,27.75
1999-02-23,29.96,16.33,23.74,0.01,0.5,11.65,14.08
1999-02-24,26.06,12.36,19.03,0.0,0.5,10.75,25.1
1999-02-25,29.97,15.34,22.07,0.0,0.5,11.95,25.96
1999-02-26,29.86,14.48,22.06,0.0,0.5,12.49,23.69
1999-02-27,31.62,14.45,23.48,0.0,0.49,11.89,23.37
1999-02-28,33.93,18.86,26.36,0.0,0.49,11.88,20.59
1999-03-01,32.82,18.76,25.75,0.12,0.49,13.94,25.27
1999-03-02,32.69,20.26,26.32,5.49,0.49,15.73,20.95
1999-03-03,31.97,19.4,24.87,0.11,0.49,13.41,26.01
1999-03-04,29.66,15.81,21.76,0.0,0.49,10.44,26.64
1999-03-05,28.55,12.3,20.39,0.0,0.49,8.06,26.23
1999-03-06,32.91,15.81,21.16,7.83,0.49,9.13,15.27
1999-03-07,26.66,13.19,19.15,0.45,0.5,8.73,22.94
1999-03-08,28.51,10.19,19.22,0.0,0.5,6.45,25.59
1999-03-09,33.88,16.87,24.75,0.0,0.49,13.17,25.11
1999-03-10,31.6,17.2,23.58,0.0,0.49,12.8,24.63
1999-03-11,29.6,13.38,20.71,0.0,0.49,9.06,25.16
1999-03-12,32.75,15.89,23.18,0.0,0.49,8.31,21.67
1999-03-13,24.31,11.47,17.43,0.0,0.48,6.05,24.2
1999-03-14,24.57,10.59,17.61,0.0,0.48,7.23,22.84
1999-03-15,24.66,11.84,17.82,0.0,0.48,8.32,22.03
1999-03-16,25.74,9.59,17.26,0.0,0.48,4.82,23.61
1999-03-17,27.21,10.95,18.52,0.0,0.48,6.44,22.06
1999-03-18,24.4,13.81,18.81,0.86,0.48,9.85,8.86
1999-03-19,25.45,14.65,18.91,8.96,0.49,14.81,15.59
1999-03-20,27.77,15.02,21.35,0.4,0.5,14.65,19.34
1999-03-21,22.75,16.06,19.45,8.61,0.5,15.24,7.0
1999-03-22,21.52,9.92,15.54,0.05,0.51,5.55,22.06
1999-03-23,23.55,6.83,14.75,0.0,0.51,4.33,22.0
1999-03-24,26.36,12.95,19.28,0.15,0.5,8.06,14.98
1999-03-25,30.38,17.05,22.85,0.15,0.5,13.54,22.5
1999-03-26,26.95,17.95,21.66,2.51,0.5,14.85,14.61
1999-03-27,21.55,10.49,16.91,0.73,0.5,11.0,8.55
1999-03-28,18.82,7.86,12.56,0.02,0.5,3.91,19.01
1999-03-29,20.15,6.24,12.89,0.0,0.5,5.9,20.3
1999-03-30,21.31,7.78,14.58,0.0,0.5,8.72,13.32
1999-03-31,20.16,8.49,13.58,0.0,0.5,3.63,18.02
1999-04-01,21.86,6.8,13.53,0.0,0.49,5.08,21.4
1999-04-02,23.76,7.39,14.78,0.0,0.49,7.36,20.64
1999-04-03,25.93,9.23,16.96,0.0,0.49,9.8,19.51
1999-04-04,25.99,11.78,18.27,3.86,0.49,11.54,13.07
1999-04-05,24.24,13.61,18.45,0.81,0.5,11.68,16.27
1999-04-06,22.34,9.52,14.98,0.01,0.49,6.37,19.2
1999-04-07,19.76,5.65,12.81,0.0,0.49,4.71,18.14
1999-04-08,22.03,7.73,14.31,0.0,0.49,5.71,19.36
1999-04-09,24.31,8.5,15.47,0.0,0.49,6.79,19.41
1999-04-10,26.62,11.17,18.04,0.0,0.49,9.81,15.66
1999-04-11,26.44,12.11,19.04,0.0,0.49,8.83,17.95
1999-04-12,27.43,12.11,19.77,0.0,0.49,6.58,19.14
1999-04-13,27.42,14.57,19.9,0.0,0.48,6.56,18.37
1999-04-14,23.28,11.03,16.5,0.0,0.48,8.07,18.51
1999-04-15,21.61,8.16,14.05,0.0,0.48,6.39,18.72
1999-04-16,20.73,8.16,13.72,0.0,0.48,6.95,18.39
1999-04-17,22.39,8.34,15.4,0.0,0.48,8.18,18.35
1999-04-18,24.49,10.45,17.49,0.0,0.48,5.93,18.11
1999-04-19,25.2,9.45,17.12,0.0,0.48,5.83,17.52
1999-04-20,21.03,8.86,14.49,0.05,0.48,8.29,10.15
1999-04-21,17.65,7.03,11.18,0.0,0.48,1.53,16.03
1999-04-22,18.18,4.37,10.31,0.0,0.48,0.76,16.94
1999-04-23,20.37,4.25,12.31,0.0,0.48,-1.26,16.88
1999-04-24,22.1,8.01,14.79,0.0,0.48,-4.68,16.35
1999-04-25,21.16,7.62,13.46,0.0,0.48,-5.43,14.87
1999-04-26,19.68,6.02,10.99,0.07,0.48,0.21,12.87
1999-04-27,16.39,4.21,9.71,0.0,0.48,2.98,13.67
1999-04-28,17.69,4.79,10.76,0.0,0.48,4.74,12.53
1999-04-29,18.97,6.49,11.73,0.0,0.48,4.69,14.96
1999-04-30,20.28,7.21,12.43,0.0,0.48,5.61,15.62
1999-05-01,18.55,6.2,11.08,0.0,0.48,4.81,14.92
1999-05-02,20.88,4.94,11.96,0.0,0.48,2.79,13.34
1999-05-03,23.79,6.22,14.1,0.0,0.48,-1.43,14.76
1999-05-04,24.71,10.13,16.13,0.0,0.48,3.9,14.72
1999-05-05,24.98,8.48,15.68,0.0,0.48,6.02,14.71
1999-05-06,24.83,8.63,15.95,0.0,0.48,5.18,14.7
1999-05-07,24.81,9.44,16.49,0.01,0.48,5.13,10.87
1999-05-08,19.57,9.02,13.99,0.24,0.48,6.47,13.61
1999-05-09,17.76,5.62,11.46,0.0,0.48,4.33,12.21
1999-05-10,18.96,6.44,12.4,0.01,0.48,3.46,13.83
1999-05-11,19.26,5.64,12.49,0.01,0.48,2.14,11.26
1999-05-12,19.16,11.06,14.18,0.11,0.48,7.21,9.77
1999-05-13,17.83,9.66,13.33,0.07,0.48,7.37,10.05
1999-05-14,17.93,9.19,13.05,0.07,0.48,7.25,11.74
1999-05-15,13.03,3.55,9.71,1.92,0.48,1.65,11.05
1999-05-16,14.68,2.07,7.41,0.01,0.48,-0.3,12.65
1999-05-17,15.78,1.22,7.62,0.04,0.48,-2.39,11.61
1999-05-18,21.64,5.38,12.35,1.42,0.48,-0.49,8.96
1999-05-19,23.07,9.99,15.12,0.0,0.48,4.99,12.28
1999-05-20,23.84,9.16,16.02,0.11,0.48,5.8,8.18
1999-05-21,22.84,13.71,16.98,2.83,0.49,10.89,12.15
1999-05-22,20.39,12.64,15.51,3.16,0.49,10.31,4.11
1999-05-23,17.52,9.87,14.43,5.23,0.5,11.31,6.7
1999-05-24,17.6,5.93,10.63,0.74,0.5,6.07,11.87
1999-05-25,15.99,5.51,10.54,1.63,0.5,7.77,8.05
1999-05-26,14.27,7.89,10.56,0.63,0.5,7.54,7.78
1999-05-27,15.27,4.07,9.13,0.0,0.5,3.42,11.51
1999-05-28,17.29,2.73,9.92,0.09,0.5,3.09,10.25
1999-05-29,13.58,8.56,10.87,29.15,0.53,7.98,2.36
1999-05-30,20.0,11.22,14.55,3.48,0.56,10.69,8.7
1999-05-31,15.58,9.2,11.7,0.43,0.55,7.84,8.33
1999-06-01,16.86,6.7,11.43,0.02,0.55,8.02,10.05
1999-06-02,17.1,7.51,11.53,0.0,0.55,8.14,8.51
1999-06-03,16.36,6.69,10.12,0.06,0.55,6.87,11.1
1999-06-04,19.66,5.51,11.8,0.0,0.55,7.38,10.91
1999-06-05,13.39,10.56,12.32,7.02,0.55,10.41,3.62
1999-06-06,17.89,6.72,11.29,0.0,0.56,7.57,11.14
1999-06-07,16.3,5.88,9.87,0.03,0.56,6.52,10.19
1999-06-08,16.62,4.23,9.07,0.02,0.55,6.26,9.12
1999-06-09,17.35,3.4,9.1,0.01,0.55,4.72,10.79
1999-06-10,13.76,3.95,8.28,0.08,0.55,4.15,9.53
1999-06-11,13.7,2.81,6.76,0.0,0.55,3.07,10.92
1999-06-12,11.59,2.19,5.76,0.36,0.55,2.66,3.91
1999-06-13,9.9,3.79,6.52,10.42,0.56,5.07,4.88
1999-06-14,10.22,3.33,6.81,0.37,0.57,3.81,8.7
1999-06-15,11.69,3.13,6.7,0.33,0.57,3.87,8.32
1999-06-16,12.15,2.72,7.12,0.18,0.57,5.4,7.53
1999-06-17,15.09,4.31,9.94,1.71,0.57,5.71,7.28
1999-06-18,14.96,7.53,10.63,2.91,0.57,7.5,7.37
1999-06-19,15.39,6.56,9.48,0.2,0.57,6.23,10.36
1999-06-20,18.03,5.3,10.52,0.01,0.57,6.02,10.22
1999-06-21,15.64,6.3,10.09,0.47,0.57,7.68,8.45
1999-06-22,15.11,5.9,9.47,0.01,0.57,6.78,9.86
1999-06-23,15.33,2.75,8.59,0.0,0.57,5.43,10.44
1999-06-24,15.87,3.49,9.47,0.0,0.57,5.04,10.34
1999-06-25,14.66,3.05,8.59,0.03,0.57,5.71,8.65
1999-06-26,16.19,4.82,8.87,0.0,0.57,4.95,8.92
1999-06-27,16.82,4.13,8.95,0.01,0.56,5.74,10.45
1999-06-28,17.39,2.95,9.21,0.01,0.56,4.25,9.46
1999-06-29,16.35,5.32,10.7,0.0,0.56,5.14,8.62
1999-06-30,14.73,6.01,10.78,12.35,0.58,8.14,3.46
1999-07-01,15.33,3.48,8.58,0.37,0.58,6.1,7.04
1999-07-02,13.78,4.61,8.1,0.05,0.58,5.04,6.84
1999-07-03,13.37,3.27,7.33,0.02,0.58,5.21,9.92
1999-07-04,14.68,1.61,6.77,0.0,0.58,3.41,10.98
1999-07-05,16.03,2.44,7.36,0.0,0.58,0.61,10.2
1999-07-06,13.68,2.09,7.31,0.0,0.58,2.28,8.21
1999-07-07,17.34,4.55,9.57,0.0,0.57,3.28,6.78
1999-07-08,14.52,7.44,10.62,0.16,0.57,4.97,5.38
1999-07-09,11.43,8.18,9.78,4.66,0.58,8.34,4.65
1999-07-10,17.76,5.38,11.45,0.03,0.58,8.18,5.92
1999-07-11,16.34,9.8,12.36,0.33,0.58,9.29,6.27
1999-07-12,14.32,7.99,10.7,1.44,0.58,8.95,6.45
1999-07-13,11.75,7.41,9.61,3.43,0.58,8.52,5.84
1999-07-14,17.48,5.23,10.31,0.01,0.58,6.57,11.26
1999-07-15,16.81,4.97,10.15,0.01,0.58,6.39,9.35
1999-07-16,16.42,7.64,10.75,0.06,0.58,7.05,9.82
1999-07-17,18.99,6.68,11.74,0.22,0.58,5.5,9.27
1999-07-18,15.62,7.42,11.09,4.93,0.58,6.38,10.07
1999-07-19,13.92,6.96,9.46,3.99,0.59,7.71,4.44
1999-07-20,13.15,5.87,8.69,2.38,0.59,6.21,10.13
1999-07-21,14.84,6.08,9.47,0.58,0.59,6.57,9.82
1999-07-22,14.34,6.8,9.3,0.12,0.59,6.7,9.03
1999-07-23,14.68,3.31,8.23,0.0,0.59,5.55,9.99
1999-07-24,12.54,3.1,7.4,0.0,0.59,5.63,7.99
1999-07-25,14.62,3.34,7.76,0.0,0.59,3.12,12.46
1999-07-26,16.02,1.73,7.4,0.0,0.59,2.38,12.29
1999-07-27,16.75,1.78,7.85,0.0,0.59,2.91,11.98
1999-07-28,16.67,1.67,7.96,0.0,0.58,1.62,12.56
1999-07-29,16.72,2.0,8.84,0.0,0.58,1.87,11.25
1999-07-30,14.77,4.86,9.29,0.81,0.58,4.8,6.98
1999-07-31,13.4,2.58,7.24,0.0,0.58,2.73,12.05
1999-08-01,13.52,1.49,6.59,0.0,0.58,2.93,12.78
1999-08-02,13.54,2.5,7.36,0.0,0.58,3.57,12.27
1999-08-03,15.2,1.92,7.78,0.0,0.58,2.96,12.81
1999-08-04,16.24,2.71,8.0,0.0,0.58,3.61,13.43
1999-08-05,15.6,3.38,8.27,0.0,0.57,5.46,12.74
1999-08-06,15.41,5.01,8.77,0.0,0.57,5.31,13.64
1999-08-07,13.83,3.62,8.95,1.51,0.57,4.62,5.89
1999-08-08,13.76,8.54,10.28,13.39,0.59,7.44,9.54
1999-08-09,15.52,7.29,10.59,0.98,0.6,7.29,10.74
1999-08-10,15.74,5.72,9.19,0.34,0.59,5.25,12.96
1999-08-11,17.77,4.09,10.16,0.07,0.59,3.53,13.45
1999-08-12,16.24,6.09,10.76,2.66,0.59,6.59,10.35
1999-08-13,12.28,4.69,8.51,2.54,0.59,4.74,14.17
1999-08-14,14.01,5.33,8.74,0.22,0.59,4.62,13.4
1999-08-15,15.0,4.49,8.66,0.01,0.59,5.15,10.74
1999-08-16,13.7,3.18,7.71,0.0,0.59,4.62,12.8
1999-08-17,15.51,5.8,9.09,0.0,0.59,3.99,13.65
1999-08-18,19.06,3.31,10.26,0.0,0.59,1.45,14.64
1999-08-19,17.86,4.83,10.84,0.24,0.58,5.43,7.74
1999-08-20,17.46,5.89,10.43,0.05,0.58,6.66,15.22
1999-08-21,14.64,4.67,8.26,0.0,0.58,4.12,15.21
1999-08-22,17.13,3.26,9.08,0.0,0.58,5.39,16.02
1999-08-23,19.13,5.54,11.48,0.0,0.58,7.3,15.76
1999-08-24,22.44,7.6,14.23,0.0,0.57,9.66,14.17
1999-08-25,18.9,10.11,14.45,5.72,0.58,9.97,5.5
1999-08-26,16.2,8.32,12.31,27.82,0.61,11.22,4.42
1999-08-27,15.91,7.42,11.07,0.38,0.63,7.27,13.54
1999-08-28,17.62,4.06,10.18,0.0,0.62,5.43,17.29
1999-08-29,21.32,6.71,12.75,0.01,0.62,8.92,17.55
1999-08-30,23.46,8.47,15.72,0.0,0.61,11.85,16.98
1999-08-31,24.74,10.75,16.72,0.01,0.61,11.71,15.91
1999-09-01,19.75,8.05,13.4,0.0,0.61,8.91,11.2
1999-09-02,23.73,7.3,15.01,0.18,0.6,9.9,16.4
1999-09-03,25.03,12.19,18.18,0.04,0.6,9.51,14.85
1999-09-04,19.07,7.92,13.69,8.04,0.6,7.88,6.69
1999-09-05,15.85,7.98,11.56,3.14,0.61,7.78,14.71
1999-09-06,15.17,6.37,9.58,0.56,0.61,5.58,13.23
1999-09-07,16.92,3.55,10.13,0.06,0.61,5.5,18.82
1999-09-08,17.88,4.28,11.02,0.0,0.6,4.3,18.72
1999-09-09,18.9,7.28,12.1,0.14,0.6,5.33,10.13
1999-09-10,17.06,4.89,10.28,0.05,0.6,4.98,18.92
1999-09-11,17.71,2.14,9.41,0.0,0.59,3.42,19.39
1999-09-12,19.12,2.78,10.56,0.0,0.59,4.43,14.32
1999-09-13,22.1,8.77,14.72,0.01,0.59,7.34,19.75
1999-09-14,23.18,7.08,14.72,0.0,0.59,6.57,15.54
1999-09-15,25.91,9.94,18.12,0.02,0.58,5.09,13.88
1999-09-16,19.74,8.65,14.05,0.43,0.58,4.59,18.96
1999-09-17,12.79,5.04,8.91,1.25,0.57,3.8,15.19
1999-09-18,16.35,4.33,9.19,0.09,0.57,3.35,15.8
1999-09-19,17.48,2.92,9.56,0.01,0.57,4.96,15.85
1999-09-20,18.43,5.0,10.62,0.0,0.57,4.9,20.62
1999-09-21,20.04,5.01,12.14,0.0,0.57,2.84,14.58
1999-09-22,21.69,5.67,13.2,0.0,0.56,5.59,21.7
1999-09-23,23.62,7.13,14.93,0.0,0.56,8.51,18.72
1999-09-24,26.06,10.64,17.38,0.0,0.56,9.86,21.61
1999-09-25,23.74,8.58,15.38,0.0,0.56,7.88,22.72
1999-09-26,23.9,7.22,14.77,0.0,0.55,8.28,22.85
1999-09-27,26.52,9.35,18.19,0.0,0.55,10.9,21.42
1999-09-28,27.89,13.67,20.62,0.01,0.55,11.94,23.26
1999-09-29,18.55,10.37,15.85,8.91,0.55,11.45,8.38
1999-09-30,20.6,7.46,13.03,0.07,0.56,6.13,21.86
1999-10-01,22.31,5.95,13.89,0.0,0.55,5.61,23.1
1999-10-02,24.64,7.34,15.7,0.0,0.55,6.19,20.88
1999-10-03,18.8,11.2,14.75,1.0,0.55,10.8,11.97
1999-10-04,24.41,6.73,15.27,0.0,0.55,7.67,23.94
1999-10-05,22.19,8.34,14.32,0.0,0.54,6.51,25.0
1999-10-06,24.71,5.22,14.9,0.0,0.54,5.04,24.91
1999-10-07,26.82,9.47,17.6,0.0,0.54,6.43,24.72
1999-10-08,29.96,12.33,20.56,0.0,0.53,8.41,23.41
1999-10-09,33.0,15.36,22.65,8.64,0.53,12.47,18.03
1999-10-10,24.95,13.7,18.97,15.17,0.56,15.15,15.96
1999-10-11,22.19,11.44,16.14,1.11,0.57,10.43,18.07
1999-10-12,23.67,8.71,16.43,0.0,0.56,8.55,25.03
1999-10-13,23.96,13.21,17.59,2.03,0.56,10.74,12.82
1999-10-14,28.38,13.24,20.55,0.01,0.56,13.03,24.47
1999-10-15,23.81,10.4,17.79,2.01,0.55,9.04,25.57
1999-10-16,24.26,6.9,15.31,0.0,0.55,5.54,27.1
1999-10-17,30.2,8.4,19.04,0.0,0.55,7.46,25.4
1999-10-18,22.34,8.64,14.7,0.02,0.54,6.02,14.42
1999-10-19,20.0,5.71,12.51,0.14,0.54,4.65,25.0
1999-10-20,21.78,7.43,13.96,0.02,0.54,6.56,27.14
1999-10-21,24.41,8.21,15.72,0.03,0.54,7.12,25.51
1999-10-22,18.09,6.26,11.83,0.01,0.53,2.53,22.93
1999-10-23,19.24,4.44,11.9,0.21,0.53,1.48,23.66
1999-10-24,23.6,8.59,15.91,1.44,0.53,6.17,21.65
1999-10-25,24.44,7.88,15.98,2.94,0.53,7.68,15.44
1999-10-26,21.27,9.05,14.69,0.74,0.53,6.01,26.94
1999-10-27,22.73,6.92,14.7,0.0,0.53,6.3,24.41
1999-10-28,24.77,8.64,16.64,0.0,0.53,8.25,27.47
1999-10-29,25.95,8.89,17.95,0.14,0.52,8.97,25.72
1999-10-30,23.61,12.49,17.81,4.12,0.53,11.64,13.58
1999-10-31,20.15,8.09,13.49,0.03,0.53,2.73,29.36
1999-11-01,22.66,5.61,14.16,0.0,0.52,3.58,27.57
1999-11-02,24.74,6.62,15.74,0.0,0.52,4.71,29.67
1999-11-03,26.42,11.42,18.79,0.0,0.52,6.4,28.18
1999-11-04,27.32,12.29,20.27,0.04,0.51,7.98,23.49
1999-11-05,18.63,14.82,16.75,19.99,0.52,12.64,13.21
1999-11-06,21.98,10.07,16.41,1.41,0.55,10.8,16.23
1999-11-07,22.26,6.38,13.87,1.75,0.54,6.24,22.19
1999-11-08,20.02,6.7,12.77,0.28,0.54,1.98,27.54
1999-11-09,16.81,4.97,11.74,0.49,0.54,5.12,24.62
1999-11-10,21.49,6.84,14.01,0.0,0.54,4.66,27.91
1999-11-11,22.92,6.32,14.62,0.0,0.53,4.81,30.84
1999-11-12,25.7,7.32,16.77,0.0,0.53,4.92,30.2
1999-11-13,27.29,10.71,18.4,0.0,0.53,4.53,31.95
1999-11-14,22.3,8.78,15.29,0.0,0.52,5.87,26.22
1999-11-15,21.18,7.7,14.06,0.0,0.52,4.32,21.14
1999-11-16,20.55,5.52,12.99,0.0,0.52,3.09,27.69
1999-11-17,22.84,4.93,14.06,0.0,0.52,3.57,31.99
1999-11-18,25.53,6.82,16.73,0.0,0.51,5.68,31.59
1999-11-19,28.73,10.89,20.2,0.0,0.51,6.77,30.02
1999-11-20,30.36,13.26,21.48,2.12,0.51,6.94,20.08
1999-11-21,23.65,14.41,18.67,28.64,0.55,12.66,26.11
1999-11-22,22.35,10.76,16.5,0.8,0.56,8.02,24.41
1999-11-23,22.52,7.35,15.15,0.0,0.55,6.29,24.74
1999-11-24,25.57,8.35,17.55,0.0,0.55,6.42,33.12
1999-11-25,26.51,10.18,19.34,0.0,0.54,7.94,21.84
1999-11-26,27.59,11.31,19.26,0.0,0.54,6.89,29.93
1999-11-27,29.84,8.16,19.89,0.0,0.53,8.86,26.03
1999-11-28,29.31,14.76,22.01,0.0,0.53,10.56,24.77
1999-11-29,30.62,13.61,22.69,0.0,0.53,8.57,20.67
1999-11-30,32.98,15.7,24.67,0.0,0.52,9.86,26.52
1999-12-01,35.13,17.32,26.81,0.0,0.52,12.17,27.29
1999-12-02,36.66,19.51,28.91,0.0,0.51,11.5,31.9
1999-12-03,26.33,14.22,21.43,7.04,0.52,9.58,25.17
1999-12-04,27.31,11.13,19.26,0.0,0.52,7.29,32.3
1999-12-05,28.68,11.08,19.77,0.0,0.51,6.8,32.15
1999-12-06,32.68,10.62,22.06,0.03,0.51,6.91,32.85
1999-12-07,35.71,13.89,26.04,0.0,0.5,7.54,28.23
1999-12-08,32.31,19.93,25.66,0.67,0.5,10.78,14.16
1999-12-09,25.99,12.1,20.2,0.05,0.5,9.85,25.54
1999-12-10,25.62,8.58,17.28,0.0,0.5,5.4,34.11
1999-12-11,22.71,10.24,16.39,0.01,0.49,5.26,25.62
1999-12-12,25.43,7.48,16.43,0.0,0.49,5.22,33.81
1999-12-13,28.7,9.55,19.31,0.0,0.49,7.28,33.78
1999-12-14,33.2,11.84,23.36,0.0,0.49,7.12,30.73
1999-12-15,37.99,18.27,29.05,0.23,0.48,5.98,30.7
1999-12-16,27.46,12.92,21.93,4.53,0.49,9.23,17.83
1999-12-17,24.68,9.75,16.89,0.01,0.49,2.65,33.28
1999-12-18,26.21,9.25,17.92,0.01,0.49,5.03,33.67
1999-12-19,25.07,10.43,17.3,0.01,0.49,3.32,33.99
1999-12-20,28.19,8.29,18.43,0.0,0.48,1.21,33.08
1999-12-21,30.58,11.2,21.38,0.01,0.48,3.15,22.87
1999-12-22,31.96,14.82,22.84,0.05,0.48,5.72,24.51
1999-12-23,30.69,15.87,23.8,1.36,0.48,8.9,24.15
1999-12-24,32.09,13.63,23.78,0.0,0.48,8.75,27.5
1999-12-25,31.76,20.01,25.03,1.53,0.48,12.22,19.05
1999-12-26,26.95,18.75,22.54,15.04,0.5,16.87,24.54
1999-12-27,28.05,17.36,22.38,11.7,0.52,15.53,19.64
1999-12-28,27.23,13.92,19.94,0.55,0.52,9.78,32.56
1999-12-29,25.0,10.09,17.31,0.08,0.52,7.78,34.19
1999-12-30,25.88,9.05,16.89,0.0,0.51,6.34,33.79
1999-12-31,23.45,9.68,15.31,0.0,0.51,4.61,31.83
2000-01-01,24.98,8.71,16.81,0.0,0.51,5.43,33.61
2000-01-02,29.79,10.16,20.67,0.0,0.5,8.29,33.65
2000-01-03,34.31,17.81,25.15,0.0,0.5,7.95,30.74
2000-01-04,24.3,11.11,16.9,0.01,0.5,4.93,33.39
2000-01-05,25.43,8.21,16.75,0.0,0.49,5.53,34.11
2000-01-06,26.77,9.62,18.2,0.0,0.49,6.51,33.9
2000-01-07,28.53,10.93,19.56,0.0,0.49,5.8,33.86
2000-01-08,32.15,11.94,23.43,0.0,0.49,7.33,32.81
2000-01-09,35.03,19.88,27.46,0.0,0.48,9.08,26.29
2000-01-10,35.32,20.32,28.06,1.1,0.48,9.87,26.44
2000-01-11,35.76,19.59,27.95,0.0,0.48,9.91,32.79
2000-01-12,34.19,17.98,26.15,0.0,0.48,7.55,33.29
2000-01-13,35.78,17.8,27.27,0.0,0.48,6.32,32.37
2000-01-14,36.72,20.74,28.62,0.0,0.48,4.59,32.25
2000-01-15,38.05,22.45,30.44,0.0,0.48,6.36,24.12
2000-01-16,38.04,23.11,30.56,0.0,0.48,9.45,26.67
2000-01-17,36.14,17.84,26.68,0.0,0.48,4.36,31.4
2000-01-18,42.26,22.8,32.05,0.51,0.47,7.81,27.33
2000-01-19,33.8,18.48,26.0,0.03,0.48,11.27,30.85
2000-01-20,29.82,16.12,22.08,0.02,0.47,8.78,29.63
2000-01-21,25.76,13.76,19.17,0.0,0.47,6.99,23.08
2000-01-22,24.96,12.03,17.68,0.0,0.47,4.27,27.34
2000-01-23,25.16,9.16,17.38,0.0,0.47,2.66,30.28
2000-01-24,25.02,11.8,18.26,0.2,0.47,2.66,18.5
2000-01-25,30.08,15.33,22.98,0.79,0.48,6.76,19.06
2000-01-26,30.53,17.17,23.92,2.65,0.48,10.79,27.95
2000-01-27,26.6,13.86,19.49,1.04,0.48,10.68,23.94
2000-01-28,28.08,11.94,19.17,0.0,0.48,5.64,30.65
2000-01-29,29.56,11.91,20.31,0.0,0.48,7.51,29.85
2000-01-30,30.29,11.92,21.32,0.0,0.48,7.93,29.29
2000-01-31,32.19,13.41,23.51,0.0,0.48,7.39,25.95
2000-02-01,37.25,16.59,27.67,0.0,0.48,5.56,30.64
2000-02-02,41.16,22.46,31.94,0.0,0.48,2.79,29.4
2000-02-03,43.32,25.03,34.23,0.0,0.47,10.43,29.65
2000-02-04,42.49,24.6,33.66,0.0,0.47,9.83,23.66
2000-02-05,34.77,17.17,28.7,0.0,0.47,5.93,26.26
2000-02-06,31.58,13.75,22.07,0.0,0.47,4.84,28.76
2000-02-07,34.14,13.32,23.99,0.0,0.47,6.22,29.4
2000-02-08,40.95,19.33,30.18,0.02,0.47,8.41,23.52
2000-02-09,40.93,21.1,31.5,0.01,0.47,9.0,28.54
2000-02-10,40.36,20.52,32.35,0.03,0.47,7.02,28.47
2000-02-11,28.05,18.23,22.22,1.38,0.47,9.54,14.07
2000-02-12,29.18,12.53,20.33,0.0,0.47,5.8,28.17
2000-02-13,31.09,11.25,21.05,0.0,0.47,4.45,28.53
2000-02-14,31.17,15.73,23.04,0.0,0.47,4.66,28.86
2000-02-15,32.68,15.15,24.05,0.0,0.47,5.4,28.38
2000-02-16,35.23,16.68,26.35,0.0,0.47,3.05,27.73
2000-02-17,37.35,19.37,28.69,0.0,0.47,4.57,25.91
2000-02-18,38.87,20.92,30.45,0.0,0.47,5.52,26.37
2000-02-19,38.77,24.6,31.8,0.0,0.47,8.12,24.12
2000-02-20,29.82,21.17,26.18,12.03,0.48,15.12,6.11
2000-02-21,30.78,20.24,23.23,7.86,0.5,15.52,6.52
2000-02-22,27.83,17.96,22.51,17.78,0.53,16.85,16.94
2000-02-23,31.01,19.37,25.06,2.35,0.53,18.42,24.73
2000-02-24,32.8,20.11,26.6,0.27,0.53,18.58,26.07
2000-02-25,33.93,22.12,27.96,1.66,0.52,19.5,19.32
2000-02-26,33.07,19.46,26.66,3.09,0.52,17.51,26.89
2000-02-27,30.14,13.3,20.96,0.0,0.52,7.83,25.02
2000-02-28,30.79,13.25,21.16,0.0,0.52,8.35,24.87
2000-02-29,32.81,15.73,23.56,0.0,0.51,12.04,16.98
2000-03-01,35.53,17.67,26.28,0.0,0.51,13.31,26.31
2000-03-02,38.19,20.52,29.12,0.0,0.51,14.31,26.72
2000-03-03,30.7,16.89,24.49,0.15,0.5,16.82,21.05
2000-03-04,27.54,11.84,19.07,0.03,0.5,7.12,25.47
2000-03-05,27.25,11.57,19.04,0.04,0.5,9.48,24.86
2000-03-06,24.38,14.53,18.52,0.0,0.49,9.18,24.51
2000-03-07,29.69,14.67,21.33,0.31,0.49,11.99,24.77
2000-03-08,27.29,14.06,20.25,0.09,0.49,10.7,23.53
2000-03-09,28.75,14.7,21.78,0.0,0.49,10.23,18.22
2000-03-10,30.89,16.87,24.01,0.01,0.49,11.86,22.17
2000-03-11,32.16,17.89,25.51,0.0,0.49,14.8,20.6
2000-03-12,34.33,19.33,26.96,0.0,0.48,12.93,21.79
2000-03-13,35.66,19.46,27.18,0.0,0.48,13.37,20.78
2000-03-14,26.99,13.23,19.73,0.0,0.48,6.5,22.81
2000-03-15,25.15,11.65,18.39,0.0,0.48,7.43,22.84
2000-03-16,29.27,12.41,21.05,0.01,0.48,8.62,19.37
2000-03-17,36.88,17.43,27.61,0.0,0.48,10.43,23.43
2000-03-18,31.28,20.18,25.74,0.27,0.48,11.52,13.2
2000-03-19,30.12,16.99,22.76,2.19,0.48,12.7,10.77
2000-03-20,26.34,12.83,19.01,0.03,0.48,7.69,13.13
2000-03-21,26.91,11.32,18.82,0.0,0.48,6.96,21.73
2000-03-22,28.35,16.57,21.74,0.97,0.48,11.97,20.7
2000-03-23,22.76,11.28,16.07,0.65,0.48,3.22,20.71
2000-03-24,24.77,8.52,15.8,0.0,0.48,3.38,21.15
2000-03-25,28.56,9.2,19.15,0.0,0.48,7.92,17.32
2000-03-26,30.43,14.51,22.43,0.0,0.48,9.87,17.36
2000-03-27,28.98,18.03,22.67,0.06,0.48,8.82,14.94
2000-03-28,21.96,13.88,18.46,5.95,0.49,10.82,7.74
2000-03-29,23.92,10.4,16.79,0.01,0.49,9.05,18.86
2000-03-30,21.68,11.98,16.65,0.02,0.49,10.29,13.97
2000-03-31,24.93,11.23,17.39,0.0,0.49,11.24,13.2
2000-04-01,21.94,11.79,16.6,0.0,0.49,10.6,16.53
2000-04-02,27.13,8.87,18.09,0.0,0.48,7.44,17.18
2000-04-03,25.2,14.02,19.0,0.0,0.48,6.61,19.67
2000-04-04,28.57,12.79,19.85,3.9,0.48,8.57,12.62
2000-04-05,22.25,11.57,16.05,0.21,0.49,8.72,16.6
2000-04-06,23.5,8.02,15.0,0.0,0.49,6.16,19.47
2000-04-07,24.23,8.16,15.3,0.0,0.49,6.18,19.32
2000-04-08,27.1,8.74,17.65,0.0,0.48,7.59,19.19
2000-04-09,28.09,15.35,21.04,0.04,0.48,9.68,16.5
2000-04-10,28.74,13.58,20.48,0.0,0.48,6.94,18.34
2000-04-11,29.15,14.29,20.75,0.02,0.48,7.35,15.62
2000-04-12,22.1,15.76,18.74,3.84,0.48,11.41,6.19
2000-04-13,22.63,14.68,18.3,2.86,0.49,14.69,9.61
2000-04-14,24.73,12.97,18.72,26.15,0.54,13.78,13.05
2000-04-15,23.15,10.46,16.44,0.0,0.54,9.82,15.88
2000-04-16,21.49,11.96,16.11,1.05,0.53,9.78,14.37
2000-04-17,20.25,8.81,14.17,0.04,0.53,9.18,15.53
2000-04-18,20.32,9.81,14.69,0.0,0.53,8.14,15.07
2000-04-19,21.33,8.69,15.02,0.01,0.53,7.55,15.87
2000-04-20,18.5,9.46,14.11,0.0,0.53,7.74,15.57
2000-04-21,18.79,7.42,12.05,0.01,0.53,6.08,12.92
2000-04-22,18.25,4.99,10.7,0.0,0.52,4.35,16.88
2000-04-23,19.72,4.97,11.94,0.0,0.52,6.5,16.01
2000-04-24,19.23,7.38,12.09,0.0,0.52,6.13,16.02
2000-04-25,20.45,5.34,11.63,0.0,0.52,4.65,15.93
2000-04-26,22.48,6.26,13.46,0.0,0.52,6.65,15.85
2000-04-27,24.56,8.45,15.72,0.0,0.52,9.5,15.57
2000-04-28,25.35,11.05,17.48,0.0,0.52,10.6,15.47
2000-04-29,26.95,14.2,19.95,0.01,0.51,10.66,14.94
2000-04-30,18.84,9.24,15.11,8.34,0.52,8.54,8.92
2000-05-01,20.54,7.02,13.37,0.0,0.53,6.36,14.77
2000-05-02,21.91,7.72,13.91,0.0,0.52,5.86,14.3
2000-05-03,17.75,9.32,12.77,5.69,0.52,9.31,7.1
2000-05-04,20.98,10.85,15.29,11.57,0.55,10.97,12.34
2000-05-05,18.32,9.34,13.51,4.1,0.55,10.76,7.9
2000-05-06,17.24,7.57,11.51,0.11,0.55,7.54,9.9
2000-05-07,18.27,6.94,12.17,0.03,0.55,8.91,11.64
2000-05-08,19.75,8.79,13.27,0.0,0.55,7.73,12.6
2000-05-09,20.26,6.47,13.4,0.0,0.55,7.42,14.21
2000-05-10,21.1,9.19,13.75,0.0,0.55,7.09,13.5
2000-05-11,20.62,7.56,12.75,0.0,0.55,6.45,12.41
2000-05-12,21.91,6.65,13.87,1.17,0.54,6.37,13.5
2000-05-13,17.65,10.35,13.89,1.88,0.55,8.67,11.67
2000-05-14,15.7,8.92,11.68,0.39,0.55,7.26,10.39
2000-05-15,16.28,8.32,11.75,0.2,0.55,9.13,10.37
2000-05-16,17.01,8.47,12.04,0.08,0.55,8.59,10.56
2000-05-17,16.54,7.21,11.06,0.21,0.54,4.7,10.6
2000-05-18,16.2,2.84,9.26,0.0,0.54,3.09,12.54
2000-05-19,17.14,5.77,10.45,0.01,0.54,4.82,9.98
2000-05-20,18.24,6.69,11.7,0.58,0.54,8.54,9.34
2000-05-21,15.31,3.22,8.5,0.0,0.54,4.25,12.22
2000-05-22,15.18,4.97,8.84,0.03,0.54,4.39,11.83
2000-05-23,16.13,2.39,8.71,0.0,0.54,3.25,10.78
2000-05-24,19.22,5.24,10.34,0.04,0.54,4.61,11.39
2000-05-25,15.87,6.34,10.39,0.63,0.54,8.29,7.51
2000-05-26,15.97,6.18,10.13,3.46,0.54,5.6,5.94
2000-05-27,7.92,3.65,5.17,3.26,0.55,2.96,8.74
2000-05-28,10.31,4.16,6.75,2.55,0.55,2.92,7.73
2000-05-29,14.1,4.51,8.17,0.82,0.55,5.19,9.33
2000-05-30,12.69,3.53,7.38,0.07,0.55,4.04,8.48
2000-05-31,14.63,5.46,8.94,0.08,0.55,6.59,7.58
2000-06-01,15.11,7.13,10.34,0.03,0.55,6.8,7.68
2000-06-02,15.06,5.15,8.88,0.0,0.55,5.92,6.53
2000-06-03,13.43,4.8,8.91,0.45,0.55,6.95,10.01
2000-06-04,11.39,4.86,7.89,2.41,0.55,5.53,6.89
2000-06-05,11.45,4.34,7.38,0.1,0.55,4.12,9.7
2000-06-06,14.75,6.56,9.44,0.15,0.55,7.2,7.61
2000-06-07,13.42,5.76,8.7,0.06,0.55,5.91,5.98
2000-06-08,14.62,5.95,9.79,0.2,0.55,5.6,6.46
2000-06-09,15.43,6.54,10.52,0.15,0.55,6.86,8.98
2000-06-10,15.92,3.41,8.71,0.0,0.55,6.01,8.55
2000-06-11,15.46,4.27,8.31,0.0,0.55,5.28,10.3
2000-06-12,15.49,3.74,8.18,0.0,0.55,5.17,10.7
2000-06-13,14.6,2.02,7.14,0.01,0.55,3.25,10.95
2000-06-14,15.12,0.07,6.52,0.02,0.54,2.56,10.4
2000-06-15,15.91,2.03,8.15,0.0,0.54,4.28,8.74
2000-06-16,13.59,6.28,10.19,0.25,0.54,5.67,3.8
2000-06-17,15.95,3.52,8.89,0.1,0.54,6.06,10.04
2000-06-18,16.25,4.47,9.22,0.01,0.54,6.47,9.87
2000-06-19,17.33,4.42,9.49,0.02,0.54,5.49,9.73
2000-06-20,16.07,6.88,10.35,1.91,0.54,8.47,4.91
2000-06-21,16.84,6.65,10.43,1.62,0.54,6.28,5.83
2000-06-22,12.01,6.11,8.78,7.88,0.55,7.42,5.87
2000-06-23,14.92,5.67,8.38,0.23,0.56,5.52,9.69
2000-06-24,15.78,5.38,9.63,0.0,0.56,5.15,9.45
2000-06-25,16.72,3.61,8.53,0.0,0.56,3.62,9.05
2000-06-26,12.56,4.55,8.13,0.04,0.55,3.88,3.96
2000-06-27,11.46,5.78,8.55,0.78,0.55,6.56,6.44
2000-06-28,11.98,5.19,7.88,2.28,0.56,4.92,6.76
2000-06-29,11.08,4.65,6.93,0.53,0.56,5.07,7.41
2000-06-30,14.16,4.65,8.93,0.01,0.56,5.93,7.59
2000-07-01,14.74,6.5,9.34,0.0,0.56,6.92,7.28
2000-07-02,14.47,5.17,8.49,0.0,0.56,5.5,10.32
2000-07-03,12.83,3.74,7.86,0.21,0.55,5.6,5.9
2000-07-04,14.16,7.68,10.03,0.84,0.56,8.22,6.46
2000-07-05,16.76,7.05,10.91,0.23,0.56,7.93,8.27
2000-07-06,14.89,7.14,10.47,1.91,0.56,8.04,8.32
2000-07-07,13.04,6.79,9.89,0.81,0.56,6.86,7.69
2000-07-08,14.37,5.38,9.42,3.35,0.56,6.34,7.8
2000-07-09,11.95,5.97,8.7,2.19,0.57,6.15,8.4
2000-07-10,13.84,5.04,8.63,0.03,0.57,4.86,8.97
2000-07-11,14.05,3.97,7.38,0.0,0.56,3.63,9.91
2000-07-12,12.33,2.65,6.57,1.11,0.56,3.78,6.22
2000-07-13,13.84,5.75,9.0,1.34,0.57,5.94,7.9
2000-07-14,13.1,4.43,8.67,3.39,0.57,5.13,7.47
2000-07-15,16.48,5.33,9.71,0.25,0.57,6.23,11.73
2000-07-16,16.16,3.13,8.28,0.38,0.57,3.54,11.59
2000-07-17,14.11,2.03,6.81,0.0,0.57,2.85,11.6
2000-07-18,13.92,1.59,7.82,2.31,0.57,1.92,6.54
2000-07-19,11.33,5.46,8.65,14.85,0.59,5.56,9.33
2000-07-20,14.99,3.4,8.76,1.28,0.59,3.58,12.15
2000-07-21,12.92,6.41,9.58,3.24,0.6,4.64,10.22
2000-07-22,16.38,5.83,9.94,0.07,0.6,5.46,10.09
2000-07-23,18.85,5.94,12.21,0.01,0.59,4.26,10.65
2000-07-24,14.8,6.7,11.23,4.57,0.59,7.34,10.2
2000-07-25,15.16,5.52,8.74,2.12,0.6,5.94,7.79
2000-07-26,9.1,3.31,5.98,0.86,0.6,3.43,10.03
2000-07-27,11.88,3.1,6.49,0.24,0.6,4.28,9.83
2000-07-28,13.9,4.78,9.07,0.04,0.6,5.14,10.39
2000-07-29,12.93,2.69,8.16,0.0,0.59,4.2,6.86
2000-07-30,14.25,4.69,8.62,0.0,0.59,3.43,10.44
2000-07-31,14.26,2.57,7.84,0.0,0.59,2.99,10.15
2000-08-01,15.04,3.16,8.22,0.0,0.59,1.83,13.47
2000-08-02,18.81,2.2,9.02,0.0,0.59,2.55,13.72
2000-08-03,19.55,3.64,10.07,0.0,0.59,3.24,13.63
2000-08-04,18.48,3.73,9.77,0.0,0.59,4.44,13.55
2000-08-05,18.55,4.25,10.56,0.0,0.58,5.59,13.51
2000-08-06,19.19,6.31,11.72,0.0,0.58,6.76,13.78
2000-08-07,19.17,7.32,12.97,0.37,0.58,7.25,5.73
2000-08-08,20.15,7.92,12.96,1.51,0.58,9.03,9.94
2000-08-09,13.03,6.37,9.39,0.69,0.58,6.15,10.12
2000-08-10,14.46,5.48,8.59,0.01,0.58,3.73,12.43
2000-08-11,14.38,3.47,8.24,0.0,0.58,4.37,9.54
2000-08-12,13.51,4.94,8.46,0.0,0.58,4.84,7.02
2000-08-13,13.72,4.0,8.39,0.09,0.57,4.45,11.21
2000-08-14,13.67,2.73,7.95,0.19,0.57,4.93,10.98
2000-08-15,10.72,2.59,7.69,4.35,0.58,4.75,9.55
2000-08-16,13.63,1.71,6.54,0.01,0.58,2.06,15.58
2000-08-17,14.74,0.93,7.16,0.0,0.58,1.83,14.21
2000-08-18,13.94,4.03,7.97,0.0,0.58,2.39,8.2
2000-08-19,16.81,2.23,8.48,0.0,0.57,3.74,11.29
2000-08-20,15.67,3.82,9.01,0.08,0.57,5.55,11.61
2000-08-21,17.14,4.58,10.52,1.59,0.57,5.15,14.54
2000-08-22,13.19,6.63,9.17,4.38,0.58,5.83,11.68
2000-08-23,9.95,4.27,6.53,2.63,0.58,5.28,9.09
2000-08-24,14.96,3.46,8.07,0.56,0.58,4.12,13.17
2000-08-25,16.17,3.89,9.24,0.04,0.58,5.29,12.42
2000-08-26,14.35,4.59,8.81,3.41,0.58,6.63,13.11
2000-08-27,15.5,3.67,9.07,0.25,0.58,5.52,10.09
2000-08-28,14.17,5.06,8.74,1.09,0.58,5.49,11.8
2000-08-29,13.49,4.11,7.69,1.58,0.58,4.75,13.52
2000-08-30,18.22,2.41,9.89,0.42,0.58,4.87,13.81
2000-08-31,16.36,4.67,9.95,0.07,0.58,5.03,14.13
2000-09-01,13.89,3.83,9.03,4.83,0.58,5.47,10.49
2000-09-02,16.78,5.94,11.37,0.39,0.59,6.13,15.83
2000-09-03,16.39,5.76,10.32,0.15,0.58,2.95,16.16
2000-09-04,19.1,4.13,11.77,0.23,0.58,4.87,15.1
2000-09-05,14.16,4.13,9.24,0.42,0.58,3.77,13.21
2000-09-06,15.53,3.07,8.84,0.06,0.58,3.92,10.08
2000-09-07,13.1,6.24,9.31,20.01,0.59,7.15,8.59
2000-09-08,17.19,7.08,12.21,7.48,0.62,9.19,11.81
2000-09-09,15.4,5.56,10.39,1.66,0.62,6.9,13.95
2000-09-10,16.44,6.05,10.78,0.79,0.61,8.23,11.89
2000-09-11,14.47,6.01,10.73,2.73,0.61,5.69,16.34
2000-09-12,16.24,4.72,10.57,0.09,0.61,6.72,14.65
2000-09-13,20.14,4.75,12.36,0.0,0.61,6.67,19.73
2000-09-14,19.72,6.7,11.87,0.01,0.6,6.68,18.55
2000-09-15,19.78,4.73,12.15,0.0,0.6,6.0,20.01
2000-09-16,25.59,6.27,15.16,0.0,0.6,7.53,20.07
2000-09-17,18.82,8.33,13.11,0.03,0.59,8.47,19.77
2000-09-18,19.34,9.21,13.15,0.15,0.59,8.26,13.97
2000-09-19,20.86,5.43,12.82,0.01,0.59,7.78,20.97
2000-09-20,21.45,3.45,12.42,0.0,0.58,5.39,19.07
2000-09-21,20.18,7.25,13.31,0.0,0.58,7.98,21.12
2000-09-22,20.71,5.97,12.7,0.0,0.58,8.3,21.14
2000-09-23,23.13,7.28,14.77,0.01,0.58,9.3,21.24
2000-09-24,22.55,11.56,15.97,0.69,0.57,12.58,10.9
2000-09-25,24.65,12.48,16.62,1.38,0.57,12.94,13.64
2000-09-26,18.19,9.85,14.07,0.42,0.57,11.49,12.58
2000-09-27,22.1,10.93,16.14,1.33,0.57,12.97,12.07
2000-09-28,23.55,9.27,16.03,0.22,0.57,9.59,20.45
2000-09-29,20.21,7.83,15.26,0.53,0.57,7.12,21.93
2000-09-30,20.48,5.62,12.0,1.0,0.57,5.9,18.81
2000-10-01,15.77,6.39,10.37,0.03,0.56,2.72,20.97
2000-10-02,18.51,5.07,11.44,0.01,0.56,6.22,16.13
2000-10-03,20.16,6.15,12.22,0.03,0.56,7.39,20.94
2000-10-04,24.73,6.06,15.13,0.0,0.56,6.1,23.53
2000-10-05,29.77,8.66,18.87,0.0,0.55,3.91,23.79
2000-10-06,23.3,11.82,17.77,0.0,0.55,10.46,23.81
2000-10-07,19.07,10.22,15.42,3.02,0.55,10.62,10.87
2000-10-08,19.64,6.39,12.2,0.0,0.55,4.61,22.75
2000-10-09,19.38,4.01,11.55,0.0,0.55,2.21,24.74
2000-10-10,19.41,5.54,11.86,0.05,0.54,5.17,22.09
2000-10-11,20.87,2.99,11.93,0.0,0.54,1.75,24.93
2000-10-12,26.06,5.82,15.89,0.14,0.54,1.66,18.73
2000-10-13,19.71,7.34,14.36,0.11,0.54,5.12,21.37
2000-10-14,15.73,5.18,10.88,2.45,0.53,6.36,20.81
2000-10-15,18.01,7.35,12.24,0.29,0.54,5.77,17.86
2000-10-16,19.07,3.59,11.3,0.0,0.53,2.77,26.69
2000-10-17,23.99,4.48,14.85,0.15,0.53,3.59,24.63
2000-10-18,26.92,11.9,17.89,6.17,0.53,10.04,10.62
2000-10-19,22.33,8.39,13.7,3.94,0.54,8.57,14.32
2000-10-20,22.83,7.51,14.49,0.14,0.54,8.26,27.16
2000-10-21,27.17,7.68,17.56,0.0,0.54,8.64,27.62
2000-10-22,25.4,13.11,18.59,0.36,0.53,11.51,18.91
2000-10-23,18.94,14.61,16.27,36.35,0.56,14.83,11.56
2000-10-24,20.3,12.08,15.82,1.73,0.6,12.44,22.5
2000-10-25,21.65,9.33,14.82,0.04,0.59,8.89,23.0
2000-10-26,21.02,7.43,13.62,0.01,0.59,7.15,27.44
2000-10-27,18.98,6.64,12.65,0.13,0.58,4.53,24.8
2000-10-28,19.43,4.06,11.52,0.01,0.58,3.47,29.87
2000-10-29,20.54,4.09,12.52,0.0,0.57,5.12,29.93
2000-10-30,22.88,5.83,14.49,0.0,0.57,5.81,29.36
2000-10-31,24.39,11.82,18.31,5.12,0.57,11.75,19.85
2000-11-01,24.45,13.35,18.34,21.06,0.59,14.2,17.87
2000-11-02,22.92,9.86,16.29,0.22,0.6,11.02,19.43
2000-11-03,23.32,8.31,16.32,0.0,0.6,9.81,22.45
2000-11-04,22.38,11.26,16.2,0.0,0.59,9.14,27.42
2000-11-05,21.51,8.06,14.85,0.0,0.59,7.67,26.17
2000-11-06,22.89,6.9,14.92,0.0,0.58,7.54,30.2
2000-11-07,25.82,8.96,17.66,0.0,0.58,8.12,29.91
2000-11-08,24.73,10.57,17.47,0.11,0.57,6.83,15.19
2000-11-09,28.08,12.56,20.33,0.93,0.57,9.98,23.3
2000-11-10,25.79,15.29,20.13,10.08,0.57,15.53,19.94
2000-11-11,24.63,15.61,19.72,13.62,0.59,15.46,19.53
2000-11-12,25.64,13.25,19.15,0.43,0.6,13.5,21.74
2000-11-13,26.55,12.93,19.54,0.2,0.59,12.92,27.7
2000-11-14,28.2,13.41,21.01,0.84,0.58,12.94,27.52
2000-11-15,25.56,14.54,20.28,0.24,0.58,13.58,22.27
2000-11-16,26.29,14.79,20.74,4.45,0.58,15.25,22.15
2000-11-17,29.33,16.29,22.6,1.52,0.58,16.13,27.82
2000-11-18,32.22,16.6,24.27,0.16,0.57,16.09,29.6
2000-11-19,31.51,17.43,24.52,0.08,0.57,16.6,31.34
2000-11-20,28.31,15.69,21.97,0.12,0.56,14.74,26.86
2000-11-21,28.11,12.6,19.59,0.0,0.56,9.7,31.77
2000-11-22,29.08,10.1,19.69,0.0,0.55,9.78,31.92
2000-11-23,29.68,12.02,20.7,0.0,0.55,10.42,32.66
2000-11-24,29.92,11.2,20.15,0.0,0.54,8.64,31.96
2000-11-25,33.45,10.64,22.48,0.0,0.54,8.07,31.77
2000-11-26,36.5,19.38,27.15,0.0,0.53,9.98,29.7
2000-11-27,36.37,15.55,25.99,0.0,0.53,12.47,32.22
2000-11-28,39.45,19.65,27.95,0.0,0.52,12.15,19.47
2000-11-29,31.07,16.3,22.65,0.03,0.52,9.51,30.24
2000-11-30,28.17,12.39,20.3,0.01,0.51,7.82,26.64
2000-12-01,25.25,10.25,17.6,0.0,0.51,4.42,33.8
2000-12-02,29.1,10.16,20.15,0.0,0.51,5.59,33.44
2000-12-03,33.05,14.43,23.39,0.0,0.51,6.97,24.67
2000-12-04,36.47,14.14,25.93,0.0,0.5,8.37,33.62
2000-12-05,35.0,15.73,25.05,0.0,0.5,7.29,30.64
2000-12-06,27.92,10.17,18.71,0.0,0.5,4.21,32.85
2000-12-07,30.17,13.26,21.57,0.0,0.49,6.07,30.68
2000-12-08,28.41,11.82,19.98,0.0,0.49,4.91,33.52
2000-12-09,31.12,10.58,20.88,0.0,0.49,4.5,32.93
2000-12-10,36.8,13.78,25.64,0.02,0.49,5.31,30.67
2000-12-11,37.45,18.26,28.14,0.02,0.48,9.28,32.55
2000-12-12,32.39,15.57,24.02,0.0,0.48,7.96,31.59
2000-12-13,29.51,14.07,21.69,0.0,0.48,6.82,33.12
2000-12-14,30.37,12.71,21.52,0.0,0.48,3.7,33.69
2000-12-15,32.9,11.98,22.71,0.0,0.48,2.82,33.83
2000-12-16,35.19,12.96,24.97,0.0,0.48,2.03,33.35
2000-12-17,40.2,17.19,29.13,0.0,0.48,2.28,29.38
2000-12-18,35.11,20.44,26.96,0.09,0.48,4.97,29.12
2000-12-19,38.54,15.91,28.06,0.03,0.48,4.94,33.54
2000-12-20,39.64,17.15,28.85,0.0,0.48,5.59,33.09
2000-12-21,38.1,20.13,28.84,2.96,0.47,10.66,17.48
2000-12-22,28.0,14.02,23.19,16.38,0.5,13.37,14.0
2000-12-23,27.98,11.1,19.61,0.0,0.51,7.53,32.91
2000-12-24,28.72,14.02,20.68,0.0,0.5,9.39,26.54
2000-12-25,27.11,10.52,18.9,0.0,0.5,7.34,33.48
2000-12-26,25.99,11.16,18.86,0.0,0.5,8.8,33.09
2000-12-27,22.85,10.18,16.08,0.0,0.49,3.85,26.17
2000-12-28,24.34,7.95,15.95,0.0,0.49,2.59,33.83
2000-12-29,27.6,7.95,18.05,0.0,0.49,5.18,33.91
2000-12-30,30.78,10.77,20.13,0.0,0.49,3.76,31.96
2000-12-31,32.98,11.1,22.75,0.0,0.48,5.91,22.29
2001-01-01,38.03,18.6,29.01,0.12,0.48,7.36,30.24
2001-01-02,39.67,22.5,30.95,2.86,0.48,12.13,20.19
2001-01-03,37.58,22.22,29.14,0.0,0.48,8.41,31.78
2001-01-04,40.52,19.41,29.62,2.39,0.48,10.88,25.03
2001-01-05,33.71,20.14,26.61,1.42,0.48,13.3,31.46
2001-01-06,34.38,15.7,24.96,0.0,0.48,11.78,32.85
2001-01-07,34.55,18.3,25.27,0.0,0.48,13.26,29.36
2001-01-08,35.27,16.59,25.8,0.0,0.48,10.72,30.93
2001-01-09,36.41,17.7,27.42,0.0,0.48,9.49,31.08
2001-01-10,38.53,20.42,29.75,0.0,0.48,5.45,32.06
2001-01-11,42.54,22.84,32.7,0.0,0.48,5.16,30.68
2001-01-12,35.4,18.86,27.06,0.0,0.48,7.5,27.01
2001-01-13,39.83,17.74,29.33,0.0,0.47,7.27,31.51
2001-01-14,46.12,26.59,36.25,0.0,0.47,5.96,28.42
2001-01-15,33.12,16.73,27.8,0.0,0.47,9.17,23.29
2001-01-16,25.53,13.81,19.83,0.0,0.47,1.49,24.66
2001-01-17,31.93,13.54,22.65,0.0,0.47,4.0,31.75
2001-01-18,33.71,14.51,23.94,0.0,0.47,8.84,30.24
2001-01-19,35.5,16.88,26.87,0.0,0.47,10.95,30.6
2001-01-20,40.9,22.47,31.88,0.0,0.47,5.18,29.34
2001-01-21,39.69,20.46,29.98,0.0,0.47,12.28,15.03
2001-01-22,41.3,25.4,33.52,0.0,0.47,10.13,19.04
2001-01-23,44.2,24.37,34.62,0.02,0.47,10.79,17.64
2001-01-24,41.61,27.49,34.21,8.13,0.48,14.24,19.62
2001-01-25,36.29,25.21,30.54,3.65,0.49,20.64,23.74
2001-01-26,32.3,18.64,27.3,3.49,0.49,16.75,18.89
2001-01-27,30.33,14.29,21.95,0.0,0.49,8.89,31.72
2001-01-28,28.92,11.77,20.54,0.0,0.49,4.8,31.71
2001-01-29,31.36,12.87,22.63,0.0,0.48,6.12,31.07
2001-01-30,30.11,14.5,21.77,0.0,0.48,6.81,31.21
2001-01-31,31.61,12.16,21.92,0.0,0.48,5.49,30.4
2001-02-01,36.15,16.93,27.31,0.0,0.48,9.72,30.66
2001-02-02,36.42,22.74,29.64,0.0,0.48,11.14,30.51
2001-02-03,40.4,26.0,32.94,0.03,0.48,14.77,26.03
2001-02-04,35.16,23.3,29.93,4.53,0.48,18.26,19.76
2001-02-05,29.28,18.18,22.75,0.14,0.48,11.36,16.82
2001-02-06,34.22,18.39,26.65,0.01,0.48,15.93,26.98
2001-02-07,38.23,23.37,30.86,0.08,0.48,17.79,27.57
2001-02-08,40.43,26.06,33.42,3.73,0.48,17.82,19.03
2001-02-09,35.71,22.12,28.97,0.06,0.48,12.66,12.75
2001-02-10,32.18,15.87,23.05,0.0,0.48,7.96,20.84
2001-02-11,33.71,14.79,24.6,0.0,0.48,6.59,29.66
2001-02-12,36.62,18.85,27.26,0.88,0.48,10.11,14.1
2001-02-13,28.62,17.93,22.37,1.58,0.48,10.3,20.66
2001-02-14,26.25,15.14,20.0,0.98,0.48,7.99,16.21
2001-02-15,27.32,11.61,19.18,0.08,0.48,5.76,28.78
2001-02-16,29.65,12.13,20.32,0.0,0.48,6.03,29.32
2001-02-17,33.48,12.6,23.13,0.0,0.48,7.12,29.32
2001-02-18,34.49,16.97,25.32,0.0,0.48,5.83,26.9
2001-02-19,38.26,17.88,28.02,0.0,0.48,2.74,27.79
2001-02-20,37.93,19.46,28.47,0.0,0.48,3.24,27.72
2001-02-21,36.95,18.27,27.22,0.0,0.48,4.63,26.45
2001-02-22,34.84,16.79,25.24,0.0,0.47,8.35,27.82
2001-02-23,32.11,15.94,24.61,0.0,0.47,6.72,23.64
2001-02-24,32.04,16.79,24.29,0.0,0.47,7.6,23.87
2001-02-25,30.22,17.45,24.11,0.01,0.47,10.55,15.17
2001-02-26,36.02,20.83,27.97,0.1,0.47,9.98,21.69
2001-02-27,33.0,17.77,24.72,0.0,0.47,8.94,24.83
2001-02-28,30.33,13.73,21.37,0.0,0.47,7.45,26.92
2001-03-01,31.5,12.39,21.69,0.0,0.47,1.46,27.12
2001-03-02,31.55,12.83,21.94,0.0,0.47,3.73,27.12
2001-03-03,32.41,12.98,22.63,0.0,0.47,5.56,26.64
2001-03-04,34.17,14.79,24.01,0.0,0.47,10.08,26.31
2001-03-05,34.53,16.45,25.14,0.0,0.47,9.61,24.31
2001-03-06,33.32,18.39,25.39,0.0,0.47,5.15,25.55
2001-03-07,34.86,18.38,26.96,0.0,0.47,4.47,25.05
2001-03-08,35.96,19.65,27.83,0.0,0.47,4.39,24.89
2001-03-09,34.33,19.86,26.87,0.0,0.47,7.77,24.48
2001-03-10,36.88,20.35,27.02,0.04,0.47,9.93,17.33
2001-03-11,30.73,15.27,22.26,0.0,0.47,6.02,24.35
2001-03-12,24.26,11.7,17.4,0.0,0.47,3.14,20.77
2001-03-13,24.54,9.05,16.69,0.0,0.47,3.36,24.17
2001-03-14,27.06,11.21,19.24,0.0,0.47,5.5,23.81
2001-03-15,30.68,11.67,21.96,0.0,0.47,1.11,22.74
2001-03-16,29.04,13.87,21.64,6.19,0.47,4.02,7.61
2001-03-17,22.7,11.28,16.5,0.02,0.48,6.63,18.13
2001-03-18,26.44,12.02,18.48,0.0,0.48,9.22,20.06
2001-03-19,26.64,11.79,19.35,0.0,0.48,9.77,21.14
2001-03-20,29.81,13.93,21.29,4.2,0.48,8.69,17.03
2001-03-21,18.46,11.76,14.64,12.97,0.51,9.0,10.47
2001-03-22,24.13,11.41,17.49,1.6,0.51,11.58,11.35
2001-03-23,23.47,10.07,16.6,0.0,0.51,9.36,19.87
2001-03-24,26.3,12.8,18.59,1.57,0.51,8.55,14.17
2001-03-25,22.32,9.29,15.63,0.01,0.51,6.39,19.8
2001-03-26,23.45,12.65,17.12,0.04,0.5,9.61,15.78
2001-03-27,21.67,9.88,14.89,0.0,0.5,7.64,14.76
2001-03-28,21.46,7.11,13.86,0.0,0.5,5.48,21.15
2001-03-29,22.9,7.16,14.6,0.0,0.5,7.86,20.54
2001-03-30,26.05,8.76,17.72,0.0,0.5,6.5,19.22
2001-03-31,29.09,11.02,20.52,0.0,0.49,3.83,20.8
2001-04-01,24.26,11.92,17.92,0.0,0.49,6.47,18.48
2001-04-02,22.88,7.93,14.7,0.0,0.49,5.91,20.24
2001-04-03,23.56,7.52,14.97,0.0,0.49,5.86,19.68
2001-04-04,27.27,12.46,18.54,0.0,0.49,5.15,19.5
2001-04-05,27.78,9.3,17.83,0.0,0.49,7.3,19.58
2001-04-06,31.09,11.62,20.99,0.0,0.48,6.38,19.64
2001-04-07,27.06,17.27,21.29,0.0,0.48,5.11,13.19
2001-04-08,20.02,10.61,16.14,0.02,0.48,6.48,11.77
2001-04-09,22.24,7.31,14.49,0.0,0.48,5.65,18.44
2001-04-10,22.6,8.67,15.08,0.0,0.48,7.0,16.53
2001-04-11,20.61,7.49,13.61,0.0,0.48,4.76,15.2
2001-04-12,19.76,4.9,11.75,0.0,0.48,2.49,18.4
2001-04-13,24.1,5.81,14.5,0.0,0.48,2.36,18.27
2001-04-14,25.91,7.3,16.25,0.0,0.48,-1.35,18.36
2001-04-15,27.99,13.55,20.28,0.0,0.48,-0.15,17.35
2001-04-16,29.6,11.81,19.82,0.0,0.48,1.33,17.73
2001-04-17,27.56,10.49,18.75,0.0,0.48,10.7,16.68
2001-04-18,28.78,15.92,21.53,0.0,0.48,8.82,14.73
2001-04-19,21.11,11.09,16.09,0.0,0.48,4.31,16.65
2001-04-20,19.55,7.0,12.75,0.0,0.48,3.19,16.49
2001-04-21,20.39,8.96,13.91,3.39,0.48,8.56,11.17
2001-04-22,19.07,9.79,13.05,5.63,0.49,10.23,9.39
2001-04-23,18.51,9.85,13.28,1.31,0.49,9.93,7.65
2001-04-24,18.5,10.66,13.59,0.47,0.5,9.22,9.82
2001-04-25,17.47,6.63,12.44,0.0,0.49,4.92,8.65
2001-04-26,24.93,8.37,15.71,0.01,0.49,6.07,14.74
2001-04-27,18.47,8.93,13.24,0.18,0.49,8.02,12.02
2001-04-28,18.7,5.49,11.61,0.03,0.49,5.68,15.21
2001-04-29,19.81,7.52,12.57,0.0,0.49,6.08,15.13
2001-04-30,21.77,9.86,14.62,0.0,0.49,8.1,11.2
2001-05-01,22.02,12.05,15.99,0.0,0.49,7.25,11.84
2001-05-02,21.87,8.57,14.5,0.0,0.49,6.33,12.99
2001-05-03,18.96,9.73,13.37,0.25,0.49,8.13,10.36
2001-05-04,20.91,10.16,15.22,2.16,0.49,8.79,10.8
2001-05-05,20.04,10.93,14.53,0.21,0.49,9.05,13.09
2001-05-06,20.5,8.33,13.7,0.04,0.49,9.07,13.34
2001-05-07,19.71,7.71,12.17,0.02,0.49,5.7,13.99
2001-05-08,19.84,5.55,12.61,0.0,0.49,5.25,13.99
2001-05-09,22.04,9.08,14.75,0.0,0.49,6.87,12.59
2001-05-10,17.55,7.36,11.54,0.0,0.49,5.72,11.63
2001-05-11,17.3,6.42,10.86,0.0,0.49,6.09,9.36
2001-05-12,16.11,6.87,10.3,0.01,0.49,5.18,10.97
2001-05-13,23.69,5.6,13.44,0.0,0.49,6.0,11.95
2001-05-14,26.68,11.53,17.04,0.08,0.48,4.79,5.65
2001-05-15,24.41,13.84,17.53,0.11,0.48,3.43,11.41
2001-05-16,16.51,10.42,13.37,0.92,0.48,8.26,8.99
2001-05-17,14.7,7.34,9.97,0.36,0.48,4.12,11.17
2001-05-18,16.99,7.65,11.34,0.05,0.48,6.23,9.45
2001-05-19,17.38,5.17,10.92,0.0,0.48,6.16,11.94
2001-05-20,17.87,6.67,11.41,0.0,0.48,6.94,6.95
2001-05-21,16.49,6.83,11.15,0.0,0.48,6.89,7.9
2001-05-22,16.53,7.48,11.17,0.0,0.48,6.68,7.19
2001-05-23,16.69,6.57,10.41,0.0,0.48,5.29,11.38
2001-05-24,16.17,4.23,9.24,0.0,0.48,6.36,9.46
2001-05-25,17.04,6.29,11.27,0.0,0.48,4.55,10.82
2001-05-26,16.11,8.02,11.32,2.24,0.48,4.12,6.14
2001-05-27,12.55,5.14,9.25,1.32,0.49,7.31,5.48
2001-05-28,15.54,6.16,10.12,0.09,0.49,6.39,11.21
2001-05-29,15.58,6.97,10.15,0.01,0.49,6.35,9.61
2001-05-30,14.53,6.86,9.61,0.02,0.49,5.94,7.32
2001-05-31,16.36,6.02,10.56,0.01,0.49,7.24,10.12
2001-06-01,16.21,6.72,9.89,0.0,0.49,5.07,8.39
2001-06-02,18.88,4.19,10.6,0.05,0.49,1.86,10.74
2001-06-03,20.39,7.28,13.46,0.07,0.49,4.4,10.4
2001-06-04,22.2,6.78,13.33,0.0,0.48,2.8,10.78
2001-06-05,19.34,8.62,13.6,2.65,0.48,6.12,2.6
2001-06-06,19.54,11.92,15.19,5.98,0.49,10.07,3.01
2001-06-07,19.55,10.61,14.96,6.19,0.51,9.5,9.93
2001-06-08,16.61,7.73,11.84,0.57,0.51,8.35,6.58
2001-06-09,17.25,8.82,12.12,1.23,0.51,9.31,7.36
2001-06-10,16.96,7.12,11.0,0.3,0.51,8.18,6.73
2001-06-11,14.71,9.4,11.62,2.87,0.51,7.07,5.54
2001-06-12,13.88,10.25,11.84,8.16,0.52,10.23,2.77
2001-06-13,16.88,7.07,11.6,0.97,0.53,8.26,9.05
2001-06-14,12.75,4.17,8.12,0.44,0.53,3.59,9.81
2001-06-15,13.15,2.9,7.68,0.05,0.53,4.71,8.27
2001-06-16,15.15,6.29,9.95,0.0,0.52,6.41,9.06
2001-06-17,14.47,5.36,8.32,0.0,0.52,5.81,7.51
2001-06-18,13.18,4.88,8.35,0.0,0.52,4.65,8.1
2001-06-19,15.13,1.43,7.71,0.01,0.52,3.33,10.01
2001-06-20,16.33,6.65,11.11,0.75,0.52,8.55,7.13
2001-06-21,15.7,8.22,11.17,1.77,0.52,9.24,8.76
2001-06-22,15.24,8.15,10.8,0.12,0.52,8.19,6.38
2001-06-23,16.62,6.41,10.73,0.0,0.52,6.83,7.42
2001-06-24,18.12,4.53,9.95,0.0,0.52,4.83,10.0
2001-06-25,17.37,6.79,11.21,0.03,0.52,7.01,10.16
2001-06-26,14.51,4.57,9.45,0.28,0.52,4.57,10.17
2001-06-27,13.79,1.98,7.26,0.0,0.52,1.53,9.96
2001-06-28,14.29,3.8,8.35,0.0,0.52,1.23,10.62
2001-06-29,16.48,3.56,9.79,0.0,0.52,2.43,10.82
2001-06-30,15.99,4.57,9.62,0.0,0.52,2.62,10.95
2001-07-01,15.16,4.97,9.53,0.0,0.52,2.68,10.09
2001-07-02,14.9,3.7,9.16,0.0,0.52,2.41,9.72
2001-07-03,14.39,1.69,7.02,0.0,0.52,3.42,10.66
2001-07-04,14.41,3.75,7.52,0.01,0.52,2.74,10.86
2001-07-05,6.6,2.3,4.71,11.86,0.53,2.72,4.36
2001-07-06,12.36,2.64,7.06,1.76,0.54,4.99,7.15
2001-07-07,14.8,4.89,8.99,1.34,0.54,6.71,5.31
2001-07-08,17.29,7.28,10.99,0.23,0.54,7.68,10.44
2001-07-09,15.59,6.31,9.39,0.0,0.54,6.5,11.11
2001-07-10,17.75,5.77,11.25,0.19,0.54,8.55,9.93
2001-07-11,15.51,9.92,11.46,10.42,0.54,9.39,4.43
2001-07-12,13.77,7.64,10.43,5.62,0.56,8.58,5.42
2001-07-13,16.43,7.77,11.17,0.24,0.56,7.73,7.32
2001-07-14,16.54,5.6,10.14,0.13,0.56,5.46,10.22
2001-07-15,14.88,5.59,9.38,0.43,0.56,5.78,7.62
2001-07-16,13.63,5.45,8.76,0.41,0.56,4.06,8.98
2001-07-17,14.26,5.26,9.17,0.11,0.56,5.56,9.77
2001-07-18,13.96,5.02,8.22,0.0,0.56,5.45,6.02
2001-07-19,15.03,6.1,9.31,0.0,0.55,6.6,9.82
2001-07-20,16.36,6.59,10.29,0.0,0.55,7.3,9.34
2001-07-21,15.03,5.74,9.14,0.0,0.55,6.03,7.31
2001-07-22,11.87,5.45,7.66,0.0,0.55,5.08,6.3
2001-07-23,13.64,4.63,8.36,0.02,0.55,3.97,7.25
2001-07-24,13.93,5.21,8.84,0.5,0.55,5.76,7.11
2001-07-25,14.98,5.07,9.1,2.11,0.55,6.93,5.74
2001-07-26,16.29,5.24,9.37,0.01,0.55,6.5,11.85
2001-07-27,16.06,5.38,9.52,0.04,0.55,6.05,7.06
2001-07-28,15.04,3.51,8.71,0.04,0.55,5.67,10.45
2001-07-29,14.99,5.13,8.97,0.01,0.55,6.14,12.71
2001-07-30,16.57,3.86,8.81,0.0,0.55,5.33,13.2
2001-07-31,19.36,5.8,11.29,0.15,0.55,2.84,11.41
2001-08-01,14.15,5.09,9.32,1.52,0.55,4.46,12.82
2001-08-02,14.59,4.02,8.35,0.03,0.55,5.52,10.37
2001-08-03,15.7,4.81,9.22,0.0,0.55,4.01,10.98
2001-08-04,17.68,2.13,9.57,0.84,0.55,2.47,8.36
2001-08-05,16.44,6.1,11.62,1.1,0.55,6.21,10.21
2001-08-06,15.14,5.88,9.25,0.02,0.55,3.82,11.84
2001-08-07,16.23,2.92,8.96,6.12,0.55,3.59,9.78
2001-08-08,14.68,5.5,9.23,0.08,0.55,4.0,10.38
2001-08-09,18.54,4.45,10.49,0.0,0.55,2.48,14.01
2001-08-10,20.66,4.2,11.64,0.0,0.55,2.28,13.16
2001-08-11,20.67,7.23,12.25,0.14,0.55,2.26,12.19
2001-08-12,19.81,3.51,11.12,0.0,0.55,4.83,13.42
2001-08-13,19.57,7.12,12.38,0.01,0.54,5.63,14.89
2001-08-14,21.75,4.72,12.15,0.0,0.54,2.9,14.86
2001-08-15,21.26,9.34,13.89,0.0,0.54,3.04,12.88
2001-08-16,22.27,7.52,13.35,4.82,0.54,4.53,4.86
2001-08-17,13.91,4.52,9.17,0.97,0.55,3.42,12.36
2001-08-18,13.6,6.12,9.73,1.86,0.55,3.42,13.28
2001-08-19,17.38,4.75,10.59,2.31,0.55,6.55,9.83
2001-08-20,13.06,4.98,9.5,3.33,0.55,6.36,11.5
2001-08-21,11.64,3.97,7.94,7.2,0.55,5.51,11.65
2001-08-22,13.77,5.0,8.9,0.48,0.56,4.58,13.07
2001-08-23,14.57,4.57,8.73,0.09,0.56,3.57,12.93
2001-08-24,16.4,2.81,8.79,0.0,0.56,1.56,14.48
2001-08-25,19.13,5.65,11.01,6.05,0.56,2.49,5.34
2001-08-26,10.25,7.21,8.56,11.46,0.58,7.0,10.84
2001-08-27,12.92,5.44,8.97,1.48,0.59,7.07,8.09
2001-08-28,15.13,2.85,7.72,0.01,0.58,4.23,16.34
2001-08-29,16.47,3.94,9.73,0.0,0.58,6.23,17.47
2001-08-30,18.12,6.29,11.44,0.0,0.58,5.57,13.75
2001-08-31,19.08,5.73,12.23,0.1,0.58,4.26,14.99
2001-09-01,15.57,9.04,11.55,3.3,0.57,8.05,9.21
2001-09-02,17.78,7.76,12.04,0.3,0.58,8.12,12.1
2001-09-03,18.48,6.67,12.1,0.52,0.57,8.04,13.94
2001-09-04,16.17,5.85,10.84,0.33,0.57,6.63,12.82
2001-09-05,15.71,1.82,8.94,0.0,0.57,1.24,18.47
2001-09-06,18.98,2.51,10.52,0.0,0.57,0.34,18.9
2001-09-07,15.8,8.46,11.72,9.82,0.57,7.38,11.55
2001-09-08,13.51,7.91,10.43,5.99,0.58,6.61,14.58
2001-09-09,16.93,7.43,11.85,0.72,0.59,7.61,12.02
2001-09-10,19.87,5.56,12.45,0.0,0.59,5.8,18.71
2001-09-11,20.44,8.34,13.36,2.03,0.58,7.32,6.23
2001-09-12,21.82,8.45,14.58,0.05,0.58,9.15,18.72
2001-09-13,17.83,8.13,12.36,0.03,0.58,8.55,10.97
2001-09-14,18.84,5.82,11.66,0.0,0.58,7.04,16.75
2001-09-15,21.64,5.45,13.26,0.0,0.57,6.73,19.91
2001-09-16,23.51,8.25,14.77,0.0,0.57,6.23,19.84
2001-09-17,17.68,3.42,10.15,0.0,0.57,3.24,21.08
2001-09-18,21.29,4.1,12.21,0.0,0.56,3.64,21.52
2001-09-19,26.23,5.01,15.14,0.0,0.56,3.48,20.05
2001-09-20,23.1,9.22,16.47,0.01,0.56,8.85,17.6
2001-09-21,25.68,7.01,15.69,0.0,0.56,8.58,21.39
2001-09-22,28.56,10.33,18.7,0.18,0.55,10.52,13.97
2001-09-23,29.87,15.34,21.6,0.1,0.55,9.9,16.94
2001-09-24,26.22,10.25,17.79,10.87,0.55,9.79,5.01
2001-09-25,15.76,6.41,11.87,5.45,0.57,7.26,15.58
2001-09-26,18.09,3.94,10.51,0.0,0.57,4.29,22.0
2001-09-27,19.89,3.84,12.12,0.0,0.57,4.75,21.68
2001-09-28,24.7,6.84,15.21,0.0,0.56,4.17,22.95
2001-09-29,28.39,9.62,18.2,0.0,0.56,5.81,22.19
2001-09-30,31.89,14.33,20.96,3.36,0.55,9.3,12.77
2001-10-01,22.44,10.29,16.44,0.39,0.55,9.75,19.87
2001-10-02,18.71,6.84,12.38,0.3,0.55,5.69,17.74
2001-10-03,19.64,6.2,12.35,0.1,0.55,5.87,21.08
2001-10-04,19.02,7.2,12.18,0.09,0.55,6.66,17.28
2001-10-05,18.17,7.57,12.84,0.64,0.55,6.55,16.38
2001-10-06,16.9,7.22,11.09,1.39,0.55,5.76,17.76
2001-10-07,17.05,6.35,10.88,1.08,0.55,5.97,19.08
2001-10-08,19.59,7.71,12.82,0.05,0.54,6.73,20.62
2001-10-09,21.64,5.04,13.4,0.0,0.54,4.31,25.58
2001-10-10,24.94,8.42,15.94,0.34,0.54,3.79,18.41
2001-10-11,19.4,10.27,14.22,2.13,0.54,7.2,19.16
2001-10-12,17.37,7.48,12.29,0.06,0.54,6.19,17.88
2001-10-13,16.98,7.01,12.03,7.09,0.54,7.71,5.63
2001-10-14,18.86,6.68,12.19,3.32,0.55,5.34,24.72
2001-10-15,21.55,5.69,13.56,0.01,0.55,6.53,21.09
2001-10-16,17.63,6.5,12.08,0.06,0.55,8.17,13.76
2001-10-17,20.42,7.97,14.04,0.08,0.54,7.36,20.53
2001-10-18,17.65,6.55,12.62,0.68,0.54,5.04,19.31
2001-10-19,17.12,4.12,10.03,0.13,0.54,2.37,21.71
2001-10-20,19.62,2.25,11.45,0.0,0.54,2.66,27.98
2001-10-21,24.86,5.18,15.32,0.0,0.54,1.49,26.58
2001-10-22,27.9,8.12,17.96,0.0,0.53,2.5,20.29
2001-10-23,26.32,11.93,17.91,7.41,0.53,11.05,5.17
2001-10-24,22.75,9.65,15.69,0.58,0.54,8.07,21.83
2001-10-25,20.46,8.5,14.5,1.3,0.54,7.4,21.56
2001-10-26,19.73,7.73,13.08,3.81,0.54,7.73,17.76
2001-10-27,21.07,7.22,13.41,0.09,0.54,5.87,22.99
2001-10-28,22.09,8.52,14.27,0.0,0.54,3.02,25.86
2001-10-29,21.04,6.62,13.56,0.01,0.53,5.36,22.41
2001-10-30,20.09,8.21,13.98,0.5,0.53,7.56,18.68
2001-10-31,22.57,9.24,15.07,0.45,0.53,8.51,19.12
2001-11-01,24.18,5.48,14.75,0.0,0.53,7.18,22.75
2001-11-02,23.41,7.02,15.02,0.0,0.52,7.03,27.34
2001-11-03,26.52,7.62,17.84,0.0,0.52,6.14,29.37
2001-11-04,29.29,13.1,21.56,0.0,0.52,7.15,22.89
2001-11-05,30.26,17.12,22.72,2.88,0.52,10.47,13.06
2001-11-06,24.59,11.48,17.57,0.78,0.52,10.4,13.94
2001-11-07,22.7,6.57,14.26,0.0,0.52,5.0,31.2
2001-11-08,24.73,8.81,16.18,2.05,0.51,6.03,18.74
2001-11-09,23.89,10.74,17.06,1.97,0.52,6.98,29.25
2001-11-10,20.55,7.68,13.0,0.25,0.52,3.6,24.44
2001-11-11,16.59,4.99,10.34,0.77,0.51,2.88,22.79
2001-11-12,19.67,6.87,12.69,0.66,0.51,5.97,21.47
2001-11-13,23.84,6.74,15.19,0.0,0.51,5.77,30.15
2001-11-14,25.46,7.32,16.25,0.0,0.51,6.01,29.23
2001-11-15,29.6,10.56,19.42,0.0,0.51,6.34,30.46
2001-11-16,30.11,10.22,19.67,0.0,0.5,8.0,27.52
2001-11-17,34.55,14.55,23.93,0.01,0.5,6.63,19.04
2001-11-18,19.22,8.56,15.05,0.01,0.5,5.19,22.53
2001-11-19,22.76,6.28,14.24,0.0,0.5,3.42,31.43
2001-11-20,25.41,7.64,16.4,0.0,0.49,5.36,31.83
2001-11-21,27.74,8.4,18.3,0.0,0.49,5.03,31.41
2001-11-22,30.23,11.26,20.62,0.0,0.49,6.85,23.15
2001-11-23,22.99,14.19,18.6,7.81,0.49,9.38,11.71
2001-11-24,26.19,10.52,18.71,0.55,0.5,8.13,27.5
2001-11-25,24.55,10.78,17.6,0.38,0.5,7.94,25.44
2001-11-26,24.94,9.67,17.43,0.03,0.5,8.68,21.32
2001-11-27,26.06,10.43,17.49,0.0,0.49,7.27,32.23
2001-11-28,26.1,9.1,17.66,0.0,0.49,6.05,31.57
2001-11-29,29.19,10.41,20.12,0.0,0.49,6.26,30.15
2001-11-30,24.12,10.9,17.37,0.0,0.49,5.0,26.36
2001-12-01,25.39,7.71,16.96,0.0,0.48,4.14,29.62
2001-12-02,34.25,14.37,23.34,3.24,0.48,7.95,16.32
2001-12-03,25.6,12.7,18.84,0.07,0.49,11.98,13.37
2001-12-04,25.26,11.77,17.48,0.0,0.49,7.47,30.83
2001-12-05,28.94,8.65,19.26,0.0,0.48,5.79,29.66
2001-12-06,29.08,15.27,21.33,0.45,0.48,9.46,18.4
2001-12-07,24.18,12.42,17.64,0.01,0.48,6.89,18.02
2001-12-08,24.61,7.75,16.45,0.0,0.48,2.09,32.04
2001-12-09,24.94,9.44,17.58,0.0,0.48,3.35,28.27
2001-12-10,23.76,9.07,15.92,0.01,0.48,4.73,31.83
2001-12-11,24.46,9.73,16.38,0.12,0.48,5.81,28.84
2001-12-12,27.49,8.37,18.27,0.0,0.48,5.33,32.83
2001-12-13,30.14,11.38,21.14,0.0,0.48,6.66,31.91
2001-12-14,27.85,11.91,19.8,0.0,0.48,7.18,21.82
2001-12-15,28.11,10.79,19.46,0.0,0.48,6.46,32.39
2001-12-16,28.04,10.07,19.1,0.0,0.48,3.39,31.3
2001-12-17,28.93,9.87,19.78,0.0,0.48,4.86,30.26
2001-12-18,29.4,12.91,21.42,0.0,0.48,5.07,32.01
2001-12-19,34.2,11.86,24.07,0.0,0.47,4.76,32.1
2001-12-20,32.48,17.11,25.52,0.0,0.47,5.85,30.6
2001-12-21,27.71,12.86,20.22,0.0,0.47,5.64,30.27
2001-12-22,28.57,10.73,20.07,0.0,0.47,5.74,32.41
2001-12-23,27.22,14.46,20.18,0.02,0.47,8.14,21.26
2001-12-24,26.1,11.29,18.53,0.17,0.47,5.18,30.86
2001-12-25,22.8,12.71,17.22,0.4,0.47,5.11,23.21
2001-12-26,20.97,9.77,15.74,0.13,0.47,3.94,23.35
2001-12-27,24.79,9.5,17.63,0.01,0.47,6.57,25.34
2001-12-28,30.1,11.48,21.51,0.0,0.47,8.51,30.44
2001-12-29,38.34,15.91,27.51,0.0,0.47,5.1,23.7
2001-12-30,26.39,13.79,19.79,0.0,0.47,3.01,32.42
2001-12-31,26.58,10.58,18.1,0.04,0.47,5.82,26.11
2002-01-01,21.92,12.73,16.61,1.66,0.47,7.39,20.19
2002-01-02,21.75,11.11,16.06,1.52,0.48,5.23,26.12
2002-01-03,25.7,9.11,17.7,0.03,0.48,5.5,28.6
2002-01-04,26.4,10.35,18.74,0.01,0.48,6.03,31.65
2002-01-05,31.84,11.41,22.9,0.0,0.48,4.71,32.42
2002-01-06,40.12,18.2,28.31,0.36,0.48,1.28,29.56
2002-01-07,26.1,13.89,19.01,0.01,0.48,6.94,29.4
2002-01-08,26.77,12.06,18.72,0.0,0.48,5.71,27.77
2002-01-09,30.84,9.43,20.33,0.0,0.48,1.4,32.58
2002-01-10,37.48,12.65,26.09,0.0,0.47,1.51,32.37
2002-01-11,31.42,12.74,24.02,0.0,0.47,1.42,30.61
2002-01-12,25.8,9.76,17.42,0.0,0.47,2.27,32.18
2002-01-13,27.83,10.04,18.79,0.0,0.47,5.56,31.07
2002-01-14,29.85,11.07,20.56,0.0,0.47,7.89,31.48
2002-01-15,29.45,13.58,21.29,0.0,0.47,5.4,29.08
2002-01-16,31.83,11.95,22.25,0.0,0.47,4.83,29.75
2002-01-17,30.67,12.63,21.86,0.0,0.47,2.57,31.43
2002-01-18,33.3,11.59,23.34,0.0,0.47,2.94,30.58
2002-01-19,38.51,17.85,29.03,0.0,0.47,0.42,31.38
2002-01-20,40.26,21.07,30.42,0.15,0.47,2.48,14.18
2002-01-21,28.11,20.28,24.23,3.43,0.47,12.37,7.72
2002-01-22,27.46,17.02,21.56,3.79,0.49,11.74,24.07
2002-01-23,30.72,13.1,21.97,0.0,0.48,6.52,31.26
2002-01-24,32.86,12.35,22.62,0.0,0.48,5.37,30.96
2002-01-25,36.74,14.57,27.07,0.0,0.48,6.13,31.57
2002-01-26,40.26,19.76,30.81,0.0,0.48,8.08,26.9
2002-01-27,36.58,23.04,29.3,0.45,0.48,9.93,6.58
2002-01-28,30.35,16.15,22.72,0.05,0.48,7.64,30.04
2002-01-29,32.48,15.11,23.6,0.01,0.48,9.27,30.31
2002-01-30,33.45,14.23,24.22,0.0,0.48,8.28,28.73
2002-01-31,34.22,14.02,24.06,0.0,0.48,5.34,30.33
2002-02-01,37.94,16.41,28.1,1.14,0.48,10.88,30.3
2002-02-02,30.45,15.08,22.74,0.28,0.48,9.59,26.46
2002-02-03,27.99,10.84,18.64,0.01,0.48,2.31,17.58
2002-02-04,24.44,12.33,18.15,0.05,0.48,7.05,29.04
2002-02-05,26.87,14.16,20.85,0.1,0.48,8.72,23.26
2002-02-06,28.99,13.72,21.79,0.11,0.48,9.0,24.16
2002-02-07,31.99,16.14,23.71,1.97,0.48,7.68,23.16
2002-02-08,24.65,12.82,18.43,4.04,0.48,10.15,15.67
2002-02-09,27.07,13.57,19.34,0.12,0.49,9.29,28.52
2002-02-10,21.78,10.26,15.6,0.01,0.48,3.63,23.84
2002-02-11,27.13,8.34,18.04,0.0,0.48,6.06,29.54
2002-02-12,30.99,11.75,22.0,0.0,0.48,7.29,29.58
2002-02-13,35.39,15.62,26.34,0.0,0.48,5.21,29.13
2002-02-14,37.7,20.09,28.36,0.0,0.48,6.96,25.15
2002-02-15,39.45,18.73,27.18,7.16,0.48,12.71,10.12
2002-02-16,27.9,14.78,20.61,0.04,0.49,6.13,28.8
2002-02-17,29.58,11.61,20.52,0.0,0.49,6.04,27.27
2002-02-18,31.33,13.34,21.96,0.07,0.48,8.42,28.09
2002-02-19,34.59,13.06,24.22,0.0,0.48,6.75,28.32
2002-02-20,32.56,15.26,24.64,0.11,0.48,8.27,25.07
2002-02-21,26.07,12.64,18.44,0.0,0.48,4.4,26.42
2002-02-22,27.83,10.93,19.29,0.0,0.48,7.72,27.09
2002-02-23,30.41,12.36,21.2,0.0,0.48,9.05,27.0
2002-02-24,32.69,14.0,23.62,0.0,0.48,8.8,26.91
2002-02-25,35.79,17.63,26.72,0.0,0.48,7.97,26.29
2002-02-26,32.74,18.46,25.07,0.02,0.48,7.67,26.55
2002-02-27,26.99,12.8,19.45,0.0,0.48,5.23,26.64
2002-02-28,24.73,10.6,17.34,0.0,0.48,4.74,24.35
2002-03-01,25.43,10.5,17.75,0.0,0.47,7.0,23.81
2002-03-02,27.8,11.89,19.12,0.0,0.47,8.15,23.5
2002-03-03,28.44,11.43,19.48,0.03,0.47,8.11,20.42
2002-03-04,30.75,12.06,22.11,0.0,0.47,7.44,25.72
2002-03-05,34.64,16.57,26.64,0.0,0.47,4.28,25.85
2002-03-06,36.04,18.39,27.23,0.0,0.47,3.21,24.38
2002-03-07,27.21,15.16,20.5,0.0,0.47,6.89,25.44
2002-03-08,27.28,11.02,18.51,0.0,0.47,3.97,25.34
2002-03-09,30.81,11.89,21.8,0.0,0.47,8.75,23.76
2002-03-10,32.3,18.02,24.79,0.0,0.47,6.56,23.16
2002-03-11,33.54,16.18,24.09,0.0,0.47,4.11,23.26
2002-03-12,27.21,10.89,18.77,0.0,0.47,3.62,24.69
2002-03-13,29.12,11.34,19.85,0.0,0.47,6.75,24.2
2002-03-14,28.68,12.2,20.07,0.0,0.47,7.02,23.89
2002-03-15,29.4,10.37,19.69,0.0,0.47,6.33,23.73
2002-03-16,31.08,13.64,22.08,0.0,0.47,3.96,22.47
2002-03-17,33.8,15.49,24.36,0.0,0.47,8.13,22.38
2002-03-18,37.39,19.35,27.22,0.0,0.47,4.23,20.5
2002-03-19,29.31,16.34,22.18,0.0,0.47,6.42,19.71
2002-03-20,26.36,12.63,18.93,0.0,0.47,8.53,21.19
2002-03-21,25.95,12.69,18.79,0.0,0.47,8.03,19.55
2002-03-22,27.45,9.23,18.31,0.0,0.47,3.44,22.55
2002-03-23,31.93,14.33,22.69,0.0,0.47,6.83,21.57
2002-03-24,35.35,17.49,26.27,0.01,0.47,8.42,18.4
2002-03-25,28.27,16.11,22.02,1.73,0.47,9.95,19.11
2002-03-26,21.59,12.99,16.88,13.53,0.49,10.76,7.6
2002-03-27,23.88,13.17,17.8,0.19,0.5,11.94,12.43
2002-03-28,27.04,11.27,18.54,0.01,0.5,11.12,20.32
2002-03-29,24.9,10.08,16.4,0.0,0.5,9.01,20.67
2002-03-30,23.37,10.26,15.54,0.0,0.49,5.84,19.86
2002-03-31,26.46,9.21,17.11,0.0,0.49,7.79,20.57
2002-04-01,29.1,10.25,19.22,0.0,0.49,7.49,19.1
2002-04-02,28.59,12.84,20.33,0.0,0.49,8.41,19.47
2002-04-03,31.53,14.92,21.87,0.46,0.49,8.61,16.2
2002-04-04,21.89,10.17,15.0,0.06,0.48,2.25,19.79
2002-04-05,23.44,7.4,14.91,0.0,0.48,6.4,19.7
2002-04-06,22.91,9.62,15.35,0.0,0.48,8.15,18.39
2002-04-07,24.17,9.3,16.95,0.0,0.48,8.36,15.3
2002-04-08,30.16,12.03,20.22,0.0,0.48,5.4,18.41
2002-04-09,29.33,14.41,21.0,0.0,0.48,6.33,18.34
2002-04-10,30.49,16.81,22.12,0.64,0.48,7.46,17.48
2002-04-11,31.03,14.21,21.95,0.0,0.48,7.32,18.09
2002-04-12,29.7,15.22,22.06,1.06,0.48,9.48,7.34
2002-04-13,24.65,14.46,18.61,7.43,0.49,12.71,9.83
2002-04-14,22.51,10.99,15.73,0.01,0.49,7.18,17.26
2002-04-15,24.63,9.11,16.14,0.0,0.49,7.59,16.81
2002-04-16,24.36,9.77,16.21,0.01,0.49,4.25,17.55
2002-04-17,24.99,11.67,17.09,0.0,0.49,6.84,17.22
2002-04-18,25.03,10.48,17.13,0.0,0.49,10.01,16.39
2002-04-19,24.81,10.1,16.77,0.0,0.48,8.63,12.44
2002-04-20,26.23,9.86,17.22,0.0,0.48,9.23,14.76
2002-04-21,25.27,9.83,17.18,0.0,0.48,10.38,15.89
2002-04-22,25.19,11.98,17.68,0.0,0.48,9.97,14.62
2002-04-23,28.46,14.51,20.43,0.0,0.48,6.78,15.94
2002-04-24,31.75,13.75,21.59,1.0,0.48,7.53,7.79
2002-04-25,22.08,11.37,17.04,2.45,0.49,12.41,7.49
2002-04-26,19.23,7.79,12.6,0.0,0.49,5.23,10.83
2002-04-27,19.78,6.36,12.03,0.0,0.48,4.64,15.87
2002-04-28,20.29,5.67,11.8,0.0,0.48,4.05,15.56
2002-04-29,23.41,6.99,14.36,0.0,0.48,4.45,15.67
2002-04-30,22.88,9.82,15.12,0.0,0.48,8.51,13.33
2002-05-01,23.5,9.78,15.59,0.0,0.48,6.64,12.98
2002-05-02,23.84,8.04,14.97,0.0,0.48,5.57,14.61
2002-05-03,24.88,7.7,15.48,0.0,0.48,3.21,14.79
2002-05-04,25.5,9.27,16.37,0.0,0.48,2.38,14.7
2002-05-05,26.12,10.78,17.05,0.0,0.48,1.29,14.22
2002-05-06,27.24,12.21,18.24,0.0,0.48,2.73,13.84
2002-05-07,27.88,10.8,18.11,0.0,0.48,1.49,13.95
2002-05-08,27.24,13.62,18.9,0.0,0.48,1.13,13.62
2002-05-09,22.78,10.95,15.87,2.95,0.48,5.8,5.54
2002-05-10,21.25,9.36,13.95,0.85,0.48,8.15,12.29
2002-05-11,21.09,7.54,13.58,0.0,0.48,6.87,12.82
2002-05-12,22.09,8.28,14.09,0.59,0.48,3.8,11.77
2002-05-13,19.21,10.18,14.33,0.03,0.48,7.58,9.58
2002-05-14,18.63,7.38,12.75,0.01,0.48,5.85,12.69
2002-05-15,17.9,7.53,13.15,1.22,0.48,6.41,7.51
2002-05-16,17.96,9.51,13.5,3.9,0.49,8.14,10.16
2002-05-17,16.0,7.27,10.7,0.03,0.49,5.58,11.17
2002-05-18,13.87,6.6,9.48,13.13,0.5,5.2,5.46
2002-05-19,11.55,5.57,8.07,0.51,0.52,5.34,10.29
2002-05-20,15.45,5.74,9.97,0.71,0.51,7.17,9.38
2002-05-21,16.72,8.09,11.24,0.15,0.51,7.83,8.95
2002-05-22,16.13,7.65,10.68,0.03,0.51,7.34,5.4
2002-05-23,15.88,6.05,10.38,0.0,0.51,6.46,7.47
2002-05-24,17.45,6.7,10.83,0.0,0.51,5.41,9.71
2002-05-25,18.15,6.1,10.19,0.0,0.51,5.61,11.84
2002-05-26,16.22,5.37,9.18,0.0,0.51,5.35,11.66
2002-05-27,14.2,4.67,8.41,0.01,0.51,5.63,11.48
2002-05-28,15.2,6.33,9.07,0.0,0.51,5.47,10.73
2002-05-29,15.16,5.5,9.19,0.01,0.51,6.17,10.25
2002-05-30,14.99,6.23,9.64,0.0,0.51,4.16,11.59
2002-05-31,15.18,4.6,9.19,0.08,0.5,3.7,9.08
2002-06-01,15.93,5.55,9.4,0.02,0.5,5.61,11.32
2002-06-02,16.49,2.96,9.38,0.0,0.5,4.66,10.76
2002-06-03,15.76,2.62,9.23,0.02,0.5,3.15,10.68
2002-06-04,16.7,2.43,8.82,0.01,0.5,1.9,10.65
2002-06-05,17.5,2.87,9.4,0.08,0.5,2.25,10.87
2002-06-06,18.97,6.65,11.61,0.01,0.5,5.78,4.27
2002-06-07,14.7,7.64,11.34,0.01,0.5,6.4,5.26
2002-06-08,13.77,5.3,9.86,0.8,0.5,4.58,8.84
2002-06-09,16.06,9.21,12.27,0.69,0.5,9.2,7.5
2002-06-10,18.05,10.17,13.23,0.43,0.5,8.87,6.59
2002-06-11,16.59,8.23,11.86,0.09,0.5,8.23,5.39
2002-06-12,19.5,8.8,13.06,4.76,0.5,6.91,9.47
2002-06-13,14.98,8.33,10.96,0.93,0.51,5.94,9.38
2002-06-14,11.62,7.01,9.23,9.0,0.52,7.78,1.92
2002-06-15,17.86,7.99,12.54,1.28,0.52,8.03,6.5
2002-06-16,14.1,6.66,10.55,1.52,0.53,6.86,7.98
2002-06-17,15.15,5.45,9.05,0.16,0.53,6.25,10.19
2002-06-18,14.74,3.33,7.37,0.0,0.52,2.1,11.19
2002-06-19,14.95,1.06,7.19,0.0,0.52,2.56,9.99
2002-06-20,15.19,5.58,8.75,0.12,0.52,3.31,6.76
2002-06-21,14.7,4.32,9.1,0.15,0.52,6.05,10.3
2002-06-22,14.76,6.56,10.53,0.56,0.52,7.83,7.37
2002-06-23,15.91,5.73,9.82,0.26,0.52,6.89,7.71
2002-06-24,16.15,5.23,9.56,0.0,0.52,4.01,10.33
2002-06-25,16.56,4.11,8.94,0.01,0.52,2.6,9.19
2002-06-26,14.29,1.58,7.16,0.0,0.52,2.67,8.79
2002-06-27,12.85,3.24,7.58,3.87,0.52,2.22,4.6
2002-06-28,11.89,3.51,7.34,0.04,0.52,2.36,11.1
2002-06-29,13.69,2.84,6.88,0.0,0.52,3.45,11.1
2002-06-30,12.51,1.91,5.97,0.0,0.52,2.76,10.5
2002-07-01,14.93,1.83,6.73,0.02,0.52,1.34,10.32
2002-07-02,15.51,-0.07,6.63,0.52,0.52,-2.05,10.84
2002-07-03,12.59,3.25,7.25,2.46,0.52,3.99,6.38
2002-07-04,15.47,4.99,10.16,1.98,0.53,7.02,7.31
2002-07-05,15.54,8.43,10.87,2.0,0.53,5.68,5.93
2002-07-06,14.12,4.63,9.24,0.38,0.53,6.51,8.46
2002-07-07,15.34,5.65,9.28,0.39,0.53,5.67,8.11
2002-07-08,17.4,4.05,9.61,0.0,0.53,1.06,11.41
2002-07-09,14.58,3.27,8.07,0.13,0.52,1.25,9.67
2002-07-10,13.78,0.26,5.8,0.0,0.52,1.06,11.58
2002-07-11,16.12,0.11,7.4,0.02,0.52,-1.96,10.84
2002-07-12,19.3,3.56,10.38,0.04,0.52,3.39,11.38
2002-07-13,21.01,6.52,11.31,0.31,0.52,-0.65,7.78
2002-07-14,13.61,5.15,7.96,0.14,0.52,4.47,9.85
2002-07-15,16.22,2.44,8.41,0.02,0.52,4.13,10.02
2002-07-16,14.97,2.79,8.03,0.66,0.52,3.97,8.21
2002-07-17,14.35,5.71,9.14,0.53,0.52,6.93,9.35
2002-07-18,15.74,6.29,9.42,0.25,0.52,7.44,6.03
2002-07-19,18.39,4.78,10.65,0.0,0.52,4.24,7.97
2002-07-20,14.92,4.06,9.47,0.14,0.52,3.15,10.57
2002-07-21,13.27,1.84,6.76,0.01,0.52,2.19,12.27
2002-07-22,13.98,2.71,7.08,0.25,0.52,1.25,6.17
2002-07-23,18.5,4.22,10.06,0.97,0.51,1.56,7.2
2002-07-24,15.17,3.26,9.24,0.79,0.52,4.54,12.24
2002-07-25,14.41,0.52,6.73,0.15,0.52,1.12,4.15
2002-07-26,16.97,3.25,9.55,0.01,0.51,1.94,12.79
2002-07-27,20.59,3.44,11.01,0.05,0.51,3.61,11.59
2002-07-28,14.94,7.19,10.17,0.47,0.51,4.43,7.25
2002-07-29,15.83,4.55,9.06,0.03,0.51,4.06,12.57
2002-07-30,14.76,3.01,8.54,0.0,0.51,3.49,12.46
2002-07-31,19.52,2.61,9.99,0.02,0.51,2.75,12.9
2002-08-01,19.51,5.86,10.87,0.25,0.51,3.65,11.82
2002-08-02,17.81,4.68,10.27,0.08,0.51,5.57,10.98
2002-08-03,12.13,7.39,9.06,5.24,0.52,6.93,5.39
2002-08-04,15.58,6.18,9.83,0.21,0.52,4.38,13.64
2002-08-05,15.98,2.88,9.06,0.46,0.52,2.48,8.95
2002-08-06,16.49,7.1,11.39,0.3,0.52,5.11,11.82
2002-08-07,16.97,6.96,12.01,0.54,0.51,7.91,8.64
2002-08-08,17.59,5.45,10.37,0.0,0.51,6.33,9.08
2002-08-09,17.11,4.41,10.28,0.0,0.51,4.93,11.63
2002-08-10,22.11,5.08,12.38,0.0,0.51,1.02,14.44
2002-08-11,18.38,7.5,12.57,0.01,0.51,2.81,6.72
2002-08-12,11.16,4.69,8.33,0.95,0.51,3.99,12.58
2002-08-13,13.9,2.99,7.39,0.08,0.51,3.11,11.41
2002-08-14,14.95,3.0,7.71,0.0,0.51,2.57,14.31
2002-08-15,15.37,1.97,7.55,0.0,0.51,3.08,14.58
2002-08-16,16.13,3.08,8.24,0.0,0.51,3.74,15.0
2002-08-17,16.95,3.16,9.21,0.0,0.51,3.81,14.87
2002-08-18,16.64,3.58,8.66,0.0,0.51,2.76,16.13
2002-08-19,16.18,2.22,8.28,0.0,0.5,3.16,11.0
2002-08-20,15.29,4.04,9.36,0.02,0.5,4.64,8.23
2002-08-21,17.37,4.23,10.29,0.0,0.5,1.35,15.56
2002-08-22,16.79,2.95,9.14,0.23,0.5,2.07,14.3
2002-08-23,14.93,0.97,7.32,0.0,0.5,0.53,17.13
2002-08-24,15.56,1.82,7.4,0.0,0.5,1.21,17.12
2002-08-25,16.69,0.19,7.51,0.0,0.5,-0.57,17.68
2002-08-26,19.53,1.51,9.05,0.0,0.5,-2.54,17.38
2002-08-27,20.5,1.82,10.36,0.0,0.5,-3.58,17.55
2002-08-28,20.02,4.36,10.73,7.97,0.5,4.11,3.21
2002-08-29,16.95,3.65,10.37,0.28,0.51,5.31,12.13
2002-08-30,16.71,6.81,10.6,0.13,0.51,5.55,15.19
2002-08-31,20.39,6.27,12.84,0.64,0.51,7.09,15.58
2002-09-01,20.33,5.07,11.92,0.13,0.51,3.04,18.07
2002-09-02,26.59,6.94,15.66,0.87,0.5,2.11,10.11
2002-09-03,19.19,9.62,14.12,0.52,0.5,6.66,12.32
2002-09-04,18.37,7.23,12.53,0.09,0.5,4.97,13.29
2002-09-05,22.64,4.18,13.02,0.06,0.5,2.69,17.42
2002-09-06,18.08,8.37,12.51,0.84,0.5,4.67,18.36
2002-09-07,15.86,5.73,11.76,1.22,0.5,5.43,14.35
2002-09-08,19.31,3.69,11.6,0.02,0.5,3.94,14.64
2002-09-09,15.32,5.7,10.69,0.4,0.5,2.73,12.93
2002-09-10,14.59,1.78,7.77,0.01,0.5,-0.23,18.03
2002-09-11,17.19,0.49,9.34,0.0,0.5,0.05,19.99
2002-09-12,20.68,2.58,11.37,0.0,0.49,-1.68,20.48
2002-09-13,23.86,2.8,12.98,0.0,0.49,-4.02,20.06
2002-09-14,27.03,6.46,16.2,0.0,0.49,-2.15,17.7
2002-09-15,28.39,10.03,19.49,0.34,0.49,0.64,14.95
2002-09-16,21.02,7.68,14.24,9.65,0.5,7.65,4.81
2002-09-17,16.17,3.49,9.9,0.02,0.5,3.04,16.36
2002-09-18,17.81,8.98,12.74,1.25,0.5,7.58,12.04
2002-09-19,17.51,5.64,10.94,0.1,0.5,3.83,14.08
2002-09-20,19.63,3.54,11.06,0.0,0.5,4.73,20.38
2002-09-21,25.55,5.75,15.15,0.0,0.5,5.54,21.32
2002-09-22,24.78,7.98,15.7,0.0,0.49,8.94,21.7
2002-09-23,25.5,7.28,15.75,0.0,0.49,7.11,22.03
2002-09-24,22.9,9.06,15.43,0.01,0.49,3.56,22.49
2002-09-25,20.44,7.0,13.21,0.54,0.49,3.55,19.0
2002-09-26,20.42,4.16,11.95,0.0,0.49,2.09,22.66
2002-09-27,20.6,7.5,13.03,0.18,0.49,3.96,16.93
2002-09-28,13.37,5.95,9.66,0.45,0.49,3.89,18.15
2002-09-29,18.0,4.7,10.41,0.05,0.49,3.22,18.92
2002-09-30,19.49,4.09,11.8,0.0,0.49,4.06,21.89
2002-10-01,25.06,5.02,15.09,0.0,0.48,-0.77,23.28
2002-10-02,29.08,8.83,18.2,0.0,0.48,-6.8,19.82
2002-10-03,23.75,10.32,15.91,2.83,0.48,-0.21,12.0
2002-10-04,19.84,7.76,12.54,2.63,0.49,6.19,14.28
2002-10-05,22.22,7.23,14.37,0.06,0.49,8.6,16.03
2002-10-06,26.23,9.16,17.8,0.24,0.49,5.76,19.25
2002-10-07,27.01,11.39,18.69,0.19,0.48,3.2,19.72
2002-10-08,17.63,6.85,12.75,0.22,0.48,1.86,21.24
2002-10-09,19.26,3.31,11.23,0.0,0.48,1.37,24.97
2002-10-10,22.02,6.1,13.41,0.0,0.48,2.43,25.6
2002-10-11,25.73,5.92,15.63,0.0,0.48,3.63,25.84
2002-10-12,28.35,10.95,19.35,0.11,0.48,4.19,20.92
2002-10-13,20.63,8.08,14.04,0.08,0.48,4.54,21.59
2002-10-14,19.59,9.39,13.76,0.8,0.48,6.48,18.6
2002-10-15,22.74,8.8,15.65,0.06,0.48,8.37,19.81
2002-10-16,29.14,12.38,20.0,0.02,0.48,4.92,19.75
2002-10-17,23.54,8.95,15.95,0.06,0.48,7.26,19.92
2002-10-18,34.04,10.21,19.85,0.0,0.48,4.4,24.29
2002-10-19,23.97,9.83,15.97,0.0,0.48,4.38,25.61
2002-10-20,24.09,7.89,15.64,0.0,0.48,5.63,24.72
2002-10-21,23.53,7.36,15.24,0.01,0.48,5.31,26.11
2002-10-22,28.19,9.68,17.61,0.51,0.48,3.86,14.77
2002-10-23,16.95,8.18,12.63,0.66,0.48,3.74,21.68
2002-10-24,21.46,5.15,13.19,0.76,0.48,2.78,24.0
2002-10-25,23.59,9.1,15.13,0.01,0.48,5.82,25.17
2002-10-26,21.81,4.86,13.1,0.0,0.48,0.5,29.04
2002-10-27,23.61,5.78,14.42,0.0,0.48,3.96,28.71
2002-10-28,26.04,6.54,15.94,0.0,0.48,2.3,28.54
2002-10-29,30.36,7.08,19.38,0.0,0.48,-1.13,27.39
2002-10-30,27.93,12.38,20.14,0.0,0.48,3.71,27.13
2002-10-31,25.42,7.47,16.1,0.0,0.48,1.98,28.92
2002-11-01,29.33,6.42,17.69,0.0,0.48,-1.58,29.28
2002-11-02,36.23,14.63,23.37,1.94,0.48,1.38,15.49
2002-11-03,24.05,11.05,17.15,0.34,0.48,6.57,25.58
2002-11-04,21.07,7.06,13.77,0.27,0.48,3.02,26.64
2002-11-05,24.37,5.55,15.12,0.0,0.48,2.56,29.73
2002-11-06,29.76,9.19,19.91,0.0,0.48,3.18,30.1
2002-11-07,34.47,12.86,23.83,0.0,0.48,-2.86,27.41
2002-11-08,34.43,15.28,23.38,0.0,0.48,2.62,28.48
2002-11-09,32.19,11.71,22.15,0.0,0.48,6.54,30.04
2002-11-10,29.69,13.16,20.02,0.0,0.48,5.27,24.24
2002-11-11,34.33,8.94,22.2,0.0,0.47,0.74,30.77
2002-11-12,38.97,11.86,24.15,1.43,0.47,1.96,13.2
2002-11-13,23.71,8.57,16.03,0.0,0.48,-0.65,31.16
2002-11-14,25.9,9.6,17.61,0.0,0.48,3.12,29.39
2002-11-15,27.91,8.76,18.02,0.0,0.48,0.41,30.99
2002-11-16,32.84,7.95,21.84,0.0,0.48,-0.78,32.07
2002-11-17,34.71,15.73,25.01,0.0,0.47,1.03,20.07
2002-11-18,37.45,15.09,26.49,0.0,0.47,6.49,29.06
2002-11-19,34.2,17.28,24.48,0.04,0.47,10.37,18.41
2002-11-20,24.8,13.06,18.54,2.5,0.48,7.94,15.8
2002-11-21,28.65,9.34,19.06,0.0,0.48,-2.21,32.29
2002-11-22,32.56,10.17,22.04,0.0,0.48,-2.39,32.55
2002-11-23,35.59,12.79,24.51,0.0,0.48,0.45,30.74
2002-11-24,33.49,22.24,26.95,0.0,0.48,9.43,19.74
2002-11-25,29.95,20.83,24.73,2.13,0.48,13.09,11.54
2002-11-26,27.13,13.18,20.24,13.01,0.49,12.98,11.86
2002-11-27,26.49,9.54,17.97,0.0,0.5,7.43,30.31
2002-11-28,29.47,11.44,21.16,0.0,0.5,9.29,31.43
2002-11-29,26.79,12.12,20.43,0.0,0.49,8.76,24.2
2002-11-30,25.76,8.97,17.11,0.0,0.49,3.73,32.66
2002-12-01,30.45,11.19,21.34,0.0,0.49,8.58,32.65
2002-12-02,36.33,15.71,25.18,0.0,0.48,5.88,22.25
2002-12-03,30.24,13.61,20.83,0.02,0.48,4.38,31.5
2002-12-04,21.08,11.43,15.76,0.33,0.48,5.33,19.98
2002-12-05,20.6,9.05,15.0,2.09,0.48,5.14,21.6
2002-12-06,22.07,6.25,13.94,0.03,0.48,2.52,27.48
2002-12-07,22.93,7.0,15.66,0.0,0.48,3.68,30.74
2002-12-08,30.57,11.72,20.35,0.0,0.48,3.45,31.18
2002-12-09,20.06,8.13,14.72,0.0,0.48,3.59,25.37
2002-12-10,24.91,7.03,16.04,0.0,0.48,3.43,32.08
2002-12-11,28.99,9.02,18.74,0.0,0.48,6.39,32.63
2002-12-12,26.52,10.58,18.14,0.0,0.48,3.54,30.4
2002-12-13,27.61,9.52,18.69,0.0,0.48,4.11,30.61
2002-12-14,32.6,10.61,22.27,0.0,0.48,3.15,31.95
2002-12-15,39.5,16.48,29.0,0.0,0.48,-0.88,31.42
2002-12-16,40.95,19.54,30.74,0.0,0.47,4.42,27.54
2002-12-17,40.45,21.22,31.06,0.02,0.47,5.17,18.64
2002-12-18,40.62,21.25,30.27,0.0,0.47,7.27,25.29
2002-12-19,40.36,19.72,30.35,0.0,0.47,7.8,30.8
2002-12-20,40.36,20.01,30.62,0.0,0.47,5.36,31.32
2002-12-21,41.76,19.09,31.12,0.0,0.47,5.61,32.29
2002-12-22,32.6,14.36,24.69,0.0,0.47,4.89,30.14
2002-12-23,28.36,10.97,19.05,0.0,0.47,1.92,32.99
2002-12-24,30.1,10.58,20.02,0.0,0.47,4.38,33.24
2002-12-25,29.78,10.87,20.4,0.0,0.47,4.65,32.73
2002-12-26,30.96,11.65,21.46,0.0,0.47,3.4,32.05
2002-12-27,33.74,14.09,23.76,0.0,0.47,3.16,31.86
2002-12-28,37.81,15.11,27.89,0.0,0.47,4.64,28.78
2002-12-29,37.7,24.02,29.86,0.33,0.47,8.95,10.06
2002-12-30,36.35,20.98,26.53,21.02,0.48,16.71,17.39
2002-12-31,28.21,15.06,21.99,8.18,0.52,12.73,21.04
2003-01-01,21.95,11.91,16.47,9.43,0.53,8.26,18.48
2003-01-02,26.41,8.87,18.05,0.0,0.53,8.84,32.04
2003-01-03,28.24,13.2,20.67,0.0,0.53,10.36,30.57
2003-01-04,28.74,9.9,19.61,0.0,0.52,5.95,33.33
2003-01-05,31.72,12.03,22.16,0.0,0.52,7.53,33.6
2003-01-06,36.2,13.2,25.9,0.0,0.51,6.79,32.47
2003-01-07,40.37,19.08,29.52,0.0,0.51,8.28,28.6
2003-01-08,25.34,12.68,19.17,0.0,0.5,4.95,32.23
2003-01-09,27.53,9.46,18.38,0.0,0.5,6.42,32.43
2003-01-10,30.59,11.03,20.64,0.0,0.5,8.28,32.3
2003-01-11,33.9,12.59,23.28,0.0,0.49,8.88,31.59
2003-01-12,33.46,18.54,25.36,0.0,0.49,6.95,31.6
2003-01-13,35.85,17.83,26.25,0.0,0.49,6.78,25.21
2003-01-14,30.52,16.61,22.71,0.0,0.48,5.33,30.85
2003-01-15,30.62,12.72,21.15,0.0,0.48,6.15,31.45
2003-01-16,32.57,13.7,23.0,0.0,0.48,8.48,31.45
2003-01-17,38.55,15.86,28.1,0.0,0.48,8.22,30.2
2003-01-18,36.16,17.94,26.95,0.0,0.48,5.93,30.78
2003-01-19,37.52,14.61,26.15,0.0,0.48,3.09,30.28
2003-01-20,41.92,20.02,30.6,0.0,0.48,4.47,22.66
2003-01-21,33.41,16.55,25.49,0.0,0.48,5.2,30.42
2003-01-22,32.77,13.01,21.85,0.0,0.48,4.22,31.41
2003-01-23,35.47,11.9,23.94,0.0,0.48,7.15,29.59
2003-01-24,42.55,17.87,31.11,0.0,0.47,8.79,28.15
2003-01-25,44.88,26.09,36.25,0.0,0.47,9.26,28.02
2003-01-26,37.3,20.71,30.63,0.03,0.47,10.58,17.46
2003-01-27,32.22,14.71,23.35,0.0,0.47,2.26,31.06
2003-01-28,35.74,13.47,25.37,0.0,0.47,4.25,29.18
2003-01-29,41.02,21.73,32.19,0.0,0.47,5.47,28.08
2003-01-30,29.03,14.76,24.07,0.47,0.47,9.16,16.38
2003-01-31,25.83,12.31,18.94,0.0,0.47,3.58,30.21
2003-02-01,29.29,11.82,20.68,0.0,0.47,5.33,30.42
2003-02-02,33.93,12.14,23.52,0.0,0.47,6.5,30.21
2003-02-03,36.93,18.94,28.05,0.0,0.47,5.99,28.58
2003-02-04,37.34,20.25,29.0,0.0,0.47,3.84,29.78
2003-02-05,33.36,20.81,27.21,0.02,0.47,9.84,16.11
2003-02-06,34.82,16.92,25.83,0.0,0.47,9.75,30.04
2003-02-07,35.33,15.89,25.6,0.0,0.47,8.66,29.66
2003-02-08,32.22,14.49,22.78,0.0,0.47,5.04,29.53
2003-02-09,33.79,12.84,23.36,0.0,0.47,6.41,29.91
2003-02-10,32.45,15.54,23.87,0.0,0.47,5.25,29.78
2003-02-11,32.55,15.64,23.87,0.0,0.47,4.17,29.28
2003-02-12,37.08,15.33,26.6,0.01,0.47,4.18,23.31
2003-02-13,34.25,18.1,25.76,0.0,0.47,6.88,28.49
2003-02-14,34.51,13.27,23.77,0.0,0.47,3.42,29.43
2003-02-15,35.86,14.85,25.55,0.03,0.47,5.95,27.2
2003-02-16,29.99,19.95,24.26,0.12,0.47,10.9,16.48
2003-02-17,29.6,14.67,21.12,0.0,0.47,4.48,26.18
2003-02-18,30.2,11.3,20.15,0.0,0.47,3.31,27.93
2003-02-19,30.2,13.05,21.45,0.0,0.47,5.1,24.74
2003-02-20,21.72,16.23,19.37,31.75,0.49,14.98,4.38
2003-02-21,30.59,20.39,24.76,24.79,0.57,20.26,14.81
2003-02-22,30.82,18.98,24.54,1.77,0.57,19.02,13.71
2003-02-23,33.22,18.51,26.04,0.03,0.56,19.13,22.33
2003-02-24,34.11,21.44,26.78,0.0,0.55,16.01,26.5
2003-02-25,33.84,16.83,26.0,0.0,0.55,13.19,26.27
2003-02-26,34.36,18.37,27.18,0.0,0.54,13.98,26.14
2003-02-27,33.73,17.73,25.83,0.0,0.54,12.74,26.13
2003-02-28,22.2,13.11,17.36,0.02,0.53,7.68,20.92
2003-03-01,18.87,10.15,14.25,0.04,0.53,4.61,23.49
2003-03-02,22.62,8.05,15.2,0.0,0.53,6.66,22.88
2003-03-03,24.63,9.75,17.01,0.0,0.53,8.96,24.88
2003-03-04,24.97,10.82,17.56,0.0,0.52,9.11,21.8
2003-03-05,26.03,10.44,17.51,0.0,0.52,6.68,26.1
2003-03-06,26.83,9.33,17.74,0.0,0.52,5.69,26.05
2003-03-07,27.88,12.66,19.84,0.0,0.52,5.98,22.87
2003-03-08,24.86,11.69,17.38,0.0,0.51,7.0,25.94
2003-03-09,25.53,10.76,17.91,0.0,0.51,9.83,23.3
2003-03-10,27.84,13.19,20.12,0.0,0.51,11.78,23.67
2003-03-11,28.71,14.03,21.27,0.0,0.51,12.0,24.19
2003-03-12,31.63,14.94,23.85,0.0,0.5,11.26,23.98
2003-03-13,32.41,16.82,24.05,0.0,0.5,11.4,21.57
2003-03-14,26.37,11.34,18.68,0.0,0.5,8.31,23.51
2003-03-15,26.96,12.32,19.02,0.0,0.5,10.58,23.12
2003-03-16,30.12,12.35,21.52,0.0,0.49,9.88,23.41
2003-03-17,33.8,16.09,25.2,0.0,0.49,9.14,23.41
2003-03-18,33.98,16.7,25.44,0.0,0.49,6.5,22.66
2003-03-19,28.93,11.76,20.69,0.63,0.49,8.78,18.78
2003-03-20,17.34,9.67,13.39,0.08,0.49,5.48,14.91
2003-03-21,20.64,6.97,13.34,0.0,0.49,5.56,19.56
2003-03-22,22.14,10.12,15.67,0.0,0.49,8.3,13.15
2003-03-23,24.73,9.56,16.6,0.0,0.49,7.93,22.14
2003-03-24,27.58,10.0,18.89,0.0,0.48,7.62,22.12
2003-03-25,30.2,13.38,21.3,0.0,0.48,4.26,21.23
2003-03-26,28.97,11.24,19.4,0.0,0.48,8.35,17.75
2003-03-27,28.61,12.59,20.14,0.0,0.48,9.93,21.0
2003-03-28,28.07,11.92,19.58,0.0,0.48,10.48,19.89
2003-03-29,26.21,12.41,18.9,0.0,0.48,9.39,20.93
2003-03-30,26.48,12.35,18.82,0.0,0.48,9.71,17.4
2003-03-31,27.13,11.44,18.71,0.0,0.48,7.77,19.91
2003-04-01,27.78,13.82,20.88,0.0,0.48,8.53,16.03
2003-04-02,25.61,16.17,20.74,0.15,0.48,9.33,10.2
2003-04-03,23.78,10.21,16.27,0.0,0.48,5.8,20.53
2003-04-04,23.86,8.28,15.28,0.0,0.48,3.29,20.46
2003-04-05,24.92,8.29,16.15,0.0,0.48,2.77,20.12
2003-04-06,27.44,10.8,18.37,0.0,0.48,0.46,18.68
2003-04-07,30.17,11.08,20.1,0.4,0.48,1.85,15.09
2003-04-08,24.61,12.18,18.15,0.59,0.48,8.97,11.66
2003-04-09,23.93,8.27,15.39,0.0,0.48,4.73,18.85
2003-04-10,25.93,9.7,17.33,0.25,0.48,4.56,18.06
2003-04-11,25.05,13.55,18.6,6.16,0.48,10.15,17.04
2003-04-12,24.84,11.53,18.24,0.0,0.49,11.96,15.23
2003-04-13,26.6,14.08,20.16,2.69,0.49,12.24,5.61
2003-04-14,22.59,11.33,16.15,0.12,0.49,7.98,13.33
2003-04-15,20.12,8.48,14.4,0.35,0.49,6.44,11.92
2003-04-16,18.86,5.78,11.81,0.0,0.49,4.3,16.04
2003-04-17,21.57,6.21,13.03,0.0,0.49,4.6,17.99
2003-04-18,23.29,8.43,15.0,0.0,0.49,7.79,17.24
2003-04-19,24.59,8.97,15.8,0.0,0.48,7.92,17.05
2003-04-20,24.62,7.95,15.98,0.0,0.48,6.7,17.03
2003-04-21,26.22,9.03,16.25,0.0,0.48,6.3,16.36
2003-04-22,25.64,10.0,16.92,0.0,0.48,9.28,16.34
2003-04-23,27.09,10.22,17.53,0.0,0.48,7.04,15.4
2003-04-24,22.97,9.88,15.79,0.0,0.48,7.99,16.19
2003-04-25,25.71,10.2,16.64,0.0,0.48,8.07,15.71
2003-04-26,24.1,11.3,17.21,0.37,0.48,9.32,12.99
2003-04-27,22.25,12.66,16.78,1.87,0.48,12.32,12.31
2003-04-28,24.33,11.26,16.96,0.14,0.48,10.02,12.57
2003-04-29,21.07,9.72,14.61,0.0,0.48,8.07,15.04
2003-04-30,19.57,8.98,14.06,0.63,0.48,10.33,10.65
2003-05-01,18.13,7.69,12.23,0.01,0.48,4.78,14.66
2003-05-02,20.55,6.35,13.29,0.0,0.48,7.78,11.12
2003-05-03,20.72,9.19,14.01,0.0,0.48,9.0,11.49
2003-05-04,19.39,5.81,11.34,0.0,0.48,2.21,15.21
2003-05-05,21.74,4.62,12.19,0.0,0.48,1.86,14.23
2003-05-06,23.39,7.89,16.12,0.0,0.48,2.3,14.42
2003-05-07,24.74,10.65,17.1,0.0,0.48,5.5,13.02
2003-05-08,24.37,10.61,16.87,0.0,0.48,6.21,11.45
2003-05-09,20.75,10.41,15.1,0.03,0.48,6.68,7.1
2003-05-10,18.82,7.88,12.8,0.09,0.48,5.08,8.2
2003-05-11,15.07,10.1,12.23,0.29,0.48,7.36,6.62
2003-05-12,20.4,11.15,14.61,0.02,0.48,8.89,6.29
2003-05-13,21.14,10.02,14.41,2.05,0.48,8.25,10.05
2003-05-14,16.81,12.21,14.22,8.02,0.49,12.2,6.29
2003-05-15,18.85,11.61,14.71,1.14,0.5,11.61,8.81
2003-05-16,20.13,8.95,14.53,0.06,0.5,9.96,7.62
2003-05-17,19.79,9.07,14.15,2.46,0.5,7.72,7.12
2003-05-18,22.82,11.13,15.99,6.41,0.51,10.06,9.91
2003-05-19,18.62,10.06,14.39,3.07,0.51,9.07,9.42
2003-05-20,18.56,8.65,12.51,2.61,0.52,8.24,9.18
2003-05-21,15.34,6.98,10.43,0.13,0.52,5.68,8.57
2003-05-22,14.44,3.1,8.58,0.0,0.52,3.16,10.53
2003-05-23,16.31,2.64,9.05,0.28,0.51,3.92,5.86
2003-05-24,16.77,6.38,11.28,0.02,0.51,7.04,8.66
2003-05-25,17.84,6.39,11.47,0.01,0.51,8.59,9.78
2003-05-26,17.54,7.49,11.14,0.0,0.51,8.02,10.93
2003-05-27,17.25,6.07,10.15,0.02,0.51,5.95,11.57
2003-05-28,18.15,3.58,9.67,0.0,0.51,3.89,11.97
2003-05-29,17.78,5.98,11.51,0.0,0.51,2.46,12.1
2003-05-30,16.99,2.55,9.43,0.0,0.51,1.48,12.09
2003-05-31,20.48,3.91,11.23,1.68,0.51,5.58,10.65
2003-06-01,20.47,10.96,13.98,4.31,0.52,9.1,6.16
2003-06-02,21.23,10.07,13.96,0.09,0.52,7.1,10.67
2003-06-03,17.85,7.45,11.43,0.06,0.51,6.79,10.47
2003-06-04,20.37,6.68,12.56,0.06,0.51,4.95,8.88
2003-06-05,16.16,8.39,11.66,0.07,0.51,4.97,9.84
2003-06-06,17.03,6.97,10.97,6.95,0.51,4.69,6.56
2003-06-07,14.76,5.72,9.21,0.12,0.52,5.5,9.69
2003-06-08,14.57,6.87,10.18,0.22,0.52,7.02,7.59
2003-06-09,14.61,7.44,11.12,0.03,0.52,6.22,5.93
2003-06-10,15.29,3.06,8.26,0.0,0.52,3.55,9.49
2003-06-11,17.21,3.13,8.67,0.01,0.52,2.93,10.52
2003-06-12,16.41,4.53,9.13,2.24,0.52,5.68,7.22
2003-06-13,14.96,3.5,8.38,2.28,0.52,5.53,8.51
2003-06-14,13.36,6.46,9.29,0.47,0.53,6.21,8.85
2003-06-15,13.62,6.65,8.96,0.95,0.53,7.32,8.2
2003-06-16,14.44,5.52,8.54,0.08,0.53,6.4,8.08
2003-06-17,16.39,6.5,9.66,0.02,0.52,7.27,8.57
2003-06-18,14.87,6.2,9.52,0.01,0.52,7.68,5.34
2003-06-19,16.15,6.19,10.62,0.0,0.52,7.61,5.99
2003-06-20,14.51,6.49,9.65,0.0,0.52,5.77,8.31
2003-06-21,13.41,3.41,8.6,0.64,0.52,5.54,7.16
2003-06-22,12.79,6.58,8.78,3.27,0.53,6.91,6.99
2003-06-23,13.09,6.04,8.53,0.26,0.53,6.15,6.37
2003-06-24,12.7,4.25,8.15,0.02,0.53,4.19,6.36
2003-06-25,12.41,1.72,5.93,0.02,0.53,2.45,7.21
2003-06-26,16.71,0.46,7.64,0.0,0.53,4.07,9.81
2003-06-27,12.01,5.82,8.63,9.25,0.54,7.4,3.99
2003-06-28,16.68,6.24,10.86,5.02,0.54,8.74,7.15
2003-06-29,14.6,7.94,11.07,5.66,0.55,9.67,6.8
2003-06-30,14.5,6.86,10.2,2.17,0.56,8.72,5.37
2003-07-01,13.65,8.16,10.2,4.01,0.56,8.52,4.39
2003-07-02,14.4,7.26,9.92,3.54,0.57,7.84,6.33
2003-07-03,14.19,6.49,9.65,0.17,0.57,6.26,7.73
2003-07-04,16.21,5.18,9.58,0.01,0.57,5.09,9.68
2003-07-05,18.29,4.8,10.1,0.0,0.57,4.92,10.73
2003-07-06,17.64,3.63,9.49,0.0,0.57,2.61,11.16
2003-07-07,17.23,5.53,10.53,0.01,0.56,4.36,10.21
2003-07-08,13.0,8.32,10.36,0.56,0.56,7.0,7.28
2003-07-09,16.54,6.35,10.37,0.01,0.56,6.54,7.56
2003-07-10,13.76,5.35,7.8,0.01,0.56,5.16,9.12
2003-07-11,16.14,6.34,11.55,1.24,0.56,6.25,6.8
2003-07-12,14.3,5.65,9.72,0.1,0.56,5.71,9.79
2003-07-13,14.85,5.04,8.8,0.19,0.56,5.99,10.93
2003-07-14,16.24,4.35,8.94,0.0,0.56,3.26,11.08
2003-07-15,17.86,3.57,9.21,0.01,0.56,1.88,11.44
2003-07-16,13.05,3.74,7.38,0.07,0.56,5.0,7.62
2003-07-17,14.93,1.41,7.07,0.0,0.56,4.03,10.75
2003-07-18,14.76,1.59,7.25,0.0,0.56,4.18,11.92
2003-07-19,14.09,1.72,6.45,0.0,0.55,3.51,12.27
2003-07-20,16.24,1.89,7.38,0.0,0.55,3.26,12.36
2003-07-21,18.8,4.83,10.46,3.05,0.55,5.86,10.27
2003-07-22,16.02,4.55,9.13,0.05,0.56,4.68,11.19
2003-07-23,12.83,3.92,6.79,15.8,0.57,4.96,1.69
2003-07-24,12.64,5.55,8.33,1.99,0.59,5.65,9.4
2003-07-25,11.43,3.51,7.31,2.67,0.59,4.72,9.35
2003-07-26,13.37,2.73,6.78,0.1,0.59,2.8,9.06
2003-07-27,13.69,1.21,6.53,0.0,0.58,-0.37,13.14
2003-07-28,16.83,0.77,8.0,6.21,0.58,1.2,12.69
2003-07-29,11.71,2.73,7.0,0.41,0.59,3.56,11.72
2003-07-30,11.59,2.33,5.58,0.25,0.59,2.98,11.46
2003-07-31,14.52,2.95,8.22,0.17,0.59,5.2,11.91
2003-08-01,15.14,3.39,7.99,0.0,0.59,4.26,13.22
2003-08-02,18.11,1.43,8.36,0.0,0.59,1.75,13.66
2003-08-03,17.65,2.23,9.36,0.0,0.58,1.09,12.51
2003-08-04,17.57,5.31,11.31,0.01,0.58,0.36,9.71
2003-08-05,15.04,5.69,10.58,1.1,0.58,3.03,9.92
2003-08-06,14.13,3.79,8.09,0.44,0.58,5.74,11.41
2003-08-07,15.55,4.14,8.72,0.01,0.58,4.96,11.39
2003-08-08,14.81,3.12,8.89,0.89,0.58,5.3,12.38
2003-08-09,12.32,2.35,6.7,0.1,0.58,1.95,14.57
2003-08-10,10.64,-0.97,5.01,1.78,0.58,0.36,9.1
2003-08-11,14.29,3.98,8.09,4.34,0.59,5.84,6.87
2003-08-12,20.22,6.19,12.33,2.27,0.58,8.05,10.3
2003-08-13,14.94,7.73,11.73,5.1,0.59,10.79,3.24
2003-08-14,13.28,2.76,7.64,0.06,0.59,2.91,13.97
2003-08-15,12.51,-0.02,6.0,0.0,0.59,1.09,9.47
2003-08-16,13.49,2.27,7.3,0.0,0.59,0.99,15.83
2003-08-17,14.87,2.42,8.17,1.5,0.59,2.4,11.33
2003-08-18,13.06,3.2,7.06,0.16,0.59,2.75,14.19
2003-08-19,13.83,1.74,6.17,0.04,0.59,1.81,16.56
2003-08-20,14.1,0.79,6.79,0.0,0.58,1.45,15.45
2003-08-21,13.14,4.66,7.98,13.67,0.59,6.05,7.21
2003-08-22,17.25,5.23,9.87,0.01,0.61,5.5,14.14
2003-08-23,15.04,5.6,10.42,9.63,0.61,8.9,3.61
2003-08-24,14.86,6.31,9.66,14.81,0.64,6.58,7.99
2003-08-25,13.03,3.26,8.19,0.5,0.64,5.03,12.64
2003-08-26,12.15,1.65,6.89,0.53,0.64,4.59,14.86
2003-08-27,13.88,4.16,8.15,0.22,0.63,5.8,13.59
2003-08-28,16.46,4.47,9.84,0.01,0.63,5.58,14.75
2003-08-29,17.52,5.91,11.31,0.22,0.63,3.59,14.39
2003-08-30,11.83,4.12,8.87,3.77,0.63,3.96,15.76
2003-08-31,13.42,3.19,7.65,1.56,0.63,3.87,14.62
2003-09-01,13.75,1.18,7.1,0.02,0.63,3.82,14.42
2003-09-02,12.86,4.99,8.83,0.08,0.63,6.64,12.37
2003-09-03,16.39,4.79,9.34,0.0,0.62,5.13,18.93
2003-09-04,18.44,1.06,9.54,0.0,0.62,4.11,19.77
2003-09-05,17.86,5.25,10.53,0.01,0.62,4.27,16.13
2003-09-06,14.31,5.05,8.88,2.02,0.62,5.45,9.0
2003-09-07,16.4,3.26,8.87,0.15,0.62,4.97,19.04
2003-09-08,18.38,2.14,9.78,0.01,0.61,4.87,19.41
2003-09-09,21.35,6.82,13.06,0.01,0.61,7.17,19.03
2003-09-10,18.37,6.49,12.31,1.23,0.61,9.36,15.45
2003-09-11,15.56,4.93,10.79,1.33,0.61,7.99,7.29
2003-09-12,15.69,5.37,10.88,1.08,0.61,6.46,17.24
2003-09-13,20.28,3.93,10.54,3.26,0.61,4.55,13.57
2003-09-14,11.82,5.93,8.2,4.28,0.61,4.2,16.61
2003-09-15,14.22,5.41,9.23,1.83,0.61,6.1,13.77
2003-09-16,14.82,7.44,10.96,0.77,0.61,8.27,13.43
2003-09-17,18.84,8.12,12.47,0.49,0.61,8.89,14.98
2003-09-18,16.92,7.15,11.95,0.72,0.61,7.92,14.26
2003-09-19,16.99,4.96,11.6,0.09,0.6,5.59,19.9
2003-09-20,19.8,4.7,11.56,0.06,0.6,3.76,22.48
2003-09-21,21.82,10.19,15.56,0.89,0.6,6.85,22.44
2003-09-22,31.16,6.56,15.96,0.18,0.59,8.62,13.19
2003-09-23,23.87,5.06,14.7,1.26,0.59,8.85,17.91
2003-09-24,19.82,8.47,14.22,0.0,0.59,5.2,22.74
2003-09-25,20.46,8.82,14.13,0.17,0.58,7.28,15.24
2003-09-26,16.9,6.08,11.05,1.19,0.58,5.81,16.2
2003-09-27,14.34,3.82,8.65,1.43,0.58,2.51,23.0
2003-09-28,19.84,1.26,10.72,0.0,0.58,1.99,22.44
2003-09-29,14.68,3.73,8.56,0.01,0.57,1.81,20.5
2003-09-30,17.24,1.31,9.51,0.0,0.57,1.67,23.37
2003-10-01,13.84,6.57,8.98,12.19,0.58,6.92,5.73
2003-10-02,15.96,7.17,11.06,2.07,0.59,7.56,10.57
2003-10-03,18.61,4.26,11.18,0.0,0.59,5.65,21.03
2003-10-04,18.7,3.41,10.84,0.0,0.59,5.03,18.81
2003-10-05,20.54,7.22,13.38,0.62,0.58,5.85,18.24
2003-10-06,19.59,5.96,12.49,0.05,0.58,6.11,24.82
2003-10-07,20.11,5.43,12.89,0.02,0.58,6.25,24.69
2003-10-08,16.82,5.73,11.58,0.14,0.57,4.25,17.97
2003-10-09,16.1,1.55,9.08,0.01,0.57,1.85,23.39
2003-10-10,14.9,5.31,9.15,0.14,0.57,2.58,22.94
2003-10-11,17.83,3.35,9.71,0.01,0.57,2.78,26.49
2003-10-12,19.61,4.84,11.44,0.01,0.56,4.44,26.52
2003-10-13,22.27,6.53,14.3,0.0,0.56,6.47,24.7
2003-10-14,26.14,7.52,17.04,0.0,0.56,6.03,26.97
2003-10-15,24.64,9.91,16.68,0.02,0.55,7.04,23.38
2003-10-16,22.08,5.38,13.76,0.0,0.55,6.26,26.49
2003-10-17,25.78,7.35,16.65,0.0,0.55,8.03,27.44
2003-10-18,31.17,9.64,20.75,0.04,0.54,7.23,27.14
2003-10-19,19.62,8.57,14.5,3.92,0.54,5.64,20.27
2003-10-20,22.74,7.2,14.92,0.02,0.54,7.27,22.6
2003-10-21,18.09,9.33,13.52,4.69,0.54,8.28,14.84
2003-10-22,18.77,6.24,12.54,0.01,0.55,3.69,24.26
2003-10-23,21.97,9.53,15.0,0.46,0.54,6.84,25.89
2003-10-24,23.29,7.2,15.27,0.0,0.54,7.32,24.87
2003-10-25,19.6,9.44,14.0,1.01,0.54,8.34,15.91
2003-10-26,19.53,5.36,11.88,0.0,0.54,3.49,28.98
2003-10-27,19.58,3.65,11.82,0.49,0.54,3.17,28.88
2003-10-28,20.9,7.66,13.0,7.67,0.55,6.77,21.56
2003-10-29,18.43,5.59,11.51,0.07,0.55,3.7,22.38
2003-10-30,20.18,3.78,12.48,0.7,0.54,4.02,25.1
2003-10-31,15.16,7.25,11.19,4.69,0.55,5.46,19.71
2003-11-01,18.61,5.72,11.66,0.37,0.55,4.84,18.86
2003-11-02,20.33,7.01,12.61,0.19,0.54,4.44,25.31
2003-11-03,20.6,3.0,12.2,0.0,0.54,2.58,30.83
2003-11-04,27.93,5.28,17.03,0.0,0.54,3.06,30.84
2003-11-05,28.17,9.07,18.97,0.0,0.53,3.03,21.4
2003-11-06,30.07,12.53,20.73,0.0,0.53,7.06,27.96
2003-11-07,26.47,8.13,17.19,0.0,0.53,5.45,30.99
2003-11-08,26.25,8.76,17.28,0.0,0.52,7.41,30.94
2003-11-09,27.64,8.57,18.11,0.0,0.52,7.5,30.95
2003-11-10,28.7,8.74,18.91,0.0,0.52,7.52,30.86
2003-11-11,28.29,9.08,18.69,0.0,0.51,7.78,31.24
2003-11-12,26.17,8.81,16.98,0.0,0.51,5.91,31.76
2003-11-13,29.48,7.8,18.48,0.0,0.51,5.24,31.85
2003-11-14,34.91,10.74,23.73,0.0,0.5,5.31,32.45
2003-11-15,39.88,15.88,27.27,0.0,0.5,6.04,30.32
2003-11-16,24.52,10.19,16.98,0.0,0.5,4.15,30.01
2003-11-17,28.83,9.76,19.25,0.0,0.49,4.91,30.62
2003-11-18,27.9,13.01,19.78,0.15,0.49,7.77,17.82
2003-11-19,38.64,17.09,28.01,2.99,0.49,12.09,22.88
2003-11-20,32.79,17.53,24.82,0.65,0.49,17.13,16.23
2003-11-21,29.28,12.13,20.28,0.13,0.49,7.54,25.96
2003-11-22,21.47,10.43,15.03,7.18,0.49,7.57,17.32
2003-11-23,22.79,10.18,15.81,1.16,0.5,7.89,11.06
2003-11-24,25.48,9.74,17.59,0.0,0.5,7.7,30.19
2003-11-25,26.99,9.29,18.24,0.0,0.5,6.05,32.82
2003-11-26,28.6,11.03,19.79,0.0,0.49,6.84,32.65
2003-11-27,31.43,10.75,21.5,0.0,0.49,4.78,33.29
2003-11-28,34.34,13.15,24.59,0.0,0.49,4.02,30.9
2003-11-29,35.11,19.04,26.59,0.02,0.48,3.25,23.33
2003-11-30,35.27,19.69,26.9,0.21,0.48,10.76,30.78
2003-12-01,30.84,14.23,22.01,0.0,0.48,9.27,31.37
2003-12-02,34.15,12.95,23.95,0.01,0.48,9.81,28.97
2003-12-03,33.2,19.99,26.77,0.68,0.48,11.87,28.08
2003-12-04,29.29,16.31,24.24,3.12,0.48,12.56,14.53
2003-12-05,26.41,11.99,18.32,0.0,0.48,3.78,33.43
2003-12-06,30.03,9.57,20.11,0.0,0.48,6.54,33.86
2003-12-07,33.22,12.64,23.49,0.0,0.48,6.79,33.76
2003-12-08,35.82,17.89,27.15,0.0,0.48,6.17,26.19
2003-12-09,38.77,18.77,29.88,0.0,0.48,7.32,30.54
2003-12-10,28.83,18.59,24.54,0.01,0.48,7.71,13.16
2003-12-11,29.11,14.82,21.61,0.02,0.48,5.99,30.59
2003-12-12,26.17,13.81,19.67,0.0,0.48,6.87,28.22
2003-12-13,27.15,11.89,19.92,0.0,0.48,7.96,22.48
2003-12-14,33.1,12.44,23.11,0.0,0.48,5.98,34.04
2003-12-15,37.29,14.37,26.65,0.0,0.48,5.66,34.46
2003-12-16,37.99,20.93,30.26,0.0,0.47,9.46,28.63
2003-12-17,40.96,22.78,32.66,0.3,0.47,11.04,27.25
2003-12-18,36.51,23.5,29.48,0.95,0.48,14.72,28.38
2003-12-19,36.58,19.85,28.61,0.61,0.48,12.0,22.08
2003-12-20,28.8,19.41,23.35,17.16,0.51,16.5,15.97
2003-12-21,33.1,15.9,22.62,10.6,0.51,14.72,12.88
2003-12-22,27.29,14.96,20.2,0.52,0.52,10.52,20.71
2003-12-23,28.03,10.88,19.79,0.0,0.52,7.34,34.38
2003-12-24,34.75,14.29,24.69,0.0,0.51,5.78,34.71
2003-12-25,33.54,14.96,24.13,0.0,0.5,8.38,34.0
2003-12-26,28.88,11.63,19.91,0.0,0.5,6.27,34.27
2003-12-27,28.26,9.92,19.06,0.0,0.5,3.94,34.82
2003-12-28,32.16,10.31,21.3,0.0,0.49,3.7,34.94
2003-12-29,38.33,15.2,27.4,0.0,0.49,6.8,25.5
2003-12-30,40.85,23.62,31.54,1.03,0.49,10.98,24.27
2003-12-31,36.58,18.38,27.93,0.0,0.48,10.22,32.12
2004-01-01,34.9,16.14,25.89,0.0,0.48,7.38,33.38
2004-01-02,38.05,16.9,28.08,0.0,0.48,7.58,33.99
2004-01-03,41.15,19.35,31.4,0.02,0.48,9.81,32.3
2004-01-04,31.6,18.21,26.5,0.88,0.48,13.24,13.14
2004-01-05,29.06,12.73,20.95,0.0,0.48,4.89,30.65
2004-01-06,23.17,14.77,18.22,1.58,0.48,8.27,8.78
2004-01-07,24.31,13.48,18.46,1.36,0.48,8.6,21.48
2004-01-08,23.57,10.24,16.78,0.02,0.48,3.54,29.7
2004-01-09,27.2,9.13,18.5,0.0,0.48,5.38,32.3
2004-01-10,29.46,13.14,20.52,0.0,0.48,9.01,31.23
2004-01-11,27.99,12.33,20.33,0.0,0.48,5.34,33.54
2004-01-12,30.4,11.49,21.29,0.0,0.48,4.0,33.49
2004-01-13,33.78,12.81,23.53,0.0,0.48,4.83,33.44
2004-01-14,29.71,12.37,20.69,0.0,0.48,2.77,34.25
2004-01-15,32.16,11.33,21.83,0.01,0.48,2.06,34.43
2004-01-16,35.94,12.72,24.57,0.0,0.48,5.0,33.48
2004-01-17,26.01,12.65,18.75,0.0,0.47,5.42,30.08
2004-01-18,25.55,8.55,17.35,0.0,0.47,-0.47,33.81
2004-01-19,32.19,10.14,21.85,0.0,0.47,-1.77,33.92
2004-01-20,39.61,18.39,28.82,0.01,0.47,-1.05,23.52
2004-01-21,30.32,16.42,22.96,0.0,0.47,6.92,32.22
2004-01-22,29.11,13.33,21.26,0.0,0.47,5.75,32.34
2004-01-23,29.99,12.98,21.76,0.0,0.47,5.99,31.62
2004-01-24,30.06,12.78,21.86,0.0,0.47,6.08,31.15
2004-01-25,30.24,13.54,22.07,0.0,0.47,7.88,32.01
2004-01-26,32.03,13.28,22.67,0.0,0.47,6.96,30.82
2004-01-27,29.37,14.83,21.96,0.0,0.47,6.87,31.99
2004-01-28,25.83,10.66,18.45,0.08,0.47,6.09,27.87
2004-01-29,26.3,12.8,19.05,0.65,0.47,7.93,19.61
2004-01-30,27.37,13.22,20.69,0.12,0.47,9.3,21.23
2004-01-31,26.27,15.44,20.5,0.0,0.47,10.24,24.43
2004-02-01,26.57,12.88,20.01,0.0,0.47,10.51,19.02
2004-02-02,27.68,12.14,19.52,0.0,0.47,7.11,30.69
2004-02-03,28.09,11.55,19.35,0.0,0.47,6.58,31.03
2004-02-04,31.22,11.69,21.3,0.0,0.47,5.0,30.66
2004-02-05,37.61,17.25,27.64,0.0,0.47,0.21,31.33
2004-02-06,39.8,20.36,29.84,0.0,0.47,1.01,29.13
2004-02-07,40.44,17.22,28.49,0.0,0.47,7.61,29.84
2004-02-08,42.57,20.95,31.58,0.01,0.47,5.88,22.71
2004-02-09,30.75,19.27,23.87,0.01,0.47,7.19,15.42
2004-02-10,39.45,19.34,28.06,0.1,0.47,8.57,17.09
2004-02-11,33.77,19.56,26.07,0.4,0.47,13.91,11.51
2004-02-12,39.92,22.69,31.2,0.0,0.47,13.5,25.97
2004-02-13,40.01,20.57,30.33,0.0,0.47,13.61,28.57
2004-02-14,45.94,21.58,34.29,0.18,0.47,12.74,26.24
2004-02-15,44.76,27.64,35.67,0.05,0.47,16.84,21.09
2004-02-16,35.88,19.03,26.86,0.0,0.47,4.7,28.97
2004-02-17,37.21,15.01,25.7,0.0,0.47,4.69,28.77
2004-02-18,35.85,16.11,25.43,0.0,0.47,4.13,28.96
2004-02-19,35.4,13.52,24.81,0.0,0.47,3.14,28.31
2004-02-20,42.68,19.64,30.77,0.0,0.47,6.64,27.62
2004-02-21,27.83,16.97,21.98,2.96,0.47,8.12,16.54
2004-02-22,22.67,14.3,18.22,0.0,0.48,4.6,20.52
2004-02-23,27.8,11.04,19.44,0.0,0.48,4.07,28.62
2004-02-24,26.78,12.07,19.34,0.0,0.48,5.64,24.88
2004-02-25,31.26,17.51,24.5,0.0,0.48,9.37,24.38
2004-02-26,31.77,17.66,24.89,0.0,0.48,8.13,23.23
2004-02-27,32.02,15.86,23.61,0.0,0.48,6.56,27.38
2004-02-28,31.42,14.22,23.37,0.0,0.47,6.28,23.76
2004-02-29,24.83,12.68,18.15,0.0,0.47,2.74,27.89
2004-03-01,27.98,9.76,18.82,0.0,0.47,1.93,27.24
2004-03-02,33.61,11.54,22.56,0.0,0.47,2.22,27.74
2004-03-03,35.14,16.64,25.66,0.0,0.47,3.98,24.33
2004-03-04,36.67,19.5,27.03,0.0,0.47,4.86,26.09
2004-03-05,36.24,18.84,26.74,0.0,0.47,10.91,23.16
2004-03-06,33.77,16.21,25.25,0.01,0.47,9.4,24.62
2004-03-07,27.65,13.69,20.11,0.01,0.47,8.82,25.06
2004-03-08,30.56,11.86,21.54,0.03,0.47,3.58,23.22
2004-03-09,28.12,14.0,21.11,1.12,0.47,8.92,20.53
2004-03-10,26.71,11.43,18.2,0.0,0.47,3.97,25.12
2004-03-11,25.91,10.6,17.94,0.0,0.47,5.37,24.82
2004-03-12,25.17,11.01,17.83,0.0,0.47,6.68,24.72
2004-03-13,27.03,10.84,18.86,0.0,0.47,6.46,24.31
2004-03-14,28.36,13.82,20.46,0.0,0.47,5.03,24.19
2004-03-15,28.39,11.83,20.11,0.0,0.47,5.76,24.06
2004-03-16,27.76,13.56,19.82,0.0,0.47,5.84,23.03
2004-03-17,27.72,11.98,19.41,0.0,0.47,6.49,23.08
2004-03-18,27.42,8.75,17.76,0.0,0.47,2.82,23.94
2004-03-19,29.22,10.79,19.9,0.0,0.47,5.72,23.19
2004-03-20,27.9,12.83,19.89,0.0,0.47,7.91,22.64
2004-03-21,26.46,10.42,17.5,0.0,0.47,3.58,23.49
2004-03-22,29.33,10.2,18.93,0.0,0.47,5.54,22.66
2004-03-23,29.34,9.78,18.81,0.0,0.47,5.56,22.85
2004-03-24,32.08,9.89,21.24,0.0,0.47,3.17,22.73
2004-03-25,34.29,13.82,23.78,0.0,0.47,-1.0,20.0
2004-03-26,26.86,11.04,18.44,0.0,0.47,4.18,22.18
2004-03-27,30.39,10.74,20.85,0.0,0.47,3.94,21.91
2004-03-28,33.22,12.94,23.42,0.52,0.47,-0.43,20.85
2004-03-29,22.91,13.03,17.42,4.52,0.48,8.81,16.06
2004-03-30,21.68,10.5,16.14,0.01,0.48,10.08,14.08
2004-03-31,20.24,11.41,15.09,0.0,0.48,8.99,14.36
2004-04-01,22.98,9.93,16.09,0.0,0.48,8.55,17.76
2004-04-02,22.95,8.06,15.23,0.0,0.48,4.55,15.83
2004-04-03,25.27,8.92,16.66,0.0,0.48,5.96,18.43
2004-04-04,27.08,10.28,17.81,0.0,0.48,6.6,19.82
2004-04-05,30.11,11.4,21.07,0.03,0.48,11.69,18.52
2004-04-06,32.82,17.19,23.96,0.13,0.48,9.73,18.07
2004-04-07,26.26,12.21,18.11,0.0,0.48,4.72,19.55
2004-04-08,26.31,8.53,16.75,0.0,0.48,4.53,19.75
2004-04-09,26.39,8.96,17.25,0.0,0.48,4.82,16.76
2004-04-10,29.12,11.5,20.03,0.0,0.48,5.91,14.6
2004-04-11,27.68,15.95,21.24,0.33,0.48,10.04,16.93
2004-04-12,25.76,10.98,18.14,0.01,0.48,7.6,17.41
2004-04-13,30.8,14.5,22.3,0.0,0.48,6.34,12.25
2004-04-14,35.82,20.77,26.85,0.0,0.48,3.59,15.28
2004-04-15,24.57,16.33,20.48,0.89,0.48,11.89,8.73
2004-04-16,24.05,12.26,17.91,0.01,0.48,7.57,13.67
2004-04-17,21.9,10.74,15.22,0.01,0.48,6.64,16.09
2004-04-18,20.73,8.48,13.81,0.0,0.48,5.58,16.69
2004-04-19,19.26,6.85,12.56,0.0,0.48,4.41,16.08
2004-04-20,25.54,7.58,15.9,0.0,0.48,2.84,16.91
2004-04-21,27.89,9.77,17.9,0.0,0.48,1.97,16.35
2004-04-22,30.69,12.87,20.99,0.0,0.48,0.11,16.24
2004-04-23,17.74,9.84,14.32,2.6,0.48,6.41,13.53
2004-04-24,18.27,8.1,12.33,0.01,0.48,3.37,13.72
2004-04-25,16.24,5.09,10.77,0.0,0.48,4.77,12.65
2004-04-26,18.57,5.27,11.64,0.0,0.48,5.3,11.99
2004-04-27,20.53,7.55,12.83,0.0,0.48,6.24,15.22
2004-04-28,22.37,7.14,14.06,0.0,0.48,5.48,14.94
2004-04-29,20.31,9.66,14.57,0.09,0.48,5.57,13.53
2004-04-30,17.43,6.91,11.75,0.52,0.48,5.99,10.99
2004-05-01,13.64,5.12,10.06,2.43,0.48,3.88,13.29
2004-05-02,16.13,3.47,10.18,0.02,0.48,5.89,11.26
2004-05-03,19.0,5.21,11.4,0.0,0.48,6.14,14.82
2004-05-04,20.43,7.44,12.77,0.05,0.48,8.31,9.79
2004-05-05,17.3,3.98,9.95,0.0,0.48,3.77,14.29
2004-05-06,16.28,5.56,10.48,0.0,0.48,4.13,12.51
2004-05-07,17.91,6.5,11.11,0.0,0.48,4.79,11.79
2004-05-08,17.97,5.53,10.86,0.0,0.48,5.36,13.15
2004-05-09,20.06,7.16,12.01,0.0,0.48,6.23,14.0
2004-05-10,19.24,7.05,11.28,0.0,0.48,3.96,14.24
2004-05-11,18.31,4.87,10.2,0.0,0.48,3.41,14.12
2004-05-12,20.04,5.53,11.61,0.0,0.48,4.79,13.11
2004-05-13,17.99,4.58,10.95,0.01,0.48,3.61,7.63
2004-05-14,22.19,5.31,12.68,0.05,0.48,2.16,12.94
2004-05-15,19.96,7.6,13.71,1.11,0.48,5.62,12.38
2004-05-16,18.07,8.0,12.39,0.66,0.48,7.83,9.61
2004-05-17,17.02,7.94,12.65,0.23,0.48,5.4,5.43
2004-05-18,17.73,6.32,12.4,6.46,0.49,7.39,7.85
2004-05-19,17.56,5.0,10.2,0.0,0.49,5.55,11.78
2004-05-20,18.99,5.8,11.87,0.0,0.49,7.91,7.89
2004-05-21,19.61,7.87,12.93,0.0,0.49,9.29,9.65
2004-05-22,21.55,8.6,13.3,0.01,0.49,5.38,11.86
2004-05-23,14.32,10.45,12.62,6.22,0.49,8.29,3.28
2004-05-24,20.43,7.69,13.39,0.07,0.5,7.4,11.65
2004-05-25,17.09,6.33,11.37,0.15,0.5,6.71,9.36
2004-05-26,15.09,5.67,9.66,0.02,0.5,5.62,9.18
2004-05-27,15.24,4.6,9.08,0.08,0.5,5.75,8.05
2004-05-28,16.34,5.38,10.23,0.16,0.5,6.3,8.83
2004-05-29,13.69,3.31,7.21,0.0,0.5,3.1,12.02
2004-05-30,16.96,3.79,9.38,0.12,0.5,6.78,10.84
2004-05-31,18.1,5.04,10.25,0.0,0.49,1.34,12.13
2004-06-01,14.03,4.92,8.92,3.53,0.49,0.1,4.8
2004-06-02,11.81,8.74,10.02,5.32,0.51,8.79,3.29
2004-06-03,15.0,3.9,9.44,0.72,0.51,6.98,7.13
2004-06-04,15.02,2.83,7.87,0.02,0.51,4.02,7.97
2004-06-05,13.93,1.91,6.97,0.0,0.51,3.58,10.34
2004-06-06,14.66,2.05,6.74,0.0,0.51,0.97,10.94
2004-06-07,19.11,3.35,9.92,0.0,0.51,4.84,10.3
2004-06-08,21.12,7.06,12.68,0.94,0.51,5.73,10.52
2004-06-09,13.89,8.88,11.19,13.15,0.52,8.84,3.69
2004-06-10,16.53,6.16,9.99,0.23,0.53,7.05,10.05
2004-06-11,15.56,3.65,8.22,0.01,0.53,4.63,10.82
2004-06-12,16.22,4.3,8.61,0.0,0.53,4.15,5.53
2004-06-13,17.56,7.1,10.79,1.36,0.53,6.15,8.4
2004-06-14,14.61,7.33,10.34,2.85,0.53,6.29,7.32
2004-06-15,14.32,6.22,9.17,0.32,0.53,5.89,8.52
2004-06-16,12.55,3.95,7.46,0.38,0.53,4.84,9.26
2004-06-17,11.47,3.42,6.72,2.1,0.53,3.9,4.86
2004-06-18,15.84,7.1,10.88,4.4,0.54,6.53,7.83
2004-06-19,11.14,4.02,7.97,3.06,0.54,4.05,8.92
2004-06-20,14.32,3.32,8.72,0.39,0.54,6.44,8.11
2004-06-21,15.46,6.68,10.46,0.11,0.54,7.55,6.33
2004-06-22,14.25,6.06,9.65,0.05,0.54,6.67,5.35
2004-06-23,15.8,4.67,9.35,0.61,0.54,5.02,7.86
2004-06-24,14.97,7.44,10.66,0.38,0.54,6.59,6.54
2004-06-25,12.39,6.05,9.02,4.68,0.55,6.07,5.72
2004-06-26,14.39,5.33,8.89,0.35,0.55,5.57,8.34
2004-06-27,14.97,6.08,9.28,0.04,0.55,5.33,10.74
2004-06-28,16.06,3.11,9.07,0.04,0.55,1.51,10.01
2004-06-29,16.33,5.76,10.36,0.12,0.54,6.6,10.81
2004-06-30,13.52,5.97,9.13,3.76,0.54,4.39,5.7
2004-07-01,13.32,1.97,7.61,0.11,0.55,3.42,7.54
2004-07-02,14.14,6.57,10.42,0.04,0.55,7.47,6.9
2004-07-03,17.24,6.64,11.22,0.01,0.55,2.69,9.57
2004-07-04,14.82,5.6,9.85,0.02,0.54,3.31,10.73
2004-07-05,13.83,4.76,9.06,0.23,0.54,4.3,7.97
2004-07-06,12.05,4.33,7.25,0.3,0.54,4.53,8.23
2004-07-07,12.52,3.75,8.14,0.4,0.54,4.6,6.89
2004-07-08,11.15,2.97,6.38,0.02,0.54,2.45,6.54
2004-07-09,14.49,3.51,8.1,0.02,0.54,1.33,7.56
2004-07-10,15.5,5.35,9.89,0.09,0.54,2.95,8.23
2004-07-11,15.71,4.41,10.12,1.33,0.54,6.23,9.08
2004-07-12,14.93,5.99,10.01,0.5,0.54,7.35,7.8
2004-07-13,13.27,2.82,6.96,0.12,0.54,3.66,9.85
2004-07-14,14.63,1.83,8.17,0.07,0.54,4.94,8.36
2004-07-15,14.26,4.13,8.27,0.05,0.54,5.13,8.21
2004-07-16,14.06,0.81,6.09,3.07,0.54,2.75,7.88
2004-07-17,10.98,2.49,6.26,0.19,0.54,2.24,11.35
2004-07-18,11.7,2.29,6.24,0.09,0.54,3.58,9.72
2004-07-19,12.82,4.33,7.59,0.02,0.54,5.16,11.7
2004-07-20,13.27,4.02,7.24,0.02,0.54,4.55,10.83
2004-07-21,12.48,4.17,7.99,0.0,0.54,4.53,8.64
2004-07-22,14.25,4.23,8.04,0.0,0.54,3.3,9.82
2004-07-23,9.65,4.75,6.95,11.6,0.55,3.9,2.22
2004-07-24,12.92,6.9,9.36,7.44,0.57,8.39,4.16
2004-07-25,14.4,6.74,9.25,0.61,0.57,6.52,8.77
2004-07-26,13.91,4.79,8.63,0.23,0.57,6.27,9.59
2004-07-27,12.66,0.41,6.94,0.01,0.57,3.26,8.8
2004-07-28,12.86,4.82,8.39,1.66,0.57,7.2,7.72
2004-07-29,13.04,3.53,7.04,0.26,0.57,4.5,7.94
2004-07-30,15.46,3.87,8.94,0.02,0.57,4.52,11.65
2004-07-31,12.6,4.0,7.23,0.0,0.57,2.43,9.95
2004-08-01,15.33,2.15,8.57,0.22,0.57,4.03,7.13
2004-08-02,15.11,5.83,9.65,4.45,0.57,6.29,9.28
2004-08-03,8.95,5.91,7.38,3.17,0.57,5.96,8.82
2004-08-04,12.68,5.56,8.17,5.08,0.58,5.99,9.19
2004-08-05,13.84,4.1,8.1,0.09,0.58,5.31,12.22
2004-08-06,12.46,4.75,8.05,1.06,0.58,5.7,10.11
2004-08-07,11.59,3.24,7.28,2.62,0.58,6.4,9.38
2004-08-08,16.23,5.65,9.25,0.98,0.59,6.2,11.54
2004-08-09,13.36,3.3,8.6,0.89,0.59,4.5,7.75
2004-08-10,14.73,5.68,9.07,0.22,0.58,5.78,11.06
2004-08-11,14.24,6.41,9.19,0.29,0.58,6.06,9.18
2004-08-12,17.96,4.98,10.82,0.0,0.58,2.76,15.0
2004-08-13,16.08,7.18,10.94,0.79,0.58,3.95,11.34
2004-08-14,11.06,3.33,7.78,0.62,0.58,3.75,14.19
2004-08-15,13.66,2.87,7.37,0.0,0.58,3.03,15.05
2004-08-16,13.64,1.53,6.94,0.05,0.58,2.17,14.98
2004-08-17,15.05,0.34,6.97,0.01,0.57,0.4,13.84
2004-08-18,14.72,0.46,6.84,0.0,0.57,0.38,15.51
2004-08-19,14.97,0.73,7.51,0.0,0.57,2.89,12.86
2004-08-20,18.93,5.16,11.06,0.01,0.57,3.66,14.13
2004-08-21,21.28,7.99,12.75,0.0,0.57,4.3,15.53
2004-08-22,18.67,6.59,11.45,0.14,0.57,6.61,14.78
2004-08-23,18.22,5.77,11.13,0.41,0.56,5.99,13.93
2004-08-24,22.0,4.98,12.66,0.0,0.56,3.59,16.2
2004-08-25,25.1,6.05,14.25,0.01,0.56,1.15,15.61
2004-08-26,16.91,6.59,11.45,1.84,0.56,3.88,7.23
2004-08-27,19.12,4.42,11.76,0.0,0.56,2.82,17.82
2004-08-28,22.46,4.94,13.14,1.98,0.56,2.1,15.91
2004-08-29,11.58,8.16,9.93,8.11,0.57,7.77,4.07
2004-08-30,15.92,5.67,10.63,4.28,0.58,6.67,15.39
2004-08-31,14.58,4.02,8.61,0.32,0.58,3.32,15.8
2004-09-01,15.4,2.99,8.25,0.01,0.57,3.62,14.22
2004-09-02,15.4,3.89,8.69,0.02,0.57,3.89,12.41
2004-09-03,15.22,5.15,9.31,1.11,0.57,5.28,12.89
2004-09-04,15.08,3.46,8.64,0.45,0.57,5.22,15.18
2004-09-05,17.21,5.29,10.26,0.01,0.57,4.47,16.33
2004-09-06,18.59,5.59,11.41,0.03,0.57,3.92,18.01
2004-09-07,13.0,6.35,9.9,13.37,0.57,6.27,5.26
2004-09-08,17.01,7.81,11.83,7.49,0.59,9.62,8.24
2004-09-09,15.18,7.13,10.57,1.29,0.6,6.91,10.96
2004-09-10,17.62,5.88,11.69,1.0,0.59,6.93,15.51
2004-09-11,11.03,3.45,7.54,5.59,0.6,4.18,15.54
2004-09-12,13.92,2.07,7.14,0.01,0.6,2.16,18.45
2004-09-13,16.01,4.56,10.09,0.26,0.6,6.71,15.17
2004-09-14,16.81,5.35,10.33,0.2,0.59,6.57,13.56
2004-09-15,17.52,6.51,10.98,0.06,0.59,6.51,16.19
2004-09-16,17.36,2.85,9.71,0.0,0.59,5.26,17.95
2004-09-17,19.21,4.59,10.97,0.0,0.59,6.76,21.4
2004-09-18,18.7,7.44,12.24,0.0,0.58,8.14,19.36
2004-09-19,19.28,6.45,11.76,0.0,0.58,6.39,21.1
2004-09-20,22.76,4.28,13.26,0.0,0.58,5.94,19.34
2004-09-21,27.31,6.23,16.1,0.0,0.57,4.63,20.5
2004-09-22,27.21,9.79,16.87,1.11,0.57,5.72,14.76
2004-09-23,18.72,7.82,12.68,0.09,0.57,7.84,17.51
2004-09-24,19.27,8.17,12.96,0.03,0.57,7.89,12.74
2004-09-25,20.69,7.38,13.94,0.0,0.56,8.71,19.47
2004-09-26,28.88,9.5,19.1,0.01,0.56,8.44,11.9
2004-09-27,18.1,11.0,14.43,1.28,0.56,9.66,9.08
2004-09-28,19.32,7.56,13.27,4.86,0.56,9.96,9.77
2004-09-29,21.15,9.59,14.59,1.54,0.57,8.9,15.85
2004-09-30,21.41,6.33,13.79,0.01,0.56,6.96,21.09
2004-10-01,21.2,8.12,13.84,0.0,0.56,4.86,23.28
2004-10-02,23.43,7.32,15.63,0.02,0.56,6.01,23.28
2004-10-03,19.18,8.19,13.37,0.0,0.55,6.51,24.29
2004-10-04,22.1,7.19,13.87,0.0,0.55,7.66,23.8
2004-10-05,21.82,7.86,14.22,0.0,0.55,8.21,24.65
2004-10-06,26.09,6.96,16.57,0.0,0.55,7.5,25.25
2004-10-07,25.35,9.54,16.24,1.22,0.54,6.69,22.07
2004-10-08,19.84,5.6,12.4,0.01,0.54,6.13,18.56
2004-10-09,23.03,6.73,14.82,0.05,0.54,7.63,25.46
2004-10-10,28.23,7.99,18.21,0.0,0.54,6.15,25.92
2004-10-11,32.07,12.45,21.28,0.0,0.53,5.09,24.71
2004-10-12,36.46,12.11,24.4,0.0,0.53,7.08,26.38
2004-10-13,25.4,12.55,19.01,4.96,0.53,12.38,5.91
2004-10-14,21.22,8.74,14.07,0.08,0.53,5.93,20.6
2004-10-15,18.89,5.33,11.66,0.01,0.53,2.68,26.56
2004-10-16,18.19,4.35,11.34,0.0,0.53,1.77,25.04
2004-10-17,23.67,7.7,15.12,0.0,0.52,3.79,25.69
2004-10-18,23.64,6.45,14.79,0.02,0.52,4.64,27.84
2004-10-19,24.95,7.41,15.94,0.0,0.52,6.26,27.8
2004-10-20,27.19,8.57,18.34,0.0,0.52,6.58,26.77
2004-10-21,28.71,13.06,20.12,0.24,0.51,8.06,18.89
2004-10-22,29.74,10.7,20.33,0.01,0.51,8.26,27.97
2004-10-23,28.47,11.69,19.54,0.04,0.51,10.94,23.54
2004-10-24,24.52,10.17,16.41,0.1,0.5,4.2,28.72
2004-10-25,25.58,5.99,16.24,0.0,0.5,3.99,27.05
2004-10-26,31.88,10.42,20.29,1.19,0.5,5.36,11.54
2004-10-27,19.33,8.43,13.18,0.75,0.5,4.09,24.28
2004-10-28,22.43,6.68,13.88,0.02,0.5,5.48,26.03
2004-10-29,23.9,5.36,14.36,0.0,0.5,3.2,30.17
2004-10-30,27.93,6.94,17.62,0.0,0.49,3.94,29.51
2004-10-31,32.14,11.07,22.28,0.0,0.49,4.25,27.62
2004-11-01,28.35,13.58,20.07,0.06,0.49,8.75,24.91
2004-11-02,20.3,6.99,13.34,3.98,0.49,5.22,17.63
2004-11-03,21.11,3.66,13.14,0.0,0.49,0.46,30.26
2004-11-04,17.75,10.23,12.57,16.87,0.5,3.68,5.14
2004-11-05,20.44,10.71,14.78,11.92,0.54,10.17,12.47
2004-11-06,14.35,7.73,11.33,8.38,0.55,7.73,16.85
2004-11-07,19.27,6.91,12.81,0.13,0.55,6.51,22.25
2004-11-08,22.04,6.79,14.68,0.0,0.55,6.84,28.36
2004-11-09,24.61,7.78,16.87,0.0,0.54,6.97,30.99
2004-11-10,26.28,9.31,19.14,0.03,0.54,8.17,18.96
2004-11-11,18.24,10.36,15.8,21.98,0.55,11.99,6.99
2004-11-12,28.34,5.44,17.42,5.49,0.57,8.75,29.35
2004-11-13,19.99,4.93,13.18,1.93,0.58,5.08,25.89
2004-11-14,23.96,9.72,16.12,0.32,0.57,8.14,18.94
2004-11-15,24.08,9.38,16.12,0.02,0.57,7.5,23.93
2004-11-16,25.66,6.55,16.61,0.0,0.56,5.24,31.37
2004-11-17,31.67,9.79,21.11,0.0,0.56,5.43,29.19
2004-11-18,29.44,14.81,20.54,0.02,0.55,8.02,13.28
2004-11-19,21.84,9.88,15.51,0.0,0.55,3.58,32.48
2004-11-20,23.09,6.5,14.82,0.0,0.54,3.39,33.17
2004-11-21,24.47,7.04,15.5,0.0,0.54,5.79,30.55
2004-11-22,25.97,7.69,16.19,0.0,0.54,3.84,33.34
2004-11-23,27.58,7.68,17.45,0.0,0.53,6.17,32.38
2004-11-24,29.66,8.16,18.83,0.0,0.53,5.93,33.63
2004-11-25,33.33,10.46,22.57,0.0,0.52,7.27,33.23
2004-11-26,37.55,15.38,26.81,0.0,0.52,7.1,32.61
2004-11-27,36.54,19.82,27.76,0.0,0.51,6.73,17.68
2004-11-28,35.72,17.95,26.47,0.0,0.51,11.27,31.5
2004-11-29,33.31,15.38,24.79,0.01,0.51,11.75,20.54
2004-11-30,33.11,19.35,26.31,1.17,0.5,13.86,13.97
2004-12-01,23.69,11.54,17.27,1.46,0.5,7.39,22.94
2004-12-02,24.14,8.29,16.21,0.0,0.5,4.11,32.0
2004-12-03,26.16,8.67,17.78,0.0,0.5,4.61,31.1
2004-12-04,29.8,14.03,20.97,0.0,0.5,5.47,24.99
2004-12-05,32.76,14.27,24.09,0.0,0.49,6.35,31.38
2004-12-06,32.96,18.17,23.98,5.58,0.49,11.36,9.44
2004-12-07,23.72,16.7,19.78,12.7,0.51,14.92,11.41
2004-12-08,28.02,16.24,21.66,10.86,0.54,15.1,19.72
2004-12-09,29.6,16.65,23.04,6.44,0.54,15.31,26.37
2004-12-10,32.42,17.37,24.04,5.83,0.54,15.54,21.8
2004-12-11,27.86,17.28,22.81,5.89,0.55,15.92,22.67
2004-12-12,30.27,16.67,23.8,0.33,0.55,15.57,27.3
2004-12-13,24.2,17.03,20.39,4.98,0.55,14.58,16.28
2004-12-14,26.43,13.0,19.18,0.1,0.55,10.44,24.56
2004-12-15,27.01,8.88,18.0,0.0,0.54,6.54,34.36
2004-12-16,31.03,10.15,20.97,0.0,0.54,7.42,33.84
2004-12-17,33.6,12.93,23.4,0.0,0.53,10.58,33.29
2004-12-18,37.1,15.91,27.09,0.0,0.53,10.76,33.31
2004-12-19,26.78,14.02,21.1,0.0,0.52,7.49,32.73
2004-12-20,26.7,10.39,18.45,0.0,0.52,4.45,34.53
2004-12-21,31.34,10.55,21.36,0.0,0.51,7.07,33.96
2004-12-22,33.59,12.96,23.87,0.0,0.51,9.8,33.88
2004-12-23,39.44,16.24,28.45,0.01,0.51,9.76,30.93
2004-12-24,29.49,14.32,22.61,0.32,0.5,7.91,33.39
2004-12-25,28.91,9.95,19.41,0.0,0.5,5.18,34.62
2004-12-26,28.48,11.56,19.51,0.0,0.5,6.55,34.05
2004-12-27,22.44,10.33,16.51,0.0,0.49,4.04,33.04
2004-12-28,23.21,7.7,15.2,0.0,0.49,4.37,30.69
2004-12-29,28.26,11.87,19.52,0.0,0.49,7.82,29.4
2004-12-30,32.09,11.24,22.1,0.0,0.49,6.46,32.77
2004-12-31,37.01,17.18,27.64,0.0,0.49,5.49,33.78
2005-01-01,30.14,16.31,22.85,0.0,0.48,7.72,21.84
2005-01-02,29.35,11.07,20.24,0.0,0.48,3.76,33.0
2005-01-03,33.66,11.64,23.25,12.66,0.49,10.21,18.02
2005-01-04,25.65,15.68,20.78,0.39,0.51,11.74,19.73
2005-01-05,26.04,13.0,18.95,0.05,0.5,8.48,22.9
2005-01-06,23.51,10.53,16.75,0.0,0.5,4.29,28.12
2005-01-07,24.76,8.52,16.46,0.0,0.49,4.0,34.16
2005-01-08,27.22,9.87,18.76,0.0,0.49,7.02,33.73
2005-01-09,31.59,12.39,22.47,0.0,0.49,8.43,32.81
2005-01-10,35.78,14.67,26.15,0.0,0.49,7.75,33.47
2005-01-11,41.71,19.71,30.77,0.0,0.48,5.53,29.48
2005-01-12,32.95,16.78,24.56,0.0,0.48,4.91,33.2
2005-01-13,36.24,13.66,25.65,0.0,0.48,3.57,33.4
2005-01-14,35.68,17.66,25.12,0.0,0.48,7.76,27.88
2005-01-15,25.56,17.21,21.51,1.76,0.48,7.6,7.93
2005-01-16,26.66,14.89,19.99,0.01,0.48,4.47,24.88
2005-01-17,29.08,11.58,20.11,0.0,0.48,8.03,30.82
2005-01-18,32.82,13.59,23.61,0.0,0.48,8.64,32.64
2005-01-19,36.81,19.23,28.81,0.0,0.48,5.75,29.03
2005-01-20,34.8,21.5,28.17,2.52,0.48,12.62,27.02
2005-01-21,30.96,15.32,22.97,0.4,0.48,7.18,32.37
2005-01-22,28.41,13.23,21.07,0.0,0.48,7.11,29.08
2005-01-23,34.53,13.13,24.16,0.0,0.48,3.99,32.82
2005-01-24,36.26,14.28,26.08,0.0,0.48,9.46,31.72
2005-01-25,37.32,21.48,29.98,0.0,0.48,12.23,28.15
2005-01-26,34.72,24.08,29.23,2.04,0.48,14.49,26.01
2005-01-27,36.19,22.96,28.97,5.48,0.48,15.67,20.28
2005-01-28,36.75,21.01,27.43,5.98,0.49,15.82,21.78
2005-01-29,27.58,18.55,22.63,1.5,0.5,16.52,14.83
2005-01-30,30.16,14.07,21.49,0.0,0.49,8.55,31.96
2005-01-31,33.96,13.41,24.56,0.0,0.49,7.42,31.54
2005-02-01,37.98,9.26,23.49,1.64,0.49,7.98,29.46
2005-02-02,16.37,8.0,12.63,12.3,0.5,5.6,13.98
2005-02-03,14.64,9.94,12.37,24.47,0.54,8.33,7.81
2005-02-04,21.62,11.51,16.39,3.75,0.56,10.36,16.03
2005-02-05,26.07,10.65,18.42,0.02,0.55,10.99,18.58
2005-02-06,27.65,10.05,19.21,0.0,0.55,9.19,30.81
2005-02-07,35.42,15.37,23.94,0.06,0.54,10.48,20.04
2005-02-08,25.28,14.69,18.92,0.5,0.54,10.28,24.56
2005-02-09,22.66,11.96,17.24,7.61,0.54,10.84,16.51
2005-02-10,25.9,11.17,18.19,0.0,0.54,8.67,29.74
2005-02-11,25.8,10.93,18.17,0.0,0.54,9.65,28.44
2005-02-12,25.93,12.18,18.44,0.0,0.54,7.82,30.07
2005-02-13,28.18,8.95,18.86,0.0,0.53,6.53,30.3
2005-02-14,34.31,11.34,23.2,0.0,0.53,7.74,28.82
2005-02-15,26.94,14.13,21.14,0.15,0.52,13.03,13.46
2005-02-16,24.84,8.87,16.82,0.0,0.52,6.56,29.34
2005-02-17,26.94,8.89,18.27,0.0,0.52,7.14,29.25
2005-02-18,33.62,13.87,22.01,0.09,0.52,8.48,23.72
2005-02-19,30.25,15.81,22.53,0.03,0.51,12.83,27.1
2005-02-20,30.88,13.56,21.71,0.02,0.51,12.18,27.86
2005-02-21,30.71,12.98,21.75,0.0,0.51,12.25,27.26
2005-02-22,32.32,14.86,24.1,0.0,0.5,11.72,27.29
2005-02-23,34.92,15.41,25.66,0.0,0.5,10.05,26.69
2005-02-24,31.37,16.71,23.14,0.0,0.5,11.75,21.31
2005-02-25,28.51,12.92,20.11,0.0,0.49,9.67,25.23
2005-02-26,28.08,11.38,19.48,0.0,0.49,8.89,26.23
2005-02-27,31.05,11.31,20.46,0.0,0.49,6.98,27.77
2005-02-28,35.89,12.95,24.65,0.0,0.49,8.69,27.13
2005-03-01,38.31,18.47,26.7,0.0,0.49,10.01,25.42
2005-03-02,27.59,13.16,19.74,0.0,0.48,5.77,26.85
2005-03-03,27.6,9.89,18.55,0.0,0.48,4.91,23.73
2005-03-04,24.43,13.12,18.06,0.18,0.48,8.21,13.57
2005-03-05,20.44,10.2,15.87,0.97,0.48,5.73,23.91
2005-03-06,24.09,7.64,15.65,0.0,0.48,4.98,25.33
2005-03-07,24.91,8.95,16.83,0.0,0.48,7.55,25.44
2005-03-08,25.67,9.44,17.57,0.0,0.48,7.69,25.14
2005-03-09,25.45,10.48,17.62,0.0,0.48,8.16,22.8
2005-03-10,27.42,10.03,19.0,0.0,0.48,6.24,25.33
2005-03-11,31.61,11.14,21.56,0.0,0.48,4.95,25.42
2005-03-12,35.95,15.59,25.25,0.0,0.48,2.32,22.99
2005-03-13,36.48,16.24,25.54,0.0,0.48,4.11,24.47
2005-03-14,39.56,16.49,26.91,0.0,0.48,5.77,23.94
2005-03-15,30.12,15.86,21.98,0.33,0.48,11.52,16.04
2005-03-16,24.05,11.78,17.3,0.02,0.48,4.81,18.91
2005-03-17,24.53,9.29,16.42,0.0,0.48,4.92,24.0
2005-03-18,26.51,11.47,19.2,0.0,0.48,7.48,20.56
2005-03-19,28.59,13.72,21.09,0.0,0.48,6.07,18.26
2005-03-20,30.83,16.04,22.74,0.0,0.48,4.76,22.52
2005-03-21,28.39,13.33,20.29,0.0,0.48,7.93,22.6
2005-03-22,26.73,11.67,18.59,0.0,0.47,7.39,22.97
2005-03-23,26.45,11.54,18.39,0.0,0.47,8.45,22.49
2005-03-24,25.08,10.77,17.04,0.0,0.47,7.61,21.84
2005-03-25,23.0,9.86,15.49,0.01,0.47,4.27,19.37
2005-03-26,23.89,6.96,15.72,0.0,0.47,0.67,21.94
2005-03-27,27.78,11.67,19.55,0.0,0.47,-0.68,20.06
2005-03-28,25.87,13.0,18.63,0.0,0.47,7.31,20.41
2005-03-29,25.68,11.02,17.15,0.0,0.47,5.97,7.42
2005-03-30,29.21,12.78,20.75,0.0,0.47,6.82,18.84
2005-03-31,29.82,14.99,22.02,0.0,0.47,6.45,19.98
2005-04-01,32.25,15.79,23.39,0.01,0.47,4.2,20.16
2005-04-02,34.55,16.52,26.09,0.0,0.47,6.22,18.41
2005-04-03,27.7,12.33,22.11,2.19,0.48,9.27,13.58
2005-04-04,24.17,9.92,16.11,0.0,0.48,3.48,20.69
2005-04-05,27.53,8.56,18.1,0.0,0.48,6.22,20.13
2005-04-06,29.4,13.92,20.56,0.0,0.48,4.25,19.59
2005-04-07,24.8,12.83,18.56,0.05,0.48,8.55,15.15
2005-04-08,32.35,17.29,24.17,0.0,0.48,7.78,17.42
2005-04-09,34.45,19.7,26.43,0.0,0.48,8.14,18.62
2005-04-10,35.02,18.64,25.4,0.38,0.48,12.51,15.68
2005-04-11,26.81,12.36,18.65,0.03,0.48,5.84,19.4
2005-04-12,26.25,9.7,17.78,0.0,0.48,3.81,18.61
2005-04-13,31.37,10.86,21.62,0.0,0.48,2.83,18.34
2005-04-14,21.27,9.63,16.34,6.17,0.49,8.54,7.36
2005-04-15,21.85,6.66,13.81,0.0,0.49,6.72,18.32
2005-04-16,23.47,10.48,16.14,0.0,0.49,8.04,16.24
2005-04-17,25.3,8.68,16.52,0.0,0.48,1.39,17.68
2005-04-18,21.54,9.81,15.12,0.0,0.48,6.41,17.64
2005-04-19,20.11,7.88,13.21,0.0,0.48,5.12,17.05
2005-04-20,22.37,7.29,14.14,0.0,0.48,6.06,17.14
2005-04-21,25.59,7.65,16.37,0.0,0.48,5.13,17.36
2005-04-22,28.59,9.7,18.89,0.0,0.48,5.48,16.37
2005-04-23,29.35,12.31,20.37,0.0,0.48,4.94,15.39
2005-04-24,30.52,13.53,20.97,0.0,0.48,4.03,11.9
2005-04-25,26.26,15.2,19.77,0.01,0.48,11.38,14.98
2005-04-26,24.84,9.91,16.55,0.0,0.48,5.25,16.16
2005-04-27,29.16,10.25,18.74,0.0,0.48,4.85,15.74
2005-04-28,31.74,13.26,21.69,0.0,0.48,3.24,13.65
2005-04-29,20.52,10.7,15.68,0.08,0.48,5.88,15.4
2005-04-30,18.07,8.65,13.78,0.06,0.48,7.61,10.4
2005-05-01,19.73,10.64,14.15,0.15,0.48,6.11,13.52
2005-05-02,22.2,6.26,13.38,0.0,0.48,0.08,14.91
2005-05-03,22.93,8.13,15.09,0.0,0.48,-2.71,11.2
2005-05-04,23.81,11.51,16.13,0.0,0.48,1.41,10.8
2005-05-05,23.09,12.84,16.99,0.1,0.48,5.83,7.52
2005-05-06,20.63,7.89,13.22,0.01,0.48,3.63,14.73
2005-05-07,21.41,6.47,12.52,0.04,0.48,4.28,14.36
2005-05-08,22.69,7.09,12.72,0.0,0.48,4.86,14.0
2005-05-09,22.17,8.89,13.77,0.0,0.48,3.94,13.66
2005-05-10,19.97,7.03,12.42,0.0,0.48,6.07,13.6
2005-05-11,19.85,6.19,12.56,0.0,0.48,7.07,13.33
2005-05-12,21.11,9.86,14.28,0.0,0.48,8.36,13.22
2005-05-13,21.7,6.96,14.09,0.0,0.48,6.44,13.3
2005-05-14,22.15,9.16,15.36,0.0,0.48,4.1,8.81
2005-05-15,23.34,9.27,16.1,0.05,0.48,7.53,11.68
2005-05-16,19.57,8.96,13.29,0.0,0.48,6.45,12.88
2005-05-17,20.33,6.73,12.47,0.0,0.48,5.27,12.93
2005-05-18,20.85,6.14,12.57,0.0,0.48,3.51,12.42
2005-05-19,19.16,5.29,11.27,0.0,0.48,2.63,13.04
2005-05-20,18.84,6.84,11.62,0.0,0.48,-0.61,9.08
2005-05-21,22.05,9.33,13.28,0.0,0.48,1.84,10.02
2005-05-22,21.85,7.82,13.7,0.0,0.48,6.95,12.24
2005-05-23,22.61,11.05,15.82,3.67,0.48,9.13,5.28
2005-05-24,24.17,11.54,16.41,0.0,0.48,7.18,10.53
2005-05-25,16.48,6.83,11.54,0.02,0.48,5.61,11.89
2005-05-26,15.63,4.49,9.59,0.0,0.48,5.0,12.06
2005-05-27,15.62,5.94,10.78,0.06,0.48,5.73,7.72
2005-05-28,15.22,4.74,9.03,0.01,0.48,4.62,7.09
2005-05-29,15.52,3.26,8.18,0.0,0.48,3.25,11.85
2005-05-30,16.31,3.07,8.91,0.0,0.48,5.47,11.86
2005-05-31,16.23,5.92,10.93,0.01,0.48,5.93,8.74
2005-06-01,16.16,4.31,8.81,0.0,0.48,4.44,9.66
2005-06-02,14.17,4.08,8.38,0.0,0.48,4.88,9.65
2005-06-03,15.59,2.58,8.37,0.0,0.48,3.73,11.58
2005-06-04,18.61,5.42,11.53,0.0,0.48,2.08,7.94
2005-06-05,19.76,6.78,11.83,0.0,0.48,2.18,9.82
2005-06-06,17.06,4.9,10.17,0.0,0.48,0.45,6.68
2005-06-07,22.64,5.0,12.71,0.0,0.48,3.49,10.2
2005-06-08,23.24,8.67,14.77,6.15,0.48,7.02,6.51
2005-06-09,21.75,11.71,14.93,5.32,0.5,10.76,7.7
2005-06-10,18.3,10.79,14.79,9.27,0.51,11.39,2.31
2005-06-11,18.17,11.0,14.46,14.95,0.54,10.13,6.94
2005-06-12,18.7,7.07,12.13,0.0,0.54,6.61,10.84
2005-06-13,16.21,5.77,10.38,8.5,0.54,5.97,8.03
2005-06-14,14.49,3.66,9.2,0.02,0.55,2.4,9.92
2005-06-15,12.61,6.57,9.37,1.43,0.55,5.92,7.04
2005-06-16,14.17,5.6,9.79,3.81,0.55,6.48,8.89
2005-06-17,11.98,5.94,8.47,0.7,0.55,6.86,7.4
2005-06-18,15.94,7.42,10.3,4.45,0.55,4.55,7.48
2005-06-19,16.03,6.72,10.61,2.36,0.56,6.8,6.25
2005-06-20,13.54,8.95,10.84,4.24,0.56,8.35,5.08
2005-06-21,12.49,4.88,8.82,5.82,0.57,7.4,7.07
2005-06-22,10.93,3.25,6.32,2.21,0.58,3.34,9.08
2005-06-23,16.95,2.54,9.14,0.09,0.58,6.77,10.35
2005-06-24,14.58,4.64,8.48,0.02,0.58,4.58,10.93
2005-06-25,15.73,2.09,8.41,0.0,0.58,4.32,9.2
2005-06-26,14.9,5.89,9.53,0.29,0.58,6.44,7.48
2005-06-27,16.47,5.68,9.37,0.0,0.57,5.21,10.44
2005-06-28,15.71,3.17,7.89,0.04,0.57,4.22,10.71
2005-06-29,16.52,4.64,9.25,0.07,0.57,6.08,10.26
2005-06-30,15.36,7.46,10.68,2.3,0.57,9.02,3.48
2005-07-01,14.44,8.41,10.97,2.65,0.58,8.59,5.75
2005-07-02,15.05,6.16,9.51,0.31,0.58,7.25,6.15
2005-07-03,15.17,5.42,9.54,0.17,0.58,7.67,6.77
2005-07-04,15.37,6.09,9.46,0.05,0.58,5.53,7.88
2005-07-05,17.31,3.59,8.91,0.03,0.58,4.46,11.32
2005-07-06,18.22,3.64,9.37,0.02,0.57,4.44,11.23
2005-07-07,14.87,5.09,9.11,0.08,0.57,6.63,8.12
2005-07-08,10.74,6.01,7.62,0.91,0.57,6.1,4.12
2005-07-09,12.55,4.42,7.65,0.18,0.57,4.1,9.76
2005-07-10,13.63,2.69,6.61,0.0,0.57,3.04,11.42
2005-07-11,12.15,3.82,7.15,0.0,0.57,4.69,6.66
2005-07-12,8.38,4.72,6.3,4.98,0.57,4.91,3.32
2005-07-13,12.04,6.16,8.38,2.63,0.58,6.61,4.61
2005-07-14,11.93,6.85,9.06,3.85,0.59,7.18,5.45
2005-07-15,13.11,5.39,7.75,0.2,0.59,6.17,7.64
2005-07-16,12.42,4.13,7.7,4.58,0.59,5.52,8.28
2005-07-17,12.44,0.91,5.82,0.05,0.59,2.99,10.83
2005-07-18,13.24,1.76,6.71,0.0,0.59,4.03,11.37
2005-07-19,14.66,3.79,7.84,0.0,0.59,4.78,11.2
2005-07-20,14.54,2.16,6.66,0.0,0.59,4.2,12.35
2005-07-21,16.32,-0.38,6.89,0.02,0.59,2.86,12.82
2005-07-22,18.28,2.8,8.94,0.0,0.59,4.42,12.46
2005-07-23,17.94,2.84,9.38,0.02,0.59,3.44,12.05
2005-07-24,18.63,5.7,11.41,0.63,0.58,6.35,11.72
2005-07-25,17.09,7.76,11.97,1.43,0.58,9.75,6.69
2005-07-26,15.56,9.09,12.18,1.36,0.58,9.21,8.37
2005-07-27,13.89,7.5,10.35,0.55,0.58,8.4,7.7
2005-07-28,16.47,7.54,10.92,0.2,0.58,7.31,7.81
2005-07-29,17.11,6.57,10.64,0.09,0.58,6.03,11.3
2005-07-30,18.08,4.46,10.26,0.0,0.58,5.98,12.96
2005-07-31,16.8,4.95,10.03,0.0,0.58,7.54,12.39
2005-08-01,18.48,4.91,11.51,0.0,0.58,6.41,13.03
2005-08-02,19.27,3.91,10.72,0.0,0.58,4.42,13.64
2005-08-03,19.54,7.17,13.02,4.4,0.58,8.22,9.91
2005-08-04,13.0,3.12,7.97,1.34,0.58,3.99,12.4
2005-08-05,14.12,0.42,6.8,0.0,0.58,3.05,12.78
2005-08-06,16.08,3.56,8.49,0.0,0.58,4.06,14.45
2005-08-07,16.88,3.1,8.76,0.2,0.58,4.92,11.82
2005-08-08,14.86,4.98,9.11,0.85,0.58,6.08,9.25
2005-08-09,16.77,5.36,10.23,3.37,0.58,6.35,7.87
2005-08-10,9.19,1.91,5.21,0.43,0.58,1.98,12.83
2005-08-11,11.31,0.89,5.42,0.18,0.58,2.23,12.6
2005-08-12,12.29,1.88,5.76,0.03,0.58,2.36,11.75
2005-08-13,15.83,2.67,8.4,0.0,0.58,4.32,13.99
2005-08-14,15.22,3.44,8.94,0.01,0.58,0.53,9.59
2005-08-15,14.2,4.24,9.32,1.64,0.58,3.55,13.47
2005-08-16,16.65,2.73,8.48,0.0,0.58,4.74,14.57
2005-08-17,18.97,2.08,10.06,0.0,0.57,1.67,15.71
2005-08-18,21.64,6.63,13.67,0.0,0.57,4.39,7.66
2005-08-19,19.47,10.15,13.94,11.81,0.58,8.91,2.33
2005-08-20,15.78,7.81,10.98,0.46,0.59,6.95,13.0
2005-08-21,14.27,6.7,10.24,1.07,0.59,7.39,11.4
2005-08-22,14.62,4.65,9.16,0.74,0.59,3.67,13.37
2005-08-23,14.77,1.15,7.45,0.01,0.58,3.33,9.83
2005-08-24,16.09,4.11,8.9,0.01,0.58,4.92,15.67
2005-08-25,17.59,3.59,9.52,0.0,0.58,4.42,17.58
2005-08-26,19.07,4.1,10.45,0.0,0.58,4.52,17.51
2005-08-27,20.41,2.7,10.44,0.0,0.58,4.5,17.37
2005-08-28,23.08,5.5,13.15,0.0,0.57,4.58,15.4
2005-08-29,24.48,8.63,15.65,0.08,0.57,4.92,15.28
2005-08-30,22.07,11.95,16.87,7.0,0.57,8.78,13.0
2005-08-31,14.39,3.34,9.54,3.81,0.58,3.03,15.47
2005-09-01,14.16,2.7,8.16,0.0,0.58,0.62,15.91
2005-09-02,16.9,5.29,10.39,0.0,0.58,2.12,17.09
2005-09-03,15.18,7.27,10.11,2.1,0.57,6.21,4.79
2005-09-04,17.36,5.52,10.5,0.02,0.58,6.65,16.35
2005-09-05,18.51,4.61,11.8,0.0,0.57,5.18,15.25
2005-09-06,19.57,4.14,11.71,0.0,0.57,3.8,19.53
2005-09-07,21.02,5.74,12.09,0.44,0.57,6.38,16.95
2005-09-08,26.18,11.29,18.27,0.86,0.57,8.3,14.48
2005-09-09,26.48,12.44,19.19,2.75,0.56,13.06,15.96
2005-09-10,19.41,6.45,13.99,0.55,0.57,7.61,12.74
2005-09-11,11.32,4.55,7.84,1.58,0.56,4.37,13.6
2005-09-12,14.57,4.05,8.65,0.18,0.56,4.26,16.15
2005-09-13,16.19,4.24,9.83,0.03,0.56,4.85,13.62
2005-09-14,19.98,4.92,11.87,0.49,0.56,5.2,15.99
2005-09-15,16.99,5.14,10.6,0.08,0.56,3.91,18.19
2005-09-16,13.36,4.5,8.35,1.56,0.56,3.77,11.83
2005-09-17,16.14,3.98,9.36,2.48,0.56,6.03,15.48
2005-09-18,17.8,3.12,10.29,0.29,0.56,3.79,21.04
2005-09-19,19.03,7.14,12.35,1.41,0.56,7.74,16.28
2005-09-20,19.21,6.67,12.39,0.09,0.56,6.32,18.79
2005-09-21,22.96,7.09,14.03,0.0,0.55,5.4,15.97
2005-09-22,23.22,8.73,14.79,1.39,0.55,8.26,8.28
2005-09-23,22.91,9.35,15.93,0.11,0.55,11.22,10.06
2005-09-24,18.44,8.91,13.5,0.04,0.55,8.76,14.07
2005-09-25,18.99,8.08,13.5,1.59,0.55,7.67,9.27
2005-09-26,21.7,9.16,14.3,0.8,0.55,7.4,17.91
2005-09-27,21.47,6.01,12.65,0.0,0.55,4.87,23.56
2005-09-28,18.88,9.06,13.7,14.38,0.56,10.09,7.41
2005-09-29,17.83,7.3,12.06,0.37,0.57,4.86,20.79
2005-09-30,22.58,6.17,14.1,0.03,0.56,4.57,22.83
2005-10-01,25.13,10.71,16.45,0.02,0.56,4.7,23.72
2005-10-02,24.86,8.78,16.32,0.0,0.56,7.36,23.59
2005-10-03,21.87,9.08,15.49,0.0,0.55,5.74,23.5
2005-10-04,22.04,4.43,13.26,0.0,0.55,3.29,22.22
2005-10-05,24.69,13.59,18.0,0.09,0.55,8.86,6.39
2005-10-06,20.65,6.9,13.25,0.01,0.54,3.35,24.77
2005-10-07,11.33,5.09,8.34,8.66,0.55,5.08,4.39
2005-10-08,16.09,4.77,9.94,4.12,0.56,6.53,16.21
2005-10-09,18.25,6.66,11.46,0.29,0.56,5.61,20.75
2005-10-10,22.83,4.47,13.47,0.01,0.56,4.53,24.54
2005-10-11,19.01,6.4,12.24,0.51,0.55,4.77,23.07
2005-10-12,21.29,4.02,12.89,0.0,0.55,4.38,25.67
2005-10-13,25.04,7.93,14.89,0.0,0.55,3.31,26.4
2005-10-14,20.16,3.65,11.87,0.0,0.54,2.63,23.67
2005-10-15,24.03,4.61,14.56,0.0,0.54,3.07,26.0
2005-10-16,25.57,7.52,16.16,0.0,0.54,4.37,26.62
2005-10-17,24.75,7.95,16.5,0.0,0.53,8.12,25.68
2005-10-18,26.2,8.94,17.85,0.0,0.53,7.34,24.68
2005-10-19,19.62,13.01,15.77,10.37,0.54,10.3,6.21
2005-10-20,24.52,12.96,19.05,5.41,0.55,12.9,20.16
2005-10-21,22.77,12.61,17.59,1.42,0.55,12.07,20.91
2005-10-22,23.36,10.56,17.0,0.3,0.55,11.15,17.59
2005-10-23,24.45,13.04,18.32,0.17,0.55,9.2,22.09
2005-10-24,18.22,11.67,14.43,6.47,0.55,9.92,18.42
2005-10-25,23.15,9.28,16.38,0.14,0.55,9.39,20.88
2005-10-26,22.74,12.16,17.73,0.03,0.55,7.2,25.25
2005-10-27,22.42,8.41,15.18,0.06,0.54,6.87,25.53
2005-10-28,26.2,7.97,18.25,0.03,0.54,7.42,22.12
2005-10-29,22.33,14.2,18.29,14.68,0.54,12.82,7.07
2005-10-30,24.15,13.0,17.74,5.82,0.57,11.47,16.71
2005-10-31,28.04,11.69,19.76,0.04,0.57,13.91,27.2
2005-11-01,31.43,14.37,23.44,0.0,0.56,15.95,26.28
2005-11-02,33.39,19.05,26.17,0.03,0.55,16.74,21.15
2005-11-03,24.69,10.68,19.06,0.06,0.55,9.73,20.42
2005-11-04,23.28,7.97,15.78,0.0,0.55,5.84,25.91
2005-11-05,29.12,9.39,19.25,0.0,0.54,6.08,30.99
2005-11-06,32.19,12.26,22.51,0.01,0.54,10.52,19.28
2005-11-07,26.2,14.99,20.73,23.23,0.56,12.79,18.61
2005-11-08,27.02,14.42,20.0,1.8,0.58,13.82,19.27
2005-11-09,30.41,14.61,21.92,0.0,0.57,12.3,29.69
2005-11-10,17.6,9.12,13.7,3.26,0.57,7.38,24.67
2005-11-11,21.49,5.56,13.92,0.01,0.56,5.18,23.45
2005-11-12,22.14,7.57,15.27,0.01,0.56,7.41,28.32
2005-11-13,25.49,7.45,16.89,0.0,0.56,5.83,31.92
2005-11-14,30.7,10.38,20.61,0.84,0.55,7.93,29.76
2005-11-15,22.85,9.58,16.25,0.08,0.55,5.65,32.47
2005-11-16,27.02,6.75,17.08,0.0,0.54,4.72,32.87
2005-11-17,30.69,9.46,20.55,0.0,0.54,5.43,32.38
2005-11-18,33.12,15.03,22.34,0.11,0.53,7.76,13.12
2005-11-19,26.51,13.01,19.54,0.0,0.53,9.25,27.1
2005-11-20,26.19,9.85,18.06,0.0,0.53,8.95,31.46
2005-11-21,29.28,10.29,19.97,0.0,0.52,8.61,31.5
2005-11-22,26.61,12.07,18.79,0.0,0.52,8.11,31.62
2005-11-23,28.06,8.43,18.43,0.0,0.52,5.74,33.52
2005-11-24,30.01,10.89,21.12,0.01,0.51,8.8,22.05
2005-11-25,35.36,16.98,25.22,1.52,0.51,10.59,27.43
2005-11-26,23.7,10.26,16.78,0.0,0.51,3.63,32.75
2005-11-27,23.91,7.57,15.82,0.01,0.51,4.47,29.23
2005-11-28,24.94,8.39,16.38,0.0,0.51,5.92,32.94
2005-11-29,29.59,10.48,19.94,2.79,0.5,10.1,25.63
2005-11-30,28.15,12.21,20.97,1.08,0.51,10.62,23.37
2005-12-01,36.13,16.31,26.18,0.5,0.5,9.54,25.92
2005-12-02,22.74,13.09,18.23,12.78,0.51,10.88,20.96
2005-12-03,22.87,10.04,15.87,0.58,0.52,7.43,23.46
2005-12-04,33.11,11.46,20.01,0.01,0.52,6.7,30.59
2005-12-05,30.01,10.19,20.08,0.0,0.51,7.33,32.49
2005-12-06,29.95,16.83,22.08,13.27,0.52,12.34,14.82
2005-12-07,27.31,12.08,19.7,0.0,0.53,7.5,31.58
2005-12-08,25.3,12.67,18.32,0.0,0.52,7.79,24.06
2005-12-09,26.78,9.26,17.63,0.0,0.52,7.53,31.13
2005-12-10,27.59,11.95,19.24,0.0,0.52,6.61,34.22
2005-12-11,33.27,11.09,22.7,0.0,0.51,6.52,33.8
2005-12-12,31.02,13.05,22.63,0.56,0.51,11.63,16.08
2005-12-13,25.73,10.01,18.16,0.0,0.51,4.9,31.98
2005-12-14,28.82,11.3,20.43,0.0,0.5,6.35,34.27
2005-12-15,33.9,14.95,24.04,2.31,0.5,5.46,22.53
2005-12-16,26.25,13.46,19.28,0.43,0.5,6.1,33.43
2005-12-17,22.63,12.92,17.24,0.5,0.5,6.07,27.66
2005-12-18,23.34,10.81,17.07,0.01,0.5,6.83,27.59
2005-12-19,28.58,9.09,18.91,0.0,0.49,5.6,34.31
2005-12-20,37.11,13.21,25.75,0.0,0.49,7.07,33.15
2005-12-21,36.58,18.99,27.52,0.01,0.49,6.04,22.73
2005-12-22,31.88,12.93,22.91,0.0,0.48,4.07,33.76
2005-12-23,40.56,17.65,28.55,0.26,0.48,7.02,19.96
2005-12-24,24.41,13.66,19.14,0.0,0.48,3.42,30.54
2005-12-25,26.56,11.69,19.3,0.0,0.48,7.23,25.87
2005-12-26,29.39,12.2,21.48,0.0,0.48,8.19,30.28
2005-12-27,37.05,17.41,27.84,0.0,0.48,6.17,30.96
2005-12-28,30.81,15.8,24.02,0.05,0.48,5.82,31.38
2005-12-29,34.8,14.79,25.22,0.0,0.48,6.91,32.11
2005-12-30,42.61,18.54,31.56,0.0,0.48,4.29,33.88
2005-12-31,45.76,24.15,35.75,0.09,0.48,4.33,29.42
2006-01-01,35.33,17.03,26.66,5.3,0.48,14.5,18.9
2006-01-02,29.23,12.09,20.56,0.0,0.48,5.56,34.27
2006-01-03,29.75,12.79,21.1,0.0,0.48,5.31,32.82
2006-01-04,29.14,13.06,20.17,0.0,0.48,2.86,28.92
2006-01-05,31.37,12.46,21.81,0.0,0.48,2.81,32.97
2006-01-06,32.54,14.04,22.95,0.0,0.48,4.36,34.27
2006-01-07,35.62,12.93,24.66,0.0,0.48,7.18,34.0
2006-01-08,37.82,16.1,27.82,0.0,0.48,7.86,32.77
2006-01-09,39.44,25.22,31.62,0.0,0.48,7.62,18.37
2006-01-10,40.91,21.35,30.23,0.58,0.48,13.03,25.75
2006-01-11,30.52,20.15,24.54,7.44,0.49,15.72,27.79
2006-01-12,33.72,15.88,24.58,0.0,0.49,9.48,32.45
2006-01-13,32.05,14.69,22.89,0.0,0.48,7.42,29.79
2006-01-14,33.29,14.0,23.75,0.0,0.48,5.1,27.57
2006-01-15,34.38,16.96,25.56,0.06,0.48,9.35,26.93
2006-01-16,34.45,18.25,26.44,0.65,0.48,10.4,15.67
2006-01-17,35.98,20.26,26.84,0.88,0.48,13.41,24.65
2006-01-18,35.39,15.84,25.15,0.01,0.48,7.17,29.73
2006-01-19,36.43,19.02,28.51,1.17,0.48,13.14,28.25
2006-01-20,41.25,24.2,31.92,8.61,0.48,16.08,26.1
2006-01-21,42.49,23.27,32.77,4.06,0.49,18.79,30.07
2006-01-22,42.85,24.7,33.42,0.03,0.49,14.42,29.85
2006-01-23,31.69,17.99,24.99,0.01,0.49,10.77,29.53
2006-01-24,30.22,14.49,21.27,0.0,0.48,5.02,32.78
2006-01-25,34.33,11.3,23.61,0.04,0.48,5.02,32.45
2006-01-26,41.15,20.33,31.55,0.36,0.48,10.62,29.47
2006-01-27,40.36,25.17,32.85,0.3,0.48,15.93,19.73
2006-01-28,38.05,24.11,31.67,2.37,0.48,17.01,24.29
2006-01-29,38.84,26.04,31.71,0.56,0.48,17.38,28.29
2006-01-30,30.19,18.75,24.65,0.4,0.48,10.49,28.17
2006-01-31,33.11,15.96,24.17,0.0,0.48,6.02,27.92
2006-02-01,35.15,18.86,26.08,0.04,0.48,11.21,25.91
2006-02-02,32.67,15.92,23.42,0.0,0.48,8.55,25.31
2006-02-03,31.99,16.12,23.35,0.0,0.48,5.27,29.32
2006-02-04,31.21,15.86,23.01,0.0,0.48,6.93,25.72
2006-02-05,33.07,15.21,23.8,0.0,0.48,5.77,30.2
2006-02-06,29.49,13.24,21.38,0.0,0.48,4.53,30.77
2006-02-07,28.4,10.28,19.04,0.0,0.47,1.62,31.32
2006-02-08,34.78,11.56,23.66,0.0,0.47,-0.76,30.85
2006-02-09,24.16,14.81,20.0,0.68,0.48,6.81,26.12
2006-02-10,26.69,10.71,18.68,0.0,0.48,4.62,30.29
2006-02-11,27.01,11.03,19.14,0.0,0.47,4.69,30.04
2006-02-12,32.48,11.98,22.22,0.0,0.47,5.32,30.06
2006-02-13,26.99,13.31,19.55,0.0,0.47,4.27,30.24
2006-02-14,31.04,12.13,21.6,0.0,0.47,8.55,28.92
2006-02-15,32.69,14.69,24.1,0.0,0.47,10.34,24.91
2006-02-16,36.31,16.23,26.82,0.0,0.47,8.22,29.0
2006-02-17,33.41,20.17,26.62,0.0,0.47,6.18,28.11
2006-02-18,31.06,14.31,22.92,0.01,0.47,9.08,28.34
2006-02-19,28.1,16.11,21.49,0.01,0.47,9.42,27.69
2006-02-20,30.1,12.96,21.16,0.0,0.47,4.84,28.95
2006-02-21,33.25,12.81,22.76,0.0,0.47,7.32,28.34
2006-02-22,34.57,14.91,24.33,0.0,0.47,9.5,28.25
2006-02-23,34.66,15.78,26.34,0.0,0.47,12.21,23.81
2006-02-24,32.65,22.32,27.93,0.8,0.47,14.24,19.25
2006-02-25,31.97,21.17,26.29,1.78,0.47,15.06,20.34
2006-02-26,28.67,15.52,21.64,0.03,0.48,9.51,26.61
2006-02-27,30.83,11.89,20.95,0.01,0.48,5.25,27.76
2006-02-28,33.0,12.83,22.82,0.0,0.48,4.59,27.48
2006-03-01,33.19,13.65,23.02,0.0,0.48,5.16,27.34
2006-03-02,35.25,14.65,25.31,0.0,0.47,8.86,26.28
2006-03-03,35.62,19.82,27.51,0.0,0.47,9.22,25.95
2006-03-04,36.48,20.45,27.96,0.0,0.47,4.81,26.22
2006-03-05,36.22,16.9,26.49,0.0,0.47,8.69,25.2
2006-03-06,28.82,13.94,21.07,0.0,0.47,6.57,26.23
2006-03-07,26.99,12.08,19.09,0.0,0.47,6.86,25.82
2006-03-08,30.73,11.78,21.56,0.0,0.47,5.82,25.84
2006-03-09,34.16,15.9,24.84,0.0,0.47,2.24,25.44
2006-03-10,33.34,13.93,23.12,0.0,0.47,5.77,25.54
2006-03-11,35.06,15.2,25.62,0.0,0.47,7.2,25.16
2006-03-12,41.04,18.06,29.28,0.04,0.47,2.61,23.35
2006-03-13,26.67,14.75,21.86,11.47,0.49,12.12,18.34
2006-03-14,25.56,10.87,17.83,0.0,0.49,7.44,24.87
2006-03-15,26.06,10.6,18.29,0.4,0.49,9.23,11.72
2006-03-16,23.99,11.71,17.33,0.03,0.49,7.33,17.69
2006-03-17,24.56,10.24,17.18,0.0,0.49,7.16,23.72
2006-03-18,25.96,9.98,17.84,0.0,0.48,7.84,23.31
2006-03-19,27.31,11.33,19.1,0.0,0.48,8.26,23.09
2006-03-20,27.82,10.77,18.65,0.0,0.48,6.78,23.69
2006-03-21,31.22,11.27,20.82,0.0,0.48,9.71,22.5
2006-03-22,32.11,14.6,22.94,0.0,0.48,8.49,20.71
2006-03-23,31.45,14.77,22.91,0.0,0.48,7.47,22.61
2006-03-24,32.25,13.63,22.94,0.0,0.48,8.52,22.41
2006-03-25,32.24,16.45,23.94,0.0,0.48,7.5,22.28
2006-03-26,33.15,16.49,24.46,0.0,0.48,5.44,20.51
2006-03-27,26.53,17.48,21.96,0.21,0.48,5.53,6.28
2006-03-28,30.83,14.07,21.97,0.0,0.48,9.03,19.91
2006-03-29,32.55,14.46,23.55,0.0,0.48,9.49,19.84
2006-03-30,28.38,15.18,20.79,0.0,0.48,8.33,20.73
2006-03-31,22.39,10.89,16.37,0.13,0.48,8.45,14.75
2006-04-01,20.8,8.91,14.22,0.06,0.48,3.25,16.64
2006-04-02,20.37,7.27,13.84,0.02,0.48,1.92,17.7
2006-04-03,22.28,8.08,14.89,0.82,0.48,4.12,13.79
2006-04-04,22.38,13.21,17.14,0.17,0.48,9.19,14.71
2006-04-05,21.53,9.35,14.09,1.6,0.48,7.29,12.53
2006-04-06,19.37,6.38,12.62,0.01,0.48,3.2,14.93
2006-04-07,20.04,9.19,14.01,0.06,0.48,5.98,14.82
2006-04-08,20.44,7.26,12.92,0.0,0.48,3.77,18.89
2006-04-09,21.76,5.99,13.56,0.0,0.48,4.36,19.45
2006-04-10,21.84,7.04,14.08,0.0,0.48,2.98,11.88
2006-04-11,28.98,10.24,18.81,0.0,0.48,0.88,18.66
2006-04-12,21.68,9.77,15.91,0.0,0.48,6.9,16.91
2006-04-13,24.62,11.54,17.63,0.72,0.48,7.86,12.68
2006-04-14,24.11,9.23,15.92,4.11,0.48,9.44,11.06
2006-04-15,18.59,6.02,11.48,0.01,0.49,3.93,17.94
2006-04-16,18.21,3.95,10.78,0.0,0.49,2.62,18.42
2006-04-17,24.5,5.62,14.87,2.05,0.48,-0.69,12.81
2006-04-18,20.32,7.87,14.11,0.06,0.49,4.59,15.77
2006-04-19,22.62,9.32,15.48,3.32,0.49,6.03,17.07
2006-04-20,18.7,8.38,13.75,1.82,0.49,7.2,12.9
2006-04-21,17.38,7.08,11.49,0.29,0.49,5.16,16.65
2006-04-22,16.75,4.53,10.41,0.0,0.49,4.4,12.88
2006-04-23,18.96,6.91,11.99,0.0,0.49,6.9,10.25
2006-04-24,17.63,6.86,10.92,0.0,0.49,5.99,15.96
2006-04-25,19.07,6.24,12.18,0.0,0.49,6.06,12.81
2006-04-26,23.08,7.02,14.2,0.0,0.49,4.81,15.96
2006-04-27,24.63,7.44,14.99,0.0,0.49,3.6,14.79
2006-04-28,14.37,9.88,12.29,14.73,0.49,6.11,3.63
2006-04-29,20.16,10.01,14.54,0.42,0.51,9.91,5.69
2006-04-30,17.76,10.48,13.73,0.58,0.51,10.06,8.62
2006-05-01,19.5,7.85,13.33,0.07,0.51,8.59,11.49
2006-05-02,18.86,7.45,13.26,0.59,0.51,8.99,11.77
2006-05-03,18.38,9.13,13.31,1.12,0.51,9.17,9.98
2006-05-04,19.54,7.68,12.66,0.12,0.51,8.45,6.73
2006-05-05,19.9,7.52,13.18,1.33,0.51,9.04,10.58
2006-05-06,17.53,7.0,12.85,0.24,0.51,8.24,9.41
2006-05-07,15.62,6.31,10.91,10.54,0.53,4.62,12.21
2006-05-08,15.2,4.25,9.05,0.17,0.53,4.9,9.92
2006-05-09,18.68,7.99,12.66,1.75,0.52,8.48,9.29
2006-05-10,15.18,5.5,9.6,0.07,0.53,4.83,9.98
2006-05-11,15.22,4.46,8.57,0.0,0.52,3.56,8.07
2006-05-12,16.75,3.06,9.47,0.0,0.52,5.24,13.49
2006-05-13,17.7,6.01,10.91,0.0,0.52,7.67,5.8
2006-05-14,19.12,5.58,11.74,0.0,0.52,8.32,7.19
2006-05-15,19.8,7.8,12.69,0.0,0.52,9.22,11.54
2006-05-16,21.32,6.16,13.27,0.0,0.52,7.61,12.8
2006-05-17,19.96,7.95,12.31,0.0,0.52,7.71,9.84
2006-05-18,19.38,7.25,11.83,0.01,0.52,8.42,8.98
2006-05-19,21.12,7.61,13.22,0.0,0.52,7.9,12.17
2006-05-20,15.37,4.82,9.46,0.01,0.52,3.62,12.82
2006-05-21,14.26,2.11,7.97,0.01,0.51,4.09,8.79
2006-05-22,13.88,5.02,8.53,0.0,0.51,4.76,11.89
2006-05-23,14.86,3.86,7.77,0.0,0.51,3.88,12.54
2006-05-24,16.23,5.58,9.17,0.0,0.51,5.99,12.23
2006-05-25,15.46,4.31,9.78,0.0,0.51,5.49,9.78
2006-05-26,15.85,6.3,10.43,0.0,0.51,3.35,11.84
2006-05-27,15.82,2.54,8.47,0.0,0.51,4.99,11.92
2006-05-28,15.77,6.4,9.77,0.01,0.51,6.01,10.79
2006-05-29,14.21,4.3,8.24,0.05,0.51,4.6,10.51
2006-05-30,15.34,2.67,7.73,0.0,0.51,2.9,11.79
2006-05-31,15.32,2.84,8.04,0.0,0.51,-0.01,9.47
2006-06-01,10.97,4.47,7.08,0.11,0.51,3.16,7.08
2006-06-02,16.05,4.02,8.78,0.0,0.51,5.34,10.46
2006-06-03,15.49,6.29,9.92,0.07,0.51,6.19,9.76
2006-06-04,15.02,5.75,9.23,0.03,0.51,5.37,10.98
2006-06-05,14.67,4.61,8.06,0.01,0.51,4.43,11.37
2006-06-06,14.47,3.82,7.83,0.08,0.5,3.92,10.96
2006-06-07,15.5,0.96,7.5,0.03,0.5,2.02,11.4
2006-06-08,13.99,2.2,6.69,0.0,0.5,2.06,9.28
2006-06-09,16.52,1.25,7.68,0.01,0.5,3.19,10.3
2006-06-10,13.03,5.39,8.07,0.06,0.5,5.02,4.94
2006-06-11,12.07,2.7,6.59,0.15,0.5,1.9,10.75
2006-06-12,12.78,2.17,6.56,0.0,0.5,3.39,10.1
2006-06-13,12.25,2.57,6.46,0.0,0.5,3.26,10.04
2006-06-14,13.6,3.18,7.5,0.0,0.5,2.5,10.24
2006-06-15,14.61,-0.02,6.68,0.0,0.5,2.63,10.7
2006-06-16,13.56,3.6,7.6,0.01,0.5,4.81,6.56
2006-06-17,14.01,1.96,6.71,0.0,0.5,4.1,10.88
2006-06-18,13.19,2.99,6.46,0.0,0.5,3.37,10.79
2006-06-19,16.55,1.46,7.4,0.0,0.5,1.33,10.98
2006-06-20,14.75,3.94,8.21,0.31,0.5,3.74,5.34
2006-06-21,16.0,7.39,10.51,5.37,0.5,7.59,3.61
2006-06-22,16.45,7.62,11.24,4.61,0.51,9.35,6.7
2006-06-23,15.82,6.72,9.76,0.65,0.52,6.54,9.25
2006-06-24,12.35,4.85,7.46,0.44,0.52,4.99,7.06
2006-06-25,13.18,3.4,7.92,0.01,0.51,3.67,9.7
2006-06-26,14.39,3.81,7.82,0.0,0.51,2.44,10.0
2006-06-27,15.99,1.28,6.89,0.01,0.51,0.56,10.84
2006-06-28,14.92,1.08,6.55,0.0,0.51,-0.79,10.83
2006-06-29,16.64,-0.18,7.24,0.56,0.51,0.71,10.91
2006-06-30,13.66,6.66,9.74,0.37,0.51,7.87,8.95
2006-07-01,13.01,7.19,9.58,3.31,0.51,7.91,4.94
2006-07-02,13.24,4.52,8.04,0.72,0.52,4.82,6.36
2006-07-03,13.56,5.95,8.68,0.04,0.52,5.87,10.9
2006-07-04,15.8,5.41,9.18,0.01,0.52,5.12,10.69
2006-07-05,17.02,2.21,8.4,0.0,0.51,3.22,11.05
2006-07-06,14.64,4.78,8.69,0.12,0.51,5.16,10.51
2006-07-07,14.53,2.98,8.42,0.01,0.51,5.15,5.25
2006-07-08,12.16,6.31,8.86,0.17,0.51,6.93,4.89
2006-07-09,13.48,5.27,8.52,0.01,0.51,2.29,6.82
2006-07-10,17.79,3.22,9.9,0.04,0.51,-1.35,10.37
2006-07-11,14.75,4.58,9.18,0.22,0.51,4.7,9.14
2006-07-12,11.83,2.54,5.98,0.0,0.51,1.73,11.71
2006-07-13,13.44,1.88,6.76,0.0,0.51,3.93,11.83
2006-07-14,10.36,3.49,7.23,4.29,0.51,4.67,3.61
2006-07-15,10.76,8.24,9.54,22.38,0.54,8.71,2.55
2006-07-16,13.39,8.23,9.76,2.17,0.56,8.95,4.28
2006-07-17,17.64,8.04,11.69,0.15,0.56,8.91,9.21
2006-07-18,15.56,5.47,9.48,0.0,0.56,5.23,11.4
2006-07-19,13.21,3.2,6.96,0.0,0.55,2.71,12.14
2006-07-20,13.18,1.37,5.75,0.0,0.55,1.89,11.45
2006-07-21,15.2,1.27,6.95,0.0,0.55,2.74,12.38
2006-07-22,16.62,3.61,9.17,0.25,0.55,5.04,5.88
2006-07-23,14.92,4.38,9.22,1.5,0.55,6.8,9.09
2006-07-24,14.07,4.38,8.16,0.48,0.55,5.76,11.23
2006-07-25,15.18,3.89,8.55,0.01,0.55,5.49,10.08
2006-07-26,16.0,6.41,10.58,0.0,0.55,5.05,7.99
2006-07-27,15.98,5.75,10.18,0.0,0.55,4.92,9.14
2006-07-28,15.95,3.49,9.28,0.04,0.55,3.3,12.7
2006-07-29,15.01,4.35,9.28,0.04,0.55,4.37,11.6
2006-07-30,15.86,4.56,9.53,1.43,0.55,5.36,12.62
2006-07-31,13.85,3.67,8.24,0.71,0.55,3.74,11.57
2006-08-01,12.71,1.79,6.64,0.0,0.55,2.96,10.46
2006-08-02,15.96,5.63,9.84,0.79,0.55,4.63,10.24
2006-08-03,15.63,6.35,9.87,0.14,0.55,5.62,11.98
2006-08-04,16.31,6.36,10.44,0.16,0.54,6.76,11.83
2006-08-05,16.75,2.4,9.0,0.0,0.54,5.43,13.52
2006-08-06,17.66,4.4,9.96,0.0,0.54,6.98,13.56
2006-08-07,17.27,3.42,8.66,0.0,0.54,3.06,14.58
2006-08-08,20.21,3.05,10.77,0.0,0.54,2.18,14.72
2006-08-09,16.43,4.36,10.19,0.0,0.54,3.7,12.67
2006-08-10,15.59,1.97,7.7,0.0,0.54,2.6,15.13
2006-08-11,14.72,2.64,8.22,0.0,0.54,1.23,12.81
2006-08-12,17.08,1.47,8.55,0.0,0.54,2.8,14.61
2006-08-13,19.89,2.98,10.01,0.0,0.53,0.96,14.72
2006-08-14,18.23,4.36,10.24,0.0,0.53,3.61,13.63
2006-08-15,17.13,3.88,9.78,0.01,0.53,4.24,15.84
2006-08-16,19.96,3.75,11.78,0.01,0.53,1.28,15.67
2006-08-17,15.62,5.51,10.6,1.63,0.53,4.96,12.9
2006-08-18,15.13,3.89,8.77,0.47,0.53,4.88,12.97
2006-08-19,16.85,3.72,9.41,0.0,0.53,2.95,15.95
2006-08-20,20.32,3.04,10.66,0.0,0.53,1.45,16.3
2006-08-21,20.21,7.14,12.19,0.01,0.53,3.34,16.24
2006-08-22,17.37,5.32,10.91,0.13,0.53,5.56,11.63
2006-08-23,16.34,4.04,9.66,2.59,0.52,5.9,7.16
2006-08-24,16.99,8.74,12.29,1.58,0.53,10.07,9.69
2006-08-25,15.35,4.82,9.13,0.02,0.53,3.83,17.2
2006-08-26,16.33,4.78,10.2,0.0,0.53,3.14,16.79
2006-08-27,17.13,6.28,10.48,0.0,0.53,3.51,15.34
2006-08-28,17.48,5.71,10.18,0.0,0.53,5.94,16.23
2006-08-29,18.15,4.69,10.42,0.0,0.52,6.17,16.17
2006-08-30,21.92,3.56,12.81,0.0,0.52,3.8,18.39
2006-08-31,24.05,6.2,13.98,0.0,0.52,4.06,18.66
2006-09-01,25.69,8.84,16.32,0.0,0.52,7.39,17.77
2006-09-02,26.74,8.99,17.47,0.95,0.52,7.82,16.45
2006-09-03,17.31,7.81,12.83,1.49,0.52,7.16,14.64
2006-09-04,16.23,2.64,9.55,0.01,0.52,1.98,17.59
2006-09-05,20.27,2.6,11.28,5.05,0.52,3.19,17.47
2006-09-06,12.21,5.73,9.32,16.86,0.55,7.3,6.92
2006-09-07,17.16,2.87,9.61,0.05,0.55,5.16,12.65
2006-09-08,15.92,6.3,9.8,0.73,0.55,5.29,12.27
2006-09-09,16.39,5.64,10.17,0.39,0.55,5.14,14.08
2006-09-10,17.83,5.07,10.44,0.01,0.55,3.85,20.73
2006-09-11,19.59,3.11,11.04,0.0,0.54,3.98,19.08
2006-09-12,21.42,3.68,11.91,0.0,0.54,2.07,21.55
2006-09-13,21.74,5.03,12.76,0.0,0.54,3.07,17.0
2006-09-14,23.41,8.37,14.96,0.0,0.54,4.48,18.94
2006-09-15,23.32,6.19,13.6,0.0,0.53,5.45,21.26
2006-09-16,23.93,5.81,14.63,0.0,0.53,6.0,21.14
2006-09-17,27.78,8.13,17.86,0.0,0.53,6.15,15.01
2006-09-18,27.15,11.94,18.48,0.0,0.53,5.68,17.13
2006-09-19,30.13,11.68,19.35,0.26,0.52,4.77,20.47
2006-09-20,19.44,8.01,13.43,0.02,0.52,5.73,18.2
2006-09-21,20.82,9.3,14.43,0.01,0.52,5.72,21.66
2006-09-22,23.86,10.67,16.29,0.0,0.52,1.72,16.14
2006-09-23,21.03,7.63,14.79,0.03,0.51,3.11,19.95
2006-09-24,15.04,5.49,12.2,2.69,0.52,4.67,16.94
2006-09-25,16.61,1.83,9.41,0.0,0.52,0.01,19.99
2006-09-26,21.17,3.63,12.19,0.0,0.51,-1.15,23.37
2006-09-27,22.29,7.36,14.09,0.0,0.51,0.75,22.94
2006-09-28,21.41,2.92,12.01,0.0,0.51,1.45,23.87
2006-09-29,21.43,3.87,12.17,0.0,0.51,4.41,22.62
2006-09-30,21.13,3.57,12.17,0.0,0.51,2.64,23.69
2006-10-01,29.6,6.57,17.22,0.12,0.5,3.91,19.65
2006-10-02,24.23,7.85,15.5,0.0,0.5,5.99,24.98
2006-10-03,27.02,7.29,16.4,0.0,0.5,6.75,24.28
2006-10-04,32.12,10.33,20.75,0.0,0.5,2.69,25.36
2006-10-05,20.78,8.49,15.14,0.0,0.49,4.2,25.51
2006-10-06,22.96,4.13,13.11,0.0,0.49,1.13,25.14
2006-10-07,28.73,7.75,17.29,0.0,0.49,1.62,24.75
2006-10-08,18.55,6.67,12.77,0.0,0.49,1.11,25.42
2006-10-09,20.56,2.75,11.71,0.0,0.49,0.76,26.46
2006-10-10,24.53,4.47,14.59,0.0,0.49,0.98,26.57
2006-10-11,31.1,8.2,19.45,0.0,0.49,-2.64,26.97
2006-10-12,36.49,12.38,24.13,0.0,0.48,0.11,26.96
2006-10-13,29.91,13.48,21.04,0.01,0.48,6.96,24.52
2006-10-14,23.05,10.64,17.07,0.12,0.48,4.73,18.11
2006-10-15,21.04,5.36,13.18,0.0,0.48,0.93,27.56
2006-10-16,23.89,5.99,15.51,0.0,0.48,-1.23,27.73
2006-10-17,30.39,9.23,20.78,0.04,0.48,-0.35,24.45
2006-10-18,25.49,12.72,18.66,0.01,0.48,6.23,27.5
2006-10-19,26.49,8.88,17.68,0.01,0.48,5.79,27.53
2006-10-20,22.37,7.64,14.53,0.0,0.48,4.4,22.12
2006-10-21,19.75,4.46,11.95,0.0,0.48,-2.32,29.0
2006-10-22,24.16,4.41,14.02,0.0,0.48,-2.89,29.17
2006-10-23,28.02,6.52,17.6,0.0,0.48,-3.23,29.1
2006-10-24,31.97,10.95,21.66,0.14,0.48,-1.8,24.98
2006-10-25,23.83,10.05,18.22,0.02,0.48,3.2,27.17
2006-10-26,24.53,5.29,14.87,0.0,0.48,-1.88,28.64
2006-10-27,22.27,7.1,14.12,0.03,0.48,2.31,24.34
2006-10-28,18.68,4.99,11.53,0.02,0.48,-0.11,23.86
2006-10-29,21.75,3.95,13.08,0.0,0.48,-0.8,29.87
2006-10-30,25.88,5.13,16.36,0.0,0.47,0.03,29.88
2006-10-31,29.78,10.28,19.99,0.0,0.47,-1.14,21.4
2006-11-01,32.47,9.06,21.12,4.5,0.47,3.78,23.69
2006-11-02,26.18,14.49,20.57,3.82,0.48,11.02,17.81
2006-11-03,26.75,9.39,17.56,0.0,0.49,5.62,30.06
2006-11-04,28.09,9.31,18.68,0.0,0.49,8.0,29.85
2006-11-05,27.49,9.94,18.13,0.0,0.48,4.73,30.34
2006-11-06,27.22,10.81,18.53,0.0,0.48,7.77,30.58
2006-11-07,24.18,10.5,16.77,0.0,0.48,4.46,30.55
2006-11-08,23.41,6.65,14.72,0.0,0.48,2.21,31.76
2006-11-09,28.22,7.68,17.88,0.0,0.48,2.54,31.31
2006-11-10,31.45,9.78,21.15,0.0,0.48,-0.27,31.24
2006-11-11,32.07,10.18,21.63,5.88,0.48,7.8,19.14
2006-11-12,25.56,16.53,20.75,1.13,0.49,12.88,9.27
2006-11-13,21.06,8.5,15.54,0.35,0.49,3.92,29.47
2006-11-14,23.19,4.97,13.76,0.04,0.49,2.2,31.8
2006-11-15,13.51,5.73,10.0,0.76,0.48,1.61,24.35
2006-11-16,20.91,3.35,12.3,0.02,0.48,1.7,31.88
2006-11-17,26.95,5.91,16.87,0.0,0.48,2.5,32.55
2006-11-18,31.68,11.7,22.53,0.0,0.48,1.3,27.61
2006-11-19,36.13,15.37,26.54,0.0,0.48,-0.66,29.2
2006-11-20,37.96,21.28,29.49,0.0,0.48,3.35,24.36
2006-11-21,37.29,17.3,27.11,0.07,0.48,4.38,15.79
2006-11-22,28.9,13.42,20.56,0.0,0.48,7.23,29.04
2006-11-23,30.41,12.18,20.78,0.0,0.48,5.96,31.83
2006-11-24,34.8,12.15,24.01,0.0,0.48,1.61,32.14
2006-11-25,37.9,16.08,26.44,0.0,0.47,1.77,29.75
2006-11-26,32.18,14.23,22.47,0.0,0.47,0.26,31.1
2006-11-27,34.16,10.67,22.61,0.0,0.47,0.97,26.82
2006-11-28,37.7,16.69,27.3,0.0,0.47,0.21,32.19
2006-11-29,30.59,13.15,21.62,0.0,0.47,0.28,32.7
2006-11-30,40.88,12.87,26.55,0.01,0.47,2.76,23.06
2006-12-01,32.83,15.43,23.42,0.08,0.47,5.29,27.69
2006-12-02,25.04,10.65,17.5,0.0,0.47,0.11,33.78
2006-12-03,26.45,9.17,17.91,0.0,0.47,2.1,33.45
2006-12-04,30.33,10.22,21.09,0.0,0.47,0.11,33.7
2006-12-05,34.5,14.11,24.99,0.0,0.47,-5.73,32.77
2006-12-06,31.25,16.78,23.31,0.0,0.47,0.9,32.3
2006-12-07,32.06,10.77,21.8,0.0,0.47,-4.61,33.74
2006-12-08,36.55,11.88,25.61,0.0,0.47,-1.67,32.97
2006-12-09,41.28,18.6,30.95,0.0,0.47,-6.15,32.33
2006-12-10,42.98,21.19,31.95,1.05,0.47,2.49,30.79
2006-12-11,26.7,12.14,21.21,1.77,0.48,3.76,30.29
2006-12-12,28.73,8.43,18.49,0.0,0.48,-1.49,35.17
2006-12-13,29.91,10.5,20.73,0.0,0.48,-0.6,29.43
2006-12-14,34.07,13.7,22.8,0.23,0.48,1.88,18.79
2006-12-15,26.8,10.48,18.12,0.01,0.48,0.15,30.22
2006-12-16,29.19,9.49,19.18,0.0,0.47,-1.79,34.86
2006-12-17,32.54,10.1,22.69,0.0,0.47,-3.0,34.26
2006-12-18,36.58,13.33,25.92,0.0,0.47,-3.27,33.5
2006-12-19,33.45,16.41,24.12,0.0,0.47,5.49,32.65
2006-12-20,36.24,16.07,26.64,0.0,0.47,3.38,29.14
2006-12-21,40.46,18.81,31.09,0.01,0.47,5.47,24.92
2006-12-22,31.68,18.54,27.16,1.46,0.47,15.52,13.25
2006-12-23,29.32,15.46,21.39,0.01,0.48,3.75,32.33
2006-12-24,24.99,10.19,16.63,0.04,0.47,2.33,31.38
2006-12-25,20.56,7.5,13.72,0.01,0.47,0.46,28.49
2006-12-26,25.07,7.2,16.32,0.0,0.47,4.47,32.88
2006-12-27,27.99,9.8,18.87,0.0,0.47,5.66,33.72
2006-12-28,28.27,10.91,19.36,0.0,0.47,3.17,33.63
2006-12-29,28.41,12.44,19.06,0.01,0.47,7.36,22.82
2006-12-30,26.99,16.03,21.6,0.49,0.47,8.28,19.99
2006-12-31,32.71,17.97,24.77,8.53,0.48,12.39,23.77
2007-01-01,28.49,17.67,23.05,8.2,0.5,15.7,20.92
2007-01-02,30.5,18.36,24.18,0.25,0.5,14.33,27.96
2007-01-03,32.26,18.58,25.45,0.02,0.5,13.85,29.92
2007-01-04,33.76,19.07,26.44,0.0,0.49,13.25,30.79
2007-01-05,35.95,22.02,28.3,0.0,0.49,13.57,27.18
2007-01-06,36.37,20.92,27.12,6.15,0.49,15.68,13.91
2007-01-07,27.19,13.91,21.44,0.49,0.49,12.4,22.43
2007-01-08,28.13,10.47,19.05,0.0,0.49,4.53,34.31
2007-01-09,31.35,10.72,22.01,0.0,0.49,4.41,34.05
2007-01-10,38.1,16.06,28.1,0.0,0.48,1.78,33.44
2007-01-11,36.36,22.09,29.16,0.0,0.48,6.41,32.09
2007-01-12,30.35,17.39,23.6,0.0,0.48,7.52,30.5
2007-01-13,31.23,14.29,22.42,0.0,0.48,5.26,33.27
2007-01-14,33.43,13.5,23.69,0.36,0.48,8.05,29.65
2007-01-15,36.82,15.05,26.52,0.19,0.48,8.86,31.6
2007-01-16,41.16,19.73,30.72,0.02,0.48,10.58,24.6
2007-01-17,37.78,24.87,30.52,0.18,0.48,15.34,15.53
2007-01-18,33.27,22.87,27.49,7.51,0.48,19.21,17.03
2007-01-19,36.36,22.13,28.1,7.37,0.5,19.28,17.83
2007-01-20,29.54,18.48,24.53,17.69,0.51,19.29,9.13
2007-01-21,27.04,14.23,19.85,0.29,0.53,11.51,22.47
2007-01-22,28.07,10.43,19.12,0.0,0.52,8.85,32.49
2007-01-23,32.39,12.93,22.89,0.0,0.52,9.85,31.89
2007-01-24,29.13,13.28,21.18,0.01,0.51,10.44,31.93
2007-01-25,30.8,11.89,21.23,0.0,0.51,8.12,31.92
2007-01-26,34.97,13.4,23.34,0.0,0.5,9.14,29.84
2007-01-27,23.5,12.22,17.2,0.0,0.5,5.05,30.21
2007-01-28,27.21,10.0,18.22,0.0,0.5,7.89,26.1
2007-01-29,29.15,11.95,20.51,0.0,0.49,10.57,29.31
2007-01-30,32.19,13.94,23.19,0.0,0.49,11.9,29.72
2007-01-31,27.21,13.23,20.0,0.0,0.49,5.48,30.32
2007-02-01,31.38,10.27,20.9,0.0,0.49,4.68,31.9
2007-02-02,36.78,16.32,26.6,0.0,0.48,5.01,31.1
2007-02-03,39.61,18.51,28.97,0.0,0.48,7.66,30.22
2007-02-04,39.64,17.21,28.58,0.0,0.48,8.03,29.87
2007-02-05,41.5,19.62,30.74,0.0,0.48,7.03,29.99
2007-02-06,29.01,16.16,20.96,0.0,0.48,5.06,27.04
2007-02-07,29.73,12.58,20.87,0.0,0.48,7.3,30.84
2007-02-08,30.17,11.75,20.61,0.0,0.48,5.81,30.62
2007-02-09,30.82,11.91,21.47,0.05,0.48,6.77,25.82
2007-02-10,28.31,12.21,19.86,0.26,0.48,10.16,29.58
2007-02-11,31.46,14.65,23.33,3.37,0.48,11.86,20.47
2007-02-12,33.92,18.94,26.77,0.0,0.48,12.22,26.34
2007-02-13,34.38,22.28,28.32,0.55,0.48,11.86,27.36
2007-02-14,37.41,22.27,30.27,1.49,0.48,11.5,24.12
2007-02-15,35.21,24.34,29.17,1.03,0.48,12.48,18.81
2007-02-16,37.94,21.24,30.2,0.09,0.48,10.53,27.15
2007-02-17,37.98,24.61,31.0,0.0,0.48,11.59,27.3
2007-02-18,39.7,23.32,31.04,1.1,0.48,13.0,25.54
2007-02-19,37.24,22.34,29.1,0.18,0.48,14.23,27.18
2007-02-20,38.37,19.88,28.7,1.98,0.48,15.0,18.66
2007-02-21,36.12,23.36,29.19,0.12,0.48,14.95,26.89
2007-02-22,36.49,21.02,28.48,0.04,0.48,11.45,27.1
2007-02-23,37.86,20.76,28.67,0.23,0.48,13.42,25.2
2007-02-24,32.55,19.87,25.64,0.87,0.48,11.06,24.68
2007-02-25,30.36,15.03,22.23,0.08,0.48,7.97,27.75
2007-02-26,31.87,14.66,23.65,1.55,0.48,11.61,22.61
2007-02-27,27.69,20.31,23.91,1.54,0.48,12.21,22.23
2007-02-28,30.42,15.7,23.6,0.0,0.48,11.21,25.09
2007-03-01,32.44,17.15,24.76,0.0,0.48,13.27,25.63
2007-03-02,34.0,17.27,25.6,0.0,0.48,12.04,24.59
2007-03-03,34.37,20.55,26.47,0.0,0.48,9.34,21.7
2007-03-04,26.55,15.38,21.09,0.0,0.48,9.08,25.52
2007-03-05,27.42,13.18,19.75,0.0,0.48,5.15,26.35
2007-03-06,26.97,11.88,19.63,0.0,0.48,6.01,22.84
2007-03-07,32.0,16.69,23.89,0.43,0.48,9.33,18.62
2007-03-08,28.65,13.41,20.12,0.01,0.48,6.66,25.91
2007-03-09,29.99,10.98,19.88,0.0,0.48,4.8,25.76
2007-03-10,34.26,12.29,23.47,0.0,0.48,5.85,25.75
2007-03-11,29.91,15.68,22.23,0.0,0.48,8.39,24.74
2007-03-12,27.78,12.55,18.83,0.0,0.48,5.34,25.32
2007-03-13,29.96,11.69,19.93,0.0,0.47,5.56,24.97
2007-03-14,33.12,11.53,21.91,0.0,0.47,5.9,24.91
2007-03-15,33.79,18.3,26.69,0.49,0.47,11.04,15.12
2007-03-16,31.52,18.42,25.07,1.02,0.48,13.15,16.28
2007-03-17,26.88,12.45,19.42,0.0,0.48,6.63,24.06
2007-03-18,26.03,10.71,18.72,0.0,0.48,3.06,19.37
2007-03-19,27.75,16.88,21.19,0.58,0.48,5.81,9.4
2007-03-20,22.5,16.81,19.27,19.25,0.51,17.21,7.6
2007-03-21,29.82,13.87,21.75,0.0,0.51,12.82,22.12
2007-03-22,34.65,16.66,25.68,0.03,0.51,14.66,19.75
2007-03-23,37.76,19.85,28.32,0.64,0.5,13.83,20.27
2007-03-24,21.26,10.6,16.53,0.43,0.5,5.32,21.24
2007-03-25,22.23,7.43,14.35,0.0,0.5,3.99,22.85
2007-03-26,26.48,8.91,17.33,0.03,0.5,7.3,22.09
2007-03-27,28.66,12.08,20.03,0.0,0.49,7.32,21.97
2007-03-28,24.33,14.44,18.84,3.84,0.49,10.52,8.05
2007-03-29,20.34,10.51,15.52,0.15,0.5,7.87,15.21
2007-03-30,21.89,9.02,14.86,0.07,0.5,5.6,20.49
2007-03-31,23.16,11.87,16.32,0.0,0.49,9.73,18.37
2007-04-01,26.04,9.7,18.1,0.0,0.49,8.74,20.89
2007-04-02,27.26,14.44,19.53,0.0,0.49,9.08,18.33
2007-04-03,25.28,11.22,17.55,0.0,0.49,8.99,19.82
2007-04-04,23.51,9.12,15.91,0.0,0.49,6.78,20.42
2007-04-05,22.83,9.67,15.77,0.0,0.49,7.86,18.13
2007-04-06,22.65,7.94,14.65,0.0,0.48,4.93,20.32
2007-04-07,25.1,8.54,15.98,0.0,0.48,5.73,20.01
2007-04-08,26.58,9.52,17.51,0.0,0.48,5.78,19.79
2007-04-09,28.13,11.52,18.87,0.0,0.48,4.52,19.39
2007-04-10,28.61,13.69,20.72,0.0,0.48,4.48,17.72
2007-04-11,28.99,15.52,21.26,0.0,0.48,4.46,18.3
2007-04-12,28.74,10.74,18.64,0.0,0.48,5.71,18.43
2007-04-13,30.02,9.96,19.45,0.0,0.48,4.79,18.07
2007-04-14,30.3,14.46,21.86,0.0,0.48,4.17,12.24
2007-04-15,24.92,11.61,17.74,0.0,0.48,9.33,16.06
2007-04-16,25.36,9.79,16.86,0.0,0.48,8.26,16.99
2007-04-17,27.75,11.81,18.23,0.0,0.48,8.31,16.29
2007-04-18,23.39,9.93,16.99,0.0,0.48,6.59,17.08
2007-04-19,26.18,12.82,18.98,0.0,0.48,4.19,16.63
2007-04-20,27.63,13.45,19.98,0.0,0.48,3.65,16.92
2007-04-21,24.58,13.55,17.88,1.63,0.48,8.96,10.64
2007-04-22,22.91,10.9,16.21,0.38,0.48,10.29,15.68
2007-04-23,23.9,10.99,16.53,0.02,0.48,8.52,15.77
2007-04-24,23.46,11.3,16.43,0.0,0.48,7.42,14.91
2007-04-25,25.18,10.43,16.92,0.12,0.48,5.66,14.06
2007-04-26,24.04,11.93,17.3,0.94,0.48,3.69,9.2
2007-04-27,17.41,13.44,15.53,21.61,0.5,11.4,3.32
2007-04-28,19.83,9.43,14.63,10.75,0.53,11.78,6.96
2007-04-29,19.28,11.36,14.89,4.89,0.54,11.71,7.74
2007-04-30,20.99,10.59,14.97,0.2,0.54,10.67,8.4
2007-05-01,23.67,10.08,16.07,0.0,0.54,7.25,14.27
2007-05-02,22.6,12.14,16.56,0.58,0.54,8.29,11.06
2007-05-03,22.86,12.94,16.4,5.03,0.54,10.38,9.73
2007-05-04,21.01,10.27,15.26,0.05,0.54,9.39,11.04
2007-05-05,22.74,11.94,16.84,0.18,0.54,11.78,12.16
2007-05-06,20.13,12.96,16.05,0.01,0.54,11.92,11.86
2007-05-07,23.54,12.61,16.97,0.01,0.54,10.87,12.21
2007-05-08,19.38,11.46,14.91,0.18,0.54,8.49,11.73
2007-05-09,18.09,8.3,12.11,0.0,0.53,5.94,13.91
2007-05-10,18.64,7.04,11.46,0.0,0.53,7.4,14.03
2007-05-11,19.73,6.69,12.16,0.0,0.53,8.16,13.89
2007-05-12,23.11,5.81,13.37,0.03,0.53,7.16,11.92
2007-05-13,22.94,9.94,15.71,1.01,0.53,11.06,11.28
2007-05-14,24.28,11.87,16.92,12.22,0.54,13.08,11.31
2007-05-15,18.5,12.32,15.54,6.93,0.55,13.19,5.05
2007-05-16,21.93,10.96,15.67,4.83,0.57,12.97,5.73
2007-05-17,21.84,12.14,16.29,7.43,0.57,13.06,8.12
2007-05-18,19.95,11.73,14.77,1.25,0.58,10.84,11.95
2007-05-19,18.02,9.33,12.91,0.12,0.58,8.85,7.45
2007-05-20,15.9,9.72,12.02,0.57,0.57,6.95,6.74
2007-05-21,15.87,8.17,11.12,2.08,0.57,5.67,9.03
2007-05-22,15.03,5.15,10.3,0.3,0.57,6.89,10.62
2007-05-23,17.78,9.57,12.65,0.11,0.57,8.29,11.19
2007-05-24,18.94,6.37,11.71,0.0,0.57,5.56,12.24
2007-05-25,20.17,5.44,11.2,0.0,0.57,4.52,12.06
2007-05-26,19.3,4.53,10.39,0.01,0.57,3.76,12.46
2007-05-27,19.02,4.55,10.55,0.05,0.57,3.96,11.41
2007-05-28,20.13,9.95,14.65,0.58,0.57,9.01,4.65
2007-05-29,17.17,8.59,13.79,13.48,0.58,9.71,2.91
2007-05-30,13.71,5.88,9.19,1.06,0.59,4.7,10.89
2007-05-31,14.35,5.81,9.34,2.56,0.59,7.27,6.06
2007-06-01,14.22,6.56,9.61,6.08,0.59,7.26,6.49
2007-06-02,15.05,6.11,9.98,1.87,0.6,6.88,8.94
2007-06-03,14.14,5.4,9.22,0.76,0.6,6.93,10.46
2007-06-04,13.47,6.34,9.3,1.2,0.6,6.95,7.92
2007-06-05,13.6,5.6,8.54,0.25,0.6,6.0,10.38
2007-06-06,14.16,4.45,8.16,0.01,0.6,5.74,8.83
2007-06-07,15.51,6.35,10.49,0.01,0.6,6.8,8.19
2007-06-08,14.76,5.39,8.97,0.0,0.6,5.2,10.56
2007-06-09,16.72,5.86,9.32,0.01,0.59,6.59,11.18
2007-06-10,14.36,4.81,8.81,0.05,0.59,6.73,9.0
2007-06-11,13.32,4.78,8.99,0.49,0.59,6.02,6.02
2007-06-12,12.08,4.25,7.01,0.31,0.59,4.64,9.89
2007-06-13,13.26,3.7,7.48,0.05,0.59,4.31,10.25
2007-06-14,13.2,2.91,6.56,0.0,0.59,2.77,11.34
2007-06-15,14.86,2.99,7.23,0.0,0.59,4.41,11.13
2007-06-16,12.91,2.31,5.94,0.01,0.59,3.69,11.17
2007-06-17,14.59,5.3,9.02,0.03,0.59,6.27,8.25
2007-06-18,11.46,2.34,6.19,0.1,0.59,3.26,9.65
2007-06-19,12.64,2.7,6.62,1.55,0.59,3.19,6.6
2007-06-20,12.0,2.8,6.87,0.06,0.59,4.19,9.58
2007-06-21,13.18,1.72,7.79,0.32,0.59,4.23,9.83
2007-06-22,11.79,-0.38,5.43,0.0,0.59,3.02,9.82
2007-06-23,11.48,3.58,7.29,0.0,0.58,5.01,6.45
2007-06-24,13.49,-1.01,5.86,0.0,0.58,1.01,9.67
2007-06-25,14.18,3.04,7.84,0.0,0.58,1.6,9.13
2007-06-26,13.56,4.04,7.76,0.13,0.58,4.15,10.07
2007-06-27,12.83,4.68,8.44,0.03,0.58,5.65,9.05
2007-06-28,15.63,6.0,10.26,0.01,0.58,6.89,10.44
2007-06-29,11.84,5.17,7.95,0.9,0.58,6.66,5.06
2007-06-30,13.74,5.93,8.57,0.15,0.58,5.0,10.35
2007-07-01,11.17,5.36,8.82,1.01,0.58,6.61,5.12
2007-07-02,13.71,5.89,10.04,3.88,0.58,8.0,6.21
2007-07-03,17.16,6.08,11.04,1.26,0.59,8.25,10.14
2007-07-04,15.46,9.77,11.74,2.55,0.59,7.83,10.16
2007-07-05,11.41,4.72,8.87,2.56,0.59,5.86,9.25
2007-07-06,12.63,4.29,6.88,7.07,0.59,5.73,7.51
2007-07-07,11.65,5.94,8.26,3.59,0.61,6.3,8.41
2007-07-08,14.2,6.37,9.69,0.8,0.61,7.34,9.81
2007-07-09,15.4,5.6,9.08,0.12,0.61,6.35,11.31
2007-07-10,14.59,3.49,7.8,0.05,0.6,4.51,9.71
2007-07-11,13.2,2.74,6.88,0.19,0.6,3.83,10.1
2007-07-12,13.17,5.38,8.21,0.28,0.6,5.9,10.26
2007-07-13,12.23,3.29,7.31,0.24,0.6,4.93,9.31
2007-07-14,11.38,3.05,6.21,0.19,0.6,3.81,10.12
2007-07-15,11.43,1.56,5.83,0.28,0.6,2.23,7.94
2007-07-16,13.49,2.29,6.7,0.08,0.6,2.46,10.2
2007-07-17,9.36,2.22,4.7,5.45,0.6,1.78,6.82
2007-07-18,10.93,1.52,4.61,0.35,0.61,2.14,11.69
2007-07-19,11.85,1.63,6.04,0.06,0.6,4.06,10.04
2007-07-20,13.14,3.34,6.62,0.09,0.6,3.97,11.97
2007-07-21,10.64,1.49,5.22,0.06,0.6,3.42,10.78
2007-07-22,11.98,-0.44,4.62,0.01,0.6,2.06,11.39
2007-07-23,15.17,0.05,6.69,0.03,0.6,1.94,7.25
2007-07-24,18.38,5.16,9.56,0.01,0.6,3.43,10.96
2007-07-25,20.38,4.14,11.12,0.04,0.6,4.84,12.34
2007-07-26,18.86,7.62,11.92,0.9,0.6,7.7,10.32
2007-07-27,15.21,5.56,9.67,1.32,0.6,7.1,10.3
2007-07-28,14.58,6.81,9.62,0.11,0.6,5.34,8.41
2007-07-29,10.98,6.11,8.43,2.78,0.6,7.19,5.29
2007-07-30,14.48,6.3,9.81,0.25,0.6,6.33,8.82
2007-07-31,15.56,5.07,9.38,1.75,0.6,4.92,8.34
2007-08-01,16.85,6.75,10.76,0.88,0.6,6.52,12.9
2007-08-02,15.41,5.04,9.37,0.33,0.6,4.92,9.06
2007-08-03,12.72,3.41,7.82,0.03,0.6,3.55,11.71
2007-08-04,12.84,2.57,7.71,0.34,0.59,5.21,10.03
2007-08-05,14.01,6.49,9.18,0.26,0.59,6.37,9.33
2007-08-06,15.7,6.85,10.04,0.33,0.59,7.26,12.65
2007-08-07,17.85,4.52,10.41,0.01,0.59,4.46,14.4
2007-08-08,16.43,6.55,10.67,0.55,0.59,6.17,13.81
2007-08-09,17.55,5.51,11.38,0.1,0.59,6.4,8.84
2007-08-10,18.74,8.07,12.83,0.0,0.59,5.25,13.76
2007-08-11,18.91,7.98,12.46,0.36,0.58,8.13,10.55
2007-08-12,13.8,4.05,8.93,0.02,0.58,5.25,14.26
2007-08-13,12.92,1.08,6.22,0.0,0.58,2.22,14.77
2007-08-14,13.75,1.49,6.31,0.0,0.58,1.51,15.79
2007-08-15,15.79,1.67,8.09,0.0,0.58,2.2,15.64
2007-08-16,18.63,4.32,10.4,0.24,0.58,3.35,10.31
2007-08-17,15.57,6.25,10.09,1.05,0.58,7.04,7.41
2007-08-18,14.06,3.69,8.16,0.01,0.58,5.25,14.58
2007-08-19,15.32,4.95,8.55,0.01,0.57,4.27,15.76
2007-08-20,16.75,2.03,8.48,0.0,0.57,3.62,16.59
2007-08-21,16.14,4.41,9.86,0.0,0.57,6.13,14.31
2007-08-22,15.35,5.18,9.68,0.0,0.57,6.53,14.22
2007-08-23,17.38,5.76,11.12,0.01,0.57,5.66,15.36
2007-08-24,20.76,7.77,13.33,0.0,0.57,6.37,16.97
2007-08-25,23.28,5.73,13.55,0.01,0.57,5.36,15.92
2007-08-26,24.02,6.79,14.31,0.0,0.56,6.11,17.26
2007-08-27,25.33,6.8,15.79,0.0,0.56,3.77,17.05
2007-08-28,20.14,7.08,12.84,0.0,0.56,6.17,17.33
2007-08-29,18.76,4.68,11.39,0.0,0.55,4.39,17.96
2007-08-30,25.44,5.4,14.86,0.0,0.55,3.6,18.19
2007-08-31,15.64,5.28,11.76,0.01,0.55,4.26,14.95
2007-09-01,17.49,3.24,9.81,0.0,0.55,2.55,18.41
2007-09-02,20.4,3.86,11.03,0.0,0.55,2.34,18.85
2007-09-03,15.62,5.4,9.6,0.01,0.54,3.56,18.67
2007-09-04,16.54,3.67,8.74,0.01,0.54,0.97,19.73
2007-09-05,18.38,3.81,10.06,0.0,0.54,2.12,19.7
2007-09-06,19.64,5.01,11.27,0.0,0.54,3.83,19.09
2007-09-07,20.51,5.17,12.3,0.14,0.54,5.31,18.61
2007-09-08,21.44,5.47,13.04,0.02,0.54,4.26,19.79
2007-09-09,21.03,6.17,13.22,0.59,0.53,4.47,14.28
2007-09-10,19.23,8.86,14.21,1.93,0.53,7.68,13.7
2007-09-11,18.14,8.7,12.43,0.67,0.53,8.15,10.02
2007-09-12,18.71,6.73,11.48,0.01,0.53,5.71,18.28
2007-09-13,25.41,6.81,15.5,0.06,0.53,2.84,17.44
2007-09-14,16.6,6.38,11.85,0.36,0.53,5.71,15.58
2007-09-15,18.98,3.12,10.55,0.01,0.53,2.47,21.57
2007-09-16,20.84,8.38,12.79,3.79,0.53,3.38,13.62
2007-09-17,18.36,7.31,11.77,0.17,0.53,4.65,19.04
2007-09-18,22.85,4.4,13.24,0.0,0.53,3.27,21.35
2007-09-19,20.46,9.69,13.94,2.35,0.53,4.72,13.06
2007-09-20,18.18,5.65,11.03,0.06,0.53,3.74,21.52
2007-09-21,21.17,4.54,12.36,0.05,0.53,5.62,21.41
2007-09-22,20.79,5.41,12.07,0.0,0.52,2.31,22.98
2007-09-23,25.56,5.35,14.42,0.01,0.52,1.43,18.78
2007-09-24,19.41,6.92,11.92,0.0,0.52,3.14,23.34
2007-09-25,23.6,4.03,13.33,0.01,0.52,3.29,23.54
2007-09-26,17.15,7.52,12.83,1.29,0.52,4.47,10.68
2007-09-27,21.99,7.25,14.61,1.15,0.52,6.83,19.5
2007-09-28,16.04,7.63,11.99,2.26,0.52,4.42,15.57
2007-09-29,18.38,4.77,11.19,0.37,0.52,4.36,17.2
2007-09-30,21.22,9.22,14.33,0.51,0.51,8.39,20.84
2007-10-01,22.98,8.52,14.6,0.44,0.51,7.92,22.73
2007-10-02,28.08,6.48,16.64,0.0,0.51,4.76,24.35
2007-10-03,19.69,7.99,14.05,0.08,0.51,3.39,20.94
2007-10-04,21.64,4.94,12.99,0.01,0.51,4.31,24.53
2007-10-05,25.04,6.92,15.7,0.29,0.51,7.33,21.27
2007-10-06,19.83,7.47,13.02,0.08,0.5,4.56,24.4
2007-10-07,19.2,5.9,11.35,0.04,0.5,1.98,20.27
2007-10-08,20.0,3.9,11.57,0.0,0.5,1.69,26.29
2007-10-09,22.32,4.26,13.2,0.0,0.5,2.14,26.02
2007-10-10,23.39,7.44,16.12,0.2,0.5,4.34,13.55
2007-10-11,24.32,11.75,16.92,0.55,0.49,9.83,19.03
2007-10-12,17.36,6.59,11.44,0.76,0.49,3.46,19.34
2007-10-13,19.58,4.44,11.55,0.08,0.49,3.53,18.46
2007-10-14,23.4,5.27,14.23,0.0,0.49,5.96,23.88
2007-10-15,30.67,8.75,19.58,0.0,0.49,1.78,26.87
2007-10-16,20.58,7.23,13.75,0.0,0.49,2.39,26.79
2007-10-17,22.76,3.44,12.66,0.0,0.49,-0.19,28.17
2007-10-18,29.58,7.22,18.54,0.0,0.49,-1.28,27.37
2007-10-19,26.55,11.0,18.04,0.0,0.48,3.96,28.24
2007-10-20,31.19,6.81,19.8,0.0,0.48,1.47,28.49
2007-10-21,36.55,14.79,25.75,0.0,0.48,1.62,23.97
2007-10-22,27.56,16.24,21.19,0.84,0.48,10.8,12.59
2007-10-23,26.09,12.64,17.94,0.18,0.48,7.14,19.57
2007-10-24,23.31,7.42,15.67,0.03,0.48,3.87,21.23
2007-10-25,25.41,9.79,17.6,0.17,0.48,8.18,21.83
2007-10-26,26.2,9.76,18.66,0.0,0.48,8.23,26.76
2007-10-27,32.1,12.58,23.35,0.0,0.48,3.72,25.45
2007-10-28,25.36,13.45,20.41,1.25,0.48,0.81,26.39
2007-10-29,23.16,8.88,16.03,0.26,0.48,2.8,26.1
2007-10-30,24.53,8.92,16.87,0.0,0.48,5.9,24.9
2007-10-31,24.11,11.32,17.82,0.02,0.48,6.6,15.49
2007-11-01,28.2,13.24,19.88,8.18,0.48,9.44,18.8
2007-11-02,26.11,14.32,19.52,0.82,0.49,12.32,13.68
2007-11-03,21.85,12.74,16.95,6.4,0.5,12.24,13.69
2007-11-04,18.9,8.79,12.92,7.38,0.51,7.7,11.0
2007-11-05,23.64,7.57,15.14,0.02,0.51,4.2,29.04
2007-11-06,23.55,7.4,15.98,0.0,0.51,6.16,25.63
2007-11-07,24.26,9.74,17.24,0.59,0.5,7.76,22.93
2007-11-08,26.23,9.24,18.25,0.18,0.5,7.78,25.01
2007-11-09,28.62,11.31,20.79,0.0,0.5,8.59,26.09
2007-11-10,30.37,14.37,22.79,0.0,0.49,8.97,25.57
2007-11-11,32.53,13.48,23.27,0.0,0.49,8.36,30.26
2007-11-12,31.87,12.49,22.06,0.0,0.49,6.15,30.83
2007-11-13,33.07,11.1,22.29,0.0,0.49,6.43,30.97
2007-11-14,33.1,17.13,24.74,0.0,0.48,8.25,28.62
2007-11-15,33.77,13.49,23.59,0.0,0.48,6.74,31.24
2007-11-16,36.7,13.31,26.15,0.0,0.48,3.28,30.24
2007-11-17,37.68,20.59,28.66,1.11,0.48,10.11,24.01
2007-11-18,37.01,19.34,27.15,3.32,0.48,11.6,30.85
2007-11-19,38.96,16.49,28.51,0.0,0.48,4.7,26.66
2007-11-20,41.27,20.06,30.78,5.26,0.48,9.11,22.69
2007-11-21,18.31,11.69,15.38,10.77,0.5,9.64,7.73
2007-11-22,23.66,10.89,16.61,0.32,0.51,7.88,28.48
2007-11-23,28.32,11.87,18.9,0.0,0.5,7.32,32.24
2007-11-24,32.38,10.41,21.13,0.0,0.5,8.64,32.44
2007-11-25,32.44,11.58,21.71,0.0,0.49,7.99,32.62
2007-11-26,31.42,11.46,20.85,0.0,0.49,5.74,32.41
2007-11-27,33.66,10.97,22.66,0.06,0.49,11.48,29.02
2007-11-28,26.0,17.22,21.95,4.37,0.49,16.96,24.11
2007-11-29,31.9,14.8,23.45,0.5,0.49,13.68,29.85
2007-11-30,33.2,17.6,25.28,1.21,0.49,13.26,27.92
2007-12-01,33.25,14.87,24.42,0.01,0.49,9.97,31.7
2007-12-02,34.11,18.95,25.97,2.61,0.48,12.34,20.15
2007-12-03,28.19,15.04,21.17,2.21,0.49,11.58,26.99
2007-12-04,27.04,11.32,19.25,0.1,0.49,8.37,29.29
2007-12-05,30.09,12.55,22.42,0.0,0.49,8.19,31.76
2007-12-06,36.39,16.91,27.5,0.08,0.48,8.43,30.38
2007-12-07,29.16,16.96,23.52,0.05,0.48,6.15,32.5
2007-12-08,30.92,12.58,22.14,0.0,0.48,4.85,33.34
2007-12-09,25.37,12.67,18.84,0.0,0.48,6.36,24.57
2007-12-10,24.56,8.75,17.13,0.0,0.48,1.5,33.75
2007-12-11,27.52,10.28,19.39,0.0,0.48,5.28,33.52
2007-12-12,31.25,12.28,22.23,0.0,0.48,5.91,33.76
2007-12-13,32.6,16.31,24.56,0.0,0.48,8.57,25.4
2007-12-14,36.38,19.94,28.75,0.03,0.48,7.72,30.64
2007-12-15,26.02,18.16,20.96,2.04,0.48,12.74,12.72
2007-12-16,29.35,15.68,21.88,2.16,0.48,7.58,30.42
2007-12-17,29.83,11.91,21.71,0.0,0.48,3.5,33.34
2007-12-18,31.53,17.56,24.4,0.19,0.48,9.46,14.83
2007-12-19,34.17,20.01,26.28,0.96,0.48,13.26,22.05
2007-12-20,33.95,21.43,27.39,6.49,0.49,17.73,30.16
2007-12-21,32.28,17.78,24.54,25.05,0.5,18.57,11.19
2007-12-22,19.18,10.54,16.12,4.9,0.54,7.94,27.33
2007-12-23,22.72,7.83,15.49,0.0,0.54,6.39,27.58
2007-12-24,25.53,10.73,17.49,0.23,0.53,7.3,25.77
2007-12-25,26.55,7.52,17.23,0.0,0.53,4.59,34.9
2007-12-26,29.87,9.66,20.1,0.0,0.52,5.46,34.65
2007-12-27,32.24,13.2,22.82,0.0,0.52,6.14,34.35
2007-12-28,36.84,14.48,26.31,0.0,0.51,5.5,34.19
2007-12-29,40.45,17.68,29.21,0.0,0.5,7.05,33.85
2007-12-30,41.5,17.93,29.58,0.0,0.5,10.47,31.54
2007-12-31,42.34,21.06,32.12,0.0,0.49,11.12,30.9
2008-01-01,41.94,23.92,32.74,0.0,0.49,7.57,33.49
2008-01-02,35.83,16.55,26.43,0.0,0.49,9.07,32.94
2008-01-03,37.16,14.62,26.4,0.0,0.48,11.33,32.73
2008-01-04,36.89,21.2,29.2,0.0,0.48,10.45,32.83
2008-01-05,39.32,21.71,31.05,0.0,0.48,9.14,32.09
2008-01-06,35.13,17.43,27.56,0.0,0.48,7.82,32.76
2008-01-07,33.83,12.82,23.33,0.0,0.48,3.58,34.38
2008-01-08,33.97,14.55,24.52,0.0,0.48,6.2,33.87
2008-01-09,36.6,14.25,26.48,0.0,0.48,4.57,33.54
2008-01-10,42.15,22.91,33.67,0.0,0.48,5.76,31.86
2008-01-11,40.78,20.97,31.96,0.03,0.48,10.63,27.2
2008-01-12,33.55,16.65,24.67,0.0,0.47,3.86,33.49
2008-01-13,29.75,14.06,21.68,0.0,0.47,6.22,29.65
2008-01-14,31.81,11.42,21.49,0.0,0.47,0.54,34.14
2008-01-15,36.27,12.59,25.29,0.0,0.47,1.12,33.19
2008-01-16,31.49,15.13,23.04,0.0,0.47,6.34,31.94
2008-01-17,33.4,12.9,22.93,0.0,0.47,7.15,33.05
2008-01-18,27.5,18.94,22.35,17.29,0.48,14.95,7.85
2008-01-19,24.54,17.66,20.71,12.5,0.52,16.49,12.05
2008-01-20,29.69,16.35,22.36,0.57,0.53,13.68,16.74
2008-01-21,27.62,11.26,19.4,0.01,0.52,8.33,33.15
2008-01-22,29.34,12.58,21.52,0.01,0.51,10.87,30.32
2008-01-23,32.7,14.72,24.44,0.0,0.51,12.03,31.49
2008-01-24,34.16,20.57,26.33,1.24,0.5,11.76,14.72
2008-01-25,33.38,17.1,25.89,0.75,0.5,14.15,29.07
2008-01-26,35.19,21.46,28.0,0.24,0.5,12.08,19.97
2008-01-27,31.28,18.42,24.38,0.01,0.49,11.6,29.24
2008-01-28,32.05,14.51,23.02,0.0,0.49,10.3,31.64
2008-01-29,35.09,15.36,25.57,0.0,0.49,9.69,31.08
2008-01-30,36.58,19.18,27.3,0.0,0.48,12.3,19.68
2008-01-31,30.19,17.24,23.2,0.78,0.48,12.27,21.91
2008-02-01,29.62,12.52,21.04,0.0,0.48,4.78,31.93
2008-02-02,33.33,12.34,23.38,0.0,0.48,4.93,31.56
2008-02-03,32.56,16.83,23.84,0.03,0.48,10.16,23.29
2008-02-04,34.44,17.17,26.2,0.15,0.48,12.82,24.5
2008-02-05,33.75,17.8,25.64,0.07,0.48,13.37,24.13
2008-02-06,26.38,15.12,21.37,0.19,0.48,12.82,19.75
2008-02-07,25.88,12.24,18.53,0.0,0.48,5.47,26.67
2008-02-08,24.08,10.57,17.24,0.0,0.48,4.42,23.16
2008-02-09,25.31,9.64,17.47,0.0,0.48,4.81,29.99
2008-02-10,28.02,11.84,20.11,0.0,0.48,6.91,28.59
2008-02-11,29.53,12.41,21.73,0.0,0.48,6.6,26.27
2008-02-12,31.39,15.29,23.11,0.0,0.48,7.1,29.05
2008-02-13,27.15,11.01,18.77,0.0,0.48,4.42,30.44
2008-02-14,29.72,11.66,20.45,0.0,0.48,7.97,29.51
2008-02-15,33.8,13.08,23.73,0.0,0.48,7.07,29.45
2008-02-16,35.73,15.91,26.11,0.0,0.47,6.9,29.19
2008-02-17,34.86,17.99,26.67,0.0,0.47,6.66,28.21
2008-02-18,34.83,17.42,26.52,0.0,0.47,6.23,28.71
2008-02-19,36.46,19.32,28.54,0.0,0.47,9.02,28.31
2008-02-20,26.76,16.68,23.57,0.61,0.47,11.2,14.01
2008-02-21,30.9,12.74,21.67,0.0,0.47,5.4,28.43
2008-02-22,27.23,13.93,20.75,0.03,0.47,5.49,19.25
2008-02-23,26.17,12.19,18.53,0.04,0.47,6.78,28.28
2008-02-24,25.87,11.96,18.5,0.0,0.47,7.63,24.88
2008-02-25,27.45,10.64,19.1,0.0,0.47,5.74,27.58
2008-02-26,29.43,13.22,21.27,0.0,0.47,7.47,26.67
2008-02-27,27.61,12.41,20.08,0.01,0.47,6.89,20.07
2008-02-28,24.07,10.37,16.86,0.0,0.47,3.55,27.47
2008-02-29,25.01,8.6,16.39,0.0,0.47,1.7,27.59
2008-03-01,26.37,8.61,17.27,0.0,0.47,-0.1,27.4
2008-03-02,30.62,9.85,20.87,0.0,0.47,-0.05,27.38
2008-03-03,33.8,13.54,24.26,0.0,0.47,-2.31,26.98
2008-03-04,30.81,17.67,23.21,0.01,0.47,6.39,18.08
2008-03-05,33.72,13.42,23.65,0.0,0.47,5.35,26.02
2008-03-06,37.82,17.7,27.18,0.0,0.47,2.26,22.19
2008-03-07,34.73,16.07,24.93,0.0,0.47,7.04,21.57
2008-03-08,36.41,16.81,26.46,0.0,0.47,6.7,24.34
2008-03-09,38.28,18.86,28.88,0.0,0.47,6.69,24.02
2008-03-10,40.06,20.65,30.16,0.0,0.47,5.43,23.68
2008-03-11,38.19,19.07,27.96,0.0,0.47,10.37,23.35
2008-03-12,37.6,17.72,26.78,0.0,0.47,7.0,23.86
2008-03-13,40.05,19.07,29.78,0.0,0.47,5.86,22.34
2008-03-14,40.35,24.6,31.73,0.0,0.47,4.15,18.29
2008-03-15,38.63,23.73,30.63,0.0,0.47,5.65,19.12
2008-03-16,40.82,23.67,31.87,0.0,0.47,5.18,20.9
2008-03-17,39.6,22.11,30.77,0.0,0.47,5.69,23.51
2008-03-18,35.4,18.86,27.13,0.0,0.47,8.3,21.41
2008-03-19,30.6,13.39,22.03,0.0,0.47,2.1,20.13
2008-03-20,23.84,12.37,19.1,0.0,0.47,6.73,21.62
2008-03-21,23.43,8.96,15.66,0.0,0.47,3.15,23.33
2008-03-22,28.51,9.9,19.09,0.0,0.47,4.84,22.47
2008-03-23,29.79,17.14,23.61,2.78,0.47,12.19,16.55
2008-03-24,31.47,18.23,24.04,10.01,0.49,14.32,17.31
2008-03-25,24.56,13.88,18.62,0.41,0.49,9.66,16.72
2008-03-26,19.83,9.3,14.26,0.18,0.49,6.69,16.37
2008-03-27,18.56,6.85,12.47,0.05,0.49,4.87,16.72
2008-03-28,19.38,5.77,12.8,0.02,0.49,3.58,21.3
2008-03-29,19.97,8.39,12.86,0.29,0.49,4.29,12.17
2008-03-30,20.01,6.36,13.71,0.02,0.49,6.03,14.68
2008-03-31,22.58,10.19,15.99,0.01,0.49,8.46,15.11
2008-04-01,25.82,9.25,17.71,0.0,0.48,6.49,20.46
2008-04-02,23.56,10.82,17.54,0.83,0.48,3.98,7.25
2008-04-03,18.85,8.35,13.1,0.04,0.48,3.91,15.41
2008-04-04,20.51,7.77,13.75,0.01,0.48,8.45,13.97
2008-04-05,22.72,9.1,15.89,0.0,0.48,8.54,13.42
2008-04-06,22.68,9.66,15.94,0.0,0.48,6.49,14.81
2008-04-07,26.08,9.16,16.99,0.0,0.48,6.75,19.5
2008-04-08,27.11,11.15,18.79,0.0,0.48,6.01,18.46
2008-04-09,24.26,12.63,18.55,0.0,0.48,5.87,11.22
2008-04-10,28.29,12.5,20.37,0.01,0.48,5.08,15.35
2008-04-11,29.63,16.18,21.44,0.76,0.48,7.12,7.29
2008-04-12,22.23,10.15,16.5,0.02,0.48,7.64,16.83
2008-04-13,19.98,9.47,14.36,0.11,0.48,5.6,15.09
2008-04-14,21.98,7.84,14.94,0.0,0.48,7.06,17.55
2008-04-15,23.06,9.21,15.4,0.0,0.48,7.0,18.13
2008-04-16,22.46,7.9,14.49,0.0,0.48,5.69,18.32
2008-04-17,24.71,8.64,15.79,0.0,0.48,7.25,17.73
2008-04-18,23.59,8.88,15.53,0.0,0.48,6.26,17.11
2008-04-19,24.64,10.4,16.7,0.0,0.48,6.61,16.8
2008-04-20,23.95,9.43,16.02,0.0,0.48,4.81,17.09
2008-04-21,22.55,7.39,14.56,0.0,0.48,3.54,16.52
2008-04-22,23.55,8.57,15.57,0.0,0.48,4.93,15.78
2008-04-23,24.22,7.44,16.2,0.02,0.48,3.59,15.92
2008-04-24,25.09,10.41,17.69,0.0,0.48,0.67,16.47
2008-04-25,27.32,10.82,18.06,0.05,0.48,3.59,13.53
2008-04-26,18.62,9.77,13.65,5.0,0.48,8.17,9.69
2008-04-27,12.09,6.85,9.3,1.05,0.49,4.51,10.73
2008-04-28,14.1,5.33,8.82,0.22,0.49,3.31,13.24
2008-04-29,16.0,2.66,8.97,0.0,0.49,2.87,14.69
2008-04-30,16.77,4.4,9.84,0.81,0.49,2.54,8.7
2008-05-01,18.57,9.42,12.65,4.26,0.49,7.78,5.34
2008-05-02,18.52,6.14,11.8,0.51,0.49,6.78,12.28
2008-05-03,18.15,6.67,11.93,0.03,0.49,6.07,9.05
2008-05-04,20.29,7.33,12.96,0.0,0.49,5.2,14.23
2008-05-05,21.18,8.55,13.97,0.01,0.49,7.15,9.81
2008-05-06,18.75,8.47,13.24,2.37,0.49,9.92,10.1
2008-05-07,17.79,7.34,11.77,0.55,0.49,7.97,10.09
2008-05-08,18.97,6.08,11.88,0.01,0.49,7.99,13.33
2008-05-09,19.94,7.25,12.45,0.0,0.49,9.15,13.36
2008-05-10,18.32,7.47,12.08,0.0,0.49,9.77,7.24
2008-05-11,19.12,7.45,12.47,0.0,0.49,8.68,12.86
2008-05-12,18.96,5.36,12.06,0.0,0.49,6.4,11.75
2008-05-13,19.48,7.04,12.74,0.0,0.49,6.66,12.89
2008-05-14,21.88,5.85,12.76,0.0,0.49,5.65,13.07
2008-05-15,22.7,7.25,13.54,1.67,0.49,7.08,6.34
2008-05-16,18.54,7.63,12.93,10.23,0.49,8.34,10.83
2008-05-17,11.54,6.84,8.79,4.91,0.52,5.82,8.14
2008-05-18,16.77,6.63,10.96,1.1,0.52,6.28,8.45
2008-05-19,16.82,5.49,11.52,1.02,0.52,9.11,8.11
2008-05-20,18.99,9.57,13.59,1.27,0.52,10.77,7.94
2008-05-21,16.75,6.71,11.1,0.69,0.52,6.68,11.9
2008-05-22,15.57,4.07,8.8,0.03,0.52,4.15,12.53
2008-05-23,17.44,2.93,9.34,0.02,0.51,5.1,11.58
2008-05-24,18.04,4.57,10.06,0.0,0.51,4.42,11.9
2008-05-25,15.0,6.29,10.0,0.01,0.51,6.79,7.19
2008-05-26,20.33,7.97,13.52,0.16,0.51,8.85,8.72
2008-05-27,16.58,8.32,11.91,0.08,0.51,9.02,9.51
2008-05-28,15.76,6.08,9.37,0.03,0.51,3.66,11.57
2008-05-29,17.17,3.77,9.66,0.0,0.51,3.53,11.84
2008-05-30,18.37,2.9,10.61,0.0,0.51,0.48,11.17
2008-05-31,19.29,5.35,11.85,0.0,0.51,3.91,10.44
2008-06-01,17.13,5.93,10.0,0.01,0.51,6.25,10.84
2008-06-02,18.51,4.28,10.01,0.0,0.51,4.89,11.1
2008-06-03,17.4,4.65,9.79,0.02,0.51,5.88,10.34
2008-06-04,16.87,7.93,11.6,1.18,0.51,9.64,4.46
2008-06-05,18.7,8.4,12.51,1.31,0.51,9.46,9.31
2008-06-06,17.0,7.53,11.51,0.12,0.51,8.42,8.39
2008-06-07,17.26,6.81,10.73,0.0,0.51,7.53,9.53
2008-06-08,13.53,7.12,9.46,0.32,0.51,6.69,5.05
2008-06-09,13.67,8.76,11.42,11.83,0.52,10.15,2.25
2008-06-10,16.78,7.28,11.36,1.16,0.53,8.18,7.66
2008-06-11,17.92,8.82,12.62,0.26,0.53,7.67,10.14
2008-06-12,18.11,6.15,11.79,3.34,0.53,6.15,9.92
2008-06-13,13.87,4.99,9.34,2.67,0.54,5.68,8.93
2008-06-14,14.15,5.0,8.91,0.11,0.54,5.66,6.43
2008-06-15,15.09,4.51,8.36,0.07,0.53,5.67,10.77
2008-06-16,16.54,3.89,8.69,0.0,0.53,5.45,11.11
2008-06-17,17.82,5.01,10.6,0.04,0.53,6.71,9.92
2008-06-18,12.97,8.48,10.39,0.18,0.53,8.77,6.39
2008-06-19,15.13,8.76,11.39,0.06,0.53,8.6,8.24
2008-06-20,14.77,5.81,9.71,0.13,0.53,6.78,8.95
2008-06-21,15.79,7.59,10.6,0.14,0.53,7.29,8.71
2008-06-22,16.75,7.19,10.7,0.07,0.53,7.38,8.76
2008-06-23,15.65,6.41,10.35,0.02,0.53,6.71,6.37
2008-06-24,14.45,5.71,9.42,0.4,0.53,6.45,6.06
2008-06-25,16.39,3.42,9.35,0.01,0.53,3.86,11.09
2008-06-26,16.07,8.06,11.47,0.14,0.53,4.54,10.31
2008-06-27,16.05,6.52,10.57,0.11,0.53,6.75,9.74
2008-06-28,14.55,6.41,9.64,0.0,0.52,4.38,7.1
2008-06-29,14.46,6.54,10.06,0.0,0.52,1.71,7.83
2008-06-30,14.25,6.86,10.18,1.08,0.52,3.07,7.88
2008-07-01,14.98,6.96,10.6,1.62,0.53,4.96,6.72
2008-07-02,15.89,5.44,10.27,0.89,0.53,5.76,6.86
2008-07-03,13.72,2.67,7.56,0.02,0.53,4.39,6.3
2008-07-04,14.44,3.95,8.62,0.05,0.52,5.9,5.86
2008-07-05,16.17,2.41,8.43,0.01,0.52,4.23,10.28
2008-07-06,15.04,4.1,8.47,0.69,0.52,3.88,5.77
2008-07-07,12.27,6.08,8.52,11.53,0.54,6.28,7.72
2008-07-08,10.49,3.89,7.19,1.34,0.54,5.04,10.0
2008-07-09,13.76,6.67,9.54,0.16,0.54,5.87,7.63
2008-07-10,11.1,6.98,8.97,2.71,0.55,4.53,8.27
2008-07-11,13.73,4.21,7.97,0.24,0.55,3.92,9.02
2008-07-12,10.92,4.26,6.83,0.34,0.54,1.82,4.29
2008-07-13,14.38,3.4,7.62,1.06,0.55,4.88,6.92
2008-07-14,16.51,1.16,8.37,0.63,0.55,5.11,8.83
2008-07-15,13.69,5.99,9.14,5.33,0.55,7.99,6.06
2008-07-16,14.73,6.51,10.06,1.64,0.56,7.11,10.45
2008-07-17,13.36,3.24,8.42,0.59,0.55,3.19,7.93
2008-07-18,12.87,5.85,8.58,1.49,0.56,5.15,9.81
2008-07-19,13.63,4.88,8.9,0.86,0.56,4.23,6.25
2008-07-20,13.75,7.41,9.53,2.53,0.56,6.69,10.41
2008-07-21,13.44,3.62,8.46,0.56,0.56,4.4,10.02
2008-07-22,12.81,2.25,6.36,0.02,0.56,3.13,11.53
2008-07-23,13.0,2.05,6.11,0.04,0.56,3.0,9.85
2008-07-24,15.06,1.11,6.82,0.06,0.56,3.01,12.42
2008-07-25,15.95,2.69,8.41,0.0,0.55,3.52,12.4
2008-07-26,13.55,3.39,7.79,1.89,0.55,4.04,8.62
2008-07-27,11.02,4.15,6.56,2.05,0.56,3.97,11.86
2008-07-28,13.79,3.22,7.1,0.26,0.56,3.51,13.15
2008-07-29,12.89,1.09,6.1,0.02,0.56,2.03,6.18
2008-07-30,15.43,3.72,8.8,0.77,0.56,3.39,7.94
2008-07-31,11.68,3.73,8.0,2.14,0.56,5.36,8.05
2008-08-01,12.17,5.01,9.52,1.58,0.56,6.29,10.62
2008-08-02,14.34,4.92,8.72,0.19,0.56,5.24,10.16
2008-08-03,15.75,5.29,9.61,0.02,0.56,4.17,9.97
2008-08-04,14.3,5.48,9.26,3.58,0.56,4.6,6.49
2008-08-05,15.82,4.18,8.56,0.19,0.56,4.3,13.29
2008-08-06,14.32,5.01,8.4,1.58,0.56,4.96,10.07
2008-08-07,10.78,3.19,7.51,3.5,0.57,5.77,6.46
2008-08-08,11.48,0.76,5.67,1.9,0.57,3.96,8.16
2008-08-09,10.73,0.83,5.84,7.13,0.57,3.54,10.93
2008-08-10,10.18,2.91,6.01,2.65,0.58,3.09,12.89
2008-08-11,12.01,2.18,5.64,0.36,0.58,2.99,13.39
2008-08-12,12.4,2.64,7.46,2.11,0.58,5.44,11.22
2008-08-13,12.81,2.23,6.34,0.02,0.58,2.2,12.1
2008-08-14,13.12,2.21,7.7,0.04,0.58,4.32,9.26
2008-08-15,13.19,6.72,9.24,0.1,0.58,6.9,9.21
2008-08-16,14.59,5.38,9.15,0.14,0.58,6.07,9.93
2008-08-17,13.59,4.88,8.53,0.11,0.58,4.96,9.38
2008-08-18,14.09,4.53,8.14,0.1,0.58,4.39,13.23
2008-08-19,14.93,3.33,8.59,0.02,0.57,4.59,12.34
2008-08-20,15.09,3.65,8.81,0.0,0.57,2.65,10.03
2008-08-21,12.78,4.16,7.51,1.34,0.57,3.65,8.29
2008-08-22,11.93,2.49,6.16,0.06,0.57,1.31,14.24
2008-08-23,13.76,1.34,6.72,0.08,0.57,3.99,13.96
2008-08-24,15.6,4.46,8.44,0.01,0.57,4.3,11.99
2008-08-25,15.87,1.96,8.55,0.0,0.57,2.77,10.62
2008-08-26,17.65,4.14,9.56,0.0,0.57,1.87,15.09
2008-08-27,15.41,2.68,8.38,0.0,0.57,4.35,17.48
2008-08-28,17.23,4.81,9.44,0.0,0.56,5.07,17.97
2008-08-29,19.5,4.27,11.17,0.0,0.56,4.17,16.11
2008-08-30,11.27,7.36,9.94,7.64,0.56,6.8,3.79
2008-08-31,13.99,4.98,10.43,5.12,0.58,6.86,13.15
2008-09-01,16.49,3.03,9.46,0.09,0.58,4.88,15.31
2008-09-02,16.9,6.99,11.06,1.07,0.58,6.57,14.66
2008-09-03,16.76,4.87,9.92,0.03,0.57,4.39,16.56
2008-09-04,17.17,4.27,10.04,1.4,0.57,6.07,16.91
2008-09-05,14.92,8.09,10.83,2.95,0.58,8.52,13.51
2008-09-06,18.79,7.12,12.26,0.22,0.58,6.78,17.97
2008-09-07,17.27,7.35,11.24,0.87,0.57,6.21,13.46
2008-09-08,16.07,5.21,9.38,0.17,0.57,4.4,20.35
2008-09-09,16.36,1.51,8.79,0.0,0.57,3.28,19.98
2008-09-10,19.5,3.92,11.02,0.11,0.57,3.11,20.07
2008-09-11,19.77,4.53,11.78,0.1,0.57,2.01,12.95
2008-09-12,23.25,10.34,15.39,0.0,0.56,6.36,19.21
2008-09-13,26.7,9.6,17.2,0.0,0.56,6.43,20.83
2008-09-14,17.49,10.18,13.0,0.08,0.56,3.05,19.01
2008-09-15,15.67,6.93,10.88,2.78,0.55,3.31,12.26
2008-09-16,15.62,3.16,8.99,0.07,0.56,2.26,19.48
2008-09-17,18.75,2.91,10.69,0.0,0.55,2.66,21.92
2008-09-18,21.23,7.4,13.51,0.0,0.55,0.95,11.27
2008-09-19,27.21,7.87,16.82,0.04,0.55,7.34,18.6
2008-09-20,19.01,6.5,12.05,0.01,0.55,6.0,20.97
2008-09-21,21.23,3.83,12.51,0.0,0.54,3.99,22.75
2008-09-22,24.78,5.31,13.49,2.27,0.54,4.57,7.72
2008-09-23,17.75,3.2,9.98,0.13,0.54,3.47,21.5
2008-09-24,19.61,3.35,11.71,0.0,0.54,4.19,23.42
2008-09-25,24.08,5.95,14.77,0.0,0.54,2.34,23.42
2008-09-26,27.69,9.47,17.53,0.01,0.53,3.26,24.06
2008-09-27,30.58,8.26,18.81,0.0,0.53,5.42,23.63
2008-09-28,21.42,10.1,14.78,0.01,0.53,6.71,22.23
2008-09-29,17.35,5.62,11.2,0.01,0.53,3.52,20.97
2008-09-30,19.1,2.69,11.12,0.0,0.52,1.92,24.49
2008-10-01,26.09,6.4,16.16,0.0,0.52,0.93,19.71
2008-10-02,25.64,9.86,17.72,0.0,0.52,8.82,22.63
2008-10-03,26.28,10.83,16.96,3.85,0.52,9.39,7.04
2008-10-04,20.53,7.74,13.1,1.34,0.52,4.25,24.53
2008-10-05,23.09,4.1,13.42,0.09,0.52,1.77,25.73
2008-10-06,15.38,5.09,10.23,1.89,0.52,3.31,20.22
2008-10-07,18.5,2.63,10.5,0.0,0.52,3.14,13.14
2008-10-08,19.72,6.32,11.86,0.01,0.52,5.38,22.19
2008-10-09,22.35,4.51,13.39,0.0,0.52,3.77,25.52
2008-10-10,26.07,6.35,16.29,0.0,0.51,3.27,26.25
2008-10-11,29.03,8.79,19.16,0.0,0.51,4.22,23.56
2008-10-12,30.24,11.21,20.52,0.0,0.51,2.87,23.14
2008-10-13,22.32,10.39,17.63,0.0,0.5,5.66,22.87
2008-10-14,20.86,5.6,13.0,0.0,0.5,2.61,27.56
2008-10-15,22.71,5.52,13.95,0.0,0.5,5.81,26.75
2008-10-16,25.81,7.02,16.59,0.0,0.5,6.91,26.74
2008-10-17,29.63,9.24,19.91,0.0,0.5,6.74,26.77
2008-10-18,33.27,14.38,23.59,0.0,0.49,5.03,22.23
2008-10-19,28.23,12.73,20.19,0.0,0.49,8.35,25.19
2008-10-20,22.06,7.39,14.19,0.0,0.49,1.95,28.22
2008-10-21,21.06,5.95,12.82,0.0,0.49,2.56,28.35
2008-10-22,22.07,5.56,13.26,0.0,0.49,1.53,29.35
2008-10-23,24.27,4.12,15.11,0.0,0.49,-0.06,25.66
2008-10-24,29.84,11.32,20.15,0.0,0.48,0.8,25.58
2008-10-25,34.01,14.61,23.7,0.0,0.48,5.86,16.84
2008-10-26,36.65,18.03,25.7,0.03,0.48,4.07,15.34
2008-10-27,25.65,13.68,18.98,0.03,0.48,9.08,22.79
2008-10-28,26.58,8.37,17.42,0.0,0.48,5.34,29.46
2008-10-29,28.5,8.85,18.92,0.0,0.48,3.99,26.78
2008-10-30,36.66,15.52,25.43,0.46,0.48,6.61,23.14
2008-10-31,25.97,13.28,18.86,0.11,0.48,10.2,16.54
2008-11-01,26.81,10.15,18.44,0.0,0.48,4.66,27.06
2008-11-02,28.85,11.16,20.24,1.64,0.48,10.61,13.98
2008-11-03,24.54,11.85,17.32,0.15,0.48,8.06,23.5
2008-11-04,25.19,7.61,16.16,0.0,0.48,0.62,28.5
2008-11-05,30.06,9.25,19.41,0.49,0.48,4.12,19.8
2008-11-06,28.23,11.93,19.56,0.0,0.48,6.11,28.43
2008-11-07,25.05,12.99,18.07,21.41,0.5,9.35,5.42
2008-11-08,22.36,10.75,15.82,0.13,0.52,7.02,20.16
2008-11-09,26.84,8.01,17.5,0.01,0.51,8.33,30.16
2008-11-10,28.59,10.22,19.9,0.0,0.51,9.92,29.57
2008-11-11,31.95,11.92,22.45,0.0,0.51,9.02,29.19
2008-11-12,35.24,15.1,26.02,0.0,0.5,8.19,28.54
2008-11-13,35.18,19.04,26.31,2.54,0.5,9.85,17.04
2008-11-14,26.88,13.82,19.65,2.95,0.5,8.45,26.6
2008-11-15,24.51,9.12,16.4,0.22,0.5,3.99,30.37
2008-11-16,23.75,9.13,15.43,0.0,0.5,1.39,32.12
2008-11-17,25.82,7.09,17.07,0.0,0.49,1.49,31.94
2008-11-18,27.53,10.58,18.72,1.15,0.49,5.54,15.05
2008-11-19,23.19,12.39,18.4,8.25,0.49,11.5,10.45
2008-11-20,25.2,11.38,17.88,0.83,0.51,7.85,31.41
2008-11-21,22.12,8.01,14.07,0.59,0.5,4.95,19.85
2008-11-22,16.12,7.19,10.97,1.75,0.5,2.72,24.24
2008-11-23,24.45,7.62,15.58,0.28,0.5,5.91,32.61
2008-11-24,25.66,7.88,16.18,0.03,0.5,4.85,29.22
2008-11-25,29.09,8.59,19.23,0.0,0.5,5.97,32.04
2008-11-26,32.67,13.09,23.15,0.37,0.49,8.4,20.56
2008-11-27,34.3,16.91,24.36,2.43,0.49,10.43,29.77
2008-11-28,24.38,15.17,18.02,2.88,0.49,11.13,9.89
2008-11-29,22.27,10.92,16.71,0.77,0.5,7.29,19.24
2008-11-30,26.32,8.17,17.93,0.6,0.49,6.23,31.79
2008-12-01,24.66,10.3,17.23,0.01,0.49,4.24,30.79
2008-12-02,25.88,9.32,17.76,0.01,0.49,6.19,30.34
2008-12-03,25.84,11.34,18.45,0.0,0.49,6.5,28.27
2008-12-04,28.46,10.35,19.63,0.58,0.49,8.34,17.87
2008-12-05,32.43,17.59,24.42,0.02,0.49,11.5,32.56
2008-12-06,27.89,13.34,19.72,0.0,0.48,9.99,16.82
2008-12-07,25.64,8.72,17.13,0.0,0.48,2.11,34.34
2008-12-08,27.85,8.4,19.13,0.0,0.48,2.52,34.08
2008-12-09,32.66,13.5,20.87,8.1,0.49,5.07,8.79
2008-12-10,27.78,10.01,18.54,0.02,0.49,4.83,33.78
2008-12-11,28.28,9.22,19.13,0.0,0.49,3.68,26.42
2008-12-12,20.6,16.28,18.52,23.17,0.51,14.37,6.84
2008-12-13,22.19,12.04,17.65,2.63,0.54,12.12,14.66
2008-12-14,21.88,10.03,15.49,0.4,0.53,7.9,21.75
2008-12-15,24.48,7.65,16.11,0.0,0.53,6.22,31.94
2008-12-16,25.79,11.16,19.32,0.29,0.52,11.02,29.33
2008-12-17,25.81,14.01,19.03,16.51,0.53,13.83,18.13
2008-12-18,24.84,12.86,19.03,4.39,0.55,11.31,26.02
2008-12-19,24.12,8.18,16.09,0.01,0.55,5.0,33.94
2008-12-20,27.3,8.8,17.93,0.0,0.54,5.39,34.09
2008-12-21,31.61,10.83,21.74,0.0,0.54,8.74,26.1
2008-12-22,33.71,17.7,24.82,0.0,0.53,11.48,30.85
2008-12-23,28.43,13.9,20.47,0.0,0.53,8.76,31.52
2008-12-24,30.74,10.38,20.83,0.0,0.52,7.6,32.21
2008-12-25,31.31,12.73,22.59,0.0,0.52,9.73,30.58
2008-12-26,34.61,18.48,26.74,2.36,0.52,12.17,27.79
2008-12-27,33.31,17.59,25.85,0.05,0.51,12.37,30.39
2008-12-28,30.39,12.97,21.5,0.03,0.51,11.16,32.66
2008-12-29,26.21,11.62,18.93,0.0,0.51,6.27,33.52
2008-12-30,25.92,13.67,19.0,0.67,0.5,8.16,25.26
2008-12-31,26.5,11.85,18.66,0.08,0.5,7.42,29.07
2009-01-01,25.84,10.54,17.77,0.0,0.5,5.74,30.49
2009-01-02,24.33,7.38,15.83,0.0,0.5,2.13,34.65
2009-01-03,27.95,8.45,19.08,0.0,0.49,3.74,33.27
2009-01-04,32.46,12.41,23.37,0.0,0.49,5.01,29.62
2009-01-05,35.19,13.71,25.02,0.0,0.49,4.11,33.75
2009-01-06,36.59,14.69,25.96,0.0,0.48,5.57,33.75
2009-01-07,30.91,15.6,23.06,0.0,0.48,9.06,33.05
2009-01-08,26.76,11.01,18.52,0.1,0.48,2.62,33.09
2009-01-09,27.77,9.49,19.07,0.04,0.48,1.33,29.32
2009-01-10,31.31,13.37,22.37,0.0,0.48,1.83,33.58
2009-01-11,32.35,13.41,22.1,0.0,0.48,4.53,31.47
2009-01-12,34.02,12.95,23.92,0.0,0.48,5.54,33.19
2009-01-13,39.44,15.86,28.61,0.0,0.48,3.45,32.63
2009-01-14,41.13,23.79,31.8,0.0,0.48,3.0,32.39
2009-01-15,30.22,15.76,22.77,0.03,0.48,5.65,28.24
2009-01-16,28.49,12.09,19.58,0.0,0.48,3.86,33.07
2009-01-17,30.05,10.51,20.29,0.0,0.48,1.18,32.25
2009-01-18,34.22,12.17,24.35,0.0,0.47,-0.62,32.08
2009-01-19,38.92,15.86,29.64,0.0,0.47,-0.16,32.69
2009-01-20,41.7,22.79,31.93,0.0,0.47,0.59,30.57
2009-01-21,37.65,18.08,27.92,0.0,0.47,7.3,31.45
2009-01-22,34.47,16.26,25.66,0.02,0.47,7.59,29.72
2009-01-23,32.4,11.54,22.15,0.0,0.47,4.83,32.06
2009-01-24,29.12,16.31,21.68,0.02,0.47,4.56,31.6
2009-01-25,34.03,12.62,23.83,0.0,0.47,0.93,32.36
2009-01-26,37.34,15.21,26.44,0.0,0.47,4.01,31.92
2009-01-27,40.89,16.1,29.19,0.0,0.47,4.72,30.57
2009-01-28,44.64,22.41,34.63,0.0,0.47,6.96,28.47
2009-01-29,44.17,29.59,36.71,0.0,0.47,8.44,30.7
2009-01-30,44.76,26.77,36.0,0.0,0.47,6.18,29.06
2009-01-31,45.51,26.14,36.05,0.01,0.47,9.1,25.95
2009-02-01,39.63,23.31,30.93,0.0,0.47,13.13,22.81
2009-02-02,40.27,23.55,30.85,0.03,0.47,14.49,19.07
2009-02-03,37.81,20.67,29.04,0.0,0.47,12.81,29.65
2009-02-04,39.07,19.0,29.85,0.0,0.47,9.97,29.65
2009-02-05,40.57,23.11,32.14,0.0,0.47,7.99,30.11
2009-02-06,41.96,20.87,31.97,0.0,0.47,11.03,28.99
2009-02-07,46.64,27.84,35.99,0.14,0.47,7.4,26.39
2009-02-08,31.85,17.14,25.7,0.01,0.47,8.78,24.86
2009-02-09,27.68,13.8,20.27,0.0,0.47,1.25,30.53
2009-02-10,25.02,11.59,17.99,0.0,0.47,2.68,29.99
2009-02-11,25.14,10.83,17.49,0.0,0.47,2.85,30.51
2009-02-12,28.06,11.15,19.51,0.01,0.47,4.88,29.82
2009-02-13,29.2,13.1,21.24,0.0,0.47,5.19,26.34
2009-02-14,30.87,15.72,23.6,0.0,0.47,4.38,27.44
2009-02-15,32.33,14.89,23.69,0.0,0.47,7.42,19.21
2009-02-16,32.13,15.44,24.05,0.0,0.47,9.22,27.45
2009-02-17,32.63,18.17,25.13,0.0,0.47,6.08,27.05
2009-02-18,34.14,17.7,26.5,0.0,0.47,5.78,22.59
2009-02-19,36.8,19.28,28.79,0.57,0.47,5.19,24.46
2009-02-20,29.71,17.25,23.92,0.02,0.47,8.95,26.36
2009-02-21,30.58,14.09,21.77,0.0,0.47,7.99,27.9
2009-02-22,31.75,14.14,22.75,0.0,0.47,6.37,28.21
2009-02-23,36.53,15.52,25.82,0.0,0.47,2.16,24.58
2009-02-24,28.61,11.08,19.51,0.0,0.47,1.77,28.61
2009-02-25,30.52,10.59,20.42,0.0,0.47,4.11,28.38
2009-02-26,34.29,13.23,24.39,0.0,0.47,5.19,26.21
2009-02-27,39.22,18.65,29.13,0.03,0.47,1.83,24.0
2009-02-28,30.6,14.12,22.07,0.0,0.47,6.46,27.62
2009-03-01,28.04,13.19,19.93,0.0,0.47,5.42,24.12
2009-03-02,31.77,13.17,22.78,0.03,0.47,7.33,18.37
2009-03-03,35.35,14.94,24.74,2.88,0.47,10.66,9.82
2009-03-04,22.67,12.8,17.2,0.02,0.48,5.2,19.22
2009-03-05,23.04,13.01,17.32,0.01,0.48,7.99,16.82
2009-03-06,25.5,11.79,17.71,0.0,0.48,7.28,23.64
2009-03-07,25.45,12.04,18.69,0.0,0.48,8.65,23.99
2009-03-08,27.34,13.03,19.32,0.0,0.48,5.41,24.79
2009-03-09,31.47,11.76,21.13,0.02,0.48,4.99,25.53
2009-03-10,27.94,13.97,20.63,9.85,0.49,14.34,9.58
2009-03-11,29.6,17.84,22.94,2.79,0.5,15.4,19.61
2009-03-12,28.14,19.82,23.22,2.06,0.5,16.17,14.93
2009-03-13,30.04,19.14,24.02,0.72,0.5,15.55,21.84
2009-03-14,25.94,11.87,19.07,1.01,0.49,11.72,14.58
2009-03-15,21.48,10.87,15.62,0.04,0.49,6.08,17.47
2009-03-16,23.9,11.4,16.73,0.08,0.49,9.12,11.85
2009-03-17,24.12,11.19,16.78,0.0,0.49,7.72,21.53
2009-03-18,27.79,9.25,18.46,0.0,0.49,7.09,21.85
2009-03-19,34.36,13.18,22.98,0.0,0.48,5.44,23.47
2009-03-20,32.75,14.36,23.69,0.05,0.48,10.38,22.82
2009-03-21,36.34,17.06,26.43,0.06,0.48,5.52,21.16
2009-03-22,28.86,15.62,23.02,0.0,0.48,10.52,21.86
2009-03-23,26.15,11.52,18.21,0.02,0.48,7.33,22.53
2009-03-24,25.66,11.03,18.44,0.29,0.48,8.34,12.51
2009-03-25,31.44,17.18,23.63,0.0,0.48,10.06,20.93
2009-03-26,27.91,13.92,20.98,0.0,0.48,9.44,21.22
2009-03-27,25.92,8.78,16.88,0.0,0.48,4.2,22.19
2009-03-28,28.57,9.69,19.57,0.0,0.48,1.84,21.9
2009-03-29,31.76,15.5,22.43,0.0,0.48,-3.25,21.89
2009-03-30,30.69,11.4,20.26,0.0,0.48,6.56,21.22
2009-03-31,31.62,13.09,22.06,0.0,0.48,8.27,20.17
2009-04-01,31.2,15.1,22.82,0.0,0.48,7.48,20.04
2009-04-02,32.53,17.16,24.7,0.0,0.48,11.49,19.78
2009-04-03,25.6,14.13,20.35,0.11,0.48,8.52,14.39
2009-04-04,22.41,9.47,15.51,0.0,0.48,4.08,20.07
2009-04-05,23.08,9.2,15.49,0.0,0.48,6.83,13.84
2009-04-06,20.46,6.89,13.28,0.0,0.47,2.76,19.84
2009-04-07,23.0,7.62,14.76,0.0,0.47,7.21,19.25
2009-04-08,24.23,9.07,16.06,0.0,0.47,7.16,19.18
2009-04-09,26.91,8.52,17.24,0.0,0.47,4.78,18.97
2009-04-10,25.4,10.15,17.22,0.35,0.48,3.78,17.63
2009-04-11,25.67,10.85,17.41,0.04,0.48,6.28,18.71
2009-04-12,27.01,12.43,18.37,0.0,0.47,3.09,18.44
2009-04-13,27.68,11.01,18.64,0.21,0.47,0.56,18.57
2009-04-14,28.57,11.99,19.36,0.16,0.47,0.58,18.03
2009-04-15,18.86,9.0,14.79,0.0,0.47,2.78,15.93
2009-04-16,21.32,7.64,13.71,0.0,0.47,4.43,15.55
2009-04-17,22.62,9.36,15.42,0.0,0.47,9.43,13.3
2009-04-18,22.88,9.36,15.7,0.0,0.47,8.51,15.61
2009-04-19,24.49,9.93,16.19,0.0,0.47,8.38,16.97
2009-04-20,25.03,8.31,15.82,0.0,0.47,5.61,17.04
2009-04-21,24.34,9.52,16.37,0.0,0.47,3.11,16.47
2009-04-22,25.05,9.66,16.88,0.0,0.47,5.09,16.87
2009-04-23,24.38,11.03,17.37,5.86,0.49,7.09,11.86
2009-04-24,18.69,11.83,15.55,14.26,0.5,10.44,8.99
2009-04-25,17.95,9.34,13.29,2.85,0.51,9.5,9.58
2009-04-26,15.02,7.34,10.52,0.37,0.51,2.95,11.71
2009-04-27,12.16,4.5,8.63,2.73,0.52,6.1,8.58
2009-04-28,15.38,4.91,9.5,0.0,0.52,3.42,12.58
2009-04-29,12.96,4.38,8.14,0.02,0.51,1.92,10.95
2009-04-30,16.66,2.1,8.73,0.01,0.51,1.29,15.28
2009-05-01,19.89,8.31,12.7,2.42,0.51,5.5,12.2
2009-05-02,18.65,6.83,11.78,0.02,0.51,6.42,14.68
2009-05-03,19.3,5.23,11.47,0.4,0.51,6.02,14.48
2009-05-04,19.0,7.46,12.41,0.0,0.51,8.55,12.02
2009-05-05,18.52,7.64,12.0,0.0,0.51,7.63,12.92
2009-05-06,18.61,5.5,11.22,0.0,0.51,6.71,14.14
2009-05-07,19.41,6.57,12.53,0.0,0.51,8.99,10.95
2009-05-08,19.47,6.61,12.0,0.0,0.51,8.01,13.57
2009-05-09,20.57,8.55,13.25,0.01,0.51,9.71,10.3
2009-05-10,19.61,7.7,12.35,0.01,0.51,7.52,13.01
2009-05-11,20.36,6.74,12.08,0.0,0.51,7.38,13.37
2009-05-12,18.24,7.36,11.32,0.56,0.5,7.06,12.37
2009-05-13,17.31,6.45,11.14,0.13,0.5,7.59,8.64
2009-05-14,16.95,7.82,12.36,0.95,0.5,8.35,8.92
2009-05-15,19.69,9.96,13.88,0.76,0.51,10.71,8.1
2009-05-16,17.65,8.19,12.78,0.06,0.51,8.17,11.04
2009-05-17,17.42,8.27,12.52,0.07,0.5,8.48,8.8
2009-05-18,18.41,6.97,11.85,0.0,0.5,6.79,11.02
2009-05-19,19.51,8.4,12.97,0.0,0.5,8.76,7.89
2009-05-20,18.61,10.39,13.48,0.02,0.5,9.16,8.91
2009-05-21,20.51,10.04,13.52,0.0,0.5,8.49,12.05
2009-05-22,21.36,7.76,13.5,0.0,0.5,7.73,12.47
2009-05-23,21.39,9.79,14.68,0.0,0.5,9.45,6.03
2009-05-24,19.1,14.46,16.44,1.03,0.5,11.21,8.03
2009-05-25,19.26,11.46,15.55,14.62,0.52,12.27,2.97
2009-05-26,17.13,7.72,11.38,0.02,0.53,8.0,11.47
2009-05-27,16.06,5.43,10.3,0.1,0.52,6.58,10.53
2009-05-28,15.34,6.74,9.9,0.02,0.52,6.13,8.56
2009-05-29,16.94,6.46,10.27,0.04,0.52,5.91,11.5
2009-05-30,17.01,5.42,9.7,0.53,0.52,5.57,11.81
2009-05-31,15.31,5.28,9.95,5.83,0.53,7.44,7.27
2009-06-01,12.68,9.84,11.33,12.61,0.55,10.24,3.62
2009-06-02,13.69,9.98,11.61,3.51,0.55,10.05,3.53
2009-06-03,16.35,10.4,12.49,12.34,0.57,10.66,4.69
2009-06-04,15.86,5.86,10.74,3.07,0.58,6.72,7.72
2009-06-05,15.83,5.8,10.47,0.76,0.58,5.99,10.6
2009-06-06,12.67,6.29,9.0,8.69,0.59,7.28,3.93
2009-06-07,12.39,7.23,9.4,2.02,0.59,7.87,6.67
2009-06-08,12.87,5.43,9.06,0.88,0.59,6.72,9.28
2009-06-09,13.06,3.58,7.85,0.73,0.59,4.4,9.22
2009-06-10,11.53,1.81,5.52,0.1,0.59,2.14,9.66
2009-06-11,11.83,1.64,5.62,0.0,0.59,2.37,8.21
2009-06-12,10.65,0.37,5.16,0.44,0.59,1.09,7.52
2009-06-13,12.75,4.25,6.97,1.63,0.59,2.67,9.0
2009-06-14,14.58,2.85,7.72,0.54,0.59,4.89,7.78
2009-06-15,15.45,5.35,8.81,0.01,0.59,5.2,9.01
2009-06-16,14.93,4.5,7.96,0.05,0.59,6.28,10.48
2009-06-17,12.83,3.1,6.43,0.07,0.59,5.39,10.4
2009-06-18,15.41,2.82,7.34,0.07,0.59,5.25,10.87
2009-06-19,16.63,3.04,9.25,0.0,0.59,6.34,10.57
2009-06-20,14.26,10.2,11.56,0.95,0.59,9.23,6.2
2009-06-21,16.83,7.5,11.13,0.41,0.59,8.87,8.09
2009-06-22,18.68,6.43,11.22,0.59,0.59,7.67,9.0
2009-06-23,15.66,5.4,9.56,1.15,0.59,5.43,8.53
2009-06-24,14.92,2.87,8.1,0.95,0.59,5.16,9.04
2009-06-25,14.11,5.86,9.12,3.06,0.59,7.08,9.06
2009-06-26,14.21,7.04,9.9,0.1,0.59,8.07,2.76
2009-06-27,14.47,7.15,10.36,0.25,0.59,8.34,4.16
2009-06-28,16.13,6.22,10.86,0.69,0.59,7.77,8.84
2009-06-29,18.08,7.5,12.37,0.26,0.59,8.69,9.73
2009-06-30,21.79,8.82,14.05,5.25,0.6,8.25,6.67
2009-07-01,14.91,7.33,10.16,2.39,0.6,7.07,8.78
2009-07-02,12.14,6.88,8.92,1.73,0.6,7.14,5.73
2009-07-03,13.22,5.16,9.01,0.18,0.6,6.07,8.37
2009-07-04,15.1,7.37,10.17,0.11,0.6,7.65,7.88
2009-07-05,12.75,4.57,7.72,0.03,0.6,4.77,9.1
2009-07-06,12.08,3.55,7.13,0.16,0.6,5.07,8.27
2009-07-07,13.29,1.24,6.17,0.04,0.59,2.88,11.49
2009-07-08,14.59,0.21,6.06,0.08,0.59,2.67,11.3
2009-07-09,16.5,3.27,8.29,0.15,0.59,4.14,10.73
2009-07-10,14.36,4.54,9.07,14.35,0.6,5.89,4.18
2009-07-11,13.87,9.0,10.62,6.06,0.62,7.81,1.96
2009-07-12,15.29,6.76,10.98,0.58,0.62,6.95,10.17
2009-07-13,12.58,5.7,8.81,3.31,0.62,6.91,9.27
2009-07-14,10.45,5.64,7.35,1.44,0.62,6.08,8.84
2009-07-15,12.2,5.03,8.73,0.13,0.62,4.97,7.95
2009-07-16,13.68,1.79,7.68,0.01,0.62,4.46,9.98
2009-07-17,13.14,2.71,6.86,0.33,0.62,4.78,10.4
2009-07-18,14.41,2.46,8.06,0.42,0.62,4.12,8.29
2009-07-19,17.13,5.57,10.55,0.01,0.62,5.91,11.41
2009-07-20,18.9,5.55,10.88,0.0,0.62,2.09,11.67
2009-07-21,17.72,3.94,9.7,1.84,0.62,3.57,6.01
2009-07-22,15.24,6.59,10.23,0.26,0.61,6.55,8.89
2009-07-23,13.0,2.61,6.89,0.0,0.61,3.74,12.38
2009-07-24,12.75,1.33,6.87,0.0,0.61,2.2,12.32
2009-07-25,14.84,1.47,6.7,0.0,0.61,0.36,12.41
2009-07-26,12.93,0.9,5.96,1.08,0.61,2.38,8.0
2009-07-27,14.35,5.76,8.74,1.91,0.61,7.47,10.76
2009-07-28,14.63,6.15,9.69,2.05,0.61,8.0,9.3
2009-07-29,15.17,6.5,9.92,1.43,0.62,8.28,9.15
2009-07-30,14.86,5.35,9.8,1.01,0.62,8.41,7.89
2009-07-31,15.27,6.15,9.83,0.53,0.62,7.55,9.51
2009-08-01,15.03,6.16,10.03,0.12,0.61,7.75,9.13
2009-08-02,16.5,5.64,10.61,0.0,0.61,6.57,10.44
2009-08-03,13.89,5.9,9.33,0.79,0.61,4.47,12.53
2009-08-04,15.52,3.97,9.84,2.11,0.61,6.59,10.08
2009-08-05,16.36,6.54,11.04,0.31,0.61,8.25,11.74
2009-08-06,20.06,7.81,13.21,0.0,0.61,5.46,9.64
2009-08-07,13.97,4.62,9.59,0.07,0.61,3.37,13.37
2009-08-08,14.62,1.97,7.6,0.0,0.6,-0.08,14.58
2009-08-09,16.69,0.54,7.64,0.65,0.6,-0.5,10.46
2009-08-10,14.25,5.64,8.94,1.33,0.6,3.79,7.96
2009-08-11,15.46,4.89,10.29,0.1,0.6,6.82,13.83
2009-08-12,16.15,5.91,10.43,0.08,0.6,7.42,9.31
2009-08-13,17.64,6.98,10.94,0.13,0.6,7.88,12.27
2009-08-14,18.69,6.46,11.3,0.0,0.6,6.49,15.13
2009-08-15,22.7,5.52,13.63,1.7,0.6,5.43,15.07
2009-08-16,18.59,9.98,13.93,1.7,0.59,6.53,10.17
2009-08-17,15.39,7.34,10.49,0.0,0.59,4.18,13.09
2009-08-18,18.25,3.8,10.49,0.0,0.59,4.85,16.02
2009-08-19,17.15,4.5,9.92,0.81,0.59,4.09,11.32
2009-08-20,20.5,6.82,12.74,0.28,0.59,7.84,14.81
2009-08-21,16.64,4.69,12.24,0.76,0.59,5.45,9.71
2009-08-22,15.42,2.53,9.44,3.53,0.58,5.46,10.27
2009-08-23,19.09,6.34,11.71,0.02,0.59,5.92,15.83
2009-08-24,16.36,7.84,12.1,6.85,0.59,5.66,13.53
2009-08-25,14.14,5.36,9.41,0.21,0.59,3.92,12.64
2009-08-26,17.35,5.22,9.97,0.0,0.59,3.57,17.56
2009-08-27,18.89,3.21,10.25,0.46,0.59,4.92,17.78
2009-08-28,21.69,5.78,12.71,0.92,0.59,7.84,11.71
2009-08-29,17.84,7.27,12.36,0.81,0.59,9.12,9.13
2009-08-30,15.0,5.13,9.73,0.77,0.58,4.47,12.89
2009-08-31,16.63,7.41,11.35,1.39,0.58,8.15,13.06
2009-09-01,16.29,5.32,10.3,1.21,0.58,6.07,14.29
2009-09-02,20.26,6.21,12.8,0.66,0.58,5.33,15.13
2009-09-03,19.4,7.71,12.36,1.1,0.58,6.22,15.9
2009-09-04,15.32,5.08,9.64,0.89,0.58,5.64,14.92
2009-09-05,16.66,5.75,10.49,0.62,0.58,5.12,14.67
2009-09-06,19.52,4.45,11.53,0.34,0.58,3.13,13.3
2009-09-07,17.13,4.94,10.69,0.31,0.57,6.49,12.71
2009-09-08,16.52,5.73,10.6,0.01,0.57,6.08,15.67
2009-09-09,16.58,5.17,10.24,0.0,0.57,5.24,12.41
2009-09-10,18.06,3.48,10.27,0.0,0.57,4.77,19.93
2009-09-11,25.52,6.86,15.42,0.05,0.57,2.48,19.61
2009-09-12,30.54,9.82,19.61,0.01,0.56,2.97,17.76
2009-09-13,22.01,7.61,14.8,0.02,0.56,7.01,15.86
2009-09-14,17.65,3.16,10.24,0.0,0.55,2.35,20.76
2009-09-15,21.11,4.55,12.9,0.0,0.55,1.18,21.13
2009-09-16,25.2,6.21,15.26,0.0,0.55,1.12,20.23
2009-09-17,18.78,6.8,13.97,10.79,0.56,10.11,9.19
2009-09-18,20.22,3.78,11.1,0.0,0.56,3.54,21.1
2009-09-19,22.43,7.15,13.13,1.08,0.56,5.91,15.63
2009-09-20,18.23,6.29,11.85,0.0,0.56,6.14,18.96
2009-09-21,22.58,5.83,14.16,12.12,0.56,8.04,11.63
2009-09-22,21.23,10.17,14.42,2.35,0.58,8.83,20.9
2009-09-23,18.09,8.59,12.59,4.75,0.58,7.76,16.91
2009-09-24,19.75,8.04,13.57,0.21,0.58,7.76,18.28
2009-09-25,14.0,7.64,11.3,9.29,0.58,6.71,7.79
2009-09-26,12.64,5.54,8.59,1.63,0.59,4.02,18.15
2009-09-27,15.28,3.3,8.57,0.13,0.59,3.25,16.14
2009-09-28,17.19,5.62,10.32,0.14,0.59,5.71,18.45
2009-09-29,20.18,3.67,11.65,0.0,0.58,5.79,21.03
2009-09-30,26.61,8.32,16.91,0.01,0.58,3.27,22.99
2009-10-01,20.95,10.92,16.1,0.2,0.57,8.12,12.86
2009-10-02,13.29,8.16,10.37,3.0,0.57,7.27,7.78
2009-10-03,19.0,5.97,11.87,0.12,0.57,5.6,20.7
2009-10-04,20.8,6.73,13.32,0.08,0.57,6.47,20.63
2009-10-05,20.15,6.66,12.81,0.02,0.57,6.78,18.13
2009-10-06,14.75,5.96,9.99,1.29,0.56,4.4,19.65
2009-10-07,16.45,3.51,9.8,0.05,0.56,3.32,24.38
2009-10-08,18.59,3.09,10.65,0.0,0.56,3.62,25.58
2009-10-09,19.51,3.52,11.56,0.0,0.56,3.44,20.06
2009-10-10,20.01,5.33,12.62,0.0,0.56,4.57,21.75
2009-10-11,23.85,6.09,15.33,0.0,0.55,4.1,24.19
2009-10-12,20.66,8.18,14.14,0.51,0.55,5.12,18.67
2009-10-13,16.97,6.83,11.53,8.36,0.55,6.51,18.17
2009-10-14,19.19,8.25,12.82,0.87,0.56,7.1,17.43
2009-10-15,16.86,7.37,11.78,0.98,0.56,4.99,23.4
2009-10-16,18.92,5.79,12.12,0.75,0.56,6.26,18.66
2009-10-17,20.01,6.28,12.51,0.01,0.55,5.74,17.33
2009-10-18,20.44,4.49,12.45,0.0,0.55,4.9,27.22
2009-10-19,25.18,6.4,15.72,0.0,0.55,6.14,26.67
2009-10-20,32.07,9.84,20.28,0.0,0.54,4.73,28.21
2009-10-21,25.0,11.78,16.87,0.0,0.54,8.14,26.16
2009-10-22,25.77,7.47,16.22,0.0,0.54,5.89,27.93
2009-10-23,24.99,7.59,15.72,0.0,0.53,5.87,27.19
2009-10-24,27.84,7.74,17.53,0.0,0.53,6.34,25.92
2009-10-25,20.07,8.56,13.59,0.0,0.53,4.08,24.04
2009-10-26,24.25,5.46,14.64,0.0,0.52,2.83,29.3
2009-10-27,26.99,7.5,17.33,0.0,0.52,7.1,28.36
2009-10-28,28.34,11.22,20.29,0.01,0.52,10.95,21.8
2009-10-29,32.16,14.97,23.39,0.12,0.52,12.51,24.69
2009-10-30,33.95,20.73,25.73,7.1,0.51,15.16,20.25
2009-10-31,35.99,17.68,26.93,0.84,0.52,15.11,25.44
2009-11-01,35.74,18.58,26.08,0.0,0.52,14.38,27.2
2009-11-02,38.03,16.07,26.1,0.14,0.51,13.43,22.66
2009-11-03,23.25,11.55,17.89,0.14,0.51,7.53,20.39
2009-11-04,23.19,7.98,15.26,0.03,0.51,5.2,29.2
2009-11-05,24.81,6.69,15.46,0.0,0.5,3.63,30.92
2009-11-06,29.62,7.31,18.78,0.0,0.5,6.13,31.3
2009-11-07,33.83,14.46,24.19,0.0,0.5,10.84,28.21
2009-11-08,34.31,17.01,25.65,0.0,0.49,10.82,29.66
2009-11-09,36.62,17.26,27.33,0.0,0.49,10.27,29.76
2009-11-10,38.93,18.72,29.48,0.0,0.49,9.42,30.6
2009-11-11,40.62,21.56,30.97,0.0,0.48,10.19,27.22
2009-11-12,38.99,20.91,29.3,0.68,0.48,9.79,24.21
2009-11-13,36.55,15.08,25.53,0.0,0.48,6.64,31.67
2009-11-14,40.5,17.5,29.14,0.0,0.48,6.95,30.96
2009-11-15,38.51,18.5,28.25,0.0,0.48,10.03,26.69
2009-11-16,31.56,16.72,25.02,0.0,0.48,7.72,24.25
2009-11-17,31.02,13.11,21.61,0.0,0.48,6.37,31.44
2009-11-18,38.61,14.08,27.46,0.0,0.48,5.88,29.09
2009-11-19,41.15,23.26,32.24,0.0,0.48,4.74,30.87
2009-11-20,37.95,21.15,27.6,0.53,0.48,6.78,11.57
2009-11-21,26.8,17.98,22.09,15.19,0.49,15.42,9.72
2009-11-22,24.11,12.49,18.8,16.23,0.53,10.61,21.54
2009-11-23,24.94,9.45,17.05,0.02,0.53,5.35,26.92
2009-11-24,29.51,10.88,20.76,0.0,0.52,3.92,23.99
2009-11-25,33.8,14.5,24.37,5.55,0.52,13.16,23.94
2009-11-26,24.79,16.95,20.56,27.55,0.56,16.05,11.6
2009-11-27,31.37,13.54,22.78,4.15,0.57,12.71,31.13
2009-11-28,22.26,11.99,16.96,10.5,0.57,9.37,20.19
2009-11-29,24.0,11.3,17.25,1.42,0.58,10.09,21.46
2009-11-30,24.2,10.54,17.5,0.07,0.57,9.07,26.51
2009-12-01,25.86,9.12,17.55,0.0,0.57,6.01,33.98
2009-12-02,29.57,9.61,20.26,0.0,0.56,6.74,34.09
2009-12-03,30.53,11.67,20.71,0.0,0.55,4.46,30.16
2009-12-04,25.84,7.54,16.92,0.0,0.55,3.26,34.22
2009-12-05,26.02,9.52,17.93,0.0,0.55,7.95,30.87
2009-12-06,29.06,10.34,19.88,0.0,0.54,9.24,32.77
2009-12-07,29.41,12.6,21.06,0.03,0.54,10.26,29.56
2009-12-08,21.82,11.45,17.19,15.84,0.55,10.64,15.55
2009-12-09,25.3,8.41,17.2,0.0,0.56,5.32,32.24
2009-12-10,24.58,11.6,16.95,1.6,0.56,7.82,19.35
2009-12-11,23.86,8.6,16.39,0.0,0.55,5.1,31.29
2009-12-12,26.38,10.32,18.32,0.01,0.55,9.4,29.4
2009-12-13,28.35,11.24,19.73,0.0,0.54,10.84,32.85
2009-12-14,29.69,10.96,19.97,0.0,0.54,7.3,34.16
2009-12-15,33.57,10.55,22.86,0.0,0.53,6.75,34.11
2009-12-16,38.33,18.42,28.34,0.04,0.53,6.36,33.02
2009-12-17,27.71,12.98,21.15,4.42,0.52,12.46,15.07
2009-12-18,26.11,8.25,17.53,0.0,0.53,6.04,34.39
2009-12-19,27.4,12.7,19.4,0.02,0.53,8.36,33.5
2009-12-20,28.97,11.35,19.99,0.0,0.52,7.94,29.52
2009-12-21,33.44,12.21,23.72,0.0,0.52,9.43,29.96
2009-12-22,34.41,16.77,26.67,0.0,0.51,10.29,33.41
2009-12-23,39.88,21.02,30.35,0.0,0.51,10.35,30.46
2009-12-24,28.22,15.71,25.32,0.05,0.5,13.17,11.61
2009-12-25,27.53,10.49,18.83,0.0,0.5,4.4,34.33
2009-12-26,30.02,9.93,19.95,0.46,0.5,5.0,34.34
2009-12-27,28.49,11.61,20.5,0.23,0.5,7.81,28.33
2009-12-28,34.78,12.53,24.1,0.04,0.49,8.5,33.91
2009-12-29,35.5,14.6,25.22,0.0,0.49,6.29,34.02
2009-12-30,38.33,16.12,27.7,0.0,0.49,9.58,32.23
2009-12-31,37.02,22.13,29.55,6.6,0.49,15.42,30.59
2010-01-01,35.03,21.36,27.73,8.68,0.5,17.86,29.45
2010-01-02,27.42,13.89,20.24,0.0,0.5,7.18,30.42
2010-01-03,27.14,10.51,18.82,0.09,0.5,6.48,33.71
2010-01-04,30.82,11.98,22.38,0.0,0.49,7.23,33.78
2010-01-05,34.57,16.78,25.74,0.0,0.49,5.62,33.84
2010-01-06,31.66,12.63,22.27,0.0,0.49,3.65,33.95
2010-01-07,33.69,12.35,23.29,0.0,0.48,4.4,33.98
2010-01-08,37.08,15.13,27.46,0.0,0.48,3.47,32.89
2010-01-09,42.47,20.2,32.17,0.0,0.48,2.05,31.74
2010-01-10,43.49,19.25,32.01,0.0,0.48,7.87,32.15
2010-01-11,44.67,24.44,35.05,0.0,0.48,9.33,29.08
2010-01-12,36.32,17.54,28.78,2.09,0.48,11.25,17.67
2010-01-13,28.28,15.35,20.69,2.17,0.48,5.78,30.82
2010-01-14,30.19,12.36,21.28,0.11,0.48,5.05,32.31
2010-01-15,32.96,13.57,24.27,0.0,0.48,6.13,32.38
2010-01-16,33.43,16.67,25.25,0.0,0.48,6.35,32.06
2010-01-17,25.09,12.34,18.19,0.03,0.48,4.44,24.25
2010-01-18,23.81,10.1,16.7,0.02,0.48,2.75,32.92
2010-01-19,27.72,9.26,18.67,0.0,0.48,3.81,32.91
2010-01-20,34.07,13.07,24.04,0.0,0.48,6.43,31.99
2010-01-21,35.51,16.47,26.42,0.0,0.48,11.68,18.28
2010-01-22,39.66,20.12,30.33,0.0,0.48,3.56,20.94
2010-01-23,31.29,14.85,22.91,0.0,0.47,7.33,32.3
2010-01-24,31.88,12.32,22.3,0.0,0.47,1.42,32.57
2010-01-25,34.41,13.27,25.05,0.0,0.47,2.73,32.02
2010-01-26,34.36,21.23,27.72,0.0,0.47,3.65,24.85
2010-01-27,33.36,16.35,24.49,0.0,0.47,6.35,30.44
2010-01-28,33.13,13.08,23.05,0.0,0.47,4.13,28.84
2010-01-29,32.32,13.73,22.84,0.0,0.47,6.3,32.08
2010-01-30,36.5,12.39,25.81,0.0,0.47,3.86,31.89
2010-01-31,38.41,21.11,29.73,3.26,0.47,11.93,20.41
2010-02-01,36.35,17.62,26.61,0.04,0.48,12.41,28.51
2010-02-02,36.97,19.92,28.48,0.17,0.48,8.88,25.13
2010-02-03,33.27,21.5,27.91,0.02,0.48,12.12,21.09
2010-02-04,29.43,20.48,25.24,10.84,0.49,17.5,8.87
2010-02-05,29.99,16.2,22.18,0.12,0.49,11.54,29.54
2010-02-06,31.8,12.01,21.76,0.01,0.49,10.04,31.12
2010-02-07,35.51,16.92,26.73,0.0,0.49,14.7,27.91
2010-02-08,37.71,22.0,30.38,0.0,0.48,15.4,27.46
2010-02-09,35.84,23.44,29.84,0.63,0.48,18.65,26.96
2010-02-10,39.12,25.02,30.94,4.26,0.48,19.0,24.06
2010-02-11,36.29,20.75,26.64,5.95,0.49,19.13,18.53
2010-02-12,29.39,18.26,23.31,0.01,0.49,14.13,23.9
2010-02-13,29.18,15.03,22.55,0.0,0.49,11.13,20.88
2010-02-14,30.14,15.01,22.77,0.06,0.49,12.64,27.76
2010-02-15,31.17,17.41,23.82,0.04,0.49,13.74,23.51
2010-02-16,32.4,14.57,23.25,0.0,0.48,7.61,29.61
2010-02-17,32.46,14.42,22.97,0.0,0.48,8.19,28.09
2010-02-18,32.35,14.11,23.11,0.0,0.48,7.86,29.4
2010-02-19,35.18,16.25,26.01,0.0,0.48,9.88,27.01
2010-02-20,37.65,19.58,29.23,0.0,0.48,7.89,22.59
2010-02-21,36.84,23.57,29.1,1.24,0.48,12.69,23.88
2010-02-22,30.51,15.88,22.88,0.29,0.48,9.09,25.15
2010-02-23,28.18,10.3,19.19,0.0,0.48,3.69,28.73
2010-02-24,30.48,11.94,20.89,0.0,0.48,3.53,28.21
2010-02-25,33.45,12.29,23.17,0.02,0.48,7.67,27.95
2010-02-26,34.1,18.85,27.16,0.33,0.48,15.04,22.67
2010-02-27,35.4,19.38,28.26,0.91,0.48,14.6,25.5
2010-02-28,27.71,14.22,20.3,0.16,0.48,5.83,26.28
2010-03-01,26.95,11.26,17.93,0.14,0.48,4.03,27.63
2010-03-02,29.63,11.98,20.11,0.0,0.48,6.07,25.76
2010-03-03,32.08,12.7,22.21,0.0,0.48,7.71,26.42
2010-03-04,27.93,17.6,22.73,6.55,0.48,12.62,9.43
2010-03-05,26.95,19.17,22.91,7.4,0.5,17.43,14.24
2010-03-06,26.81,13.77,18.79,7.71,0.5,13.49,9.87
2010-03-07,22.06,13.03,16.84,21.2,0.53,13.65,13.99
2010-03-08,20.99,11.04,16.15,7.0,0.55,11.69,10.67
2010-03-09,22.64,10.83,16.77,0.38,0.56,8.48,15.89
2010-03-10,22.62,9.26,15.22,0.02,0.55,5.59,18.14
2010-03-11,24.74,8.97,16.38,0.0,0.55,7.27,25.41
2010-03-12,26.77,10.12,18.27,0.0,0.54,10.57,24.18
2010-03-13,28.07,13.35,20.3,0.0,0.54,10.44,23.37
2010-03-14,27.92,12.77,20.35,0.0,0.54,10.76,20.85
2010-03-15,30.65,15.46,23.13,0.0,0.53,12.16,21.71
2010-03-16,33.27,17.52,25.23,0.0,0.53,11.73,22.01
2010-03-17,34.23,19.47,26.13,0.0,0.52,12.49,20.77
2010-03-18,33.96,19.64,25.95,0.0,0.52,10.25,20.92
2010-03-19,30.83,19.96,24.27,0.13,0.52,14.76,20.11
2010-03-20,30.61,17.01,22.67,0.0,0.51,12.55,20.21
2010-03-21,27.14,14.1,20.05,0.0,0.51,10.55,20.79
2010-03-22,24.99,9.74,16.65,0.0,0.51,6.68,23.39
2010-03-23,26.19,9.24,17.16,0.0,0.51,7.75,23.15
2010-03-24,28.33,11.74,19.47,0.0,0.5,11.44,22.08
2010-03-25,30.59,11.64,21.17,0.0,0.5,11.36,21.23
2010-03-26,32.58,16.43,23.42,0.04,0.5,8.55,21.06
2010-03-27,32.61,15.4,23.11,0.23,0.5,13.12,16.41
2010-03-28,27.38,18.09,21.18,7.44,0.5,13.72,6.95
2010-03-29,27.09,15.91,21.06,3.21,0.51,15.2,14.75
2010-03-30,24.9,11.09,17.24,0.02,0.51,8.14,21.22
2010-03-31,25.5,9.96,16.83,0.0,0.51,8.84,21.39
2010-04-01,25.47,9.9,17.25,0.0,0.51,9.4,20.11
2010-04-02,24.71,10.83,16.98,0.0,0.5,9.46,20.36
2010-04-03,23.39,8.65,15.72,0.0,0.5,9.14,19.28
2010-04-04,24.36,11.62,17.61,0.0,0.5,11.99,16.93
2010-04-05,29.14,13.09,21.06,0.0,0.5,11.53,18.9
2010-04-06,26.48,17.24,20.75,14.75,0.5,11.64,6.47
2010-04-07,20.8,15.21,17.84,4.1,0.53,13.82,12.13
2010-04-08,24.64,12.64,17.9,0.17,0.53,12.71,13.33
2010-04-09,22.2,11.68,16.63,5.01,0.53,12.56,5.13
2010-04-10,23.05,14.0,17.9,1.2,0.53,12.57,12.05
2010-04-11,18.63,8.3,14.06,0.6,0.53,6.32,15.55
2010-04-12,20.1,6.43,12.26,0.0,0.53,4.6,18.12
2010-04-13,20.18,5.35,12.28,0.0,0.53,6.11,18.47
2010-04-14,20.6,8.06,13.63,0.0,0.53,8.92,16.53
2010-04-15,22.01,7.93,14.35,0.0,0.52,8.94,17.95
2010-04-16,24.71,8.74,16.01,0.02,0.52,8.36,17.66
2010-04-17,28.07,10.5,18.71,0.02,0.52,9.27,14.18
2010-04-18,27.32,15.8,20.96,0.29,0.52,11.29,11.01
2010-04-19,27.54,16.44,21.11,0.09,0.52,13.13,11.96
2010-04-20,29.27,15.92,21.75,3.06,0.52,13.67,12.04
2010-04-21,28.32,16.07,21.66,1.08,0.52,13.69,14.41
2010-04-22,29.37,15.02,21.57,0.01,0.52,12.13,15.17
2010-04-23,26.13,18.81,21.39,2.32,0.52,13.64,9.81
2010-04-24,22.4,11.81,18.06,6.63,0.53,12.71,10.48
2010-04-25,20.1,8.95,13.64,0.5,0.53,7.51,14.2
2010-04-26,20.69,6.15,13.07,0.0,0.53,5.96,14.63
2010-04-27,19.72,8.34,14.04,0.39,0.52,8.11,10.04
2010-04-28,19.16,6.1,12.81,0.15,0.52,7.75,13.24
2010-04-29,19.49,9.1,14.13,0.83,0.52,9.13,7.94
2010-04-30,19.44,6.39,12.99,0.04,0.52,7.85,11.95
2010-05-01,22.8,7.21,14.35,0.01,0.52,7.63,15.07
2010-05-02,22.36,8.15,14.38,0.0,0.52,8.1,13.48
2010-05-03,24.56,8.07,15.31,0.0,0.52,8.05,13.98
2010-05-04,19.14,8.92,13.02,2.07,0.52,6.41,8.34
2010-05-05,16.84,6.24,11.13,0.02,0.52,5.5,10.49
2010-05-06,18.8,7.9,12.87,0.14,0.52,8.77,10.41
2010-05-07,20.97,9.26,14.57,0.05,0.52,10.39,11.7
2010-05-08,21.43,11.22,15.67,0.3,0.52,12.16,9.45
2010-05-09,22.68,9.54,15.7,0.01,0.52,9.84,12.36
2010-05-10,22.58,10.26,15.4,0.0,0.51,7.62,13.43
2010-05-11,14.13,5.37,9.93,0.61,0.51,3.99,12.25
2010-05-12,15.5,3.23,8.58,0.01,0.51,4.0,12.71
2010-05-13,16.63,4.07,9.57,0.0,0.51,6.31,13.36
2010-05-14,17.56,6.41,11.16,0.0,0.51,7.16,13.2
2010-05-15,17.59,5.56,10.94,0.0,0.51,7.05,13.06
2010-05-16,16.52,7.7,11.02,0.08,0.51,7.16,6.59
2010-05-17,17.47,8.39,12.49,0.02,0.51,6.43,7.43
2010-05-18,18.57,6.03,11.53,0.0,0.51,4.37,12.3
2010-05-19,19.06,7.22,12.31,0.0,0.51,4.99,10.94
2010-05-20,17.2,8.94,12.4,0.0,0.51,4.65,8.39
2010-05-21,17.36,4.91,10.54,0.0,0.51,5.91,12.06
2010-05-22,15.72,3.82,8.97,0.0,0.51,3.67,12.39
2010-05-23,16.9,2.28,9.14,0.05,0.5,2.92,10.27
2010-05-24,14.98,8.97,11.48,10.55,0.51,9.29,2.97
2010-05-25,13.99,11.3,12.45,6.24,0.53,11.58,3.18
2010-05-26,18.84,8.62,13.03,0.64,0.53,10.23,8.75
2010-05-27,19.0,10.41,13.96,0.72,0.53,10.17,7.64
2010-05-28,15.46,11.33,13.1,4.7,0.53,11.41,5.66
2010-05-29,14.16,9.88,11.37,10.44,0.55,9.76,4.4
2010-05-30,18.99,9.9,13.15,0.56,0.56,10.67,6.88
2010-05-31,18.48,7.6,11.59,0.03,0.56,7.87,11.34
2010-06-01,18.07,5.76,11.74,0.01,0.55,7.82,9.85
2010-06-02,17.77,8.13,12.87,0.0,0.55,7.64,10.76
2010-06-03,16.35,5.89,9.94,0.0,0.55,6.9,11.1
2010-06-04,15.22,4.52,8.55,0.03,0.55,6.15,10.74
2010-06-05,15.19,4.09,8.95,0.48,0.55,6.64,8.33
2010-06-06,15.03,5.48,8.67,0.22,0.55,5.27,9.23
2010-06-07,12.25,3.93,7.21,0.01,0.55,4.46,7.56
2010-06-08,13.36,2.9,8.06,0.06,0.55,3.67,9.62
2010-06-09,13.3,4.99,8.8,0.89,0.55,4.28,9.04
2010-06-10,13.81,4.33,8.49,0.19,0.55,5.64,9.26
2010-06-11,14.85,6.08,9.7,0.17,0.55,7.51,6.39
2010-06-12,12.94,4.2,7.84,0.05,0.55,4.65,7.99
2010-06-13,13.76,2.92,7.52,0.01,0.55,4.13,5.93
2010-06-14,11.75,1.61,5.91,0.0,0.55,2.76,8.93
2010-06-15,13.42,1.81,6.58,0.0,0.54,1.95,10.21
2010-06-16,17.48,2.89,10.32,1.05,0.54,7.78,4.95
2010-06-17,14.66,5.91,11.09,3.17,0.55,6.15,8.38
2010-06-18,15.53,5.28,10.05,0.68,0.55,6.6,9.1
2010-06-19,16.7,8.35,11.78,0.65,0.55,9.68,7.62
2010-06-20,16.66,7.07,10.86,0.49,0.55,9.07,7.93
2010-06-21,15.8,5.6,9.49,0.05,0.55,6.25,8.7
2010-06-22,10.36,4.72,6.61,0.0,0.55,4.67,6.56
2010-06-23,13.37,6.58,10.22,0.1,0.55,8.38,7.09
2010-06-24,17.79,10.63,13.44,0.05,0.55,9.23,6.71
2010-06-25,13.4,5.05,11.4,8.8,0.56,9.84,2.11
2010-06-26,12.04,3.03,6.27,0.1,0.56,2.95,10.52
2010-06-27,12.1,1.93,5.87,0.04,0.56,1.75,10.37
2010-06-28,12.7,-0.6,5.19,0.0,0.56,0.03,11.03
2010-06-29,12.59,3.95,7.29,3.19,0.56,2.65,5.29
2010-06-30,11.57,6.04,7.85,0.39,0.56,5.6,6.5
2010-07-01,11.48,4.82,7.33,0.88,0.56,5.95,7.75
2010-07-02,12.19,3.02,7.01,1.04,0.56,4.78,8.59
2010-07-03,13.3,3.95,7.49,0.03,0.56,4.14,9.48
2010-07-04,13.06,4.5,7.6,0.19,0.56,4.7,9.23
2010-07-05,11.35,3.68,7.05,0.07,0.56,3.87,5.6
2010-07-06,12.91,0.54,6.01,0.03,0.56,2.52,9.93
2010-07-07,14.41,1.51,7.12,0.01,0.56,5.41,10.54
2010-07-08,13.8,5.2,8.35,0.07,0.56,5.51,10.3
2010-07-09,15.92,1.2,8.26,0.0,0.56,4.52,10.83
2010-07-10,13.07,7.35,9.77,5.12,0.57,7.53,3.62
2010-07-11,15.39,3.89,9.39,0.07,0.57,6.0,10.53
2010-07-12,16.13,3.42,9.36,0.08,0.57,4.58,10.76
2010-07-13,15.06,6.24,10.41,9.11,0.57,7.93,3.24
2010-07-14,12.04,5.61,8.43,3.69,0.58,6.8,6.92
2010-07-15,14.14,4.8,8.22,0.24,0.58,4.62,9.35
2010-07-16,13.46,3.93,8.13,0.57,0.58,4.3,8.05
2010-07-17,13.28,2.18,7.61,0.03,0.58,3.83,4.35
2010-07-18,15.31,3.58,8.78,1.74,0.58,5.21,7.22
2010-07-19,12.67,4.22,7.36,0.76,0.58,4.04,9.77
2010-07-20,12.13,3.72,7.11,1.43,0.58,4.98,9.35
2010-07-21,13.17,3.97,6.83,0.54,0.58,5.11,10.42
2010-07-22,15.06,2.9,8.21,0.47,0.58,6.93,8.71
2010-07-23,12.98,5.93,8.85,0.12,0.58,7.43,8.45
2010-07-24,13.63,5.92,8.94,0.03,0.58,6.33,7.22
2010-07-25,15.62,2.78,7.95,0.0,0.58,5.2,12.47
2010-07-26,15.3,2.9,7.86,0.02,0.58,4.44,11.54
2010-07-27,14.12,0.74,6.77,0.01,0.58,2.92,11.58
2010-07-28,13.8,5.73,8.87,4.73,0.58,6.84,7.8
2010-07-29,12.75,5.82,9.65,2.26,0.59,8.94,6.77
2010-07-30,16.59,6.85,11.63,1.98,0.59,8.86,10.18
2010-07-31,14.89,7.23,10.54,1.89,0.59,7.62,10.09
2010-08-01,10.97,5.78,8.77,7.54,0.6,5.94,10.82
2010-08-02,15.26,5.12,9.66,0.12,0.6,5.49,11.37
2010-08-03,13.63,4.08,8.0,0.04,0.6,5.19,10.71
2010-08-04,11.31,5.27,7.65,6.23,0.6,5.92,7.59
2010-08-05,12.41,2.63,6.99,0.24,0.61,4.02,10.94
2010-08-06,12.14,3.89,7.09,0.21,0.61,3.66,12.26
2010-08-07,13.29,3.29,7.85,0.0,0.6,2.83,12.54
2010-08-08,16.03,2.84,8.92,0.2,0.6,3.4,12.7
2010-08-09,16.2,4.09,9.14,0.44,0.6,3.81,14.26
2010-08-10,10.34,5.71,7.82,21.71,0.62,6.44,4.04
2010-08-11,11.51,5.7,8.44,3.26,0.64,6.84,5.86
2010-08-12,14.19,6.29,9.3,0.55,0.64,6.7,9.86
2010-08-13,14.07,5.13,8.27,0.18,0.63,5.94,11.5
2010-08-14,13.39,4.42,8.32,3.94,0.63,6.26,6.54
2010-08-15,14.83,6.17,9.39,7.3,0.65,6.79,10.84
2010-08-16,11.66,2.04,7.52,0.63,0.65,3.33,12.55
2010-08-17,12.75,0.77,6.15,0.0,0.64,1.51,14.47
2010-08-18,13.75,4.06,8.5,16.48,0.66,6.35,5.06
2010-08-19,13.68,5.38,9.47,2.24,0.67,6.09,12.62
2010-08-20,11.93,3.04,6.95,1.49,0.67,4.4,12.64
2010-08-21,13.13,5.13,8.28,0.64,0.66,5.65,13.63
2010-08-22,15.02,3.25,8.6,0.01,0.66,4.21,13.51
2010-08-23,11.52,3.74,8.12,1.36,0.66,6.11,8.65
2010-08-24,13.93,4.47,7.84,4.29,0.66,5.82,11.43
2010-08-25,10.46,3.07,6.53,5.15,0.67,5.0,11.61
2010-08-26,13.0,5.29,8.35,5.28,0.68,5.84,13.68
2010-08-27,13.21,4.58,8.73,0.65,0.68,5.85,13.42
2010-08-28,14.73,4.29,8.71,0.02,0.67,6.16,13.41
2010-08-29,15.09,4.79,9.62,0.0,0.67,6.06,11.65
2010-08-30,17.12,3.28,10.05,0.0,0.67,5.99,17.52
2010-08-31,16.84,5.2,10.73,1.09,0.66,6.35,11.99
2010-09-01,14.47,8.31,10.86,1.94,0.66,9.49,5.85
2010-09-02,14.89,4.19,9.62,0.13,0.66,6.46,14.6
2010-09-03,16.23,2.83,10.33,8.13,0.66,7.33,11.03
2010-09-04,17.57,9.66,14.42,31.2,0.71,12.26,9.04
2010-09-05,14.05,7.53,10.23,2.26,0.72,7.46,15.58
2010-09-06,13.85,5.03,8.9,0.56,0.71,5.64,15.23
2010-09-07,14.67,3.52,8.15,0.41,0.71,5.13,19.66
2010-09-08,16.66,4.21,10.29,1.66,0.7,6.05,12.32
2010-09-09,16.64,7.51,11.78,0.95,0.7,10.12,14.4
2010-09-10,14.95,5.91,9.77,0.63,0.7,6.75,15.93
2010-09-11,16.31,4.14,10.41,0.01,0.7,7.72,10.18
2010-09-12,16.68,7.15,11.56,1.21,0.7,7.68,13.84
2010-09-13,18.95,5.13,12.1,0.04,0.69,8.44,17.69
2010-09-14,15.25,6.03,10.06,0.77,0.69,7.0,11.73
2010-09-15,14.74,5.06,9.2,0.3,0.69,6.7,15.89
2010-09-16,14.32,4.59,8.79,0.04,0.68,5.04,12.31
2010-09-17,15.71,3.79,9.41,0.01,0.68,5.33,15.71
2010-09-18,14.53,3.81,9.16,0.03,0.68,6.33,11.45
2010-09-19,16.18,5.89,10.16,0.02,0.67,7.02,13.68
2010-09-20,16.31,4.81,10.8,0.0,0.67,8.36,15.4
2010-09-21,18.51,6.9,11.68,0.0,0.67,8.57,19.53
2010-09-22,17.42,5.99,11.11,0.0,0.66,7.84,19.99
2010-09-23,16.76,5.81,10.29,0.0,0.66,6.42,19.57
2010-09-24,17.08,4.54,10.29,0.02,0.65,6.49,22.04
2010-09-25,19.12,7.35,12.57,0.01,0.65,8.02,20.81
2010-09-26,19.35,5.84,12.16,0.0,0.65,7.51,21.7
2010-09-27,19.2,5.42,12.1,0.22,0.64,7.2,17.35
2010-09-28,14.11,3.63,8.61,1.69,0.64,4.23,17.83
2010-09-29,15.03,2.17,8.05,0.01,0.64,2.88,22.18
2010-09-30,15.4,3.12,9.32,0.0,0.63,4.15,19.23
2010-10-01,17.88,5.93,11.69,0.0,0.63,5.31,19.85
2010-10-02,20.96,4.93,12.99,0.0,0.63,6.45,24.28
2010-10-03,23.61,8.44,16.14,0.03,0.62,11.28,23.77
2010-10-04,24.36,12.03,17.42,0.16,0.62,13.24,20.82
2010-10-05,23.6,8.78,15.67,0.09,0.61,9.14,24.76
2010-10-06,24.03,7.67,15.62,7.93,0.61,11.23,17.15
2010-10-07,16.87,3.44,10.11,0.0,0.62,3.14,25.95
2010-10-08,19.75,4.74,12.13,0.05,0.61,7.39,20.3
2010-10-09,20.51,5.26,12.87,0.0,0.61,7.61,23.31
2010-10-10,24.9,7.27,15.91,0.0,0.6,9.92,25.09
2010-10-11,25.08,10.64,18.04,0.0,0.6,10.41,24.65
2010-10-12,26.81,16.05,20.44,1.13,0.59,14.82,16.04
2010-10-13,19.64,11.89,15.8,11.41,0.6,13.33,9.38
2010-10-14,21.73,8.22,15.19,2.72,0.61,10.6,17.14
2010-10-15,15.1,4.76,10.72,25.5,0.64,7.58,7.75
2010-10-16,14.09,2.76,8.24,0.37,0.65,3.49,20.99
2010-10-17,15.47,5.22,10.15,0.02,0.65,6.73,14.61
2010-10-18,18.53,6.66,12.11,0.01,0.64,7.12,19.56
2010-10-19,19.53,6.48,12.53,0.0,0.64,7.36,25.65
2010-10-20,22.2,6.79,14.54,0.0,0.63,8.17,27.52
2010-10-21,25.54,8.23,17.23,0.0,0.62,8.73,28.25
2010-10-22,28.23,11.25,19.49,0.99,0.61,10.69,22.21
2010-10-23,20.28,10.39,15.11,5.13,0.62,9.01,21.97
2010-10-24,20.5,5.78,13.05,0.02,0.61,5.74,28.99
2010-10-25,22.93,4.58,14.84,0.0,0.61,4.6,28.59
2010-10-26,25.3,8.45,16.19,0.03,0.6,6.74,25.5
2010-10-27,21.61,8.51,14.45,0.02,0.6,7.25,28.37
2010-10-28,24.51,5.98,15.57,0.0,0.59,6.44,27.46
2010-10-29,30.05,12.65,20.63,0.57,0.59,11.14,20.56
2010-10-30,22.26,10.25,16.88,24.11,0.6,13.79,6.33
2010-10-31,15.55,8.8,12.09,7.3,0.63,7.49,17.56
2010-11-01,17.37,3.8,10.95,0.06,0.63,4.26,24.45
2010-11-02,21.1,5.96,13.8,0.01,0.62,8.38,16.38
2010-11-03,19.53,7.55,13.47,0.0,0.62,6.76,18.67
2010-11-04,18.42,6.0,12.04,0.0,0.61,4.82,22.98
2010-11-05,21.25,6.74,14.29,0.0,0.61,7.58,23.34
2010-11-06,23.69,10.03,17.0,0.0,0.6,8.7,25.66
2010-11-07,26.55,14.28,18.61,0.05,0.59,10.84,19.79
2010-11-08,25.26,10.32,17.58,0.0,0.59,8.82,29.43
2010-11-09,30.66,9.85,20.66,0.0,0.59,9.78,28.26
2010-11-10,29.4,14.74,20.67,0.24,0.58,11.3,16.99
2010-11-11,32.19,12.06,22.25,0.0,0.58,12.65,25.38
2010-11-12,31.39,18.13,24.03,3.15,0.57,16.49,9.69
2010-11-13,23.33,13.79,18.16,28.34,0.6,14.95,6.9
2010-11-14,23.39,12.29,17.22,0.37,0.62,11.33,14.75
2010-11-15,21.8,8.57,15.63,0.01,0.61,8.64,22.31
2010-11-16,21.76,10.16,15.69,0.0,0.6,8.04,22.95
2010-11-17,24.7,7.89,16.63,0.0,0.6,7.18,32.04
2010-11-18,22.44,8.98,15.64,0.0,0.59,9.31,18.38
2010-11-19,24.45,6.06,15.24,0.0,0.59,5.47,29.19
2010-11-20,28.71,7.64,19.02,0.0,0.58,9.28,29.98
2010-11-21,31.83,13.75,23.28,0.0,0.58,12.64,28.54
2010-11-22,33.52,16.73,25.12,0.05,0.57,13.0,24.08
2010-11-23,31.46,18.27,24.79,0.0,0.56,13.8,27.93
2010-11-24,30.39,18.62,23.47,4.2,0.56,16.56,20.21
2010-11-25,27.69,18.7,22.7,8.57,0.58,16.59,20.62
2010-11-26,29.19,16.7,23.07,8.39,0.58,16.48,20.8
2010-11-27,21.96,12.33,18.85,33.42,0.61,15.72,9.68
2010-11-28,19.98,10.99,14.88,2.4,0.64,8.43,18.98
2010-11-29,21.37,9.17,15.55,1.68,0.63,10.97,17.05
2010-11-30,23.71,11.59,18.32,3.67,0.63,13.12,16.17
2010-12-01,23.63,16.42,19.71,3.52,0.63,15.61,22.18
2010-12-02,24.76,14.56,19.69,6.43,0.63,15.06,22.36
2010-12-03,29.59,15.01,22.08,1.84,0.63,15.33,26.69
2010-12-04,33.29,16.52,25.01,0.18,0.63,16.2,25.38
2010-12-05,31.31,17.53,24.49,4.9,0.62,17.49,24.95
2010-12-06,26.82,18.11,23.08,10.9,0.63,19.16,18.23
2010-12-07,25.66,20.05,22.82,17.94,0.65,20.46,22.66
2010-12-08,23.09,15.87,20.71,31.17,0.69,17.99,11.98
2010-12-09,24.45,13.16,19.14,0.05,0.7,13.46,25.11
2010-12-10,21.1,10.85,15.26,0.0,0.68,8.33,27.79
2010-12-11,22.14,10.07,16.21,0.17,0.68,10.05,24.7
2010-12-12,20.23,10.15,15.11,0.07,0.67,9.21,23.84
2010-12-13,23.57,8.47,17.24,0.0,0.66,10.4,31.79
2010-12-14,27.8,13.87,21.14,0.0,0.65,13.32,31.74
2010-12-15,25.3,12.47,19.92,1.69,0.64,10.97,27.16
2010-12-16,22.7,8.7,15.92,0.21,0.64,8.07,32.72
2010-12-17,22.66,9.76,16.57,1.13,0.63,9.05,26.17
2010-12-18,21.58,10.45,15.68,0.63,0.63,8.23,23.66
2010-12-19,15.67,8.63,11.79,9.06,0.64,6.9,20.44
2010-12-20,21.62,6.66,13.79,0.22,0.64,6.48,28.69
2010-12-21,22.45,8.83,15.38,0.28,0.63,8.61,27.03
2010-12-22,24.73,7.59,17.2,0.0,0.62,8.51,32.06
2010-12-23,26.28,10.13,17.99,0.0,0.62,8.85,34.08
2010-12-24,30.04,8.3,20.17,0.0,0.61,8.89,34.29
2010-12-25,29.83,16.26,22.59,0.0,0.6,12.57,14.89
2010-12-26,25.85,11.37,18.55,0.0,0.6,9.73,32.36
2010-12-27,22.15,7.51,14.77,0.0,0.59,5.59,34.13
2010-12-28,25.16,7.11,16.96,0.0,0.59,5.08,33.48
2010-12-29,32.8,13.63,23.33,0.0,0.58,8.9,33.48
2010-12-30,33.81,13.31,23.34,0.0,0.58,12.09,33.09
2010-12-31,39.55,18.13,28.8,0.09,0.57,13.76,30.97
2011-01-01,31.7,18.33,24.32,0.13,0.56,11.31,28.92
2011-01-02,28.28,12.81,20.42,0.0,0.56,8.13,34.07
2011-01-03,27.24,10.47,18.58,0.0,0.55,6.1,34.55
2011-01-04,27.83,9.46,18.81,0.0,0.55,5.85,30.84
2011-01-05,28.84,11.15,19.81,0.0,0.55,8.28,32.78
2011-01-06,32.47,11.05,22.52,0.0,0.54,9.57,33.29
2011-01-07,34.47,20.02,26.18,0.0,0.54,10.21,27.49
2011-01-08,36.28,19.04,27.08,0.02,0.53,14.44,22.58
2011-01-09,23.96,17.26,20.9,6.36,0.53,15.73,6.92
2011-01-10,27.34,17.01,21.98,43.35,0.6,18.71,10.52
2011-01-11,26.43,20.65,22.69,43.07,0.65,20.5,9.64
2011-01-12,29.87,20.13,24.67,13.54,0.69,21.02,22.45
2011-01-13,26.35,20.68,24.16,53.12,0.72,22.52,7.83
2011-01-14,27.56,17.72,22.37,18.99,0.79,17.64,26.56
2011-01-15,29.86,15.24,23.55,0.0,0.77,15.23,32.68
2011-01-16,30.39,16.13,23.9,0.0,0.75,16.21,32.15
2011-01-17,24.3,11.34,17.61,0.03,0.74,11.99,31.41
2011-01-18,24.17,10.15,17.19,0.0,0.73,11.95,31.92
2011-01-19,25.24,10.44,17.92,0.0,0.72,12.16,32.72
2011-01-20,28.54,10.68,20.67,0.0,0.71,11.97,33.17
2011-01-21,33.48,16.69,24.77,0.0,0.7,14.6,31.28
2011-01-22,29.63,14.27,21.79,0.0,0.69,15.9,31.61
2011-01-23,30.58,15.13,23.04,0.0,0.68,15.74,32.13
2011-01-24,26.07,14.63,19.91,0.01,0.67,13.11,28.95
2011-01-25,31.63,12.5,22.32,2.4,0.67,13.87,28.13
2011-01-26,27.46,15.66,20.91,0.92,0.66,13.34,30.39
2011-01-27,29.65,16.02,21.85,0.02,0.65,12.93,28.55
2011-01-28,27.15,11.93,19.26,0.0,0.65,11.39,32.02
2011-01-29,29.57,10.18,20.89,0.0,0.64,9.95,30.86
2011-01-30,36.75,17.96,27.94,0.0,0.63,13.35,30.59
2011-01-31,38.33,20.3,29.08,0.0,0.62,16.88,29.94
2011-02-01,38.57,20.87,28.61,0.0,0.61,15.56,29.78
2011-02-02,36.18,17.19,26.31,0.02,0.6,18.95,26.39
2011-02-03,34.59,22.02,28.26,1.74,0.6,20.84,21.48
2011-02-04,31.81,24.2,26.48,18.65,0.61,23.7,18.12
2011-02-05,24.04,14.48,19.35,18.45,0.65,16.3,6.99
2011-02-06,21.93,10.64,15.61,0.0,0.65,6.45,29.07
2011-02-07,24.62,7.72,16.29,0.0,0.64,7.75,30.97
2011-02-08,25.92,10.33,17.74,0.0,0.63,10.13,30.4
2011-02-09,28.98,10.71,20.33,0.0,0.63,13.17,25.74
2011-02-10,34.52,17.35,26.18,0.03,0.62,18.41,26.53
2011-02-11,30.36,16.12,24.12,5.78,0.62,19.55,12.12
2011-02-12,21.33,13.47,17.24,0.01,0.62,10.31,19.64
2011-02-13,25.9,9.05,17.38,0.0,0.62,9.6,29.86
2011-02-14,29.29,11.44,20.59,0.0,0.61,13.34,27.12
2011-02-15,27.18,18.39,22.2,1.67,0.61,17.15,18.4
2011-02-16,22.82,17.71,20.27,2.26,0.61,17.6,14.81
2011-02-17,29.87,16.14,22.98,1.73,0.61,17.25,24.34
2011-02-18,26.48,17.92,22.15,9.09,0.61,17.85,11.38
2011-02-19,28.13,17.27,22.85,2.33,0.62,16.7,18.53
2011-02-20,25.06,10.87,18.11,0.08,0.61,10.64,23.88
2011-02-21,22.77,8.17,15.27,0.0,0.61,7.66,24.56
2011-02-22,25.07,8.81,16.73,0.0,0.6,9.19,26.58
2011-02-23,29.05,10.97,19.61,0.0,0.6,11.61,28.21
2011-02-24,30.72,11.58,22.26,0.0,0.59,11.64,27.59
2011-02-25,31.23,16.5,23.77,0.02,0.59,13.82,19.47
2011-02-26,31.79,17.84,25.4,1.71,0.58,15.19,16.01
2011-02-27,30.08,20.22,24.05,3.06,0.59,18.24,22.12
2011-02-28,26.35,16.95,20.75,1.75,0.58,16.06,22.98
2011-03-01,22.67,9.98,16.37,0.02,0.58,7.22,25.55
2011-03-02,22.38,6.76,14.55,0.0,0.58,5.95,26.38
2011-03-03,24.07,8.67,16.1,0.0,0.58,8.68,25.46
2011-03-04,22.8,8.08,15.02,0.0,0.57,7.6,26.41
2011-03-05,24.6,7.85,15.96,0.0,0.57,6.4,21.94
2011-03-06,29.68,12.14,20.46,0.0,0.56,11.06,24.83
2011-03-07,31.8,14.29,22.59,0.0,0.56,10.37,25.56
2011-03-08,27.83,18.64,21.55,0.82,0.56,14.27,9.99
2011-03-09,24.09,18.26,20.84,7.92,0.56,18.5,7.6
2011-03-10,27.22,14.9,20.08,2.52,0.57,14.31,13.55
2011-03-11,28.84,12.33,20.48,0.0,0.57,14.19,20.76
2011-03-12,32.07,16.96,24.84,0.02,0.56,17.1,22.39
2011-03-13,31.57,19.25,24.61,5.68,0.56,17.81,12.4
2011-03-14,28.01,14.97,20.88,0.0,0.57,12.75,19.13
2011-03-15,29.04,13.35,21.0,0.0,0.56,13.79,19.22
2011-03-16,25.6,13.01,18.26,0.0,0.56,8.85,23.99
2011-03-17,23.49,9.77,15.6,0.0,0.55,7.32,22.75
2011-03-18,22.85,10.51,16.07,0.0,0.55,8.03,19.39
2011-03-19,27.28,9.38,18.2,0.0,0.55,11.01,23.28
2011-03-20,29.58,15.8,22.14,0.56,0.55,15.11,14.31
2011-03-21,24.67,17.54,20.56,5.05,0.55,17.09,11.0
2011-03-22,26.28,14.22,19.87,0.65,0.55,14.57,10.19
2011-03-23,19.09,12.11,15.53,6.66,0.55,11.7,9.16
2011-03-24,21.86,12.26,16.25,2.49,0.56,11.64,14.01
2011-03-25,21.76,10.53,15.47,0.07,0.56,8.29,19.39
2011-03-26,23.03,8.85,15.12,0.0,0.56,7.78,20.93
2011-03-27,24.32,9.37,16.14,0.0,0.56,10.0,21.35
2011-03-28,26.44,10.28,17.86,0.0,0.55,10.64,21.3
2011-03-29,28.45,11.66,20.15,0.0,0.55,12.05,18.93
2011-03-30,23.41,10.32,17.81,0.01,0.55,9.61,19.65
2011-03-31,21.61,7.45,13.94,0.0,0.54,5.72,20.39
2011-04-01,22.96,7.55,14.93,0.0,0.54,7.26,20.32
2011-04-02,21.64,7.21,13.87,0.0,0.54,5.93,20.09
2011-04-03,21.83,6.8,13.69,0.0,0.54,7.33,20.69
2011-04-04,23.15,8.89,15.08,0.0,0.54,9.15,20.09
2011-04-05,25.17,8.9,16.17,0.0,0.53,9.82,20.09
2011-04-06,26.55,10.65,17.83,0.0,0.53,10.13,19.45
2011-04-07,26.35,11.46,18.18,0.0,0.53,9.76,19.5
2011-04-08,27.67,10.83,18.88,0.0,0.53,10.05,19.05
2011-04-09,27.14,13.0,18.58,10.09,0.53,11.34,8.62
2011-04-10,16.0,8.9,11.91,0.68,0.54,6.29,14.88
2011-04-11,16.85,8.69,12.35,1.61,0.54,7.07,11.88
2011-04-12,19.68,6.98,13.16,0.1,0.54,8.1,11.61
2011-04-13,19.43,7.91,13.06,0.01,0.54,8.31,14.3
2011-04-14,20.99,7.29,13.73,0.0,0.54,8.09,16.02
2011-04-15,22.01,8.25,14.75,0.0,0.54,9.15,13.51
2011-04-16,22.21,9.49,14.72,0.0,0.54,7.5,17.98
2011-04-17,22.57,8.1,14.74,0.0,0.53,7.26,17.86
2011-04-18,24.08,7.55,15.8,0.0,0.53,7.35,16.85
2011-04-19,24.11,12.97,17.36,0.09,0.53,10.44,11.49
2011-04-20,20.75,13.39,16.24,3.21,0.53,12.74,8.73
2011-04-21,21.75,9.2,14.87,0.09,0.53,9.21,15.71
2011-04-22,18.98,9.46,13.41,0.37,0.53,8.62,11.79
2011-04-23,19.73,7.39,13.08,0.0,0.53,8.04,15.46
2011-04-24,20.79,7.26,13.75,0.0,0.53,8.02,15.98
2011-04-25,22.93,7.56,14.1,0.0,0.53,8.25,16.16
2011-04-26,23.97,8.42,15.36,0.0,0.53,10.06,15.79
2011-04-27,23.33,10.87,15.65,0.0,0.52,9.7,15.37
2011-04-28,22.36,9.29,14.44,0.0,0.52,7.38,15.44
2011-04-29,23.69,9.86,15.91,0.0,0.52,9.51,14.5
2011-04-30,22.36,11.58,16.83,0.0,0.52,11.46,11.93
2011-05-01,21.32,13.01,16.16,0.79,0.52,10.93,5.74
2011-05-02,20.71,10.23,15.09,0.59,0.52,10.06,9.25
2011-05-03,19.42,6.91,12.67,0.01,0.52,7.68,14.76
2011-05-04,18.8,6.21,12.06,0.0,0.52,7.87,11.84
2011-05-05,17.23,6.64,10.48,0.0,0.52,5.37,14.82
2011-05-06,15.94,4.87,10.02,0.0,0.52,5.36,12.58
2011-05-07,17.85,6.66,11.49,0.0,0.52,5.83,11.31
2011-05-08,17.16,4.53,10.82,0.04,0.52,7.26,12.94
2011-05-09,16.45,4.58,9.45,0.0,0.51,3.49,14.17
2011-05-10,13.49,1.95,8.19,0.4,0.51,3.88,12.43
2011-05-11,11.6,5.59,8.65,4.18,0.52,5.71,8.09
2011-05-12,17.02,7.62,11.17,0.84,0.52,9.05,9.15
2011-05-13,16.62,6.28,11.17,0.18,0.52,7.28,9.6
2011-05-14,15.51,3.52,8.68,0.01,0.52,3.42,11.2
2011-05-15,15.68,3.65,8.65,0.0,0.52,4.49,7.92
2011-05-16,15.69,4.02,8.92,0.0,0.52,4.68,12.25
2011-05-17,16.31,4.39,9.88,0.0,0.52,3.87,12.64
2011-05-18,14.28,5.5,8.65,0.0,0.52,3.91,9.85
2011-05-19,20.25,4.54,11.3,0.0,0.52,3.59,9.75
2011-05-20,20.57,7.23,12.44,0.0,0.51,3.16,9.32
2011-05-21,23.89,8.99,15.31,0.01,0.51,7.78,10.98
2011-05-22,16.64,10.25,14.47,14.28,0.53,10.67,4.18
2011-05-23,15.77,8.34,12.12,3.37,0.54,9.05,9.14
2011-05-24,14.4,5.58,9.76,0.29,0.54,5.74,9.42
2011-05-25,14.92,5.22,9.19,0.03,0.54,5.35,6.36
2011-05-26,14.55,5.26,9.24,0.2,0.54,6.48,6.71
2011-05-27,14.26,4.84,8.76,0.3,0.54,6.94,6.48
2011-05-28,15.37,6.0,10.45,0.1,0.54,6.97,7.29
2011-05-29,15.65,8.33,11.46,0.16,0.54,6.14,5.45
2011-05-30,15.89,5.82,9.44,0.0,0.54,5.65,11.31
2011-05-31,13.95,4.17,7.55,0.13,0.53,5.62,11.57
2011-06-01,19.64,3.2,10.49,0.0,0.53,6.92,11.36
2011-06-02,19.69,5.72,11.55,0.0,0.53,7.67,11.04
2011-06-03,19.38,8.16,12.92,0.25,0.53,8.67,8.0
2011-06-04,16.34,7.48,11.45,2.44,0.54,6.64,10.51
2011-06-05,14.5,3.55,9.21,1.02,0.54,4.25,9.19
2011-06-06,12.95,1.2,6.35,0.0,0.54,1.21,11.55
2011-06-07,13.39,3.16,7.46,1.82,0.54,1.81,7.72
2011-06-08,11.3,1.79,5.19,0.19,0.54,1.57,9.91
2011-06-09,14.19,2.16,7.19,0.02,0.54,4.01,9.05
2011-06-10,15.56,6.63,10.04,0.04,0.54,7.34,7.2
2011-06-11,15.68,5.88,8.98,0.0,0.53,5.69,10.75
2011-06-12,15.62,6.66,9.78,0.03,0.53,6.35,10.21
2011-06-13,15.55,5.32,9.01,0.03,0.53,5.61,10.83
2011-06-14,15.79,4.87,8.47,0.17,0.53,5.77,10.76
2011-06-15,15.95,5.0,8.78,0.02,0.53,4.93,10.8
2011-06-16,14.6,3.57,7.76,0.0,0.53,4.3,7.37
2011-06-17,14.19,4.95,9.44,0.49,0.53,4.86,8.24
2011-06-18,16.45,7.16,10.72,0.25,0.53,8.66,6.19
2011-06-19,16.38,7.97,11.6,0.52,0.53,8.19,6.31
2011-06-20,17.14,6.89,12.08,0.31,0.53,7.1,8.32
2011-06-21,12.84,5.42,8.68,6.82,0.54,4.29,9.99
2011-06-22,11.25,4.36,8.23,1.01,0.54,6.98,7.21
2011-06-23,15.41,8.44,11.09,0.66,0.54,8.39,7.39
2011-06-24,17.91,6.88,11.34,0.65,0.54,8.95,8.79
2011-06-25,16.95,4.34,9.73,0.0,0.54,5.59,10.13
2011-06-26,17.62,3.68,9.43,0.0,0.54,4.92,10.6
2011-06-27,15.6,5.22,8.92,0.03,0.54,5.74,10.93
2011-06-28,15.67,3.71,7.92,0.02,0.54,4.45,11.17
2011-06-29,18.1,3.76,9.5,0.04,0.54,6.03,10.62
2011-06-30,17.35,6.34,10.79,0.02,0.54,6.87,7.85
2011-07-01,18.34,6.75,10.86,0.0,0.54,5.85,10.05
2011-07-02,18.37,5.82,11.36,0.76,0.53,5.69,8.63
2011-07-03,12.58,6.43,9.97,5.55,0.54,7.64,5.29
2011-07-04,13.91,5.29,8.71,1.2,0.54,4.75,8.75
2011-07-05,12.7,5.87,8.84,2.35,0.55,6.03,7.75
2011-07-06,13.63,7.07,9.52,2.67,0.55,6.92,7.84
2011-07-07,11.76,3.21,7.31,0.25,0.55,3.88,10.03
2011-07-08,10.52,2.62,6.94,0.72,0.55,5.5,8.08
2011-07-09,13.94,4.77,8.2,0.27,0.55,5.55,6.86
2011-07-10,13.0,4.18,8.06,1.25,0.55,5.41,7.79
2011-07-11,13.14,3.57,7.67,0.01,0.55,4.12,7.87
2011-07-12,12.9,7.67,9.84,0.02,0.55,5.94,5.2
2011-07-13,12.47,3.53,8.21,0.21,0.55,5.25,5.81
2011-07-14,13.27,3.59,7.27,0.01,0.55,4.54,10.68
2011-07-15,12.78,4.12,6.8,0.07,0.55,2.65,11.67
2011-07-16,10.23,1.82,6.44,0.89,0.55,3.86,6.88
2011-07-17,12.35,7.76,9.45,3.39,0.55,7.75,4.95
2011-07-18,11.7,5.39,7.95,2.11,0.55,6.45,8.1
2011-07-19,15.17,6.7,9.73,0.34,0.56,7.37,8.8
2011-07-20,16.34,5.92,9.61,0.08,0.55,6.09,12.04
2011-07-21,15.05,4.17,8.39,0.0,0.55,5.21,12.23
2011-07-22,16.25,5.84,9.51,0.0,0.55,5.66,11.75
2011-07-23,16.11,5.84,9.91,2.04,0.55,5.38,10.57
2011-07-24,15.41,6.99,10.54,5.66,0.56,7.47,9.37
2011-07-25,14.14,6.63,10.01,1.37,0.56,8.4,9.48
2011-07-26,13.37,4.39,7.69,0.04,0.56,4.65,8.89
2011-07-27,13.84,3.43,7.09,0.0,0.56,1.71,13.17
2011-07-28,16.79,1.03,7.69,0.02,0.56,1.5,12.83
2011-07-29,16.68,1.98,8.67,0.05,0.56,1.27,11.38
2011-07-30,14.99,6.6,9.07,2.24,0.56,5.03,6.17
2011-07-31,19.9,5.39,10.84,0.0,0.56,6.25,13.24
2011-08-01,21.39,6.95,12.91,0.32,0.56,3.97,10.9
2011-08-02,22.12,8.2,14.77,0.0,0.56,8.26,12.49
2011-08-03,24.34,9.1,15.87,0.0,0.55,7.09,13.12
2011-08-04,23.8,11.19,16.87,0.17,0.55,5.77,8.82
2011-08-05,14.2,7.21,9.74,3.48,0.55,7.64,2.61
2011-08-06,14.8,6.0,9.71,1.84,0.56,6.39,11.17
2011-08-07,9.29,4.87,6.59,7.73,0.57,5.37,8.7
2011-08-08,10.67,4.17,6.83,3.68,0.58,5.5,6.31
2011-08-09,11.94,3.28,7.59,2.07,0.58,5.44,12.18
2011-08-10,10.4,6.42,8.44,11.15,0.6,7.35,7.05
2011-08-11,18.09,6.99,11.3,0.11,0.59,7.83,14.07
2011-08-12,16.14,3.94,8.98,0.0,0.59,4.84,14.31
2011-08-13,15.12,6.01,10.02,0.14,0.59,5.7,9.32
2011-08-14,17.83,6.25,11.87,0.05,0.59,7.96,13.18
2011-08-15,12.98,8.41,10.85,4.54,0.59,8.06,3.61
2011-08-16,18.84,9.74,13.77,5.32,0.59,10.23,6.69
2011-08-17,15.18,6.44,11.76,6.54,0.61,8.35,11.99
2011-08-18,14.09,5.78,9.77,2.6,0.61,7.54,10.05
2011-08-19,17.81,8.96,12.35,0.13,0.61,9.96,9.54
2011-08-20,17.16,8.68,12.65,0.04,0.61,10.25,14.84
2011-08-21,18.79,5.7,11.68,0.0,0.6,6.12,16.17
2011-08-22,18.68,4.9,10.75,0.0,0.6,5.76,16.43
2011-08-23,19.67,3.75,11.53,0.0,0.6,5.38,16.41
2011-08-24,20.72,4.47,11.94,0.0,0.6,5.47,17.29
2011-08-25,19.34,6.32,11.99,0.0,0.59,5.55,15.4
2011-08-26,15.79,4.01,9.17,0.0,0.59,4.3,16.09
2011-08-27,16.86,6.59,10.58,0.0,0.59,3.14,16.63
2011-08-28,17.68,5.57,10.57,0.0,0.59,4.39,17.39
2011-08-29,16.09,5.68,10.33,0.04,0.59,4.58,13.77
2011-08-30,15.39,1.56,8.3,0.0,0.58,3.11,17.76
2011-08-31,16.85,3.12,10.3,0.0,0.58,6.4,16.52
2011-09-01,18.32,7.92,12.19,0.0,0.58,7.11,17.47
2011-09-02,21.37,5.59,12.55,0.0,0.58,6.7,18.85
2011-09-03,22.8,7.23,14.9,0.0,0.57,7.29,14.58
2011-09-04,20.91,8.65,14.7,0.09,0.57,8.98,15.48
2011-09-05,21.23,6.14,13.56,0.0,0.57,6.62,17.39
2011-09-06,14.1,5.74,10.55,0.38,0.57,3.71,16.3
2011-09-07,15.61,2.95,9.12,0.08,0.57,3.52,16.53
2011-09-08,16.81,2.82,9.86,0.03,0.56,3.13,13.41
2011-09-09,13.55,3.99,8.64,0.41,0.56,3.5,16.83
2011-09-10,16.91,4.89,9.87,0.21,0.56,5.75,12.76
2011-09-11,16.21,4.81,9.89,0.15,0.56,4.64,17.85
2011-09-12,15.9,1.3,8.77,0.0,0.56,3.18,17.43
2011-09-13,20.36,5.21,11.71,0.0,0.56,4.99,20.53
2011-09-14,18.88,6.63,12.06,0.0,0.55,5.09,16.13
2011-09-15,20.44,3.53,11.73,0.0,0.55,5.04,19.97
2011-09-16,24.28,7.7,15.04,0.0,0.55,7.54,18.01
2011-09-17,28.43,8.5,16.79,0.0,0.55,6.35,17.33
2011-09-18,23.13,7.74,15.07,0.0,0.54,7.8,21.37
2011-09-19,29.8,9.84,17.21,1.57,0.54,5.79,14.67
2011-09-20,17.15,7.37,11.77,0.21,0.54,4.2,19.19
2011-09-21,22.09,6.19,14.14,0.03,0.54,6.55,17.63
2011-09-22,26.06,8.08,17.02,0.0,0.54,4.07,22.51
2011-09-23,18.54,7.44,12.71,0.0,0.53,3.15,22.55
2011-09-24,18.11,4.73,10.95,0.0,0.53,2.36,16.7
2011-09-25,21.04,3.34,11.91,0.0,0.53,4.28,23.26
2011-09-26,21.21,6.93,13.9,0.2,0.53,5.62,19.76
2011-09-27,26.42,10.42,18.0,0.14,0.53,6.6,21.59
2011-09-28,24.21,11.8,17.3,11.09,0.53,9.68,9.48
2011-09-29,14.38,8.36,10.97,13.07,0.56,7.41,17.27
2011-09-30,14.86,6.91,9.99,6.03,0.56,6.8,14.95
2011-10-01,15.23,6.17,10.0,2.88,0.57,5.51,15.17
2011-10-02,19.31,4.34,11.39,0.0,0.57,3.6,23.26
2011-10-03,20.58,3.68,12.32,0.0,0.56,4.51,24.04
2011-10-04,23.83,7.24,15.51,0.0,0.56,6.99,21.45
2011-10-05,20.98,10.4,14.57,0.63,0.56,9.39,6.73
2011-10-06,21.2,11.31,15.62,0.12,0.56,11.03,12.39
2011-10-07,20.77,10.75,15.74,0.74,0.55,10.76,10.78
2011-10-08,20.83,8.83,14.69,0.37,0.55,9.23,16.56
2011-10-09,19.7,7.58,13.26,1.97,0.55,6.28,18.84
2011-10-10,16.41,4.31,10.52,0.07,0.55,4.25,17.59
2011-10-11,19.47,7.58,12.52,0.08,0.55,6.31,15.58
2011-10-12,21.02,4.17,12.59,0.0,0.55,5.31,25.69
2011-10-13,22.86,6.05,14.47,0.0,0.54,6.92,24.45
2011-10-14,27.72,9.34,18.72,0.0,0.54,9.22,20.13
2011-10-15,22.66,9.56,16.38,0.0,0.54,8.14,22.99
2011-10-16,20.15,6.42,12.77,0.0,0.54,3.34,26.46
2011-10-17,22.59,3.38,12.9,0.0,0.53,1.58,27.93
2011-10-18,28.09,5.99,16.82,0.0,0.53,2.42,28.53
2011-10-19,31.37,13.07,21.95,0.0,0.53,9.02,25.55
2011-10-20,30.2,13.8,21.73,0.61,0.52,9.39,10.68
2011-10-21,22.57,14.92,17.87,2.71,0.52,14.22,9.14
2011-10-22,27.01,14.02,19.98,2.68,0.53,13.89,18.85
2011-10-23,32.78,13.67,23.04,0.03,0.53,12.78,21.53
2011-10-24,26.74,11.08,19.76,3.28,0.52,13.18,12.09
2011-10-25,22.8,7.64,14.7,0.01,0.52,5.56,27.17
2011-10-26,24.6,7.25,16.55,0.0,0.52,7.81,24.56
2011-10-27,25.67,11.92,19.45,0.0,0.52,10.39,22.33
2011-10-28,29.56,16.33,20.73,8.62,0.52,13.26,18.65
2011-10-29,23.12,10.46,16.89,0.48,0.53,9.65,24.43
2011-10-30,21.13,6.3,13.37,0.47,0.53,4.42,29.95
2011-10-31,22.95,4.97,13.65,0.18,0.53,4.7,29.34
2011-11-01,24.83,6.0,15.47,0.0,0.52,6.67,28.98
2011-11-02,22.32,8.65,15.33,0.31,0.52,9.25,15.72
2011-11-03,24.78,9.03,16.56,0.13,0.52,8.72,26.55
2011-11-04,28.01,8.55,18.73,0.0,0.51,7.9,29.01
2011-11-05,29.87,11.96,21.78,0.0,0.51,7.56,28.45
2011-11-06,27.18,14.59,20.48,0.12,0.51,11.77,17.06
2011-11-07,31.88,12.48,23.26,0.01,0.51,13.32,24.09
2011-11-08,25.38,18.0,20.85,6.82,0.51,17.01,14.35
2011-11-09,29.37,14.69,22.39,11.88,0.53,16.98,24.94
2011-11-10,24.63,10.81,17.16,0.54,0.53,7.13,25.87
2011-11-11,25.0,9.14,17.11,0.0,0.53,7.37,26.46
2011-11-12,29.56,12.63,21.5,0.0,0.52,7.43,29.25
2011-11-13,28.04,15.56,21.17,0.3,0.52,10.98,14.47
2011-11-14,27.65,14.07,20.43,0.02,0.52,10.16,30.65
2011-11-15,31.65,11.12,21.33,0.87,0.52,9.8,29.81
2011-11-16,27.58,14.01,19.86,2.77,0.52,9.05,15.63
2011-11-17,30.41,11.09,21.72,1.01,0.51,11.66,24.41
2011-11-18,36.57,19.58,27.82,1.39,0.51,13.99,28.03
2011-11-19,29.21,14.79,21.46,5.88,0.51,15.31,8.19
2011-11-20,24.83,10.56,17.37,0.13,0.52,6.72,31.68
2011-11-21,25.03,7.72,16.87,0.0,0.51,5.36,29.36
2011-11-22,22.23,12.19,16.57,0.01,0.51,7.51,18.15
2011-11-23,25.33,9.17,16.4,0.0,0.51,4.52,32.39
2011-11-24,26.18,9.44,18.21,1.12,0.51,8.24,22.59
2011-11-25,25.6,14.24,19.06,13.38,0.52,13.44,21.89
2011-11-26,21.92,14.57,18.4,7.57,0.54,12.67,21.48
2011-11-27,29.42,11.06,19.89,0.26,0.54,10.94,31.43
2011-11-28,34.8,14.39,24.28,0.48,0.53,11.53,25.53
2011-11-29,34.03,20.04,25.27,0.06,0.52,10.95,15.36
2011-11-30,21.34,11.03,17.24,0.39,0.52,4.81,31.53
2011-12-01,24.26,7.41,15.92,0.0,0.52,4.12,30.89
2011-12-02,26.77,8.0,17.33,0.0,0.51,3.49,33.85
2011-12-03,26.62,9.47,18.35,0.0,0.51,6.95,32.78
2011-12-04,24.57,8.3,15.81,0.0,0.51,3.37,34.05
2011-12-05,26.5,7.25,17.01,0.0,0.51,2.43,34.17
2011-12-06,28.82,10.25,20.0,0.0,0.5,7.13,33.04
2011-12-07,31.33,14.41,22.96,0.0,0.5,7.36,32.29
2011-12-08,31.44,16.49,24.25,0.02,0.49,10.22,26.68
2011-12-09,30.19,18.38,23.82,0.1,0.49,12.72,16.5
2011-12-10,30.79,17.1,23.95,0.6,0.49,12.81,23.09
2011-12-11,27.04,14.23,20.35,0.55,0.49,7.68,32.02
2011-12-12,26.61,9.71,18.33,0.0,0.49,5.27,31.91
2011-12-13,26.12,11.26,18.17,0.0,0.49,4.32,31.58
2011-12-14,27.49,9.76,18.54,0.0,0.49,2.17,33.14
2011-12-15,29.23,11.62,20.39,0.0,0.48,5.45,30.51
2011-12-16,34.46,12.59,24.46,0.02,0.48,8.04,31.69
2011-12-17,33.47,20.82,25.73,8.6,0.48,12.73,15.28
2011-12-18,30.39,20.12,24.6,18.05,0.52,16.57,21.07
2011-12-19,27.29,15.8,21.15,0.03,0.52,11.6,28.37
2011-12-20,28.66,12.35,20.5,0.0,0.52,8.4,28.35
2011-12-21,28.62,12.3,20.67,0.0,0.51,7.4,34.3
2011-12-22,32.98,14.5,24.52,0.0,0.51,12.25,33.87
2011-12-23,35.3,18.95,27.25,0.0,0.5,9.67,33.82
2011-12-24,37.75,17.98,27.92,0.92,0.5,12.74,29.2
2011-12-25,37.16,20.07,27.99,0.23,0.49,12.44,20.23
2011-12-26,29.45,16.66,22.51,0.01,0.49,9.88,28.96
2011-12-27,28.33,13.4,20.57,0.05,0.49,7.96,32.91
2011-12-28,31.27,12.44,21.61,0.0,0.49,4.38,34.34
2011-12-29,32.39,11.33,22.31,0.0,0.48,4.65,33.79
2011-12-30,34.43,13.74,24.53,0.0,0.48,7.21,31.84
2011-12-31,37.76,17.98,28.93,0.0,0.48,7.04,33.56
2012-01-01,39.95,20.31,30.67,0.0,0.48,8.02,33.02
2012-01-02,41.65,22.79,32.86,0.0,0.48,6.74,31.53
2012-01-03,40.36,25.21,31.74,0.01,0.48,10.38,17.93
2012-01-04,31.57,18.24,25.34,0.19,0.48,6.77,33.24
2012-01-05,29.09,13.44,20.82,0.0,0.48,2.75,33.68
2012-01-06,30.71,11.64,21.76,0.0,0.48,0.84,32.35
2012-01-07,34.57,17.98,26.42,6.35,0.48,5.15,14.42
2012-01-08,29.11,14.95,22.36,3.12,0.49,12.38,25.17
2012-01-09,25.34,12.65,18.89,0.12,0.49,6.87,23.45
2012-01-10,25.72,13.51,18.71,0.11,0.49,6.47,28.79
2012-01-11,22.72,11.37,16.73,0.3,0.48,4.18,28.04
2012-01-12,26.96,8.77,18.05,0.0,0.48,6.27,32.74
2012-01-13,27.24,12.93,19.35,0.0,0.48,7.5,28.69
2012-01-14,28.35,11.04,19.37,0.0,0.48,5.56,33.48
2012-01-15,31.79,11.36,21.97,0.0,0.48,6.85,33.1
2012-01-16,35.06,18.55,27.14,0.0,0.48,9.51,30.51
2012-01-17,36.26,22.14,29.53,0.0,0.48,11.3,30.51
2012-01-18,34.94,21.82,28.04,1.49,0.48,15.28,29.06
2012-01-19,35.87,16.77,26.03,0.0,0.48,7.75,32.81
2012-01-20,34.68,15.19,25.14,0.0,0.48,5.75,29.59
2012-01-21,34.63,15.13,24.92,0.0,0.48,10.46,32.31
2012-01-22,36.43,18.52,28.02,0.0,0.48,12.73,29.26
2012-01-23,35.55,20.72,28.14,0.0,0.48,8.79,31.75
2012-01-24,37.48,19.79,29.29,0.0,0.47,8.39,30.92
2012-01-25,38.32,21.88,30.13,0.0,0.47,7.4,30.59
2012-01-26,35.41,16.53,25.43,0.0,0.47,7.87,31.41
2012-01-27,36.67,16.34,27.6,0.0,0.47,12.75,27.55
2012-01-28,35.8,22.73,29.08,0.0,0.47,15.56,25.55
2012-01-29,34.68,21.48,27.01,0.96,0.47,15.29,15.72
2012-01-30,31.27,15.49,24.26,5.81,0.48,14.47,21.14
2012-01-31,26.46,12.43,18.76,0.15,0.48,4.5,29.07
2012-02-01,27.85,11.46,19.81,0.0,0.48,4.24,30.51
2012-02-02,30.75,14.11,22.38,0.32,0.48,9.15,26.81
2012-02-03,29.95,15.66,23.8,0.0,0.48,11.67,25.3
2012-02-04,34.89,17.34,27.0,0.0,0.48,8.65,26.2
2012-02-05,32.11,14.87,23.6,0.13,0.48,8.61,20.53
2012-02-06,25.82,11.04,18.47,0.0,0.48,4.72,30.5
2012-02-07,26.56,12.2,19.28,0.0,0.48,5.96,26.49
2012-02-08,27.28,10.43,18.84,0.0,0.48,2.03,30.89
2012-02-09,25.92,10.91,18.95,0.0,0.48,5.07,26.91
2012-02-10,27.85,12.01,20.47,0.48,0.48,8.21,28.76
2012-02-11,28.05,14.13,20.86,0.06,0.48,9.42,25.12
2012-02-12,28.18,12.91,20.66,0.0,0.48,10.15,25.83
2012-02-13,30.33,13.48,22.12,0.0,0.48,8.88,29.45
2012-02-14,33.6,14.84,25.05,0.0,0.48,7.47,29.06
2012-02-15,36.63,19.32,28.35,0.0,0.47,6.01,17.01
2012-02-16,31.43,20.73,26.56,0.11,0.47,12.93,19.25
2012-02-17,34.17,20.65,26.82,0.08,0.47,11.31,27.83
2012-02-18,34.5,16.75,25.65,0.0,0.47,9.26,25.85
2012-02-19,35.41,20.09,27.67,0.3,0.47,10.94,13.46
2012-02-20,30.2,18.83,24.87,5.55,0.48,13.75,21.91
2012-02-21,26.99,14.82,21.11,0.03,0.48,10.18,24.45
2012-02-22,31.55,14.41,22.98,0.0,0.48,9.14,27.93
2012-02-23,34.83,15.83,24.97,0.04,0.48,7.35,27.88
2012-02-24,37.96,15.63,27.24,0.01,0.48,7.2,27.58
2012-02-25,37.82,22.82,29.96,0.0,0.48,8.54,27.21
2012-02-26,36.59,24.68,29.77,6.62,0.48,16.29,21.3
2012-02-27,29.5,19.26,25.24,14.86,0.5,19.06,9.89
2012-02-28,25.11,17.23,20.66,1.57,0.52,14.95,11.14
2012-02-29,23.96,14.99,18.76,19.45,0.52,12.11,8.3
2012-03-01,24.06,15.85,19.08,15.06,0.57,13.56,15.56
2012-03-02,24.23,14.21,18.89,0.77,0.57,13.56,9.35
2012-03-03,21.57,15.99,18.43,12.7,0.58,15.14,7.13
2012-03-04,26.05,15.25,19.87,0.31,0.58,12.01,23.06
2012-03-05,25.41,11.98,18.25,0.01,0.58,11.06,22.52
2012-03-06,25.23,10.62,17.51,0.0,0.57,10.37,25.08
2012-03-07,24.12,11.36,17.18,0.0,0.57,8.53,25.12
2012-03-08,26.55,12.17,18.48,0.0,0.56,10.21,25.34
2012-03-09,27.79,10.58,18.84,0.0,0.56,9.0,24.97
2012-03-10,24.44,11.48,17.47,0.0,0.55,8.73,24.08
2012-03-11,25.99,9.23,17.63,0.0,0.55,8.91,23.41
2012-03-12,27.17,11.2,18.8,0.0,0.55,9.35,24.47
2012-03-13,31.31,12.71,21.53,0.0,0.54,9.09,24.18
2012-03-14,32.03,16.87,23.23,1.42,0.54,15.04,17.8
2012-03-15,31.09,19.74,24.73,8.51,0.54,17.44,16.96
2012-03-16,24.92,14.77,19.26,0.67,0.55,12.72,15.69
2012-03-17,24.99,10.53,17.25,0.0,0.55,8.53,23.04
2012-03-18,25.91,10.75,17.7,0.01,0.55,10.4,23.17
2012-03-19,27.54,12.51,19.37,0.0,0.54,11.07,23.27
2012-03-20,30.0,14.25,21.47,0.0,0.54,12.29,22.74
2012-03-21,20.83,10.6,16.7,0.95,0.54,7.0,18.49
2012-03-22,21.1,7.6,14.32,0.01,0.54,5.96,19.53
2012-03-23,18.72,10.21,13.93,0.38,0.53,5.84,15.2
2012-03-24,20.53,9.55,14.77,0.02,0.53,9.73,14.41
2012-03-25,21.85,9.4,14.93,0.0,0.53,8.23,17.45
2012-03-26,22.81,8.5,15.74,0.0,0.53,9.19,20.42
2012-03-27,22.0,11.67,16.05,0.0,0.53,9.67,13.19
2012-03-28,26.39,10.36,18.23,0.0,0.53,10.05,17.35
2012-03-29,28.7,14.78,20.76,0.0,0.52,9.76,19.93
2012-03-30,30.37,13.95,21.31,0.0,0.52,10.14,20.47
2012-03-31,29.08,14.85,21.67,0.02,0.52,10.25,18.91
2012-04-01,23.2,10.24,16.57,0.0,0.51,8.46,20.37
2012-04-02,28.91,9.49,19.44,0.0,0.51,10.29,17.98
2012-04-03,28.27,17.09,21.96,0.0,0.51,12.7,19.07
2012-04-04,27.68,13.29,20.42,0.0,0.51,11.97,19.13
2012-04-05,29.82,13.52,21.6,0.0,0.51,11.59,19.17
2012-04-06,32.82,12.56,20.73,0.31,0.5,10.31,15.15
2012-04-07,20.62,8.04,13.88,0.07,0.5,5.03,18.47
2012-04-08,18.96,8.25,13.54,0.0,0.5,6.04,12.67
2012-04-09,18.68,7.1,13.04,0.07,0.5,5.4,13.9
2012-04-10,18.6,4.99,11.12,0.0,0.5,3.65,18.68
2012-04-11,21.16,6.09,12.88,0.0,0.5,5.75,18.94
2012-04-12,22.49,6.38,14.27,0.0,0.5,4.15,19.05
2012-04-13,24.71,8.96,16.03,0.0,0.5,3.02,18.69
2012-04-14,26.39,9.94,17.43,0.0,0.49,7.26,16.51
2012-04-15,29.07,13.26,20.38,0.0,0.49,7.33,17.46
2012-04-16,27.44,12.46,19.15,0.0,0.49,6.79,17.36
2012-04-17,26.31,9.32,17.09,0.0,0.49,8.19,17.38
2012-04-18,25.12,11.76,18.27,0.0,0.49,10.59,17.08
2012-04-19,23.54,16.06,18.92,1.39,0.49,14.05,8.58
2012-04-20,27.74,15.21,20.69,0.01,0.49,11.68,15.43
2012-04-21,26.71,12.75,19.46,1.27,0.49,10.99,13.67
2012-04-22,23.32,12.96,17.8,2.73,0.49,11.32,11.24
2012-04-23,18.46,7.7,13.01,0.92,0.5,6.63,11.37
2012-04-24,14.29,6.44,10.19,1.39,0.5,5.72,7.31
2012-04-25,18.71,6.99,11.66,0.03,0.5,6.76,11.23
2012-04-26,18.27,8.14,12.38,0.0,0.5,8.85,9.06
2012-04-27,20.8,7.54,13.74,0.0,0.49,7.47,13.99
2012-04-28,21.21,7.18,13.94,0.0,0.49,7.72,15.21
2012-04-29,18.55,8.06,12.31,0.0,0.49,5.11,15.62
2012-04-30,17.3,6.15,10.95,0.0,0.49,3.87,12.02
2012-05-01,24.79,8.95,15.91,1.14,0.49,8.01,13.74
2012-05-02,17.02,6.24,12.18,1.66,0.5,5.23,13.68
2012-05-03,16.96,5.26,10.07,0.04,0.49,5.7,12.17
2012-05-04,17.16,7.3,11.12,0.04,0.49,7.08,9.76
2012-05-05,16.62,5.42,10.35,0.0,0.49,5.66,7.16
2012-05-06,17.23,5.5,11.3,0.34,0.49,5.4,12.43
2012-05-07,22.09,9.37,14.69,0.51,0.49,7.28,11.39
2012-05-08,25.17,9.37,16.65,0.04,0.49,7.91,12.67
2012-05-09,23.24,11.19,16.75,0.36,0.49,8.22,7.43
2012-05-10,21.86,9.06,14.28,0.0,0.49,6.86,13.39
2012-05-11,18.42,8.86,12.96,0.0,0.49,4.64,12.33
2012-05-12,15.96,4.47,9.73,0.0,0.49,3.03,9.54
2012-05-13,16.8,6.5,10.95,0.23,0.49,6.28,9.42
2012-05-14,17.78,5.49,10.92,0.04,0.49,6.55,12.18
2012-05-15,18.43,7.04,11.6,0.02,0.49,6.97,12.48
2012-05-16,18.83,6.69,11.58,0.0,0.49,6.74,12.87
2012-05-17,18.64,5.32,11.06,0.0,0.49,4.37,12.89
2012-05-18,21.43,8.54,13.25,0.0,0.49,3.85,11.84
2012-05-19,18.02,7.25,12.13,0.03,0.49,7.47,10.0
2012-05-20,16.33,4.17,10.01,0.0,0.49,2.47,12.66
2012-05-21,17.55,3.2,10.57,0.0,0.48,2.12,11.16
2012-05-22,19.26,5.26,11.77,0.03,0.48,4.64,11.88
2012-05-23,21.54,9.39,14.24,0.0,0.48,2.22,12.01
2012-05-24,17.69,7.29,11.87,6.09,0.49,7.34,8.18
2012-05-25,12.52,8.12,9.7,8.1,0.51,5.58,11.08
2012-05-26,15.93,7.91,11.28,1.67,0.51,8.49,7.82
2012-05-27,16.23,5.78,9.84,0.01,0.51,5.4,11.79
2012-05-28,15.8,6.13,9.62,0.03,0.51,5.99,9.42
2012-05-29,15.49,5.34,9.22,0.02,0.51,6.59,10.07
2012-05-30,16.64,6.06,9.47,0.01,0.51,6.89,11.7
2012-05-31,19.1,4.23,10.39,0.04,0.51,5.92,11.66
2012-06-01,18.73,4.98,10.68,0.0,0.51,6.69,9.68
2012-06-02,16.51,4.83,9.81,0.0,0.51,5.72,7.86
2012-06-03,13.12,4.9,8.14,0.31,0.5,5.12,11.08
2012-06-04,11.45,3.21,7.7,5.96,0.51,7.05,7.68
2012-06-05,15.0,5.48,9.94,0.14,0.52,5.06,11.03
2012-06-06,15.26,3.37,7.94,0.02,0.51,3.9,11.39
2012-06-07,12.81,2.86,7.59,0.04,0.51,5.21,7.3
2012-06-08,14.12,2.51,7.43,0.0,0.51,4.56,9.5
2012-06-09,13.65,4.41,8.41,0.0,0.51,6.12,7.42
2012-06-10,13.24,4.91,8.28,0.0,0.51,5.3,7.64
2012-06-11,14.32,4.76,8.25,0.0,0.51,4.41,11.18
2012-06-12,14.99,4.05,8.62,0.0,0.51,5.24,8.48
2012-06-13,17.45,3.67,9.93,0.0,0.51,5.13,7.65
2012-06-14,14.07,6.93,10.4,1.04,0.51,7.12,5.88
2012-06-15,15.79,5.43,9.66,0.01,0.51,4.72,10.18
2012-06-16,16.94,5.44,10.06,0.04,0.51,4.18,10.03
2012-06-17,14.95,7.16,10.08,0.2,0.51,7.76,8.96
2012-06-18,14.69,6.42,10.34,1.46,0.51,9.3,7.04
2012-06-19,13.67,3.92,8.55,0.28,0.51,3.24,10.96
2012-06-20,16.28,2.44,9.05,0.01,0.51,1.71,8.9
2012-06-21,11.62,7.96,9.29,14.65,0.53,5.94,2.22
2012-06-22,9.52,2.65,6.73,4.07,0.54,5.0,5.76
2012-06-23,12.83,1.69,7.09,0.06,0.54,3.97,8.91
2012-06-24,16.28,7.29,10.55,0.56,0.54,7.68,7.92
2012-06-25,15.34,7.21,10.38,0.86,0.54,8.32,6.94
2012-06-26,12.98,3.19,8.04,0.24,0.54,3.82,10.29
2012-06-27,12.73,0.52,6.16,0.0,0.54,1.03,11.06
2012-06-28,14.21,2.55,7.63,0.08,0.54,4.47,6.93
2012-06-29,14.35,6.18,9.05,1.87,0.54,4.98,5.57
2012-06-30,10.87,4.19,7.13,2.0,0.54,4.78,9.2
2012-07-01,12.04,4.9,7.71,2.93,0.54,5.89,8.09
2012-07-02,13.0,4.24,7.4,0.14,0.55,4.83,7.72
2012-07-03,13.73,4.64,7.97,0.2,0.54,6.4,8.5
2012-07-04,13.5,4.41,7.71,0.09,0.54,4.69,9.09
2012-07-05,13.77,3.38,7.03,0.02,0.54,3.98,10.62
2012-07-06,12.48,3.0,6.47,0.02,0.54,2.85,11.54
2012-07-07,14.35,-0.34,5.63,0.0,0.54,0.9,11.5
2012-07-08,14.52,1.29,7.16,0.39,0.54,2.2,5.69
2012-07-09,17.8,7.69,11.26,1.19,0.54,7.3,4.52
2012-07-10,13.47,9.11,10.95,22.54,0.57,9.77,3.08
2012-07-11,13.76,6.2,9.05,2.12,0.59,6.27,7.99
2012-07-12,12.91,6.69,9.32,2.15,0.58,8.4,6.22
2012-07-13,15.0,7.43,10.35,5.58,0.59,8.72,5.31
2012-07-14,11.97,4.72,7.82,1.6,0.59,6.08,7.31
2012-07-15,13.04,3.85,8.17,0.41,0.59,6.02,11.17
2012-07-16,15.9,6.96,10.03,0.37,0.59,7.42,8.4
2012-07-17,15.65,3.67,8.96,0.0,0.59,3.4,12.09
2012-07-18,12.55,3.26,7.3,0.32,0.59,3.42,10.02
2012-07-19,12.66,2.05,6.8,0.13,0.59,3.69,10.72
2012-07-20,14.81,6.05,9.21,0.16,0.59,7.39,9.42
2012-07-21,15.8,4.97,9.31,0.2,0.59,7.96,10.92
2012-07-22,15.85,5.2,9.76,0.06,0.59,7.41,10.13
2012-07-23,15.08,5.1,9.83,0.0,0.58,5.52,8.2
2012-07-24,14.55,5.78,9.43,0.0,0.58,5.04,7.47
2012-07-25,16.16,7.18,10.38,2.64,0.58,6.39,6.64
2012-07-26,10.43,6.48,8.32,3.61,0.59,6.76,7.82
2012-07-27,14.56,4.63,9.14,1.21,0.59,6.94,8.82
2012-07-28,14.89,4.67,9.11,0.19,0.59,6.86,9.06
2012-07-29,13.06,4.9,7.78,0.09,0.59,4.78,9.66
2012-07-30,14.14,4.75,8.48,0.06,0.59,5.07,9.63
2012-07-31,14.16,4.18,8.08,0.02,0.59,4.62,7.85
2012-08-01,14.1,2.47,7.5,0.02,0.59,3.24,13.6
2012-08-02,13.25,3.99,7.55,0.02,0.58,2.38,9.24
2012-08-03,15.55,2.75,8.43,0.05,0.58,3.52,12.69
2012-08-04,15.19,6.64,9.57,0.88,0.58,4.63,12.66
2012-08-05,16.05,5.62,10.87,0.81,0.58,6.07,11.44
2012-08-06,13.06,3.55,7.3,0.56,0.58,3.6,10.79
2012-08-07,16.3,2.07,9.26,0.0,0.58,3.62,14.44
2012-08-08,15.89,6.62,10.04,3.14,0.58,5.46,5.33
2012-08-09,13.54,5.88,8.84,0.02,0.58,4.42,12.84
2012-08-10,14.88,5.99,9.46,0.13,0.58,5.78,11.21
2012-08-11,15.76,6.23,10.0,0.08,0.58,6.18,11.08
2012-08-12,16.59,5.87,9.94,0.01,0.58,6.43,13.71
2012-08-13,17.9,3.81,9.91,0.0,0.58,4.77,12.52
2012-08-14,14.38,5.45,9.69,1.4,0.57,5.37,10.7
2012-08-15,15.21,4.39,9.33,1.74,0.58,5.45,10.96
2012-08-16,12.65,3.54,8.17,3.49,0.58,5.62,11.87
2012-08-17,10.84,6.31,7.92,9.96,0.59,6.21,9.16
2012-08-18,14.14,3.46,8.11,0.43,0.6,3.91,14.67
2012-08-19,12.84,1.84,6.91,0.97,0.59,4.56,10.06
2012-08-20,13.69,4.16,8.33,0.9,0.59,4.79,9.36
2012-08-21,17.43,4.29,11.0,0.01,0.59,3.89,8.9
2012-08-22,21.01,10.01,13.9,0.3,0.59,8.57,9.35
2012-08-23,16.01,6.65,10.7,1.29,0.59,6.28,12.49
2012-08-24,12.36,4.63,7.99,1.34,0.59,4.04,12.31
2012-08-25,13.67,4.26,8.81,0.94,0.59,6.3,11.43
2012-08-26,14.87,3.87,9.02,0.27,0.59,4.78,12.58
2012-08-27,14.78,1.73,8.44,0.0,0.59,3.21,13.52
2012-08-28,20.31,5.25,12.34,0.0,0.58,2.5,17.24
2012-08-29,18.6,7.32,12.93,0.89,0.58,4.74,15.63
2012-08-30,13.32,4.48,8.68,0.56,0.58,3.46,16.73
2012-08-31,13.21,3.25,7.86,1.13,0.58,5.85,12.74
2012-09-01,16.04,4.61,9.17,0.02,0.58,4.37,17.87
2012-09-02,20.83,1.91,10.74,0.0,0.58,2.66,18.97
2012-09-03,23.27,4.4,13.53,0.0,0.57,3.8,16.01
2012-09-04,24.59,8.28,15.59,0.0,0.57,2.04,19.13
2012-09-05,18.02,8.14,13.21,0.39,0.56,2.81,10.72
2012-09-06,19.12,7.45,13.36,6.74,0.56,6.87,16.8
2012-09-07,14.87,7.24,10.18,0.77,0.57,4.87,16.47
2012-09-08,16.95,6.88,10.79,0.06,0.57,6.11,13.14
2012-09-09,18.08,6.4,11.75,0.0,0.57,4.69,19.84
2012-09-10,20.82,4.01,12.36,0.0,0.57,2.98,20.29
2012-09-11,23.35,3.81,12.89,0.0,0.56,4.0,20.74
2012-09-12,25.7,6.47,14.73,1.62,0.56,4.82,16.11
2012-09-13,14.8,5.15,9.36,0.18,0.56,3.84,18.06
2012-09-14,17.68,3.32,10.21,0.08,0.56,6.25,11.32
2012-09-15,18.39,6.23,11.61,0.0,0.56,6.88,15.96
2012-09-16,17.52,7.41,11.74,0.25,0.56,7.25,13.96
2012-09-17,17.14,8.11,12.53,1.64,0.56,7.42,12.11
2012-09-18,18.83,6.94,12.07,5.06,0.56,6.57,17.83
2012-09-19,19.43,5.99,12.12,4.72,0.56,7.86,13.7
2012-09-20,25.9,8.95,15.92,0.03,0.57,9.34,21.36
2012-09-21,20.45,8.81,13.95,0.01,0.56,8.47,21.22
2012-09-22,22.43,6.12,13.7,0.0,0.56,5.99,22.82
2012-09-23,18.7,8.05,13.58,0.0,0.56,4.26,22.56
2012-09-24,16.48,5.05,9.74,0.0,0.55,3.05,22.08
2012-09-25,19.7,3.03,11.06,0.0,0.55,3.59,23.4
2012-09-26,24.78,6.75,15.52,0.0,0.55,1.88,16.34
2012-09-27,29.55,12.9,20.05,0.0,0.54,6.38,21.07
2012-09-28,16.28,9.82,14.09,2.67,0.54,7.66,7.27
2012-09-29,14.45,5.35,9.53,2.5,0.55,1.98,23.05
2012-09-30,17.3,3.93,10.12,0.04,0.55,4.09,14.74
2012-10-01,20.17,5.09,11.96,0.01,0.54,6.3,24.16
2012-10-02,22.89,6.94,13.82,0.0,0.54,6.54,24.64
2012-10-03,27.83,9.18,17.63,0.0,0.54,5.88,24.73
2012-10-04,31.11,12.45,20.7,0.0,0.53,2.57,25.44
2012-10-05,23.13,9.94,15.95,0.0,0.53,7.53,20.92
2012-10-06,15.84,6.64,11.92,14.95,0.55,8.1,8.43
2012-10-07,18.58,4.01,10.92,0.82,0.55,4.92,17.91
2012-10-08,18.85,6.29,11.73,0.36,0.55,4.82,21.39
2012-10-09,20.01,4.01,11.97,0.29,0.55,5.07,24.06
2012-10-10,14.07,5.93,9.58,1.64,0.55,4.36,18.28
2012-10-11,13.04,3.93,8.23,3.39,0.55,4.64,15.93
2012-10-12,18.5,4.99,11.11,0.12,0.55,4.76,20.93
2012-10-13,20.91,6.91,12.99,0.06,0.55,6.71,21.11
2012-10-14,26.87,5.36,16.01,0.0,0.54,6.6,26.24
2012-10-15,27.95,12.64,19.09,0.0,0.54,5.19,20.96
2012-10-16,20.68,7.88,15.05,0.99,0.54,9.72,9.97
2012-10-17,21.71,4.78,13.18,0.0,0.54,3.95,28.0
2012-10-18,23.97,7.24,15.83,0.17,0.54,6.14,21.47
2012-10-19,31.92,11.93,21.0,0.02,0.53,6.55,26.83
2012-10-20,25.99,8.94,17.45,0.0,0.53,8.43,26.75
2012-10-21,22.17,8.06,14.63,0.0,0.53,4.47,28.82
2012-10-22,21.64,5.46,13.24,0.0,0.52,2.18,28.37
2012-10-23,24.92,7.91,15.69,0.0,0.52,-0.3,27.24
2012-10-24,25.92,10.4,17.91,0.0,0.52,1.57,17.71
2012-10-25,24.11,9.08,16.88,0.0,0.51,8.62,18.81
2012-10-26,19.85,6.78,12.99,0.1,0.51,4.63,20.9
2012-10-27,22.39,4.84,13.53,0.0,0.51,4.43,28.89
2012-10-28,25.03,6.26,15.77,0.0,0.51,5.94,28.62
2012-10-29,29.56,10.12,20.24,0.0,0.51,6.62,25.4
2012-10-30,33.07,15.42,24.33,0.0,0.5,3.85,29.63
2012-10-31,32.09,15.81,23.07,0.58,0.5,5.61,16.4
2012-11-01,21.01,9.06,15.55,1.65,0.5,6.89,27.11
2012-11-02,23.91,8.58,15.8,0.0,0.5,5.8,27.7
2012-11-03,26.58,10.76,17.9,0.0,0.5,6.42,22.36
2012-11-04,34.35,12.44,23.68,0.04,0.49,6.61,27.23
2012-11-05,34.62,18.79,24.36,1.16,0.49,8.07,8.87
2012-11-06,28.03,15.9,21.08,2.12,0.49,9.77,14.92
2012-11-07,27.95,11.67,19.35,0.16,0.49,7.17,20.34
2012-11-08,25.59,11.07,18.14,0.04,0.49,5.64,28.9
2012-11-09,22.89,8.56,15.36,0.0,0.49,3.05,30.57
2012-11-10,25.29,5.84,15.78,0.0,0.49,2.23,31.67
2012-11-11,30.47,9.2,20.47,0.0,0.48,0.71,31.39
2012-11-12,29.57,12.68,20.71,0.0,0.48,3.12,30.0
2012-11-13,24.67,7.86,16.11,0.0,0.48,1.05,31.2
2012-11-14,27.42,7.71,17.7,0.0,0.48,1.44,29.45
2012-11-15,26.83,9.98,18.65,0.0,0.48,2.0,16.02
2012-11-16,25.24,10.9,17.1,0.0,0.48,3.82,30.52
2012-11-17,24.97,7.5,15.94,0.0,0.48,3.17,30.56
2012-11-18,25.07,8.27,16.65,0.0,0.48,2.49,32.64
2012-11-19,29.1,7.73,18.82,0.0,0.48,2.61,33.11
2012-11-20,32.23,14.27,23.56,0.0,0.48,5.51,30.63
2012-11-21,26.79,13.85,20.01,0.0,0.48,3.1,29.85
2012-11-22,28.92,8.77,19.08,0.0,0.48,4.26,32.48
2012-11-23,32.39,12.08,22.88,0.0,0.48,7.21,26.69
2012-11-24,36.13,16.9,27.51,0.0,0.48,7.04,22.33
2012-11-25,34.86,16.86,26.4,0.0,0.47,9.2,28.66
2012-11-26,31.43,17.16,24.57,0.77,0.47,11.22,14.97
2012-11-27,32.58,18.3,25.19,1.52,0.48,14.98,29.67
2012-11-28,37.75,15.99,27.73,0.0,0.48,11.6,29.34
2012-11-29,42.59,23.16,33.25,0.0,0.48,11.42,28.45
2012-11-30,31.77,24.92,28.39,2.14,0.48,17.25,12.83
2012-12-01,31.18,15.65,24.6,0.61,0.48,9.73,19.12
2012-12-02,26.35,11.45,19.1,0.04,0.48,4.9,32.48
2012-12-03,23.04,11.0,17.36,0.0,0.48,6.28,28.49
2012-12-04,22.2,11.08,16.05,0.02,0.48,2.85,28.85
2012-12-05,23.17,11.2,16.77,0.02,0.48,6.49,23.84
2012-12-06,28.92,9.74,19.88,0.0,0.48,6.57,31.08
2012-12-07,32.42,15.78,25.02,0.0,0.48,2.89,22.86
2012-12-08,39.29,17.27,26.6,0.49,0.48,4.65,25.37
2012-12-09,27.9,11.79,19.51,0.0,0.48,1.76,33.65
2012-12-10,31.2,10.05,20.46,0.0,0.48,2.37,34.48
2012-12-11,34.29,12.52,24.01,0.0,0.48,6.21,33.11
2012-12-12,37.41,18.61,28.94,0.0,0.47,7.96,29.31
2012-12-13,38.41,24.11,30.71,0.08,0.47,11.4,22.25
2012-12-14,30.57,22.1,25.79,5.48,0.48,16.81,7.48
2012-12-15,29.1,18.88,24.16,1.32,0.49,14.22,22.25
2012-12-16,25.05,13.92,19.49,0.89,0.48,7.07,20.2
2012-12-17,25.74,9.98,18.11,0.01,0.48,3.55,34.19
2012-12-18,31.53,12.19,22.89,0.0,0.48,7.25,33.02
2012-12-19,38.75,17.89,26.94,0.91,0.48,8.67,17.31
2012-12-20,28.57,12.87,20.74,0.38,0.48,5.87,34.01
2012-12-21,31.11,12.63,22.08,0.0,0.48,4.45,34.02
2012-12-22,35.51,13.01,25.46,0.0,0.48,2.4,33.32
2012-12-23,40.82,18.69,30.68,0.0,0.48,1.54,27.61
2012-12-24,30.91,16.5,26.02,0.0,0.48,3.54,19.76
2012-12-25,29.68,12.23,20.56,0.0,0.48,3.93,32.39
2012-12-26,30.87,11.27,21.77,0.0,0.47,1.89,34.52
2012-12-27,34.49,17.43,25.78,0.0,0.47,-0.01,32.26
2012-12-28,30.16,13.54,21.26,0.0,0.47,5.84,34.04
2012-12-29,31.17,12.08,21.52,0.0,0.47,7.79,33.64
2012-12-30,31.69,11.98,21.9,0.0,0.47,1.26,34.41
2012-12-31,33.37,12.32,23.27,0.0,0.47,1.42,34.26
2013-01-01,34.23,14.43,24.57,0.0,0.47,6.74,34.37
2013-01-02,33.37,14.0,23.48,0.0,0.47,3.74,33.6
2013-01-03,39.48,17.14,29.23,0.0,0.47,3.76,32.32
2013-01-04,43.38,23.15,33.64,0.0,0.47,4.31,33.21
2013-01-05,42.35,22.16,31.98,0.0,0.47,5.73,32.69
2013-01-06,39.22,18.0,27.54,0.0,0.47,3.32,33.92
2013-01-07,41.73,16.56,29.33,0.0,0.47,6.03,32.91
2013-01-08,36.79,14.38,27.37,0.0,0.47,4.39,31.09
2013-01-09,26.73,11.92,18.9,0.0,0.47,2.51,32.08
2013-01-10,32.11,11.22,22.05,0.0,0.47,1.65,33.2
2013-01-11,42.77,20.9,31.12,0.0,0.47,0.5,33.21
2013-01-12,29.87,17.92,23.19,0.04,0.47,7.33,18.21
2013-01-13,22.4,13.82,19.08,6.53,0.48,6.83,10.57
2013-01-14,28.75,10.21,19.7,0.0,0.48,3.64,28.13
2013-01-15,33.05,12.72,24.33,0.04,0.48,3.46,33.05
2013-01-16,37.6,16.19,28.09,0.0,0.48,3.55,31.88
2013-01-17,42.8,20.13,31.63,0.0,0.48,3.11,31.92
2013-01-18,33.97,18.27,27.72,0.0,0.48,8.05,28.29
2013-01-19,30.99,15.0,22.35,0.0,0.48,4.54,30.96
2013-01-20,32.98,13.57,23.53,0.0,0.48,4.53,33.02
2013-01-21,36.5,14.52,25.98,0.0,0.47,6.15,32.44
2013-01-22,32.5,14.24,23.42,0.0,0.47,6.42,32.79
2013-01-23,32.25,15.76,23.63,0.0,0.47,5.84,32.37
2013-01-24,37.34,13.71,26.33,0.0,0.47,4.14,32.11
2013-01-25,31.89,17.49,25.64,0.0,0.47,4.82,26.52
2013-01-26,30.36,12.92,21.44,0.0,0.47,2.87,32.51
2013-01-27,31.11,12.69,22.16,0.0,0.47,7.41,31.97
2013-01-28,30.87,14.9,22.41,0.0,0.47,7.68,30.35
2013-01-29,27.12,13.4,19.68,0.0,0.47,3.69,32.02
2013-01-30,29.08,11.31,20.64,0.0,0.47,4.62,31.29
2013-01-31,30.68,13.38,20.99,0.66,0.47,9.83,22.81
2013-02-01,23.62,10.13,16.59,0.02,0.47,3.58,23.17
2013-02-02,26.98,9.38,18.56,0.0,0.47,6.49,30.23
2013-02-03,30.88,13.12,22.23,0.0,0.47,9.88,30.04
2013-02-04,31.37,13.75,22.59,0.0,0.47,5.67,30.83
2013-02-05,34.88,13.04,24.85,0.0,0.47,2.91,30.98
2013-02-06,39.03,18.36,29.58,0.0,0.47,-0.54,27.67
2013-02-07,38.26,20.17,29.27,0.0,0.47,3.74,23.68
2013-02-08,32.86,17.41,24.98,0.0,0.47,7.32,27.02
2013-02-09,32.64,17.73,24.27,0.0,0.47,9.3,23.75
2013-02-10,29.6,15.58,21.67,0.0,0.47,7.17,29.04
2013-02-11,32.53,12.5,22.13,0.0,0.47,4.94,30.44
2013-02-12,33.74,14.23,23.94,0.0,0.47,6.69,29.55
2013-02-13,36.95,15.9,27.38,2.64,0.47,12.33,24.61
2013-02-14,32.59,22.72,27.31,8.18,0.49,17.3,20.65
2013-02-15,29.11,20.54,24.42,3.33,0.49,16.67,13.94
2013-02-16,34.92,19.57,27.21,0.04,0.49,13.7,20.87
2013-02-17,36.21,20.68,28.69,0.0,0.49,12.06,26.97
2013-02-18,37.25,20.95,29.23,0.0,0.48,9.33,26.39
2013-02-19,31.67,17.89,25.72,0.01,0.48,11.71,26.45
2013-02-20,30.88,13.42,21.79,0.0,0.48,5.79,26.46
2013-02-21,31.79,16.84,24.28,0.22,0.48,11.35,25.4
2013-02-22,30.24,20.63,25.89,0.14,0.48,13.02,20.74
2013-02-23,34.25,19.95,27.0,0.0,0.48,10.13,27.14
2013-02-24,37.16,23.26,29.82,0.0,0.48,11.94,24.59
2013-02-25,33.33,23.23,27.88,5.57,0.48,15.64,16.3
2013-02-26,33.67,20.37,26.66,3.85,0.49,17.85,22.64
2013-02-27,30.48,17.27,24.43,5.64,0.49,16.01,14.2
2013-02-28,24.72,12.84,17.93,0.45,0.5,6.45,27.24
2013-03-01,27.58,11.32,18.78,0.02,0.49,6.05,27.14
2013-03-02,27.91,11.78,19.24,0.0,0.49,6.1,27.24
2013-03-03,29.9,12.99,21.47,0.0,0.49,9.25,25.53
2013-03-04,32.06,17.0,24.18,0.0,0.49,11.47,25.36
2013-03-05,32.97,18.05,24.98,0.0,0.48,11.13,25.01
2013-03-06,35.35,19.03,27.62,0.0,0.48,12.62,19.3
2013-03-07,35.79,23.56,29.37,0.06,0.48,14.6,16.85
2013-03-08,36.91,21.99,28.84,0.0,0.48,12.65,24.23
2013-03-09,35.05,22.16,28.28,0.0,0.48,13.59,18.98
2013-03-10,35.82,24.87,29.77,0.0,0.48,12.82,21.45
2013-03-11,37.98,23.06,30.19,0.0,0.48,12.13,22.85
2013-03-12,37.48,24.03,30.57,0.0,0.48,10.72,23.06
2013-03-13,28.78,16.65,24.47,0.0,0.48,7.77,23.16
2013-03-14,28.1,12.83,20.02,0.0,0.48,6.04,24.63
2013-03-15,28.54,13.09,20.66,0.0,0.48,6.94,23.78
2013-03-16,25.75,12.55,19.19,0.47,0.47,8.19,14.65
2013-03-17,22.94,10.13,15.8,0.04,0.48,3.3,24.07
2013-03-18,24.61,9.26,16.99,0.02,0.48,6.88,23.52
2013-03-19,27.19,11.04,18.69,0.0,0.48,4.81,22.48
2013-03-20,31.59,13.2,22.95,0.26,0.48,5.93,22.6
2013-03-21,29.31,15.28,22.35,3.41,0.48,10.53,17.45
2013-03-22,20.77,12.71,16.05,0.01,0.48,6.25,12.01
2013-03-23,26.29,11.8,18.58,0.0,0.48,7.91,19.58
2013-03-24,27.1,13.11,19.88,0.0,0.48,9.97,20.96
2013-03-25,26.51,12.39,18.98,0.0,0.48,8.89,17.6
2013-03-26,32.75,14.23,23.51,0.0,0.48,8.1,21.22
2013-03-27,36.99,19.79,26.75,1.4,0.48,9.37,12.9
2013-03-28,23.97,11.49,17.83,3.01,0.48,6.8,16.57
2013-03-29,22.47,8.4,15.25,0.0,0.48,5.59,19.02
2013-03-30,20.96,12.52,16.69,0.33,0.48,9.32,9.99
2013-03-31,23.15,12.47,17.34,0.48,0.48,9.8,15.18
2013-04-01,22.74,9.31,16.26,0.0,0.48,7.72,13.57
2013-04-02,24.31,12.26,18.1,0.53,0.48,11.14,12.75
2013-04-03,22.98,8.87,15.43,0.0,0.48,5.97,20.54
2013-04-04,25.18,8.98,16.43,0.0,0.48,6.24,20.16
2013-04-05,28.84,10.55,19.57,0.0,0.48,8.69,19.02
2013-04-06,28.18,15.0,21.57,0.12,0.48,9.72,15.61
2013-04-07,27.82,17.03,21.74,0.33,0.48,10.18,15.79
2013-04-08,28.73,14.74,21.22,0.02,0.48,10.37,16.51
2013-04-09,29.75,14.15,21.46,0.0,0.48,9.83,17.99
2013-04-10,29.28,12.99,20.62,0.0,0.48,6.46,18.52
2013-04-11,28.48,16.9,21.38,0.0,0.48,7.52,16.92
2013-04-12,30.82,15.08,21.93,0.0,0.48,8.1,17.76
2013-04-13,26.86,17.47,21.0,0.0,0.48,4.75,8.95
2013-04-14,27.15,15.86,20.5,0.0,0.48,10.33,12.31
2013-04-15,22.58,11.82,16.73,0.02,0.48,7.39,17.28
2013-04-16,21.46,8.51,14.4,0.0,0.48,4.61,17.9
2013-04-17,19.46,9.8,13.69,0.0,0.48,4.62,16.86
2013-04-18,21.65,6.9,13.73,0.0,0.48,5.33,16.14
2013-04-19,19.84,6.32,12.25,0.0,0.48,1.28,17.78
2013-04-20,20.85,5.82,13.37,0.0,0.48,3.15,17.53
2013-04-21,18.49,7.13,12.09,3.29,0.48,4.07,7.42
2013-04-22,21.1,9.85,14.93,1.06,0.48,8.89,12.09
2013-04-23,19.7,9.21,13.84,0.12,0.48,6.73,15.03
2013-04-24,19.37,7.41,13.28,0.04,0.48,8.22,10.45
2013-04-25,22.12,8.94,14.88,0.0,0.48,9.89,13.05
2013-04-26,23.23,9.5,15.69,0.0,0.48,9.5,14.99
2013-04-27,25.67,11.08,17.99,0.0,0.48,4.52,14.81
2013-04-28,22.63,13.01,17.39,0.91,0.48,6.95,13.6
2013-04-29,19.14,11.25,14.69,1.48,0.48,6.8,5.81
2013-04-30,18.33,11.11,14.46,0.22,0.48,8.38,7.36
2013-05-01,19.78,8.34,13.71,0.23,0.48,6.34,14.09
2013-05-02,18.36,3.74,10.18,0.0,0.48,1.86,15.5
2013-05-03,21.49,4.82,12.68,0.0,0.48,-2.06,11.36
2013-05-04,18.58,7.2,12.69,0.0,0.48,2.94,14.98
2013-05-05,18.23,5.27,10.55,0.0,0.48,3.28,13.01
2013-05-06,19.17,5.08,11.65,0.02,0.48,2.36,8.43
2013-05-07,22.26,10.58,14.84,0.81,0.48,6.47,9.66
2013-05-08,25.6,11.39,16.92,0.09,0.48,9.05,13.44
2013-05-09,25.39,11.08,17.03,0.0,0.48,7.66,13.68
2013-05-10,25.35,10.1,16.65,0.0,0.48,7.25,12.03
2013-05-11,25.97,10.83,17.79,0.0,0.48,3.37,13.4
2013-05-12,21.29,12.39,15.23,6.07,0.48,6.69,2.93
2013-05-13,13.8,7.81,10.61,2.55,0.5,6.81,11.33
2013-05-14,15.07,7.07,10.33,0.83,0.5,5.55,9.89
2013-05-15,16.03,8.27,11.41,3.55,0.5,8.35,9.24
2013-05-16,16.16,7.37,10.87,0.25,0.5,6.68,11.48
2013-05-17,16.39,6.73,10.75,0.11,0.5,7.28,11.31
2013-05-18,15.34,6.42,10.08,0.12,0.5,6.31,7.83
2013-05-19,17.39,5.63,10.42,0.0,0.5,6.0,12.25
2013-05-20,19.41,7.55,12.28,2.25,0.5,7.46,8.4
2013-05-21,16.2,6.36,10.98,0.01,0.5,4.03,8.57
2013-05-22,12.43,6.15,9.63,4.05,0.5,7.34,4.89
2013-05-23,17.98,4.41,9.7,0.06,0.51,5.19,12.26
2013-05-24,16.93,5.54,9.78,0.05,0.5,5.81,12.2
2013-05-25,18.03,5.96,10.97,0.06,0.5,8.37,8.53
2013-05-26,17.25,6.55,10.83,0.08,0.5,8.15,7.59
2013-05-27,15.54,6.2,10.05,0.0,0.5,7.27,9.67
2013-05-28,16.87,6.03,10.01,0.0,0.5,5.69,10.91
2013-05-29,14.94,5.52,10.43,0.18,0.5,6.65,7.55
2013-05-30,14.82,11.02,12.66,7.67,0.51,11.49,2.45
2013-05-31,21.77,9.55,14.79,3.2,0.52,12.04,5.73
2013-06-01,15.82,12.23,13.94,26.32,0.56,13.28,2.41
2013-06-02,16.38,7.07,10.74,0.37,0.57,7.68,9.76
2013-06-03,15.77,6.33,10.01,0.27,0.56,8.04,8.34
2013-06-04,14.37,6.98,10.57,0.03,0.56,8.49,4.79
2013-06-05,15.69,7.62,10.94,0.0,0.56,7.66,5.58
2013-06-06,15.18,9.3,11.75,0.02,0.56,7.66,5.46
2013-06-07,15.03,6.86,11.07,0.78,0.56,6.43,10.11
2013-06-08,14.44,3.98,8.62,0.0,0.56,2.94,10.98
2013-06-09,13.4,1.92,6.81,0.0,0.56,2.59,10.07
2013-06-10,17.96,2.9,9.87,0.61,0.56,5.19,10.13
2013-06-11,18.96,7.37,11.93,1.59,0.56,7.93,7.89
2013-06-12,11.81,8.84,10.27,24.25,0.59,9.45,3.92
2013-06-13,14.77,7.98,10.63,2.15,0.6,8.91,5.4
2013-06-14,15.14,6.3,10.22,0.03,0.6,7.18,6.32
2013-06-15,14.46,3.76,7.92,0.0,0.6,4.57,10.93
2013-06-16,14.25,4.29,7.82,0.03,0.6,5.28,10.55
2013-06-17,12.5,2.97,6.81,0.06,0.59,4.8,9.44
2013-06-18,14.09,4.91,8.21,0.13,0.59,6.03,10.07
2013-06-19,14.19,3.19,7.47,0.03,0.59,3.86,10.67
2013-06-20,13.06,2.25,6.81,0.04,0.59,3.15,9.45
2013-06-21,14.34,5.44,9.07,0.53,0.59,4.87,9.45
2013-06-22,14.77,4.18,8.35,1.69,0.59,4.62,8.95
2013-06-23,14.26,2.64,7.31,0.0,0.59,3.87,10.83
2013-06-24,14.94,2.31,7.59,0.06,0.59,4.18,10.85
2013-06-25,15.8,6.07,9.12,0.03,0.59,6.37,9.88
2013-06-26,17.13,4.23,9.99,0.0,0.59,5.21,10.93
2013-06-27,16.32,6.44,9.76,0.17,0.59,6.24,10.15
2013-06-28,16.3,7.26,11.0,0.01,0.59,7.68,8.01
2013-06-29,15.4,5.46,8.9,0.01,0.59,5.76,10.57
2013-06-30,16.51,4.78,9.7,0.36,0.59,7.89,6.78
2013-07-01,18.02,7.65,12.15,1.22,0.59,10.02,6.23
2013-07-02,16.66,7.12,10.65,0.4,0.59,8.08,10.77
2013-07-03,16.52,4.8,9.37,0.0,0.58,5.55,11.29
2013-07-04,17.39,4.8,10.34,1.78,0.58,4.88,5.22
2013-07-05,12.71,4.59,8.61,0.91,0.59,4.02,9.64
2013-07-06,13.36,6.02,8.91,2.36,0.58,6.53,8.93
2013-07-07,12.7,6.05,8.47,1.08,0.59,7.25,8.71
2013-07-08,13.25,4.3,7.45,0.53,0.59,4.94,10.67
2013-07-09,13.94,1.34,7.16,0.03,0.59,3.85,7.68
2013-07-10,14.09,0.52,7.07,0.0,0.59,2.79,11.39
2013-07-11,12.19,2.98,7.08,0.04,0.59,6.26,7.86
2013-07-12,15.59,5.82,9.59,0.73,0.59,7.67,9.09
2013-07-13,14.48,9.18,12.26,6.77,0.59,11.5,2.38
2013-07-14,14.87,10.8,12.5,9.35,0.61,11.29,6.8
2013-07-15,16.79,8.6,12.16,0.44,0.61,10.22,7.94
2013-07-16,17.13,8.26,11.8,0.26,0.61,9.5,6.1
2013-07-17,15.87,7.85,11.37,0.02,0.61,8.55,5.79
2013-07-18,16.84,11.19,13.82,4.14,0.61,10.76,4.07
2013-07-19,14.08,7.58,11.04,2.22,0.61,8.75,7.15
2013-07-20,8.69,4.84,6.45,5.49,0.62,4.24,9.1
2013-07-21,10.42,4.23,6.59,0.29,0.62,3.94,10.3
2013-07-22,9.83,1.83,5.6,0.82,0.62,4.32,8.04
2013-07-23,12.57,4.57,7.99,0.11,0.62,5.9,8.76
2013-07-24,14.71,3.56,8.99,0.05,0.62,5.73,12.82
2013-07-25,12.43,1.91,6.38,0.0,0.62,4.6,8.81
2013-07-26,15.82,2.99,8.24,0.02,0.62,5.15,12.47
2013-07-27,15.63,3.66,9.45,0.03,0.62,4.5,8.48
2013-07-28,16.48,6.92,11.32,2.62,0.62,6.87,5.93
2013-07-29,18.33,6.32,11.69,0.19,0.62,8.94,11.49
2013-07-30,14.76,4.35,9.26,0.37,0.62,5.44,12.96
2013-07-31,13.58,2.52,7.48,0.0,0.61,2.73,11.28
2013-08-01,13.91,1.68,7.26,0.0,0.61,2.6,13.14
2013-08-02,13.16,4.24,7.49,1.83,0.61,3.97,8.69
2013-08-03,13.04,4.22,8.33,4.47,0.61,6.53,9.08
2013-08-04,13.52,5.03,9.12,1.01,0.62,6.21,10.39
2013-08-05,17.22,7.34,11.73,1.72,0.62,8.32,10.34
2013-08-06,15.43,5.11,10.75,0.7,0.62,6.74,8.0
2013-08-07,10.72,5.01,7.45,4.09,0.62,6.14,8.98
2013-08-08,13.84,4.95,8.3,0.28,0.62,4.28,12.82
2013-08-09,13.24,6.03,9.0,3.26,0.63,5.97,4.98
2013-08-10,16.19,6.31,10.66,0.27,0.62,6.26,14.12
2013-08-11,18.44,5.69,11.72,0.06,0.62,6.52,14.74
2013-08-12,14.16,7.99,10.41,2.6,0.62,5.61,15.36
2013-08-13,15.67,6.3,10.23,0.31,0.62,6.18,13.6
2013-08-14,14.33,4.49,8.83,2.09,0.62,5.05,7.3
2013-08-15,15.31,3.66,8.38,0.02,0.62,4.29,15.08
2013-08-16,16.76,2.68,9.65,3.18,0.62,2.88,12.97
2013-08-17,13.77,5.73,9.0,1.41,0.62,6.37,11.49
2013-08-18,16.74,6.37,10.3,4.06,0.62,7.14,11.71
2013-08-19,10.13,3.54,6.92,1.11,0.62,3.55,14.54
2013-08-20,11.74,2.06,6.32,0.25,0.62,3.47,11.32
2013-08-21,12.12,5.58,8.21,1.81,0.62,5.7,11.97
2013-08-22,13.76,7.0,9.83,2.82,0.62,7.47,11.28
2013-08-23,15.22,8.52,11.28,0.96,0.62,9.32,9.18
2013-08-24,13.62,6.44,10.07,0.18,0.62,8.68,10.49
2013-08-25,14.16,7.18,10.05,0.01,0.62,8.16,10.54
2013-08-26,16.0,7.82,11.45,0.0,0.62,8.22,11.55
2013-08-27,20.96,8.02,14.58,0.04,0.62,9.25,14.61
2013-08-28,23.83,9.66,15.82,0.01,0.62,9.42,16.59
2013-08-29,19.83,10.67,14.59,0.63,0.61,8.49,7.97
2013-08-30,18.36,9.37,13.64,0.75,0.61,9.94,14.04
2013-08-31,22.81,6.89,14.86,0.0,0.61,7.89,18.06
2013-09-01,25.49,11.12,17.36,0.0,0.6,10.09,18.11
2013-09-02,26.47,10.96,17.16,0.0,0.6,10.79,18.2
2013-09-03,26.72,9.45,17.37,0.0,0.6,11.0,18.7
2013-09-04,25.61,10.35,18.23,0.0,0.59,8.86,17.25
2013-09-05,21.22,12.85,17.01,0.5,0.59,12.77,9.7
2013-09-06,13.25,9.56,11.73,1.94,0.59,8.73,10.91
2013-09-07,18.82,6.38,11.38,0.0,0.59,6.96,18.12
2013-09-08,19.98,5.4,12.51,0.0,0.59,7.61,17.54
2013-09-09,26.91,11.33,17.6,0.0,0.58,7.91,14.66
2013-09-10,16.67,7.46,12.4,0.03,0.58,6.48,14.61
2013-09-11,16.66,6.36,10.87,0.06,0.58,6.71,13.1
2013-09-12,16.94,4.73,10.19,0.07,0.58,5.55,18.71
2013-09-13,12.01,5.25,7.8,10.48,0.58,5.23,9.07
2013-09-14,18.92,5.08,12.57,0.19,0.59,7.09,15.62
2013-09-15,22.82,6.92,14.26,0.77,0.59,8.88,8.34
2013-09-16,17.8,12.01,14.22,16.03,0.6,12.41,12.99
2013-09-17,18.82,10.03,13.92,1.6,0.61,11.05,13.68
2013-09-18,16.54,7.33,11.49,2.64,0.61,7.88,15.82
2013-09-19,16.99,4.61,10.84,2.09,0.61,5.37,19.97
2013-09-20,17.42,6.87,11.29,1.72,0.61,7.01,20.2
2013-09-21,20.74,5.8,12.94,0.13,0.61,8.19,19.84
2013-09-22,22.87,8.85,15.78,0.7,0.6,9.18,22.07
2013-09-23,26.73,8.94,16.64,0.07,0.6,8.88,8.96
2013-09-24,24.84,9.58,16.88,0.0,0.59,10.78,19.18
2013-09-25,22.5,11.46,16.89,1.87,0.59,10.24,17.96
2013-09-26,16.95,6.71,11.79,5.45,0.6,5.35,22.7
2013-09-27,22.34,4.06,13.29,0.04,0.6,4.45,22.05
2013-09-28,17.63,6.77,11.64,0.46,0.59,6.42,21.42
2013-09-29,24.24,5.92,15.55,0.0,0.59,6.52,22.19
2013-09-30,23.96,13.79,18.22,3.44,0.58,7.85,7.13
2013-10-01,16.23,6.94,12.99,4.49,0.59,6.65,19.92
2013-10-02,17.33,6.34,11.44,3.71,0.59,5.99,14.99
2013-10-03,17.75,5.11,10.64,0.07,0.59,4.59,23.4
2013-10-04,22.19,5.98,13.51,0.0,0.59,5.71,24.54
2013-10-05,27.37,9.05,17.36,0.0,0.58,5.86,21.2
2013-10-06,20.55,8.18,13.32,0.01,0.58,8.64,20.56
2013-10-07,20.74,6.04,12.93,0.0,0.58,6.85,24.68
2013-10-08,22.78,7.31,15.05,0.0,0.57,7.41,25.52
2013-10-09,30.89,9.9,20.63,0.0,0.57,4.42,24.07
2013-10-10,23.89,8.86,16.68,1.35,0.56,8.03,14.35
2013-10-11,21.62,7.33,13.71,0.0,0.56,6.14,26.08
2013-10-12,27.49,7.35,17.38,0.01,0.56,4.89,26.58
2013-10-13,17.19,6.5,12.25,0.61,0.55,5.48,19.34
2013-10-14,17.31,4.56,10.38,0.19,0.55,4.01,21.52
2013-10-15,22.2,3.53,12.87,0.0,0.55,4.41,26.92
2013-10-16,27.95,10.41,19.04,0.02,0.55,0.75,22.12
2013-10-17,16.18,5.77,11.98,0.83,0.54,3.66,25.08
2013-10-18,24.04,4.57,13.7,0.0,0.54,1.43,28.06
2013-10-19,28.44,7.59,17.6,0.0,0.54,-1.06,28.64
2013-10-20,34.97,11.88,22.74,0.0,0.53,3.13,25.45
2013-10-21,30.61,15.42,21.25,0.02,0.53,10.88,12.84
2013-10-22,25.35,14.05,18.29,9.33,0.53,13.45,11.3
2013-10-23,20.34,10.24,14.44,1.52,0.54,7.01,17.22
2013-10-24,18.02,5.34,11.31,0.01,0.54,2.1,25.88
2013-10-25,18.91,3.53,11.51,0.0,0.54,4.59,19.65
2013-10-26,21.45,6.03,13.11,0.0,0.54,5.53,28.02
2013-10-27,23.67,6.43,14.83,0.68,0.53,7.54,16.91
2013-10-28,27.47,11.72,18.16,1.21,0.53,9.47,25.3
2013-10-29,22.0,8.33,14.24,0.76,0.53,6.18,28.59
2013-10-30,23.16,7.2,14.33,0.0,0.53,6.35,28.44
2013-10-31,24.27,7.52,15.12,0.0,0.52,6.18,30.05
2013-11-01,28.55,7.4,17.95,0.0,0.52,5.95,29.47
2013-11-02,33.24,12.98,22.66,0.0,0.52,7.08,26.44
2013-11-03,21.28,8.49,15.33,0.0,0.51,5.25,30.37
2013-11-04,23.32,5.45,14.04,0.0,0.51,2.57,30.82
2013-11-05,28.6,6.56,17.45,0.0,0.51,3.94,30.94
2013-11-06,32.33,9.71,21.27,0.0,0.51,2.21,30.97
2013-11-07,35.14,17.22,23.11,0.0,0.5,7.03,19.98
2013-11-08,23.76,9.71,16.73,0.92,0.5,10.12,11.43
2013-11-09,20.89,7.01,13.48,0.08,0.5,4.01,28.33
2013-11-10,21.94,5.51,13.53,0.04,0.5,2.88,30.2
2013-11-11,21.66,9.64,15.25,0.56,0.5,5.65,13.77
2013-11-12,17.61,9.72,13.73,4.78,0.5,9.23,18.34
2013-11-13,21.39,8.4,14.31,0.12,0.5,6.71,24.16
2013-11-14,23.96,6.92,15.15,0.01,0.5,5.32,30.31
2013-11-15,23.12,7.16,15.52,0.0,0.5,5.47,24.89
2013-11-16,25.89,8.94,17.04,0.0,0.5,6.65,30.77
2013-11-17,28.17,8.79,18.55,0.0,0.49,6.81,31.16
2013-11-18,31.25,9.59,21.6,0.0,0.49,6.2,32.02
2013-11-19,35.92,14.3,24.59,0.0,0.49,4.76,27.45
2013-11-20,22.75,11.8,17.6,0.39,0.49,9.36,12.07
2013-11-21,24.3,9.04,16.37,0.01,0.49,5.3,32.05
2013-11-22,23.23,9.8,16.21,0.02,0.48,7.52,24.47
2013-11-23,22.64,9.92,15.81,0.51,0.48,7.81,19.62
2013-11-24,23.46,10.78,16.14,0.02,0.48,7.2,30.34
2013-11-25,29.21,9.53,19.46,0.0,0.48,6.7,33.03
2013-11-26,32.44,12.45,23.03,0.0,0.48,5.65,30.01
2013-11-27,36.67,18.11,27.03,0.0,0.48,3.65,24.85
2013-11-28,26.88,12.57,20.54,2.01,0.48,8.0,11.43
2013-11-29,24.98,9.0,16.84,0.02,0.48,5.04,32.67
2013-11-30,28.51,7.79,18.25,0.0,0.48,2.86,33.94
2013-12-01,35.67,11.85,24.25,0.0,0.48,3.54,24.53
2013-12-02,39.39,19.52,29.38,0.02,0.48,4.23,29.23
2013-12-03,36.92,17.7,27.57,1.9,0.48,10.13,21.0
2013-12-04,23.13,11.66,17.69,9.62,0.49,8.84,17.45
2013-12-05,17.25,8.81,13.02,1.16,0.5,2.68,24.86
2013-12-06,24.67,6.22,15.67,0.0,0.49,4.72,30.17
2013-12-07,29.45,11.75,20.26,0.0,0.49,7.2,31.09
2013-12-08,36.32,16.89,26.33,0.01,0.49,5.89,19.15
2013-12-09,25.17,13.15,20.5,1.51,0.49,10.76,12.11
2013-12-10,23.3,11.31,16.82,1.46,0.49,5.97,25.64
2013-12-11,24.42,10.63,17.37,0.01,0.49,7.95,21.46
2013-12-12,27.53,9.72,18.83,0.0,0.49,6.72,33.48
2013-12-13,27.98,12.93,20.54,0.0,0.48,10.83,31.97
2013-12-14,28.48,10.93,19.54,0.0,0.48,4.19,34.09
2013-12-15,31.33,11.34,21.72,0.0,0.48,4.87,30.55
2013-12-16,33.36,13.83,23.72,0.0,0.48,6.14,33.66
2013-12-17,35.49,13.35,24.56,0.0,0.48,3.17,33.47
2013-12-18,38.87,15.32,28.32,0.0,0.48,6.2,33.13
2013-12-19,42.01,22.64,33.31,0.17,0.48,7.04,24.71
2013-12-20,41.55,20.09,31.8,0.83,0.48,9.11,21.9
2013-12-21,35.34,17.66,25.48,0.0,0.48,9.79,20.38
2013-12-22,28.23,20.66,24.33,0.83,0.48,14.64,10.81
2013-12-23,24.39,14.69,19.62,2.97,0.48,8.17,20.12
2013-12-24,29.53,10.14,20.14,0.0,0.48,4.18,33.29
2013-12-25,32.01,16.33,24.41,0.0,0.48,1.77,33.78
2013-12-26,33.04,16.85,25.19,0.0,0.48,4.63,33.55
2013-12-27,32.95,12.27,22.78,0.0,0.48,3.17,33.74
2013-12-28,41.32,13.75,25.82,0.0,0.48,3.58,29.48
2013-12-29,29.19,10.73,19.71,0.0,0.48,0.29,34.85
2013-12-30,31.14,10.93,21.26,0.0,0.48,0.27,34.21
2013-12-31,32.95,12.14,23.3,0.0,0.47,-1.36,34.13
2014-01-01,35.61,19.61,26.31,1.3,0.47,2.37,10.51
2014-01-02,20.46,15.27,18.07,2.09,0.48,10.84,10.49
2014-01-03,28.81,15.2,20.88,0.0,0.48,8.74,28.24
2014-01-04,26.46,13.35,19.05,0.02,0.48,4.86,31.09
2014-01-05,27.5,11.66,18.53,0.0,0.48,6.48,29.86
2014-01-06,24.97,11.12,17.44,0.0,0.48,2.68,31.95
2014-01-07,26.52,8.91,17.75,0.0,0.48,3.78,33.46
2014-01-08,28.1,11.13,20.27,0.0,0.48,6.21,27.27
2014-01-09,35.16,17.06,26.48,3.11,0.48,10.92,25.89
2014-01-10,35.67,18.4,27.56,0.97,0.48,13.86,31.74
2014-01-11,35.62,20.41,28.1,0.0,0.48,10.25,31.77
2014-01-12,38.52,15.22,26.37,0.0,0.48,6.52,33.71
2014-01-13,40.83,16.02,29.08,0.0,0.48,5.78,32.66
2014-01-14,45.46,24.8,35.57,0.5,0.48,8.9,28.35
2014-01-15,45.18,27.05,36.47,0.07,0.48,9.23,27.41
2014-01-16,43.97,25.54,35.49,4.2,0.48,9.6,30.91
2014-01-17,44.77,25.86,35.59,0.01,0.48,7.63,29.85
2014-01-18,38.18,23.46,30.49,0.0,0.48,12.01,27.84
2014-01-19,33.6,16.78,24.61,0.0,0.48,5.13,32.65
2014-01-20,33.49,15.65,24.58,0.0,0.48,8.38,32.51
2014-01-21,31.37,15.46,22.86,0.0,0.47,6.45,31.85
2014-01-22,33.11,13.73,23.21,0.0,0.47,5.43,32.26
2014-01-23,36.79,13.7,26.72,0.24,0.47,8.87,26.56
2014-01-24,31.51,17.24,24.56,1.5,0.48,11.7,21.33
2014-01-25,29.26,12.62,20.74,0.04,0.48,3.92,32.09
2014-01-26,33.35,12.52,23.11,0.0,0.48,4.84,32.25
2014-01-27,38.4,18.65,29.26,0.0,0.48,6.78,31.47
2014-01-28,42.24,24.29,33.16,0.0,0.47,7.72,31.68
2014-01-29,37.37,19.47,28.2,0.0,0.47,10.4,30.02
2014-01-30,39.78,18.51,29.45,0.0,0.47,9.01,27.23
2014-01-31,41.38,22.84,32.07,0.0,0.47,10.36,30.05
2014-02-01,43.33,20.17,31.96,0.0,0.47,7.98,28.87
2014-02-02,44.66,23.25,34.65,0.0,0.47,4.12,28.3
2014-02-03,42.04,18.08,31.31,0.0,0.47,8.02,20.18
2014-02-04,31.66,14.39,22.21,0.0,0.47,2.59,31.77
2014-02-05,35.61,16.58,26.41,0.0,0.47,9.28,29.8
2014-02-06,39.51,22.32,30.81,0.0,0.47,6.02,30.3
2014-02-07,40.34,23.87,31.61,0.0,0.47,4.2,29.6
2014-02-08,43.42,19.72,32.57,0.03,0.47,5.98,28.63
2014-02-09,36.72,17.7,29.91,0.0,0.47,3.85,29.49
2014-02-10,34.35,13.88,23.57,0.0,0.47,1.91,30.81
2014-02-11,37.78,14.48,26.1,0.0,0.47,2.03,29.82
2014-02-12,38.3,18.59,28.23,0.0,0.47,5.58,26.33
2014-02-13,32.66,22.85,26.63,0.68,0.47,12.22,10.59
2014-02-14,26.04,20.76,23.15,7.08,0.48,16.21,6.66
2014-02-15,33.01,19.86,25.62,3.18,0.49,16.78,16.38
2014-02-16,29.34,16.56,21.98,0.8,0.49,8.96,29.08
2014-02-17,30.45,12.43,22.16,0.0,0.49,6.28,28.7
2014-02-18,32.13,14.78,23.87,0.0,0.48,6.57,28.75
2014-02-19,24.46,13.23,18.54,2.03,0.48,8.61,20.47
2014-02-20,22.78,10.93,16.65,0.06,0.48,4.9,23.89
2014-02-21,25.14,9.49,17.14,0.03,0.48,5.13,22.24
2014-02-22,28.76,10.2,19.03,0.0,0.48,7.12,28.18
2014-02-23,31.93,12.0,22.6,0.0,0.48,6.76,27.89
2014-02-24,34.4,14.44,24.86,0.0,0.48,7.6,26.66
2014-02-25,34.88,19.11,26.24,0.14,0.48,6.76,24.09
2014-02-26,28.14,13.45,20.34,0.05,0.48,7.5,26.89
2014-02-27,28.53,10.55,19.29,0.0,0.48,4.68,25.14
2014-02-28,29.09,11.56,20.17,0.0,0.48,6.11,26.96
2014-03-01,30.85,14.26,22.76,0.04,0.48,10.89,23.57
2014-03-02,31.4,14.76,22.54,0.0,0.48,8.14,26.33
2014-03-03,33.15,13.63,23.53,0.0,0.48,9.79,25.06
2014-03-04,32.99,18.74,25.71,8.85,0.48,14.72,21.11
2014-03-05,31.12,16.91,23.95,0.1,0.49,12.83,25.43
2014-03-06,26.7,12.11,18.87,0.0,0.49,3.88,26.31
2014-03-07,27.3,11.06,18.99,0.0,0.48,8.2,26.07
2014-03-08,29.66,14.02,21.57,0.0,0.48,10.96,25.25
2014-03-09,34.12,16.07,25.38,0.0,0.48,7.11,23.28
2014-03-10,35.75,22.03,27.96,0.0,0.48,10.27,17.3
2014-03-11,32.17,21.22,25.52,1.1,0.48,13.28,10.68
2014-03-12,26.43,14.33,20.06,0.05,0.48,7.19,23.37
2014-03-13,23.64,14.91,18.85,0.0,0.48,6.74,17.55
2014-03-14,30.61,15.14,22.56,0.0,0.48,6.53,21.15
2014-03-15,29.05,14.01,20.67,6.47,0.48,9.73,14.01
2014-03-16,19.69,12.4,15.26,1.18,0.49,7.8,15.56
2014-03-17,25.76,14.11,19.24,0.37,0.49,12.01,15.42
2014-03-18,27.26,13.39,19.93,0.0,0.49,11.93,20.39
2014-03-19,26.62,11.38,19.0,0.0,0.49,6.1,22.49
2014-03-20,30.82,10.83,21.6,0.0,0.48,4.69,22.87
2014-03-21,25.52,11.9,18.94,0.01,0.48,7.16,17.49
2014-03-22,23.76,8.55,15.69,0.0,0.48,4.0,23.3
2014-03-23,21.43,10.59,14.93,0.0,0.48,5.23,17.02
2014-03-24,23.62,8.41,16.25,0.2,0.48,7.33,14.91
2014-03-25,22.37,13.15,17.49,1.55,0.48,10.36,12.37
2014-03-26,26.35,14.94,20.17,5.19,0.49,14.55,17.99
2014-03-27,27.0,17.27,21.34,3.72,0.5,15.49,11.65
2014-03-28,28.57,15.61,21.68,0.05,0.5,13.05,19.57
2014-03-29,27.98,15.45,21.94,3.09,0.49,13.71,16.5
2014-03-30,30.92,16.84,24.0,0.03,0.5,13.01,19.92
2014-03-31,32.91,16.34,24.39,0.0,0.49,12.43,18.84
2014-04-01,32.79,20.2,24.71,0.0,0.49,13.55,19.62
2014-04-02,26.74,17.15,22.36,0.65,0.49,12.69,10.57
2014-04-03,21.97,13.31,16.94,0.4,0.49,8.69,14.92
2014-04-04,22.25,12.97,16.47,0.02,0.49,9.64,19.3
2014-04-05,24.95,9.8,17.01,0.0,0.49,8.38,20.07
2014-04-06,26.35,10.52,18.36,0.0,0.48,9.3,19.54
2014-04-07,24.15,14.29,19.02,0.0,0.48,10.67,10.47
2014-04-08,23.57,16.0,19.31,7.5,0.49,13.32,5.6
2014-04-09,20.63,16.52,17.82,17.48,0.51,16.16,5.22
2014-04-10,20.66,15.37,17.97,19.42,0.56,16.7,5.43
2014-04-11,23.77,12.99,17.6,0.35,0.56,12.73,12.09
2014-04-12,24.41,11.82,17.22,0.0,0.56,11.78,17.21
2014-04-13,23.61,11.21,16.86,0.01,0.55,10.95,16.4
2014-04-14,20.97,11.39,14.97,0.0,0.55,8.24,17.71
2014-04-15,21.94,9.53,14.6,0.9,0.55,8.67,17.94
2014-04-16,21.24,7.91,14.35,0.03,0.55,9.25,16.09
2014-04-17,24.26,10.85,16.82,0.04,0.54,8.85,17.33
2014-04-18,21.27,9.06,15.15,0.06,0.54,7.27,14.32
2014-04-19,18.11,5.66,11.75,0.0,0.54,5.07,16.59
2014-04-20,19.58,6.87,13.19,0.0,0.54,5.02,14.04
2014-04-21,22.25,9.2,15.8,0.0,0.54,6.35,13.25
2014-04-22,25.24,11.82,18.29,0.71,0.54,10.57,10.75
2014-04-23,20.0,7.15,13.68,0.0,0.53,6.12,13.48
2014-04-24,20.31,8.15,13.25,0.0,0.53,5.34,14.71
2014-04-25,20.97,4.92,12.69,0.0,0.53,5.26,15.19
2014-04-26,21.62,8.91,15.48,0.01,0.53,8.27,12.58
2014-04-27,18.49,5.09,11.28,0.0,0.53,3.35,16.26
2014-04-28,25.03,6.46,15.49,0.01,0.53,6.19,10.16
2014-04-29,18.51,8.87,14.85,16.28,0.54,11.33,3.03
2014-04-30,17.97,7.94,11.89,0.03,0.56,6.68,13.97
2014-05-01,16.31,6.02,11.18,0.26,0.55,5.59,7.97
2014-05-02,13.73,8.32,10.61,1.35,0.55,7.36,5.24
2014-05-03,14.76,7.93,10.48,2.15,0.55,7.31,7.66
2014-05-04,14.71,4.63,9.26,0.01,0.55,4.42,12.55
2014-05-05,16.87,5.42,11.06,0.45,0.55,7.79,7.86
2014-05-06,16.45,6.42,10.93,0.35,0.55,5.69,12.97
2014-05-07,17.1,5.95,9.96,0.0,0.55,5.22,9.58
2014-05-08,18.03,3.09,9.82,0.0,0.55,4.38,12.68
2014-05-09,19.82,8.4,12.83,0.45,0.55,7.42,7.26
2014-05-10,19.04,11.32,13.88,4.6,0.56,10.35,8.66
2014-05-11,20.11,7.59,13.59,0.23,0.55,9.17,10.86
2014-05-12,19.91,6.56,12.31,0.0,0.55,8.14,11.97
2014-05-13,19.98,5.5,12.49,0.08,0.55,7.15,13.34
2014-05-14,23.1,7.06,14.15,0.02,0.55,8.17,13.01
2014-05-15,24.26,11.64,16.84,0.04,0.55,8.75,12.53
2014-05-16,24.31,10.99,16.81,0.0,0.55,7.78,10.87
2014-05-17,24.71,10.93,17.34,0.0,0.54,10.49,11.09
2014-05-18,23.2,14.05,17.32,0.02,0.54,10.95,5.58
2014-05-19,21.44,11.66,16.07,0.28,0.54,12.11,8.87
2014-05-20,23.02,11.0,15.93,0.72,0.54,11.64,10.22
2014-05-21,24.27,10.94,16.59,0.02,0.54,11.38,12.01
2014-05-22,24.22,13.44,17.87,0.34,0.54,10.74,8.27
2014-05-23,20.14,12.53,15.7,3.67,0.54,12.71,7.62
2014-05-24,19.72,9.76,14.75,3.03,0.54,11.72,9.15
2014-05-25,21.06,12.93,16.06,1.26,0.55,12.47,9.24
2014-05-26,22.16,13.39,17.15,1.14,0.55,12.43,7.66
2014-05-27,18.53,11.33,15.24,9.46,0.56,11.9,6.59
2014-05-28,16.19,10.88,12.8,1.28,0.56,10.23,8.67
2014-05-29,18.05,7.74,12.04,0.04,0.56,8.73,8.17
2014-05-30,16.43,5.79,10.98,0.02,0.56,7.48,8.63
2014-05-31,15.55,7.09,10.93,4.35,0.56,8.62,2.82
2014-06-01,13.93,8.19,11.31,7.86,0.58,9.37,5.13
2014-06-02,16.63,6.21,10.86,0.06,0.58,8.3,8.72
2014-06-03,17.16,8.1,12.21,0.4,0.58,9.32,5.17
2014-06-04,18.33,7.38,12.12,0.16,0.58,8.82,9.73
2014-06-05,16.27,7.37,11.23,1.39,0.58,8.08,9.67
2014-06-06,16.12,5.91,9.65,0.05,0.58,7.14,10.44
2014-06-07,17.98,6.2,11.32,0.3,0.58,9.1,8.45
2014-06-08,14.71,5.32,9.06,0.07,0.58,5.79,11.03
2014-06-09,15.77,2.44,8.31,0.0,0.57,5.85,11.04
2014-06-10,18.54,5.04,10.13,0.06,0.57,7.72,10.91
2014-06-11,16.83,6.58,10.41,0.07,0.57,7.78,6.42
2014-06-12,14.66,8.03,10.68,4.07,0.57,8.45,4.63
2014-06-13,16.7,7.49,11.46,1.08,0.58,8.74,6.87
2014-06-14,16.65,7.86,11.33,1.48,0.58,8.85,7.24
2014-06-15,14.86,6.02,9.58,0.21,0.58,7.33,8.87
2014-06-16,14.2,6.68,9.92,1.69,0.58,8.92,6.68
2014-06-17,15.4,6.62,9.42,0.54,0.58,7.24,7.9
2014-06-18,14.37,3.94,8.32,0.0,0.58,6.06,10.29
2014-06-19,11.7,4.1,7.62,0.19,0.58,6.1,4.06
2014-06-20,16.28,4.56,10.16,0.25,0.58,7.46,8.67
2014-06-21,14.4,6.76,10.32,6.46,0.59,9.39,8.13
2014-06-22,15.69,6.97,11.58,0.48,0.59,8.41,8.12
2014-06-23,13.02,6.42,10.6,2.72,0.59,5.89,7.95
2014-06-24,14.16,5.84,10.08,2.01,0.59,6.89,8.41
2014-06-25,14.86,7.91,10.96,0.77,0.59,7.79,8.64
2014-06-26,15.82,9.56,12.13,0.89,0.59,9.02,8.26
2014-06-27,15.46,6.38,10.45,0.03,0.59,4.62,9.24
2014-06-28,10.68,7.74,8.97,1.18,0.59,6.19,6.6
2014-06-29,11.23,5.24,8.17,0.51,0.59,5.38,9.48
2014-06-30,13.15,4.15,8.03,0.83,0.59,5.99,8.0
2014-07-01,13.46,6.21,8.93,0.2,0.59,6.59,6.48
2014-07-02,15.25,5.34,9.87,0.04,0.59,6.15,9.9
2014-07-03,15.26,3.05,8.15,0.0,0.59,5.2,11.16
2014-07-04,14.64,3.79,8.9,0.37,0.59,5.4,8.82
2014-07-05,13.06,6.39,9.16,0.82,0.59,6.9,7.23
2014-07-06,13.57,5.18,8.45,0.3,0.59,6.28,8.18
2014-07-07,14.94,4.56,8.99,0.02,0.59,5.98,9.93
2014-07-08,15.42,5.84,10.2,0.29,0.59,3.43,8.08
2014-07-09,10.56,5.74,7.72,4.85,0.59,5.44,6.0
2014-07-10,13.5,5.36,8.41,0.99,0.59,5.71,9.25
2014-07-11,13.64,5.83,9.34,0.35,0.59,6.69,10.47
2014-07-12,11.42,2.49,7.35,0.74,0.59,3.77,11.32
2014-07-13,13.27,0.72,5.81,0.0,0.59,3.24,11.76
2014-07-14,9.5,2.64,5.48,0.09,0.59,4.35,5.8
2014-07-15,11.51,3.35,7.15,4.21,0.59,5.7,4.25
2014-07-16,14.35,6.49,9.33,2.45,0.6,6.75,10.18
2014-07-17,10.7,4.31,7.17,4.09,0.6,5.44,7.05
2014-07-18,12.52,3.3,6.36,0.12,0.6,3.37,10.73
2014-07-19,12.88,3.9,6.81,0.09,0.6,4.88,11.36
2014-07-20,10.03,3.15,6.16,0.01,0.6,4.91,9.23
2014-07-21,10.53,3.24,6.04,0.14,0.6,3.97,7.99
2014-07-22,13.88,1.22,6.52,0.01,0.6,2.54,9.25
2014-07-23,11.85,1.68,6.07,0.18,0.6,3.79,10.13
2014-07-24,16.52,5.09,9.71,5.17,0.61,6.72,8.76
2014-07-25,15.06,7.26,10.41,1.14,0.61,8.76,9.0
2014-07-26,15.57,5.77,9.2,0.53,0.61,7.3,10.34
2014-07-27,16.12,4.23,9.48,0.01,0.6,6.37,10.11
2014-07-28,17.98,4.68,10.05,0.08,0.6,5.1,9.21
2014-07-29,17.45,7.37,11.84,0.49,0.6,9.03,8.65
2014-07-30,17.52,11.12,13.71,0.48,0.6,10.33,9.01
2014-07-31,17.98,5.47,11.19,4.69,0.6,6.44,12.27
2014-08-01,9.96,2.72,6.08,1.11,0.6,2.9,10.4
2014-08-02,12.44,1.38,5.89,0.07,0.6,0.22,13.39
2014-08-03,12.28,1.04,6.44,0.0,0.6,-0.71,13.84
2014-08-04,13.0,3.18,7.36,0.25,0.6,-0.69,14.04
2014-08-05,14.63,1.75,7.9,0.0,0.6,3.63,13.9
2014-08-06,14.77,5.02,9.35,0.0,0.6,7.02,11.63
2014-08-07,16.03,5.9,10.34,0.01,0.6,6.44,8.09
2014-08-08,16.8,5.31,10.42,0.0,0.6,5.13,13.63
2014-08-09,18.37,5.49,10.89,0.04,0.59,4.54,9.72
2014-08-10,13.17,4.13,9.02,0.49,0.59,4.79,12.4
2014-08-11,11.66,2.37,6.11,0.1,0.59,2.32,11.61
2014-08-12,12.23,1.56,6.31,0.0,0.59,3.36,9.24
2014-08-13,14.16,2.72,7.3,0.04,0.59,3.92,15.54
2014-08-14,14.82,4.01,7.88,0.19,0.59,4.58,15.56
2014-08-15,17.13,0.86,8.49,0.01,0.59,3.25,14.55
2014-08-16,15.56,4.14,9.41,0.21,0.58,5.38,8.34
2014-08-17,16.32,5.81,10.1,0.02,0.58,5.37,15.32
2014-08-18,16.37,5.55,10.0,0.1,0.58,5.87,14.3
2014-08-19,16.25,6.37,10.55,0.03,0.58,6.61,13.12
2014-08-20,15.87,3.63,9.12,0.0,0.58,4.86,16.19
2014-08-21,16.92,2.61,9.86,0.0,0.58,4.68,16.08
2014-08-22,18.97,6.13,11.89,0.0,0.58,6.42,16.09
2014-08-23,20.06,7.13,13.26,0.0,0.57,8.34,13.23
2014-08-24,16.77,6.75,10.87,0.0,0.57,6.49,16.86
2014-08-25,16.02,5.74,10.04,0.73,0.57,7.23,13.02
2014-08-26,19.67,6.75,11.94,0.13,0.57,7.27,17.41
2014-08-27,21.57,6.33,13.31,0.03,0.57,7.82,17.16
2014-08-28,22.37,5.3,12.92,0.0,0.57,6.83,17.43
2014-08-29,20.39,5.33,11.96,0.0,0.56,7.45,17.66
2014-08-30,21.33,5.83,12.59,0.0,0.56,6.74,17.68
2014-08-31,22.71,6.84,13.87,0.11,0.56,5.22,15.03
2014-09-01,13.45,6.44,10.63,8.34,0.56,7.37,6.15
2014-09-02,15.3,5.16,9.41,0.24,0.57,4.48,17.75
2014-09-03,15.42,4.17,9.0,0.01,0.57,3.17,17.48
2014-09-04,15.15,5.25,9.28,0.0,0.57,4.06,15.25
2014-09-05,18.42,3.85,10.24,0.0,0.57,4.16,19.35
2014-09-06,19.61,2.7,10.62,0.0,0.56,3.65,19.49
2014-09-07,20.91,5.03,12.63,0.0,0.56,5.51,19.71
2014-09-08,22.24,9.52,15.83,0.41,0.56,7.79,13.69
2014-09-09,21.74,10.52,15.38,1.13,0.56,8.6,16.05
2014-09-10,18.13,8.16,13.2,0.06,0.55,6.78,13.76
2014-09-11,17.34,6.49,12.28,0.21,0.55,5.5,17.13
2014-09-12,17.29,2.88,9.64,0.0,0.55,2.86,20.69
2014-09-13,19.54,3.31,11.41,0.0,0.55,3.88,20.76
2014-09-14,23.65,5.16,14.09,0.0,0.55,5.02,18.08
2014-09-15,21.87,9.92,15.05,0.0,0.54,6.57,14.33
2014-09-16,19.44,9.1,13.81,0.01,0.54,7.0,18.55
2014-09-17,17.14,6.0,11.17,0.0,0.54,4.44,18.17
2014-09-18,16.49,4.05,9.46,0.0,0.54,3.72,17.24
2014-09-19,18.37,2.79,10.1,0.0,0.54,2.84,22.33
2014-09-20,19.46,3.88,11.11,0.0,0.54,4.57,22.71
2014-09-21,21.36,5.94,12.28,0.0,0.53,4.8,22.97
2014-09-22,24.64,4.42,13.93,0.0,0.53,3.75,22.96
2014-09-23,26.15,7.86,16.88,0.01,0.53,5.66,21.42
2014-09-24,21.09,13.93,16.18,13.4,0.54,11.32,7.35
2014-09-25,21.54,10.71,14.96,1.14,0.55,9.29,15.33
2014-09-26,20.51,7.43,13.78,0.3,0.55,8.04,14.94
2014-09-27,25.91,9.71,17.44,0.0,0.54,9.4,22.87
2014-09-28,29.44,12.87,20.73,0.01,0.54,7.07,21.19
2014-09-29,23.99,9.16,16.02,0.0,0.54,8.34,23.49
2014-09-30,24.89,8.41,14.99,0.08,0.53,6.53,21.94
2014-10-01,19.15,5.3,11.65,0.0,0.53,3.03,24.08
2014-10-02,21.16,4.63,12.53,0.0,0.53,6.17,24.24
2014-10-03,23.33,7.14,14.86,0.0,0.53,6.43,24.8
2014-10-04,29.24,8.29,18.69,0.0,0.52,5.43,24.7
2014-10-05,26.62,12.68,18.75,0.0,0.52,10.39,23.11
2014-10-06,31.73,14.48,20.21,2.97,0.52,9.71,5.68
2014-10-07,20.08,10.02,14.39,0.17,0.52,4.77,18.6
2014-10-08,22.68,6.68,14.22,0.05,0.52,6.76,21.49
2014-10-09,26.22,7.02,16.77,0.0,0.52,6.18,25.97
2014-10-10,28.41,12.67,18.83,0.0,0.51,3.35,19.67
2014-10-11,29.17,10.71,18.88,0.0,0.51,7.87,25.95
2014-10-12,31.43,11.18,20.09,0.0,0.51,6.97,26.28
2014-10-13,14.29,6.54,10.79,0.53,0.5,3.69,23.18
2014-10-14,19.12,4.38,11.52,0.02,0.5,2.73,27.08
2014-10-15,20.38,4.29,12.12,0.0,0.5,2.3,27.32
2014-10-16,19.93,5.48,12.63,0.27,0.5,6.03,20.15
2014-10-17,22.7,4.96,13.86,0.0,0.5,2.64,27.85
2014-10-18,28.73,8.06,18.09,0.0,0.5,0.56,27.02
2014-10-19,31.59,12.56,21.62,0.0,0.49,3.73,24.48
2014-10-20,27.31,9.88,17.85,0.0,0.49,4.64,24.21
2014-10-21,32.72,10.07,21.2,0.0,0.49,6.86,27.06
2014-10-22,36.18,15.13,25.24,0.42,0.49,10.15,22.05
2014-10-23,34.3,15.55,24.15,0.0,0.49,12.14,25.8
2014-10-24,33.35,16.14,23.96,0.01,0.49,9.34,23.7
2014-10-25,31.27,14.8,22.54,0.0,0.48,9.51,25.23
2014-10-26,28.35,12.16,20.53,0.2,0.48,10.28,14.55
2014-10-27,21.84,10.66,17.6,2.42,0.49,5.81,26.07
2014-10-28,23.5,9.11,15.79,0.01,0.49,5.8,18.35
2014-10-29,26.31,8.31,17.17,0.0,0.48,6.04,28.92
2014-10-30,27.85,9.57,18.71,0.0,0.48,5.58,29.32
2014-10-31,35.87,12.24,23.72,0.51,0.48,4.39,23.2
2014-11-01,19.7,9.58,15.55,2.02,0.48,3.97,24.92
2014-11-02,22.86,6.5,14.52,0.07,0.48,2.09,30.26
2014-11-03,26.0,6.83,17.09,0.0,0.48,2.29,27.94
2014-11-04,31.98,12.57,21.18,0.08,0.48,3.36,22.62
2014-11-05,25.29,9.56,17.27,0.0,0.48,1.97,29.27
2014-11-06,27.29,8.73,18.13,0.0,0.48,2.27,26.36
2014-11-07,34.54,13.1,24.16,0.0,0.48,0.51,27.68
2014-11-08,37.15,15.26,24.61,0.0,0.48,2.67,27.97
2014-11-09,28.6,9.65,18.76,0.0,0.48,2.32,30.98
2014-11-10,28.27,8.52,18.36,0.0,0.48,3.8,31.38
2014-11-11,29.33,8.26,18.62,0.0,0.48,1.26,31.13
2014-11-12,33.6,10.38,22.56,0.0,0.48,-0.37,30.74
2014-11-13,35.99,14.58,26.48,0.0,0.48,2.19,22.49
2014-11-14,30.37,18.2,25.01,0.0,0.47,7.78,15.95
2014-11-15,25.91,14.73,19.24,14.41,0.47,8.44,12.83
2014-11-16,23.38,12.47,16.94,3.14,0.51,7.46,27.81
2014-11-17,24.94,9.97,16.99,1.08,0.51,7.51,21.11
2014-11-18,26.22,7.73,17.35,0.0,0.5,4.84,32.4
2014-11-19,31.86,10.0,21.46,0.0,0.5,6.63,30.8
2014-11-20,29.3,18.36,22.91,0.55,0.49,9.66,11.39
2014-11-21,28.73,12.75,20.61,0.0,0.49,8.21,31.02
2014-11-22,34.71,14.42,25.02,3.54,0.49,8.83,9.44
2014-11-23,32.0,14.72,23.16,0.61,0.49,9.58,24.81
2014-11-24,28.25,12.24,21.13,4.87,0.49,11.7,21.9
2014-11-25,25.26,9.45,17.36,0.0,0.5,4.74,32.68
2014-11-26,27.05,9.2,18.13,0.0,0.49,6.73,32.33
2014-11-27,28.84,10.1,19.07,0.0,0.49,3.54,33.53
2014-11-28,31.15,9.2,20.7,0.0,0.49,2.79,33.69
2014-11-29,34.7,11.41,23.76,0.0,0.48,5.39,31.04
2014-11-30,38.94,18.81,29.55,0.05,0.48,7.91,26.27
2014-12-01,32.73,18.74,24.9,0.01,0.48,9.85,32.18
2014-12-02,32.38,14.58,23.94,0.0,0.48,7.85,28.44
2014-12-03,32.91,18.66,24.96,5.69,0.48,10.45,21.46
2014-12-04,32.65,17.32,25.12,0.46,0.49,13.94,29.99
2014-12-05,30.26,17.68,23.42,0.09,0.48,11.54,30.32
2014-12-06,24.62,15.02,20.04,6.46,0.49,11.95,22.03
2014-12-07,25.51,14.82,19.95,0.87,0.49,12.28,15.88
2014-12-08,29.56,12.84,21.25,0.02,0.49,10.57,32.5
2014-12-09,32.2,13.32,23.36,0.0,0.49,9.94,30.81
2014-12-10,31.13,16.76,23.95,0.26,0.48,9.9,11.76
2014-12-11,29.59,14.75,21.45,0.0,0.48,8.08,33.61
2014-12-12,31.45,12.66,22.18,0.0,0.48,7.03,33.5
2014-12-13,33.52,16.01,25.15,0.0,0.48,4.83,34.03
2014-12-14,34.28,19.1,26.92,0.02,0.48,3.72,28.31
2014-12-15,36.9,15.05,26.78,0.07,0.48,7.93,30.37
2014-12-16,33.09,14.45,22.65,0.0,0.48,4.25,32.98
2014-12-17,26.84,11.15,19.25,0.0,0.48,0.72,34.18
2014-12-18,25.54,12.75,18.94,0.07,0.48,4.23,29.64
2014-12-19,26.92,10.73,18.94,0.03,0.48,2.93,33.88
2014-12-20,31.31,12.03,22.35,0.0,0.48,4.91,33.37
2014-12-21,36.67,17.82,28.44,0.0,0.47,5.0,30.37
2014-12-22,36.32,21.35,29.01,0.69,0.47,5.75,13.32
2014-12-23,32.98,17.52,25.1,0.03,0.47,12.09,26.62
2014-12-24,30.48,12.15,21.65,0.0,0.47,2.23,34.21
2014-12-25,28.32,14.18,21.41,0.03,0.47,4.41,33.62
2014-12-26,25.91,10.18,18.15,0.03,0.47,0.99,34.8
2014-12-27,29.77,10.59,21.08,0.0,0.47,0.92,32.21
2014-12-28,34.1,12.95,24.43,0.0,0.47,-0.47,34.05
2014-12-29,27.66,14.4,20.96,0.05,0.47,4.96,28.54
2014-12-30,28.62,12.2,20.11,0.06,0.47,5.8,27.85
2014-12-31,31.04,11.17,21.58,0.0,0.47,2.33,33.66
2015-01-01,33.64,15.88,25.59,0.0,0.47,2.83,28.95
2015-01-02,42.6,18.69,31.67,0.0,0.47,1.22,32.55
2015-01-03,42.9,22.08,33.71,2.96,0.47,11.17,27.58
2015-01-04,34.52,20.14,26.15,1.27,0.48,11.11,30.1
2015-01-05,36.4,15.57,26.48,0.19,0.48,7.21,30.42
2015-01-06,38.26,17.41,28.81,0.0,0.48,8.65,28.5
2015-01-07,41.65,24.64,33.63,0.23,0.48,11.24,27.55
2015-01-08,37.45,24.98,30.26,2.99,0.48,15.4,16.58
2015-01-09,29.78,20.09,25.09,5.76,0.48,17.9,15.31
2015-01-10,24.3,16.23,20.19,13.69,0.51,15.36,10.2
2015-01-11,30.23,16.15,23.56,0.06,0.51,15.25,18.84
2015-01-12,32.67,17.4,25.75,0.52,0.51,15.55,23.2
2015-01-13,29.64,18.33,24.52,18.34,0.53,17.74,22.94
2015-01-14,28.41,16.13,21.98,0.8,0.53,13.8,18.71
2015-01-15,26.58,13.46,19.55,0.03,0.53,10.13,25.93
2015-01-16,29.15,11.59,20.23,0.0,0.52,8.35,32.74
2015-01-17,28.38,13.59,20.46,0.0,0.52,8.65,30.82
2015-01-18,27.12,12.08,19.41,0.0,0.51,7.59,30.43
2015-01-19,28.11,10.66,19.82,0.0,0.51,5.77,30.94
2015-01-20,28.14,13.72,20.68,0.0,0.51,10.77,13.28
2015-01-21,34.51,18.94,26.8,0.0,0.5,14.67,28.14
2015-01-22,36.37,19.8,28.56,0.0,0.5,15.47,29.27
2015-01-23,33.14,19.69,26.72,0.0,0.49,12.63,31.0
2015-01-24,31.49,15.24,22.75,0.0,0.49,8.92,31.81
2015-01-25,25.26,13.62,18.56,0.0,0.49,5.1,32.32
2015-01-26,25.14,9.93,17.62,0.0,0.49,3.53,31.09
2015-01-27,28.0,10.53,18.79,0.0,0.48,5.28,32.16
2015-01-28,30.05,12.21,20.57,0.0,0.48,6.33,31.66
2015-01-29,28.35,12.59,19.99,0.0,0.48,4.56,32.03
2015-01-30,27.15,11.75,19.54,0.0,0.48,6.21,31.58
2015-01-31,28.51,11.68,19.82,0.0,0.48,6.58,30.9
2015-02-01,26.83,11.66,18.9,0.0,0.48,7.41,31.02
2015-02-02,29.97,11.62,20.51,0.0,0.48,7.79,31.23
2015-02-03,32.11,12.16,21.92,0.0,0.48,6.79,30.86
2015-02-04,25.91,12.86,19.06,0.0,0.48,5.93,28.95
2015-02-05,33.67,11.51,22.89,0.0,0.48,7.67,30.38
2015-02-06,37.6,17.1,28.25,0.0,0.48,10.57,22.58
2015-02-07,35.71,24.81,30.12,0.64,0.48,11.14,18.15
2015-02-08,35.91,19.62,27.94,0.01,0.48,8.68,29.81
2015-02-09,32.03,13.14,22.4,0.06,0.48,3.07,30.85
2015-02-10,35.79,14.42,25.61,0.0,0.48,5.43,30.25
2015-02-11,38.23,19.29,28.73,0.0,0.47,10.26,27.81
2015-02-12,34.9,19.0,26.84,0.0,0.47,10.73,24.13
2015-02-13,36.26,22.41,28.72,4.78,0.47,14.56,16.74
2015-02-14,35.51,20.7,27.46,3.08,0.49,15.78,26.38
2015-02-15,39.56,19.33,29.11,1.21,0.48,14.96,25.33
2015-02-16,32.72,18.89,25.34,0.0,0.48,9.53,28.4
2015-02-17,31.47,14.98,23.03,0.0,0.48,9.46,25.2
2015-02-18,32.29,15.8,23.94,0.0,0.48,9.62,28.07
2015-02-19,35.0,16.34,26.36,0.0,0.48,10.43,26.98
2015-02-20,37.46,20.57,29.57,0.0,0.48,11.57,23.15
2015-02-21,38.36,22.76,30.83,0.13,0.48,12.56,24.67
2015-02-22,39.67,25.05,32.16,0.05,0.48,11.34,26.19
2015-02-23,37.11,17.67,27.53,0.04,0.48,11.84,22.6
2015-02-24,28.93,13.6,20.3,0.0,0.47,4.32,28.21
2015-02-25,29.95,13.05,21.28,0.0,0.47,6.66,27.72
2015-02-26,33.31,18.11,25.51,0.0,0.47,9.32,25.32
2015-02-27,33.73,16.68,25.56,0.01,0.47,11.86,25.46
2015-02-28,36.07,20.88,27.96,1.18,0.47,10.87,20.62
2015-03-01,27.83,14.52,21.0,0.2,0.48,7.54,26.97
2015-03-02,27.13,12.08,19.76,0.02,0.48,2.91,21.85
2015-03-03,29.7,17.2,22.65,0.0,0.48,4.19,23.71
2015-03-04,27.37,12.52,19.63,0.0,0.48,7.19,26.43
2015-03-05,24.89,12.7,18.07,0.09,0.48,1.72,26.71
2015-03-06,25.21,11.82,18.4,0.01,0.47,9.18,21.51
2015-03-07,27.21,13.62,19.35,0.0,0.47,10.16,17.67
2015-03-08,28.02,13.43,20.64,0.0,0.47,9.9,24.44
2015-03-09,27.67,13.02,20.72,0.0,0.47,10.75,20.28
2015-03-10,29.26,12.69,20.67,0.0,0.47,6.31,24.99
2015-03-11,29.88,16.39,22.17,0.0,0.47,2.36,24.69
2015-03-12,26.9,13.3,19.63,0.0,0.47,6.57,24.74
2015-03-13,27.85,10.02,18.59,0.0,0.47,3.2,25.09
2015-03-14,31.98,10.53,21.56,0.0,0.47,2.55,23.44
2015-03-15,26.76,13.38,19.25,0.0,0.47,4.43,24.82
2015-03-16,30.09,10.24,20.61,0.0,0.47,2.34,20.78
2015-03-17,32.89,19.94,24.58,3.15,0.48,5.1,9.51
2015-03-18,28.6,16.25,21.86,0.42,0.48,11.96,18.58
2015-03-19,36.92,17.24,24.95,0.01,0.48,9.23,19.61
2015-03-20,24.47,12.74,17.95,0.0,0.48,4.27,22.02
2015-03-21,26.31,10.11,17.57,0.0,0.48,1.35,23.84
2015-03-22,31.07,11.75,21.6,0.0,0.48,8.41,22.36
2015-03-23,26.09,13.96,21.39,0.16,0.48,10.71,12.49
2015-03-24,21.25,11.34,15.43,0.02,0.48,5.5,16.27
2015-03-25,22.1,8.12,14.84,0.13,0.48,3.34,20.68
2015-03-26,19.57,8.82,13.85,0.04,0.48,4.0,17.95
2015-03-27,21.16,9.05,14.53,0.03,0.48,7.09,16.24
2015-03-28,23.03,7.99,15.91,0.0,0.48,6.88,17.86
2015-03-29,27.84,11.97,19.97,0.0,0.48,4.44,18.83
2015-03-30,28.69,11.6,20.04,0.0,0.48,4.56,20.72
2015-03-31,30.44,11.78,20.91,0.0,0.48,5.63,20.78
2015-04-01,32.08,15.32,22.63,0.05,0.48,4.84,12.62
2015-04-02,23.16,11.0,17.28,0.33,0.48,3.51,20.47
2015-04-03,23.37,6.99,14.62,0.0,0.48,0.76,21.07
2015-04-04,24.6,8.02,15.91,0.0,0.48,3.8,19.31
2015-04-05,22.49,11.63,16.4,0.0,0.48,4.88,17.4
2015-04-06,16.58,8.59,12.53,4.19,0.48,7.28,6.98
2015-04-07,18.16,8.85,13.15,0.98,0.48,7.29,9.69
2015-04-08,21.28,7.68,13.66,0.13,0.48,6.57,15.47
2015-04-09,22.45,8.02,14.5,0.0,0.48,6.17,18.42
2015-04-10,23.98,8.7,16.02,0.0,0.48,6.04,18.95
2015-04-11,25.52,8.1,16.95,0.0,0.48,5.85,16.16
2015-04-12,24.71,11.44,17.28,0.0,0.48,7.34,9.74
2015-04-13,25.07,8.68,17.33,0.29,0.48,6.88,16.25
2015-04-14,29.3,14.93,21.47,1.5,0.48,7.96,14.55
2015-04-15,29.79,16.31,21.77,0.47,0.48,10.47,17.27
2015-04-16,22.96,13.08,17.37,0.18,0.48,8.56,8.58
2015-04-17,16.8,13.0,14.55,9.26,0.49,10.88,2.75
2015-04-18,21.63,11.83,16.03,1.53,0.5,10.26,15.16
2015-04-19,16.92,7.71,11.68,0.06,0.5,2.82,15.6
2015-04-20,18.53,5.28,11.06,0.01,0.5,2.49,17.41
2015-04-21,20.55,5.97,12.42,0.0,0.5,5.41,15.82
2015-04-22,22.15,7.2,14.12,0.0,0.49,8.49,16.55
2015-04-23,21.41,9.95,15.37,0.0,0.49,10.61,11.33
2015-04-24,19.49,11.35,14.61,2.69,0.49,9.82,10.74
2015-04-25,16.93,5.45,11.16,0.54,0.5,6.85,11.63
2015-04-26,17.4,7.24,11.72,0.15,0.5,6.29,10.7
2015-04-27,18.69,6.5,11.71,0.02,0.49,6.49,10.35
2015-04-28,17.94,7.02,11.72,0.01,0.49,6.44,11.35
2015-04-29,18.93,6.5,11.79,0.0,0.49,5.28,13.13
2015-04-30,20.75,6.51,13.16,0.0,0.49,7.19,14.29
2015-05-01,22.45,8.95,15.17,0.0,0.49,8.99,14.75
2015-05-02,23.53,11.89,16.35,0.0,0.49,8.95,14.27
2015-05-03,20.66,8.11,13.81,0.01,0.49,8.9,13.93
2015-05-04,23.48,8.03,15.88,0.0,0.49,6.86,14.32
2015-05-05,16.7,10.15,14.08,2.55,0.49,5.23,10.59
2015-05-06,17.05,7.09,11.74,0.63,0.49,6.31,11.17
2015-05-07,16.6,6.22,10.65,0.05,0.49,5.18,9.9
2015-05-08,16.34,6.23,11.52,0.63,0.49,7.73,8.92
2015-05-09,17.93,10.39,13.83,0.45,0.49,8.63,8.49
2015-05-10,18.0,11.37,13.53,5.29,0.5,8.38,10.57
2015-05-11,17.59,12.17,14.18,0.98,0.5,10.37,9.86
2015-05-12,16.98,7.19,12.93,0.84,0.5,6.28,8.48
2015-05-13,13.33,5.4,8.55,0.06,0.5,3.3,12.56
2015-05-14,16.03,4.58,9.64,0.06,0.5,6.52,11.08
2015-05-15,18.41,7.29,11.6,0.01,0.5,7.72,12.68
2015-05-16,17.94,6.74,10.79,0.0,0.49,6.62,13.11
2015-05-17,21.31,5.28,11.66,0.0,0.49,6.03,13.16
2015-05-18,21.64,5.61,13.19,0.04,0.49,7.25,11.71
2015-05-19,18.68,12.32,14.29,14.48,0.51,10.7,7.95
2015-05-20,17.63,8.46,12.56,0.67,0.52,8.25,9.53
2015-05-21,15.24,7.15,10.28,1.65,0.52,5.98,7.33
2015-05-22,17.83,6.1,10.9,0.08,0.52,6.63,12.27
2015-05-23,16.06,4.07,8.98,0.02,0.52,4.56,12.38
2015-05-24,14.34,3.01,8.69,0.0,0.52,4.48,10.22
2015-05-25,18.18,6.04,10.65,0.0,0.52,4.94,9.88
2015-05-26,17.84,6.08,11.12,0.38,0.51,6.85,6.49
2015-05-27,20.74,10.19,14.29,0.05,0.51,10.37,10.61
2015-05-28,20.22,8.99,13.1,0.05,0.51,8.66,8.17
2015-05-29,15.59,6.73,11.15,0.14,0.51,7.35,9.67
2015-05-30,16.98,6.6,11.35,0.1,0.51,6.77,10.89
2015-05-31,15.73,5.78,10.61,2.39,0.51,8.22,8.09
2015-06-01,12.17,1.12,5.94,0.07,0.51,1.16,11.2
2015-06-02,12.53,1.06,6.27,0.06,0.51,3.15,8.71
2015-06-03,13.04,3.82,7.41,0.03,0.51,3.59,6.86
2015-06-04,11.42,2.0,6.93,7.94,0.52,3.57,4.53
2015-06-05,15.16,6.1,9.52,0.43,0.53,7.37,6.65
2015-06-06,16.67,6.83,11.34,0.35,0.53,8.31,8.46
2015-06-07,16.11,6.41,10.44,0.0,0.53,5.94,7.55
2015-06-08,18.73,5.19,11.66,0.11,0.52,6.82,10.58
2015-06-09,14.73,5.45,10.47,0.62,0.52,5.09,8.62
2015-06-10,14.21,2.72,7.41,0.0,0.52,3.21,10.91
2015-06-11,16.25,4.21,8.5,0.02,0.52,4.74,10.77
2015-06-12,16.81,3.95,9.22,0.0,0.52,5.39,9.86
2015-06-13,17.12,6.39,10.34,0.0,0.52,7.54,9.58
2015-06-14,17.41,6.09,10.53,0.0,0.52,8.4,8.41
2015-06-15,12.57,9.76,11.08,20.49,0.54,10.06,1.66
2015-06-16,17.89,9.03,12.52,3.09,0.56,10.31,3.57
2015-06-17,15.18,8.23,10.99,0.5,0.56,8.74,6.0
2015-06-18,14.91,6.3,10.21,1.98,0.56,7.37,4.82
2015-06-19,12.95,4.2,7.53,0.22,0.56,4.19,8.39
2015-06-20,13.0,3.13,6.77,0.01,0.56,3.03,10.32
2015-06-21,11.25,0.55,4.68,0.02,0.56,1.48,10.62
2015-06-22,11.65,1.58,6.26,0.0,0.56,2.27,6.86
2015-06-23,16.51,4.93,9.29,0.13,0.56,4.91,5.77
2015-06-24,15.2,4.24,8.77,0.98,0.56,7.3,7.62
2015-06-25,14.6,6.42,9.58,0.24,0.56,6.53,6.37
2015-06-26,15.5,5.82,9.68,0.03,0.56,6.15,8.7
2015-06-27,13.65,3.15,8.1,0.0,0.56,4.8,8.36
2015-06-28,13.89,6.08,9.13,0.0,0.55,5.41,8.09
2015-06-29,14.22,3.91,8.53,0.0,0.55,5.26,5.48
2015-06-30,13.34,5.06,8.14,0.05,0.55,4.51,6.34
2015-07-01,12.67,4.16,8.0,0.06,0.55,4.16,6.88
2015-07-02,13.44,2.77,8.11,0.09,0.55,3.0,9.46
2015-07-03,11.04,1.15,5.32,0.0,0.55,1.64,10.33
2015-07-04,11.25,2.26,5.59,0.0,0.55,0.78,8.21
2015-07-05,13.81,0.96,6.01,0.0,0.55,0.8,10.71
2015-07-06,12.77,2.92,7.09,0.35,0.55,5.44,7.73
2015-07-07,13.15,5.09,7.81,0.29,0.55,6.1,6.85
2015-07-08,15.08,2.22,7.75,0.15,0.55,4.75,6.74
2015-07-09,16.15,5.55,9.37,0.01,0.55,4.41,7.09
2015-07-10,16.4,6.59,10.66,0.4,0.55,5.27,6.7
2015-07-11,9.7,5.21,7.35,2.56,0.55,5.59,4.39
2015-07-12,10.61,3.19,7.72,1.83,0.55,5.05,8.55
2015-07-13,12.86,3.1,7.98,0.23,0.55,5.58,8.1
2015-07-14,8.94,3.06,6.03,2.94,0.55,4.02,4.8
2015-07-15,9.39,1.51,3.91,0.69,0.56,1.69,9.25
2015-07-16,13.44,2.24,6.83,0.05,0.56,3.67,10.23
2015-07-17,11.5,3.93,7.29,0.12,0.56,5.03,5.86
2015-07-18,12.81,1.45,5.63,0.0,0.56,1.82,9.73
2015-07-19,12.06,-1.8,4.91,0.01,0.55,0.32,10.39
2015-07-20,14.53,-1.25,5.67,0.0,0.55,2.0,11.73
2015-07-21,16.82,3.01,9.9,0.0,0.55,4.67,7.19
2015-07-22,15.79,7.4,11.61,0.01,0.55,4.85,8.28
2015-07-23,15.74,2.36,9.92,0.0,0.55,4.88,11.7
2015-07-24,15.91,7.3,10.67,0.66,0.55,6.14,8.74
2015-07-25,13.19,6.11,9.5,0.48,0.55,5.36,11.63
2015-07-26,11.2,3.26,7.88,1.74,0.55,2.69,10.86
2015-07-27,12.78,1.99,6.41,0.39,0.55,3.39,10.0
2015-07-28,13.0,4.71,7.71,0.48,0.55,4.75,10.66
2015-07-29,12.21,4.19,7.14,0.0,0.55,2.95,6.39
2015-07-30,11.49,2.62,7.54,0.67,0.55,2.85,6.67
2015-07-31,12.99,2.99,7.48,0.04,0.55,2.19,12.86
2015-08-01,10.9,5.81,8.85,1.68,0.55,6.36,4.63
2015-08-02,13.74,3.2,8.01,1.95,0.55,4.82,11.45
2015-08-03,11.72,1.88,7.34,1.3,0.55,3.0,8.99
2015-08-04,10.49,0.42,5.68,0.34,0.55,1.75,8.7
2015-08-05,11.79,3.59,8.0,2.26,0.55,5.02,10.42
2015-08-06,14.25,3.77,8.07,0.28,0.55,5.21,10.75
2015-08-07,14.63,5.92,9.56,0.31,0.55,7.13,8.34
2015-08-08,14.38,6.44,9.91,0.15,0.55,6.17,8.12
2015-08-09,15.12,6.42,9.92,0.0,0.55,3.85,8.96
2015-08-10,15.55,4.23,9.46,0.82,0.55,4.28,11.19
2015-08-11,15.62,2.34,8.81,0.08,0.55,2.4,14.41
2015-08-12,11.22,4.74,7.84,1.88,0.55,4.92,10.69
2015-08-13,13.44,5.19,8.8,0.96,0.55,6.89,10.68
2015-08-14,13.56,5.35,9.62,0.45,0.55,7.87,9.5
2015-08-15,17.74,7.5,11.0,0.04,0.55,7.16,10.55
2015-08-16,16.28,5.67,10.24,0.02,0.55,5.18,13.09
2015-08-17,13.23,3.08,8.71,1.37,0.55,5.3,11.82
2015-08-18,12.86,0.36,6.92,0.07,0.55,1.71,12.91
2015-08-19,14.71,3.62,8.62,0.0,0.55,1.32,15.86
2015-08-20,19.91,4.63,11.85,0.01,0.55,3.3,15.18
2015-08-21,17.15,9.31,13.39,0.01,0.54,4.76,5.36
2015-08-22,19.07,5.8,12.22,0.19,0.54,7.82,14.34
2015-08-23,16.56,5.26,10.61,0.32,0.54,6.43,13.68
2015-08-24,12.98,7.29,9.55,0.36,0.54,4.77,11.97
2015-08-25,15.39,6.43,10.11,0.0,0.54,5.07,12.46
2015-08-26,16.28,5.7,11.05,0.19,0.54,5.56,9.58
2015-08-27,14.18,5.62,9.98,0.58,0.54,6.41,13.97
2015-08-28,16.36,6.44,10.05,0.18,0.54,5.56,15.3
2015-08-29,14.8,2.0,7.95,0.53,0.54,1.79,18.17
2015-08-30,16.0,3.57,8.48,0.2,0.54,4.37,17.32
2015-08-31,16.3,1.99,8.4,0.0,0.54,3.71,18.53
2015-09-01,19.6,1.58,10.41,0.0,0.53,3.71,17.15
2015-09-02,17.26,5.88,9.93,9.37,0.54,5.54,3.15
2015-09-03,18.0,6.02,11.3,0.26,0.55,7.55,9.76
2015-09-04,16.37,3.07,9.09,0.0,0.55,2.87,18.94
2015-09-05,17.31,4.07,10.65,0.01,0.54,4.14,18.03
2015-09-06,18.62,7.03,11.15,6.27,0.54,5.28,12.64
2015-09-07,13.9,5.1,9.36,0.57,0.55,3.46,16.75
2015-09-08,16.29,7.43,11.0,2.9,0.56,7.88,14.38
2015-09-09,18.94,6.23,11.49,0.05,0.55,7.23,11.73
2015-09-10,18.47,4.27,11.36,0.09,0.55,4.74,19.34
2015-09-11,20.94,4.0,12.35,0.03,0.55,5.26,20.3
2015-09-12,23.67,6.82,14.84,0.0,0.55,5.32,16.32
2015-09-13,26.68,8.48,16.93,0.02,0.54,5.96,19.85
2015-09-14,29.92,10.26,18.86,1.84,0.54,7.26,18.48
2015-09-15,18.14,7.85,12.54,1.96,0.54,6.56,17.77
2015-09-16,18.89,4.17,11.34,0.2,0.54,4.95,17.76
2015-09-17,18.39,6.1,11.42,0.08,0.54,6.15,16.7
2015-09-18,18.81,5.36,11.62,0.12,0.54,6.68,13.2
2015-09-19,21.27,5.2,13.51,0.01,0.54,5.7,20.58
2015-09-20,23.81,6.45,14.92,0.0,0.53,5.44,21.88
2015-09-21,17.45,7.88,12.45,0.26,0.53,4.94,15.35
2015-09-22,16.29,4.87,9.87,0.19,0.53,2.19,21.39
2015-09-23,17.49,2.69,9.62,0.0,0.53,0.55,23.29
2015-09-24,18.94,3.72,10.82,0.0,0.53,3.14,22.59
2015-09-25,19.88,4.55,11.49,0.03,0.53,3.54,23.33
2015-09-26,22.66,4.82,13.99,0.0,0.52,4.3,23.23
2015-09-27,24.42,6.65,16.13,0.0,0.52,3.87,23.98
2015-09-28,23.04,7.35,14.82,0.0,0.52,3.6,19.06
2015-09-29,19.82,3.33,11.76,0.0,0.52,4.35,24.0
2015-09-30,20.59,6.72,12.75,0.0,0.52,4.74,23.43
2015-10-01,25.95,8.29,15.99,0.0,0.51,3.56,24.09
2015-10-02,29.99,7.57,18.34,0.0,0.51,6.01,24.09
2015-10-03,32.99,11.15,21.43,0.03,0.51,3.06,24.97
2015-10-04,33.24,12.88,22.18,0.0,0.5,6.31,23.73
2015-10-05,36.54,13.4,24.56,0.0,0.5,5.87,23.6
2015-10-06,34.84,14.11,22.87,0.0,0.5,4.37,22.8
2015-10-07,23.69,8.99,15.68,0.0,0.49,1.35,23.85
2015-10-08,27.22,7.57,16.99,0.0,0.49,4.55,23.36
2015-10-09,33.17,13.87,22.55,0.15,0.49,9.81,19.9
2015-10-10,32.21,15.76,22.88,1.11,0.49,12.49,18.67
2015-10-11,29.25,15.77,21.91,0.16,0.49,12.17,24.71
2015-10-12,23.12,11.65,16.3,0.0,0.49,6.16,24.85
2015-10-13,23.92,7.47,15.36,0.01,0.49,3.28,27.27
2015-10-14,30.66,8.74,20.08,0.0,0.48,4.75,27.56
2015-10-15,36.04,12.57,24.35,0.0,0.48,1.0,22.62
2015-10-16,28.28,17.16,22.6,0.01,0.48,10.27,13.39
2015-10-17,28.74,13.89,20.17,0.01,0.48,2.61,17.26
2015-10-18,29.05,9.12,18.76,0.49,0.48,4.5,27.38
2015-10-19,32.87,9.74,21.95,0.0,0.48,1.29,27.27
2015-10-20,35.56,17.41,24.18,3.06,0.48,8.05,12.16
2015-10-21,25.72,13.04,19.86,0.03,0.48,11.3,16.44
2015-10-22,24.65,7.44,15.6,0.0,0.48,3.7,28.12
2015-10-23,25.02,7.03,15.76,0.0,0.48,2.13,25.95
2015-10-24,28.86,7.44,18.98,0.0,0.48,4.0,23.87
2015-10-25,33.83,15.22,22.83,0.01,0.48,5.44,18.53
2015-10-26,23.95,11.73,17.55,0.01,0.48,6.52,21.09
2015-10-27,27.78,10.7,18.75,0.0,0.48,6.36,28.13
2015-10-28,27.19,13.11,20.35,0.0,0.48,6.48,18.16
2015-10-29,31.33,11.86,22.04,0.0,0.48,2.37,28.48
2015-10-30,31.6,16.85,23.68,0.57,0.48,4.64,20.02
2015-10-31,34.37,16.01,25.25,0.17,0.48,11.7,25.95
2015-11-01,23.55,14.88,19.38,1.13,0.48,8.62,15.58
2015-11-02,27.56,12.63,19.88,0.04,0.48,8.47,22.4
2015-11-03,27.03,10.77,19.12,0.0,0.48,5.53,20.5
2015-11-04,27.05,14.37,19.84,5.87,0.48,11.82,10.24
2015-11-05,24.27,16.63,20.03,8.74,0.5,15.41,17.41
2015-11-06,26.85,14.23,19.57,0.29,0.5,12.33,20.17
2015-11-07,25.86,9.27,17.04,0.0,0.5,4.05,28.91
2015-11-08,29.9,8.92,19.78,0.0,0.5,4.07,27.92
2015-11-09,35.62,14.02,25.73,0.0,0.49,7.2,28.66
2015-11-10,24.85,13.12,19.94,0.34,0.49,11.85,14.58
2015-11-11,23.79,9.37,17.58,0.0,0.49,6.08,20.57
2015-11-12,29.56,14.04,22.17,0.65,0.49,9.54,21.32
2015-11-13,27.3,10.78,18.83,0.01,0.49,6.28,31.5
2015-11-14,26.02,8.43,17.42,0.0,0.48,5.2,31.13
2015-11-15,28.04,9.64,18.75,0.0,0.48,4.08,32.19
2015-11-16,31.74,10.37,22.21,0.0,0.48,7.44,28.43
2015-11-17,35.09,17.68,26.16,0.0,0.48,4.66,30.02
2015-11-18,39.54,16.89,28.73,0.0,0.48,5.09,30.23
2015-11-19,39.67,22.37,31.0,0.16,0.48,11.52,29.49
2015-11-20,29.16,15.56,22.13,0.18,0.48,7.2,22.94
2015-11-21,27.02,11.48,18.79,0.0,0.48,3.95,31.6
2015-11-22,27.04,9.34,18.41,0.0,0.48,3.53,32.81
2015-11-23,27.49,11.33,19.34,0.01,0.48,5.65,29.14
2015-11-24,29.21,10.67,20.14,0.0,0.48,3.43,32.95
2015-11-25,36.79,14.54,25.33,0.47,0.48,1.77,26.25
2015-11-26,21.64,10.5,15.85,0.14,0.48,-0.26,33.14
2015-11-27,24.21,6.7,16.04,0.12,0.48,1.69,32.24
2015-11-28,27.57,10.3,19.04,0.0,0.48,4.3,29.61
2015-11-29,26.78,12.29,19.31,0.06,0.47,4.21,30.58
2015-11-30,34.17,13.03,24.29,0.31,0.47,5.62,22.47
2015-12-01,26.04,11.96,18.22,0.34,0.48,5.14,27.25
2015-12-02,24.4,7.83,16.46,0.0,0.48,0.47,33.13
2015-12-03,31.15,9.85,20.92,0.0,0.47,2.97,33.78
2015-12-04,35.51,12.93,25.09,0.0,0.47,3.1,33.09
2015-12-05,38.54,18.72,29.22,0.0,0.47,2.27,32.95
2015-12-06,39.28,22.44,30.94,0.0,0.47,5.78,23.95
2015-12-07,36.4,22.63,28.32,0.09,0.47,11.21,17.03
2015-12-08,37.05,18.99,28.21,1.43,0.48,11.67,31.34
2015-12-09,31.17,15.53,23.16,0.0,0.48,9.35,32.65
2015-12-10,31.2,14.1,22.85,0.0,0.47,4.58,32.95
2015-12-11,25.26,12.35,18.46,0.01,0.47,4.37,29.67
2015-12-12,26.16,8.17,17.98,0.0,0.47,-0.87,34.31
2015-12-13,31.47,13.86,23.48,0.0,0.47,-3.8,29.75
2015-12-14,36.4,17.53,26.97,0.0,0.47,-1.8,30.49
2015-12-15,36.3,17.8,27.34,0.0,0.47,5.55,26.39
2015-12-16,36.74,18.63,27.96,0.0,0.47,6.09,32.3
2015-12-17,39.6,17.72,29.71,0.0,0.47,5.37,33.16
2015-12-18,42.42,23.85,33.84,0.0,0.47,5.64,28.38
2015-12-19,42.26,28.15,35.08,0.1,0.47,7.0,25.15
2015-12-20,38.52,17.69,28.43,1.23,0.47,9.39,15.41
2015-12-21,27.92,14.44,21.13,0.0,0.47,5.34,22.53
2015-12-22,32.39,13.26,22.64,0.02,0.47,1.04,33.37
2015-12-23,34.52,14.1,25.18,0.0,0.47,0.81,33.72
2015-12-24,36.4,18.59,28.47,0.0,0.47,6.63,34.02
2015-12-25,36.52,20.82,29.62,0.68,0.47,8.27,30.57
2015-12-26,26.69,12.09,19.42,4.67,0.48,5.29,32.54
2015-12-27,26.85,9.83,18.64,0.02,0.48,3.19,34.44
2015-12-28,30.93,11.79,21.65,0.0,0.48,3.27,34.48
2015-12-29,34.9,13.95,25.01,0.0,0.48,2.03,34.18
2015-12-30,37.07,15.49,27.75,0.0,0.48,3.59,27.83
2015-12-31,40.44,22.51,31.77,0.0,0.48,3.09,21.22
2016-01-01,37.32,24.73,30.81,0.0,0.48,6.4,18.0
2016-01-02,34.77,18.75,26.31,0.0,0.47,10.4,26.56
2016-01-03,27.66,19.81,23.66,4.03,0.48,14.2,23.63
2016-01-04,30.98,18.36,24.48,0.72,0.48,11.34,23.76
2016-01-05,32.2,16.71,24.96,0.13,0.48,10.65,31.23
2016-01-06,32.82,17.41,24.92,0.0,0.48,11.01,31.8
2016-01-07,32.65,15.97,24.23,0.0,0.48,7.41,33.49
2016-01-08,31.99,14.14,24.06,0.0,0.48,4.91,29.86
2016-01-09,32.54,17.51,25.72,0.0,0.48,7.16,31.81
2016-01-10,39.32,16.99,28.7,0.0,0.48,5.64,29.52
2016-01-11,41.17,23.14,30.21,0.27,0.48,9.62,19.74
2016-01-12,39.3,21.17,30.5,0.0,0.47,13.58,31.76
2016-01-13,44.46,24.98,34.02,0.17,0.47,10.25,26.67
2016-01-14,24.87,13.98,21.01,0.12,0.47,5.7,15.0
2016-01-15,28.31,11.32,19.53,0.07,0.47,2.26,33.79
2016-01-16,31.85,12.08,22.63,0.01,0.47,3.85,31.56
2016-01-17,34.59,19.38,27.14,0.0,0.47,4.95,32.42
2016-01-18,38.48,21.24,30.32,0.0,0.47,4.58,31.87
2016-01-19,40.51,20.56,31.65,0.17,0.47,7.1,23.38
2016-01-20,39.93,26.37,31.83,0.24,0.47,14.99,23.82
2016-01-21,35.13,22.19,28.5,0.0,0.47,12.25,19.98
2016-01-22,31.14,20.68,25.9,10.93,0.48,16.84,14.61
2016-01-23,30.97,17.4,23.93,0.26,0.49,13.15,28.1
2016-01-24,31.0,14.91,22.89,0.01,0.49,11.52,30.08
2016-01-25,32.26,15.63,23.65,0.0,0.48,9.39,31.63
2016-01-26,34.62,14.93,25.15,0.0,0.48,9.17,28.73
2016-01-27,35.92,20.37,28.24,0.81,0.48,12.2,27.32
2016-01-28,31.03,16.68,24.15,1.62,0.48,11.68,30.63
2016-01-29,24.05,13.17,18.38,0.13,0.48,5.84,25.61
2016-01-30,21.51,15.39,17.59,1.91,0.48,6.78,16.91
2016-01-31,19.48,13.69,16.24,21.81,0.5,9.86,9.81
2016-02-01,27.68,10.28,19.8,0.08,0.52,9.25,30.15
2016-02-02,24.92,15.17,20.33,0.65,0.52,11.31,15.7
2016-02-03,28.44,14.91,21.35,0.06,0.52,11.32,27.46
2016-02-04,30.7,11.84,20.49,0.0,0.51,7.77,31.53
2016-02-05,32.31,13.38,22.96,0.0,0.51,11.31,30.72
2016-02-06,32.79,15.71,24.42,0.0,0.5,11.47,30.75
2016-02-07,34.87,19.19,27.19,0.0,0.5,11.57,30.02
2016-02-08,34.63,17.15,25.51,0.0,0.49,11.7,29.91
2016-02-09,33.65,14.03,23.73,0.0,0.49,8.3,30.84
2016-02-10,34.5,15.25,24.97,0.0,0.49,9.53,27.83
2016-02-11,34.69,15.95,25.39,0.0,0.48,9.39,29.49
2016-02-12,35.59,17.3,27.05,0.0,0.48,9.4,28.98
2016-02-13,37.46,20.84,28.54,0.0,0.48,6.58,23.12
2016-02-14,28.55,15.87,21.82,0.0,0.48,8.31,29.11
2016-02-15,27.8,13.44,20.71,0.01,0.48,7.96,28.84
2016-02-16,25.74,13.92,19.0,0.13,0.48,5.35,28.33
2016-02-17,26.61,11.3,19.1,0.0,0.48,9.25,27.72
2016-02-18,29.91,13.47,21.74,0.01,0.48,11.59,28.16
2016-02-19,28.62,15.38,21.61,0.01,0.48,11.15,23.26
2016-02-20,28.87,11.91,20.18,0.0,0.48,4.96,29.03
2016-02-21,33.21,12.43,23.32,0.0,0.48,5.75,28.94
2016-02-22,36.93,20.54,28.21,0.0,0.48,3.28,23.81
2016-02-23,43.15,22.2,32.33,0.55,0.48,9.68,23.32
2016-02-24,36.11,24.74,29.8,1.2,0.48,14.49,24.14
2016-02-25,31.83,18.34,25.24,1.5,0.48,13.54,24.22
2016-02-26,29.15,13.52,21.37,0.0,0.48,9.18,27.48
2016-02-27,30.98,14.69,22.65,0.0,0.48,9.83,27.12
2016-02-28,30.68,15.09,22.6,0.0,0.48,7.89,27.34
2016-02-29,29.08,14.88,21.92,0.0,0.48,8.59,24.4
2016-03-01,35.85,14.56,26.04,0.0,0.48,5.41,25.78
2016-03-02,39.11,20.11,29.69,1.08,0.48,4.47,25.77
2016-03-03,36.11,19.69,26.53,0.0,0.48,11.48,23.13
2016-03-04,38.22,21.91,29.54,0.05,0.48,11.49,23.65
2016-03-05,39.73,19.83,29.81,0.03,0.48,12.09,20.77
2016-03-06,40.98,22.51,30.85,0.02,0.48,13.23,20.45
2016-03-07,40.22,22.65,31.7,0.02,0.47,13.06,23.03
2016-03-08,40.47,24.71,32.65,0.0,0.47,9.82,23.58
2016-03-09,35.33,26.3,29.97,0.19,0.47,12.65,18.26
2016-03-10,30.51,21.87,25.57,9.9,0.48,18.13,8.92
2016-03-11,33.06,19.75,25.94,0.2,0.49,17.85,22.55
2016-03-12,31.58,20.11,25.5,0.0,0.49,16.84,18.29
2016-03-13,33.18,18.38,25.69,0.0,0.49,15.24,22.37
2016-03-14,31.66,17.64,23.77,0.01,0.48,10.95,20.87
2016-03-15,30.87,15.17,22.47,0.0,0.48,9.56,23.05
2016-03-16,33.58,16.24,25.41,0.0,0.48,12.17,22.35
2016-03-17,33.37,20.74,27.45,2.34,0.48,13.64,19.83
2016-03-18,25.54,11.52,18.18,6.52,0.49,8.49,19.76
2016-03-19,22.48,9.8,15.64,0.14,0.49,6.73,15.05
2016-03-20,23.27,9.85,15.91,0.0,0.49,4.88,22.74
2016-03-21,26.0,10.46,17.49,0.0,0.49,6.99,23.13
2016-03-22,28.12,11.0,19.69,0.0,0.49,7.21,22.98
2016-03-23,28.35,14.84,21.04,0.0,0.48,6.36,12.39
2016-03-24,28.8,16.03,21.88,0.02,0.48,12.22,17.59
2016-03-25,26.02,14.84,19.84,0.02,0.48,8.88,21.63
2016-03-26,25.29,11.34,17.99,0.01,0.48,9.71,20.69
2016-03-27,24.14,11.03,17.06,0.0,0.48,7.1,19.22
2016-03-28,21.3,11.87,16.07,0.0,0.48,5.53,13.46
2016-03-29,23.87,10.56,16.82,0.01,0.48,6.27,17.54
2016-03-30,22.58,9.59,15.78,0.01,0.48,4.46,20.95
2016-03-31,25.0,9.26,17.36,0.0,0.48,8.3,19.45
2016-04-01,26.12,13.86,19.5,0.0,0.48,6.05,13.32
2016-04-02,25.03,12.65,18.71,0.0,0.48,5.63,20.11
2016-04-03,23.93,8.63,15.72,0.0,0.48,3.6,19.98
2016-04-04,25.93,8.78,17.52,0.0,0.48,3.69,20.42
2016-04-05,31.47,12.28,21.2,0.11,0.48,2.34,18.37
2016-04-06,20.71,10.52,16.02,1.93,0.48,9.36,7.83
2016-04-07,20.64,6.94,13.56,0.0,0.48,3.44,16.16
2016-04-08,22.03,9.71,15.75,0.0,0.48,5.21,17.78
2016-04-09,23.75,9.75,16.6,0.0,0.48,8.09,15.41
2016-04-10,24.16,11.53,17.28,0.14,0.48,9.81,15.49
2016-04-11,24.48,12.18,17.23,0.1,0.48,10.04,16.68
2016-04-12,23.82,10.47,16.39,0.19,0.48,8.66,17.44
2016-04-13,23.79,9.93,16.68,0.19,0.48,8.17,16.59
2016-04-14,26.62,9.76,18.18,0.0,0.48,7.52,15.72
2016-04-15,27.93,13.87,20.32,0.0,0.48,6.65,15.25
2016-04-16,26.91,11.74,18.84,0.0,0.48,7.37,16.24
2016-04-17,23.03,10.87,15.74,0.0,0.48,4.58,17.62
2016-04-18,25.59,8.0,16.78,0.0,0.48,4.38,16.59
2016-04-19,25.86,11.96,18.81,0.0,0.48,3.61,15.18
2016-04-20,28.81,14.5,21.19,0.0,0.48,6.77,11.08
2016-04-21,25.28,14.78,19.83,0.28,0.48,11.78,8.81
2016-04-22,22.06,10.82,15.4,0.14,0.48,5.51,16.7
2016-04-23,23.28,7.51,14.7,0.0,0.48,6.38,16.56
2016-04-24,24.94,8.63,16.11,0.0,0.48,4.39,16.59
2016-04-25,26.79,9.36,17.18,0.0,0.48,3.26,16.28
2016-04-26,27.36,10.24,18.19,0.0,0.48,2.59,16.3
2016-04-27,28.08,14.73,20.89,0.0,0.48,5.17,11.4
2016-04-28,26.64,15.4,20.74,0.0,0.48,5.62,8.25
2016-04-29,19.68,15.6,17.88,7.49,0.49,13.67,6.37
2016-04-30,25.87,12.57,18.75,2.63,0.49,12.23,13.89
2016-05-01,18.5,8.11,14.11,2.11,0.5,7.08,13.58
2016-05-02,18.48,7.01,12.62,0.01,0.5,4.51,12.14
2016-05-03,18.56,9.41,13.52,1.89,0.49,8.09,9.17
2016-05-04,17.48,6.55,12.25,0.11,0.5,7.42,9.64
2016-05-05,22.91,9.62,15.19,0.0,0.49,7.46,13.88
2016-05-06,26.09,10.3,16.59,0.0,0.49,6.3,14.24
2016-05-07,26.79,10.8,17.4,0.0,0.49,6.11,9.96
2016-05-08,18.85,14.18,16.57,1.07,0.49,13.93,2.4
2016-05-09,19.13,14.25,16.94,5.72,0.5,11.29,10.18
2016-05-10,19.33,12.73,14.95,0.64,0.5,8.08,11.72
2016-05-11,16.95,12.47,14.41,0.98,0.5,8.17,8.25
2016-05-12,22.17,12.62,16.73,0.63,0.5,12.42,8.71
2016-05-13,21.91,9.9,15.0,0.19,0.5,10.01,12.95
2016-05-14,23.61,9.03,14.99,0.01,0.5,6.72,12.49
2016-05-15,21.96,8.59,13.92,0.05,0.5,6.42,12.1
2016-05-16,20.47,8.09,14.23,0.84,0.49,8.1,6.54
2016-05-17,19.69,9.18,13.56,0.05,0.49,8.23,10.63
2016-05-18,18.11,9.89,13.07,0.0,0.49,6.91,10.39
2016-05-19,19.1,9.2,13.61,0.43,0.49,10.08,9.9
2016-05-20,19.43,10.24,14.34,0.83,0.49,10.63,8.62
2016-05-21,17.55,10.58,13.47,0.0,0.49,10.18,7.24
2016-05-22,23.78,9.11,15.41,3.71,0.49,8.26,10.79
2016-05-23,17.11,9.59,13.13,0.18,0.5,7.66,11.9
2016-05-24,17.29,8.56,12.23,1.97,0.5,9.37,10.37
2016-05-25,15.0,6.63,10.18,3.72,0.5,4.35,2.91
2016-05-26,15.53,6.44,10.91,6.45,0.52,6.62,10.35
2016-05-27,13.99,4.46,9.08,5.26,0.52,7.24,7.5
2016-05-28,14.63,4.88,9.29,1.51,0.53,5.43,10.23
2016-05-29,13.94,3.04,7.58,0.0,0.53,3.37,9.41
2016-05-30,13.89,1.94,7.02,0.0,0.52,2.05,10.81
2016-05-31,14.67,2.29,7.32,0.0,0.52,2.33,10.46
2016-06-01,14.25,5.3,7.89,0.0,0.52,5.83,10.89
2016-06-02,15.91,6.17,9.93,0.0,0.52,7.22,9.88
2016-06-03,15.38,7.34,10.69,0.47,0.52,7.66,6.55
2016-06-04,15.52,9.16,11.41,0.54,0.52,9.29,4.98
2016-06-05,15.01,7.27,10.58,0.11,0.52,7.57,6.41
2016-06-06,14.24,6.43,9.82,0.75,0.52,6.75,8.69
2016-06-07,15.89,7.07,11.38,1.78,0.52,8.6,7.28
2016-06-08,13.89,7.83,10.77,3.12,0.52,9.02,3.62
2016-06-09,15.03,7.82,10.73,3.31,0.53,8.56,6.44
2016-06-10,15.93,6.49,10.7,2.12,0.53,7.37,7.73
2016-06-11,14.69,4.15,8.77,0.42,0.54,4.86,9.42
2016-06-12,13.01,2.06,7.17,0.0,0.53,0.61,11.24
2016-06-13,13.35,0.11,6.03,0.0,0.53,0.34,11.42
2016-06-14,17.5,2.95,8.82,0.0,0.53,4.94,10.57
2016-06-15,15.86,3.36,8.33,0.0,0.53,5.19,11.1
2016-06-16,12.04,4.68,8.55,3.41,0.53,7.04,2.06
2016-06-17,15.87,10.24,12.53,0.73,0.54,10.52,4.36
2016-06-18,14.67,8.19,11.28,0.85,0.54,9.08,5.21
2016-06-19,12.92,5.32,8.41,0.0,0.54,6.47,6.82
2016-06-20,15.6,7.05,10.41,0.14,0.54,8.08,6.94
2016-06-21,15.68,6.6,10.17,2.31,0.54,6.88,4.12
2016-06-22,15.19,6.94,9.98,3.57,0.55,6.33,9.56
2016-06-23,14.81,5.63,9.05,5.47,0.55,5.59,7.23
2016-06-24,9.17,2.04,5.64,2.55,0.56,2.67,10.18
2016-06-25,12.09,0.67,5.53,0.01,0.56,1.41,9.62
2016-06-26,9.75,0.23,4.82,0.0,0.56,0.49,5.94
2016-06-27,10.44,2.56,5.84,0.01,0.55,3.23,8.36
2016-06-28,15.03,1.54,7.34,0.14,0.55,5.32,9.93
2016-06-29,15.23,2.8,7.97,0.01,0.55,2.36,9.31
2016-06-30,12.13,4.03,7.2,6.5,0.55,3.67,6.67
2016-07-01,13.01,3.72,8.05,0.19,0.56,4.92,7.98
2016-07-02,15.26,8.02,10.71,0.52,0.56,8.12,7.71
2016-07-03,14.55,6.08,10.07,0.17,0.56,7.38,7.69
2016-07-04,10.95,7.32,8.85,4.33,0.56,5.86,4.25
2016-07-05,12.23,6.42,8.43,2.7,0.57,6.38,6.88
2016-07-06,16.06,6.94,10.12,0.19,0.57,7.24,10.22
2016-07-07,14.2,5.78,9.92,0.63,0.57,7.96,8.49
2016-07-08,15.03,7.02,10.63,0.34,0.57,7.62,7.7
2016-07-09,15.22,4.95,9.34,0.0,0.57,5.06,9.2
2016-07-10,10.47,7.19,9.03,7.81,0.57,7.7,2.23
2016-07-11,15.28,7.29,11.09,0.29,0.58,6.99,9.92
2016-07-12,11.01,5.11,8.88,3.94,0.58,3.81,9.04
2016-07-13,11.62,4.14,6.83,1.55,0.58,2.61,10.57
2016-07-14,11.97,2.3,7.04,0.73,0.58,4.94,9.51
2016-07-15,14.99,4.87,9.49,0.53,0.58,5.86,9.26
2016-07-16,14.55,3.84,8.22,0.02,0.58,4.39,12.12
2016-07-17,16.32,2.02,8.24,0.0,0.58,5.14,11.55
2016-07-18,19.37,6.4,11.93,0.09,0.58,7.89,6.7
2016-07-19,19.11,7.45,12.13,0.07,0.58,8.99,10.2
2016-07-20,16.25,8.21,11.37,0.4,0.58,9.03,6.18
2016-07-21,20.39,7.93,13.54,0.41,0.58,10.11,7.68
2016-07-22,17.28,9.04,14.38,5.26,0.58,9.28,4.94
2016-07-23,11.35,3.0,7.52,1.48,0.58,2.2,11.34
2016-07-24,12.66,2.12,6.87,2.58,0.58,3.56,8.39
2016-07-25,13.45,5.9,9.58,4.62,0.59,5.82,10.04
2016-07-26,12.04,2.58,7.42,1.29,0.59,2.56,8.99
2016-07-27,13.37,4.97,8.97,0.16,0.59,4.87,10.02
2016-07-28,13.82,4.21,8.52,0.29,0.59,5.96,7.17
2016-07-29,13.38,5.41,9.03,0.69,0.59,7.15,7.21
2016-07-30,17.04,5.71,10.36,1.07,0.59,5.65,9.32
2016-07-31,17.03,6.74,12.0,0.45,0.59,8.64,12.59
2016-08-01,12.67,6.69,10.44,6.98,0.6,8.34,4.73
2016-08-02,13.5,3.98,7.96,0.01,0.6,4.75,12.55
2016-08-03,14.49,5.26,8.61,0.1,0.6,5.63,10.22
2016-08-04,14.86,4.71,8.66,0.04,0.6,4.1,11.49
2016-08-05,15.85,1.9,8.68,0.0,0.59,3.8,12.31
2016-08-06,15.82,5.36,9.59,0.0,0.59,4.69,10.45
2016-08-07,15.89,3.37,8.98,0.0,0.59,3.28,13.79
2016-08-08,17.89,3.19,9.58,0.0,0.59,3.57,11.24
2016-08-09,21.4,8.81,13.13,1.41,0.59,5.68,4.61
2016-08-10,13.64,6.08,9.84,2.63,0.59,6.5,10.88
2016-08-11,12.36,4.71,7.68,0.19,0.59,4.52,13.07
2016-08-12,14.51,4.66,9.31,0.26,0.59,4.45,11.5
2016-08-13,16.5,4.26,9.64,0.46,0.59,6.25,13.1
2016-08-14,16.08,5.55,10.29,0.23,0.59,6.48,10.35
2016-08-15,17.76,2.98,9.69,0.0,0.58,4.73,15.86
2016-08-16,20.91,4.38,11.61,0.0,0.58,4.27,15.85
2016-08-17,19.62,7.83,12.94,0.15,0.58,8.4,14.27
2016-08-18,22.84,7.44,15.01,0.01,0.58,6.35,15.94
2016-08-19,16.46,5.76,10.83,4.65,0.58,6.06,8.86
2016-08-20,13.89,4.22,8.63,1.36,0.58,4.64,13.23
2016-08-21,16.17,5.31,10.36,0.48,0.58,5.47,13.06
2016-08-22,14.7,5.38,10.03,2.19,0.58,3.54,11.8
2016-08-23,16.13,3.06,9.49,0.02,0.58,3.63,14.78
2016-08-24,15.0,3.47,8.2,0.14,0.58,3.32,16.35
2016-08-25,13.82,2.66,6.86,0.32,0.58,3.3,15.82
2016-08-26,14.31,1.99,7.49,0.03,0.58,3.06,16.18
2016-08-27,16.23,2.01,8.93,0.0,0.58,2.27,14.78
2016-08-28,20.3,5.2,11.76,0.0,0.57,2.22,15.42
2016-08-29,21.59,6.56,13.48,0.0,0.57,3.13,14.81
2016-08-30,14.85,10.12,12.26,3.44,0.57,8.17,4.84
2016-08-31,18.22,8.69,12.58,0.61,0.57,9.29,12.32
2016-09-01,17.58,7.85,11.91,1.19,0.57,8.17,11.84
2016-09-02,14.89,6.17,10.29,0.23,0.57,6.9,13.01
2016-09-03,15.52,6.12,9.85,1.44,0.57,6.48,13.61
2016-09-04,17.33,5.18,10.38,0.15,0.57,6.25,14.5
2016-09-05,19.89,7.26,12.87,0.04,0.57,8.11,17.14
2016-09-06,21.61,5.44,13.35,0.0,0.57,8.29,16.8
2016-09-07,22.81,7.86,14.9,0.0,0.56,8.62,19.49
2016-09-08,24.07,11.26,17.36,5.99,0.56,10.1,14.9
2016-09-09,15.65,9.7,13.95,10.38,0.58,11.73,12.07
2016-09-10,16.9,7.52,11.3,0.15,0.58,6.97,14.38
2016-09-11,15.37,5.23,10.88,0.07,0.58,6.75,11.98
2016-09-12,18.21,7.49,12.47,0.53,0.58,7.49,15.2
2016-09-13,15.86,8.11,11.72,21.21,0.59,10.4,4.98
2016-09-14,10.85,6.91,8.44,4.78,0.62,7.07,8.95
2016-09-15,15.7,5.66,9.63,0.27,0.62,6.75,11.47
2016-09-16,16.64,5.13,10.57,0.14,0.61,6.25,17.62
2016-09-17,21.05,7.35,14.0,0.06,0.61,5.55,18.14
2016-09-18,14.75,4.51,9.89,1.03,0.61,6.08,13.9
2016-09-19,15.7,2.8,8.62,0.21,0.6,4.11,19.95
2016-09-20,20.28,4.67,12.37,0.41,0.6,4.91,17.16
2016-09-21,15.64,9.18,11.66,1.77,0.6,8.78,11.96
2016-09-22,16.33,6.77,10.59,0.04,0.6,5.04,20.81
2016-09-23,18.04,3.14,10.49,0.0,0.6,5.37,21.81
2016-09-24,16.88,4.72,11.07,5.47,0.59,5.9,10.1
2016-09-25,16.47,5.27,10.81,0.35,0.6,5.47,19.85
2016-09-26,19.13,6.23,11.97,1.91,0.6,5.81,17.87
2016-09-27,17.61,4.4,10.66,0.1,0.6,4.74,21.24
2016-09-28,20.77,5.42,13.78,10.84,0.59,5.21,17.9
2016-09-29,12.18,7.2,9.21,4.76,0.61,6.34,10.65
2016-09-30,15.5,5.67,9.89,3.61,0.61,7.42,11.48
2016-10-01,18.13,7.43,11.9,0.9,0.61,6.91,16.64
2016-10-02,24.2,8.06,14.91,8.66,0.61,8.17,8.01
2016-10-03,13.59,6.44,9.87,1.52,0.62,5.9,18.46
2016-10-04,15.46,6.09,9.98,6.2,0.63,5.44,17.59
2016-10-05,19.48,4.08,11.53,0.04,0.62,5.99,23.01
2016-10-06,26.85,7.0,16.87,0.07,0.62,9.16,24.83
2016-10-07,26.25,12.29,18.44,0.0,0.61,8.68,9.73
2016-10-08,20.58,7.26,13.7,0.0,0.6,5.82,25.81
2016-10-09,30.93,10.93,17.06,0.69,0.6,8.02,16.86
2016-10-10,17.16,7.49,12.16,0.45,0.59,4.24,17.01
2016-10-11,16.4,5.15,10.44,0.71,0.59,4.58,18.17
2016-10-12,18.31,5.6,11.53,0.84,0.59,7.22,18.57
2016-10-13,19.52,3.87,11.71,0.0,0.59,4.02,26.98
2016-10-14,23.23,3.44,13.33,0.0,0.58,3.66,27.84
2016-10-15,26.36,7.79,16.79,0.0,0.58,5.31,25.56
2016-10-16,20.56,9.28,14.43,8.33,0.58,8.13,10.89
2016-10-17,19.01,7.03,12.44,0.78,0.59,6.11,21.27
2016-10-18,17.15,5.81,11.51,1.91,0.58,5.57,18.94
2016-10-19,18.13,2.55,10.7,0.01,0.58,1.63,27.82
2016-10-20,26.24,6.48,16.4,0.01,0.58,3.76,27.75
2016-10-21,15.5,6.24,12.12,6.02,0.58,7.42,9.75
2016-10-22,15.72,3.22,9.18,0.18,0.58,2.44,25.06
2016-10-23,18.43,2.82,10.28,0.03,0.58,2.93,28.31
2016-10-24,21.83,2.99,13.05,0.0,0.58,4.58,28.53
2016-10-25,28.14,9.07,18.35,0.0,0.57,3.71,26.27
2016-10-26,22.69,9.63,17.08,0.58,0.57,7.91,24.11
2016-10-27,21.24,6.63,13.32,0.07,0.56,4.18,29.19
2016-10-28,23.8,4.54,14.32,0.0,0.56,3.9,29.82
2016-10-29,28.12,6.34,17.55,0.0,0.55,4.32,28.22
2016-10-30,24.5,7.48,17.18,1.3,0.55,4.04,21.63
2016-10-31,19.71,4.73,12.47,0.03,0.55,2.25,25.65
2016-11-01,19.83,5.68,12.97,1.52,0.55,5.1,21.52
2016-11-02,22.93,5.84,14.39,0.0,0.54,5.69,28.9
2016-11-03,25.22,6.13,16.15,0.0,0.54,6.35,30.55
2016-11-04,30.0,9.74,19.38,0.09,0.54,3.91,30.46
2016-11-05,21.97,8.28,14.54,0.03,0.53,2.59,29.56
2016-11-06,25.32,9.06,16.88,0.0,0.53,7.99,26.05
2016-11-07,27.64,13.73,19.78,0.18,0.53,6.86,17.76
2016-11-08,23.41,8.69,15.96,0.01,0.52,5.06,26.54
2016-11-09,25.08,8.0,16.64,0.0,0.52,7.22,30.38
2016-11-10,26.47,9.06,17.73,0.0,0.52,7.93,29.9
2016-11-11,31.28,9.02,20.3,7.28,0.52,8.53,25.12
2016-11-12,23.62,12.3,17.91,0.37,0.53,10.17,23.91
2016-11-13,18.39,10.52,13.53,4.23,0.53,8.82,12.32
2016-11-14,21.89,9.36,14.91,0.14,0.53,6.14,22.02
2016-11-15,24.43,7.88,16.02,0.02,0.53,7.72,28.58
2016-11-16,28.21,8.69,18.91,0.0,0.52,8.13,31.37
2016-11-17,33.88,12.95,23.71,0.0,0.52,8.29,30.73
2016-11-18,26.46,16.33,21.81,0.0,0.51,12.29,18.71
2016-11-19,32.31,11.65,21.93,0.0,0.51,9.44,29.73
2016-11-20,36.59,14.13,25.58,0.31,0.51,12.71,23.33
2016-11-21,37.56,17.98,28.08,0.46,0.5,13.49,20.68
2016-11-22,17.85,13.39,16.38,7.0,0.51,12.34,10.33
2016-11-23,20.53,9.03,14.7,0.21,0.51,4.21,30.31
2016-11-24,24.22,6.21,15.15,0.01,0.51,4.04,33.41
2016-11-25,24.6,7.76,15.79,0.01,0.51,5.24,31.98
2016-11-26,25.72,7.5,16.41,0.0,0.5,6.38,32.45
2016-11-27,27.02,7.73,17.38,0.0,0.5,5.39,33.17
2016-11-28,30.13,9.84,19.89,0.0,0.5,6.48,30.49
2016-11-29,32.2,12.57,21.95,0.0,0.5,6.14,32.41
2016-11-30,24.66,11.73,18.54,0.0,0.49,8.21,19.47
2016-12-01,29.31,10.67,19.82,0.0,0.49,7.29,28.29
2016-12-02,28.55,11.97,19.86,0.0,0.49,6.4,31.89
2016-12-03,32.52,10.57,22.8,0.0,0.49,7.72,32.38
2016-12-04,34.29,18.95,24.61,2.08,0.49,14.46,10.92
2016-12-05,29.22,16.83,22.29,0.09,0.49,8.35,23.16
2016-12-06,26.76,13.57,18.85,0.07,0.49,5.1,24.68
2016-12-07,31.37,10.33,22.32,0.07,0.48,6.93,31.81
2016-12-08,24.18,11.39,19.59,6.31,0.49,6.3,25.38
2016-12-09,23.54,8.25,15.64,0.34,0.49,4.74,32.26
2016-12-10,26.48,8.16,17.75,0.0,0.49,6.42,33.71
2016-12-11,29.82,10.81,20.39,0.0,0.49,5.97,33.59
2016-12-12,35.09,11.63,24.27,0.0,0.48,4.5,33.3
2016-12-13,38.0,19.32,29.01,0.03,0.48,7.14,20.11
2016-12-14,25.0,14.23,20.67,0.21,0.48,4.6,15.53
2016-12-15,28.82,10.41,19.37,0.04,0.48,1.54,24.87
2016-12-16,31.68,13.11,22.22,0.08,0.48,5.05,30.9
2016-12-17,26.18,11.82,18.74,0.05,0.48,2.14,31.55
2016-12-18,26.88,8.18,17.67,0.0,0.48,-0.76,34.69
2016-12-19,33.22,10.64,22.63,0.06,0.48,-0.35,33.97
2016-12-20,27.93,15.54,21.4,0.45,0.48,4.92,33.51
2016-12-21,29.34,11.58,20.28,0.0,0.48,6.12,33.75
2016-12-22,32.76,12.55,22.54,0.0,0.48,6.14,33.6
2016-12-23,36.39,13.86,26.59,0.0,0.48,6.29,28.73
2016-12-24,36.83,23.24,29.84,0.01,0.47,5.31,33.11
2016-12-25,39.51,18.76,30.16,0.04,0.47,6.82,34.11
2016-12-26,33.6,23.19,27.91,1.4,0.47,12.93,9.5
2016-12-27,37.24,21.44,29.25,0.37,0.48,15.03,17.81
2016-12-28,36.78,25.7,31.49,3.76,0.48,17.97,24.7
2016-12-29,35.72,23.86,30.21,6.84,0.48,20.44,19.6
2016-12-30,30.43,17.87,23.56,0.34,0.49,12.8,33.3
2016-12-31,30.39,14.53,22.43,0.0,0.49,11.53,33.76
2017-01-01,28.7,15.3,21.62,0.01,0.48,11.62,26.62
2017-01-02,30.2,13.19,21.13,0.01,0.48,7.68,33.87
2017-01-03,32.49,12.09,22.61,0.0,0.48,6.05,33.67
2017-01-04,34.15,16.05,25.69,0.0,0.48,11.59,26.55
2017-01-05,37.52,23.52,30.4,0.02,0.48,11.94,24.6
2017-01-06,39.29,22.45,31.14,0.0,0.48,11.36,31.31
2017-01-07,39.79,23.92,32.47,0.0,0.48,8.55,27.65
2017-01-08,38.87,26.34,32.33,0.04,0.48,14.1,20.49
2017-01-09,26.23,20.38,22.98,2.62,0.48,13.35,11.17
2017-01-10,35.2,17.7,26.68,0.0,0.48,12.48,29.23
2017-01-11,32.36,15.03,23.81,0.0,0.48,8.48,33.09
2017-01-12,35.85,14.73,25.67,0.0,0.48,6.67,32.8
2017-01-13,34.31,15.56,24.44,5.9,0.48,8.01,8.6
2017-01-14,27.45,13.68,19.97,0.01,0.49,8.12,31.4
2017-01-15,30.23,11.91,20.97,0.01,0.48,7.27,33.46
2017-01-16,36.25,13.6,26.0,0.0,0.48,6.18,33.72
2017-01-17,42.15,19.27,31.34,0.0,0.48,1.18,33.53
2017-01-18,31.26,17.65,23.82,0.01,0.48,7.45,24.2
2017-01-19,33.39,13.18,23.85,0.68,0.48,6.23,28.5
2017-01-20,26.88,13.59,22.31,22.23,0.51,11.9,25.78
2017-01-21,28.41,10.41,19.35,17.01,0.54,8.68,32.96
2017-01-22,32.42,13.15,23.24,0.0,0.54,10.75,32.37
2017-01-23,38.79,20.3,27.97,1.39,0.53,11.96,28.39
2017-01-24,29.03,15.89,22.62,0.02,0.53,9.91,30.1
2017-01-25,29.42,12.27,20.66,0.0,0.52,6.46,31.93
2017-01-26,30.55,12.45,21.31,0.0,0.52,9.73,31.93
2017-01-27,31.88,13.03,23.34,0.0,0.51,9.08,31.65
2017-01-28,35.37,20.25,27.08,0.0,0.51,7.5,31.7
2017-01-29,37.03,15.33,26.71,0.0,0.5,9.47,31.57
2017-01-30,33.04,21.87,27.76,0.13,0.5,13.45,13.01
2017-01-31,25.84,16.48,20.82,0.0,0.5,8.96,25.61
2017-02-01,26.02,15.0,19.81,0.02,0.5,9.67,15.23
2017-02-02,28.57,13.58,21.01,0.0,0.5,7.76,23.87
2017-02-03,31.91,13.36,23.26,0.0,0.49,7.02,31.15
2017-02-04,37.81,16.6,26.74,0.44,0.49,9.73,22.05
2017-02-05,31.82,21.48,26.03,10.12,0.5,18.47,9.75
2017-02-06,21.97,14.71,19.39,11.92,0.53,14.54,6.42
2017-02-07,30.8,11.78,21.19,0.0,0.53,10.9,29.72
2017-02-08,38.61,18.36,28.3,0.01,0.52,15.82,29.33
2017-02-09,43.52,25.63,33.59,0.0,0.52,17.29,25.78
2017-02-10,41.82,22.04,31.75,0.01,0.51,19.33,28.22
2017-02-11,37.46,21.74,29.12,0.2,0.5,16.76,26.53
2017-02-12,24.73,13.43,18.83,0.2,0.5,6.15,19.31
2017-02-13,25.95,11.27,17.96,0.11,0.5,8.65,26.92
2017-02-14,28.46,11.35,19.66,0.01,0.5,8.98,29.91
2017-02-15,33.56,11.77,22.87,0.0,0.49,7.19,27.49
2017-02-16,32.21,16.78,23.79,0.0,0.49,11.94,27.68
2017-02-17,27.26,13.41,20.07,0.36,0.49,8.62,28.56
2017-02-18,22.29,11.84,17.0,0.27,0.49,4.88,23.07
2017-02-19,20.32,9.72,15.01,2.1,0.49,5.54,20.87
2017-02-20,23.61,8.49,15.88,0.03,0.49,5.1,26.68
2017-02-21,27.78,9.4,18.73,0.0,0.49,5.13,28.35
2017-02-22,35.46,13.98,24.36,0.0,0.49,2.72,28.39
2017-02-23,29.94,15.27,22.24,0.0,0.49,9.87,26.14
2017-02-24,29.48,13.33,20.71,0.02,0.48,7.16,27.82
2017-02-25,28.27,11.95,19.4,0.02,0.48,4.45,27.84
2017-02-26,31.96,11.24,22.02,0.0,0.48,8.91,27.19
2017-02-27,32.83,18.16,25.23,0.0,0.48,9.31,26.35
2017-02-28,34.95,18.14,26.8,0.0,0.48,7.9,26.78
2017-03-01,36.55,18.93,27.99,0.0,0.48,7.37,24.6
2017-03-02,36.92,17.99,27.6,0.0,0.48,5.94,25.74
2017-03-03,33.16,17.19,24.98,0.0,0.48,11.55,26.29
2017-03-04,33.59,18.83,26.8,0.02,0.48,13.37,23.65
2017-03-05,33.7,18.27,25.68,0.0,0.48,11.56,24.26
2017-03-06,31.53,16.02,23.13,0.0,0.48,9.02,25.53
2017-03-07,32.71,16.5,24.24,0.0,0.47,8.38,25.24
2017-03-08,32.64,17.23,24.56,0.0,0.47,6.69,25.02
2017-03-09,34.15,17.57,26.14,0.0,0.47,3.46,24.8
2017-03-10,34.48,18.44,26.29,0.0,0.47,5.75,22.26
2017-03-11,36.0,17.58,25.94,0.56,0.47,8.05,19.33
2017-03-12,26.44,18.68,21.85,0.42,0.47,8.09,19.28
2017-03-13,29.48,13.84,21.72,0.15,0.48,10.3,22.88
2017-03-14,33.51,16.38,25.05,0.04,0.48,11.43,22.85
2017-03-15,33.35,19.55,26.67,0.0,0.47,13.11,23.25
2017-03-16,30.29,15.61,24.33,0.11,0.47,9.9,23.44
2017-03-17,29.77,12.38,20.11,0.01,0.47,4.23,24.5
2017-03-18,33.36,12.98,22.92,0.0,0.47,7.19,23.66
2017-03-19,34.55,18.64,26.43,0.0,0.47,10.24,22.66
2017-03-20,34.91,22.93,28.27,2.07,0.47,15.07,17.68
2017-03-21,31.69,21.09,25.17,11.14,0.48,18.27,15.14
2017-03-22,29.05,17.49,22.24,4.95,0.51,15.09,18.46
2017-03-23,29.23,15.34,21.37,0.0,0.5,13.11,20.25
2017-03-24,28.86,14.37,21.53,0.0,0.5,14.05,17.04
2017-03-25,30.37,20.17,24.25,0.0,0.5,17.64,16.18
2017-03-26,31.42,18.46,24.55,0.0,0.49,16.82,13.93
2017-03-27,30.37,13.94,22.32,0.32,0.49,11.33,16.87
2017-03-28,25.72,10.93,18.09,0.27,0.49,9.33,21.36
2017-03-29,27.52,11.58,18.88,1.24,0.49,8.2,20.58
2017-03-30,20.3,8.39,13.76,0.03,0.49,4.74,19.83
2017-03-31,20.42,6.31,13.1,0.0,0.49,3.96,21.29
2017-04-01,22.5,8.34,14.85,0.02,0.49,6.38,19.62
2017-04-02,22.27,7.52,14.31,0.0,0.49,5.08,20.79
2017-04-03,24.83,8.19,15.82,0.0,0.48,6.04,20.91
2017-04-04,26.06,9.86,17.64,0.0,0.48,6.33,18.61
2017-04-05,25.49,11.58,18.22,0.0,0.48,7.09,17.41
2017-04-06,26.69,12.61,18.96,0.0,0.48,5.48,16.83
2017-04-07,26.94,12.84,19.81,0.0,0.48,8.82,17.7
2017-04-08,30.15,16.35,22.54,0.17,0.48,7.36,16.78
2017-04-09,18.7,10.88,13.94,3.96,0.48,6.12,15.03
2017-04-10,19.97,9.14,13.49,0.05,0.49,4.51,18.39
2017-04-11,22.94,10.28,15.65,0.16,0.49,9.36,17.85
2017-04-12,23.84,9.48,15.98,0.0,0.49,8.57,18.52
2017-04-13,26.6,8.7,17.17,0.0,0.48,7.33,18.53
2017-04-14,24.69,9.51,16.41,0.0,0.48,7.92,18.05
2017-04-15,23.35,8.24,15.43,0.0,0.48,6.45,17.58
2017-04-16,25.17,10.15,16.8,0.0,0.48,5.66,13.56
2017-04-17,23.76,11.03,16.28,0.0,0.48,6.91,14.51
2017-04-18,26.44,8.94,17.05,0.0,0.48,5.34,15.26
2017-04-19,29.98,11.57,20.25,0.0,0.48,7.59,13.8
2017-04-20,23.7,16.27,18.95,23.13,0.49,11.02,3.18
2017-04-21,24.34,14.8,18.8,5.51,0.53,14.54,10.97
2017-04-22,24.14,11.97,17.78,0.82,0.53,13.37,12.42
2017-04-23,25.03,13.74,18.48,0.1,0.53,12.18,12.51
2017-04-24,24.46,12.95,18.25,5.77,0.53,12.7,10.45
2017-04-25,21.58,13.35,17.35,4.07,0.54,12.33,11.73
2017-04-26,14.28,7.97,11.26,4.89,0.55,5.07,14.63
2017-04-27,15.86,5.88,10.29,0.54,0.54,5.71,11.67
2017-04-28,19.98,8.54,13.83,0.53,0.54,10.39,9.51
2017-04-29,18.81,9.5,13.8,0.64,0.54,10.97,7.63
2017-04-30,16.66,11.25,13.74,0.03,0.54,10.74,5.87
2017-05-01,20.42,11.81,15.14,1.48,0.54,9.44,9.67
2017-05-02,16.32,6.02,10.55,0.2,0.54,5.45,11.61
2017-05-03,16.59,3.82,9.21,0.07,0.54,2.9,14.84
2017-05-04,18.42,4.17,10.43,0.0,0.54,3.66,14.96
2017-05-05,18.8,5.39,11.07,0.0,0.54,6.99,13.31
2017-05-06,21.46,6.4,12.71,0.69,0.54,5.91,10.57
2017-05-07,17.04,4.23,9.56,0.0,0.54,4.02,13.79
2017-05-08,17.77,4.18,10.18,0.14,0.54,6.07,14.13
2017-05-09,17.63,7.14,10.85,0.12,0.53,7.07,12.8
2017-05-10,18.8,5.29,11.86,0.0,0.53,6.81,13.57
2017-05-11,17.89,8.65,13.23,0.0,0.53,5.38,11.56
2017-05-12,19.74,8.62,13.5,0.0,0.53,5.36,12.05
2017-05-13,18.59,6.55,11.79,0.0,0.53,7.35,13.03
2017-05-14,17.87,6.48,10.62,0.0,0.53,6.13,13.01
2017-05-15,17.91,5.54,10.62,0.01,0.53,5.64,12.82
2017-05-16,17.9,5.94,12.0,0.01,0.53,3.4,11.13
2017-05-17,17.46,10.29,13.13,3.11,0.53,6.12,3.89
2017-05-18,19.88,10.61,14.1,7.1,0.53,8.1,3.93
2017-05-19,17.63,11.3,13.79,6.29,0.55,10.46,5.14
2017-05-20,20.03,8.23,13.23,1.39,0.55,8.61,10.13
2017-05-21,21.1,8.17,13.32,0.0,0.55,7.31,11.67
2017-05-22,21.82,8.06,13.92,0.0,0.55,7.72,11.97
2017-05-23,19.95,9.5,13.93,1.92,0.55,9.26,10.61
2017-05-24,17.7,8.73,12.16,0.14,0.55,7.85,9.83
2017-05-25,18.09,7.34,12.51,1.48,0.55,8.97,8.61
2017-05-26,18.12,9.31,13.13,1.86,0.55,10.26,10.42
2017-05-27,18.8,8.75,13.13,2.38,0.55,7.34,9.07
2017-05-28,13.26,4.55,9.48,6.79,0.56,6.95,8.85
2017-05-29,14.41,3.27,8.48,0.35,0.57,4.69,9.54
2017-05-30,14.1,4.32,9.83,1.08,0.56,5.26,10.23
2017-05-31,14.36,2.95,7.29,0.18,0.56,3.48,10.7
2017-06-01,15.14,2.28,7.45,0.01,0.56,4.0,11.78
2017-06-02,15.06,1.52,7.38,0.0,0.56,3.79,10.93
2017-06-03,15.85,2.12,8.4,0.06,0.56,4.43,11.16
2017-06-04,14.07,3.4,8.55,0.0,0.56,3.74,11.3
2017-06-05,16.26,2.84,9.59,1.38,0.56,4.84,8.61
2017-06-06,14.47,4.88,8.73,0.22,0.56,4.91,10.49
2017-06-07,15.23,3.41,7.73,0.0,0.56,4.28,10.79
2017-06-08,14.9,2.61,7.71,0.09,0.56,5.64,10.03
2017-06-09,15.5,5.21,8.55,0.19,0.56,5.67,10.27
2017-06-10,16.86,6.07,9.29,0.65,0.56,6.81,10.99
2017-06-11,17.0,5.83,9.44,0.0,0.56,6.4,9.84
2017-06-12,17.12,5.27,10.45,0.15,0.56,8.7,8.71
2017-06-13,16.53,5.94,10.23,0.08,0.56,7.97,9.65
2017-06-14,16.48,3.43,9.67,0.06,0.56,6.84,10.37
2017-06-15,16.54,7.33,10.82,0.01,0.56,5.68,7.52
2017-06-16,14.79,4.34,9.42,0.0,0.55,5.8,4.68
2017-06-17,15.5,5.5,9.15,0.0,0.55,6.09,5.68
2017-06-18,16.98,3.5,9.3,0.08,0.55,6.57,9.34
2017-06-19,16.94,6.37,11.1,0.04,0.55,7.43,7.92
2017-06-20,15.69,2.92,8.43,0.02,0.55,5.73,10.82
2017-06-21,16.24,2.54,9.27,0.24,0.55,5.84,9.69
2017-06-22,16.55,5.79,10.06,0.01,0.55,5.57,10.01
2017-06-23,16.91,3.35,8.48,0.04,0.55,3.89,8.66
2017-06-24,13.32,4.54,8.23,0.88,0.55,5.59,9.55
2017-06-25,14.16,6.21,8.84,0.43,0.55,6.13,8.64
2017-06-26,13.16,6.36,9.28,1.37,0.55,5.78,8.35
2017-06-27,12.04,5.53,8.09,0.15,0.55,5.32,5.56
2017-06-28,14.62,4.26,8.98,0.04,0.55,4.19,8.83
2017-06-29,13.47,5.53,8.48,1.18,0.55,5.71,8.97
2017-06-30,12.65,2.77,6.89,0.09,0.55,1.95,11.11
2017-07-01,12.6,-1.23,4.53,0.03,0.55,-0.06,10.72
2017-07-02,14.3,-1.26,5.0,0.01,0.55,-3.27,10.36
2017-07-03,14.13,4.31,8.61,3.91,0.55,1.7,8.54
2017-07-04,15.65,8.93,11.5,2.3,0.56,8.88,7.13
2017-07-05,13.8,5.78,8.98,2.81,0.56,7.07,7.17
2017-07-06,13.85,3.52,8.36,1.07,0.56,5.15,9.42
2017-07-07,13.36,1.7,7.79,0.41,0.56,4.7,8.45
2017-07-08,14.28,6.69,9.1,1.02,0.56,5.22,9.43
2017-07-09,13.65,5.54,8.82,2.02,0.56,4.96,9.37
2017-07-10,15.17,2.97,8.16,0.91,0.56,4.37,9.8
2017-07-11,14.98,4.88,8.96,1.13,0.56,5.47,10.62
2017-07-12,14.97,4.03,7.82,0.0,0.56,3.8,9.92
2017-07-13,15.93,2.93,8.54,0.69,0.56,2.3,6.71
2017-07-14,14.74,4.75,9.34,0.94,0.56,5.27,9.73
2017-07-15,12.16,3.1,6.69,0.36,0.56,2.87,9.96
2017-07-16,11.1,1.61,5.71,1.07,0.56,1.54,7.16
2017-07-17,16.53,4.94,9.6,5.04,0.57,4.67,8.67
2017-07-18,12.6,6.6,8.7,3.02,0.57,7.18,8.64
2017-07-19,13.42,4.0,8.77,0.47,0.57,5.97,9.44
2017-07-20,13.58,2.14,7.07,0.01,0.57,3.43,10.63
2017-07-21,13.57,0.85,6.11,0.0,0.57,0.74,12.12
2017-07-22,15.34,1.28,7.8,0.0,0.57,-0.71,10.0
2017-07-23,15.97,4.82,9.59,1.3,0.57,5.53,10.66
2017-07-24,15.44,5.69,9.62,0.87,0.57,6.66,11.82
2017-07-25,19.61,6.37,11.57,0.08,0.57,4.89,11.78
2017-07-26,15.4,7.34,10.56,1.37,0.57,7.26,11.57
2017-07-27,14.56,3.62,9.45,4.97,0.57,5.83,10.85
2017-07-28,15.04,5.83,8.94,0.08,0.58,5.17,10.47
2017-07-29,22.74,4.84,12.49,0.89,0.57,2.22,12.12
2017-07-30,16.14,7.77,10.85,1.05,0.57,7.29,12.15
2017-07-31,14.88,6.17,10.21,0.09,0.57,5.23,12.36
2017-08-01,16.45,3.3,9.78,0.0,0.57,4.22,13.27
2017-08-02,15.91,2.76,8.57,0.0,0.57,3.57,11.07
2017-08-03,9.44,5.38,6.87,6.09,0.57,4.34,1.79
2017-08-04,11.52,5.64,8.07,3.55,0.58,5.89,8.94
2017-08-05,12.34,5.51,8.6,0.74,0.58,4.67,10.99
2017-08-06,11.42,4.9,7.95,6.97,0.59,5.08,10.91
2017-08-07,13.2,4.4,8.22,2.35,0.59,5.44,10.46
2017-08-08,14.56,1.56,7.41,0.36,0.59,5.06,12.71
2017-08-09,17.63,2.99,9.92,0.01,0.59,4.82,11.63
2017-08-10,19.59,7.6,12.21,0.55,0.59,3.81,10.5
2017-08-11,15.41,6.76,10.03,1.13,0.59,5.61,14.12
2017-08-12,15.75,6.02,9.66,1.34,0.59,6.01,12.13
2017-08-13,20.46,2.27,10.36,0.0,0.59,1.48,15.34
2017-08-14,21.18,6.65,12.94,0.06,0.58,6.17,13.51
2017-08-15,19.29,11.96,14.31,9.81,0.59,12.55,3.02
2017-08-16,15.97,9.47,11.84,0.63,0.6,6.31,13.42
2017-08-17,13.25,7.18,9.7,8.55,0.6,6.28,11.48
2017-08-18,12.15,5.55,8.61,1.58,0.61,4.63,14.3
2017-08-19,12.64,2.91,6.72,1.02,0.61,3.47,15.33
2017-08-20,14.41,-0.03,6.92,0.02,0.6,1.04,14.96
2017-08-21,11.42,3.73,6.73,2.43,0.6,4.87,10.6
2017-08-22,16.48,3.31,9.29,0.42,0.6,5.81,14.13
2017-08-23,16.13,4.48,10.09,3.77,0.6,7.6,12.64
2017-08-24,13.83,4.0,7.61,1.09,0.61,4.78,15.24
2017-08-25,14.64,0.74,7.77,0.01,0.61,3.25,15.69
2017-08-26,13.11,3.53,8.03,1.18,0.6,5.53,10.88
2017-08-27,12.14,2.35,7.39,1.79,0.61,2.91,15.66
2017-08-28,12.41,0.44,5.95,0.41,0.6,2.73,14.04
2017-08-29,13.19,1.88,7.26,0.18,0.6,4.12,9.79
2017-08-30,15.7,2.62,8.61,0.03,0.6,5.32,16.73
2017-08-31,16.33,1.76,8.5,0.0,0.6,0.83,19.06
2017-09-01,18.93,1.9,9.77,0.01,0.6,1.02,16.49
2017-09-02,19.53,8.72,13.76,0.0,0.59,4.8,9.0
2017-09-03,16.59,9.89,12.9,1.17,0.59,4.72,15.61
2017-09-04,11.39,5.47,8.8,4.64,0.6,4.49,13.88
2017-09-05,12.4,4.35,8.22,1.68,0.6,4.79,14.49
2017-09-06,14.61,5.97,9.48,2.31,0.6,6.53,15.03
2017-09-07,15.29,5.46,9.76,0.99,0.6,5.94,14.18
2017-09-08,14.5,4.34,8.88,0.86,0.6,4.28,16.54
2017-09-09,15.78,1.45,8.62,0.15,0.59,4.15,17.16
2017-09-10,17.54,2.99,10.34,0.02,0.59,4.32,20.24
2017-09-11,22.43,6.92,14.3,0.01,0.59,5.13,15.6
2017-09-12,24.92,11.22,16.43,0.49,0.59,9.88,16.37
2017-09-13,14.47,6.33,10.85,2.24,0.58,6.06,16.09
2017-09-14,14.92,3.74,9.32,1.36,0.58,5.23,13.82
2017-09-15,17.32,7.05,11.27,3.94,0.59,8.59,11.84
2017-09-16,15.36,4.6,9.84,2.13,0.59,4.26,21.87
2017-09-17,19.01,1.86,9.91,0.0,0.59,-0.01,22.45
2017-09-18,20.03,5.81,11.37,2.88,0.58,1.67,11.98
2017-09-19,16.15,5.33,10.73,0.03,0.58,4.34,16.19
2017-09-20,20.67,3.9,12.16,0.0,0.58,3.8,20.85
2017-09-21,25.24,8.18,15.29,0.0,0.58,4.69,20.15
2017-09-22,28.26,9.68,18.12,0.0,0.57,7.63,21.93
2017-09-23,30.06,11.0,19.28,0.0,0.57,6.25,21.58
2017-09-24,18.55,8.63,13.01,0.97,0.56,6.24,18.6
2017-09-25,17.21,6.84,11.58,1.56,0.56,6.98,18.62
2017-09-26,20.37,3.12,11.63,0.0,0.56,2.81,22.44
2017-09-27,23.89,8.09,15.91,0.15,0.56,4.13,21.12
2017-09-28,18.0,7.59,12.97,0.16,0.56,6.94,14.25
2017-09-29,18.22,4.56,11.42,0.7,0.55,5.14,18.27
2017-09-30,19.16,7.41,12.16,0.9,0.55,5.7,24.13
2017-10-01,19.2,4.15,11.57,0.0,0.55,6.21,22.34
2017-10-02,21.12,5.81,12.69,0.26,0.55,7.07,24.05
2017-10-03,25.77,6.84,15.95,0.0,0.55,6.03,24.76
2017-10-04,28.86,8.37,18.05,0.0,0.54,5.86,23.71
2017-10-05,21.78,7.76,15.43,0.47,0.54,8.89,15.48
2017-10-06,20.45,4.98,12.59,0.01,0.54,5.68,22.86
2017-10-07,24.86,8.24,16.59,0.0,0.54,5.39,17.48
2017-10-08,28.86,14.48,20.85,0.37,0.53,10.36,16.98
2017-10-09,21.47,9.15,15.08,0.69,0.53,6.79,24.52
2017-10-10,24.43,5.71,15.16,0.0,0.53,4.58,26.48
2017-10-11,26.6,10.97,16.86,9.75,0.53,6.08,8.63
2017-10-12,21.11,7.78,13.95,0.03,0.54,5.7,21.7
2017-10-13,20.3,7.37,13.88,0.37,0.54,8.53,16.07
2017-10-14,22.76,6.74,14.51,0.0,0.54,6.37,26.9
2017-10-15,26.99,6.97,16.91,0.0,0.53,8.25,25.83
2017-10-16,30.83,10.53,20.71,0.0,0.53,9.66,26.0
2017-10-17,31.77,12.12,21.93,0.0,0.52,7.17,27.76
2017-10-18,32.71,14.22,23.54,0.06,0.52,8.98,26.09
2017-10-19,29.67,11.84,21.75,4.6,0.52,12.09,15.02
2017-10-20,21.85,9.0,14.45,0.01,0.52,3.58,28.03
2017-10-21,21.34,5.88,13.02,0.0,0.52,4.74,25.86
2017-10-22,19.45,8.4,13.72,0.04,0.52,8.0,21.93
2017-10-23,24.7,7.71,15.95,0.02,0.52,8.54,27.47
2017-10-24,29.41,11.93,20.09,1.9,0.51,9.5,17.34
2017-10-25,27.31,12.68,19.88,1.05,0.51,10.48,23.07
2017-10-26,20.57,10.58,14.55,5.33,0.52,8.36,21.74
2017-10-27,29.73,7.69,19.54,0.28,0.52,7.17,28.09
2017-10-28,24.82,12.61,18.4,0.54,0.52,8.68,21.74
2017-10-29,30.32,9.28,18.97,1.83,0.51,6.06,27.78
2017-10-30,15.34,7.42,10.85,2.84,0.52,4.37,23.44
2017-10-31,20.72,4.2,12.78,0.02,0.52,4.03,26.26
2017-11-01,22.04,8.98,15.08,0.15,0.51,8.14,24.97
2017-11-02,23.52,7.68,15.77,0.19,0.51,7.48,23.75
2017-11-03,20.46,8.11,13.77,0.08,0.51,2.85,26.87
2017-11-04,21.3,3.33,12.51,0.01,0.51,0.09,31.24
2017-11-05,23.54,5.78,14.6,0.01,0.51,1.13,28.97
2017-11-06,22.78,8.41,14.59,0.0,0.5,2.1,31.13
2017-11-07,22.76,6.81,14.36,0.23,0.5,3.83,29.46
2017-11-08,26.95,6.04,16.37,0.0,0.5,2.32,31.77
2017-11-09,30.47,8.24,19.99,0.0,0.5,4.66,27.28
2017-11-10,31.11,12.44,21.87,0.0,0.49,6.53,27.23
2017-11-11,33.86,14.89,24.02,0.0,0.49,7.86,22.86
2017-11-12,34.9,14.68,25.16,0.0,0.49,7.26,23.8
2017-11-13,36.5,16.81,27.22,0.0,0.48,6.95,21.88
2017-11-14,36.9,21.71,29.2,0.01,0.48,5.96,20.94
2017-11-15,25.11,18.61,22.53,31.72,0.49,14.12,10.42
2017-11-16,23.26,13.5,18.25,8.07,0.55,13.4,17.67
2017-11-17,20.87,12.12,16.28,2.64,0.55,10.4,10.96
2017-11-18,28.97,11.34,20.36,0.09,0.55,11.09,25.23
2017-11-19,29.75,15.49,22.8,0.06,0.54,14.12,28.3
2017-11-20,31.79,16.1,23.75,0.0,0.54,11.26,27.14
2017-11-21,33.21,14.78,24.11,0.0,0.53,9.09,31.03
2017-11-22,33.89,15.6,25.01,0.0,0.52,8.16,31.23
2017-11-23,34.86,17.4,26.64,0.0,0.52,10.28,24.07
2017-11-24,30.11,20.37,24.84,0.89,0.52,15.94,21.0
2017-11-25,32.57,18.64,25.78,1.46,0.51,15.42,18.75
2017-11-26,34.33,18.26,26.1,0.6,0.51,14.7,28.86
2017-11-27,31.51,15.32,23.04,0.36,0.51,14.46,26.67
2017-11-28,36.06,14.48,25.92,0.0,0.51,13.25,31.35
2017-11-29,37.49,22.58,30.0,0.0,0.5,15.29,27.1
2017-11-30,33.72,23.13,28.28,4.0,0.5,16.27,23.1
2017-12-01,27.33,17.88,22.49,13.83,0.52,17.05,11.81
2017-12-02,19.58,10.69,15.57,13.27,0.55,9.27,12.93
2017-12-03,21.79,8.58,14.88,0.89,0.55,5.6,18.34
2017-12-04,21.4,10.61,15.63,0.26,0.54,6.83,24.03
2017-12-05,26.5,8.87,18.22,0.0,0.54,8.42,30.27
2017-12-06,27.97,11.83,20.04,0.0,0.53,8.68,30.55
2017-12-07,23.33,9.85,16.12,1.74,0.53,8.89,16.73
2017-12-08,23.45,7.83,15.66,0.33,0.53,5.7,32.46
2017-12-09,27.99,10.52,19.3,0.27,0.53,9.6,32.48
2017-12-10,30.12,12.31,21.3,0.0,0.52,9.36,33.9
2017-12-11,31.55,13.13,22.23,0.0,0.52,9.95,33.35
2017-12-12,34.12,13.23,24.5,0.0,0.51,8.6,33.82
2017-12-13,39.84,18.2,29.49,0.0,0.51,6.53,31.4
2017-12-14,31.74,18.29,25.11,0.0,0.5,10.68,22.96
2017-12-15,30.84,13.38,22.1,0.0,0.5,7.79,33.82
2017-12-16,31.57,13.93,22.52,0.0,0.5,9.1,31.94
2017-12-17,33.81,15.66,25.32,0.0,0.49,9.54,28.79
2017-12-18,31.58,19.44,25.76,0.0,0.49,11.68,13.48
2017-12-19,35.23,19.44,27.13,1.94,0.49,13.74,22.97
2017-12-20,27.88,15.04,21.23,0.09,0.49,8.76,28.01
2017-12-21,29.6,11.91,21.03,0.0,0.49,7.5,33.93
2017-12-22,32.31,14.08,24.32,0.0,0.49,7.42,33.02
2017-12-23,34.7,15.13,24.66,0.0,0.48,6.44,24.38
2017-12-24,28.53,16.09,22.2,0.0,0.48,5.28,32.9
2017-12-25,30.12,12.89,21.03,0.0,0.48,4.76,34.33
2017-12-26,33.7,12.6,23.71,0.0,0.48,8.63,34.38
2017-12-27,37.78,19.34,29.11,0.0,0.48,11.15,32.77
2017-12-28,35.68,23.76,29.56,0.14,0.48,14.24,18.25
2017-12-29,29.79,21.07,25.3,0.38,0.48,16.56,13.73
2017-12-30,26.98,14.37,21.2,0.05,0.48,8.8,24.83
2017-12-31,30.85,12.35,21.94,0.0,0.48,7.13,33.8
2018-01-01,31.21,14.38,22.99,0.01,0.48,8.51,33.83
2018-01-02,28.68,13.85,21.12,0.3,0.48,7.71,31.65
2018-01-03,29.96,13.34,21.7,0.01,0.48,6.45,32.88
2018-01-04,34.38,15.01,25.13,0.0,0.48,7.61,32.86
2018-01-05,37.48,17.12,28.43,0.0,0.48,7.74,33.32
2018-01-06,43.23,22.81,33.22,0.0,0.48,5.0,33.7
2018-01-07,37.65,18.66,28.55,0.0,0.47,7.48,29.22
2018-01-08,32.25,20.27,25.67,0.45,0.47,7.95,18.56
2018-01-09,30.65,14.65,22.57,0.01,0.47,5.2,33.34
2018-01-10,29.74,12.45,21.42,0.0,0.47,3.03,23.66
2018-01-11,37.33,17.52,27.69,0.15,0.47,6.77,27.34
2018-01-12,31.82,18.75,25.78,1.22,0.47,16.44,13.73
2018-01-13,24.62,12.6,18.5,3.3,0.48,7.2,22.08
2018-01-14,27.53,9.34,18.82,0.1,0.48,3.58,33.3
2018-01-15,32.57,12.45,22.42,0.0,0.48,8.15,32.47
2018-01-16,34.18,12.77,23.72,0.0,0.48,5.94,33.43
2018-01-17,36.98,14.6,26.96,0.0,0.48,2.03,33.04
2018-01-18,41.47,19.53,31.16,0.0,0.48,-1.85,33.62
2018-01-19,44.66,22.21,34.07,0.0,0.47,-2.17,32.9
2018-01-20,44.43,24.91,34.62,0.0,0.47,7.56,30.04
2018-01-21,41.7,24.27,32.94,0.03,0.47,11.51,21.66
2018-01-22,39.38,25.62,31.75,0.01,0.47,10.95,19.88
2018-01-23,35.87,19.07,27.2,0.0,0.47,5.88,32.31
2018-01-24,38.27,17.84,28.51,0.0,0.47,7.11,30.53
2018-01-25,40.03,20.29,30.82,0.02,0.47,10.4,27.69
2018-01-26,38.77,26.57,32.33,1.89,0.47,12.23,22.89
2018-01-27,38.84,21.85,30.91,0.24,0.48,14.7,30.52
2018-01-28,42.58,25.47,34.62,0.0,0.47,14.56,30.63
2018-01-29,39.56,23.22,32.49,2.14,0.47,16.02,21.59
2018-01-30,25.97,16.1,21.1,2.0,0.48,7.86,22.24
2018-01-31,27.33,12.51,18.99,0.82,0.48,4.23,24.74
2018-02-01,28.71,11.99,20.03,0.0,0.48,4.06,31.39
2018-02-02,31.46,12.98,22.47,0.0,0.48,7.66,31.02
2018-02-03,32.57,14.79,24.2,0.0,0.48,9.08,30.97
2018-02-04,34.97,17.06,26.88,0.0,0.48,9.37,30.82
2018-02-05,36.69,18.36,28.31,0.0,0.48,8.81,26.89
2018-02-06,38.65,20.2,29.76,0.0,0.48,4.69,30.34
2018-02-07,40.37,20.71,31.39,0.0,0.47,6.02,29.61
2018-02-08,40.01,23.39,31.98,0.0,0.47,9.29,20.39
2018-02-09,37.58,24.05,30.21,0.0,0.47,12.85,20.93
2018-02-10,38.32,22.24,30.32,1.36,0.48,12.07,10.86
2018-02-11,29.46,16.16,22.46,0.0,0.48,6.44,30.0
2018-02-12,28.22,13.32,20.83,0.0,0.48,5.76,28.44
2018-02-13,32.3,14.71,24.1,0.0,0.47,5.96,29.61
2018-02-14,27.11,16.15,21.94,0.2,0.47,2.9,29.58
2018-02-15,28.11,11.92,20.13,0.1,0.47,6.32,24.46
2018-02-16,29.34,14.01,21.26,0.17,0.47,7.13,29.02
2018-02-17,32.17,12.64,22.98,0.0,0.47,7.22,27.4
2018-02-18,35.29,18.08,25.77,0.84,0.47,10.52,20.8
2018-02-19,31.48,18.68,24.69,0.25,0.48,13.16,26.5
2018-02-20,34.07,17.99,26.04,0.0,0.48,10.65,27.18
2018-02-21,32.39,20.68,26.23,0.0,0.48,8.44,15.7
2018-02-22,32.72,22.62,26.81,0.58,0.48,9.41,10.35
2018-02-23,38.84,23.16,29.97,2.68,0.48,12.39,24.55
2018-02-24,34.17,17.1,27.07,0.01,0.48,15.28,19.95
2018-02-25,25.51,13.52,18.6,0.0,0.48,6.1,27.76
2018-02-26,31.19,12.51,21.98,0.0,0.48,7.74,27.52
2018-02-27,34.04,17.65,25.55,0.0,0.48,7.05,27.44
2018-02-28,28.93,16.53,23.01,0.04,0.48,7.45,27.08
2018-03-01,29.98,13.37,21.23,0.04,0.48,9.06,26.49
2018-03-02,30.51,15.84,23.01,0.0,0.48,7.79,14.87
2018-03-03,33.0,17.59,25.26,0.0,0.48,5.61,26.25
2018-03-04,27.83,14.97,21.07,0.0,0.48,6.62,26.14
2018-03-05,27.01,12.49,19.41,0.0,0.47,4.71,26.14
2018-03-06,30.6,13.17,21.42,0.0,0.47,6.81,25.75
2018-03-07,32.21,16.28,23.79,0.0,0.47,6.48,26.11
2018-03-08,33.6,16.31,25.16,0.0,0.47,4.65,25.79
2018-03-09,35.29,16.75,26.19,0.0,0.47,3.71,25.95
2018-03-10,36.22,17.62,26.99,0.0,0.47,2.65,25.97
2018-03-11,36.25,18.63,26.76,0.0,0.47,6.24,24.64
2018-03-12,28.98,13.14,20.2,0.0,0.47,6.64,25.24
2018-03-13,27.92,12.7,20.04,0.0,0.47,7.66,24.33
2018-03-14,28.49,13.54,20.78,0.0,0.47,7.24,23.58
2018-03-15,26.2,13.82,19.56,0.0,0.47,6.51,21.3
2018-03-16,28.58,13.81,20.68,0.05,0.47,8.45,15.69
2018-03-17,35.42,16.4,25.8,0.01,0.47,6.91,13.34
2018-03-18,26.93,13.51,20.44,1.08,0.47,3.62,23.49
2018-03-19,27.33,11.16,18.87,0.32,0.47,8.06,20.51
2018-03-20,25.3,13.21,18.12,0.6,0.48,6.75,22.67
2018-03-21,29.61,11.62,20.86,0.0,0.48,7.9,22.34
2018-03-22,29.09,16.38,22.55,0.2,0.48,9.31,14.46
2018-03-23,29.98,16.62,23.08,0.06,0.48,11.35,20.08
2018-03-24,33.0,18.44,24.71,3.91,0.48,14.06,11.89
2018-03-25,25.0,12.23,20.28,2.81,0.48,9.15,17.82
2018-03-26,21.24,8.69,14.32,0.05,0.49,4.21,21.41
2018-03-27,25.01,8.49,16.51,0.0,0.48,4.65,17.61
2018-03-28,30.57,15.06,21.49,0.0,0.48,4.14,20.51
2018-03-29,25.7,12.26,18.41,0.0,0.48,9.13,21.6
2018-03-30,26.74,11.57,18.71,0.01,0.48,9.99,20.13
2018-03-31,27.57,10.86,18.46,0.0,0.48,8.0,20.98
2018-04-01,31.19,12.79,21.11,0.0,0.48,5.69,14.12
2018-04-02,25.48,12.58,18.73,0.02,0.48,7.69,19.11
2018-04-03,25.82,10.14,17.49,0.04,0.48,7.82,20.54
2018-04-04,27.7,9.76,18.1,0.0,0.48,6.37,20.22
2018-04-05,28.01,10.11,18.43,0.0,0.48,6.34,20.31
2018-04-06,26.31,10.57,17.58,0.0,0.48,8.2,19.4
2018-04-07,28.23,11.18,19.43,0.0,0.48,7.09,19.42
2018-04-08,33.95,13.53,22.78,0.0,0.48,2.69,19.19
2018-04-09,32.55,15.99,24.04,0.0,0.48,8.2,17.04
2018-04-10,35.48,19.04,25.58,0.0,0.48,6.06,16.13
2018-04-11,38.07,19.99,27.92,0.0,0.48,6.21,18.07
2018-04-12,28.31,15.76,23.48,0.0,0.47,6.01,17.89
2018-04-13,26.83,12.35,19.62,0.03,0.47,6.77,18.11
2018-04-14,18.1,11.76,14.27,9.2,0.48,6.55,9.35
2018-04-15,21.45,12.54,16.31,1.04,0.49,10.81,12.25
2018-04-16,22.63,13.42,17.36,0.75,0.49,12.36,12.31
2018-04-17,20.31,7.79,13.44,0.0,0.49,4.9,17.49
2018-04-18,22.18,6.84,14.78,0.0,0.49,5.28,16.63
2018-04-19,25.98,12.14,17.75,0.0,0.49,6.27,16.54
2018-04-20,28.06,10.28,18.4,0.0,0.49,6.99,16.96
2018-04-21,27.99,10.52,18.8,0.0,0.48,8.72,13.25
2018-04-22,28.15,11.75,19.73,0.03,0.48,8.83,16.62
2018-04-23,31.54,12.68,21.47,0.03,0.48,5.86,16.14
2018-04-24,26.39,15.16,19.8,0.07,0.48,7.8,8.34
2018-04-25,23.84,13.42,18.1,0.11,0.48,10.56,13.27
2018-04-26,21.94,10.19,15.44,0.18,0.48,7.6,13.31
2018-04-27,21.83,7.68,14.13,0.03,0.48,6.26,15.69
2018-04-28,24.14,7.98,15.22,0.0,0.48,6.49,15.45
2018-04-29,22.51,9.11,14.8,0.0,0.48,6.55,15.52
2018-04-30,23.21,7.93,15.34,0.0,0.48,4.01,15.36
2018-05-01,24.51,7.91,15.83,0.0,0.48,-0.41,12.46
2018-05-02,23.29,13.63,17.06,0.03,0.48,4.14,13.68
2018-05-03,25.62,11.03,16.61,7.81,0.48,4.61,3.71
2018-05-04,18.42,9.65,12.98,1.23,0.5,6.49,12.39
2018-05-05,20.47,8.22,13.59,0.37,0.49,8.52,13.65
2018-05-06,21.74,9.01,14.3,0.0,0.49,8.87,13.52
2018-05-07,20.12,9.56,13.27,0.0,0.49,4.77,7.84
2018-05-08,21.27,7.61,13.38,0.88,0.49,6.73,13.11
2018-05-09,18.77,6.52,13.13,4.58,0.49,7.09,12.44
2018-05-10,11.91,6.63,8.88,9.15,0.51,5.97,8.57
2018-05-11,14.19,7.58,10.56,1.28,0.52,6.65,9.51
2018-05-12,18.19,7.28,12.06,0.11,0.51,7.74,11.62
2018-05-13,18.83,7.85,12.11,0.14,0.51,7.76,13.62
2018-05-14,17.68,6.47,10.23,0.11,0.51,6.8,13.52
2018-05-15,17.39,6.73,11.26,0.19,0.51,7.07,10.13
2018-05-16,16.55,5.02,9.53,0.0,0.51,4.0,12.37
2018-05-17,16.06,3.63,9.75,1.5,0.51,5.43,6.02
2018-05-18,18.74,7.56,12.21,0.7,0.51,8.67,10.16
2018-05-19,16.15,5.18,9.51,0.07,0.51,6.43,7.26
2018-05-20,17.28,6.42,11.91,1.67,0.51,9.54,5.63
2018-05-21,17.83,10.36,13.31,0.94,0.51,9.66,5.72
2018-05-22,17.53,10.3,13.65,0.59,0.51,10.81,5.64
2018-05-23,17.74,8.93,12.64,0.15,0.51,9.46,5.61
2018-05-24,18.06,7.73,11.8,0.0,0.51,7.02,10.37
2018-05-25,17.44,5.01,10.41,0.03,0.51,5.57,12.18
2018-05-26,19.21,3.62,10.45,0.0,0.51,4.52,8.57
2018-05-27,20.85,9.94,14.66,0.02,0.51,8.1,6.4
2018-05-28,18.77,10.99,14.75,2.99,0.51,8.7,8.01
2018-05-29,16.9,8.59,13.04,6.31,0.52,7.81,10.44
2018-05-30,15.65,6.16,10.31,0.42,0.52,5.29,11.02
2018-05-31,15.87,4.75,9.25,1.01,0.52,4.29,11.28
2018-06-01,16.12,2.67,8.55,0.04,0.52,2.84,11.21
2018-06-02,16.91,3.39,9.08,0.0,0.52,4.38,10.76
2018-06-03,16.52,5.27,9.24,0.0,0.52,6.3,11.33
2018-06-04,16.13,4.42,8.9,0.0,0.52,6.04,10.85
2018-06-05,16.81,6.7,10.09,0.02,0.52,6.18,10.7
2018-06-06,18.14,4.43,10.3,0.04,0.52,5.19,11.3
2018-06-07,18.5,8.68,12.49,0.05,0.52,6.58,3.55
2018-06-08,13.62,9.08,10.63,2.06,0.52,6.23,2.53
2018-06-09,16.56,8.13,11.8,0.28,0.52,8.16,6.19
2018-06-10,17.02,6.2,11.43,0.01,0.52,7.33,6.21
2018-06-11,16.3,7.49,11.94,7.59,0.52,8.09,5.77
2018-06-12,16.66,6.67,11.22,1.5,0.53,8.86,6.89
2018-06-13,13.98,6.15,8.95,2.53,0.53,6.13,7.19
2018-06-14,14.82,6.45,10.53,5.29,0.54,5.74,9.52
2018-06-15,13.94,6.11,9.39,1.71,0.54,5.01,9.14
2018-06-16,11.57,5.27,7.23,6.57,0.55,4.38,9.04
2018-06-17,13.03,5.62,8.2,1.78,0.56,5.79,9.25
2018-06-18,13.62,3.82,7.41,0.14,0.55,4.17,10.85
2018-06-19,13.94,1.61,6.79,0.08,0.55,2.95,9.62
2018-06-20,11.81,4.18,6.86,0.01,0.55,2.66,4.58
2018-06-21,14.49,3.15,7.75,0.01,0.55,2.2,10.61
2018-06-22,14.55,4.31,8.24,0.01,0.55,2.91,10.87
2018-06-23,15.0,1.46,7.24,0.1,0.55,1.64,10.32
2018-06-24,13.69,3.29,7.52,0.62,0.55,4.94,9.76
2018-06-25,13.65,1.07,6.32,0.0,0.55,3.0,10.99
2018-06-26,10.37,2.09,5.56,0.06,0.55,4.2,5.88
2018-06-27,9.9,3.87,6.19,1.81,0.55,3.7,3.59
2018-06-28,14.96,0.81,7.14,0.02,0.55,2.56,6.61
2018-06-29,13.87,4.04,8.03,0.6,0.55,2.78,7.35
2018-06-30,14.22,4.64,8.76,0.19,0.55,5.44,9.47
2018-07-01,13.79,2.97,7.75,0.01,0.55,2.89,10.33
2018-07-02,13.08,2.59,6.8,0.0,0.55,1.24,11.15
2018-07-03,15.53,1.86,7.67,0.0,0.55,1.59,8.91
2018-07-04,17.22,3.59,9.53,0.01,0.55,1.47,6.55
2018-07-05,19.45,4.86,11.27,1.02,0.55,3.02,9.37
2018-07-06,13.77,7.69,10.37,1.35,0.55,5.59,9.87
2018-07-07,12.77,5.86,9.04,2.65,0.55,4.16,9.51
2018-07-08,14.18,7.12,10.22,1.54,0.55,7.6,8.1
2018-07-09,15.15,5.56,9.94,0.32,0.55,6.95,6.83
2018-07-10,13.22,4.15,7.1,0.01,0.55,4.6,8.67
2018-07-11,9.61,3.68,6.05,2.04,0.55,4.52,6.26
2018-07-12,11.06,2.29,5.71,0.05,0.55,2.91,7.05
2018-07-13,12.97,0.58,6.14,0.21,0.55,3.4,11.19
2018-07-14,13.06,2.35,6.59,0.01,0.55,2.1,11.91
2018-07-15,15.61,-0.17,6.81,0.01,0.55,-1.57,11.72
2018-07-16,15.81,4.22,9.01,0.05,0.55,2.43,8.95
2018-07-17,17.58,4.67,9.45,3.19,0.55,4.67,8.56
2018-07-18,15.06,2.84,7.67,0.86,0.55,3.11,11.95
2018-07-19,17.76,2.7,8.15,4.01,0.55,2.26,10.42
2018-07-20,13.1,3.76,7.43,0.58,0.56,3.37,11.09
2018-07-21,12.7,1.1,6.39,1.45,0.56,3.28,10.19
2018-07-22,15.06,4.34,8.4,0.0,0.56,1.53,11.88
2018-07-23,17.52,3.79,9.28,4.74,0.56,1.89,6.32
2018-07-24,17.31,6.38,11.46,3.53,0.56,8.02,10.04
2018-07-25,14.48,5.45,9.38,0.76,0.57,6.59,8.82
2018-07-26,16.28,5.96,10.31,0.08,0.57,6.57,10.59
2018-07-27,19.44,4.85,11.29,0.01,0.56,5.71,9.19
2018-07-28,20.1,7.34,12.73,0.76,0.56,8.12,8.39
2018-07-29,13.02,4.65,9.67,1.42,0.56,5.58,10.9
2018-07-30,12.41,2.51,7.47,0.84,0.56,3.82,9.28
2018-07-31,16.07,6.09,10.72,2.31,0.56,5.19,10.86
2018-08-01,14.48,6.16,9.58,0.98,0.57,5.99,10.64
2018-08-02,18.17,4.24,10.5,0.0,0.56,3.52,13.56
2018-08-03,12.13,6.33,8.78,7.6,0.57,3.08,3.19
2018-08-04,14.9,4.65,9.6,0.02,0.57,2.91,10.23
2018-08-05,19.3,7.12,12.38,0.1,0.57,1.36,13.08
2018-08-06,10.91,6.2,7.89,4.25,0.57,5.15,9.23
2018-08-07,13.15,5.4,8.15,1.58,0.57,4.77,12.13
2018-08-08,14.7,4.21,9.34,5.06,0.58,6.53,11.18
2018-08-09,15.73,3.14,8.78,0.02,0.58,3.53,13.48
2018-08-10,20.72,6.37,12.34,0.68,0.58,1.32,13.85
2018-08-11,11.57,4.5,8.03,6.73,0.59,5.02,12.07
2018-08-12,13.37,2.11,7.76,1.79,0.59,4.67,12.67
2018-08-13,15.55,6.92,10.32,0.66,0.59,7.16,8.45
2018-08-14,17.9,3.77,10.42,0.06,0.59,4.87,15.44
2018-08-15,16.11,6.33,10.8,0.63,0.58,3.93,9.57
2018-08-16,14.24,4.83,8.45,0.22,0.58,4.58,12.09
2018-08-17,15.38,3.49,9.44,0.13,0.58,3.64,13.4
2018-08-18,12.07,5.85,8.62,5.9,0.59,4.69,13.47
2018-08-19,12.48,3.02,7.11,0.93,0.59,3.12,14.37
2018-08-20,11.07,0.08,6.15,1.44,0.59,3.9,10.2
2018-08-21,10.85,5.72,7.82,1.87,0.59,6.99,11.41
2018-08-22,14.58,5.29,8.66,0.32,0.59,4.92,15.36
2018-08-23,17.27,3.22,9.26,0.0,0.59,2.64,16.84
2018-08-24,17.85,2.94,9.51,0.0,0.58,3.32,17.1
2018-08-25,18.47,2.74,9.72,0.0,0.58,3.49,16.92
2018-08-26,15.22,2.75,9.13,0.22,0.58,5.38,13.37
2018-08-27,14.49,2.89,7.79,0.11,0.58,2.57,17.55
2018-08-28,13.84,0.86,6.75,0.07,0.58,1.01,17.96
2018-08-29,16.0,0.18,7.54,0.0,0.57,0.55,17.65
2018-08-30,15.67,5.5,10.13,0.95,0.57,-1.1,5.36
2018-08-31,16.37,8.17,11.87,1.98,0.57,6.43,12.04
2018-09-01,15.77,5.75,10.52,1.13,0.57,6.96,13.11
2018-09-02,13.67,1.44,7.64,0.28,0.57,2.97,12.68
2018-09-03,15.8,2.35,8.59,0.05,0.57,3.35,15.9
2018-09-04,18.85,2.7,10.51,0.0,0.57,4.21,18.98
2018-09-05,20.48,7.36,13.86,0.0,0.57,5.58,15.28
2018-09-06,19.92,7.19,14.59,0.93,0.56,7.32,14.49
2018-09-07,16.15,5.3,9.29,0.03,0.56,3.9,20.01
2018-09-08,17.87,3.39,10.03,0.01,0.56,2.69,18.25
2018-09-09,19.91,5.86,12.37,0.31,0.56,7.32,18.76
2018-09-10,20.66,6.72,13.15,0.08,0.56,8.85,18.45
2018-09-11,26.44,7.77,16.34,0.78,0.55,4.59,19.31
2018-09-12,17.53,5.79,11.36,0.18,0.55,4.58,18.37
2018-09-13,19.4,4.65,11.21,0.03,0.55,3.37,20.78
2018-09-14,23.88,6.02,14.93,0.0,0.55,0.38,21.07
2018-09-15,16.79,4.29,10.76,1.37,0.54,1.94,17.96
2018-09-16,14.47,1.76,8.38,0.23,0.54,1.82,16.84
2018-09-17,19.12,2.73,11.02,0.01,0.54,0.52,21.84
2018-09-18,19.18,5.59,11.8,1.25,0.54,0.64,11.61
2018-09-19,15.67,4.35,9.27,0.82,0.54,3.85,18.55
2018-09-20,17.72,2.71,10.06,0.08,0.54,4.8,19.9
2018-09-21,19.9,4.11,11.68,0.02,0.54,6.86,20.82
2018-09-22,23.85,7.17,14.7,0.0,0.54,7.08,21.69
2018-09-23,18.38,6.73,11.93,0.11,0.53,5.37,18.84
2018-09-24,19.25,3.66,10.79,0.0,0.53,2.46,23.76
2018-09-25,19.76,5.14,11.4,0.0,0.53,3.56,23.14
2018-09-26,21.49,3.18,12.15,0.0,0.53,1.29,23.48
2018-09-27,26.26,6.51,15.24,0.0,0.53,1.38,23.79
2018-09-28,17.11,5.52,10.87,0.58,0.52,5.22,15.41
2018-09-29,17.32,2.58,9.43,0.0,0.52,1.64,24.51
2018-09-30,20.93,3.23,11.65,0.21,0.52,3.42,24.63
2018-10-01,25.05,4.82,14.88,0.0,0.52,0.89,23.88
2018-10-02,28.8,9.83,17.76,0.0,0.52,2.78,15.86
2018-10-03,20.02,11.97,15.7,0.17,0.51,9.59,14.86
2018-10-04,20.94,7.64,13.52,0.0,0.51,4.2,25.13
2018-10-05,24.11,7.09,14.84,0.0,0.51,6.65,24.64
2018-10-06,26.32,8.43,17.35,0.0,0.51,7.33,19.61
2018-10-07,27.65,11.39,19.32,0.01,0.51,4.88,18.13
2018-10-08,30.33,11.05,20.58,0.88,0.5,5.88,17.24
2018-10-09,19.7,10.17,16.18,15.08,0.52,13.47,12.51
2018-10-10,21.66,7.08,13.58,0.12,0.53,4.67,16.9
2018-10-11,23.36,7.23,14.46,0.01,0.52,4.68,25.84
2018-10-12,24.66,8.26,15.98,0.0,0.52,4.26,26.09
2018-10-13,23.41,12.47,17.81,0.04,0.52,8.32,20.93
2018-10-14,26.56,13.63,20.22,0.0,0.51,9.79,21.38
2018-10-15,26.03,17.02,21.41,2.13,0.51,11.54,7.91
2018-10-16,26.92,14.14,21.01,0.71,0.51,11.84,19.63
2018-10-17,19.95,11.2,15.39,3.27,0.51,10.78,14.54
2018-10-18,21.58,9.64,14.68,0.58,0.52,10.17,16.1
2018-10-19,31.19,9.68,20.39,0.0,0.51,7.55,20.25
2018-10-20,20.44,9.2,14.42,0.95,0.51,5.65,26.64
2018-10-21,22.82,6.07,14.81,0.24,0.51,4.2,28.5
2018-10-22,31.0,9.29,19.73,0.0,0.51,2.23,28.26
2018-10-23,22.31,9.87,15.89,0.1,0.5,5.14,27.37
2018-10-24,20.43,5.19,12.9,0.01,0.5,1.95,25.86
2018-10-25,25.45,4.98,15.71,0.0,0.5,2.96,27.88
2018-10-26,23.36,6.94,15.04,0.1,0.5,5.67,27.78
2018-10-27,24.62,7.65,16.01,0.02,0.5,5.86,26.46
2018-10-28,23.21,7.76,14.91,0.0,0.49,3.07,24.25
2018-10-29,25.78,6.18,15.95,0.0,0.49,2.14,30.2
2018-10-30,29.24,9.58,19.65,0.0,0.49,1.79,29.76
2018-10-31,32.56,10.92,21.95,0.0,0.49,9.31,28.84
2018-11-01,34.29,17.13,25.07,0.31,0.49,8.97,20.48
2018-11-02,32.84,14.26,24.07,1.98,0.49,10.93,21.31
2018-11-03,24.34,12.43,17.52,0.0,0.49,6.08,25.63
2018-11-04,26.77,9.97,18.77,0.45,0.48,7.24,26.52
2018-11-05,29.25,15.42,21.86,2.71,0.49,13.18,16.92
2018-11-06,25.43,11.36,19.55,6.29,0.5,11.98,15.46
2018-11-07,18.57,8.13,12.87,0.48,0.5,3.19,21.74
2018-11-08,20.96,4.67,13.13,0.0,0.49,2.51,28.31
2018-11-09,24.26,8.19,15.88,0.08,0.49,4.68,25.58
2018-11-10,25.9,8.47,17.54,0.0,0.49,4.84,31.11
2018-11-11,29.66,9.86,20.34,0.0,0.49,5.77,30.72
2018-11-12,32.27,14.87,23.51,0.0,0.48,4.44,19.82
2018-11-13,29.67,19.27,24.09,0.48,0.48,9.15,12.79
2018-11-14,28.41,14.72,21.45,0.28,0.48,11.3,28.46
2018-11-15,25.81,10.45,17.81,0.05,0.48,3.29,31.67
2018-11-16,28.15,7.81,18.51,0.0,0.48,1.5,32.22
2018-11-17,28.16,8.43,18.15,0.0,0.48,1.04,32.84
2018-11-18,31.22,10.58,21.68,0.0,0.48,6.25,29.73
2018-11-19,34.46,16.7,25.88,0.0,0.48,6.57,26.69
2018-11-20,29.79,14.45,22.73,2.78,0.48,11.64,11.6
2018-11-21,22.86,8.62,15.43,1.6,0.48,4.89,20.7
2018-11-22,17.42,9.02,12.26,5.47,0.49,5.34,22.36
2018-11-23,19.33,7.75,12.88,0.76,0.49,5.4,20.35
2018-11-24,23.12,7.39,15.51,0.2,0.49,8.26,29.19
2018-11-25,25.51,9.53,17.22,0.0,0.49,7.18,32.56
2018-11-26,27.06,9.64,18.46,0.03,0.49,7.38,31.29
2018-11-27,23.96,13.2,18.43,10.72,0.49,9.95,12.05
2018-11-28,27.03,11.04,18.72,0.22,0.5,9.57,30.8
2018-11-29,27.47,10.85,19.11,0.02,0.5,9.03,32.0
2018-11-30,27.17,10.78,19.19,0.0,0.49,7.53,33.34
2018-12-01,34.27,11.19,23.93,1.79,0.49,5.82,30.34
2018-12-02,22.72,12.5,17.51,0.72,0.49,5.58,30.96
2018-12-03,25.28,10.75,17.83,0.29,0.49,9.38,27.94
2018-12-04,28.52,10.85,19.79,0.08,0.49,9.85,33.01
2018-12-05,33.27,13.25,23.34,0.0,0.48,8.82,32.03
2018-12-06,38.97,17.25,29.11,0.0,0.48,9.29,31.95
2018-12-07,38.59,25.19,31.91,0.09,0.48,10.65,24.67
2018-12-08,34.03,22.23,27.68,0.14,0.48,15.18,16.46
2018-12-09,32.4,19.75,25.2,2.65,0.48,16.18,20.75
2018-12-10,32.79,14.57,24.08,0.08,0.48,6.02,29.89
2018-12-11,33.62,13.36,24.57,0.0,0.48,3.13,32.92
2018-12-12,35.01,19.55,27.18,4.18,0.48,11.03,18.15
2018-12-13,22.95,13.34,18.1,38.9,0.53,13.81,9.82
2018-12-14,24.19,13.2,18.16,5.76,0.56,10.43,21.98
2018-12-15,24.17,13.42,17.56,9.07,0.56,10.44,19.31
2018-12-16,24.92,13.41,18.97,4.41,0.57,12.54,23.4
2018-12-17,30.2,14.09,22.62,0.01,0.57,13.43,32.78
2018-12-18,27.12,15.66,21.58,0.03,0.56,12.57,29.76
2018-12-19,31.58,16.52,24.52,0.46,0.56,13.38,22.61
2018-12-20,30.33,16.34,23.27,0.01,0.55,13.09,32.74
2018-12-21,25.18,11.63,17.9,0.24,0.54,9.45,25.78
2018-12-22,26.02,10.61,18.17,0.17,0.54,7.22,34.0
2018-12-23,29.41,10.41,20.65,0.0,0.54,5.75,34.4
2018-12-24,35.01,14.35,26.14,0.0,0.53,6.46,34.26
2018-12-25,37.39,16.57,27.3,0.0,0.53,8.8,33.88
2018-12-26,38.24,15.25,27.12,0.0,0.52,11.23,33.6
2018-12-27,41.7,21.0,30.91,0.0,0.52,8.84,29.24
2018-12-28,40.14,22.22,30.67,0.0,0.51,11.76,24.85
2018-12-29,29.7,21.93,26.32,0.56,0.51,14.57,9.21
2018-12-30,33.84,20.58,27.52,0.73,0.5,16.38,17.67
2018-12-31,36.46,20.42,28.2,0.02,0.5,15.02,29.98
2019-01-01,36.03,17.88,26.67,0.0,0.5,10.55,33.9
2019-01-02,34.98,16.5,25.74,0.01,0.49,10.69,32.49
2019-01-03,37.58,16.38,27.91,0.0,0.49,9.22,33.58
2019-01-04,44.95,21.48,32.2,0.0,0.49,8.96,32.39
2019-01-05,27.88,14.91,20.56,0.13,0.48,6.38,26.41
2019-01-06,30.16,12.94,21.68,0.04,0.48,5.38,34.16
2019-01-07,32.28,14.36,24.01,0.0,0.48,7.63,30.47
2019-01-08,34.53,18.37,26.33,0.0,0.48,6.06,33.27
2019-01-09,28.98,14.84,21.42,0.0,0.48,4.39,33.9
2019-01-10,26.27,11.77,19.79,0.0,0.48,1.86,24.95
2019-01-11,36.11,12.59,25.57,0.0,0.48,4.78,33.29
2019-01-12,42.37,21.52,31.0,0.0,0.48,3.62,33.1
2019-01-13,37.79,14.8,26.26,0.0,0.48,4.63,33.5
2019-01-14,41.82,17.17,30.64,0.0,0.48,5.15,33.72
2019-01-15,43.53,25.72,34.75,0.0,0.47,3.19,25.61
2019-01-16,44.45,23.72,33.55,0.0,0.47,6.86,24.22
2019-01-17,38.49,29.44,33.29,0.01,0.47,12.23,22.2
2019-01-18,37.54,21.45,30.29,0.66,0.47,13.42,19.45
2019-01-19,33.32,15.33,24.16,0.0,0.47,4.25,33.15
2019-01-20,36.87,15.89,26.56,0.0,0.47,9.0,31.94
2019-01-21,38.77,18.08,28.99,0.0,0.47,10.17,23.73
2019-01-22,41.91,20.15,31.92,0.0,0.47,9.12,30.79
2019-01-23,40.71,22.71,31.37,0.0,0.47,8.26,31.12
2019-01-24,43.47,20.73,32.63,0.0,0.47,9.64,32.02
2019-01-25,46.64,25.23,36.09,0.0,0.47,11.35,29.08
2019-01-26,36.17,20.11,27.64,0.76,0.47,8.62,26.01
2019-01-27,30.75,17.38,23.23,0.22,0.47,6.69,16.53
2019-01-28,35.58,16.14,26.46,0.02,0.47,5.56,31.34
2019-01-29,37.6,18.86,28.84,0.0,0.47,5.75,30.98
2019-01-30,40.99,20.35,31.36,0.2,0.47,8.49,27.1
2019-01-31,29.66,16.53,22.98,0.01,0.47,4.79,31.77
2019-02-01,31.44,12.58,21.66,0.0,0.47,0.0,32.16
2019-02-02,38.07,14.01,26.61,0.0,0.47,3.89,31.6
2019-02-03,42.74,20.8,32.84,0.05,0.47,5.61,26.89
2019-02-04,34.33,20.26,26.85,0.35,0.47,11.13,25.49
2019-02-05,34.68,15.99,25.5,0.04,0.47,8.75,29.84
2019-02-06,37.0,21.6,28.36,12.55,0.48,15.16,14.2
2019-02-07,32.82,19.06,25.84,0.52,0.5,15.23,27.3
2019-02-08,28.41,15.23,21.92,0.03,0.49,9.97,29.51
2019-02-09,23.86,12.63,17.51,1.96,0.49,6.23,24.83
2019-02-10,26.28,10.07,18.32,0.0,0.49,7.84,30.03
2019-02-11,29.3,14.03,21.74,0.02,0.49,11.48,28.36
2019-02-12,21.69,11.69,17.47,1.83,0.49,6.69,19.62
2019-02-13,22.78,9.64,15.96,0.07,0.49,3.94,28.29
2019-02-14,26.4,9.41,18.35,0.02,0.48,6.1,29.58
2019-02-15,32.17,13.77,23.37,0.03,0.48,8.61,29.21
2019-02-16,33.61,16.41,24.3,0.0,0.48,9.49,28.47
2019-02-17,34.73,16.9,26.06,0.0,0.48,8.74,24.22
2019-02-18,31.94,16.38,25.79,0.0,0.48,7.64,17.55
2019-02-19,26.45,12.2,19.07,0.0,0.48,4.09,28.66
2019-02-20,28.63,11.18,19.93,0.01,0.48,6.49,28.71
2019-02-21,29.61,12.32,20.73,0.05,0.48,7.3,28.33
2019-02-22,32.72,13.49,22.74,0.0,0.48,6.78,28.21
2019-02-23,32.9,13.75,23.01,0.0,0.48,6.48,28.47
2019-02-24,35.08,16.69,25.91,0.0,0.48,6.81,27.98
2019-02-25,35.13,17.58,26.53,0.0,0.47,3.07,26.43
2019-02-26,37.37,20.25,28.63,0.0,0.47,4.99,26.77
2019-02-27,37.74,16.86,27.17,0.0,0.47,8.38,27.19
2019-02-28,39.14,22.53,30.84,0.0,0.47,7.18,25.08
2019-03-01,38.97,22.93,30.9,0.0,0.47,7.99,25.64
2019-03-02,37.94,22.5,30.17,0.0,0.47,7.46,26.7
2019-03-03,38.42,24.01,30.78,0.0,0.47,7.56,20.03
2019-03-04,38.49,21.99,29.51,0.01,0.47,10.01,14.0
2019-03-05,32.71,18.24,26.15,0.22,0.47,8.67,21.95
2019-03-06,22.44,12.31,17.07,0.64,0.47,2.28,23.99
2019-03-07,25.81,8.66,17.08,0.01,0.47,-2.02,25.68
2019-03-08,30.32,12.71,22.06,0.0,0.47,-2.44,19.82
2019-03-09,31.68,18.05,24.58,0.0,0.47,7.2,24.02
2019-03-10,29.99,16.95,22.52,0.04,0.47,11.5,11.44
2019-03-11,28.61,16.28,21.49,1.08,0.47,11.22,21.73
2019-03-12,24.54,13.46,18.03,0.38,0.48,6.56,20.91
2019-03-13,21.91,9.81,15.74,0.0,0.48,2.92,18.26
2019-03-14,27.7,11.21,19.16,0.0,0.48,2.89,24.27
2019-03-15,28.86,11.28,19.64,0.01,0.47,5.43,24.5
2019-03-16,31.67,13.08,22.36,0.06,0.47,7.71,23.9
2019-03-17,32.92,16.73,24.92,0.0,0.47,7.34,22.91
2019-03-18,33.13,15.23,23.78,0.0,0.47,9.0,23.06
2019-03-19,32.49,15.49,23.57,0.0,0.47,9.86,22.15
2019-03-20,32.43,15.21,23.48,0.0,0.47,10.45,22.05
2019-03-21,31.94,16.52,24.17,0.0,0.47,12.15,17.64
2019-03-22,34.94,19.51,27.21,0.28,0.47,13.38,21.56
2019-03-23,32.75,20.65,26.27,0.02,0.47,12.31,18.53
2019-03-24,29.0,18.24,22.76,1.73,0.47,13.87,10.77
2019-03-25,20.82,11.12,16.8,0.84,0.48,4.5,17.73
2019-03-26,23.93,10.36,16.4,0.57,0.48,4.42,21.85
2019-03-27,26.09,9.62,18.15,0.01,0.48,4.12,22.1
2019-03-28,29.16,13.53,21.27,0.0,0.48,0.88,21.37
2019-03-29,31.22,11.15,20.49,1.58,0.48,2.42,14.19
2019-03-30,17.18,7.1,12.32,0.09,0.48,2.47,18.97
2019-03-31,21.88,10.67,15.65,1.03,0.48,9.45,12.33
2019-04-01,22.95,10.67,15.99,0.01,0.48,7.77,19.71
2019-04-02,27.19,9.69,18.49,0.0,0.48,5.78,18.71
2019-04-03,29.64,13.93,21.07,0.2,0.48,7.19,15.52
2019-04-04,28.05,14.54,20.09,0.01,0.48,9.11,15.52
2019-04-05,31.29,16.28,23.77,0.0,0.48,9.21,17.41
2019-04-06,23.75,13.85,18.35,0.25,0.48,7.75,18.77
2019-04-07,28.35,10.53,19.2,0.02,0.48,4.8,19.26
2019-04-08,24.04,11.37,17.1,1.35,0.48,9.98,16.51
2019-04-09,19.17,9.55,13.86,0.88,0.48,4.31,18.87
2019-04-10,19.64,5.59,12.39,0.01,0.48,3.31,19.46
2019-04-11,22.14,6.7,14.07,0.0,0.48,4.09,18.87
2019-04-12,25.01,7.01,15.99,0.0,0.48,1.25,19.24
2019-04-13,22.37,12.26,17.21,0.0,0.48,4.17,12.02
2019-04-14,25.85,11.03,18.11,0.08,0.48,9.77,8.59
2019-04-15,28.16,13.57,20.39,0.0,0.48,8.22,15.88
2019-04-16,33.47,16.65,24.19,0.0,0.48,4.2,16.96
2019-04-17,30.06,18.22,23.77,0.65,0.48,8.35,12.23
2019-04-18,21.52,11.91,16.47,0.0,0.48,2.05,15.49
2019-04-19,26.86,9.19,17.39,0.03,0.48,4.85,15.96
2019-04-20,31.69,13.72,22.18,0.0,0.48,4.63,15.92
2019-04-21,22.53,16.23,20.22,0.03,0.48,9.89,9.97
2019-04-22,22.33,11.86,16.53,0.0,0.48,5.14,12.05
2019-04-23,26.04,10.97,18.19,0.0,0.48,8.31,8.93
2019-04-24,26.41,12.6,18.65,0.02,0.48,8.16,10.11
2019-04-25,23.15,9.08,15.82,0.02,0.48,7.46,15.98
2019-04-26,18.7,7.66,14.0,0.42,0.48,4.48,11.15
2019-04-27,19.06,5.27,11.84,0.0,0.48,2.62,15.83
2019-04-28,20.88,9.18,14.15,0.22,0.48,7.62,12.26
2019-04-29,20.37,6.62,12.87,0.04,0.48,5.95,15.37
2019-04-30,21.8,7.89,14.89,0.0,0.48,3.07,12.05
2019-05-01,21.57,14.7,18.36,7.79,0.48,10.26,9.14
2019-05-02,22.53,11.19,16.36,1.11,0.49,9.07,9.89
2019-05-03,19.59,8.47,13.61,0.63,0.49,6.87,13.6
2019-05-04,18.21,8.63,12.66,0.54,0.49,7.61,12.02
2019-05-05,18.01,7.5,11.83,0.16,0.49,7.21,12.94
2019-05-06,18.77,6.88,12.3,0.51,0.49,6.55,14.08
2019-05-07,21.62,5.9,13.41,4.31,0.49,4.93,13.61
2019-05-08,17.08,8.15,11.85,0.38,0.5,6.49,11.26
2019-05-09,18.42,7.18,11.83,12.15,0.51,5.63,7.62
2019-05-10,13.53,5.73,9.52,1.35,0.52,5.1,8.58
2019-05-11,18.08,4.37,10.75,0.58,0.52,6.68,9.87
2019-05-12,18.58,6.89,12.29,0.25,0.52,8.93,8.68
2019-05-13,18.55,5.91,11.38,0.01,0.52,7.48,12.61
2019-05-14,19.68,5.56,12.32,0.01,0.51,6.6,12.57
2019-05-15,19.49,7.21,12.61,0.15,0.51,8.11,11.5
2019-05-16,18.67,5.32,11.4,0.07,0.51,6.5,12.59
2019-05-17,19.2,5.01,11.25,0.0,0.51,5.77,13.16
2019-05-18,22.17,5.13,12.8,0.05,0.51,6.21,11.87
2019-05-19,24.57,10.45,16.65,0.02,0.51,8.03,11.03
2019-05-20,21.6,11.44,15.84,1.03,0.51,9.54,11.26
2019-05-21,17.74,9.79,13.2,0.0,0.51,8.92,8.68
2019-05-22,22.45,7.57,13.67,0.0,0.51,6.1,11.82
2019-05-23,24.53,6.6,14.89,0.0,0.51,6.39,12.04
2019-05-24,22.24,12.52,16.21,0.25,0.51,9.48,4.75
2019-05-25,19.95,9.03,14.19,6.06,0.5,9.68,10.32
2019-05-26,16.17,7.14,11.4,4.35,0.52,6.59,8.96
2019-05-27,13.77,6.19,9.71,2.99,0.53,3.58,11.15
2019-05-28,15.53,6.6,11.4,3.67,0.53,8.31,8.45
2019-05-29,10.95,3.81,8.4,1.02,0.53,4.05,9.95
2019-05-30,13.22,3.57,7.47,0.3,0.53,3.73,10.32
2019-05-31,15.81,6.21,10.56,1.04,0.53,7.98,7.38
2019-06-01,17.06,6.61,10.86,0.01,0.53,7.95,10.32
2019-06-02,13.46,5.43,9.17,3.04,0.53,7.28,6.45
2019-06-03,13.6,5.12,8.44,2.02,0.54,5.2,9.83
2019-06-04,13.15,4.51,7.73,0.27,0.54,4.38,8.77
2019-06-05,13.62,4.3,8.16,0.18,0.53,4.63,7.05
2019-06-06,15.12,4.07,8.96,0.15,0.53,7.04,5.28
2019-06-07,17.02,5.73,9.78,0.08,0.53,6.56,10.89
2019-06-08,17.33,3.0,8.85,0.0,0.53,3.49,11.25
2019-06-09,18.89,5.78,11.4,0.75,0.53,6.74,6.09
2019-06-10,18.35,10.06,12.92,0.74,0.53,8.05,10.3
2019-06-11,19.38,5.35,12.25,0.0,0.53,6.3,11.02
2019-06-12,16.56,10.92,13.01,10.31,0.54,10.7,3.0
2019-06-13,16.53,5.88,10.98,0.25,0.55,8.03,9.61
2019-06-14,16.58,7.51,11.21,0.64,0.55,7.77,9.62
2019-06-15,15.45,7.4,10.91,0.8,0.55,8.37,7.32
2019-06-16,16.35,7.95,11.19,0.04,0.55,6.48,9.2
2019-06-17,16.48,4.54,9.96,0.0,0.55,4.25,10.77
2019-06-18,13.14,3.93,9.15,0.21,0.55,4.8,9.36
2019-06-19,12.36,1.88,6.08,0.08,0.54,2.73,9.63
2019-06-20,11.88,2.32,5.87,0.78,0.54,2.78,7.59
2019-06-21,12.13,1.08,5.32,0.04,0.54,3.47,10.85
2019-06-22,12.82,3.14,6.33,0.01,0.54,3.22,10.3
2019-06-23,12.76,2.16,5.88,0.46,0.54,3.07,10.79
2019-06-24,15.49,0.72,6.72,0.01,0.54,2.85,10.81
2019-06-25,17.47,3.83,9.09,0.0,0.54,4.54,10.42
2019-06-26,18.01,3.3,9.07,0.0,0.54,6.02,11.0
2019-06-27,18.38,5.03,10.49,0.01,0.54,6.61,10.96
2019-06-28,15.53,7.63,11.86,0.08,0.54,8.43,10.11
2019-06-29,14.21,7.43,11.53,15.49,0.55,9.12,3.12
2019-06-30,14.02,5.83,8.83,0.23,0.57,4.72,9.09
2019-07-01,12.51,3.75,7.22,0.0,0.56,1.87,6.12
2019-07-02,16.0,2.18,8.44,0.05,0.56,4.84,9.8
2019-07-03,15.97,5.58,9.42,0.01,0.56,6.81,7.74
2019-07-04,15.45,4.52,8.41,0.09,0.56,6.23,11.05
2019-07-05,17.99,5.19,10.09,0.0,0.56,7.31,11.0
2019-07-06,19.22,7.01,11.9,0.01,0.56,8.18,10.77
2019-07-07,15.92,9.1,11.54,7.3,0.56,9.12,2.39
2019-07-08,15.25,5.98,9.66,0.38,0.57,7.57,10.61
2019-07-09,14.21,4.27,8.64,0.35,0.57,6.61,8.99
2019-07-10,16.06,5.4,10.94,11.22,0.57,4.03,10.25
2019-07-11,15.05,7.78,10.74,0.72,0.59,6.6,8.53
2019-07-12,13.98,6.39,10.47,5.56,0.59,8.57,7.0
2019-07-13,11.57,3.49,6.85,0.18,0.59,3.47,10.47
2019-07-14,13.01,2.63,8.32,1.73,0.59,5.93,7.18
2019-07-15,13.65,8.3,10.58,0.33,0.59,7.93,8.94
2019-07-16,15.09,8.33,10.77,0.18,0.59,7.82,6.72
2019-07-17,14.59,8.01,10.59,3.07,0.59,8.22,7.77
2019-07-18,14.21,5.24,8.9,0.44,0.59,6.1,10.98
2019-07-19,15.48,6.25,9.62,0.78,0.59,6.98,9.63
2019-07-20,17.05,3.6,9.68,0.0,0.59,3.2,12.38
2019-07-21,15.39,5.45,9.53,0.0,0.59,2.31,11.74
2019-07-22,16.69,3.71,9.62,0.35,0.59,1.87,12.39
2019-07-23,15.09,7.71,10.87,4.84,0.59,6.95,9.4
2019-07-24,13.05,4.93,8.74,0.31,0.59,6.47,9.93
2019-07-25,16.49,4.86,10.78,0.02,0.59,6.36,7.87
2019-07-26,14.03,8.05,10.86,0.4,0.59,7.43,5.22
2019-07-27,14.42,7.33,10.23,0.56,0.59,8.44,7.5
2019-07-28,16.66,6.29,10.73,0.17,0.59,7.69,11.22
2019-07-29,14.63,6.32,10.81,0.76,0.59,8.64,6.6
2019-07-30,12.82,3.78,7.62,0.65,0.59,4.48,9.3
2019-07-31,14.53,1.6,7.02,0.04,0.59,3.58,11.25
2019-08-01,14.26,2.62,7.9,0.11,0.59,4.82,6.63
2019-08-02,14.34,4.01,7.87,0.22,0.59,5.68,6.65
2019-08-03,14.7,3.15,8.59,0.26,0.58,6.07,6.2
2019-08-04,13.55,4.91,9.06,0.17,0.58,5.99,7.03
2019-08-05,16.24,4.0,9.27,0.0,0.58,4.47,13.2
2019-08-06,17.2,3.9,9.1,0.0,0.58,1.84,13.33
2019-08-07,15.42,3.96,8.43,6.9,0.58,4.93,8.08
2019-08-08,12.69,5.43,8.96,5.56,0.59,5.21,9.95
2019-08-09,11.3,5.23,7.87,3.3,0.6,3.84,13.15
2019-08-10,11.13,4.44,6.97,2.41,0.6,4.9,12.0
2019-08-11,12.26,4.35,7.64,3.16,0.6,5.02,12.65
2019-08-12,13.02,3.25,6.62,0.62,0.6,3.24,13.58
2019-08-13,12.9,1.36,6.87,0.47,0.6,4.63,8.49
2019-08-14,14.01,2.59,7.7,0.04,0.6,3.14,15.58
2019-08-15,18.17,1.81,9.36,0.0,0.6,1.17,14.16
2019-08-16,18.06,5.48,11.28,0.4,0.6,4.61,7.59
2019-08-17,15.74,4.19,8.49,0.07,0.6,3.07,15.14
2019-08-18,13.41,5.37,8.64,2.95,0.6,3.72,8.37
2019-08-19,12.16,3.55,7.37,0.73,0.6,3.39,14.19
2019-08-20,14.88,4.06,9.79,1.35,0.6,7.38,11.89
2019-08-21,17.06,9.13,12.54,0.82,0.6,9.26,11.23
2019-08-22,15.72,4.46,10.63,0.44,0.6,6.65,13.57
2019-08-23,16.23,1.51,8.13,0.0,0.59,2.46,17.13
2019-08-24,20.82,3.81,11.07,0.27,0.59,3.63,15.69
2019-08-25,14.01,4.09,7.88,0.26,0.59,3.61,14.23
2019-08-26,14.18,2.19,7.5,0.01,0.59,3.71,16.76
2019-08-27,15.95,2.28,8.79,0.0,0.58,4.88,15.38
2019-08-28,13.34,3.68,7.66,3.31,0.58,6.12,10.43
2019-08-29,14.62,1.36,7.04,0.0,0.59,2.12,16.07
2019-08-30,17.5,1.04,8.88,0.0,0.59,2.64,17.88
2019-08-31,20.07,3.1,10.94,0.0,0.58,2.36,18.78
2019-09-01,19.28,6.24,12.22,1.23,0.58,5.03,13.41
2019-09-02,18.01,2.73,10.21,0.14,0.58,3.62,15.6
2019-09-03,22.62,7.73,14.01,0.72,0.58,6.65,18.67
2019-09-04,16.83,6.43,11.47,0.01,0.58,8.1,8.18
2019-09-05,20.95,9.07,13.8,0.67,0.57,9.55,15.23
2019-09-06,13.29,7.76,10.17,2.58,0.57,6.22,13.27
2019-09-07,14.11,5.6,9.34,1.3,0.58,5.66,14.63
2019-09-08,14.7,6.26,9.21,5.13,0.58,5.93,12.83
2019-09-09,15.07,3.14,8.61,0.02,0.58,3.31,19.4
2019-09-10,16.2,2.17,8.63,0.04,0.58,4.5,19.61
2019-09-11,19.88,3.85,11.22,0.0,0.58,4.38,20.3
2019-09-12,21.44,6.75,13.04,0.0,0.57,4.84,18.96
2019-09-13,19.99,4.26,11.25,0.0,0.57,6.51,20.38
2019-09-14,20.23,5.69,12.06,0.0,0.57,3.78,21.38
2019-09-15,24.86,9.14,15.58,2.06,0.57,6.54,14.6
2019-09-16,14.08,4.08,10.1,2.82,0.57,5.27,8.24
2019-09-17,16.56,1.29,8.12,0.01,0.57,0.87,22.39
2019-09-18,20.48,1.61,10.72,0.0,0.57,3.39,22.21
2019-09-19,25.34,7.59,16.0,0.0,0.56,5.78,19.9
2019-09-20,27.89,13.85,20.12,0.0,0.56,7.27,17.23
2019-09-21,17.99,7.21,13.32,4.7,0.56,7.15,15.74
2019-09-22,16.68,3.09,10.0,1.24,0.56,3.98,17.4
2019-09-23,16.67,6.49,10.93,0.6,0.56,6.01,18.24
2019-09-24,17.4,3.6,10.31,0.16,0.56,4.85,15.18
2019-09-25,18.41,4.46,11.33,0.02,0.56,5.25,17.95
2019-09-26,20.08,5.64,13.01,0.0,0.55,4.39,20.7
2019-09-27,23.77,5.42,13.9,0.14,0.55,3.7,19.48
2019-09-28,18.57,2.63,10.45,0.0,0.55,2.66,23.8
2019-09-29,18.54,4.27,11.1,0.0,0.55,4.4,22.16
2019-09-30,19.19,6.02,11.49,0.0,0.54,4.1,24.25
2019-10-01,24.09,3.25,13.72,0.0,0.54,2.62,25.2
2019-10-02,29.05,6.41,17.52,0.0,0.54,1.63,19.75
2019-10-03,25.95,9.09,17.4,0.0,0.53,7.25,21.93
2019-10-04,23.84,8.78,15.63,0.4,0.53,9.95,18.68
2019-10-05,26.87,10.61,18.87,0.03,0.53,10.57,15.66
2019-10-06,25.62,13.12,19.52,0.04,0.53,10.73,23.74
2019-10-07,19.34,9.1,13.85,0.39,0.53,6.63,13.41
2019-10-08,16.66,6.51,11.05,0.87,0.53,4.96,19.6
2019-10-09,19.45,3.47,11.49,0.03,0.52,4.64,25.59
2019-10-10,20.63,6.53,12.8,0.07,0.52,5.5,25.71
2019-10-11,20.6,8.13,13.49,0.06,0.52,5.62,25.67
2019-10-12,23.97,6.84,15.45,0.0,0.52,5.29,26.03
2019-10-13,26.34,10.45,17.98,0.03,0.52,5.4,16.77
2019-10-14,26.56,12.54,18.84,0.24,0.51,9.05,25.61
2019-10-15,24.02,7.81,15.6,0.12,0.51,6.76,24.88
2019-10-16,18.48,9.4,14.93,5.59,0.52,10.5,12.96
2019-10-17,19.09,7.07,12.47,0.63,0.52,3.62,24.44
2019-10-18,24.27,5.47,14.05,0.07,0.52,3.64,26.79
2019-10-19,18.16,7.43,12.19,1.59,0.51,4.15,21.49
2019-10-20,21.79,5.16,13.09,0.18,0.51,5.4,27.03
2019-10-21,25.73,6.29,15.62,0.0,0.51,6.67,27.74
2019-10-22,28.96,8.09,18.41,0.0,0.51,6.33,28.19
2019-10-23,32.28,9.6,21.22,0.0,0.51,3.94,28.54
2019-10-24,36.02,14.07,25.29,0.0,0.5,1.53,28.35
2019-10-25,26.07,12.63,20.03,0.01,0.5,4.98,23.96
2019-10-26,19.43,8.81,13.77,3.3,0.5,4.04,25.43
2019-10-27,19.2,6.57,13.38,1.54,0.5,6.19,18.92
2019-10-28,25.84,5.67,16.33,0.0,0.5,2.54,29.44
2019-10-29,31.64,9.52,21.73,0.0,0.5,0.45,29.9
2019-10-30,34.96,13.68,24.15,0.0,0.49,1.66,29.03
2019-10-31,34.19,15.05,24.74,0.0,0.49,7.77,28.53
2019-11-01,33.53,19.78,27.36,0.35,0.49,11.1,21.33
2019-11-02,24.82,14.41,17.51,15.25,0.5,12.27,11.0
2019-11-03,25.34,11.54,18.42,1.47,0.51,8.74,16.45
2019-11-04,18.81,6.81,13.25,2.66,0.51,4.68,20.86
2019-11-05,22.24,5.74,13.63,0.03,0.51,3.6,29.82
2019-11-06,25.58,9.15,16.55,0.35,0.51,6.05,28.2
2019-11-07,19.69,9.78,14.59,3.06,0.51,7.68,20.72
2019-11-08,16.14,6.8,12.13,6.63,0.52,5.14,23.14
2019-11-09,20.76,4.81,12.41,0.21,0.52,4.58,26.69
2019-11-10,24.02,8.26,15.29,0.11,0.52,6.77,26.73
2019-11-11,31.8,9.23,21.53,0.0,0.51,1.39,29.92
2019-11-12,21.05,8.67,15.33,0.17,0.51,1.98,29.58
2019-11-13,21.87,5.72,13.59,0.87,0.51,5.06,24.78
2019-11-14,24.42,8.51,16.19,0.61,0.51,7.95,25.41
2019-11-15,23.49,9.68,15.84,0.21,0.5,6.79,21.31
2019-11-16,22.02,5.75,13.79,0.05,0.5,3.36,23.59
2019-11-17,23.09,6.27,14.75,0.03,0.5,4.77,30.91
2019-11-18,31.2,9.63,20.04,0.0,0.5,5.01,32.09
2019-11-19,30.85,10.77,21.07,0.0,0.49,7.18,31.46
2019-11-20,39.23,12.07,26.17,0.0,0.49,7.56,29.81
2019-11-21,39.89,14.51,25.54,0.0,0.48,6.9,23.51
2019-11-22,27.44,9.49,18.41,0.0,0.48,3.85,32.89
2019-11-23,26.71,10.6,18.61,0.0,0.48,6.21,30.01
2019-11-24,28.56,9.15,19.69,0.0,0.48,1.49,33.45
2019-11-25,33.97,12.18,24.13,0.52,0.48,1.68,18.19
2019-11-26,20.95,10.47,15.21,0.57,0.48,3.26,31.42
2019-11-27,27.53,6.92,17.36,0.0,0.48,0.01,32.97
2019-11-28,30.46,9.42,20.43,0.03,0.48,1.75,31.5
2019-11-29,29.77,12.82,20.55,0.06,0.48,5.84,27.52
2019-11-30,22.22,9.18,15.87,0.38,0.48,3.8,28.04
2019-12-01,19.53,9.48,12.96,4.89,0.48,6.11,13.86
2019-12-02,19.67,7.89,13.42,1.05,0.49,4.34,21.22
2019-12-03,24.79,9.31,15.84,0.23,0.49,6.76,26.13
2019-12-04,26.73,11.99,18.3,0.0,0.48,6.87,30.44
2019-12-05,28.99,9.88,18.82,0.0,0.48,7.29,32.6
2019-12-06,27.62,10.94,18.73,0.0,0.48,5.57,33.36
2019-12-07,28.96,8.56,18.84,0.0,0.48,4.36,33.49
2019-12-08,34.79,12.07,23.72,0.0,0.48,4.61,32.95
2019-12-09,42.15,19.38,29.62,0.03,0.48,3.25,30.38
2019-12-10,31.39,15.34,22.98,0.0,0.48,6.87,33.66
2019-12-11,30.4,11.94,21.2,0.0,0.48,4.62,33.48
2019-12-12,27.95,11.84,19.59,0.0,0.48,5.39,34.11
2019-12-13,26.68,10.55,18.62,0.22,0.48,7.34,30.55
2019-12-14,29.34,12.79,21.1,0.01,0.48,8.15,32.23
2019-12-15,30.48,13.63,22.13,0.03,0.48,4.65,30.52
2019-12-16,33.26,12.94,22.97,0.0,0.47,6.81,33.04
2019-12-17,38.55,16.19,27.99,0.0,0.47,5.14,32.24
2019-12-18,42.97,20.77,32.56,0.0,0.47,3.88,32.08
2019-12-19,42.71,22.46,32.74,0.0,0.47,5.32,32.5
2019-12-20,46.88,21.66,34.73,0.2,0.47,5.6,30.47
2019-12-21,31.85,17.46,25.6,0.02,0.47,6.12,31.01
2019-12-22,33.67,11.87,22.64,0.05,0.47,-0.52,28.97
2019-12-23,35.32,13.21,25.06,0.0,0.47,-0.41,29.75
2019-12-24,36.83,15.96,26.66,0.0,0.47,3.62,32.46
2019-12-25,37.44,16.73,27.84,0.0,0.47,7.52,33.06
2019-12-26,37.68,18.26,28.05,0.0,0.47,5.44,33.64
2019-12-27,39.56,15.6,28.5,0.0,0.47,3.79,32.82
2019-12-28,38.71,25.31,30.12,0.0,0.47,8.82,11.03
2019-12-29,43.08,22.43,33.52,0.0,0.47,10.43,29.53
2019-12-30,44.95,25.94,35.62,0.44,0.47,8.6,25.47
2019-12-31,29.84,16.98,23.28,0.0,0.47,1.68,33.51
2020-01-01,31.99,13.88,23.16,0.01,0.47,1.82,34.51
2020-01-02,35.46,14.92,25.58,0.0,0.47,2.61,34.28
2020-01-03,39.91,16.1,28.69,0.0,0.47,1.19,33.69
2020-01-04,34.65,17.46,26.52,0.0,0.47,4.45,31.31
2020-01-05,19.86,14.88,17.18,0.87,0.47,5.36,9.31
2020-01-06,31.25,12.62,21.26,1.0,0.47,9.09,22.6
2020-01-07,33.32,14.15,23.94,0.0,0.47,6.45,33.03
2020-01-08,36.23,15.54,25.97,0.0,0.47,5.59,33.2
2020-01-09,38.97,16.78,28.1,0.0,0.47,6.53,32.22
2020-01-10,36.74,16.19,25.16,3.74,0.47,7.79,14.64
2020-01-11,28.03,13.31,19.81,0.0,0.48,4.94,32.97
2020-01-12,30.53,11.76,21.06,0.01,0.48,6.97,32.94
2020-01-13,34.88,14.72,25.58,0.0,0.48,8.65,31.82
2020-01-14,39.32,20.43,30.86,0.0,0.48,9.46,29.13
2020-01-15,39.86,20.96,31.82,1.72,0.48,12.25,27.91
2020-01-16,29.54,15.31,21.71,0.55,0.48,6.69,32.09
2020-01-17,29.72,10.36,20.27,0.0,0.48,6.21,33.21
2020-01-18,32.13,13.59,23.3,0.0,0.48,7.3,24.95
2020-01-19,33.21,15.28,24.65,1.7,0.48,7.07,21.96
2020-01-20,27.91,15.63,22.13,4.55,0.49,13.26,15.78
2020-01-21,28.81,12.82,20.6,0.03,0.49,8.38,31.94
2020-01-22,34.87,15.39,25.14,2.44,0.48,8.48,12.52
2020-01-23,23.58,12.63,17.76,7.09,0.5,8.17,24.0
2020-01-24,26.0,10.12,18.25,0.01,0.5,8.25,29.74
2020-01-25,29.86,12.73,21.64,0.0,0.49,11.03,31.7
2020-01-26,32.07,15.38,23.83,0.0,0.49,12.91,30.72
2020-01-27,31.95,15.3,23.69,0.0,0.49,9.65,28.26
2020-01-28,33.92,15.02,24.26,0.0,0.48,7.85,28.92
2020-01-29,37.14,15.08,26.91,0.0,0.48,6.91,31.94
2020-01-30,41.9,19.65,31.44,0.0,0.48,2.37,32.04
2020-01-31,44.08,26.54,34.56,4.82,0.48,13.41,23.47
2020-02-01,34.27,19.04,27.35,18.1,0.51,21.18,13.87
2020-02-02,27.91,14.61,20.35,1.16,0.52,9.56,29.33
2020-02-03,24.37,12.34,17.57,0.35,0.51,5.26,29.2
2020-02-04,27.38,8.95,17.88,0.0,0.51,3.89,31.91
2020-02-05,30.48,10.48,20.33,0.0,0.5,7.02,31.13
2020-02-06,32.24,13.04,22.87,4.35,0.5,14.0,25.08
2020-02-07,28.36,19.62,23.61,3.93,0.51,16.0,24.06
2020-02-08,32.79,17.41,25.05,0.17,0.51,14.28,22.28
2020-02-09,28.2,19.78,23.51,0.42,0.5,14.02,19.55
2020-02-10,28.05,18.23,23.2,0.99,0.5,15.18,18.69
2020-02-11,31.58,18.35,24.77,0.09,0.5,16.34,25.81
2020-02-12,33.55,16.83,25.14,0.02,0.5,15.98,26.89
2020-02-13,35.56,19.8,28.01,0.0,0.49,17.6,25.0
2020-02-14,35.33,23.37,28.97,3.77,0.49,18.47,16.86
2020-02-15,31.08,18.37,24.16,0.59,0.49,15.46,25.67
2020-02-16,30.7,14.29,22.45,0.56,0.49,12.66,27.91
2020-02-17,32.43,15.55,24.38,0.0,0.49,12.48,28.4
2020-02-18,27.63,15.55,22.12,2.39,0.49,11.51,25.58
2020-02-19,24.48,12.92,17.76,2.54,0.49,9.35,22.13
2020-02-20,24.9,9.36,17.23,0.06,0.49,7.67,26.66
2020-02-21,26.94,10.42,18.27,0.07,0.49,7.49,27.91
2020-02-22,29.05,11.03,19.75,0.0,0.49,7.63,28.48
2020-02-23,34.89,13.1,25.04,0.0,0.48,11.62,26.95
2020-02-24,32.91,22.18,26.45,0.96,0.48,13.74,24.81
2020-02-25,35.5,19.28,27.03,0.12,0.48,11.14,24.87
2020-02-26,25.09,12.73,18.95,0.7,0.48,6.19,22.9
2020-02-27,25.13,9.03,16.93,0.03,0.48,4.79,27.92
2020-02-28,26.37,12.51,19.23,0.97,0.48,10.07,24.62
2020-02-29,29.33,12.73,21.09,0.0,0.48,10.74,24.21
2020-03-01,34.57,17.66,25.49,3.51,0.48,9.15,24.22
2020-03-02,24.96,13.42,18.8,2.13,0.49,7.64,23.66
2020-03-03,25.61,11.07,17.47,0.67,0.49,6.81,18.94
2020-03-04,28.22,13.41,19.98,24.2,0.5,13.64,5.26
2020-03-05,27.16,17.57,21.65,6.61,0.54,15.97,16.96
2020-03-06,25.91,14.05,19.2,0.04,0.54,11.13,17.35
2020-03-07,26.1,10.57,17.7,0.12,0.53,9.36,25.04
2020-03-08,26.97,11.12,18.51,0.01,0.53,9.99,25.15
2020-03-09,26.86,11.52,18.55,0.0,0.52,8.84,23.38
2020-03-10,29.3,11.39,20.43,0.0,0.52,11.2,23.27
2020-03-11,31.34,17.12,23.9,0.0,0.52,12.42,19.37
2020-03-12,32.14,17.23,24.06,0.0,0.51,10.01,22.18
2020-03-13,32.56,11.92,21.77,0.82,0.51,11.33,20.5
2020-03-14,22.57,9.31,15.01,0.0,0.51,3.6,24.78
2020-03-15,24.55,9.23,16.27,0.0,0.51,7.87,23.89
2020-03-16,27.64,9.87,18.34,0.0,0.5,8.95,24.18
2020-03-17,29.18,13.34,21.06,0.0,0.5,10.9,23.31
2020-03-18,32.86,16.82,24.59,0.0,0.5,11.61,19.25
2020-03-19,34.71,18.47,25.69,0.08,0.49,10.78,15.9
2020-03-20,26.58,13.18,19.13,0.05,0.49,10.9,20.87
2020-03-21,25.33,10.87,17.92,0.06,0.49,9.09,21.91
2020-03-22,24.25,12.68,17.72,0.37,0.49,8.05,21.98
2020-03-23,23.77,8.12,15.65,0.0,0.49,5.17,22.32
2020-03-24,22.0,10.76,15.51,0.01,0.49,6.17,12.45
2020-03-25,23.62,8.71,15.45,0.02,0.49,6.26,22.14
2020-03-26,26.12,9.07,16.84,0.0,0.49,6.36,22.06
2020-03-27,27.36,11.67,20.05,0.0,0.49,11.35,17.55
2020-03-28,29.56,17.59,23.39,0.0,0.48,11.9,17.1
2020-03-29,28.88,17.63,22.19,2.11,0.48,12.59,9.75
2020-03-30,23.78,11.98,17.55,0.02,0.49,8.55,19.93
2020-03-31,24.85,10.12,17.73,0.0,0.49,8.07,20.85
2020-04-01,24.36,11.11,17.96,21.51,0.49,9.27,6.61
2020-04-02,23.78,12.17,17.54,1.85,0.53,12.02,11.01
2020-04-03,25.31,14.12,18.41,10.92,0.53,12.39,15.34
2020-04-04,16.38,9.05,13.1,4.67,0.55,7.44,15.29
2020-04-05,20.05,8.24,13.82,2.12,0.55,9.35,13.85
2020-04-06,19.92,8.72,13.6,0.42,0.55,8.36,16.87
2020-04-07,18.87,9.15,13.14,0.0,0.54,6.87,10.24
2020-04-08,21.98,8.12,14.54,0.0,0.54,9.1,17.04
2020-04-09,21.6,10.81,15.63,0.03,0.54,11.46,14.52
2020-04-10,21.33,12.96,16.5,0.19,0.54,11.21,14.28
2020-04-11,18.4,8.03,14.16,1.57,0.54,6.23,17.23
2020-04-12,19.14,6.28,12.23,0.03,0.54,5.83,18.34
2020-04-13,22.1,8.03,14.63,0.0,0.54,6.57,18.17
2020-04-14,25.85,9.59,16.88,0.0,0.53,5.43,17.24
2020-04-15,24.92,11.46,17.74,0.83,0.53,8.71,15.35
2020-04-16,22.8,10.34,17.07,0.15,0.53,8.67,15.73
2020-04-17,21.4,8.25,13.96,0.1,0.53,7.65,16.33
2020-04-18,17.51,7.68,12.34,0.12,0.53,7.85,11.32
2020-04-19,18.35,8.57,13.59,0.09,0.53,7.85,15.44
2020-04-20,21.92,9.78,16.12,0.96,0.53,7.03,12.25
2020-04-21,21.46,8.1,14.2,0.01,0.52,6.9,15.78
2020-04-22,20.73,8.81,14.69,0.31,0.52,8.91,15.51
2020-04-23,20.79,9.34,14.57,0.36,0.52,8.68,9.96
2020-04-24,21.91,10.56,15.65,0.05,0.52,9.74,14.94
2020-04-25,24.64,9.14,16.4,2.98,0.52,8.99,13.78
2020-04-26,20.74,9.01,15.48,5.52,0.53,10.16,11.12
2020-04-27,18.35,5.67,12.0,0.0,0.53,5.04,15.94
2020-04-28,20.74,6.61,13.17,1.41,0.53,7.51,8.7
2020-04-29,18.0,8.93,13.94,7.2,0.54,11.0,2.66
2020-04-30,13.73,6.51,10.03,7.08,0.55,6.06,11.98
2020-05-01,13.69,5.99,9.79,3.68,0.56,6.13,9.71
2020-05-02,15.62,6.3,10.43,1.34,0.56,5.73,9.16
2020-05-03,16.12,5.78,9.54,0.18,0.56,5.42,14.16
2020-05-04,16.81,5.56,10.46,0.07,0.56,6.67,11.8
2020-05-05,19.56,5.89,11.68,0.03,0.55,7.35,14.12
2020-05-06,20.51,7.34,12.89,0.01,0.55,6.5,12.29
2020-05-07,23.94,11.0,15.26,0.0,0.55,7.02,9.63
2020-05-08,18.82,8.09,12.91,0.08,0.55,8.44,12.26
2020-05-09,13.4,6.24,10.77,3.1,0.55,6.31,10.71
2020-05-10,13.92,4.56,8.65,0.25,0.55,4.95,12.09
2020-05-11,16.43,5.05,10.23,0.24,0.55,6.74,12.68
2020-05-12,17.31,7.33,10.99,0.02,0.55,4.45,10.73
2020-05-13,15.13,5.39,9.48,2.62,0.55,5.19,10.92
2020-05-14,15.05,2.46,7.77,0.0,0.55,2.6,13.46
2020-05-15,15.76,2.25,8.68,0.0,0.55,3.66,13.22
2020-05-16,18.72,2.39,10.31,0.0,0.55,4.15,12.14
2020-05-17,18.44,3.55,10.04,0.0,0.55,5.41,12.87
2020-05-18,20.25,4.87,11.86,0.0,0.55,6.95,11.32
2020-05-19,19.32,9.44,14.02,5.79,0.55,9.99,8.31
2020-05-20,15.62,8.29,11.59,6.54,0.56,6.05,10.97
2020-05-21,13.83,5.32,9.09,0.9,0.57,5.16,11.05
2020-05-22,13.54,4.39,8.58,0.56,0.57,6.15,7.83
2020-05-23,16.01,7.11,10.67,0.51,0.57,8.57,6.85
2020-05-24,14.84,5.81,9.68,0.14,0.56,5.9,8.96
2020-05-25,17.01,5.15,9.27,0.24,0.56,5.53,11.37
2020-05-26,17.27,4.37,10.64,0.0,0.56,6.68,10.62
2020-05-27,17.17,8.07,11.62,0.0,0.56,5.57,8.72
2020-05-28,16.03,6.87,11.41,0.18,0.56,9.42,10.01
2020-05-29,18.46,8.05,12.04,0.01,0.56,7.69,11.08
2020-05-30,18.06,5.61,11.58,0.7,0.56,5.02,11.28
2020-05-31,14.73,7.32,11.15,0.62,0.56,7.1,7.73
2020-06-01,11.49,4.18,8.64,3.26,0.56,4.47,8.65
2020-06-02,13.05,3.87,8.74,1.29,0.56,7.37,8.4
2020-06-03,14.9,4.76,9.65,0.06,0.56,5.26,9.46
2020-06-04,15.85,2.6,8.11,0.01,0.56,3.73,10.91
2020-06-05,15.5,2.12,8.34,0.0,0.56,3.11,11.11
2020-06-06,14.5,3.15,8.47,0.08,0.56,3.55,9.14
2020-06-07,12.7,3.97,7.96,0.45,0.56,4.54,9.99
2020-06-08,13.17,2.61,6.65,0.0,0.56,2.95,11.34
2020-06-09,13.38,0.74,6.85,0.03,0.56,3.06,8.82
2020-06-10,17.42,3.65,9.76,0.0,0.56,4.62,10.99
2020-06-11,16.83,4.85,9.97,0.01,0.56,3.91,10.58
2020-06-12,16.78,3.36,9.27,0.01,0.56,4.95,8.95
2020-06-13,15.33,5.69,10.02,4.43,0.56,6.87,5.55
2020-06-14,15.96,8.18,11.54,1.06,0.56,7.86,9.59
2020-06-15,17.43,8.86,12.66,3.84,0.57,10.16,8.29
2020-06-16,16.21,9.6,12.44,1.78,0.57,9.78,6.26
2020-06-17,15.53,6.3,9.92,0.21,0.57,6.79,8.46
2020-06-18,17.08,3.93,9.65,0.0,0.57,6.53,10.07
2020-06-19,19.4,6.28,12.02,1.03,0.57,7.72,10.4
2020-06-20,15.03,7.1,10.29,0.49,0.57,7.65,9.28
2020-06-21,11.22,6.94,8.85,2.58,0.57,7.09,6.87
2020-06-22,12.23,5.7,8.05,1.62,0.57,6.67,6.9
2020-06-23,16.2,7.15,10.74,2.52,0.58,8.52,7.65
2020-06-24,14.38,6.06,9.74,0.35,0.58,8.08,5.5
2020-06-25,16.29,5.34,9.78,0.27,0.58,6.9,10.36
2020-06-26,13.63,3.61,7.71,0.44,0.57,4.17,9.51
2020-06-27,13.27,1.23,6.9,0.01,0.57,2.53,7.9
2020-06-28,13.99,1.23,7.07,0.0,0.57,2.33,11.08
2020-06-29,14.83,0.82,6.81,0.0,0.57,3.67,10.42
2020-06-30,16.09,4.28,8.61,0.01,0.57,3.96,9.85
2020-07-01,18.9,3.53,10.88,2.09,0.57,2.34,10.55
2020-07-02,11.81,5.25,8.4,2.47,0.58,6.03,9.01
2020-07-03,12.16,3.64,7.17,4.76,0.58,5.77,7.9
2020-07-04,13.26,2.55,7.15,0.46,0.58,5.64,9.01
2020-07-05,12.44,6.24,8.69,0.26,0.58,6.48,6.37
2020-07-06,14.15,5.24,8.66,0.06,0.58,6.61,5.7
2020-07-07,14.21,5.64,9.21,0.08,0.58,6.6,6.75
2020-07-08,13.66,4.37,7.81,0.0,0.58,5.23,4.36
2020-07-09,15.2,3.47,7.94,0.03,0.58,4.53,8.27
2020-07-10,15.02,5.44,9.33,0.19,0.58,7.13,9.67
2020-07-11,10.73,5.41,7.71,3.51,0.58,6.88,7.7
2020-07-12,11.15,5.29,7.43,1.53,0.59,6.47,4.79
2020-07-13,16.83,5.8,9.88,0.13,0.59,6.86,11.32
2020-07-14,15.72,5.01,9.08,0.01,0.58,5.72,11.72
2020-07-15,14.21,4.15,7.41,0.01,0.58,5.09,11.73
2020-07-16,14.45,2.14,6.83,0.0,0.58,4.52,11.8
2020-07-17,13.31,1.96,6.27,0.02,0.58,3.69,11.43
2020-07-18,13.57,0.75,6.67,0.01,0.58,2.22,6.38
2020-07-19,15.17,1.85,8.28,1.79,0.58,3.66,9.63
2020-07-20,14.29,3.58,7.64,0.76,0.58,5.21,10.84
2020-07-21,13.73,4.24,8.06,0.49,0.58,5.88,9.86
2020-07-22,13.64,4.97,8.2,0.31,0.58,5.67,8.34
2020-07-23,12.34,2.9,6.76,0.03,0.58,3.15,12.76
2020-07-24,14.68,1.04,6.65,0.0,0.58,3.09,12.73
2020-07-25,13.02,3.99,7.67,0.02,0.58,5.32,7.86
2020-07-26,16.72,1.64,7.87,0.0,0.58,4.43,12.55
2020-07-27,15.45,4.52,9.09,0.02,0.58,6.05,9.68
2020-07-28,17.71,5.25,10.04,0.01,0.57,6.59,12.29
2020-07-29,15.56,5.34,8.92,0.02,0.57,6.39,12.34
2020-07-30,15.4,5.14,9.25,0.1,0.57,5.4,13.17
2020-07-31,16.67,1.87,8.62,0.0,0.57,3.57,13.43
2020-08-01,18.89,3.98,10.02,0.04,0.57,3.0,13.24
2020-08-02,20.24,3.41,10.52,0.0,0.57,2.93,13.27
2020-08-03,15.36,5.74,9.92,1.27,0.57,5.87,10.28
2020-08-04,11.53,2.84,6.23,0.71,0.57,2.61,14.26
2020-08-05,12.94,1.6,5.8,0.2,0.57,1.69,14.39
2020-08-06,12.57,0.45,5.98,0.3,0.57,3.1,11.86
2020-08-07,7.93,4.4,5.77,9.66,0.57,3.91,1.55
2020-08-08,12.12,6.41,8.59,1.41,0.58,5.83,5.35
2020-08-09,16.2,6.6,10.04,0.93,0.58,6.85,9.26
2020-08-10,17.12,5.05,9.35,0.05,0.58,4.82,14.96
2020-08-11,14.3,4.92,9.43,1.44,0.58,5.56,5.57
2020-08-12,16.57,8.23,11.6,3.9,0.58,9.02,11.02
2020-08-13,17.83,7.17,11.77,0.88,0.59,8.62,13.07
2020-08-14,17.5,7.53,12.54,1.94,0.59,9.1,9.59
2020-08-15,16.3,7.95,11.46,1.0,0.59,8.27,11.7
2020-08-16,14.69,6.64,9.51,0.47,0.58,7.17,12.11
2020-08-17,14.85,5.17,9.4,1.24,0.58,6.31,10.72
2020-08-18,15.88,6.05,10.53,0.95,0.58,6.44,14.11
2020-08-19,12.16,6.47,9.01,4.82,0.59,5.36,11.03
2020-08-20,13.61,5.83,9.13,2.39,0.59,6.3,13.59
2020-08-21,10.79,5.08,8.09,7.15,0.6,4.94,12.41
2020-08-22,11.42,4.4,7.35,3.69,0.6,4.47,13.89
2020-08-23,12.46,3.04,7.19,0.91,0.6,4.52,14.71
2020-08-24,12.06,0.98,5.81,0.16,0.6,2.49,12.1
2020-08-25,13.73,0.57,6.8,0.43,0.6,2.56,17.39
2020-08-26,16.26,3.82,9.11,0.05,0.6,2.51,17.4
2020-08-27,20.07,5.4,11.35,0.47,0.6,3.33,16.65
2020-08-28,16.72,4.35,9.6,0.17,0.59,3.73,18.08
2020-08-29,21.52,2.43,11.03,0.0,0.59,0.76,18.54
2020-08-30,14.09,6.09,9.8,0.95,0.59,5.28,8.86
2020-08-31,14.4,3.68,8.28,0.04,0.59,3.18,18.1
2020-09-01,16.64,2.29,9.41,0.0,0.59,2.26,17.53
2020-09-02,23.22,6.55,13.38,0.0,0.58,4.78,15.25
2020-09-03,17.85,6.56,12.08,0.5,0.58,6.04,14.87
2020-09-04,14.68,6.14,9.51,1.5,0.58,5.93,14.83
2020-09-05,17.43,7.51,11.29,1.74,0.58,5.57,18.35
2020-09-06,21.11,4.42,12.28,0.0,0.58,4.64,19.59
2020-09-07,24.19,6.42,15.04,0.0,0.58,6.02,19.52
2020-09-08,19.39,11.02,14.03,0.11,0.57,8.37,7.83
2020-09-09,18.7,5.96,11.47,0.0,0.57,4.56,19.51
2020-09-10,21.4,4.21,12.27,0.0,0.57,6.41,20.81
2020-09-11,22.79,6.87,14.51,0.01,0.57,6.1,15.41
2020-09-12,22.01,10.46,14.74,8.13,0.56,8.04,14.84
2020-09-13,17.91,7.93,12.4,1.87,0.58,7.71,18.59
2020-09-14,19.12,6.79,11.9,0.15,0.58,7.4,18.57
2020-09-15,20.46,3.69,11.69,0.0,0.57,6.11,21.52
2020-09-16,24.36,6.39,15.34,0.0,0.57,4.84,17.55
2020-09-17,19.87,10.41,14.74,0.41,0.57,9.52,10.24
2020-09-18,19.48,9.29,14.57,0.28,0.57,11.26,15.21
2020-09-19,26.11,14.15,18.97,1.95,0.56,13.24,9.27
2020-09-20,23.64,14.33,18.43,1.31,0.56,11.74,18.99
2020-09-21,21.3,10.37,14.75,1.75,0.56,5.28,20.18
2020-09-22,17.92,8.22,12.41,1.06,0.56,6.2,17.15
2020-09-23,15.25,7.84,11.07,3.47,0.56,7.02,17.69
2020-09-24,14.98,4.8,9.54,6.23,0.56,5.02,14.41
2020-09-25,10.48,5.03,7.47,3.49,0.58,4.06,18.12
2020-09-26,14.71,4.42,8.73,0.63,0.58,4.0,18.6
2020-09-27,16.66,4.46,9.5,0.97,0.57,4.91,17.53
2020-09-28,19.46,2.33,10.59,0.0,0.57,2.63,22.98
2020-09-29,20.01,3.96,12.2,0.05,0.57,3.62,16.64
2020-09-30,19.24,10.43,13.81,1.8,0.57,9.83,12.14
2020-10-01,20.03,5.07,12.27,0.0,0.57,4.56,23.61
2020-10-02,30.43,9.01,19.08,0.01,0.56,7.69,24.29
2020-10-03,31.47,13.53,21.58,0.01,0.55,8.85,18.18
2020-10-04,32.36,15.2,21.93,2.42,0.55,11.63,16.63
2020-10-05,18.24,7.64,12.66,5.53,0.56,6.42,16.73
2020-10-06,15.39,6.77,10.59,0.03,0.56,4.33,16.09
2020-10-07,16.26,5.94,12.08,22.17,0.56,7.97,6.91
2020-10-08,16.38,8.78,12.32,11.07,0.61,9.75,14.28
2020-10-09,19.04,8.06,12.57,0.33,0.61,7.96,20.17
2020-10-10,24.01,5.72,14.13,0.0,0.6,7.83,23.91
2020-10-11,19.93,6.66,12.34,0.01,0.6,6.78,25.39
2020-10-12,27.16,5.62,16.31,0.0,0.59,8.18,24.2
2020-10-13,25.76,10.61,17.61,0.12,0.59,11.71,26.17
2020-10-14,28.33,7.35,17.82,0.02,0.58,10.51,25.76
2020-10-15,29.42,13.33,20.85,1.28,0.57,11.14,12.1
2020-10-16,18.74,10.14,14.55,5.95,0.58,12.53,7.2
2020-10-17,17.71,9.12,15.23,3.09,0.59,12.07,12.5
2020-10-18,18.82,7.91,12.38,0.11,0.59,6.01,23.27
2020-10-19,20.19,5.18,12.58,0.02,0.58,6.74,24.81
2020-10-20,22.49,5.86,14.53,0.0,0.58,7.73,27.19
2020-10-21,23.98,9.49,16.88,0.0,0.57,8.99,26.13
2020-10-22,26.85,8.91,18.23,0.02,0.57,10.24,24.9
2020-10-23,20.65,14.64,17.05,6.43,0.57,13.45,9.88
2020-10-24,19.4,7.07,13.74,2.14,0.58,7.65,17.53
2020-10-25,17.4,5.66,10.75,0.61,0.58,3.25,25.97
2020-10-26,18.91,8.34,13.54,0.87,0.57,7.45,14.14
2020-10-27,21.62,10.38,16.0,0.07,0.57,8.37,16.33
2020-10-28,23.15,9.01,16.41,0.01,0.57,9.33,24.35
2020-10-29,23.84,11.76,15.94,8.93,0.57,9.83,10.3
2020-10-30,19.55,10.8,14.7,2.52,0.58,11.35,12.68
2020-10-31,23.79,10.99,16.46,0.02,0.58,9.93,25.69
2020-11-01,26.5,7.6,16.81,0.01,0.57,8.48,27.82
2020-11-02,30.36,8.75,20.04,0.0,0.57,8.87,30.09
2020-11-03,33.05,14.23,23.51,0.0,0.56,9.42,30.15
2020-11-04,25.72,10.82,19.04,1.47,0.56,9.95,15.8
2020-11-05,20.47,7.49,13.41,0.11,0.55,4.46,29.56
2020-11-06,21.89,6.67,13.65,0.0,0.55,5.34,29.32
2020-11-07,23.4,7.91,14.65,0.1,0.55,4.36,30.23
2020-11-08,27.84,6.29,17.27,0.0,0.54,5.3,31.66
2020-11-09,31.66,11.89,22.14,0.0,0.54,10.25,28.89
2020-11-10,34.56,17.19,26.21,0.01,0.53,11.85,26.13
2020-11-11,29.89,15.03,23.62,3.85,0.53,13.94,18.89
2020-11-12,24.02,12.98,18.33,0.17,0.53,10.33,21.58
2020-11-13,23.0,9.93,16.42,0.08,0.53,7.26,19.1
2020-11-14,25.84,8.01,17.4,0.16,0.53,7.5,30.57
2020-11-15,35.12,14.05,25.21,0.16,0.52,7.47,12.78
2020-11-16,25.94,12.03,19.36,0.0,0.52,5.98,32.5
2020-11-17,25.9,8.12,17.19,0.0,0.52,5.73,32.29
2020-11-18,32.43,10.74,22.34,0.0,0.51,6.53,31.81
2020-11-19,36.43,15.62,25.24,0.0,0.51,6.87,24.3
2020-11-20,34.17,13.52,23.71,0.0,0.51,8.77,29.95
2020-11-21,32.32,15.02,23.14,0.41,0.5,11.01,19.23
2020-11-22,36.64,18.93,26.85,5.04,0.5,16.12,11.19
2020-11-23,28.29,13.92,22.08,2.17,0.51,13.34,22.92
2020-11-24,27.5,10.46,19.07,0.0,0.51,8.95,31.44
2020-11-25,33.14,14.03,24.12,0.0,0.5,12.25,31.81
2020-11-26,32.23,16.3,23.99,0.0,0.5,10.12,28.89
2020-11-27,40.15,14.68,27.44,0.0,0.49,10.47,27.3
2020-11-28,37.34,19.44,28.66,3.78,0.49,13.18,24.96
2020-11-29,26.09,14.21,19.84,4.32,0.5,9.26,32.07
2020-11-30,31.76,11.3,21.48,0.02,0.5,7.36,32.83
2020-12-01,25.69,11.69,20.24,1.47,0.5,6.33,21.08
2020-12-02,25.1,8.65,16.69,0.0,0.5,3.65,33.5
2020-12-03,29.47,9.91,19.81,0.01,0.49,4.69,33.97
2020-12-04,29.82,10.22,20.39,0.0,0.49,5.4,33.56
2020-12-05,24.7,13.1,19.59,5.54,0.49,7.42,10.36
2020-12-06,22.17,10.65,15.84,1.25,0.5,5.95,24.62
2020-12-07,19.1,10.01,14.47,4.35,0.5,5.39,20.35
2020-12-08,23.48,7.94,15.6,0.03,0.5,5.78,29.96
2020-12-09,29.19,9.05,19.57,0.0,0.5,7.47,33.4
2020-12-10,27.18,11.27,18.43,0.0,0.49,5.3,33.95
2020-12-11,30.37,9.04,19.61,0.0,0.49,1.7,34.36
2020-12-12,32.31,12.56,23.14,0.0,0.49,8.08,30.09
2020-12-13,30.34,16.79,23.76,0.0,0.49,7.75,23.47
2020-12-14,36.29,17.17,27.01,0.0,0.48,6.82,31.6
2020-12-15,38.32,19.36,29.05,0.08,0.48,7.18,24.99
2020-12-16,33.03,18.0,24.89,9.26,0.49,13.43,22.01
2020-12-17,31.57,15.45,22.75,1.47,0.5,13.45,32.02
2020-12-18,24.81,10.47,17.34,0.21,0.49,4.51,34.21
2020-12-19,26.21,9.38,18.28,0.04,0.49,4.78,33.98
2020-12-20,28.79,10.57,20.22,0.02,0.49,5.19,34.05
2020-12-21,23.38,12.24,18.16,12.52,0.5,10.03,7.47
2020-12-22,21.35,10.84,15.8,0.76,0.51,8.21,25.37
2020-12-23,26.73,8.5,18.01,0.01,0.5,6.46,34.34
2020-12-24,27.05,11.03,18.58,0.06,0.5,7.33,33.72
2020-12-25,27.93,9.99,18.71,0.0,0.5,5.05,33.23
2020-12-26,33.19,10.58,22.8,0.0,0.49,6.91,33.51
2020-12-27,37.7,12.48,24.91,0.3,0.49,7.59,20.91
2020-12-28,24.34,8.59,16.26,0.0,0.49,1.04,34.12
2020-12-29,28.55,9.11,19.15,0.0,0.48,6.19,34.11
2020-12-30,29.75,12.94,21.97,0.0,0.48,9.63,29.04
2020-12-31,33.21,14.51,24.07,0.0,0.48,9.97,32.1
2021-01-01,32.59,20.5,25.92,1.97,0.48,14.53,24.9
2021-01-02,28.08,20.13,24.05,8.5,0.48,15.9,16.44
2021-01-03,29.96,16.19,22.83,0.28,0.5,13.75,26.84
2021-01-04,24.54,14.47,19.14,0.02,0.49,11.11,27.18
2021-01-05,26.89,13.42,19.61,0.1,0.49,11.45,21.21
2021-01-06,27.9,12.53,19.79,0.01,0.49,8.87,33.5
2021-01-07,31.85,12.77,22.45,0.01,0.49,9.65,30.94
2021-01-08,33.77,15.19,24.7,0.0,0.48,9.44,33.01
2021-01-09,35.83,15.54,26.68,0.0,0.48,8.43,33.23
2021-01-10,38.18,18.98,29.26,0.0,0.48,6.55,33.41
2021-01-11,37.13,23.77,31.12,0.0,0.48,7.96,24.7
2021-01-12,34.92,18.81,26.14,0.0,0.48,6.79,33.77
2021-01-13,37.42,14.73,25.9,0.0,0.48,6.9,20.51
2021-01-14,28.96,12.96,20.97,0.0,0.48,6.3,33.37
2021-01-15,23.75,11.45,17.18,0.05,0.48,4.57,28.58
2021-01-16,25.11,10.45,17.97,0.08,0.48,7.58,32.72
2021-01-17,28.16,12.85,20.11,0.0,0.48,5.57,32.33
2021-01-18,30.66,11.38,20.6,0.0,0.47,7.46,32.6
2021-01-19,30.29,13.46,20.68,0.0,0.47,2.75,33.41
2021-01-20,32.84,10.79,22.47,0.0,0.47,2.05,33.31
2021-01-21,36.55,15.3,26.59,0.0,0.47,3.12,33.04
2021-01-22,36.02,17.43,26.96,0.0,0.47,0.82,32.58
2021-01-23,38.15,17.29,28.66,0.0,0.47,6.73,32.08
2021-01-24,40.61,22.31,32.68,0.0,0.47,7.27,25.25
2021-01-25,39.26,23.97,32.31,5.28,0.47,13.31,15.41
2021-01-26,30.32,17.37,24.23,0.47,0.48,12.71,23.77
2021-01-27,30.58,11.98,21.03,0.0,0.48,3.93,30.08
2021-01-28,31.84,16.92,23.38,1.63,0.48,14.58,13.22
2021-01-29,29.79,18.62,22.96,14.71,0.5,17.04,15.03
2021-01-30,29.58,15.55,22.15,0.13,0.51,11.78,29.67
2021-01-31,29.92,12.78,21.06,0.05,0.5,9.1,31.77
2021-02-01,30.77,14.73,21.04,0.0,0.5,10.33,18.13
2021-02-02,27.15,10.75,18.77,0.01,0.49,7.21,31.37
2021-02-03,29.44,11.05,20.68,0.0,0.49,7.83,31.19
2021-02-04,31.55,17.27,24.23,0.24,0.49,7.42,12.91
2021-02-05,27.35,17.45,22.19,1.25,0.49,9.38,26.07
2021-02-06,27.5,15.61,20.53,0.6,0.49,10.44,22.93
2021-02-07,27.37,13.53,19.83,0.14,0.49,9.22,29.5
2021-02-08,27.93,10.15,18.65,0.0,0.48,7.01,28.89
2021-02-09,32.5,11.53,22.63,0.0,0.48,8.64,28.45
2021-02-10,36.95,16.46,27.5,0.0,0.48,10.45,29.8
2021-02-11,37.31,20.78,29.17,0.35,0.48,11.63,21.28
2021-02-12,28.48,16.34,22.48,0.98,0.48,9.5,26.13
2021-02-13,27.66,12.36,19.82,0.08,0.48,8.2,27.91
2021-02-14,30.24,11.73,20.74,0.0,0.48,7.0,29.71
2021-02-15,33.61,12.51,23.08,0.0,0.48,9.02,29.35
2021-02-16,35.17,19.62,27.06,0.0,0.48,10.12,27.9
2021-02-17,36.18,20.02,28.34,0.0,0.48,11.79,25.51
2021-02-18,33.29,20.52,26.52,0.0,0.48,9.53,28.69
2021-02-19,36.25,19.46,27.71,0.0,0.48,10.47,28.24
2021-02-20,36.29,21.37,28.56,0.0,0.47,11.0,17.98
2021-02-21,31.45,17.83,24.73,0.0,0.47,9.62,27.01
2021-02-22,27.6,13.69,19.54,0.0,0.47,6.84,27.83
2021-02-23,24.31,10.12,16.95,0.0,0.47,2.67,28.59
2021-02-24,22.21,10.1,16.25,0.0,0.47,3.5,22.02
2021-02-25,26.47,9.69,18.51,0.01,0.47,6.31,27.48
2021-02-26,26.02,11.41,18.3,0.1,0.47,4.69,27.53
2021-02-27,29.39,11.07,19.79,0.0,0.47,5.69,26.88
2021-02-28,34.0,13.4,23.73,0.0,0.47,6.16,25.48
2021-03-01,28.0,12.95,19.52,0.0,0.47,7.43,26.56
2021-03-02,25.07,8.67,16.68,0.0,0.47,1.58,26.8
2021-03-03,25.21,9.57,17.27,0.0,0.47,3.8,26.47
2021-03-04,27.88,9.88,18.59,0.0,0.47,7.56,26.18
2021-03-05,26.81,13.15,18.85,0.09,0.47,6.62,26.05
2021-03-06,28.56,9.16,18.93,0.03,0.47,3.49,26.17
2021-03-07,30.9,13.12,22.54,0.27,0.47,4.27,18.58
2021-03-08,25.17,15.16,20.98,2.63,0.48,12.0,17.66
2021-03-09,27.28,10.91,18.89,0.03,0.48,8.06,25.55
2021-03-10,28.38,11.42,20.15,0.0,0.48,6.63,22.09
2021-03-11,28.72,14.81,20.91,1.12,0.48,11.04,15.71
2021-03-12,32.82,15.87,24.1,0.0,0.48,11.41,23.84
2021-03-13,27.79,12.08,20.88,5.12,0.48,9.18,8.45
2021-03-14,21.46,8.08,14.46,0.0,0.49,2.51,25.09
2021-03-15,25.04,8.6,17.05,0.09,0.49,7.82,20.54
2021-03-16,28.21,12.97,20.11,0.03,0.48,9.91,23.21
2021-03-17,28.11,15.35,21.27,0.0,0.48,11.84,18.16
2021-03-18,30.2,15.59,22.3,0.0,0.48,10.06,20.8
2021-03-19,29.92,16.61,22.58,0.02,0.48,12.76,20.2
2021-03-20,30.49,17.11,23.28,0.0,0.48,11.04,22.11
2021-03-21,26.09,17.52,20.6,11.85,0.49,15.08,8.45
2021-03-22,23.71,17.15,19.79,5.05,0.5,16.42,13.78
2021-03-23,26.4,16.45,20.53,1.25,0.51,15.0,11.1
2021-03-24,25.46,15.41,19.49,1.98,0.51,13.68,10.58
2021-03-25,22.46,13.19,17.23,2.15,0.51,10.9,16.43
2021-03-26,23.12,11.02,17.01,0.15,0.51,9.76,12.19
2021-03-27,23.12,12.49,17.59,0.61,0.51,9.53,17.69
2021-03-28,21.88,9.15,15.45,0.14,0.5,8.74,19.82
2021-03-29,24.83,9.71,16.9,0.11,0.5,9.13,21.23
2021-03-30,24.15,8.82,15.98,0.0,0.5,8.31,19.98
2021-03-31,27.79,10.44,19.08,0.0,0.5,9.4,20.78
2021-04-01,29.25,12.35,21.08,0.0,0.5,9.26,20.94
2021-04-02,30.87,15.01,22.18,0.0,0.49,9.23,20.74
2021-04-03,32.66,14.77,23.21,0.0,0.49,9.37,20.58
2021-04-04,33.19,15.65,23.24,0.0,0.49,8.63,20.26
2021-04-05,26.65,12.86,18.68,0.0,0.49,9.39,19.75
2021-04-06,26.07,9.36,17.2,0.0,0.49,9.19,19.76
2021-04-07,27.85,10.08,18.13,0.0,0.49,9.16,19.47
2021-04-08,30.66,13.6,21.22,0.03,0.48,6.96,14.29
2021-04-09,21.28,11.69,16.34,1.74,0.49,7.54,19.07
2021-04-10,21.08,9.52,14.34,1.69,0.49,6.23,13.7
2021-04-11,17.91,6.75,11.59,0.2,0.49,3.97,14.59
2021-04-12,19.2,6.17,12.53,0.5,0.49,6.03,18.21
2021-04-13,21.11,9.78,15.34,0.05,0.49,3.17,8.95
2021-04-14,23.42,11.42,17.32,0.56,0.49,5.78,15.61
2021-04-15,21.95,9.09,14.96,0.37,0.49,7.5,14.48
2021-04-16,19.32,7.81,12.65,0.34,0.49,5.5,18.18
2021-04-17,19.54,5.5,12.13,0.0,0.49,4.18,17.17
2021-04-18,20.94,7.25,13.88,0.0,0.48,7.65,12.07
2021-04-19,20.75,8.69,14.15,0.56,0.48,8.34,9.99
2021-04-20,20.38,5.74,11.96,3.07,0.48,4.9,11.17
2021-04-21,16.02,2.54,9.06,0.0,0.49,0.71,16.99
2021-04-22,18.05,5.85,11.81,0.46,0.49,3.87,10.29
2021-04-23,19.39,9.46,13.66,0.39,0.49,8.49,11.26
2021-04-24,17.68,6.92,11.91,0.74,0.49,8.4,10.18
2021-04-25,19.56,7.29,12.71,0.81,0.49,8.82,10.82
2021-04-26,20.34,6.8,12.68,0.11,0.49,8.14,15.34
2021-04-27,20.56,7.11,13.16,0.35,0.49,8.33,15.54
2021-04-28,21.78,7.92,13.79,0.02,0.49,7.66,15.03
2021-04-29,22.47,7.05,14.19,0.0,0.49,6.85,15.09
2021-04-30,25.57,8.24,15.88,0.0,0.48,4.98,15.25
2021-05-01,23.64,10.27,17.09,0.0,0.48,8.66,9.03
2021-05-02,27.14,14.72,19.75,0.01,0.48,9.81,13.84
2021-05-03,19.47,10.68,14.98,3.73,0.48,9.43,9.61
2021-05-04,16.21,7.41,11.02,3.16,0.49,6.69,7.25
2021-05-05,20.2,5.7,11.82,0.22,0.49,5.56,13.86
2021-05-06,22.45,6.05,13.02,0.09,0.49,7.37,12.71
2021-05-07,22.0,10.8,15.18,0.02,0.49,5.46,10.05
2021-05-08,21.77,9.74,15.23,0.24,0.49,10.11,10.39
2021-05-09,19.94,10.92,14.24,0.02,0.49,10.06,11.89
2021-05-10,17.08,9.36,12.39,5.69,0.49,8.97,7.13
2021-05-11,15.47,5.7,10.33,0.08,0.5,5.95,12.04
2021-05-12,18.53,5.2,11.67,0.08,0.5,5.6,13.51
2021-05-13,19.12,7.22,11.28,0.97,0.5,5.58,8.02
2021-05-14,14.93,6.39,10.74,0.47,0.5,5.66,8.82
2021-05-15,14.25,4.56,9.26,1.03,0.5,3.47,11.83
2021-05-16,15.33,2.83,9.3,1.85,0.5,5.29,8.43
2021-05-17,16.49,6.44,11.15,1.06,0.5,8.14,9.28
2021-05-18,16.91,7.25,12.07,0.3,0.5,8.34,10.74
2021-05-19,18.44,5.46,11.28,0.0,0.5,5.95,12.12
2021-05-20,18.42,8.38,12.44,0.0,0.5,5.93,7.73
2021-05-21,19.22,4.87,10.91,0.07,0.5,4.81,12.7
2021-05-22,20.27,3.45,10.74,0.01,0.5,2.36,12.76
2021-05-23,21.97,4.39,11.8,0.0,0.5,5.11,11.98
2021-05-24,21.85,8.19,14.37,0.0,0.49,6.27,9.38
2021-05-25,16.69,9.2,13.73,10.04,0.5,8.53,4.51
2021-05-26,16.3,7.84,10.96,0.26,0.51,5.41,8.22
2021-05-27,16.26,6.9,10.6,1.46,0.51,7.77,9.33
2021-05-28,15.47,4.89,9.54,0.37,0.51,5.34,10.6
2021-05-29,15.15,2.71,7.55,0.0,0.51,3.04,11.84
2021-05-30,15.71,2.46,7.7,0.01,0.51,2.03,11.57
2021-05-31,17.66,0.53,8.1,0.04,0.51,0.23,10.81
2021-06-01,15.07,3.24,8.64,0.0,0.51,3.76,6.95
2021-06-02,20.4,5.55,12.04,0.39,0.51,8.21,3.02
2021-06-03,16.59,7.99,11.58,1.66,0.51,9.01,4.73
2021-06-04,14.36,4.15,9.6,1.76,0.51,5.5,9.38
2021-06-05,13.9,1.53,7.93,0.5,0.51,2.32,8.65
2021-06-06,18.22,7.06,11.95,1.72,0.51,8.72,9.35
2021-06-07,18.78,7.46,12.46,0.48,0.51,5.28,8.74
2021-06-08,10.43,5.97,7.83,9.15,0.52,5.31,8.22
2021-06-09,12.53,5.72,9.18,5.53,0.53,6.53,7.17
2021-06-10,14.89,9.32,11.56,0.98,0.54,8.6,8.21
2021-06-11,14.63,5.55,8.82,0.66,0.54,6.46,10.62
2021-06-12,15.47,3.86,8.97,0.11,0.54,6.31,7.92
2021-06-13,15.48,7.95,10.7,0.17,0.54,7.6,5.86
2021-06-14,16.17,6.89,10.81,0.0,0.53,6.86,5.48
2021-06-15,15.32,8.87,11.52,1.27,0.53,7.67,6.76
2021-06-16,13.25,8.28,10.35,9.85,0.54,7.29,8.06
2021-06-17,12.53,6.05,9.11,3.23,0.55,7.92,6.19
2021-06-18,15.3,7.6,10.5,1.0,0.56,8.14,6.95
2021-06-19,16.46,7.14,10.46,0.18,0.56,8.01,10.09
2021-06-20,15.52,6.74,9.86,0.18,0.55,5.82,10.96
2021-06-21,15.83,2.42,8.41,0.01,0.55,4.26,11.09
2021-06-22,13.07,4.47,8.5,0.0,0.55,5.65,6.21
2021-06-23,13.31,9.74,11.21,4.87,0.56,9.44,3.57
2021-06-24,13.84,6.72,10.48,2.06,0.56,7.45,7.71
2021-06-25,14.06,6.77,9.76,2.7,0.57,8.11,6.15
2021-06-26,12.6,6.51,8.5,1.03,0.57,6.56,7.64
2021-06-27,14.99,6.63,10.42,0.81,0.57,7.83,5.14
2021-06-28,14.5,5.37,9.44,0.01,0.57,6.82,4.92
2021-06-29,17.01,3.47,9.2,0.0,0.57,6.09,10.69
2021-06-30,17.87,7.1,11.56,0.03,0.56,7.89,8.99
2021-07-01,17.87,8.37,12.54,0.06,0.56,8.3,9.92
2021-07-02,16.24,5.83,9.41,4.57,0.56,5.49,7.17
2021-07-03,10.0,4.96,6.63,2.04,0.57,4.98,8.77
2021-07-04,14.0,4.83,8.21,1.33,0.57,6.09,9.51
2021-07-05,9.92,3.63,6.09,0.88,0.57,4.21,8.52
2021-07-06,11.39,3.33,6.98,0.25,0.57,3.73,6.24
2021-07-07,12.23,1.22,5.59,0.01,0.57,2.49,10.29
2021-07-08,10.39,-0.29,4.74,0.0,0.57,1.56,9.65
2021-07-09,12.54,1.62,5.72,0.0,0.57,1.61,11.31
2021-07-10,14.44,-0.17,6.39,0.0,0.57,3.36,10.64
2021-07-11,14.48,2.5,6.68,0.03,0.57,2.63,10.94
2021-07-12,16.32,3.26,8.65,1.07,0.57,3.5,9.6
2021-07-13,13.41,5.81,8.88,0.5,0.57,7.48,7.0
2021-07-14,16.88,6.57,10.46,3.15,0.57,7.22,8.69
2021-07-15,16.5,7.24,11.27,1.45,0.57,7.58,10.23
2021-07-16,13.73,7.62,9.85,4.02,0.58,7.3,7.51
2021-07-17,13.18,5.72,8.44,5.19,0.58,5.92,9.07
2021-07-18,12.99,5.74,8.41,1.6,0.59,5.1,8.52
2021-07-19,13.5,6.39,9.09,1.71,0.59,5.35,7.3
2021-07-20,11.91,3.12,7.88,2.65,0.59,4.43,7.37
2021-07-21,12.78,2.38,6.55,0.12,0.59,3.3,10.15
2021-07-22,12.17,2.18,6.19,0.67,0.59,1.99,5.37
2021-07-23,9.71,3.91,6.28,0.75,0.59,4.15,5.19
2021-07-24,12.9,3.25,7.27,5.43,0.59,4.49,7.72
2021-07-25,12.09,3.45,7.94,4.27,0.6,4.97,8.87
2021-07-26,15.47,7.76,11.2,1.23,0.6,7.81,9.29
2021-07-27,18.57,4.83,11.66,0.02,0.6,2.98,11.33
2021-07-28,14.96,7.18,10.9,4.11,0.6,5.51,10.6
2021-07-29,14.89,4.67,8.31,0.27,0.6,3.64,13.35
2021-07-30,16.75,2.0,9.65,0.08,0.6,1.16,5.89
2021-07-31,20.77,7.47,13.46,7.8,0.6,7.11,9.77
2021-08-01,14.05,5.1,9.22,0.83,0.61,5.5,11.93
2021-08-02,15.48,3.07,8.57,5.29,0.61,4.12,11.61
2021-08-03,12.77,4.95,8.33,1.27,0.62,5.68,11.83
2021-08-04,14.69,4.92,9.52,1.97,0.62,7.64,10.19
2021-08-05,14.4,7.66,10.3,0.54,0.61,8.39,8.99
2021-08-06,12.64,7.08,9.22,0.49,0.61,7.61,8.59
2021-08-07,13.63,7.24,9.59,0.65,0.61,7.33,10.05
2021-08-08,15.59,4.96,9.59,0.17,0.61,6.36,6.67
2021-08-09,15.9,3.53,9.49,0.01,0.61,4.88,12.62
2021-08-10,18.71,3.77,10.59,0.0,0.61,2.59,13.38
2021-08-11,18.56,5.76,10.61,3.66,0.61,4.03,5.91
2021-08-12,15.92,5.37,9.77,0.26,0.61,6.61,13.14
2021-08-13,16.33,5.69,10.08,0.88,0.61,7.39,13.29
2021-08-14,16.54,5.8,10.45,0.14,0.61,5.85,14.17
2021-08-15,17.68,5.93,10.71,0.11,0.6,3.51,15.56
2021-08-16,14.26,7.07,10.14,0.85,0.6,7.68,12.86
2021-08-17,14.98,6.47,9.19,0.45,0.6,7.1,12.1
2021-08-18,14.13,5.33,9.65,0.03,0.6,7.1,12.44
2021-08-19,18.46,5.22,11.47,0.0,0.6,6.45,15.1
2021-08-20,16.54,7.8,11.61,0.37,0.6,6.92,6.56
2021-08-21,19.0,6.92,12.55,0.09,0.6,7.82,15.43
2021-08-22,21.82,5.14,13.73,2.18,0.59,6.88,16.55
2021-08-23,12.79,4.89,9.58,1.15,0.59,6.67,13.29
2021-08-24,12.67,2.32,7.22,0.29,0.59,3.27,15.32
2021-08-25,14.52,4.9,8.95,0.45,0.59,5.51,14.12
2021-08-26,14.39,1.81,7.58,0.09,0.59,3.03,14.99
2021-08-27,15.42,1.34,8.33,0.0,0.59,1.8,16.4
2021-08-28,19.06,2.11,10.33,1.69,0.59,1.81,15.47
2021-08-29,15.02,6.69,10.32,0.82,0.59,6.22,15.39
2021-08-30,17.99,5.52,10.45,0.0,0.59,3.8,14.65
2021-08-31,22.75,7.73,13.98,0.17,0.58,5.37,16.21
2021-09-01,25.75,9.73,16.24,0.29,0.58,7.57,18.03
2021-09-02,28.55,9.24,19.09,0.0,0.58,5.93,18.52
2021-09-03,21.42,10.42,16.19,10.55,0.58,12.05,4.09
2021-09-04,15.4,6.22,10.08,0.24,0.59,5.96,15.13
2021-09-05,14.56,4.91,8.93,0.39,0.59,5.07,15.12
2021-09-06,17.11,5.72,10.32,0.17,0.58,5.1,19.98
2021-09-07,16.89,5.25,10.33,0.09,0.58,6.65,13.09
2021-09-08,20.37,4.59,11.91,0.0,0.58,6.61,19.91
2021-09-09,24.99,8.34,14.75,0.0,0.58,3.51,20.62
2021-09-10,23.4,8.52,15.04,0.0,0.57,7.05,19.95
2021-09-11,24.58,8.5,15.57,0.09,0.57,3.2,20.53
2021-09-12,13.85,6.29,10.01,3.03,0.57,5.44,16.69
2021-09-13,15.75,5.0,9.71,0.17,0.57,4.89,19.0
2021-09-14,16.17,3.42,9.11,0.11,0.57,4.21,20.33
2021-09-15,17.12,5.65,10.31,0.02,0.56,4.86,20.37
2021-09-16,19.14,4.55,11.14,0.0,0.56,4.2,21.22
2021-09-17,24.63,6.7,14.15,1.03,0.56,6.58,10.43
2021-09-18,16.6,6.45,11.84,0.28,0.56,5.34,19.14
2021-09-19,20.12,5.07,12.45,0.84,0.56,4.73,21.42
2021-09-20,14.36,4.66,10.03,6.49,0.56,4.9,17.84
2021-09-21,15.73,2.73,9.05,0.12,0.56,3.38,20.99
2021-09-22,18.62,8.09,11.97,0.99,0.56,8.44,18.77
2021-09-23,21.66,6.46,13.08,0.0,0.56,7.89,21.53
2021-09-24,19.41,5.94,12.12,0.47,0.56,5.82,21.67
2021-09-25,15.73,4.59,9.41,0.3,0.56,3.56,22.19
2021-09-26,18.36,1.99,9.6,0.01,0.55,1.42,23.3
2021-09-27,21.52,5.29,12.58,0.0,0.55,3.48,22.24
2021-09-28,25.43,9.24,16.7,0.63,0.55,7.04,12.27
2021-09-29,18.45,10.95,14.33,7.89,0.55,11.94,9.79
2021-09-30,17.76,10.86,14.05,6.12,0.57,11.7,8.81
2021-10-01,18.33,11.0,13.95,6.67,0.58,11.78,12.56
2021-10-02,20.86,11.36,15.28,0.45,0.58,10.91,13.66
2021-10-03,20.51,8.78,13.72,5.92,0.58,11.25,10.96
2021-10-04,15.55,7.72,11.4,3.31,0.58,6.52,19.24
2021-10-05,19.39,6.67,12.28,0.15,0.58,5.95,24.26
2021-10-06,24.83,5.81,14.7,1.79,0.58,5.72,22.37
2021-10-07,16.87,5.88,11.48,0.12,0.58,4.96,25.11
2021-10-08,22.76,5.63,13.64,0.0,0.57,4.32,24.93
2021-10-09,27.5,8.52,16.94,0.83,0.57,5.21,22.2
2021-10-10,17.04,6.44,11.55,0.12,0.57,4.27,22.63
2021-10-11,17.75,4.41,10.39,0.47,0.56,3.21,26.09
2021-10-12,21.6,3.58,13.03,0.0,0.56,4.9,24.06
2021-10-13,24.04,8.13,14.54,9.61,0.56,8.49,13.78
2021-10-14,16.83,6.1,11.77,3.78,0.57,6.16,16.88
2021-10-15,17.49,5.79,11.04,1.97,0.58,6.71,21.61
2021-10-16,16.85,8.04,11.75,0.6,0.58,7.87,17.04
2021-10-17,21.94,5.77,13.48,0.22,0.57,6.53,24.77
2021-10-18,21.58,8.31,14.52,0.02,0.57,7.14,17.84
2021-10-19,20.72,6.3,12.78,0.05,0.57,5.74,28.65
2021-10-20,25.59,7.43,16.33,0.0,0.56,7.04,27.03
2021-10-21,27.5,14.81,20.31,0.01,0.56,10.69,23.94
2021-10-22,30.38,11.48,20.17,0.38,0.55,10.72,21.51
2021-10-23,20.24,9.16,14.31,0.91,0.55,8.4,24.45
2021-10-24,19.72,6.75,12.36,0.41,0.55,5.3,26.03
2021-10-25,20.37,3.62,12.02,0.0,0.55,4.43,29.66
2021-10-26,24.0,4.8,14.46,0.0,0.54,3.88,29.35
2021-10-27,31.82,8.41,19.99,0.0,0.54,2.31,21.39
2021-10-28,31.72,15.43,22.25,5.91,0.54,11.25,22.91
2021-10-29,18.45,7.09,13.33,8.63,0.56,5.17,20.82
2021-10-30,18.96,3.29,11.34,0.11,0.55,3.3,25.64
2021-10-31,23.04,5.2,14.63,0.0,0.55,4.88,30.07
2021-11-01,27.4,10.22,18.32,0.0,0.55,5.74,29.19
2021-11-02,31.95,11.15,22.28,0.07,0.54,9.85,24.62
2021-11-03,25.3,14.18,20.01,8.64,0.54,16.05,12.17
2021-11-04,26.28,10.1,17.27,0.08,0.55,7.88,30.39
2021-11-05,29.11,10.09,20.01,0.03,0.55,11.33,28.09
2021-11-06,30.98,15.99,20.98,0.6,0.54,13.0,13.26
2021-11-07,24.01,12.39,17.39,0.06,0.54,10.49,20.61
2021-11-08,22.19,8.63,15.11,0.0,0.54,6.7,29.06
2021-11-09,24.17,8.17,16.62,0.09,0.53,6.58,28.79
2021-11-10,21.29,7.97,14.67,2.44,0.53,5.87,21.02
2021-11-11,22.38,5.12,13.63,1.0,0.53,3.61,13.81
2021-11-12,17.36,9.56,12.57,8.54,0.54,7.65,11.17
2021-11-13,18.53,8.47,13.11,0.88,0.54,5.26,22.08
2021-11-14,16.31,6.28,11.09,3.12,0.54,3.71,23.54
2021-11-15,17.37,7.39,12.04,1.68,0.54,4.87,20.41
2021-11-16,20.49,3.56,12.43,0.0,0.54,3.85,29.05
2021-11-17,23.06,6.09,15.37,0.0,0.54,5.34,27.72
2021-11-18,31.23,11.47,21.38,0.01,0.54,6.45,15.41
2021-11-19,21.91,12.7,16.44,0.48,0.53,10.19,11.66
2021-11-20,22.32,11.55,15.6,0.26,0.53,8.08,13.11
2021-11-21,25.12,7.22,16.05,0.02,0.53,5.34,32.76
2021-11-22,28.7,8.24,19.03,0.0,0.52,8.73,31.09
2021-11-23,24.2,15.72,19.63,4.83,0.52,13.13,12.55
2021-11-24,29.49,15.21,22.17,4.53,0.53,15.5,23.12
2021-11-25,25.18,14.12,19.66,0.43,0.53,13.87,16.8
2021-11-26,26.0,10.51,17.92,0.08,0.53,8.87,30.31
2021-11-27,26.54,9.16,17.96,0.01,0.53,5.96,33.27
2021-11-28,28.61,10.74,19.78,0.0,0.52,8.21,32.79
2021-11-29,31.02,11.86,22.19,0.0,0.52,8.89,32.53
2021-11-30,33.17,16.35,25.24,0.0,0.51,11.56,29.04
2021-12-01,35.15,20.07,27.37,2.35,0.51,14.77,22.8
2021-12-02,35.71,15.7,26.8,0.45,0.51,13.23,28.52
2021-12-03,28.62,9.65,19.06,0.02,0.51,6.67,32.44
2021-12-04,25.61,9.47,17.66,0.01,0.5,7.05,33.21
2021-12-05,27.17,9.48,18.39,0.04,0.5,4.39,32.23
2021-12-06,29.73,14.54,21.68,0.12,0.5,10.07,26.73
2021-12-07,25.05,12.04,18.34,0.45,0.5,8.02,31.44
2021-12-08,22.09,7.99,14.91,0.09,0.49,3.02,30.22
2021-12-09,23.25,8.27,15.39,0.16,0.49,7.0,18.23
2021-12-10,26.09,9.35,17.5,0.01,0.49,5.66,34.11
2021-12-11,28.34,9.84,19.33,0.0,0.49,7.23,33.91
2021-12-12,32.59,12.36,23.32,0.0,0.49,5.93,34.02
2021-12-13,35.91,16.47,25.65,0.01,0.48,7.79,23.85
2021-12-14,35.57,17.77,26.32,0.0,0.48,11.3,30.72
2021-12-15,30.14,16.43,22.92,0.34,0.48,8.69,17.47
2021-12-16,29.53,11.63,20.8,0.69,0.48,6.03,33.96
2021-12-17,35.15,12.51,25.05,0.0,0.48,3.93,31.11
2021-12-18,36.31,20.91,28.88,0.0,0.48,6.24,32.48
2021-12-19,26.9,13.04,20.31,2.9,0.48,5.77,23.96
2021-12-20,30.51,9.99,20.26,0.0,0.48,6.12,34.15
2021-12-21,31.89,12.62,22.36,0.05,0.48,9.74,33.67
2021-12-22,31.45,13.51,22.39,0.02,0.48,7.97,33.46
2021-12-23,30.89,12.91,22.54,0.0,0.48,7.17,33.73
2021-12-24,35.53,15.64,25.89,0.0,0.48,6.81,33.37
2021-12-25,33.32,16.37,24.46,0.0,0.48,9.29,33.44
2021-12-26,29.87,11.31,19.98,0.03,0.48,5.15,34.34
2021-12-27,29.43,11.31,19.48,0.0,0.48,3.84,34.33
2021-12-28,32.24,12.74,22.74,0.0,0.48,7.37,30.86
2021-12-29,34.38,14.57,25.32,0.0,0.47,6.87,33.39
2021-12-30,37.54,15.88,27.89,0.0,0.47,5.35,34.0
2021-12-31,39.01,20.83,30.48,0.0,0.47,3.45,33.73
2022-01-01,39.7,23.85,31.9,0.0,0.47,5.87,26.61
2022-01-02,38.69,23.06,30.66,0.06,0.47,11.62,30.27
2022-01-03,33.72,18.49,25.71,0.0,0.47,7.66,33.39
2022-01-04,32.53,13.28,23.15,0.01,0.47,6.57,33.89
2022-01-05,33.17,15.79,24.72,0.11,0.47,8.48,31.95
2022-01-06,35.3,18.6,27.0,1.87,0.47,12.49,26.98
2022-01-07,31.62,16.66,24.5,3.89,0.48,12.27,29.17
2022-01-08,31.13,16.41,23.71,0.37,0.48,12.94,27.17
2022-01-09,33.35,15.0,24.53,0.0,0.48,9.74,32.82
2022-01-10,39.06,18.48,29.56,2.95,0.48,10.94,30.02
2022-01-11,36.26,19.54,27.37,2.33,0.49,14.0,29.15
2022-01-12,36.35,19.38,28.0,0.0,0.48,12.57,28.91
2022-01-13,33.59,21.05,26.97,9.81,0.49,15.82,18.9
2022-01-14,33.32,20.82,25.85,3.22,0.5,16.34,31.33
2022-01-15,31.97,15.42,23.71,0.0,0.5,12.39,30.65
2022-01-16,37.41,16.52,27.56,0.0,0.49,12.89,29.63
2022-01-17,30.51,18.8,24.07,0.01,0.49,10.86,22.8
2022-01-18,30.19,15.26,22.18,0.05,0.49,8.08,27.64
2022-01-19,34.71,14.19,24.71,0.06,0.48,10.91,30.32
2022-01-20,33.19,18.11,25.36,0.0,0.48,7.08,33.04
2022-01-21,34.03,17.13,25.67,0.0,0.48,8.06,31.73
2022-01-22,35.31,19.1,27.57,0.06,0.48,10.86,26.42
2022-01-23,35.73,20.58,28.58,0.0,0.48,12.35,21.39
2022-01-24,36.85,23.62,30.07,0.0,0.48,11.15,27.0
2022-01-25,37.72,22.75,30.43,0.0,0.48,11.44,25.7
2022-01-26,36.25,23.46,29.99,4.44,0.48,16.96,15.94
2022-01-27,36.82,24.25,29.94,11.7,0.49,18.94,26.02
2022-01-28,33.81,21.55,27.57,11.12,0.51,20.33,23.73
2022-01-29,32.77,18.91,25.17,0.0,0.52,15.48,29.26
2022-01-30,33.34,16.57,25.26,0.0,0.51,12.76,30.94
2022-01-31,36.25,21.35,28.75,0.0,0.5,10.91,30.32
2022-02-01,29.41,13.7,22.57,0.3,0.5,10.74,29.24
2022-02-02,25.82,10.92,17.75,0.02,0.5,4.67,31.85
2022-02-03,25.82,10.76,17.76,0.14,0.49,6.91,31.33
2022-02-04,28.44,10.75,19.73,0.0,0.49,6.42,31.19
2022-02-05,29.14,13.75,21.98,0.0,0.49,10.0,26.44
2022-02-06,30.36,17.84,23.6,0.0,0.49,9.65,29.25
2022-02-07,31.11,15.88,23.56,0.0,0.48,8.99,30.43
2022-02-08,33.07,16.56,25.44,0.0,0.48,7.74,27.92
2022-02-09,31.75,20.74,25.92,0.0,0.48,12.4,26.11
2022-02-10,30.34,16.45,22.43,0.0,0.48,9.34,27.68
2022-02-11,28.17,13.4,20.41,0.0,0.48,6.55,26.75
2022-02-12,32.93,12.89,23.51,0.0,0.48,10.68,28.52
2022-02-13,34.49,20.45,27.58,0.0,0.48,11.85,25.73
2022-02-14,39.06,21.75,30.01,0.0,0.48,9.27,28.19
2022-02-15,38.04,18.83,28.68,0.0,0.48,11.07,27.63
2022-02-16,30.63,21.04,25.13,0.24,0.48,13.06,15.08
2022-02-17,29.23,17.27,22.51,0.06,0.48,9.28,27.11
2022-02-18,28.19,13.26,20.24,0.58,0.48,7.91,25.38
2022-02-19,30.06,12.19,20.94,0.01,0.48,4.01,29.34
2022-02-20,28.33,15.03,20.73,0.42,0.48,6.14,23.46
2022-02-21,26.32,12.42,18.86,0.24,0.48,4.43,28.8
2022-02-22,29.75,11.49,20.72,0.0,0.48,4.05,27.92
2022-02-23,33.96,16.31,25.81,0.01,0.48,11.6,22.15
2022-02-24,34.64,21.34,28.26,0.38,0.48,15.43,20.19
2022-02-25,33.07,17.02,24.49,0.0,0.48,10.58,26.4
2022-02-26,31.27,17.35,24.71,0.0,0.48,14.69,23.15
2022-02-27,29.69,19.46,23.94,5.01,0.48,15.32,16.22
2022-02-28,32.56,18.22,24.96,1.39,0.49,14.09,14.11
2022-03-01,24.18,19.46,21.62,9.15,0.5,17.18,17.94
2022-03-02,28.49,18.75,22.97,2.83,0.5,17.03,20.75
2022-03-03,32.18,17.98,25.33,0.0,0.5,14.88,25.66
2022-03-04,32.97,18.85,25.46,8.17,0.5,15.16,14.85
2022-03-05,26.91,14.36,19.99,1.41,0.51,12.78,18.95
2022-03-06,26.34,14.47,19.52,0.24,0.51,12.85,25.53
2022-03-07,29.29,13.88,20.96,0.01,0.51,12.41,25.29
2022-03-08,26.56,14.43,19.18,0.03,0.5,11.12,25.27
2022-03-09,26.44,12.84,18.48,0.01,0.5,7.87,25.55
2022-03-10,25.96,10.53,17.67,0.02,0.5,7.21,25.51
2022-03-11,25.82,10.53,18.03,0.0,0.49,7.91,25.04
2022-03-12,28.16,11.34,19.63,0.0,0.49,8.54,24.62
2022-03-13,31.48,16.32,23.88,0.0,0.49,13.78,22.46
2022-03-14,29.53,17.9,22.62,0.2,0.49,15.0,15.93
2022-03-15,26.76,17.62,21.17,7.52,0.5,16.14,14.56
2022-03-16,28.17,16.87,21.46,0.94,0.5,16.1,18.82
2022-03-17,31.52,18.61,23.89,1.97,0.5,15.51,18.95
2022-03-18,29.45,15.97,21.82,0.0,0.5,13.03,22.53
2022-03-19,30.43,12.75,21.9,0.0,0.49,10.76,23.23
2022-03-20,32.04,18.98,24.29,0.04,0.49,10.4,19.6
2022-03-21,32.99,14.72,23.26,0.02,0.49,11.82,21.55
2022-03-22,30.03,16.01,21.21,0.08,0.49,12.92,13.99
2022-03-23,24.36,11.84,17.63,0.0,0.49,7.96,22.55
2022-03-24,24.42,11.86,17.27,0.0,0.48,6.64,22.24
2022-03-25,26.34,10.27,17.83,0.03,0.48,8.18,22.15
2022-03-26,29.12,11.11,19.59,0.0,0.48,8.45,21.91
2022-03-27,30.38,14.56,22.17,0.0,0.48,9.83,20.7
2022-03-28,30.48,17.49,22.73,0.0,0.48,9.15,20.1
2022-03-29,28.15,13.09,19.96,0.0,0.48,9.1,21.07
2022-03-30,25.38,10.86,17.6,0.2,0.48,8.28,21.26
2022-03-31,24.86,11.28,17.04,0.13,0.48,7.9,20.52
2022-04-01,23.61,10.75,16.36,0.0,0.48,5.3,20.8
2022-04-02,24.2,10.79,16.74,0.06,0.48,8.64,15.97
2022-04-03,22.18,11.32,16.91,0.09,0.48,10.4,12.84
2022-04-04,25.4,10.88,17.71,0.01,0.48,8.77,19.51
2022-04-05,27.35,10.01,18.31,0.24,0.48,7.12,19.6
2022-04-06,21.36,13.8,17.29,0.43,0.48,9.83,11.13
2022-04-07,27.11,11.94,19.44,0.0,0.48,10.32,17.24
2022-04-08,23.17,14.59,18.25,0.63,0.48,11.39,9.95
2022-04-09,25.99,15.7,20.13,0.53,0.48,13.29,13.95
2022-04-10,29.1,13.73,21.18,0.0,0.48,10.73,17.62
2022-04-11,24.18,13.23,18.7,0.03,0.48,9.01,13.04
2022-04-12,22.2,10.61,15.67,0.0,0.48,3.87,15.5
2022-04-13,24.57,8.37,15.96,0.0,0.48,7.04,18.64
2022-04-14,26.75,9.85,17.92,0.0,0.48,6.25,17.12
2022-04-15,23.9,12.96,18.5,0.0,0.48,6.28,9.7
2022-04-16,28.77,11.39,19.92,0.0,0.48,5.9,17.26
2022-04-17,30.43,13.19,21.57,0.37,0.48,6.89,14.39
2022-04-18,18.76,14.94,17.33,17.3,0.49,15.01,2.52
2022-04-19,18.33,9.22,14.85,5.85,0.52,11.47,8.45
2022-04-20,21.81,7.82,13.99,0.29,0.52,9.27,11.91
2022-04-21,20.26,8.14,13.78,0.03,0.52,7.41,10.7
2022-04-22,21.14,8.06,13.84,0.0,0.51,6.53,16.47
2022-04-23,23.27,8.59,15.02,0.03,0.51,9.3,15.19
2022-04-24,23.57,9.77,15.67,0.05,0.51,9.37,15.15
2022-04-25,23.17,10.6,16.1,0.01,0.51,10.15,14.11
2022-04-26,23.87,11.48,17.04,0.84,0.51,11.03,6.84
2022-04-27,20.26,14.23,16.33,1.71,0.51,13.46,9.74
2022-04-28,21.92,14.54,17.02,0.62,0.51,13.79,10.37
2022-04-29,23.04,12.65,16.78,8.29,0.51,13.14,6.05
2022-04-30,19.91,9.98,14.49,0.35,0.53,8.45,14.02
2022-05-01,21.08,8.31,13.81,0.12,0.52,8.0,12.85
2022-05-02,21.69,9.58,14.51,0.09,0.52,8.3,13.21
2022-05-03,22.21,8.45,14.37,0.0,0.52,7.2,14.59
2022-05-04,16.88,7.42,12.09,2.0,0.52,6.78,9.62
2022-05-05,12.93,3.67,8.27,1.06,0.52,4.25,10.58
2022-05-06,14.4,6.05,9.38,0.73,0.52,5.18,11.19
2022-05-07,15.9,6.38,10.74,1.38,0.52,7.43,11.38
2022-05-08,17.43,6.85,11.3,0.41,0.52,7.44,7.63
2022-05-09,17.98,6.38,11.26,0.01,0.52,7.0,7.75
2022-05-10,19.74,5.88,12.53,0.04,0.52,8.64,11.89
2022-05-11,17.05,11.74,13.79,1.34,0.52,11.47,4.99
2022-05-12,19.13,12.33,14.66,1.19,0.52,12.75,5.03
2022-05-13,19.23,11.59,14.94,0.34,0.52,12.95,7.22
2022-05-14,20.24,12.44,15.83,0.04,0.52,11.2,6.15
2022-05-15,20.99,9.77,14.91,0.26,0.52,10.21,12.29
2022-05-16,16.95,8.28,12.23,2.12,0.52,8.91,8.72
2022-05-17,15.97,6.79,11.35,0.77,0.52,7.1,9.23
2022-05-18,16.69,6.49,11.41,1.94,0.53,6.21,10.98
2022-05-19,16.65,3.92,9.19,0.02,0.52,4.36,12.22
2022-05-20,15.96,5.0,9.25,0.04,0.52,5.17,12.31
2022-05-21,18.91,5.99,10.94,0.0,0.52,6.93,10.75
2022-05-22,19.32,6.36,10.99,0.04,0.52,6.45,12.1
2022-05-23,20.18,5.73,11.37,0.03,0.52,6.74,11.97
2022-05-24,19.95,5.93,12.0,0.01,0.52,7.96,11.69
2022-05-25,16.69,8.67,12.26,3.38,0.52,9.15,7.01
2022-05-26,18.94,10.5,14.54,2.13,0.53,11.05,7.26
2022-05-27,16.64,8.97,12.47,0.2,0.53,9.08,9.42
2022-05-28,15.3,6.84,10.58,0.5,0.53,6.54,8.19
2022-05-29,15.41,7.4,10.65,0.88,0.53,6.84,10.82
2022-05-30,10.79,6.23,8.87,2.87,0.53,6.84,6.98
2022-05-31,10.83,5.86,8.18,3.18,0.54,4.22,9.58
2022-06-01,13.65,3.87,7.42,0.26,0.54,3.11,10.98
2022-06-02,11.01,3.36,6.31,0.04,0.53,2.25,6.56
2022-06-03,13.18,4.53,7.97,0.13,0.53,2.4,8.53
2022-06-04,15.2,6.84,10.81,0.75,0.53,6.82,8.2
2022-06-05,11.97,6.12,9.3,6.75,0.54,6.48,5.0
2022-06-06,12.02,5.28,8.38,0.36,0.54,5.09,9.63
2022-06-07,13.07,5.13,8.32,1.74,0.55,4.67,9.78
2022-06-08,12.25,4.54,7.59,0.5,0.55,5.19,6.37
2022-06-09,13.59,6.8,9.37,0.61,0.54,7.19,7.07
2022-06-10,14.41,6.42,9.62,0.45,0.54,7.74,6.6
2022-06-11,14.47,5.24,9.11,0.06,0.54,4.85,9.34
2022-06-12,14.42,7.08,10.38,0.26,0.54,6.86,6.17
2022-06-13,13.99,5.79,9.27,0.18,0.54,6.23,6.01
2022-06-14,14.32,3.25,8.52,0.01,0.54,4.24,8.92
2022-06-15,15.06,6.16,10.05,1.55,0.54,6.78,6.64
2022-06-16,16.11,7.72,11.44,1.47,0.55,9.43,5.05
2022-06-17,14.7,6.36,9.78,0.26,0.55,7.24,4.57
2022-06-18,15.98,5.61,9.99,0.0,0.54,6.84,9.39
2022-06-19,12.39,4.69,8.41,0.0,0.54,6.68,4.98
2022-06-20,17.01,7.13,11.14,2.3,0.54,8.14,5.97
2022-06-21,14.76,6.89,10.14,0.73,0.55,6.92,9.98
2022-06-22,16.79,8.15,11.66,0.81,0.55,9.12,5.2
2022-06-23,18.18,8.49,12.21,0.11,0.55,8.88,8.87
2022-06-24,15.24,8.13,11.86,2.47,0.55,7.36,6.19
2022-06-25,15.53,4.17,9.44,0.14,0.55,5.94,9.92
2022-06-26,14.85,5.58,9.42,1.98,0.55,7.21,7.97
2022-06-27,13.18,2.75,7.01,0.02,0.55,3.16,11.01
2022-06-28,14.09,2.71,7.26,0.0,0.55,2.27,10.87
2022-06-29,10.74,3.63,6.22,0.02,0.55,1.86,6.62
2022-06-30,12.49,4.15,6.77,0.4,0.55,3.02,8.89
2022-07-01,14.49,3.28,7.38,0.15,0.55,4.53,10.22
2022-07-02,13.34,2.49,6.58,0.52,0.55,3.82,9.79
2022-07-03,14.69,4.38,7.8,0.24,0.55,3.85,11.32
2022-07-04,15.19,3.28,7.91,0.03,0.55,4.0,11.31
2022-07-05,15.89,4.56,9.28,0.07,0.54,5.88,11.12
2022-07-06,15.77,2.18,7.43,0.0,0.54,4.09,11.42
2022-07-07,14.17,3.79,8.21,0.08,0.54,4.69,9.23
2022-07-08,13.98,4.87,8.44,0.53,0.54,5.83,9.97
2022-07-09,12.75,4.41,7.6,0.35,0.54,4.92,7.47
2022-07-10,15.56,3.65,7.92,0.1,0.54,4.85,11.2
2022-07-11,14.12,4.39,9.17,0.03,0.54,4.7,6.06
2022-07-12,12.94,4.32,7.32,1.74,0.54,4.85,9.54
2022-07-13,14.0,2.69,6.74,0.05,0.54,3.17,11.4
2022-07-14,13.03,1.53,6.47,0.05,0.54,4.38,7.74
2022-07-15,13.82,1.47,7.07,0.0,0.54,4.16,11.2
2022-07-16,15.57,4.47,9.4,1.6,0.54,0.77,7.1
2022-07-17,13.99,4.73,9.46,4.35,0.55,6.8,8.4
2022-07-18,11.88,3.53,6.58,0.31,0.55,3.68,10.36
2022-07-19,12.39,1.75,5.66,0.05,0.55,1.81,9.71
2022-07-20,15.22,0.88,6.62,0.01,0.55,2.12,11.34
2022-07-21,16.9,2.91,8.66,0.0,0.55,3.95,11.35
2022-07-22,16.49,6.18,10.57,0.0,0.54,7.0,8.66
2022-07-23,13.65,9.55,11.18,2.5,0.54,9.42,4.31
2022-07-24,19.59,7.87,13.2,0.07,0.55,9.36,10.68
2022-07-25,17.47,7.85,12.49,4.02,0.55,8.83,9.03
2022-07-26,14.48,5.04,9.05,0.19,0.55,4.07,11.35
2022-07-27,15.09,7.12,10.66,1.04,0.55,7.5,10.23
2022-07-28,13.63,4.86,9.52,1.69,0.55,6.65,7.44
2022-07-29,13.9,2.69,7.09,0.1,0.55,2.13,13.19
2022-07-30,14.09,0.46,7.02,0.0,0.55,0.57,10.69
2022-07-31,11.0,6.58,8.43,3.07,0.55,5.2,3.74
2022-08-01,14.37,4.99,8.61,0.66,0.55,5.88,12.46
2022-08-02,16.66,3.3,10.28,0.93,0.55,2.27,11.47
2022-08-03,19.65,9.2,14.08,2.97,0.56,7.08,12.61
2022-08-04,19.64,7.21,13.09,0.44,0.56,5.81,10.93
2022-08-05,13.55,6.65,9.82,2.2,0.55,7.51,8.59
2022-08-06,13.88,7.72,10.0,3.65,0.56,7.87,11.45
2022-08-07,14.92,6.33,9.6,0.48,0.56,6.25,9.43
2022-08-08,15.16,3.76,9.17,0.01,0.56,3.2,13.59
2022-08-09,14.87,2.66,8.18,0.0,0.56,2.57,13.17
2022-08-10,12.01,4.13,7.58,0.17,0.56,3.32,5.07
2022-08-11,16.17,7.18,10.15,1.06,0.56,5.41,12.93
2022-08-12,14.5,6.48,9.79,4.84,0.56,6.0,9.53
2022-08-13,13.95,7.05,10.04,4.73,0.57,7.3,8.94
2022-08-14,15.13,5.4,9.06,0.57,0.57,6.09,9.93
2022-08-15,14.29,6.28,9.31,1.57,0.57,6.32,10.03
2022-08-16,16.16,6.55,10.03,1.28,0.57,7.07,13.05
2022-08-17,16.51,4.53,10.99,0.09,0.57,6.02,9.14
2022-08-18,14.88,9.0,11.71,4.17,0.57,7.17,4.38
2022-08-19,15.91,5.26,10.26,0.36,0.57,4.97,15.5
2022-08-20,16.08,6.49,11.21,2.58,0.57,7.06,13.56
2022-08-21,16.16,2.37,8.97,0.0,0.57,3.78,15.92
2022-08-22,17.93,4.2,10.05,9.96,0.57,5.25,12.55
2022-08-23,12.64,3.16,7.27,0.13,0.59,3.01,16.13
2022-08-24,14.14,3.5,8.77,1.23,0.58,5.89,10.42
2022-08-25,15.27,6.76,10.93,0.91,0.58,8.38,8.68
2022-08-26,17.54,5.98,11.22,0.24,0.58,7.76,12.43
2022-08-27,18.98,5.21,12.11,0.02,0.58,7.44,11.52
2022-08-28,21.03,10.51,15.09,0.01,0.58,8.3,15.48
2022-08-29,19.79,8.3,14.34,18.78,0.59,10.94,13.55
2022-08-30,15.14,4.78,9.89,1.5,0.61,7.13,10.73
2022-08-31,15.55,2.25,9.19,0.03,0.6,3.66,17.48
2022-09-01,15.67,6.26,10.2,0.69,0.6,4.58,14.32
2022-09-02,14.5,4.46,8.68,0.33,0.6,3.53,16.05
2022-09-03,16.44,3.83,9.4,0.24,0.6,5.52,17.09
2022-09-04,16.21,5.02,9.24,0.11,0.6,5.47,16.44
2022-09-05,16.54,4.04,9.53,0.09,0.59,5.08,16.43
2022-09-06,17.26,6.0,10.69,0.0,0.59,5.54,15.5
2022-09-07,19.64,7.41,13.16,0.1,0.59,7.53,13.73
2022-09-08,15.77,10.32,13.18,11.47,0.6,11.26,5.36
2022-09-09,16.26,9.33,12.07,3.57,0.61,9.43,10.99
2022-09-10,16.77,6.31,11.63,1.44,0.61,7.39,13.86
2022-09-11,15.79,4.24,9.85,0.56,0.61,6.28,12.46
2022-09-12,14.18,5.31,9.16,3.19,0.61,5.87,13.02
2022-09-13,15.45,3.76,8.74,0.08,0.61,3.62,19.19
2022-09-14,19.9,4.22,11.44,3.57,0.6,5.31,9.25
2022-09-15,19.55,8.79,13.51,0.71,0.61,8.43,19.32
2022-09-16,16.61,7.71,10.97,4.68,0.6,7.31,13.18
2022-09-17,14.73,5.95,10.2,4.2,0.61,7.29,15.73
2022-09-18,15.28,7.5,11.04,3.94,0.62,8.36,15.16
2022-09-19,16.54,4.16,10.08,0.43,0.62,5.31,20.1
2022-09-20,21.09,4.16,11.99,1.23,0.61,5.23,15.05
2022-09-21,19.69,10.51,14.0,2.69,0.61,11.54,6.83
2022-09-22,21.56,9.14,15.31,0.05,0.61,11.81,9.93
2022-09-23,19.87,10.3,14.68,0.12,0.61,10.19,16.85
2022-09-24,17.07,6.49,11.14,0.05,0.6,5.22,22.08
2022-09-25,20.26,3.52,12.38,0.02,0.6,5.39,18.65
2022-09-26,16.6,9.54,12.3,6.27,0.6,10.46,11.47
2022-09-27,15.24,7.54,11.32,9.03,0.62,9.35,14.38
2022-09-28,18.74,9.67,13.39,0.36,0.62,9.51,14.45
2022-09-29,19.5,5.72,12.45,0.04,0.61,7.47,23.13
2022-09-30,20.3,8.88,13.91,0.01,0.61,8.95,20.29
2022-10-01,20.87,8.77,14.29,0.01,0.61,9.14,21.79
2022-10-02,22.43,7.14,14.59,0.0,0.6,8.07,23.04
2022-10-03,22.81,8.16,15.34,0.0,0.6,7.24,20.11
2022-10-04,22.85,10.8,15.63,0.25,0.59,8.67,8.49
2022-10-05,16.22,10.99,13.67,19.65,0.61,12.25,4.46
2022-10-06,22.87,14.18,17.73,4.43,0.63,15.06,8.17
2022-10-07,18.33,9.08,14.7,5.33,0.63,11.18,16.85
2022-10-08,17.03,5.26,10.86,0.23,0.63,4.99,21.85
2022-10-09,17.49,3.49,10.95,0.05,0.62,4.35,24.63
2022-10-10,20.17,4.54,12.76,0.0,0.62,5.14,25.03
2022-10-11,22.81,9.47,15.56,0.0,0.61,6.95,22.1
2022-10-12,20.39,11.11,16.16,6.54,0.61,13.8,8.94
2022-10-13,16.38,8.21,13.25,51.85,0.68,12.26,5.08
2022-10-14,18.2,7.73,12.15,1.22,0.7,8.37,22.17
2022-10-15,17.68,5.64,12.3,0.64,0.69,7.76,16.23
2022-10-16,18.83,6.83,13.25,0.26,0.68,8.65,24.4
2022-10-17,19.6,5.78,12.92,0.02,0.68,7.73,23.98
2022-10-18,19.47,7.2,12.78,0.0,0.67,8.24,18.56
2022-10-19,23.12,7.36,15.43,0.0,0.66,9.08,26.1
2022-10-20,22.97,11.09,16.96,0.54,0.66,13.49,16.89
2022-10-21,23.47,14.9,19.13,4.8,0.66,16.65,19.27
2022-10-22,23.21,14.52,18.61,2.02,0.66,15.97,19.44
2022-10-23,22.46,12.46,16.74,8.29,0.66,13.69,5.63
2022-10-24,17.45,13.76,15.34,20.77,0.69,14.24,8.32
2022-10-25,21.63,13.3,17.35,2.96,0.7,14.65,19.11
2022-10-26,18.71,11.83,15.05,1.37,0.69,12.45,14.16
2022-10-27,18.56,9.21,13.95,4.49,0.69,10.27,20.08
2022-10-28,18.16,8.73,12.74,2.39,0.69,9.09,21.89
2022-10-29,17.83,7.43,12.07,1.2,0.69,8.29,22.03
2022-10-30,19.64,6.45,14.15,4.87,0.68,11.01,17.05
2022-10-31,17.34,8.6,14.0,9.31,0.69,11.02,14.38
2022-11-01,10.66,6.02,8.13,5.95,0.7,5.29,21.23
2022-11-02,15.42,5.13,10.15,1.28,0.7,6.28,21.2
2022-11-03,16.93,6.56,11.52,0.45,0.7,7.51,17.86
2022-11-04,19.81,5.59,13.73,0.03,0.69,8.59,15.7
2022-11-05,21.58,12.51,17.48,0.0,0.68,9.95,26.15
2022-11-06,25.1,13.09,19.14,0.97,0.68,13.21,23.29
2022-11-07,25.04,13.67,19.67,0.23,0.67,14.12,24.73
2022-11-08,26.55,13.64,20.31,0.01,0.66,14.35,28.03
2022-11-09,28.41,14.84,22.11,0.04,0.65,15.09,25.16
2022-11-10,26.17,17.6,20.63,7.6,0.65,16.8,11.77
2022-11-11,25.28,12.68,19.08,0.2,0.65,14.72,26.48
2022-11-12,24.84,13.19,18.76,13.96,0.66,15.22,9.26
2022-11-13,22.79,11.5,17.68,12.37,0.67,15.5,12.19
2022-11-14,20.04,9.44,14.59,3.68,0.68,10.21,20.85
2022-11-15,16.49,5.85,10.97,0.56,0.68,4.99,20.03
2022-11-16,16.65,4.64,10.59,0.11,0.67,5.09,25.56
2022-11-17,20.06,4.98,13.15,0.01,0.66,8.04,31.57
2022-11-18,23.7,7.11,15.97,0.0,0.66,9.68,29.27
2022-11-19,24.56,12.81,17.58,13.14,0.66,12.72,18.88
2022-11-20,18.67,8.99,13.82,7.94,0.67,7.9,24.38
2022-11-21,14.1,6.88,10.62,1.7,0.67,4.38,25.84
2022-11-22,16.81,5.72,12.04,2.17,0.67,8.08,17.97
2022-11-23,20.95,8.65,14.85,0.61,0.67,10.28,23.68
2022-11-24,22.56,8.89,15.87,0.05,0.66,10.57,32.0
2022-11-25,25.19,8.24,17.17,0.0,0.65,10.72,31.52
2022-11-26,26.96,13.32,19.95,0.3,0.64,13.6,19.98
2022-11-27,21.12,10.16,15.63,0.21,0.64,10.04,23.93
2022-11-28,19.42,7.0,13.51,0.46,0.63,7.65,19.66
2022-11-29,22.56,9.05,15.47,0.25,0.63,9.11,28.9
2022-11-30,24.14,8.4,16.67,0.01,0.62,9.93,32.54
2022-12-01,25.94,9.88,17.68,0.0,0.62,10.77,32.77
2022-12-02,29.24,9.52,19.96,0.0,0.61,11.54,32.31
2022-12-03,32.15,15.03,24.52,0.0,0.6,14.33,30.11
2022-12-04,34.78,17.53,26.24,0.0,0.59,13.18,30.36
2022-12-05,23.81,10.78,18.26,0.0,0.59,9.73,28.61
2022-12-06,25.79,7.85,17.36,0.0,0.58,6.98,32.76
2022-12-07,24.82,9.44,18.12,0.17,0.58,6.92,32.02
2022-12-08,20.69,6.79,13.53,0.37,0.57,4.26,31.5
2022-12-09,21.8,6.54,14.14,0.0,0.57,5.19,25.55
2022-12-10,28.6,7.44,18.91,0.02,0.57,7.84,29.74
2022-12-11,29.33,15.07,21.54,3.57,0.56,11.4,16.33
2022-12-12,19.81,10.5,15.06,3.34,0.57,7.18,29.02
2022-12-13,20.33,8.3,13.74,3.48,0.57,5.84,21.89
2022-12-14,21.03,7.05,13.61,0.14,0.57,5.38,26.67
2022-12-15,22.72,6.96,14.8,0.15,0.57,5.75,32.56
2022-12-16,25.45,7.99,16.72,0.01,0.56,6.94,33.91
2022-12-17,27.35,9.67,18.57,0.02,0.56,7.86,33.77
2022-12-18,29.66,11.91,20.79,0.0,0.55,8.96,32.57
2022-12-19,30.45,12.1,21.37,0.0,0.55,8.64,33.66
2022-12-20,31.69,12.55,22.3,0.0,0.54,7.47,31.15
2022-12-21,27.37,15.73,20.87,1.97,0.54,9.88,8.79
2022-12-22,29.4,15.99,21.56,0.94,0.54,13.6,28.09
2022-12-23,30.96,14.83,22.96,0.04,0.54,12.73,32.45
2022-12-24,30.05,13.56,21.76,0.01,0.53,9.65,33.35
2022-12-25,36.42,14.14,27.09,0.0,0.53,9.6,30.58
2022-12-26,39.06,22.11,30.79,0.0,0.52,15.26,25.9
2022-12-27,39.93,22.54,31.4,0.01,0.52,14.72,30.48
2022-12-28,27.06,14.87,24.02,1.23,0.51,11.93,13.78
2022-12-29,28.4,11.52,19.78,0.0,0.51,6.65,33.84
2022-12-30,30.98,11.28,21.61,0.0,0.51,7.95,33.05
2022-12-31,34.31,14.63,25.1,0.0,0.5,10.41,32.78
2023-01-01,39.09,19.58,30.1,0.0,0.5,14.8,29.5
2023-01-02,38.51,19.73,30.35,2.17,0.49,15.17,29.97
2023-01-03,29.58,14.94,21.79,1.72,0.49,9.82,33.61
2023-01-04,26.04,11.14,18.05,0.15,0.49,4.79,34.26
2023-01-05,28.65,10.93,19.8,0.0,0.49,8.18,33.56
2023-01-06,29.65,12.25,21.03,0.0,0.49,7.2,33.71
2023-01-07,33.24,13.6,24.23,0.0,0.49,9.16,33.03
2023-01-08,36.47,17.64,28.33,0.0,0.49,8.6,32.19
2023-01-09,37.47,21.63,30.21,0.02,0.48,9.34,32.28
2023-01-10,34.16,16.0,24.96,0.01,0.48,8.85,33.47
2023-01-11,37.94,15.46,27.35,0.0,0.48,6.55,31.01
2023-01-12,37.52,17.58,27.96,0.0,0.48,6.13,32.8
2023-01-13,35.89,16.53,26.54,0.0,0.48,10.12,30.46
2023-01-14,40.05,18.47,30.11,0.0,0.48,10.48,31.38
2023-01-15,33.59,17.95,25.4,0.0,0.48,9.73,29.43
2023-01-16,36.56,13.92,25.33,0.0,0.48,6.86,21.83
2023-01-17,40.47,21.89,30.93,2.72,0.48,13.37,25.67
2023-01-18,26.43,13.38,21.66,2.63,0.49,13.27,15.72
2023-01-19,26.76,10.57,18.31,0.0,0.48,3.11,33.63
2023-01-20,29.52,11.55,20.9,0.0,0.48,6.21,30.27
2023-01-21,27.96,16.6,22.32,2.09,0.48,10.63,23.92
2023-01-22,32.36,14.89,23.95,1.0,0.48,10.86,29.61
2023-01-23,31.55,16.05,24.79,1.92,0.48,12.91,24.61
2023-01-24,26.65,19.22,22.69,2.93,0.49,14.11,23.96
2023-01-25,34.25,16.97,25.82,0.01,0.49,10.74,29.13
2023-01-26,30.25,14.46,22.19,0.07,0.48,7.19,31.05
2023-01-27,33.01,12.76,23.17,0.0,0.48,4.63,32.39
2023-01-28,37.7,18.13,27.37,0.15,0.48,4.83,17.89
2023-01-29,27.76,20.41,23.69,3.03,0.48,16.2,8.3
2023-01-30,32.95,17.85,24.83,0.3,0.48,13.05,27.98
2023-01-31,31.55,14.57,22.95,0.01,0.48,5.72,31.77
2023-02-01,28.6,13.55,21.09,0.43,0.48,8.62,26.83
2023-02-02,20.58,11.5,15.85,8.42,0.49,6.05,16.4
2023-02-03,16.38,9.93,12.99,3.69,0.5,6.29,21.8
2023-02-04,25.83,8.21,16.9,0.42,0.5,8.29,20.43
2023-02-05,26.89,10.23,18.79,0.0,0.5,9.29,30.45
2023-02-06,29.66,11.97,20.94,0.0,0.49,10.08,30.72
2023-02-07,31.47,13.03,22.04,0.0,0.49,9.09,30.71
2023-02-08,32.78,12.36,22.34,0.0,0.49,7.3,30.73
2023-02-09,34.2,13.94,24.8,0.0,0.48,6.67,30.2
2023-02-10,39.03,18.13,28.1,0.0,0.48,6.31,29.34
2023-02-11,30.84,15.54,22.45,0.0,0.48,12.0,27.17
2023-02-12,28.43,14.66,20.55,0.01,0.48,7.16,27.11
2023-02-13,28.08,10.88,19.43,0.0,0.48,5.21,29.63
2023-02-14,30.59,11.96,21.05,0.0,0.48,5.51,29.68
2023-02-15,35.27,14.08,25.62,0.0,0.48,9.11,27.75
2023-02-16,38.56,21.28,30.11,0.0,0.48,8.73,27.43
2023-02-17,41.26,22.87,31.53,0.0,0.48,7.85,26.29
2023-02-18,32.6,15.25,23.9,0.0,0.48,5.95,28.67
2023-02-19,33.34,15.04,24.21,0.0,0.47,6.66,28.64
2023-02-20,37.85,15.31,27.09,0.0,0.47,7.39,28.16
2023-02-21,33.44,17.3,25.02,0.0,0.47,9.07,24.67
2023-02-22,35.39,15.19,25.52,0.0,0.47,9.78,27.57
2023-02-23,33.85,20.39,27.09,0.0,0.47,9.62,26.63
2023-02-24,36.14,19.31,28.07,0.0,0.47,7.23,23.45
2023-02-25,25.31,16.34,22.79,6.72,0.48,12.56,10.44
2023-02-26,27.18,12.09,19.58,0.04,0.49,9.75,24.41
2023-02-27,28.93,13.51,20.82,0.44,0.48,10.92,26.51
2023-02-28,26.1,13.98,19.72,0.02,0.48,10.09,21.64
2023-03-01,27.26,10.81,18.75,0.41,0.48,7.98,26.38
2023-03-02,28.01,11.72,19.59,0.08,0.48,9.0,26.54
2023-03-03,29.55,12.77,20.56,0.1,0.48,8.07,26.59
2023-03-04,31.52,13.13,22.87,0.0,0.48,7.63,26.08
2023-03-05,34.53,15.74,23.55,4.95,0.48,9.15,14.99
2023-03-06,25.67,12.9,19.29,0.65,0.49,9.22,23.97
2023-03-07,24.83,12.61,18.4,0.81,0.49,7.83,23.65
2023-03-08,21.49,11.62,16.21,4.01,0.49,7.15,17.32
2023-03-09,23.46,9.79,16.54,1.54,0.49,9.3,17.96
2023-03-10,26.95,11.45,19.01,0.19,0.49,10.83,24.3
2023-03-11,28.24,13.5,20.11,0.0,0.49,9.94,21.12
2023-03-12,24.71,12.11,18.49,0.37,0.49,9.3,23.08
2023-03-13,29.14,12.31,20.5,0.01,0.48,10.92,23.29
2023-03-14,31.42,18.04,24.38,0.0,0.48,11.72,20.22
2023-03-15,33.06,17.76,24.66,0.0,0.48,8.17,23.19
2023-03-16,31.0,15.37,22.81,0.01,0.48,9.48,23.6
2023-03-17,29.52,15.03,22.1,0.44,0.48,11.94,22.05
2023-03-18,38.45,19.63,27.7,0.0,0.48,8.62,21.25
2023-03-19,24.88,17.55,21.1,0.0,0.48,12.1,12.97
2023-03-20,23.78,14.64,18.87,0.0,0.48,5.32,16.44
2023-03-21,23.0,13.69,17.55,1.5,0.48,9.54,14.67
2023-03-22,28.13,14.29,21.49,0.06,0.48,13.29,19.18
2023-03-23,31.85,18.36,24.45,0.44,0.48,13.15,19.03
2023-03-24,29.33,15.62,22.27,0.19,0.48,13.1,16.68
2023-03-25,26.54,11.77,18.52,0.0,0.48,7.26,20.63
2023-03-26,23.36,10.94,16.55,0.06,0.48,6.84,9.78
2023-03-27,22.52,14.68,18.43,9.7,0.49,13.59,7.11
2023-03-28,25.6,13.35,19.35,0.92,0.5,14.01,16.09
2023-03-29,23.33,11.84,17.26,3.29,0.5,9.71,17.57
2023-03-30,22.0,9.27,15.33,0.34,0.5,8.32,15.71
2023-03-31,22.08,10.37,15.83,1.59,0.5,10.01,13.94
2023-04-01,20.36,8.03,13.59,0.06,0.5,5.31,14.74
2023-04-02,21.81,6.87,13.93,0.0,0.5,5.28,20.76
2023-04-03,25.5,7.81,16.34,0.0,0.49,6.05,20.5
2023-04-04,27.47,13.04,18.76,0.0,0.49,5.32,20.0
2023-04-05,27.57,10.93,18.6,0.0,0.49,8.69,19.58
2023-04-06,25.6,16.49,19.6,1.54,0.49,11.94,4.47
2023-04-07,20.32,13.65,16.6,8.82,0.5,11.93,13.54
2023-04-08,20.33,11.72,15.29,1.17,0.51,9.29,12.98
2023-04-09,17.48,8.84,12.48,0.67,0.5,6.4,9.31
2023-04-10,17.67,9.13,12.73,0.32,0.5,7.82,10.62
2023-04-11,18.78,6.93,12.9,1.54,0.5,8.0,12.53
2023-04-12,21.0,12.18,16.48,6.06,0.51,11.43,13.14
2023-04-13,23.13,12.03,17.2,1.79,0.51,11.55,9.86
2023-04-14,25.49,9.89,17.94,0.02,0.51,10.28,17.1
2023-04-15,17.64,13.15,16.04,8.26,0.52,12.18,3.16
2023-04-16,18.91,9.3,13.58,0.87,0.53,7.69,15.65
2023-04-17,21.83,7.98,14.67,0.72,0.52,8.33,15.9
2023-04-18,24.3,10.82,16.59,0.14,0.52,8.21,16.99
2023-04-19,19.66,9.4,14.26,0.86,0.52,7.6,13.89
2023-04-20,20.78,6.75,13.4,0.07,0.52,7.2,15.71
2023-04-21,22.13,9.01,14.92,0.23,0.52,10.54,15.68
2023-04-22,22.9,9.32,15.68,0.08,0.52,11.05,16.14
2023-04-23,24.17,9.66,16.21,0.01,0.52,10.64,16.25
2023-04-24,26.84,9.61,17.19,0.0,0.51,10.25,15.97
2023-04-25,27.04,11.57,18.36,0.0,0.51,10.84,15.29
2023-04-26,26.85,12.42,19.29,0.0,0.51,10.75,13.1
2023-04-27,25.26,14.41,18.74,0.16,0.51,10.69,12.65
2023-04-28,22.19,10.6,15.85,1.3,0.51,10.03,10.1
2023-04-29,17.44,6.28,10.98,0.0,0.51,3.72,14.74
2023-04-30,18.4,5.02,11.33,0.0,0.51,4.89,13.74
2023-05-01,17.87,8.04,12.83,0.34,0.51,8.93,8.89
2023-05-02,19.62,9.66,14.31,1.93,0.51,9.64,10.93
2023-05-03,17.79,8.38,13.61,2.97,0.51,6.57,11.54
2023-05-04,17.33,6.34,11.11,0.3,0.51,5.92,13.11
2023-05-05,18.05,5.85,11.5,1.38,0.51,5.58,11.32
2023-05-06,14.67,5.34,10.23,1.74,0.51,4.31,10.42
2023-05-07,13.06,3.0,7.23,1.15,0.52,2.19,12.91
2023-05-08,15.66,3.66,8.85,0.41,0.52,5.2,11.67
2023-05-09,16.89,7.2,10.96,0.43,0.51,8.0,8.42
2023-05-10,18.45,6.24,11.21,0.07,0.51,7.85,13.43
2023-05-11,19.56,5.47,11.25,0.0,0.51,6.76,13.63
2023-05-12,19.9,8.44,13.0,0.0,0.51,4.98,11.67
2023-05-13,20.45,6.18,12.23,0.0,0.51,6.64,13.2
2023-05-14,22.39,6.23,13.58,0.01,0.51,6.0,12.94
2023-05-15,22.22,7.26,13.63,0.01,0.51,6.27,10.68
2023-05-16,16.65,6.9,11.16,0.22,0.51,6.38,8.78
2023-05-17,16.41,4.17,9.02,0.0,0.51,2.41,13.2
2023-05-18,14.87,3.71,8.42,2.25,0.51,4.51,8.66
2023-05-19,14.73,3.41,8.76,1.29,0.51,6.52,9.2
2023-05-20,16.73,7.44,10.96,1.03,0.51,6.83,10.44
2023-05-21,17.11,5.97,11.28,0.45,0.51,6.58,7.71
2023-05-22,15.67,3.76,8.83,0.0,0.51,4.78,12.16
2023-05-23,16.4,4.92,9.99,0.0,0.51,6.06,9.5
2023-05-24,18.86,4.87,11.34,0.0,0.51,3.37,11.57
2023-05-25,14.8,8.59,10.84,7.27,0.51,4.73,4.53
2023-05-26,14.16,4.84,9.14,0.4,0.52,5.59,11.09
2023-05-27,14.98,7.84,11.06,0.87,0.52,7.57,7.96
2023-05-28,16.4,9.89,11.97,1.52,0.52,8.55,8.13
2023-05-29,17.8,8.43,12.37,1.06,0.52,9.81,9.14
2023-05-30,18.76,8.99,13.25,0.53,0.52,10.37,4.77
2023-05-31,17.34,10.29,13.5,0.74,0.52,10.35,6.04
2023-06-01,16.93,8.92,12.22,1.85,0.53,8.44,10.08
2023-06-02,17.16,6.39,11.25,0.96,0.53,6.69,4.97
2023-06-03,21.15,9.9,14.4,0.15,0.53,11.18,9.97
2023-06-04,20.91,8.85,13.94,0.12,0.53,10.12,8.32
2023-06-05,16.37,13.4,14.38,3.98,0.52,11.34,3.83
2023-06-06,19.35,10.83,14.03,0.89,0.53,10.27,5.53
2023-06-07,17.03,10.85,15.07,24.83,0.55,13.78,2.13
2023-06-08,15.57,8.18,11.81,3.04,0.58,8.69,8.4
2023-06-09,14.23,6.51,10.04,4.07,0.58,6.01,9.03
2023-06-10,15.24,4.28,9.43,0.67,0.58,6.62,10.18
2023-06-11,16.22,8.13,11.17,0.13,0.58,6.27,5.73
2023-06-12,17.74,6.26,11.17,0.26,0.58,5.59,10.0
2023-06-13,13.99,6.6,10.12,3.6,0.58,7.16,7.76
2023-06-14,14.22,7.23,9.93,0.31,0.58,6.68,8.39
2023-06-15,16.04,6.67,10.47,0.44,0.58,7.27,9.73
2023-06-16,17.07,4.9,9.94,0.0,0.58,3.52,10.85
2023-06-17,17.56,5.28,10.25,3.11,0.58,3.0,9.96
2023-06-18,14.41,5.19,9.32,0.06,0.58,4.45,10.16
2023-06-19,11.25,2.67,7.61,7.84,0.59,3.98,8.99
2023-06-20,11.53,0.43,5.5,0.65,0.59,1.78,9.09
2023-06-21,9.24,0.27,4.86,0.56,0.59,1.39,5.54
2023-06-22,10.71,3.2,6.29,4.61,0.59,3.59,2.34
2023-06-23,12.83,5.36,8.4,5.61,0.61,6.77,6.83
2023-06-24,14.08,5.67,8.76,0.16,0.61,3.33,9.04
2023-06-25,13.98,3.53,8.68,4.87,0.6,3.99,9.63
2023-06-26,14.48,6.72,9.36,1.81,0.61,7.1,9.37
2023-06-27,11.75,5.45,7.94,0.07,0.61,5.82,4.54
2023-06-28,12.31,4.97,8.12,2.32,0.61,6.75,5.65
2023-06-29,11.28,2.28,6.71,0.62,0.61,4.62,8.33
2023-06-30,13.64,7.61,10.16,1.32,0.61,8.85,6.89
2023-07-01,13.63,5.76,8.97,0.45,0.61,7.32,8.2
2023-07-02,13.79,4.88,8.13,0.13,0.61,5.84,9.41
2023-07-03,10.94,4.84,7.69,0.03,0.61,6.03,6.31
2023-07-04,11.93,7.41,9.89,4.65,0.61,9.53,4.39
2023-07-05,14.47,4.15,8.46,0.07,0.62,5.88,10.45
2023-07-06,14.96,5.48,9.15,2.32,0.62,5.68,5.42
2023-07-07,13.6,7.08,10.03,0.35,0.62,6.61,10.24
2023-07-08,14.35,7.57,10.05,1.79,0.62,5.42,8.92
2023-07-09,14.59,7.21,10.2,1.88,0.62,8.39,7.93
2023-07-10,14.32,8.5,10.52,0.51,0.62,7.64,6.46
2023-07-11,16.38,6.21,10.92,0.32,0.62,8.32,9.34
2023-07-12,15.95,6.12,9.83,0.0,0.62,5.5,9.76
2023-07-13,15.18,3.96,8.75,0.0,0.62,4.76,10.65
2023-07-14,15.07,3.86,8.34,0.0,0.61,3.65,11.03
2023-07-15,14.21,3.13,8.05,0.25,0.61,4.85,8.99
2023-07-16,13.97,1.04,6.78,0.0,0.61,4.09,12.02
2023-07-17,14.21,3.06,6.94,0.03,0.61,3.85,11.82
2023-07-18,13.79,1.73,6.66,0.15,0.61,4.04,9.28
2023-07-19,12.12,0.76,5.72,0.03,0.61,2.3,12.49
2023-07-20,13.96,3.35,7.79,2.02,0.61,3.65,4.62
2023-07-21,12.99,4.58,7.58,0.3,0.61,4.36,11.22
2023-07-22,13.19,2.61,7.73,0.74,0.61,5.08,5.7
2023-07-23,14.3,4.29,8.3,0.44,0.61,5.42,9.43
2023-07-24,15.0,2.22,7.92,0.19,0.61,6.4,9.41
2023-07-25,15.82,5.56,9.88,0.02,0.61,7.15,10.43
2023-07-26,15.84,3.66,8.75,0.0,0.61,6.48,12.52
2023-07-27,19.18,3.75,10.67,0.47,0.6,6.14,10.09
2023-07-28,18.43,9.97,13.66,5.06,0.61,10.03,11.85
2023-07-29,18.2,7.18,11.97,0.5,0.61,9.11,12.03
2023-07-30,17.15,5.41,10.51,0.48,0.61,7.63,12.29
2023-07-31,16.77,7.58,11.16,0.27,0.61,7.89,7.94
2023-08-01,15.07,8.68,11.39,0.61,0.61,8.57,7.83
2023-08-02,16.3,3.99,9.48,0.02,0.6,6.2,13.07
2023-08-03,19.78,4.33,11.4,0.0,0.6,4.86,13.39
2023-08-04,18.19,6.95,12.89,2.26,0.6,7.93,5.29
2023-08-05,14.62,3.68,8.41,0.0,0.6,4.79,8.4
2023-08-06,15.35,4.51,8.89,0.01,0.6,6.17,10.78
2023-08-07,15.75,3.65,8.6,0.11,0.6,5.65,14.19
2023-08-08,16.49,4.11,9.43,0.02,0.6,4.93,14.19
2023-08-09,18.74,3.95,10.74,0.57,0.6,3.76,14.38
2023-08-10,15.36,7.08,10.99,1.02,0.6,6.41,11.71
2023-08-11,14.14,4.74,9.34,0.08,0.59,5.66,9.62
2023-08-12,14.98,5.71,8.86,2.92,0.59,6.2,5.93
2023-08-13,14.84,6.25,9.5,0.32,0.6,6.85,7.06
2023-08-14,13.86,4.38,8.19,0.07,0.6,3.82,14.19
2023-08-15,14.48,1.23,7.41,0.01,0.59,2.7,15.97
2023-08-16,14.88,2.59,7.77,0.0,0.59,0.91,16.01
2023-08-17,11.41,3.45,7.48,9.53,0.6,3.27,4.42
2023-08-18,12.93,4.92,8.86,0.85,0.61,4.73,13.95
2023-08-19,15.34,4.46,10.63,0.77,0.6,9.21,10.71
2023-08-20,16.47,8.55,12.55,0.57,0.6,10.35,8.07
2023-08-21,19.84,9.04,13.77,0.61,0.6,9.73,11.61
2023-08-22,16.94,5.28,10.72,3.4,0.6,8.98,9.09
2023-08-23,15.8,2.63,8.93,0.54,0.6,5.21,14.3
2023-08-24,17.95,3.36,10.06,0.03,0.6,4.47,16.93
2023-08-25,21.59,5.79,12.89,0.05,0.6,4.6,15.75
2023-08-26,20.95,6.4,12.71,0.0,0.6,6.01,16.62
2023-08-27,20.5,7.03,12.32,0.0,0.59,7.87,14.71
2023-08-28,19.54,6.26,12.75,0.0,0.59,8.58,16.19
2023-08-29,21.2,10.07,14.82,0.15,0.59,9.11,12.74
2023-08-30,16.64,6.77,12.38,0.35,0.59,7.95,14.08
2023-08-31,17.54,4.4,10.28,0.37,0.59,7.42,11.98
2023-09-01,17.01,6.63,10.48,0.1,0.58,6.66,11.75
2023-09-02,18.58,3.44,11.31,0.0,0.58,5.69,17.63
2023-09-03,20.92,4.41,12.3,0.01,0.58,4.72,18.32
2023-09-04,19.84,5.46,12.01,0.27,0.58,4.73,11.29
2023-09-05,16.2,3.08,9.65,0.11,0.58,1.11,18.96
2023-09-06,21.05,3.39,11.72,0.0,0.57,2.41,19.23
2023-09-07,23.44,8.45,13.49,2.35,0.57,3.31,8.19
2023-09-08,12.92,3.79,9.07,2.59,0.57,3.33,16.3
2023-09-09,14.57,2.13,8.49,0.62,0.57,4.1,17.35
2023-09-10,17.78,6.74,11.64,0.91,0.57,8.26,14.25
2023-09-11,20.2,5.65,12.79,0.02,0.57,7.0,18.84
2023-09-12,23.33,7.84,15.76,0.0,0.57,6.51,19.87
2023-09-13,24.77,8.34,15.9,0.0,0.56,5.53,19.22
2023-09-14,27.7,8.39,17.64,0.0,0.56,6.6,19.1
2023-09-15,23.92,10.15,16.26,0.0,0.56,7.5,20.26
2023-09-16,25.3,9.07,16.17,0.0,0.55,6.15,21.4
2023-09-17,27.63,9.97,18.2,0.21,0.55,8.79,21.16
2023-09-18,28.75,12.71,20.13,0.11,0.55,9.67,13.72
2023-09-19,28.27,13.36,19.44,0.0,0.54,9.35,18.1
2023-09-20,18.69,10.47,14.3,1.61,0.54,7.55,15.24
2023-09-21,17.88,7.95,11.88,0.88,0.54,5.44,20.97
2023-09-22,19.82,4.58,11.76,0.01,0.54,3.83,22.81
2023-09-23,23.0,6.13,13.96,0.0,0.54,5.27,20.15
2023-09-24,27.35,7.73,17.29,0.0,0.54,6.16,22.85
2023-09-25,27.18,12.71,18.51,0.0,0.53,8.82,21.78
2023-09-26,24.73,8.64,15.89,0.0,0.53,8.35,23.04
2023-09-27,21.7,7.96,13.91,0.0,0.53,5.24,22.85
2023-09-28,24.28,6.25,14.98,0.0,0.53,6.01,23.56
2023-09-29,29.25,12.49,19.75,0.0,0.52,4.22,23.7
2023-09-30,30.85,10.98,20.48,0.0,0.52,2.19,23.65
2023-10-01,23.03,10.39,17.85,0.06,0.52,4.95,24.22
2023-10-02,32.82,8.95,19.66,0.0,0.51,6.41,22.64
2023-10-03,23.96,11.7,16.89,18.25,0.53,12.36,3.97
2023-10-04,16.22,8.14,11.98,0.76,0.54,6.07,21.84
2023-10-05,18.43,5.46,12.05,1.63,0.54,6.74,16.84
2023-10-06,19.38,6.53,12.5,0.11,0.54,4.66,23.56
2023-10-07,21.13,4.75,12.62,0.01,0.54,3.64,24.71
2023-10-08,22.78,5.15,13.71,0.04,0.53,4.62,25.98
2023-10-09,23.98,7.13,14.95,0.0,0.53,5.53,25.22
2023-10-10,23.86,5.77,14.76,0.02,0.53,5.58,26.31
2023-10-11,29.53,9.06,19.67,0.0,0.53,4.63,26.12
2023-10-12,17.46,9.38,14.45,3.16,0.53,6.67,18.97
2023-10-13,18.74,7.83,13.52,0.38,0.53,8.58,14.73
2023-10-14,21.24,10.78,14.74,0.55,0.52,8.72,21.71
2023-10-15,18.82,10.92,14.02,2.61,0.52,9.93,14.36
2023-10-16,19.39,7.81,13.27,0.48,0.53,5.5,24.37
2023-10-17,22.86,4.75,13.65,0.04,0.52,3.59,27.53
2023-10-18,26.58,6.53,16.66,0.0,0.52,5.64,27.73
2023-10-19,29.36,9.57,19.78,0.0,0.52,6.37,27.51
2023-10-20,32.84,12.85,22.53,0.0,0.51,7.01,26.0
2023-10-21,23.5,9.99,16.9,0.2,0.51,7.11,23.11
2023-10-22,19.13,8.4,13.09,2.33,0.51,6.64,16.0
2023-10-23,23.31,4.57,14.07,0.0,0.51,2.74,28.46
2023-10-24,23.5,9.67,16.47,0.22,0.51,3.33,25.11
2023-10-25,16.29,5.38,10.65,1.46,0.51,1.73,24.13
2023-10-26,20.26,3.48,11.73,0.37,0.51,3.71,25.36
2023-10-27,24.11,4.78,14.47,0.0,0.5,2.57,28.91
2023-10-28,26.77,8.27,16.43,0.0,0.5,2.58,22.12
2023-10-29,29.69,7.42,18.26,0.0,0.5,6.51,27.2
2023-10-30,24.53,10.84,16.77,1.4,0.5,6.1,23.44
2023-10-31,21.0,6.71,13.75,0.7,0.5,3.14,30.23
2023-11-01,22.69,5.66,14.45,0.0,0.5,4.16,29.95
2023-11-02,25.62,7.42,16.56,0.0,0.49,4.86,26.99
2023-11-03,27.51,8.77,17.5,0.0,0.49,5.19,30.17
2023-11-04,25.76,8.71,16.62,0.06,0.49,3.97,30.78
2023-11-05,30.32,10.03,20.12,0.0,0.49,8.87,29.88
2023-11-06,33.2,15.01,23.84,0.0,0.49,6.79,28.63
2023-11-07,35.42,16.8,26.14,0.04,0.48,7.74,27.61
2023-11-08,30.59,15.75,22.88,0.42,0.48,10.45,24.82
2023-11-09,30.79,13.7,22.09,0.06,0.48,7.51,30.32
2023-11-10,37.16,13.87,26.49,0.0,0.48,5.54,30.12
2023-11-11,29.34,15.34,24.79,0.0,0.48,4.81,27.4
2023-11-12,27.74,8.94,17.9,0.0,0.48,2.89,26.24
2023-11-13,28.09,8.86,18.45,0.0,0.48,3.05,31.43
2023-11-14,25.43,12.47,17.96,0.78,0.48,6.19,18.08
2023-11-15,28.63,11.57,20.04,0.0,0.48,6.27,30.52
2023-11-16,25.96,11.35,17.82,0.05,0.48,4.94,30.19
2023-11-17,27.4,7.95,17.62,0.0,0.48,2.97,32.39
2023-11-18,30.18,9.76,20.43,0.0,0.48,2.7,30.11
2023-11-19,33.36,11.25,23.4,0.0,0.48,3.05,30.14
2023-11-20,32.96,13.83,23.7,0.24,0.48,7.4,24.12
2023-11-21,32.47,16.85,25.0,0.02,0.48,8.91,28.77
2023-11-22,32.19,13.66,22.9,0.1,0.48,6.48,29.25
2023-11-23,30.42,14.14,22.26,0.84,0.47,9.21,16.71
2023-11-24,27.34,18.26,22.82,27.96,0.51,15.67,16.79
2023-11-25,26.18,14.8,19.69,2.48,0.53,12.75,25.51
2023-11-26,24.97,13.66,18.57,0.69,0.52,11.8,19.44
2023-11-27,28.39,10.81,19.83,0.07,0.52,9.38,31.5
2023-11-28,26.39,12.95,18.98,20.23,0.53,12.86,14.59
2023-11-29,24.33,15.26,18.9,7.34,0.56,13.57,19.74
2023-11-30,26.63,14.09,19.46,0.46,0.56,10.92,26.9
2023-12-01,26.49,11.77,19.33,0.55,0.55,12.27,29.83
2023-12-02,24.62,12.89,18.78,0.74,0.55,12.05,27.41
2023-12-03,27.7,10.74,19.66,0.0,0.54,7.52,33.19
2023-12-04,36.02,13.53,24.9,0.0,0.54,8.86,32.65
2023-12-05,35.29,15.17,24.85,0.0,0.53,10.23,17.94
2023-12-06,30.83,13.09,21.85,0.0,0.53,6.99,24.81
2023-12-07,30.67,16.84,24.15,0.07,0.52,11.71,13.72
2023-12-08,40.89,20.47,28.4,0.78,0.52,16.5,15.39
2023-12-09,23.05,15.28,20.07,8.24,0.52,14.33,13.58
2023-12-10,28.57,13.43,19.98,0.63,0.53,9.89,21.07
2023-12-11,30.4,17.82,23.68,4.49,0.53,17.74,14.91
2023-12-12,38.37,20.21,29.6,0.02,0.53,14.98,25.28
2023-12-13,35.89,19.72,28.6,0.69,0.53,13.76,27.82
2023-12-14,26.69,15.17,20.99,0.18,0.52,11.92,27.35
2023-12-15,26.56,11.84,19.28,0.0,0.52,7.78,34.03
2023-12-16,25.43,10.41,17.9,0.09,0.51,7.64,31.47
2023-12-17,28.95,10.73,20.32,0.0,0.51,8.2,32.27
2023-12-18,36.05,17.73,26.15,1.91,0.51,8.97,15.35
2023-12-19,27.06,12.88,19.71,1.28,0.51,8.72,28.42
2023-12-20,26.85,9.09,17.52,0.0,0.51,4.39,34.77
2023-12-21,29.53,11.89,21.17,0.0,0.5,10.19,29.48
2023-12-22,30.65,14.46,22.61,0.28,0.5,9.46,27.85
2023-12-23,32.38,13.93,23.33,0.39,0.5,9.18,28.77
2023-12-24,29.98,15.97,22.41,30.05,0.51,13.06,27.46
2023-12-25,19.57,13.34,16.99,25.65,0.58,13.44,16.26
2023-12-26,26.12,12.91,19.58,2.11,0.59,11.83,24.85
2023-12-27,28.63,14.18,21.88,0.79,0.58,15.53,30.48
2023-12-28,29.67,16.37,22.61,0.07,0.57,13.4,26.61
2023-12-29,25.12,12.82,18.53,1.58,0.57,10.3,23.5
2023-12-30,25.08,10.38,17.35,0.4,0.57,8.13,31.02
2023-12-31,28.84,10.01,19.43,0.0,0.56,8.45,33.85
2024-01-01,33.19,12.65,23.87,0.0,0.56,13.61,31.66
2024-01-02,32.18,19.18,25.21,9.1,0.55,19.54,25.38
2024-01-03,34.76,20.55,27.24,0.95,0.57,19.07,17.73
2024-01-04,31.67,18.67,24.85,0.12,0.56,16.22,21.29
2024-01-05,33.59,17.86,26.1,0.0,0.55,17.65,28.45
2024-01-06,33.56,21.57,27.21,4.74,0.55,18.64,19.17
2024-01-07,29.72,20.49,24.42,23.77,0.57,20.12,15.21
2024-01-08,29.32,19.06,23.99,9.77,0.6,18.69,13.04
2024-01-09,30.79,15.43,23.93,0.13,0.6,16.04,31.74
2024-01-10,32.31,17.51,25.01,0.12,0.59,13.79,32.52
2024-01-11,33.02,15.33,24.0,0.0,0.58,13.4,33.1
2024-01-12,37.07,15.1,26.23,0.0,0.58,14.02,32.02
2024-01-13,31.99,16.72,24.39,0.21,0.57,14.07,27.6
2024-01-14,29.66,13.84,20.8,0.0,0.56,11.2,23.94
2024-01-15,32.15,16.8,24.72,0.03,0.56,15.5,29.74
2024-01-16,29.5,18.61,23.31,2.57,0.55,16.51,21.47
2024-01-17,26.59,13.73,21.32,10.46,0.57,11.87,25.9
2024-01-18,26.27,11.45,18.24,2.42,0.57,8.21,32.48
2024-01-19,27.67,10.74,19.56,0.01,0.57,8.55,32.93
2024-01-20,32.54,15.07,23.25,0.0,0.56,9.22,30.42
2024-01-21,28.66,13.82,20.95,0.0,0.56,10.21,32.38
2024-01-22,29.48,11.59,19.99,0.0,0.55,8.69,32.62
2024-01-23,34.48,12.24,23.61,0.0,0.55,10.23,31.91
2024-01-24,35.24,20.71,27.73,0.14,0.54,12.81,16.32
2024-01-25,31.43,17.12,23.4,3.68,0.54,16.72,13.73
2024-01-26,26.69,14.49,20.26,0.55,0.54,9.67,29.24
2024-01-27,27.38,11.42,19.55,0.01,0.54,8.81,32.11
2024-01-28,29.13,13.04,21.95,0.11,0.53,11.89,30.53
2024-01-29,34.93,19.92,26.81,0.0,0.53,11.34,31.1
2024-01-30,32.96,15.92,24.24,0.0,0.52,10.89,31.62
2024-01-31,30.15,11.81,20.9,0.0,0.52,8.42,31.98
2024-02-01,31.98,13.98,22.45,0.0,0.52,10.11,31.0
2024-02-02,30.73,13.84,21.67,0.0,0.51,9.89,31.32
2024-02-03,35.24,12.75,24.94,0.0,0.51,8.1,31.37
2024-02-04,39.9,18.13,29.28,0.0,0.5,8.47,29.99
2024-02-05,31.04,16.65,23.72,0.15,0.5,10.43,21.78
2024-02-06,27.39,11.57,19.3,0.4,0.5,5.84,31.15
2024-02-07,29.49,11.43,20.55,0.0,0.5,7.34,30.77
2024-02-08,31.51,12.93,22.22,0.0,0.49,8.25,30.49
2024-02-09,32.24,14.22,23.36,0.04,0.49,7.94,29.92
2024-02-10,32.62,14.42,23.56,0.0,0.49,9.62,29.85
2024-02-11,35.93,18.62,27.56,0.0,0.49,11.24,28.99
2024-02-12,39.36,20.91,30.36,0.0,0.49,12.69,27.62
2024-02-13,40.96,16.82,29.88,1.75,0.49,12.27,24.21
2024-02-14,26.41,13.36,19.4,0.9,0.49,3.68,30.22
2024-02-15,27.97,11.04,19.48,3.59,0.49,4.5,28.53
2024-02-16,31.17,12.11,21.71,0.0,0.49,7.08,29.33
2024-02-17,34.43,14.09,24.64,0.0,0.49,8.63,27.86
2024-02-18,31.19,15.54,23.76,0.0,0.49,8.35,22.16
2024-02-19,33.65,14.09,23.53,0.0,0.49,7.52,28.58
2024-02-20,32.49,14.66,24.03,0.0,0.48,8.62,15.85
2024-02-21,35.53,21.34,28.43,0.01,0.48,12.69,24.54
2024-02-22,40.93,22.8,31.01,0.0,0.48,11.37,25.2
2024-02-23,27.23,14.67,20.67,0.01,0.48,7.15,25.54
2024-02-24,29.96,12.25,20.71,0.0,0.48,4.81,28.63
2024-02-25,33.39,12.49,23.51,0.0,0.48,4.24,28.09
2024-02-26,31.81,15.96,23.07,1.19,0.48,8.55,21.28
2024-02-27,33.81,12.84,23.48,3.08,0.48,8.96,26.31
2024-02-28,37.33,21.34,28.58,0.0,0.48,10.45,15.8
2024-02-29,32.42,18.61,24.44,0.0,0.48,11.03,22.17
2024-03-01,32.29,18.88,25.27,0.02,0.48,9.62,21.34
2024-03-02,29.73,15.8,21.86,0.07,0.48,7.71,25.44
2024-03-03,28.79,12.21,19.88,0.0,0.48,5.59,26.89
2024-03-04,29.36,11.4,20.29,0.0,0.48,2.05,26.93
2024-03-05,33.51,11.65,23.73,0.0,0.48,1.11,26.52
2024-03-06,35.83,20.23,27.77,0.0,0.48,4.7,20.08
2024-03-07,33.56,16.86,24.34,0.0,0.48,8.3,25.06
2024-03-08,34.39,12.98,24.21,0.0,0.48,4.54,25.6
2024-03-09,39.93,20.2,30.57,0.0,0.47,8.87,22.14
2024-03-10,38.32,23.84,30.75,0.0,0.47,8.61,24.53
2024-03-11,37.17,22.42,29.37,0.0,0.47,8.2,19.03
2024-03-12,37.21,24.7,30.27,0.0,0.47,8.55,20.34
2024-03-13,35.1,21.66,26.95,0.08,0.47,13.53,14.73
2024-03-14,28.12,17.06,22.13,0.15,0.47,9.98,9.47
2024-03-15,31.87,15.09,23.45,0.11,0.47,11.21,21.49
2024-03-16,29.61,19.2,24.3,0.54,0.47,10.7,21.15
2024-03-17,29.34,17.25,23.38,1.13,0.48,12.43,11.51
2024-03-18,32.35,18.46,25.57,0.0,0.48,11.98,21.15
2024-03-19,30.66,16.95,24.45,0.53,0.48,12.46,17.5
2024-03-20,23.44,12.54,17.2,0.02,0.48,1.42,23.79
2024-03-21,25.5,8.78,17.15,0.0,0.48,-0.6,23.62
2024-03-22,28.09,9.38,18.59,0.0,0.48,2.08,23.09
2024-03-23,27.17,12.07,19.0,0.0,0.48,5.73,22.55
2024-03-24,25.88,9.01,17.01,0.04,0.48,4.78,22.67
2024-03-25,26.66,10.41,18.14,0.02,0.48,7.7,22.09
2024-03-26,26.16,11.33,18.46,0.41,0.48,8.05,21.88
2024-03-27,27.17,11.15,18.75,0.0,0.48,6.27,21.72
2024-03-28,26.74,10.72,18.31,0.08,0.48,5.7,21.73
2024-03-29,30.53,9.93,19.9,0.0,0.48,4.89,21.09
2024-03-30,34.12,14.46,23.66,0.0,0.47,2.13,19.47
2024-03-31,34.4,14.19,24.22,0.0,0.47,7.6,19.25
2024-04-01,29.93,15.73,23.38,16.34,0.48,16.43,7.0
2024-04-02,22.79,12.69,17.14,1.11,0.51,10.5,14.48
2024-04-03,19.96,9.87,15.3,1.51,0.51,9.66,14.77
2024-04-04,23.38,12.14,16.97,0.01,0.51,7.74,19.65
2024-04-05,23.95,10.17,16.88,0.31,0.5,10.48,15.79
2024-04-06,20.36,14.0,16.36,1.8,0.5,12.76,7.56
2024-04-07,25.22,13.53,18.31,0.06,0.5,11.88,13.73
2024-04-08,21.74,9.66,15.37,2.1,0.5,9.77,15.58
2024-04-09,19.26,7.6,12.73,0.02,0.5,5.5,16.06
2024-04-10,20.74,7.12,13.71,0.02,0.5,7.79,13.01
2024-04-11,21.66,9.33,14.5,0.11,0.5,9.29,15.84
2024-04-12,20.37,7.68,13.25,0.02,0.5,7.46,17.49
2024-04-13,20.88,6.77,13.65,0.23,0.5,7.72,17.84
2024-04-14,22.99,8.61,15.36,0.0,0.5,8.1,18.09
2024-04-15,24.09,10.82,16.34,0.0,0.5,7.15,17.66
2024-04-16,22.84,9.01,15.19,0.07,0.49,9.05,15.46
2024-04-17,20.99,10.23,14.93,1.34,0.49,8.99,14.96
2024-04-18,18.89,8.24,13.17,0.16,0.49,8.16,13.92
2024-04-19,20.42,9.95,14.43,1.85,0.5,8.89,13.27
2024-04-20,21.96,8.63,14.05,0.02,0.49,7.43,17.14
2024-04-21,21.27,5.96,12.88,0.0,0.49,6.39,16.98
2024-04-22,25.49,6.5,15.43,0.0,0.49,4.27,16.64
2024-04-23,27.41,9.6,17.36,2.16,0.49,5.6,14.73
2024-04-24,18.46,7.78,12.09,0.02,0.49,5.1,15.24
2024-04-25,19.2,6.88,12.24,1.0,0.49,6.96,12.69
2024-04-26,18.6,6.79,11.62,0.06,0.49,6.93,14.41
2024-04-27,18.6,5.05,11.75,0.0,0.49,5.63,15.54
2024-04-28,22.6,9.38,14.52,0.0,0.49,3.97,15.61
2024-04-29,18.98,9.47,13.96,0.62,0.49,6.48,8.82
2024-04-30,19.06,6.72,11.66,0.0,0.49,4.81,15.61
2024-05-01,20.36,7.2,12.3,0.0,0.49,5.72,15.11
2024-05-02,20.55,7.46,12.77,0.01,0.49,6.42,14.06
2024-05-03,20.99,7.13,13.17,0.15,0.49,6.41,6.34
2024-05-04,19.5,10.4,13.6,0.35,0.49,7.8,11.74
2024-05-05,21.84,7.46,13.61,0.0,0.49,8.42,13.58
2024-05-06,22.03,9.07,14.09,0.0,0.48,8.05,14.22
2024-05-07,22.08,6.71,13.35,0.0,0.48,6.56,14.23
2024-05-08,22.08,7.98,14.25,0.0,0.48,7.4,12.51
2024-05-09,20.82,10.8,14.91,0.77,0.48,9.85,11.24
2024-05-10,22.02,9.19,14.56,0.44,0.48,9.78,11.74
2024-05-11,20.28,12.64,15.55,2.22,0.49,11.84,5.81
2024-05-12,22.22,10.66,15.35,0.03,0.49,9.69,12.89
2024-05-13,21.52,9.55,14.49,0.0,0.49,8.5,12.26
2024-05-14,17.95,6.97,12.12,0.0,0.49,6.39,13.02
2024-05-15,18.76,8.0,12.93,0.0,0.48,4.45,10.58
2024-05-16,21.04,6.62,13.98,0.0,0.48,4.46,12.11
2024-05-17,19.71,8.14,13.3,0.23,0.48,6.63,11.68
2024-05-18,16.0,5.06,9.25,0.04,0.48,1.88,13.19
2024-05-19,17.31,2.98,9.93,0.71,0.48,5.71,9.13
2024-05-20,17.07,7.67,11.67,0.63,0.48,7.59,11.33
2024-05-21,16.75,6.23,9.88,0.06,0.48,5.28,7.5
2024-05-22,16.61,3.61,9.08,0.0,0.48,4.59,12.34
2024-05-23,17.48,4.53,10.38,0.01,0.48,5.1,10.85
2024-05-24,16.62,5.09,10.26,0.03,0.48,4.55,8.98
2024-05-25,17.87,7.06,11.8,0.0,0.48,5.05,11.17
2024-05-26,18.6,5.71,11.95,0.0,0.48,3.9,11.75
2024-05-27,19.39,6.8,12.45,0.0,0.48,1.91,11.78
2024-05-28,19.57,5.47,11.0,0.02,0.48,1.63,11.76
2024-05-29,21.94,4.23,12.24,0.0,0.48,2.88,11.32
2024-05-30,17.24,12.88,14.37,13.16,0.49,10.76,1.48
2024-05-31,16.42,7.23,11.71,1.59,0.51,8.38,9.95
2024-06-01,15.68,3.89,8.77,0.01,0.51,4.04,10.91
2024-06-02,15.31,3.96,8.09,0.0,0.51,3.74,11.22
2024-06-03,13.26,1.72,6.58,0.09,0.51,2.87,9.95
2024-06-04,12.45,5.07,8.15,0.0,0.5,2.6,5.15
2024-06-05,13.35,5.68,8.29,0.01,0.5,4.12,8.05
2024-06-06,19.13,5.46,10.65,0.0,0.5,6.96,10.6
2024-06-07,17.89,7.12,10.6,0.01,0.5,7.27,11.14
2024-06-08,15.46,6.58,9.95,0.08,0.5,7.24,8.79
2024-06-09,13.92,7.44,10.12,0.84,0.5,8.56,6.63
2024-06-10,16.01,5.66,10.45,0.0,0.5,6.21,6.38
2024-06-11,17.01,9.87,12.02,3.17,0.51,7.89,3.69
2024-06-12,15.15,4.59,9.91,0.8,0.51,5.8,8.26
2024-06-13,12.23,4.74,8.06,0.01,0.51,3.52,5.07
2024-06-14,9.47,5.72,7.11,4.23,0.51,4.88,2.24
2024-06-15,13.92,3.35,7.25,0.32,0.51,5.0,7.79
2024-06-16,14.09,4.5,7.72,0.01,0.51,3.78,11.05
2024-06-17,14.31,2.18,6.94,0.0,0.51,3.12,11.03
2024-06-18,13.25,0.73,6.97,0.01,0.51,2.36,10.9
2024-06-19,13.98,1.51,7.52,0.0,0.51,2.46,6.18
2024-06-20,9.21,4.95,6.59,2.6,0.51,4.6,6.55
2024-06-21,13.91,2.31,6.95,0.06,0.51,3.28,10.0
2024-06-22,14.71,2.17,6.9,0.0,0.51,3.31,10.81
2024-06-23,13.81,2.11,6.55,0.0,0.51,3.42,10.0
2024-06-24,13.28,3.66,7.49,0.15,0.51,2.83,8.73
2024-06-25,16.28,5.82,10.06,0.33,0.51,3.25,8.64
2024-06-26,14.03,5.02,9.67,1.28,0.51,5.55,9.42
2024-06-27,15.0,7.26,10.61,0.34,0.51,7.46,9.89
2024-06-28,18.12,4.23,10.77,0.0,0.51,3.27,9.91
2024-06-29,10.15,4.98,8.74,3.53,0.52,4.76,2.55
2024-06-30,12.52,3.17,6.75,0.06,0.52,3.52,8.88
2024-07-01,12.2,2.66,6.6,0.12,0.52,3.43,7.35
2024-07-02,14.01,2.92,6.61,0.04,0.52,2.4,11.25
2024-07-03,15.86,0.66,6.73,0.0,0.51,2.14,10.71
2024-07-04,15.94,2.07,7.32,0.01,0.51,4.03,11.19
2024-07-05,16.62,4.95,9.01,0.0,0.51,5.85,11.04
2024-07-06,16.56,3.99,8.17,0.0,0.51,4.0,11.33
2024-07-07,16.49,2.94,8.94,0.0,0.51,4.31,8.98
2024-07-08,12.25,7.11,9.64,2.28,0.51,8.1,4.05
2024-07-09,16.19,5.98,10.33,0.31,0.52,8.32,5.74
2024-07-10,14.25,4.7,8.03,0.06,0.51,5.57,10.99
2024-07-11,13.89,7.0,9.44,5.25,0.52,6.26,3.04
2024-07-12,13.75,6.24,8.68,0.62,0.52,6.55,10.73
2024-07-13,13.77,5.85,8.86,2.04,0.52,6.5,10.14
2024-07-14,12.38,4.27,7.44,1.42,0.53,4.94,10.1
2024-07-15,10.47,4.64,7.04,3.07,0.53,5.81,9.06
2024-07-16,12.92,5.6,8.67,1.24,0.53,6.9,6.76
2024-07-17,14.76,7.18,10.02,1.79,0.53,7.71,7.51
2024-07-18,11.68,5.22,7.45,0.28,0.53,4.82,6.68
2024-07-19,14.68,3.11,8.64,4.22,0.53,3.99,4.1
2024-07-20,13.45,6.37,9.62,5.68,0.55,4.16,9.56
2024-07-21,15.55,6.94,10.52,3.07,0.55,8.02,9.87
2024-07-22,17.94,6.21,11.44,0.5,0.55,6.89,11.02
2024-07-23,17.72,5.04,10.02,0.0,0.55,2.08,11.22
2024-07-24,16.0,5.61,10.8,0.0,0.55,2.79,8.3
2024-07-25,15.23,8.77,10.96,0.75,0.54,4.19,7.91
2024-07-26,17.73,5.12,10.48,0.85,0.54,6.01,12.82
2024-07-27,11.11,3.4,7.32,3.43,0.55,3.32,7.47
2024-07-28,12.43,1.84,5.82,0.27,0.55,1.88,12.24
2024-07-29,14.48,0.68,7.07,0.08,0.55,3.54,13.13
2024-07-30,15.17,2.74,8.58,0.03,0.55,4.94,13.03
2024-07-31,16.49,2.14,8.19,0.0,0.55,3.56,13.37
2024-08-01,14.98,0.72,7.26,0.0,0.55,2.32,13.44
2024-08-02,15.08,3.09,8.01,0.0,0.54,2.53,9.77
2024-08-03,15.14,3.64,8.37,0.03,0.54,3.44,10.6
2024-08-04,13.65,3.39,8.21,0.0,0.54,4.1,7.44
2024-08-05,15.25,5.22,9.53,0.01,0.54,4.21,8.48
2024-08-06,16.5,2.16,8.77,0.0,0.54,4.79,13.2
2024-08-07,16.43,4.74,9.93,0.0,0.54,4.97,12.73
2024-08-08,16.81,3.74,9.9,0.41,0.54,4.43,8.1
2024-08-09,17.31,5.31,10.46,0.05,0.54,5.09,12.89
2024-08-10,18.26,5.02,10.69,0.0,0.54,3.55,14.1
2024-08-11,19.42,4.48,10.84,0.0,0.54,4.92,14.72
2024-08-12,21.73,4.87,12.08,0.0,0.53,5.29,14.82
2024-08-13,21.47,6.88,13.05,0.0,0.53,6.9,14.21
2024-08-14,22.85,7.96,14.66,0.08,0.53,7.11,14.62
2024-08-15,24.37,10.78,16.21,0.0,0.53,8.31,12.44
2024-08-16,18.4,10.47,13.1,0.74,0.53,8.25,10.62
2024-08-17,16.46,7.74,11.72,5.48,0.54,8.58,10.46
2024-08-18,18.28,6.52,11.59,0.24,0.54,7.22,13.55
2024-08-19,19.84,5.59,12.81,0.0,0.54,6.88,14.1
2024-08-20,21.39,9.74,13.94,3.34,0.54,7.17,11.82
2024-08-21,17.74,10.03,12.97,1.9,0.54,9.2,11.6
2024-08-22,17.95,7.74,12.11,0.52,0.54,8.05,14.64
2024-08-23,22.65,8.72,15.24,2.1,0.54,8.38,6.67
2024-08-24,22.7,9.53,16.26,0.04,0.54,8.41,16.66
2024-08-25,25.78,11.78,17.02,3.94,0.54,10.76,13.02
2024-08-26,19.55,9.38,13.74,0.65,0.54,8.93,12.13
2024-08-27,22.61,7.85,14.93,0.0,0.54,5.26,16.28
2024-08-28,18.61,8.95,13.88,1.86,0.54,5.71,14.49
2024-08-29,19.02,7.68,13.26,0.37,0.54,5.68,17.71
2024-08-30,19.5,11.75,15.56,0.62,0.53,6.04,16.4
2024-08-31,17.98,10.6,13.57,1.22,0.53,6.85,15.28
2024-09-01,19.22,8.46,14.23,2.85,0.53,7.75,15.59
2024-09-02,15.75,6.38,11.94,2.75,0.54,2.3,16.49
2024-09-03,18.21,4.19,10.66,0.38,0.54,4.74,18.7
2024-09-04,22.88,5.3,14.01,0.04,0.53,1.14,18.98
2024-09-05,29.82,12.15,19.99,1.77,0.53,2.74,7.49
2024-09-06,26.94,12.17,19.15,1.34,0.53,8.03,13.75
2024-09-07,19.54,6.88,12.71,0.05,0.53,6.33,19.46
2024-09-08,19.56,6.55,12.92,0.76,0.53,7.26,15.89
2024-09-09,19.34,8.28,13.12,1.27,0.53,8.27,14.84
2024-09-10,21.45,6.32,13.57,0.11,0.53,7.72,18.53
2024-09-11,21.98,9.26,14.33,2.19,0.52,7.09,13.42
2024-09-12,18.67,4.33,11.12,0.21,0.53,3.84,20.92
2024-09-13,19.18,3.81,10.86,0.05,0.52,5.52,20.51
2024-09-14,15.28,4.59,9.7,0.95,0.52,3.77,16.1
2024-09-15,17.13,2.97,9.15,0.02,0.52,1.73,21.58
2024-09-16,17.87,1.26,8.99,0.01,0.52,3.41,21.55
2024-09-17,18.53,4.34,10.12,0.49,0.52,3.84,22.03
2024-09-18,22.85,3.02,12.14,0.0,0.52,-0.42,22.39
2024-09-19,17.96,5.78,11.41,1.41,0.52,5.61,18.47
2024-09-20,16.04,7.26,11.58,2.52,0.52,7.95,14.55
2024-09-21,17.19,7.69,12.11,1.39,0.52,6.99,15.36
2024-09-22,21.22,7.77,13.65,0.51,0.52,7.9,19.65
2024-09-23,22.31,6.85,14.88,0.25,0.52,8.03,20.23
2024-09-24,26.43,11.49,17.55,0.02,0.52,5.52,10.84
2024-09-25,18.69,8.12,13.5,2.86,0.52,8.66,11.12
2024-09-26,18.7,3.78,10.73,0.0,0.52,1.75,24.21
2024-09-27,21.87,3.55,12.09,0.0,0.51,1.6,23.71
2024-09-28,24.36,6.17,15.17,0.0,0.51,3.01,19.26
2024-09-29,20.48,9.3,13.7,2.97,0.51,5.9,12.45
2024-09-30,21.99,5.78,13.58,0.0,0.51,6.47,20.98
2024-10-01,22.41,7.06,14.31,0.0,0.51,7.28,19.72
2024-10-02,23.49,6.39,14.55,0.0,0.51,5.26,24.55
2024-10-03,27.78,9.18,19.2,0.0,0.51,7.22,22.62
2024-10-04,27.43,13.62,20.36,0.23,0.5,8.52,16.16
2024-10-05,19.46,9.93,14.33,3.07,0.5,9.55,16.87
2024-10-06,23.31,11.03,15.84,0.46,0.51,7.61,21.99
2024-10-07,21.66,9.15,15.2,2.11,0.51,9.93,18.48
2024-10-08,19.58,4.21,11.47,0.0,0.5,1.55,24.68
2024-10-09,24.14,4.08,13.67,0.0,0.5,1.49,26.55
2024-10-10,25.91,9.06,16.44,0.0,0.5,1.72,26.16
2024-10-11,22.89,5.95,13.97,0.0,0.5,4.07,26.6
2024-10-12,24.92,5.76,14.87,0.0,0.5,2.36,25.54
2024-10-13,27.68,8.21,17.59,0.0,0.49,4.52,19.93
2024-10-14,28.64,12.99,20.2,0.24,0.49,8.34,19.57
2024-10-15,25.47,13.28,18.23,2.28,0.49,12.75,9.49
2024-10-16,28.86,14.7,21.17,0.87,0.49,13.37,19.21
2024-10-17,30.8,16.67,21.97,11.78,0.5,14.3,13.6
2024-10-18,24.77,12.88,19.64,6.8,0.52,14.91,13.81
2024-10-19,25.47,10.43,16.8,0.11,0.52,7.59,27.24
2024-10-20,26.94,8.67,17.32,0.0,0.52,8.27,25.04
2024-10-21,30.09,9.39,20.32,0.0,0.51,7.71,26.17
2024-10-22,33.77,15.42,23.84,0.0,0.51,9.14,18.01
2024-10-23,24.79,10.92,17.41,0.12,0.5,6.06,24.29
2024-10-24,20.87,7.88,13.74,0.41,0.5,3.76,26.73
2024-10-25,21.18,6.59,13.37,0.35,0.5,4.05,26.26
2024-10-26,23.9,6.26,15.65,0.0,0.5,3.76,24.7
2024-10-27,31.04,13.37,21.67,0.0,0.5,5.59,27.48
2024-10-28,25.53,9.46,17.0,0.0,0.49,5.13,29.15
2024-10-29,26.67,7.74,17.13,0.0,0.49,5.11,29.46
2024-10-30,29.15,8.49,18.73,0.0,0.49,5.61,29.61
2024-10-31,24.77,9.84,17.07,0.11,0.49,6.69,28.12
2024-11-01,23.73,7.53,15.29,0.01,0.49,2.51,30.45
2024-11-02,29.64,6.85,19.37,0.0,0.48,1.36,24.86
2024-11-03,28.76,15.01,22.03,0.0,0.48,2.55,28.38
2024-11-04,25.28,10.75,17.75,0.06,0.48,5.3,28.04
2024-11-05,30.75,9.69,20.89,0.0,0.48,6.16,23.48
2024-11-06,34.1,17.84,25.03,0.03,0.48,9.25,21.47
2024-11-07,24.77,12.31,18.05,0.79,0.48,6.78,20.34
2024-11-08,23.93,8.96,15.65,0.6,0.48,4.27,25.45
2024-11-09,22.03,7.83,15.49,0.0,0.48,2.61,13.18
2024-11-10,27.89,9.57,18.82,0.0,0.48,4.37,30.07
2024-11-11,28.44,12.95,20.71,0.68,0.48,7.58,18.33
2024-11-12,27.23,16.55,21.3,2.76,0.48,12.65,14.14
2024-11-13,27.55,14.43,20.75,0.25,0.48,9.15,29.11
2024-11-14,27.1,9.07,17.98,0.01,0.48,3.22,31.93
2024-11-15,29.3,9.59,20.12,0.0,0.48,2.9,31.33
2024-11-16,36.54,13.97,26.0,0.0,0.48,-1.27,27.8
2024-11-17,24.97,13.57,19.85,2.08,0.48,5.84,24.78
2024-11-18,26.43,12.56,18.64,0.77,0.48,5.55,31.14
2024-11-19,27.49,9.33,18.47,0.0,0.48,3.68,32.67
2024-11-20,30.44,10.27,20.49,0.0,0.48,4.24,31.73
2024-11-21,35.0,12.47,23.85,0.0,0.48,4.29,29.56
2024-11-22,37.44,18.42,28.93,0.0,0.48,8.18,24.05
2024-11-23,36.47,23.03,29.59,2.25,0.48,9.41,13.99
2024-11-24,26.94,20.55,23.15,8.09,0.48,18.32,8.48
2024-11-25,28.79,17.99,23.49,2.15,0.5,16.96,10.27
2024-11-26,31.21,19.73,25.51,10.5,0.5,18.47,22.65
2024-11-27,28.33,18.03,23.3,7.22,0.52,14.79,23.91
2024-11-28,29.08,13.38,21.96,0.03,0.52,11.63,27.33
2024-11-29,33.28,16.38,25.67,0.11,0.51,12.4,31.06
2024-11-30,27.15,18.95,23.17,15.91,0.52,17.57,19.62
2024-12-01,26.6,13.34,19.9,1.94,0.53,12.31,26.89
2024-12-02,34.09,14.85,24.23,9.49,0.53,13.07,23.77
2024-12-03,29.77,16.31,23.55,2.21,0.54,15.23,29.99
2024-12-04,31.1,10.61,21.45,0.0,0.54,4.67,34.29
2024-12-05,36.92,13.1,25.99,0.0,0.53,8.94,32.49
2024-12-06,35.27,19.85,27.73,8.63,0.53,16.06,13.29
2024-12-07,33.45,16.66,25.69,0.83,0.54,16.41,29.6
2024-12-08,27.38,11.43,19.16,0.03,0.53,7.16,33.22
2024-12-09,28.34,11.64,19.99,0.01,0.53,7.55,22.58
2024-12-10,28.72,12.67,20.58,0.12,0.52,7.44,32.81
2024-12-11,28.39,11.52,20.1,0.04,0.52,7.62,33.83
2024-12-12,31.48,12.81,22.31,0.02,0.52,11.84,33.14
2024-12-13,31.13,15.19,22.7,0.03,0.51,11.38,33.11
2024-12-14,30.74,13.62,22.92,0.0,0.51,10.67,25.34
2024-12-15,36.9,15.62,26.9,0.0,0.5,12.44,32.21
2024-12-16,43.6,22.44,32.39,0.01,0.5,13.28,22.9
2024-12-17,28.98,15.6,22.29,0.08,0.49,6.44,34.25
2024-12-18,30.38,11.73,20.63,0.02,0.49,5.0,34.74
2024-12-19,33.49,12.47,23.3,0.0,0.49,7.18,34.2
2024-12-20,37.47,17.18,27.19,0.0,0.49,5.5,33.8
2024-12-21,31.25,14.18,21.86,0.0,0.48,5.48,34.59
2024-12-22,28.38,12.24,19.82,0.76,0.48,4.24,33.34
2024-12-23,24.13,10.09,16.71,0.41,0.48,3.28,32.35
2024-12-24,29.12,10.24,20.2,0.03,0.48,7.63,33.48
2024-12-25,36.46,16.36,27.21,0.0,0.48,8.61,33.2
2024-12-26,36.87,17.0,28.34,0.0,0.48,5.02,16.8
2024-12-27,26.3,14.46,18.9,0.0,0.48,5.4,24.5
2024-12-28,26.92,12.45,19.4,1.69,0.48,7.97,25.01
2024-12-29,29.08,12.05,21.19,0.0,0.48,8.44,33.28
2024-12-30,32.68,15.55,24.62,0.0,0.48,10.02,26.79
2024-12-31,34.04,16.4,25.43,0.0,0.48,6.65,33.83
2025-01-01,32.16,14.66,23.12,0.0,0.48,6.45,34.17
2025-01-02,31.58,12.78,21.69,0.0,0.48,3.05,34.37
2025-01-03,34.27,11.56,24.28,0.0,0.48,3.52,34.1
2025-01-04,40.31,19.95,31.43,0.0,0.48,0.37,26.02
2025-01-05,41.39,23.0,32.42,0.07,0.47,6.02,16.89
2025-01-06,27.95,15.34,21.94,9.96,0.49,12.82,11.14
2025-01-07,31.16,10.91,21.24,0.01,0.49,7.26,33.96
2025-01-08,33.28,15.52,24.92,0.0,0.49,11.61,31.7
2025-01-09,27.38,19.29,22.83,0.01,0.48,12.41,15.09
2025-01-10,35.89,17.6,27.85,0.0,0.48,9.32,29.14
2025-01-11,36.22,20.66,29.83,0.02,0.48,10.98,27.09
2025-01-12,36.04,22.78,28.57,0.17,0.48,13.27,22.12
2025-01-13,37.13,20.17,28.99,0.01,0.48,13.75,30.03
2025-01-14,39.19,20.03,30.3,0.0,0.48,11.58,31.88
2025-01-15,30.65,15.28,24.32,0.24,0.48,9.49,22.29
2025-01-16,28.87,13.67,20.96,0.01,0.48,6.0,32.57
2025-01-17,32.71,14.81,23.08,0.16,0.48,7.64,32.73
2025-01-18,34.64,15.43,24.99,0.0,0.48,5.84,32.78
2025-01-19,37.46,19.03,29.54,0.0,0.47,8.31,28.32
2025-01-20,39.65,24.08,30.67,0.0,0.47,10.1,22.15
2025-01-21,39.86,20.84,30.34,0.0,0.47,10.1,30.72
2025-01-22,33.0,16.68,24.08,0.0,0.47,7.48,28.99
2025-01-23,24.14,14.15,18.84,0.01,0.47,5.81,17.67
2025-01-24,30.34,11.46,21.09,0.02,0.47,5.78,32.29
2025-01-25,33.26,15.0,24.68,0.0,0.47,8.75,27.84
2025-01-26,34.4,18.73,26.63,0.0,0.47,10.23,28.89
2025-01-27,43.31,24.27,33.17,0.0,0.47,8.35,28.56
2025-01-28,32.38,16.86,24.35,0.0,0.47,7.03,32.35
2025-01-29,30.75,14.44,22.39,0.0,0.47,3.42,32.34
2025-01-30,30.96,13.4,22.0,0.0,0.47,4.04,31.75
2025-01-31,34.48,14.23,24.17,0.0,0.47,4.89,32.06
2025-02-01,39.06,14.99,28.19,0.0,0.47,11.13,29.99
2025-02-02,41.99,26.82,32.35,1.85,0.47,14.68,23.23
2025-02-03,39.11,23.37,31.27,3.17,0.48,16.16,24.07
2025-02-04,39.56,23.2,30.74,5.35,0.49,16.83,27.21
2025-02-05,33.65,18.18,25.06,0.31,0.49,11.07,29.57
2025-02-06,38.03,15.71,27.58,0.0,0.48,11.02,28.24
2025-02-07,35.44,20.99,28.23,0.0,0.48,10.77,26.84
2025-02-08,31.21,16.82,23.45,0.15,0.48,7.51,30.15
2025-02-09,31.37,16.15,23.4,0.0,0.48,9.99,27.66
2025-02-10,33.72,16.84,25.5,0.0,0.48,12.43,29.29
2025-02-11,35.65,18.56,27.58,0.0,0.48,11.57,29.14
2025-02-12,39.03,20.78,30.45,0.0,0.48,9.62,29.07
2025-02-13,33.25,19.82,26.84,0.41,0.48,12.14,13.4
2025-02-14,27.91,14.89,21.22,0.76,0.48,9.67,23.32
2025-02-15,23.37,11.4,17.39,0.34,0.48,3.16,23.35
2025-02-16,24.82,9.76,17.01,0.04,0.48,1.82,29.84
2025-02-17,26.91,10.38,18.74,0.0,0.48,1.61,29.07
2025-02-18,28.86,12.8,20.76,0.03,0.48,4.7,28.91
2025-02-19,27.17,10.7,18.54,0.24,0.48,6.2,28.8
2025-02-20,29.36,11.35,19.81,0.01,0.48,5.25,28.92
2025-02-21,34.85,11.25,23.54,0.0,0.48,7.64,27.71
2025-02-22,39.76,22.99,31.75,0.02,0.47,11.8,23.82
2025-02-23,32.1,18.69,26.72,0.13,0.47,8.03,26.4
2025-02-24,31.14,14.04,22.41,0.16,0.47,7.7,27.68
2025-02-25,34.03,14.19,24.5,0.0,0.47,5.46,27.57
2025-02-26,37.97,19.16,28.63,0.0,0.47,2.33,26.93
2025-02-27,33.78,16.36,25.16,0.17,0.47,8.95,24.83
2025-02-28,33.74,20.02,26.32,0.0,0.47,10.2,22.45
2025-03-01,31.69,14.91,23.16,0.0,0.47,7.04,18.89
2025-03-02,29.48,16.04,22.09,0.08,0.47,9.26,21.56
2025-03-03,31.17,12.28,21.02,0.0,0.47,3.26,27.13
2025-03-04,35.19,12.79,24.47,0.0,0.47,4.72,26.14
2025-03-05,37.62,18.89,27.95,0.0,0.47,6.91,25.31
2025-03-06,31.05,17.48,24.38,0.03,0.47,11.14,22.97
2025-03-07,33.63,18.29,25.64,0.0,0.47,10.81,24.63
2025-03-08,35.12,19.74,26.84,0.0,0.47,8.77,24.9
2025-03-09,33.6,21.09,26.41,1.34,0.47,14.73,14.04
2025-03-10,36.59,19.5,27.77,0.06,0.47,15.58,23.91
2025-03-11,36.57,21.47,28.87,0.26,0.47,14.79,21.02
2025-03-12,38.21,23.51,30.57,0.05,0.47,12.97,20.84
2025-03-13,35.86,21.07,27.28,0.0,0.47,9.41,23.55
2025-03-14,36.95,18.01,27.16,0.0,0.47,5.3,23.5
2025-03-15,39.98,20.69,30.9,0.22,0.47,9.06,18.2
2025-03-16,27.56,12.22,22.23,2.69,0.48,11.12,9.21
2025-03-17,23.9,10.14,16.59,0.0,0.48,3.05,24.12
2025-03-18,28.35,10.73,19.83,0.0,0.48,3.55,23.08
2025-03-19,33.77,16.53,24.92,0.0,0.48,3.97,22.46
2025-03-20,32.09,20.27,25.84,6.63,0.48,16.44,9.48
2025-03-21,26.19,14.68,19.77,1.07,0.49,11.77,20.1
2025-03-22,27.73,12.28,19.73,0.0,0.49,7.6,22.12
2025-03-23,28.85,12.63,20.65,0.0,0.48,8.77,22.23
2025-03-24,29.57,13.95,21.25,0.03,0.48,9.38,22.16
2025-03-25,32.9,12.37,21.76,0.02,0.48,9.47,21.7
2025-03-26,34.13,15.52,23.89,0.0,0.48,10.66,20.32
2025-03-27,32.75,14.44,22.96,0.0,0.48,10.34,19.84
2025-03-28,26.42,18.28,22.22,0.73,0.48,12.85,12.9
2025-03-29,27.63,16.25,22.05,1.13,0.48,13.16,13.39
2025-03-30,27.77,13.79,19.91,0.08,0.48,10.22,20.41
2025-03-31,26.43,13.52,18.92,0.0,0.48,7.48,20.08
2025-04-01,25.99,11.02,18.12,0.0,0.48,7.42,20.29
2025-04-02,27.82,11.61,19.65,0.0,0.48,6.05,19.57
2025-04-03,24.57,11.59,17.63,0.29,0.48,8.44,16.89
2025-04-04,20.66,8.44,14.74,0.11,0.48,5.5,17.77
2025-04-05,21.49,10.25,14.82,1.33,0.48,3.03,20.5
2025-04-06,23.37,8.65,15.59,0.11,0.48,6.4,15.2
2025-04-07,22.13,10.01,15.27,0.5,0.48,7.3,14.75
2025-04-08,22.54,8.14,14.87,0.13,0.48,5.96,19.33
2025-04-09,23.13,8.26,15.82,0.03,0.48,6.93,11.26
2025-04-10,28.76,12.21,20.42,0.0,0.48,8.7,17.45
2025-04-11,30.04,15.72,21.9,0.0,0.48,8.24,18.05
2025-04-12,33.2,13.23,22.75,0.0,0.48,9.0,17.83
2025-04-13,32.86,18.52,24.87,0.0,0.48,6.55,17.45
2025-04-14,33.1,17.96,24.79,0.0,0.48,8.59,16.04
2025-04-15,31.76,15.27,23.14,0.0,0.48,10.65,16.56
2025-04-16,31.55,17.47,23.74,0.0,0.48,8.55,14.63
2025-04-17,32.21,17.12,24.3,0.05,0.48,8.25,15.15
2025-04-18,32.59,17.84,24.73,0.02,0.48,7.14,15.2
2025-04-19,28.7,20.0,23.94,0.08,0.48,6.75,10.83
2025-04-20,23.91,14.44,18.88,0.24,0.48,9.34,14.29
2025-04-21,23.89,13.63,17.79,3.38,0.48,10.22,10.44
2025-04-22,23.1,10.12,15.96,0.19,0.48,8.77,16.64
2025-04-23,26.92,12.21,19.14,0.01,0.48,11.04,15.72
2025-04-24,28.38,18.04,22.57,0.02,0.48,11.45,13.33
2025-04-25,26.1,17.46,21.66,6.01,0.48,13.76,3.9
2025-04-26,19.18,15.3,17.02,4.6,0.5,14.44,9.67
2025-04-27,22.96,12.38,16.57,0.01,0.5,10.34,13.66
2025-04-28,19.36,10.97,14.69,0.1,0.5,9.94,12.35
2025-04-29,20.61,9.65,14.29,0.17,0.5,9.2,13.79
2025-04-30,21.53,9.94,14.46,0.09,0.49,7.67,14.85
2025-05-01,19.98,7.71,12.97,0.0,0.49,6.15,15.35
2025-05-02,20.34,5.62,12.47,0.0,0.49,4.8,15.41
2025-05-03,22.46,6.01,13.51,0.0,0.49,3.1,14.25
2025-05-04,23.01,10.02,15.57,0.0,0.49,6.51,13.13
2025-05-05,25.84,13.64,18.93,0.0,0.49,7.94,13.58
2025-05-06,25.82,12.68,18.33,0.0,0.49,7.73,13.84
2025-05-07,20.77,9.29,14.93,1.32,0.49,9.46,11.18
2025-05-08,18.72,6.05,11.67,0.08,0.49,4.22,13.99
2025-05-09,20.03,6.31,12.39,0.0,0.49,5.29,13.81
2025-05-10,22.35,6.76,13.47,0.0,0.49,5.18,13.67
2025-05-11,23.84,7.82,14.96,0.0,0.48,6.27,13.25
2025-05-12,24.2,11.56,16.62,0.0,0.48,8.01,13.3
2025-05-13,23.48,8.29,15.96,0.0,0.48,6.26,13.23
2025-05-14,22.84,9.94,16.07,0.0,0.48,5.21,13.05
2025-05-15,20.79,8.25,13.6,0.0,0.48,7.75,11.23
2025-05-16,18.11,7.02,12.34,0.1,0.48,7.4,10.34
2025-05-17,16.1,6.94,11.43,0.66,0.48,7.06,9.39
2025-05-18,15.75,4.49,9.18,0.0,0.48,1.44,13.16
2025-05-19,16.54,3.31,8.72,0.0,0.48,-0.05,13.14
2025-05-20,18.45,2.78,9.85,0.0,0.48,0.02,12.76
2025-05-21,17.17,4.03,9.64,0.0,0.48,-1.03,12.51
2025-05-22,19.37,4.67,11.05,0.0,0.48,5.24,10.8
2025-05-23,16.08,8.52,12.1,0.6,0.48,8.82,8.35
2025-05-24,19.59,5.49,11.96,0.0,0.48,-0.59,11.16
2025-05-25,20.43,7.08,13.27,0.07,0.48,4.95,11.53
2025-05-26,20.19,8.92,14.51,0.29,0.48,2.21,11.57
2025-05-27,17.28,6.64,11.18,2.88,0.49,6.44,10.12
2025-05-28,17.62,7.81,11.57,0.97,0.49,7.53,8.27
2025-05-29,18.58,7.83,11.69,0.01,0.49,7.02,11.13
2025-05-30,17.73,5.54,9.98,0.07,0.49,6.54,11.67
2025-05-31,17.71,5.1,10.17,0.0,0.49,6.6,11.62
2025-06-01,19.34,3.15,10.61,0.01,0.49,4.29,9.84
2025-06-02,18.69,8.43,12.89,0.65,0.48,7.83,8.62
2025-06-03,14.78,5.15,10.2,0.21,0.49,5.95,8.04
2025-06-04,14.57,4.04,7.77,0.08,0.49,3.22,11.61
2025-06-05,15.03,1.67,7.66,0.01,0.48,1.56,9.25
2025-06-06,15.83,6.79,10.01,3.92,0.49,2.67,3.51
2025-06-07,13.98,7.65,10.05,10.48,0.5,6.79,5.09
2025-06-08,8.88,6.06,7.58,4.86,0.52,5.24,9.11
2025-06-09,13.88,5.65,8.9,1.95,0.52,6.35,9.15
2025-06-10,13.82,5.8,8.37,0.98,0.52,5.78,7.83
2025-06-11,13.2,4.01,8.27,0.14,0.52,4.74,9.43
2025-06-12,13.64,3.72,8.47,0.06,0.52,3.6,7.82
2025-06-13,14.23,2.32,8.03,0.0,0.52,1.23,8.74
2025-06-14,13.18,1.24,7.09,0.87,0.52,2.05,7.46
2025-06-15,14.43,6.4,9.3,0.35,0.52,6.2,9.75
2025-06-16,14.07,5.49,8.56,5.28,0.52,3.49,7.78
2025-06-17,13.64,5.76,8.94,0.6,0.53,5.92,7.67
2025-06-18,13.97,5.24,8.72,0.04,0.52,3.6,7.28
2025-06-19,14.95,4.27,8.2,0.0,0.52,3.03,10.0
2025-06-20,15.54,1.77,7.18,0.0,0.52,2.43,10.79
2025-06-21,15.27,0.49,6.53,0.0,0.52,1.03,10.87
2025-06-22,17.15,1.05,8.09,0.01,0.52,3.21,10.24
2025-06-23,19.85,9.54,13.78,0.09,0.52,8.17,9.07
2025-06-24,11.97,7.89,9.43,3.37,0.52,5.59,8.18
2025-06-25,12.74,3.59,8.58,6.63,0.54,4.4,9.03
2025-06-26,13.58,1.72,7.13,0.39,0.54,4.03,9.34
2025-06-27,13.86,2.77,8.27,0.1,0.53,5.14,5.27
2025-06-28,14.24,6.92,9.92,0.03,0.53,5.29,8.34
2025-06-29,13.42,4.14,8.19,1.09,0.53,6.3,8.3
2025-06-30,12.97,4.85,8.16,0.94,0.53,5.43,7.81
2025-07-01,14.91,4.29,8.05,0.3,0.53,5.38,10.84
2025-07-02,14.36,5.06,8.04,0.79,0.53,5.3,9.63
2025-07-03,14.34,3.84,8.49,0.12,0.53,5.1,10.81
2025-07-04,16.04,2.31,8.79,0.0,0.53,1.8,9.71
2025-07-05,17.98,2.83,9.25,0.0,0.53,2.68,10.1
2025-07-06,16.77,4.31,9.77,0.67,0.53,5.66,10.33
2025-07-07,16.35,4.61,9.53,0.0,0.53,5.51,10.18
2025-07-08,14.44,5.31,9.63,4.93,0.54,4.41,7.26
2025-07-09,13.25,4.06,8.13,4.05,0.54,4.25,8.0
2025-07-10,12.47,5.47,8.73,1.41,0.54,5.08,9.37
2025-07-11,16.18,7.69,10.85,1.49,0.55,8.47,9.76
2025-07-12,16.06,5.75,10.38,0.38,0.55,7.92,9.21
2025-07-13,17.52,5.77,10.31,2.46,0.54,4.84,8.28
2025-07-14,13.24,4.56,8.18,1.66,0.55,4.5,9.06
2025-07-15,12.74,4.27,7.81,0.52,0.55,4.19,10.83
2025-07-16,14.04,3.02,8.11,0.3,0.55,5.67,10.72
2025-07-17,12.51,5.03,8.08,0.92,0.55,5.35,8.68
2025-07-18,14.5,3.12,7.52,0.06,0.55,3.11,12.21
2025-07-19,15.26,2.47,7.35,0.36,0.55,3.02,9.71
2025-07-20,13.56,2.91,7.73,0.0,0.55,1.84,10.65
2025-07-21,16.33,5.37,10.08,0.0,0.55,2.32,12.2
2025-07-22,13.28,6.56,9.51,6.65,0.55,3.84,8.72
2025-07-23,12.41,3.28,6.87,0.73,0.56,3.56,11.34
2025-07-24,13.51,2.12,7.08,0.0,0.55,2.04,10.97
2025-07-25,8.99,4.96,6.72,13.85,0.56,2.85,1.8
2025-07-26,11.52,6.16,8.33,5.82,0.59,7.41,5.61
2025-07-27,13.39,6.25,9.38,4.56,0.59,7.89,8.56
2025-07-28,14.85,6.73,10.22,1.35,0.59,7.95,9.97
2025-07-29,12.58,5.5,8.39,1.45,0.59,6.0,7.4
2025-07-30,13.57,5.18,8.34,0.65,0.59,5.15,11.61
2025-07-31,14.97,4.39,8.68,0.08,0.59,4.6,13.25
2025-08-01,14.51,4.6,7.85,0.0,0.59,4.36,13.46
2025-08-02,14.86,3.68,7.51,0.0,0.59,4.5,13.71
2025-08-03,18.42,2.42,9.31,0.0,0.59,3.55,13.4
2025-08-04,18.75,5.35,11.54,1.2,0.58,5.26,9.14
2025-08-05,15.03,5.59,9.6,0.2,0.58,5.69,12.84
2025-08-06,15.23,5.31,9.2,0.25,0.58,5.03,9.89
2025-08-07,14.43,1.63,7.25,0.0,0.58,2.58,14.08
2025-08-08,15.64,2.4,8.07,0.03,0.58,4.27,13.46
2025-08-09,17.39,6.06,10.27,0.0,0.58,6.08,11.07
2025-08-10,17.97,5.62,10.76,0.04,0.58,6.15,11.79
2025-08-11,18.2,6.51,11.52,0.02,0.58,6.46,14.03
2025-08-12,13.09,7.54,10.3,3.91,0.58,8.19,5.53
2025-08-13,15.55,4.08,8.42,0.06,0.58,5.78,14.39
2025-08-14,17.75,2.43,9.2,0.0,0.58,3.27,15.33
2025-08-15,15.78,4.72,9.77,1.97,0.58,4.34,8.64
2025-08-16,12.15,4.32,7.59,1.69,0.58,3.33,13.47
2025-08-17,11.78,3.95,7.39,0.95,0.58,4.64,12.54
2025-08-18,15.29,3.97,8.28,0.04,0.58,4.13,14.48
2025-08-19,14.84,0.34,7.64,0.0,0.58,1.07,16.7
2025-08-20,18.83,2.41,9.89,0.0,0.58,3.16,16.37
2025-08-21,20.02,4.38,11.69,0.0,0.57,5.82,15.28
2025-08-22,17.42,7.79,11.86,0.0,0.57,7.32,8.03
2025-08-23,17.84,5.6,11.0,0.08,0.57,7.21,14.97
2025-08-24,17.21,3.47,9.87,0.0,0.57,3.71,17.26
2025-08-25,20.52,5.46,12.02,0.06,0.57,2.95,8.62
2025-08-26,16.15,8.24,12.2,6.14,0.57,6.82,3.62
2025-08-27,14.92,7.73,10.28,4.01,0.58,6.49,13.05
2025-08-28,12.58,6.12,9.0,3.26,0.58,6.55,14.01
2025-08-29,13.84,6.79,9.21,7.57,0.59,5.62,10.93
2025-08-30,13.6,4.37,8.1,0.74,0.59,3.25,14.0
2025-08-31,15.63,4.86,9.75,1.4,0.59,7.33,10.07
2025-09-01,15.75,6.03,10.2,0.35,0.59,6.01,13.47
2025-09-02,18.14,5.08,11.7,0.73,0.59,5.81,16.28
2025-09-03,17.02,6.8,11.5,2.49,0.59,6.8,13.08
2025-09-04,15.81,4.84,9.82,0.99,0.59,5.64,15.09
2025-09-05,15.87,0.93,8.34,0.0,0.59,1.28,16.28
2025-09-06,24.25,4.87,14.12,0.0,0.58,4.87,10.47
2025-09-07,25.29,11.93,17.71,3.03,0.58,10.43,14.06
2025-09-08,20.51,6.74,13.03,0.93,0.58,7.69,19.48
2025-09-09,18.17,5.16,11.19,0.65,0.58,7.25,17.64
2025-09-10,14.43,5.45,9.94,0.52,0.58,5.85,7.77
2025-09-11,16.05,5.87,10.13,0.49,0.58,6.11,16.57
2025-09-12,17.24,3.61,9.8,0.57,0.57,6.92,15.39
2025-09-13,19.04,5.42,12.26,0.27,0.57,7.36,19.56
2025-09-14,21.87,6.3,13.64,0.0,0.57,4.92,21.14
2025-09-15,26.38,8.15,17.52,0.01,0.57,3.19,19.25
2025-09-16,17.67,9.28,13.41,5.06,0.57,7.71,10.43
2025-09-17,17.39,7.77,11.97,0.12,0.57,3.95,17.97
2025-09-18,21.44,4.74,13.21,0.0,0.57,3.06,21.9
2025-09-19,23.86,9.78,15.67,2.19,0.56,3.84,21.46
2025-09-20,16.27,5.75,10.63,0.41,0.56,4.81,14.73
2025-09-21,17.35,8.52,12.13,1.63,0.56,8.63,14.89
2025-09-22,16.75,4.96,10.55,0.07,0.56,4.8,19.1
2025-09-23,19.09,4.47,11.49,0.0,0.56,6.58,15.96
2025-09-24,20.31,9.44,13.67,0.02,0.56,8.56,18.79
2025-09-25,19.87,9.18,13.38,0.41,0.55,8.1,18.9
2025-09-26,26.16,9.22,16.4,0.01,0.55,5.51,21.62
2025-09-27,21.12,6.52,13.13,0.09,0.55,6.91,21.27
2025-09-28,18.9,6.32,11.93,1.18,0.55,6.04,17.08
2025-09-29,24.86,7.64,16.8,0.0,0.54,4.68,19.12
2025-09-30,20.95,10.27,16.04,4.48,0.55,7.41,18.73
2025-10-01,18.42,8.51,13.1,3.34,0.55,6.95,18.15
2025-10-02,17.84,8.4,12.27,0.6,0.55,4.38,20.68
2025-10-03,20.94,8.96,14.09,1.08,0.55,8.88,20.81
2025-10-04,26.53,7.84,17.41,0.0,0.55,7.73,24.31
2025-10-05,31.31,12.01,20.54,0.53,0.54,5.43,18.88
2025-10-06,17.81,7.71,13.07,3.01,0.54,6.12,10.58
2025-10-07,19.71,4.12,12.1,0.04,0.54,3.7,24.82
2025-10-08,22.92,9.15,15.44,0.13,0.54,6.85,24.0
2025-10-09,22.42,9.27,14.64,0.97,0.54,7.2,24.73
2025-10-10,23.91,9.14,15.98,0.07,0.53,6.87,26.19
2025-10-11,20.87,8.88,14.66,2.77,0.53,8.16,24.48
2025-10-12,20.28,8.46,13.47,3.19,0.54,7.66,21.25
2025-10-13,20.13,6.82,12.92,0.38,0.54,3.65,27.07
2025-10-14,23.18,5.59,14.05,0.0,0.53,6.26,24.96
2025-10-15,27.64,7.31,17.17,0.0,0.53,5.5,27.11
2025-10-16,33.41,11.2,21.81,0.41,0.53,6.04,23.33
2025-10-17,23.78,10.63,16.46,0.13,0.52,8.19,25.22
2025-10-18,25.16,7.68,16.67,0.19,0.52,6.43,27.01
2025-10-19,34.04,12.93,22.57,0.46,0.52,5.49,15.31
2025-10-20,23.9,13.7,18.36,0.97,0.52,11.39,17.95
2025-10-21,24.62,11.43,17.28,2.71,0.51,9.1,7.92
2025-10-22,21.04,9.24,16.18,4.91,0.52,9.42,19.95
2025-10-23,21.01,8.1,13.89,0.28,0.52,6.14,18.15
2025-10-24,22.37,6.83,14.97,0.11,0.52,6.75,27.54
2025-10-25,21.85,9.94,15.89,5.43,0.52,9.01,9.03
2025-10-26,23.98,11.55,17.42,7.52,0.54,12.39,19.05
2025-10-27,19.71,6.99,12.75,0.69,0.54,3.33,27.37
2025-10-28,22.16,4.47,13.0,0.0,0.53,3.15,28.45
2025-10-29,24.33,6.95,16.13,0.0,0.53,6.04,22.69
2025-10-30,27.66,10.61,19.71,0.0,0.53,6.87,23.91
2025-10-31,26.25,13.39,18.98,2.4,0.52,11.4,25.06
2025-11-01,29.37,10.52,19.89,0.0,0.52,10.59,29.47
2025-11-02,33.9,14.41,22.9,5.29,0.52,9.95,22.92
2025-11-03,19.53,9.37,14.2,5.99,0.53,7.35,19.64
2025-11-04,15.65,7.66,11.2,5.87,0.54,6.23,15.59
2025-11-05,23.55,8.12,15.03,0.76,0.54,7.15,25.4
2025-11-06,24.82,7.29,16.7,0.81,0.54,6.59,16.94
2025-11-07,33.73,12.86,22.25,1.6,0.53,8.01,14.53
2025-11-08,19.64,8.36,13.33,0.43,0.53,4.48,28.93
2025-11-09,21.24,7.38,13.88,0.34,0.53,6.69,27.97
2025-11-10,21.95,6.9,14.37,0.17,0.53,5.74,25.93
2025-11-11,17.8,6.91,11.94,3.52,0.53,3.34,29.26
2025-11-12,23.19,3.45,13.67,0.0,0.53,0.17,32.26
2025-11-13,23.66,8.92,17.09,0.0,0.52,1.43,15.99
2025-11-14,27.89,10.24,18.82,0.98,0.52,8.5,24.27
2025-11-15,26.88,12.89,19.88,0.41,0.52,10.31,18.47
2025-11-16,22.91,10.48,15.16,3.81,0.52,8.45,18.64
2025-11-17,19.91,8.7,14.55,0.88,0.52,8.49,16.96
2025-11-18,25.29,10.79,17.77,0.41,0.52,11.31,26.5
2025-11-19,25.43,10.49,17.46,0.22,0.52,8.47,28.83
2025-11-20,21.88,7.48,14.52,0.08,0.52,3.49,32.9
2025-11-21,24.82,5.94,15.39,0.0,0.51,1.75,30.13
2025-11-22,26.87,9.67,17.24,1.99,0.51,8.79,17.45
2025-11-23,29.2,12.54,20.65,0.29,0.51,12.82,28.07
2025-11-24,34.95,13.88,24.9,0.04,0.51,13.38,24.24
2025-11-25,28.42,14.7,21.32,0.05,0.5,9.16,32.57
2025-11-26,24.5,12.29,17.97,1.21,0.5,7.13,29.92
2025-11-27,23.72,10.91,16.65,0.88,0.5,6.59,26.78
2025-11-28,30.09,9.47,18.68,8.68,0.5,7.23,20.38
2025-11-29,23.88,12.38,17.66,1.14,0.52,8.69,25.05
2025-11-30,20.45,9.07,14.62,3.75,0.52,6.31,24.85
2025-12-01,17.59,9.71,13.4,4.14,0.52,5.29,25.18
2025-12-02,23.08,7.03,15.39,0.06,0.52,6.66,31.87
2025-12-03,32.37,12.55,22.28,0.0,0.52,7.55,32.25
2025-12-04,34.72,17.57,25.64,0.0,0.51,4.25,28.26
2025-12-05,36.4,13.65,24.5,0.0,0.51,9.26,28.89
2025-12-06,28.5,10.87,19.88,2.26,0.5,8.46,18.59
2025-12-07,22.97,7.45,15.69,0.14,0.5,2.76,33.48
2025-12-08,30.64,11.57,21.08,0.04,0.5,4.35,29.71
2025-12-09,29.79,14.11,21.69,0.06,0.5,8.11,32.57
2025-12-10,23.98,12.97,18.37,0.01,0.49,8.62,14.23
2025-12-11,31.56,12.56,21.45,0.0,0.49,6.32,32.59
2025-12-12,35.16,12.62,24.69,0.0,0.49,8.48,31.61
2025-12-13,34.37,17.29,26.19,0.33,0.49,9.81,21.3
2025-12-14,26.4,11.99,18.69,0.03,0.48,5.33,31.74
2025-12-15,25.35,9.25,17.11,0.0,0.48,3.06,34.21
2025-12-16,31.28,9.64,20.6,0.0,0.48,5.71,33.92
2025-12-17,37.36,13.46,26.55,0.0,0.48,5.69,34.11
2025-12-18,42.06,20.97,32.31,0.0,0.48,2.64,33.54
2025-12-19,41.24,24.87,32.01,1.68,0.48,10.6,22.77
2025-12-20,32.96,16.89,24.82,0.01,0.48,7.88,32.62
2025-12-21,32.49,13.69,22.31,12.09,0.49,11.41,18.06
2025-12-22,25.85,10.2,17.85,0.03,0.5,6.62,33.76
2025-12-23,26.74,11.88,18.71,0.51,0.5,6.79,32.76
2025-12-24,27.18,10.38,18.28,0.0,0.49,6.77,33.69
2025-12-25,24.69,9.3,16.5,0.0,0.49,3.21,34.46
2025-12-26,25.85,8.11,16.73,0.0,0.49,3.01,34.46
2025-12-27,29.83,8.94,19.32,0.0,0.48,3.18,34.66
2025-12-28,34.52,12.72,23.99,0.0,0.48,4.84,34.59
2025-12-29,38.37,16.6,28.31,0.0,0.48,1.82,33.89
2025-12-30,36.73,16.03,26.34,0.0,0.48,3.93,25.61
2025-12-31,28.03,11.75,19.59,0.0,0.48,1.96,34.76
2026-01-01,31.61,10.63,21.0,0.0,0.48,5.56,33.87
2026-01-02,34.82,12.7,25.05,0.0,0.48,8.32,32.26
2026-01-03,33.35,19.7,27.76,0.0,0.48,7.05,24.36
2026-01-04,33.8,15.58,24.82,0.03,0.48,8.55,31.87
2026-01-05,33.19,13.64,23.8,0.0,0.47,4.6,33.98
2026-01-06,38.3,16.51,28.67,0.0,0.47,6.85,33.06
2026-01-07,43.57,24.33,34.37,0.0,0.47,3.91,33.45
2026-01-08,45.75,23.36,35.77,0.09,0.47,6.55,29.43
2026-01-09,44.65,24.28,35.28,0.0,0.47,5.5,30.14
2026-01-10,28.54,15.88,22.0,0.01,0.47,5.13,28.04
2026-01-11,29.01,12.57,20.39,0.02,0.47,3.58,33.6
2026-01-12,31.69,11.9,22.19,0.0,0.47,4.3,33.26
2026-01-13,33.58,14.61,24.31,0.0,0.47,7.38,32.7
2026-01-14,34.93,14.9,24.93,0.0,0.47,7.28,32.52
2026-01-15,31.95,17.13,23.66,0.29,0.47,11.04,29.18
2026-01-16,32.45,16.09,23.81,0.08,0.47,10.68,29.08
2026-01-17,33.27,16.31,25.73,0.0,0.47,9.93,29.71
2026-01-18,33.96,20.28,27.29,0.0,0.47,8.1,31.23
2026-01-19,34.09,19.77,27.22,3.92,0.47,10.64,27.93
2026-01-20,32.81,21.47,26.98,0.14,0.48,12.2,24.9
2026-01-21,31.9,14.91,23.54,0.01,0.48,9.65,31.91
2026-01-22,28.25,11.77,19.59,0.02,0.48,2.76,33.07
2026-01-23,32.38,11.71,23.09,0.0,0.48,2.08,33.16
2026-01-24,41.28,17.82,31.1,0.0,0.48,1.0,30.18
2026-01-25,40.48,22.54,31.21,0.0,0.47,6.62,30.39
2026-01-26,42.31,18.03,30.23,0.0,0.47,3.13,31.47
2026-01-27,48.2,21.53,35.5,0.0,0.47,5.38,29.87
2026-01-28,39.4,24.52,31.42,0.0,0.47,9.95,22.18
2026-01-29,40.89,20.63,30.29,0.0,0.47,8.38,29.22
2026-01-30,42.89,23.75,33.4,0.0,0.47,8.86,27.39
2026-01-31,42.07,24.65,32.41,0.07,0.47,12.63,23.34
2026-02-01,27.93,13.7,20.77,0.2,0.47,5.56,30.6
2026-02-02,28.88,10.46,19.46,0.03,0.47,-0.19,32.47
2026-02-03,33.86,12.18,23.57,0.0,0.47,3.55,31.47
2026-02-04,37.81,19.07,28.16,0.0,0.47,4.71,29.2
2026-02-05,34.71,18.31,26.02,0.0,0.47,5.65,30.23
2026-02-06,36.5,15.05,26.15,0.02,0.47,3.88,30.45
2026-02-07,36.07,17.01,27.0,0.25,0.47,6.69,16.77
2026-02-08,36.54,20.62,28.79,2.62,0.48,14.14,24.1
2026-02-09,35.36,20.85,27.51,0.01,0.48,9.07,28.97
2026-02-10,35.34,16.38,26.32,0.0,0.48,10.45,29.04
2026-02-11,39.89,17.03,28.56,1.74,0.48,12.12,19.64
2026-02-12,25.43,12.41,18.59,0.01,0.48,2.72,30.11
2026-02-13,29.41,10.82,19.93,0.02,0.48,4.25,30.12
2026-02-14,32.3,12.79,23.09,0.0,0.48,9.03,24.07
2026-02-15,35.99,17.18,27.17,0.0,0.48,10.75,26.4
2026-02-16,36.77,21.28,28.93,0.0,0.48,8.83,25.69
2026-02-17,37.47,17.57,27.58,2.52,0.48,10.1,17.01
2026-02-18,27.12,13.05,19.91,0.02,0.48,6.66,28.96
2026-02-19,32.02,13.86,22.87,0.02,0.48,8.68,28.93
2026-02-20,34.87,15.46,25.71,0.0,0.48,7.58,28.66
2026-02-21,37.67,16.21,27.93,0.0,0.48,6.76,25.27
2026-02-22,31.79,20.19,27.15,0.3,0.48,14.57,6.9
2026-02-23,32.72,16.45,24.24,0.0,0.48,10.12,25.46
2026-02-24,36.14,21.65,28.01,9.65,0.48,14.99,16.27
2026-02-25,31.06,16.19,23.44,6.44,0.5,13.94,18.18
2026-02-26,32.47,14.33,24.01,0.11,0.5,13.39,23.77
2026-02-27,33.95,20.87,26.87,11.81,0.51,17.6,22.72
2026-02-28,32.34,21.33,25.86,5.32,0.52,17.74,9.14
2026-03-01,24.64,20.22,22.13,42.46,0.55,18.25,7.05
2026-03-02,27.29,19.55,22.73,14.11,0.61,19.04,9.49
2026-03-03,28.22,15.5,20.94,1.93,0.61,14.41,19.22
2026-03-04,28.14,11.95,19.54,0.0,0.6,10.49,26.44
2026-03-05,28.41,12.35,19.95,0.0,0.59,10.75,26.49
2026-03-06,28.82,12.9,20.32,0.0,0.59,11.71,25.89
2026-03-07,27.8,13.06,19.99,0.01,0.58,11.57,25.8
2026-03-08,26.99,12.55,19.15,0.09,0.58,11.99,25.72
2026-03-09,30.18,13.1,21.2,0.0,0.57,12.45,25.25
2026-03-10,32.49,13.09,22.7,0.0,0.57,11.82,25.01
2026-03-11,28.45,12.43,20.63,0.32,0.56,9.72,17.71
2026-03-12,22.97,10.42,15.69,1.32,0.56,6.99,19.75
2026-03-13,24.74,8.22,15.82,0.0,0.56,6.68,24.86
2026-03-14,28.16,11.16,18.9,0.0,0.55,9.26,24.55
2026-03-15,32.56,12.88,22.53,0.0,0.55,10.86,22.7
2026-03-16,23.2,17.4,20.01,6.01,0.55,14.55,9.5
2026-03-17,25.24,16.68,20.26,1.94,0.56,16.16,9.56
2026-03-18,23.64,14.8,19.54,0.57,0.56,15.45,7.28
2026-03-19,28.76,16.56,22.14,0.01,0.56,15.51,18.79
2026-03-20,29.14,13.53,21.25,0.0,0.55,13.53,19.3
2026-03-21,29.56,14.0,21.76,0.0,0.55,13.57,21.15
2026-03-22,30.34,15.67,23.07,0.0,0.55,12.81,21.02
2026-03-23,31.93,17.72,24.64,0.6,0.54,13.45,20.0
2026-03-24,33.07,19.88,25.01,2.37,0.54,15.68,15.67
2026-03-25,27.85,18.12,22.36,3.13,0.54,16.45,11.52
2026-03-26,20.27,9.42,15.32,1.74,0.55,8.91,15.53
2026-03-27,19.94,8.98,13.34,0.03,0.55,4.03,21.84
2026-03-28,22.14,8.9,15.45,0.22,0.54,10.04,19.58
2026-03-29,24.43,10.0,17.09,0.09,0.54,9.67,21.2
2026-03-30,27.11,10.33,18.65,0.0,0.54,8.65,21.21
2026-03-31,29.91,12.36,20.08,0.0,0.54,7.55,20.76
2026-04-01,25.35,14.02,18.69,1.14,0.53,10.82,9.92
2026-04-02,25.0,12.85,18.15,0.02,0.53,11.43,18.43
2026-04-03,22.48,10.33,16.01,0.14,0.53,8.71,18.49
2026-04-04,23.37,9.86,15.58,0.0,0.53,6.05,18.84
2026-04-05,24.91,10.82,17.35,0.34,0.53,9.79,16.37
2026-04-06,28.25,16.04,21.38,0.99,0.53,12.99,17.65
2026-04-07,23.48,12.02,17.78,0.34,0.53,11.27,16.58
2026-04-08,21.41,7.66,14.73,0.73,0.52,8.49,12.53
2026-04-09,24.75,15.89,19.36,5.3,0.53,14.18,6.71
2026-04-10,20.2,11.13,15.74,2.14,0.53,8.47,14.49
2026-04-11,17.79,7.63,12.57,1.35,0.53,6.14,14.37
2026-04-12,16.41,8.38,12.04,0.92,0.53,7.19,10.99
2026-04-13,20.29,8.52,14.05,0.56,0.53,10.2,13.39
2026-04-14,20.69,8.92,14.42,0.26,0.53,10.61,11.32
2026-04-15,22.48,9.35,15.49,0.08,0.53,9.87,17.62
2026-04-16,26.56,10.64,17.24,0.45,0.53,9.29,16.81
2026-04-17,19.52,7.62,13.54,0.36,0.53,6.73,14.08
2026-04-18,18.94,4.0,11.56,0.0,0.53,3.41,18.22
2026-04-19,20.88,4.2,12.96,0.0,0.52,3.59,13.04
2026-04-20,25.3,13.45,18.65,0.0,0.52,7.19,16.46
2026-04-21,27.15,10.44,18.2,0.0,0.52,8.52,16.11
2026-04-22,24.68,12.13,17.23,0.0,0.52,7.87,12.22
2026-04-23,24.54,10.68,16.62,0.0,0.52,6.84,16.21
2026-04-24,25.28,8.21,15.59,0.0,0.52,5.02,14.31
2026-04-25,26.62,9.17,16.81,0.0,0.51,5.15,14.48
2026-04-26,25.38,13.48,17.24,0.04,0.51,6.55,10.92
2026-04-27,25.0,10.7,16.75,0.02,0.51,10.18,14.87
2026-04-28,26.87,11.07,18.27,0.0,0.51,9.37,13.88
2026-04-29,27.07,12.97,18.98,0.0,0.51,9.75,14.48
2026-04-30,25.97,12.68,17.88,0.0,0.5,6.58,11.52
2026-05-01,27.32,14.1,20.15,0.0,0.5,9.68,11.91
2026-05-02,26.3,18.02,20.45,4.79,0.5,9.79,5.67
2026-05-03,21.56,11.41,16.2,2.72,0.51,8.78,13.94
2026-05-04,18.0,9.99,13.54,2.29,0.51,8.21,10.44
2026-05-05,19.11,9.86,13.77,0.35,0.51,9.53,7.74
2026-05-06,19.24,8.43,14.22,2.43,0.51,9.53,7.88
2026-05-07,14.89,4.31,9.31,0.03,0.52,3.08,12.38
2026-05-08,17.02,7.93,12.64,0.89,0.52,9.31,9.09
2026-05-09,18.49,8.67,12.48,0.46,0.52,9.63,10.27
2026-05-10,20.81,7.79,13.44,0.1,0.51,9.62,13.51
2026-05-11,23.03,7.77,14.01,0.28,0.51,8.94,13.37
2026-05-12,23.65,9.26,15.21,0.0,0.51,9.75,10.86
2026-05-13,22.25,11.44,15.92,0.0,0.51,9.72,9.59
2026-05-14,22.69,11.68,16.1,0.0,0.51,10.02,10.61
2026-05-15,22.4,10.9,16.08,0.0,0.51,10.02,9.07
2026-05-16,17.47,13.59,15.24,10.43,0.52,11.74,4.47
2026-05-17,19.94,12.64,15.89,1.52,0.53,12.95,7.91
2026-05-18,20.01,10.85,14.59,0.16,0.53,11.97,7.67
2026-05-19,18.72,8.5,12.74,0.2,0.53,8.09,8.51
2026-05-20,18.48,7.84,12.02,0.12,0.52,7.62,10.3
2026-05-21,17.93,5.84,11.36,0.0,0.52,7.17,11.62
2026-05-22,18.74,5.21,11.37,0.01,0.52,6.75,11.98
2026-05-23,19.2,9.4,12.69,0.03,0.52,8.18,6.22
2026-05-24,18.03,8.92,12.61,0.03,0.52,9.99,3.94
2026-05-25,18.51,8.31,13.08,1.35,0.52,11.47,7.87
2026-05-26,19.38,10.89,14.17,3.43,0.53,11.36,7.02
2026-05-27,19.36,9.56,13.97,0.56,0.53,11.3,6.33
2026-05-28,19.36,9.25,13.26,0.02,0.53,9.46,6.19
2026-05-29,16.37,7.18,11.61,0.08,0.53,8.13,8.36
2026-05-30,16.69,8.33,12.1,3.93,0.53,8.95,9.52
2026-05-31,15.58,6.54,10.11,0.42,0.53,6.14,8.56
2026-06-01,14.81,6.34,10.6,5.91,0.53,6.58,3.07
2026-06-02,17.44,10.41,12.94,7.08,0.55,10.01,9.07
2026-06-03,14.46,7.32,11.03,6.78,0.56,7.75,8.38
2026-06-04,13.21,5.14,8.76,4.33,0.56,6.0,7.81
2026-06-05,14.42,6.08,9.45,0.96,0.57,6.18,10.31
2026-06-06,16.7,6.48,10.99,1.81,0.57,8.99,7.68
2026-06-07,17.59,9.1,12.77,0.12,0.57,8.93,6.57
2026-06-08,16.75,7.45,11.11,0.0,0.57,6.6,9.32
2026-06-09,19.32,6.84,12.42,0.03,0.56,8.84,10.06
2026-06-10,17.44,12.0,14.17,0.21,0.56,10.53,8.31
2026-06-11,19.43,9.03,13.14,0.0,0.56,8.41,9.67
2026-06-12,21.65,8.97,14.26,0.01,0.56,8.16,8.76
2026-06-13,18.27,11.93,13.79,6.91,0.56,11.19,3.02
2026-06-14,15.99,5.69,9.94,0.05,0.57,5.24,10.36
2026-06-15,18.84,4.74,11.86,0.23,0.57,8.66,8.78
2026-06-16,19.43,13.99,15.41,6.93,0.58,12.56,3.39
2026-06-17,20.74,12.07,15.82,0.12,0.58,11.81,4.15
2026-06-18,15.56,7.35,13.19,3.83,0.58,10.03,7.63
2026-06-19,15.61,7.25,10.63,2.59,0.58,7.41,7.89
2026-06-20,14.04,7.52,10.14,1.52,0.59,8.16,7.0
2026-06-21,14.36,6.35,9.86,0.58,0.59,7.87,8.49
2026-06-22,14.91,6.33,10.19,0.21,0.59,7.75,4.8
2026-06-23,15.18,4.21,8.7,0.0,0.58,4.78,9.59
2026-06-24,16.36,3.08,8.96,0.01,0.58,5.17,10.06
2026-06-25,15.15,5.16,8.89,0.2,0.58,7.08,5.48
2026-06-26,15.2,4.96,8.21,0.02,0.58,6.71,4.94
2026-06-27,14.87,4.09,7.77,0.02,0.58,6.33,9.92
2026-06-28,16.14,4.68,9.68,0.1,0.58,6.81,5.84
2026-06-29,15.53,10.06,12.45,2.06,0.58,10.88,4.14
2026-06-30,16.68,11.7,13.58,3.71,0.59,11.32,5.94
2026-07-01,14.36,9.35,11.52,10.22,0.52,9.66,2.86
2026-07-02,13.38,8.12,10.35,3.73,0.53,7.12,6.35
2026-07-03,14.06,7.08,10.2,0.31,0.53,6.27,9.22
2026-07-04,14.0,6.69,9.89,0.07,0.52,6.4,7.5
2026-07-05,13.75,3.85,7.9,0.01,0.52,4.53,7.69
2026-07-06,14.94,3.62,8.05,0.0,0.52,3.74,10.63
2026-07-07,15.25,3.2,8.2,0.0,0.52,3.75,9.98
2026-07-08,15.7,2.18,7.95,0.0,0.52,4.0,10.64
2026-07-09,15.81,3.04,8.49,0.0,0.52,4.32,10.54
2026-07-10,15.53,4.37,9.27,0.0,0.52,5.34,9.95
2026-07-11,16.62,7.14,10.64,9.06,0.52,6.27,7.82
2026-07-12,14.09,5.61,9.96,0.11,0.53,5.88,8.2
2026-07-13,15.03,9.84,12.23,0.36,0.52,8.94,7.39
2026-07-14,16.76,7.97,12.07,0.54,0.52,8.04,10.1
2026-07-15,13.91,3.93,8.5,0.06,0.52,5.87,10.23
2026-07-16,15.82,4.87,9.6,0.0,0.52,7.05,7.1
2026-07-17,15.63,3.9,9.61,0.02,0.52,6.53,10.09
2026-07-18,15.69,3.9,9.34,0.02,0.52,4.82,4.9
2026-07-19,16.84,3.58,10.04,0.0,0.52,2.97,6.81
2026-07-20,16.75,4.42,9.79,0.0,0.52,2.47,7.16
2026-07-21,15.83,4.97,10.09,0.0,0.52,2.96,7.21
2026-07-22,17.86,6.76,11.24,0.02,0.51,5.8,10.24
2026-07-23,12.97,5.25,8.32,0.01,0.51,2.81,10.96
2026-07-24,13.75,2.27,7.73,0.0,0.51,3.2,8.55
2026-07-25,15.45,6.61,10.46,0.27,0.51,7.72,8.24
2026-07-26,14.71,8.53,10.96,0.32,0.51,8.16,8.61
2026-07-27,14.8,8.79,11.2,0.15,0.51,6.03,9.19
2026-07-28,16.58,7.87,11.39,0.61,0.51,6.1,10.33
2026-07-29,13.36,5.35,9.09,0.01,0.51,2.71,11.66
