date,tmax,tmin,tmean,precip,gwetroot,tdew,solar
1984-01-01,25.01,16.74,20.53,3.21,0.46,14.43,18.48
1984-01-02,22.92,14.33,18.43,2.52,0.46,12.87,19.32
1984-01-03,22.8,10.38,16.65,0.25,0.46,7.84,29.51
1984-01-04,27.13,8.93,18.5,0.0,0.45,5.79,32.36
1984-01-05,33.7,11.55,23.72,0.02,0.45,5.84,32.3
1984-01-06,27.43,13.52,22.01,0.14,0.44,11.12,26.54
1984-01-07,29.89,10.47,19.69,0.0,0.44,6.81,32.38
1984-01-08,28.41,10.86,18.9,0.02,0.43,7.81,32.35
1984-01-09,26.5,11.7,18.59,0.02,0.43,10.12,29.51
1984-01-10,30.03,11.25,20.64,0.0,0.43,10.28,31.42
1984-01-11,32.93,12.77,23.01,0.0,0.42,8.13,31.6
1984-01-12,34.47,13.26,24.19,0.0,0.42,5.4,32.21
1984-01-13,36.18,14.51,26.18,0.01,0.42,11.72,30.56
1984-01-14,32.11,20.85,26.41,0.8,0.41,16.06,22.32
1984-01-15,30.14,17.46,22.6,0.59,0.41,15.35,14.36
1984-01-16,20.46,11.68,15.86,1.88,0.41,6.93,26.47
1984-01-17,21.24,11.09,15.53,0.63,0.41,5.62,22.86
1984-01-18,25.16,9.28,17.36,0.29,0.41,5.53,21.29
1984-01-19,28.0,9.39,18.72,0.0,0.41,6.36,30.51
1984-01-20,27.79,10.83,18.63,0.0,0.41,8.73,29.54
1984-01-21,23.67,9.52,16.42,0.01,0.41,6.63,19.62
1984-01-22,26.09,10.27,17.61,0.01,0.4,6.55,28.84
1984-01-23,35.97,11.32,23.19,1.29,0.4,7.4,29.76
1984-01-24,33.28,18.02,24.65,1.27,0.4,12.2,25.94
1984-01-25,21.16,12.24,16.66,4.4,0.4,11.85,9.72
1984-01-26,23.05,11.37,16.49,0.52,0.41,6.94,26.38
1984-01-27,25.8,10.52,17.54,0.0,0.41,4.91,27.55
1984-01-28,28.75,9.65,20.15,0.0,0.4,5.79,30.3
1984-01-29,27.77,12.57,19.57,0.01,0.4,6.71,25.35
1984-01-30,23.54,11.8,16.8,0.01,0.4,6.52,25.09
1984-01-31,26.49,11.56,18.49,0.08,0.4,7.45,28.3
1984-02-01,29.79,8.53,19.54,0.0,0.4,5.37,30.73
1984-02-02,33.7,12.65,22.77,0.01,0.39,4.37,31.01
1984-02-03,34.7,13.92,24.66,0.0,0.39,4.3,30.47
1984-02-04,34.73,17.49,25.34,0.0,0.39,7.13,30.06
1984-02-05,35.21,13.44,24.08,0.01,0.39,7.96,29.82
1984-02-06,33.4,18.5,24.39,0.3,0.39,12.56,13.66
1984-02-07,30.85,14.91,21.9,0.02,0.39,8.83,29.74
1984-02-08,31.73,11.91,21.63,0.01,0.39,7.82,29.26
1984-02-09,30.42,12.71,20.56,0.0,0.38,5.63,29.16
1984-02-10,31.05,11.28,21.01,0.0,0.38,6.59,28.87
1984-02-11,33.96,13.26,23.63,0.0,0.38,4.59,29.01
1984-02-12,25.97,12.62,19.43,0.12,0.38,7.39,19.1
1984-02-13,24.8,12.05,17.49,0.03,0.38,7.68,24.43
1984-02-14,28.8,11.16,20.09,0.01,0.38,7.21,26.9
1984-02-15,31.4,13.54,21.55,0.01,0.38,8.28,25.01
1984-02-16,28.8,13.41,20.56,0.0,0.38,11.02,18.22
1984-02-17,30.11,12.3,20.88,0.0,0.38,9.52,23.14
1984-02-18,34.89,15.28,25.78,0.0,0.38,11.1,26.79
1984-02-19,36.39,18.69,28.22,0.0,0.38,9.73,27.13
1984-02-20,33.59,15.71,25.28,0.03,0.38,12.66,27.0
1984-02-21,30.52,14.56,21.56,0.03,0.38,9.12,22.57
1984-02-22,31.03,13.25,22.61,0.0,0.38,3.19,26.91
1984-02-23,22.99,11.78,18.45,0.0,0.38,5.0,24.16
1984-02-24,24.59,9.82,16.99,0.01,0.38,5.07,23.35
1984-02-25,29.59,10.35,19.93,0.03,0.38,5.94,25.22
1984-02-26,35.72,14.44,25.16,0.02,0.38,2.84,25.2
1984-02-27,23.74,10.14,18.24,2.51,0.38,5.78,10.25
1984-02-28,21.53,9.06,14.7,0.02,0.38,4.32,23.75
1984-02-29,24.48,10.77,16.69,0.12,0.38,9.11,20.85
1984-03-01,25.93,11.87,17.77,0.01,0.38,8.14,25.1
1984-03-02,25.84,10.3,17.39,0.0,0.38,7.26,25.11
1984-03-03,27.16,9.92,18.35,0.03,0.38,6.87,25.44
1984-03-04,30.6,10.37,20.28,0.02,0.38,5.37,25.03
1984-03-05,34.22,14.92,24.48,0.0,0.38,2.47,25.07
1984-03-06,38.06,17.47,27.11,0.0,0.38,3.2,24.32
1984-03-07,24.93,12.36,18.41,0.01,0.38,7.13,24.01
1984-03-08,24.54,10.41,16.58,0.07,0.38,3.14,21.76
1984-03-09,27.73,8.43,18.01,0.0,0.38,1.45,23.24
1984-03-10,27.93,13.11,18.73,2.29,0.38,4.13,12.3
1984-03-11,26.6,10.17,17.61,0.0,0.38,5.88,23.49
1984-03-12,33.0,10.8,22.5,3.95,0.38,6.93,23.5
1984-03-13,19.44,10.09,15.15,5.58,0.4,7.82,16.07
1984-03-14,19.08,9.7,14.28,1.96,0.4,8.08,18.31
1984-03-15,23.07,12.18,16.88,0.11,0.4,10.67,15.83
1984-03-16,27.81,11.16,19.17,0.0,0.4,8.35,22.5
1984-03-17,31.75,13.31,20.95,0.03,0.39,8.46,23.18
1984-03-18,21.61,13.75,17.0,0.64,0.39,10.23,15.82
1984-03-19,22.89,12.07,16.41,0.1,0.39,9.22,13.8
1984-03-20,25.89,11.79,18.06,0.02,0.39,8.73,20.48
1984-03-21,23.94,12.83,17.62,0.0,0.39,8.66,17.81
1984-03-22,26.34,14.64,20.38,0.06,0.39,10.02,16.59
1984-03-23,22.8,18.05,19.87,1.02,0.39,13.41,16.14
1984-03-24,30.42,17.14,22.54,13.86,0.4,16.13,14.63
1984-03-25,17.64,10.77,14.05,5.49,0.43,7.52,11.6
1984-03-26,17.52,9.49,12.91,13.28,0.44,7.55,10.11
1984-03-27,17.55,8.17,12.24,0.26,0.45,3.95,19.16
1984-03-28,21.78,6.05,13.87,0.0,0.44,2.81,20.77
1984-03-29,26.72,9.31,17.01,0.0,0.44,2.12,20.48
1984-03-30,27.5,9.79,17.43,0.0,0.43,5.85,20.32
1984-03-31,19.9,8.79,14.28,0.0,0.43,7.75,15.29
1984-04-01,22.53,7.58,14.43,0.0,0.43,6.66,18.69
1984-04-02,26.02,6.73,15.5,0.0,0.43,6.96,20.4
1984-04-03,22.68,8.2,14.76,0.18,0.43,7.79,16.14
1984-04-04,21.1,5.57,12.4,0.0,0.42,4.39,19.34
1984-04-05,16.73,5.91,11.27,1.07,0.42,7.54,12.0
1984-04-06,25.81,8.02,15.24,0.27,0.42,6.7,10.32
1984-04-07,23.39,9.08,14.9,0.0,0.42,8.1,18.74
1984-04-08,23.98,6.66,14.88,0.02,0.42,7.45,18.46
1984-04-09,24.93,8.02,15.43,0.07,0.42,7.18,18.45
1984-04-10,25.99,8.5,16.74,0.01,0.42,6.88,18.38
1984-04-11,26.55,10.7,18.44,0.04,0.42,7.17,16.97
1984-04-12,27.56,11.36,19.31,0.08,0.42,8.24,14.76
1984-04-13,27.42,13.0,19.7,0.02,0.41,6.43,15.35
1984-04-14,26.92,13.31,19.45,0.0,0.41,3.68,15.77
1984-04-15,23.1,13.89,17.75,2.25,0.41,8.31,8.28
1984-04-16,22.36,9.32,16.44,0.26,0.41,10.23,13.07
1984-04-17,20.69,7.72,14.21,0.14,0.41,7.71,16.94
1984-04-18,20.8,8.6,14.97,6.0,0.42,8.85,9.43
1984-04-19,19.59,8.65,13.52,0.38,0.42,7.75,10.47
1984-04-20,19.86,9.08,13.36,0.05,0.42,7.02,12.27
1984-04-21,20.52,7.71,13.07,0.13,0.42,7.89,13.61
1984-04-22,20.28,9.97,14.12,6.04,0.42,7.8,8.9
1984-04-23,15.87,10.57,12.85,3.16,0.43,6.09,11.28
1984-04-24,16.21,10.04,12.99,1.61,0.43,7.37,11.63
1984-04-25,19.85,10.05,13.6,0.73,0.43,9.72,12.66
1984-04-26,19.57,8.41,12.86,0.85,0.43,10.21,9.8
1984-04-27,19.56,7.1,12.89,0.23,0.43,9.26,12.97
1984-04-28,20.51,7.76,12.9,0.01,0.43,8.58,11.39
1984-04-29,20.13,6.11,12.38,0.0,0.43,7.0,15.2
1984-04-30,23.62,6.93,14.82,0.0,0.43,5.43,14.67
1984-05-01,23.47,10.19,15.49,0.0,0.43,5.67,10.3
1984-05-02,25.02,10.24,15.77,0.05,0.43,8.33,13.41
1984-05-03,18.09,10.39,13.35,3.1,0.43,10.95,5.96
1984-05-04,15.25,5.84,10.63,1.36,0.43,5.25,10.81
1984-05-05,13.72,4.92,9.31,0.7,0.43,5.2,11.53
1984-05-06,15.23,6.4,10.32,1.0,0.43,7.38,11.62
1984-05-07,17.27,5.78,10.66,0.13,0.43,6.91,11.38
1984-05-08,17.19,5.65,9.99,0.27,0.43,4.49,11.23
1984-05-09,18.09,4.3,10.25,0.01,0.43,2.58,13.27
1984-05-10,15.37,8.62,10.84,2.86,0.43,3.41,6.66
1984-05-11,17.0,9.01,12.29,1.21,0.43,7.12,10.12
1984-05-12,16.41,9.94,12.66,2.68,0.44,7.68,10.54
1984-05-13,16.81,9.31,11.97,0.2,0.44,5.86,7.88
1984-05-14,18.48,5.95,12.19,0.2,0.44,4.84,11.14
1984-05-15,20.75,7.41,12.81,0.02,0.44,4.17,11.69
1984-05-16,21.6,7.13,13.35,0.02,0.43,3.72,9.4
1984-05-17,22.39,6.35,13.27,0.0,0.43,3.18,11.79
1984-05-18,19.32,8.34,12.71,0.73,0.43,3.18,8.63
1984-05-19,18.8,8.78,13.09,0.17,0.43,9.52,6.43
1984-05-20,23.13,8.19,14.87,0.0,0.43,8.31,11.01
1984-05-21,20.92,12.26,15.53,6.27,0.43,8.74,6.58
1984-05-22,18.03,9.62,13.79,8.13,0.45,10.82,7.19
1984-05-23,15.6,9.34,12.23,1.65,0.46,7.89,8.0
1984-05-24,17.35,8.44,11.8,0.31,0.45,9.37,8.04
1984-05-25,18.53,6.87,11.82,0.0,0.45,7.66,11.3
1984-05-26,18.78,7.45,12.26,0.15,0.45,5.84,9.29
1984-05-27,20.39,8.75,13.71,0.19,0.45,6.35,10.07
1984-05-28,20.49,7.48,13.27,0.15,0.45,5.26,9.14
1984-05-29,16.03,9.78,12.13,1.28,0.45,7.84,8.44
1984-05-30,17.61,7.84,12.2,0.87,0.45,7.42,10.82
1984-05-31,18.6,7.02,11.13,5.01,0.45,6.54,6.44
1984-06-01,15.06,7.18,10.53,0.19,0.46,7.47,7.39
1984-06-02,15.4,7.06,10.82,0.81,0.46,8.11,8.84
1984-06-03,18.16,8.79,12.02,0.57,0.46,10.82,8.77
1984-06-04,19.39,8.17,12.97,0.23,0.46,9.68,10.46
1984-06-05,18.73,7.91,12.16,0.01,0.46,6.9,9.58
1984-06-06,19.43,6.79,11.68,0.01,0.45,3.68,10.0
1984-06-07,17.82,7.5,11.38,3.47,0.45,5.0,6.4
1984-06-08,14.42,8.01,10.81,3.97,0.46,7.71,6.83
1984-06-09,13.69,6.66,9.89,0.94,0.47,6.39,6.86
1984-06-10,13.32,5.38,8.88,0.04,0.46,4.59,6.4
1984-06-11,13.5,5.13,8.65,0.82,0.46,5.67,7.34
1984-06-12,14.62,3.62,7.98,0.04,0.46,4.09,9.74
1984-06-13,15.01,1.85,7.03,0.0,0.46,1.49,9.45
1984-06-14,13.66,3.67,8.36,0.03,0.46,2.29,5.98
1984-06-15,12.89,6.38,9.44,7.35,0.46,6.8,6.14
1984-06-16,14.05,6.17,9.59,1.8,0.48,6.88,8.12
1984-06-17,14.86,4.88,9.08,0.71,0.48,7.14,9.08
1984-06-18,13.22,4.3,9.16,0.96,0.48,5.13,9.68
1984-06-19,14.01,3.45,7.44,0.01,0.48,4.02,7.78
1984-06-20,11.69,1.62,5.87,0.0,0.47,3.12,8.88
1984-06-21,15.69,0.49,6.21,0.01,0.47,1.73,8.56
1984-06-22,16.1,1.0,7.88,0.03,0.47,-1.94,9.01
1984-06-23,13.72,4.88,9.4,3.13,0.48,5.21,8.16
1984-06-24,13.43,7.75,10.05,6.93,0.49,9.06,8.2
1984-06-25,12.57,6.6,8.75,0.69,0.49,6.73,7.92
1984-06-26,13.93,4.34,8.47,0.06,0.49,4.31,6.37
1984-06-27,14.66,4.54,8.79,0.03,0.49,4.21,6.46
1984-06-28,13.9,5.8,8.75,0.41,0.48,6.33,8.95
1984-06-29,14.2,5.02,9.62,0.17,0.48,6.25,9.77
1984-06-30,14.79,3.72,7.95,0.02,0.48,6.51,8.65
1984-07-01,12.95,4.35,8.37,6.19,0.48,6.21,7.18
1984-07-02,7.92,4.8,6.21,12.79,0.51,3.52,6.19
1984-07-03,8.95,4.8,7.03,1.84,0.52,3.67,9.22
1984-07-04,13.71,4.96,8.8,0.17,0.51,6.3,8.88
1984-07-05,12.48,3.66,7.56,0.0,0.51,4.2,9.37
1984-07-06,12.82,1.44,7.23,3.26,0.51,3.56,6.32
1984-07-07,13.44,5.97,9.41,6.85,0.52,7.15,6.22
1984-07-08,15.08,6.4,9.9,0.59,0.53,6.58,8.31
1984-07-09,12.92,5.94,9.22,7.44,0.53,7.36,5.84
1984-07-10,12.37,6.78,8.87,2.18,0.54,7.56,8.36
1984-07-11,13.83,5.17,8.3,2.63,0.54,7.16,8.67
1984-07-12,11.35,6.49,8.63,0.7,0.54,7.71,8.28
1984-07-13,10.57,2.86,6.37,1.73,0.54,4.75,6.68
1984-07-14,10.84,1.4,5.05,0.01,0.54,1.3,10.55
1984-07-15,10.47,-0.84,4.08,7.91,0.54,1.96,5.31
1984-07-16,10.34,2.91,6.21,4.55,0.56,4.89,5.79
1984-07-17,13.61,4.93,8.25,0.58,0.56,4.39,8.31
1984-07-18,12.4,4.54,8.13,6.4,0.56,6.22,1.79
1984-07-19,11.9,4.88,7.49,1.89,0.57,5.58,6.8
1984-07-20,12.97,3.87,8.17,0.4,0.56,5.92,2.17
1984-07-21,10.32,4.94,6.91,0.94,0.56,4.75,1.71
1984-07-22,9.4,4.59,6.3,1.6,0.56,4.94,1.78
1984-07-23,11.71,5.65,8.43,5.46,0.57,7.42,1.89
1984-07-24,13.95,5.95,9.71,1.5,0.57,8.29,2.17
1984-07-25,14.58,3.86,8.25,0.02,0.57,6.17,7.8
1984-07-26,14.62,3.98,7.97,0.03,0.57,4.33,8.37
1984-07-27,13.12,3.96,7.34,0.0,0.57,4.13,2.97
1984-07-28,13.58,4.2,8.44,0.9,0.57,7.25,1.81
1984-07-29,11.97,5.67,8.43,2.25,0.57,6.47,4.23
1984-07-30,14.19,6.98,10.73,2.37,0.57,8.51,4.72
1984-07-31,15.7,9.0,11.45,2.66,0.57,9.85,2.96
1984-08-01,15.73,6.82,10.81,1.47,0.57,9.48,8.75
1984-08-02,16.98,4.85,9.88,0.1,0.57,5.96,8.87
1984-08-03,18.44,6.02,11.21,0.38,0.57,5.21,11.78
1984-08-04,16.7,6.7,11.6,20.94,0.57,7.8,7.32
1984-08-05,16.36,6.66,10.57,1.99,0.6,7.64,11.28
1984-08-06,15.24,6.21,9.9,2.24,0.6,7.86,9.87
1984-08-07,17.9,6.01,11.25,1.09,0.6,6.26,12.96
1984-08-08,13.77,7.57,10.37,1.69,0.59,7.22,13.39
1984-08-09,11.65,6.84,8.66,10.42,0.6,7.03,9.37
1984-08-10,10.36,4.71,7.47,6.44,0.61,6.08,9.28
1984-08-11,11.64,4.89,8.23,1.82,0.62,6.43,13.59
1984-08-12,12.18,6.42,8.52,0.59,0.62,5.88,9.59
1984-08-13,12.71,5.58,8.16,0.44,0.61,5.24,8.63
1984-08-14,12.44,3.03,7.14,0.22,0.61,4.72,8.61
1984-08-15,13.12,2.5,7.42,0.14,0.61,4.31,10.39
1984-08-16,10.07,2.93,6.51,13.26,0.62,5.21,3.97
1984-08-17,11.75,6.65,9.29,9.06,0.63,7.66,12.2
1984-08-18,11.3,7.41,9.32,5.63,0.65,7.43,11.07
1984-08-19,13.26,6.71,9.55,3.64,0.65,6.52,13.58
1984-08-20,12.46,8.8,10.12,11.59,0.66,8.67,8.85
1984-08-21,13.67,6.31,10.15,1.36,0.66,8.0,13.9
1984-08-22,11.72,7.53,9.18,4.12,0.67,7.35,7.85
1984-08-23,15.4,5.81,10.07,0.48,0.66,6.52,13.52
1984-08-24,11.55,7.21,8.87,10.7,0.67,6.86,8.95
1984-08-25,13.97,6.32,9.87,1.82,0.68,7.28,14.16
1984-08-26,13.24,7.18,10.46,8.81,0.68,9.35,10.16
1984-08-27,12.18,6.17,8.49,2.54,0.69,5.88,13.14
1984-08-28,13.61,5.15,9.01,1.4,0.68,6.67,16.22
1984-08-29,15.05,4.58,10.26,0.32,0.68,7.89,11.2
1984-08-30,16.69,5.05,10.74,0.01,0.68,6.42,14.49
1984-08-31,16.94,8.11,12.06,2.74,0.67,8.1,12.61
1984-09-01,14.7,9.5,11.41,0.35,0.67,9.54,9.08
1984-09-02,14.18,9.3,11.53,6.89,0.67,9.76,10.86
1984-09-03,12.14,6.48,9.7,22.78,0.71,8.55,8.26
1984-09-04,12.8,3.03,7.62,0.14,0.71,4.66,17.84
1984-09-05,13.93,3.02,8.47,0.07,0.71,6.17,15.05
1984-09-06,18.84,5.81,11.47,0.11,0.7,6.55,13.58
1984-09-07,18.49,6.12,12.14,0.2,0.7,8.0,15.65
1984-09-08,16.26,4.99,10.22,0.24,0.69,8.41,11.94
1984-09-09,16.15,3.18,10.36,0.01,0.69,7.15,12.86
1984-09-10,16.14,6.93,12.24,6.1,0.69,9.0,7.61
1984-09-11,10.37,3.52,6.82,1.19,0.69,3.76,16.32
1984-09-12,14.03,3.59,8.6,0.59,0.69,4.67,15.78
1984-09-13,15.08,3.89,8.9,0.0,0.68,3.85,14.98
1984-09-14,18.67,3.74,11.0,0.01,0.68,4.35,19.68
1984-09-15,20.39,5.45,12.65,0.76,0.67,4.69,17.88
1984-09-16,15.8,7.9,10.99,12.45,0.68,8.57,8.4
1984-09-17,12.28,4.19,8.59,4.83,0.69,5.49,15.12
1984-09-18,12.46,3.06,7.72,0.1,0.68,3.28,13.44
1984-09-19,11.41,3.51,7.91,0.15,0.68,4.81,12.7
1984-09-20,13.83,2.32,7.86,1.3,0.68,4.58,12.7
1984-09-21,12.0,5.97,8.4,2.82,0.68,5.53,16.86
1984-09-22,13.06,5.67,8.59,3.17,0.68,5.59,14.86
1984-09-23,11.86,5.92,8.5,2.71,0.68,6.28,16.61
1984-09-24,12.76,5.75,9.18,2.64,0.68,6.68,18.01
1984-09-25,13.92,4.62,8.7,0.07,0.68,4.3,17.44
1984-09-26,15.19,2.92,8.76,0.35,0.67,5.13,15.4
1984-09-27,14.25,3.93,9.23,1.79,0.67,6.53,16.97
1984-09-28,13.47,3.92,8.36,0.43,0.66,4.5,17.51
1984-09-29,14.27,1.35,7.5,0.13,0.66,3.29,19.75
1984-09-30,16.27,1.51,8.77,0.0,0.65,3.97,23.54
1984-10-01,15.6,5.59,10.06,1.35,0.65,5.2,9.16
1984-10-02,22.08,8.93,14.51,5.99,0.65,8.88,13.44
1984-10-03,14.45,6.42,11.89,10.35,0.67,10.41,10.61
1984-10-04,17.15,5.47,10.81,0.28,0.66,7.76,20.5
1984-10-05,19.0,6.88,12.43,0.11,0.66,8.68,22.99
1984-10-06,21.25,6.98,13.84,0.0,0.65,8.85,24.08
1984-10-07,21.74,7.91,14.76,0.03,0.64,8.6,21.56
1984-10-08,24.99,12.03,17.68,0.52,0.64,11.58,22.34
1984-10-09,18.84,10.89,14.33,1.02,0.63,10.71,23.19
1984-10-10,17.06,6.24,12.0,0.08,0.62,7.95,22.53
1984-10-11,19.44,5.07,11.88,0.0,0.62,8.29,23.16
1984-10-12,26.14,7.49,16.81,0.01,0.61,9.46,25.35
1984-10-13,18.76,7.58,13.24,0.03,0.6,9.1,23.36
1984-10-14,19.69,7.35,12.62,0.16,0.59,8.44,23.83
1984-10-15,19.62,7.34,12.52,1.62,0.59,8.14,22.12
1984-10-16,12.53,3.79,8.11,0.19,0.58,1.59,18.73
1984-10-17,13.96,3.5,8.09,1.33,0.58,3.08,18.24
1984-10-18,15.55,2.75,9.42,0.16,0.58,6.0,13.39
1984-10-19,17.16,4.29,10.67,0.19,0.57,6.99,15.81
1984-10-20,18.41,6.5,11.94,0.18,0.57,7.22,17.54
1984-10-21,18.25,3.15,10.8,0.0,0.56,5.03,28.53
1984-10-22,22.67,4.93,13.88,0.01,0.56,6.01,27.81
1984-10-23,25.49,8.98,17.4,0.04,0.55,7.99,23.21
1984-10-24,20.74,9.64,15.67,0.09,0.54,9.74,19.58
1984-10-25,20.29,8.06,13.44,0.12,0.54,8.89,21.92
1984-10-26,22.43,6.52,14.49,0.0,0.53,8.7,27.05
1984-10-27,26.36,8.26,16.48,0.0,0.53,8.9,28.37
1984-10-28,19.89,8.22,13.56,0.0,0.52,7.66,27.15
1984-10-29,20.17,5.03,12.42,0.0,0.51,4.39,28.73
1984-10-30,24.09,5.0,14.41,0.09,0.51,3.81,29.58
1984-10-31,23.3,10.46,16.86,7.78,0.5,7.13,20.63
1984-11-01,21.99,10.47,16.1,24.63,0.55,13.23,10.89
1984-11-02,20.83,7.34,13.96,0.06,0.55,9.66,24.05
1984-11-03,20.01,8.33,14.04,0.21,0.54,10.07,12.81
1984-11-04,19.59,7.11,13.07,0.05,0.54,7.83,14.45
1984-11-05,20.2,6.32,12.48,0.0,0.53,6.19,29.52
1984-11-06,23.51,6.02,14.84,0.0,0.52,7.22,27.04
1984-11-07,28.34,9.19,19.22,0.0,0.52,10.24,25.98
1984-11-08,29.63,13.06,21.57,0.0,0.51,10.04,29.36
1984-11-09,30.87,18.64,23.76,0.14,0.5,13.4,13.93
1984-11-10,20.74,10.43,16.75,14.72,0.51,13.58,5.61
1984-11-11,17.5,9.42,13.05,4.39,0.52,9.35,23.8
1984-11-12,18.53,10.09,14.03,10.25,0.54,10.57,19.29
1984-11-13,19.98,9.3,13.92,0.43,0.53,9.37,30.21
1984-11-14,20.45,9.51,14.19,0.07,0.53,8.44,19.31
1984-11-15,22.55,8.4,14.91,0.01,0.52,6.55,29.88
1984-11-16,28.84,5.98,18.36,0.0,0.51,5.3,31.98
1984-11-17,31.78,10.58,22.05,0.0,0.5,7.35,30.67
1984-11-18,32.02,16.19,24.3,1.92,0.5,12.95,26.31
1984-11-19,23.4,13.49,17.87,0.23,0.49,11.87,21.77
1984-11-20,23.55,12.36,17.01,1.72,0.49,10.24,27.27
1984-11-21,18.43,10.04,14.19,1.88,0.49,8.35,23.32
1984-11-22,15.27,7.15,11.45,1.96,0.49,4.6,21.49
1984-11-23,16.46,6.47,12.34,0.81,0.49,7.39,20.3
1984-11-24,23.42,10.69,16.46,0.08,0.49,7.36,25.05
1984-11-25,29.5,10.45,20.56,0.0,0.48,6.37,24.53
1984-11-26,35.16,16.16,25.6,0.01,0.47,5.47,31.75
1984-11-27,22.98,13.73,18.75,0.1,0.47,8.57,31.09
1984-11-28,22.9,10.52,15.87,0.02,0.46,5.74,31.71
1984-11-29,21.56,10.0,15.33,0.03,0.46,7.27,22.9
1984-11-30,20.55,9.22,14.56,0.07,0.46,6.56,18.33
1984-12-01,25.8,8.78,16.9,0.0,0.46,7.49,32.37
1984-12-02,21.84,10.55,15.44,0.34,0.45,8.86,21.03
1984-12-03,17.15,7.76,12.56,0.15,0.45,3.55,25.38
1984-12-04,21.03,6.51,13.6,0.65,0.45,6.94,16.69
1984-12-05,25.78,10.81,17.79,0.06,0.45,8.9,25.84
1984-12-06,28.34,12.02,19.0,0.0,0.44,8.3,21.05
1984-12-07,30.93,11.78,21.53,0.0,0.44,6.89,33.28
1984-12-08,31.95,11.98,22.35,0.0,0.44,3.21,31.69
1984-12-09,32.22,13.61,22.78,0.0,0.43,4.1,31.9
1984-12-10,34.23,13.97,22.49,2.59,0.43,6.75,15.91
1984-12-11,21.65,12.54,16.67,1.76,0.43,7.98,26.05
1984-12-12,22.49,11.91,16.94,0.24,0.43,8.44,28.96
1984-12-13,21.65,11.99,16.65,1.58,0.43,11.3,14.42
1984-12-14,23.63,12.29,17.78,3.13,0.43,10.75,27.73
1984-12-15,22.72,10.85,16.4,0.11,0.43,7.79,29.72
1984-12-16,26.14,9.47,17.44,0.0,0.43,8.82,24.37
1984-12-17,30.94,11.99,21.02,0.0,0.43,9.57,32.04
1984-12-18,22.42,11.2,16.75,0.08,0.42,8.62,21.78
1984-12-19,21.8,10.82,16.12,2.08,0.42,9.17,16.05
1984-12-20,19.3,9.07,14.24,0.25,0.42,4.7,24.91
1984-12-21,24.19,8.56,16.38,0.01,0.42,6.87,29.75
1984-12-22,27.73,11.98,19.16,0.08,0.42,9.62,27.5
1984-12-23,33.41,12.25,22.37,0.0,0.42,8.57,31.65
1984-12-24,36.69,13.32,24.89,0.63,0.41,9.37,14.67
1984-12-25,21.04,10.38,16.7,0.07,0.41,8.26,23.53
1984-12-26,27.44,9.17,17.97,0.0,0.41,5.04,32.09
1984-12-27,31.47,8.2,20.21,0.0,0.41,3.43,33.8
1984-12-28,33.21,11.46,22.4,0.03,0.41,0.51,33.8
1984-12-29,35.35,15.41,25.0,0.0,0.4,7.91,31.81
1984-12-30,33.48,16.01,23.22,0.35,0.4,11.06,30.6
1984-12-31,32.3,14.42,23.04,0.07,0.4,9.55,28.67
1985-01-01,28.07,12.75,19.94,0.01,0.4,10.5,34.0
1985-01-02,19.95,11.92,16.04,4.18,0.4,10.15,14.62
1985-01-03,23.31,11.43,17.29,0.06,0.4,8.66,23.43
1985-01-04,24.67,12.03,18.07,0.19,0.4,9.72,18.08
1985-01-05,21.22,12.04,15.92,0.11,0.4,6.04,21.68
1985-01-06,24.47,10.93,16.77,0.0,0.4,5.78,24.67
1985-01-07,26.97,11.2,18.97,0.07,0.4,7.49,24.11
1985-01-08,31.03,13.55,20.64,1.37,0.4,8.11,34.31
1985-01-09,24.17,12.51,17.48,0.05,0.4,9.51,27.21
1985-01-10,25.94,12.38,18.68,0.0,0.39,9.32,26.24
1985-01-11,30.97,10.32,20.6,0.01,0.39,7.99,28.87
1985-01-12,38.03,13.15,25.11,0.0,0.39,5.19,33.58
1985-01-13,41.83,17.22,29.71,0.0,0.39,5.77,33.49
1985-01-14,42.86,16.62,27.9,0.01,0.39,6.43,24.78
1985-01-15,30.31,13.62,21.36,0.11,0.38,6.73,36.16
1985-01-16,25.07,11.9,17.72,0.02,0.38,6.18,10.16
1985-01-17,23.04,10.77,16.44,0.29,0.38,5.45,33.95
1985-01-18,26.14,8.38,17.55,0.0,0.38,2.05,29.05
1985-01-19,24.27,10.73,18.14,0.0,0.38,4.06,24.27
1985-01-20,32.67,10.72,21.69,0.0,0.38,3.33,31.19
1985-01-21,37.51,14.19,24.42,0.0,0.38,8.56,30.57
1985-01-22,28.23,14.28,20.61,0.0,0.38,9.71,27.88
1985-01-23,26.59,13.3,19.16,0.02,0.38,9.01,29.92
1985-01-24,29.05,11.23,20.49,0.0,0.38,7.5,29.67
1985-01-25,34.41,13.03,24.08,0.0,0.38,3.85,30.03
1985-01-26,38.77,17.22,27.65,0.11,0.38,0.66,31.64
1985-01-27,31.4,13.97,21.69,0.0,0.38,6.73,31.13
1985-01-28,33.86,10.97,22.57,0.01,0.38,3.08,30.2
1985-01-29,39.53,16.24,28.23,0.0,0.38,0.51,31.23
1985-01-30,37.07,16.23,26.08,0.62,0.38,9.2,7.32
1985-01-31,25.82,12.82,18.84,0.13,0.38,6.48,30.07
1985-02-01,29.86,9.56,20.16,0.01,0.38,0.88,30.76
1985-02-02,35.67,14.14,24.77,0.0,0.38,-1.93,29.21
1985-02-03,39.24,17.25,28.38,0.0,0.38,-2.9,30.26
1985-02-04,34.31,18.15,25.12,0.03,0.38,8.3,29.17
1985-02-05,38.1,18.54,27.05,0.02,0.38,11.45,29.55
1985-02-06,27.59,14.21,21.33,1.16,0.38,8.28,17.11
1985-02-07,26.03,10.68,17.46,0.0,0.38,3.39,29.15
1985-02-08,30.5,10.03,19.9,0.03,0.38,4.52,29.43
1985-02-09,33.99,11.75,23.15,0.0,0.38,5.59,29.19
1985-02-10,34.49,13.67,24.17,0.0,0.38,6.23,29.14
1985-02-11,34.25,17.73,24.95,0.19,0.38,4.78,15.26
1985-02-12,32.71,17.54,24.71,0.01,0.38,7.51,29.32
1985-02-13,26.96,14.22,20.25,0.04,0.38,9.79,20.4
1985-02-14,29.37,10.92,20.19,0.0,0.38,2.99,29.1
1985-02-15,37.05,14.35,24.34,0.01,0.38,3.26,28.5
1985-02-16,23.99,11.69,17.47,0.05,0.38,5.31,27.67
1985-02-17,26.96,11.02,18.47,0.0,0.38,5.21,26.02
1985-02-18,28.09,10.82,19.41,0.0,0.38,4.73,27.47
1985-02-19,32.99,12.28,22.59,0.01,0.38,5.23,26.9
1985-02-20,35.85,15.31,25.98,0.16,0.38,9.37,25.33
1985-02-21,35.46,19.75,27.79,0.0,0.38,7.04,26.41
1985-02-22,27.81,12.29,21.27,0.11,0.38,7.28,22.98
1985-02-23,28.33,9.64,18.39,0.0,0.38,2.78,27.02
1985-02-24,32.56,10.72,21.41,0.0,0.38,3.94,25.25
1985-02-25,20.67,13.4,17.21,0.1,0.38,8.9,23.23
1985-02-26,25.15,11.43,17.46,0.02,0.38,4.28,25.32
1985-02-27,26.8,12.54,18.5,0.72,0.38,6.12,17.97
1985-02-28,25.2,11.43,17.86,0.25,0.38,8.23,20.52
1985-03-01,28.19,10.41,19.43,0.11,0.38,7.9,22.2
1985-03-02,24.98,11.9,17.73,0.07,0.38,8.22,21.62
1985-03-03,29.11,9.2,18.41,0.02,0.38,6.78,25.41
1985-03-04,19.36,12.71,15.44,0.12,0.38,4.81,22.65
1985-03-05,19.8,10.6,15.31,0.14,0.38,7.06,16.17
1985-03-06,24.63,8.93,16.46,0.03,0.38,7.56,13.95
1985-03-07,27.26,10.03,19.3,0.0,0.38,5.75,24.54
1985-03-08,32.11,13.57,23.56,0.0,0.38,5.09,24.57
1985-03-09,34.54,17.48,26.42,0.0,0.38,10.13,22.75
1985-03-10,34.88,23.03,27.96,0.0,0.38,9.25,14.8
1985-03-11,33.91,21.55,27.38,0.02,0.38,8.13,17.52
1985-03-12,35.97,22.2,29.45,0.04,0.38,11.55,12.87
1985-03-13,34.06,24.86,28.4,1.28,0.38,11.17,17.28
1985-03-14,38.04,22.19,29.04,0.22,0.38,10.01,21.1
1985-03-15,29.73,16.87,22.14,7.67,0.38,14.28,16.35
1985-03-16,24.11,13.35,17.72,19.87,0.43,12.57,11.05
1985-03-17,24.53,11.0,16.92,0.3,0.43,8.53,12.37
1985-03-18,24.84,11.17,17.63,1.17,0.43,10.83,15.95
1985-03-19,29.4,13.1,21.19,0.0,0.42,12.81,20.69
1985-03-20,30.82,15.8,22.21,0.0,0.42,13.09,21.56
1985-03-21,30.92,15.51,23.21,0.01,0.42,13.63,19.37
1985-03-22,33.95,18.93,25.08,0.0,0.41,14.32,22.13
1985-03-23,31.18,16.33,22.31,0.0,0.41,11.4,20.65
1985-03-24,25.22,12.78,18.25,0.0,0.41,10.0,16.74
1985-03-25,25.58,10.34,17.23,0.0,0.41,5.85,21.52
1985-03-26,27.87,11.26,18.66,0.0,0.41,7.14,21.51
1985-03-27,29.57,10.72,19.55,0.0,0.4,6.73,21.15
1985-03-28,31.21,12.2,20.86,0.02,0.4,6.99,20.83
1985-03-29,26.15,11.51,18.24,0.01,0.4,9.05,20.32
1985-03-30,27.96,9.65,18.89,0.0,0.4,8.5,19.62
1985-03-31,31.72,13.71,21.95,0.11,0.4,8.86,19.29
1985-04-01,20.47,11.06,15.25,1.8,0.4,9.5,11.62
1985-04-02,17.91,10.08,13.08,0.03,0.4,5.38,16.11
1985-04-03,22.37,9.82,15.42,0.16,0.4,10.81,15.66
1985-04-04,22.13,12.22,16.53,11.71,0.41,12.82,13.08
1985-04-05,24.53,12.16,17.82,1.4,0.42,12.1,14.18
1985-04-06,25.46,11.51,18.13,0.11,0.42,11.97,17.31
1985-04-07,25.78,11.34,17.96,0.14,0.42,11.42,19.23
1985-04-08,26.18,11.0,17.9,0.08,0.41,9.13,18.46
1985-04-09,29.54,11.25,20.15,0.24,0.41,8.23,18.44
1985-04-10,28.42,13.3,20.07,0.0,0.41,6.24,18.14
1985-04-11,34.02,16.65,23.82,0.0,0.41,4.35,17.51
1985-04-12,34.22,17.37,23.67,0.07,0.4,6.91,12.46
1985-04-13,33.03,14.43,21.43,3.98,0.4,11.38,15.72
1985-04-14,17.4,13.72,15.21,27.42,0.45,12.69,8.73
1985-04-15,18.02,10.36,14.23,2.54,0.47,9.38,12.21
1985-04-16,14.59,8.36,11.36,2.2,0.46,6.06,13.78
1985-04-17,14.82,7.2,10.33,2.96,0.47,4.96,14.92
1985-04-18,14.1,8.48,11.35,1.52,0.46,7.64,10.92
1985-04-19,17.43,8.23,12.41,0.09,0.46,6.33,12.2
1985-04-20,18.68,7.08,12.4,0.09,0.46,7.1,12.11
1985-04-21,18.7,6.93,11.55,0.01,0.46,5.63,15.22
1985-04-22,18.57,5.62,11.28,0.01,0.46,5.61,13.87
1985-04-23,21.63,7.47,14.04,0.01,0.46,7.08,13.86
1985-04-24,20.56,10.27,14.76,0.1,0.45,6.3,12.65
1985-04-25,21.71,7.63,13.87,0.0,0.45,4.25,15.59
1985-04-26,21.26,6.51,13.32,0.0,0.45,5.93,13.74
1985-04-27,24.75,9.32,16.18,0.0,0.45,5.22,14.23
1985-04-28,26.21,10.82,17.55,0.0,0.45,5.72,14.63
1985-04-29,27.71,11.86,18.69,0.0,0.45,5.02,14.55
1985-04-30,26.75,11.84,17.76,0.0,0.44,5.28,14.67
1985-05-01,25.03,10.93,16.68,0.0,0.44,6.81,14.17
1985-05-02,24.42,10.66,16.38,0.0,0.44,4.34,14.13
1985-05-03,23.26,10.81,15.9,0.0,0.44,7.12,13.09
1985-05-04,24.28,12.84,17.95,0.0,0.44,9.6,11.93
1985-05-05,26.7,13.64,18.45,1.31,0.44,8.84,12.44
1985-05-06,16.49,10.42,13.32,1.42,0.44,6.86,10.18
1985-05-07,14.53,9.65,11.56,4.77,0.45,8.1,9.45
1985-05-08,16.61,8.46,12.04,0.67,0.45,7.32,10.58
1985-05-09,17.25,9.53,13.18,2.17,0.45,10.18,9.82
1985-05-10,19.03,10.72,14.02,1.67,0.45,12.21,8.62
1985-05-11,20.79,9.77,13.94,0.3,0.45,11.47,10.19
1985-05-12,21.07,8.39,13.94,0.18,0.45,9.33,11.89
1985-05-13,20.69,7.99,13.32,0.0,0.45,5.71,10.74
1985-05-14,17.63,7.25,12.06,1.57,0.45,6.85,5.94
1985-05-15,13.19,7.22,9.56,8.89,0.46,6.61,6.76
1985-05-16,13.36,5.53,9.06,3.3,0.47,4.98,10.15
1985-05-17,15.37,8.4,11.39,5.1,0.47,6.52,6.25
1985-05-18,12.63,6.16,9.49,3.79,0.48,6.79,7.75
1985-05-19,13.85,3.52,7.65,0.23,0.48,3.25,10.5
1985-05-20,13.68,2.54,6.79,0.01,0.48,3.15,11.7
1985-05-21,14.76,2.27,8.43,0.22,0.48,4.16,11.31
1985-05-22,17.41,2.41,9.79,0.45,0.48,6.11,9.79
1985-05-23,15.14,6.44,9.77,0.39,0.47,6.77,6.27
1985-05-24,15.9,5.8,9.49,0.01,0.47,6.15,6.96
1985-05-25,17.33,4.56,9.97,0.0,0.47,5.15,10.34
1985-05-26,19.46,7.17,11.57,0.0,0.47,6.05,11.26
1985-05-27,15.96,6.94,12.03,0.32,0.47,7.75,7.21
1985-05-28,13.53,8.93,12.11,20.14,0.49,10.14,3.21
1985-05-29,16.81,7.08,10.63,0.11,0.51,6.29,10.7
1985-05-30,15.51,5.1,9.4,4.41,0.51,6.95,6.86
1985-05-31,13.25,4.78,8.93,0.84,0.51,5.27,9.04
1985-06-01,14.37,3.35,7.81,0.02,0.51,2.67,9.33
1985-06-02,11.78,5.23,8.01,2.98,0.51,4.39,8.41
1985-06-03,9.89,3.05,7.07,3.04,0.51,5.8,6.82
1985-06-04,10.03,6.39,8.17,7.71,0.52,5.85,7.78
1985-06-05,14.34,5.11,9.01,0.96,0.53,6.72,9.19
1985-06-06,14.03,4.09,7.84,0.02,0.53,4.76,6.33
1985-06-07,14.02,2.74,7.48,0.03,0.52,4.49,9.77
1985-06-08,15.46,2.77,7.96,0.0,0.52,3.09,9.49
1985-06-09,9.98,5.68,7.89,1.86,0.52,5.04,5.31
1985-06-10,15.33,6.02,10.02,2.0,0.52,8.06,7.79
1985-06-11,15.28,5.83,10.42,8.99,0.53,8.68,6.75
1985-06-12,13.66,5.25,8.47,0.19,0.54,5.23,8.73
1985-06-13,13.84,6.68,10.15,1.63,0.54,8.3,7.41
1985-06-14,13.55,4.82,9.17,0.24,0.54,6.95,8.36
1985-06-15,13.76,7.73,10.04,2.99,0.54,8.62,5.72
1985-06-16,13.91,6.35,9.24,0.41,0.54,5.7,6.76
1985-06-17,13.33,5.54,9.19,0.04,0.54,5.55,7.09
1985-06-18,12.32,5.67,8.83,6.73,0.54,6.06,7.43
1985-06-19,12.94,8.51,9.92,5.43,0.55,8.21,6.77
1985-06-20,12.9,5.67,9.22,2.28,0.56,7.67,8.28
1985-06-21,12.52,5.33,7.54,0.23,0.56,5.88,9.89
1985-06-22,11.73,4.48,7.12,0.41,0.55,5.66,6.87
1985-06-23,13.49,3.06,8.0,3.8,0.55,5.61,9.09
1985-06-24,12.01,7.58,9.75,3.59,0.56,9.58,5.97
1985-06-25,14.48,5.15,8.73,0.8,0.57,5.66,8.77
1985-06-26,13.91,5.29,8.44,2.12,0.57,6.02,8.46
1985-06-27,15.42,6.06,10.27,1.14,0.57,9.54,7.46
1985-06-28,16.94,7.2,10.68,0.03,0.56,9.0,8.19
1985-06-29,17.2,5.87,10.02,0.05,0.56,8.01,8.83
1985-06-30,14.75,5.52,9.58,0.05,0.56,5.93,5.97
1985-07-01,18.68,5.0,10.88,0.0,0.56,5.19,9.66
1985-07-02,15.78,6.68,10.16,0.0,0.56,5.02,6.58
1985-07-03,15.99,4.86,9.38,0.5,0.55,6.37,9.06
1985-07-04,15.21,5.97,9.89,0.08,0.55,7.41,8.88
1985-07-05,14.49,5.05,9.24,0.0,0.55,6.48,8.97
1985-07-06,13.76,3.54,7.81,0.01,0.55,5.86,7.82
1985-07-07,12.88,4.2,7.78,0.17,0.55,6.48,7.81
1985-07-08,12.03,2.61,7.36,0.09,0.55,5.02,6.81
1985-07-09,12.88,2.96,6.67,0.04,0.55,4.26,7.88
1985-07-10,11.64,1.58,6.6,0.19,0.55,4.84,5.94
1985-07-11,13.38,4.94,8.37,0.56,0.55,6.62,7.66
1985-07-12,11.85,4.31,6.81,0.48,0.55,5.76,9.81
1985-07-13,13.63,4.72,8.31,0.12,0.55,6.12,9.13
1985-07-14,10.96,5.56,8.19,12.86,0.55,4.18,5.24
1985-07-15,13.18,5.31,8.54,7.39,0.57,6.73,9.59
1985-07-16,11.35,5.42,8.17,2.08,0.58,5.03,9.83
1985-07-17,12.01,6.06,8.75,0.52,0.58,6.22,9.12
1985-07-18,12.44,4.46,8.01,0.01,0.57,5.4,6.48
1985-07-19,12.49,2.26,6.69,0.0,0.57,3.87,8.17
1985-07-20,13.9,2.24,8.34,10.49,0.57,4.47,4.42
1985-07-21,12.16,6.26,9.4,1.7,0.59,7.69,9.46
1985-07-22,12.46,2.17,8.2,4.58,0.59,5.98,10.91
1985-07-23,12.06,-0.19,4.95,0.0,0.59,1.05,10.82
1985-07-24,11.83,-1.6,4.59,0.01,0.59,-1.58,10.79
1985-07-25,14.51,3.2,8.16,0.45,0.58,4.83,7.63
1985-07-26,13.26,3.89,8.12,0.29,0.58,4.73,10.47
1985-07-27,18.15,5.41,11.49,0.53,0.58,5.05,11.0
1985-07-28,15.86,8.93,11.73,2.88,0.58,7.03,6.69
1985-07-29,11.33,6.86,9.29,2.48,0.58,5.28,9.0
1985-07-30,10.73,4.74,7.32,1.48,0.58,3.86,10.69
1985-07-31,11.98,3.85,7.03,0.46,0.58,4.22,9.36
1985-08-01,12.46,3.09,7.55,0.03,0.58,2.76,8.72
1985-08-02,9.2,0.74,4.71,0.49,0.58,2.72,6.55
1985-08-03,12.98,3.32,7.26,0.04,0.58,3.41,8.63
1985-08-04,11.37,6.54,9.24,12.64,0.58,6.23,6.08
1985-08-05,14.64,7.51,11.18,4.62,0.6,9.65,10.23
1985-08-06,12.37,6.69,8.56,9.25,0.6,7.41,4.85
1985-08-07,12.72,7.59,9.73,1.03,0.61,7.95,10.87
1985-08-08,11.62,3.14,7.61,0.28,0.61,4.6,11.16
1985-08-09,11.61,2.7,6.87,1.11,0.61,3.66,10.89
1985-08-10,12.36,2.51,7.19,0.32,0.61,3.6,12.03
1985-08-11,14.17,5.28,8.87,0.75,0.6,6.01,11.29
1985-08-12,13.02,4.78,8.29,1.01,0.6,6.52,10.42
1985-08-13,16.66,6.04,10.25,0.02,0.6,6.45,12.51
1985-08-14,13.98,6.82,10.01,5.36,0.6,6.27,6.72
1985-08-15,12.25,6.32,9.01,5.71,0.61,7.77,9.48
1985-08-16,13.56,6.13,9.55,0.76,0.61,7.84,10.25
1985-08-17,15.09,6.67,10.15,0.23,0.61,7.12,12.41
1985-08-18,14.05,5.03,8.42,0.14,0.61,5.75,11.5
1985-08-19,13.98,4.38,8.75,0.13,0.6,5.93,13.93
1985-08-20,14.08,2.07,7.54,0.03,0.6,2.48,14.74
1985-08-21,14.01,3.82,8.08,8.42,0.6,5.36,8.01
1985-08-22,13.86,7.74,9.92,6.47,0.61,8.43,11.16
1985-08-23,14.63,8.16,10.61,2.59,0.62,8.44,12.66
1985-08-24,15.72,8.28,11.58,1.15,0.62,9.17,10.01
1985-08-25,17.51,7.97,11.41,6.92,0.62,7.79,8.8
1985-08-26,15.51,6.56,10.61,0.5,0.62,7.45,14.36
1985-08-27,19.69,6.15,12.23,0.02,0.62,7.33,17.08
1985-08-28,12.12,4.38,9.0,5.05,0.62,4.86,13.98
1985-08-29,15.28,4.74,9.52,2.33,0.62,7.8,14.64
1985-08-30,15.97,6.5,10.71,0.41,0.62,8.2,15.18
1985-08-31,17.11,5.39,11.17,3.7,0.61,5.56,15.72
1985-09-01,9.65,4.01,7.28,6.88,0.62,4.8,16.79
1985-09-02,13.25,3.12,8.04,1.13,0.62,5.76,16.66
1985-09-03,14.31,4.41,8.94,0.25,0.62,6.67,11.98
1985-09-04,14.68,2.67,8.29,0.0,0.62,5.7,13.29
1985-09-05,16.21,4.49,9.21,0.07,0.61,6.6,16.93
1985-09-06,17.56,5.22,9.89,0.14,0.61,7.13,18.76
1985-09-07,18.42,3.2,10.83,0.02,0.6,6.81,18.64
1985-09-08,19.5,4.69,11.39,0.14,0.6,4.36,18.89
1985-09-09,17.37,6.78,11.16,1.62,0.59,5.46,14.0
1985-09-10,18.54,8.43,12.44,0.19,0.59,9.66,17.16
1985-09-11,16.36,6.62,11.1,0.03,0.59,7.0,12.9
1985-09-12,14.69,4.83,10.09,1.74,0.59,8.17,8.9
1985-09-13,17.02,7.21,11.42,1.25,0.59,9.21,14.7
1985-09-14,18.05,6.52,11.12,0.0,0.58,7.0,19.04
1985-09-15,19.18,4.5,11.92,3.59,0.58,7.96,19.78
1985-09-16,16.17,4.37,10.43,2.85,0.59,7.09,19.03
1985-09-17,14.36,3.97,9.0,0.31,0.58,6.38,16.23
1985-09-18,14.16,3.83,9.58,1.03,0.58,5.73,16.8
1985-09-19,14.7,3.4,8.47,0.02,0.58,3.49,16.6
1985-09-20,14.83,2.37,8.3,0.01,0.57,4.55,15.24
1985-09-21,15.97,2.38,9.1,0.0,0.57,5.08,21.91
1985-09-22,19.23,3.73,11.44,0.02,0.56,5.24,17.96
1985-09-23,22.96,7.05,14.37,0.22,0.56,5.31,14.51
1985-09-24,21.37,7.71,14.35,0.12,0.55,8.33,22.88
1985-09-25,16.62,7.44,12.0,5.01,0.55,9.34,15.22
1985-09-26,12.08,5.37,8.43,0.94,0.55,3.14,18.1
1985-09-27,14.32,4.97,9.13,0.42,0.55,4.44,17.9
1985-09-28,15.06,3.43,9.02,0.08,0.54,4.77,13.67
1985-09-29,16.37,3.6,9.67,0.02,0.54,5.29,16.9
1985-09-30,20.46,4.02,11.9,0.02,0.54,4.79,24.06
1985-10-01,21.66,7.07,13.41,0.0,0.53,5.56,20.37
1985-10-02,18.99,4.9,12.34,0.0,0.52,5.06,23.6
1985-10-03,24.76,9.48,16.15,0.02,0.52,8.21,23.88
1985-10-04,28.25,11.02,17.49,0.52,0.51,10.67,7.88
1985-10-05,17.7,8.47,13.72,2.1,0.51,9.24,19.66
1985-10-06,19.19,6.77,12.54,0.44,0.51,7.44,22.75
1985-10-07,18.93,6.93,12.75,0.1,0.51,7.07,21.86
1985-10-08,22.85,6.69,14.63,0.01,0.5,9.7,23.14
1985-10-09,25.36,9.84,16.95,0.08,0.5,10.86,24.73
1985-10-10,27.81,12.08,19.62,0.32,0.49,11.18,19.44
1985-10-11,17.92,9.39,13.88,0.65,0.49,8.76,17.68
1985-10-12,18.81,6.71,12.27,0.0,0.49,4.41,21.38
1985-10-13,22.22,4.14,13.0,0.0,0.48,4.26,25.4
1985-10-14,24.95,6.97,16.25,0.03,0.48,6.32,21.91
1985-10-15,18.04,13.28,15.74,11.78,0.49,12.29,11.79
1985-10-16,20.11,11.93,15.45,5.38,0.5,12.9,13.16
1985-10-17,19.94,9.8,14.43,2.52,0.51,10.8,18.74
1985-10-18,16.64,5.03,11.09,0.73,0.5,6.26,17.96
1985-10-19,17.54,3.21,10.1,0.04,0.5,3.4,19.39
1985-10-20,19.04,4.26,11.29,0.01,0.49,2.92,26.98
1985-10-21,23.25,6.11,15.0,0.13,0.49,2.72,25.35
1985-10-22,19.24,6.92,11.52,12.72,0.5,6.14,9.26
1985-10-23,11.82,5.42,8.79,12.17,0.52,6.6,7.12
1985-10-24,18.32,7.0,11.81,0.44,0.53,5.34,13.97
1985-10-25,21.24,5.52,13.55,0.04,0.52,7.2,26.04
1985-10-26,23.12,7.38,15.21,0.0,0.51,7.51,27.42
1985-10-27,24.46,8.0,16.38,0.0,0.5,6.26,25.63
1985-10-28,26.29,9.71,18.79,0.02,0.5,7.36,26.91
1985-10-29,24.39,11.7,17.52,1.68,0.49,9.67,16.14
1985-10-30,17.05,8.13,12.8,0.52,0.49,4.64,24.84
1985-10-31,21.3,5.14,13.25,0.0,0.48,4.93,28.28
1985-11-01,25.35,7.33,15.73,0.01,0.48,6.05,29.93
1985-11-02,25.29,7.25,16.31,0.01,0.48,7.0,29.58
1985-11-03,28.88,7.77,18.77,0.06,0.47,6.12,30.16
1985-11-04,28.34,16.32,21.29,1.02,0.47,13.92,17.59
1985-11-05,23.44,14.8,18.9,6.16,0.47,14.79,18.29
1985-11-06,25.48,12.44,18.45,0.19,0.47,12.73,15.13
1985-11-07,24.46,10.11,17.15,0.14,0.47,10.84,16.87
1985-11-08,26.8,9.19,18.26,0.03,0.47,10.79,22.14
1985-11-09,31.5,11.12,21.77,0.02,0.46,9.68,27.85
1985-11-10,26.11,12.84,20.28,0.16,0.46,10.89,15.48
1985-11-11,26.93,10.31,18.11,0.0,0.45,8.6,26.22
1985-11-12,30.59,9.28,20.87,0.0,0.45,9.7,31.92
1985-11-13,34.39,16.54,25.88,0.6,0.45,12.27,25.04
1985-11-14,23.48,11.85,16.9,3.88,0.45,8.5,23.71
1985-11-15,21.08,9.12,14.59,0.73,0.45,5.82,19.99
1985-11-16,24.47,8.03,15.69,0.55,0.44,6.4,20.0
1985-11-17,19.83,8.49,13.62,0.24,0.44,3.73,26.93
1985-11-18,19.01,7.2,12.4,0.12,0.44,3.25,16.72
1985-11-19,23.1,5.53,14.09,0.02,0.44,4.15,21.83
1985-11-20,21.45,5.84,14.0,0.01,0.44,5.66,22.26
1985-11-21,21.38,8.44,14.33,0.01,0.43,4.4,26.11
1985-11-22,25.58,5.67,16.03,0.0,0.43,2.96,32.48
1985-11-23,30.14,8.73,20.21,0.0,0.43,3.43,32.41
1985-11-24,27.23,13.43,19.53,2.89,0.43,10.16,17.47
1985-11-25,20.72,11.7,16.01,4.13,0.43,11.07,18.09
1985-11-26,25.53,11.64,17.94,0.46,0.43,10.75,20.87
1985-11-27,26.96,12.25,18.85,0.08,0.43,9.24,25.6
1985-11-28,23.66,10.83,16.95,0.01,0.43,9.12,19.44
1985-11-29,26.12,9.52,17.56,0.01,0.42,7.51,23.74
1985-11-30,25.08,10.81,17.48,0.01,0.42,5.19,22.21
1985-12-01,28.92,12.63,20.24,2.36,0.42,10.0,13.81
1985-12-02,30.11,13.61,20.91,0.09,0.42,9.64,32.86
1985-12-03,26.37,11.13,18.44,0.05,0.42,10.25,17.84
1985-12-04,24.8,11.4,17.45,0.0,0.42,9.88,29.92
1985-12-05,29.91,10.37,20.19,0.0,0.41,8.74,30.69
1985-12-06,32.87,14.4,22.33,10.54,0.42,12.86,15.7
1985-12-07,27.21,12.21,19.12,3.25,0.43,8.22,27.73
1985-12-08,21.83,12.57,16.87,6.26,0.44,10.2,18.61
1985-12-09,22.06,10.92,16.46,4.26,0.44,11.59,21.73
1985-12-10,21.83,12.71,16.34,0.9,0.44,10.5,20.69
1985-12-11,23.77,11.7,16.43,0.52,0.44,9.88,17.71
1985-12-12,23.77,10.75,16.44,0.1,0.44,7.89,20.17
1985-12-13,23.61,9.59,16.73,0.06,0.43,8.54,20.46
1985-12-14,29.11,10.24,20.41,0.02,0.43,8.67,31.26
1985-12-15,33.51,14.15,21.74,1.43,0.43,9.36,17.5
1985-12-16,19.62,12.61,15.26,1.6,0.43,6.28,26.88
1985-12-17,23.37,13.18,17.23,2.34,0.43,10.93,19.15
1985-12-18,28.09,12.78,19.47,0.1,0.43,8.2,28.32
1985-12-19,28.53,14.51,19.94,0.03,0.42,8.54,32.3
1985-12-20,24.06,11.98,17.99,0.39,0.42,7.74,27.78
1985-12-21,21.85,12.35,16.6,2.84,0.42,9.26,26.29
1985-12-22,21.24,10.7,15.23,2.52,0.43,8.16,22.27
1985-12-23,23.63,10.09,15.87,0.5,0.42,6.36,25.71
1985-12-24,27.77,8.44,18.2,0.01,0.42,4.86,33.19
1985-12-25,26.36,12.22,19.21,0.16,0.42,6.79,13.88
1985-12-26,21.54,10.95,15.62,0.53,0.42,6.74,24.47
1985-12-27,22.46,10.97,16.12,0.1,0.42,6.47,25.1
1985-12-28,26.38,10.68,18.13,0.01,0.41,8.58,31.11
1985-12-29,33.51,10.55,22.76,0.01,0.41,5.87,27.6
1985-12-30,24.91,12.79,20.68,0.47,0.41,8.45,14.07
1985-12-31,22.93,10.42,15.86,0.02,0.41,6.5,23.66
1986-01-01,22.98,11.22,16.56,0.25,0.41,8.44,20.08
1986-01-02,24.76,11.37,17.59,0.07,0.41,8.35,22.02
1986-01-03,27.48,9.32,17.99,0.0,0.4,6.82,30.15
1986-01-04,24.63,9.65,16.77,0.22,0.4,8.68,21.71
1986-01-05,28.22,9.89,18.98,0.0,0.4,7.7,33.83
1986-01-06,32.03,10.83,21.84,0.0,0.4,6.23,33.85
1986-01-07,34.62,14.57,24.11,0.01,0.4,6.92,31.86
1986-01-08,22.91,13.63,17.66,0.03,0.39,6.57,32.13
1986-01-09,22.45,12.29,16.59,0.08,0.39,5.18,27.05
1986-01-10,26.95,12.0,18.29,0.02,0.39,8.35,26.36
1986-01-11,31.98,10.2,20.87,0.0,0.39,4.86,30.1
1986-01-12,24.34,12.67,18.59,0.04,0.39,8.28,31.74
1986-01-13,27.98,9.68,19.33,0.02,0.39,5.08,33.12
1986-01-14,36.94,13.21,24.32,0.43,0.39,4.86,30.94
1986-01-15,25.78,13.96,19.67,7.44,0.4,11.38,17.31
1986-01-16,22.4,10.77,16.28,0.15,0.4,6.46,27.15
1986-01-17,25.47,8.96,17.43,0.02,0.4,5.29,28.93
1986-01-18,29.05,9.37,19.54,0.0,0.39,6.21,32.0
1986-01-19,27.4,10.93,19.06,0.0,0.39,7.66,29.19
1986-01-20,29.12,10.46,19.68,0.0,0.39,5.6,32.65
1986-01-21,28.69,11.49,19.19,0.0,0.39,5.69,31.97
1986-01-22,26.32,10.83,17.83,0.0,0.39,6.06,30.87
1986-01-23,29.61,10.61,20.09,0.0,0.39,6.35,32.25
1986-01-24,33.23,12.25,23.01,0.0,0.38,6.36,31.97
1986-01-25,31.12,13.62,21.88,0.0,0.38,7.86,31.71
1986-01-26,29.91,11.55,20.17,0.0,0.38,4.74,31.57
1986-01-27,31.08,9.87,20.35,0.0,0.38,4.92,31.28
1986-01-28,35.9,11.44,24.62,0.0,0.38,2.88,31.96
1986-01-29,40.59,17.51,28.07,0.0,0.38,2.12,30.14
1986-01-30,30.35,15.28,21.92,0.0,0.38,8.64,26.67
1986-01-31,32.77,11.7,22.11,0.0,0.38,2.54,30.24
1986-02-01,31.39,14.78,21.31,0.01,0.38,5.58,16.49
1986-02-02,23.14,10.59,16.53,0.0,0.38,3.35,29.56
1986-02-03,26.43,8.79,17.24,0.0,0.38,3.1,31.12
1986-02-04,26.23,10.96,18.01,0.01,0.38,9.24,29.29
1986-02-05,24.93,12.05,17.76,0.02,0.38,9.62,22.77
1986-02-06,29.22,10.91,19.87,0.01,0.38,6.48,29.77
1986-02-07,38.61,13.79,27.03,0.0,0.38,3.98,28.21
1986-02-08,29.31,16.48,22.55,0.0,0.38,8.48,30.44
1986-02-09,23.87,14.94,18.52,0.01,0.38,6.46,28.06
1986-02-10,25.4,13.93,18.81,0.03,0.38,7.89,23.61
1986-02-11,28.37,11.99,20.1,0.0,0.38,7.67,26.36
1986-02-12,33.48,12.29,23.33,0.0,0.38,2.01,29.58
1986-02-13,36.32,18.92,27.43,0.0,0.38,1.76,24.66
1986-02-14,37.44,16.26,26.79,0.01,0.38,8.41,28.17
1986-02-15,31.91,16.66,23.91,0.13,0.38,9.78,29.6
1986-02-16,34.12,14.8,23.94,0.03,0.38,5.65,28.65
1986-02-17,26.45,14.79,20.48,0.23,0.38,6.11,15.44
1986-02-18,20.54,13.95,16.84,0.34,0.38,7.65,23.08
1986-02-19,24.5,15.28,18.5,0.78,0.38,9.08,15.39
1986-02-20,25.78,13.02,18.38,0.1,0.38,9.11,22.95
1986-02-21,26.36,10.7,17.5,0.04,0.38,7.21,25.92
1986-02-22,26.47,8.87,17.27,0.0,0.38,4.65,26.34
1986-02-23,25.82,9.22,16.77,0.0,0.38,2.44,27.37
1986-02-24,29.17,8.38,19.28,0.0,0.38,0.34,27.43
1986-02-25,35.1,14.53,24.4,0.0,0.38,2.16,27.62
1986-02-26,33.65,14.73,23.36,0.0,0.38,7.56,27.22
1986-02-27,36.48,14.46,24.84,0.0,0.38,6.49,26.9
1986-02-28,31.39,16.17,23.58,0.0,0.38,8.28,20.48
1986-03-01,27.05,13.95,19.11,0.01,0.38,7.61,23.25
1986-03-02,28.83,10.17,19.4,0.0,0.38,6.16,26.51
1986-03-03,31.44,12.01,21.81,0.0,0.38,5.08,25.43
1986-03-04,33.84,13.89,23.84,0.0,0.38,4.36,25.26
1986-03-05,37.89,17.38,27.47,0.0,0.37,5.13,25.39
1986-03-06,42.54,22.1,32.03,0.0,0.37,4.64,25.5
1986-03-07,24.9,12.12,18.37,0.08,0.37,9.01,12.47
1986-03-08,23.46,11.78,16.57,0.03,0.37,6.58,21.9
1986-03-09,20.49,12.01,15.93,0.99,0.38,6.95,19.59
1986-03-10,23.73,12.23,16.61,0.35,0.38,4.91,20.23
1986-03-11,24.8,11.44,17.32,0.01,0.38,2.84,22.6
1986-03-12,27.14,10.87,19.24,0.05,0.38,2.52,19.2
1986-03-13,35.65,14.57,25.56,0.0,0.38,2.65,23.95
1986-03-14,29.13,15.11,21.87,0.02,0.38,7.95,18.67
1986-03-15,23.65,13.04,17.69,0.01,0.38,10.9,16.54
1986-03-16,26.99,12.04,18.71,0.0,0.38,7.0,22.22
1986-03-17,30.8,10.73,20.48,0.0,0.38,3.75,22.53
1986-03-18,33.31,13.14,21.67,0.31,0.38,3.25,17.44
1986-03-19,35.41,16.17,25.8,0.0,0.38,6.63,22.1
1986-03-20,39.05,16.79,26.14,0.01,0.38,5.34,14.49
1986-03-21,30.41,15.05,22.3,0.0,0.38,10.1,16.71
1986-03-22,24.01,13.61,19.85,0.0,0.38,11.29,15.45
1986-03-23,27.88,11.2,18.7,0.0,0.38,7.91,21.96
1986-03-24,26.99,11.82,18.48,0.0,0.37,7.31,21.96
1986-03-25,29.15,9.54,18.69,0.0,0.37,6.51,21.56
1986-03-26,25.55,12.44,18.54,0.01,0.37,11.06,16.1
1986-03-27,25.32,12.13,18.56,0.15,0.37,10.08,13.32
1986-03-28,29.48,9.52,19.07,0.0,0.37,2.48,20.49
1986-03-29,37.61,15.22,25.37,0.04,0.37,2.76,20.78
1986-03-30,23.62,11.98,18.56,0.01,0.37,9.23,13.14
1986-03-31,24.92,8.79,16.15,0.0,0.37,3.27,15.91
1986-04-01,27.61,7.92,18.41,0.0,0.37,1.85,20.28
1986-04-02,33.71,13.2,22.8,0.0,0.37,2.31,15.47
1986-04-03,35.6,14.89,24.06,0.0,0.37,8.77,19.47
1986-04-04,26.36,13.77,19.81,0.32,0.37,10.04,12.01
1986-04-05,20.34,8.7,14.67,0.2,0.37,5.06,11.97
1986-04-06,22.11,7.36,13.6,0.0,0.37,4.17,12.6
1986-04-07,21.68,8.32,13.72,0.01,0.37,5.56,14.56
1986-04-08,21.0,7.95,14.06,0.0,0.37,7.65,11.41
1986-04-09,24.53,8.41,16.16,0.0,0.37,7.25,18.56
1986-04-10,29.9,12.21,19.45,0.12,0.37,4.72,17.08
1986-04-11,21.08,9.46,14.94,0.0,0.37,4.09,17.76
1986-04-12,23.22,7.57,14.78,0.01,0.37,6.45,15.78
1986-04-13,26.59,9.09,16.91,0.0,0.37,5.65,17.71
1986-04-14,30.23,13.1,21.61,0.0,0.37,5.26,16.05
1986-04-15,20.59,11.2,17.26,12.73,0.38,10.66,7.8
1986-04-16,16.44,9.16,12.34,16.09,0.42,8.71,11.21
1986-04-17,19.78,10.52,14.22,2.98,0.43,10.08,14.69
1986-04-18,19.39,7.86,12.8,0.04,0.43,6.43,11.73
1986-04-19,20.24,7.44,13.15,0.06,0.43,7.62,11.32
1986-04-20,19.17,11.08,14.75,2.82,0.43,9.1,11.41
1986-04-21,19.26,10.78,14.21,1.1,0.43,9.25,10.32
1986-04-22,20.35,10.65,14.72,5.19,0.43,11.04,11.5
1986-04-23,18.53,10.65,14.81,4.48,0.44,9.03,11.71
1986-04-24,16.87,11.37,14.45,6.17,0.45,8.2,14.19
1986-04-25,16.3,9.62,13.24,5.96,0.46,7.57,10.67
1986-04-26,16.46,9.15,12.53,0.84,0.46,6.03,11.16
1986-04-27,15.4,6.9,11.82,1.83,0.46,6.23,13.16
1986-04-28,15.07,5.67,9.85,0.73,0.46,5.17,12.95
1986-04-29,17.62,6.63,11.1,0.05,0.46,5.22,13.08
1986-04-30,18.18,6.58,11.68,0.08,0.46,8.01,9.34
1986-05-01,18.35,8.15,12.29,0.01,0.45,7.53,8.69
1986-05-02,18.3,7.16,11.51,0.01,0.45,4.79,10.68
1986-05-03,21.71,6.19,12.63,0.0,0.45,6.25,14.3
1986-05-04,19.38,7.69,12.08,0.0,0.45,6.71,14.08
1986-05-05,18.72,6.43,11.03,0.1,0.45,6.59,8.1
1986-05-06,19.75,7.29,13.05,0.58,0.45,7.31,13.68
1986-05-07,21.86,7.37,13.83,1.67,0.45,7.46,6.78
1986-05-08,21.5,7.9,14.52,2.92,0.45,10.44,11.92
1986-05-09,15.98,8.94,12.52,1.55,0.46,11.48,7.97
1986-05-10,17.57,5.46,11.03,0.01,0.46,5.98,12.0
1986-05-11,18.81,9.64,13.07,0.53,0.46,8.25,11.55
1986-05-12,20.07,9.55,13.81,0.21,0.45,8.43,10.86
1986-05-13,22.78,10.03,14.94,0.1,0.45,6.6,12.37
1986-05-14,15.53,7.99,11.25,0.96,0.45,8.48,7.32
1986-05-15,15.25,9.86,11.86,9.83,0.46,9.95,6.02
1986-05-16,20.24,10.55,14.24,2.94,0.47,10.75,6.45
1986-05-17,14.94,10.33,12.3,2.98,0.48,9.25,9.42
1986-05-18,15.28,10.87,12.8,9.73,0.49,10.39,8.25
1986-05-19,15.22,9.71,12.12,3.24,0.5,9.16,10.07
1986-05-20,15.46,9.37,11.65,0.8,0.5,8.65,9.26
1986-05-21,16.3,8.37,11.68,0.31,0.49,8.36,6.48
1986-05-22,19.33,6.39,11.95,0.05,0.49,7.36,11.08
1986-05-23,17.04,6.32,11.4,11.45,0.5,9.23,5.74
1986-05-24,15.42,6.21,10.12,0.34,0.51,8.2,10.55
1986-05-25,16.72,5.56,10.6,0.41,0.51,8.16,8.25
1986-05-26,17.19,6.32,11.08,0.0,0.51,5.45,11.01
1986-05-27,17.58,7.14,10.82,0.2,0.5,6.93,9.1
1986-05-28,14.52,5.47,9.6,0.28,0.5,8.4,9.22
1986-05-29,15.0,5.33,9.7,0.18,0.5,8.72,7.56
1986-05-30,15.5,4.97,9.22,0.12,0.5,7.26,6.14
1986-05-31,14.9,4.0,8.22,0.02,0.5,6.48,5.51
1986-06-01,14.89,3.95,7.82,0.02,0.5,5.63,5.42
1986-06-02,15.73,4.29,8.99,0.03,0.5,7.04,10.54
1986-06-03,15.89,8.07,11.13,0.45,0.5,9.06,7.87
1986-06-04,16.02,7.03,10.94,0.7,0.5,9.45,6.62
1986-06-05,14.34,7.17,10.14,0.31,0.5,8.75,6.35
1986-06-06,16.53,6.66,10.2,0.02,0.5,6.49,9.23
1986-06-07,17.8,6.73,11.25,0.26,0.5,5.58,10.32
1986-06-08,14.22,8.45,11.26,1.16,0.5,7.54,7.45
1986-06-09,14.11,9.32,11.16,1.53,0.5,9.09,6.68
1986-06-10,13.82,7.89,9.94,0.62,0.5,7.9,7.53
1986-06-11,11.29,7.69,9.35,1.3,0.5,8.64,5.77
1986-06-12,14.65,7.48,10.55,0.56,0.5,8.56,6.79
1986-06-13,15.54,5.15,9.07,0.03,0.5,6.88,6.96
1986-06-14,14.97,5.05,8.93,0.0,0.5,5.79,8.08
1986-06-15,16.03,4.55,9.99,0.14,0.5,6.63,9.14
1986-06-16,17.32,7.37,10.7,1.62,0.5,6.56,8.88
1986-06-17,10.91,6.59,8.78,8.07,0.5,7.68,5.56
1986-06-18,11.91,5.97,9.1,2.78,0.51,6.2,8.81
1986-06-19,12.18,6.13,9.33,1.95,0.52,6.09,7.92
1986-06-20,11.85,2.7,6.58,0.36,0.52,3.08,7.99
1986-06-21,11.2,3.96,7.64,2.02,0.52,5.92,7.2
1986-06-22,11.26,3.95,7.08,1.55,0.52,3.88,8.23
1986-06-23,11.53,3.25,6.55,2.1,0.52,5.29,8.43
1986-06-24,10.71,5.23,7.29,1.68,0.52,6.23,7.74
1986-06-25,14.12,4.17,8.88,8.61,0.52,6.41,7.49
1986-06-26,13.54,4.72,8.46,1.13,0.54,7.1,8.29
1986-06-27,8.19,3.6,6.22,1.3,0.54,5.75,4.23
1986-06-28,12.48,4.14,6.96,0.67,0.54,4.41,9.01
1986-06-29,13.44,5.12,8.71,0.48,0.54,5.12,8.28
1986-06-30,14.14,3.77,8.22,0.9,0.53,3.88,9.89
1986-07-01,9.8,5.12,7.82,15.43,0.55,6.86,4.84
1986-07-02,12.4,7.02,9.29,4.98,0.57,8.75,5.32
1986-07-03,13.17,9.37,10.72,12.77,0.57,9.43,4.64
1986-07-04,12.96,7.78,10.12,5.92,0.59,8.08,8.53
1986-07-05,11.46,5.15,8.29,4.89,0.6,6.27,9.17
1986-07-06,13.85,6.48,9.42,2.67,0.6,7.45,7.9
1986-07-07,10.48,5.78,7.97,8.81,0.61,6.49,6.32
1986-07-08,6.48,3.8,4.83,8.12,0.62,3.52,5.55
1986-07-09,10.18,4.83,7.41,1.67,0.62,5.23,8.63
1986-07-10,11.57,4.78,7.56,0.77,0.62,5.77,7.65
1986-07-11,12.1,4.58,7.13,0.15,0.62,5.39,7.81
1986-07-12,13.28,2.45,7.24,0.04,0.62,5.15,8.55
1986-07-13,13.63,1.48,6.4,0.04,0.62,2.74,10.66
1986-07-14,12.93,1.66,6.11,0.0,0.61,1.39,10.76
1986-07-15,14.47,1.04,6.5,0.2,0.61,1.24,10.77
1986-07-16,12.23,5.13,7.66,3.87,0.61,5.11,7.49
1986-07-17,12.25,5.1,8.43,3.75,0.62,7.36,5.71
1986-07-18,12.39,5.65,8.99,0.44,0.62,8.02,8.17
1986-07-19,13.96,5.97,9.66,0.76,0.62,8.28,8.82
1986-07-20,14.6,5.34,8.61,0.23,0.62,6.94,10.15
1986-07-21,12.44,5.15,8.0,0.33,0.62,6.61,7.87
1986-07-22,13.16,5.04,8.36,10.45,0.61,5.94,5.12
1986-07-23,15.94,7.9,10.76,3.58,0.63,9.01,9.02
1986-07-24,13.7,5.71,9.44,4.51,0.64,7.86,8.56
1986-07-25,9.71,0.94,4.79,0.15,0.64,0.69,10.53
1986-07-26,10.18,-0.03,5.61,0.03,0.63,1.29,10.3
1986-07-27,10.49,2.91,6.38,0.6,0.63,3.02,9.38
1986-07-28,13.23,3.91,8.23,1.18,0.63,6.64,10.14
1986-07-29,12.85,7.39,9.33,1.31,0.63,7.8,10.21
1986-07-30,13.34,6.93,9.36,0.35,0.63,7.21,9.65
1986-07-31,14.12,2.97,8.62,0.05,0.63,5.93,9.88
1986-08-01,14.33,1.37,7.0,0.03,0.63,2.09,12.48
1986-08-02,14.14,4.91,8.53,8.37,0.63,5.77,10.33
1986-08-03,11.68,5.05,8.17,1.93,0.64,6.47,9.8
1986-08-04,13.74,4.36,8.46,0.01,0.64,6.55,11.26
1986-08-05,13.55,5.51,9.11,0.06,0.63,6.56,8.89
1986-08-06,14.03,5.77,9.19,0.02,0.63,6.72,11.96
1986-08-07,14.4,5.0,8.86,0.0,0.63,6.45,13.56
1986-08-08,14.42,5.07,9.18,0.04,0.63,6.17,12.38
1986-08-09,14.81,4.94,8.91,0.0,0.62,3.88,13.61
1986-08-10,14.11,2.02,7.62,0.34,0.62,3.07,11.15
1986-08-11,12.76,4.72,8.01,1.16,0.62,5.75,10.71
1986-08-12,13.48,5.17,8.37,2.96,0.62,7.11,9.02
1986-08-13,16.46,4.07,9.53,0.18,0.62,6.12,13.2
1986-08-14,11.13,6.45,8.77,25.86,0.64,7.43,3.67
1986-08-15,10.04,5.07,7.89,11.48,0.67,7.05,5.84
1986-08-16,12.7,7.0,9.09,2.72,0.68,7.52,9.04
1986-08-17,10.89,4.71,7.39,1.78,0.68,5.79,10.99
1986-08-18,12.41,2.67,7.46,0.92,0.68,4.36,10.18
1986-08-19,15.83,5.0,8.96,0.12,0.67,6.35,13.56
1986-08-20,15.68,5.26,10.58,0.34,0.67,8.56,13.56
1986-08-21,16.37,5.42,10.67,0.79,0.67,7.66,12.49
1986-08-22,19.4,7.38,12.46,1.35,0.66,6.76,11.66
1986-08-23,14.56,7.46,10.36,5.51,0.66,7.75,8.75
1986-08-24,13.71,6.82,9.64,3.39,0.67,7.15,14.01
1986-08-25,12.67,7.07,9.32,0.72,0.67,7.38,13.27
1986-08-26,14.42,7.09,9.77,0.82,0.67,7.64,11.83
1986-08-27,15.49,6.63,10.17,1.06,0.66,8.07,10.81
1986-08-28,18.24,5.34,11.62,2.72,0.66,5.52,16.92
1986-08-29,13.61,5.76,9.58,3.15,0.66,5.37,13.65
1986-08-30,10.88,4.52,7.51,2.83,0.66,4.19,14.67
1986-08-31,13.7,7.45,10.74,1.32,0.66,8.22,14.67
1986-09-01,15.06,9.64,12.0,1.16,0.66,10.58,12.28
1986-09-02,15.65,7.31,10.86,0.16,0.66,8.65,11.96
1986-09-03,17.05,7.16,11.48,0.16,0.65,9.49,16.15
1986-09-04,18.84,8.52,13.05,0.03,0.65,8.57,16.73
1986-09-05,14.18,8.88,10.81,4.37,0.65,7.75,12.5
1986-09-06,13.0,5.59,9.21,0.86,0.65,4.82,14.43
1986-09-07,13.42,4.81,8.61,0.1,0.64,4.58,11.55
1986-09-08,14.37,4.14,9.22,0.65,0.64,7.73,12.76
1986-09-09,16.06,5.8,11.24,0.04,0.64,7.53,16.2
1986-09-10,16.75,6.03,10.69,0.01,0.64,6.99,17.14
1986-09-11,15.72,5.12,9.83,0.39,0.63,6.95,13.44
1986-09-12,12.51,8.6,10.41,19.41,0.65,9.51,5.26
1986-09-13,16.17,7.66,11.21,1.42,0.66,9.11,12.52
1986-09-14,14.62,6.35,9.86,1.1,0.66,7.21,16.57
1986-09-15,17.33,3.14,10.79,2.21,0.65,6.29,19.37
1986-09-16,14.68,8.41,10.36,16.1,0.67,8.55,7.3
1986-09-17,14.61,7.63,10.03,3.52,0.68,7.02,12.42
1986-09-18,14.71,4.92,9.71,0.72,0.67,6.79,15.08
1986-09-19,16.4,4.94,10.01,0.1,0.67,6.3,19.57
1986-09-20,15.55,4.68,10.18,1.12,0.66,7.42,13.53
1986-09-21,13.69,6.83,10.48,1.74,0.66,7.19,15.86
1986-09-22,16.49,6.89,10.61,0.26,0.66,6.82,15.12
1986-09-23,19.51,4.03,12.6,0.09,0.65,7.89,22.07
1986-09-24,17.09,9.14,13.08,1.05,0.65,9.94,14.48
1986-09-25,17.23,9.01,12.4,0.32,0.64,8.45,15.08
1986-09-26,16.92,6.94,11.91,0.91,0.64,9.25,14.44
1986-09-27,15.17,4.97,9.83,0.22,0.63,5.88,17.75
1986-09-28,16.43,2.97,9.38,0.0,0.63,5.12,22.56
1986-09-29,18.81,3.68,11.03,0.06,0.62,7.41,23.22
1986-09-30,22.29,6.76,15.02,0.27,0.61,10.62,22.95
1986-10-01,24.09,12.02,16.39,0.82,0.61,13.44,17.53
1986-10-02,15.01,7.82,12.02,1.3,0.61,9.64,9.66
1986-10-03,14.89,5.11,9.97,0.97,0.61,6.44,19.15
1986-10-04,14.61,6.64,10.71,2.89,0.61,8.2,16.8
1986-10-05,19.29,6.51,12.64,2.21,0.6,7.87,14.26
1986-10-06,18.27,8.82,13.31,0.81,0.6,10.44,12.99
1986-10-07,15.9,5.33,10.41,0.04,0.6,4.46,19.98
1986-10-08,15.74,2.05,9.13,0.0,0.59,3.76,22.72
1986-10-09,13.39,4.56,8.64,0.07,0.59,5.97,16.95
1986-10-10,16.05,4.26,10.09,0.18,0.58,5.99,20.65
1986-10-11,15.75,5.94,10.32,0.87,0.58,6.88,20.96
1986-10-12,22.53,3.49,14.17,0.0,0.58,8.14,25.02
1986-10-13,25.28,10.04,17.24,3.69,0.57,10.04,17.23
1986-10-14,13.77,6.39,10.39,0.83,0.57,5.37,22.27
1986-10-15,16.81,6.97,11.47,1.12,0.56,7.59,20.76
1986-10-16,17.9,7.38,12.27,0.96,0.56,8.42,21.93
1986-10-17,24.88,7.06,16.39,2.15,0.55,6.71,27.13
1986-10-18,16.39,7.62,12.48,6.37,0.55,8.01,17.14
1986-10-19,11.51,6.94,8.88,4.96,0.56,4.3,20.99
1986-10-20,16.01,5.86,10.28,0.62,0.56,4.87,22.33
1986-10-21,21.75,5.6,12.73,9.22,0.55,6.4,20.38
1986-10-22,10.51,6.33,8.75,14.3,0.58,5.85,13.84
1986-10-23,14.04,5.35,9.66,4.4,0.59,5.56,20.96
1986-10-24,12.25,6.54,9.19,11.06,0.6,6.36,18.11
1986-10-25,14.56,6.96,10.21,1.0,0.6,6.28,18.3
1986-10-26,16.75,6.37,11.21,0.45,0.59,7.28,19.62
1986-10-27,17.89,4.07,11.18,0.07,0.58,7.03,19.43
1986-10-28,21.79,5.27,14.14,0.04,0.58,7.52,28.89
1986-10-29,20.93,8.79,14.62,1.46,0.57,8.33,17.33
1986-10-30,23.63,7.64,15.95,0.03,0.56,9.47,24.67
1986-10-31,14.58,9.55,11.79,0.38,0.55,6.0,23.5
1986-11-01,18.35,8.55,12.91,0.4,0.55,7.65,17.89
1986-11-02,22.5,6.83,14.61,0.01,0.54,8.91,25.98
1986-11-03,30.54,9.43,20.35,0.04,0.54,10.02,30.28
1986-11-04,31.97,15.08,21.59,0.02,0.52,10.33,23.7
1986-11-05,29.1,11.67,18.25,2.78,0.52,13.41,13.53
1986-11-06,18.91,7.5,13.34,0.14,0.52,7.08,27.55
1986-11-07,18.99,6.43,12.12,0.0,0.51,5.19,21.26
1986-11-08,20.8,6.58,13.4,0.0,0.51,7.94,17.97
1986-11-09,24.72,6.85,15.7,0.0,0.51,8.23,31.21
1986-11-10,25.9,10.49,17.64,0.17,0.5,9.53,21.38
1986-11-11,22.48,8.74,15.59,0.17,0.5,8.41,23.6
1986-11-12,21.15,5.8,13.46,0.03,0.49,4.73,31.06
1986-11-13,23.66,5.69,15.07,0.04,0.49,6.17,30.28
1986-11-14,29.65,9.27,19.32,0.29,0.48,6.57,27.04
1986-11-15,24.83,10.16,16.88,0.38,0.48,9.43,28.71
1986-11-16,24.12,10.52,16.06,0.54,0.48,11.09,17.1
1986-11-17,22.33,8.43,15.13,6.04,0.47,7.88,26.69
1986-11-18,16.05,7.43,11.14,1.57,0.48,3.54,28.66
1986-11-19,17.37,7.45,12.44,0.24,0.48,6.21,17.8
1986-11-20,21.5,6.2,13.66,0.0,0.48,4.04,28.29
1986-11-21,26.05,4.6,15.3,0.11,0.47,4.25,32.71
1986-11-22,26.44,9.48,17.29,0.05,0.47,6.7,31.25
1986-11-23,22.61,9.09,15.41,0.2,0.46,7.22,27.67
1986-11-24,28.19,6.55,17.85,0.0,0.46,6.35,32.77
1986-11-25,35.81,12.34,23.51,0.0,0.46,8.37,28.37
1986-11-26,20.48,8.08,15.11,0.0,0.45,4.55,30.07
1986-11-27,21.7,7.13,13.64,0.0,0.45,1.71,29.48
1986-11-28,24.51,5.18,14.64,0.0,0.45,2.55,32.03
1986-11-29,26.07,7.45,16.63,0.0,0.44,4.36,31.69
1986-11-30,30.38,8.82,20.53,0.0,0.44,4.7,32.56
1986-12-01,31.47,14.47,23.41,0.17,0.43,9.47,32.59
1986-12-02,28.34,17.62,22.14,5.94,0.44,13.85,16.82
1986-12-03,29.36,14.06,21.02,0.27,0.44,8.34,33.13
1986-12-04,26.08,11.48,18.22,0.14,0.44,8.81,24.14
1986-12-05,31.53,13.07,23.16,1.3,0.43,12.45,26.91
1986-12-06,29.18,16.92,22.04,25.06,0.45,16.61,14.29
1986-12-07,16.62,9.18,13.49,20.24,0.5,9.2,15.86
1986-12-08,19.98,8.93,13.93,0.1,0.51,5.98,23.94
1986-12-09,24.61,7.51,16.49,0.32,0.5,6.88,33.79
1986-12-10,18.39,10.37,14.87,0.82,0.49,5.65,23.97
1986-12-11,17.9,10.27,13.47,7.6,0.5,8.25,24.42
1986-12-12,17.13,10.28,13.43,1.33,0.5,8.5,23.89
1986-12-13,21.46,8.18,14.67,0.16,0.5,8.17,21.49
1986-12-14,21.23,6.87,13.93,0.18,0.49,5.13,24.94
1986-12-15,25.5,6.77,16.78,0.13,0.48,4.77,25.09
1986-12-16,20.56,10.06,13.94,5.07,0.49,7.9,17.5
1986-12-17,19.27,8.05,13.23,0.26,0.49,5.36,21.46
1986-12-18,22.27,7.97,14.39,0.04,0.48,6.66,23.54
1986-12-19,20.74,7.79,14.25,0.15,0.48,7.97,18.4
1986-12-20,22.26,9.82,14.78,0.01,0.47,5.06,25.04
1986-12-21,20.39,8.83,13.82,0.08,0.47,6.81,20.12
1986-12-22,21.59,7.5,14.37,0.0,0.47,4.99,24.43
1986-12-23,26.11,7.27,16.54,0.0,0.46,5.16,33.79
1986-12-24,28.97,8.36,19.7,0.01,0.46,6.04,31.92
1986-12-25,30.85,13.83,21.97,0.02,0.46,11.75,14.26
1986-12-26,24.32,11.36,17.39,0.02,0.45,9.36,19.25
1986-12-27,25.21,10.76,17.43,0.04,0.45,8.06,25.74
1986-12-28,27.08,9.8,18.23,0.05,0.45,7.15,32.38
1986-12-29,31.41,9.15,21.03,0.07,0.44,5.87,33.48
1986-12-30,39.05,17.39,27.92,0.02,0.44,8.66,17.33
1986-12-31,26.29,11.09,20.43,0.73,0.44,9.53,25.44
1987-01-01,28.64,8.96,18.41,0.0,0.43,5.02,33.82
1987-01-02,25.42,9.98,16.52,2.53,0.43,6.89,18.05
1987-01-03,23.25,11.15,16.86,0.25,0.43,8.68,18.16
1987-01-04,25.18,11.89,17.87,0.13,0.43,11.69,19.05
1987-01-05,27.04,12.79,19.31,0.27,0.43,12.03,21.43
1987-01-06,33.24,12.14,22.72,0.0,0.43,9.22,30.94
1987-01-07,26.14,10.06,18.49,0.04,0.42,7.54,31.37
1987-01-08,22.08,8.26,14.62,0.0,0.42,2.81,32.53
1987-01-09,25.55,6.88,15.81,0.0,0.42,2.64,33.58
1987-01-10,32.88,7.71,21.23,0.0,0.42,2.82,32.51
1987-01-11,24.38,11.66,19.16,0.01,0.41,6.49,28.76
1987-01-12,24.18,10.29,17.0,0.02,0.41,7.78,28.3
1987-01-13,24.91,10.58,17.99,0.07,0.41,9.47,26.37
1987-01-14,23.91,10.78,17.11,0.55,0.41,8.76,24.78
1987-01-15,27.46,8.95,18.25,0.0,0.41,5.44,32.53
1987-01-16,30.84,14.56,20.44,0.0,0.41,6.5,31.19
1987-01-17,26.89,11.84,18.75,0.0,0.4,6.8,28.8
1987-01-18,24.52,9.59,16.94,0.0,0.4,8.37,29.63
1987-01-19,26.12,9.76,17.95,0.0,0.4,5.39,31.64
1987-01-20,27.49,11.05,19.04,0.02,0.4,8.07,24.73
1987-01-21,23.83,11.24,16.55,0.12,0.4,6.29,27.2
1987-01-22,22.83,9.27,15.75,0.0,0.4,4.06,30.18
1987-01-23,26.77,10.44,18.09,0.0,0.4,2.5,20.76
1987-01-24,29.46,13.97,22.96,1.31,0.39,9.28,27.43
1987-01-25,32.41,16.5,22.89,4.42,0.4,10.19,29.69
1987-01-26,27.63,13.29,19.85,0.12,0.4,8.43,28.99
1987-01-27,21.2,12.71,15.85,0.03,0.4,5.5,18.92
1987-01-28,23.99,11.13,16.81,0.02,0.4,5.22,23.76
1987-01-29,24.75,10.04,16.92,0.0,0.39,7.73,23.71
1987-01-30,31.45,11.28,21.8,0.0,0.39,6.02,29.44
1987-01-31,38.58,16.12,25.85,0.0,0.39,6.2,28.94
1987-02-01,33.44,12.5,22.56,0.0,0.39,6.48,30.79
1987-02-02,36.69,13.52,22.39,0.0,0.39,7.97,28.26
1987-02-03,20.95,12.23,16.15,0.0,0.39,5.93,23.87
1987-02-04,27.26,9.29,18.31,0.0,0.38,4.2,29.84
1987-02-05,32.65,10.75,22.0,0.0,0.38,4.4,29.88
1987-02-06,37.36,13.72,26.42,0.0,0.38,4.54,29.67
1987-02-07,36.67,19.09,27.03,0.0,0.38,7.11,27.85
1987-02-08,30.8,14.49,21.83,0.02,0.38,5.75,25.3
1987-02-09,34.96,10.29,22.5,0.0,0.38,5.86,29.19
1987-02-10,22.9,12.69,17.53,0.0,0.38,7.11,27.62
1987-02-11,24.68,11.58,17.58,0.0,0.38,5.5,25.42
1987-02-12,31.15,11.1,20.86,0.0,0.38,7.65,27.75
1987-02-13,37.18,16.28,26.85,0.0,0.38,4.05,29.52
1987-02-14,37.41,19.16,26.87,0.0,0.38,3.16,17.64
1987-02-15,30.6,15.03,21.77,0.0,0.38,8.17,27.73
1987-02-16,33.75,13.66,24.07,0.08,0.38,10.39,27.48
1987-02-17,35.85,16.37,26.25,0.0,0.38,9.59,27.36
1987-02-18,37.36,18.34,28.1,0.0,0.38,6.16,27.73
1987-02-19,36.44,18.81,27.91,7.71,0.38,13.1,24.17
1987-02-20,25.96,11.72,19.14,1.72,0.39,8.57,13.07
1987-02-21,20.08,11.22,15.09,0.39,0.39,7.13,13.57
1987-02-22,23.34,9.23,15.52,0.01,0.39,4.33,25.27
1987-02-23,28.85,8.74,19.11,0.0,0.39,4.57,27.31
1987-02-24,21.98,10.0,16.82,0.06,0.39,5.83,22.16
1987-02-25,24.54,8.18,16.16,0.0,0.39,3.5,25.2
1987-02-26,30.42,10.46,20.78,0.0,0.39,3.2,25.93
1987-02-27,34.23,15.96,23.3,3.37,0.38,3.7,19.7
1987-02-28,17.97,10.65,14.95,6.86,0.4,8.63,16.78
1987-03-01,24.37,8.58,15.61,0.53,0.4,5.05,25.15
1987-03-02,26.05,9.05,16.83,0.03,0.4,6.59,25.26
1987-03-03,28.11,10.28,18.84,0.0,0.4,8.06,26.48
1987-03-04,30.69,12.04,20.9,0.0,0.4,8.9,26.16
1987-03-05,31.21,14.07,21.58,0.0,0.39,8.86,25.26
1987-03-06,19.06,9.27,14.54,0.11,0.39,6.88,23.34
1987-03-07,18.21,9.08,14.73,0.5,0.39,7.37,12.92
1987-03-08,18.8,8.39,13.68,0.04,0.39,3.41,18.78
1987-03-09,22.94,6.84,14.6,0.0,0.39,4.27,20.99
1987-03-10,25.17,7.35,16.01,0.0,0.39,3.41,25.12
1987-03-11,26.68,8.56,16.68,0.0,0.39,4.11,22.58
1987-03-12,24.09,8.68,15.49,0.0,0.39,8.48,22.56
1987-03-13,23.02,9.7,14.94,0.0,0.39,3.48,16.6
1987-03-14,24.65,6.48,15.75,0.0,0.39,2.39,20.2
1987-03-15,32.65,11.75,22.41,0.01,0.38,5.44,23.34
1987-03-16,36.2,18.79,26.43,0.0,0.38,6.92,21.57
1987-03-17,36.86,20.36,28.22,0.0,0.38,7.14,23.36
1987-03-18,34.07,15.03,23.92,0.02,0.38,9.13,22.26
1987-03-19,22.88,10.77,16.23,0.12,0.38,8.24,20.39
1987-03-20,21.27,12.07,16.0,0.31,0.38,6.75,17.75
1987-03-21,21.81,11.13,15.43,0.07,0.38,7.9,14.98
1987-03-22,25.03,10.3,16.28,0.12,0.38,10.02,16.86
1987-03-23,24.92,9.36,16.48,0.0,0.38,6.94,21.72
1987-03-24,25.36,7.08,15.71,0.0,0.38,0.93,22.08
1987-03-25,28.86,7.48,17.68,0.0,0.38,0.91,21.57
1987-03-26,28.99,10.25,18.99,0.05,0.38,0.31,21.26
1987-03-27,28.03,11.35,19.36,0.48,0.38,2.79,14.98
1987-03-28,21.66,10.84,16.37,7.48,0.39,8.57,16.9
1987-03-29,16.92,11.29,13.67,1.42,0.39,6.09,13.64
1987-03-30,17.27,12.91,14.57,0.95,0.4,9.72,11.59
1987-03-31,23.55,10.69,16.19,0.08,0.39,10.82,9.96
1987-04-01,25.58,8.16,16.5,0.0,0.39,9.4,15.6
1987-04-02,27.07,11.71,19.03,0.01,0.39,8.69,18.96
1987-04-03,29.48,13.45,20.92,0.0,0.39,8.14,19.63
1987-04-04,32.54,14.56,23.17,0.02,0.39,5.53,19.31
1987-04-05,29.95,17.14,23.4,0.16,0.39,6.53,13.16
1987-04-06,24.28,14.83,18.68,2.94,0.39,10.04,16.18
1987-04-07,19.04,12.76,15.5,0.75,0.39,10.19,15.0
1987-04-08,20.65,7.66,14.62,0.19,0.39,8.13,12.27
1987-04-09,20.85,4.95,12.95,0.0,0.39,1.59,18.53
1987-04-10,28.25,9.17,18.08,0.0,0.39,1.23,18.31
1987-04-11,29.97,11.37,19.82,0.02,0.39,3.83,18.47
1987-04-12,26.79,13.61,19.23,0.81,0.39,8.3,9.86
1987-04-13,21.52,12.05,15.91,0.42,0.39,10.04,9.41
1987-04-14,18.85,9.99,14.38,0.33,0.39,8.23,12.22
1987-04-15,20.4,9.49,14.28,0.05,0.39,5.11,10.83
1987-04-16,21.01,8.25,14.16,0.0,0.39,5.04,17.45
1987-04-17,21.88,7.31,14.37,0.0,0.39,4.84,17.45
1987-04-18,26.45,8.95,16.26,0.09,0.38,2.29,17.36
1987-04-19,16.82,9.33,12.22,1.72,0.39,3.48,10.77
1987-04-20,17.8,6.63,11.73,0.77,0.39,3.42,13.97
1987-04-21,18.47,4.33,10.76,0.0,0.39,2.46,16.59
1987-04-22,20.42,4.94,12.42,0.04,0.39,4.35,16.14
1987-04-23,20.95,6.73,12.82,0.0,0.39,4.6,16.24
1987-04-24,24.11,5.62,14.2,0.0,0.39,2.29,16.08
1987-04-25,27.33,9.4,17.59,0.0,0.38,3.05,16.09
1987-04-26,28.13,12.87,19.94,0.0,0.38,5.16,14.95
1987-04-27,23.5,16.6,19.66,6.99,0.38,10.57,7.66
1987-04-28,17.55,11.26,14.48,4.24,0.41,12.23,11.23
1987-04-29,19.52,11.4,14.66,0.29,0.4,10.29,9.73
1987-04-30,18.63,9.21,12.89,0.0,0.4,7.72,11.84
1987-05-01,21.27,7.91,14.47,0.03,0.4,6.21,12.64
1987-05-02,19.55,10.01,13.53,15.4,0.42,9.36,9.38
1987-05-03,16.46,9.16,12.48,0.22,0.43,5.6,8.15
1987-05-04,19.17,10.41,13.65,1.5,0.43,9.84,10.22
1987-05-05,18.85,8.8,12.99,0.14,0.43,9.23,8.08
1987-05-06,18.85,6.98,12.53,0.06,0.42,8.47,7.5
1987-05-07,21.49,7.89,13.67,0.01,0.42,7.53,13.49
1987-05-08,22.37,9.58,15.0,0.0,0.42,7.6,12.29
1987-05-09,23.21,9.97,15.69,0.0,0.42,8.21,12.48
1987-05-10,24.56,9.98,16.51,0.0,0.42,8.24,13.2
1987-05-11,25.02,14.29,18.55,0.31,0.42,10.34,11.22
1987-05-12,20.71,14.5,16.48,25.17,0.45,13.22,5.92
1987-05-13,19.76,11.6,14.59,0.52,0.47,8.04,11.55
1987-05-14,15.99,10.83,13.14,6.64,0.47,9.87,6.52
1987-05-15,15.81,8.16,11.82,2.22,0.47,8.52,10.11
1987-05-16,15.12,6.61,10.23,0.64,0.47,8.2,8.82
1987-05-17,17.04,8.26,11.53,0.69,0.47,8.8,9.57
1987-05-18,16.49,6.73,10.53,0.36,0.47,6.7,7.76
1987-05-19,14.48,6.14,10.4,1.04,0.47,6.57,6.89
1987-05-20,16.15,8.14,11.3,0.08,0.47,5.82,6.98
1987-05-21,17.22,6.82,10.84,0.01,0.47,4.18,10.91
1987-05-22,17.15,5.87,11.22,1.94,0.47,7.65,8.23
1987-05-23,16.85,10.16,13.27,2.15,0.47,11.26,7.03
1987-05-24,17.49,9.34,12.65,11.83,0.48,10.07,7.48
1987-05-25,12.87,9.35,11.31,16.42,0.5,7.59,5.22
1987-05-26,11.57,5.67,8.48,16.86,0.54,5.86,5.74
1987-05-27,10.38,3.53,6.58,3.07,0.55,4.14,9.85
1987-05-28,12.77,2.75,7.96,0.79,0.55,5.91,7.06
1987-05-29,11.76,8.15,10.08,2.42,0.55,8.68,7.31
1987-05-30,12.89,7.81,10.24,1.0,0.55,7.82,7.75
1987-05-31,14.7,7.41,10.05,0.73,0.55,7.71,7.08
1987-06-01,13.19,8.3,9.92,1.17,0.55,7.96,6.49
1987-06-02,12.43,7.69,9.64,1.24,0.55,8.02,6.49
1987-06-03,16.0,9.08,11.37,0.37,0.55,9.81,8.45
1987-06-04,16.58,6.74,11.41,0.11,0.54,9.86,6.44
1987-06-05,14.75,6.17,8.9,0.13,0.54,6.83,10.71
1987-06-06,17.51,5.76,9.98,0.02,0.54,7.1,10.23
1987-06-07,17.62,5.33,10.04,0.0,0.54,6.73,10.43
1987-06-08,20.13,6.91,13.03,0.24,0.54,8.92,8.49
1987-06-09,21.4,12.34,15.45,0.21,0.54,10.76,6.77
1987-06-10,17.88,9.6,13.86,3.05,0.53,11.23,7.3
1987-06-11,12.83,7.52,10.01,1.32,0.54,7.17,7.3
1987-06-12,11.98,5.48,8.01,2.6,0.54,6.67,6.92
1987-06-13,12.78,4.73,7.84,0.06,0.54,4.83,6.79
1987-06-14,14.55,6.71,9.71,0.85,0.54,7.78,7.5
1987-06-15,14.49,4.85,8.27,0.34,0.54,7.15,6.84
1987-06-16,12.65,3.15,6.51,0.0,0.54,4.82,9.91
1987-06-17,16.23,4.39,8.69,0.07,0.54,6.14,8.16
1987-06-18,15.2,6.1,9.5,1.96,0.54,7.95,4.98
1987-06-19,16.46,6.89,11.34,1.84,0.54,9.92,5.62
1987-06-20,13.58,9.03,10.81,5.01,0.55,10.19,6.37
1987-06-21,17.66,9.27,11.44,19.26,0.56,9.14,5.33
1987-06-22,14.72,9.3,11.74,6.96,0.59,10.03,8.38
1987-06-23,13.54,7.98,9.78,5.02,0.59,7.2,7.02
1987-06-24,12.84,7.06,9.23,2.49,0.6,7.32,9.25
1987-06-25,11.82,6.35,8.34,6.92,0.6,7.19,5.41
1987-06-26,14.11,6.08,9.8,1.54,0.61,7.72,8.46
1987-06-27,12.74,5.63,9.43,2.61,0.61,7.22,7.73
1987-06-28,11.51,3.55,7.05,0.39,0.61,5.04,8.2
1987-06-29,11.91,5.31,8.37,0.75,0.6,5.87,8.13
1987-06-30,11.71,4.7,7.5,0.55,0.6,5.71,6.68
1987-07-01,14.2,4.73,7.81,0.06,0.6,5.79,10.24
1987-07-02,12.84,3.37,7.13,0.02,0.6,4.96,7.27
1987-07-03,14.72,4.0,8.5,0.23,0.6,6.14,7.22
1987-07-04,15.98,3.39,8.74,0.02,0.6,5.7,8.98
1987-07-05,17.31,5.87,10.21,0.0,0.6,7.83,9.67
1987-07-06,16.83,5.77,10.75,0.07,0.6,7.57,8.9
1987-07-07,16.32,3.37,8.8,0.0,0.59,6.89,10.13
1987-07-08,15.83,3.78,8.49,0.02,0.59,4.95,10.6
1987-07-09,17.49,5.79,10.36,0.14,0.59,5.98,8.44
1987-07-10,14.93,7.5,10.39,5.41,0.59,6.75,8.13
1987-07-11,12.45,5.21,8.46,1.24,0.59,5.51,8.43
1987-07-12,12.82,3.7,7.65,0.93,0.59,6.13,7.6
1987-07-13,12.9,2.96,7.7,3.57,0.59,5.12,6.25
1987-07-14,13.91,8.19,10.7,12.25,0.61,9.19,6.88
1987-07-15,11.47,6.72,9.23,5.88,0.62,6.51,7.36
1987-07-16,12.24,6.7,8.93,5.46,0.63,8.07,7.63
1987-07-17,13.21,7.76,9.92,3.58,0.63,8.04,8.87
1987-07-18,10.37,4.06,7.47,17.3,0.65,6.88,5.18
1987-07-19,8.98,4.6,6.55,5.04,0.66,5.51,6.03
1987-07-20,11.57,3.5,6.56,0.28,0.66,5.46,7.99
1987-07-21,11.82,3.63,6.77,0.06,0.66,5.08,10.59
1987-07-22,12.39,3.91,6.56,0.02,0.66,4.91,11.63
1987-07-23,12.22,3.32,6.82,0.05,0.66,4.41,11.83
1987-07-24,13.23,1.93,6.76,0.04,0.65,3.77,10.97
1987-07-25,11.62,3.78,7.14,3.67,0.65,4.07,6.22
1987-07-26,9.23,4.81,6.92,4.58,0.66,6.05,7.04
1987-07-27,11.81,4.23,7.47,0.87,0.66,5.72,8.28
1987-07-28,13.08,3.32,7.44,0.0,0.66,4.83,12.08
1987-07-29,12.83,2.48,6.88,0.02,0.66,5.53,10.74
1987-07-30,12.65,2.53,7.43,8.37,0.66,4.8,5.18
1987-07-31,12.85,6.57,9.23,0.59,0.67,6.59,10.7
1987-08-01,15.76,4.57,9.39,0.17,0.66,5.91,11.85
1987-08-02,13.05,5.54,8.38,3.3,0.66,6.25,8.83
1987-08-03,13.57,6.58,9.27,0.61,0.66,7.71,9.94
1987-08-04,12.64,6.7,9.5,6.92,0.67,8.35,9.38
1987-08-05,13.46,4.27,8.89,0.45,0.67,6.26,10.06
1987-08-06,13.68,7.14,10.2,1.55,0.67,8.87,10.72
1987-08-07,12.79,5.81,8.81,0.9,0.67,8.44,9.43
1987-08-08,13.7,5.42,9.46,1.97,0.67,8.0,10.61
1987-08-09,10.47,1.93,5.77,0.23,0.67,3.19,12.68
1987-08-10,12.97,0.48,6.4,0.01,0.67,4.84,13.96
1987-08-11,14.18,4.24,7.69,0.1,0.66,5.71,14.06
1987-08-12,17.5,3.62,9.94,0.01,0.66,7.55,14.62
1987-08-13,14.77,6.41,11.06,0.16,0.66,9.22,10.86
1987-08-14,17.82,8.5,11.74,0.0,0.66,9.02,10.92
1987-08-15,16.39,6.43,10.46,0.46,0.65,8.89,7.45
1987-08-16,12.45,3.32,8.45,0.27,0.65,4.88,11.16
1987-08-17,13.27,2.52,7.35,0.21,0.65,4.47,9.1
1987-08-18,12.92,4.47,7.99,0.71,0.65,6.54,11.14
1987-08-19,14.33,4.63,8.93,0.19,0.65,7.29,11.55
1987-08-20,13.61,4.81,8.49,0.44,0.64,5.65,10.62
1987-08-21,16.43,3.82,9.64,0.0,0.64,3.88,15.22
1987-08-22,15.77,4.6,9.4,6.04,0.64,5.08,8.29
1987-08-23,11.26,6.94,8.61,11.33,0.65,7.03,9.37
1987-08-24,13.35,6.88,9.27,0.74,0.66,6.64,12.75
1987-08-25,15.51,5.7,9.65,0.08,0.65,5.73,12.78
1987-08-26,18.75,4.51,10.98,1.01,0.65,6.32,9.69
1987-08-27,13.81,7.95,10.44,0.75,0.65,8.97,6.39
1987-08-28,16.68,6.14,10.36,0.18,0.65,8.51,13.11
1987-08-29,15.21,5.51,9.76,0.26,0.64,7.39,13.45
1987-08-30,12.6,4.52,8.84,1.49,0.64,6.53,10.13
1987-08-31,10.41,2.69,7.15,1.4,0.64,2.9,15.17
1987-09-01,11.6,1.79,5.82,0.32,0.64,2.59,13.82
1987-09-02,13.25,1.46,7.44,0.87,0.64,4.72,11.89
1987-09-03,12.09,3.57,8.04,0.66,0.64,4.49,13.4
1987-09-04,15.16,3.93,9.76,0.14,0.63,5.91,13.2
1987-09-05,15.6,4.13,9.88,0.17,0.63,6.13,11.54
1987-09-06,14.33,4.68,9.02,0.89,0.63,6.89,12.88
1987-09-07,14.23,4.86,9.3,0.37,0.62,6.27,14.69
1987-09-08,15.44,9.84,11.9,2.46,0.62,9.91,11.31
1987-09-09,12.02,5.45,9.71,0.79,0.62,4.88,16.42
1987-09-10,15.34,4.32,8.98,0.0,0.62,4.87,15.08
1987-09-11,16.69,4.19,9.86,0.01,0.61,6.68,18.99
1987-09-12,15.5,3.98,9.62,0.17,0.61,6.7,15.79
1987-09-13,14.05,3.53,9.16,0.31,0.61,7.05,12.87
1987-09-14,14.18,7.5,10.6,0.35,0.6,7.32,12.63
1987-09-15,12.42,8.0,9.82,0.61,0.6,7.81,13.0
1987-09-16,14.29,7.65,10.09,0.21,0.6,7.43,13.09
1987-09-17,17.39,4.54,10.69,0.1,0.6,8.39,16.54
1987-09-18,22.92,7.05,14.38,0.0,0.59,8.42,20.73
1987-09-19,19.41,4.92,11.27,1.28,0.59,7.75,13.12
1987-09-20,15.95,4.21,9.36,0.0,0.58,5.8,18.6
1987-09-21,18.38,4.8,11.27,0.03,0.58,8.38,19.38
1987-09-22,21.84,7.48,14.25,0.02,0.57,8.2,21.56
1987-09-23,25.04,7.95,16.33,0.0,0.57,8.91,21.93
1987-09-24,26.59,11.33,17.74,0.0,0.56,9.71,18.28
1987-09-25,24.41,8.64,17.04,0.01,0.55,11.63,19.07
1987-09-26,29.18,13.17,20.72,0.0,0.54,10.11,22.1
1987-09-27,28.52,15.85,20.69,0.39,0.53,10.62,19.49
1987-09-28,23.78,9.02,16.7,0.28,0.53,11.34,17.0
1987-09-29,13.93,8.01,11.11,3.38,0.53,8.49,15.28
1987-09-30,17.62,5.65,11.21,0.08,0.53,6.38,18.31
1987-10-01,17.76,2.95,9.83,0.0,0.53,5.22,23.0
1987-10-02,20.56,4.07,11.5,0.01,0.52,5.9,22.99
1987-10-03,22.48,6.02,14.0,0.05,0.52,6.25,21.38
1987-10-04,14.1,8.38,11.55,6.48,0.52,5.88,13.98
1987-10-05,15.32,7.8,11.69,0.27,0.52,6.82,13.29
1987-10-06,14.8,7.97,11.33,1.11,0.52,6.46,16.08
1987-10-07,14.42,6.28,10.04,0.05,0.52,3.88,15.73
1987-10-08,15.91,6.18,10.84,0.09,0.51,6.71,16.11
1987-10-09,20.34,6.05,12.11,0.01,0.51,7.83,20.16
1987-10-10,18.53,6.13,11.49,0.33,0.51,6.86,21.59
1987-10-11,13.93,3.65,8.68,0.16,0.5,2.51,13.22
1987-10-12,17.8,1.65,9.98,0.02,0.5,3.52,20.85
1987-10-13,19.75,3.49,11.54,0.0,0.5,3.22,24.6
1987-10-14,20.7,7.4,14.51,0.15,0.49,5.19,14.34
1987-10-15,24.77,8.58,16.41,8.75,0.49,10.98,14.0
1987-10-16,12.17,6.91,9.82,7.94,0.51,7.76,15.0
1987-10-17,15.88,7.68,11.66,1.05,0.52,7.82,16.4
1987-10-18,13.38,8.13,10.89,11.57,0.52,8.7,10.79
1987-10-19,17.57,7.74,11.86,0.24,0.53,8.21,20.96
1987-10-20,21.25,7.0,13.88,0.15,0.52,8.57,24.43
1987-10-21,20.79,6.96,13.38,0.03,0.52,7.35,25.76
1987-10-22,18.18,7.43,12.97,2.49,0.51,8.55,16.06
1987-10-23,19.5,7.61,12.69,0.01,0.51,6.68,19.7
1987-10-24,18.7,4.73,12.04,0.0,0.51,6.09,20.65
1987-10-25,22.93,5.28,14.44,0.01,0.5,8.35,27.17
1987-10-26,26.17,8.07,17.41,0.0,0.5,8.62,28.17
1987-10-27,20.65,6.69,14.29,0.0,0.49,6.73,23.55
1987-10-28,20.41,4.85,12.21,0.04,0.49,5.47,26.28
1987-10-29,27.36,5.64,17.09,0.0,0.48,7.3,28.22
1987-10-30,33.29,13.43,23.11,0.0,0.48,8.95,28.58
1987-10-31,35.21,15.65,24.83,0.0,0.47,6.49,29.28
1987-11-01,37.87,17.0,27.33,0.07,0.46,9.47,28.36
1987-11-02,33.6,13.8,22.98,3.23,0.46,10.76,12.14
1987-11-03,18.33,10.8,14.14,0.51,0.46,5.03,24.88
1987-11-04,19.46,7.89,13.15,0.0,0.46,4.15,22.03
1987-11-05,20.79,6.45,13.35,0.01,0.46,6.27,24.8
1987-11-06,24.27,6.69,15.67,0.0,0.45,7.05,28.62
1987-11-07,28.75,9.31,19.26,0.01,0.45,6.74,30.29
1987-11-08,30.49,12.72,21.19,0.0,0.44,7.4,29.33
1987-11-09,21.79,9.29,15.41,0.0,0.44,7.98,27.15
1987-11-10,18.2,7.66,12.3,0.13,0.44,6.22,18.11
1987-11-11,22.01,8.03,14.4,0.29,0.44,6.58,26.08
1987-11-12,23.3,6.33,14.5,0.0,0.44,6.37,30.28
1987-11-13,24.95,9.15,16.62,0.0,0.43,7.48,28.96
1987-11-14,27.46,7.92,17.88,0.0,0.43,7.48,31.61
1987-11-15,30.11,10.56,21.27,0.0,0.43,8.32,27.55
1987-11-16,31.68,16.41,23.7,0.0,0.43,10.15,14.01
1987-11-17,33.91,19.05,26.89,0.0,0.42,13.46,25.63
1987-11-18,34.59,21.84,27.73,0.44,0.42,15.18,27.73
1987-11-19,32.71,13.2,23.48,0.65,0.42,12.2,18.85
1987-11-20,21.87,10.92,15.77,0.03,0.42,5.63,23.54
1987-11-21,20.93,8.59,14.7,2.14,0.42,6.7,27.08
1987-11-22,28.54,7.28,18.2,0.0,0.42,3.96,31.39
1987-11-23,25.69,11.97,18.99,1.4,0.42,8.52,26.07
1987-11-24,17.99,10.08,13.1,0.69,0.42,4.28,25.86
1987-11-25,18.71,9.76,14.4,3.47,0.42,8.04,23.82
1987-11-26,20.91,8.95,15.01,1.37,0.42,8.63,25.08
1987-11-27,22.47,6.24,14.25,0.03,0.42,2.26,31.07
1987-11-28,29.62,6.4,19.58,0.01,0.41,2.74,33.51
1987-11-29,25.75,9.51,19.21,0.79,0.41,6.13,27.76
1987-11-30,22.89,6.83,14.74,5.83,0.41,4.53,22.64
1987-12-01,13.56,8.33,10.66,33.83,0.47,7.09,12.4
1987-12-02,18.15,6.67,12.59,0.41,0.48,5.78,26.63
1987-12-03,21.65,6.32,13.72,0.0,0.47,2.48,31.08
1987-12-04,24.23,8.26,14.64,0.4,0.47,5.08,21.07
1987-12-05,20.85,7.29,13.61,0.09,0.46,5.62,26.65
1987-12-06,20.35,5.89,13.12,0.0,0.46,4.68,27.72
1987-12-07,23.75,6.86,15.02,0.0,0.46,4.44,31.71
1987-12-08,22.46,9.54,16.12,1.21,0.45,8.01,12.68
1987-12-09,28.53,15.17,21.58,2.08,0.45,12.29,17.43
1987-12-10,30.79,13.95,21.75,1.53,0.45,12.64,32.1
1987-12-11,29.8,11.89,20.44,0.02,0.45,10.77,25.34
1987-12-12,33.08,12.21,22.92,0.0,0.44,9.3,32.4
1987-12-13,35.38,17.0,25.92,0.0,0.44,9.59,33.79
1987-12-14,38.67,16.88,28.2,0.09,0.43,12.21,31.65
1987-12-15,36.21,20.59,29.16,0.01,0.43,11.29,25.08
1987-12-16,30.17,13.15,21.21,0.0,0.43,9.2,32.32
1987-12-17,29.01,10.18,18.82,0.0,0.42,5.7,32.59
1987-12-18,25.33,10.19,17.19,0.02,0.42,7.86,25.08
1987-12-19,27.82,7.39,17.78,0.0,0.42,1.18,33.8
1987-12-20,26.36,10.08,17.74,0.02,0.42,4.93,25.04
1987-12-21,26.38,10.95,18.41,0.0,0.41,5.91,33.56
1987-12-22,29.61,11.23,20.87,0.0,0.41,4.52,33.57
1987-12-23,31.43,11.9,20.49,0.09,0.41,5.07,31.14
1987-12-24,24.32,9.63,16.55,0.01,0.41,7.03,32.0
1987-12-25,29.29,10.69,20.4,0.0,0.41,6.51,32.01
1987-12-26,36.93,13.41,26.01,0.0,0.4,6.15,32.29
1987-12-27,27.63,14.12,21.66,0.08,0.4,10.13,14.69
1987-12-28,25.29,11.76,17.91,0.01,0.4,5.35,25.34
1987-12-29,29.54,9.14,19.18,0.0,0.4,5.12,33.81
1987-12-30,35.43,11.0,24.6,0.0,0.4,7.43,33.68
1987-12-31,35.23,15.51,25.42,17.01,0.4,14.59,17.18
1988-01-01,25.31,13.73,18.68,0.6,0.43,9.91,31.83
1988-01-02,25.9,12.73,18.57,0.01,0.42,7.91,26.01
1988-01-03,25.1,10.36,17.31,0.0,0.42,6.1,29.31
1988-01-04,28.24,10.15,19.03,0.05,0.41,6.81,33.26
1988-01-05,32.18,11.39,21.92,0.0,0.41,6.6,33.81
1988-01-06,37.24,13.57,25.66,0.0,0.41,5.74,33.26
1988-01-07,41.47,18.31,29.79,0.0,0.4,4.96,32.75
1988-01-08,38.71,19.11,28.01,0.0,0.4,8.36,32.37
1988-01-09,31.68,14.6,23.75,0.0,0.4,11.12,31.33
1988-01-10,37.28,12.47,25.75,0.19,0.39,8.84,30.63
1988-01-11,33.42,17.54,25.36,0.0,0.39,8.56,31.71
1988-01-12,40.31,20.76,27.79,0.09,0.39,11.15,13.38
1988-01-13,37.49,19.48,28.4,0.5,0.39,13.22,13.14
1988-01-14,39.67,16.71,28.73,1.8,0.39,13.18,11.42
1988-01-15,27.32,14.53,19.93,0.02,0.39,8.44,31.93
1988-01-16,26.59,13.22,19.25,0.01,0.39,8.94,29.16
1988-01-17,29.34,12.84,20.05,0.02,0.39,9.82,29.58
1988-01-18,28.87,11.83,20.04,0.06,0.39,8.66,30.65
1988-01-19,33.87,11.95,24.0,0.0,0.38,5.04,31.41
1988-01-20,25.96,15.87,20.8,0.0,0.38,6.62,28.27
1988-01-21,24.93,13.32,18.84,0.0,0.38,5.99,25.97
1988-01-22,29.61,12.49,20.24,0.0,0.38,7.18,29.02
1988-01-23,21.41,13.58,16.88,7.35,0.39,10.58,14.17
1988-01-24,21.74,11.57,16.14,2.04,0.4,7.84,27.75
1988-01-25,26.04,10.17,17.65,0.08,0.4,7.86,20.68
1988-01-26,30.45,11.32,20.99,0.0,0.39,8.35,30.82
1988-01-27,35.87,13.93,25.41,0.05,0.39,8.58,30.25
1988-01-28,40.24,18.94,29.8,0.0,0.39,4.07,30.88
1988-01-29,42.17,21.48,31.7,0.0,0.38,5.87,26.63
1988-01-30,32.5,15.73,23.82,0.01,0.38,11.18,15.93
1988-01-31,26.53,13.16,18.88,0.0,0.38,3.87,30.65
1988-02-01,23.43,11.58,17.01,0.0,0.38,5.14,21.93
1988-02-02,29.93,9.75,19.2,0.0,0.38,3.82,30.29
1988-02-03,29.91,9.54,19.5,0.0,0.38,5.57,30.17
1988-02-04,34.02,11.83,22.78,0.0,0.38,3.46,30.17
1988-02-05,28.85,13.5,21.96,14.33,0.39,6.92,12.52
1988-02-06,18.29,10.82,14.32,0.65,0.41,5.27,26.45
1988-02-07,22.3,11.86,16.14,1.97,0.41,8.95,29.78
1988-02-08,25.13,10.78,17.41,0.1,0.41,8.61,21.52
1988-02-09,29.05,9.34,19.11,0.0,0.4,6.44,29.29
1988-02-10,32.74,11.01,22.09,0.15,0.4,7.25,29.85
1988-02-11,34.37,14.27,23.46,2.46,0.4,8.4,11.13
1988-02-12,30.84,14.46,21.73,0.02,0.4,11.85,27.23
1988-02-13,29.25,15.0,20.91,0.0,0.4,9.82,25.7
1988-02-14,30.08,13.26,21.35,0.0,0.4,9.26,29.19
1988-02-15,31.2,12.77,21.9,0.0,0.39,6.36,29.42
1988-02-16,32.64,14.08,23.1,0.0,0.39,6.96,29.4
1988-02-17,35.05,15.55,24.29,0.0,0.39,6.27,28.81
1988-02-18,25.62,13.35,18.88,0.0,0.39,10.03,26.97
1988-02-19,25.32,12.98,18.3,0.01,0.39,8.63,20.74
1988-02-20,26.22,11.76,18.18,0.0,0.39,10.36,17.17
1988-02-21,28.09,12.19,19.18,0.05,0.39,11.06,21.58
1988-02-22,28.89,12.22,19.36,0.01,0.38,9.83,25.37
1988-02-23,31.51,11.57,20.83,0.01,0.38,8.19,25.26
1988-02-24,34.47,12.36,23.6,0.02,0.38,6.02,27.47
1988-02-25,38.67,15.98,27.37,0.0,0.38,5.44,27.02
1988-02-26,40.81,17.83,28.86,0.0,0.38,5.29,25.99
1988-02-27,31.15,14.14,21.53,0.0,0.38,11.08,23.36
1988-02-28,28.78,13.14,19.84,0.0,0.38,9.85,21.52
1988-02-29,30.51,12.61,21.05,0.0,0.38,10.26,24.7
1988-03-01,32.62,14.21,22.89,0.0,0.38,7.66,26.34
1988-03-02,38.55,18.08,28.34,0.0,0.38,4.24,25.63
1988-03-03,27.5,12.21,20.23,0.0,0.38,7.8,17.12
1988-03-04,25.57,10.19,17.47,0.0,0.38,5.05,23.48
1988-03-05,28.77,11.24,19.71,0.0,0.38,8.05,24.56
1988-03-06,28.88,12.77,20.33,0.0,0.38,7.94,24.85
1988-03-07,32.84,12.53,22.25,0.0,0.38,6.08,25.07
1988-03-08,32.84,15.9,23.34,0.0,0.38,3.91,21.54
1988-03-09,31.43,11.84,21.02,0.0,0.38,7.02,23.89
1988-03-10,26.22,13.89,18.78,0.23,0.38,10.36,21.68
1988-03-11,18.61,9.78,13.97,2.39,0.38,5.1,20.23
1988-03-12,18.33,10.75,14.81,1.38,0.38,8.58,15.79
1988-03-13,18.34,10.77,14.85,0.75,0.39,9.18,15.7
1988-03-14,23.77,10.13,16.02,0.15,0.39,5.73,22.56
1988-03-15,23.93,9.14,16.13,0.02,0.38,7.21,16.71
1988-03-16,25.49,9.22,17.08,0.0,0.38,7.57,19.94
1988-03-17,28.18,9.24,18.36,0.0,0.38,5.32,22.53
1988-03-18,31.74,10.25,21.15,0.0,0.38,4.31,22.55
1988-03-19,34.48,13.84,24.3,0.0,0.38,3.74,21.98
1988-03-20,34.91,15.4,24.98,0.0,0.38,2.45,20.12
1988-03-21,34.36,18.85,25.38,0.0,0.38,3.42,20.17
1988-03-22,34.05,16.01,24.79,0.0,0.38,6.73,22.32
1988-03-23,33.57,17.51,25.46,0.04,0.38,5.52,20.8
1988-03-24,33.58,17.98,25.31,0.0,0.38,4.21,21.35
1988-03-25,32.91,15.29,23.85,0.0,0.38,5.49,21.05
1988-03-26,32.87,17.83,25.43,0.0,0.38,6.53,18.0
1988-03-27,32.16,20.21,25.72,0.27,0.38,8.67,16.53
1988-03-28,25.34,19.3,22.39,2.13,0.38,8.92,11.61
1988-03-29,29.18,18.46,22.88,7.51,0.38,9.87,5.5
1988-03-30,24.49,16.66,19.87,12.29,0.41,14.89,10.13
1988-03-31,25.76,14.11,19.51,0.57,0.42,13.64,12.77
1988-04-01,26.79,11.27,18.18,0.0,0.41,9.5,19.15
1988-04-02,25.1,10.01,16.51,0.0,0.41,7.76,17.53
1988-04-03,25.36,8.86,16.18,0.0,0.41,8.35,17.91
1988-04-04,25.13,9.02,16.07,0.0,0.41,9.63,16.11
1988-04-05,25.0,9.09,16.16,0.01,0.41,10.27,17.27
1988-04-06,26.37,9.56,17.44,0.03,0.4,9.18,18.45
1988-04-07,26.72,10.4,17.65,0.0,0.4,9.33,17.77
1988-04-08,21.36,9.73,15.08,0.04,0.4,7.71,13.06
1988-04-09,21.04,8.72,13.65,0.0,0.4,2.22,18.21
1988-04-10,22.76,6.68,13.85,0.0,0.4,1.9,18.15
1988-04-11,22.05,8.75,15.0,0.0,0.4,4.25,13.42
1988-04-12,23.97,10.8,16.44,0.0,0.4,6.07,10.58
1988-04-13,22.99,10.92,16.11,0.04,0.4,11.37,9.45
1988-04-14,25.11,10.49,16.85,0.01,0.4,11.67,10.47
1988-04-15,20.23,7.99,14.04,0.18,0.4,8.22,8.32
1988-04-16,19.91,6.46,12.6,0.0,0.39,3.71,14.26
1988-04-17,22.79,7.89,14.77,0.05,0.39,7.29,15.81
1988-04-18,23.03,10.89,16.6,0.67,0.39,11.2,13.9
1988-04-19,23.55,14.48,17.88,2.18,0.4,12.12,11.15
1988-04-20,25.4,13.94,18.27,0.06,0.4,8.42,14.48
1988-04-21,25.4,10.74,17.45,0.01,0.4,8.18,15.56
1988-04-22,23.69,12.32,16.63,1.1,0.4,10.69,8.53
1988-04-23,18.92,11.74,14.93,0.55,0.4,9.48,13.6
1988-04-24,22.47,9.97,15.45,0.15,0.4,8.7,13.88
1988-04-25,26.68,13.63,18.37,1.43,0.4,8.95,8.39
1988-04-26,18.26,8.83,13.68,6.05,0.41,9.53,7.87
1988-04-27,19.95,7.86,13.48,0.03,0.41,8.08,13.64
1988-04-28,24.58,11.07,16.85,0.19,0.41,11.75,14.43
1988-04-29,26.07,12.14,19.14,0.04,0.4,13.27,13.85
1988-04-30,26.93,14.4,20.48,0.0,0.4,13.47,11.39
1988-05-01,27.15,14.33,20.16,0.12,0.4,12.07,11.41
1988-05-02,26.58,14.27,19.59,0.1,0.4,12.63,12.03
1988-05-03,26.56,14.22,20.04,0.22,0.4,12.01,10.61
1988-05-04,28.11,16.85,21.91,2.35,0.4,14.36,10.41
1988-05-05,24.38,14.83,19.22,19.2,0.44,16.11,7.52
1988-05-06,21.52,12.52,16.42,1.04,0.44,12.66,10.06
1988-05-07,19.55,10.48,14.55,1.89,0.44,10.76,9.56
1988-05-08,20.16,9.98,14.63,0.28,0.44,10.61,8.67
1988-05-09,19.63,9.86,14.3,0.59,0.44,10.12,8.71
1988-05-10,16.51,7.21,11.86,0.24,0.43,5.95,7.43
1988-05-11,17.74,6.46,11.35,0.01,0.43,6.26,7.21
1988-05-12,19.03,5.58,11.51,0.01,0.43,5.24,11.65
1988-05-13,21.0,6.91,13.39,0.01,0.43,4.64,10.72
1988-05-14,20.44,11.44,15.06,1.91,0.43,8.69,8.14
1988-05-15,20.46,12.48,15.33,16.5,0.45,12.74,4.28
1988-05-16,20.94,12.13,15.33,2.08,0.47,11.47,7.03
1988-05-17,19.81,8.47,13.45,3.06,0.47,10.11,6.94
1988-05-18,17.27,8.14,12.25,2.89,0.47,10.4,8.92
1988-05-19,17.49,9.92,12.56,5.75,0.48,9.62,8.71
1988-05-20,17.09,8.18,12.37,2.2,0.48,8.74,7.1
1988-05-21,17.47,9.26,12.34,0.34,0.48,9.16,9.83
1988-05-22,16.42,7.55,11.64,10.27,0.49,8.94,5.41
1988-05-23,14.81,10.78,12.0,21.95,0.51,9.91,5.46
1988-05-24,17.49,7.66,11.54,0.16,0.54,8.46,8.14
1988-05-25,18.03,6.1,11.67,0.1,0.53,8.94,9.76
1988-05-26,17.21,8.04,11.74,0.7,0.53,8.39,7.21
1988-05-27,15.14,8.72,11.58,5.34,0.53,9.79,8.15
1988-05-28,15.84,8.72,12.06,1.84,0.53,8.89,8.86
1988-05-29,16.51,8.88,12.23,0.85,0.53,8.1,6.2
1988-05-30,16.36,5.69,10.19,0.0,0.53,5.51,10.54
1988-05-31,17.02,7.24,10.35,0.0,0.53,5.82,10.51
1988-06-01,17.4,5.75,10.6,0.02,0.53,6.72,7.38
1988-06-02,19.15,7.16,12.47,0.0,0.52,7.55,10.4
1988-06-03,21.22,9.48,14.92,0.11,0.52,9.28,10.53
1988-06-04,17.36,9.43,13.92,9.36,0.52,10.99,4.35
1988-06-05,11.68,7.33,9.86,14.38,0.55,8.41,6.15
1988-06-06,14.1,10.98,12.13,24.94,0.58,9.45,7.36
1988-06-07,13.25,6.97,9.86,0.78,0.6,7.38,8.32
1988-06-08,13.77,3.57,8.71,0.26,0.59,6.22,9.13
1988-06-09,11.5,6.21,8.69,0.68,0.59,7.38,4.38
1988-06-10,13.22,6.43,9.77,2.0,0.59,7.43,9.17
1988-06-11,13.85,6.72,10.14,1.5,0.59,8.07,6.73
1988-06-12,13.94,9.76,11.56,0.7,0.59,9.15,5.33
1988-06-13,14.37,8.48,11.18,16.37,0.6,9.21,1.55
1988-06-14,14.46,7.47,10.63,10.82,0.62,9.76,5.63
1988-06-15,14.92,5.59,9.74,0.63,0.63,8.31,9.7
1988-06-16,12.39,4.88,8.1,0.03,0.63,6.6,6.7
1988-06-17,15.16,5.53,9.39,0.27,0.62,6.67,9.46
1988-06-18,13.94,6.93,10.45,7.42,0.63,8.94,4.23
1988-06-19,13.58,6.57,9.87,1.06,0.64,6.92,9.26
1988-06-20,12.67,5.68,9.06,5.51,0.63,6.59,4.63
1988-06-21,13.78,8.19,10.17,0.72,0.64,7.77,7.77
1988-06-22,13.65,7.11,9.56,0.32,0.64,8.18,8.44
1988-06-23,13.89,7.52,10.48,0.37,0.64,9.5,6.15
1988-06-24,13.53,4.56,8.73,0.02,0.64,7.61,5.7
1988-06-25,14.29,3.39,7.57,0.0,0.63,4.92,9.87
1988-06-26,14.69,4.36,8.61,0.01,0.63,4.94,6.96
1988-06-27,14.9,6.76,10.45,1.72,0.63,7.61,7.04
1988-06-28,12.1,5.67,8.32,0.56,0.63,6.0,6.38
1988-06-29,13.76,3.68,8.39,0.4,0.63,7.23,8.75
1988-06-30,14.01,6.39,9.16,0.4,0.63,7.8,9.11
1988-07-01,13.52,6.04,8.69,0.03,0.63,6.99,9.17
1988-07-02,13.62,4.96,8.3,0.12,0.63,6.68,9.45
1988-07-03,13.94,3.23,7.84,0.02,0.63,5.65,6.98
1988-07-04,15.79,6.26,9.56,0.12,0.62,7.63,7.05
1988-07-05,14.42,5.04,8.4,0.05,0.62,6.98,9.82
1988-07-06,16.21,7.24,10.81,0.19,0.62,9.92,6.93
1988-07-07,15.66,8.53,11.31,1.38,0.62,10.57,5.55
1988-07-08,16.38,7.02,11.6,5.69,0.62,8.58,9.35
1988-07-09,12.56,7.0,9.69,2.37,0.63,7.69,8.36
1988-07-10,13.89,5.59,9.12,1.09,0.63,7.17,8.75
1988-07-11,14.73,7.51,10.89,0.86,0.63,9.91,7.47
1988-07-12,15.74,5.48,9.94,0.11,0.63,8.39,5.42
1988-07-13,14.08,5.2,9.06,0.0,0.63,6.31,5.43
1988-07-14,16.45,8.14,12.04,3.82,0.62,9.23,6.56
1988-07-15,13.98,5.87,9.55,1.66,0.63,6.8,8.72
1988-07-16,12.98,5.0,9.2,7.48,0.63,7.73,5.3
1988-07-17,13.99,7.71,10.48,0.82,0.64,8.34,7.95
1988-07-18,15.69,4.92,9.85,0.1,0.64,6.56,10.67
1988-07-19,14.18,5.91,9.15,1.9,0.63,7.14,7.81
1988-07-20,12.86,7.14,9.56,10.39,0.65,8.24,7.82
1988-07-21,12.11,7.92,9.21,8.77,0.66,8.36,5.87
1988-07-22,12.37,7.62,9.42,5.19,0.67,8.31,7.54
1988-07-23,12.27,5.64,8.42,0.81,0.67,6.49,10.07
1988-07-24,12.58,6.1,9.67,3.4,0.67,6.25,4.8
1988-07-25,16.48,8.06,11.21,5.39,0.67,7.09,7.56
1988-07-26,12.46,8.15,9.7,1.05,0.67,6.16,10.36
1988-07-27,14.36,5.89,9.58,0.43,0.67,8.32,8.37
1988-07-28,14.58,5.29,8.83,1.26,0.66,5.9,11.49
1988-07-29,14.41,5.64,8.89,1.41,0.66,7.18,9.18
1988-07-30,14.13,6.45,9.65,0.82,0.66,8.18,9.48
1988-07-31,13.69,6.07,9.37,1.04,0.66,8.41,10.71
1988-08-01,14.39,6.02,9.7,0.23,0.66,7.72,8.76
1988-08-02,15.99,5.58,9.91,0.1,0.66,5.61,10.42
1988-08-03,14.93,6.07,9.8,2.69,0.66,7.41,8.79
1988-08-04,13.69,6.84,9.86,0.73,0.66,6.97,8.81
1988-08-05,11.05,5.13,7.2,8.75,0.66,4.7,8.38
1988-08-06,12.27,5.74,8.91,1.69,0.67,7.17,10.12
1988-08-07,12.0,5.42,9.06,2.47,0.67,5.86,10.42
1988-08-08,12.11,2.89,6.7,0.37,0.67,3.73,11.03
1988-08-09,12.99,2.68,7.21,0.09,0.66,5.19,9.78
1988-08-10,13.12,3.82,7.62,0.03,0.66,5.26,9.79
1988-08-11,13.52,2.49,7.64,0.0,0.66,4.64,7.26
1988-08-12,14.39,2.77,7.55,0.0,0.66,4.24,12.28
1988-08-13,15.16,4.17,9.6,0.06,0.65,5.22,8.35
1988-08-14,19.33,9.37,13.52,1.2,0.65,9.03,10.06
1988-08-15,15.8,9.55,12.1,6.76,0.65,10.4,6.06
1988-08-16,21.67,7.23,13.16,0.0,0.66,10.96,15.32
1988-08-17,14.65,8.4,10.71,1.67,0.65,8.79,11.23
1988-08-18,14.46,8.27,11.0,6.51,0.66,9.02,11.26
1988-08-19,14.83,8.08,10.74,0.91,0.66,7.89,11.27
1988-08-20,13.57,8.04,10.08,3.5,0.66,7.71,8.88
1988-08-21,13.16,6.58,9.57,1.74,0.66,7.31,11.06
1988-08-22,12.66,3.53,8.04,1.74,0.66,6.18,13.3
1988-08-23,12.91,5.8,8.75,0.11,0.66,5.88,10.2
1988-08-24,13.8,5.62,8.62,0.26,0.65,5.3,11.51
1988-08-25,17.03,4.32,10.05,0.0,0.65,5.4,15.87
1988-08-26,17.56,6.04,10.78,2.74,0.65,5.99,9.67
1988-08-27,11.23,6.78,9.28,8.8,0.66,7.68,10.21
1988-08-28,13.89,6.11,9.85,1.16,0.66,7.93,12.17
1988-08-29,15.8,7.85,11.31,0.28,0.66,8.18,12.61
1988-08-30,18.89,7.39,12.28,0.15,0.65,6.33,12.78
1988-08-31,18.88,6.54,11.88,1.66,0.65,7.95,7.06
1988-09-01,17.42,9.45,12.79,17.68,0.66,10.52,4.31
1988-09-02,15.81,7.61,11.57,1.66,0.67,9.42,12.04
1988-09-03,14.68,7.72,10.7,2.07,0.67,8.82,13.11
1988-09-04,15.05,5.14,9.95,0.25,0.67,6.45,11.52
1988-09-05,17.87,3.78,10.87,0.03,0.66,6.1,16.46
1988-09-06,18.62,5.81,10.87,0.0,0.66,6.92,17.53
1988-09-07,18.7,5.47,11.52,0.05,0.65,8.47,16.56
1988-09-08,21.64,8.28,14.35,0.12,0.65,8.62,12.62
1988-09-09,19.42,10.79,14.41,0.42,0.64,10.31,8.4
1988-09-10,17.54,10.21,13.48,11.59,0.65,11.82,5.56
1988-09-11,15.51,9.63,11.73,3.94,0.66,8.65,13.94
1988-09-12,12.99,5.11,9.42,5.28,0.66,6.26,15.12
1988-09-13,14.26,2.55,8.38,0.0,0.66,3.27,19.08
1988-09-14,17.42,4.11,9.97,0.02,0.65,4.23,17.5
1988-09-15,18.85,4.51,10.98,0.0,0.65,5.08,19.63
1988-09-16,17.92,5.12,11.64,0.68,0.64,7.36,16.24
1988-09-17,12.81,7.61,10.22,10.1,0.65,8.94,7.26
1988-09-18,13.23,7.95,10.14,8.26,0.66,8.04,12.72
1988-09-19,15.7,5.82,10.65,0.27,0.66,7.54,17.56
1988-09-20,16.86,3.96,10.2,0.01,0.66,6.35,20.09
1988-09-21,20.53,6.48,12.46,0.03,0.65,8.17,18.74
1988-09-22,23.38,8.93,16.06,0.01,0.65,8.74,16.11
1988-09-23,17.82,6.84,13.02,0.11,0.64,6.53,15.27
1988-09-24,14.3,5.36,9.52,2.27,0.63,6.09,17.66
1988-09-25,15.24,6.49,10.78,0.62,0.63,8.44,15.73
1988-09-26,21.88,5.56,13.67,0.0,0.63,8.86,22.07
1988-09-27,16.31,7.97,11.89,0.47,0.62,8.06,13.44
1988-09-28,20.6,8.7,12.85,0.3,0.62,7.67,16.57
1988-09-29,17.45,8.37,12.4,0.03,0.61,8.18,19.68
1988-09-30,25.16,7.93,14.37,1.68,0.61,9.76,22.51
1988-10-01,16.71,9.25,12.48,6.59,0.6,8.89,13.86
1988-10-02,17.65,6.59,12.41,1.2,0.61,7.53,17.37
1988-10-03,27.91,10.26,17.17,0.01,0.6,11.52,19.94
1988-10-04,19.65,9.02,13.67,0.14,0.59,11.32,21.94
1988-10-05,17.05,8.55,12.42,1.94,0.59,8.08,18.38
1988-10-06,15.45,6.92,10.95,2.14,0.59,6.43,20.61
1988-10-07,23.46,4.94,14.07,1.15,0.58,8.16,22.13
1988-10-08,15.84,9.55,11.95,2.67,0.58,8.19,17.31
1988-10-09,15.96,8.46,11.62,3.08,0.58,7.29,15.29
1988-10-10,16.09,8.51,11.73,0.9,0.58,7.76,21.58
1988-10-11,22.47,7.44,14.25,0.11,0.57,9.71,17.49
1988-10-12,16.82,6.91,11.2,0.02,0.57,5.88,23.4
1988-10-13,23.42,5.63,14.79,0.0,0.56,6.46,25.02
1988-10-14,17.24,8.82,13.35,0.65,0.55,6.97,19.35
1988-10-15,18.61,7.88,12.62,0.03,0.55,6.19,20.79
1988-10-16,16.65,7.89,12.1,1.12,0.55,5.81,20.79
1988-10-17,14.39,7.63,11.43,0.4,0.54,6.41,17.13
1988-10-18,23.55,6.59,14.59,0.05,0.54,8.67,22.94
1988-10-19,23.59,8.95,15.79,0.0,0.53,8.94,27.11
1988-10-20,30.64,13.06,19.97,3.33,0.53,13.87,11.79
1988-10-21,17.58,9.99,14.29,1.86,0.53,10.59,8.64
1988-10-22,15.42,8.34,11.57,5.77,0.53,7.27,19.21
1988-10-23,16.98,8.84,12.69,1.41,0.54,8.09,23.49
1988-10-24,17.54,5.93,11.45,0.05,0.53,5.81,22.24
1988-10-25,23.96,5.46,14.64,0.13,0.52,6.64,28.56
1988-10-26,28.48,9.12,16.39,0.3,0.52,5.99,23.52
1988-10-27,19.51,7.91,12.74,0.08,0.51,5.59,25.45
1988-10-28,22.87,7.44,14.2,0.04,0.51,6.78,28.89
1988-10-29,19.64,10.62,14.37,0.12,0.5,8.42,22.71
1988-10-30,20.56,9.59,14.87,0.1,0.5,8.91,15.78
1988-10-31,24.68,8.72,16.45,0.06,0.49,10.43,24.59
1988-11-01,31.51,10.22,20.79,0.01,0.49,8.07,30.9
1988-11-02,37.01,11.03,21.34,0.03,0.48,8.3,26.6
1988-11-03,23.94,10.26,15.42,0.26,0.47,8.95,23.31
1988-11-04,20.69,8.53,13.76,1.52,0.47,7.41,17.5
1988-11-05,20.59,6.3,13.26,0.0,0.47,4.45,27.79
1988-11-06,26.0,4.44,15.75,0.18,0.47,4.12,31.71
1988-11-07,31.86,11.98,22.09,0.02,0.46,5.13,27.59
1988-11-08,22.61,11.98,16.63,0.11,0.46,7.7,30.29
1988-11-09,20.11,9.43,14.31,0.09,0.45,5.81,26.02
1988-11-10,22.19,9.74,15.5,0.0,0.45,8.36,19.88
1988-11-11,27.01,7.75,17.44,0.0,0.45,7.55,31.47
1988-11-12,33.4,12.8,23.39,0.0,0.44,5.26,32.06
1988-11-13,32.83,16.62,23.74,4.28,0.44,12.85,18.41
1988-11-14,16.43,7.84,13.46,1.79,0.45,7.97,17.72
1988-11-15,17.2,5.91,11.71,0.03,0.45,2.28,25.68
1988-11-16,19.22,8.33,13.38,0.33,0.44,6.81,21.1
1988-11-17,21.31,8.65,14.6,0.05,0.44,6.12,20.29
1988-11-18,25.6,6.2,16.28,0.0,0.44,5.09,28.72
1988-11-19,28.6,11.78,17.56,3.81,0.44,7.49,17.39
1988-11-20,21.78,9.34,15.16,2.26,0.44,8.06,23.35
1988-11-21,19.59,10.51,14.32,3.73,0.45,9.07,21.04
1988-11-22,17.81,10.25,14.11,2.01,0.45,10.81,14.28
1988-11-23,22.83,12.2,16.47,1.5,0.45,11.07,20.14
1988-11-24,22.9,10.86,15.9,0.41,0.45,9.89,19.29
1988-11-25,22.79,9.53,15.32,0.43,0.44,7.73,21.68
1988-11-26,21.16,7.86,13.9,0.03,0.44,5.49,21.88
1988-11-27,22.05,8.32,14.39,0.07,0.44,5.27,21.63
1988-11-28,21.9,7.46,13.97,0.05,0.44,5.14,23.38
1988-11-29,21.0,8.89,14.41,0.21,0.43,6.75,25.14
1988-11-30,21.86,10.31,15.3,0.07,0.43,7.44,24.21
1988-12-01,26.62,8.39,17.69,0.0,0.43,7.23,30.69
1988-12-02,28.42,11.58,21.26,1.11,0.43,9.89,16.75
1988-12-03,31.26,17.59,23.15,2.84,0.43,15.12,13.1
1988-12-04,26.39,13.99,19.61,2.65,0.43,14.54,15.54
1988-12-05,24.82,10.44,16.53,0.04,0.43,7.61,21.4
1988-12-06,25.25,7.54,16.31,0.02,0.43,6.12,33.2
1988-12-07,28.61,7.73,18.36,0.0,0.43,3.86,27.39
1988-12-08,28.04,12.11,20.21,0.25,0.42,9.24,12.71
1988-12-09,32.71,16.53,23.58,0.8,0.42,13.08,27.96
1988-12-10,24.79,14.28,18.49,0.64,0.42,9.36,22.55
1988-12-11,21.02,10.03,15.3,1.18,0.42,6.01,25.71
1988-12-12,26.02,8.25,17.1,0.0,0.42,7.37,33.79
1988-12-13,32.82,10.38,22.42,0.0,0.42,8.9,33.79
1988-12-14,36.12,16.81,26.85,0.0,0.41,7.52,34.32
1988-12-15,37.34,19.07,28.54,0.0,0.41,6.27,34.03
1988-12-16,40.02,19.82,29.85,0.0,0.4,8.86,33.06
1988-12-17,34.29,17.49,25.31,0.13,0.4,13.71,28.56
1988-12-18,35.59,18.23,24.85,0.04,0.4,13.29,29.57
1988-12-19,27.19,15.23,20.77,0.0,0.4,7.89,30.06
1988-12-20,20.75,12.43,16.38,0.1,0.4,8.7,19.03
1988-12-21,27.23,10.8,18.65,0.01,0.4,7.7,31.78
1988-12-22,28.9,10.71,19.66,0.02,0.4,7.2,33.07
1988-12-23,34.77,11.21,23.02,0.03,0.39,5.61,33.21
1988-12-24,39.13,14.7,27.44,1.98,0.39,10.25,30.29
1988-12-25,26.61,14.99,21.23,3.87,0.4,12.28,15.1
1988-12-26,20.78,9.87,15.44,0.0,0.4,5.24,28.6
1988-12-27,21.08,9.93,15.57,0.07,0.4,7.07,17.48
1988-12-28,26.78,9.56,17.61,0.02,0.4,6.76,32.42
1988-12-29,28.43,9.41,18.46,0.01,0.39,7.17,32.65
1988-12-30,28.24,12.1,20.15,0.0,0.39,8.34,26.79
1988-12-31,29.13,14.43,20.87,0.15,0.39,8.61,25.94
1989-01-01,32.75,11.15,23.26,0.0,0.39,6.96,33.91
1989-01-02,34.59,20.05,27.77,0.0,0.39,10.25,30.23
1989-01-03,27.82,12.9,21.09,1.9,0.39,12.05,12.46
1989-01-04,20.13,11.48,15.46,2.26,0.39,7.65,27.6
1989-01-05,22.38,9.81,15.7,0.08,0.39,4.59,28.73
1989-01-06,25.85,8.54,17.28,0.0,0.39,5.14,28.33
1989-01-07,31.39,10.64,22.13,0.0,0.39,3.86,27.91
1989-01-08,34.67,14.36,22.95,0.97,0.39,6.06,18.97
1989-01-09,23.2,13.06,17.39,1.18,0.39,8.84,27.31
1989-01-10,20.45,11.8,15.45,1.3,0.39,7.48,24.07
1989-01-11,20.67,11.33,15.84,0.36,0.39,7.93,21.48
1989-01-12,27.16,11.19,18.82,0.01,0.39,8.13,28.51
1989-01-13,31.07,9.51,20.93,0.0,0.39,3.8,33.84
1989-01-14,36.32,15.02,27.03,0.04,0.38,6.67,33.51
1989-01-15,38.23,21.98,30.16,0.44,0.38,10.69,22.34
1989-01-16,32.78,17.47,26.38,0.03,0.38,11.32,23.48
1989-01-17,30.28,14.86,20.81,0.0,0.38,6.43,28.79
1989-01-18,25.55,13.0,18.17,0.01,0.38,5.67,29.26
1989-01-19,28.0,13.02,20.07,0.07,0.38,11.55,23.28
1989-01-20,26.79,12.84,19.32,0.02,0.38,9.79,29.7
1989-01-21,27.98,11.93,19.03,0.0,0.38,6.18,30.0
1989-01-22,26.71,10.25,18.04,0.0,0.38,5.38,31.96
1989-01-23,33.25,10.82,22.84,0.0,0.38,6.51,32.56
1989-01-24,34.52,16.86,26.02,0.0,0.38,3.5,31.36
1989-01-25,36.19,18.01,27.71,0.0,0.38,3.57,31.43
1989-01-26,37.22,19.38,28.67,0.0,0.38,3.11,32.49
1989-01-27,39.18,20.79,30.43,0.0,0.38,4.26,31.94
1989-01-28,40.3,22.0,30.52,0.0,0.38,4.34,30.62
1989-01-29,30.98,16.58,25.26,0.0,0.38,11.52,26.4
1989-01-30,31.08,13.28,21.14,0.0,0.38,7.99,30.65
1989-01-31,28.0,12.5,19.75,0.0,0.38,8.66,24.66
1989-02-01,31.69,11.9,21.43,0.0,0.38,5.74,31.14
1989-02-02,33.29,13.18,22.97,0.03,0.38,6.06,31.2
1989-02-03,28.37,12.59,20.03,0.0,0.38,7.13,29.1
1989-02-04,30.91,12.51,21.71,0.0,0.38,7.39,30.77
1989-02-05,31.47,13.01,22.23,0.0,0.38,5.49,30.13
1989-02-06,32.48,15.13,24.4,0.66,0.38,10.91,26.63
1989-02-07,38.34,19.06,27.38,0.12,0.38,8.35,27.02
1989-02-08,37.08,16.08,25.38,0.26,0.38,7.78,28.24
1989-02-09,21.46,14.13,16.82,1.65,0.38,8.67,22.0
1989-02-10,23.9,14.85,18.58,0.9,0.38,8.98,21.46
1989-02-11,27.01,14.39,20.34,0.2,0.38,13.04,17.59
1989-02-12,34.32,12.9,22.83,0.0,0.38,12.0,29.28
1989-02-13,26.19,16.35,20.66,8.06,0.39,14.1,20.83
1989-02-14,29.94,14.33,21.32,0.01,0.39,12.36,27.09
1989-02-15,30.05,12.73,20.78,0.01,0.39,11.48,27.06
1989-02-16,32.2,13.46,22.73,0.51,0.39,11.78,27.0
1989-02-17,35.75,15.02,25.65,0.0,0.39,10.33,28.37
1989-02-18,34.21,14.9,23.69,0.0,0.38,7.5,25.25
1989-02-19,26.03,13.28,18.81,0.01,0.38,5.79,25.5
1989-02-20,25.33,11.15,17.15,0.0,0.38,4.88,24.54
1989-02-21,24.78,10.72,17.2,0.0,0.38,6.58,22.17
1989-02-22,28.55,10.43,19.28,0.0,0.38,6.45,27.05
1989-02-23,33.94,13.41,23.82,0.01,0.38,4.99,27.19
1989-02-24,37.16,17.16,25.88,0.04,0.38,4.4,24.66
1989-02-25,29.06,14.12,20.67,0.0,0.38,5.78,26.32
1989-02-26,31.06,11.47,20.71,0.0,0.38,2.78,26.63
1989-02-27,36.87,14.41,25.69,0.0,0.38,3.04,24.11
1989-02-28,40.41,20.75,30.49,0.0,0.38,0.37,24.38
1989-03-01,41.03,23.63,31.74,0.06,0.38,6.24,23.25
1989-03-02,41.3,23.82,31.88,0.05,0.38,9.5,24.4
1989-03-03,38.21,23.6,30.63,0.42,0.38,12.14,21.84
1989-03-04,36.33,22.84,28.7,0.14,0.38,11.73,16.56
1989-03-05,38.05,21.01,29.35,0.05,0.38,12.69,22.17
1989-03-06,39.63,23.0,30.61,0.11,0.38,8.35,24.09
1989-03-07,38.88,22.48,30.34,0.12,0.38,9.49,19.23
1989-03-08,36.7,24.26,29.12,0.03,0.38,9.79,18.83
1989-03-09,35.08,20.42,26.2,1.14,0.38,13.78,16.08
1989-03-10,31.02,17.99,23.99,1.87,0.38,15.2,21.21
1989-03-11,30.86,15.05,21.74,0.09,0.38,11.94,23.76
1989-03-12,25.1,13.8,18.1,0.08,0.38,10.42,21.69
1989-03-13,19.79,13.33,16.4,0.0,0.38,8.02,14.66
1989-03-14,24.37,13.09,17.63,0.0,0.38,8.11,14.69
1989-03-15,22.52,11.29,16.16,0.04,0.38,6.92,16.04
1989-03-16,24.06,10.62,16.54,0.01,0.38,5.84,17.18
1989-03-17,28.31,11.16,19.57,0.06,0.38,8.33,22.26
1989-03-18,29.97,12.94,21.93,0.1,0.38,8.81,18.27
1989-03-19,27.91,17.22,22.31,0.05,0.38,12.66,10.92
1989-03-20,22.62,17.24,19.59,6.1,0.38,15.7,7.69
1989-03-21,27.85,14.58,20.58,0.43,0.39,14.45,16.62
1989-03-22,22.61,12.51,17.33,0.02,0.39,13.17,13.83
1989-03-23,24.53,12.81,17.47,0.01,0.39,10.71,16.87
1989-03-24,22.25,10.5,15.76,0.01,0.39,5.29,20.76
1989-03-25,22.25,8.04,14.63,0.0,0.39,4.17,16.9
1989-03-26,23.05,8.34,15.24,0.03,0.38,4.64,16.55
1989-03-27,22.07,9.03,14.44,0.01,0.38,6.54,17.27
1989-03-28,22.0,9.65,15.36,0.05,0.38,7.96,15.37
1989-03-29,23.35,8.88,15.75,0.03,0.38,5.99,16.01
1989-03-30,25.26,10.38,17.68,0.17,0.38,5.62,17.18
1989-03-31,25.36,10.67,17.75,1.3,0.38,11.38,13.75
1989-04-01,23.21,13.99,17.9,2.27,0.39,13.8,10.13
1989-04-02,24.99,13.16,17.8,0.81,0.39,10.66,15.76
1989-04-03,29.45,12.21,20.32,0.0,0.39,5.79,19.53
1989-04-04,31.65,14.43,23.63,0.8,0.39,11.61,17.55
1989-04-05,23.38,11.41,17.43,4.69,0.39,11.95,7.36
1989-04-06,19.99,11.02,15.21,0.06,0.39,8.31,13.2
1989-04-07,22.28,7.96,14.69,0.02,0.39,6.55,18.54
1989-04-08,22.2,10.04,15.15,0.0,0.39,7.87,17.02
1989-04-09,24.2,10.54,17.12,0.18,0.39,9.53,15.29
1989-04-10,23.64,11.88,17.33,0.89,0.39,11.25,10.66
1989-04-11,21.58,10.87,16.0,0.8,0.39,9.8,12.72
1989-04-12,19.76,9.75,14.23,1.84,0.39,9.53,12.59
1989-04-13,19.23,8.29,12.83,0.13,0.39,5.9,13.76
1989-04-14,20.31,7.12,13.92,0.0,0.39,5.28,16.97
1989-04-15,23.98,9.68,16.14,0.38,0.39,7.5,10.35
1989-04-16,19.26,8.8,14.11,0.12,0.39,7.62,11.19
1989-04-17,18.98,9.4,14.68,0.88,0.39,8.13,9.74
1989-04-18,19.14,11.08,14.86,0.18,0.39,9.05,9.62
1989-04-19,22.76,10.51,15.5,0.0,0.39,8.88,15.6
1989-04-20,25.09,9.1,16.45,0.0,0.39,8.58,16.5
1989-04-21,23.09,9.99,15.78,0.0,0.39,9.37,14.67
1989-04-22,21.47,7.87,13.92,0.0,0.39,5.79,16.79
1989-04-23,25.06,9.47,16.27,0.0,0.39,7.79,13.92
1989-04-24,26.89,10.89,18.31,0.0,0.38,8.29,15.8
1989-04-25,27.94,14.21,20.26,1.84,0.38,11.56,11.7
1989-04-26,23.12,14.71,18.05,6.49,0.39,13.3,7.7
1989-04-27,20.31,12.81,15.86,4.04,0.41,12.7,10.49
1989-04-28,21.04,12.05,15.68,0.52,0.41,11.53,9.08
1989-04-29,20.47,12.43,15.77,1.58,0.4,12.38,8.23
1989-04-30,21.66,11.21,16.01,2.95,0.41,11.48,8.83
1989-05-01,21.19,9.96,14.3,0.26,0.41,10.86,11.21
1989-05-02,21.15,9.26,14.77,0.34,0.41,9.43,9.54
1989-05-03,17.06,11.57,13.92,7.63,0.42,10.86,7.31
1989-05-04,18.46,9.21,13.53,1.0,0.42,8.69,7.95
1989-05-05,16.79,9.0,12.09,0.06,0.42,4.59,7.64
1989-05-06,16.98,10.41,13.18,0.34,0.42,9.35,10.37
1989-05-07,19.9,10.27,14.2,0.22,0.42,8.76,11.62
1989-05-08,22.52,7.98,14.91,0.01,0.42,9.42,13.34
1989-05-09,19.18,12.34,15.15,9.35,0.43,13.27,6.03
1989-05-10,18.38,10.55,13.76,1.75,0.44,11.11,8.69
1989-05-11,18.93,10.21,13.72,0.34,0.44,10.24,10.6
1989-05-12,20.02,11.08,14.38,0.5,0.43,10.41,11.3
1989-05-13,19.64,10.32,13.58,1.1,0.43,10.96,10.22
1989-05-14,19.29,9.27,13.44,0.2,0.43,10.06,11.09
1989-05-15,19.78,6.93,12.43,0.08,0.43,8.41,9.39
1989-05-16,18.67,6.31,11.59,0.06,0.43,7.14,10.58
1989-05-17,17.82,7.38,11.63,0.05,0.43,6.17,6.57
1989-05-18,19.62,6.46,12.1,0.0,0.43,5.7,11.66
1989-05-19,17.29,6.23,11.33,0.97,0.43,8.16,10.54
1989-05-20,17.89,4.03,10.18,0.0,0.43,4.27,11.73
1989-05-21,17.01,7.42,12.49,2.84,0.43,6.37,8.54
1989-05-22,14.94,9.14,11.72,7.54,0.45,7.59,8.05
1989-05-23,16.06,10.23,12.47,1.53,0.45,9.01,9.69
1989-05-24,16.23,8.16,11.61,0.55,0.45,7.31,8.02
1989-05-25,15.51,8.15,11.16,0.28,0.45,6.47,5.76
1989-05-26,17.22,8.54,11.91,0.06,0.45,7.05,5.5
1989-05-27,21.92,11.5,15.44,0.01,0.44,9.8,10.9
1989-05-28,18.78,12.48,15.13,6.14,0.45,11.89,4.97
1989-05-29,19.56,12.94,15.39,5.71,0.46,12.9,5.36
1989-05-30,14.33,7.92,11.71,2.51,0.47,8.75,6.9
1989-05-31,12.87,3.54,7.48,0.08,0.46,2.89,9.64
1989-06-01,12.22,2.92,6.9,0.0,0.46,2.33,7.97
1989-06-02,12.76,2.54,6.67,0.06,0.46,1.78,9.61
1989-06-03,14.39,0.06,6.43,0.16,0.46,1.98,9.18
1989-06-04,12.47,4.81,8.3,3.53,0.46,6.6,5.0
1989-06-05,14.07,3.08,7.95,3.84,0.47,5.0,5.72
1989-06-06,15.2,9.19,11.44,5.37,0.48,9.21,8.67
1989-06-07,16.03,8.47,11.71,3.96,0.49,8.56,8.9
1989-06-08,13.58,5.31,8.72,9.34,0.49,6.24,5.14
1989-06-09,11.12,4.78,7.76,10.98,0.51,6.24,5.28
1989-06-10,13.42,7.56,9.47,3.66,0.53,6.73,7.94
1989-06-11,13.68,6.55,9.71,0.1,0.52,6.13,7.06
1989-06-12,14.02,5.93,9.45,2.07,0.52,7.32,7.58
1989-06-13,13.52,4.55,8.16,1.24,0.52,4.31,7.46
1989-06-14,10.42,7.38,8.8,13.73,0.54,7.59,4.37
1989-06-15,12.14,8.94,10.46,10.36,0.56,9.86,4.6
1989-06-16,18.55,10.65,13.61,6.31,0.57,11.69,5.7
1989-06-17,14.65,9.33,11.53,5.97,0.57,8.41,9.23
1989-06-18,12.6,5.78,9.49,5.03,0.58,8.11,7.64
1989-06-19,14.24,4.95,8.49,0.53,0.58,6.82,8.58
1989-06-20,13.13,3.62,7.42,0.11,0.58,5.24,8.42
1989-06-21,12.81,2.89,6.3,0.2,0.57,4.87,9.55
1989-06-22,11.74,2.46,6.75,0.45,0.57,5.02,9.17
1989-06-23,9.97,3.49,6.58,9.89,0.59,4.69,7.44
1989-06-24,11.8,1.89,6.34,1.07,0.59,3.97,7.81
1989-06-25,12.14,5.65,8.45,4.47,0.59,6.89,7.66
1989-06-26,12.12,5.01,8.18,1.54,0.59,6.63,7.24
1989-06-27,13.33,3.88,8.39,0.01,0.59,4.73,6.73
1989-06-28,14.02,1.83,7.02,0.02,0.59,4.39,10.26
1989-06-29,14.09,5.66,8.83,0.03,0.59,6.6,7.52
1989-06-30,16.12,5.98,10.37,0.01,0.59,7.55,9.61
1989-07-01,15.58,7.22,10.57,1.86,0.59,8.02,5.69
1989-07-02,14.51,8.55,10.89,2.33,0.59,9.08,8.12
1989-07-03,12.32,4.85,8.61,7.37,0.6,7.64,5.55
1989-07-04,10.31,3.76,6.43,3.29,0.6,4.97,9.11
1989-07-05,11.95,3.45,7.84,9.19,0.61,5.59,8.3
1989-07-06,11.31,7.18,8.7,4.95,0.63,5.76,8.63
1989-07-07,12.57,8.03,10.0,1.6,0.62,8.64,7.58
1989-07-08,13.21,7.33,9.89,0.46,0.62,6.49,5.16
1989-07-09,10.13,6.21,7.97,14.36,0.63,6.54,5.29
1989-07-10,11.7,7.03,8.86,4.86,0.65,7.4,8.22
1989-07-11,12.34,4.57,8.3,0.95,0.65,6.95,7.85
1989-07-12,11.4,3.71,7.2,0.39,0.65,4.77,7.6
1989-07-13,11.94,3.44,6.76,0.05,0.64,4.91,10.14
1989-07-14,12.95,1.09,5.99,0.0,0.64,2.44,10.71
1989-07-15,13.05,2.73,6.9,0.1,0.64,2.9,10.53
1989-07-16,8.08,2.41,4.84,0.42,0.64,2.96,8.53
1989-07-17,10.06,0.75,5.56,0.22,0.64,4.4,7.72
1989-07-18,11.74,4.85,7.42,0.99,0.64,6.5,8.93
1989-07-19,9.47,4.28,6.34,1.36,0.64,5.67,10.98
1989-07-20,12.43,3.38,6.81,0.21,0.64,5.7,9.83
1989-07-21,13.19,3.58,7.01,0.06,0.64,4.63,10.23
1989-07-22,9.78,3.13,6.27,1.58,0.63,5.03,5.91
1989-07-23,11.83,1.81,5.79,0.06,0.63,2.99,9.6
1989-07-24,14.36,0.87,6.62,0.07,0.63,5.89,10.81
1989-07-25,13.54,4.2,7.37,0.02,0.63,6.54,10.03
1989-07-26,14.38,4.56,8.57,0.16,0.63,6.33,11.84
1989-07-27,16.37,6.87,10.72,0.14,0.63,6.89,7.93
1989-07-28,11.7,7.26,9.85,13.26,0.64,8.01,3.56
1989-07-29,14.57,6.74,10.99,4.55,0.65,9.48,8.56
1989-07-30,12.93,5.76,8.95,15.67,0.66,8.15,9.02
1989-07-31,10.58,5.92,7.65,4.03,0.68,4.93,10.72
1989-08-01,13.48,7.85,9.98,0.82,0.68,8.38,9.55
1989-08-02,13.78,6.36,9.09,0.16,0.67,6.35,8.36
1989-08-03,14.26,5.15,8.55,0.31,0.67,4.09,9.88
1989-08-04,9.82,4.73,6.99,14.49,0.68,6.03,5.34
1989-08-05,11.48,5.81,8.45,2.17,0.69,7.07,9.42
1989-08-06,11.89,6.14,8.84,7.33,0.69,6.46,10.19
1989-08-07,9.32,3.71,6.34,3.7,0.7,3.95,9.28
1989-08-08,13.45,5.13,9.86,4.57,0.71,8.68,10.59
1989-08-09,13.94,8.17,10.77,4.25,0.71,9.63,10.18
1989-08-10,13.96,3.3,10.15,2.12,0.71,8.4,11.04
1989-08-11,12.39,1.3,6.15,0.05,0.71,3.73,9.31
1989-08-12,12.2,0.22,5.58,0.04,0.7,3.63,10.4
1989-08-13,12.76,-0.22,5.54,0.03,0.7,2.98,14.16
1989-08-14,14.5,1.15,7.01,0.06,0.7,3.42,14.16
1989-08-15,12.36,5.85,8.48,3.4,0.7,6.29,11.73
1989-08-16,12.17,3.98,8.03,3.08,0.7,6.68,13.3
1989-08-17,13.88,3.79,7.53,0.34,0.7,5.74,12.08
1989-08-18,14.46,4.49,8.98,0.05,0.7,5.92,13.95
1989-08-19,12.32,4.91,8.7,5.43,0.7,6.5,6.76
1989-08-20,13.61,4.49,8.11,0.74,0.7,5.9,13.37
1989-08-21,12.59,5.33,8.69,8.02,0.7,7.71,10.59
1989-08-22,10.3,3.52,6.77,3.76,0.71,4.95,13.42
1989-08-23,12.07,3.56,7.08,0.9,0.71,4.79,14.0
1989-08-24,11.21,4.21,7.55,0.76,0.71,5.23,10.93
1989-08-25,12.31,5.8,8.31,4.58,0.71,6.14,12.72
1989-08-26,10.15,2.43,6.28,7.49,0.72,4.12,12.47
1989-08-27,9.74,2.05,5.74,2.39,0.72,4.32,12.76
1989-08-28,10.54,2.69,6.99,6.37,0.73,5.66,9.3
1989-08-29,11.89,6.97,9.43,5.14,0.73,7.67,11.56
1989-08-30,16.42,6.45,11.33,4.88,0.74,8.54,15.17
1989-08-31,11.74,7.89,9.96,3.69,0.74,7.32,12.77
1989-09-01,16.02,6.51,11.54,1.26,0.74,9.47,12.58
1989-09-02,15.35,6.2,10.49,0.02,0.73,7.53,12.6
1989-09-03,17.37,4.88,10.49,0.55,0.73,7.64,15.68
1989-09-04,16.57,6.28,10.55,0.17,0.73,9.04,13.48
1989-09-05,18.38,5.18,11.22,0.06,0.72,8.95,18.04
1989-09-06,17.82,5.03,10.85,0.08,0.72,8.47,17.43
1989-09-07,20.08,6.0,12.37,0.0,0.71,7.57,17.91
1989-09-08,21.2,7.44,13.74,0.39,0.7,8.56,15.56
1989-09-09,14.02,7.44,10.75,1.55,0.7,7.26,15.17
1989-09-10,10.97,5.21,7.81,11.39,0.71,6.0,7.1
1989-09-11,10.94,4.53,7.66,14.21,0.73,6.2,10.62
1989-09-12,12.12,6.91,9.14,0.98,0.73,6.18,15.15
1989-09-13,13.53,5.16,8.93,1.33,0.73,5.54,16.64
1989-09-14,13.55,4.34,8.66,1.38,0.72,6.04,16.24
1989-09-15,15.33,6.5,10.07,0.22,0.72,6.59,17.01
1989-09-16,19.23,4.84,11.33,0.11,0.72,7.11,16.58
1989-09-17,15.07,5.98,10.77,2.71,0.71,8.84,17.82
1989-09-18,14.02,6.54,10.35,1.06,0.71,8.53,14.37
1989-09-19,16.02,6.98,10.76,0.33,0.71,8.72,15.81
1989-09-20,17.78,5.68,12.28,0.18,0.71,9.53,15.24
1989-09-21,21.21,6.54,13.26,1.38,0.7,9.76,16.62
1989-09-22,14.57,8.16,11.14,2.18,0.7,9.0,16.09
1989-09-23,17.64,6.45,11.73,0.14,0.7,8.27,19.69
1989-09-24,23.21,7.39,14.38,2.61,0.69,9.88,17.94
1989-09-25,11.23,5.09,8.21,3.77,0.69,4.42,12.99
1989-09-26,14.82,4.17,9.37,0.15,0.69,5.7,16.53
1989-09-27,16.65,6.64,11.17,0.01,0.68,6.79,19.56
1989-09-28,21.27,5.35,13.25,0.05,0.67,7.01,23.3
1989-09-29,20.67,8.03,13.55,0.69,0.67,9.66,15.37
1989-09-30,18.19,8.19,11.93,0.41,0.67,9.18,18.73
1989-10-01,12.55,3.82,8.91,1.36,0.66,5.11,19.5
1989-10-02,15.17,1.92,8.47,0.07,0.66,3.93,21.79
1989-10-03,16.33,3.1,10.03,3.39,0.66,4.57,13.4
1989-10-04,17.21,7.09,12.55,1.45,0.65,8.93,17.15
1989-10-05,16.76,6.66,12.01,4.77,0.66,9.53,13.65
1989-10-06,17.65,4.46,11.24,0.0,0.65,5.26,23.6
1989-10-07,22.86,8.23,12.43,6.73,0.65,7.43,13.24
1989-10-08,13.36,8.0,10.19,1.57,0.65,5.76,19.88
1989-10-09,14.22,7.41,10.01,4.06,0.65,7.09,18.17
1989-10-10,14.87,8.23,10.9,0.41,0.65,7.76,18.84
1989-10-11,17.64,7.31,12.41,1.08,0.64,9.22,18.07
1989-10-12,14.82,10.28,12.16,6.5,0.65,8.38,20.0
1989-10-13,17.07,9.61,13.15,8.03,0.65,10.4,19.58
1989-10-14,17.95,7.09,12.37,0.0,0.65,7.23,23.84
1989-10-15,21.45,7.84,12.5,0.81,0.64,7.53,17.41
1989-10-16,17.12,5.17,10.89,0.01,0.63,6.15,23.79
1989-10-17,20.5,5.56,13.28,0.01,0.63,7.4,20.11
1989-10-18,21.71,9.49,15.68,0.01,0.62,9.95,27.19
1989-10-19,19.14,9.15,13.05,1.85,0.61,9.92,14.46
1989-10-20,16.68,7.49,11.72,0.13,0.61,8.58,18.5
1989-10-21,18.64,6.59,11.94,0.0,0.6,8.08,24.19
1989-10-22,19.73,5.54,12.7,0.0,0.6,8.87,25.12
1989-10-23,20.65,7.09,13.21,0.0,0.59,8.34,28.56
1989-10-24,20.34,6.33,13.16,3.53,0.59,8.21,23.42
1989-10-25,21.35,7.76,14.85,1.06,0.59,9.58,23.6
1989-10-26,16.95,6.98,11.64,2.51,0.58,7.36,18.5
1989-10-27,15.09,6.98,10.7,0.99,0.58,6.2,23.93
1989-10-28,18.73,6.04,12.4,0.3,0.58,8.16,24.58
1989-10-29,24.98,7.95,16.8,0.0,0.57,7.52,30.11
1989-10-30,19.19,7.12,13.1,6.81,0.56,7.34,10.85
1989-10-31,16.35,7.06,10.77,0.44,0.57,5.41,24.02
1989-11-01,17.08,7.94,12.27,0.74,0.56,8.12,18.25
1989-11-02,19.18,6.46,12.61,0.04,0.56,7.32,23.25
1989-11-03,22.87,5.35,14.46,0.0,0.55,7.4,29.33
1989-11-04,27.45,9.97,19.06,0.1,0.54,8.56,29.22
1989-11-05,21.84,8.79,15.49,4.63,0.54,9.92,14.81
1989-11-06,16.19,5.76,11.49,0.08,0.54,6.64,22.04
1989-11-07,19.83,9.39,13.97,0.22,0.54,8.78,21.02
1989-11-08,17.3,5.72,12.28,0.56,0.53,6.47,24.16
1989-11-09,16.2,5.89,10.93,0.07,0.53,5.88,16.93
1989-11-10,19.9,6.12,12.74,0.02,0.52,7.06,23.13
1989-11-11,21.24,5.27,13.74,0.0,0.52,7.18,30.01
1989-11-12,24.74,6.58,15.93,0.0,0.51,7.48,31.45
1989-11-13,28.73,8.35,19.21,0.0,0.5,8.46,22.32
1989-11-14,30.01,12.12,21.31,0.05,0.5,10.14,23.51
1989-11-15,29.32,14.74,21.68,0.57,0.49,14.3,12.78
1989-11-16,28.44,12.2,19.86,0.08,0.49,13.84,24.18
1989-11-17,20.1,9.28,14.67,0.21,0.48,8.79,16.67
1989-11-18,20.62,9.23,14.49,0.12,0.48,8.48,20.61
1989-11-19,23.31,8.47,15.65,0.05,0.48,8.54,23.59
1989-11-20,27.72,7.35,17.66,0.0,0.47,6.88,32.74
1989-11-21,32.72,11.8,22.14,0.0,0.47,8.59,32.47
1989-11-22,34.69,15.46,25.33,0.01,0.46,9.15,29.28
1989-11-23,28.21,14.51,20.73,0.03,0.46,12.15,23.65
1989-11-24,27.12,11.64,18.8,0.05,0.45,8.62,30.1
1989-11-25,28.87,9.26,19.18,0.0,0.45,7.2,31.64
1989-11-26,33.3,11.94,23.57,0.1,0.45,12.57,31.35
1989-11-27,34.69,18.29,26.46,2.39,0.44,14.81,26.42
1989-11-28,34.84,19.31,25.56,1.58,0.44,15.67,26.78
1989-11-29,29.15,19.17,24.39,2.5,0.44,16.11,21.13
1989-11-30,29.73,19.01,24.04,3.73,0.45,16.58,30.29
1989-12-01,33.12,15.91,23.74,9.0,0.45,16.51,9.9
1989-12-02,19.53,11.41,15.93,0.6,0.46,8.28,24.89
1989-12-03,21.93,11.41,15.18,0.58,0.46,6.33,21.67
1989-12-04,22.96,9.96,15.68,0.01,0.45,6.08,25.59
1989-12-05,28.31,9.36,18.47,0.0,0.45,6.09,33.9
1989-12-06,29.86,8.85,19.25,0.03,0.44,5.4,34.06
1989-12-07,34.34,11.58,23.25,0.0,0.44,8.81,33.79
1989-12-08,36.72,14.71,26.12,0.0,0.43,8.69,33.47
1989-12-09,37.92,17.4,27.63,0.02,0.43,9.34,31.66
1989-12-10,26.73,13.92,20.89,0.08,0.43,13.67,24.42
1989-12-11,27.19,11.97,18.47,0.01,0.42,9.06,32.27
1989-12-12,25.45,12.64,18.55,0.04,0.42,7.21,30.42
1989-12-13,22.75,10.39,15.52,1.18,0.42,6.6,24.78
1989-12-14,21.21,9.23,14.88,0.11,0.42,4.85,25.14
1989-12-15,24.34,8.72,16.44,0.02,0.42,6.29,22.07
1989-12-16,29.88,10.13,20.11,0.01,0.42,5.58,33.8
1989-12-17,35.04,12.49,24.52,0.0,0.41,5.11,31.57
1989-12-18,34.86,15.83,25.28,0.0,0.41,9.45,27.45
1989-12-19,25.76,13.13,18.26,0.04,0.41,8.8,28.96
1989-12-20,22.95,9.18,15.4,0.01,0.41,2.98,30.98
1989-12-21,26.57,7.28,17.35,0.0,0.4,3.06,32.28
1989-12-22,31.69,9.59,21.4,0.0,0.4,4.6,32.34
1989-12-23,35.11,15.41,25.09,0.08,0.4,8.09,17.83
1989-12-24,37.89,17.84,28.74,0.0,0.4,7.54,28.76
1989-12-25,33.42,16.19,24.63,0.66,0.39,9.17,13.83
1989-12-26,21.87,13.91,16.7,0.6,0.39,8.5,22.96
1989-12-27,19.25,12.52,15.51,0.87,0.39,6.88,22.85
1989-12-28,27.69,10.09,18.76,0.01,0.39,4.94,31.43
1989-12-29,33.25,12.67,22.43,0.0,0.39,5.46,31.58
1989-12-30,32.82,12.48,22.8,0.01,0.39,6.8,31.29
1989-12-31,37.14,15.43,24.85,0.26,0.39,7.63,22.13
1990-01-01,32.71,11.99,22.56,0.0,0.39,5.74,33.99
1990-01-02,36.11,16.61,28.05,0.0,0.39,5.87,25.87
1990-01-03,28.96,13.31,22.41,0.03,0.38,8.68,26.4
1990-01-04,27.1,11.25,19.47,0.01,0.38,4.48,30.2
1990-01-05,30.59,14.25,21.04,0.01,0.38,5.68,32.04
1990-01-06,28.59,12.58,20.09,0.0,0.38,5.84,25.37
1990-01-07,27.66,14.81,20.51,0.0,0.38,7.08,21.41
1990-01-08,32.59,15.43,23.18,0.0,0.38,5.6,30.22
1990-01-09,32.54,15.14,24.65,0.26,0.38,13.24,27.9
1990-01-10,34.46,21.53,25.58,12.4,0.39,18.38,14.48
1990-01-11,37.15,17.36,26.4,1.23,0.4,17.67,30.7
1990-01-12,31.16,14.84,21.96,0.0,0.4,9.11,33.32
1990-01-13,27.78,13.07,19.89,0.0,0.4,8.5,29.67
1990-01-14,26.03,11.46,18.01,0.0,0.39,6.5,24.76
1990-01-15,25.55,10.06,16.94,0.2,0.39,5.46,29.87
1990-01-16,25.17,7.97,16.81,0.04,0.39,2.48,32.72
1990-01-17,32.07,9.78,20.64,2.38,0.39,6.55,24.78
1990-01-18,26.99,13.66,20.06,0.11,0.39,8.91,29.36
1990-01-19,27.95,12.36,19.23,0.0,0.39,7.15,31.13
1990-01-20,26.3,12.25,18.86,0.04,0.39,8.84,27.49
1990-01-21,29.15,9.73,19.84,0.0,0.39,5.38,32.3
1990-01-22,34.52,13.09,24.94,0.0,0.39,4.62,31.65
1990-01-23,40.35,18.96,30.2,0.0,0.38,2.7,31.61
1990-01-24,31.91,15.76,25.25,0.01,0.38,8.74,27.98
1990-01-25,33.42,13.55,23.0,0.0,0.38,6.18,31.32
1990-01-26,35.98,14.63,24.19,0.0,0.38,9.42,30.53
1990-01-27,27.57,15.37,20.09,0.02,0.38,11.31,16.9
1990-01-28,25.05,13.33,18.83,0.03,0.38,6.92,27.54
1990-01-29,28.08,11.39,19.99,0.0,0.38,1.4,30.05
1990-01-30,38.43,16.07,25.13,0.13,0.38,4.61,19.67
1990-01-31,18.18,12.15,15.37,1.68,0.38,6.5,13.17
1990-02-01,21.15,10.78,15.18,0.79,0.38,7.49,20.39
1990-02-02,24.12,12.55,17.33,0.4,0.38,6.53,15.19
1990-02-03,23.91,12.66,16.91,0.01,0.38,6.76,16.4
1990-02-04,25.0,13.09,17.85,0.01,0.38,6.64,23.84
1990-02-05,26.21,12.38,17.99,0.02,0.38,6.86,21.0
1990-02-06,24.43,10.22,16.83,0.16,0.38,7.63,20.34
1990-02-07,28.12,11.44,19.37,0.31,0.38,9.32,24.06
1990-02-08,28.74,14.21,21.16,3.39,0.38,10.7,20.51
1990-02-09,23.17,15.0,19.37,3.86,0.39,12.54,18.79
1990-02-10,25.19,12.59,17.88,0.02,0.39,8.61,24.14
1990-02-11,26.42,10.75,18.63,0.04,0.39,9.2,23.88
1990-02-12,29.77,13.18,21.46,0.0,0.39,9.39,29.74
1990-02-13,33.14,13.88,24.51,0.0,0.39,8.9,29.41
1990-02-14,32.74,18.96,25.83,0.0,0.38,7.86,15.76
1990-02-15,38.76,21.0,29.17,0.02,0.38,7.18,24.53
1990-02-16,34.07,17.42,25.19,1.04,0.38,10.6,13.59
1990-02-17,24.6,14.16,18.48,0.07,0.38,8.52,26.34
1990-02-18,26.26,13.17,19.21,0.15,0.38,11.3,24.26
1990-02-19,29.41,11.65,19.89,0.01,0.38,8.87,28.75
1990-02-20,35.16,13.75,24.23,0.0,0.38,5.91,27.88
1990-02-21,34.28,16.37,24.91,0.02,0.38,6.99,22.05
1990-02-22,31.39,15.91,23.74,0.0,0.38,10.01,27.52
1990-02-23,29.28,12.39,20.33,0.0,0.38,6.83,27.28
1990-02-24,30.91,12.48,21.49,0.02,0.38,6.39,26.8
1990-02-25,32.38,15.03,23.09,0.0,0.38,8.32,22.9
1990-02-26,35.19,15.95,25.25,0.29,0.38,11.12,18.68
1990-02-27,27.17,17.68,22.88,3.4,0.38,14.06,19.32
1990-02-28,30.0,15.59,22.58,1.14,0.39,14.15,17.53
1990-03-01,32.51,14.78,23.34,0.0,0.39,11.22,24.42
1990-03-02,33.25,18.52,25.66,0.0,0.38,13.93,24.49
1990-03-03,36.63,19.86,27.68,0.0,0.38,13.39,25.14
1990-03-04,37.24,19.89,28.1,0.0,0.38,12.31,25.37
1990-03-05,32.89,17.45,24.88,0.0,0.38,11.26,20.75
1990-03-06,25.71,12.42,18.6,0.0,0.38,8.27,23.14
1990-03-07,25.26,10.5,17.49,0.0,0.38,2.01,22.97
1990-03-08,34.71,14.33,23.35,0.01,0.38,2.0,24.8
1990-03-09,27.81,15.01,20.14,0.03,0.38,11.16,24.05
1990-03-10,29.05,15.02,19.32,0.91,0.38,10.63,9.19
1990-03-11,21.13,12.36,16.71,0.17,0.38,6.38,18.86
1990-03-12,23.4,9.28,16.16,0.0,0.38,4.1,22.02
1990-03-13,27.79,9.36,18.58,0.0,0.38,3.29,23.5
1990-03-14,26.36,12.57,18.56,0.0,0.38,7.57,18.15
1990-03-15,23.12,10.45,16.43,0.01,0.38,5.25,20.15
1990-03-16,26.03,7.6,16.34,0.0,0.38,1.55,23.3
1990-03-17,27.47,10.26,17.83,0.0,0.38,6.18,21.92
1990-03-18,22.89,10.02,15.68,0.0,0.38,6.11,21.56
1990-03-19,26.95,9.07,17.63,0.0,0.38,5.66,22.83
1990-03-20,25.1,9.94,17.53,0.0,0.38,5.51,21.55
1990-03-21,31.79,12.15,21.96,0.0,0.38,5.55,21.61
1990-03-22,33.5,16.98,25.1,0.02,0.38,5.12,20.8
1990-03-23,31.98,17.96,25.09,0.37,0.38,9.79,13.28
1990-03-24,33.76,20.38,26.62,0.96,0.38,10.71,15.36
1990-03-25,34.93,21.49,27.86,0.03,0.38,8.56,21.0
1990-03-26,35.36,20.96,28.16,0.05,0.38,8.67,17.85
1990-03-27,29.85,14.89,22.39,6.7,0.38,11.85,10.22
1990-03-28,23.43,12.55,17.09,0.08,0.39,7.3,18.65
1990-03-29,25.33,10.98,17.51,0.04,0.39,9.93,17.89
1990-03-30,25.27,10.55,17.3,0.0,0.39,7.97,20.84
1990-03-31,24.3,9.28,16.16,0.0,0.39,7.61,20.23
1990-04-01,24.65,8.62,16.0,0.02,0.39,9.96,15.27
1990-04-02,23.85,11.61,16.75,0.02,0.38,6.99,20.14
1990-04-03,27.12,8.26,17.19,0.0,0.38,5.79,20.13
1990-04-04,30.54,11.81,21.43,0.0,0.38,8.03,19.37
1990-04-05,30.33,15.31,23.02,0.0,0.38,6.49,18.82
1990-04-06,25.74,12.37,18.83,0.0,0.38,8.1,18.56
1990-04-07,22.95,9.3,15.71,0.24,0.38,7.02,17.56
1990-04-08,23.44,9.13,15.58,0.03,0.38,6.53,18.63
1990-04-09,25.31,8.37,16.42,0.02,0.38,8.6,17.06
1990-04-10,27.21,10.5,17.97,0.05,0.38,9.06,16.19
1990-04-11,28.09,11.94,18.48,0.16,0.38,10.98,13.5
1990-04-12,28.77,10.12,19.1,0.13,0.38,8.12,17.03
1990-04-13,24.02,14.13,18.84,2.22,0.38,8.22,6.61
1990-04-14,20.92,9.82,15.47,1.02,0.39,8.25,14.33
1990-04-15,20.67,7.61,13.68,0.02,0.38,5.62,13.73
1990-04-16,21.12,7.2,13.77,0.01,0.38,5.86,15.8
1990-04-17,21.32,7.12,13.88,0.02,0.38,7.15,14.22
1990-04-18,21.61,8.62,14.72,0.0,0.38,8.6,16.57
1990-04-19,25.18,9.43,16.35,0.01,0.38,8.79,16.66
1990-04-20,18.3,11.15,14.86,0.77,0.38,11.09,8.16
1990-04-21,22.48,11.28,16.61,0.63,0.38,10.88,10.45
1990-04-22,21.26,9.75,14.36,0.0,0.38,7.56,11.69
1990-04-23,21.53,9.58,15.22,0.24,0.38,8.49,12.98
1990-04-24,21.13,13.8,16.62,1.06,0.38,11.5,11.41
1990-04-25,17.87,11.75,14.67,1.29,0.39,7.76,13.94
1990-04-26,18.71,8.96,13.59,0.02,0.39,5.05,13.75
1990-04-27,20.08,7.55,12.65,0.01,0.39,5.8,13.87
1990-04-28,23.57,8.48,15.24,0.65,0.38,6.22,11.93
1990-04-29,19.36,11.52,14.05,1.85,0.39,9.93,11.35
1990-04-30,23.04,12.0,15.94,0.03,0.39,9.55,14.77
1990-05-01,26.99,12.86,17.96,0.0,0.39,8.19,14.6
1990-05-02,21.37,11.35,15.21,0.05,0.39,10.95,13.31
1990-05-03,24.55,9.06,16.57,0.04,0.39,8.92,12.33
1990-05-04,27.26,15.88,20.38,0.01,0.38,5.33,11.66
1990-05-05,20.82,12.86,16.78,0.29,0.38,11.44,7.33
1990-05-06,19.53,10.36,14.24,0.05,0.38,6.57,10.27
1990-05-07,19.42,10.23,13.84,0.04,0.38,4.5,10.6
1990-05-08,20.66,8.96,13.61,0.0,0.38,3.65,10.77
1990-05-09,24.48,11.41,17.2,0.32,0.38,9.27,9.41
1990-05-10,21.3,10.47,14.72,0.38,0.38,9.83,11.27
1990-05-11,22.57,9.75,15.75,0.09,0.38,8.66,11.75
1990-05-12,20.5,8.15,13.94,0.21,0.38,9.04,11.89
1990-05-13,16.16,4.54,9.51,0.0,0.38,3.5,11.58
1990-05-14,15.06,4.45,9.76,0.57,0.38,3.6,9.89
1990-05-15,19.83,8.92,13.19,0.23,0.38,3.36,11.62
1990-05-16,18.0,10.56,14.1,7.98,0.39,8.7,7.04
1990-05-17,16.65,6.76,12.04,0.93,0.4,8.52,8.87
1990-05-18,16.19,5.04,9.91,0.03,0.4,4.57,9.76
1990-05-19,14.44,6.39,10.2,0.02,0.4,6.05,6.86
1990-05-20,15.65,5.32,9.7,0.02,0.4,3.35,9.32
1990-05-21,13.92,3.17,7.93,0.0,0.4,2.24,9.68
1990-05-22,15.03,4.47,9.33,0.02,0.4,4.24,9.18
1990-05-23,17.4,6.2,11.47,0.02,0.4,6.08,9.87
1990-05-24,15.16,9.13,11.31,0.59,0.4,6.38,8.38
1990-05-25,16.07,8.26,11.43,0.31,0.4,8.41,8.23
1990-05-26,16.68,7.26,11.92,0.07,0.4,7.47,7.14
1990-05-27,16.19,5.57,10.65,0.0,0.4,5.04,10.01
1990-05-28,17.95,4.74,9.93,0.01,0.39,3.61,9.87
1990-05-29,18.38,3.16,10.3,0.06,0.39,5.58,6.9
1990-05-30,14.68,9.75,12.06,0.41,0.39,9.69,6.76
1990-05-31,15.4,9.05,11.45,1.97,0.4,8.34,10.54
1990-06-01,15.25,8.21,11.03,2.34,0.4,6.53,8.18
1990-06-02,15.17,9.27,11.47,5.51,0.41,8.18,9.11
1990-06-03,16.0,7.85,11.42,1.26,0.41,8.22,8.32
1990-06-04,16.0,6.21,9.75,0.18,0.41,6.84,9.98
1990-06-05,16.1,5.23,9.34,0.02,0.41,6.29,9.83
1990-06-06,17.1,5.48,9.46,0.02,0.41,4.96,10.54
1990-06-07,15.92,5.6,10.3,0.01,0.41,7.49,6.08
1990-06-08,19.11,7.13,12.53,0.0,0.41,6.97,9.96
1990-06-09,18.32,9.48,13.55,0.98,0.41,9.52,6.78
1990-06-10,16.84,8.76,11.58,0.01,0.41,6.65,8.79
1990-06-11,19.41,6.79,12.74,0.04,0.41,7.31,7.95
1990-06-12,15.14,6.08,11.4,6.1,0.41,9.31,4.74
1990-06-13,15.05,5.89,9.52,0.34,0.42,6.14,9.2
1990-06-14,16.36,3.91,8.99,0.42,0.42,3.8,9.23
1990-06-15,16.74,3.23,9.58,2.64,0.42,3.54,6.72
1990-06-16,14.58,7.14,9.84,2.78,0.43,7.67,9.45
1990-06-17,12.59,3.36,7.45,0.41,0.43,3.66,8.14
1990-06-18,13.78,3.24,7.96,0.33,0.43,5.38,9.18
1990-06-19,14.92,5.11,8.45,0.55,0.42,5.28,8.23
1990-06-20,15.53,3.88,8.55,0.15,0.42,5.9,10.32
1990-06-21,15.48,7.21,11.02,0.77,0.42,8.33,7.18
1990-06-22,15.63,10.15,11.65,1.18,0.42,8.79,5.72
1990-06-23,15.46,5.95,10.27,0.4,0.43,4.6,7.75
1990-06-24,8.78,2.18,6.03,7.59,0.43,2.76,4.29
1990-06-25,11.67,3.37,7.35,1.2,0.44,4.2,8.68
1990-06-26,11.5,5.82,8.69,11.8,0.46,5.92,8.19
1990-06-27,7.66,4.39,6.28,21.66,0.49,4.79,4.87
1990-06-28,11.87,3.2,8.21,5.26,0.5,6.17,8.27
1990-06-29,14.11,8.2,10.51,3.73,0.51,9.02,6.71
1990-06-30,13.99,4.46,8.97,0.93,0.51,4.24,8.85
1990-07-01,9.45,4.75,6.98,14.57,0.52,5.74,4.21
1990-07-02,9.83,2.85,6.66,8.65,0.54,4.94,7.53
1990-07-03,12.1,2.79,7.94,3.52,0.54,6.51,7.52
1990-07-04,13.47,8.11,10.75,11.82,0.55,8.91,7.46
1990-07-05,9.15,5.05,6.9,6.35,0.57,4.76,6.32
1990-07-06,11.36,4.41,8.77,1.44,0.57,6.56,8.02
1990-07-07,13.23,9.64,10.74,1.42,0.57,8.46,7.88
1990-07-08,13.43,8.75,10.41,1.49,0.57,8.51,5.96
1990-07-09,12.82,7.12,9.47,2.07,0.57,8.29,7.58
1990-07-10,14.84,5.11,9.46,0.15,0.57,7.16,8.96
1990-07-11,12.14,5.35,8.57,0.96,0.57,6.13,6.32
1990-07-12,11.88,7.57,9.2,3.83,0.57,8.12,4.85
1990-07-13,14.51,7.47,10.15,0.41,0.57,8.03,8.87
1990-07-14,15.03,6.25,10.26,1.44,0.57,8.63,8.51
1990-07-15,15.69,4.56,10.21,4.34,0.57,8.12,7.49
1990-07-16,17.97,5.47,11.06,0.19,0.58,7.76,10.77
1990-07-17,17.96,10.18,13.13,6.47,0.58,10.85,7.14
1990-07-18,12.63,7.43,9.37,3.82,0.59,6.82,6.84
1990-07-19,12.67,6.08,10.06,5.32,0.6,7.87,9.98
1990-07-20,13.35,5.03,8.97,7.04,0.59,5.5,8.28
1990-07-21,13.99,6.56,9.95,2.02,0.6,7.65,8.96
1990-07-22,15.13,6.3,10.11,0.92,0.6,7.17,8.28
1990-07-23,17.82,6.94,11.31,0.01,0.6,7.02,11.71
1990-07-24,13.52,6.27,9.7,7.81,0.6,6.88,8.87
1990-07-25,11.79,6.46,8.79,10.35,0.62,6.89,7.95
1990-07-26,11.45,3.56,7.03,0.45,0.62,4.96,10.52
1990-07-27,12.42,3.01,7.3,2.45,0.62,6.08,10.43
1990-07-28,12.84,5.25,7.71,1.39,0.62,6.28,10.2
1990-07-29,11.44,4.35,7.57,3.07,0.62,6.46,9.9
1990-07-30,12.2,3.99,7.62,1.45,0.62,6.37,9.18
1990-07-31,14.01,4.16,7.85,0.05,0.62,6.12,11.84
1990-08-01,13.69,5.26,8.31,0.06,0.62,6.41,9.87
1990-08-02,14.55,3.38,8.03,0.09,0.62,5.85,13.19
1990-08-03,10.74,3.55,7.63,4.59,0.62,6.72,5.33
1990-08-04,14.15,7.24,10.3,5.9,0.62,8.73,9.37
1990-08-05,11.11,8.04,9.63,11.95,0.64,7.67,9.06
1990-08-06,12.39,5.56,9.12,1.68,0.65,7.26,11.57
1990-08-07,12.02,5.12,8.25,1.01,0.65,6.26,8.01
1990-08-08,12.76,6.69,8.72,4.0,0.65,7.27,9.14
1990-08-09,11.0,6.05,8.27,5.26,0.65,6.23,8.99
1990-08-10,12.56,4.83,7.98,0.1,0.65,4.56,12.11
1990-08-11,10.02,4.22,7.34,4.7,0.65,5.75,7.23
1990-08-12,12.77,7.27,9.4,7.94,0.67,7.32,11.27
1990-08-13,11.86,6.73,9.1,4.68,0.67,7.6,10.23
1990-08-14,11.68,6.58,8.49,6.86,0.67,7.03,8.09
1990-08-15,12.43,5.26,8.63,1.86,0.68,6.43,10.83
1990-08-16,12.49,5.28,8.42,1.51,0.68,6.2,11.13
1990-08-17,13.45,4.3,7.81,0.16,0.67,5.82,12.5
1990-08-18,14.44,4.3,8.76,0.03,0.67,6.16,12.46
1990-08-19,15.78,6.16,10.83,4.35,0.67,7.96,7.21
1990-08-20,14.88,8.93,11.35,4.8,0.68,9.45,12.58
1990-08-21,11.0,4.46,7.87,7.53,0.69,6.27,7.29
1990-08-22,10.95,4.14,7.55,5.19,0.69,5.28,13.26
1990-08-23,12.55,4.39,8.72,1.18,0.69,6.77,11.6
1990-08-24,13.07,5.57,8.93,0.63,0.69,6.0,12.14
1990-08-25,13.36,3.72,9.4,2.26,0.69,6.88,13.77
1990-08-26,13.32,0.73,6.3,0.02,0.68,3.04,16.91
1990-08-27,14.25,0.9,7.29,0.16,0.68,2.57,14.63
1990-08-28,13.77,4.55,8.83,8.66,0.68,4.61,9.17
1990-08-29,14.47,6.54,9.46,1.67,0.69,7.18,11.4
1990-08-30,13.22,6.61,9.27,2.65,0.69,8.13,12.01
1990-08-31,13.02,4.73,8.08,0.26,0.69,5.72,14.61
1990-09-01,14.39,3.29,9.3,0.57,0.68,6.97,14.45
1990-09-02,13.17,8.71,10.54,6.89,0.69,7.83,13.11
1990-09-03,13.65,9.28,10.88,3.71,0.69,8.73,13.3
1990-09-04,13.04,9.73,10.91,0.91,0.69,9.51,12.76
1990-09-05,14.19,7.68,10.73,0.73,0.69,8.35,12.06
1990-09-06,15.04,6.71,9.86,0.83,0.69,7.9,14.51
1990-09-07,16.64,6.77,11.48,0.06,0.68,8.32,15.11
1990-09-08,18.58,6.99,11.83,0.01,0.68,7.11,17.97
1990-09-09,19.91,6.79,12.85,0.0,0.67,7.73,14.69
1990-09-10,23.47,9.68,15.64,0.0,0.66,9.42,18.97
1990-09-11,18.46,9.4,13.69,14.89,0.66,10.2,10.76
1990-09-12,14.1,6.18,10.0,4.52,0.69,7.57,13.48
1990-09-13,13.05,3.36,7.8,0.11,0.68,2.9,16.41
1990-09-14,14.48,2.27,8.33,0.07,0.68,5.09,13.04
1990-09-15,16.15,5.94,10.44,0.1,0.67,7.66,16.71
1990-09-16,15.99,5.36,9.62,0.0,0.67,6.63,19.58
1990-09-17,18.18,4.83,11.05,0.01,0.66,6.36,19.04
1990-09-18,20.82,6.57,13.23,0.0,0.66,7.5,19.53
1990-09-19,20.52,9.33,14.11,0.0,0.65,8.33,20.63
1990-09-20,20.09,8.84,13.14,6.85,0.65,10.62,19.09
1990-09-21,15.01,7.07,10.1,0.34,0.65,6.19,18.23
1990-09-22,16.69,7.17,11.06,0.02,0.65,6.5,19.43
1990-09-23,21.56,5.9,13.64,0.12,0.64,6.77,22.21
1990-09-24,24.14,10.35,17.91,0.66,0.63,12.98,22.35
1990-09-25,18.04,8.71,13.49,12.22,0.65,11.96,8.77
1990-09-26,14.21,5.03,10.37,3.29,0.65,6.93,18.74
1990-09-27,16.44,4.07,9.84,0.01,0.64,6.04,17.76
1990-09-28,17.15,6.78,11.49,0.32,0.64,8.68,17.78
1990-09-29,18.98,6.91,12.33,0.01,0.63,8.23,21.63
1990-09-30,20.86,5.04,12.5,0.0,0.62,7.03,23.85
1990-10-01,19.95,7.1,12.51,0.03,0.62,7.93,21.39
1990-10-02,17.73,5.85,10.99,0.0,0.61,8.59,17.92
1990-10-03,18.55,5.96,12.15,0.0,0.61,9.35,21.56
1990-10-04,22.91,7.31,14.96,1.8,0.6,11.0,18.03
1990-10-05,18.07,5.27,12.3,1.2,0.6,9.36,13.49
1990-10-06,15.36,3.31,8.77,0.03,0.6,3.35,19.88
1990-10-07,16.33,1.79,9.83,0.21,0.59,4.19,23.05
1990-10-08,14.66,6.16,10.33,0.37,0.59,6.5,11.1
1990-10-09,16.59,5.97,10.24,0.45,0.59,6.24,18.14
1990-10-10,18.23,3.27,11.91,3.53,0.58,7.55,14.59
1990-10-11,14.95,6.56,11.06,0.41,0.58,8.02,12.24
1990-10-12,16.5,5.05,10.13,0.0,0.58,4.25,19.76
1990-10-13,20.59,3.13,11.76,0.0,0.57,3.93,25.12
1990-10-14,17.43,7.58,12.4,1.06,0.57,7.26,12.3
1990-10-15,17.4,6.31,12.51,2.75,0.57,9.64,16.61
1990-10-16,16.98,9.97,13.21,1.98,0.57,9.98,17.64
1990-10-17,19.62,9.68,13.99,0.03,0.56,7.52,22.95
1990-10-18,20.49,8.2,14.02,0.16,0.56,7.59,16.99
1990-10-19,10.92,7.14,8.97,7.24,0.56,6.56,15.87
1990-10-20,15.89,6.94,11.22,5.52,0.57,7.65,18.13
1990-10-21,14.17,7.53,11.56,3.62,0.57,6.57,21.71
1990-10-22,18.97,7.93,12.52,0.1,0.57,7.71,24.01
1990-10-23,21.01,6.3,13.94,0.0,0.56,10.19,24.4
1990-10-24,22.32,7.51,14.56,0.0,0.55,9.47,28.73
1990-10-25,27.79,10.11,19.15,0.0,0.54,9.68,28.91
1990-10-26,29.57,13.03,20.89,0.0,0.53,8.98,28.88
1990-10-27,31.91,13.53,21.75,0.0,0.52,9.14,28.39
1990-10-28,32.29,14.17,21.64,0.0,0.51,11.44,29.27
1990-10-29,27.5,11.9,19.4,0.03,0.51,11.0,17.77
1990-10-30,22.57,10.55,16.57,3.26,0.51,10.95,12.69
1990-10-31,21.36,13.26,16.24,7.95,0.52,12.13,13.91
1990-11-01,20.86,12.58,15.83,1.36,0.52,11.23,29.93
1990-11-02,23.48,12.68,17.1,0.08,0.52,11.69,29.53
1990-11-03,24.79,12.53,18.46,0.01,0.51,11.6,28.7
1990-11-04,29.93,11.12,20.91,0.0,0.5,12.37,30.63
1990-11-05,35.29,17.24,24.82,0.0,0.49,12.21,28.01
1990-11-06,34.41,17.87,25.8,0.05,0.49,12.82,15.09
1990-11-07,25.24,15.83,21.34,0.0,0.48,10.86,24.98
1990-11-08,27.85,11.97,19.56,3.96,0.48,11.55,17.44
1990-11-09,20.73,11.88,15.35,1.86,0.48,9.95,19.45
1990-11-10,15.97,9.15,12.31,1.43,0.48,4.04,23.73
1990-11-11,20.81,8.37,13.86,0.0,0.48,5.2,30.21
1990-11-12,27.65,6.71,17.83,0.06,0.47,5.3,31.25
1990-11-13,31.93,12.65,20.98,0.01,0.46,5.31,31.26
1990-11-14,23.39,10.53,16.14,0.0,0.46,6.57,31.35
1990-11-15,21.77,7.26,14.78,0.11,0.46,6.71,30.85
1990-11-16,21.4,8.91,14.02,0.0,0.46,4.02,26.81
1990-11-17,21.59,4.72,13.33,0.0,0.45,2.75,31.25
1990-11-18,22.38,5.28,14.27,0.0,0.45,3.3,31.27
1990-11-19,26.71,6.45,16.9,0.0,0.45,5.14,31.93
1990-11-20,33.65,11.23,22.68,0.0,0.44,5.13,32.42
1990-11-21,21.16,13.66,17.78,0.13,0.44,7.98,25.88
1990-11-22,20.35,10.4,15.1,1.02,0.44,7.31,23.79
1990-11-23,19.27,8.73,13.62,0.18,0.44,6.12,23.56
1990-11-24,19.3,9.86,14.46,0.04,0.43,5.65,22.26
1990-11-25,23.79,8.33,16.13,0.08,0.43,8.95,27.33
1990-11-26,28.53,11.86,19.54,0.17,0.43,10.5,28.74
1990-11-27,34.11,12.48,23.43,0.0,0.43,7.6,32.47
1990-11-28,32.12,14.59,22.87,0.01,0.42,9.81,27.24
1990-11-29,31.67,13.38,21.89,0.0,0.42,8.13,32.22
1990-11-30,34.75,9.39,22.16,0.0,0.42,3.66,32.64
1990-12-01,34.57,12.95,24.36,0.0,0.41,7.04,24.68
1990-12-02,30.78,14.47,22.97,0.01,0.41,11.64,30.97
1990-12-03,33.93,13.32,23.39,0.0,0.41,11.3,29.92
1990-12-04,37.02,16.45,26.65,0.01,0.41,10.46,29.97
1990-12-05,33.12,16.75,24.43,1.15,0.4,10.55,13.73
1990-12-06,28.11,16.5,21.92,3.58,0.41,14.14,14.64
1990-12-07,25.92,13.06,19.51,0.97,0.41,11.37,21.09
1990-12-08,24.82,12.62,17.08,0.23,0.41,9.27,19.86
1990-12-09,17.38,10.04,13.31,11.04,0.41,6.92,23.78
1990-12-10,21.29,9.36,14.41,2.69,0.43,6.65,25.49
1990-12-11,20.2,7.89,14.26,0.01,0.43,6.72,23.9
1990-12-12,21.7,10.73,15.24,0.17,0.43,7.44,27.44
1990-12-13,22.62,9.86,15.49,0.04,0.42,6.59,24.99
1990-12-14,22.34,9.98,15.57,0.03,0.42,6.8,23.7
1990-12-15,25.6,8.49,16.62,0.0,0.42,7.05,26.38
1990-12-16,30.49,12.07,22.06,0.0,0.42,9.3,25.67
1990-12-17,35.14,15.35,25.42,0.0,0.41,8.68,29.09
1990-12-18,27.43,14.55,20.98,0.13,0.41,10.81,18.17
1990-12-19,33.89,14.25,22.94,0.37,0.41,12.65,23.42
1990-12-20,30.28,12.41,21.1,0.01,0.41,9.42,31.1
1990-12-21,31.45,13.36,22.83,0.0,0.4,8.9,34.39
1990-12-22,29.49,14.51,20.89,2.09,0.4,10.49,23.66
1990-12-23,21.06,10.74,15.73,0.31,0.4,6.21,25.78
1990-12-24,24.33,11.35,17.03,0.01,0.4,5.87,33.36
1990-12-25,28.16,10.75,18.4,0.0,0.4,8.51,33.66
1990-12-26,28.1,10.82,19.94,0.0,0.4,8.12,29.57
1990-12-27,26.06,14.65,21.34,0.0,0.4,9.36,30.92
1990-12-28,26.88,13.18,18.68,0.0,0.4,8.37,34.02
1990-12-29,29.15,11.94,20.18,0.02,0.39,9.18,31.05
1990-12-30,37.26,13.03,25.64,0.01,0.39,6.38,33.66
1990-12-31,35.46,20.86,27.7,0.01,0.39,7.48,21.88
1991-01-01,39.36,18.09,29.42,0.0,0.39,8.89,32.5
1991-01-02,43.32,21.24,33.85,0.01,0.39,10.81,29.63
1991-01-03,39.4,20.17,30.69,7.66,0.39,14.31,21.81
1991-01-04,29.77,14.41,20.97,7.02,0.4,13.33,14.68
1991-01-05,21.63,12.1,16.45,1.97,0.41,7.66,22.94
1991-01-06,21.89,13.26,16.98,0.49,0.41,9.26,20.92
1991-01-07,25.93,12.01,18.43,0.16,0.41,9.98,24.22
1991-01-08,29.48,9.42,19.86,0.0,0.4,6.82,33.53
1991-01-09,35.2,13.25,24.48,0.0,0.4,5.7,32.44
1991-01-10,41.18,18.72,29.96,0.0,0.4,6.26,31.0
1991-01-11,33.76,14.95,23.06,0.0,0.39,12.18,31.19
1991-01-12,31.14,13.8,22.63,0.0,0.39,10.06,32.41
1991-01-13,37.63,15.92,27.06,0.0,0.39,9.94,32.58
1991-01-14,35.89,17.03,27.13,0.0,0.39,10.38,29.25
1991-01-15,32.52,15.55,23.35,0.03,0.39,6.04,28.05
1991-01-16,31.04,12.36,21.49,0.0,0.38,5.86,32.7
1991-01-17,25.8,11.64,19.18,0.0,0.38,5.97,22.97
1991-01-18,30.32,12.44,21.25,0.0,0.38,6.81,29.04
1991-01-19,33.18,14.79,22.79,0.0,0.38,7.96,29.68
1991-01-20,30.01,14.02,21.7,0.0,0.38,11.47,24.17
1991-01-21,32.21,14.18,23.08,0.0,0.38,7.01,31.34
1991-01-22,32.39,16.62,23.68,0.15,0.38,12.42,17.96
1991-01-23,30.48,16.83,23.49,8.71,0.39,16.82,11.84
1991-01-24,27.46,14.46,20.88,0.49,0.4,12.83,24.82
1991-01-25,25.21,14.45,19.46,1.0,0.4,12.49,21.97
1991-01-26,23.83,14.37,18.28,0.7,0.39,10.53,26.2
1991-01-27,24.74,13.39,17.92,0.22,0.39,9.97,23.99
1991-01-28,23.67,14.08,17.43,1.54,0.39,8.64,23.71
1991-01-29,24.62,13.56,18.03,0.41,0.39,8.6,27.27
1991-01-30,29.99,12.0,19.94,0.02,0.39,11.45,29.67
1991-01-31,28.75,12.41,19.81,0.02,0.39,8.34,28.03
1991-02-01,32.19,8.78,20.55,0.0,0.39,3.84,31.2
1991-02-02,39.49,15.32,27.3,0.0,0.39,3.36,31.97
1991-02-03,39.76,18.26,28.07,0.0,0.38,4.47,30.64
1991-02-04,41.73,15.9,27.28,0.0,0.38,7.7,31.55
1991-02-05,29.85,15.01,21.8,0.0,0.38,7.85,27.87
1991-02-06,31.1,11.58,20.55,0.0,0.38,5.7,30.17
1991-02-07,27.02,11.46,18.9,0.03,0.38,8.62,30.11
1991-02-08,30.47,13.46,21.14,0.01,0.38,10.85,29.79
1991-02-09,25.8,12.17,18.97,0.0,0.38,9.61,26.18
1991-02-10,27.45,9.08,18.23,0.0,0.38,3.3,29.77
1991-02-11,30.59,10.57,20.81,0.0,0.38,4.04,29.52
1991-02-12,35.09,13.03,23.18,0.0,0.38,5.41,29.71
1991-02-13,37.27,12.38,24.23,0.0,0.38,5.92,27.91
1991-02-14,27.8,12.74,19.97,0.0,0.38,7.95,27.78
1991-02-15,24.08,11.14,16.52,0.0,0.38,4.46,24.51
1991-02-16,25.6,8.95,17.05,0.0,0.38,4.22,26.94
1991-02-17,30.21,10.82,20.7,0.0,0.38,0.1,27.87
1991-02-18,37.19,15.26,24.2,0.0,0.38,0.46,27.78
1991-02-19,27.48,13.21,19.48,0.0,0.38,5.98,27.71
1991-02-20,29.83,9.92,19.84,0.0,0.38,4.74,27.31
1991-02-21,35.66,13.1,23.66,0.0,0.38,4.25,27.64
1991-02-22,30.24,13.73,20.96,0.0,0.38,7.8,25.99
1991-02-23,31.23,11.01,20.93,0.0,0.38,3.08,25.79
1991-02-24,37.44,13.57,25.65,0.0,0.38,3.06,27.14
1991-02-25,40.76,18.86,28.06,0.0,0.38,2.92,26.6
1991-02-26,31.77,14.05,22.17,0.01,0.38,6.93,25.72
1991-02-27,29.43,11.95,19.49,0.0,0.38,3.54,21.36
1991-02-28,28.37,12.64,19.99,0.0,0.38,5.64,23.74
1991-03-01,23.27,11.29,15.98,0.0,0.38,3.89,22.36
1991-03-02,27.96,8.7,18.06,0.0,0.37,2.89,26.66
1991-03-03,31.86,11.45,21.95,0.0,0.37,0.9,26.95
1991-03-04,34.02,15.21,23.62,0.01,0.37,2.62,26.57
1991-03-05,29.85,14.15,21.42,0.0,0.37,7.28,25.39
1991-03-06,37.87,16.08,26.6,0.0,0.37,6.41,25.16
1991-03-07,33.46,17.33,25.81,0.03,0.37,8.8,23.65
1991-03-08,33.56,14.97,22.52,0.01,0.37,10.03,24.3
1991-03-09,22.35,11.15,17.08,2.3,0.38,7.55,19.54
1991-03-10,24.23,8.52,15.47,0.02,0.38,4.64,24.57
1991-03-11,21.97,10.32,15.51,0.62,0.38,5.98,21.53
1991-03-12,23.97,7.68,15.51,0.0,0.38,3.28,24.53
1991-03-13,24.88,8.44,16.52,0.01,0.38,4.99,23.63
1991-03-14,27.86,9.68,18.55,0.0,0.38,6.14,23.62
1991-03-15,26.98,9.9,17.32,0.0,0.38,7.17,23.31
1991-03-16,26.39,8.94,17.24,0.0,0.38,5.72,22.94
1991-03-17,31.97,11.29,21.35,0.0,0.38,7.38,18.19
1991-03-18,28.58,15.55,21.14,1.45,0.38,13.91,8.83
1991-03-19,23.71,11.68,17.21,1.01,0.38,11.27,14.79
1991-03-20,22.08,11.16,15.41,0.32,0.38,8.28,17.98
1991-03-21,17.11,8.36,12.59,3.26,0.38,6.82,16.32
1991-03-22,21.21,7.61,13.96,0.13,0.39,5.18,19.08
1991-03-23,22.98,7.27,15.18,0.0,0.39,5.89,20.34
1991-03-24,25.72,10.04,17.25,0.13,0.38,5.24,16.9
1991-03-25,32.0,12.34,21.05,0.6,0.38,3.36,12.59
1991-03-26,19.93,12.88,16.47,2.29,0.39,8.69,16.85
1991-03-27,22.7,12.49,16.8,0.44,0.39,10.74,15.81
1991-03-28,27.74,10.17,19.07,0.0,0.39,8.62,21.07
1991-03-29,29.53,14.84,21.74,0.22,0.38,5.25,11.53
1991-03-30,21.56,12.81,16.87,0.38,0.38,8.86,17.98
1991-03-31,22.55,12.42,16.35,3.94,0.39,10.66,14.84
1991-04-01,18.79,8.21,13.49,1.12,0.39,6.42,15.31
1991-04-02,19.16,6.8,12.54,0.06,0.39,5.04,15.68
1991-04-03,21.99,10.15,15.08,0.02,0.39,10.03,14.05
1991-04-04,24.24,10.06,15.84,0.12,0.39,10.81,16.66
1991-04-05,26.72,9.53,16.7,0.0,0.39,9.63,18.47
1991-04-06,24.19,10.41,16.57,0.01,0.39,8.93,16.82
1991-04-07,22.29,10.1,15.47,0.05,0.39,5.01,17.8
1991-04-08,28.47,11.09,18.99,0.01,0.39,5.44,17.97
1991-04-09,31.67,15.65,22.52,0.0,0.38,4.54,18.16
1991-04-10,31.5,16.28,22.79,0.0,0.38,7.44,18.54
1991-04-11,31.97,15.22,22.92,0.0,0.38,4.68,17.74
1991-04-12,26.15,14.9,20.55,0.03,0.38,9.75,11.46
1991-04-13,21.46,12.41,15.82,1.59,0.38,9.31,12.31
1991-04-14,20.47,8.66,13.65,0.28,0.38,7.81,12.59
1991-04-15,20.57,9.87,14.62,0.38,0.38,9.06,12.98
1991-04-16,19.53,10.4,13.88,0.02,0.38,7.78,12.34
1991-04-17,18.42,10.52,14.35,0.97,0.38,10.55,12.23
1991-04-18,19.39,10.75,14.42,0.4,0.39,10.27,12.16
1991-04-19,21.68,10.55,15.62,0.11,0.39,11.41,9.52
1991-04-20,26.59,11.23,18.72,0.07,0.39,9.32,16.23
1991-04-21,16.77,5.98,13.44,0.56,0.38,5.4,13.88
1991-04-22,18.21,4.25,10.92,0.05,0.38,1.71,16.13
1991-04-23,19.02,8.05,13.61,0.43,0.38,1.03,9.52
1991-04-24,16.63,10.73,12.89,17.26,0.39,6.0,8.43
1991-04-25,16.27,7.87,11.84,10.29,0.44,8.07,12.22
1991-04-26,19.66,7.91,12.8,0.29,0.44,8.06,14.14
1991-04-27,18.39,5.83,11.27,0.09,0.43,6.34,13.58
1991-04-28,14.7,5.75,9.75,0.0,0.43,5.57,12.02
1991-04-29,18.04,5.73,11.26,0.03,0.43,4.5,13.06
1991-04-30,16.3,9.26,11.84,1.77,0.43,7.81,6.18
1991-05-01,19.85,10.38,14.11,1.71,0.43,9.98,10.33
1991-05-02,15.85,7.34,12.21,0.71,0.43,5.58,11.07
1991-05-03,17.21,5.98,10.71,0.06,0.43,5.97,7.52
1991-05-04,18.39,4.77,11.41,0.0,0.43,5.63,13.5
1991-05-05,22.06,7.89,14.06,0.01,0.43,2.97,10.45
1991-05-06,18.58,9.87,13.87,0.3,0.43,7.47,7.48
1991-05-07,20.05,8.01,13.8,0.09,0.43,10.11,7.38
1991-05-08,16.43,5.21,9.75,0.33,0.43,4.97,8.78
1991-05-09,14.89,5.17,10.47,0.07,0.43,4.95,10.04
1991-05-10,15.84,6.5,10.91,0.07,0.43,4.93,8.61
1991-05-11,15.17,5.39,10.55,0.14,0.42,6.17,7.19
1991-05-12,16.47,6.63,11.22,0.02,0.42,6.57,8.74
1991-05-13,16.64,5.34,10.24,0.03,0.42,6.11,8.69
1991-05-14,16.29,6.21,10.0,0.02,0.42,6.04,11.07
1991-05-15,16.83,5.04,9.91,0.01,0.42,6.05,9.72
1991-05-16,16.99,6.44,10.3,0.01,0.42,7.85,10.02
1991-05-17,18.41,7.84,12.11,0.03,0.42,9.11,9.9
1991-05-18,18.33,7.17,12.0,0.0,0.42,7.21,9.61
1991-05-19,17.66,6.48,11.22,0.0,0.42,5.78,8.28
1991-05-20,22.19,7.14,13.33,0.01,0.42,7.4,11.09
1991-05-21,20.39,7.18,12.26,0.0,0.42,5.57,11.75
1991-05-22,20.39,6.76,12.13,0.06,0.42,8.58,10.54
1991-05-23,18.8,9.46,13.35,0.05,0.42,11.15,7.49
1991-05-24,19.76,8.85,13.68,0.08,0.42,7.1,10.0
1991-05-25,20.74,9.52,13.38,2.55,0.42,6.88,7.1
1991-05-26,18.39,9.07,13.33,1.27,0.42,10.62,6.38
1991-05-27,17.64,10.03,13.55,0.14,0.42,9.4,7.96
1991-05-28,19.17,8.93,13.65,0.02,0.42,7.95,11.0
1991-05-29,20.2,6.08,12.02,0.01,0.42,5.75,10.81
1991-05-30,21.01,7.02,12.94,0.0,0.42,5.44,11.0
1991-05-31,21.3,9.17,14.27,0.0,0.42,6.38,6.66
1991-06-01,18.53,13.13,14.96,8.69,0.42,8.91,4.47
1991-06-02,14.49,11.04,13.18,11.43,0.45,12.17,3.7
1991-06-03,17.2,9.33,12.36,2.26,0.46,9.82,8.13
1991-06-04,16.85,8.26,11.63,0.78,0.46,7.8,9.52
1991-06-05,17.86,7.68,12.91,3.8,0.45,6.57,6.32
1991-06-06,16.81,8.76,12.67,11.77,0.48,10.66,6.81
1991-06-07,15.22,6.74,10.34,0.21,0.48,7.39,9.36
1991-06-08,15.27,6.86,10.55,1.04,0.48,8.41,7.08
1991-06-09,15.88,8.08,10.82,0.73,0.48,6.96,6.98
1991-06-10,13.28,7.05,10.17,18.52,0.5,10.1,3.69
1991-06-11,16.4,5.83,9.96,0.91,0.51,8.33,7.39
1991-06-12,16.37,5.73,10.61,0.15,0.51,9.42,5.76
1991-06-13,15.99,6.37,10.16,0.09,0.51,7.73,9.47
1991-06-14,15.67,6.1,10.19,3.41,0.5,6.96,6.62
1991-06-15,17.61,9.2,12.08,4.5,0.52,9.53,6.36
1991-06-16,15.99,9.5,12.07,3.82,0.52,10.82,7.47
1991-06-17,16.19,7.59,11.04,0.19,0.52,9.35,8.73
1991-06-18,14.86,5.76,9.39,0.15,0.52,6.73,6.47
1991-06-19,17.92,6.05,11.27,0.34,0.52,8.19,6.72
1991-06-20,15.47,8.8,11.7,4.07,0.52,10.45,6.51
1991-06-21,16.47,6.58,10.15,1.45,0.52,8.9,9.12
1991-06-22,17.94,5.51,11.76,0.26,0.52,8.96,8.31
1991-06-23,14.2,11.5,12.88,11.98,0.53,11.43,4.61
1991-06-24,18.18,11.22,14.28,1.12,0.54,12.01,8.1
1991-06-25,16.4,10.68,14.2,4.98,0.54,12.88,5.47
1991-06-26,14.6,8.94,11.51,0.15,0.55,6.95,8.88
1991-06-27,15.82,4.92,11.22,2.53,0.54,6.82,5.46
1991-06-28,18.81,10.8,13.78,9.01,0.55,10.88,5.49
1991-06-29,15.15,7.71,10.97,4.21,0.56,8.85,8.77
1991-06-30,15.88,10.17,12.17,1.91,0.56,10.79,7.49
1991-07-01,15.0,9.45,11.67,2.06,0.56,10.49,6.51
1991-07-02,16.68,8.2,11.53,0.25,0.56,8.85,8.24
1991-07-03,14.27,6.44,9.76,0.36,0.56,6.1,5.58
1991-07-04,11.07,8.17,9.65,14.11,0.57,6.88,3.17
1991-07-05,13.82,7.86,10.43,1.05,0.59,7.54,8.88
1991-07-06,14.39,5.72,9.09,0.12,0.58,6.16,9.08
1991-07-07,13.85,4.2,7.88,0.57,0.58,2.91,7.06
1991-07-08,8.26,4.52,6.24,8.12,0.59,5.37,3.23
1991-07-09,9.22,5.41,7.13,7.95,0.59,6.35,5.24
1991-07-10,11.51,4.12,7.03,1.04,0.6,5.56,7.65
1991-07-11,13.75,3.08,8.16,1.46,0.6,7.28,7.47
1991-07-12,11.26,5.33,8.14,3.05,0.61,7.19,7.97
1991-07-13,13.69,4.83,8.32,0.45,0.6,7.34,9.38
1991-07-14,14.09,6.47,9.53,0.74,0.6,8.08,7.26
1991-07-15,13.25,6.09,8.98,0.23,0.6,6.12,6.25
1991-07-16,13.06,3.62,7.91,0.21,0.6,4.72,7.79
1991-07-17,14.39,3.13,7.98,0.03,0.6,4.15,8.71
1991-07-18,16.47,6.93,10.51,0.61,0.6,7.15,9.88
1991-07-19,15.32,7.66,10.76,2.02,0.6,8.43,10.69
1991-07-20,14.27,7.24,11.17,1.51,0.6,8.82,9.29
1991-07-21,13.35,4.62,8.66,0.14,0.6,6.49,4.83
1991-07-22,11.1,1.94,6.85,0.34,0.6,4.6,6.58
1991-07-23,12.09,2.03,6.77,0.48,0.59,4.66,9.85
1991-07-24,12.41,5.69,8.09,0.55,0.59,5.86,9.71
1991-07-25,11.59,4.62,7.36,1.33,0.59,5.42,9.35
1991-07-26,13.21,1.6,8.02,0.08,0.59,4.55,11.82
1991-07-27,14.39,7.47,9.79,11.74,0.6,7.37,5.36
1991-07-28,13.72,6.86,10.25,2.65,0.61,8.3,10.43
1991-07-29,14.33,7.07,10.16,0.79,0.61,8.37,9.86
1991-07-30,13.89,6.16,9.28,1.11,0.61,7.38,8.72
1991-07-31,13.64,7.8,9.76,4.25,0.61,8.29,7.66
1991-08-01,13.24,6.1,9.59,0.69,0.61,6.45,11.6
1991-08-02,16.52,2.97,9.89,1.79,0.61,5.91,12.38
1991-08-03,16.08,6.73,11.65,0.12,0.61,7.56,12.97
1991-08-04,18.37,5.4,11.67,1.01,0.6,6.3,8.04
1991-08-05,15.55,8.51,11.15,5.99,0.6,8.2,8.58
1991-08-06,13.07,9.11,10.42,1.46,0.61,6.89,10.84
1991-08-07,11.89,7.02,9.65,12.31,0.62,7.8,8.36
1991-08-08,11.68,6.55,8.86,5.93,0.63,6.06,11.56
1991-08-09,13.99,6.67,10.12,1.15,0.63,8.08,11.76
1991-08-10,14.46,5.46,9.14,0.51,0.63,8.05,8.57
1991-08-11,14.21,5.47,8.84,0.73,0.62,7.37,9.57
1991-08-12,16.99,5.34,10.53,2.12,0.62,6.95,14.6
1991-08-13,15.06,7.49,10.8,3.2,0.62,7.46,10.07
1991-08-14,13.5,6.3,10.14,2.54,0.62,7.8,10.99
1991-08-15,12.68,3.97,9.37,4.0,0.63,7.27,10.19
1991-08-16,12.33,3.19,6.96,0.11,0.63,2.83,11.15
1991-08-17,13.34,2.99,7.82,0.05,0.62,3.57,11.49
1991-08-18,15.58,1.88,7.96,0.0,0.62,3.71,15.34
1991-08-19,16.56,3.72,10.05,0.29,0.61,4.21,10.52
1991-08-20,11.62,7.31,10.08,12.15,0.62,7.92,10.2
1991-08-21,11.71,6.38,8.9,9.11,0.64,6.13,11.37
1991-08-22,13.85,8.48,10.81,16.3,0.65,9.34,10.92
1991-08-23,11.06,4.59,8.14,10.79,0.68,5.27,7.31
1991-08-24,12.48,4.66,8.26,0.6,0.67,4.78,13.65
1991-08-25,12.38,5.64,9.16,1.49,0.67,7.7,11.29
1991-08-26,15.59,4.68,9.79,0.01,0.67,5.6,13.99
1991-08-27,11.51,3.56,7.49,6.77,0.67,4.92,6.61
1991-08-28,12.99,2.99,8.36,2.54,0.67,5.96,13.4
1991-08-29,12.46,6.2,8.54,14.28,0.68,7.15,7.51
1991-08-30,11.49,5.73,8.56,5.92,0.7,6.43,11.32
1991-08-31,13.12,4.2,8.77,0.36,0.7,6.05,12.61
1991-09-01,13.97,3.21,8.16,1.75,0.69,5.81,14.99
1991-09-02,17.82,5.25,10.83,0.33,0.69,7.8,14.34
1991-09-03,15.59,5.76,10.54,0.7,0.69,9.6,13.36
1991-09-04,17.91,5.95,11.38,0.04,0.68,8.69,17.87
1991-09-05,19.47,7.01,12.27,0.0,0.68,8.83,17.8
1991-09-06,21.13,5.07,12.63,0.13,0.67,9.62,17.87
1991-09-07,15.0,9.14,12.44,2.84,0.67,9.86,4.8
1991-09-08,16.3,7.35,11.13,0.06,0.67,7.49,16.98
1991-09-09,19.66,4.75,11.72,0.64,0.66,6.65,18.83
1991-09-10,13.34,8.35,10.03,7.31,0.67,8.11,8.45
1991-09-11,11.19,4.98,8.53,3.32,0.67,5.33,14.61
1991-09-12,13.53,2.81,8.41,0.11,0.67,4.46,13.28
1991-09-13,18.68,3.64,10.0,0.04,0.67,6.9,16.76
1991-09-14,16.99,7.79,12.27,2.9,0.66,9.67,16.68
1991-09-15,13.42,8.93,11.49,7.16,0.67,10.31,10.99
1991-09-16,18.9,8.44,12.05,16.42,0.68,9.34,16.43
1991-09-17,12.07,7.89,9.9,6.58,0.7,8.15,13.44
1991-09-18,13.02,6.65,9.72,6.9,0.71,7.67,13.44
1991-09-19,11.98,4.06,7.74,1.96,0.71,3.7,17.76
1991-09-20,12.27,4.53,8.56,9.18,0.71,6.65,13.5
1991-09-21,13.31,5.08,9.5,0.92,0.71,5.45,17.18
1991-09-22,15.36,4.68,9.79,0.29,0.71,6.01,13.39
1991-09-23,18.57,3.69,11.07,0.0,0.7,7.28,21.9
1991-09-24,18.89,4.86,11.97,0.16,0.69,8.18,13.76
1991-09-25,19.3,7.12,13.12,1.22,0.69,9.52,11.24
1991-09-26,17.01,6.59,11.72,0.69,0.69,9.31,16.95
1991-09-27,17.21,4.47,11.11,0.2,0.68,8.54,20.53
1991-09-28,16.22,9.17,12.2,0.2,0.68,8.9,13.54
1991-09-29,16.17,10.8,12.55,1.03,0.68,9.86,13.85
1991-09-30,19.89,9.26,14.31,0.14,0.67,9.67,22.29
1991-10-01,20.97,9.91,14.61,0.0,0.66,9.63,14.16
1991-10-02,16.67,8.0,11.6,0.04,0.66,7.73,7.75
1991-10-03,21.45,7.43,13.71,0.0,0.65,10.11,23.89
1991-10-04,23.58,7.58,15.47,0.0,0.65,12.71,23.88
1991-10-05,27.66,11.79,19.24,0.0,0.64,14.96,24.4
1991-10-06,18.22,10.92,14.36,0.39,0.63,10.62,16.45
1991-10-07,15.6,8.81,12.0,0.98,0.63,8.96,16.48
1991-10-08,15.01,7.83,10.72,0.13,0.63,6.71,16.52
1991-10-09,17.66,7.91,12.12,0.28,0.62,8.54,13.42
1991-10-10,17.62,7.24,12.28,0.42,0.62,9.24,16.93
1991-10-11,20.08,6.24,13.4,0.01,0.61,9.05,24.48
1991-10-12,22.5,8.5,14.48,0.0,0.6,9.5,25.37
1991-10-13,22.32,6.55,14.24,0.0,0.6,9.6,24.76
1991-10-14,28.72,10.57,19.21,0.0,0.59,11.22,25.64
1991-10-15,25.87,9.59,17.69,2.08,0.58,10.1,12.9
1991-10-16,14.58,7.12,10.54,1.01,0.58,5.36,22.34
1991-10-17,17.87,6.67,11.5,0.05,0.57,6.71,21.56
1991-10-18,22.52,6.51,14.5,0.0,0.57,6.67,26.4
1991-10-19,27.35,8.43,17.91,0.02,0.56,6.52,24.52
1991-10-20,22.04,12.75,17.03,0.0,0.55,10.62,20.58
1991-10-21,18.42,10.61,14.52,0.66,0.54,9.84,23.92
1991-10-22,20.16,8.54,13.64,0.04,0.54,9.26,20.63
1991-10-23,21.83,7.33,13.95,0.0,0.53,8.85,26.27
1991-10-24,19.92,6.75,12.59,0.01,0.53,8.2,21.02
1991-10-25,17.91,6.06,12.0,0.57,0.53,6.48,21.87
1991-10-26,17.47,4.91,10.32,0.0,0.52,4.16,23.17
1991-10-27,20.76,2.84,12.26,0.0,0.52,6.18,28.57
1991-10-28,25.23,9.29,16.92,0.0,0.51,7.07,23.37
1991-10-29,25.86,12.69,18.78,0.0,0.51,8.56,16.19
1991-10-30,24.68,9.86,17.61,0.03,0.5,10.57,18.79
1991-10-31,18.76,7.06,12.55,0.01,0.5,3.96,25.28
1991-11-01,24.27,4.98,15.08,0.0,0.49,4.25,29.97
1991-11-02,25.84,11.23,18.38,0.07,0.49,7.16,13.99
1991-11-03,21.35,9.7,16.59,11.54,0.49,12.76,12.28
1991-11-04,18.78,8.44,13.77,8.15,0.52,9.57,22.04
1991-11-05,22.46,7.63,15.67,0.0,0.51,6.56,30.1
1991-11-06,21.17,11.63,15.18,8.24,0.52,8.73,15.23
1991-11-07,16.0,7.92,11.92,3.42,0.52,5.99,22.25
1991-11-08,15.56,6.73,11.36,1.41,0.51,5.3,24.99
1991-11-09,18.42,7.43,12.3,0.4,0.51,5.42,25.61
1991-11-10,20.02,5.39,12.6,0.0,0.51,5.41,25.65
1991-11-11,21.79,5.49,13.9,0.0,0.5,4.9,31.22
1991-11-12,23.45,6.94,14.8,0.01,0.49,5.85,28.81
1991-11-13,22.64,5.29,14.3,0.0,0.49,5.44,31.98
1991-11-14,27.43,9.52,18.49,0.0,0.48,6.32,17.24
1991-11-15,21.58,11.95,16.71,0.06,0.48,8.73,27.09
1991-11-16,21.26,8.82,14.8,0.05,0.47,4.9,29.63
1991-11-17,26.75,6.76,17.18,0.0,0.47,4.8,32.26
1991-11-18,31.22,12.57,21.64,0.11,0.47,8.28,22.43
1991-11-19,24.09,8.98,17.3,0.51,0.46,9.42,23.68
1991-11-20,22.26,6.19,13.5,0.0,0.46,3.51,32.57
1991-11-21,23.33,4.48,13.83,0.09,0.46,3.34,32.93
1991-11-22,27.25,5.86,16.8,0.09,0.45,4.51,32.68
1991-11-23,28.69,9.31,19.58,0.09,0.45,6.2,31.26
1991-11-24,34.02,13.75,25.1,0.06,0.45,9.26,29.54
1991-11-25,36.27,14.58,25.25,0.49,0.44,12.08,24.63
1991-11-26,21.08,11.23,16.32,0.26,0.44,7.64,26.75
1991-11-27,21.7,8.18,14.56,0.0,0.44,4.88,26.74
1991-11-28,21.97,7.38,14.49,0.01,0.44,5.99,31.86
1991-11-29,20.77,7.74,14.17,0.17,0.43,5.02,24.63
1991-11-30,21.72,6.18,13.95,0.0,0.43,4.92,25.55
1991-12-01,26.34,7.95,16.85,0.01,0.43,4.99,33.79
1991-12-02,28.02,10.59,19.65,0.03,0.43,4.67,23.33
1991-12-03,20.74,12.85,15.98,0.45,0.42,8.5,23.82
1991-12-04,21.54,7.86,14.88,0.37,0.42,4.39,28.74
1991-12-05,25.07,6.27,15.69,0.0,0.42,3.07,30.86
1991-12-06,27.0,10.02,18.34,0.0,0.42,6.37,32.8
1991-12-07,30.92,9.54,20.08,0.0,0.42,5.74,33.95
1991-12-08,33.24,10.13,22.03,0.0,0.41,4.42,33.83
1991-12-09,36.83,14.77,23.91,0.02,0.41,5.64,29.52
1991-12-10,22.85,9.41,16.51,0.02,0.41,4.98,31.24
1991-12-11,25.4,8.37,16.36,0.0,0.41,3.57,33.3
1991-12-12,31.05,8.91,20.34,0.0,0.4,5.13,32.42
1991-12-13,26.64,13.06,20.79,0.01,0.4,11.6,23.56
1991-12-14,28.29,13.86,20.71,0.33,0.4,12.87,29.74
1991-12-15,20.2,11.93,15.19,1.56,0.4,9.65,17.34
1991-12-16,21.45,11.05,14.87,0.28,0.4,6.37,15.23
1991-12-17,18.24,9.44,13.51,2.39,0.4,6.71,16.88
1991-12-18,21.26,8.39,14.33,1.42,0.41,7.68,26.17
1991-12-19,21.73,11.07,15.84,2.79,0.41,10.48,20.02
1991-12-20,21.67,11.61,16.73,1.85,0.41,10.23,18.64
1991-12-21,25.83,11.21,17.8,0.08,0.41,9.11,25.32
1991-12-22,27.0,11.03,17.49,0.01,0.41,6.95,33.98
1991-12-23,27.78,8.49,17.55,0.09,0.4,7.35,33.74
1991-12-24,30.97,10.93,20.34,0.0,0.4,5.45,29.38
1991-12-25,31.32,14.24,23.18,0.0,0.4,6.73,25.73
1991-12-26,38.38,18.6,26.65,0.0,0.4,9.47,12.94
1991-12-27,32.4,15.3,23.09,0.01,0.39,11.81,26.29
1991-12-28,31.75,12.46,21.83,0.0,0.39,7.8,25.02
1991-12-29,32.56,13.13,23.33,0.0,0.39,6.99,28.07
1991-12-30,28.24,16.37,21.69,0.06,0.39,8.1,20.2
1991-12-31,29.42,13.88,20.93,0.47,0.39,9.54,27.53
1992-01-01,24.38,12.16,17.84,0.32,0.39,9.75,21.52
1992-01-02,29.18,9.68,19.17,0.0,0.39,6.8,30.41
1992-01-03,26.36,12.46,18.34,0.58,0.39,7.67,30.86
1992-01-04,23.25,12.18,16.19,0.48,0.39,7.0,22.29
1992-01-05,23.66,10.74,16.32,0.24,0.39,4.5,28.73
1992-01-06,24.94,8.96,16.23,0.0,0.39,5.26,28.99
1992-01-07,23.33,11.07,16.28,0.81,0.39,8.12,21.49
1992-01-08,20.63,10.23,14.41,0.1,0.39,5.63,15.03
1992-01-09,24.08,11.01,17.08,0.77,0.39,8.79,17.11
1992-01-10,28.66,11.26,19.67,0.0,0.39,8.75,32.44
1992-01-11,26.01,10.81,17.46,0.0,0.38,8.53,27.78
1992-01-12,26.38,10.17,17.42,0.01,0.38,8.06,29.3
1992-01-13,24.01,11.53,17.8,0.25,0.38,11.11,23.61
1992-01-14,24.84,11.12,17.53,0.0,0.38,5.39,30.3
1992-01-15,26.19,9.49,17.36,0.06,0.38,9.05,29.96
1992-01-16,23.26,9.86,16.35,0.02,0.38,3.53,32.35
1992-01-17,25.19,7.74,15.93,0.0,0.38,4.47,32.69
1992-01-18,30.18,8.11,19.96,0.0,0.38,3.1,32.62
1992-01-19,38.97,16.31,27.33,0.0,0.38,2.13,28.89
1992-01-20,32.7,17.26,24.37,0.0,0.38,8.84,17.4
1992-01-21,31.3,16.18,23.8,0.0,0.38,7.67,17.91
1992-01-22,35.77,18.45,25.44,0.07,0.38,11.38,16.56
1992-01-23,27.93,14.3,20.31,0.0,0.38,8.11,23.73
1992-01-24,26.59,11.09,17.87,0.0,0.38,3.5,32.64
1992-01-25,25.58,8.78,17.04,0.01,0.38,6.09,31.97
1992-01-26,24.73,12.63,17.68,0.06,0.38,8.66,28.32
1992-01-27,27.05,12.5,18.45,0.1,0.38,10.21,30.89
1992-01-28,26.05,10.98,17.7,0.0,0.38,3.74,31.5
1992-01-29,29.83,9.32,19.76,0.0,0.38,3.72,30.88
1992-01-30,33.33,11.66,22.36,0.0,0.38,5.38,30.12
1992-01-31,33.71,12.54,23.02,0.0,0.38,8.0,30.88
1992-02-01,34.03,13.88,23.97,0.0,0.38,6.41,30.88
1992-02-02,34.4,15.22,24.67,0.0,0.38,5.57,20.57
1992-02-03,32.03,19.43,24.08,0.36,0.38,10.19,18.73
1992-02-04,33.54,18.01,25.12,0.05,0.38,13.12,27.88
1992-02-05,30.61,16.67,22.98,8.04,0.39,14.75,13.35
1992-02-06,28.43,12.84,19.8,0.04,0.39,8.1,27.93
1992-02-07,29.58,12.1,19.78,0.02,0.39,7.82,29.18
1992-02-08,29.45,12.97,20.8,0.0,0.39,9.23,29.58
1992-02-09,30.05,13.8,21.44,0.0,0.39,9.34,29.74
1992-02-10,33.38,13.44,24.27,0.0,0.38,8.4,27.75
1992-02-11,33.56,15.93,24.29,0.13,0.38,9.04,27.84
1992-02-12,30.69,13.77,20.79,0.09,0.38,7.82,29.5
1992-02-13,29.2,11.95,19.57,0.0,0.38,7.29,27.73
1992-02-14,24.64,11.81,17.97,0.0,0.38,8.36,25.32
1992-02-15,32.94,12.28,22.85,0.0,0.38,5.06,27.85
1992-02-16,38.33,17.38,28.48,0.01,0.38,4.15,27.85
1992-02-17,40.1,20.79,29.28,0.14,0.38,10.35,18.49
1992-02-18,29.87,16.97,22.56,0.0,0.38,9.15,23.71
1992-02-19,29.86,14.02,20.28,0.0,0.38,5.94,27.9
1992-02-20,26.32,11.33,18.41,0.0,0.38,8.84,25.29
1992-02-21,31.91,11.51,21.08,0.0,0.38,7.03,27.52
1992-02-22,25.08,14.29,18.2,0.03,0.38,10.16,24.42
1992-02-23,22.7,11.71,17.14,0.06,0.38,6.12,23.9
1992-02-24,23.98,9.39,16.07,0.01,0.38,4.21,25.54
1992-02-25,24.91,8.43,16.26,0.0,0.38,3.81,26.6
1992-02-26,27.83,9.04,18.33,0.0,0.38,5.27,26.54
1992-02-27,30.88,11.04,20.79,0.0,0.38,4.24,26.65
1992-02-28,32.25,17.2,24.41,0.0,0.38,5.19,21.23
1992-02-29,28.8,20.24,23.88,3.4,0.38,9.66,10.16
1992-03-01,30.62,19.27,24.02,10.96,0.4,14.97,11.14
1992-03-02,26.59,15.7,20.36,4.15,0.41,15.95,9.04
1992-03-03,27.35,15.08,20.12,2.46,0.41,14.15,11.59
1992-03-04,28.01,14.38,19.97,0.38,0.41,14.4,13.01
1992-03-05,30.85,14.95,21.5,0.03,0.4,12.9,22.17
1992-03-06,28.07,12.32,19.62,0.0,0.4,8.73,25.35
1992-03-07,28.05,12.1,19.43,0.0,0.4,8.8,25.04
1992-03-08,30.24,11.75,20.26,0.03,0.4,9.51,24.83
1992-03-09,34.39,12.86,23.79,0.0,0.39,11.1,25.0
1992-03-10,37.16,20.46,28.84,0.0,0.39,11.84,23.5
1992-03-11,33.8,20.2,25.88,0.08,0.39,10.25,18.82
1992-03-12,34.04,18.13,24.94,0.28,0.39,11.26,18.74
1992-03-13,30.94,15.66,22.17,0.01,0.39,12.85,23.27
1992-03-14,26.73,15.77,20.14,0.5,0.39,13.39,9.96
1992-03-15,21.98,11.73,17.28,2.87,0.39,9.1,13.88
1992-03-16,22.34,10.4,15.34,0.0,0.39,5.41,20.19
1992-03-17,24.17,10.48,16.22,0.06,0.39,6.72,21.61
1992-03-18,23.59,11.47,16.26,0.01,0.39,8.15,20.15
1992-03-19,26.68,10.32,17.5,0.0,0.39,11.04,20.08
1992-03-20,23.48,11.86,17.66,0.05,0.39,10.57,12.37
1992-03-21,25.2,14.33,19.41,1.19,0.39,12.13,18.76
1992-03-22,28.57,14.46,21.26,0.01,0.39,12.21,20.0
1992-03-23,30.09,14.38,21.39,0.0,0.39,12.78,21.12
1992-03-24,30.52,13.36,20.95,0.0,0.39,11.83,21.54
1992-03-25,34.22,13.97,23.34,0.0,0.38,10.52,20.88
1992-03-26,34.63,18.23,24.64,1.84,0.38,11.73,17.88
1992-03-27,21.05,10.4,15.7,5.73,0.4,8.8,14.35
1992-03-28,21.5,10.55,15.61,0.5,0.4,10.19,10.95
1992-03-29,23.92,11.05,16.46,0.1,0.4,10.84,13.33
1992-03-30,22.87,10.64,16.84,0.0,0.39,9.32,15.33
1992-03-31,28.18,11.73,18.88,0.01,0.39,9.02,17.62
1992-04-01,26.06,12.83,18.53,0.0,0.39,10.51,14.96
1992-04-02,29.8,12.33,20.65,0.0,0.39,8.36,19.44
1992-04-03,34.33,16.66,25.48,0.01,0.39,11.29,18.49
1992-04-04,34.26,20.53,26.54,2.28,0.39,13.49,18.04
1992-04-05,22.69,17.93,20.49,25.37,0.41,16.87,5.07
1992-04-06,21.96,11.41,17.5,9.97,0.46,14.12,11.89
1992-04-07,18.34,7.63,12.99,0.25,0.46,6.16,14.68
1992-04-08,19.43,6.31,12.16,0.0,0.45,4.87,17.79
1992-04-09,20.13,6.03,12.59,0.0,0.45,5.7,18.77
1992-04-10,23.74,7.52,15.66,0.01,0.44,6.58,15.63
1992-04-11,27.79,12.88,19.1,0.0,0.44,6.44,16.97
1992-04-12,26.79,13.06,19.68,0.2,0.44,6.48,7.99
1992-04-13,24.58,14.9,19.0,1.65,0.44,12.71,9.54
1992-04-14,26.42,13.2,19.12,2.3,0.44,12.2,11.5
1992-04-15,20.96,10.42,16.66,2.38,0.44,12.85,10.43
1992-04-16,20.82,9.49,14.07,0.05,0.44,8.91,14.28
1992-04-17,22.07,7.78,14.5,0.0,0.44,7.45,17.31
1992-04-18,19.07,11.35,14.86,0.13,0.44,6.21,9.18
1992-04-19,24.25,14.95,18.94,4.91,0.44,8.66,10.33
1992-04-20,17.39,10.96,14.23,5.66,0.46,8.75,14.52
1992-04-21,14.43,5.52,10.74,0.3,0.45,4.35,13.74
1992-04-22,16.04,5.45,10.12,0.05,0.45,4.98,13.87
1992-04-23,18.19,8.17,11.94,0.02,0.45,7.55,14.29
1992-04-24,20.04,6.02,12.33,0.0,0.45,7.66,16.06
1992-04-25,17.45,7.6,11.78,0.91,0.45,8.93,12.09
1992-04-26,14.66,6.4,10.56,3.81,0.45,8.04,9.06
1992-04-27,16.8,9.02,11.87,5.24,0.46,8.83,10.13
1992-04-28,17.49,7.07,11.17,0.24,0.46,8.03,12.36
1992-04-29,19.65,7.84,12.62,0.0,0.46,8.47,13.16
1992-04-30,21.0,7.48,13.35,0.01,0.46,7.69,14.33
1992-05-01,20.55,10.61,14.1,0.06,0.46,6.54,8.2
1992-05-02,19.9,10.25,14.26,0.31,0.46,9.67,10.64
1992-05-03,20.33,10.29,13.97,0.14,0.46,11.13,11.06
1992-05-04,24.27,9.76,16.23,0.01,0.45,10.41,13.86
1992-05-05,23.78,14.18,17.55,0.26,0.45,8.72,8.75
1992-05-06,24.54,15.0,17.79,0.2,0.45,6.82,7.18
1992-05-07,24.88,13.12,17.23,0.65,0.45,8.07,7.21
1992-05-08,17.95,8.19,14.27,6.69,0.46,12.4,7.64
1992-05-09,18.39,7.35,11.52,0.0,0.46,7.16,12.64
1992-05-10,17.38,6.48,10.93,0.15,0.46,5.98,11.32
1992-05-11,12.73,8.17,10.46,14.57,0.48,9.11,5.15
1992-05-12,15.75,7.84,10.95,2.1,0.49,9.13,8.82
1992-05-13,15.37,7.95,11.38,7.15,0.49,9.03,9.09
1992-05-14,14.75,7.42,10.47,1.92,0.5,7.22,9.48
1992-05-15,10.85,5.36,7.86,3.05,0.5,6.66,8.71
1992-05-16,13.02,3.54,7.57,0.46,0.5,5.82,8.42
1992-05-17,12.6,5.14,8.25,1.6,0.5,4.62,8.25
1992-05-18,13.21,3.05,7.52,0.87,0.5,4.49,7.55
1992-05-19,15.18,3.42,8.79,0.13,0.5,7.42,11.48
1992-05-20,14.11,6.54,9.57,0.05,0.5,5.89,8.92
1992-05-21,12.95,6.04,9.0,0.17,0.5,6.07,8.91
1992-05-22,14.36,5.78,9.03,0.32,0.5,6.2,10.09
1992-05-23,14.99,6.42,9.54,0.11,0.5,6.74,9.49
1992-05-24,15.79,3.97,8.79,0.01,0.5,5.0,11.26
1992-05-25,13.77,4.58,8.78,2.22,0.5,5.22,6.89
1992-05-26,13.68,9.6,11.34,3.63,0.5,7.29,8.49
1992-05-27,15.2,8.48,11.17,1.72,0.5,9.74,8.91
1992-05-28,16.46,7.82,11.68,0.17,0.5,8.93,6.39
1992-05-29,16.53,5.44,9.8,0.01,0.5,6.41,9.99
1992-05-30,17.47,5.53,10.07,0.0,0.5,5.53,11.04
1992-05-31,17.72,6.55,10.92,0.03,0.5,5.64,7.97
1992-06-01,16.36,9.48,12.33,7.6,0.5,8.35,4.74
1992-06-02,14.19,7.4,9.93,0.69,0.51,7.27,9.6
1992-06-03,15.07,7.24,10.55,2.49,0.51,7.02,7.4
1992-06-04,16.44,9.59,11.92,1.08,0.51,8.65,9.17
1992-06-05,13.57,6.16,9.28,3.06,0.52,6.94,6.41
1992-06-06,13.91,6.4,10.51,2.05,0.52,8.02,8.91
1992-06-07,12.43,4.82,8.6,1.73,0.52,7.45,7.13
1992-06-08,12.66,6.79,9.05,1.3,0.52,6.85,7.34
1992-06-09,12.5,6.98,9.4,9.45,0.53,7.6,6.35
1992-06-10,11.17,5.88,8.35,0.91,0.54,4.11,8.79
1992-06-11,12.41,9.82,10.95,1.4,0.54,9.03,6.59
1992-06-12,13.67,9.23,11.36,0.2,0.53,10.2,5.41
1992-06-13,12.88,8.12,10.07,0.1,0.53,7.39,5.71
1992-06-14,12.46,4.15,7.83,0.01,0.53,4.76,7.02
1992-06-15,11.27,2.8,6.02,0.0,0.53,3.88,10.36
1992-06-16,13.0,2.28,6.54,0.01,0.53,4.12,10.37
1992-06-17,13.72,6.03,9.45,6.03,0.54,8.19,4.75
1992-06-18,14.02,9.74,11.08,1.13,0.54,8.94,8.1
1992-06-19,13.09,8.8,10.69,4.59,0.55,9.8,8.15
1992-06-20,13.92,7.12,10.64,0.03,0.55,7.3,6.2
1992-06-21,13.86,3.8,8.11,0.04,0.54,5.13,5.78
1992-06-22,11.53,4.85,7.69,8.13,0.55,6.44,4.23
1992-06-23,12.51,4.89,8.36,1.14,0.56,5.29,9.47
1992-06-24,13.34,7.08,9.41,0.45,0.55,7.73,8.27
1992-06-25,13.09,5.4,8.34,0.42,0.55,6.92,8.56
1992-06-26,14.19,5.79,8.62,0.08,0.55,7.51,7.85
1992-06-27,13.89,5.71,9.96,0.12,0.55,8.89,5.1
1992-06-28,14.56,5.45,10.04,0.07,0.55,8.08,6.85
1992-06-29,15.9,4.75,9.27,0.01,0.55,6.11,10.13
1992-06-30,13.84,5.32,8.68,0.08,0.55,5.92,6.98
1992-07-01,14.09,6.01,9.56,0.03,0.55,6.14,8.91
1992-07-02,15.29,7.2,11.06,0.08,0.54,5.76,8.97
1992-07-03,16.23,10.68,12.91,7.13,0.54,9.94,9.54
1992-07-04,13.07,8.97,10.8,3.19,0.56,7.88,8.77
1992-07-05,15.06,7.14,10.68,0.61,0.55,5.66,10.19
1992-07-06,12.07,7.47,10.13,8.27,0.56,8.13,6.36
1992-07-07,13.49,4.8,8.86,0.61,0.56,6.31,7.08
1992-07-08,10.53,5.35,8.45,2.11,0.56,7.46,7.21
1992-07-09,13.2,4.08,8.14,0.17,0.56,6.32,8.58
1992-07-10,12.36,3.57,7.3,0.08,0.56,4.45,9.58
1992-07-11,12.57,5.58,8.62,10.33,0.57,6.94,4.23
1992-07-12,15.04,7.14,10.74,1.71,0.58,9.49,8.36
1992-07-13,13.72,5.49,8.84,0.1,0.58,6.56,7.5
1992-07-14,15.93,4.59,8.85,0.0,0.58,5.47,9.91
1992-07-15,17.12,4.29,9.81,0.0,0.57,4.41,11.05
1992-07-16,16.74,3.33,8.51,0.04,0.57,5.5,10.98
1992-07-17,15.97,3.2,8.37,0.18,0.57,4.8,11.14
1992-07-18,13.36,6.98,9.65,5.07,0.57,5.89,9.57
1992-07-19,10.06,5.15,7.82,10.83,0.59,6.18,7.68
1992-07-20,11.92,2.55,6.63,0.07,0.59,3.97,9.79
1992-07-21,9.74,3.93,5.88,0.41,0.59,5.22,5.76
1992-07-22,14.46,3.88,8.26,0.89,0.59,7.33,8.06
1992-07-23,14.63,8.08,10.75,1.81,0.59,9.39,7.64
1992-07-24,11.98,8.03,9.89,1.16,0.59,8.9,6.19
1992-07-25,12.86,4.03,9.1,2.96,0.59,6.16,8.7
1992-07-26,12.3,1.15,6.1,0.3,0.59,2.46,11.01
1992-07-27,16.11,2.77,8.62,0.03,0.59,3.58,10.97
1992-07-28,14.62,8.04,10.86,0.76,0.59,6.84,10.7
1992-07-29,18.7,5.35,11.2,0.06,0.58,7.94,11.67
1992-07-30,12.27,6.47,10.14,0.87,0.58,7.9,10.42
1992-07-31,12.2,3.93,7.79,0.23,0.58,5.05,8.69
1992-08-01,12.61,5.64,8.43,0.8,0.58,6.07,8.75
1992-08-02,14.25,5.67,9.02,0.68,0.58,6.51,11.17
1992-08-03,15.06,5.39,9.13,0.01,0.58,6.08,13.3
1992-08-04,15.48,4.4,8.97,1.0,0.58,5.25,9.75
1992-08-05,17.38,5.43,10.21,0.2,0.57,6.55,11.45
1992-08-06,13.88,4.53,8.9,0.48,0.57,6.58,10.86
1992-08-07,15.92,4.43,9.83,8.67,0.57,6.64,10.74
1992-08-08,13.14,4.5,9.12,1.3,0.58,5.94,10.91
1992-08-09,13.55,4.6,8.71,0.0,0.58,5.03,12.39
1992-08-10,12.33,5.02,9.19,9.51,0.58,6.03,4.9
1992-08-11,14.81,8.27,11.32,1.37,0.59,7.79,12.41
1992-08-12,10.46,8.02,9.03,12.53,0.6,6.74,8.64
1992-08-13,14.15,7.56,10.39,4.66,0.61,7.77,12.47
1992-08-14,14.35,5.85,9.68,2.69,0.61,7.63,9.12
1992-08-15,14.72,5.91,10.22,0.87,0.61,7.44,13.78
1992-08-16,18.8,5.39,11.82,1.27,0.61,6.43,14.74
1992-08-17,10.54,4.42,7.41,1.65,0.61,4.01,11.34
1992-08-18,12.15,1.65,7.69,2.29,0.61,4.96,12.63
1992-08-19,11.6,2.87,7.91,10.4,0.62,5.89,8.79
1992-08-20,12.69,2.28,7.23,0.25,0.62,4.92,10.02
1992-08-21,12.87,4.21,7.76,0.21,0.62,4.41,11.95
1992-08-22,16.22,2.6,8.98,5.83,0.62,4.75,14.73
1992-08-23,10.65,2.07,6.27,0.84,0.62,3.18,14.7
1992-08-24,11.94,0.42,5.65,0.16,0.62,3.53,14.74
1992-08-25,12.66,2.38,6.59,0.0,0.62,3.25,16.42
1992-08-26,13.37,3.63,8.13,0.08,0.61,3.14,15.04
1992-08-27,12.63,3.57,8.23,2.26,0.61,5.17,9.62
1992-08-28,15.24,4.71,9.5,0.01,0.61,5.88,16.05
1992-08-29,11.27,4.72,7.34,8.5,0.61,5.66,2.92
1992-08-30,12.69,5.64,9.44,9.55,0.63,7.62,12.84
1992-08-31,11.65,3.98,8.46,3.69,0.64,6.08,12.74
1992-09-01,13.42,2.54,8.12,0.16,0.63,4.36,14.01
1992-09-02,11.93,5.62,8.07,3.8,0.63,6.59,11.64
1992-09-03,11.25,5.14,7.97,5.02,0.64,6.97,9.99
1992-09-04,13.58,6.66,9.51,2.43,0.64,6.97,14.32
1992-09-05,13.73,6.02,9.8,1.86,0.64,8.09,13.12
1992-09-06,14.92,7.18,10.52,1.46,0.64,8.78,14.51
1992-09-07,12.88,4.02,8.45,2.95,0.64,6.2,11.2
1992-09-08,13.61,3.82,7.79,0.14,0.64,3.97,16.68
1992-09-09,14.63,2.17,8.38,0.01,0.64,4.51,12.8
1992-09-10,15.77,5.02,9.93,0.73,0.63,7.15,17.48
1992-09-11,11.93,6.79,9.49,12.31,0.64,6.99,13.11
1992-09-12,12.09,4.64,7.82,0.42,0.65,3.64,15.37
1992-09-13,14.64,5.09,9.01,0.03,0.64,4.79,17.39
1992-09-14,8.73,5.23,7.27,18.09,0.65,4.81,3.85
1992-09-15,9.89,6.13,7.93,7.37,0.67,6.31,12.56
1992-09-16,15.34,5.24,9.18,0.24,0.67,7.09,19.02
1992-09-17,13.55,7.48,10.24,0.9,0.67,8.81,14.23
1992-09-18,14.99,3.67,9.59,0.64,0.67,7.04,14.66
1992-09-19,13.81,1.66,7.31,0.1,0.66,3.92,17.27
1992-09-20,15.85,3.67,9.48,0.04,0.66,6.43,13.54
1992-09-21,11.94,6.11,9.49,14.53,0.66,7.63,5.4
1992-09-22,16.52,7.49,11.61,3.83,0.68,10.06,13.09
1992-09-23,16.88,7.27,11.75,0.34,0.68,9.38,13.06
1992-09-24,15.79,7.69,11.03,9.05,0.68,9.46,5.37
1992-09-25,14.02,5.62,9.27,0.17,0.68,5.88,16.65
1992-09-26,14.5,4.44,8.95,0.01,0.68,5.36,17.1
1992-09-27,16.86,4.9,10.88,0.0,0.67,6.13,22.52
1992-09-28,13.72,3.52,9.49,13.76,0.68,6.99,7.87
1992-09-29,13.93,2.88,8.03,0.12,0.69,4.13,21.33
1992-09-30,15.76,6.02,10.38,0.65,0.68,8.14,15.26
1992-10-01,16.24,5.26,10.18,0.11,0.68,7.14,15.14
1992-10-02,17.34,5.46,10.8,0.06,0.67,7.05,17.92
1992-10-03,19.82,6.04,12.98,3.04,0.67,9.38,15.3
1992-10-04,16.74,10.89,13.25,2.07,0.67,11.4,13.65
1992-10-05,15.84,6.91,11.43,0.07,0.66,7.94,15.8
1992-10-06,18.87,6.19,12.45,1.18,0.66,9.33,22.35
1992-10-07,19.95,8.26,13.96,7.32,0.66,10.86,12.94
1992-10-08,18.79,11.79,14.03,20.06,0.68,12.84,5.85
1992-10-09,13.14,8.42,10.6,2.75,0.69,7.94,15.13
1992-10-10,13.97,7.78,10.76,2.19,0.69,8.64,17.86
1992-10-11,16.0,6.8,11.48,0.37,0.69,8.09,17.06
1992-10-12,19.62,4.76,12.13,0.0,0.68,8.18,24.89
1992-10-13,22.66,7.45,15.72,0.0,0.67,9.7,21.23
1992-10-14,25.97,10.51,18.64,0.0,0.66,11.58,23.86
1992-10-15,20.96,8.89,15.32,0.17,0.66,12.14,12.95
1992-10-16,18.78,8.51,12.85,1.7,0.65,9.44,18.94
1992-10-17,15.78,8.55,11.6,14.05,0.66,10.24,8.62
1992-10-18,15.45,6.41,10.95,1.7,0.67,8.48,18.56
1992-10-19,16.08,6.53,11.53,0.81,0.67,8.05,19.52
1992-10-20,16.94,4.66,10.04,0.0,0.66,4.2,27.91
1992-10-21,18.83,1.93,10.38,0.0,0.65,4.72,28.37
1992-10-22,21.6,4.5,12.85,0.01,0.64,6.68,29.04
1992-10-23,23.33,5.93,15.08,0.0,0.63,7.12,28.46
1992-10-24,23.78,8.14,15.57,0.09,0.62,8.21,27.06
1992-10-25,20.23,8.72,14.13,0.05,0.62,10.19,26.5
1992-10-26,22.49,7.02,14.89,0.01,0.61,9.65,26.53
1992-10-27,26.83,12.44,18.05,0.01,0.6,12.01,21.1
1992-10-28,28.61,11.77,20.32,0.05,0.59,14.57,20.01
1992-10-29,24.34,16.26,20.0,3.93,0.59,15.62,15.93
1992-10-30,22.14,13.76,17.66,3.5,0.59,14.53,10.21
1992-10-31,14.55,6.23,11.7,4.57,0.6,9.07,15.07
1992-11-01,15.27,4.51,9.51,0.26,0.59,3.98,21.24
1992-11-02,14.93,3.26,9.29,0.26,0.59,4.93,18.29
1992-11-03,15.4,5.59,10.08,2.7,0.59,5.88,24.02
1992-11-04,16.29,3.31,10.26,0.28,0.58,5.81,23.93
1992-11-05,18.97,4.27,11.6,0.0,0.58,7.16,28.62
1992-11-06,19.16,7.12,12.68,0.0,0.57,8.29,21.91
1992-11-07,24.39,6.97,16.16,0.0,0.56,8.35,31.18
1992-11-08,25.36,11.21,17.47,8.51,0.56,9.58,13.82
1992-11-09,13.12,6.94,10.16,5.25,0.57,6.02,18.31
1992-11-10,14.58,7.51,11.0,4.8,0.57,8.06,17.6
1992-11-11,17.65,8.11,12.5,0.81,0.57,7.05,20.11
1992-11-12,19.85,5.48,12.55,0.0,0.56,5.98,26.69
1992-11-13,21.69,5.11,13.89,0.0,0.55,6.98,31.97
1992-11-14,24.2,7.99,16.4,0.04,0.54,8.83,30.21
1992-11-15,27.57,11.02,18.94,1.05,0.54,10.52,21.4
1992-11-16,30.15,12.25,21.94,0.3,0.53,12.27,31.15
1992-11-17,23.89,17.33,19.81,4.87,0.53,16.54,11.91
1992-11-18,24.71,12.32,18.58,0.14,0.53,13.61,17.83
1992-11-19,24.75,11.66,17.8,0.97,0.52,15.15,13.7
1992-11-20,30.3,13.12,21.7,0.93,0.52,13.85,21.17
1992-11-21,16.88,5.34,11.69,20.92,0.54,7.31,15.52
1992-11-22,18.33,11.56,14.25,2.3,0.55,9.46,24.65
1992-11-23,20.86,8.32,14.8,0.64,0.54,10.21,24.73
1992-11-24,18.97,8.06,13.38,2.9,0.54,8.53,22.06
1992-11-25,14.19,7.5,11.13,4.31,0.54,5.77,22.53
1992-11-26,15.59,6.06,11.38,1.1,0.54,6.83,20.6
1992-11-27,17.11,8.06,12.3,5.17,0.54,8.87,14.48
1992-11-28,20.31,8.11,13.67,0.52,0.54,8.67,23.94
1992-11-29,19.49,6.96,13.22,0.42,0.53,8.06,25.97
1992-11-30,22.39,4.83,14.2,0.0,0.53,6.49,32.82
1992-12-01,28.29,9.71,19.23,0.02,0.52,9.29,24.87
1992-12-02,28.19,14.6,19.2,5.87,0.51,11.06,11.02
1992-12-03,29.65,13.42,20.71,0.68,0.52,12.85,14.62
1992-12-04,22.48,14.45,18.64,12.52,0.52,14.76,21.7
1992-12-05,20.13,13.39,16.89,5.59,0.54,14.58,14.59
1992-12-06,22.69,13.25,17.51,0.58,0.54,13.5,23.21
1992-12-07,23.14,11.88,16.75,0.02,0.53,11.3,18.04
1992-12-08,25.31,10.1,17.42,0.02,0.52,10.08,33.8
1992-12-09,28.55,8.97,19.07,0.06,0.52,9.44,33.79
1992-12-10,31.81,13.2,22.84,0.02,0.51,10.76,29.17
1992-12-11,31.4,17.98,23.76,0.34,0.5,11.6,17.38
1992-12-12,34.18,18.13,24.36,2.19,0.49,11.91,10.4
1992-12-13,22.42,13.09,18.0,5.42,0.5,13.27,12.48
1992-12-14,21.92,9.99,15.74,0.04,0.5,6.02,25.1
1992-12-15,21.18,8.48,14.36,0.01,0.49,4.78,17.34
1992-12-16,28.01,11.21,19.66,0.06,0.49,10.73,23.94
1992-12-17,21.08,13.71,17.66,3.1,0.49,13.58,11.82
1992-12-18,24.66,17.4,20.77,1.88,0.49,16.77,17.32
1992-12-19,27.63,17.83,22.48,12.59,0.5,17.5,21.21
1992-12-20,28.58,15.53,22.13,3.08,0.51,15.77,28.69
1992-12-21,23.08,13.86,18.08,2.68,0.5,14.16,24.14
1992-12-22,27.98,14.66,20.97,2.82,0.51,15.28,27.79
1992-12-23,30.81,13.17,21.57,0.0,0.5,13.2,25.01
1992-12-24,29.55,14.62,19.34,3.57,0.49,12.64,16.01
1992-12-25,25.28,11.89,18.53,0.25,0.49,10.83,29.05
1992-12-26,23.41,10.71,16.29,0.13,0.49,9.36,30.93
1992-12-27,22.78,12.53,16.86,1.1,0.48,11.32,17.97
1992-12-28,21.56,12.79,16.28,0.92,0.48,9.38,26.64
1992-12-29,26.02,12.3,18.62,0.17,0.48,11.18,24.29
1992-12-30,31.23,10.65,20.88,0.03,0.47,10.8,31.39
1992-12-31,35.18,14.22,25.05,0.0,0.47,10.43,34.08
1993-01-01,35.91,19.76,26.49,0.0,0.46,12.39,25.93
1993-01-02,37.16,17.97,27.63,0.69,0.46,13.46,16.36
1993-01-03,22.15,11.78,17.19,0.06,0.46,7.81,25.66
1993-01-04,23.65,10.2,16.35,0.0,0.45,5.8,29.22
1993-01-05,24.42,8.7,16.53,0.06,0.45,8.29,25.89
1993-01-06,25.87,11.65,17.6,0.13,0.45,8.73,29.57
1993-01-07,24.01,9.55,17.02,0.16,0.45,10.61,23.54
1993-01-08,25.52,13.43,19.12,0.43,0.44,13.54,23.52
1993-01-09,26.63,12.89,19.28,0.26,0.44,12.93,20.89
1993-01-10,26.75,11.82,18.03,0.07,0.44,7.71,33.86
1993-01-11,26.69,9.4,17.21,0.0,0.44,7.0,33.92
1993-01-12,29.56,10.04,19.44,0.02,0.43,7.56,33.85
1993-01-13,35.1,11.87,23.88,0.0,0.43,7.06,33.55
1993-01-14,39.2,16.74,28.46,0.0,0.42,6.18,32.57
1993-01-15,40.7,20.44,30.58,0.07,0.42,11.71,27.99
1993-01-16,32.43,21.77,26.54,0.18,0.42,17.76,14.34
1993-01-17,32.0,14.99,23.6,0.05,0.42,15.73,27.24
1993-01-18,29.05,12.35,20.21,0.0,0.41,8.0,32.37
1993-01-19,33.84,12.5,23.09,0.0,0.41,7.16,32.46
1993-01-20,37.54,15.72,26.12,0.93,0.41,9.2,28.99
1993-01-21,25.41,14.13,20.08,7.17,0.42,11.72,18.74
1993-01-22,27.4,12.11,20.47,0.0,0.42,10.21,27.96
1993-01-23,31.41,17.5,24.7,0.08,0.42,14.64,20.58
1993-01-24,27.6,14.96,21.95,11.25,0.43,17.59,12.81
1993-01-25,26.13,13.06,19.65,0.01,0.43,7.66,31.02
1993-01-26,30.65,15.73,22.74,9.54,0.44,16.06,16.83
1993-01-27,26.81,14.4,19.69,0.28,0.44,13.45,13.93
1993-01-28,29.24,14.04,20.73,0.05,0.44,10.75,28.23
1993-01-29,31.89,12.82,22.16,0.0,0.43,11.5,30.97
1993-01-30,35.87,15.88,25.96,0.0,0.43,14.12,31.22
1993-01-31,39.86,17.49,29.55,0.0,0.43,12.54,30.74
1993-02-01,42.22,24.97,32.79,0.01,0.42,16.17,28.95
1993-02-02,42.12,25.12,32.85,0.02,0.42,16.14,28.69
1993-02-03,41.45,25.19,32.97,0.0,0.41,15.09,25.88
1993-02-04,33.49,16.11,24.61,0.02,0.41,14.61,17.72
1993-02-05,30.15,12.22,20.62,0.0,0.41,6.14,29.56
1993-02-06,36.41,12.28,24.43,0.0,0.41,5.99,28.99
1993-02-07,38.04,16.62,24.78,0.71,0.4,9.13,28.32
1993-02-08,27.85,13.46,19.93,0.33,0.4,6.43,22.27
1993-02-09,26.41,11.09,18.3,0.01,0.4,5.61,28.41
1993-02-10,28.64,9.88,19.58,0.0,0.4,5.32,28.62
1993-02-11,22.84,13.08,17.93,0.04,0.4,8.38,22.8
1993-02-12,25.26,12.25,17.82,0.0,0.4,6.46,22.19
1993-02-13,29.18,10.62,19.82,0.0,0.4,7.4,29.07
1993-02-14,33.82,14.57,22.52,0.0,0.39,9.63,28.35
1993-02-15,28.45,13.92,20.57,0.0,0.39,11.1,25.99
1993-02-16,32.29,12.99,22.81,0.0,0.39,9.12,28.72
1993-02-17,34.47,14.68,24.47,0.0,0.39,8.35,27.78
1993-02-18,37.96,17.11,27.96,0.0,0.39,10.12,27.74
1993-02-19,40.58,16.3,26.63,0.29,0.39,11.85,24.27
1993-02-20,19.75,10.72,15.38,0.46,0.39,4.47,20.76
1993-02-21,15.65,8.57,12.22,1.98,0.39,4.5,21.53
1993-02-22,20.76,7.86,14.3,0.37,0.39,7.49,21.89
1993-02-23,23.04,13.11,17.14,0.21,0.39,10.99,17.34
1993-02-24,26.68,12.22,18.49,0.35,0.39,10.6,21.24
1993-02-25,26.32,11.37,17.66,1.03,0.39,9.58,21.49
1993-02-26,21.46,13.51,16.89,1.72,0.39,10.53,20.49
1993-02-27,22.93,12.54,17.04,4.56,0.39,10.96,19.08
1993-02-28,16.56,10.44,13.89,6.18,0.4,7.76,17.26
1993-03-01,20.06,12.7,15.8,1.13,0.41,10.46,16.79
1993-03-02,21.83,11.6,16.09,0.1,0.41,9.27,13.38
1993-03-03,25.65,11.17,17.47,0.1,0.41,8.63,21.42
1993-03-04,26.8,8.77,17.41,0.0,0.4,6.92,27.18
1993-03-05,25.32,11.36,18.18,0.0,0.4,9.07,22.18
1993-03-06,28.06,13.43,20.11,0.0,0.4,8.84,21.5
1993-03-07,28.78,13.45,20.27,0.02,0.4,10.44,24.51
1993-03-08,23.32,12.34,17.68,0.08,0.4,10.42,14.98
1993-03-09,25.38,9.02,16.78,0.0,0.39,6.96,24.54
1993-03-10,23.74,10.93,16.23,0.0,0.39,8.02,23.35
1993-03-11,24.44,11.03,17.07,0.03,0.39,8.38,22.65
1993-03-12,28.09,9.94,18.89,0.12,0.39,7.74,23.42
1993-03-13,31.16,14.07,21.68,0.01,0.39,8.21,21.13
1993-03-14,33.42,16.19,23.44,0.0,0.39,8.42,21.46
1993-03-15,32.68,17.16,23.94,0.03,0.39,11.0,23.17
1993-03-16,29.89,15.57,22.15,0.63,0.39,11.55,12.44
1993-03-17,26.52,16.13,20.71,0.14,0.39,10.16,15.59
1993-03-18,30.23,18.63,23.71,0.35,0.39,11.54,15.94
1993-03-19,35.26,18.77,25.8,0.07,0.39,10.39,18.74
1993-03-20,30.14,16.39,22.15,0.1,0.38,11.22,20.24
1993-03-21,32.97,14.01,23.67,0.17,0.38,11.41,17.29
1993-03-22,32.01,16.48,23.01,0.58,0.38,11.83,13.29
1993-03-23,25.09,12.92,18.55,0.07,0.38,10.05,17.47
1993-03-24,25.81,10.42,18.03,0.0,0.38,6.92,19.47
1993-03-25,28.13,12.74,20.29,0.09,0.38,9.78,15.86
1993-03-26,30.61,14.8,22.02,1.26,0.38,12.72,20.17
1993-03-27,23.83,13.22,17.23,0.23,0.38,11.01,17.11
1993-03-28,20.53,12.18,15.38,1.25,0.39,9.09,13.66
1993-03-29,22.06,9.69,15.37,0.13,0.39,5.81,17.33
1993-03-30,24.43,7.44,16.14,0.0,0.39,5.94,20.15
1993-03-31,25.73,12.13,17.73,0.72,0.39,5.49,11.52
1993-04-01,22.58,10.59,16.07,0.03,0.39,6.91,16.83
1993-04-02,22.54,7.89,14.79,0.0,0.38,6.33,18.55
1993-04-03,24.73,7.82,16.51,0.0,0.38,4.32,19.8
1993-04-04,28.92,13.05,20.0,0.04,0.38,4.36,11.03
1993-04-05,22.22,13.5,17.1,0.44,0.38,9.29,14.9
1993-04-06,21.29,11.28,16.12,0.11,0.38,7.53,13.53
1993-04-07,21.41,11.63,15.63,0.79,0.38,9.44,12.48
1993-04-08,20.2,9.87,14.22,0.01,0.38,5.08,16.11
1993-04-09,23.66,7.59,14.97,0.0,0.38,4.11,18.71
1993-04-10,26.24,9.89,17.41,0.0,0.38,4.86,16.08
1993-04-11,29.03,13.47,19.85,0.03,0.38,5.53,13.83
1993-04-12,32.53,15.39,23.33,0.44,0.38,7.65,15.81
1993-04-13,22.32,12.03,17.11,0.04,0.38,8.7,10.46
1993-04-14,22.44,11.23,15.6,0.04,0.38,8.75,16.67
1993-04-15,23.37,10.03,15.75,0.0,0.38,7.47,17.56
1993-04-16,23.3,8.18,15.17,0.0,0.38,6.71,17.38
1993-04-17,27.57,9.73,17.33,0.0,0.38,4.06,18.01
1993-04-18,28.6,10.76,18.49,0.0,0.38,2.19,17.54
1993-04-19,29.74,12.57,20.24,0.0,0.38,2.41,17.3
1993-04-20,29.51,13.42,20.99,0.0,0.38,1.2,15.72
1993-04-21,30.28,13.1,20.13,0.0,0.38,2.14,16.22
1993-04-22,30.04,14.36,20.83,0.01,0.38,2.4,13.88
1993-04-23,27.33,17.26,20.87,0.0,0.38,-0.62,11.24
1993-04-24,21.36,10.71,16.38,0.0,0.38,4.76,15.84
1993-04-25,21.35,7.09,13.37,0.0,0.38,1.52,15.78
1993-04-26,25.75,8.16,15.03,0.0,0.38,4.1,15.59
1993-04-27,19.83,8.38,12.98,0.0,0.38,9.1,11.42
1993-04-28,20.05,9.18,13.28,0.01,0.38,6.32,15.49
1993-04-29,22.12,7.21,14.07,0.0,0.38,3.36,14.8
1993-04-30,24.86,8.02,16.27,0.0,0.38,-0.44,14.77
1993-05-01,25.96,11.97,17.82,0.02,0.38,2.3,13.49
1993-05-02,23.77,10.85,16.64,0.07,0.38,8.57,7.73
1993-05-03,22.97,9.83,16.89,0.0,0.38,8.91,9.77
1993-05-04,19.02,5.89,11.59,0.0,0.38,4.1,13.86
1993-05-05,21.34,5.56,12.8,0.0,0.38,1.25,13.73
1993-05-06,22.78,11.43,16.19,2.6,0.38,6.36,6.82
1993-05-07,21.22,11.96,15.95,5.3,0.39,11.92,8.68
1993-05-08,18.58,8.53,12.71,0.34,0.39,8.25,11.01
1993-05-09,19.49,7.91,12.84,0.01,0.39,6.12,13.03
1993-05-10,18.87,9.68,13.31,0.57,0.39,8.21,10.27
1993-05-11,17.77,9.09,12.49,0.51,0.39,8.7,8.85
1993-05-12,18.83,6.17,11.88,0.13,0.39,8.49,8.87
1993-05-13,16.39,8.79,12.45,0.73,0.39,8.38,8.72
1993-05-14,15.61,5.87,11.81,0.53,0.39,6.99,10.08
1993-05-15,15.68,4.62,9.29,0.01,0.39,3.13,11.25
1993-05-16,17.08,3.39,9.36,0.0,0.39,4.52,12.18
1993-05-17,18.34,5.47,10.49,0.0,0.39,6.73,12.21
1993-05-18,20.6,5.59,12.27,0.01,0.39,5.63,12.18
1993-05-19,21.75,5.67,12.98,0.03,0.39,4.51,11.77
1993-05-20,20.17,7.3,13.72,0.0,0.39,2.72,9.87
1993-05-21,16.39,10.12,12.79,6.85,0.4,7.85,3.26
1993-05-22,16.34,7.72,11.6,0.37,0.4,7.49,10.43
1993-05-23,15.82,6.94,10.67,3.55,0.41,9.71,7.19
1993-05-24,17.4,9.26,12.43,2.55,0.41,9.71,9.09
1993-05-25,17.35,8.83,11.75,1.44,0.41,8.45,8.03
1993-05-26,17.69,8.25,11.9,0.38,0.41,9.75,8.24
1993-05-27,18.37,6.93,11.62,0.0,0.41,7.67,9.81
1993-05-28,17.73,3.83,9.95,0.0,0.41,4.38,11.27
1993-05-29,19.66,8.72,14.02,0.81,0.41,8.28,8.18
1993-05-30,16.31,9.68,12.38,7.31,0.41,9.12,8.61
1993-05-31,13.82,8.05,10.44,1.08,0.42,7.12,8.47
1993-06-01,12.72,4.67,8.54,0.03,0.42,5.44,8.71
1993-06-02,14.36,4.19,8.36,0.48,0.42,6.63,7.96
1993-06-03,14.58,5.32,8.66,0.58,0.42,6.61,9.66
1993-06-04,14.23,4.54,8.59,0.52,0.42,5.98,8.33
1993-06-05,12.89,3.48,7.95,0.1,0.42,6.01,6.34
1993-06-06,15.58,6.86,10.5,0.64,0.42,9.0,6.68
1993-06-07,15.22,6.4,10.49,0.48,0.42,7.57,7.34
1993-06-08,15.55,9.33,11.68,0.59,0.42,8.2,6.83
1993-06-09,14.53,8.52,10.89,1.22,0.42,8.6,6.78
1993-06-10,11.73,8.32,9.38,8.83,0.43,8.14,4.87
1993-06-11,12.84,5.17,8.86,8.01,0.45,6.71,5.67
1993-06-12,11.43,5.11,8.41,3.75,0.46,4.1,8.5
1993-06-13,13.67,6.94,9.85,1.39,0.46,7.68,8.35
1993-06-14,15.59,6.31,9.87,0.2,0.46,8.07,6.74
1993-06-15,14.5,5.55,9.28,0.79,0.46,7.56,5.4
1993-06-16,15.97,4.32,8.55,0.0,0.46,3.98,10.52
1993-06-17,15.66,5.15,9.5,1.06,0.45,5.2,6.37
1993-06-18,18.48,6.87,12.12,3.14,0.46,6.35,7.71
1993-06-19,14.16,6.83,11.22,4.66,0.46,6.52,8.11
1993-06-20,16.27,8.62,11.89,4.53,0.47,8.85,7.31
1993-06-21,14.05,7.78,10.9,2.98,0.48,9.31,6.98
1993-06-22,14.33,7.66,10.26,1.1,0.48,7.27,7.57
1993-06-23,12.17,4.33,7.5,0.03,0.48,2.97,6.64
1993-06-24,12.78,5.95,8.82,0.18,0.47,5.55,6.83
1993-06-25,13.45,5.16,8.07,0.05,0.47,4.94,6.27
1993-06-26,13.58,4.67,8.28,0.01,0.47,5.19,8.35
1993-06-27,13.07,3.19,7.09,0.0,0.47,4.08,8.03
1993-06-28,14.1,2.43,7.52,0.01,0.47,3.14,7.37
1993-06-29,12.14,6.05,9.17,0.81,0.47,4.22,6.35
1993-06-30,15.88,8.58,11.01,4.99,0.47,8.27,5.18
1993-07-01,15.01,4.94,9.02,0.12,0.48,5.8,9.67
1993-07-02,15.07,5.5,10.98,0.73,0.48,5.15,5.48
1993-07-03,13.89,4.66,10.61,5.96,0.49,7.75,6.27
1993-07-04,13.16,4.65,8.41,0.69,0.49,4.56,8.7
1993-07-05,13.52,2.46,7.31,0.07,0.49,2.5,6.38
1993-07-06,13.1,3.07,7.8,0.26,0.48,5.35,6.35
1993-07-07,10.71,5.7,8.56,28.6,0.51,7.43,2.39
1993-07-08,8.02,5.16,6.27,4.78,0.54,5.44,5.23
1993-07-09,12.47,5.79,8.62,2.29,0.54,7.32,7.72
1993-07-10,13.24,6.23,8.75,0.56,0.54,6.61,7.36
1993-07-11,15.65,6.64,9.76,0.17,0.54,7.48,8.34
1993-07-12,15.53,7.41,10.44,0.36,0.54,6.21,6.43
1993-07-13,15.83,7.22,10.63,0.01,0.53,5.44,7.61
1993-07-14,12.82,4.31,8.2,2.73,0.53,5.7,5.98
1993-07-15,13.2,5.55,8.67,0.88,0.54,6.34,8.65
1993-07-16,13.21,3.84,7.59,0.07,0.54,5.46,10.59
1993-07-17,15.29,1.82,8.14,0.0,0.53,3.94,10.86
1993-07-18,14.72,4.39,8.72,0.8,0.53,5.57,7.74
1993-07-19,12.82,5.7,8.28,0.34,0.53,6.29,8.73
1993-07-20,13.9,4.46,8.87,0.61,0.53,6.73,7.35
1993-07-21,14.15,7.38,10.04,0.52,0.53,7.93,7.75
1993-07-22,12.29,6.16,8.41,0.03,0.53,4.46,7.99
1993-07-23,15.4,5.06,9.94,0.49,0.53,4.62,5.01
1993-07-24,15.32,8.75,10.89,4.25,0.53,8.81,8.33
1993-07-25,13.49,7.07,9.36,2.52,0.54,7.94,9.34
1993-07-26,13.54,6.51,9.45,0.25,0.54,6.57,9.19
1993-07-27,17.21,3.54,10.05,0.0,0.53,3.63,12.1
1993-07-28,17.3,6.35,11.03,0.24,0.53,7.66,10.7
1993-07-29,19.39,5.98,12.03,0.02,0.53,6.27,12.03
1993-07-30,15.26,6.76,11.28,5.82,0.53,7.41,8.19
1993-07-31,13.44,6.58,9.42,0.62,0.53,6.12,10.63
1993-08-01,15.67,3.73,9.26,0.63,0.53,3.12,9.06
1993-08-02,11.96,4.68,8.42,2.81,0.53,5.4,10.9
1993-08-03,12.27,2.17,6.48,0.46,0.53,3.64,10.62
1993-08-04,13.5,2.44,7.03,0.0,0.53,1.72,13.43
1993-08-05,15.08,2.1,7.54,0.01,0.53,1.2,11.81
1993-08-06,15.88,5.24,10.1,0.07,0.53,4.48,11.17
1993-08-07,16.5,7.75,10.54,1.09,0.52,4.8,6.2
1993-08-08,15.32,5.85,9.48,1.8,0.53,7.17,10.96
1993-08-09,18.15,6.61,11.88,6.08,0.53,7.25,9.02
1993-08-10,13.86,7.75,10.37,4.74,0.54,7.12,11.28
1993-08-11,15.17,6.96,9.95,0.99,0.54,7.43,9.02
1993-08-12,18.2,6.3,11.93,0.02,0.54,2.94,14.49
1993-08-13,13.0,9.0,11.2,12.32,0.54,7.38,2.54
1993-08-14,13.64,8.14,11.08,3.93,0.56,9.98,4.42
1993-08-15,13.08,9.94,11.04,5.64,0.56,8.12,8.17
1993-08-16,12.33,5.54,8.66,2.97,0.56,4.23,12.42
1993-08-17,12.19,7.14,10.13,0.87,0.56,7.42,10.45
1993-08-18,12.29,7.46,9.84,0.96,0.56,7.87,11.22
1993-08-19,12.86,5.67,9.3,0.32,0.56,6.78,9.93
1993-08-20,15.35,2.89,8.87,0.0,0.56,5.86,15.06
1993-08-21,17.17,7.15,11.06,0.34,0.55,9.26,13.77
1993-08-22,17.48,6.44,10.72,0.22,0.55,8.3,15.07
1993-08-23,19.54,4.2,10.86,0.0,0.55,5.22,16.46
1993-08-24,20.19,4.56,12.44,0.01,0.54,5.29,16.19
1993-08-25,21.49,6.35,13.14,0.0,0.54,4.47,16.06
1993-08-26,20.97,6.13,12.39,0.0,0.54,4.7,16.57
1993-08-27,20.22,6.1,12.74,0.69,0.53,8.62,16.42
1993-08-28,22.01,8.92,14.3,0.19,0.53,8.86,9.76
1993-08-29,22.17,8.42,14.11,0.07,0.53,7.35,17.13
1993-08-30,20.61,8.41,14.18,13.39,0.53,9.58,9.53
1993-08-31,18.16,9.67,13.35,7.76,0.55,11.25,10.38
1993-09-01,14.65,6.65,10.66,4.31,0.56,8.9,9.6
1993-09-02,13.6,6.08,10.12,1.33,0.56,7.17,14.12
1993-09-03,13.87,4.05,8.37,0.03,0.56,3.65,10.63
1993-09-04,15.28,3.24,8.39,0.02,0.55,3.43,17.42
1993-09-05,18.85,3.72,10.37,0.0,0.55,4.61,14.77
1993-09-06,20.29,5.01,12.25,0.0,0.54,7.16,17.98
1993-09-07,17.44,9.28,13.35,6.0,0.54,10.54,8.85
1993-09-08,16.08,6.95,11.51,1.85,0.55,9.09,7.97
1993-09-09,15.27,4.41,10.04,0.26,0.55,6.42,16.21
1993-09-10,14.99,5.01,9.74,0.6,0.54,6.57,12.33
1993-09-11,13.2,7.17,9.96,2.36,0.54,8.24,13.62
1993-09-12,12.61,4.98,8.39,0.79,0.54,4.24,16.44
1993-09-13,14.1,3.13,8.7,0.08,0.54,4.56,14.73
1993-09-14,15.41,4.24,9.19,0.0,0.54,5.16,12.88
1993-09-15,15.75,4.93,10.03,0.02,0.53,5.94,14.04
1993-09-16,16.99,4.24,10.14,0.0,0.53,5.24,17.84
1993-09-17,18.8,6.55,12.66,0.0,0.53,6.58,18.96
1993-09-18,21.43,7.17,13.31,9.59,0.52,8.24,14.33
1993-09-19,18.13,8.04,11.57,19.44,0.56,8.56,10.31
1993-09-20,12.02,4.72,8.28,2.16,0.57,4.29,16.68
1993-09-21,14.04,5.08,9.44,0.82,0.56,5.44,18.5
1993-09-22,16.8,5.97,11.09,0.43,0.56,7.73,16.65
1993-09-23,18.04,6.11,11.7,0.04,0.55,7.78,17.86
1993-09-24,19.58,5.61,12.19,0.0,0.55,7.09,19.86
1993-09-25,20.63,5.9,12.53,0.01,0.54,6.56,23.06
1993-09-26,20.75,5.48,12.45,0.03,0.54,7.05,19.76
1993-09-27,23.74,6.98,15.06,0.16,0.53,7.42,22.27
1993-09-28,25.62,11.88,17.55,0.55,0.53,9.56,20.46
1993-09-29,22.33,10.89,16.43,10.65,0.54,13.88,19.98
1993-09-30,25.55,10.64,18.21,1.0,0.54,13.26,18.31
1993-10-01,16.97,6.26,13.36,7.8,0.54,9.9,15.26
1993-10-02,19.2,4.09,11.97,0.16,0.54,5.61,21.52
1993-10-03,22.26,10.01,15.04,10.54,0.55,12.41,9.64
1993-10-04,16.56,7.99,11.75,0.19,0.55,6.48,23.16
1993-10-05,18.78,10.48,13.48,1.5,0.54,10.24,16.02
1993-10-06,20.12,8.7,13.83,0.16,0.54,9.61,17.93
1993-10-07,26.18,7.12,17.09,0.0,0.53,8.83,24.92
1993-10-08,22.52,11.44,16.29,0.35,0.52,9.88,22.13
1993-10-09,14.35,7.13,10.77,5.3,0.52,5.52,17.95
1993-10-10,12.48,3.62,8.41,1.0,0.53,2.6,19.73
1993-10-11,16.26,2.84,9.18,0.32,0.52,3.56,18.19
1993-10-12,18.49,2.97,11.06,0.04,0.52,5.15,22.22
1993-10-13,19.66,4.89,12.23,0.0,0.51,5.52,23.89
1993-10-14,20.93,4.88,12.7,0.0,0.51,4.76,26.8
1993-10-15,22.2,5.47,13.34,0.64,0.5,5.63,27.11
1993-10-16,24.98,7.81,16.52,0.27,0.5,8.02,23.08
1993-10-17,23.2,10.86,16.74,3.81,0.5,10.94,15.09
1993-10-18,13.92,8.95,11.53,7.35,0.51,8.6,17.66
1993-10-19,17.38,9.98,12.86,1.86,0.51,7.71,21.67
1993-10-20,14.99,5.69,11.01,0.64,0.51,5.53,19.12
1993-10-21,18.33,5.54,11.35,0.18,0.5,5.46,15.61
1993-10-22,21.19,4.59,13.48,0.0,0.5,6.37,24.19
1993-10-23,25.46,10.52,18.4,0.1,0.49,6.23,22.19
1993-10-24,21.59,11.88,17.43,0.53,0.49,9.37,22.22
1993-10-25,16.4,9.95,12.88,2.46,0.49,6.73,19.08
1993-10-26,19.66,7.48,12.95,0.04,0.48,4.91,26.4
1993-10-27,26.41,6.81,17.37,0.31,0.48,5.0,28.87
1993-10-28,16.52,7.59,11.8,10.17,0.49,6.07,12.98
1993-10-29,18.05,7.04,12.2,0.36,0.49,5.62,25.48
1993-10-30,21.15,5.61,13.41,0.4,0.49,6.41,23.45
1993-10-31,24.6,7.28,16.35,0.5,0.48,4.99,28.02
1993-11-01,23.79,10.38,16.11,9.11,0.48,10.25,17.75
1993-11-02,16.18,8.28,11.53,1.95,0.5,5.8,22.62
1993-11-03,18.08,8.63,12.29,3.71,0.5,7.27,19.69
1993-11-04,15.61,6.49,11.35,0.5,0.49,4.53,17.5
1993-11-05,19.02,9.28,12.77,0.27,0.49,7.29,19.29
1993-11-06,20.54,7.55,13.39,0.09,0.49,7.84,24.06
1993-11-07,21.82,6.47,14.35,0.67,0.48,3.74,31.34
1993-11-08,20.71,6.39,12.7,2.09,0.48,6.36,14.01
1993-11-09,21.81,4.77,13.29,0.36,0.48,5.93,28.98
1993-11-10,25.19,5.47,15.63,0.0,0.48,5.28,31.46
1993-11-11,30.0,11.81,20.89,0.02,0.47,8.12,22.59
1993-11-12,25.92,12.28,19.03,0.01,0.47,11.59,18.27
1993-11-13,22.74,10.68,15.85,0.0,0.46,11.21,20.19
1993-11-14,24.36,9.09,16.27,0.2,0.46,9.23,27.1
1993-11-15,25.59,8.68,17.54,0.0,0.46,9.32,31.96
1993-11-16,30.45,11.68,21.36,0.01,0.45,10.25,27.83
1993-11-17,33.94,17.24,23.48,0.64,0.45,13.05,20.24
1993-11-18,24.71,13.61,18.68,0.37,0.45,13.08,14.38
1993-11-19,20.16,11.76,15.46,4.3,0.45,10.8,7.33
1993-11-20,23.3,8.79,15.38,0.16,0.45,5.79,24.64
1993-11-21,22.06,7.76,14.9,0.93,0.45,7.09,28.72
1993-11-22,19.44,7.12,13.56,0.15,0.45,4.82,26.22
1993-11-23,23.44,6.51,14.66,0.0,0.45,3.46,33.37
1993-11-24,22.34,6.61,14.41,0.0,0.44,5.22,31.75
1993-11-25,28.41,6.99,18.35,0.0,0.44,5.33,32.29
1993-11-26,35.7,13.95,24.33,0.0,0.43,4.52,32.5
1993-11-27,24.06,10.69,17.45,0.0,0.43,8.97,32.58
1993-11-28,26.14,7.16,16.85,0.0,0.43,3.71,32.94
1993-11-29,29.98,8.95,19.3,0.0,0.42,3.76,32.23
1993-11-30,39.95,12.96,26.29,0.01,0.42,8.32,28.44
1993-12-01,26.41,13.16,19.99,0.53,0.42,13.13,15.86
1993-12-02,27.36,10.83,18.71,0.02,0.42,5.9,32.22
1993-12-03,22.86,11.47,16.11,2.93,0.42,9.32,16.38
1993-12-04,20.28,7.58,14.19,0.4,0.42,3.94,23.43
1993-12-05,24.85,6.14,15.46,0.0,0.42,2.77,33.37
1993-12-06,25.35,8.23,16.52,0.36,0.42,4.48,32.7
1993-12-07,29.06,7.93,18.78,0.0,0.41,4.4,28.49
1993-12-08,33.24,9.72,22.15,0.03,0.41,4.91,33.37
1993-12-09,35.08,17.14,26.01,0.0,0.41,6.02,32.37
1993-12-10,32.48,17.02,25.05,1.32,0.4,11.27,20.51
1993-12-11,24.81,12.17,19.6,10.39,0.42,13.41,11.37
1993-12-12,26.07,11.78,18.32,0.89,0.42,7.32,30.49
1993-12-13,29.97,10.06,21.41,1.27,0.42,9.88,29.34
1993-12-14,24.41,11.43,19.08,17.61,0.44,13.78,21.01
1993-12-15,19.98,11.26,15.94,0.59,0.45,9.63,19.08
1993-12-16,23.28,9.13,15.84,0.02,0.44,4.91,30.97
1993-12-17,26.31,7.75,17.23,0.01,0.44,6.27,33.92
1993-12-18,31.2,10.13,20.93,0.0,0.43,7.97,34.11
1993-12-19,34.91,12.94,24.17,0.0,0.43,6.68,33.63
1993-12-20,36.06,13.5,25.26,0.0,0.42,7.57,29.31
1993-12-21,28.28,18.08,22.68,4.23,0.42,13.54,13.91
1993-12-22,20.4,13.84,16.87,5.09,0.43,12.88,10.16
1993-12-23,22.87,13.84,17.43,0.22,0.43,9.88,20.4
1993-12-24,24.94,11.37,17.51,0.47,0.43,9.15,24.6
1993-12-25,21.61,10.15,15.52,2.81,0.43,9.48,18.2
1993-12-26,16.37,7.88,12.08,4.54,0.44,4.98,25.03
1993-12-27,17.47,6.42,12.62,1.09,0.44,4.62,23.87
1993-12-28,22.72,9.94,15.41,0.16,0.44,7.63,17.44
1993-12-29,23.77,9.51,16.0,0.03,0.43,6.58,24.34
1993-12-30,26.92,8.39,16.92,0.08,0.43,7.76,33.91
1993-12-31,25.57,8.84,16.62,0.01,0.43,7.23,28.7
1994-01-01,27.19,7.72,18.61,0.01,0.42,4.68,33.82
1994-01-02,25.35,14.03,19.27,0.08,0.42,7.09,30.42
1994-01-03,20.23,11.98,16.12,3.08,0.42,9.08,21.06
1994-01-04,24.72,10.68,17.39,1.37,0.43,9.5,19.16
1994-01-05,18.23,13.8,15.76,5.35,0.43,9.36,17.17
1994-01-06,21.5,11.67,15.85,5.24,0.44,8.85,17.45
1994-01-07,22.07,11.38,15.84,5.86,0.45,9.26,18.0
1994-01-08,17.68,10.22,13.4,1.9,0.45,4.18,25.57
1994-01-09,20.79,9.67,14.84,0.38,0.44,5.77,23.59
1994-01-10,29.67,9.96,19.84,0.0,0.44,7.19,29.22
1994-01-11,30.58,14.03,22.09,0.09,0.44,7.96,28.77
1994-01-12,36.1,16.02,25.69,0.42,0.43,12.47,23.64
1994-01-13,24.96,14.22,19.31,0.01,0.43,10.64,28.68
1994-01-14,25.61,11.34,17.56,0.01,0.43,4.83,31.53
1994-01-15,30.18,8.7,20.46,0.16,0.42,1.54,30.82
1994-01-16,24.39,13.34,20.02,5.0,0.43,7.77,14.34
1994-01-17,23.24,12.45,16.66,0.0,0.43,6.82,26.85
1994-01-18,24.05,13.16,17.89,0.06,0.42,11.01,18.5
1994-01-19,24.94,12.08,17.47,0.01,0.42,10.33,24.62
1994-01-20,21.34,11.85,16.74,0.68,0.42,11.29,19.56
1994-01-21,21.58,9.69,15.64,0.04,0.42,4.81,25.53
1994-01-22,26.87,7.24,17.42,0.0,0.42,3.82,31.96
1994-01-23,34.13,11.54,23.44,0.0,0.41,5.51,31.55
1994-01-24,37.51,17.23,26.83,0.0,0.41,7.62,31.35
1994-01-25,41.66,16.56,29.95,0.01,0.41,7.21,31.96
1994-01-26,29.35,15.05,23.18,0.0,0.4,10.39,30.01
1994-01-27,28.09,12.12,19.51,0.0,0.4,3.7,31.22
1994-01-28,30.12,9.49,19.43,0.0,0.4,3.96,30.25
1994-01-29,30.65,9.85,20.01,0.0,0.4,6.55,30.69
1994-01-30,29.58,12.54,20.65,0.0,0.4,8.5,30.65
1994-01-31,34.96,13.06,24.44,0.32,0.39,9.92,17.82
1994-02-01,34.0,17.71,25.63,0.0,0.39,11.98,30.88
1994-02-02,33.74,14.96,23.85,0.0,0.39,10.68,31.25
1994-02-03,36.06,16.06,25.73,0.06,0.39,6.86,30.41
1994-02-04,35.58,19.03,25.65,0.22,0.39,10.17,8.21
1994-02-05,30.97,14.75,21.8,0.0,0.39,10.39,29.65
1994-02-06,29.0,14.58,21.19,0.25,0.39,10.7,21.94
1994-02-07,35.48,13.05,24.16,0.12,0.39,9.77,29.85
1994-02-08,34.06,19.23,26.23,1.82,0.39,11.96,9.71
1994-02-09,29.3,15.7,21.58,1.1,0.39,11.23,28.1
1994-02-10,23.16,13.61,17.63,6.29,0.39,11.84,7.33
1994-02-11,23.99,11.58,16.85,0.05,0.4,6.49,24.41
1994-02-12,28.9,10.72,19.78,0.0,0.4,9.95,28.28
1994-02-13,33.17,14.76,24.38,0.0,0.39,12.05,27.75
1994-02-14,33.18,20.03,25.88,0.79,0.39,15.48,20.55
1994-02-15,22.38,14.39,17.91,0.41,0.39,9.47,21.13
1994-02-16,18.45,12.21,15.86,0.12,0.39,8.3,12.98
1994-02-17,24.0,10.67,16.56,0.07,0.39,7.76,18.6
1994-02-18,24.86,7.78,16.09,0.0,0.39,5.98,27.2
1994-02-19,26.51,9.35,18.1,0.0,0.39,6.09,27.74
1994-02-20,32.33,12.38,22.87,0.0,0.39,7.54,27.71
1994-02-21,35.86,16.74,25.5,0.0,0.38,4.52,27.75
1994-02-22,33.95,16.79,23.98,0.01,0.38,7.28,27.47
1994-02-23,35.98,14.08,24.51,0.02,0.38,10.3,25.56
1994-02-24,25.37,17.66,21.63,0.73,0.38,11.33,10.58
1994-02-25,31.65,14.2,23.19,0.03,0.38,11.19,21.22
1994-02-26,33.1,19.62,26.12,2.3,0.38,11.9,22.83
1994-02-27,23.62,11.05,17.94,2.16,0.39,8.22,22.61
1994-02-28,24.91,9.24,16.55,0.0,0.39,3.6,26.64
1994-03-01,26.3,8.92,17.09,0.0,0.39,5.33,27.29
1994-03-02,26.49,9.36,17.15,0.0,0.39,7.89,27.04
1994-03-03,24.74,10.82,16.78,0.0,0.38,7.96,23.67
1994-03-04,23.34,9.07,15.61,0.01,0.38,7.52,19.25
1994-03-05,23.87,10.11,15.87,0.04,0.38,8.33,20.8
1994-03-06,23.21,9.61,15.95,0.01,0.38,5.91,22.45
1994-03-07,21.79,10.12,16.14,0.0,0.38,6.34,25.2
1994-03-08,28.07,10.44,18.76,0.0,0.38,7.03,25.2
1994-03-09,29.43,11.51,20.11,0.0,0.38,10.63,24.81
1994-03-10,24.47,12.45,17.86,0.04,0.38,10.47,17.72
1994-03-11,23.87,9.73,16.07,0.15,0.38,6.91,19.54
1994-03-12,25.37,7.08,15.63,0.0,0.38,2.45,24.31
1994-03-13,23.87,7.69,15.13,0.01,0.38,3.53,24.24
1994-03-14,24.83,7.15,15.05,0.0,0.38,4.62,21.85
1994-03-15,26.93,7.78,16.5,0.03,0.38,8.75,23.26
1994-03-16,22.49,9.37,15.22,0.17,0.38,6.01,18.84
1994-03-17,23.12,7.08,14.72,0.01,0.38,3.79,22.26
1994-03-18,24.19,7.38,15.83,0.0,0.38,3.73,22.78
1994-03-19,28.15,9.04,18.38,0.0,0.38,4.67,22.48
1994-03-20,31.2,12.21,21.35,0.0,0.38,4.45,21.24
1994-03-21,32.74,13.86,23.15,0.0,0.38,5.05,21.93
1994-03-22,32.02,16.07,23.21,0.0,0.38,5.35,18.02
1994-03-23,32.8,17.3,24.97,0.0,0.38,7.42,18.44
1994-03-24,33.15,17.53,25.23,0.0,0.38,7.75,18.29
1994-03-25,31.49,16.85,23.46,0.0,0.38,7.05,21.5
1994-03-26,32.19,17.21,24.03,0.0,0.38,6.29,21.56
1994-03-27,31.25,14.7,22.59,0.0,0.38,4.3,21.04
1994-03-28,30.67,14.75,22.56,0.0,0.38,5.2,20.76
1994-03-29,31.5,14.88,23.2,0.0,0.38,5.8,19.77
1994-03-30,32.13,18.48,24.81,0.0,0.38,8.08,18.02
1994-03-31,29.74,16.67,23.14,1.17,0.38,10.2,9.27
1994-04-01,21.85,12.39,16.39,1.47,0.38,9.22,13.08
1994-04-02,19.62,12.45,15.31,0.62,0.38,9.21,11.47
1994-04-03,23.23,12.93,17.12,0.04,0.38,11.5,14.23
1994-04-04,26.53,11.42,18.26,0.06,0.38,10.37,19.29
1994-04-05,27.35,13.86,20.27,0.1,0.38,7.37,16.32
1994-04-06,18.18,10.49,15.1,4.23,0.39,6.43,10.71
1994-04-07,20.07,8.45,13.97,0.38,0.39,7.86,14.83
1994-04-08,22.71,9.7,15.28,0.31,0.39,10.44,15.89
1994-04-09,25.99,10.79,17.09,0.0,0.39,7.25,18.49
1994-04-10,17.55,8.74,13.7,1.69,0.39,6.38,14.36
1994-04-11,17.87,8.12,12.3,0.77,0.39,6.3,12.76
1994-04-12,20.76,7.8,13.82,0.16,0.39,9.27,11.76
1994-04-13,22.37,10.41,15.78,0.25,0.39,11.19,10.53
1994-04-14,22.63,9.15,14.86,0.02,0.39,8.51,16.15
1994-04-15,22.15,9.89,15.02,0.03,0.39,7.32,15.42
1994-04-16,27.58,10.03,17.84,0.0,0.39,5.1,14.26
1994-04-17,21.98,10.19,15.53,0.27,0.39,6.33,10.11
1994-04-18,18.4,10.53,14.1,0.13,0.39,8.16,9.46
1994-04-19,20.93,12.32,15.28,0.2,0.38,10.0,10.9
1994-04-20,21.39,9.74,14.49,0.04,0.38,9.23,12.53
1994-04-21,20.61,7.68,13.32,0.0,0.38,7.81,15.75
1994-04-22,23.1,10.03,14.83,0.01,0.38,8.9,16.12
1994-04-23,26.62,8.97,16.69,0.01,0.38,7.3,16.21
1994-04-24,29.28,11.69,19.01,0.0,0.38,2.85,14.64
1994-04-25,24.07,15.47,18.64,0.0,0.38,-0.18,9.06
1994-04-26,31.48,14.93,22.26,0.0,0.38,1.07,15.37
1994-04-27,21.72,12.12,16.86,0.03,0.38,9.44,12.06
1994-04-28,19.27,9.51,13.84,0.49,0.38,8.02,12.06
1994-04-29,17.9,6.32,11.52,0.02,0.38,3.18,10.3
1994-04-30,21.28,6.15,13.05,0.0,0.38,1.46,14.29
1994-05-01,19.35,9.33,14.06,0.09,0.38,9.03,8.36
1994-05-02,15.57,6.28,11.7,0.81,0.38,6.94,8.45
1994-05-03,16.93,3.09,9.35,0.0,0.38,2.91,14.28
1994-05-04,18.52,4.07,10.39,0.0,0.38,1.57,14.05
1994-05-05,23.1,5.17,12.75,0.01,0.38,2.96,13.77
1994-05-06,20.74,9.2,13.46,0.01,0.38,7.07,12.02
1994-05-07,18.93,8.1,12.85,0.06,0.38,8.5,8.16
1994-05-08,16.26,6.3,10.74,0.03,0.38,6.0,11.16
1994-05-09,16.08,6.82,11.38,0.13,0.38,6.68,9.6
1994-05-10,15.8,6.67,10.65,1.23,0.38,5.24,11.38
1994-05-11,14.76,5.61,9.56,0.25,0.38,4.33,10.17
1994-05-12,15.32,3.36,8.96,0.17,0.38,2.83,12.81
1994-05-13,18.75,4.59,11.85,0.49,0.38,3.32,9.75
1994-05-14,15.83,5.86,11.56,1.78,0.39,5.26,9.52
1994-05-15,15.81,7.29,10.99,1.35,0.39,7.62,8.63
1994-05-16,15.59,8.09,11.27,0.61,0.39,7.79,7.74
1994-05-17,18.85,8.52,13.29,7.11,0.4,8.32,6.88
1994-05-18,14.33,10.73,12.61,5.97,0.41,7.32,8.62
1994-05-19,13.53,7.08,10.31,0.33,0.41,6.12,8.62
1994-05-20,19.72,9.1,13.61,0.02,0.41,8.18,10.04
1994-05-21,18.06,10.79,12.91,1.09,0.41,6.69,5.56
1994-05-22,16.86,11.62,13.44,2.48,0.41,9.36,8.48
1994-05-23,20.9,10.62,14.86,0.2,0.41,7.6,9.32
1994-05-24,26.6,10.86,17.75,0.01,0.41,3.41,11.08
1994-05-25,14.76,10.4,12.48,11.81,0.42,7.31,5.49
1994-05-26,17.5,10.63,14.2,4.21,0.43,10.05,7.15
1994-05-27,18.88,11.42,14.29,0.82,0.44,11.04,8.28
1994-05-28,18.57,11.05,13.54,0.47,0.43,10.26,6.87
1994-05-29,18.83,9.27,12.9,0.4,0.43,7.27,11.05
1994-05-30,21.21,7.71,14.42,0.02,0.43,1.35,9.7
1994-05-31,17.09,7.18,12.28,8.74,0.45,7.58,9.32
1994-06-01,15.95,5.34,9.22,0.16,0.45,5.63,10.3
1994-06-02,18.11,5.39,10.83,0.0,0.44,5.25,9.22
1994-06-03,19.14,10.75,13.73,0.03,0.44,5.06,6.04
1994-06-04,17.0,8.62,12.23,0.02,0.44,7.52,6.43
1994-06-05,12.72,8.11,9.97,0.17,0.44,6.08,6.19
1994-06-06,12.32,7.27,9.67,7.09,0.44,6.48,5.79
1994-06-07,15.62,8.52,11.12,7.2,0.47,9.18,4.61
1994-06-08,15.75,8.74,11.43,0.57,0.47,8.53,6.75
1994-06-09,15.1,5.02,9.18,0.08,0.46,4.63,10.52
1994-06-10,15.17,3.07,9.09,0.04,0.46,6.13,9.47
1994-06-11,15.29,7.64,10.13,1.56,0.46,8.95,6.97
1994-06-12,15.59,6.06,10.41,3.13,0.47,6.48,8.89
1994-06-13,14.6,5.41,9.66,4.68,0.47,7.28,5.84
1994-06-14,13.17,9.37,11.01,2.7,0.48,8.48,6.76
1994-06-15,15.01,8.54,10.96,1.79,0.48,8.44,7.81
1994-06-16,15.44,8.33,11.27,3.82,0.48,9.5,8.75
1994-06-17,14.4,7.23,10.96,4.84,0.49,8.19,7.88
1994-06-18,15.68,7.75,11.33,9.35,0.5,9.11,5.35
1994-06-19,14.23,8.21,11.21,7.07,0.52,9.33,7.31
1994-06-20,14.66,8.04,10.87,0.36,0.52,8.18,7.4
1994-06-21,17.66,6.15,11.18,1.28,0.51,5.54,7.71
1994-06-22,16.55,8.69,11.91,1.17,0.51,5.76,8.09
1994-06-23,11.76,5.51,9.27,7.3,0.52,7.37,5.29
1994-06-24,13.53,9.75,11.17,5.81,0.53,8.94,8.69
1994-06-25,13.19,7.44,9.66,7.89,0.54,8.54,5.35
1994-06-26,12.94,6.31,9.0,1.36,0.54,7.67,8.08
1994-06-27,12.52,3.19,6.83,0.27,0.54,5.12,10.35
1994-06-28,13.4,1.69,6.44,0.03,0.54,3.7,8.48
1994-06-29,14.47,3.88,7.8,0.01,0.54,4.06,9.73
1994-06-30,13.77,0.73,6.71,0.02,0.54,2.22,10.23
1994-07-01,14.02,0.47,6.5,0.04,0.53,2.47,8.92
1994-07-02,13.36,4.14,7.93,0.0,0.53,2.27,6.73
1994-07-03,15.03,5.88,9.61,0.0,0.53,4.83,9.84
1994-07-04,17.75,6.44,10.76,0.14,0.53,6.98,7.54
1994-07-05,19.04,7.05,10.75,0.0,0.53,6.73,10.42
1994-07-06,19.04,4.8,10.39,0.02,0.53,4.57,10.48
1994-07-07,19.52,6.16,11.78,0.01,0.52,5.72,10.48
1994-07-08,18.92,5.12,10.39,0.0,0.52,4.07,10.53
1994-07-09,18.18,4.83,10.05,0.0,0.52,3.7,8.2
1994-07-10,19.5,4.51,11.26,0.87,0.52,3.92,9.4
1994-07-11,13.99,8.05,10.45,6.72,0.52,8.61,8.06
1994-07-12,10.72,6.41,8.58,8.73,0.54,7.46,6.24
1994-07-13,14.19,5.33,9.45,0.61,0.54,7.31,9.17
1994-07-14,15.55,4.01,8.4,0.0,0.54,4.12,10.03
1994-07-15,14.13,5.89,8.78,2.09,0.54,5.92,7.7
1994-07-16,11.6,4.58,7.52,0.26,0.54,4.71,8.64
1994-07-17,13.43,3.76,7.84,0.21,0.54,4.85,9.83
1994-07-18,12.97,5.92,9.12,4.44,0.54,8.19,6.4
1994-07-19,12.82,4.34,8.22,0.37,0.55,5.4,7.93
1994-07-20,13.41,4.14,8.32,0.96,0.54,7.02,8.95
1994-07-21,15.09,6.31,9.81,2.97,0.55,8.85,7.36
1994-07-22,12.74,4.46,7.94,0.15,0.55,5.77,11.68
1994-07-23,12.25,2.24,5.98,0.0,0.54,1.07,10.56
1994-07-24,9.27,-0.04,5.5,1.51,0.54,0.15,6.84
1994-07-25,12.86,5.49,8.31,0.21,0.54,5.15,8.68
1994-07-26,10.41,4.96,7.38,2.29,0.54,6.43,8.36
1994-07-27,13.91,7.12,10.31,3.68,0.55,8.45,8.77
1994-07-28,15.87,8.65,11.01,3.06,0.55,7.72,10.96
1994-07-29,10.04,4.32,7.06,18.61,0.57,4.91,4.55
1994-07-30,9.87,3.97,6.32,6.06,0.59,4.0,10.23
1994-07-31,11.71,5.32,8.02,3.62,0.59,5.69,10.71
1994-08-01,12.5,4.81,9.02,2.1,0.59,6.97,9.33
1994-08-02,11.66,4.81,7.34,0.4,0.59,4.92,9.82
1994-08-03,11.43,5.07,8.11,1.19,0.59,6.15,9.36
1994-08-04,13.61,4.29,8.0,0.18,0.59,5.28,9.86
1994-08-05,13.87,1.85,7.31,0.0,0.59,2.46,11.75
1994-08-06,14.37,5.76,9.4,4.41,0.59,5.5,10.41
1994-08-07,10.39,4.11,6.94,0.94,0.59,2.6,12.11
1994-08-08,10.53,2.68,6.07,2.53,0.59,2.93,11.49
1994-08-09,11.7,2.93,6.32,0.12,0.59,3.85,12.0
1994-08-10,11.71,2.46,6.64,0.08,0.59,3.77,11.9
1994-08-11,11.31,4.16,7.49,0.02,0.58,1.3,6.61
1994-08-12,12.15,7.44,9.86,3.68,0.58,4.83,4.19
1994-08-13,10.37,3.83,7.19,1.73,0.58,3.45,12.84
1994-08-14,11.9,5.06,7.79,0.96,0.58,4.63,11.11
1994-08-15,10.6,3.85,7.12,1.43,0.58,5.57,10.85
1994-08-16,10.88,4.28,7.11,1.89,0.59,5.67,9.65
1994-08-17,12.61,4.66,8.44,2.01,0.59,6.97,11.15
1994-08-18,11.85,1.42,6.62,0.0,0.59,3.18,15.55
1994-08-19,13.36,3.37,6.98,0.07,0.58,3.86,15.95
1994-08-20,13.79,2.59,7.01,0.01,0.58,4.09,15.32
1994-08-21,11.76,1.53,6.82,0.99,0.58,5.73,11.38
1994-08-22,14.7,5.61,9.22,3.31,0.58,6.23,10.27
1994-08-23,13.34,6.97,9.4,0.32,0.58,5.32,13.3
1994-08-24,14.35,7.05,9.86,1.55,0.58,8.83,11.34
1994-08-25,16.17,6.74,10.28,0.47,0.58,9.31,11.76
1994-08-26,19.03,5.3,11.64,0.0,0.58,7.8,16.17
1994-08-27,21.41,6.18,12.44,0.0,0.57,6.17,16.87
1994-08-28,14.25,5.02,9.75,0.02,0.57,5.58,9.4
1994-08-29,15.25,4.03,8.98,0.0,0.57,4.77,15.22
1994-08-30,15.38,2.75,8.18,0.0,0.56,4.79,16.99
1994-08-31,18.29,2.91,9.96,0.01,0.56,4.07,16.8
1994-09-01,16.63,6.02,10.99,0.0,0.56,1.49,10.91
1994-09-02,19.41,6.97,12.56,0.84,0.55,6.86,14.78
1994-09-03,14.04,10.19,11.85,2.19,0.55,10.93,7.26
1994-09-04,15.97,7.24,11.02,2.22,0.56,8.54,9.46
1994-09-05,14.32,6.34,9.54,0.6,0.56,6.93,12.79
1994-09-06,13.94,2.8,8.93,0.79,0.55,5.55,14.79
1994-09-07,15.31,0.26,7.65,0.0,0.55,2.73,18.0
1994-09-08,18.18,3.05,9.97,0.18,0.55,3.35,14.08
1994-09-09,17.33,3.28,9.49,0.0,0.54,5.25,18.79
1994-09-10,17.72,4.99,10.79,0.01,0.54,7.02,17.99
1994-09-11,21.68,6.78,13.17,0.0,0.54,3.95,18.73
1994-09-12,14.78,7.64,10.34,2.94,0.53,5.8,15.54
1994-09-13,13.79,4.59,9.35,0.35,0.53,5.98,13.22
1994-09-14,13.99,4.52,8.73,0.93,0.53,6.04,13.18
1994-09-15,16.96,2.53,9.96,1.24,0.53,5.28,19.1
1994-09-16,14.38,7.22,10.06,0.1,0.53,4.5,15.35
1994-09-17,14.25,8.07,11.26,1.47,0.53,8.2,13.36
1994-09-18,13.8,4.14,9.6,1.2,0.53,4.77,14.28
1994-09-19,13.73,3.56,8.6,0.79,0.52,3.14,16.93
1994-09-20,14.22,6.24,9.66,1.41,0.52,5.57,11.74
1994-09-21,16.69,5.15,10.25,0.23,0.52,5.92,19.35
1994-09-22,19.08,6.55,11.44,0.12,0.52,5.24,18.59
1994-09-23,16.11,6.03,10.86,0.44,0.51,5.94,16.76
1994-09-24,14.51,5.05,9.51,0.4,0.51,4.83,13.74
1994-09-25,13.45,6.13,9.53,0.87,0.51,6.08,12.88
1994-09-26,13.84,4.34,8.82,4.01,0.51,4.73,14.85
1994-09-27,14.84,3.65,8.54,0.16,0.51,3.62,19.68
1994-09-28,16.51,3.81,10.13,0.73,0.51,5.54,17.29
1994-09-29,13.23,4.57,9.27,3.84,0.51,6.53,18.8
1994-09-30,17.92,4.86,11.53,0.01,0.51,4.99,20.27
1994-10-01,19.35,7.72,12.48,6.33,0.51,6.95,9.74
1994-10-02,14.43,6.03,9.85,1.98,0.52,6.96,15.45
1994-10-03,18.66,7.22,12.4,2.64,0.52,6.16,17.38
1994-10-04,15.28,7.58,10.6,5.17,0.52,8.24,16.84
1994-10-05,16.26,6.85,10.92,0.47,0.52,6.38,14.0
1994-10-06,23.07,5.07,11.49,11.41,0.52,5.74,8.05
1994-10-07,12.5,6.06,9.37,6.79,0.54,5.35,18.06
1994-10-08,16.14,7.58,11.42,0.32,0.54,5.64,19.32
1994-10-09,18.26,5.98,11.59,0.22,0.53,7.81,15.91
1994-10-10,21.07,4.85,12.37,0.0,0.53,7.96,24.98
1994-10-11,19.21,5.37,11.76,0.0,0.52,5.61,25.3
1994-10-12,20.58,5.57,12.14,0.0,0.52,5.28,25.15
1994-10-13,21.75,4.05,12.73,0.0,0.51,5.1,24.54
1994-10-14,28.52,6.48,17.34,0.07,0.5,4.51,26.95
1994-10-15,30.36,9.91,19.58,0.0,0.5,3.18,26.85
1994-10-16,27.91,12.16,18.21,0.03,0.49,6.43,27.04
1994-10-17,18.73,9.21,13.54,0.17,0.49,8.1,14.07
1994-10-18,20.83,7.93,13.67,0.0,0.48,5.89,26.19
1994-10-19,18.98,6.17,12.24,0.07,0.48,5.62,19.38
1994-10-20,18.22,6.75,12.17,0.16,0.48,6.28,19.3
1994-10-21,19.28,3.41,11.51,0.0,0.48,3.6,23.91
1994-10-22,24.08,6.03,14.96,0.0,0.47,4.29,28.55
1994-10-23,28.8,9.57,19.32,0.0,0.47,3.45,28.22
1994-10-24,27.47,14.06,20.29,0.0,0.46,4.62,20.37
1994-10-25,25.25,13.44,19.22,1.4,0.46,8.17,14.63
1994-10-26,25.41,10.14,17.16,3.73,0.46,8.92,22.94
1994-10-27,21.99,6.75,14.03,0.36,0.46,7.47,26.73
1994-10-28,18.58,8.11,12.72,0.09,0.46,4.25,25.68
1994-10-29,18.32,8.39,13.53,2.56,0.46,8.59,21.53
1994-10-30,21.71,9.92,14.59,0.48,0.46,8.1,24.4
1994-10-31,27.77,10.24,18.41,5.89,0.46,6.41,23.92
1994-11-01,12.18,8.12,10.03,4.76,0.47,7.13,15.16
1994-11-02,17.72,9.38,13.67,4.38,0.48,11.26,11.04
1994-11-03,16.8,8.29,12.2,1.28,0.47,8.43,15.18
1994-11-04,14.76,6.85,11.33,2.36,0.47,8.12,16.35
1994-11-05,16.84,10.65,13.59,1.3,0.48,9.45,19.78
1994-11-06,17.26,9.14,13.23,1.18,0.47,7.12,20.42
1994-11-07,15.43,8.67,11.31,0.48,0.47,3.18,24.03
1994-11-08,16.54,8.89,12.48,0.49,0.47,7.51,16.22
1994-11-09,25.89,8.91,17.04,0.02,0.47,8.56,30.13
1994-11-10,33.67,12.36,21.94,0.0,0.46,6.35,31.43
1994-11-11,23.95,11.89,16.55,0.02,0.46,10.29,21.01
1994-11-12,21.15,7.75,14.53,0.23,0.45,5.94,10.79
1994-11-13,21.21,7.19,13.34,0.0,0.45,5.64,25.75
1994-11-14,22.02,10.92,15.66,0.03,0.45,7.79,31.42
1994-11-15,22.33,8.44,14.8,0.0,0.45,4.36,27.87
1994-11-16,26.57,5.68,16.04,0.0,0.44,3.93,32.46
1994-11-17,25.74,7.26,16.83,0.0,0.44,7.71,30.12
1994-11-18,30.46,9.01,20.01,0.0,0.44,6.5,31.2
1994-11-19,34.89,15.48,23.69,1.32,0.43,8.72,19.9
1994-11-20,17.93,11.27,14.33,2.78,0.43,8.01,20.37
1994-11-21,14.85,9.46,11.98,0.28,0.44,5.73,19.19
1994-11-22,22.5,8.07,14.29,0.04,0.43,5.18,25.88
1994-11-23,29.29,6.27,18.69,0.0,0.43,3.83,32.34
1994-11-24,32.62,16.53,23.45,1.66,0.43,7.42,17.87
1994-11-25,25.73,14.16,19.33,0.14,0.43,11.34,30.03
1994-11-26,30.51,13.45,22.26,0.0,0.42,10.1,31.33
1994-11-27,20.23,8.73,16.21,0.01,0.42,7.06,23.47
1994-11-28,24.38,6.85,16.08,0.0,0.42,1.82,27.48
1994-11-29,21.7,10.11,14.07,0.86,0.42,5.12,19.37
1994-11-30,20.71,7.7,13.93,0.02,0.42,1.86,27.68
1994-12-01,26.09,5.49,16.18,0.0,0.42,0.84,33.34
1994-12-02,32.99,9.65,22.21,0.0,0.41,5.22,33.8
1994-12-03,33.63,15.23,24.99,0.0,0.41,2.49,30.94
1994-12-04,36.72,18.44,27.74,0.0,0.41,3.97,31.1
1994-12-05,39.34,19.58,29.75,0.0,0.4,4.68,33.67
1994-12-06,39.49,21.5,29.75,0.01,0.4,8.07,26.8
1994-12-07,21.39,10.43,17.72,1.77,0.4,9.76,12.74
1994-12-08,22.71,8.7,15.23,0.07,0.4,1.64,30.67
1994-12-09,25.47,6.86,16.43,0.0,0.4,2.36,34.03
1994-12-10,30.46,9.25,19.86,0.0,0.4,3.62,34.17
1994-12-11,35.6,13.51,25.5,0.0,0.39,3.38,32.42
1994-12-12,39.44,18.46,28.22,0.12,0.39,4.85,29.76
1994-12-13,26.54,11.58,19.42,0.03,0.39,8.9,27.62
1994-12-14,28.71,8.84,18.84,0.0,0.39,2.44,34.58
1994-12-15,31.58,10.01,20.91,0.0,0.39,-0.04,34.72
1994-12-16,31.87,12.91,21.79,0.0,0.38,4.44,30.45
1994-12-17,33.6,11.19,22.56,0.0,0.38,4.14,32.42
1994-12-18,38.66,14.7,28.05,0.01,0.38,6.4,32.66
1994-12-19,39.02,21.3,28.64,0.33,0.38,10.09,16.81
1994-12-20,34.22,19.72,25.95,1.78,0.38,15.21,17.58
1994-12-21,30.78,14.66,22.23,3.13,0.39,13.95,17.87
1994-12-22,25.47,13.44,18.3,0.64,0.39,6.72,24.5
1994-12-23,26.4,11.39,17.8,0.02,0.39,7.58,30.61
1994-12-24,26.41,10.27,17.57,0.14,0.39,7.07,27.31
1994-12-25,27.59,9.21,17.61,0.0,0.39,6.08,33.65
1994-12-26,30.88,9.78,19.88,0.0,0.38,5.93,33.49
1994-12-27,31.67,12.8,22.44,0.12,0.38,6.95,32.37
1994-12-28,25.52,12.07,19.5,0.0,0.38,5.91,29.62
1994-12-29,25.21,10.71,17.58,0.0,0.38,6.25,32.62
1994-12-30,27.96,13.1,19.34,0.0,0.38,9.11,31.8
1994-12-31,32.11,11.72,21.19,0.0,0.38,7.94,32.47
1995-01-01,28.33,12.21,19.22,0.04,0.38,7.36,28.95
1995-01-02,29.64,10.41,19.84,0.0,0.38,1.03,33.75
1995-01-03,35.54,13.24,25.28,0.41,0.38,9.38,30.3
1995-01-04,34.89,19.76,26.94,1.4,0.38,12.4,27.65
1995-01-05,34.59,20.75,27.7,3.45,0.38,13.51,25.31
1995-01-06,22.03,11.61,17.07,2.18,0.39,9.62,23.39
1995-01-07,25.37,10.64,17.37,0.0,0.39,4.17,29.69
1995-01-08,26.14,9.34,18.09,0.0,0.39,3.84,26.48
1995-01-09,32.61,11.29,23.06,0.0,0.39,3.85,28.87
1995-01-10,34.17,18.56,26.12,0.01,0.38,5.59,27.95
1995-01-11,37.67,19.03,27.9,0.0,0.38,9.06,31.92
1995-01-12,37.07,15.21,26.03,0.0,0.38,7.37,31.16
1995-01-13,39.21,19.98,30.05,0.39,0.38,10.07,25.75
1995-01-14,26.76,20.75,23.69,15.52,0.4,16.12,12.14
1995-01-15,32.37,17.56,24.61,0.4,0.41,14.85,17.0
1995-01-16,33.01,14.72,23.23,0.13,0.4,9.18,32.48
1995-01-17,31.31,12.59,22.0,0.0,0.4,9.12,31.98
1995-01-18,34.13,14.96,24.84,0.0,0.4,12.04,29.63
1995-01-19,37.38,18.23,28.92,0.1,0.39,14.74,27.7
1995-01-20,27.71,13.57,21.61,0.93,0.39,11.14,24.15
1995-01-21,23.63,11.66,16.82,0.0,0.39,2.63,28.79
1995-01-22,28.46,9.05,19.83,0.0,0.39,1.02,31.57
1995-01-23,32.66,14.65,23.57,0.0,0.39,3.94,28.32
1995-01-24,32.53,14.75,23.15,0.05,0.39,9.02,29.67
1995-01-25,30.54,14.01,22.52,0.14,0.39,7.9,21.49
1995-01-26,34.5,17.22,24.41,7.91,0.39,13.51,24.9
1995-01-27,30.6,15.9,23.22,0.15,0.4,12.42,30.25
1995-01-28,25.31,14.46,19.66,0.1,0.39,12.92,21.28
1995-01-29,30.02,13.43,21.34,0.47,0.39,11.94,24.22
1995-01-30,30.37,14.57,21.31,0.24,0.39,10.63,24.8
1995-01-31,28.22,12.22,19.56,0.02,0.39,7.23,30.0
1995-02-01,31.84,11.04,21.42,0.0,0.39,4.34,31.02
1995-02-02,34.89,16.84,24.17,1.9,0.39,7.14,14.29
1995-02-03,23.65,13.09,18.09,0.72,0.39,9.39,24.14
1995-02-04,31.33,11.06,22.02,1.94,0.39,7.1,30.13
1995-02-05,20.29,11.88,17.08,3.65,0.4,8.05,25.36
1995-02-06,22.83,10.17,16.16,0.03,0.39,5.68,27.01
1995-02-07,26.26,11.13,17.97,0.0,0.39,7.82,30.22
1995-02-08,27.13,11.41,18.29,0.0,0.39,9.25,27.74
1995-02-09,25.39,9.3,17.36,0.0,0.39,7.6,27.46
1995-02-10,27.59,11.78,19.39,0.01,0.39,9.21,25.52
1995-02-11,33.67,12.81,23.77,0.0,0.39,7.09,29.32
1995-02-12,37.01,18.04,28.18,0.12,0.38,5.64,26.09
1995-02-13,38.65,22.91,30.73,0.43,0.38,10.66,25.31
1995-02-14,38.17,23.51,30.85,0.0,0.38,9.37,27.48
1995-02-15,36.91,20.9,29.34,8.59,0.38,12.25,22.23
1995-02-16,24.87,13.43,19.44,2.31,0.4,8.93,24.33
1995-02-17,25.85,11.42,18.15,0.0,0.4,7.46,25.75
1995-02-18,28.15,11.28,19.39,0.0,0.4,8.96,27.72
1995-02-19,28.73,13.58,20.26,0.0,0.39,9.35,26.45
1995-02-20,30.81,10.85,20.56,0.0,0.39,7.04,28.34
1995-02-21,34.77,13.08,23.93,0.0,0.39,7.53,27.8
1995-02-22,30.63,14.73,21.82,0.01,0.39,9.35,27.74
1995-02-23,33.35,13.03,22.65,0.0,0.39,4.29,27.17
1995-02-24,38.33,15.65,27.36,0.01,0.38,2.94,27.06
1995-02-25,39.34,21.47,30.02,0.0,0.38,6.15,25.92
1995-02-26,38.58,20.67,28.05,0.0,0.38,10.21,22.87
1995-02-27,27.37,17.83,21.94,2.49,0.38,14.61,14.13
1995-02-28,30.86,16.97,23.7,0.34,0.39,13.18,14.96
1995-03-01,31.64,17.49,24.12,0.88,0.38,10.13,15.84
1995-03-02,32.35,14.31,23.11,0.12,0.38,7.73,26.98
1995-03-03,33.02,15.48,24.18,0.0,0.38,6.53,26.88
1995-03-04,33.58,17.3,24.93,0.0,0.38,3.34,26.51
1995-03-05,33.75,17.93,25.77,0.0,0.38,4.61,25.25
1995-03-06,35.04,19.96,27.91,0.89,0.38,10.37,22.22
1995-03-07,29.06,15.38,22.7,0.44,0.38,13.18,22.35
1995-03-08,24.9,13.6,18.74,1.05,0.38,12.19,11.31
1995-03-09,24.58,11.95,17.38,0.06,0.38,8.92,21.52
1995-03-10,27.37,10.6,18.42,0.01,0.38,8.98,24.06
1995-03-11,29.58,11.43,19.55,0.03,0.38,9.12,24.49
1995-03-12,20.28,12.69,15.73,0.47,0.38,5.34,22.61
1995-03-13,25.08,10.78,16.87,0.02,0.38,5.88,23.16
1995-03-14,23.79,10.34,16.57,0.04,0.38,9.39,19.23
1995-03-15,24.08,10.6,16.57,0.02,0.38,6.36,22.4
1995-03-16,24.71,7.74,15.53,0.0,0.38,4.59,22.53
1995-03-17,26.08,8.58,16.93,0.01,0.38,8.07,21.91
1995-03-18,22.76,13.27,16.52,0.05,0.38,8.86,19.17
1995-03-19,22.51,11.28,16.21,0.08,0.38,8.53,19.46
1995-03-20,23.66,9.67,16.03,0.04,0.38,10.04,15.89
1995-03-21,25.0,12.34,17.54,0.21,0.38,12.64,15.51
1995-03-22,23.91,11.96,16.79,0.23,0.38,11.27,19.32
1995-03-23,23.21,10.65,16.2,0.17,0.38,9.58,15.7
1995-03-24,21.06,10.93,15.45,0.41,0.38,7.72,17.11
1995-03-25,22.34,8.42,14.69,0.0,0.38,4.78,18.69
1995-03-26,21.22,8.41,14.26,0.12,0.38,8.11,19.16
1995-03-27,21.54,10.51,14.91,0.23,0.38,7.28,19.46
1995-03-28,20.63,9.89,14.86,0.5,0.38,8.58,14.36
1995-03-29,20.93,10.75,15.42,1.99,0.38,10.01,17.93
1995-03-30,20.47,10.19,14.45,0.35,0.38,8.12,11.48
1995-03-31,17.95,6.39,12.12,0.32,0.38,3.09,16.28
1995-04-01,19.56,5.58,12.7,4.43,0.39,7.76,14.08
1995-04-02,17.68,7.6,12.48,0.53,0.39,5.29,14.75
1995-04-03,24.39,4.92,14.56,0.0,0.39,3.72,19.67
1995-04-04,21.36,10.45,15.36,7.42,0.4,7.37,7.24
1995-04-05,17.61,7.71,12.19,0.15,0.4,6.4,15.5
1995-04-06,17.55,9.21,12.59,6.76,0.41,7.7,14.98
1995-04-07,13.18,8.27,10.6,5.07,0.42,5.49,11.86
1995-04-08,14.7,9.74,12.34,2.04,0.42,8.54,14.38
1995-04-09,17.62,9.6,12.67,1.3,0.42,7.72,13.46
1995-04-10,17.49,7.13,11.82,0.17,0.42,6.61,10.89
1995-04-11,19.6,7.34,12.41,0.13,0.42,7.8,13.06
1995-04-12,19.55,7.37,12.9,0.01,0.42,7.94,15.03
1995-04-13,21.56,9.09,14.31,0.01,0.42,7.03,18.02
1995-04-14,25.36,7.97,15.95,0.01,0.42,6.03,18.28
1995-04-15,27.17,10.84,18.96,0.51,0.41,8.01,17.0
1995-04-16,19.18,9.57,13.1,10.71,0.43,7.15,12.05
1995-04-17,17.98,7.63,12.03,0.24,0.43,5.55,12.64
1995-04-18,21.78,7.48,12.38,0.74,0.43,5.06,14.33
1995-04-19,16.79,5.16,10.24,0.14,0.43,4.95,11.11
1995-04-20,16.75,6.51,11.13,0.95,0.43,8.08,12.02
1995-04-21,19.42,7.95,12.39,0.07,0.43,6.87,14.68
1995-04-22,22.99,6.62,14.7,0.0,0.43,5.84,16.09
1995-04-23,23.48,11.14,15.47,0.65,0.43,7.78,13.5
1995-04-24,17.66,5.75,11.07,0.01,0.43,4.04,15.2
1995-04-25,19.55,8.88,13.3,0.72,0.42,10.53,12.11
1995-04-26,18.55,6.67,12.37,1.05,0.43,7.91,12.1
1995-04-27,17.57,4.14,10.24,0.0,0.43,1.75,14.9
1995-04-28,23.04,7.7,14.43,0.0,0.42,3.88,12.35
1995-04-29,23.95,12.23,16.78,2.34,0.42,6.09,7.1
1995-04-30,15.86,11.72,13.89,20.2,0.46,12.29,5.09
1995-05-01,17.27,8.18,12.3,0.66,0.47,8.19,9.19
1995-05-02,16.83,7.74,12.17,9.2,0.47,8.83,10.81
1995-05-03,15.12,6.18,10.62,1.98,0.48,5.54,10.94
1995-05-04,15.57,6.48,10.16,0.32,0.48,6.74,10.29
1995-05-05,16.33,6.9,10.72,0.11,0.47,7.65,7.61
1995-05-06,14.46,7.39,10.61,0.05,0.47,7.81,8.74
1995-05-07,17.32,6.57,10.98,0.0,0.47,6.9,9.98
1995-05-08,19.6,5.79,12.46,0.0,0.47,6.96,11.65
1995-05-09,15.1,9.59,12.06,0.05,0.47,8.01,8.22
1995-05-10,21.03,8.38,13.44,0.01,0.47,8.42,10.76
1995-05-11,20.75,8.63,14.52,0.66,0.47,8.29,7.76
1995-05-12,20.58,12.26,15.84,1.93,0.47,10.22,4.7
1995-05-13,18.16,11.91,14.09,3.7,0.47,10.75,10.06
1995-05-14,15.06,7.21,11.66,1.01,0.48,6.96,10.33
1995-05-15,15.07,6.84,10.77,0.2,0.47,7.68,7.55
1995-05-16,16.39,8.18,11.46,0.16,0.47,8.4,7.25
1995-05-17,16.62,6.31,11.05,0.03,0.47,8.04,6.99
1995-05-18,16.46,5.9,10.07,0.0,0.47,6.5,10.05
1995-05-19,18.55,7.99,12.08,0.04,0.47,7.34,7.22
1995-05-20,16.65,5.58,10.56,0.1,0.47,6.06,8.5
1995-05-21,17.0,3.8,9.09,0.04,0.47,5.44,11.62
1995-05-22,17.71,3.7,9.88,0.0,0.47,4.86,11.27
1995-05-23,20.11,6.31,12.09,0.0,0.47,5.74,11.2
1995-05-24,18.51,8.97,12.11,9.52,0.47,6.98,8.2
1995-05-25,12.61,8.75,10.25,8.12,0.49,9.02,7.45
1995-05-26,13.12,8.29,10.76,1.67,0.5,5.52,9.8
1995-05-27,14.96,9.98,12.02,1.14,0.5,9.02,8.04
1995-05-28,15.48,9.09,11.96,1.04,0.5,9.26,8.09
1995-05-29,15.79,8.18,11.26,0.03,0.49,7.75,6.32
1995-05-30,14.63,7.94,10.41,0.63,0.49,7.64,7.6
1995-05-31,15.52,7.78,10.6,0.51,0.49,8.88,9.26
1995-06-01,16.58,6.01,10.18,0.13,0.49,6.99,10.55
1995-06-02,16.51,5.41,9.65,0.0,0.49,6.28,10.54
1995-06-03,16.58,4.16,9.16,0.02,0.49,5.7,10.53
1995-06-04,16.54,5.6,9.97,0.04,0.49,6.93,9.97
1995-06-05,18.28,6.8,11.93,16.41,0.5,9.76,4.26
1995-06-06,14.89,10.27,12.19,6.42,0.53,11.02,4.13
1995-06-07,18.66,11.77,14.66,12.53,0.53,11.53,2.78
1995-06-08,16.96,11.66,14.09,5.58,0.56,12.25,3.67
1995-06-09,18.19,10.81,14.95,13.99,0.58,13.1,6.63
1995-06-10,14.12,10.02,11.76,7.86,0.58,9.56,7.33
1995-06-11,13.38,9.34,11.14,2.09,0.58,9.09,8.88
1995-06-12,13.73,7.74,10.13,0.37,0.58,7.31,5.65
1995-06-13,11.85,7.18,9.17,0.07,0.58,6.2,4.32
1995-06-14,12.78,6.02,8.86,0.16,0.58,6.43,8.14
1995-06-15,13.46,4.95,8.56,0.29,0.58,6.75,7.26
1995-06-16,12.72,5.2,8.5,1.32,0.58,6.88,6.74
1995-06-17,11.76,5.15,7.6,0.1,0.57,4.16,7.65
1995-06-18,13.24,5.79,9.07,0.88,0.57,7.73,6.74
1995-06-19,13.08,7.1,9.51,0.15,0.57,7.23,5.59
1995-06-20,13.46,4.53,8.55,0.05,0.57,5.88,4.92
1995-06-21,11.22,4.11,7.27,0.04,0.57,4.45,6.77
1995-06-22,11.53,1.7,5.72,0.01,0.57,1.85,8.15
1995-06-23,9.65,0.74,5.28,0.01,0.57,0.31,6.27
1995-06-24,13.96,4.44,8.08,0.49,0.57,3.76,6.34
1995-06-25,13.89,5.37,8.77,1.5,0.57,6.55,7.79
1995-06-26,17.26,6.19,10.48,11.92,0.57,6.27,8.26
1995-06-27,10.42,6.34,7.92,5.64,0.59,6.41,3.83
1995-06-28,11.58,6.04,8.86,5.11,0.59,7.33,6.57
1995-06-29,12.32,6.45,9.12,2.02,0.6,5.56,6.59
1995-06-30,12.03,8.06,10.18,8.26,0.6,7.73,6.18
1995-07-01,12.7,6.43,9.36,1.84,0.61,6.97,8.24
1995-07-02,14.93,6.97,11.3,4.28,0.61,9.86,7.39
1995-07-03,12.87,3.75,8.97,1.43,0.61,6.47,8.14
1995-07-04,11.14,3.0,6.77,0.65,0.61,5.17,7.73
1995-07-05,10.42,5.48,7.47,1.76,0.61,6.42,6.83
1995-07-06,12.6,4.93,8.24,0.35,0.61,6.93,7.67
1995-07-07,12.03,5.41,8.0,0.19,0.61,5.2,7.11
1995-07-08,12.59,3.56,7.18,0.09,0.61,3.84,9.19
1995-07-09,12.86,1.05,5.94,0.0,0.61,2.54,8.7
1995-07-10,10.91,2.57,6.78,7.94,0.61,5.18,7.24
1995-07-11,12.79,7.72,9.68,8.76,0.62,8.58,5.15
1995-07-12,14.27,7.37,10.83,9.49,0.63,8.72,9.57
1995-07-13,15.02,8.68,11.27,13.19,0.66,9.76,7.27
1995-07-14,12.39,6.38,9.39,4.77,0.67,6.81,8.09
1995-07-15,12.85,5.95,9.17,5.43,0.67,8.32,6.8
1995-07-16,12.22,8.5,10.4,2.49,0.67,9.42,5.33
1995-07-17,12.61,7.63,10.25,10.54,0.68,8.85,7.69
1995-07-18,12.14,5.71,8.94,8.05,0.7,6.75,8.63
1995-07-19,12.33,3.63,6.83,0.73,0.7,5.18,10.56
1995-07-20,11.79,3.05,6.16,0.04,0.69,3.59,10.07
1995-07-21,12.05,4.21,7.75,3.75,0.69,5.41,6.82
1995-07-22,11.93,7.04,8.92,10.33,0.7,7.93,6.07
1995-07-23,12.99,6.28,9.83,1.22,0.71,7.8,9.52
1995-07-24,12.7,3.49,8.1,0.08,0.71,5.15,8.37
1995-07-25,11.24,5.16,7.45,0.11,0.7,5.43,5.98
1995-07-26,8.99,3.04,5.96,1.33,0.7,4.09,5.96
1995-07-27,13.2,2.95,7.81,3.81,0.7,6.53,9.4
1995-07-28,11.77,4.46,8.38,2.07,0.71,6.91,9.55
1995-07-29,12.36,5.18,8.24,0.03,0.71,5.47,9.95
1995-07-30,10.78,5.7,7.67,10.93,0.71,5.51,3.98
1995-07-31,11.68,5.13,8.13,1.95,0.72,6.25,10.11
1995-08-01,13.57,5.31,8.33,9.47,0.72,7.19,8.07
1995-08-02,9.29,2.69,6.29,7.59,0.74,4.28,9.95
1995-08-03,12.47,4.26,8.83,4.06,0.74,7.91,9.83
1995-08-04,13.23,4.64,8.39,1.19,0.74,7.06,10.06
1995-08-05,11.47,5.03,7.96,0.41,0.74,6.26,8.44
1995-08-06,10.64,4.37,7.62,0.83,0.74,5.04,9.42
1995-08-07,11.32,4.18,6.99,1.21,0.74,5.22,11.77
1995-08-08,12.17,2.22,6.23,0.39,0.74,4.6,10.98
1995-08-09,13.02,2.05,7.69,0.14,0.73,5.65,9.31
1995-08-10,12.89,3.61,7.7,0.0,0.73,4.98,11.01
1995-08-11,14.8,2.37,6.72,0.03,0.73,2.64,12.05
1995-08-12,16.41,0.91,7.74,0.0,0.72,2.58,13.74
1995-08-13,16.92,2.16,8.36,0.01,0.72,3.17,14.04
1995-08-14,18.33,3.54,10.31,0.04,0.72,5.47,14.23
1995-08-15,17.08,6.25,11.05,0.08,0.71,9.58,11.43
1995-08-16,16.66,7.04,10.77,0.11,0.71,9.37,12.67
1995-08-17,19.3,6.48,11.79,0.0,0.71,8.34,14.68
1995-08-18,18.98,5.89,11.76,0.01,0.7,10.52,14.78
1995-08-19,19.63,7.89,12.78,0.07,0.7,10.0,14.32
1995-08-20,22.85,9.46,14.64,0.39,0.7,11.26,14.24
1995-08-21,15.44,6.91,10.55,0.33,0.69,8.82,12.74
1995-08-22,18.2,4.44,11.42,0.0,0.69,8.45,15.22
1995-08-23,15.81,5.6,11.33,0.11,0.68,8.49,13.99
1995-08-24,17.69,5.09,11.47,1.28,0.68,8.52,9.06
1995-08-25,17.49,5.31,11.68,5.18,0.69,8.68,6.33
1995-08-26,15.92,4.58,10.58,1.01,0.68,7.8,13.41
1995-08-27,13.84,4.03,8.55,0.01,0.68,4.77,13.26
1995-08-28,15.53,3.4,8.94,0.09,0.68,5.08,16.29
1995-08-29,18.71,3.96,11.03,0.0,0.67,5.43,16.47
1995-08-30,14.6,6.64,10.51,0.78,0.67,6.79,11.27
1995-08-31,13.66,6.23,9.2,3.43,0.67,6.28,12.38
1995-09-01,13.79,4.34,8.32,0.2,0.67,5.37,13.61
1995-09-02,14.78,3.41,8.77,0.02,0.67,5.18,12.36
1995-09-03,17.49,3.71,10.15,1.12,0.66,5.45,16.2
1995-09-04,11.45,3.11,8.36,0.86,0.66,4.87,11.52
1995-09-05,10.59,1.06,5.39,0.16,0.66,1.32,15.47
1995-09-06,11.85,0.35,5.8,0.26,0.65,2.51,13.19
1995-09-07,13.37,0.77,7.16,0.39,0.65,3.13,15.46
1995-09-08,15.33,4.56,9.95,1.68,0.65,5.62,10.13
1995-09-09,16.26,7.27,11.06,0.23,0.65,8.74,13.46
1995-09-10,15.14,5.98,10.04,0.49,0.64,7.98,13.25
1995-09-11,15.07,6.97,10.64,0.08,0.64,7.63,12.83
1995-09-12,19.31,4.58,11.59,0.0,0.64,7.82,17.72
1995-09-13,18.73,7.65,12.82,4.95,0.63,8.22,7.86
1995-09-14,15.98,5.72,11.82,1.33,0.64,9.17,12.48
1995-09-15,17.01,5.58,10.64,0.0,0.64,7.76,17.73
1995-09-16,17.47,6.43,10.69,0.02,0.63,8.15,16.73
1995-09-17,18.52,6.02,10.87,0.01,0.63,7.67,19.69
1995-09-18,21.52,5.93,14.21,0.08,0.62,10.67,15.13
1995-09-19,17.14,8.12,12.75,0.52,0.62,9.55,17.04
1995-09-20,15.82,6.93,10.57,1.35,0.61,8.04,15.24
1995-09-21,14.15,9.0,11.33,0.79,0.61,8.96,15.17
1995-09-22,18.11,9.52,12.51,0.21,0.61,10.09,16.53
1995-09-23,16.13,9.44,12.13,2.44,0.61,9.99,13.7
1995-09-24,13.49,6.27,9.99,0.39,0.61,6.36,17.3
1995-09-25,16.85,3.58,9.77,0.02,0.6,5.91,22.19
1995-09-26,18.82,3.31,10.43,0.0,0.6,6.37,22.21
1995-09-27,20.64,5.67,12.75,0.03,0.59,7.85,20.73
1995-09-28,18.8,8.25,13.06,0.04,0.59,9.3,16.73
1995-09-29,21.81,6.88,14.12,0.89,0.58,8.44,15.39
1995-09-30,18.01,9.94,13.68,1.35,0.58,11.06,13.7
1995-10-01,16.43,8.6,12.02,0.23,0.58,9.86,13.88
1995-10-02,14.97,7.37,10.49,1.84,0.58,8.09,15.36
1995-10-03,15.83,4.92,9.71,0.34,0.57,6.37,17.38
1995-10-04,18.44,4.97,11.6,0.04,0.57,6.92,21.33
1995-10-05,17.91,6.9,12.01,0.63,0.56,7.15,14.03
1995-10-06,17.33,5.75,11.67,0.01,0.56,5.92,22.77
1995-10-07,16.84,4.59,11.64,0.96,0.55,8.26,19.95
1995-10-08,16.84,2.71,9.39,0.0,0.55,4.43,23.0
1995-10-09,22.68,3.34,13.53,0.11,0.54,5.28,21.84
1995-10-10,21.21,10.41,15.51,0.66,0.54,9.18,11.86
1995-10-11,19.92,9.91,14.5,2.09,0.54,11.96,11.1
1995-10-12,22.61,10.78,15.58,1.13,0.54,10.92,24.12
1995-10-13,16.17,9.39,12.37,2.48,0.53,7.63,18.29
1995-10-14,17.27,5.55,11.01,0.03,0.53,4.82,19.76
1995-10-15,18.5,3.62,10.95,0.0,0.52,5.88,22.9
1995-10-16,24.8,5.97,15.45,0.01,0.52,5.81,25.92
1995-10-17,26.28,9.81,16.39,0.04,0.51,6.81,15.94
1995-10-18,23.09,7.41,15.8,0.12,0.51,9.52,13.07
1995-10-19,25.24,8.71,16.91,0.97,0.5,8.07,15.84
1995-10-20,15.49,5.32,10.05,0.23,0.5,1.43,21.87
1995-10-21,15.78,3.51,10.49,0.88,0.5,3.6,16.43
1995-10-22,11.63,8.18,9.9,14.28,0.52,7.1,8.55
1995-10-23,19.11,6.68,11.98,0.76,0.52,7.0,20.96
1995-10-24,19.14,6.99,11.97,0.02,0.52,6.98,20.84
1995-10-25,19.59,5.45,11.97,0.0,0.51,6.42,23.95
1995-10-26,20.9,5.91,13.38,0.0,0.51,8.21,27.1
1995-10-27,20.2,8.05,14.02,4.82,0.5,9.76,14.14
1995-10-28,23.34,9.82,15.82,0.54,0.51,9.53,26.71
1995-10-29,23.45,7.0,14.94,0.0,0.5,7.61,26.24
1995-10-30,21.22,7.16,13.81,0.0,0.5,5.58,29.09
1995-10-31,24.17,4.96,14.86,0.01,0.49,3.93,24.09
1995-11-01,33.0,11.7,20.51,0.17,0.48,8.98,19.45
1995-11-02,22.66,10.84,16.37,1.04,0.48,10.85,23.28
1995-11-03,22.64,9.72,15.58,0.52,0.48,11.25,15.25
1995-11-04,18.12,9.09,13.39,0.8,0.48,8.28,18.98
1995-11-05,17.2,6.72,12.4,3.33,0.48,8.26,17.4
1995-11-06,17.43,8.07,12.65,0.26,0.48,7.72,17.96
1995-11-07,21.13,6.57,13.41,0.16,0.48,6.73,24.74
1995-11-08,28.65,5.49,18.48,0.0,0.47,7.03,28.03
1995-11-09,27.12,13.1,18.21,0.13,0.47,8.87,17.49
1995-11-10,19.25,10.1,14.7,1.18,0.47,7.57,23.86
1995-11-11,21.39,8.58,14.51,0.08,0.46,5.93,24.38
1995-11-12,26.64,5.93,16.8,0.0,0.46,4.74,30.98
1995-11-13,27.3,11.67,17.86,0.01,0.46,6.13,18.24
1995-11-14,19.77,9.69,14.72,0.12,0.45,8.67,19.28
1995-11-15,24.05,11.07,16.47,0.03,0.45,7.04,23.56
1995-11-16,29.66,8.62,19.63,0.0,0.45,7.16,31.77
1995-11-17,32.81,15.41,23.04,0.0,0.44,9.31,21.37
1995-11-18,22.81,11.08,16.91,0.03,0.44,7.69,29.55
1995-11-19,21.09,8.12,14.17,0.0,0.44,3.99,28.69
1995-11-20,26.86,7.74,17.85,0.0,0.44,6.57,31.63
1995-11-21,21.39,9.63,15.46,0.02,0.43,7.85,26.68
1995-11-22,21.63,8.93,14.67,0.04,0.43,5.85,24.43
1995-11-23,23.04,6.75,14.77,0.0,0.43,6.43,30.61
1995-11-24,21.87,9.15,14.81,0.01,0.43,2.77,30.94
1995-11-25,27.38,5.73,17.58,0.01,0.42,3.86,27.31
1995-11-26,30.11,11.47,20.65,0.15,0.42,5.76,24.52
1995-11-27,29.76,10.58,20.34,0.0,0.42,6.64,31.17
1995-11-28,24.29,9.67,17.83,0.0,0.42,7.36,28.74
1995-11-29,22.26,8.66,15.2,0.0,0.42,7.67,17.35
1995-11-30,23.12,10.38,16.21,0.09,0.41,8.73,19.87
1995-12-01,24.19,9.05,15.94,0.04,0.41,5.64,27.19
1995-12-02,28.49,9.57,18.05,0.03,0.41,7.04,31.03
1995-12-03,29.82,10.62,19.19,2.76,0.41,9.86,16.17
1995-12-04,20.32,8.57,14.16,0.77,0.41,4.84,24.53
1995-12-05,19.13,6.94,13.22,0.09,0.41,3.36,24.1
1995-12-06,22.15,7.58,14.34,0.0,0.41,2.7,32.15
1995-12-07,27.33,6.11,16.93,0.0,0.41,1.81,31.96
1995-12-08,30.78,8.91,21.55,0.03,0.4,3.91,31.04
1995-12-09,25.14,12.91,20.62,1.63,0.4,7.89,11.76
1995-12-10,18.71,10.62,14.33,0.89,0.4,4.87,23.99
1995-12-11,18.82,7.45,13.25,0.31,0.4,3.13,25.4
1995-12-12,23.08,5.77,14.6,0.02,0.4,4.33,27.03
1995-12-13,24.35,9.35,16.4,0.07,0.4,8.55,29.58
1995-12-14,29.27,11.22,19.66,0.0,0.4,9.09,27.46
1995-12-15,33.8,14.9,24.35,0.02,0.4,9.7,27.79
1995-12-16,33.3,16.17,23.68,0.0,0.39,9.16,31.59
1995-12-17,31.86,14.65,20.91,0.61,0.39,10.96,25.69
1995-12-18,19.09,11.2,15.38,1.52,0.39,10.27,22.6
1995-12-19,19.73,10.15,14.37,0.89,0.39,7.85,21.52
1995-12-20,23.12,9.61,15.26,0.09,0.39,6.27,26.31
1995-12-21,26.98,7.61,16.99,0.0,0.39,3.55,31.88
1995-12-22,27.07,7.98,16.79,0.0,0.39,3.49,24.19
1995-12-23,25.4,8.51,16.26,0.0,0.39,3.35,33.33
1995-12-24,26.82,8.23,17.21,0.0,0.39,4.84,33.04
1995-12-25,29.05,8.37,18.8,0.0,0.39,2.76,32.35
1995-12-26,32.74,10.01,21.41,0.0,0.39,4.12,31.19
1995-12-27,28.54,10.3,17.97,0.0,0.38,5.21,30.84
1995-12-28,29.06,10.45,19.03,0.0,0.38,8.79,31.1
1995-12-29,32.16,11.01,21.82,0.0,0.38,7.87,32.15
1995-12-30,36.37,14.46,25.68,0.01,0.38,8.49,30.75
1995-12-31,23.18,16.38,20.38,17.07,0.39,13.75,12.2
1996-01-01,24.86,13.05,18.84,2.43,0.42,12.22,15.24
1996-01-02,27.11,11.16,18.14,0.0,0.41,8.04,32.51
1996-01-03,26.79,10.4,18.01,0.0,0.41,7.07,33.54
1996-01-04,28.72,11.1,20.62,0.0,0.41,9.84,33.02
1996-01-05,32.59,15.02,24.52,0.0,0.4,9.83,29.99
1996-01-06,35.58,17.2,26.47,0.26,0.4,10.32,31.86
1996-01-07,33.24,17.27,24.68,0.41,0.4,10.85,29.58
1996-01-08,32.15,14.45,23.59,0.0,0.4,9.15,32.44
1996-01-09,33.97,15.06,24.71,0.16,0.39,10.42,26.09
1996-01-10,32.8,14.86,24.06,0.0,0.39,9.37,32.59
1996-01-11,34.15,15.51,24.38,0.0,0.39,7.69,32.59
1996-01-12,33.25,14.01,23.41,0.0,0.39,9.06,31.78
1996-01-13,37.87,13.96,26.87,0.0,0.39,6.84,32.24
1996-01-14,42.29,18.72,31.13,0.03,0.38,4.82,31.62
1996-01-15,26.81,13.91,20.07,0.0,0.38,7.98,30.15
1996-01-16,28.67,13.84,20.2,0.0,0.38,7.56,27.94
1996-01-17,33.54,11.98,22.14,0.0,0.38,5.26,31.08
1996-01-18,33.65,12.14,22.91,0.04,0.38,6.85,30.43
1996-01-19,37.41,17.53,26.7,0.21,0.38,6.29,30.13
1996-01-20,20.96,13.36,16.94,1.0,0.38,5.88,25.26
1996-01-21,23.21,10.25,16.94,0.08,0.38,6.14,26.59
1996-01-22,27.29,10.91,18.85,0.18,0.38,6.21,30.73
1996-01-23,31.34,11.2,21.4,0.26,0.38,4.97,24.26
1996-01-24,21.3,11.28,15.09,3.92,0.39,7.12,18.33
1996-01-25,17.97,9.88,13.8,4.21,0.39,5.42,24.67
1996-01-26,18.43,12.85,15.25,3.57,0.4,9.25,14.1
1996-01-27,24.23,12.23,17.55,0.45,0.4,10.52,24.06
1996-01-28,31.33,10.31,19.57,0.02,0.4,9.24,30.27
1996-01-29,27.51,12.03,18.58,0.23,0.39,7.13,30.89
1996-01-30,34.91,10.76,22.35,0.29,0.39,5.59,27.53
1996-01-31,21.82,14.38,17.48,1.22,0.39,8.95,17.32
1996-02-01,21.67,14.22,17.27,0.83,0.39,10.17,16.26
1996-02-02,22.42,11.4,16.38,0.11,0.39,7.87,26.51
1996-02-03,26.54,11.35,17.99,0.0,0.39,8.03,27.98
1996-02-04,27.83,11.72,20.0,0.0,0.39,7.32,23.04
1996-02-05,30.72,12.74,21.24,0.0,0.39,9.64,29.62
1996-02-06,31.81,12.76,22.8,0.03,0.39,8.88,25.69
1996-02-07,31.76,15.93,23.64,1.28,0.38,9.78,27.96
1996-02-08,17.09,11.42,14.31,8.12,0.4,8.77,13.86
1996-02-09,19.51,11.59,14.8,6.91,0.41,8.84,18.29
1996-02-10,24.24,11.85,16.87,0.16,0.41,6.38,29.27
1996-02-11,23.73,10.09,16.42,0.24,0.41,8.43,20.67
1996-02-12,26.87,8.81,17.08,0.0,0.4,5.15,29.71
1996-02-13,29.91,7.73,19.16,0.05,0.4,4.06,29.24
1996-02-14,33.6,11.49,22.56,0.0,0.4,3.14,29.57
1996-02-15,33.27,11.85,22.62,0.0,0.4,4.1,29.08
1996-02-16,32.67,11.75,21.68,0.07,0.39,5.48,28.88
1996-02-17,32.52,12.26,21.69,0.0,0.39,2.92,29.08
1996-02-18,30.34,11.2,20.44,0.0,0.39,7.38,28.47
1996-02-19,33.18,11.43,22.02,0.0,0.39,9.44,27.69
1996-02-20,36.46,15.42,25.64,0.0,0.39,7.84,25.63
1996-02-21,32.08,16.74,24.93,0.0,0.38,10.64,23.33
1996-02-22,35.41,19.07,27.11,0.0,0.38,8.76,26.63
1996-02-23,33.36,19.3,25.93,0.0,0.38,6.45,24.42
1996-02-24,33.86,17.27,25.42,0.0,0.38,6.12,26.93
1996-02-25,35.06,18.07,26.69,0.0,0.38,6.29,25.68
1996-02-26,28.51,16.85,23.08,0.08,0.38,9.76,23.24
1996-02-27,23.1,14.0,17.97,1.77,0.38,10.07,12.67
1996-02-28,22.44,11.75,16.42,0.06,0.38,7.55,16.95
1996-02-29,23.08,11.75,16.69,0.05,0.38,8.36,16.21
1996-03-01,24.0,10.97,17.43,0.05,0.38,10.12,19.28
1996-03-02,27.1,11.77,19.23,0.0,0.38,9.82,22.53
1996-03-03,29.58,11.56,20.58,0.0,0.38,6.08,26.08
1996-03-04,32.56,12.82,22.89,0.0,0.38,4.82,25.26
1996-03-05,37.18,16.5,26.75,0.0,0.38,4.17,25.23
1996-03-06,27.19,13.74,21.32,0.0,0.38,7.8,15.43
1996-03-07,25.22,10.44,17.22,0.0,0.38,4.66,24.99
1996-03-08,25.89,9.8,17.29,0.0,0.38,7.21,24.49
1996-03-09,29.25,11.5,19.99,0.0,0.38,8.06,24.48
1996-03-10,31.33,14.34,22.86,0.0,0.38,7.75,24.37
1996-03-11,33.72,16.7,25.24,0.0,0.38,6.18,23.33
1996-03-12,34.29,17.63,24.69,0.0,0.38,6.98,19.47
1996-03-13,34.2,16.26,23.44,0.0,0.38,8.84,23.18
1996-03-14,31.01,12.55,21.98,0.01,0.38,4.72,22.57
1996-03-15,33.72,17.94,24.49,3.93,0.38,11.13,15.18
1996-03-16,22.6,14.05,17.78,7.41,0.4,10.38,15.57
1996-03-17,21.39,10.32,15.2,0.26,0.4,5.82,16.72
1996-03-18,23.28,9.26,15.81,0.0,0.4,6.92,21.64
1996-03-19,19.96,9.61,14.42,0.3,0.39,6.33,12.83
1996-03-20,18.12,8.91,13.31,0.47,0.39,7.65,16.3
1996-03-21,22.53,9.8,15.18,0.02,0.39,8.2,17.19
1996-03-22,23.26,8.63,15.53,0.02,0.39,7.82,21.2
1996-03-23,25.54,9.05,17.56,0.0,0.39,5.4,20.39
1996-03-24,29.12,11.15,20.47,0.0,0.39,8.43,21.1
1996-03-25,31.31,14.81,22.59,0.0,0.39,6.53,20.39
1996-03-26,30.57,13.79,21.51,0.01,0.39,9.93,21.21
1996-03-27,30.99,12.98,21.58,0.0,0.38,8.53,20.35
1996-03-28,34.38,16.17,24.82,0.0,0.38,6.35,13.78
1996-03-29,23.27,14.57,19.83,1.75,0.38,11.86,6.26
1996-03-30,19.93,12.28,15.67,2.88,0.39,10.82,14.27
1996-03-31,20.16,12.88,15.21,0.5,0.39,8.92,14.44
1996-04-01,21.28,13.06,15.75,0.2,0.39,8.95,13.66
1996-04-02,20.55,13.11,15.51,0.08,0.39,9.01,9.2
1996-04-03,22.69,10.61,16.15,0.11,0.39,9.07,12.99
1996-04-04,21.07,10.26,14.89,0.08,0.39,10.15,11.43
1996-04-05,24.23,10.31,17.62,0.11,0.39,9.24,19.41
1996-04-06,22.81,14.2,18.3,4.96,0.39,12.05,11.41
1996-04-07,18.84,10.33,14.77,1.79,0.4,9.27,14.53
1996-04-08,17.28,9.2,13.44,0.28,0.4,7.05,10.87
1996-04-09,18.94,7.33,12.35,1.42,0.4,7.2,13.19
1996-04-10,17.72,7.04,11.62,0.33,0.4,5.78,12.56
1996-04-11,20.65,7.69,13.06,0.07,0.4,6.99,14.32
1996-04-12,21.2,7.19,13.7,0.76,0.4,6.66,14.64
1996-04-13,20.0,11.72,15.19,4.51,0.4,9.59,11.34
1996-04-14,18.41,9.83,14.03,2.76,0.41,9.81,10.82
1996-04-15,16.49,8.2,12.35,0.83,0.41,9.67,8.21
1996-04-16,19.11,9.92,13.58,0.68,0.41,7.32,10.97
1996-04-17,17.52,8.67,12.68,0.06,0.41,5.34,10.77
1996-04-18,16.3,8.09,12.47,0.64,0.41,7.54,10.33
1996-04-19,19.33,7.13,12.3,0.11,0.41,8.04,10.13
1996-04-20,21.68,6.84,14.33,0.0,0.4,5.58,15.46
1996-04-21,20.48,9.92,14.94,0.71,0.4,7.56,11.96
1996-04-22,19.66,8.61,13.78,0.05,0.4,5.82,14.16
1996-04-23,20.8,7.25,12.89,0.04,0.4,5.8,13.61
1996-04-24,18.71,9.99,13.86,0.55,0.4,10.41,11.14
1996-04-25,20.37,12.2,15.32,2.81,0.41,11.15,10.38
1996-04-26,21.54,11.55,15.47,2.51,0.41,12.28,9.6
1996-04-27,17.93,6.4,12.67,0.01,0.41,4.03,13.63
1996-04-28,17.3,4.83,10.52,0.0,0.41,3.4,14.9
1996-04-29,17.11,6.13,10.59,0.0,0.41,4.54,13.64
1996-04-30,18.44,4.9,10.62,0.01,0.41,5.99,13.86
1996-05-01,22.5,5.86,12.94,0.0,0.4,7.45,13.66
1996-05-02,22.28,7.46,14.12,0.0,0.4,8.72,13.87
1996-05-03,24.83,10.56,17.02,0.01,0.4,10.17,13.46
1996-05-04,25.35,12.62,18.45,0.0,0.4,10.86,11.98
1996-05-05,23.47,12.36,17.69,0.0,0.4,12.47,10.7
1996-05-06,21.79,9.54,15.41,0.19,0.4,10.63,8.22
1996-05-07,18.09,7.29,11.49,0.06,0.4,7.44,11.87
1996-05-08,19.93,8.09,13.18,0.01,0.4,8.38,10.21
1996-05-09,24.47,9.88,16.02,0.0,0.4,6.11,9.44
1996-05-10,25.19,10.78,16.33,0.01,0.4,3.56,11.35
1996-05-11,18.71,11.21,14.55,2.74,0.4,9.43,5.86
1996-05-12,16.24,8.0,10.97,5.95,0.41,6.05,8.68
1996-05-13,15.89,5.99,10.7,0.33,0.41,4.9,6.57
1996-05-14,15.95,6.27,10.62,0.02,0.41,6.31,8.13
1996-05-15,15.83,8.17,11.63,0.06,0.41,8.01,6.7
1996-05-16,17.88,7.12,11.43,0.0,0.41,5.68,8.63
1996-05-17,18.61,4.51,10.59,0.0,0.41,1.94,11.67
1996-05-18,13.63,7.66,10.29,0.15,0.41,4.37,6.45
1996-05-19,15.23,6.03,10.29,0.36,0.41,7.49,8.47
1996-05-20,16.33,5.88,9.76,0.19,0.41,6.99,8.55
1996-05-21,15.07,5.62,10.37,2.45,0.41,8.72,7.88
1996-05-22,16.82,10.78,12.96,2.5,0.41,11.16,7.61
1996-05-23,17.42,8.74,12.12,2.09,0.42,10.5,6.87
1996-05-24,16.15,7.07,11.34,0.4,0.42,9.26,7.95
1996-05-25,16.83,7.17,11.54,0.03,0.42,7.37,6.08
1996-05-26,15.79,5.66,10.37,0.01,0.42,6.56,8.09
1996-05-27,16.29,6.99,10.65,0.02,0.42,6.28,10.66
1996-05-28,17.12,6.93,11.25,0.86,0.42,9.76,7.0
1996-05-29,16.58,7.58,11.04,0.35,0.42,8.69,5.72
1996-05-30,17.29,7.34,11.18,0.07,0.42,8.05,6.57
1996-05-31,19.92,6.64,11.95,0.0,0.42,5.87,10.05
1996-06-01,16.84,9.16,11.66,9.13,0.42,7.64,2.63
1996-06-02,17.36,7.05,11.34,0.01,0.43,5.78,10.53
1996-06-03,15.77,8.55,12.83,16.57,0.45,10.86,2.07
1996-06-04,14.29,7.61,10.68,0.59,0.46,5.23,8.73
1996-06-05,14.01,9.07,11.01,1.94,0.46,8.59,6.82
1996-06-06,15.21,6.07,10.71,2.24,0.46,7.67,6.92
1996-06-07,14.45,7.17,10.31,0.75,0.46,5.87,7.93
1996-06-08,12.75,5.21,9.15,1.01,0.46,6.76,6.79
1996-06-09,14.25,5.89,9.53,0.39,0.46,7.44,8.04
1996-06-10,14.4,5.44,8.85,0.1,0.46,6.41,9.72
1996-06-11,12.56,3.4,7.13,0.01,0.46,3.95,9.03
1996-06-12,15.92,2.1,7.82,0.03,0.46,3.96,9.75
1996-06-13,16.79,2.98,8.4,0.03,0.46,3.43,9.92
1996-06-14,14.31,3.73,7.41,0.01,0.46,2.97,8.88
1996-06-15,15.13,2.07,7.16,0.01,0.46,3.48,9.93
1996-06-16,14.9,2.42,7.89,0.02,0.46,3.42,9.71
1996-06-17,13.9,7.63,10.56,5.81,0.46,7.56,3.68
1996-06-18,16.77,9.73,12.08,1.01,0.47,9.78,6.72
1996-06-19,17.65,7.73,11.85,5.92,0.48,9.93,6.9
1996-06-20,17.51,6.2,11.43,0.08,0.48,8.43,8.8
1996-06-21,17.72,4.57,10.21,0.06,0.47,5.96,9.48
1996-06-22,13.95,5.74,9.93,12.1,0.48,6.98,4.22
1996-06-23,13.98,8.24,10.64,4.43,0.5,9.35,5.52
1996-06-24,15.99,7.83,11.02,0.74,0.5,7.73,7.25
1996-06-25,14.16,5.66,9.77,12.45,0.5,7.04,5.88
1996-06-26,12.61,9.26,10.81,13.95,0.54,8.71,4.75
1996-06-27,14.42,8.03,10.52,0.45,0.54,8.34,8.77
1996-06-28,14.5,7.18,10.76,12.56,0.54,7.83,6.66
1996-06-29,14.11,9.54,11.58,6.42,0.57,9.38,5.95
1996-06-30,14.87,6.64,10.45,0.65,0.56,7.68,7.65
1996-07-01,12.81,7.0,10.02,3.3,0.56,7.37,4.9
1996-07-02,13.81,7.24,10.42,0.13,0.56,7.39,8.72
1996-07-03,15.27,5.42,9.94,0.02,0.56,4.11,9.67
1996-07-04,11.42,7.89,9.56,20.55,0.58,7.62,1.47
1996-07-05,14.1,6.67,9.7,7.5,0.6,8.39,7.67
1996-07-06,12.43,6.59,9.14,2.15,0.6,6.72,8.23
1996-07-07,12.75,3.4,7.79,0.26,0.6,6.24,7.95
1996-07-08,11.71,3.53,6.53,0.05,0.6,4.26,8.06
1996-07-09,10.43,2.59,6.2,0.08,0.6,3.35,4.21
1996-07-10,10.53,4.81,7.2,3.35,0.6,6.02,5.24
1996-07-11,10.5,4.02,6.76,1.42,0.6,5.48,6.2
1996-07-12,9.31,3.98,6.12,0.46,0.6,4.73,7.18
1996-07-13,12.7,3.83,7.79,0.96,0.6,6.41,9.4
1996-07-14,12.04,4.09,7.22,2.37,0.6,5.79,8.77
1996-07-15,13.22,4.45,7.76,2.08,0.6,6.97,8.2
1996-07-16,11.34,5.09,7.52,5.52,0.6,5.58,7.5
1996-07-17,16.51,8.4,11.16,2.4,0.61,9.15,8.65
1996-07-18,18.75,8.94,12.54,3.78,0.61,9.64,7.57
1996-07-19,12.28,7.74,9.93,11.35,0.62,8.66,5.71
1996-07-20,12.38,7.99,9.46,5.88,0.64,6.9,9.05
1996-07-21,13.49,7.95,9.85,2.85,0.64,8.39,8.52
1996-07-22,14.78,6.85,9.83,1.47,0.64,7.34,8.51
1996-07-23,14.75,5.47,9.11,2.67,0.64,7.28,6.0
1996-07-24,13.0,4.22,8.72,3.32,0.64,6.53,10.74
1996-07-25,14.7,3.96,8.39,0.09,0.64,5.25,6.42
1996-07-26,14.4,4.46,8.44,0.11,0.64,6.21,10.51
1996-07-27,14.15,5.06,8.89,0.04,0.64,7.16,11.65
1996-07-28,14.47,7.46,9.77,1.48,0.64,8.23,10.19
1996-07-29,13.04,8.1,10.01,1.81,0.64,7.44,9.6
1996-07-30,13.22,4.63,8.36,0.06,0.63,4.81,9.67
1996-07-31,12.76,5.31,9.62,12.75,0.64,7.83,5.2
1996-08-01,12.72,9.1,10.51,8.44,0.66,9.02,9.28
1996-08-02,13.63,7.42,10.48,5.86,0.67,7.92,9.82
1996-08-03,13.48,8.76,10.6,9.11,0.67,8.08,10.46
1996-08-04,12.22,6.81,9.43,4.92,0.68,6.95,10.75
1996-08-05,13.5,5.69,9.46,0.61,0.68,6.48,10.72
1996-08-06,10.91,6.98,8.45,9.97,0.69,6.12,4.47
1996-08-07,10.75,2.68,7.32,3.25,0.69,4.73,10.97
1996-08-08,11.71,2.08,7.32,0.19,0.69,5.36,10.06
1996-08-09,13.3,6.04,9.34,0.76,0.69,8.56,8.85
1996-08-10,15.16,6.17,9.54,0.14,0.69,7.26,9.14
1996-08-11,16.32,3.85,9.83,0.02,0.68,4.51,13.63
1996-08-12,16.97,8.53,12.35,0.39,0.68,10.45,9.47
1996-08-13,17.87,8.69,12.71,3.5,0.68,8.18,4.2
1996-08-14,13.95,5.75,10.11,2.06,0.68,7.39,11.16
1996-08-15,13.21,5.31,8.79,1.89,0.68,5.85,12.39
1996-08-16,12.99,5.99,8.97,1.71,0.68,6.21,12.05
1996-08-17,10.83,4.96,7.29,9.76,0.69,5.27,8.67
1996-08-18,9.45,2.53,5.52,2.2,0.69,2.79,12.44
1996-08-19,12.8,3.97,7.66,0.49,0.69,6.26,12.12
1996-08-20,13.53,4.98,8.28,0.21,0.69,5.38,8.76
1996-08-21,10.37,4.86,7.47,1.53,0.68,5.83,6.09
1996-08-22,11.58,6.26,8.37,2.47,0.69,7.42,7.3
1996-08-23,14.24,5.54,8.89,0.46,0.69,6.86,12.81
1996-08-24,15.98,6.52,10.26,0.21,0.68,7.73,14.62
1996-08-25,16.06,6.16,10.19,0.37,0.68,6.14,12.74
1996-08-26,15.1,6.39,10.68,9.67,0.68,8.82,11.14
1996-08-27,16.87,9.31,12.16,3.75,0.7,10.63,11.47
1996-08-28,14.73,6.0,10.26,0.19,0.69,7.68,14.26
1996-08-29,13.02,5.92,9.0,0.1,0.69,7.55,13.21
1996-08-30,16.48,5.55,9.98,0.02,0.69,7.57,16.91
1996-08-31,14.66,3.82,8.08,0.03,0.68,5.18,16.6
1996-09-01,15.19,2.1,8.46,3.24,0.68,5.83,14.41
1996-09-02,13.52,6.57,9.45,0.23,0.68,6.6,14.37
1996-09-03,15.33,6.14,9.96,0.46,0.68,7.72,12.64
1996-09-04,15.65,5.82,10.68,0.46,0.68,7.22,14.6
1996-09-05,15.38,8.89,11.4,2.89,0.67,9.02,13.34
1996-09-06,15.73,8.13,11.1,0.45,0.67,7.6,16.44
1996-09-07,15.63,7.63,11.35,0.26,0.67,7.7,14.53
1996-09-08,14.35,7.47,10.59,0.89,0.66,7.89,15.94
1996-09-09,14.52,7.56,10.43,2.97,0.66,7.78,13.23
1996-09-10,15.31,6.31,10.34,0.44,0.66,6.57,14.43
1996-09-11,19.51,5.52,11.34,3.73,0.66,6.4,10.75
1996-09-12,10.33,5.56,7.63,7.99,0.66,4.19,12.38
1996-09-13,13.23,7.16,10.24,3.01,0.67,6.39,15.07
1996-09-14,16.43,10.04,12.68,0.78,0.66,8.78,15.15
1996-09-15,21.08,7.97,14.33,0.12,0.66,9.46,16.54
1996-09-16,17.71,7.64,12.44,1.15,0.65,8.73,16.58
1996-09-17,17.15,7.6,12.1,0.02,0.65,7.79,17.9
1996-09-18,23.97,8.81,15.42,2.48,0.64,10.92,17.79
1996-09-19,13.05,6.0,10.06,9.59,0.65,7.63,12.64
1996-09-20,11.23,3.33,7.35,1.93,0.65,3.13,17.2
1996-09-21,14.58,2.56,8.76,0.2,0.65,4.17,18.7
1996-09-22,19.68,5.94,12.8,0.47,0.64,5.05,20.2
1996-09-23,14.85,6.47,10.93,2.33,0.64,7.11,19.42
1996-09-24,11.66,5.66,8.64,6.95,0.65,5.34,15.53
1996-09-25,15.66,5.45,9.81,0.02,0.64,5.12,17.15
1996-09-26,12.96,3.23,8.07,7.06,0.65,5.32,14.26
1996-09-27,15.28,3.37,9.29,1.12,0.65,4.61,19.48
1996-09-28,11.7,5.1,8.89,11.83,0.64,6.6,7.82
1996-09-29,15.48,8.81,11.82,22.04,0.68,10.46,13.46
1996-09-30,10.74,7.56,9.12,11.78,0.71,7.11,12.39
1996-10-01,15.29,7.46,11.24,2.73,0.7,7.6,17.57
1996-10-02,16.74,8.36,11.81,3.5,0.7,9.52,18.87
1996-10-03,18.0,7.51,12.34,0.7,0.7,9.3,22.5
1996-10-04,22.93,7.84,15.38,1.63,0.69,11.49,20.37
1996-10-05,18.23,7.68,13.63,2.32,0.69,11.4,12.38
1996-10-06,15.67,5.49,9.63,0.01,0.68,6.3,18.35
1996-10-07,16.35,6.39,10.84,0.08,0.68,8.25,15.29
1996-10-08,20.74,5.74,12.82,0.0,0.67,9.52,24.29
1996-10-09,22.62,9.74,15.65,0.02,0.67,10.58,15.11
1996-10-10,22.99,9.85,17.12,0.04,0.66,12.95,23.91
1996-10-11,19.07,9.28,14.7,1.83,0.65,9.93,17.17
1996-10-12,14.55,7.13,10.75,0.39,0.65,6.8,13.55
1996-10-13,18.21,8.32,12.64,0.39,0.64,9.82,15.82
1996-10-14,23.47,6.43,15.54,0.0,0.64,10.08,26.03
1996-10-15,24.93,10.53,18.18,0.07,0.63,9.38,23.22
1996-10-16,18.17,6.26,13.56,0.76,0.62,8.63,18.11
1996-10-17,17.82,5.27,11.11,0.0,0.61,6.1,23.75
1996-10-18,19.01,5.73,13.05,0.47,0.6,8.78,23.87
1996-10-19,14.49,3.93,10.52,3.71,0.6,4.94,21.19
1996-10-20,17.01,3.65,10.2,0.0,0.6,4.76,25.33
1996-10-21,20.3,4.67,12.3,0.17,0.59,7.27,27.09
1996-10-22,23.26,6.66,14.86,0.11,0.58,8.85,27.2
1996-10-23,27.68,9.87,18.81,0.0,0.58,9.59,27.07
1996-10-24,28.81,13.34,18.97,0.09,0.56,11.42,23.93
1996-10-25,18.5,6.84,13.28,3.03,0.56,8.66,19.68
1996-10-26,18.59,4.03,11.42,0.0,0.56,5.5,26.1
1996-10-27,17.62,4.53,11.2,0.14,0.55,6.18,25.05
1996-10-28,18.75,6.78,12.03,0.13,0.54,6.73,24.43
1996-10-29,18.03,6.0,12.28,0.45,0.54,7.64,18.42
1996-10-30,18.65,6.69,12.06,0.01,0.54,5.32,21.24
1996-10-31,23.26,5.15,14.66,0.0,0.53,5.44,29.34
1996-11-01,28.48,10.52,19.26,0.03,0.52,6.39,26.73
1996-11-02,31.62,14.46,21.14,1.17,0.51,10.47,21.45
1996-11-03,20.69,7.67,14.66,1.81,0.51,9.74,18.29
1996-11-04,19.05,5.0,11.43,0.0,0.51,3.74,26.64
1996-11-05,17.64,5.07,11.75,0.01,0.5,6.17,17.45
1996-11-06,20.83,7.53,13.63,0.0,0.5,6.88,25.82
1996-11-07,24.16,7.11,15.07,0.0,0.5,7.01,30.08
1996-11-08,28.54,9.44,18.13,0.02,0.49,8.61,23.45
1996-11-09,19.06,8.59,13.72,0.28,0.49,7.35,25.5
1996-11-10,17.77,6.97,11.59,0.04,0.48,3.88,24.81
1996-11-11,18.16,8.49,13.28,0.61,0.48,8.31,21.67
1996-11-12,23.1,11.94,16.95,0.43,0.48,9.56,23.91
1996-11-13,26.01,12.62,17.54,0.27,0.48,9.49,15.82
1996-11-14,18.76,10.59,14.11,0.21,0.47,6.16,23.79
1996-11-15,20.94,8.78,14.09,0.0,0.47,4.98,28.3
1996-11-16,31.11,8.3,18.19,0.47,0.47,9.51,30.25
1996-11-17,19.88,8.39,13.93,0.52,0.46,8.45,24.35
1996-11-18,19.91,6.68,12.42,0.0,0.46,3.95,27.25
1996-11-19,21.05,4.8,13.07,0.01,0.46,5.95,30.44
1996-11-20,20.66,6.79,13.42,0.04,0.46,4.79,32.19
1996-11-21,19.63,6.49,12.45,0.03,0.45,4.45,28.98
1996-11-22,21.99,5.71,13.97,0.0,0.45,2.81,32.53
1996-11-23,25.53,5.72,15.98,0.0,0.45,2.51,31.97
1996-11-24,30.56,9.2,20.42,0.0,0.44,1.96,31.72
1996-11-25,25.58,13.64,18.39,0.0,0.44,5.79,28.81
1996-11-26,22.58,9.86,15.73,0.0,0.44,7.02,29.24
1996-11-27,20.82,7.99,14.47,0.0,0.44,7.26,25.68
1996-11-28,22.54,6.68,14.39,0.0,0.43,4.49,30.63
1996-11-29,20.35,8.65,14.57,0.76,0.43,6.36,24.64
1996-11-30,19.95,10.48,14.51,0.24,0.43,5.24,25.17
1996-12-01,28.95,9.27,17.4,1.23,0.43,8.87,22.12
1996-12-02,25.41,10.36,16.52,0.01,0.43,7.34,28.7
1996-12-03,26.75,9.6,17.69,0.0,0.43,8.53,30.9
1996-12-04,24.01,8.98,16.16,0.12,0.42,4.72,31.76
1996-12-05,28.84,8.9,18.78,0.19,0.42,4.49,31.34
1996-12-06,25.93,10.95,17.05,12.24,0.43,10.76,16.27
1996-12-07,18.88,8.41,13.32,0.18,0.44,3.57,28.73
1996-12-08,19.81,9.07,14.59,1.59,0.44,7.12,23.84
1996-12-09,20.5,11.05,14.73,0.35,0.44,6.17,23.87
1996-12-10,24.26,7.7,15.93,0.0,0.43,4.74,31.12
1996-12-11,27.94,8.01,18.17,0.0,0.43,4.59,32.41
1996-12-12,29.52,8.21,19.12,0.0,0.43,3.04,33.61
1996-12-13,32.23,9.93,21.4,0.0,0.42,2.11,31.93
1996-12-14,33.9,12.56,23.24,0.03,0.42,2.23,21.27
1996-12-15,34.66,15.71,24.15,0.01,0.41,7.36,24.23
1996-12-16,22.16,11.6,16.6,0.18,0.41,9.12,21.28
1996-12-17,23.94,10.21,16.1,0.0,0.41,6.15,25.72
1996-12-18,21.43,9.09,15.14,0.01,0.41,7.19,17.61
1996-12-19,22.2,11.73,16.43,0.23,0.41,9.53,22.85
1996-12-20,29.43,13.05,20.32,0.08,0.41,9.23,30.86
1996-12-21,36.94,15.4,26.45,0.0,0.4,6.45,30.94
1996-12-22,27.82,12.85,21.38,0.49,0.4,8.06,14.16
1996-12-23,28.47,11.34,18.54,0.0,0.4,4.92,31.96
1996-12-24,27.36,9.04,18.86,0.0,0.4,8.1,25.04
1996-12-25,24.78,11.86,18.45,0.15,0.4,8.15,27.3
1996-12-26,25.18,11.09,17.19,0.01,0.4,0.38,31.17
1996-12-27,30.9,8.81,19.97,0.0,0.39,0.55,31.54
1996-12-28,26.07,10.46,17.62,0.0,0.39,6.14,31.9
1996-12-29,25.19,9.71,16.79,0.0,0.39,4.93,25.16
1996-12-30,25.51,8.8,16.56,0.0,0.39,3.83,31.71
1996-12-31,25.78,8.78,17.38,0.0,0.39,6.42,28.73
1997-01-01,29.82,9.56,20.02,0.0,0.39,4.21,31.51
1997-01-02,31.69,11.68,22.25,0.0,0.39,5.75,31.81
1997-01-03,35.14,13.78,24.83,0.0,0.38,6.12,31.56
1997-01-04,38.3,16.17,28.33,0.01,0.38,7.84,31.17
1997-01-05,40.26,22.51,30.34,0.02,0.38,7.35,28.87
1997-01-06,25.91,13.26,19.36,0.16,0.38,8.89,19.05
1997-01-07,24.12,10.54,16.75,0.05,0.38,4.18,27.83
1997-01-08,28.16,9.87,18.09,0.0,0.38,6.12,31.22
1997-01-09,30.82,10.89,21.03,0.02,0.38,7.51,31.91
1997-01-10,25.66,13.83,19.01,0.16,0.38,4.65,19.68
1997-01-11,33.59,12.73,23.66,0.0,0.38,5.74,30.31
1997-01-12,35.52,16.42,26.4,0.0,0.38,5.27,28.97
1997-01-13,37.08,18.73,28.41,0.35,0.38,6.51,26.53
1997-01-14,35.03,21.04,27.0,5.88,0.38,10.69,12.33
1997-01-15,25.9,14.17,20.07,0.26,0.39,11.24,21.7
1997-01-16,26.94,13.22,18.97,0.0,0.39,6.37,31.28
1997-01-17,30.19,10.57,20.32,0.0,0.39,5.63,32.23
1997-01-18,34.51,11.81,23.87,0.0,0.38,5.78,30.07
1997-01-19,39.66,17.97,29.27,0.0,0.38,2.6,29.98
1997-01-20,42.54,21.03,32.86,0.59,0.38,10.59,28.24
1997-01-21,31.2,15.41,24.9,16.12,0.39,13.66,14.25
1997-01-22,24.52,14.04,19.27,4.56,0.42,11.52,26.78
1997-01-23,26.78,12.04,18.99,0.0,0.42,7.99,28.97
1997-01-24,28.0,10.58,18.88,0.0,0.41,6.39,30.74
1997-01-25,30.57,10.94,21.47,0.0,0.41,6.44,30.98
1997-01-26,36.32,15.59,27.73,0.01,0.4,7.59,24.8
1997-01-27,27.4,15.27,23.12,0.07,0.4,12.21,25.43
1997-01-28,27.65,13.4,19.72,0.01,0.4,9.8,25.38
1997-01-29,29.67,11.28,20.76,0.0,0.4,9.04,29.68
1997-01-30,33.87,13.58,24.48,0.0,0.39,9.47,29.04
1997-01-31,37.5,18.57,27.72,0.0,0.39,11.03,30.72
1997-02-01,34.37,16.43,24.34,0.0,0.39,12.01,30.25
1997-02-02,34.18,12.95,23.5,0.0,0.39,7.15,30.03
1997-02-03,38.39,15.3,27.13,0.0,0.39,6.62,30.04
1997-02-04,41.93,19.15,30.84,0.0,0.38,8.63,29.69
1997-02-05,41.24,23.45,32.28,0.0,0.38,9.38,27.62
1997-02-06,38.5,25.07,30.76,0.55,0.38,12.48,13.92
1997-02-07,30.52,23.02,26.51,10.31,0.39,18.96,14.31
1997-02-08,33.18,18.28,25.68,0.46,0.4,17.74,21.56
1997-02-09,26.2,13.76,20.04,1.03,0.4,12.95,16.05
1997-02-10,28.01,13.17,19.4,0.0,0.4,9.18,22.71
1997-02-11,27.93,12.05,19.7,0.01,0.39,7.11,26.12
1997-02-12,30.75,12.45,21.52,0.0,0.39,7.78,29.64
1997-02-13,34.04,13.58,24.05,0.0,0.39,9.06,29.13
1997-02-14,37.21,15.99,26.26,0.0,0.39,8.97,29.14
1997-02-15,35.91,18.33,26.65,0.0,0.38,8.02,29.05
1997-02-16,35.05,14.8,24.35,0.0,0.38,8.47,27.78
1997-02-17,38.66,15.8,27.68,0.0,0.38,7.07,27.29
1997-02-18,40.77,22.54,31.83,0.0,0.38,5.97,27.05
1997-02-19,41.84,25.91,32.99,0.0,0.38,9.96,23.11
1997-02-20,40.99,25.67,32.56,0.0,0.38,13.02,26.69
1997-02-21,38.88,22.55,30.17,0.02,0.38,15.02,26.49
1997-02-22,37.24,19.28,28.29,0.13,0.38,14.78,21.77
1997-02-23,29.2,16.18,21.85,2.02,0.38,10.46,18.07
1997-02-24,27.86,13.91,19.51,0.15,0.38,7.1,25.78
1997-02-25,28.31,11.23,18.79,0.0,0.38,6.59,25.29
1997-02-26,28.48,10.92,18.65,0.03,0.38,8.65,26.88
1997-02-27,29.06,11.67,20.06,0.2,0.38,7.9,25.85
1997-02-28,33.15,12.85,22.36,0.03,0.38,7.11,25.16
1997-03-01,24.43,14.9,19.59,6.65,0.39,12.55,14.09
1997-03-02,27.66,12.91,19.25,0.0,0.39,9.31,26.69
1997-03-03,29.11,14.15,20.54,0.0,0.39,10.89,25.74
1997-03-04,23.64,12.02,17.13,0.0,0.39,6.44,24.51
1997-03-05,27.49,9.74,18.3,0.0,0.39,5.96,25.38
1997-03-06,32.07,11.95,21.34,0.0,0.38,7.16,25.17
1997-03-07,32.33,12.79,21.32,0.03,0.38,9.0,24.72
1997-03-08,25.97,11.72,17.99,0.03,0.38,7.85,22.18
1997-03-09,25.26,11.01,17.12,0.0,0.38,5.27,23.7
1997-03-10,25.27,9.88,17.41,0.01,0.38,7.81,23.39
1997-03-11,29.37,10.68,19.49,0.01,0.38,7.18,23.9
1997-03-12,22.72,10.42,16.72,0.29,0.38,8.4,16.69
1997-03-13,22.67,8.83,15.27,0.02,0.38,5.07,22.39
1997-03-14,22.07,12.03,16.39,0.24,0.38,9.56,18.72
1997-03-15,21.95,12.78,16.98,0.06,0.38,10.27,15.66
1997-03-16,25.08,11.18,17.07,0.1,0.38,9.52,17.33
1997-03-17,26.52,9.14,18.28,0.0,0.38,3.97,22.31
1997-03-18,29.08,15.47,20.97,0.24,0.38,8.15,21.06
1997-03-19,22.96,13.95,17.78,0.35,0.38,10.4,16.3
1997-03-20,22.2,12.88,17.29,0.71,0.38,11.02,17.95
1997-03-21,25.12,13.44,18.48,0.25,0.38,10.35,11.35
1997-03-22,24.59,10.31,16.59,2.11,0.38,10.15,15.6
1997-03-23,21.18,10.75,14.89,3.0,0.39,8.96,12.46
1997-03-24,21.32,9.75,15.02,0.01,0.39,9.52,12.47
1997-03-25,22.93,11.32,16.5,0.04,0.39,12.06,12.65
1997-03-26,28.15,10.61,19.05,0.0,0.39,8.17,20.79
1997-03-27,24.09,11.16,16.17,0.15,0.39,6.01,12.46
1997-03-28,21.31,10.21,14.81,0.01,0.39,4.92,15.8
1997-03-29,19.07,7.82,13.36,0.0,0.38,6.18,16.44
1997-03-30,21.35,7.48,14.41,0.01,0.38,7.91,15.98
1997-03-31,22.4,9.25,15.41,0.16,0.38,6.83,17.53
1997-04-01,24.62,7.86,15.43,0.17,0.38,3.73,18.14
1997-04-02,19.65,10.33,14.41,0.92,0.38,7.38,10.69
1997-04-03,21.57,9.83,15.39,0.19,0.38,9.03,12.6
1997-04-04,20.58,13.07,16.24,0.55,0.38,9.57,10.2
1997-04-05,21.06,12.66,15.74,0.91,0.39,12.13,12.48
1997-04-06,21.26,10.15,15.03,0.64,0.39,9.38,12.11
1997-04-07,18.86,7.21,12.17,0.0,0.39,2.35,14.78
1997-04-08,19.67,5.0,11.98,0.0,0.39,4.37,17.55
1997-04-09,20.75,6.52,13.03,0.0,0.38,6.75,14.27
1997-04-10,22.01,7.37,14.13,0.0,0.38,7.27,18.2
1997-04-11,25.04,8.03,16.1,0.0,0.38,4.9,18.02
1997-04-12,27.85,9.74,17.99,0.02,0.38,1.86,17.94
1997-04-13,29.63,12.23,19.02,0.0,0.38,3.15,16.94
1997-04-14,22.68,10.09,15.22,0.03,0.38,9.6,11.3
1997-04-15,21.33,9.77,14.32,0.04,0.38,7.51,13.68
1997-04-16,22.01,6.54,13.26,0.0,0.38,7.3,16.96
1997-04-17,20.11,8.42,13.94,0.36,0.38,10.61,8.67
1997-04-18,21.77,9.91,15.28,0.39,0.38,9.37,11.08
1997-04-19,22.78,8.32,15.03,0.06,0.38,8.03,10.95
1997-04-20,25.27,12.23,17.83,0.11,0.38,10.09,14.34
1997-04-21,24.53,12.64,17.27,1.26,0.38,10.24,6.73
1997-04-22,22.83,10.8,16.85,0.11,0.38,10.53,12.48
1997-04-23,23.75,11.92,16.96,0.0,0.38,8.82,13.12
1997-04-24,18.04,8.32,13.37,0.11,0.38,9.26,11.2
1997-04-25,22.21,5.66,13.36,0.0,0.38,5.53,15.61
1997-04-26,25.76,8.42,16.71,0.0,0.38,3.75,15.55
1997-04-27,26.69,10.07,17.37,0.0,0.38,-1.11,15.2
1997-04-28,28.78,12.69,18.7,0.0,0.38,-0.91,8.27
1997-04-29,28.87,15.4,20.4,0.0,0.38,11.28,13.39
1997-04-30,26.43,14.13,18.54,0.03,0.38,9.03,8.6
1997-05-01,24.57,16.45,19.29,2.14,0.38,12.39,4.18
1997-05-02,20.75,15.8,17.58,7.71,0.39,14.95,3.77
1997-05-03,21.54,15.57,17.5,15.97,0.42,14.96,6.31
1997-05-04,18.4,8.42,14.4,4.1,0.44,9.89,9.15
1997-05-05,17.28,6.82,11.46,0.0,0.43,4.33,12.59
1997-05-06,19.05,9.19,12.14,6.11,0.43,8.22,6.74
1997-05-07,14.18,6.5,10.07,0.51,0.44,4.69,11.99
1997-05-08,16.0,5.74,11.14,2.7,0.44,8.04,7.83
1997-05-09,15.94,4.23,9.3,0.01,0.44,4.42,9.99
1997-05-10,17.27,7.37,11.49,0.08,0.44,6.45,9.96
1997-05-11,17.47,6.6,10.46,0.2,0.44,6.82,12.08
1997-05-12,17.35,6.21,10.46,0.04,0.44,6.85,8.24
1997-05-13,15.34,6.35,9.72,0.0,0.44,6.37,9.41
1997-05-14,16.69,6.64,10.21,0.0,0.44,6.87,7.08
1997-05-15,14.37,6.12,9.33,0.0,0.44,6.07,10.96
1997-05-16,19.12,3.72,10.69,0.0,0.43,4.89,11.86
1997-05-17,16.82,4.08,10.11,0.24,0.43,6.74,9.3
1997-05-18,17.26,9.6,12.87,3.8,0.44,10.66,7.07
1997-05-19,16.62,8.49,11.52,0.41,0.44,9.04,9.51
1997-05-20,18.94,8.65,12.67,0.06,0.44,7.06,7.0
1997-05-21,15.51,8.54,11.73,4.85,0.45,8.86,3.64
1997-05-22,19.02,9.69,13.78,2.53,0.45,10.55,5.44
1997-05-23,18.75,10.06,13.76,0.23,0.45,10.69,7.71
1997-05-24,19.09,7.39,12.56,0.09,0.45,9.89,8.82
1997-05-25,20.56,7.31,13.84,2.85,0.45,8.97,9.92
1997-05-26,18.2,10.63,13.82,4.83,0.46,9.92,9.68
1997-05-27,18.45,9.05,12.89,1.32,0.46,9.13,9.76
1997-05-28,14.15,8.94,10.87,6.2,0.46,7.42,6.56
1997-05-29,12.93,5.3,9.47,6.23,0.48,5.75,8.25
1997-05-30,13.58,4.92,8.33,0.58,0.48,3.68,9.8
1997-05-31,14.42,3.41,7.94,0.0,0.48,2.97,9.8
1997-06-01,11.98,1.94,6.42,0.01,0.48,0.4,6.9
1997-06-02,14.16,2.81,7.44,0.04,0.47,-1.03,7.13
1997-06-03,14.51,3.1,9.38,0.12,0.47,3.23,8.25
1997-06-04,20.19,6.29,12.89,0.68,0.47,3.83,9.99
1997-06-05,20.35,9.6,13.41,4.29,0.47,7.66,8.9
1997-06-06,12.57,8.45,10.07,6.88,0.49,7.04,7.36
1997-06-07,16.35,7.71,11.1,1.37,0.49,8.62,6.99
1997-06-08,16.46,8.3,11.49,0.6,0.49,8.37,6.64
1997-06-09,17.22,7.03,10.87,0.17,0.49,6.3,9.37
1997-06-10,17.54,7.49,11.49,0.38,0.49,4.8,4.27
1997-06-11,15.7,9.43,11.7,0.32,0.48,5.67,4.89
1997-06-12,14.43,9.51,11.84,2.96,0.48,8.13,4.71
1997-06-13,12.41,6.32,9.36,9.49,0.5,5.86,8.17
1997-06-14,13.29,3.71,8.81,1.81,0.51,6.94,7.79
1997-06-15,13.5,2.34,6.96,0.01,0.5,4.92,6.55
1997-06-16,14.21,6.24,9.46,0.2,0.5,6.44,6.49
1997-06-17,12.49,4.77,8.09,0.12,0.5,7.22,5.01
1997-06-18,14.68,4.2,7.79,0.05,0.5,5.04,9.53
1997-06-19,14.73,2.45,7.26,0.0,0.5,4.22,9.56
1997-06-20,16.04,2.88,7.99,0.08,0.5,3.62,9.51
1997-06-21,14.6,6.22,9.63,0.28,0.5,5.58,4.4
1997-06-22,15.79,7.59,10.99,0.31,0.5,8.88,7.01
1997-06-23,13.93,7.66,9.73,0.81,0.5,7.9,5.59
1997-06-24,13.35,3.24,8.91,2.32,0.5,6.31,7.39
1997-06-25,12.31,2.47,6.89,0.17,0.5,4.94,7.91
1997-06-26,15.2,4.13,8.73,0.03,0.5,6.33,9.58
1997-06-27,15.55,5.46,9.63,0.13,0.5,7.54,8.39
1997-06-28,14.89,6.87,9.7,0.14,0.5,7.42,8.07
1997-06-29,14.12,6.62,9.75,0.31,0.5,7.96,6.37
1997-06-30,14.26,6.05,8.99,0.02,0.5,6.71,9.57
1997-07-01,14.37,4.24,8.24,0.04,0.49,5.89,8.25
1997-07-02,13.21,3.52,7.22,0.09,0.49,5.94,8.58
1997-07-03,14.16,3.67,7.51,0.1,0.49,5.91,9.47
1997-07-04,13.05,4.16,7.28,0.06,0.49,4.52,9.19
1997-07-05,14.18,3.21,7.3,0.01,0.49,3.48,9.18
1997-07-06,15.26,2.1,7.74,0.0,0.49,3.07,9.85
1997-07-07,17.46,4.86,11.23,0.89,0.49,3.2,10.1
1997-07-08,12.36,6.12,9.7,7.87,0.5,6.0,6.92
1997-07-09,10.56,2.31,6.5,1.61,0.5,3.86,8.19
1997-07-10,10.24,1.77,5.43,0.38,0.5,1.66,8.67
1997-07-11,11.21,0.16,5.37,0.48,0.5,1.63,8.1
1997-07-12,12.66,3.71,6.91,0.48,0.5,5.25,8.93
1997-07-13,14.49,3.24,7.14,0.14,0.5,3.83,10.49
1997-07-14,12.25,2.75,7.04,2.78,0.5,0.75,5.5
1997-07-15,10.29,5.4,7.67,5.48,0.51,4.58,6.32
1997-07-16,13.57,6.18,9.5,2.26,0.51,6.84,8.22
1997-07-17,13.01,3.53,7.83,0.59,0.51,4.77,7.53
1997-07-18,13.47,3.61,7.81,0.23,0.51,5.49,7.99
1997-07-19,13.32,5.33,8.4,0.06,0.51,5.65,7.16
1997-07-20,13.54,4.57,7.89,0.09,0.51,4.39,10.49
1997-07-21,13.87,4.16,8.75,0.6,0.51,7.46,6.61
1997-07-22,14.48,5.37,8.89,0.6,0.51,7.87,6.19
1997-07-23,13.22,5.24,8.49,0.53,0.51,7.07,7.92
1997-07-24,14.02,3.72,7.89,0.01,0.51,3.08,10.74
1997-07-25,13.19,2.63,8.08,0.56,0.51,1.65,7.91
1997-07-26,14.98,8.41,11.17,1.86,0.51,7.09,6.67
1997-07-27,14.61,7.17,10.55,1.19,0.51,6.63,9.32
1997-07-28,14.01,3.91,8.63,1.21,0.51,4.22,10.43
1997-07-29,12.9,3.38,7.21,0.07,0.51,2.38,9.81
1997-07-30,13.02,4.52,7.76,0.2,0.5,3.54,9.05
1997-07-31,13.72,3.06,8.63,0.54,0.5,6.4,9.49
1997-08-01,10.97,1.71,6.07,0.0,0.5,2.51,10.8
1997-08-02,13.24,2.88,6.95,0.0,0.5,2.79,11.83
1997-08-03,12.2,2.52,6.37,0.0,0.5,2.64,10.72
1997-08-04,15.18,1.92,7.45,0.0,0.5,0.64,13.24
1997-08-05,16.67,2.38,8.86,0.02,0.5,2.53,10.73
1997-08-06,13.37,8.73,10.18,11.13,0.51,6.26,3.09
1997-08-07,11.33,6.53,8.42,12.44,0.53,6.72,5.96
1997-08-08,12.1,3.91,7.59,2.54,0.54,3.8,12.31
1997-08-09,14.37,4.25,8.98,0.94,0.54,7.4,9.23
1997-08-10,17.9,7.84,12.15,0.01,0.53,6.11,13.84
1997-08-11,12.68,8.72,10.22,7.5,0.54,7.99,6.42
1997-08-12,12.9,5.93,9.69,0.56,0.54,6.6,9.5
1997-08-13,14.89,6.19,10.2,0.99,0.54,8.19,11.78
1997-08-14,15.32,5.64,9.58,0.61,0.54,6.88,11.02
1997-08-15,18.25,4.75,10.7,0.0,0.53,3.9,15.1
1997-08-16,16.98,6.66,10.9,2.03,0.53,5.07,9.6
1997-08-17,13.5,6.67,10.25,3.2,0.53,4.74,12.02
1997-08-18,13.75,3.8,8.25,0.62,0.53,4.16,12.12
1997-08-19,13.99,4.03,8.34,0.14,0.53,4.83,10.45
1997-08-20,14.52,3.11,8.02,0.05,0.53,4.25,11.08
1997-08-21,14.62,3.71,8.26,0.02,0.53,4.76,14.12
1997-08-22,12.69,3.01,8.1,2.05,0.53,5.66,11.94
1997-08-23,9.51,4.37,7.17,6.97,0.54,4.48,8.99
1997-08-24,12.16,2.72,6.46,0.13,0.54,1.68,13.53
1997-08-25,10.64,4.08,7.55,3.46,0.54,5.38,12.35
1997-08-26,12.14,7.35,9.49,0.86,0.54,7.35,13.23
1997-08-27,12.61,5.83,9.39,0.51,0.54,7.09,12.47
1997-08-28,17.48,3.9,10.58,0.05,0.54,5.86,15.9
1997-08-29,19.69,7.82,12.42,0.33,0.53,5.46,11.53
1997-08-30,15.7,9.79,12.08,3.56,0.53,8.18,6.17
1997-08-31,15.76,7.55,11.07,2.67,0.54,9.09,12.2
1997-09-01,14.85,6.28,10.86,20.36,0.55,9.65,8.16
1997-09-02,12.77,9.04,10.87,6.75,0.58,9.85,9.83
1997-09-03,16.91,6.93,11.12,1.18,0.58,8.59,14.62
1997-09-04,16.04,4.61,9.93,0.77,0.57,6.59,15.15
1997-09-05,13.83,5.72,9.4,2.84,0.57,7.74,12.24
1997-09-06,16.03,7.26,10.98,5.04,0.57,8.31,10.52
1997-09-07,16.26,9.63,12.08,5.69,0.58,8.66,12.04
1997-09-08,16.02,7.19,11.46,3.32,0.59,9.04,13.99
1997-09-09,17.39,6.99,11.33,0.55,0.58,9.21,16.25
1997-09-10,17.21,6.42,11.18,0.3,0.58,8.73,17.49
1997-09-11,15.53,5.03,9.11,0.02,0.57,5.28,18.77
1997-09-12,16.89,4.16,9.66,0.04,0.57,5.96,18.7
1997-09-13,19.58,5.15,11.57,0.18,0.56,7.35,11.86
1997-09-14,14.14,7.9,10.93,10.9,0.57,10.31,7.04
1997-09-15,16.44,7.34,11.25,0.24,0.58,8.69,13.19
1997-09-16,16.05,6.26,10.35,0.05,0.58,6.78,15.05
1997-09-17,16.98,5.37,10.11,0.0,0.57,5.82,19.05
1997-09-18,18.79,4.76,11.82,0.09,0.57,6.38,19.31
1997-09-19,17.51,8.32,12.48,5.07,0.57,10.61,10.29
1997-09-20,18.09,6.55,11.58,0.17,0.57,9.42,15.16
1997-09-21,17.11,7.3,12.02,0.72,0.56,8.73,13.61
1997-09-22,17.41,7.59,11.8,0.38,0.56,7.47,16.72
1997-09-23,18.66,4.48,11.32,0.0,0.55,6.58,21.25
1997-09-24,18.8,4.05,11.42,0.0,0.55,5.37,20.11
1997-09-25,19.05,6.42,12.43,1.74,0.54,5.53,19.36
1997-09-26,17.36,9.32,12.93,2.04,0.54,10.4,14.56
1997-09-27,16.24,7.93,11.66,1.03,0.54,8.72,14.21
1997-09-28,16.8,5.39,10.35,0.0,0.54,5.02,20.48
1997-09-29,17.07,3.43,10.12,0.1,0.53,4.73,22.98
1997-09-30,20.38,4.86,12.39,0.97,0.53,5.37,21.97
1997-10-01,25.89,7.96,15.85,0.37,0.53,6.89,22.1
1997-10-02,16.48,9.86,12.75,0.88,0.52,9.6,13.51
1997-10-03,16.68,4.74,10.68,0.0,0.52,2.6,19.64
1997-10-04,17.96,2.54,10.68,0.0,0.51,3.13,21.92
1997-10-05,18.45,5.85,12.28,0.01,0.51,5.75,20.05
1997-10-06,19.16,5.19,11.79,0.0,0.51,4.74,22.66
1997-10-07,21.16,7.57,13.91,0.0,0.5,8.1,22.0
1997-10-08,18.88,8.63,12.6,0.0,0.5,8.14,17.89
1997-10-09,29.19,6.66,18.47,0.0,0.49,8.38,24.53
1997-10-10,28.56,14.21,20.08,0.39,0.49,8.59,11.93
1997-10-11,19.51,12.39,15.43,0.31,0.48,6.1,21.86
1997-10-12,16.49,8.65,12.37,1.14,0.48,5.7,21.39
1997-10-13,20.12,8.93,14.08,0.51,0.48,8.93,17.17
1997-10-14,17.63,7.25,12.32,1.34,0.48,6.63,17.56
1997-10-15,16.19,7.84,12.09,0.43,0.48,6.43,16.94
1997-10-16,17.09,5.8,11.95,1.64,0.48,7.33,17.97
1997-10-17,16.61,4.55,10.8,0.2,0.48,4.47,17.74
1997-10-18,18.64,3.52,10.56,0.0,0.47,2.09,23.88
1997-10-19,16.29,3.4,10.26,0.58,0.47,5.32,18.37
1997-10-20,20.01,6.23,12.59,0.17,0.47,6.1,20.26
1997-10-21,23.75,4.79,13.72,0.0,0.47,6.24,27.39
1997-10-22,24.68,6.58,15.46,0.0,0.46,8.34,27.27
1997-10-23,28.22,8.25,18.25,0.0,0.46,9.26,28.4
1997-10-24,30.7,13.96,21.51,0.0,0.45,6.62,27.5
1997-10-25,33.13,14.44,23.81,0.0,0.45,6.41,26.16
1997-10-26,26.74,12.4,20.55,0.01,0.44,10.53,21.52
1997-10-27,25.91,11.16,17.48,0.08,0.44,10.73,15.22
1997-10-28,27.87,11.13,18.84,1.18,0.44,8.28,27.13
1997-10-29,26.27,12.09,18.95,0.18,0.44,8.18,23.39
1997-10-30,20.0,8.17,13.94,20.02,0.45,9.45,18.88
1997-10-31,14.69,8.26,11.41,42.7,0.52,9.64,8.27
1997-11-01,16.95,7.35,12.23,0.37,0.55,6.92,15.95
1997-11-02,18.98,7.35,13.61,1.78,0.54,7.35,22.42
1997-11-03,19.95,4.88,12.13,0.06,0.53,5.19,25.6
1997-11-04,21.46,5.09,13.64,0.0,0.52,7.44,25.56
1997-11-05,26.39,8.06,17.2,0.0,0.51,8.63,29.53
1997-11-06,30.59,11.23,21.12,0.0,0.5,9.41,29.13
1997-11-07,27.01,13.3,19.66,0.0,0.5,10.54,28.46
1997-11-08,26.99,9.66,17.75,0.0,0.49,7.58,29.13
1997-11-09,29.56,9.68,20.31,0.37,0.48,8.12,25.81
1997-11-10,30.52,14.38,20.71,6.49,0.49,14.06,18.23
1997-11-11,19.8,10.18,15.69,0.7,0.49,12.16,13.51
1997-11-12,22.69,6.74,14.42,0.0,0.49,6.48,28.89
1997-11-13,22.61,7.37,15.58,2.87,0.48,10.23,21.48
1997-11-14,17.49,10.39,13.49,5.6,0.5,9.19,17.28
1997-11-15,20.37,7.18,13.34,0.0,0.49,4.94,25.54
1997-11-16,18.58,5.99,11.99,0.59,0.49,5.65,23.59
1997-11-17,19.15,6.7,12.81,0.02,0.48,5.24,21.39
1997-11-18,18.73,9.91,13.59,0.26,0.48,8.76,22.43
1997-11-19,21.35,9.03,14.77,0.01,0.48,9.21,22.65
1997-11-20,28.71,7.58,18.64,0.0,0.47,8.58,32.57
1997-11-21,33.75,12.53,23.52,0.0,0.47,6.07,32.43
1997-11-22,37.54,17.82,26.71,0.06,0.46,8.07,31.0
1997-11-23,28.0,12.68,19.97,0.0,0.45,9.97,31.86
1997-11-24,32.57,11.83,21.66,0.0,0.45,7.19,32.76
1997-11-25,39.78,16.37,28.43,0.01,0.45,10.45,32.72
1997-11-26,33.86,20.9,27.29,0.02,0.44,12.81,18.26
1997-11-27,30.92,13.04,21.79,0.23,0.44,11.66,29.46
1997-11-28,27.72,10.22,19.16,0.0,0.43,5.45,32.45
1997-11-29,24.75,11.99,18.43,0.52,0.43,8.7,18.64
1997-11-30,25.55,10.37,17.27,0.03,0.43,9.59,31.21
1997-12-01,26.25,10.82,18.48,0.05,0.43,11.19,32.49
1997-12-02,22.84,11.75,17.4,0.03,0.43,9.89,28.45
1997-12-03,26.47,9.4,17.77,0.0,0.42,6.87,31.34
1997-12-04,29.41,11.12,19.74,0.35,0.42,8.17,27.69
1997-12-05,28.24,14.25,20.74,0.56,0.42,11.9,22.74
1997-12-06,25.71,13.13,19.62,0.0,0.42,10.59,17.79
1997-12-07,31.04,12.72,21.76,0.0,0.42,9.03,31.43
1997-12-08,31.61,13.37,21.85,1.75,0.42,9.75,18.12
1997-12-09,27.91,12.56,19.91,0.01,0.41,7.88,32.3
1997-12-10,31.18,10.05,20.89,0.0,0.41,5.87,33.45
1997-12-11,36.03,14.11,24.9,0.0,0.41,5.02,33.39
1997-12-12,31.66,14.34,22.24,0.01,0.41,8.4,31.08
1997-12-13,32.18,13.71,21.93,0.12,0.4,9.99,21.1
1997-12-14,21.85,12.24,16.23,0.51,0.4,8.45,21.81
1997-12-15,22.29,14.44,17.57,0.22,0.4,7.73,26.47
1997-12-16,26.77,13.53,18.68,0.01,0.4,7.55,26.99
1997-12-17,27.09,10.78,18.58,0.11,0.4,6.81,18.61
1997-12-18,22.58,12.6,17.57,1.92,0.4,8.93,12.65
1997-12-19,25.65,11.13,17.34,0.1,0.4,8.17,26.31
1997-12-20,33.45,10.29,22.64,0.0,0.4,8.62,26.41
1997-12-21,25.04,14.82,19.3,0.39,0.4,10.98,26.86
1997-12-22,22.67,13.23,17.24,0.04,0.39,6.85,27.56
1997-12-23,25.45,12.89,18.89,0.0,0.39,10.73,25.11
1997-12-24,29.63,13.2,20.45,0.19,0.39,10.61,31.14
1997-12-25,31.09,12.29,20.6,0.0,0.39,8.79,33.8
1997-12-26,24.66,10.41,16.93,0.0,0.39,6.14,26.16
1997-12-27,27.71,7.98,17.9,0.0,0.39,4.66,32.57
1997-12-28,32.37,10.4,21.52,0.0,0.39,3.91,32.42
1997-12-29,35.16,15.7,24.91,0.0,0.38,4.97,32.8
1997-12-30,34.86,11.05,22.93,0.0,0.38,1.63,31.71
1997-12-31,36.06,12.54,23.78,0.0,0.38,3.75,25.73
1998-01-01,39.06,14.26,26.61,0.0,0.38,2.73,30.17
1998-01-02,29.5,11.94,20.08,0.01,0.38,8.41,24.11
1998-01-03,27.81,11.04,18.86,0.0,0.38,5.73,31.45
1998-01-04,26.9,11.77,19.45,0.0,0.38,4.11,30.96
1998-01-05,30.52,11.12,21.07,0.0,0.38,3.97,31.86
1998-01-06,28.67,13.18,20.31,0.05,0.38,4.91,17.08
1998-01-07,22.88,13.56,18.06,1.0,0.38,10.29,16.92
1998-01-08,31.44,12.59,22.91,0.0,0.38,10.21,29.92
1998-01-09,35.13,18.74,26.49,0.27,0.38,12.85,24.46
1998-01-10,32.09,20.81,26.58,0.15,0.38,15.91,25.02
1998-01-11,37.19,20.45,29.7,0.46,0.38,14.19,24.81
1998-01-12,31.67,23.21,27.3,8.17,0.39,18.65,20.63
1998-01-13,35.45,22.23,28.25,4.67,0.4,18.44,21.37
1998-01-14,34.58,15.18,25.72,0.19,0.4,14.76,30.78
1998-01-15,32.16,14.8,23.07,0.0,0.39,11.47,31.84
1998-01-16,36.25,14.91,25.98,0.0,0.39,8.93,31.96
1998-01-17,43.49,15.82,27.71,0.0,0.39,8.29,31.65
1998-01-18,27.74,14.02,19.96,0.0,0.39,6.52,27.06
1998-01-19,27.58,11.28,18.88,0.0,0.38,6.23,29.56
1998-01-20,29.65,11.17,20.28,0.0,0.38,8.46,30.34
1998-01-21,32.82,13.03,22.98,0.0,0.38,6.27,30.39
1998-01-22,30.52,12.0,21.23,0.1,0.38,8.31,23.97
1998-01-23,27.07,9.45,17.93,0.0,0.38,4.56,29.78
1998-01-24,25.28,10.77,17.41,0.96,0.38,8.69,20.94
1998-01-25,25.86,11.98,18.84,0.04,0.38,8.3,28.86
1998-01-26,29.0,14.09,20.44,0.01,0.38,8.75,30.36
1998-01-27,31.62,12.11,20.32,0.35,0.38,10.03,30.52
1998-01-28,21.93,12.71,16.69,0.62,0.38,7.73,22.11
1998-01-29,23.09,11.73,17.03,0.04,0.38,9.26,23.35
1998-01-30,27.53,12.87,19.54,0.04,0.38,10.11,21.23
1998-01-31,34.25,12.09,23.82,0.0,0.38,7.72,29.62
1998-02-01,41.75,17.99,28.08,0.0,0.38,8.69,28.21
1998-02-02,32.35,13.22,21.67,0.11,0.38,12.74,20.38
1998-02-03,28.49,10.52,19.23,0.0,0.38,4.83,30.49
1998-02-04,35.01,12.37,23.5,0.0,0.38,5.45,30.01
1998-02-05,30.54,14.73,22.04,0.36,0.38,10.57,25.34
1998-02-06,31.68,12.52,21.65,0.0,0.38,6.14,29.74
1998-02-07,23.55,12.89,18.41,9.74,0.39,10.66,11.04
1998-02-08,22.24,11.44,16.26,0.18,0.4,6.56,24.43
1998-02-09,27.53,9.41,18.74,0.0,0.39,8.67,29.49
1998-02-10,31.61,12.43,22.02,0.0,0.39,8.95,29.72
1998-02-11,30.61,13.73,21.29,0.0,0.39,8.96,23.63
1998-02-12,28.0,13.66,19.8,0.11,0.39,10.75,27.31
1998-02-13,26.89,11.1,18.52,0.0,0.39,7.67,27.82
1998-02-14,29.49,12.2,19.67,0.0,0.38,10.09,28.33
1998-02-15,21.83,12.43,16.4,4.61,0.39,11.6,13.71
1998-02-16,20.36,10.96,14.87,2.23,0.4,6.1,24.8
1998-02-17,25.21,9.47,17.27,0.0,0.39,5.16,27.87
1998-02-18,33.18,14.32,22.51,0.0,0.39,3.52,27.82
1998-02-19,26.45,13.58,18.59,0.26,0.39,12.44,26.49
1998-02-20,22.73,12.45,16.82,0.02,0.39,7.36,24.2
1998-02-21,25.92,12.16,18.14,0.0,0.39,10.3,26.0
1998-02-22,25.54,11.99,18.2,0.09,0.39,8.93,23.96
1998-02-23,30.22,9.31,20.16,0.0,0.39,4.84,26.54
1998-02-24,36.73,15.52,26.13,0.0,0.38,2.59,26.51
1998-02-25,40.94,20.37,29.52,0.0,0.38,6.97,24.15
1998-02-26,39.87,18.09,27.27,0.0,0.38,8.83,18.15
1998-02-27,25.04,12.85,18.39,0.0,0.38,4.72,25.72
1998-02-28,27.32,10.16,18.37,0.0,0.38,7.77,25.52
1998-03-01,28.93,11.84,19.91,0.0,0.38,7.26,26.94
1998-03-02,32.68,12.53,22.21,0.0,0.38,6.15,26.76
1998-03-03,34.49,13.84,23.44,0.0,0.38,6.03,26.7
1998-03-04,28.84,12.62,19.95,0.0,0.38,11.65,13.17
1998-03-05,23.02,10.67,16.2,0.01,0.38,6.66,22.93
1998-03-06,22.56,12.21,17.1,0.2,0.38,10.36,16.74
1998-03-07,27.79,10.36,18.04,0.0,0.38,7.67,25.09
1998-03-08,30.01,10.36,19.83,0.0,0.38,5.65,24.95
1998-03-09,33.41,12.14,22.91,0.0,0.38,5.05,25.01
1998-03-10,36.13,15.27,25.94,0.0,0.38,1.21,25.0
1998-03-11,38.9,18.86,28.98,0.0,0.38,0.26,24.83
1998-03-12,34.34,21.34,28.15,0.04,0.38,12.62,16.09
1998-03-13,26.51,15.28,20.68,0.39,0.38,13.88,11.15
1998-03-14,22.61,12.75,17.49,1.35,0.38,9.33,17.36
1998-03-15,22.64,12.08,16.02,0.0,0.38,6.2,17.22
1998-03-16,23.68,9.97,16.4,0.01,0.38,8.61,18.27
1998-03-17,25.6,11.88,17.66,0.03,0.38,11.34,20.58
1998-03-18,27.53,11.88,18.6,0.01,0.38,10.03,22.34
1998-03-19,31.16,11.18,20.27,0.01,0.38,6.94,22.45
1998-03-20,34.59,13.33,22.99,0.0,0.38,4.23,22.1
1998-03-21,36.0,15.58,25.95,0.0,0.38,9.98,22.49
1998-03-22,31.67,17.23,24.62,0.24,0.38,9.56,21.19
1998-03-23,21.83,11.78,17.18,3.58,0.38,11.12,10.79
1998-03-24,21.98,9.54,15.17,0.0,0.38,5.71,18.29
1998-03-25,24.44,10.26,16.72,0.05,0.38,9.35,15.95
1998-03-26,25.73,10.22,17.49,0.0,0.38,8.71,21.04
1998-03-27,28.04,11.31,18.37,0.01,0.38,9.7,21.2
1998-03-28,22.04,11.37,15.69,0.32,0.38,9.13,16.46
1998-03-29,22.08,12.39,16.32,0.1,0.38,8.75,15.86
1998-03-30,22.64,12.02,16.48,0.3,0.38,10.7,15.48
1998-03-31,20.29,8.21,14.7,0.94,0.38,7.69,13.4
1998-04-01,21.47,8.7,14.28,0.01,0.38,4.14,12.68
1998-04-02,22.18,5.51,13.22,0.0,0.38,4.77,19.57
1998-04-03,22.32,8.89,14.64,0.0,0.38,8.27,16.1
1998-04-04,25.56,10.35,16.84,0.02,0.38,10.23,19.61
1998-04-05,24.59,10.01,16.08,0.0,0.38,9.14,19.28
1998-04-06,29.2,8.98,18.79,0.0,0.38,3.96,19.27
1998-04-07,32.09,14.52,22.39,0.0,0.38,-3.11,18.57
1998-04-08,18.96,8.03,15.09,0.18,0.38,5.11,9.22
1998-04-09,20.0,5.99,12.54,0.05,0.38,4.68,12.02
1998-04-10,20.87,9.03,14.13,0.49,0.38,8.23,13.26
1998-04-11,21.33,8.83,15.16,4.03,0.38,6.56,8.39
1998-04-12,18.52,12.61,14.88,13.21,0.41,12.02,7.8
1998-04-13,17.06,7.24,12.28,0.41,0.41,4.9,15.11
1998-04-14,18.78,7.45,12.75,0.18,0.41,7.38,11.8
1998-04-15,20.74,7.89,13.46,0.0,0.41,8.07,14.5
1998-04-16,20.93,7.22,13.1,0.0,0.41,6.77,15.88
1998-04-17,20.52,6.56,12.68,0.01,0.41,6.57,16.06
1998-04-18,22.52,6.36,13.8,0.0,0.4,5.17,16.91
1998-04-19,21.12,11.06,14.8,18.86,0.41,6.73,4.52
1998-04-20,22.11,12.37,16.37,4.67,0.45,13.61,8.61
1998-04-21,18.21,7.62,12.86,7.21,0.46,10.4,7.99
1998-04-22,16.25,8.79,11.94,0.19,0.46,7.43,8.99
1998-04-23,17.27,8.69,12.51,0.07,0.45,7.5,10.3
1998-04-24,21.37,7.48,13.96,5.65,0.45,5.57,11.97
1998-04-25,14.51,10.19,11.93,4.29,0.47,7.4,11.67
1998-04-26,17.42,7.43,12.02,0.98,0.46,6.91,8.28
1998-04-27,16.45,7.22,11.02,0.07,0.46,5.19,8.77
1998-04-28,19.78,8.13,13.29,0.27,0.46,6.13,11.4
1998-04-29,22.06,10.73,14.68,0.48,0.46,8.87,13.3
1998-04-30,16.86,6.08,12.15,1.7,0.46,7.71,10.94
1998-05-01,16.75,4.08,9.61,0.0,0.46,3.74,12.62
1998-05-02,16.99,4.31,10.31,0.0,0.46,6.72,10.93
1998-05-03,20.03,6.89,12.81,0.53,0.46,8.29,11.8
1998-05-04,18.62,9.76,13.63,0.8,0.46,8.73,9.0
1998-05-05,19.75,8.44,12.99,0.08,0.46,8.56,9.4
1998-05-06,16.46,6.46,10.71,0.71,0.46,8.19,6.85
1998-05-07,12.87,6.06,8.56,1.36,0.46,5.56,6.8
1998-05-08,13.89,6.69,9.81,1.1,0.46,6.61,11.04
1998-05-09,16.37,6.99,10.91,0.09,0.46,5.01,10.67
1998-05-10,19.52,6.55,12.81,0.13,0.46,3.25,7.07
1998-05-11,19.11,10.92,14.08,3.15,0.46,9.53,5.72
1998-05-12,18.33,10.12,13.61,0.68,0.46,10.18,7.88
1998-05-13,23.74,10.08,15.79,0.04,0.46,7.83,11.9
1998-05-14,24.3,11.47,16.66,0.07,0.46,11.1,7.07
1998-05-15,24.39,10.64,16.63,0.0,0.46,10.78,12.22
1998-05-16,23.69,10.51,16.29,0.06,0.46,11.05,8.8
1998-05-17,21.21,9.43,14.03,0.06,0.45,10.58,10.06
1998-05-18,22.46,7.75,14.28,0.01,0.45,9.05,11.76
1998-05-19,17.71,10.24,13.61,7.18,0.46,10.77,3.66
1998-05-20,15.77,4.58,10.03,0.07,0.47,4.22,8.07
1998-05-21,14.91,3.74,8.47,0.04,0.46,3.85,11.3
1998-05-22,13.43,6.29,10.19,14.67,0.48,5.92,3.47
1998-05-23,14.08,10.13,11.72,1.03,0.49,6.05,7.54
1998-05-24,12.93,7.59,10.18,0.75,0.49,7.42,7.11
1998-05-25,15.6,4.26,9.22,0.07,0.48,5.69,10.62
1998-05-26,13.91,4.51,8.73,0.03,0.48,5.66,9.88
1998-05-27,18.67,7.3,11.24,0.01,0.48,3.53,8.19
1998-05-28,19.27,8.81,12.63,0.0,0.48,4.22,8.36
1998-05-29,19.37,8.06,13.27,0.09,0.48,8.31,8.49
1998-05-30,16.0,10.03,13.09,0.11,0.48,10.35,7.56
1998-05-31,16.44,8.61,11.44,0.03,0.48,8.17,7.09
1998-06-01,16.95,7.94,11.13,0.01,0.48,8.16,7.98
1998-06-02,15.37,6.8,10.25,0.0,0.48,7.74,8.82
1998-06-03,21.1,8.64,13.59,0.04,0.48,7.99,9.69
1998-06-04,20.34,9.62,14.03,0.19,0.47,9.05,9.59
1998-06-05,23.47,12.16,16.95,9.67,0.47,10.33,9.62
1998-06-06,14.74,6.64,11.16,8.69,0.5,8.24,5.35
1998-06-07,13.28,3.92,8.12,0.36,0.5,4.17,8.69
1998-06-08,13.45,3.13,6.99,0.02,0.5,4.91,5.31
1998-06-09,12.41,2.22,6.55,0.0,0.5,3.25,7.01
1998-06-10,15.69,2.12,8.14,0.02,0.5,1.6,9.96
1998-06-11,11.02,7.07,9.16,12.79,0.5,3.0,2.63
1998-06-12,15.16,7.97,11.31,3.25,0.52,8.19,8.48
1998-06-13,14.32,7.39,10.58,0.85,0.52,8.94,6.42
1998-06-14,15.74,8.13,11.12,4.48,0.52,9.32,5.93
1998-06-15,13.91,6.92,9.7,1.04,0.53,6.74,8.33
1998-06-16,13.02,2.81,7.56,0.06,0.52,3.39,7.32
1998-06-17,12.12,0.82,5.66,0.01,0.52,2.4,9.46
1998-06-18,13.25,-0.58,5.42,0.0,0.52,0.52,9.45
1998-06-19,13.83,2.34,7.26,0.12,0.52,0.81,6.38
1998-06-20,13.42,6.33,9.7,2.45,0.52,6.14,5.4
1998-06-21,11.33,5.5,8.87,13.23,0.54,6.81,6.17
1998-06-22,10.66,3.84,6.35,1.27,0.54,4.41,8.09
1998-06-23,12.01,3.6,7.28,0.36,0.54,4.75,8.77
1998-06-24,11.98,4.96,8.47,3.93,0.55,6.42,7.64
1998-06-25,12.93,4.81,8.06,0.08,0.54,5.95,7.81
1998-06-26,12.34,2.71,6.73,0.19,0.54,4.84,7.57
1998-06-27,13.95,1.93,7.42,0.25,0.54,2.1,8.88
1998-06-28,13.14,6.16,8.71,1.36,0.54,6.69,6.38
1998-06-29,12.49,3.89,7.68,0.13,0.54,4.78,7.38
1998-06-30,11.29,2.81,6.0,0.75,0.54,4.74,8.82
1998-07-01,11.81,2.58,7.0,0.58,0.54,5.76,7.66
1998-07-02,12.91,6.87,9.32,0.48,0.54,7.73,6.58
1998-07-03,11.3,6.14,7.82,0.11,0.54,6.17,6.28
1998-07-04,15.37,4.56,9.33,0.02,0.54,4.74,9.34
1998-07-05,16.44,9.76,12.32,11.21,0.55,8.3,3.92
1998-07-06,14.01,6.2,9.81,1.64,0.56,6.89,8.53
1998-07-07,15.12,5.53,9.47,0.69,0.55,4.87,9.34
1998-07-08,11.14,7.11,8.91,8.42,0.56,6.72,5.77
1998-07-09,10.52,4.77,7.71,0.91,0.56,3.74,7.41
1998-07-10,11.65,2.4,6.68,0.03,0.56,4.15,8.44
1998-07-11,12.04,3.1,7.35,0.02,0.56,3.28,6.75
1998-07-12,10.28,1.53,4.85,0.0,0.56,0.68,6.82
1998-07-13,11.72,0.64,5.23,0.0,0.56,0.99,9.74
1998-07-14,12.75,-1.2,5.2,0.0,0.56,0.92,10.64
1998-07-15,14.57,0.36,6.11,0.0,0.55,1.89,10.71
1998-07-16,14.29,0.79,6.21,0.0,0.55,2.51,10.6
1998-07-17,13.69,2.66,6.82,0.18,0.55,2.82,6.93
1998-07-18,15.62,1.55,7.8,0.07,0.55,3.72,10.73
1998-07-19,15.19,2.6,8.34,0.32,0.55,4.64,8.17
1998-07-20,14.52,5.28,8.93,0.52,0.55,6.4,9.13
1998-07-21,13.21,4.33,8.53,3.53,0.55,7.46,7.77
1998-07-22,12.81,4.37,8.11,0.3,0.55,6.01,10.54
1998-07-23,14.2,4.42,8.55,0.29,0.55,6.46,10.78
1998-07-24,13.75,4.23,8.03,0.02,0.55,5.45,8.66
1998-07-25,13.06,5.19,8.87,0.72,0.55,6.99,5.64
1998-07-26,13.3,7.59,10.01,1.15,0.55,8.78,5.87
1998-07-27,14.12,5.9,9.07,15.89,0.56,6.87,5.98
1998-07-28,8.9,6.33,7.15,6.68,0.58,4.79,5.92
1998-07-29,9.21,5.42,6.87,13.78,0.6,5.41,4.27
1998-07-30,10.54,3.27,6.31,1.69,0.6,4.39,10.44
1998-07-31,12.97,3.54,8.22,0.81,0.6,6.31,9.15
1998-08-01,12.78,5.84,8.72,0.15,0.6,4.98,8.82
1998-08-02,9.32,4.65,7.09,1.75,0.6,4.87,5.35
1998-08-03,15.04,6.25,9.59,0.31,0.6,7.23,10.84
1998-08-04,15.53,4.94,9.99,0.21,0.59,7.7,10.73
1998-08-05,13.96,3.78,8.01,0.02,0.59,4.37,11.96
1998-08-06,16.38,2.34,8.72,1.11,0.59,4.77,6.83
1998-08-07,16.48,5.29,9.41,0.32,0.59,6.5,13.24
1998-08-08,15.41,5.3,9.6,0.31,0.59,8.58,10.28
1998-08-09,16.31,5.94,10.01,0.55,0.59,9.08,9.6
1998-08-10,17.51,6.4,10.64,0.06,0.58,8.69,12.98
1998-08-11,14.61,6.96,10.4,2.07,0.58,9.44,7.24
1998-08-12,17.39,8.89,12.36,2.59,0.58,10.08,10.14
1998-08-13,15.48,8.39,11.46,1.64,0.59,10.06,8.5
1998-08-14,15.29,5.56,10.47,0.09,0.59,7.77,8.7
1998-08-15,13.97,2.92,7.7,0.0,0.58,4.33,12.15
1998-08-16,14.15,3.73,8.0,0.1,0.58,5.65,14.01
1998-08-17,14.01,5.55,9.15,0.05,0.58,6.73,8.16
1998-08-18,16.69,5.35,10.41,0.0,0.58,6.77,9.91
1998-08-19,17.01,4.87,10.19,0.0,0.57,6.46,14.62
1998-08-20,16.38,6.86,11.22,7.71,0.57,8.26,6.32
1998-08-21,17.78,9.79,12.86,1.18,0.58,10.03,9.82
1998-08-22,12.37,7.59,10.11,6.16,0.59,6.56,11.53
1998-08-23,13.61,5.57,8.84,1.11,0.59,5.29,13.68
1998-08-24,16.1,3.28,9.32,0.0,0.58,4.57,14.82
1998-08-25,11.7,5.71,7.76,4.84,0.58,5.17,7.79
1998-08-26,17.71,4.34,9.28,0.0,0.58,5.85,16.3
1998-08-27,18.19,4.8,10.43,0.03,0.58,5.57,16.16
1998-08-28,18.71,3.1,10.82,0.01,0.58,4.86,16.26
1998-08-29,18.39,4.74,10.83,0.0,0.57,5.01,16.26
1998-08-30,18.0,6.39,11.12,0.0,0.57,6.16,14.8
1998-08-31,20.42,4.06,12.11,0.01,0.56,5.38,16.55
1998-09-01,19.25,7.94,12.2,0.03,0.56,8.88,13.9
1998-09-02,19.44,8.01,12.91,0.03,0.56,7.71,16.47
1998-09-03,20.99,7.26,13.04,5.43,0.56,9.58,12.89
1998-09-04,17.1,6.25,10.93,4.86,0.56,9.52,14.02
1998-09-05,14.08,5.71,9.21,0.2,0.56,5.22,15.13
1998-09-06,13.85,6.07,9.39,0.44,0.56,6.28,11.7
1998-09-07,15.17,4.8,9.74,0.01,0.55,5.01,10.28
1998-09-08,15.96,2.94,8.92,0.0,0.55,4.44,16.81
1998-09-09,14.82,3.6,8.62,0.0,0.55,5.14,16.42
1998-09-10,18.44,5.69,12.43,3.24,0.55,10.95,9.55
1998-09-11,19.72,11.76,14.79,4.9,0.55,12.69,13.21
1998-09-12,14.36,10.54,12.51,14.77,0.57,10.79,10.83
1998-09-13,15.37,6.97,10.93,0.43,0.58,7.58,10.66
1998-09-14,14.78,5.59,9.96,2.87,0.57,7.4,13.22
1998-09-15,13.32,6.17,9.94,2.07,0.57,5.6,14.24
1998-09-16,13.91,6.91,10.53,0.47,0.57,7.47,14.05
1998-09-17,20.6,7.76,13.55,0.22,0.57,9.21,17.42
1998-09-18,22.65,8.78,14.97,2.13,0.56,9.08,15.19
1998-09-19,15.82,7.64,11.51,0.44,0.56,8.16,16.89
1998-09-20,17.09,5.38,10.53,0.01,0.55,5.24,19.6
1998-09-21,21.59,4.35,13.6,0.08,0.55,6.87,20.37
1998-09-22,22.4,15.71,18.44,13.0,0.55,15.63,12.8
1998-09-23,16.73,6.31,11.5,19.33,0.59,8.55,13.2
1998-09-24,14.45,4.46,9.0,0.36,0.59,4.15,17.75
1998-09-25,15.32,3.51,9.41,0.0,0.58,3.69,15.32
1998-09-26,21.42,6.49,12.79,0.03,0.58,7.67,14.62
1998-09-27,24.12,5.73,15.04,5.39,0.57,11.75,19.77
1998-09-28,24.06,11.03,17.12,0.0,0.57,11.65,23.25
1998-09-29,19.93,9.46,14.32,0.01,0.56,10.98,20.18
1998-09-30,23.11,7.99,16.33,0.0,0.55,11.56,23.18
1998-10-01,23.45,13.77,18.76,1.48,0.55,13.72,6.9
1998-10-02,20.18,11.42,15.5,4.42,0.55,13.82,13.5
1998-10-03,17.14,8.7,12.78,0.1,0.55,7.3,20.17
1998-10-04,16.79,8.69,12.15,0.01,0.55,7.13,15.29
1998-10-05,20.19,8.77,13.77,13.3,0.55,9.42,13.36
1998-10-06,13.02,8.28,10.43,2.9,0.57,5.39,20.57
1998-10-07,14.67,6.52,10.66,0.27,0.56,6.28,17.02
1998-10-08,15.5,5.99,10.49,0.12,0.56,6.74,15.39
1998-10-09,15.8,5.57,10.45,0.4,0.55,6.82,19.45
1998-10-10,16.66,4.97,10.12,0.28,0.55,6.19,18.2
1998-10-11,16.71,5.72,11.39,0.17,0.54,6.41,18.19
1998-10-12,18.88,8.53,12.66,6.9,0.55,8.92,15.14
1998-10-13,16.44,7.71,11.43,0.07,0.55,5.68,18.16
1998-10-14,22.96,5.94,14.77,1.76,0.54,8.91,25.76
1998-10-15,20.12,7.84,13.52,0.57,0.54,8.37,25.38
1998-10-16,24.74,6.15,16.18,0.02,0.53,7.66,26.66
1998-10-17,30.05,12.69,19.77,0.04,0.52,11.86,23.75
1998-10-18,17.8,7.02,13.28,0.28,0.52,5.82,20.97
1998-10-19,13.61,5.72,9.79,3.79,0.52,5.03,17.9
1998-10-20,15.79,6.03,10.94,0.69,0.52,6.23,14.92
1998-10-21,17.5,5.38,11.59,1.02,0.52,7.38,20.56
1998-10-22,17.87,5.31,11.51,0.41,0.51,7.58,20.63
1998-10-23,23.64,6.81,15.07,0.0,0.51,8.28,19.2
1998-10-24,27.48,9.29,17.53,0.0,0.5,7.94,28.49
1998-10-25,21.7,8.6,14.83,0.19,0.5,10.22,25.27
1998-10-26,15.72,7.19,11.27,2.27,0.49,4.85,20.85
1998-10-27,15.42,5.06,10.03,1.73,0.49,2.33,24.1
1998-10-28,17.83,2.54,10.77,0.0,0.49,2.37,25.07
1998-10-29,23.99,6.63,15.87,0.01,0.49,3.28,25.47
1998-10-30,22.71,8.39,15.03,0.02,0.48,7.9,27.59
1998-10-31,19.86,5.64,12.43,0.0,0.48,3.18,25.57
1998-11-01,22.89,3.25,13.2,0.0,0.48,2.88,28.92
1998-11-02,27.66,6.5,17.18,0.0,0.47,2.85,27.62
1998-11-03,29.77,11.53,20.39,0.01,0.46,1.83,25.75
1998-11-04,24.57,10.69,18.58,0.15,0.46,7.75,13.86
1998-11-05,21.5,10.41,15.66,0.02,0.46,7.55,24.12
1998-11-06,29.85,8.58,20.12,0.07,0.46,10.09,28.52
1998-11-07,21.92,11.38,17.24,1.87,0.45,8.66,22.18
1998-11-08,21.64,9.25,14.79,0.01,0.45,4.91,25.7
1998-11-09,26.26,6.85,16.97,0.0,0.45,5.82,29.57
1998-11-10,27.03,9.32,17.48,0.54,0.45,5.81,16.61
1998-11-11,17.49,11.05,14.27,7.59,0.45,11.06,9.4
1998-11-12,22.97,9.99,15.56,0.51,0.46,9.45,26.78
1998-11-13,22.57,10.51,16.42,0.1,0.45,9.31,23.15
1998-11-14,29.18,8.8,19.71,2.69,0.45,9.55,20.16
1998-11-15,21.92,10.1,16.36,0.31,0.45,9.26,27.76
1998-11-16,22.41,7.31,14.5,0.0,0.45,3.76,31.1
1998-11-17,20.92,6.64,13.62,0.07,0.45,5.4,25.75
1998-11-18,21.94,5.79,13.68,0.0,0.44,1.97,31.96
1998-11-19,25.32,6.32,15.97,0.0,0.44,5.37,27.06
1998-11-20,29.62,9.89,19.84,0.0,0.44,6.55,31.22
1998-11-21,24.84,9.39,17.06,0.0,0.43,7.21,31.13
1998-11-22,23.79,6.42,15.13,0.0,0.43,3.81,30.76
1998-11-23,25.53,7.48,16.99,0.0,0.43,4.65,32.5
1998-11-24,28.07,10.68,19.58,0.0,0.42,5.24,31.71
1998-11-25,31.1,11.11,21.72,0.01,0.42,5.79,31.66
1998-11-26,36.42,15.75,26.93,0.52,0.42,8.61,30.04
1998-11-27,22.63,10.88,16.61,3.02,0.42,7.45,23.72
1998-11-28,21.09,9.76,15.04,0.21,0.42,4.17,23.75
1998-11-29,24.34,7.78,16.29,0.03,0.42,6.11,31.21
1998-11-30,26.39,9.2,18.1,0.01,0.41,7.02,31.38
1998-12-01,29.83,10.46,20.62,0.0,0.41,5.67,31.78
1998-12-02,34.88,12.36,21.85,0.05,0.41,5.96,20.68
1998-12-03,23.59,9.75,16.49,0.01,0.41,7.45,31.31
1998-12-04,22.35,9.4,15.68,0.02,0.41,5.53,26.01
1998-12-05,22.35,8.38,15.09,0.0,0.4,7.46,24.83
1998-12-06,25.16,10.03,16.66,0.02,0.4,9.1,21.13
1998-12-07,27.8,10.16,18.23,0.01,0.4,9.05,24.2
1998-12-08,32.17,11.09,21.83,0.0,0.4,7.85,32.2
1998-12-09,35.5,13.14,25.05,0.0,0.4,7.6,31.89
1998-12-10,40.66,18.99,30.47,0.0,0.39,6.29,30.67
1998-12-11,42.97,23.26,33.66,0.0,0.39,10.0,25.63
1998-12-12,35.27,22.46,28.56,0.01,0.39,15.02,18.71
1998-12-13,24.85,14.28,20.13,2.7,0.39,12.28,12.16
1998-12-14,29.55,12.89,20.63,0.04,0.39,9.91,28.15
1998-12-15,27.04,12.64,19.37,0.01,0.39,9.08,20.71
1998-12-16,29.12,12.03,20.4,0.0,0.39,8.56,28.57
1998-12-17,28.88,14.43,21.61,0.12,0.39,8.85,19.39
1998-12-18,33.49,13.79,23.71,0.0,0.39,6.91,32.04
1998-12-19,34.13,14.54,23.83,3.09,0.38,7.12,21.06
1998-12-20,20.69,10.99,15.94,1.8,0.39,6.44,25.07
1998-12-21,22.99,11.45,16.14,0.19,0.39,6.91,25.71
1998-12-22,26.22,12.26,19.03,0.05,0.39,10.15,25.04
1998-12-23,35.19,12.56,24.5,0.0,0.39,7.39,32.14
1998-12-24,39.11,18.38,27.57,0.26,0.39,7.5,31.77
1998-12-25,37.18,15.13,23.81,0.72,0.38,11.18,27.91
1998-12-26,17.61,10.52,14.88,0.89,0.39,5.54,26.5
1998-12-27,21.45,9.63,15.13,0.01,0.38,5.07,26.62
1998-12-28,23.88,11.36,16.34,0.0,0.38,6.52,29.94
1998-12-29,24.9,10.34,17.36,0.07,0.38,9.6,24.54
1998-12-30,29.62,10.27,19.49,0.01,0.38,9.32,30.98
1998-12-31,34.04,11.49,22.95,0.0,0.38,5.97,32.12
1999-01-01,36.95,14.03,25.92,0.0,0.38,4.16,32.22
1999-01-02,40.06,17.73,28.53,0.0,0.38,5.28,29.56
1999-01-03,34.75,15.06,24.29,0.0,0.38,10.9,31.15
1999-01-04,40.95,14.58,28.11,0.0,0.38,8.66,31.81
1999-01-05,43.06,21.04,32.82,0.11,0.38,11.43,26.05
1999-01-06,42.32,22.43,31.28,0.28,0.38,13.26,29.69
1999-01-07,26.43,18.07,22.29,3.13,0.38,14.68,13.38
1999-01-08,35.16,17.37,26.03,0.02,0.38,11.79,29.91
1999-01-09,37.68,17.3,27.57,0.0,0.38,8.18,32.48
1999-01-10,41.92,19.27,31.44,0.06,0.38,9.07,30.84
1999-01-11,25.04,13.72,20.33,0.58,0.38,10.16,24.2
1999-01-12,31.46,12.17,20.9,0.0,0.38,4.08,31.27
1999-01-13,29.0,11.37,19.67,0.0,0.38,6.23,31.6
1999-01-14,34.15,12.05,23.25,0.0,0.38,4.34,31.21
1999-01-15,40.17,16.82,28.47,0.0,0.38,2.46,28.99
1999-01-16,39.36,19.12,28.14,0.0,0.38,6.32,31.09
1999-01-17,37.24,14.35,25.29,0.0,0.38,6.47,29.09
1999-01-18,33.51,14.29,22.75,0.08,0.38,10.73,24.29
1999-01-19,26.67,13.31,19.05,0.0,0.38,5.41,31.1
1999-01-20,27.48,11.94,18.73,0.0,0.38,3.68,30.75
1999-01-21,31.45,10.49,21.09,0.0,0.38,6.99,30.55
1999-01-22,30.68,14.89,21.35,0.0,0.38,11.09,26.16
1999-01-23,34.82,14.68,25.3,0.0,0.38,11.49,28.93
1999-01-24,35.0,17.71,26.43,0.0,0.38,9.84,30.38
1999-01-25,35.7,17.03,25.85,0.0,0.38,10.93,30.11
1999-01-26,29.75,16.75,22.33,0.0,0.38,11.55,26.48
1999-01-27,35.89,15.43,26.51,0.77,0.38,11.21,27.37
1999-01-28,37.03,18.1,27.72,0.45,0.38,12.92,29.67
1999-01-29,31.96,16.1,22.38,0.02,0.38,13.25,15.92
1999-01-30,29.4,13.77,20.4,0.0,0.38,7.13,30.77
1999-01-31,32.21,12.12,23.11,0.0,0.38,3.53,28.13
1999-02-01,37.83,19.54,29.52,0.0,0.38,4.1,28.93
1999-02-02,36.38,22.95,29.63,0.06,0.38,11.6,24.06
1999-02-03,37.55,25.06,31.0,0.71,0.38,13.48,25.53
1999-02-04,39.26,24.33,31.59,0.05,0.38,10.95,26.43
1999-02-05,38.86,22.22,29.93,0.13,0.38,11.17,21.11
1999-02-06,25.81,12.46,18.72,1.29,0.38,10.45,13.66
1999-02-07,23.42,10.42,16.55,0.03,0.38,2.8,26.78
1999-02-08,27.85,9.74,18.76,0.0,0.38,6.34,28.38
1999-02-09,32.37,12.29,24.06,0.0,0.38,11.43,27.5
1999-02-10,35.36,20.99,28.51,0.38,0.38,15.05,23.33
1999-02-11,32.88,23.82,28.3,4.85,0.38,18.92,17.99
1999-02-12,35.62,21.04,27.51,0.97,0.39,15.13,21.89
1999-02-13,33.81,18.04,24.93,1.63,0.39,12.04,26.07
1999-02-14,36.36,16.68,25.96,0.01,0.38,11.05,27.75
1999-02-15,29.05,14.95,21.24,0.05,0.38,9.04,25.83
1999-02-16,24.46,14.95,18.58,0.14,0.38,9.83,19.5
1999-02-17,21.61,13.23,17.59,2.28,0.39,9.17,15.12
1999-02-18,22.05,11.16,16.0,0.13,0.39,5.82,23.99
1999-02-19,24.58,9.5,17.04,0.0,0.38,5.46,27.01
1999-02-20,31.54,12.46,22.22,0.0,0.38,4.88,27.28
1999-02-21,32.52,15.5,23.89,0.0,0.38,7.94,26.11
1999-02-22,35.23,14.68,25.35,0.0,0.38,8.49,27.3
1999-02-23,34.76,14.09,24.13,0.02,0.38,10.03,24.4
1999-02-24,25.87,13.21,18.33,0.0,0.38,8.07,25.15
1999-02-25,31.59,14.01,22.56,0.0,0.38,10.8,25.42
1999-02-26,30.71,14.05,21.81,0.0,0.38,10.41,25.75
1999-02-27,33.43,14.39,24.35,0.02,0.38,9.67,24.39
1999-02-28,35.52,21.18,28.42,1.58,0.38,10.19,18.39
1999-03-01,33.47,20.65,26.95,4.92,0.38,14.05,23.15
1999-03-02,34.84,16.88,25.5,0.73,0.39,13.88,25.78
1999-03-03,29.9,14.61,21.2,0.07,0.39,11.93,13.19
1999-03-04,25.37,13.15,18.26,0.0,0.38,10.58,25.1
1999-03-05,29.49,13.07,20.0,0.01,0.38,7.74,25.12
1999-03-06,24.86,14.07,17.49,7.89,0.39,10.72,8.17
1999-03-07,25.62,11.16,17.66,0.03,0.4,6.11,25.23
1999-03-08,29.84,10.74,19.92,0.0,0.39,5.41,24.75
1999-03-09,35.74,16.45,24.81,0.0,0.39,9.89,24.57
1999-03-10,28.82,14.26,20.88,0.0,0.39,8.29,24.51
1999-03-11,28.49,11.81,19.45,0.0,0.39,7.0,23.88
1999-03-12,24.73,11.98,17.19,0.09,0.39,9.65,22.97
1999-03-13,22.51,9.99,16.02,0.1,0.38,8.31,17.7
1999-03-14,24.49,12.24,17.38,0.08,0.38,10.3,17.92
1999-03-15,23.43,10.9,16.52,0.01,0.38,7.68,19.64
1999-03-16,24.49,8.34,16.04,0.0,0.38,6.18,22.96
1999-03-17,28.36,10.79,19.53,0.01,0.38,7.33,19.49
1999-03-18,23.7,15.74,19.27,0.03,0.38,10.57,11.92
1999-03-19,22.84,14.74,18.36,0.16,0.38,11.46,17.93
1999-03-20,26.3,14.54,20.07,1.3,0.38,13.1,17.13
1999-03-21,22.67,13.84,18.06,12.07,0.4,14.55,7.75
1999-03-22,20.95,9.41,14.84,0.01,0.41,4.48,20.24
1999-03-23,23.91,6.99,15.77,0.0,0.4,2.99,20.47
1999-03-24,26.44,14.21,20.62,0.18,0.4,3.72,9.65
1999-03-25,26.84,16.2,20.57,0.39,0.4,14.72,12.56
1999-03-26,26.01,14.29,19.31,0.14,0.4,12.18,17.2
1999-03-27,19.49,10.41,14.54,3.86,0.4,9.67,9.81
1999-03-28,18.87,8.41,12.84,0.04,0.4,3.58,17.94
1999-03-29,19.21,7.03,12.74,0.08,0.4,6.85,12.42
1999-03-30,19.96,8.86,13.72,0.55,0.4,9.12,13.26
1999-03-31,19.35,7.15,12.56,0.0,0.4,2.97,14.31
1999-04-01,20.56,7.2,13.2,0.0,0.4,6.04,16.89
1999-04-02,22.37,7.15,14.24,0.0,0.4,8.75,15.0
1999-04-03,26.46,8.58,17.08,0.31,0.4,8.54,19.7
1999-04-04,27.34,13.19,19.19,1.43,0.4,11.0,9.21
1999-04-05,21.69,10.03,15.96,1.49,0.4,11.65,12.58
1999-04-06,21.33,8.61,14.75,0.06,0.4,6.79,18.23
1999-04-07,18.41,6.24,12.2,0.0,0.4,5.39,16.38
1999-04-08,22.41,7.13,14.54,0.0,0.4,5.37,18.83
1999-04-09,24.04,8.81,16.04,0.0,0.39,7.41,18.76
1999-04-10,25.96,10.03,17.63,0.0,0.39,5.54,13.02
1999-04-11,27.95,12.01,19.59,0.0,0.39,8.85,18.53
1999-04-12,28.32,11.63,19.21,0.0,0.39,8.13,18.29
1999-04-13,25.55,11.59,17.37,0.0,0.39,9.95,17.99
1999-04-14,21.98,9.75,14.94,0.0,0.39,9.11,15.54
1999-04-15,20.39,7.55,13.24,0.01,0.39,7.22,13.89
1999-04-16,19.1,7.48,12.94,0.0,0.39,7.35,14.42
1999-04-17,21.99,7.74,14.31,0.02,0.39,9.21,12.46
1999-04-18,22.63,7.76,14.48,0.0,0.39,8.32,16.43
1999-04-19,22.65,8.33,14.76,0.17,0.39,10.86,15.77
1999-04-20,18.72,10.28,13.89,1.22,0.39,7.75,10.48
1999-04-21,17.8,7.51,11.91,0.04,0.39,3.1,13.45
1999-04-22,18.13,4.12,10.52,0.0,0.39,1.6,16.11
1999-04-23,20.76,4.17,12.52,0.0,0.39,-3.39,15.88
1999-04-24,22.36,7.32,14.04,0.0,0.39,-3.95,15.6
1999-04-25,23.79,7.9,13.88,0.0,0.38,-3.28,15.81
1999-04-26,15.14,5.23,10.07,1.58,0.39,4.94,10.15
1999-04-27,15.75,4.42,10.03,0.06,0.39,5.14,10.75
1999-04-28,16.1,6.65,10.93,0.08,0.39,6.45,10.15
1999-04-29,17.96,6.61,11.65,0.02,0.39,6.6,10.09
1999-04-30,18.73,6.27,11.52,0.0,0.39,6.55,10.68
1999-05-01,19.18,5.66,11.2,0.0,0.38,6.15,14.0
1999-05-02,20.73,6.47,12.65,0.0,0.38,2.43,12.29
1999-05-03,24.74,8.72,14.85,0.0,0.38,1.69,14.03
1999-05-04,24.12,10.74,16.21,0.02,0.38,10.36,13.12
1999-05-05,25.71,9.18,16.92,0.0,0.38,6.5,13.89
1999-05-06,25.23,9.95,16.42,0.0,0.38,2.92,13.83
1999-05-07,24.39,11.66,16.59,0.1,0.38,6.17,9.11
1999-05-08,17.81,7.96,12.37,0.34,0.38,6.99,10.76
1999-05-09,16.08,8.16,11.79,0.2,0.38,8.55,8.76
1999-05-10,17.64,7.33,12.07,0.07,0.38,8.13,9.16
1999-05-11,20.93,7.5,12.95,0.96,0.38,5.35,6.04
1999-05-12,19.49,11.08,13.83,2.72,0.39,10.96,8.13
1999-05-13,15.89,9.79,12.53,0.41,0.39,8.76,8.09
1999-05-14,16.6,11.2,13.52,8.28,0.39,10.92,8.3
1999-05-15,13.74,4.83,9.34,0.58,0.41,2.35,11.55
1999-05-16,14.58,4.16,8.19,0.02,0.4,0.55,12.2
1999-05-17,18.23,3.73,10.81,0.51,0.4,-1.29,8.3
1999-05-18,24.16,8.86,14.81,0.38,0.4,4.95,9.25
1999-05-19,21.68,10.41,15.0,0.35,0.4,11.55,11.31
1999-05-20,22.43,9.25,14.87,3.61,0.4,10.07,5.82
1999-05-21,22.72,10.99,16.47,0.46,0.41,11.74,9.81
1999-05-22,18.32,13.73,15.33,11.95,0.42,12.8,4.92
1999-05-23,18.05,10.41,14.14,4.05,0.43,9.61,8.52
1999-05-24,15.94,8.68,11.85,1.04,0.43,8.59,8.76
1999-05-25,16.48,9.75,12.12,7.56,0.44,10.06,6.6
1999-05-26,15.13,6.59,10.81,2.47,0.45,8.22,6.06
1999-05-27,16.12,6.28,10.43,0.2,0.45,5.39,8.63
1999-05-28,17.89,4.99,11.24,1.84,0.44,4.25,7.87
1999-05-29,15.8,10.75,12.69,11.1,0.46,9.84,3.58
1999-05-30,17.73,11.61,13.68,4.64,0.47,11.8,6.58
1999-05-31,14.53,9.01,11.77,0.32,0.47,8.14,6.61
1999-06-01,16.88,7.39,11.48,0.18,0.47,8.75,6.55
1999-06-02,18.04,5.68,11.09,0.09,0.47,8.48,9.7
1999-06-03,16.75,7.38,10.51,0.03,0.47,7.17,10.53
1999-06-04,20.06,6.3,12.86,0.02,0.46,6.03,7.37
1999-06-05,17.55,9.5,12.73,0.32,0.46,7.25,9.1
1999-06-06,16.66,7.51,10.83,0.93,0.46,8.82,8.15
1999-06-07,16.87,7.04,10.45,0.08,0.46,8.19,8.93
1999-06-08,16.43,5.89,10.07,0.0,0.46,6.64,8.0
1999-06-09,15.98,4.07,9.33,1.51,0.46,4.97,9.33
1999-06-10,14.19,5.62,9.2,0.43,0.46,5.24,8.58
1999-06-11,13.39,3.38,7.9,0.0,0.46,2.99,8.08
1999-06-12,13.13,3.49,7.13,2.96,0.46,0.01,5.35
1999-06-13,11.06,4.68,7.43,19.71,0.49,5.81,3.19
1999-06-14,10.3,5.65,7.51,5.03,0.51,4.8,7.41
1999-06-15,12.51,5.99,8.26,1.46,0.51,5.67,8.11
1999-06-16,13.91,6.16,9.13,1.25,0.51,7.48,7.77
1999-06-17,16.69,5.87,10.7,5.51,0.51,7.66,6.97
1999-06-18,15.11,8.08,11.38,6.51,0.53,9.5,7.26
1999-06-19,16.9,8.54,11.99,0.12,0.52,7.49,7.43
1999-06-20,14.98,9.1,11.5,2.94,0.52,9.36,7.31
1999-06-21,14.5,8.26,10.72,1.12,0.53,8.29,7.18
1999-06-22,14.27,6.02,9.46,0.03,0.52,7.42,5.95
1999-06-23,14.99,2.88,8.09,0.0,0.52,5.36,9.46
1999-06-24,16.37,3.32,8.79,0.01,0.52,5.23,9.43
1999-06-25,11.91,5.18,8.42,6.18,0.53,8.01,4.2
1999-06-26,14.57,3.78,7.89,0.22,0.53,4.99,10.14
1999-06-27,16.39,2.44,8.09,0.0,0.53,4.91,9.76
1999-06-28,15.82,5.51,10.06,0.03,0.53,5.92,7.0
1999-06-29,15.64,7.83,11.4,1.68,0.53,6.31,7.25
1999-06-30,13.2,5.93,9.01,4.1,0.53,6.4,7.83
1999-07-01,14.55,6.29,10.57,1.3,0.53,8.37,7.28
1999-07-02,14.15,7.57,10.02,0.11,0.53,6.76,5.71
1999-07-03,13.94,4.59,8.56,0.02,0.53,6.26,5.73
1999-07-04,14.65,2.8,7.75,0.0,0.53,4.04,9.82
1999-07-05,15.71,3.95,8.57,0.01,0.53,2.42,8.87
1999-07-06,15.54,6.14,9.17,0.0,0.53,2.97,5.35
1999-07-07,18.89,6.15,10.8,0.01,0.52,4.6,5.89
1999-07-08,14.57,7.28,10.46,4.99,0.52,7.24,4.27
1999-07-09,14.94,8.57,11.52,2.99,0.54,10.22,5.18
1999-07-10,16.27,7.61,11.09,0.12,0.53,9.21,4.19
1999-07-11,15.02,7.95,10.61,0.16,0.53,9.52,5.18
1999-07-12,15.01,7.27,10.02,0.26,0.53,8.39,7.86
1999-07-13,14.92,6.44,9.99,0.06,0.53,8.4,6.93
1999-07-14,16.11,5.43,9.44,0.0,0.53,6.35,10.69
1999-07-15,16.84,4.97,10.33,0.0,0.53,7.24,10.63
1999-07-16,17.32,7.47,11.41,0.0,0.53,6.29,10.2
1999-07-17,16.3,8.51,11.17,0.33,0.52,6.97,6.39
1999-07-18,15.3,8.59,11.75,15.32,0.53,8.96,7.77
1999-07-19,12.13,8.17,9.73,7.13,0.55,8.06,4.72
1999-07-20,12.26,7.79,9.37,2.44,0.56,7.03,8.58
1999-07-21,14.12,7.99,10.51,1.33,0.56,8.18,8.8
1999-07-22,13.08,8.26,10.07,0.53,0.56,7.97,7.79
1999-07-23,15.15,6.38,10.21,0.02,0.55,6.99,7.8
1999-07-24,14.13,6.56,9.69,0.24,0.55,7.79,7.31
1999-07-25,14.86,3.29,7.93,0.07,0.55,4.94,10.77
1999-07-26,15.96,2.56,8.18,0.0,0.55,3.57,11.7
1999-07-27,16.45,3.61,9.3,0.0,0.55,3.47,10.02
1999-07-28,17.56,3.75,9.37,0.0,0.54,2.77,11.84
1999-07-29,17.47,4.09,10.35,0.04,0.54,2.59,9.85
1999-07-30,12.48,3.88,9.09,2.2,0.54,6.17,10.74
1999-07-31,12.95,1.94,6.72,0.0,0.54,3.11,7.98
1999-08-01,12.69,2.94,7.23,0.12,0.54,4.59,8.1
1999-08-02,13.17,4.61,7.83,0.12,0.54,5.97,11.12
1999-08-03,14.69,3.83,7.9,0.01,0.54,4.58,13.17
1999-08-04,15.03,2.96,7.51,0.0,0.53,3.74,12.97
1999-08-05,15.06,3.07,8.52,0.0,0.53,6.52,10.41
1999-08-06,15.81,5.73,9.01,0.0,0.53,5.93,13.28
1999-08-07,15.52,4.86,9.86,13.73,0.53,5.07,5.63
1999-08-08,10.6,7.22,8.87,9.29,0.56,7.8,6.38
1999-08-09,14.33,6.18,10.25,1.21,0.57,8.05,9.15
1999-08-10,15.64,4.69,9.32,0.21,0.56,6.92,12.11
1999-08-11,17.4,6.45,11.61,1.96,0.56,4.53,13.18
1999-08-12,13.89,6.57,10.21,3.96,0.56,7.24,11.27
1999-08-13,12.6,5.74,8.92,3.61,0.56,5.9,12.31
1999-08-14,13.99,3.82,8.91,0.04,0.56,4.76,11.32
1999-08-15,14.27,3.79,8.56,0.14,0.56,6.17,8.73
1999-08-16,12.6,4.65,8.9,0.03,0.56,4.68,9.33
1999-08-17,16.12,5.43,9.6,0.0,0.55,4.14,14.62
1999-08-18,18.91,5.58,11.28,0.0,0.55,2.99,11.83
1999-08-19,15.22,7.63,11.09,1.4,0.55,8.53,5.98
1999-08-20,15.68,4.38,9.76,0.1,0.55,7.6,13.67
1999-08-21,13.89,4.12,7.76,0.01,0.55,4.97,11.02
1999-08-22,15.59,2.74,8.36,0.01,0.54,5.51,14.62
1999-08-23,18.46,5.08,10.6,0.0,0.54,6.66,15.8
1999-08-24,21.28,6.28,13.82,0.2,0.54,8.67,12.49
1999-08-25,21.62,11.68,15.16,2.27,0.54,10.77,11.75
1999-08-26,14.16,8.78,10.78,4.24,0.54,9.56,7.09
1999-08-27,15.51,4.73,9.41,0.59,0.54,4.99,14.43
1999-08-28,17.19,3.24,9.69,0.01,0.54,7.58,12.74
1999-08-29,19.58,5.76,12.11,0.02,0.54,8.5,16.5
1999-08-30,22.17,8.21,14.8,0.01,0.53,8.35,16.45
1999-08-31,22.66,8.37,14.35,0.0,0.53,8.96,10.2
1999-09-01,17.71,8.14,12.0,0.07,0.52,8.43,12.84
1999-09-02,23.69,7.31,15.11,0.01,0.52,9.59,16.56
1999-09-03,25.71,14.4,19.99,1.39,0.51,8.68,11.58
1999-09-04,16.35,10.76,12.48,19.92,0.54,9.44,7.63
1999-09-05,14.92,8.01,11.12,5.88,0.55,8.27,13.2
1999-09-06,14.61,6.18,9.56,0.77,0.55,6.44,14.62
1999-09-07,15.84,6.53,10.34,0.12,0.55,6.75,16.75
1999-09-08,19.42,6.74,12.32,0.2,0.54,5.51,15.72
1999-09-09,17.66,8.21,12.0,0.59,0.54,7.03,8.68
1999-09-10,16.46,5.57,10.32,0.01,0.53,6.06,16.63
1999-09-11,17.02,3.58,9.58,0.0,0.53,4.9,17.14
1999-09-12,20.46,5.68,12.47,0.01,0.53,6.6,13.12
1999-09-13,19.64,7.62,12.97,0.1,0.52,10.57,10.09
1999-09-14,21.16,6.67,14.67,0.0,0.52,7.51,14.71
1999-09-15,23.27,11.26,16.41,2.75,0.52,10.23,18.74
1999-09-16,15.22,7.71,10.45,8.58,0.52,6.23,14.32
1999-09-17,10.91,6.15,8.46,4.74,0.54,4.84,13.4
1999-09-18,15.3,4.35,9.22,0.12,0.53,4.72,13.43
1999-09-19,15.82,6.67,11.01,0.13,0.53,7.03,13.03
1999-09-20,18.65,5.42,11.4,0.0,0.53,6.05,19.14
1999-09-21,20.12,6.97,12.83,0.01,0.52,4.44,11.08
1999-09-22,18.52,8.84,12.5,0.0,0.52,7.94,17.78
1999-09-23,20.15,7.92,13.62,0.0,0.51,9.6,17.03
1999-09-24,22.37,9.08,14.64,0.0,0.51,10.33,21.81
1999-09-25,20.02,7.25,12.83,0.0,0.51,8.39,21.39
1999-09-26,21.4,6.47,13.2,0.0,0.5,7.55,22.05
1999-09-27,26.85,8.39,17.81,0.0,0.5,10.23,22.03
1999-09-28,28.82,13.82,21.43,0.82,0.49,11.55,21.88
1999-09-29,19.27,6.9,14.38,4.44,0.49,9.94,13.35
1999-09-30,19.75,5.22,12.23,0.0,0.49,6.94,23.0
1999-10-01,22.67,7.35,14.67,0.0,0.49,6.06,22.07
1999-10-02,25.56,8.95,16.58,0.06,0.48,5.99,21.79
1999-10-03,23.55,9.24,15.91,0.01,0.48,7.79,22.3
1999-10-04,22.59,7.98,14.63,0.03,0.48,8.87,23.11
1999-10-05,22.1,7.51,14.21,0.0,0.47,7.28,24.05
1999-10-06,26.36,6.3,16.36,0.0,0.47,5.65,23.82
1999-10-07,28.75,12.99,20.2,0.0,0.47,5.68,21.85
1999-10-08,31.16,13.85,22.51,0.13,0.46,7.65,18.27
1999-10-09,28.74,16.67,20.79,7.31,0.46,13.05,8.38
1999-10-10,23.42,13.12,18.06,9.79,0.48,13.39,21.75
1999-10-11,20.58,9.44,15.17,0.99,0.48,10.54,17.95
1999-10-12,23.04,7.51,16.18,0.09,0.48,8.01,24.34
1999-10-13,23.23,13.0,16.76,6.38,0.48,12.4,11.95
1999-10-14,26.54,11.42,19.14,0.25,0.48,11.37,25.36
1999-10-15,20.41,9.08,15.54,1.48,0.48,8.71,23.39
1999-10-16,24.48,8.2,15.91,0.0,0.47,6.1,26.81
1999-10-17,27.4,9.73,16.67,0.0,0.47,7.71,19.61
1999-10-18,19.91,8.14,13.22,0.0,0.47,5.35,22.81
1999-10-19,19.68,7.85,12.93,0.12,0.46,5.94,23.05
1999-10-20,19.16,7.15,12.82,0.1,0.46,7.21,17.54
1999-10-21,19.71,6.81,12.52,2.76,0.46,7.13,22.06
1999-10-22,15.99,6.03,10.53,0.97,0.46,2.35,22.64
1999-10-23,18.74,3.94,11.36,0.02,0.46,2.27,23.12
1999-10-24,23.41,5.85,15.32,0.02,0.46,5.91,23.79
1999-10-25,19.19,11.11,14.87,1.16,0.45,7.54,15.67
1999-10-26,18.45,8.74,13.2,0.9,0.45,6.75,23.52
1999-10-27,19.4,10.55,14.11,0.88,0.45,8.04,21.01
1999-10-28,22.67,10.19,15.62,0.34,0.45,10.13,23.41
1999-10-29,24.73,10.15,17.19,0.09,0.45,9.53,23.21
1999-10-30,22.56,10.57,16.15,0.79,0.45,10.01,17.79
1999-10-31,17.11,6.45,11.68,0.01,0.44,3.09,24.86
1999-11-01,21.45,8.22,14.1,0.02,0.44,4.64,18.83
1999-11-02,23.0,5.97,14.49,0.0,0.44,4.27,29.52
1999-11-03,27.35,11.24,18.86,0.0,0.44,3.97,26.65
1999-11-04,25.11,13.37,18.3,2.19,0.43,9.95,15.23
1999-11-05,18.3,13.5,15.66,9.39,0.44,14.02,11.36
1999-11-06,20.79,9.54,14.71,0.47,0.45,8.23,16.81
1999-11-07,14.72,5.58,11.03,2.42,0.45,5.68,16.98
1999-11-08,18.9,3.61,11.35,0.18,0.45,1.67,28.68
1999-11-09,17.99,8.24,12.69,4.97,0.45,6.37,24.05
1999-11-10,19.64,5.76,12.62,0.14,0.45,4.55,19.84
1999-11-11,21.54,5.09,13.49,0.0,0.45,4.71,26.68
1999-11-12,25.41,6.32,16.06,0.0,0.45,4.87,30.27
1999-11-13,21.02,9.8,15.16,0.0,0.44,7.8,26.62
1999-11-14,18.82,10.99,13.96,0.11,0.44,6.34,20.67
1999-11-15,19.27,8.32,13.47,0.33,0.44,4.92,24.35
1999-11-16,19.45,6.61,12.65,0.13,0.44,4.26,23.56
1999-11-17,23.08,4.59,14.17,0.0,0.43,3.81,31.0
1999-11-18,25.21,6.58,16.82,0.0,0.43,4.61,29.54
1999-11-19,30.6,10.82,21.69,0.0,0.43,5.65,31.1
1999-11-20,28.27,16.15,20.49,12.84,0.43,11.54,11.18
1999-11-21,19.46,12.57,16.23,14.57,0.47,13.46,14.4
1999-11-22,18.58,8.82,13.72,1.32,0.47,7.54,23.83
1999-11-23,21.81,8.82,14.45,0.11,0.47,7.33,27.93
1999-11-24,24.92,8.07,16.52,0.02,0.46,8.1,25.04
1999-11-25,28.03,9.58,19.04,0.0,0.46,7.69,22.29
1999-11-26,26.52,10.19,17.48,0.01,0.45,6.85,32.69
1999-11-27,27.51,7.4,18.16,0.02,0.45,4.7,33.8
1999-11-28,30.58,13.07,22.85,0.29,0.45,9.89,26.79
1999-11-29,30.62,14.35,22.98,0.0,0.44,7.51,28.13
1999-11-30,33.48,16.59,25.32,0.26,0.44,11.67,27.76
1999-12-01,34.52,18.64,27.21,0.03,0.43,12.42,26.91
1999-12-02,36.96,16.98,28.55,4.12,0.43,15.73,24.21
1999-12-03,21.73,13.25,17.09,19.67,0.47,10.82,25.77
1999-12-04,24.58,10.92,17.34,0.06,0.47,9.71,26.4
1999-12-05,26.05,8.04,17.22,0.0,0.46,6.44,32.36
1999-12-06,30.15,10.1,20.86,0.0,0.46,7.1,33.54
1999-12-07,36.95,15.47,25.13,0.04,0.45,8.49,20.45
1999-12-08,30.31,15.76,21.75,1.48,0.45,14.26,14.44
1999-12-09,22.44,11.42,16.67,0.18,0.45,7.82,23.85
1999-12-10,21.1,11.33,15.52,0.06,0.44,7.19,24.3
1999-12-11,19.82,8.36,14.31,0.72,0.44,5.97,27.87
1999-12-12,24.24,7.28,15.64,0.04,0.44,6.74,27.42
1999-12-13,27.84,8.79,18.81,0.0,0.44,8.89,33.73
1999-12-14,31.43,12.51,22.84,0.0,0.43,8.4,25.65
1999-12-15,36.35,17.49,26.93,0.2,0.43,7.1,27.64
1999-12-16,22.49,11.24,17.32,4.64,0.43,9.34,26.92
1999-12-17,22.87,10.03,15.65,0.0,0.43,3.88,28.54
1999-12-18,23.59,9.01,16.21,0.05,0.43,7.43,26.91
1999-12-19,24.96,9.8,16.79,0.01,0.43,4.7,33.39
1999-12-20,27.73,7.89,18.16,0.0,0.42,3.04,33.71
1999-12-21,27.77,12.08,20.06,0.0,0.42,5.17,21.39
1999-12-22,32.19,13.8,22.05,0.0,0.42,6.71,23.71
1999-12-23,31.57,12.68,21.8,0.02,0.41,8.67,29.8
1999-12-24,31.85,12.47,22.38,0.0,0.41,7.3,31.25
1999-12-25,29.61,18.77,23.94,12.84,0.42,13.93,14.48
1999-12-26,22.72,16.01,19.6,19.18,0.45,16.54,16.69
1999-12-27,25.53,14.97,19.46,3.08,0.47,14.28,16.87
1999-12-28,24.73,12.98,17.89,0.02,0.46,9.53,27.92
1999-12-29,24.01,10.8,16.38,0.01,0.46,5.28,27.95
1999-12-30,22.33,10.39,15.62,0.04,0.45,6.54,21.15
1999-12-31,22.96,10.71,15.9,0.03,0.45,4.93,30.48
2000-01-01,23.71,10.85,16.46,0.0,0.45,6.0,24.28
2000-01-02,28.88,9.47,19.42,0.0,0.44,7.34,34.12
2000-01-03,28.34,12.22,18.75,0.05,0.44,9.22,33.33
2000-01-04,21.49,9.67,14.87,0.1,0.43,4.26,26.16
2000-01-05,24.49,8.09,16.16,0.0,0.43,6.02,27.35
2000-01-06,26.01,10.29,17.7,0.0,0.43,6.5,33.12
2000-01-07,28.31,9.55,18.89,0.0,0.43,5.08,34.24
2000-01-08,31.42,11.25,22.05,0.0,0.42,6.59,32.6
2000-01-09,32.92,16.23,24.67,0.0,0.42,7.91,24.05
2000-01-10,35.91,16.24,26.35,0.0,0.42,8.28,32.39
2000-01-11,37.66,18.83,28.92,0.02,0.41,10.51,30.78
2000-01-12,36.66,19.81,28.5,0.0,0.41,6.96,32.32
2000-01-13,37.36,19.76,29.07,0.0,0.4,6.68,28.98
2000-01-14,36.64,22.05,28.79,0.01,0.4,7.84,23.94
2000-01-15,37.09,21.24,28.77,0.0,0.4,10.38,16.32
2000-01-16,36.08,21.15,28.53,0.0,0.4,13.55,25.44
2000-01-17,38.07,20.12,29.3,0.0,0.39,11.12,20.42
2000-01-18,41.16,18.51,29.06,0.01,0.39,10.86,28.82
2000-01-19,28.62,16.08,21.52,0.27,0.39,14.26,19.58
2000-01-20,23.85,15.07,18.7,0.47,0.39,10.81,24.06
2000-01-21,19.44,13.25,15.86,0.42,0.39,8.3,24.21
2000-01-22,20.8,9.84,15.62,0.21,0.39,5.81,26.13
2000-01-23,22.73,8.9,16.23,0.09,0.39,4.67,27.38
2000-01-24,23.01,12.25,16.94,2.94,0.39,5.65,14.58
2000-01-25,27.97,13.14,21.2,0.3,0.39,8.64,21.39
2000-01-26,29.45,14.75,21.95,0.01,0.39,10.73,27.86
2000-01-27,25.57,11.76,17.92,0.0,0.39,7.05,26.36
2000-01-28,24.73,10.5,17.16,0.0,0.39,8.18,25.21
2000-01-29,27.48,11.26,18.85,0.08,0.39,8.5,30.45
2000-01-30,30.34,10.94,20.63,0.0,0.39,8.32,29.53
2000-01-31,32.7,13.59,23.95,0.0,0.39,7.27,27.0
2000-02-01,38.97,18.99,28.37,0.0,0.38,4.85,29.99
2000-02-02,41.97,20.79,31.86,0.0,0.38,4.31,28.77
2000-02-03,39.78,19.02,28.69,0.0,0.38,9.05,29.67
2000-02-04,42.86,21.05,31.83,0.0,0.38,12.71,13.1
2000-02-05,28.24,14.68,22.16,0.0,0.38,9.11,28.99
2000-02-06,29.84,12.72,20.99,0.0,0.38,5.97,29.05
2000-02-07,31.87,13.01,22.42,0.0,0.38,5.29,29.08
2000-02-08,38.22,15.18,25.48,0.03,0.38,8.3,22.27
2000-02-09,39.45,15.83,28.48,0.0,0.38,10.27,29.27
2000-02-10,40.69,17.7,28.89,1.07,0.38,9.85,13.73
2000-02-11,27.45,12.38,19.24,0.11,0.38,7.16,24.59
2000-02-12,27.58,11.74,18.67,0.0,0.38,7.61,22.1
2000-02-13,30.72,10.62,20.25,0.0,0.38,2.24,27.81
2000-02-14,34.35,15.43,25.13,0.0,0.38,5.92,27.53
2000-02-15,34.89,17.17,26.31,0.0,0.38,3.48,27.77
2000-02-16,36.77,18.46,27.72,0.0,0.38,6.22,26.8
2000-02-17,38.57,19.72,29.36,0.0,0.38,5.4,24.64
2000-02-18,39.41,21.83,31.07,0.0,0.38,5.66,24.29
2000-02-19,39.05,25.88,32.47,4.5,0.38,10.05,20.39
2000-02-20,29.94,21.78,25.28,23.97,0.42,20.11,13.64
2000-02-21,25.75,19.62,22.09,11.93,0.43,16.68,10.5
2000-02-22,30.59,18.59,23.65,2.95,0.45,16.88,15.89
2000-02-23,29.06,17.52,22.65,0.19,0.45,15.93,14.25
2000-02-24,34.37,16.7,26.35,0.05,0.44,15.68,25.12
2000-02-25,34.65,23.38,28.36,4.11,0.44,20.1,22.07
2000-02-26,30.76,14.63,23.24,0.04,0.44,13.07,20.68
2000-02-27,29.95,10.97,20.15,0.0,0.43,6.37,24.58
2000-02-28,32.25,15.62,23.26,0.0,0.43,7.29,22.87
2000-02-29,33.04,17.79,24.27,0.0,0.43,11.63,17.9
2000-03-01,35.83,19.22,27.86,0.0,0.42,12.77,26.54
2000-03-02,39.95,20.78,29.5,0.0,0.42,13.96,24.7
2000-03-03,24.36,13.65,19.58,0.9,0.42,12.86,13.21
2000-03-04,26.34,13.13,18.36,0.0,0.42,8.03,23.58
2000-03-05,25.1,12.15,18.38,0.01,0.41,11.53,16.25
2000-03-06,23.68,13.42,17.45,0.0,0.41,7.51,21.8
2000-03-07,28.54,12.64,20.07,0.0,0.41,10.46,23.34
2000-03-08,28.9,13.5,20.71,0.0,0.41,9.36,24.04
2000-03-09,29.19,13.78,21.7,0.0,0.41,10.6,20.95
2000-03-10,30.75,17.95,24.06,0.0,0.41,12.62,21.69
2000-03-11,32.89,19.25,25.09,0.0,0.4,10.21,23.2
2000-03-12,34.77,16.97,26.0,0.0,0.4,13.13,20.8
2000-03-13,33.27,14.27,23.78,0.01,0.4,14.15,14.88
2000-03-14,24.43,12.68,17.72,0.0,0.4,7.34,19.44
2000-03-15,24.4,10.68,16.52,0.0,0.4,8.36,17.62
2000-03-16,26.87,9.88,17.86,0.06,0.4,8.68,21.29
2000-03-17,37.06,14.09,27.16,0.07,0.39,10.77,21.98
2000-03-18,26.7,14.77,20.91,0.49,0.39,11.86,20.55
2000-03-19,25.45,12.2,17.8,0.0,0.39,10.88,15.97
2000-03-20,24.99,10.41,17.12,0.02,0.39,8.22,14.58
2000-03-21,25.88,9.88,17.31,0.0,0.39,3.59,20.38
2000-03-22,29.89,11.19,18.52,14.12,0.4,8.9,15.63
2000-03-23,21.34,9.01,14.47,0.0,0.42,4.06,18.1
2000-03-24,23.38,8.23,15.26,0.0,0.41,6.08,20.5
2000-03-25,27.34,8.74,17.43,0.0,0.41,6.57,19.55
2000-03-26,27.99,12.45,18.96,0.01,0.41,7.73,19.94
2000-03-27,23.97,12.42,18.16,0.03,0.41,10.65,11.72
2000-03-28,23.48,12.63,16.8,0.59,0.4,10.29,17.29
2000-03-29,23.12,12.09,16.62,0.14,0.4,11.9,13.62
2000-03-30,20.32,12.04,15.74,0.37,0.4,12.41,10.87
2000-03-31,22.04,12.97,17.01,2.03,0.4,13.42,11.64
2000-04-01,18.98,11.58,14.88,0.23,0.41,8.21,12.86
2000-04-02,24.88,8.82,16.37,0.17,0.41,8.22,14.21
2000-04-03,24.88,9.12,16.89,0.12,0.4,8.9,18.97
2000-04-04,24.59,12.71,16.79,4.7,0.41,10.11,9.22
2000-04-05,21.39,9.8,15.16,0.11,0.41,8.65,15.64
2000-04-06,22.88,6.16,13.92,0.0,0.41,5.83,19.07
2000-04-07,24.24,7.4,14.97,0.0,0.41,5.55,18.85
2000-04-08,27.04,9.11,17.73,0.0,0.4,5.77,18.51
2000-04-09,26.92,15.12,20.59,0.97,0.4,11.71,11.72
2000-04-10,29.15,14.92,21.07,0.0,0.4,8.86,17.95
2000-04-11,28.84,16.23,21.57,0.06,0.4,9.9,14.36
2000-04-12,26.9,14.79,19.85,0.6,0.4,11.39,7.78
2000-04-13,24.4,13.87,18.91,1.08,0.4,14.3,9.87
2000-04-14,24.19,12.8,18.24,1.74,0.4,12.76,15.59
2000-04-15,22.35,11.62,16.25,0.8,0.4,11.84,13.72
2000-04-16,21.28,11.34,16.18,2.34,0.41,11.09,14.37
2000-04-17,19.35,11.04,14.47,0.41,0.41,9.02,14.35
2000-04-18,20.72,9.73,14.46,1.62,0.41,9.32,14.69
2000-04-19,18.74,9.59,13.3,2.31,0.41,10.16,11.45
2000-04-20,18.79,7.92,12.5,0.38,0.41,8.22,12.78
2000-04-21,18.39,7.06,12.71,0.55,0.41,6.74,12.64
2000-04-22,18.5,4.82,10.97,0.0,0.41,4.86,15.33
2000-04-23,19.58,5.51,12.03,0.0,0.41,7.19,12.66
2000-04-24,20.76,7.47,12.97,0.0,0.41,7.52,13.68
2000-04-25,20.37,5.84,11.92,0.0,0.41,4.61,15.55
2000-04-26,23.7,5.87,13.92,0.0,0.41,2.87,15.37
2000-04-27,25.11,8.39,16.27,0.0,0.4,7.59,14.67
2000-04-28,27.03,13.45,19.99,0.13,0.4,10.32,13.39
2000-04-29,27.42,15.61,21.9,8.27,0.4,11.31,10.73
2000-04-30,18.33,11.53,14.38,8.54,0.43,8.41,13.06
2000-05-01,20.98,10.04,14.79,0.1,0.43,8.32,12.15
2000-05-02,21.37,9.15,13.8,0.0,0.43,8.33,13.85
2000-05-03,18.52,7.61,12.83,0.02,0.43,9.22,10.23
2000-05-04,19.46,9.24,13.56,2.91,0.43,10.51,10.25
2000-05-05,17.14,8.49,11.89,2.38,0.43,9.41,9.97
2000-05-06,17.17,8.94,12.09,1.23,0.43,8.89,10.91
2000-05-07,18.85,10.44,13.47,1.08,0.43,10.57,9.98
2000-05-08,20.11,7.49,12.85,0.12,0.43,8.4,11.38
2000-05-09,19.65,9.19,13.83,0.27,0.43,11.08,11.42
2000-05-10,21.79,8.54,14.48,0.0,0.43,7.43,12.51
2000-05-11,21.95,9.13,14.53,0.0,0.43,5.0,8.72
2000-05-12,23.67,9.82,15.64,9.37,0.44,7.89,7.23
2000-05-13,17.17,11.7,13.64,6.87,0.45,9.91,8.68
2000-05-14,14.68,10.32,12.26,2.47,0.46,8.28,9.71
2000-05-15,16.13,9.59,12.58,3.2,0.46,10.59,10.07
2000-05-16,17.35,8.22,12.12,1.3,0.46,8.9,8.08
2000-05-17,16.43,6.45,11.55,0.54,0.46,4.92,11.73
2000-05-18,16.7,2.58,9.92,0.03,0.46,4.56,8.62
2000-05-19,16.95,7.89,12.02,1.42,0.46,10.26,7.05
2000-05-20,17.06,6.7,12.37,2.15,0.46,9.28,8.91
2000-05-21,14.58,4.94,9.88,0.03,0.46,5.62,8.15
2000-05-22,15.79,7.15,10.39,0.08,0.46,6.86,9.18
2000-05-23,17.2,4.69,9.54,0.0,0.46,2.71,11.08
2000-05-24,16.43,6.97,11.38,2.57,0.46,6.65,10.83
2000-05-25,16.09,8.22,11.9,1.27,0.47,8.37,8.2
2000-05-26,12.59,5.47,9.97,14.53,0.48,6.5,6.87
2000-05-27,8.03,3.14,6.29,17.32,0.52,4.18,5.64
2000-05-28,10.57,6.75,8.6,8.98,0.53,5.03,7.5
2000-05-29,13.06,5.21,9.36,2.21,0.53,6.77,8.14
2000-05-30,11.69,4.78,7.83,0.38,0.53,5.25,7.84
2000-05-31,14.41,5.37,9.38,0.82,0.53,7.79,7.06
2000-06-01,13.98,6.05,9.46,0.29,0.53,7.61,5.73
2000-06-02,13.34,5.83,8.75,0.73,0.53,7.41,6.57
2000-06-03,12.3,7.01,9.65,5.18,0.53,8.74,6.34
2000-06-04,10.96,6.44,8.79,6.58,0.54,6.04,6.41
2000-06-05,11.62,5.74,8.85,1.84,0.54,6.9,7.98
2000-06-06,14.01,7.88,10.49,2.46,0.55,9.35,6.99
2000-06-07,14.13,6.82,9.88,1.29,0.55,8.17,6.68
2000-06-08,14.33,5.74,9.82,2.82,0.55,8.62,7.37
2000-06-09,14.01,6.49,9.82,0.55,0.55,8.01,8.49
2000-06-10,14.36,5.08,9.1,0.07,0.55,7.59,5.26
2000-06-11,14.97,5.09,8.64,0.06,0.55,6.37,9.29
2000-06-12,14.57,3.82,7.84,0.0,0.55,5.21,10.24
2000-06-13,15.05,2.19,7.31,0.02,0.54,4.77,10.21
2000-06-14,14.59,1.65,7.17,0.0,0.54,2.92,9.92
2000-06-15,14.87,3.97,9.14,0.0,0.54,3.85,6.59
2000-06-16,15.5,6.22,10.2,1.33,0.54,7.55,6.48
2000-06-17,16.29,6.22,10.6,0.23,0.54,9.22,8.08
2000-06-18,15.4,7.87,10.76,0.06,0.54,7.98,6.44
2000-06-19,16.82,6.19,10.44,0.0,0.54,5.58,9.48
2000-06-20,15.4,8.95,11.08,3.53,0.54,8.74,5.61
2000-06-21,12.45,6.67,10.12,10.59,0.55,7.72,4.79
2000-06-22,14.14,7.27,10.06,11.88,0.57,8.23,6.35
2000-06-23,15.09,7.26,10.76,0.27,0.58,7.99,8.22
2000-06-24,16.61,7.83,11.09,0.82,0.57,9.01,7.22
2000-06-25,17.19,6.16,10.37,0.0,0.57,6.27,9.69
2000-06-26,13.44,7.18,9.48,3.03,0.57,4.49,4.24
2000-06-27,13.66,7.58,9.62,7.57,0.57,6.48,8.1
2000-06-28,11.28,6.39,8.46,6.33,0.58,6.09,7.21
2000-06-29,12.48,7.0,8.49,5.68,0.6,6.55,6.82
2000-06-30,13.24,6.99,9.41,0.44,0.6,8.45,7.16
2000-07-01,12.64,6.44,9.19,0.23,0.59,8.44,5.58
2000-07-02,14.03,5.89,8.57,0.01,0.59,6.36,8.44
2000-07-03,10.76,5.38,7.81,0.06,0.59,5.65,5.04
2000-07-04,16.33,6.95,10.77,0.05,0.59,8.63,8.89
2000-07-05,16.05,8.36,11.38,3.79,0.59,7.78,7.19
2000-07-06,15.36,8.24,10.69,2.13,0.59,9.39,8.24
2000-07-07,13.35,6.65,9.48,0.92,0.59,8.15,7.72
2000-07-08,12.75,5.8,8.82,3.61,0.59,7.46,6.53
2000-07-09,12.63,6.21,8.24,0.52,0.6,6.44,7.72
2000-07-10,13.14,4.78,8.06,0.11,0.6,5.78,8.68
2000-07-11,12.95,1.46,7.15,0.45,0.59,3.76,9.35
2000-07-12,13.15,5.51,8.74,5.44,0.6,7.08,5.67
2000-07-13,13.34,7.21,9.66,0.51,0.6,7.79,6.36
2000-07-14,11.48,5.49,8.22,5.74,0.6,6.33,4.67
2000-07-15,15.49,6.74,9.75,0.87,0.61,7.39,10.68
2000-07-16,15.8,4.29,9.78,0.08,0.61,5.97,10.69
2000-07-17,15.64,2.37,7.69,0.02,0.6,2.81,10.72
2000-07-18,12.05,4.4,8.64,4.44,0.6,3.49,4.18
2000-07-19,11.67,7.34,9.41,8.0,0.62,6.61,8.58
2000-07-20,12.12,6.14,9.71,13.76,0.62,7.84,6.24
2000-07-21,12.32,7.35,9.45,1.18,0.64,6.08,8.7
2000-07-22,15.87,6.32,10.33,0.98,0.63,7.48,8.23
2000-07-23,18.73,7.12,11.97,1.55,0.63,6.69,10.68
2000-07-24,13.76,7.52,10.51,2.39,0.63,8.2,8.55
2000-07-25,9.89,4.56,7.7,12.74,0.64,6.65,6.63
2000-07-26,9.05,3.51,6.0,3.03,0.65,4.24,9.74
2000-07-27,12.35,3.69,7.34,0.73,0.65,5.85,8.83
2000-07-28,12.93,3.49,7.61,0.15,0.65,4.67,8.74
2000-07-29,11.83,1.95,6.8,0.0,0.65,4.4,7.95
2000-07-30,14.7,5.21,8.9,0.0,0.64,4.77,10.35
2000-07-31,14.37,3.35,7.86,0.0,0.64,3.79,10.04
2000-08-01,15.92,2.96,8.58,0.0,0.64,4.4,12.57
2000-08-02,18.76,4.28,10.08,0.0,0.64,6.09,13.05
2000-08-03,18.36,5.64,10.42,0.0,0.63,4.84,12.53
2000-08-04,17.75,4.41,9.71,0.0,0.63,5.21,12.71
2000-08-05,18.05,4.49,10.01,0.0,0.62,5.86,12.06
2000-08-06,17.89,6.01,11.6,0.01,0.62,8.37,12.5
2000-08-07,14.96,9.33,11.82,0.95,0.62,8.77,6.47
2000-08-08,15.11,7.41,10.04,9.05,0.63,8.72,5.72
2000-08-09,11.43,6.18,8.83,3.82,0.64,7.02,11.02
2000-08-10,13.27,3.52,7.99,0.15,0.64,4.66,12.41
2000-08-11,12.97,5.38,8.72,0.43,0.63,6.2,9.03
2000-08-12,11.92,4.76,8.15,0.22,0.63,6.04,8.63
2000-08-13,12.34,4.63,8.03,0.1,0.63,5.78,9.16
2000-08-14,13.54,3.19,8.75,8.03,0.63,7.41,9.28
2000-08-15,10.73,1.92,6.77,3.54,0.64,4.32,10.14
2000-08-16,12.97,1.29,6.42,0.02,0.64,3.12,13.27
2000-08-17,12.28,2.93,6.98,0.03,0.64,2.69,12.08
2000-08-18,14.18,4.02,8.22,0.0,0.63,3.41,9.33
2000-08-19,15.17,3.03,8.88,0.18,0.63,5.64,13.16
2000-08-20,14.76,6.61,9.95,1.71,0.63,8.65,11.38
2000-08-21,16.52,6.07,10.27,8.15,0.63,7.74,10.58
2000-08-22,10.32,6.56,7.94,3.98,0.64,6.7,10.62
2000-08-23,11.36,3.78,7.33,3.64,0.65,5.95,10.22
2000-08-24,13.47,3.38,8.31,2.22,0.65,6.91,9.02
2000-08-25,14.89,5.37,9.07,0.27,0.65,7.1,14.34
2000-08-26,13.81,6.19,9.34,4.9,0.65,7.99,11.38
2000-08-27,15.21,5.09,9.39,2.39,0.65,6.47,12.58
2000-08-28,13.04,5.13,8.18,2.68,0.65,6.09,13.22
2000-08-29,12.71,4.19,8.23,1.59,0.65,5.35,12.7
2000-08-30,14.6,3.32,8.75,1.82,0.65,6.25,11.87
2000-08-31,14.98,5.0,9.95,0.53,0.65,6.78,14.68
2000-09-01,15.76,5.11,9.43,10.09,0.65,6.6,7.86
2000-09-02,16.36,7.26,11.3,3.73,0.66,7.98,14.86
2000-09-03,14.35,5.17,9.19,0.29,0.66,4.62,15.67
2000-09-04,16.05,5.49,9.98,3.77,0.65,7.56,14.28
2000-09-05,12.19,5.57,8.5,0.7,0.65,4.63,14.53
2000-09-06,12.91,6.36,9.24,1.06,0.65,6.78,11.89
2000-09-07,14.03,6.78,10.29,19.32,0.67,8.86,7.98
2000-09-08,14.91,7.66,11.37,9.47,0.69,9.33,12.33
2000-09-09,14.36,7.12,10.8,5.04,0.69,8.38,14.64
2000-09-10,16.25,8.03,12.27,3.38,0.69,10.38,12.78
2000-09-11,12.75,7.38,10.2,4.5,0.69,6.08,15.86
2000-09-12,15.38,6.24,10.51,0.4,0.69,8.48,12.48
2000-09-13,19.33,6.0,12.48,0.0,0.68,7.22,19.28
2000-09-14,16.33,6.51,11.63,0.52,0.68,8.69,14.45
2000-09-15,18.62,6.51,12.19,0.07,0.67,9.08,18.56
2000-09-16,22.75,7.57,13.74,0.04,0.67,9.91,12.32
2000-09-17,15.46,8.82,11.95,0.66,0.66,9.32,14.7
2000-09-18,14.6,9.72,12.09,0.36,0.66,8.92,13.12
2000-09-19,15.52,4.66,10.88,0.92,0.66,8.4,16.85
2000-09-20,19.25,2.59,10.97,0.0,0.65,7.47,20.68
2000-09-21,17.13,5.68,10.94,0.02,0.65,9.25,16.92
2000-09-22,18.12,6.66,11.62,0.03,0.65,10.01,18.02
2000-09-23,19.99,8.72,14.25,0.67,0.64,11.16,14.54
2000-09-24,21.24,12.26,15.87,1.16,0.64,13.25,9.47
2000-09-25,20.83,12.9,16.3,6.46,0.64,14.25,11.06
2000-09-26,20.86,9.76,14.34,0.34,0.64,12.25,12.56
2000-09-27,17.85,8.43,12.66,0.03,0.64,11.59,13.03
2000-09-28,20.01,9.13,14.58,0.07,0.64,10.88,16.45
2000-09-29,15.74,7.81,12.87,0.57,0.63,7.83,18.75
2000-09-30,16.88,7.73,11.86,4.96,0.63,7.71,14.36
2000-10-01,13.49,5.73,9.64,0.19,0.63,4.61,18.64
2000-10-02,15.16,8.72,11.4,0.83,0.62,8.89,16.33
2000-10-03,16.56,9.0,12.08,0.34,0.62,9.35,15.98
2000-10-04,23.24,6.1,14.62,0.0,0.61,8.67,23.3
2000-10-05,27.11,10.02,17.52,0.02,0.6,9.81,23.88
2000-10-06,18.95,10.47,14.31,0.12,0.6,11.86,13.3
2000-10-07,15.39,6.28,11.88,11.56,0.61,9.44,13.69
2000-10-08,16.44,5.63,10.25,0.55,0.61,5.89,22.14
2000-10-09,15.82,3.9,9.88,0.31,0.61,5.91,20.9
2000-10-10,15.5,4.44,10.82,0.83,0.6,6.63,19.91
2000-10-11,18.83,3.76,11.54,0.0,0.6,4.87,23.9
2000-10-12,23.11,8.28,15.55,2.24,0.59,5.82,14.08
2000-10-13,14.24,6.91,10.55,2.24,0.59,6.44,20.6
2000-10-14,14.91,7.41,11.25,4.05,0.59,8.27,18.52
2000-10-15,15.66,5.07,10.74,0.43,0.59,7.2,19.46
2000-10-16,17.41,5.01,11.17,0.21,0.58,5.43,22.28
2000-10-17,21.48,6.31,13.82,9.16,0.58,7.77,19.38
2000-10-18,20.74,12.51,15.61,13.4,0.6,12.44,13.07
2000-10-19,15.88,10.83,12.39,8.47,0.62,9.31,14.21
2000-10-20,18.53,8.85,13.18,0.33,0.61,10.75,17.18
2000-10-21,24.13,7.47,16.28,0.0,0.6,11.34,28.13
2000-10-22,25.98,11.77,18.43,0.01,0.6,11.29,16.69
2000-10-23,20.05,14.31,16.88,1.32,0.59,14.28,11.75
2000-10-24,16.33,11.06,14.0,0.93,0.59,11.95,12.41
2000-10-25,19.0,8.25,13.28,0.02,0.59,8.7,17.99
2000-10-26,16.67,8.16,12.07,0.27,0.58,8.15,18.1
2000-10-27,16.16,4.83,11.22,0.4,0.58,5.49,23.47
2000-10-28,17.84,3.41,10.72,0.01,0.57,4.93,26.87
2000-10-29,19.12,4.4,11.82,0.0,0.56,6.43,28.79
2000-10-30,21.69,6.32,13.79,0.06,0.56,6.63,28.63
2000-10-31,25.18,10.42,17.49,12.64,0.55,12.02,19.28
2000-11-01,21.53,11.59,15.97,1.35,0.57,12.09,22.54
2000-11-02,20.29,10.15,14.89,0.94,0.56,11.35,18.22
2000-11-03,20.32,9.42,14.32,0.13,0.56,10.61,17.31
2000-11-04,20.38,7.25,13.72,0.0,0.55,9.33,23.04
2000-11-05,19.62,7.0,13.28,0.02,0.54,8.42,21.01
2000-11-06,21.2,6.25,13.61,0.0,0.54,6.73,29.6
2000-11-07,26.42,9.88,18.29,0.0,0.53,8.11,28.8
2000-11-08,23.89,14.41,18.42,3.9,0.52,9.46,13.16
2000-11-09,23.75,13.94,18.37,0.7,0.53,13.61,19.94
2000-11-10,24.64,11.99,18.37,2.08,0.52,13.89,22.68
2000-11-11,24.67,12.42,18.4,0.38,0.52,14.02,15.48
2000-11-12,23.64,11.94,17.36,0.02,0.51,12.79,17.62
2000-11-13,25.8,11.36,18.54,0.01,0.51,12.04,28.8
2000-11-14,28.45,11.86,20.58,0.24,0.5,12.98,27.47
2000-11-15,28.96,14.22,21.79,0.13,0.49,13.62,26.17
2000-11-16,28.19,15.25,22.06,0.21,0.49,14.4,28.17
2000-11-17,31.1,15.63,23.62,0.24,0.48,14.98,28.94
2000-11-18,33.11,18.58,25.69,0.19,0.48,15.73,26.18
2000-11-19,32.47,17.65,25.46,0.9,0.47,16.58,26.84
2000-11-20,26.78,13.83,20.08,0.07,0.47,13.39,26.09
2000-11-21,26.49,11.61,18.15,0.0,0.46,7.89,31.55
2000-11-22,28.28,9.53,18.98,0.06,0.46,9.42,31.31
2000-11-23,28.04,10.92,19.27,0.0,0.46,10.13,30.93
2000-11-24,29.94,10.04,19.77,0.0,0.45,7.73,31.14
2000-11-25,34.45,12.26,23.66,0.0,0.45,8.5,31.27
2000-11-26,35.83,18.06,26.51,0.0,0.44,11.18,31.47
2000-11-27,38.45,16.31,28.09,0.07,0.44,12.06,29.46
2000-11-28,31.58,13.77,24.24,0.0,0.43,11.8,19.95
2000-11-29,26.71,11.69,18.25,0.0,0.43,7.69,31.1
2000-11-30,24.42,10.28,16.37,0.23,0.43,8.64,26.74
2000-12-01,23.57,10.2,16.32,0.0,0.43,5.37,30.51
2000-12-02,30.91,10.66,21.22,0.0,0.42,5.01,31.74
2000-12-03,31.2,13.01,21.66,0.03,0.42,10.85,30.74
2000-12-04,34.77,11.45,23.03,0.0,0.42,9.15,32.31
2000-12-05,27.78,10.83,18.45,0.0,0.42,8.29,30.2
2000-12-06,26.76,8.76,17.55,0.0,0.41,5.05,30.67
2000-12-07,29.31,11.67,19.7,0.0,0.41,5.92,31.52
2000-12-08,25.56,10.04,17.33,0.0,0.41,6.75,31.92
2000-12-09,31.53,9.09,21.12,0.0,0.41,4.31,31.07
2000-12-10,36.02,16.81,24.72,0.09,0.4,4.77,20.78
2000-12-11,33.45,14.78,24.05,0.0,0.4,11.31,32.13
2000-12-12,26.94,13.53,19.54,0.0,0.4,11.11,30.71
2000-12-13,26.1,11.45,18.33,0.01,0.4,7.43,29.32
2000-12-14,27.36,9.28,18.28,0.0,0.4,3.77,32.31
2000-12-15,31.5,10.44,21.39,0.0,0.4,4.46,31.96
2000-12-16,35.83,12.61,25.12,0.0,0.39,4.31,31.61
2000-12-17,35.77,18.17,25.11,0.07,0.39,6.63,22.62
2000-12-18,32.11,14.85,22.67,0.0,0.39,8.41,30.91
2000-12-19,34.51,13.81,23.57,0.0,0.39,5.87,31.0
2000-12-20,38.47,12.33,26.2,0.0,0.39,4.56,31.14
2000-12-21,36.73,21.32,27.79,4.9,0.39,11.69,17.18
2000-12-22,21.46,12.96,18.74,4.3,0.4,11.78,18.87
2000-12-23,24.13,12.51,18.34,0.2,0.4,9.84,29.35
2000-12-24,24.38,11.99,18.17,0.17,0.4,9.97,25.04
2000-12-25,24.11,12.02,17.76,0.02,0.4,9.23,24.84
2000-12-26,23.45,11.29,17.18,0.31,0.4,9.36,20.24
2000-12-27,18.96,10.35,14.48,0.21,0.39,4.25,25.06
2000-12-28,23.55,8.64,15.85,0.11,0.39,3.74,25.05
2000-12-29,27.51,7.96,18.1,0.01,0.39,5.44,33.24
2000-12-30,31.15,11.22,20.93,0.0,0.39,4.92,31.88
2000-12-31,33.09,12.65,22.79,0.01,0.39,3.78,21.91
2001-01-01,39.3,17.66,29.61,0.0,0.39,3.7,30.07
2001-01-02,40.55,17.48,28.95,0.76,0.38,11.89,25.04
2001-01-03,36.73,15.18,26.25,0.8,0.39,9.39,30.7
2001-01-04,38.74,18.8,27.55,0.02,0.38,11.04,25.12
2001-01-05,31.02,15.2,22.44,0.02,0.38,9.84,29.89
2001-01-06,31.97,12.19,21.75,0.0,0.38,7.47,31.81
2001-01-07,32.53,15.97,23.14,0.0,0.38,11.77,29.82
2001-01-08,34.49,14.27,24.86,0.0,0.38,9.97,29.91
2001-01-09,38.17,16.12,27.97,0.0,0.38,7.74,31.21
2001-01-10,42.0,23.93,32.41,0.0,0.38,7.16,28.56
2001-01-11,38.02,19.49,28.32,0.0,0.38,8.5,30.48
2001-01-12,32.78,16.54,24.36,0.0,0.38,7.99,20.42
2001-01-13,41.79,17.66,31.03,0.0,0.38,7.86,30.24
2001-01-14,43.47,26.49,34.84,0.0,0.38,10.07,22.54
2001-01-15,27.01,14.68,22.53,0.0,0.38,7.81,27.76
2001-01-16,29.23,13.38,20.07,0.0,0.38,3.5,26.57
2001-01-17,31.02,12.46,21.2,0.0,0.38,5.54,30.54
2001-01-18,32.86,13.38,23.03,0.0,0.38,7.96,30.25
2001-01-19,38.04,15.55,27.71,0.0,0.38,7.21,27.8
2001-01-20,39.84,20.94,29.36,0.0,0.38,9.45,19.14
2001-01-21,36.29,18.29,26.71,0.02,0.38,10.51,19.79
2001-01-22,37.65,20.61,28.36,0.02,0.38,11.25,18.36
2001-01-23,43.84,22.53,31.06,0.01,0.38,12.16,20.24
2001-01-24,40.68,23.86,31.92,0.95,0.38,14.82,15.24
2001-01-25,39.74,24.81,31.37,4.83,0.38,19.31,22.46
2001-01-26,28.12,15.74,23.42,0.25,0.39,13.68,27.08
2001-01-27,25.84,12.48,18.9,0.02,0.38,9.59,25.62
2001-01-28,27.93,10.6,18.71,0.0,0.38,5.53,30.14
2001-01-29,29.18,11.13,19.73,0.05,0.38,7.44,29.86
2001-01-30,29.5,12.84,20.55,0.0,0.38,6.43,29.07
2001-01-31,31.36,11.49,21.2,0.0,0.38,2.47,30.13
2001-02-01,38.2,15.12,27.82,0.0,0.38,6.15,29.51
2001-02-02,38.91,24.49,31.34,0.0,0.38,8.84,29.15
2001-02-03,40.48,22.68,30.62,0.01,0.38,13.77,27.64
2001-02-04,27.71,18.57,23.19,0.96,0.38,14.69,12.65
2001-02-05,33.86,15.47,23.91,0.05,0.38,6.08,28.1
2001-02-06,37.88,15.37,28.22,0.0,0.38,14.13,25.34
2001-02-07,40.87,25.87,33.73,0.67,0.38,17.48,23.25
2001-02-08,42.62,23.46,33.75,0.0,0.38,13.9,25.49
2001-02-09,28.13,15.29,22.58,0.01,0.38,10.59,19.97
2001-02-10,30.62,14.81,21.68,0.01,0.38,8.94,28.21
2001-02-11,34.01,14.22,24.48,0.0,0.38,5.55,28.24
2001-02-12,28.46,16.62,22.32,14.96,0.39,11.48,11.61
2001-02-13,23.53,15.29,19.15,2.29,0.41,11.61,23.86
2001-02-14,24.41,12.82,17.88,0.1,0.41,9.1,21.24
2001-02-15,26.43,11.63,18.57,0.01,0.4,7.23,26.89
2001-02-16,29.26,11.57,19.94,0.0,0.4,8.38,27.76
2001-02-17,34.11,12.75,23.44,0.0,0.4,6.6,27.96
2001-02-18,37.18,19.35,27.69,0.0,0.39,6.37,23.41
2001-02-19,37.98,21.83,29.12,0.0,0.39,7.01,25.07
2001-02-20,39.43,21.25,29.96,0.0,0.39,2.96,27.39
2001-02-21,31.17,15.67,23.88,0.0,0.39,7.23,25.47
2001-02-22,31.04,13.33,21.35,0.0,0.39,6.65,26.43
2001-02-23,26.12,13.09,19.43,0.0,0.38,9.04,21.92
2001-02-24,28.44,14.79,21.14,0.14,0.38,8.69,12.71
2001-02-25,29.93,16.27,23.33,0.03,0.38,10.86,22.71
2001-02-26,32.72,16.1,24.01,0.03,0.38,10.85,23.97
2001-02-27,27.55,13.29,19.26,0.0,0.38,10.11,24.98
2001-02-28,26.72,12.9,19.03,0.0,0.38,8.26,21.36
2001-03-01,30.39,10.9,19.56,0.0,0.38,5.31,25.16
2001-03-02,29.55,10.83,20.08,0.0,0.38,7.58,25.3
2001-03-03,31.19,13.03,21.47,0.0,0.38,8.83,24.92
2001-03-04,31.47,13.48,21.65,0.0,0.38,10.47,25.36
2001-03-05,34.63,14.93,24.66,0.0,0.38,9.88,24.13
2001-03-06,36.4,18.73,27.73,0.0,0.38,7.27,23.36
2001-03-07,36.59,19.01,27.39,0.0,0.38,5.13,22.55
2001-03-08,36.6,18.0,27.07,0.01,0.38,4.21,23.83
2001-03-09,36.51,19.86,28.13,0.0,0.38,5.57,22.15
2001-03-10,29.59,13.52,23.14,0.02,0.38,8.16,16.28
2001-03-11,26.42,10.83,17.24,0.0,0.38,4.61,23.25
2001-03-12,21.49,10.38,15.98,0.28,0.38,5.43,19.7
2001-03-13,22.15,9.82,15.68,0.01,0.38,7.37,15.79
2001-03-14,26.45,10.22,18.38,0.0,0.38,5.66,22.34
2001-03-15,31.58,14.06,22.93,0.0,0.38,0.9,21.52
2001-03-16,27.58,12.5,19.24,14.89,0.39,3.73,5.04
2001-03-17,20.58,12.44,15.86,0.18,0.41,8.62,15.31
2001-03-18,25.45,12.26,17.78,0.09,0.4,11.0,15.34
2001-03-19,25.67,9.97,17.51,0.02,0.4,9.7,20.35
2001-03-20,28.0,12.28,17.86,11.58,0.41,8.87,9.73
2001-03-21,20.72,10.93,15.26,14.53,0.44,10.97,14.69
2001-03-22,20.9,11.87,16.37,2.71,0.45,12.2,9.45
2001-03-23,23.26,10.98,16.81,0.18,0.45,9.6,18.05
2001-03-24,22.13,11.48,16.94,1.3,0.44,8.78,13.53
2001-03-25,19.46,10.31,14.63,3.08,0.44,9.08,13.8
2001-03-26,20.5,12.14,15.67,2.08,0.45,10.92,14.19
2001-03-27,17.58,9.8,13.99,0.22,0.45,8.92,12.2
2001-03-28,20.94,8.0,13.96,0.0,0.44,6.08,17.16
2001-03-29,21.37,7.42,13.86,0.0,0.44,7.49,11.76
2001-03-30,25.05,8.02,15.47,0.0,0.44,8.24,19.43
2001-03-31,26.78,8.52,16.83,0.0,0.44,6.84,19.15
2001-04-01,20.79,9.54,14.73,0.01,0.44,8.17,15.61
2001-04-02,21.89,7.9,14.26,0.0,0.43,6.55,18.74
2001-04-03,23.9,7.31,14.91,0.0,0.43,5.73,19.22
2001-04-04,26.08,9.52,16.61,0.0,0.43,7.31,18.68
2001-04-05,26.6,10.58,17.42,0.02,0.43,9.77,17.49
2001-04-06,31.28,11.5,21.02,0.0,0.43,5.45,18.29
2001-04-07,31.03,17.4,22.38,0.57,0.42,6.15,14.06
2001-04-08,19.41,10.8,14.56,10.31,0.44,8.09,15.96
2001-04-09,21.71,10.48,15.29,0.07,0.44,9.03,14.56
2001-04-10,21.53,9.18,14.28,0.15,0.44,9.86,11.91
2001-04-11,18.85,6.71,13.23,0.37,0.44,6.25,14.54
2001-04-12,19.61,5.03,11.76,0.0,0.44,4.08,17.49
2001-04-13,22.67,6.15,14.04,0.0,0.43,4.35,17.33
2001-04-14,25.79,8.35,16.07,0.0,0.43,0.82,17.24
2001-04-15,26.22,10.57,17.19,0.06,0.43,4.34,14.73
2001-04-16,22.54,9.06,14.81,0.02,0.43,10.17,16.08
2001-04-17,24.81,10.51,17.35,0.01,0.43,11.45,15.32
2001-04-18,30.12,14.93,21.08,0.01,0.43,9.6,11.93
2001-04-19,17.81,7.92,13.27,0.01,0.42,5.7,10.08
2001-04-20,17.84,5.99,11.45,0.01,0.42,4.33,9.7
2001-04-21,17.97,7.29,12.09,3.77,0.42,6.79,9.73
2001-04-22,16.42,11.27,13.4,2.02,0.43,9.49,7.95
2001-04-23,16.36,10.36,12.96,0.07,0.43,8.63,9.25
2001-04-24,15.91,9.48,12.37,0.01,0.43,7.12,8.49
2001-04-25,22.29,7.76,14.88,0.0,0.43,5.44,13.46
2001-04-26,21.76,12.4,16.18,2.05,0.43,11.12,11.4
2001-04-27,17.78,7.44,12.98,0.08,0.43,6.54,12.24
2001-04-28,17.96,5.42,11.39,0.0,0.43,5.48,12.15
2001-04-29,18.84,6.25,11.67,0.0,0.43,6.46,13.98
2001-04-30,23.13,8.38,14.57,0.0,0.43,7.63,12.76
2001-05-01,22.74,9.99,14.86,0.0,0.42,6.49,12.44
2001-05-02,21.7,8.64,14.73,0.0,0.42,7.0,10.92
2001-05-03,21.26,11.79,15.36,0.03,0.42,7.65,8.0
2001-05-04,21.81,10.3,15.27,0.25,0.42,9.09,11.95
2001-05-05,20.23,11.35,14.51,1.11,0.42,10.6,9.8
2001-05-06,20.47,8.05,13.29,0.27,0.42,8.82,12.62
2001-05-07,20.29,7.71,13.16,0.0,0.42,6.6,12.53
2001-05-08,19.35,6.55,12.53,0.0,0.42,4.85,10.0
2001-05-09,18.97,11.05,14.22,0.51,0.42,10.24,5.57
2001-05-10,17.31,7.37,11.75,0.0,0.42,6.21,8.15
2001-05-11,17.78,6.44,10.83,0.02,0.42,5.05,6.97
2001-05-12,15.8,7.09,10.87,0.5,0.42,5.69,6.41
2001-05-13,24.78,7.43,15.61,0.04,0.42,6.4,11.77
2001-05-14,26.15,12.47,18.01,0.75,0.42,6.11,5.31
2001-05-15,20.27,10.75,15.26,3.18,0.42,9.58,10.26
2001-05-16,14.67,9.03,12.42,11.39,0.44,9.95,7.54
2001-05-17,12.79,7.14,10.1,2.82,0.45,7.62,8.23
2001-05-18,15.2,6.87,10.78,0.1,0.45,6.73,9.16
2001-05-19,15.89,5.16,10.53,0.06,0.44,7.41,9.35
2001-05-20,16.96,7.32,11.12,0.7,0.44,9.29,6.93
2001-05-21,15.97,7.21,10.79,0.95,0.44,8.16,7.47
2001-05-22,15.35,5.85,10.01,0.12,0.44,7.05,7.79
2001-05-23,16.45,5.89,9.75,0.01,0.44,6.19,8.35
2001-05-24,16.46,5.95,10.32,0.49,0.44,8.89,8.71
2001-05-25,18.86,5.95,11.11,0.0,0.44,4.36,10.74
2001-05-26,14.24,9.21,11.45,2.63,0.44,6.56,5.92
2001-05-27,13.44,7.28,9.97,16.44,0.46,7.9,6.71
2001-05-28,14.57,5.2,9.43,0.52,0.48,6.79,9.88
2001-05-29,14.42,6.96,9.85,0.33,0.47,7.03,8.06
2001-05-30,14.82,6.12,9.4,0.13,0.47,6.7,6.57
2001-05-31,15.33,7.36,10.43,0.73,0.47,8.59,7.4
2001-06-01,13.93,7.01,9.52,0.11,0.47,6.22,6.92
2001-06-02,17.39,5.4,10.31,0.73,0.47,5.92,7.03
2001-06-03,18.23,9.28,12.72,0.49,0.47,10.5,7.43
2001-06-04,20.95,7.45,12.91,0.01,0.47,6.21,9.42
2001-06-05,14.95,9.29,12.45,9.27,0.48,7.64,3.37
2001-06-06,15.14,11.72,13.8,10.66,0.49,12.06,1.94
2001-06-07,16.19,10.33,12.85,1.44,0.5,9.41,5.12
2001-06-08,15.26,10.46,12.42,10.02,0.51,11.08,4.09
2001-06-09,16.47,8.63,12.14,2.8,0.52,10.88,7.46
2001-06-10,15.22,7.76,10.79,0.96,0.52,8.92,6.13
2001-06-11,14.28,8.93,10.95,8.37,0.53,9.37,3.75
2001-06-12,12.87,8.85,10.42,1.4,0.53,10.2,7.45
2001-06-13,15.29,9.17,11.81,6.5,0.54,9.44,7.18
2001-06-14,12.66,4.05,8.34,0.15,0.54,4.32,8.36
2001-06-15,12.03,2.84,7.83,0.22,0.54,6.19,5.75
2001-06-16,13.44,6.34,9.19,0.07,0.54,7.17,5.68
2001-06-17,13.83,4.43,8.93,0.03,0.54,6.11,6.57
2001-06-18,12.76,2.81,6.63,0.01,0.53,4.46,6.33
2001-06-19,14.54,3.47,8.16,2.76,0.53,6.48,7.67
2001-06-20,16.34,8.47,12.16,5.23,0.54,11.01,6.52
2001-06-21,15.85,10.01,12.25,2.13,0.55,10.75,7.06
2001-06-22,15.66,9.53,12.44,0.57,0.55,10.29,6.11
2001-06-23,15.99,8.09,11.08,0.02,0.55,9.24,7.25
2001-06-24,16.6,6.11,11.26,0.04,0.54,8.5,8.21
2001-06-25,15.78,10.58,12.84,2.15,0.54,10.9,6.49
2001-06-26,13.78,6.18,10.08,0.18,0.54,5.56,7.76
2001-06-27,13.07,2.75,7.72,0.0,0.54,3.84,7.14
2001-06-28,14.06,5.21,8.63,0.13,0.54,4.02,8.86
2001-06-29,16.01,4.59,9.33,0.05,0.54,4.92,8.7
2001-06-30,14.39,3.2,8.44,0.01,0.54,2.57,9.64
2001-07-01,14.59,3.12,8.27,0.01,0.54,2.8,9.08
2001-07-02,12.71,2.61,7.22,0.0,0.54,2.95,8.57
2001-07-03,15.15,2.61,7.76,0.0,0.53,2.46,9.79
2001-07-04,15.84,3.46,8.54,2.8,0.53,2.5,6.12
2001-07-05,10.29,4.44,7.0,7.38,0.55,5.69,5.1
2001-07-06,13.67,3.39,7.35,0.07,0.55,5.46,9.15
2001-07-07,15.09,5.38,9.87,0.91,0.55,8.91,5.88
2001-07-08,16.49,6.56,10.05,0.09,0.55,7.6,10.26
2001-07-09,14.24,5.75,8.88,0.03,0.54,7.4,8.77
2001-07-10,16.44,6.4,11.09,0.19,0.54,9.03,9.87
2001-07-11,15.79,9.98,11.87,5.78,0.54,9.74,5.73
2001-07-12,12.06,8.08,9.97,5.12,0.56,8.93,3.35
2001-07-13,14.64,5.78,9.19,0.44,0.56,7.67,8.22
2001-07-14,15.06,6.75,10.46,3.73,0.56,8.18,8.49
2001-07-15,14.29,8.32,10.73,4.51,0.56,8.07,7.6
2001-07-16,12.91,7.04,9.56,1.16,0.57,6.27,8.23
2001-07-17,13.07,5.06,9.84,2.91,0.57,7.69,9.03
2001-07-18,11.96,4.51,8.33,0.46,0.57,7.03,7.24
2001-07-19,13.79,5.47,8.86,0.39,0.57,7.7,8.09
2001-07-20,15.47,5.7,9.43,0.22,0.56,8.08,7.4
2001-07-21,13.94,4.89,8.54,0.1,0.56,6.8,6.93
2001-07-22,13.5,7.29,9.57,0.19,0.56,6.62,6.26
2001-07-23,13.73,5.16,8.58,0.02,0.56,4.79,7.81
2001-07-24,13.14,3.17,7.51,0.12,0.56,5.62,8.9
2001-07-25,15.74,2.85,8.08,0.08,0.56,5.35,8.71
2001-07-26,14.3,3.73,7.98,0.15,0.55,6.6,6.73
2001-07-27,14.11,6.06,9.85,1.43,0.56,7.5,7.6
2001-07-28,14.61,4.63,9.17,0.08,0.55,7.43,7.32
2001-07-29,14.42,5.14,8.88,0.11,0.55,7.45,7.55
2001-07-30,16.24,3.91,9.28,0.0,0.55,6.54,11.54
2001-07-31,17.76,7.71,11.61,4.52,0.55,6.22,6.61
2001-08-01,13.74,6.27,9.21,0.25,0.55,5.13,9.57
2001-08-02,12.82,5.15,8.6,0.58,0.55,7.33,10.44
2001-08-03,15.34,3.9,8.35,0.0,0.55,4.65,11.25
2001-08-04,16.54,4.88,10.36,6.93,0.55,5.78,8.9
2001-08-05,14.29,7.54,11.03,2.45,0.56,7.84,9.75
2001-08-06,13.52,5.11,9.17,0.33,0.56,4.96,8.06
2001-08-07,11.7,4.47,7.79,9.01,0.56,4.64,4.02
2001-08-08,13.56,6.91,9.9,0.5,0.57,5.83,9.75
2001-08-09,17.56,4.96,10.34,0.0,0.57,4.91,13.3
2001-08-10,17.73,4.34,10.68,0.28,0.56,5.41,9.23
2001-08-11,19.56,7.79,12.03,0.87,0.56,8.48,13.15
2001-08-12,16.2,7.12,10.74,0.35,0.56,9.13,12.24
2001-08-13,17.32,6.63,11.2,0.09,0.55,7.97,10.7
2001-08-14,19.13,5.72,11.8,0.01,0.55,5.36,12.37
2001-08-15,19.92,9.91,14.2,0.04,0.55,5.02,9.59
2001-08-16,15.46,5.91,11.8,9.8,0.55,5.36,2.72
2001-08-17,12.74,5.65,9.63,7.67,0.56,5.99,10.94
2001-08-18,13.06,7.54,9.51,0.85,0.57,4.89,12.0
2001-08-19,15.53,8.29,11.61,5.87,0.56,9.46,8.81
2001-08-20,11.42,6.86,9.25,4.46,0.57,6.09,11.03
2001-08-21,11.88,6.5,9.21,10.2,0.58,6.96,9.29
2001-08-22,13.33,6.09,8.99,0.4,0.59,5.49,11.94
2001-08-23,13.74,5.59,9.27,0.45,0.58,6.14,10.71
2001-08-24,17.08,5.61,10.64,0.01,0.58,4.01,14.89
2001-08-25,11.23,6.41,9.2,14.94,0.59,6.43,4.47
2001-08-26,11.7,5.96,8.44,9.21,0.61,6.18,9.73
2001-08-27,13.05,4.43,7.85,0.15,0.61,4.56,13.46
2001-08-28,14.48,5.3,9.81,1.95,0.61,8.59,11.84
2001-08-29,15.53,5.96,9.88,0.08,0.6,7.02,15.42
2001-08-30,16.42,4.79,10.69,0.01,0.6,7.37,14.8
2001-08-31,18.44,5.82,11.49,0.94,0.6,5.96,14.4
2001-09-01,14.19,7.64,10.72,5.49,0.6,9.07,7.77
2001-09-02,17.04,6.21,11.03,0.13,0.6,9.06,13.31
2001-09-03,15.76,5.36,10.58,1.8,0.6,9.41,10.97
2001-09-04,14.04,3.92,8.92,0.26,0.6,5.71,13.42
2001-09-05,14.89,3.76,8.7,0.0,0.59,3.8,16.62
2001-09-06,19.18,4.03,11.6,0.88,0.59,4.43,17.14
2001-09-07,20.43,9.54,13.37,24.46,0.6,9.66,15.24
2001-09-08,12.97,7.3,10.11,16.46,0.64,8.37,9.42
2001-09-09,16.23,8.98,11.73,0.86,0.64,9.36,11.76
2001-09-10,19.37,6.07,12.33,0.0,0.64,7.69,18.44
2001-09-11,16.81,8.92,12.18,0.71,0.63,9.25,9.86
2001-09-12,18.55,6.84,12.14,0.26,0.63,10.24,13.61
2001-09-13,15.75,7.94,10.96,0.44,0.62,8.9,11.42
2001-09-14,16.54,7.61,11.58,0.31,0.62,8.96,16.22
2001-09-15,19.56,9.16,13.65,0.02,0.61,9.68,17.55
2001-09-16,18.04,5.67,11.73,0.01,0.61,7.78,14.35
2001-09-17,16.28,5.32,10.1,0.0,0.6,4.8,16.82
2001-09-18,20.28,4.04,11.78,0.0,0.6,5.81,19.56
2001-09-19,22.35,7.41,14.25,0.0,0.59,8.44,17.89
2001-09-20,14.41,6.42,11.23,0.23,0.59,9.59,11.38
2001-09-21,21.9,5.15,12.49,0.0,0.59,9.39,20.37
2001-09-22,22.82,10.38,16.34,1.0,0.58,12.71,10.66
2001-09-23,24.65,14.27,18.81,0.31,0.58,13.61,16.24
2001-09-24,16.69,11.32,14.07,23.85,0.6,12.43,5.12
2001-09-25,13.58,5.62,10.32,4.25,0.62,6.73,16.14
2001-09-26,15.25,4.55,9.43,0.01,0.61,5.36,17.45
2001-09-27,14.79,3.39,9.37,0.0,0.61,5.89,19.04
2001-09-28,21.98,6.09,13.59,0.0,0.6,7.09,22.51
2001-09-29,25.22,9.87,17.17,0.0,0.59,9.03,19.88
2001-09-30,21.04,12.98,16.27,2.34,0.59,11.4,7.55
2001-10-01,16.81,7.71,12.81,0.95,0.59,9.54,17.47
2001-10-02,16.04,5.77,10.52,0.19,0.58,6.2,17.32
2001-10-03,15.31,5.01,9.93,0.59,0.58,7.72,16.7
2001-10-04,16.32,6.14,10.47,0.06,0.57,6.66,15.14
2001-10-05,15.45,5.69,10.83,1.4,0.57,7.1,15.17
2001-10-06,11.68,6.76,9.1,6.92,0.58,6.66,16.78
2001-10-07,15.68,6.78,10.98,4.27,0.58,7.89,17.56
2001-10-08,16.83,7.04,11.19,0.13,0.58,7.67,16.41
2001-10-09,20.32,5.33,12.85,0.0,0.57,7.26,23.44
2001-10-10,22.1,9.28,14.45,1.63,0.56,7.59,11.7
2001-10-11,16.12,7.79,11.92,4.74,0.56,7.53,19.38
2001-10-12,13.94,9.05,11.4,2.09,0.56,8.39,15.7
2001-10-13,15.6,6.8,10.75,2.29,0.56,8.61,12.14
2001-10-14,16.0,4.88,10.69,0.1,0.56,6.73,17.61
2001-10-15,18.07,9.27,12.58,0.38,0.56,9.04,19.51
2001-10-16,16.08,7.11,11.42,0.25,0.56,8.96,17.34
2001-10-17,17.08,9.03,12.54,3.32,0.55,8.74,17.86
2001-10-18,14.67,6.14,10.87,2.75,0.56,5.82,17.1
2001-10-19,15.12,4.04,9.17,0.99,0.55,4.45,18.5
2001-10-20,17.69,3.24,10.5,0.0,0.55,4.68,23.36
2001-10-21,23.59,6.36,14.91,0.06,0.54,4.12,25.82
2001-10-22,24.79,9.93,16.71,2.85,0.53,6.04,9.3
2001-10-23,19.88,11.52,15.26,5.22,0.54,12.13,7.69
2001-10-24,18.3,9.7,13.43,4.04,0.54,9.39,19.58
2001-10-25,17.41,9.48,12.85,4.63,0.54,9.44,17.38
2001-10-26,16.72,7.82,11.92,2.76,0.54,8.19,20.66
2001-10-27,18.12,7.75,12.51,0.02,0.54,5.51,23.78
2001-10-28,16.82,7.66,11.67,0.16,0.53,5.77,22.55
2001-10-29,17.74,9.43,12.69,1.11,0.53,7.51,20.38
2001-10-30,17.68,9.93,13.44,2.18,0.53,9.44,19.98
2001-10-31,18.79,7.26,13.29,0.84,0.53,9.4,19.48
2001-11-01,20.25,6.71,13.18,0.03,0.52,8.63,20.68
2001-11-02,20.3,8.91,14.01,0.01,0.52,8.96,14.38
2001-11-03,24.38,6.91,16.11,0.0,0.51,9.02,26.98
2001-11-04,30.09,13.54,21.35,1.36,0.5,9.95,18.03
2001-11-05,26.89,12.09,18.22,6.65,0.5,14.78,9.49
2001-11-06,20.75,8.26,14.31,0.17,0.51,7.42,22.37
2001-11-07,20.12,5.64,12.98,0.0,0.5,5.01,24.34
2001-11-08,23.25,7.88,15.12,0.35,0.5,7.51,23.86
2001-11-09,18.55,8.39,13.02,0.5,0.49,7.3,17.9
2001-11-10,16.06,6.91,11.09,1.89,0.49,4.47,19.61
2001-11-11,15.08,5.14,10.04,1.36,0.49,4.32,20.46
2001-11-12,18.06,7.84,12.47,2.43,0.49,7.56,23.68
2001-11-13,21.09,7.89,13.88,0.37,0.49,7.98,24.61
2001-11-14,23.25,5.95,14.64,0.02,0.49,7.64,28.22
2001-11-15,25.45,7.74,15.99,0.0,0.48,7.55,29.93
2001-11-16,29.01,8.24,18.32,0.0,0.48,8.21,29.47
2001-11-17,30.34,14.88,20.09,2.17,0.47,10.76,10.49
2001-11-18,17.48,9.01,12.89,0.77,0.47,4.66,24.07
2001-11-19,21.2,6.67,13.98,0.0,0.47,5.31,24.26
2001-11-20,24.77,7.9,16.41,0.0,0.47,7.75,30.41
2001-11-21,26.45,7.37,17.5,0.0,0.46,5.95,27.12
2001-11-22,30.03,12.42,20.17,0.33,0.46,9.44,21.97
2001-11-23,21.71,13.14,16.64,13.63,0.48,11.03,19.34
2001-11-24,21.47,12.39,16.27,6.43,0.49,10.21,22.26
2001-11-25,20.24,11.03,15.15,4.41,0.49,10.29,16.6
2001-11-26,20.88,10.13,15.12,0.67,0.49,10.14,19.65
2001-11-27,22.86,8.33,14.96,0.03,0.48,8.66,22.01
2001-11-28,23.95,7.71,15.57,0.0,0.48,7.73,27.48
2001-11-29,23.41,7.7,15.44,0.06,0.47,8.0,29.19
2001-11-30,20.44,9.41,14.07,0.27,0.47,6.57,22.82
2001-12-01,21.53,9.24,15.91,1.2,0.47,6.57,23.84
2001-12-02,30.57,13.3,19.82,6.5,0.47,12.05,19.98
2001-12-03,19.99,11.79,14.85,0.48,0.47,10.32,8.79
2001-12-04,23.94,10.53,16.66,0.0,0.47,7.27,28.38
2001-12-05,25.62,8.27,17.78,0.24,0.46,7.01,25.79
2001-12-06,23.53,12.52,17.4,8.49,0.47,12.09,12.07
2001-12-07,21.18,8.53,14.74,0.17,0.47,6.81,22.56
2001-12-08,21.13,5.91,13.73,0.05,0.47,5.47,24.68
2001-12-09,21.27,8.39,14.04,0.22,0.46,5.85,24.39
2001-12-10,18.93,9.26,13.71,0.7,0.46,7.47,19.58
2001-12-11,20.82,9.43,14.53,0.12,0.46,7.33,17.42
2001-12-12,24.55,7.34,15.92,0.0,0.46,7.94,26.16
2001-12-13,26.16,9.07,17.15,0.0,0.45,8.75,29.49
2001-12-14,24.68,9.64,15.8,0.0,0.45,8.46,27.4
2001-12-15,22.91,8.28,15.41,0.0,0.45,8.44,26.11
2001-12-16,23.37,7.04,14.84,0.0,0.45,6.14,30.86
2001-12-17,22.38,7.53,15.73,0.0,0.44,7.7,27.3
2001-12-18,27.04,9.57,18.53,0.0,0.44,7.07,31.77
2001-12-19,31.83,11.05,21.16,0.03,0.44,8.07,25.26
2001-12-20,26.13,12.03,19.62,0.07,0.43,10.24,29.34
2001-12-21,22.29,9.48,15.55,0.0,0.43,8.4,25.23
2001-12-22,25.23,9.01,17.16,0.0,0.43,8.95,26.95
2001-12-23,24.94,11.22,17.44,0.17,0.43,8.97,29.15
2001-12-24,20.71,9.64,15.59,1.44,0.43,7.62,22.65
2001-12-25,19.37,11.94,14.86,1.65,0.43,6.66,25.36
2001-12-26,19.17,10.68,14.47,0.87,0.43,6.47,22.64
2001-12-27,23.17,9.45,15.73,0.37,0.43,9.62,17.45
2001-12-28,27.13,9.97,18.36,0.01,0.42,9.66,21.79
2001-12-29,34.34,11.4,21.06,0.0,0.42,7.29,31.07
2001-12-30,22.25,9.2,15.09,0.0,0.42,5.89,24.02
2001-12-31,23.07,10.73,15.81,3.42,0.42,8.4,15.48
2002-01-01,15.8,11.07,13.79,8.66,0.43,8.95,19.37
2002-01-02,18.78,9.8,14.29,1.77,0.44,6.99,26.72
2002-01-03,22.5,11.73,16.12,0.32,0.44,8.2,21.83
2002-01-04,24.05,10.54,16.57,0.02,0.43,8.82,22.74
2002-01-05,30.75,8.71,20.83,0.0,0.43,6.71,27.43
2002-01-06,30.23,13.13,21.09,1.62,0.43,8.08,9.59
2002-01-07,18.96,13.31,15.73,1.83,0.43,9.05,20.11
2002-01-08,23.41,10.04,16.56,0.22,0.43,7.9,26.23
2002-01-09,28.43,7.6,19.08,0.0,0.42,4.87,32.62
2002-01-10,37.9,14.68,26.96,0.0,0.42,3.62,31.89
2002-01-11,23.41,10.8,18.53,0.0,0.42,5.39,28.04
2002-01-12,22.07,9.6,15.49,0.0,0.42,5.86,30.54
2002-01-13,25.04,11.07,17.48,0.06,0.41,9.26,19.97
2002-01-14,28.02,11.11,19.4,0.0,0.41,10.06,27.98
2002-01-15,28.44,11.7,19.48,0.0,0.41,7.36,31.36
2002-01-16,29.47,9.56,19.46,0.0,0.41,6.7,32.69
2002-01-17,28.57,10.22,19.3,0.0,0.4,5.43,31.72
2002-01-18,31.38,10.6,21.78,0.0,0.4,5.93,29.07
2002-01-19,37.06,15.52,26.93,0.0,0.4,7.21,30.54
2002-01-20,36.48,20.86,27.31,0.52,0.4,11.3,11.8
2002-01-21,22.45,14.31,18.88,5.18,0.41,13.42,9.7
2002-01-22,26.43,11.37,17.79,0.0,0.41,8.02,23.52
2002-01-23,28.38,9.08,19.02,0.0,0.4,6.48,30.91
2002-01-24,31.08,12.33,21.47,0.0,0.4,7.5,30.41
2002-01-25,35.38,13.51,25.05,0.0,0.4,7.95,29.61
2002-01-26,38.35,18.57,27.11,0.03,0.39,7.07,22.59
2002-01-27,33.46,14.57,22.83,0.67,0.39,12.68,13.66
2002-01-28,24.61,12.48,18.54,0.06,0.39,10.58,15.51
2002-01-29,29.82,13.27,21.2,0.04,0.39,10.52,24.03
2002-01-30,27.92,12.88,19.85,0.0,0.39,10.25,29.56
2002-01-31,31.25,11.82,21.29,0.01,0.39,7.91,30.17
2002-02-01,34.0,12.05,22.14,0.0,0.39,6.84,29.58
2002-02-02,24.2,11.76,17.37,0.02,0.39,8.18,20.18
2002-02-03,22.09,10.49,15.94,0.0,0.39,4.1,25.46
2002-02-04,22.4,11.47,17.03,0.0,0.38,6.42,23.08
2002-02-05,30.15,11.32,21.44,0.0,0.38,7.56,27.65
2002-02-06,30.82,15.01,23.53,0.01,0.38,8.41,23.02
2002-02-07,27.14,13.15,19.86,0.31,0.38,9.38,19.51
2002-02-08,23.66,13.35,17.51,0.93,0.38,10.41,10.58
2002-02-09,24.82,12.01,17.39,0.07,0.38,9.1,19.92
2002-02-10,20.65,10.04,15.15,0.02,0.38,4.44,22.4
2002-02-11,26.04,8.24,17.18,0.0,0.38,5.85,27.39
2002-02-12,31.15,10.52,20.82,0.0,0.38,5.72,27.16
2002-02-13,36.11,14.0,25.31,0.0,0.38,1.41,27.96
2002-02-14,39.56,18.15,29.07,0.02,0.38,2.82,18.28
2002-02-15,32.34,14.07,24.12,0.94,0.38,8.04,13.96
2002-02-16,25.0,11.66,17.37,0.0,0.38,6.09,26.16
2002-02-17,28.53,11.01,19.08,0.0,0.38,7.65,26.04
2002-02-18,31.49,12.38,22.25,0.0,0.38,7.75,27.33
2002-02-19,37.21,16.07,27.43,0.14,0.38,6.26,26.39
2002-02-20,23.95,14.22,18.8,0.14,0.38,8.57,21.66
2002-02-21,19.59,12.52,16.03,0.02,0.38,6.5,14.98
2002-02-22,25.36,10.99,17.68,0.0,0.38,9.43,24.84
2002-02-23,29.53,11.39,20.15,0.0,0.38,9.24,25.5
2002-02-24,32.62,13.32,22.89,0.0,0.38,9.07,25.83
2002-02-25,35.18,16.01,24.68,0.0,0.38,8.02,25.82
2002-02-26,27.3,12.83,19.26,0.02,0.38,10.84,25.15
2002-02-27,24.77,11.03,16.74,0.0,0.38,6.48,24.89
2002-02-28,22.38,10.16,15.54,0.03,0.38,7.44,16.14
2002-03-01,24.75,11.55,16.97,0.09,0.38,9.06,15.61
2002-03-02,24.63,13.45,17.94,0.12,0.38,10.03,12.76
2002-03-03,27.13,12.39,18.81,0.03,0.38,9.36,17.65
2002-03-04,29.84,11.44,20.24,0.0,0.38,6.77,24.96
2002-03-05,34.03,15.04,23.86,0.0,0.38,5.81,24.54
2002-03-06,30.98,15.96,22.21,0.01,0.38,9.06,21.76
2002-03-07,24.94,11.29,17.42,0.0,0.38,7.77,21.63
2002-03-08,25.07,10.14,17.1,0.0,0.38,5.41,20.9
2002-03-09,30.68,10.24,20.57,0.0,0.38,5.39,23.81
2002-03-10,34.16,16.27,24.72,0.0,0.38,3.2,23.29
2002-03-11,23.77,11.35,18.05,0.0,0.38,6.61,20.39
2002-03-12,25.49,9.72,16.83,0.0,0.38,6.87,22.2
2002-03-13,26.66,9.94,17.83,0.0,0.38,9.32,21.4
2002-03-14,27.09,10.3,18.38,0.0,0.38,8.26,20.82
2002-03-15,28.94,10.29,19.09,0.0,0.38,8.21,21.42
2002-03-16,30.07,12.43,19.78,0.0,0.38,8.12,20.83
2002-03-17,35.1,14.0,24.42,0.0,0.38,10.56,20.86
2002-03-18,30.87,16.13,23.87,0.0,0.38,6.25,17.37
2002-03-19,25.02,13.41,17.82,0.0,0.38,9.93,20.15
2002-03-20,23.17,13.31,17.5,0.02,0.38,10.85,15.66
2002-03-21,24.74,12.82,18.23,0.04,0.38,10.85,14.55
2002-03-22,27.65,10.47,18.62,0.0,0.38,0.45,20.54
2002-03-23,33.35,13.15,23.15,0.0,0.38,4.62,20.5
2002-03-24,36.45,16.58,24.63,0.0,0.38,8.8,17.96
2002-03-25,24.59,14.35,17.87,4.65,0.38,11.42,13.04
2002-03-26,20.46,12.89,15.82,4.16,0.39,10.55,11.26
2002-03-27,24.19,11.2,16.57,0.07,0.39,10.01,15.22
2002-03-28,26.1,12.25,17.51,0.03,0.39,11.19,17.69
2002-03-29,22.94,10.72,15.78,0.06,0.39,9.66,13.17
2002-03-30,23.65,10.31,15.87,0.0,0.39,6.41,19.6
2002-03-31,27.58,9.26,18.47,0.0,0.39,6.84,19.21
2002-04-01,30.77,11.99,20.95,0.0,0.39,5.0,19.59
2002-04-02,30.0,15.34,22.38,0.0,0.38,6.15,16.46
2002-04-03,24.31,11.7,18.21,0.03,0.38,8.15,15.54
2002-04-04,21.08,9.48,14.31,0.0,0.38,3.56,16.45
2002-04-05,22.99,8.44,15.1,0.05,0.38,7.59,17.39
2002-04-06,23.04,10.19,15.75,0.02,0.38,8.53,18.12
2002-04-07,25.67,9.54,17.57,0.0,0.38,7.35,16.14
2002-04-08,30.95,13.95,20.26,0.02,0.38,7.88,15.36
2002-04-09,29.35,12.28,20.36,0.05,0.38,8.96,17.82
2002-04-10,27.42,12.25,18.85,0.03,0.38,12.15,17.33
2002-04-11,30.4,10.88,19.57,0.03,0.38,9.39,16.68
2002-04-12,25.34,14.88,19.21,7.54,0.39,14.33,9.63
2002-04-13,23.59,11.92,17.07,0.08,0.4,11.27,9.76
2002-04-14,21.03,9.52,14.69,0.0,0.39,5.52,16.93
2002-04-15,22.46,6.11,13.5,0.0,0.39,3.89,16.76
2002-04-16,23.27,6.78,14.34,0.01,0.39,4.83,16.54
2002-04-17,24.18,8.2,15.86,0.02,0.39,4.88,16.59
2002-04-18,24.96,8.99,17.03,0.0,0.39,3.26,14.85
2002-04-19,25.13,12.04,17.36,0.02,0.39,8.37,7.93
2002-04-20,26.9,12.07,18.35,0.0,0.39,7.3,11.33
2002-04-21,25.21,10.22,17.0,0.02,0.39,8.61,14.12
2002-04-22,26.12,12.2,18.4,0.0,0.38,9.74,14.88
2002-04-23,28.58,13.24,20.63,0.0,0.38,7.41,13.64
2002-04-24,26.25,15.96,19.47,3.8,0.38,13.33,6.24
2002-04-25,19.04,13.02,15.63,1.21,0.39,9.77,7.49
2002-04-26,17.23,8.87,13.49,0.16,0.39,6.12,10.03
2002-04-27,19.33,7.17,12.48,0.0,0.39,5.03,14.36
2002-04-28,19.5,6.53,11.71,0.0,0.39,3.71,14.65
2002-04-29,22.84,5.8,13.69,0.0,0.39,2.82,15.02
2002-04-30,23.55,9.63,14.94,0.0,0.39,2.15,13.84
2002-05-01,24.51,8.96,15.61,0.0,0.39,5.88,13.72
2002-05-02,25.25,9.15,16.27,0.0,0.39,5.24,13.86
2002-05-03,25.75,11.04,16.92,0.0,0.39,3.17,13.8
2002-05-04,26.5,11.24,17.72,0.0,0.39,1.99,13.68
2002-05-05,26.73,12.05,18.04,0.01,0.38,4.66,10.66
2002-05-06,27.43,12.86,18.38,0.09,0.38,7.19,10.1
2002-05-07,27.43,12.31,18.6,0.15,0.38,2.03,11.54
2002-05-08,27.43,14.06,19.86,0.12,0.38,1.8,12.47
2002-05-09,20.45,11.06,15.35,6.91,0.39,8.26,3.95
2002-05-10,21.94,9.81,15.07,0.19,0.4,9.32,11.57
2002-05-11,20.98,9.52,14.44,0.02,0.39,4.91,12.18
2002-05-12,22.94,12.49,15.72,2.55,0.39,6.82,3.9
2002-05-13,18.99,7.72,12.72,1.11,0.4,7.91,11.26
2002-05-14,18.21,5.32,10.88,0.01,0.4,4.08,11.89
2002-05-15,21.24,9.01,14.11,6.81,0.4,6.91,6.2
2002-05-16,15.0,10.87,12.96,6.53,0.42,8.56,10.04
2002-05-17,14.41,8.69,11.3,0.16,0.42,5.93,9.35
2002-05-18,12.11,8.23,9.88,13.18,0.43,6.67,3.14
2002-05-19,13.58,7.36,9.84,5.05,0.45,7.02,10.93
2002-05-20,13.77,7.27,10.49,1.56,0.45,8.41,9.84
2002-05-21,16.42,7.64,11.48,0.72,0.45,8.73,9.55
2002-05-22,14.79,7.57,11.12,0.24,0.45,8.43,6.77
2002-05-23,15.76,8.19,11.2,0.01,0.45,5.68,4.76
2002-05-24,17.26,6.36,10.83,0.04,0.45,5.01,9.86
2002-05-25,17.46,5.99,10.08,0.01,0.44,5.69,11.13
2002-05-26,16.54,4.64,9.12,0.03,0.44,4.71,10.84
2002-05-27,14.85,4.66,8.71,0.23,0.44,5.98,10.93
2002-05-28,15.17,4.73,8.69,0.08,0.44,5.0,10.28
2002-05-29,14.54,3.72,8.22,0.06,0.44,3.96,9.86
2002-05-30,16.11,2.34,9.03,0.18,0.44,3.86,8.25
2002-05-31,16.15,7.67,10.76,1.91,0.44,7.84,7.65
2002-06-01,16.17,6.97,10.25,0.09,0.44,7.41,8.06
2002-06-02,16.73,4.92,9.89,0.0,0.44,5.83,10.17
2002-06-03,16.94,3.63,8.71,0.01,0.44,1.6,9.19
2002-06-04,17.6,5.84,9.5,0.0,0.44,0.65,7.46
2002-06-05,16.19,4.81,9.81,0.16,0.44,1.74,8.88
2002-06-06,18.38,8.86,12.15,0.31,0.44,5.43,2.71
2002-06-07,16.7,6.86,11.17,6.69,0.44,5.88,9.9
2002-06-08,13.85,8.78,11.26,7.17,0.46,7.76,8.12
2002-06-09,16.32,10.21,13.01,2.85,0.47,10.86,7.97
2002-06-10,17.13,10.95,13.42,1.41,0.47,9.9,6.33
2002-06-11,16.51,10.81,12.74,1.01,0.46,10.09,5.72
2002-06-12,17.45,10.68,12.96,10.59,0.47,8.73,7.64
2002-06-13,14.11,9.27,10.93,2.25,0.48,6.89,9.12
2002-06-14,16.1,7.71,10.49,6.02,0.49,8.69,4.58
2002-06-15,15.93,6.29,10.31,3.25,0.49,7.85,7.31
2002-06-16,15.08,8.69,10.86,0.29,0.49,8.19,5.81
2002-06-17,15.78,5.13,9.68,0.09,0.49,7.48,9.55
2002-06-18,14.18,2.63,7.71,0.0,0.49,2.46,9.96
2002-06-19,14.31,3.21,7.99,0.08,0.49,0.33,8.8
2002-06-20,15.59,7.17,10.73,1.7,0.49,5.63,8.46
2002-06-21,14.9,7.55,10.79,3.02,0.49,8.51,9.21
2002-06-22,14.36,7.13,11.0,1.95,0.5,8.84,7.81
2002-06-23,14.95,7.12,10.91,1.03,0.5,8.82,6.44
2002-06-24,16.86,7.42,10.86,0.05,0.5,4.97,9.7
2002-06-25,15.28,5.98,10.49,1.87,0.49,5.32,9.43
2002-06-26,14.43,5.1,9.17,0.03,0.49,4.02,9.04
2002-06-27,12.07,5.97,8.64,10.27,0.5,4.06,4.26
2002-06-28,11.1,4.26,7.13,0.33,0.51,1.43,9.54
2002-06-29,12.35,2.03,6.67,0.1,0.51,3.81,7.02
2002-06-30,11.89,0.79,6.02,0.03,0.51,2.79,8.72
2002-07-01,14.92,3.56,7.71,0.29,0.5,2.6,9.11
2002-07-02,15.78,2.8,8.7,1.19,0.5,3.18,8.71
2002-07-03,11.58,7.56,9.13,13.18,0.52,7.31,3.95
2002-07-04,14.94,9.54,11.64,6.96,0.53,9.31,7.63
2002-07-05,14.27,8.76,11.4,8.64,0.55,7.51,8.07
2002-07-06,14.21,7.84,10.59,3.31,0.55,7.98,8.43
2002-07-07,14.51,7.02,10.48,0.35,0.55,6.71,6.89
2002-07-08,16.92,4.95,10.0,0.41,0.54,3.03,9.49
2002-07-09,13.1,4.08,9.23,3.12,0.54,5.58,9.71
2002-07-10,13.08,3.85,6.94,0.0,0.54,2.17,7.03
2002-07-11,16.69,2.42,9.17,3.72,0.54,2.56,5.41
2002-07-12,17.03,5.8,10.93,0.36,0.55,7.01,10.7
2002-07-13,10.08,6.02,8.03,9.47,0.55,4.53,1.56
2002-07-14,13.92,4.61,8.37,0.52,0.56,6.14,8.87
2002-07-15,14.9,5.47,9.1,0.03,0.56,5.08,7.92
2002-07-16,13.0,6.62,9.35,5.04,0.56,6.84,7.67
2002-07-17,14.72,7.69,10.72,1.56,0.56,8.94,8.63
2002-07-18,16.06,8.14,10.91,0.32,0.56,8.64,6.61
2002-07-19,14.17,7.06,9.88,0.03,0.56,5.09,4.6
2002-07-20,13.83,5.91,10.16,1.64,0.56,6.51,9.83
2002-07-21,12.99,5.41,8.31,0.03,0.56,4.11,6.53
2002-07-22,12.89,5.04,8.66,0.34,0.55,3.51,4.12
2002-07-23,16.74,4.16,10.11,2.53,0.55,7.01,5.58
2002-07-24,14.38,4.33,8.74,0.18,0.56,5.82,11.33
2002-07-25,11.88,2.28,7.74,4.29,0.56,4.9,1.81
2002-07-26,16.29,5.99,9.89,0.19,0.56,7.37,10.23
2002-07-27,19.19,4.36,11.5,4.36,0.56,6.66,11.98
2002-07-28,12.52,5.13,9.32,7.56,0.57,8.84,2.94
2002-07-29,13.23,4.06,7.62,0.15,0.57,6.11,11.91
2002-07-30,14.1,5.25,8.34,0.09,0.57,5.73,10.79
2002-07-31,18.13,3.99,10.02,0.0,0.57,4.09,10.1
2002-08-01,14.09,3.99,8.98,0.28,0.56,5.94,9.29
2002-08-02,13.7,2.35,7.9,2.66,0.56,4.08,10.81
2002-08-03,12.09,7.16,9.23,5.11,0.57,7.38,9.3
2002-08-04,13.89,4.67,8.59,0.31,0.57,5.2,11.46
2002-08-05,12.04,5.03,8.96,2.26,0.57,2.63,5.77
2002-08-06,15.24,9.73,11.99,2.49,0.57,9.11,9.34
2002-08-07,14.16,10.09,11.87,0.95,0.57,10.01,8.71
2002-08-08,14.81,5.86,10.77,0.31,0.57,8.58,8.54
2002-08-09,16.12,4.02,9.39,0.0,0.57,6.13,9.87
2002-08-10,19.89,6.82,12.31,0.01,0.57,3.74,13.19
2002-08-11,15.49,8.42,11.72,6.62,0.56,7.69,9.08
2002-08-12,11.52,6.43,8.35,4.17,0.57,4.73,11.26
2002-08-13,12.36,3.55,7.5,0.87,0.57,4.67,10.86
2002-08-14,13.35,1.88,6.79,0.03,0.57,4.42,11.37
2002-08-15,13.65,2.06,6.67,0.0,0.57,4.11,14.73
2002-08-16,15.17,1.72,7.51,0.0,0.57,4.67,14.64
2002-08-17,14.67,3.14,8.04,0.0,0.56,4.63,14.19
2002-08-18,14.39,2.01,7.72,0.03,0.56,4.8,11.1
2002-08-19,14.14,4.97,8.81,1.24,0.56,7.16,9.48
2002-08-20,13.65,4.93,8.4,0.6,0.56,7.46,9.13
2002-08-21,15.42,4.84,8.98,0.54,0.56,6.62,11.67
2002-08-22,13.64,3.04,8.36,1.76,0.56,6.46,8.74
2002-08-23,13.01,0.39,6.37,0.01,0.56,2.53,14.3
2002-08-24,13.45,1.53,6.38,0.0,0.55,2.65,15.31
2002-08-25,14.89,2.01,7.71,0.04,0.55,2.3,16.79
2002-08-26,18.59,2.16,9.52,0.01,0.55,0.84,15.35
2002-08-27,19.59,5.24,11.69,0.01,0.54,-0.5,16.09
2002-08-28,12.24,5.5,8.4,9.47,0.55,4.36,5.17
2002-08-29,13.88,5.35,9.26,5.44,0.56,7.41,11.6
2002-08-30,14.16,7.36,9.99,0.73,0.56,7.46,11.92
2002-08-31,17.08,5.64,10.48,0.07,0.56,8.15,10.59
2002-09-01,18.35,6.73,11.38,0.02,0.55,6.08,16.39
2002-09-02,22.58,8.38,13.81,4.54,0.55,6.62,10.93
2002-09-03,17.01,8.52,12.88,3.84,0.55,8.94,10.87
2002-09-04,14.61,8.41,11.43,0.75,0.55,7.12,12.93
2002-09-05,19.57,6.03,12.51,0.6,0.55,6.04,16.71
2002-09-06,14.91,8.15,11.54,2.06,0.55,7.75,14.35
2002-09-07,13.91,6.7,10.49,2.39,0.55,6.46,12.98
2002-09-08,17.09,7.58,12.15,2.92,0.55,8.2,13.16
2002-09-09,12.2,4.99,8.7,0.67,0.55,3.57,14.39
2002-09-10,12.58,2.48,7.05,0.49,0.54,2.09,16.21
2002-09-11,15.17,3.11,8.73,0.06,0.54,3.31,16.33
2002-09-12,19.37,3.34,11.04,0.0,0.54,1.18,19.04
2002-09-13,21.63,4.6,12.42,0.0,0.53,0.49,18.45
2002-09-14,25.61,7.98,16.07,0.0,0.52,4.3,18.43
2002-09-15,26.47,10.76,18.32,0.97,0.52,5.18,7.92
2002-09-16,15.13,5.33,11.0,6.51,0.52,6.98,11.4
2002-09-17,13.75,4.69,10.03,0.84,0.52,5.72,13.87
2002-09-18,14.09,9.42,12.05,3.37,0.52,8.57,12.8
2002-09-19,14.43,6.13,10.41,0.42,0.52,5.84,13.74
2002-09-20,18.76,6.07,12.26,0.13,0.52,7.25,15.74
2002-09-21,21.57,7.91,13.91,0.0,0.51,9.01,19.85
2002-09-22,18.15,6.51,11.43,0.02,0.51,7.5,20.22
2002-09-23,20.18,4.91,12.67,0.0,0.51,7.16,18.89
2002-09-24,18.27,8.54,13.2,0.12,0.5,6.13,19.08
2002-09-25,15.97,7.1,11.3,4.76,0.51,6.67,14.83
2002-09-26,18.16,7.44,11.56,0.05,0.51,5.07,16.42
2002-09-27,16.0,7.8,10.76,6.12,0.51,7.64,15.02
2002-09-28,12.23,5.67,8.71,4.3,0.52,5.3,14.3
2002-09-29,15.77,5.55,9.81,0.38,0.52,5.85,14.58
2002-09-30,16.37,5.74,10.23,0.22,0.51,6.76,13.83
2002-10-01,23.2,4.04,13.45,0.0,0.51,3.38,21.63
2002-10-02,21.62,9.67,14.17,0.1,0.5,2.41,13.76
2002-10-03,20.46,8.12,13.31,3.12,0.5,8.11,17.11
2002-10-04,19.15,9.22,13.01,0.59,0.5,9.9,13.02
2002-10-05,20.11,9.63,14.01,0.05,0.5,9.92,10.31
2002-10-06,24.22,7.03,16.12,0.39,0.5,7.65,11.88
2002-10-07,19.72,9.48,14.14,3.29,0.49,7.04,17.94
2002-10-08,13.36,4.78,9.7,3.08,0.5,3.66,20.08
2002-10-09,16.31,3.97,10.26,0.25,0.49,4.02,14.82
2002-10-10,18.82,5.01,11.67,0.0,0.49,5.29,20.7
2002-10-11,23.56,5.5,14.57,0.0,0.49,4.99,24.22
2002-10-12,25.78,8.26,15.87,0.4,0.48,6.33,16.89
2002-10-13,15.43,7.3,12.0,1.84,0.48,6.27,17.6
2002-10-14,18.08,10.26,13.6,2.76,0.48,9.37,15.7
2002-10-15,21.46,9.64,14.64,0.2,0.48,9.68,14.49
2002-10-16,22.94,10.38,15.09,0.25,0.48,8.67,20.81
2002-10-17,19.63,8.83,13.63,0.92,0.48,9.3,17.42
2002-10-18,30.17,7.91,15.68,0.04,0.47,7.11,19.38
2002-10-19,19.34,11.1,14.76,0.03,0.47,6.82,20.03
2002-10-20,19.5,7.5,13.34,0.09,0.47,8.04,16.51
2002-10-21,21.37,6.95,13.47,0.03,0.46,7.51,19.64
2002-10-22,25.6,9.61,15.04,1.95,0.46,6.93,9.42
2002-10-23,15.21,7.79,11.17,1.85,0.46,4.97,19.8
2002-10-24,19.61,7.9,12.27,5.66,0.46,6.73,16.34
2002-10-25,19.33,6.6,12.64,0.4,0.47,6.52,16.35
2002-10-26,19.59,4.35,11.72,0.01,0.47,3.31,25.19
2002-10-27,21.63,5.58,13.38,0.05,0.46,6.75,24.17
2002-10-28,24.38,6.87,14.99,0.0,0.46,5.79,27.24
2002-10-29,29.32,9.26,19.42,0.16,0.46,4.32,25.86
2002-10-30,20.47,9.04,15.22,0.2,0.45,9.31,17.23
2002-10-31,21.24,7.25,13.86,0.01,0.45,5.03,25.99
2002-11-01,28.43,5.18,17.32,0.06,0.45,2.56,28.18
2002-11-02,28.91,13.06,18.93,2.52,0.44,6.07,10.64
2002-11-03,18.35,8.46,13.44,4.69,0.45,7.87,16.13
2002-11-04,17.4,7.48,12.06,0.27,0.45,4.97,22.72
2002-11-05,21.99,6.93,14.06,0.0,0.45,5.98,26.52
2002-11-06,29.51,7.21,19.15,0.0,0.44,3.87,29.59
2002-11-07,34.22,13.42,22.43,0.0,0.44,2.29,26.71
2002-11-08,26.16,9.88,16.56,0.0,0.43,7.79,26.35
2002-11-09,26.61,9.85,17.38,0.0,0.43,10.79,27.59
2002-11-10,27.12,11.54,18.0,0.0,0.43,7.87,28.16
2002-11-11,34.08,9.75,22.48,0.0,0.43,4.62,29.85
2002-11-12,22.68,10.29,17.37,7.0,0.43,7.82,6.3
2002-11-13,21.34,7.69,14.18,0.01,0.44,3.35,27.93
2002-11-14,20.75,7.08,14.33,0.01,0.43,7.71,18.38
2002-11-15,24.92,6.37,15.28,0.0,0.43,3.65,30.54
2002-11-16,32.03,7.28,20.16,0.0,0.43,2.14,31.25
2002-11-17,36.45,14.58,24.36,0.0,0.42,3.76,24.93
2002-11-18,29.38,11.22,19.77,0.0,0.42,7.13,29.78
2002-11-19,27.94,12.82,18.76,0.0,0.42,6.28,27.68
2002-11-20,24.71,10.34,16.59,0.02,0.41,6.39,23.57
2002-11-21,27.38,6.96,17.15,0.0,0.41,2.9,31.33
2002-11-22,29.19,7.49,18.92,0.0,0.41,1.3,31.61
2002-11-23,36.78,13.1,25.45,0.18,0.41,6.27,29.53
2002-11-24,29.68,16.72,22.77,0.66,0.41,14.46,6.79
2002-11-25,23.01,16.11,19.16,25.99,0.43,16.25,7.55
2002-11-26,20.14,11.93,15.36,4.29,0.46,9.65,15.78
2002-11-27,22.74,11.33,16.19,0.27,0.46,10.0,18.01
2002-11-28,27.76,9.48,18.4,0.0,0.45,10.35,29.58
2002-11-29,22.68,9.48,15.63,0.09,0.45,8.94,23.55
2002-11-30,24.41,8.14,15.83,0.0,0.44,4.33,32.08
2002-12-01,29.58,7.65,19.62,0.0,0.44,4.52,33.01
2002-12-02,29.44,10.12,19.67,0.0,0.43,5.96,29.36
2002-12-03,22.85,8.87,15.83,0.02,0.43,6.57,28.41
2002-12-04,17.01,12.7,14.31,2.92,0.43,7.56,18.4
2002-12-05,16.34,7.95,13.08,4.22,0.44,6.34,21.1
2002-12-06,20.46,7.91,13.52,0.34,0.44,4.12,21.27
2002-12-07,24.62,6.5,14.96,0.0,0.44,5.27,26.57
2002-12-08,23.83,8.07,15.41,0.09,0.43,6.79,26.52
2002-12-09,19.71,7.61,13.11,0.04,0.43,4.27,20.89
2002-12-10,22.94,6.27,14.27,0.0,0.43,6.12,29.94
2002-12-11,23.17,8.76,15.34,0.0,0.43,8.57,27.89
2002-12-12,22.59,10.62,15.46,0.01,0.42,7.23,23.86
2002-12-13,24.65,10.22,16.51,0.0,0.42,6.35,29.29
2002-12-14,31.94,8.21,20.24,0.0,0.42,6.36,31.75
2002-12-15,36.94,14.51,25.79,0.0,0.42,5.55,30.88
2002-12-16,34.18,15.17,24.34,0.01,0.41,10.08,30.15
2002-12-17,40.16,18.39,28.34,0.0,0.41,9.45,29.83
2002-12-18,32.16,17.85,25.02,0.0,0.41,10.19,25.13
2002-12-19,38.53,16.18,27.01,0.0,0.4,8.45,30.99
2002-12-20,37.55,16.41,26.67,0.0,0.4,8.37,31.48
2002-12-21,40.07,17.0,27.71,0.0,0.4,8.61,31.27
2002-12-22,26.06,11.29,19.06,0.0,0.4,5.37,29.21
2002-12-23,25.81,9.47,16.93,0.0,0.39,4.32,32.66
2002-12-24,28.03,11.17,18.42,0.0,0.39,6.35,32.6
2002-12-25,28.82,9.74,19.12,0.0,0.39,5.98,32.04
2002-12-26,30.16,9.86,19.97,0.0,0.39,4.84,31.83
2002-12-27,32.6,13.54,22.88,0.0,0.39,4.47,32.14
2002-12-28,35.01,15.88,25.82,0.0,0.39,3.88,29.27
2002-12-29,36.0,22.32,28.32,0.08,0.39,9.22,9.14
2002-12-30,37.8,22.25,28.25,8.4,0.39,16.52,18.53
2002-12-31,24.02,13.29,18.13,11.46,0.42,11.1,21.7
2003-01-01,20.55,11.66,14.84,1.15,0.42,7.97,17.97
2003-01-02,23.53,10.57,17.21,0.15,0.42,10.83,26.25
2003-01-03,26.29,10.42,17.94,0.04,0.41,9.35,25.78
2003-01-04,28.23,7.87,18.56,0.0,0.41,7.98,32.04
2003-01-05,32.93,12.01,22.79,0.0,0.41,7.53,33.15
2003-01-06,36.69,16.94,27.13,0.0,0.4,5.21,32.16
2003-01-07,38.79,13.72,25.04,0.0,0.4,7.87,21.12
2003-01-08,22.23,10.89,16.37,0.0,0.4,5.2,29.13
2003-01-09,26.68,9.87,17.99,0.0,0.4,7.2,32.03
2003-01-10,31.0,10.55,21.11,0.0,0.39,7.89,32.66
2003-01-11,34.53,13.39,24.43,0.0,0.39,6.1,31.56
2003-01-12,37.57,18.94,28.51,0.0,0.39,5.6,31.82
2003-01-13,34.22,14.98,23.33,0.0,0.39,6.58,19.86
2003-01-14,25.4,12.15,18.16,0.0,0.39,5.43,31.36
2003-01-15,29.86,12.31,20.33,0.0,0.39,8.29,31.44
2003-01-16,32.43,12.62,22.57,0.0,0.38,7.72,31.07
2003-01-17,38.95,15.68,26.38,0.0,0.38,7.85,30.35
2003-01-18,32.65,15.05,22.88,0.0,0.38,8.66,28.77
2003-01-19,38.78,13.43,27.43,0.0,0.38,5.2,25.85
2003-01-20,35.77,17.5,28.03,0.05,0.38,10.0,14.76
2003-01-21,28.77,14.1,20.54,0.0,0.38,8.35,31.5
2003-01-22,31.64,13.09,21.17,0.0,0.38,5.21,31.55
2003-01-23,36.39,10.78,24.02,0.0,0.38,3.15,32.04
2003-01-24,41.1,19.57,30.04,0.0,0.38,5.34,28.79
2003-01-25,45.82,21.87,34.04,0.0,0.38,2.11,29.56
2003-01-26,27.81,15.08,21.77,1.26,0.38,12.97,8.49
2003-01-27,30.46,11.2,20.73,0.0,0.38,4.49,31.71
2003-01-28,33.76,13.3,23.28,0.0,0.38,4.34,29.36
2003-01-29,39.85,20.52,29.88,6.86,0.38,8.66,20.95
2003-01-30,22.51,12.99,18.37,10.46,0.41,10.5,21.46
2003-01-31,23.23,11.13,16.6,1.0,0.41,6.43,23.14
2003-02-01,26.84,12.35,19.05,0.04,0.41,9.09,22.57
2003-02-02,30.12,10.61,20.89,0.0,0.4,5.48,30.04
2003-02-03,37.87,15.1,27.12,0.0,0.4,9.05,28.17
2003-02-04,40.34,21.65,30.29,0.03,0.4,8.16,26.7
2003-02-05,30.52,15.84,22.99,0.47,0.39,12.74,25.63
2003-02-06,31.2,13.66,21.99,0.0,0.39,9.77,29.57
2003-02-07,30.5,13.02,20.79,0.0,0.39,9.93,27.27
2003-02-08,29.44,11.84,19.99,0.0,0.39,6.3,29.66
2003-02-09,31.25,10.46,20.54,0.0,0.39,6.5,29.28
2003-02-10,28.75,11.26,20.02,0.0,0.39,7.05,29.2
2003-02-11,31.22,12.82,21.87,0.0,0.38,6.75,28.06
2003-02-12,35.29,13.74,24.3,0.0,0.38,4.69,24.39
2003-02-13,32.09,14.75,22.79,0.0,0.38,8.44,27.6
2003-02-14,32.96,11.77,22.24,0.0,0.38,5.88,27.75
2003-02-15,29.74,13.63,21.87,0.17,0.38,8.9,15.87
2003-02-16,24.25,15.64,19.91,2.28,0.39,12.3,17.14
2003-02-17,27.1,12.36,18.55,0.0,0.39,4.91,26.52
2003-02-18,27.99,10.58,18.45,0.0,0.38,5.38,27.3
2003-02-19,30.17,12.63,20.56,0.02,0.38,6.55,24.33
2003-02-20,21.14,17.31,18.92,22.75,0.4,14.23,5.14
2003-02-21,30.37,17.95,23.2,5.0,0.44,18.23,11.39
2003-02-22,31.51,16.69,23.33,0.16,0.43,16.16,16.06
2003-02-23,33.13,16.51,24.1,0.0,0.43,15.77,23.96
2003-02-24,34.9,17.93,25.49,0.01,0.42,16.89,23.78
2003-02-25,33.99,17.31,24.32,0.0,0.42,14.57,25.52
2003-02-26,33.84,15.01,22.82,0.01,0.41,11.92,26.31
2003-02-27,27.01,13.89,19.13,0.13,0.41,10.65,25.32
2003-02-28,19.62,12.24,15.35,2.45,0.41,7.01,19.04
2003-03-01,18.04,10.03,13.98,1.01,0.41,4.96,21.87
2003-03-02,21.06,11.31,15.3,0.03,0.41,7.76,12.69
2003-03-03,24.63,10.6,17.03,0.01,0.41,9.3,19.41
2003-03-04,23.97,9.89,16.38,0.01,0.41,8.87,21.96
2003-03-05,25.68,9.64,17.43,0.0,0.41,8.26,25.1
2003-03-06,28.08,9.88,18.61,0.0,0.41,5.46,25.2
2003-03-07,30.1,13.76,20.31,0.0,0.4,6.22,24.88
2003-03-08,24.63,10.94,16.65,0.0,0.4,6.27,24.29
2003-03-09,25.36,9.88,16.91,0.0,0.4,8.25,23.22
2003-03-10,27.78,11.67,19.44,0.0,0.4,10.8,21.81
2003-03-11,30.58,13.09,21.92,0.0,0.4,11.43,23.56
2003-03-12,33.32,15.2,23.83,0.0,0.4,10.19,23.54
2003-03-13,29.12,13.01,20.65,0.0,0.39,10.26,20.95
2003-03-14,24.67,10.08,17.04,0.0,0.39,8.54,18.43
2003-03-15,25.08,11.39,17.58,0.02,0.39,10.08,13.63
2003-03-16,27.71,10.57,19.11,0.0,0.39,9.42,22.74
2003-03-17,34.1,13.82,23.88,0.0,0.39,6.57,22.73
2003-03-18,35.27,18.34,26.45,0.0,0.39,8.45,18.64
2003-03-19,20.78,11.6,15.99,17.63,0.41,10.98,8.09
2003-03-20,16.64,10.26,13.47,1.76,0.42,7.24,13.7
2003-03-21,17.32,8.14,12.81,0.05,0.42,7.12,11.59
2003-03-22,22.14,9.62,15.05,0.16,0.42,8.51,11.62
2003-03-23,22.43,10.05,15.45,0.05,0.42,7.77,15.33
2003-03-24,26.51,8.51,16.74,0.0,0.41,8.14,20.81
2003-03-25,22.03,10.8,15.9,0.02,0.41,8.95,18.87
2003-03-26,23.2,10.2,16.18,0.03,0.41,10.37,16.94
2003-03-27,24.73,10.51,16.84,0.01,0.41,10.98,16.73
2003-03-28,24.57,10.4,16.92,0.01,0.41,10.15,16.05
2003-03-29,23.87,9.72,16.12,0.01,0.41,9.15,17.21
2003-03-30,22.01,9.63,15.65,0.02,0.41,10.01,16.03
2003-03-31,25.35,8.89,17.17,0.0,0.41,9.26,18.51
2003-04-01,25.24,13.43,18.93,0.33,0.41,10.15,12.18
2003-04-02,23.18,12.35,17.57,0.24,0.41,11.98,9.43
2003-04-03,21.0,9.26,14.18,0.0,0.4,4.94,16.39
2003-04-04,23.08,6.77,14.34,0.0,0.4,4.43,19.66
2003-04-05,25.53,7.38,16.41,0.0,0.4,4.51,19.48
2003-04-06,28.19,11.67,19.62,0.0,0.4,3.1,17.77
2003-04-07,27.26,14.81,19.0,6.13,0.4,7.18,5.32
2003-04-08,20.42,9.61,15.18,0.84,0.41,9.69,9.49
2003-04-09,21.99,7.16,13.95,0.0,0.41,6.23,18.22
2003-04-10,24.56,7.75,14.86,3.68,0.41,7.1,13.37
2003-04-11,23.72,9.6,15.87,0.16,0.41,9.83,16.56
2003-04-12,24.68,9.28,17.26,1.52,0.41,10.32,12.7
2003-04-13,23.6,12.87,17.68,0.5,0.41,8.5,10.59
2003-04-14,19.82,13.92,15.97,3.45,0.42,10.51,11.67
2003-04-15,18.68,7.59,14.11,1.85,0.42,7.12,13.79
2003-04-16,18.51,5.52,11.65,0.0,0.42,5.04,12.53
2003-04-17,21.46,6.74,12.93,0.0,0.42,4.66,17.01
2003-04-18,23.55,7.67,15.29,0.0,0.42,7.28,16.62
2003-04-19,25.17,8.89,16.08,0.0,0.41,6.79,16.61
2003-04-20,25.06,8.23,15.41,0.01,0.41,6.76,16.44
2003-04-21,25.0,8.71,15.82,0.02,0.41,8.47,15.16
2003-04-22,26.59,9.69,17.4,0.01,0.41,10.59,15.52
2003-04-23,26.14,11.87,17.87,0.0,0.41,8.72,15.09
2003-04-24,24.15,9.63,15.52,0.03,0.41,8.15,15.5
2003-04-25,25.68,9.29,16.32,0.0,0.41,7.59,15.61
2003-04-26,25.29,11.05,17.43,0.0,0.41,8.3,14.6
2003-04-27,26.16,12.55,18.75,0.0,0.4,8.52,14.68
2003-04-28,24.89,10.92,16.26,0.02,0.4,10.51,10.79
2003-04-29,19.36,9.77,13.84,0.78,0.4,10.23,12.33
2003-04-30,17.67,9.15,13.6,5.64,0.41,10.61,6.29
2003-05-01,17.56,6.26,11.19,0.01,0.41,6.53,11.83
2003-05-02,19.64,8.92,13.96,0.31,0.41,10.94,7.99
2003-05-03,19.98,8.62,14.18,0.18,0.41,9.91,11.14
2003-05-04,18.66,5.09,10.64,0.0,0.41,3.44,14.95
2003-05-05,22.37,5.25,12.26,0.01,0.41,1.79,14.51
2003-05-06,22.28,7.06,14.3,0.0,0.41,2.51,13.11
2003-05-07,23.74,10.45,16.15,0.0,0.41,5.67,10.7
2003-05-08,23.08,9.51,15.35,0.14,0.41,6.0,12.12
2003-05-09,22.32,11.5,15.64,0.18,0.41,9.3,10.17
2003-05-10,18.63,9.46,13.17,3.19,0.41,7.97,5.54
2003-05-11,17.77,10.54,13.1,0.8,0.41,9.05,6.12
2003-05-12,20.38,10.69,14.25,0.56,0.41,10.04,8.33
2003-05-13,22.89,10.51,15.42,0.09,0.41,8.31,12.02
2003-05-14,18.92,10.66,14.02,1.1,0.41,10.67,5.35
2003-05-15,18.96,10.56,13.9,1.36,0.41,10.39,7.02
2003-05-16,20.02,9.06,13.96,0.01,0.41,9.47,6.39
2003-05-17,19.6,9.82,14.43,1.35,0.41,7.85,5.71
2003-05-18,20.32,12.08,15.69,6.22,0.42,11.82,7.83
2003-05-19,17.31,10.71,13.62,7.48,0.43,10.94,7.66
2003-05-20,16.87,9.39,12.4,3.28,0.44,9.86,8.04
2003-05-21,13.84,8.61,10.97,0.15,0.44,5.47,7.79
2003-05-22,15.04,6.58,10.09,0.1,0.44,3.23,8.54
2003-05-23,13.79,5.79,9.79,2.2,0.44,5.95,4.44
2003-05-24,17.43,8.48,12.23,2.22,0.44,9.89,5.28
2003-05-25,16.73,7.05,11.09,0.07,0.44,8.9,5.92
2003-05-26,16.11,6.48,10.21,0.02,0.44,5.66,9.99
2003-05-27,16.77,4.92,9.71,0.0,0.44,6.34,11.25
2003-05-28,17.44,4.77,9.78,0.04,0.44,4.05,11.33
2003-05-29,17.64,3.15,10.07,0.0,0.44,1.78,11.32
2003-05-30,19.43,4.95,10.67,0.0,0.44,3.4,11.43
2003-05-31,19.92,7.65,13.04,0.16,0.44,5.37,6.31
2003-06-01,19.73,9.53,13.98,0.07,0.44,7.47,5.58
2003-06-02,19.24,10.35,13.82,5.18,0.43,7.44,8.85
2003-06-03,16.51,9.32,11.88,1.13,0.44,8.69,7.75
2003-06-04,18.34,8.09,12.15,14.23,0.45,7.98,7.59
2003-06-05,15.71,10.0,12.5,10.98,0.48,7.31,8.58
2003-06-06,14.1,8.38,11.49,14.33,0.5,8.12,4.88
2003-06-07,14.36,9.14,11.05,2.24,0.51,7.33,8.63
2003-06-08,15.44,6.82,10.71,1.0,0.51,9.14,8.38
2003-06-09,14.36,6.61,9.71,0.08,0.51,7.01,5.61
2003-06-10,15.21,4.43,8.79,0.0,0.5,3.78,8.08
2003-06-11,16.6,4.66,9.28,0.0,0.5,2.29,10.47
2003-06-12,12.96,5.17,8.33,5.6,0.51,4.35,4.51
2003-06-13,13.33,6.41,9.47,8.77,0.52,7.75,6.16
2003-06-14,13.24,8.44,10.21,1.93,0.52,7.49,9.17
2003-06-15,12.89,7.44,10.03,2.75,0.53,8.96,7.52
2003-06-16,14.76,7.33,9.81,0.31,0.53,8.42,8.7
2003-06-17,15.47,7.81,10.56,0.38,0.52,9.33,6.02
2003-06-18,13.56,7.72,9.89,0.56,0.52,9.02,5.87
2003-06-19,14.02,5.54,8.88,0.72,0.52,7.87,6.92
2003-06-20,12.86,5.41,7.91,0.62,0.52,6.14,7.26
2003-06-21,13.56,6.73,9.64,5.77,0.53,8.02,5.91
2003-06-22,12.8,6.65,9.48,3.17,0.54,7.31,7.66
2003-06-23,12.96,5.35,8.44,0.03,0.54,5.48,8.22
2003-06-24,12.13,4.36,7.73,0.0,0.53,4.29,6.84
2003-06-25,12.44,1.94,5.93,0.0,0.53,2.54,7.19
2003-06-26,14.65,1.86,7.7,2.28,0.53,1.52,9.49
2003-06-27,16.52,7.25,10.67,14.48,0.56,9.45,6.08
2003-06-28,15.42,7.9,11.37,7.57,0.56,10.41,6.55
2003-06-29,15.21,9.8,11.97,3.79,0.57,10.69,6.23
2003-06-30,13.35,8.68,10.4,0.57,0.57,9.11,5.38
2003-07-01,13.12,7.86,9.63,0.33,0.57,7.8,6.08
2003-07-02,13.4,6.92,9.55,1.2,0.57,7.93,5.42
2003-07-03,14.8,4.7,8.77,0.25,0.57,6.41,8.34
2003-07-04,15.55,6.72,9.94,0.0,0.57,6.67,7.63
2003-07-05,17.48,6.44,10.2,0.0,0.56,5.65,9.5
2003-07-06,16.64,4.66,9.99,0.0,0.56,3.05,10.6
2003-07-07,16.1,7.32,10.54,0.95,0.56,7.48,7.49
2003-07-08,15.75,5.66,9.63,0.46,0.56,8.93,8.75
2003-07-09,14.39,7.74,10.04,0.04,0.56,8.16,6.12
2003-07-10,16.03,6.69,9.78,0.0,0.56,5.7,9.77
2003-07-11,15.52,6.06,10.33,9.65,0.56,6.32,6.51
2003-07-12,14.17,7.59,9.69,4.93,0.58,6.85,9.17
2003-07-13,14.34,6.85,9.87,0.77,0.57,8.24,9.79
2003-07-14,16.24,5.87,9.94,0.0,0.57,4.79,11.05
2003-07-15,13.66,4.55,8.72,4.09,0.57,5.81,5.93
2003-07-16,12.94,5.26,7.69,0.09,0.57,5.33,9.75
2003-07-17,13.68,4.57,8.56,0.05,0.57,5.95,9.65
2003-07-18,12.37,3.48,7.3,0.06,0.57,5.68,9.96
2003-07-19,13.16,3.3,7.29,0.0,0.57,5.11,9.39
2003-07-20,14.52,1.28,6.7,0.0,0.57,3.55,11.99
2003-07-21,16.52,3.87,9.2,3.11,0.57,5.97,11.0
2003-07-22,14.95,6.34,10.6,1.9,0.57,7.49,7.91
2003-07-23,11.28,3.07,7.2,8.09,0.57,4.93,6.4
2003-07-24,11.9,7.74,9.34,7.41,0.58,6.85,8.04
2003-07-25,10.43,4.45,7.5,4.91,0.6,4.92,8.33
2003-07-26,12.66,2.8,7.15,0.11,0.6,4.47,7.76
2003-07-27,14.9,2.48,7.71,0.0,0.59,2.03,11.76
2003-07-28,13.82,3.34,8.1,12.98,0.6,4.62,6.46
2003-07-29,11.6,3.43,7.43,1.9,0.61,3.99,11.06
2003-07-30,12.05,2.97,6.77,0.23,0.61,4.65,10.44
2003-07-31,12.98,3.03,7.96,0.1,0.6,5.58,8.32
2003-08-01,14.31,2.8,7.86,0.0,0.6,4.03,13.13
2003-08-02,16.06,2.76,8.55,0.01,0.6,5.72,10.86
2003-08-03,15.97,4.44,10.3,0.0,0.6,1.67,9.75
2003-08-04,15.05,5.91,10.55,0.5,0.59,3.05,5.24
2003-08-05,11.26,6.99,9.12,2.88,0.59,6.85,8.77
2003-08-06,13.67,7.22,10.02,2.57,0.59,7.42,8.78
2003-08-07,13.76,6.82,9.46,1.99,0.59,7.21,8.94
2003-08-08,14.01,6.0,8.84,5.65,0.6,7.43,8.67
2003-08-09,11.8,1.7,6.39,0.11,0.6,2.05,12.26
2003-08-10,9.34,0.8,4.87,2.39,0.6,1.81,7.35
2003-08-11,12.44,3.32,7.39,0.99,0.6,6.15,4.63
2003-08-12,19.2,5.71,11.67,6.44,0.6,9.33,5.99
2003-08-13,15.48,7.48,10.39,3.0,0.61,8.92,6.39
2003-08-14,12.57,3.32,7.67,0.1,0.61,3.48,12.42
2003-08-15,11.64,2.05,6.78,0.09,0.61,3.27,10.06
2003-08-16,12.74,0.76,6.5,0.0,0.6,2.01,14.41
2003-08-17,14.36,3.85,7.74,3.06,0.6,3.97,7.51
2003-08-18,12.1,1.81,6.19,0.01,0.6,2.86,13.92
2003-08-19,13.23,1.37,6.11,0.01,0.6,2.81,16.0
2003-08-20,13.49,1.64,6.83,4.04,0.6,1.54,15.21
2003-08-21,15.22,4.86,9.22,8.57,0.61,6.62,9.47
2003-08-22,15.78,5.66,10.05,0.11,0.61,6.66,12.73
2003-08-23,12.47,5.53,9.09,22.81,0.62,7.65,2.61
2003-08-24,12.99,7.8,10.2,10.18,0.66,8.0,9.67
2003-08-25,11.79,5.28,8.85,3.24,0.66,5.57,14.43
2003-08-26,11.59,5.13,8.08,2.69,0.66,6.01,14.71
2003-08-27,14.24,4.79,9.43,0.7,0.66,7.52,14.49
2003-08-28,15.42,6.89,10.19,0.05,0.65,6.74,12.37
2003-08-29,16.11,6.6,11.29,7.69,0.65,5.2,11.14
2003-08-30,10.58,6.35,8.29,7.03,0.66,4.98,14.54
2003-08-31,12.02,4.42,8.29,2.74,0.67,5.03,15.07
2003-09-01,12.1,3.17,7.92,0.52,0.66,5.75,13.77
2003-09-02,12.61,6.95,9.59,0.87,0.66,7.81,12.39
2003-09-03,15.69,4.9,9.45,0.0,0.66,6.0,17.43
2003-09-04,17.76,3.37,10.2,0.04,0.65,5.72,19.3
2003-09-05,15.32,7.35,10.84,0.56,0.65,7.12,15.66
2003-09-06,14.17,4.52,9.04,1.63,0.65,6.46,12.38
2003-09-07,15.54,3.1,8.68,0.1,0.64,5.91,17.52
2003-09-08,17.75,4.06,11.05,0.03,0.64,5.77,15.24
2003-09-09,17.22,7.38,11.64,0.06,0.63,9.03,14.8
2003-09-10,16.36,5.72,10.36,0.67,0.63,8.56,12.83
2003-09-11,14.84,2.39,10.38,2.44,0.63,8.23,6.56
2003-09-12,14.06,6.32,9.5,0.16,0.63,6.05,17.92
2003-09-13,12.84,5.0,9.06,6.21,0.63,6.3,8.92
2003-09-14,10.86,6.04,8.64,9.11,0.64,5.31,14.49
2003-09-15,12.66,7.37,9.82,4.74,0.65,7.43,13.43
2003-09-16,13.96,8.63,11.15,1.85,0.65,9.38,13.31
2003-09-17,13.96,10.14,12.0,2.26,0.65,10.32,10.0
2003-09-18,16.05,7.71,11.37,0.61,0.65,8.69,14.49
2003-09-19,13.88,6.0,10.43,0.6,0.64,6.62,17.06
2003-09-20,19.82,2.02,11.95,0.63,0.64,6.75,21.98
2003-09-21,17.74,7.01,13.47,0.0,0.63,8.18,22.19
2003-09-22,23.31,6.83,12.68,0.11,0.62,8.72,7.97
2003-09-23,22.17,7.31,13.47,1.31,0.61,8.79,20.17
2003-09-24,17.04,9.49,13.34,1.62,0.61,8.01,16.37
2003-09-25,16.12,7.7,12.61,1.89,0.6,8.79,16.16
2003-09-26,14.3,6.44,10.11,7.45,0.61,6.68,14.37
2003-09-27,13.69,3.81,8.22,0.92,0.61,2.89,21.12
2003-09-28,17.69,0.58,9.17,1.1,0.6,4.09,21.35
2003-09-29,13.34,2.71,7.5,0.11,0.6,2.5,20.04
2003-09-30,15.26,0.89,8.53,0.2,0.6,3.21,22.11
2003-10-01,13.03,6.06,9.23,9.9,0.61,7.41,6.48
2003-10-02,15.14,6.61,10.42,1.24,0.61,7.33,13.27
2003-10-03,15.76,5.6,10.66,0.01,0.6,7.09,14.7
2003-10-04,16.39,4.04,10.17,0.0,0.6,6.15,19.52
2003-10-05,17.27,5.23,10.98,0.0,0.59,6.77,19.84
2003-10-06,16.92,4.53,10.08,0.0,0.59,6.73,21.56
2003-10-07,16.54,4.47,11.08,1.92,0.58,8.35,14.16
2003-10-08,13.71,4.67,9.21,0.17,0.58,4.27,19.04
2003-10-09,13.73,3.62,8.83,1.79,0.58,4.2,18.16
2003-10-10,13.92,3.95,8.72,0.57,0.58,3.77,18.84
2003-10-11,15.75,2.34,8.9,0.08,0.57,4.77,18.59
2003-10-12,17.6,4.52,10.37,0.0,0.57,6.14,25.75
2003-10-13,21.47,5.75,13.64,0.0,0.56,7.01,26.04
2003-10-14,24.44,7.85,16.33,0.02,0.55,7.35,26.72
2003-10-15,18.56,7.66,13.19,0.16,0.55,8.5,18.98
2003-10-16,19.1,7.9,12.77,0.13,0.54,8.8,18.67
2003-10-17,23.98,6.09,15.71,0.0,0.54,8.77,27.16
2003-10-18,29.34,10.52,19.51,0.84,0.53,9.52,25.36
2003-10-19,16.38,9.74,12.81,1.51,0.52,6.39,21.71
2003-10-20,17.64,10.66,13.94,1.91,0.52,10.41,14.27
2003-10-21,16.22,8.72,12.78,7.31,0.53,8.83,15.73
2003-10-22,17.52,6.11,11.83,0.78,0.53,5.77,21.57
2003-10-23,17.06,9.31,12.86,1.09,0.53,8.88,16.21
2003-10-24,19.2,8.43,13.48,0.03,0.52,8.56,19.22
2003-10-25,16.86,6.98,12.01,1.69,0.52,8.2,13.15
2003-10-26,17.62,5.42,10.6,0.01,0.52,5.0,17.34
2003-10-27,18.41,4.38,11.33,4.36,0.51,5.03,25.66
2003-10-28,18.48,6.74,11.16,4.9,0.52,7.87,14.57
2003-10-29,15.5,5.88,10.41,0.79,0.52,5.09,20.36
2003-10-30,18.42,6.41,11.8,7.92,0.52,6.68,20.41
2003-10-31,14.84,5.12,9.6,4.22,0.53,6.38,20.1
2003-11-01,15.79,7.83,11.04,3.61,0.53,6.99,18.86
2003-11-02,18.12,4.92,11.6,0.49,0.53,5.84,26.95
2003-11-03,19.22,4.36,11.38,0.0,0.53,4.89,26.86
2003-11-04,27.38,5.0,16.0,0.0,0.52,5.96,30.65
2003-11-05,27.07,8.9,17.64,0.0,0.51,9.67,15.73
2003-11-06,24.53,8.16,16.42,0.0,0.51,9.22,30.13
2003-11-07,22.15,5.54,13.83,0.0,0.5,7.8,29.76
2003-11-08,22.86,6.54,14.83,0.0,0.49,8.51,26.93
2003-11-09,23.74,7.93,15.96,0.0,0.49,9.18,26.42
2003-11-10,25.91,8.21,16.86,0.0,0.49,8.79,31.08
2003-11-11,24.11,7.88,15.65,0.0,0.48,9.7,31.08
2003-11-12,24.45,8.06,15.92,0.0,0.48,7.01,31.13
2003-11-13,29.71,7.57,18.71,0.0,0.47,6.39,31.85
2003-11-14,34.53,11.71,24.2,0.0,0.47,5.11,32.36
2003-11-15,35.7,12.73,22.6,0.0,0.46,8.35,30.29
2003-11-16,23.16,10.16,15.78,0.0,0.46,4.77,31.68
2003-11-17,29.79,8.11,19.73,0.0,0.45,5.65,30.59
2003-11-18,29.91,16.36,22.62,5.16,0.45,13.99,21.16
2003-11-19,37.62,18.62,26.8,1.25,0.46,16.84,26.97
2003-11-20,27.74,11.89,19.86,2.86,0.45,10.74,25.81
2003-11-21,25.75,8.81,16.69,0.25,0.45,6.78,28.17
2003-11-22,18.5,9.99,13.56,0.03,0.45,5.05,13.27
2003-11-23,21.48,9.87,15.15,0.11,0.45,7.69,18.24
2003-11-24,24.89,7.96,16.57,0.0,0.44,7.26,30.62
2003-11-25,27.01,8.9,18.27,0.0,0.44,6.39,32.81
2003-11-26,29.46,10.47,20.45,0.0,0.44,6.49,32.7
2003-11-27,32.4,12.05,22.79,0.0,0.43,5.48,33.25
2003-11-28,33.36,15.93,24.61,0.0,0.43,6.64,22.97
2003-11-29,35.08,17.59,24.47,0.56,0.43,7.21,15.89
2003-11-30,26.31,14.0,20.9,0.12,0.42,11.1,19.93
2003-12-01,27.08,11.6,18.53,0.03,0.42,7.77,27.38
2003-12-02,31.52,10.44,20.48,0.0,0.42,7.93,32.15
2003-12-03,31.24,10.41,21.02,0.0,0.42,8.4,32.19
2003-12-04,27.71,12.47,19.27,0.0,0.41,9.66,26.42
2003-12-05,24.44,9.76,16.78,0.0,0.41,4.84,27.83
2003-12-06,27.92,8.55,18.09,0.0,0.41,3.79,34.32
2003-12-07,33.36,10.88,22.61,0.0,0.41,8.43,31.99
2003-12-08,32.99,14.77,23.07,0.0,0.41,9.33,28.72
2003-12-09,38.96,15.16,28.39,0.07,0.4,8.5,30.49
2003-12-10,24.92,15.98,19.48,0.11,0.4,9.87,23.16
2003-12-11,24.68,12.58,18.32,0.09,0.4,8.56,22.71
2003-12-12,21.47,12.67,16.0,0.67,0.4,8.98,15.14
2003-12-13,23.92,12.08,17.53,0.52,0.4,9.94,22.52
2003-12-14,30.29,10.38,20.07,0.0,0.4,9.11,33.88
2003-12-15,37.41,13.88,26.44,0.0,0.4,6.34,34.38
2003-12-16,40.4,21.51,30.43,0.0,0.39,6.5,31.69
2003-12-17,33.75,17.5,25.66,6.15,0.39,12.73,15.22
2003-12-18,31.84,15.76,23.08,0.48,0.4,14.56,30.38
2003-12-19,33.62,16.22,24.1,8.98,0.4,13.62,14.91
2003-12-20,29.83,18.25,23.69,1.62,0.42,15.71,21.18
2003-12-21,30.67,15.55,21.44,15.85,0.43,15.38,12.78
2003-12-22,23.94,11.33,17.64,1.43,0.44,10.25,18.59
2003-12-23,27.31,9.03,18.12,0.01,0.44,7.7,32.92
2003-12-24,33.05,11.6,21.91,0.0,0.43,6.7,34.33
2003-12-25,28.1,12.29,19.28,0.0,0.43,10.05,33.28
2003-12-26,25.07,11.14,17.05,0.0,0.42,6.63,31.82
2003-12-27,27.08,9.66,18.28,0.0,0.42,4.35,33.61
2003-12-28,32.91,9.85,21.83,0.0,0.42,3.82,34.9
2003-12-29,38.44,16.34,27.66,0.0,0.41,3.65,13.4
2003-12-30,35.35,15.89,26.8,0.0,0.41,11.57,31.61
2003-12-31,31.55,14.2,21.72,0.0,0.4,8.49,32.18
2004-01-01,30.43,12.47,20.94,0.0,0.4,10.55,33.12
2004-01-02,35.52,13.15,24.14,0.0,0.4,10.17,33.21
2004-01-03,38.5,17.28,27.5,0.02,0.4,11.27,29.02
2004-01-04,26.37,12.34,19.72,7.23,0.41,12.3,19.46
2004-01-05,24.22,10.1,16.73,0.02,0.41,7.95,24.74
2004-01-06,21.79,12.03,16.83,0.55,0.41,8.71,9.82
2004-01-07,19.33,11.3,15.7,5.79,0.41,8.25,19.32
2004-01-08,20.29,9.88,14.83,0.44,0.41,5.28,26.4
2004-01-09,21.77,12.1,16.07,0.08,0.41,8.95,16.8
2004-01-10,23.3,13.06,17.98,0.4,0.41,10.9,23.6
2004-01-11,23.39,11.4,17.38,0.07,0.41,7.36,27.42
2004-01-12,27.15,9.22,18.19,0.0,0.41,6.65,33.35
2004-01-13,25.43,10.28,17.59,0.0,0.4,8.6,33.09
2004-01-14,26.95,9.23,17.83,0.0,0.4,4.68,33.66
2004-01-15,28.95,9.3,18.82,0.0,0.4,6.28,33.8
2004-01-16,28.09,10.89,18.4,0.01,0.4,9.43,31.76
2004-01-17,21.13,9.14,15.46,0.27,0.4,6.36,20.72
2004-01-18,23.99,6.92,16.17,0.0,0.39,1.46,33.37
2004-01-19,33.06,11.04,22.98,0.0,0.39,-1.46,32.34
2004-01-20,27.64,13.15,21.87,0.02,0.39,6.68,30.99
2004-01-21,24.19,10.38,17.16,0.01,0.39,9.29,27.46
2004-01-22,23.99,12.21,17.9,0.01,0.39,8.01,25.44
2004-01-23,25.69,9.68,17.22,0.0,0.39,7.25,28.98
2004-01-24,22.69,9.73,16.71,0.0,0.39,8.31,29.5
2004-01-25,26.37,11.65,18.89,0.0,0.39,9.12,25.45
2004-01-26,28.02,10.29,19.14,0.0,0.39,8.61,26.49
2004-01-27,24.55,11.05,17.01,0.01,0.38,8.66,23.91
2004-01-28,22.89,10.2,16.35,0.53,0.38,9.06,21.7
2004-01-29,24.71,13.32,18.17,0.56,0.38,10.04,21.75
2004-01-30,26.09,12.37,18.27,0.67,0.39,11.26,17.83
2004-01-31,22.86,12.43,16.89,0.28,0.39,10.85,15.49
2004-02-01,23.24,12.42,17.14,0.27,0.38,10.84,17.75
2004-02-02,25.13,10.67,17.01,0.0,0.38,7.68,27.14
2004-02-03,26.43,11.58,18.13,0.0,0.38,7.72,28.65
2004-02-04,29.12,10.85,19.72,0.0,0.38,6.85,30.59
2004-02-05,36.98,14.59,25.31,0.0,0.38,3.86,30.89
2004-02-06,35.19,17.07,24.87,0.0,0.38,6.61,26.8
2004-02-07,38.68,14.18,26.47,0.0,0.38,8.09,29.07
2004-02-08,34.74,16.88,25.66,0.0,0.38,8.19,21.88
2004-02-09,30.33,15.2,21.91,0.0,0.38,8.41,21.56
2004-02-10,35.72,18.77,24.75,0.62,0.38,10.22,10.73
2004-02-11,32.04,17.3,24.02,4.6,0.39,14.98,19.54
2004-02-12,36.86,17.69,26.26,0.62,0.39,14.31,28.2
2004-02-13,37.76,15.51,26.8,0.0,0.39,13.01,28.83
2004-02-14,44.89,23.83,33.18,0.01,0.38,14.69,25.72
2004-02-15,37.05,21.51,29.77,0.05,0.38,16.7,24.48
2004-02-16,33.71,15.82,23.83,0.0,0.38,5.19,29.53
2004-02-17,33.5,13.78,22.93,0.0,0.38,5.7,24.48
2004-02-18,34.08,13.8,22.54,0.0,0.38,6.32,28.83
2004-02-19,34.59,12.86,23.89,0.0,0.38,6.13,27.53
2004-02-20,35.98,16.71,25.94,0.0,0.38,8.86,26.35
2004-02-21,24.41,13.58,17.8,2.15,0.38,10.09,8.49
2004-02-22,23.24,12.17,16.76,0.05,0.38,5.35,24.6
2004-02-23,26.28,11.17,18.5,0.02,0.38,6.84,25.02
2004-02-24,25.94,11.86,17.96,0.0,0.38,5.51,24.01
2004-02-25,31.67,10.9,21.47,0.0,0.38,8.87,26.08
2004-02-26,31.6,14.02,21.77,0.0,0.38,10.27,25.09
2004-02-27,29.59,12.59,20.23,0.0,0.38,9.05,25.46
2004-02-28,28.36,14.13,20.2,0.03,0.38,9.23,19.36
2004-02-29,23.6,10.86,16.33,0.0,0.38,3.74,26.97
2004-03-01,27.67,8.83,18.16,0.0,0.38,1.5,26.87
2004-03-02,34.35,12.92,23.2,0.0,0.38,-2.65,27.84
2004-03-03,35.92,18.1,26.56,0.0,0.38,0.17,23.78
2004-03-04,39.5,17.2,26.25,0.0,0.38,7.17,23.38
2004-03-05,29.22,16.2,21.93,0.76,0.38,9.02,13.92
2004-03-06,25.32,12.96,18.46,0.7,0.38,10.12,12.2
2004-03-07,24.85,11.66,16.73,0.0,0.38,5.01,25.57
2004-03-08,30.44,9.28,19.31,10.63,0.38,5.1,24.24
2004-03-09,23.29,11.18,17.31,0.34,0.4,11.07,16.84
2004-03-10,23.82,11.21,16.6,0.0,0.4,6.85,22.35
2004-03-11,23.39,9.39,15.64,0.0,0.4,7.53,20.86
2004-03-12,23.15,9.8,15.67,0.01,0.39,9.03,15.19
2004-03-13,24.51,10.22,16.74,0.0,0.39,9.09,23.04
2004-03-14,25.79,10.93,17.75,0.0,0.39,8.53,23.48
2004-03-15,24.28,9.59,16.72,0.0,0.39,9.11,22.33
2004-03-16,25.24,10.73,17.61,0.0,0.39,8.85,22.52
2004-03-17,24.95,10.27,16.53,0.0,0.39,7.96,23.27
2004-03-18,25.18,7.75,16.06,0.0,0.39,7.78,23.13
2004-03-19,28.21,9.51,18.3,0.0,0.39,9.72,22.72
2004-03-20,24.92,12.58,17.86,0.01,0.39,9.84,17.74
2004-03-21,24.5,9.29,15.88,0.0,0.38,5.82,23.05
2004-03-22,27.71,7.93,16.98,0.0,0.38,5.45,22.64
2004-03-23,28.07,8.98,17.67,0.0,0.38,6.54,22.54
2004-03-24,31.62,10.34,20.26,0.0,0.38,4.47,22.37
2004-03-25,28.29,11.14,19.2,0.0,0.38,5.46,18.47
2004-03-26,24.71,10.03,16.27,0.0,0.38,7.83,21.49
2004-03-27,30.95,9.49,20.07,0.0,0.38,6.11,21.48
2004-03-28,33.83,13.27,22.43,14.04,0.39,3.67,14.62
2004-03-29,17.23,12.06,14.19,1.19,0.41,8.32,15.79
2004-03-30,17.81,10.95,13.81,0.03,0.41,9.54,7.66
2004-03-31,18.02,10.37,13.78,0.07,0.41,9.72,10.72
2004-04-01,20.36,9.82,15.08,0.21,0.41,9.52,11.77
2004-04-02,22.17,8.4,14.21,0.0,0.4,7.23,14.98
2004-04-03,22.45,7.82,14.82,0.01,0.4,8.31,19.37
2004-04-04,25.08,9.4,16.57,0.0,0.4,6.29,18.37
2004-04-05,28.97,9.62,19.21,0.0,0.4,7.09,19.01
2004-04-06,27.92,10.83,19.35,0.0,0.4,9.08,18.14
2004-04-07,24.62,8.37,15.29,0.0,0.4,5.97,19.46
2004-04-08,24.42,7.63,15.12,0.0,0.4,5.38,19.33
2004-04-09,24.65,8.0,16.46,0.03,0.39,6.72,17.07
2004-04-10,26.79,13.99,19.05,0.51,0.39,8.25,6.27
2004-04-11,25.35,12.47,17.8,0.02,0.39,12.24,12.07
2004-04-12,25.21,10.04,17.75,0.01,0.39,9.12,14.71
2004-04-13,32.37,15.91,22.1,0.02,0.39,9.04,10.76
2004-04-14,29.02,17.28,21.52,0.76,0.39,13.0,12.34
2004-04-15,23.4,11.92,17.41,0.65,0.39,12.32,9.23
2004-04-16,20.38,11.73,15.28,1.5,0.39,9.16,12.93
2004-04-17,18.07,9.45,14.89,0.07,0.39,8.97,10.71
2004-04-18,19.01,8.43,12.83,0.02,0.39,7.87,14.33
2004-04-19,20.23,7.67,13.24,0.0,0.39,6.21,15.98
2004-04-20,25.82,8.51,16.36,0.0,0.39,5.15,15.9
2004-04-21,30.17,13.18,20.32,0.0,0.39,5.59,14.55
2004-04-22,29.5,12.47,18.97,4.84,0.39,6.62,12.92
2004-04-23,17.12,7.59,12.52,0.56,0.4,6.02,13.92
2004-04-24,16.83,6.6,10.58,0.02,0.4,3.72,10.02
2004-04-25,14.11,7.29,10.7,0.02,0.4,6.45,7.08
2004-04-26,18.72,7.08,12.07,0.14,0.4,8.12,9.81
2004-04-27,19.37,7.33,12.41,0.03,0.4,7.03,11.73
2004-04-28,18.87,7.3,11.55,0.0,0.39,7.09,14.91
2004-04-29,16.89,7.2,11.37,3.07,0.4,8.34,8.39
2004-04-30,15.14,9.87,12.09,5.77,0.4,7.95,10.56
2004-05-01,12.83,6.74,9.7,2.36,0.41,4.54,12.47
2004-05-02,15.79,6.36,11.3,0.64,0.41,8.16,10.7
2004-05-03,18.35,8.97,13.27,0.23,0.41,9.26,10.08
2004-05-04,17.33,6.25,12.3,1.15,0.41,9.13,9.06
2004-05-05,17.15,6.39,10.9,0.0,0.41,5.16,11.2
2004-05-06,16.63,6.31,11.21,0.0,0.41,5.62,9.21
2004-05-07,18.49,6.09,11.34,0.0,0.41,5.43,8.98
2004-05-08,18.3,5.86,10.92,0.0,0.41,5.6,10.74
2004-05-09,19.1,6.18,11.35,0.01,0.41,7.05,12.78
2004-05-10,17.41,5.27,9.4,0.0,0.41,4.56,13.9
2004-05-11,16.99,4.93,9.52,0.0,0.41,4.2,13.76
2004-05-12,19.09,3.33,10.74,0.01,0.41,5.02,11.37
2004-05-13,19.98,6.68,12.17,0.02,0.41,5.67,10.7
2004-05-14,22.02,8.21,14.47,0.06,0.4,8.55,9.39
2004-05-15,17.63,8.81,12.42,3.98,0.4,9.7,7.91
2004-05-16,17.87,8.59,12.14,0.7,0.41,8.32,8.99
2004-05-17,15.43,9.14,11.74,7.1,0.41,7.05,4.31
2004-05-18,15.71,6.42,11.34,7.05,0.44,8.09,10.38
2004-05-19,17.61,8.62,12.34,0.1,0.44,7.98,8.36
2004-05-20,19.18,10.66,13.75,0.24,0.43,11.39,7.47
2004-05-21,19.97,8.52,14.2,0.06,0.43,10.31,8.43
2004-05-22,21.93,10.17,15.68,0.0,0.43,5.02,10.83
2004-05-23,16.34,10.47,13.96,7.16,0.44,8.86,4.69
2004-05-24,17.91,8.71,12.65,0.4,0.44,9.31,10.25
2004-05-25,16.09,8.65,11.57,0.64,0.44,8.69,9.33
2004-05-26,14.37,5.64,9.61,0.4,0.44,6.3,9.54
2004-05-27,15.37,6.31,10.66,0.89,0.44,8.12,6.95
2004-05-28,15.12,5.51,10.96,1.44,0.44,7.02,8.87
2004-05-29,14.85,4.51,9.12,0.42,0.44,5.68,7.61
2004-05-30,17.28,8.96,12.3,1.27,0.44,9.94,8.8
2004-05-31,18.54,6.42,11.43,0.01,0.44,2.71,11.09
2004-06-01,13.97,9.09,10.99,0.6,0.44,4.38,4.84
2004-06-02,13.78,7.8,10.25,2.13,0.45,8.96,3.72
2004-06-03,15.26,5.45,10.5,1.63,0.45,6.76,7.66
2004-06-04,14.07,6.15,9.95,0.24,0.45,6.05,6.46
2004-06-05,14.76,3.74,8.41,0.0,0.45,3.98,6.76
2004-06-06,15.44,4.01,9.0,0.09,0.44,1.47,9.96
2004-06-07,20.1,7.41,12.13,0.38,0.44,5.26,8.51
2004-06-08,22.16,8.42,14.51,0.02,0.44,7.57,9.79
2004-06-09,15.67,9.1,13.02,15.35,0.46,10.76,4.08
2004-06-10,16.22,7.39,11.46,0.12,0.47,7.25,9.37
2004-06-11,17.1,6.61,10.78,0.0,0.47,5.85,10.01
2004-06-12,16.66,7.68,11.1,3.25,0.47,7.54,4.97
2004-06-13,16.54,8.58,12.72,4.65,0.48,9.11,8.68
2004-06-14,12.93,9.27,11.05,15.62,0.49,7.97,7.12
2004-06-15,12.91,6.49,9.55,2.33,0.51,6.79,7.77
2004-06-16,11.71,5.32,7.64,3.2,0.51,5.61,7.38
2004-06-17,12.79,4.98,8.76,5.6,0.51,6.11,3.04
2004-06-18,14.93,9.62,11.86,7.97,0.52,9.1,7.94
2004-06-19,10.73,7.21,8.43,3.22,0.53,4.51,7.47
2004-06-20,13.85,8.02,10.78,1.36,0.53,8.95,7.72
2004-06-21,15.54,7.36,11.08,0.27,0.53,8.98,5.86
2004-06-22,14.74,7.69,9.99,0.04,0.53,7.88,5.86
2004-06-23,16.63,7.31,10.91,5.53,0.52,6.98,6.21
2004-06-24,12.94,9.66,10.86,2.02,0.53,8.43,6.89
2004-06-25,11.23,6.67,9.41,10.89,0.55,7.26,6.36
2004-06-26,14.14,6.93,10.03,0.73,0.55,7.35,6.84
2004-06-27,14.01,7.13,9.54,0.15,0.55,5.84,8.77
2004-06-28,14.23,3.57,8.89,0.77,0.54,5.29,6.32
2004-06-29,16.35,8.89,11.64,1.13,0.54,8.41,6.13
2004-06-30,12.64,4.97,9.73,9.0,0.55,6.57,6.18
2004-07-01,13.66,4.26,9.3,3.15,0.56,7.18,6.73
2004-07-02,13.8,5.94,9.39,0.84,0.56,7.09,6.63
2004-07-03,16.49,8.49,11.74,2.02,0.56,5.5,9.69
2004-07-04,14.29,5.85,10.72,3.33,0.56,6.73,9.27
2004-07-05,12.38,7.13,9.34,2.02,0.56,5.94,7.9
2004-07-06,11.41,4.79,8.25,2.46,0.56,6.57,7.25
2004-07-07,11.55,3.32,8.01,1.23,0.57,5.65,7.32
2004-07-08,9.13,3.29,6.14,1.17,0.56,3.89,5.51
2004-07-09,14.89,5.85,10.03,0.14,0.56,5.64,7.63
2004-07-10,16.91,6.18,10.37,0.28,0.56,4.84,10.46
2004-07-11,13.78,7.33,10.21,3.46,0.56,8.8,7.32
2004-07-12,13.41,5.01,9.2,0.89,0.56,7.91,6.99
2004-07-13,12.29,5.41,8.23,0.36,0.56,4.95,7.79
2004-07-14,14.34,7.72,10.06,1.31,0.56,7.77,8.88
2004-07-15,12.83,5.77,9.24,0.71,0.56,7.29,6.36
2004-07-16,9.94,4.53,6.46,7.07,0.57,4.56,5.53
2004-07-17,10.27,2.37,5.57,0.39,0.57,3.17,10.23
2004-07-18,11.1,2.28,6.71,0.29,0.57,5.29,8.77
2004-07-19,11.31,3.36,6.58,0.16,0.57,5.54,7.87
2004-07-20,11.02,3.56,7.18,0.17,0.57,6.13,7.54
2004-07-21,11.83,5.77,8.4,0.03,0.57,6.48,7.23
2004-07-22,14.16,4.09,8.42,0.01,0.57,3.94,9.3
2004-07-23,8.01,6.04,7.09,15.19,0.58,4.99,1.6
2004-07-24,15.19,7.66,10.91,5.11,0.59,9.09,6.91
2004-07-25,13.07,7.4,9.83,2.72,0.6,8.37,7.98
2004-07-26,11.76,4.87,8.07,1.13,0.6,6.0,8.81
2004-07-27,12.01,5.02,8.72,1.85,0.6,7.23,8.17
2004-07-28,13.5,5.19,9.49,7.03,0.61,7.86,9.37
2004-07-29,13.94,5.27,8.6,0.08,0.61,6.96,7.48
2004-07-30,16.21,4.31,9.14,0.0,0.6,6.05,11.29
2004-07-31,15.18,5.74,9.23,0.31,0.6,4.91,7.47
2004-08-01,13.12,5.86,8.84,1.71,0.6,6.97,5.09
2004-08-02,14.94,7.65,9.92,8.62,0.6,7.73,8.58
2004-08-03,9.3,6.28,7.56,10.56,0.62,6.6,8.63
2004-08-04,12.76,5.12,8.31,7.9,0.63,6.67,6.96
2004-08-05,12.49,4.78,8.39,1.66,0.64,6.85,10.93
2004-08-06,13.35,6.91,9.23,1.78,0.64,7.27,10.78
2004-08-07,12.96,6.03,9.31,6.04,0.64,8.48,8.28
2004-08-08,14.01,5.08,9.02,3.06,0.64,7.5,9.18
2004-08-09,11.88,4.29,8.27,1.04,0.65,6.04,9.65
2004-08-10,13.82,6.47,9.94,1.01,0.64,7.74,9.02
2004-08-11,12.11,8.03,9.87,0.98,0.64,8.3,8.35
2004-08-12,16.38,5.53,10.61,0.32,0.64,5.14,13.99
2004-08-13,13.3,7.94,10.25,6.46,0.64,8.24,9.16
2004-08-14,11.26,2.17,6.87,0.81,0.64,3.56,13.17
2004-08-15,11.87,1.65,6.11,0.1,0.64,2.56,13.92
2004-08-16,12.36,1.99,6.5,0.03,0.64,3.33,11.1
2004-08-17,13.37,0.95,6.34,0.0,0.64,2.13,10.34
2004-08-18,12.88,2.27,7.39,0.01,0.63,3.26,12.9
2004-08-19,13.93,3.63,8.93,1.39,0.63,7.03,10.19
2004-08-20,15.85,5.65,10.4,0.14,0.63,7.75,12.04
2004-08-21,17.67,7.06,11.02,0.12,0.63,8.08,14.04
2004-08-22,15.72,6.82,10.85,1.55,0.63,9.6,10.99
2004-08-23,16.15,7.52,10.95,0.26,0.62,8.01,12.06
2004-08-24,20.58,6.28,12.44,0.0,0.62,6.35,16.84
2004-08-25,20.94,7.54,14.51,0.03,0.61,5.83,14.41
2004-08-26,16.25,6.84,11.43,3.54,0.61,6.64,11.58
2004-08-27,17.95,3.56,10.57,0.0,0.61,5.96,17.27
2004-08-28,20.56,7.33,13.16,0.14,0.6,5.97,11.8
2004-08-29,17.9,9.39,13.3,21.78,0.62,11.59,6.88
2004-08-30,15.4,7.26,10.29,5.45,0.64,7.37,14.01
2004-08-31,12.58,3.23,7.63,0.29,0.64,4.4,12.74
2004-09-01,14.06,3.36,7.82,0.28,0.64,5.98,10.89
2004-09-02,13.95,4.63,8.29,0.79,0.63,6.23,11.02
2004-09-03,12.68,4.39,8.2,2.15,0.63,6.7,13.29
2004-09-04,13.73,2.53,7.87,0.21,0.63,4.44,15.6
2004-09-05,15.01,2.75,8.4,0.24,0.63,4.66,11.98
2004-09-06,16.8,3.49,9.74,0.0,0.62,3.94,15.36
2004-09-07,11.41,6.1,9.38,7.06,0.62,6.61,5.82
2004-09-08,15.22,8.76,11.71,4.41,0.63,10.14,9.82
2004-09-09,15.11,7.35,10.82,0.75,0.63,8.41,11.66
2004-09-10,15.77,6.54,10.06,7.41,0.63,8.08,10.61
2004-09-11,8.78,2.75,6.25,3.84,0.64,3.59,15.87
2004-09-12,13.46,1.36,7.91,0.55,0.64,4.75,15.38
2004-09-13,15.29,6.79,10.71,2.0,0.64,8.5,14.91
2004-09-14,13.5,8.06,10.36,0.37,0.64,8.13,13.74
2004-09-15,15.67,7.91,11.23,0.42,0.63,8.22,17.35
2004-09-16,13.71,6.88,10.31,0.06,0.63,7.58,14.45
2004-09-17,16.42,4.63,10.15,0.03,0.63,8.35,16.63
2004-09-18,15.86,5.9,10.55,0.01,0.62,8.0,12.44
2004-09-19,17.14,5.65,10.49,0.02,0.62,7.14,22.01
2004-09-20,22.24,5.3,13.49,0.0,0.61,7.47,22.06
2004-09-21,25.09,7.74,16.13,0.0,0.6,7.88,21.33
2004-09-22,20.24,8.54,13.8,4.82,0.6,9.1,7.9
2004-09-23,14.74,7.05,10.96,0.92,0.6,8.69,12.72
2004-09-24,17.12,7.81,11.71,0.66,0.6,9.44,14.56
2004-09-25,20.01,7.01,13.94,0.01,0.6,9.81,15.55
2004-09-26,25.83,9.84,15.79,0.43,0.59,11.1,17.09
2004-09-27,18.1,8.18,13.0,0.51,0.58,9.9,16.0
2004-09-28,17.26,7.63,12.42,3.04,0.58,10.86,7.19
2004-09-29,17.79,7.13,11.97,0.03,0.58,9.05,18.8
2004-09-30,18.92,5.5,12.07,0.01,0.58,8.54,20.61
2004-10-01,19.07,6.48,11.94,0.01,0.57,7.57,23.59
2004-10-02,20.87,6.79,12.93,0.19,0.57,9.21,22.69
2004-10-03,16.8,4.9,10.47,0.11,0.56,7.46,18.04
2004-10-04,18.95,7.86,12.66,0.15,0.56,9.49,18.07
2004-10-05,19.53,7.21,12.7,0.02,0.55,9.67,20.24
2004-10-06,26.07,6.92,17.19,0.0,0.55,9.5,24.66
2004-10-07,17.13,8.11,13.86,1.06,0.54,8.25,18.08
2004-10-08,15.92,7.6,11.74,0.07,0.54,7.77,15.19
2004-10-09,20.89,7.93,14.05,0.09,0.54,9.49,19.92
2004-10-10,27.41,9.3,18.15,0.0,0.53,8.41,24.57
2004-10-11,24.66,13.63,18.85,0.0,0.52,8.2,22.84
2004-10-12,33.42,12.13,21.38,0.02,0.51,9.56,26.07
2004-10-13,18.03,10.67,14.74,1.36,0.51,10.53,15.18
2004-10-14,14.6,7.3,11.2,1.2,0.51,5.69,16.2
2004-10-15,16.63,4.91,10.51,0.22,0.51,3.7,23.71
2004-10-16,18.81,4.31,11.27,0.0,0.5,3.78,20.62
2004-10-17,23.2,6.87,14.51,0.0,0.5,4.85,26.85
2004-10-18,22.12,6.9,14.11,0.02,0.49,6.25,27.92
2004-10-19,24.22,5.91,15.26,0.0,0.49,6.38,28.19
2004-10-20,25.82,10.52,17.75,0.0,0.48,6.56,22.97
2004-10-21,23.43,12.67,17.66,1.35,0.48,9.5,16.56
2004-10-22,27.28,12.36,19.02,0.0,0.48,11.1,26.68
2004-10-23,19.64,10.11,15.68,0.0,0.48,11.03,13.31
2004-10-24,20.31,6.0,12.85,0.0,0.47,3.91,29.34
2004-10-25,24.07,5.92,14.86,0.0,0.47,6.23,24.85
2004-10-26,26.16,8.56,15.87,6.26,0.47,7.56,10.01
2004-10-27,16.53,7.33,11.41,2.02,0.48,5.16,21.21
2004-10-28,19.08,7.11,13.06,0.27,0.48,7.73,21.5
2004-10-29,22.4,4.42,13.5,0.0,0.47,5.89,29.53
2004-10-30,27.01,7.79,17.54,0.0,0.47,5.77,28.5
2004-10-31,31.78,13.37,20.9,0.0,0.46,5.87,28.35
2004-11-01,22.92,11.12,16.35,0.09,0.46,9.74,26.64
2004-11-02,13.67,6.53,11.44,7.04,0.47,6.0,21.6
2004-11-03,20.49,4.53,13.12,0.0,0.46,3.05,22.5
2004-11-04,15.5,10.35,12.74,10.88,0.47,7.38,5.64
2004-11-05,16.65,9.24,12.45,4.58,0.49,9.48,10.8
2004-11-06,15.88,6.87,11.46,2.79,0.49,7.51,23.89
2004-11-07,18.99,6.4,12.28,0.09,0.48,5.83,19.96
2004-11-08,20.65,4.44,12.93,0.0,0.48,5.52,23.7
2004-11-09,24.72,6.56,15.73,0.0,0.47,6.11,30.99
2004-11-10,24.77,11.42,18.89,0.28,0.47,6.28,16.48
2004-11-11,18.0,10.29,15.12,11.55,0.48,11.35,12.2
2004-11-12,27.81,9.12,15.58,5.0,0.49,8.78,18.12
2004-11-13,17.84,9.26,13.41,1.06,0.49,6.38,23.18
2004-11-14,20.13,12.1,15.26,1.38,0.49,9.55,17.48
2004-11-15,20.91,7.29,14.76,0.38,0.48,7.89,26.42
2004-11-16,24.98,5.96,15.36,0.0,0.48,6.0,32.07
2004-11-17,32.24,11.84,22.72,0.0,0.47,4.34,30.19
2004-11-18,20.98,10.92,16.45,0.14,0.47,7.96,11.91
2004-11-19,19.38,7.86,13.56,0.01,0.46,3.83,30.64
2004-11-20,21.99,6.89,13.91,0.03,0.46,3.65,32.38
2004-11-21,21.74,6.07,13.74,0.0,0.46,6.74,26.96
2004-11-22,24.11,7.75,15.38,0.0,0.46,5.03,33.06
2004-11-23,27.82,6.87,17.28,0.0,0.45,6.87,32.39
2004-11-24,29.65,8.29,19.04,0.0,0.45,5.58,33.47
2004-11-25,34.23,10.6,22.75,0.0,0.44,7.23,32.93
2004-11-26,38.89,17.38,27.55,0.0,0.44,6.91,30.12
2004-11-27,36.12,19.22,26.33,0.0,0.43,10.27,23.66
2004-11-28,33.15,16.46,24.21,0.0,0.43,11.5,31.18
2004-11-29,29.46,14.23,23.43,0.16,0.43,11.4,15.87
2004-11-30,29.64,14.4,22.4,4.18,0.43,13.22,14.83
2004-12-01,20.01,10.98,15.09,0.65,0.43,6.6,25.27
2004-12-02,22.32,10.3,15.73,0.01,0.43,5.33,25.15
2004-12-03,27.29,8.29,18.35,0.0,0.43,4.78,31.1
2004-12-04,31.62,15.27,22.83,0.0,0.42,5.91,22.78
2004-12-05,32.8,12.62,23.72,0.0,0.42,9.1,30.49
2004-12-06,23.95,17.29,21.22,0.49,0.42,10.5,14.01
2004-12-07,25.46,16.39,20.05,1.71,0.42,13.93,15.6
2004-12-08,25.63,15.91,20.27,0.29,0.42,13.56,19.01
2004-12-09,26.82,16.13,22.17,5.31,0.42,14.69,26.76
2004-12-10,29.38,18.28,23.36,4.31,0.43,15.26,23.13
2004-12-11,27.5,16.74,22.41,3.59,0.43,14.57,25.67
2004-12-12,28.42,14.69,20.87,0.76,0.43,14.42,16.99
2004-12-13,24.69,14.96,19.05,0.74,0.43,13.7,12.6
2004-12-14,25.07,10.9,17.89,0.28,0.43,10.45,23.38
2004-12-15,27.52,8.55,18.09,0.0,0.42,5.85,33.83
2004-12-16,31.99,11.17,21.78,0.0,0.42,5.4,33.64
2004-12-17,36.95,14.15,26.18,0.0,0.42,8.22,33.41
2004-12-18,39.95,17.03,27.99,0.01,0.41,9.08,33.31
2004-12-19,23.18,12.67,17.68,0.12,0.41,8.21,30.23
2004-12-20,26.49,9.84,17.81,0.03,0.41,4.67,34.02
2004-12-21,31.42,10.22,20.83,0.02,0.4,6.57,33.92
2004-12-22,33.96,13.04,24.07,0.0,0.4,8.21,33.42
2004-12-23,38.96,16.8,26.54,0.0,0.4,8.8,26.55
2004-12-24,25.8,11.92,18.77,0.0,0.4,6.55,33.19
2004-12-25,26.65,10.04,17.97,0.0,0.4,6.39,33.27
2004-12-26,26.71,11.09,17.74,0.0,0.39,6.79,32.9
2004-12-27,20.56,10.28,15.22,0.01,0.39,4.51,30.92
2004-12-28,22.52,8.14,15.5,0.02,0.39,5.5,20.76
2004-12-29,29.27,11.44,19.96,0.02,0.39,8.81,27.92
2004-12-30,29.87,11.88,22.02,0.0,0.39,6.42,30.49
2004-12-31,37.45,17.19,26.91,0.0,0.39,6.44,32.58
2005-01-01,23.63,12.33,18.77,0.0,0.39,6.67,27.13
2005-01-02,28.25,9.96,19.08,0.0,0.39,4.71,34.48
2005-01-03,32.8,13.75,22.29,7.48,0.39,10.65,14.17
2005-01-04,21.0,13.69,17.33,1.9,0.4,11.09,17.02
2005-01-05,22.36,12.05,16.84,0.37,0.4,8.53,26.09
2005-01-06,21.33,9.88,15.58,0.05,0.4,4.7,25.92
2005-01-07,23.38,8.31,15.83,0.0,0.4,4.21,30.82
2005-01-08,27.49,8.85,18.53,0.0,0.39,6.68,31.38
2005-01-09,32.68,12.36,22.74,0.0,0.39,6.89,32.22
2005-01-10,38.04,15.09,26.87,0.0,0.39,5.6,33.25
2005-01-11,43.25,16.23,28.05,0.0,0.39,6.6,28.7
2005-01-12,28.93,14.03,20.46,0.0,0.38,8.32,31.92
2005-01-13,34.29,12.54,22.82,0.0,0.38,7.71,32.46
2005-01-14,26.36,12.66,18.55,0.03,0.38,9.17,21.27
2005-01-15,26.04,12.03,17.94,0.01,0.38,7.93,28.09
2005-01-16,23.86,12.6,17.33,0.0,0.38,6.05,26.24
2005-01-17,26.75,11.94,19.12,0.02,0.38,10.09,20.21
2005-01-18,32.65,12.41,22.59,0.0,0.38,9.58,31.96
2005-01-19,36.33,17.84,27.86,0.27,0.38,7.06,24.71
2005-01-20,32.47,14.92,22.9,0.05,0.38,10.41,31.17
2005-01-21,25.74,13.5,18.43,0.0,0.38,8.55,30.53
2005-01-22,28.66,11.81,19.88,0.0,0.38,9.06,28.06
2005-01-23,32.16,12.05,21.66,0.0,0.38,7.6,31.94
2005-01-24,36.15,12.57,24.87,0.0,0.38,6.46,31.97
2005-01-25,39.66,20.38,30.93,1.32,0.38,10.11,27.28
2005-01-26,40.02,23.74,31.23,0.56,0.38,12.29,26.38
2005-01-27,36.63,20.97,28.55,0.6,0.38,14.51,27.42
2005-01-28,31.8,19.35,24.66,0.4,0.38,14.47,13.28
2005-01-29,29.11,14.35,20.94,0.52,0.38,10.43,25.85
2005-01-30,29.23,11.25,19.49,0.0,0.38,7.56,31.45
2005-01-31,30.87,11.67,21.02,0.0,0.38,9.03,30.96
2005-02-01,24.7,11.15,16.16,3.16,0.38,8.82,12.48
2005-02-02,19.57,11.68,14.85,1.74,0.39,4.54,23.1
2005-02-03,14.94,10.9,13.07,2.74,0.39,7.84,9.62
2005-02-04,22.83,13.4,17.24,3.22,0.4,12.45,17.95
2005-02-05,24.33,11.83,17.66,0.52,0.4,10.64,22.38
2005-02-06,29.12,9.51,20.07,0.01,0.39,7.81,29.87
2005-02-07,26.85,15.05,21.09,0.97,0.39,11.0,23.63
2005-02-08,21.37,13.37,16.74,0.48,0.39,9.38,20.78
2005-02-09,20.12,12.45,16.56,12.72,0.41,11.83,12.62
2005-02-10,24.65,9.04,16.59,0.0,0.41,8.81,18.05
2005-02-11,24.64,11.05,17.49,0.02,0.41,11.11,19.0
2005-02-12,25.5,11.24,17.54,0.01,0.41,6.95,27.74
2005-02-13,28.28,8.93,19.15,0.0,0.4,5.4,29.31
2005-02-14,35.68,14.18,24.47,0.03,0.4,4.52,28.04
2005-02-15,27.07,11.25,19.36,0.07,0.4,10.9,20.67
2005-02-16,22.76,10.73,16.22,0.01,0.4,6.83,22.6
2005-02-17,28.13,9.3,19.12,0.0,0.4,5.75,28.65
2005-02-18,23.65,14.35,19.42,1.19,0.39,9.67,6.89
2005-02-19,25.14,13.41,18.16,0.18,0.4,10.72,14.92
2005-02-20,30.38,12.95,20.82,0.02,0.39,10.76,27.53
2005-02-21,30.92,12.06,21.1,0.0,0.39,10.5,23.94
2005-02-22,34.82,14.49,24.01,0.0,0.39,8.81,27.3
2005-02-23,38.15,18.17,26.62,0.0,0.39,7.95,23.93
2005-02-24,26.72,15.48,20.25,0.0,0.39,12.26,22.46
2005-02-25,26.96,13.36,19.24,0.0,0.39,8.4,22.62
2005-02-26,27.29,11.13,19.09,0.0,0.39,8.3,25.81
2005-02-27,31.06,11.54,21.17,0.0,0.38,5.19,27.26
2005-02-28,37.11,15.22,25.55,0.0,0.38,1.81,26.84
2005-03-01,31.22,14.31,21.52,0.0,0.38,9.3,19.87
2005-03-02,25.43,11.56,17.64,0.0,0.38,5.7,26.45
2005-03-03,24.94,8.44,15.85,0.0,0.38,6.62,26.28
2005-03-04,20.99,11.56,16.09,2.48,0.38,10.16,13.05
2005-03-05,19.01,9.15,14.2,2.38,0.39,5.46,20.73
2005-03-06,22.74,9.06,15.28,0.05,0.39,7.56,15.66
2005-03-07,23.13,10.95,16.14,0.02,0.39,9.44,19.19
2005-03-08,25.27,10.77,17.04,0.03,0.39,9.35,22.3
2005-03-09,24.17,10.53,16.09,0.0,0.39,8.64,23.56
2005-03-10,26.9,8.85,17.89,0.0,0.39,7.12,25.12
2005-03-11,33.79,12.87,23.68,0.0,0.38,3.86,23.91
2005-03-12,37.89,16.87,25.77,0.0,0.38,3.93,20.53
2005-03-13,31.81,14.87,22.18,0.0,0.38,12.32,21.75
2005-03-14,32.39,14.37,21.81,0.0,0.38,10.76,22.67
2005-03-15,21.47,11.05,15.72,0.69,0.38,10.73,7.76
2005-03-16,22.36,10.75,15.32,0.27,0.38,4.84,21.38
2005-03-17,21.5,9.0,14.94,0.0,0.38,5.86,18.82
2005-03-18,27.29,9.89,18.99,0.0,0.38,6.71,21.89
2005-03-19,30.18,13.21,20.69,0.0,0.38,6.49,22.31
2005-03-20,29.76,12.59,20.2,0.0,0.38,8.38,21.58
2005-03-21,27.36,11.57,18.94,0.0,0.38,9.43,21.72
2005-03-22,26.45,10.93,18.29,0.0,0.38,7.25,22.57
2005-03-23,25.5,10.72,17.49,0.0,0.38,7.78,21.63
2005-03-24,23.58,10.22,15.89,0.0,0.38,8.45,18.85
2005-03-25,23.09,9.63,15.25,0.18,0.38,6.87,13.83
2005-03-26,23.42,5.87,14.45,0.0,0.38,2.49,20.28
2005-03-27,25.67,10.34,17.37,0.0,0.38,7.34,17.8
2005-03-28,26.4,12.51,19.0,0.0,0.38,7.65,20.48
2005-03-29,23.0,13.38,18.09,0.66,0.38,9.63,5.93
2005-03-30,30.85,15.66,23.09,0.0,0.38,7.78,19.72
2005-03-31,32.77,18.42,24.92,0.0,0.38,7.19,17.07
2005-04-01,34.05,18.69,25.74,0.0,0.38,6.69,19.34
2005-04-02,34.78,19.65,27.31,0.05,0.38,8.89,14.71
2005-04-03,21.6,12.62,17.74,5.19,0.39,9.81,12.02
2005-04-04,22.33,11.23,15.83,0.01,0.39,5.15,19.84
2005-04-05,25.9,8.19,16.12,0.0,0.39,4.22,19.82
2005-04-06,25.48,8.65,16.39,0.0,0.39,5.74,19.32
2005-04-07,20.44,11.91,16.29,1.04,0.38,9.64,13.46
2005-04-08,30.93,15.73,22.0,0.98,0.39,9.99,15.35
2005-04-09,35.21,15.42,25.84,0.0,0.39,8.62,16.98
2005-04-10,26.59,11.55,20.02,0.67,0.38,11.82,5.33
2005-04-11,24.49,8.76,15.67,0.0,0.38,5.96,18.95
2005-04-12,26.03,8.96,16.85,0.01,0.38,4.96,18.01
2005-04-13,32.04,12.75,20.79,0.82,0.38,5.7,17.27
2005-04-14,20.31,9.1,15.13,0.85,0.38,5.73,14.4
2005-04-15,20.71,5.77,13.17,0.0,0.38,4.6,17.22
2005-04-16,23.17,8.94,15.71,0.0,0.38,7.63,16.43
2005-04-17,25.68,10.14,16.64,0.52,0.38,6.66,14.6
2005-04-18,18.93,11.22,14.57,0.35,0.38,7.0,10.5
2005-04-19,20.32,9.22,13.82,0.07,0.38,8.08,11.36
2005-04-20,21.85,9.94,14.78,0.01,0.38,8.35,15.52
2005-04-21,24.59,8.36,16.2,0.0,0.38,4.82,16.74
2005-04-22,27.32,9.33,18.6,0.0,0.38,0.46,16.19
2005-04-23,30.18,14.31,21.11,0.0,0.38,0.31,15.48
2005-04-24,25.98,16.74,20.14,0.01,0.38,7.83,10.49
2005-04-25,21.37,9.15,15.67,0.02,0.38,9.02,13.14
2005-04-26,21.98,6.91,13.94,0.0,0.38,5.49,15.77
2005-04-27,29.93,10.34,19.6,0.0,0.38,3.61,15.21
2005-04-28,29.62,14.39,19.65,0.42,0.38,6.25,9.84
2005-04-29,18.45,9.48,14.05,0.03,0.38,6.81,9.83
2005-04-30,17.42,13.08,14.75,2.31,0.38,10.94,9.76
2005-05-01,18.48,7.74,13.28,0.79,0.39,7.46,12.32
2005-05-02,22.42,5.37,13.62,0.0,0.39,5.33,14.13
2005-05-03,22.47,12.46,16.95,0.0,0.38,1.81,5.61
2005-05-04,28.88,13.59,20.14,0.01,0.38,0.59,13.29
2005-05-05,19.1,7.95,14.66,0.31,0.38,6.08,7.72
2005-05-06,18.28,4.88,10.86,0.0,0.38,5.32,14.06
2005-05-07,19.56,7.29,12.4,0.0,0.38,6.07,13.26
2005-05-08,19.65,6.61,11.58,0.0,0.38,5.87,13.55
2005-05-09,19.1,6.32,11.38,0.0,0.38,8.03,12.56
2005-05-10,19.14,8.02,12.4,0.01,0.38,8.81,11.36
2005-05-11,20.26,7.76,12.92,0.07,0.38,9.82,9.99
2005-05-12,20.42,8.53,13.42,0.02,0.38,9.2,11.21
2005-05-13,24.0,7.99,14.91,0.0,0.38,7.56,12.42
2005-05-14,23.61,10.78,16.3,0.02,0.38,7.1,6.64
2005-05-15,19.73,10.05,14.5,0.1,0.38,10.22,9.09
2005-05-16,18.63,7.16,11.69,0.07,0.38,6.81,12.26
2005-05-17,19.33,5.38,10.81,0.0,0.38,5.15,11.57
2005-05-18,19.14,4.81,10.8,0.01,0.38,5.33,12.45
2005-05-19,20.77,5.88,12.5,0.0,0.38,3.19,12.49
2005-05-20,22.55,9.46,14.19,0.03,0.38,1.21,8.07
2005-05-21,20.28,9.81,13.64,0.07,0.38,10.2,10.79
2005-05-22,21.94,7.73,13.78,0.05,0.38,8.83,10.95
2005-05-23,17.99,10.4,14.04,5.12,0.39,13.38,3.19
2005-05-24,21.64,11.29,14.94,0.02,0.39,8.78,10.53
2005-05-25,16.18,7.67,11.41,0.02,0.39,5.58,7.87
2005-05-26,13.7,7.92,11.15,0.52,0.39,7.86,5.78
2005-05-27,15.55,9.43,12.12,1.04,0.39,6.86,7.68
2005-05-28,14.67,4.84,10.11,0.47,0.39,6.46,8.83
2005-05-29,16.16,4.13,8.63,0.0,0.39,4.79,11.4
2005-05-30,15.55,5.14,10.33,0.12,0.39,7.68,9.06
2005-05-31,15.44,5.54,10.77,0.38,0.39,6.81,7.17
2005-06-01,13.66,4.8,8.95,0.05,0.39,5.99,5.3
2005-06-02,15.14,3.99,8.39,0.01,0.39,5.52,9.54
2005-06-03,17.12,2.8,9.52,0.0,0.39,4.53,10.21
2005-06-04,15.5,6.07,10.81,0.0,0.39,2.68,7.7
2005-06-05,20.4,7.01,11.98,0.0,0.39,2.18,9.62
2005-06-06,18.1,7.35,10.71,0.0,0.39,0.58,6.8
2005-06-07,23.25,5.84,12.54,0.0,0.39,0.58,9.79
2005-06-08,22.82,10.18,14.85,3.4,0.39,8.42,4.95
2005-06-09,22.61,11.89,16.12,0.33,0.39,12.17,8.96
2005-06-10,19.04,10.65,15.72,29.68,0.42,12.84,2.56
2005-06-11,17.52,8.42,11.84,1.26,0.46,8.96,8.58
2005-06-12,19.35,8.38,13.1,0.02,0.45,4.16,10.16
2005-06-13,15.71,7.63,11.3,0.94,0.45,3.37,5.34
2005-06-14,12.59,7.84,9.76,7.2,0.45,7.08,6.23
2005-06-15,13.31,8.39,10.21,15.0,0.47,8.04,5.43
2005-06-16,13.8,7.92,10.31,1.32,0.48,7.2,8.31
2005-06-17,12.84,7.66,9.94,0.92,0.48,8.08,7.17
2005-06-18,15.82,7.22,10.0,4.15,0.48,4.15,5.41
2005-06-19,14.19,6.95,10.53,2.01,0.49,8.19,6.13
2005-06-20,13.78,9.42,11.57,14.18,0.5,10.28,6.59
2005-06-21,10.14,3.9,7.78,7.12,0.52,6.56,4.16
2005-06-22,10.62,3.17,6.57,8.52,0.53,6.08,8.15
2005-06-23,15.66,5.74,10.37,0.61,0.54,8.74,9.0
2005-06-24,14.0,4.63,7.71,0.04,0.53,4.99,10.41
2005-06-25,15.08,3.57,8.58,0.01,0.53,4.57,8.64
2005-06-26,15.43,5.19,9.28,0.1,0.53,5.89,9.73
2005-06-27,16.09,4.33,8.64,0.0,0.53,6.24,10.38
2005-06-28,14.7,1.95,7.24,0.02,0.52,5.13,10.54
2005-06-29,15.16,4.76,8.32,0.09,0.52,5.68,10.63
2005-06-30,13.52,4.69,8.87,0.24,0.52,7.41,5.69
2005-07-01,16.22,7.68,10.82,0.99,0.52,8.35,6.1
2005-07-02,15.27,7.08,10.43,1.46,0.52,9.14,7.92
2005-07-03,15.4,7.38,10.76,0.49,0.52,9.21,6.44
2005-07-04,15.89,7.11,10.46,0.0,0.52,6.4,8.32
2005-07-05,16.49,4.52,9.27,0.01,0.52,3.71,10.8
2005-07-06,16.23,3.93,8.84,0.74,0.52,6.29,10.03
2005-07-07,13.44,6.13,9.06,3.69,0.53,7.33,7.99
2005-07-08,11.86,4.07,7.43,0.12,0.52,5.16,8.79
2005-07-09,11.48,3.97,6.79,0.4,0.52,4.77,9.69
2005-07-10,13.91,3.56,7.93,0.06,0.52,6.03,8.93
2005-07-11,11.08,4.05,7.24,0.04,0.52,4.89,4.41
2005-07-12,8.1,4.86,6.41,2.61,0.52,5.12,3.71
2005-07-13,11.9,5.07,7.89,1.1,0.53,5.94,4.69
2005-07-14,12.46,5.38,8.53,1.34,0.53,6.88,7.07
2005-07-15,12.92,4.91,8.06,0.89,0.53,6.01,8.15
2005-07-16,12.94,3.86,7.76,5.92,0.53,5.06,8.2
2005-07-17,12.55,3.19,6.96,0.62,0.54,4.52,9.98
2005-07-18,13.72,3.33,7.81,0.99,0.53,6.23,8.31
2005-07-19,14.65,4.93,9.15,0.19,0.53,6.96,7.42
2005-07-20,14.94,4.2,7.94,0.1,0.53,4.94,11.96
2005-07-21,16.11,1.9,7.6,0.03,0.53,1.22,12.23
2005-07-22,17.88,5.08,10.48,0.01,0.53,5.57,5.53
2005-07-23,17.64,6.89,11.48,2.05,0.53,7.02,5.04
2005-07-24,16.8,9.41,12.55,2.21,0.53,10.11,7.65
2005-07-25,17.5,9.43,12.82,2.49,0.53,11.09,6.41
2005-07-26,14.43,10.73,12.29,1.77,0.53,10.24,8.11
2005-07-27,14.88,10.74,12.06,2.45,0.53,10.12,8.99
2005-07-28,16.48,8.89,11.89,0.65,0.53,9.07,8.72
2005-07-29,15.32,8.22,11.34,1.24,0.53,8.39,9.45
2005-07-30,14.83,8.06,10.59,0.26,0.53,8.43,9.08
2005-07-31,14.79,6.66,10.33,0.84,0.53,8.96,9.54
2005-08-01,16.53,6.03,10.37,0.01,0.53,7.52,12.61
2005-08-02,19.64,5.88,11.73,0.01,0.53,5.1,12.61
2005-08-03,20.07,6.28,11.16,4.74,0.53,8.09,8.4
2005-08-04,12.8,3.42,8.19,1.36,0.53,4.9,10.4
2005-08-05,13.86,4.76,9.11,0.51,0.53,6.46,8.16
2005-08-06,15.14,5.85,9.5,0.02,0.53,5.34,11.31
2005-08-07,14.28,6.38,9.42,2.95,0.53,7.66,7.34
2005-08-08,15.35,4.99,10.1,1.58,0.53,7.24,10.77
2005-08-09,13.3,4.52,9.48,14.15,0.55,7.93,4.72
2005-08-10,9.93,4.03,6.26,1.48,0.56,2.78,11.86
2005-08-11,10.93,3.58,6.62,2.02,0.55,4.09,10.85
2005-08-12,12.45,2.38,6.89,0.38,0.55,4.9,9.4
2005-08-13,14.72,4.61,9.24,0.03,0.55,4.82,12.0
2005-08-14,14.86,5.18,9.97,5.23,0.55,2.64,4.18
2005-08-15,13.45,6.14,9.47,1.71,0.55,5.84,13.22
2005-08-16,16.16,5.45,9.79,0.03,0.55,6.6,11.41
2005-08-17,18.58,4.52,11.89,0.03,0.55,3.2,12.39
2005-08-18,18.8,10.2,13.68,1.68,0.54,8.74,4.66
2005-08-19,13.96,9.11,11.65,8.54,0.55,10.62,3.59
2005-08-20,15.38,5.33,10.73,1.66,0.56,7.81,11.16
2005-08-21,13.16,8.97,10.79,2.59,0.56,9.05,11.48
2005-08-22,13.93,3.16,9.28,0.3,0.56,5.8,10.53
2005-08-23,13.52,1.41,7.26,0.0,0.55,4.01,8.41
2005-08-24,15.23,3.42,8.17,0.01,0.55,5.88,13.72
2005-08-25,16.84,3.92,9.07,0.02,0.55,5.81,15.06
2005-08-26,17.91,6.18,10.53,0.0,0.55,6.18,15.13
2005-08-27,20.43,4.76,11.93,0.0,0.54,5.28,13.16
2005-08-28,19.87,8.69,13.67,0.0,0.54,5.66,10.88
2005-08-29,23.21,11.74,16.19,3.62,0.54,7.91,6.75
2005-08-30,18.5,8.11,13.47,17.15,0.56,11.25,7.72
2005-08-31,12.39,5.03,8.75,2.3,0.57,3.19,14.98
2005-09-01,12.76,2.38,7.6,0.19,0.56,3.01,13.21
2005-09-02,17.38,3.72,11.08,0.02,0.56,4.26,16.79
2005-09-03,16.39,7.79,11.37,0.19,0.55,8.38,6.24
2005-09-04,16.08,5.93,9.98,0.01,0.55,7.52,13.75
2005-09-05,17.31,5.46,11.01,0.0,0.55,6.43,17.49
2005-09-06,19.18,4.91,11.97,0.17,0.54,4.85,19.17
2005-09-07,22.46,9.66,15.23,0.59,0.54,7.47,18.55
2005-09-08,24.78,9.66,16.67,0.06,0.53,9.01,16.44
2005-09-09,22.35,9.89,16.36,1.98,0.53,11.22,13.59
2005-09-10,14.89,5.18,10.33,1.34,0.53,6.04,13.28
2005-09-11,9.9,4.73,7.48,3.64,0.53,5.17,14.82
2005-09-12,13.31,3.58,8.69,0.15,0.53,5.42,13.84
2005-09-13,16.54,6.39,10.91,0.04,0.53,5.76,13.73
2005-09-14,16.81,5.77,11.19,0.19,0.53,6.82,17.24
2005-09-15,14.44,5.84,10.09,1.85,0.52,5.09,18.84
2005-09-16,12.25,5.71,9.09,4.75,0.53,5.5,14.79
2005-09-17,14.65,7.6,10.98,3.11,0.53,8.19,13.84
2005-09-18,19.35,5.18,12.02,0.2,0.53,7.78,17.81
2005-09-19,16.4,7.43,11.4,2.13,0.53,8.55,15.43
2005-09-20,18.04,4.97,12.0,0.0,0.52,6.73,18.5
2005-09-21,23.24,8.84,15.26,0.05,0.52,5.84,17.55
2005-09-22,18.93,10.97,14.37,2.87,0.52,10.48,9.75
2005-09-23,17.8,9.05,13.38,1.14,0.52,11.45,10.31
2005-09-24,16.79,8.75,11.95,0.05,0.52,8.35,12.61
2005-09-25,17.95,7.77,12.56,1.38,0.52,8.36,12.92
2005-09-26,18.67,6.24,11.6,0.02,0.51,7.42,18.52
2005-09-27,20.77,4.24,12.63,0.0,0.51,5.37,21.99
2005-09-28,20.81,9.23,13.56,9.09,0.52,7.91,13.04
2005-09-29,17.47,8.06,11.94,0.89,0.52,6.24,18.85
2005-09-30,22.3,9.31,15.14,0.39,0.51,7.02,21.51
2005-10-01,22.98,10.4,15.99,0.08,0.51,8.6,21.97
2005-10-02,23.05,8.93,16.43,0.0,0.5,9.76,22.85
2005-10-03,18.65,6.29,13.25,0.0,0.5,7.49,22.75
2005-10-04,23.21,4.64,14.91,0.01,0.49,5.82,21.79
2005-10-05,19.59,8.43,15.35,0.13,0.49,7.99,13.88
2005-10-06,18.18,5.51,11.01,0.05,0.48,4.87,24.52
2005-10-07,11.78,3.74,7.94,20.54,0.5,5.85,5.51
2005-10-08,12.69,5.95,9.96,7.14,0.53,7.87,14.82
2005-10-09,15.79,5.96,10.44,1.17,0.53,5.48,17.71
2005-10-10,22.15,4.01,11.97,4.17,0.53,6.05,22.66
2005-10-11,16.44,6.42,10.69,0.32,0.52,5.35,21.16
2005-10-12,18.65,6.08,12.77,0.0,0.52,5.63,21.58
2005-10-13,17.99,6.97,12.15,0.02,0.51,5.3,21.87
2005-10-14,18.09,4.8,10.85,0.0,0.51,4.12,25.17
2005-10-15,22.54,3.55,13.35,0.0,0.5,6.32,27.04
2005-10-16,25.51,8.13,16.61,0.0,0.5,7.06,24.81
2005-10-17,23.51,9.47,16.46,0.0,0.49,7.23,25.17
2005-10-18,24.78,11.26,18.22,0.0,0.49,7.59,21.66
2005-10-19,15.93,13.0,14.92,16.75,0.5,11.62,6.03
2005-10-20,21.36,10.61,16.14,5.37,0.52,13.04,16.24
2005-10-21,19.91,10.95,15.21,4.3,0.52,12.27,17.47
2005-10-22,21.34,11.33,15.55,1.21,0.52,11.77,17.1
2005-10-23,20.14,12.16,15.32,8.1,0.52,10.6,17.44
2005-10-24,16.19,11.44,13.42,4.4,0.53,11.06,17.14
2005-10-25,22.46,11.67,17.22,0.8,0.53,11.63,20.16
2005-10-26,18.68,11.51,14.91,1.98,0.52,8.89,21.21
2005-10-27,19.56,7.93,13.65,1.34,0.52,7.33,23.62
2005-10-28,24.41,6.81,17.56,0.17,0.51,9.0,16.05
2005-10-29,20.9,12.46,16.6,5.58,0.51,13.36,8.72
2005-10-30,23.54,9.81,16.03,0.01,0.52,9.95,27.95
2005-10-31,27.35,8.22,18.78,0.03,0.51,12.82,29.52
2005-11-01,31.12,14.35,23.15,0.01,0.5,15.33,25.15
2005-11-02,32.19,17.65,23.09,0.81,0.49,15.93,20.62
2005-11-03,18.73,8.85,15.28,3.16,0.5,9.08,24.21
2005-11-04,22.7,8.48,15.5,0.0,0.49,7.43,24.06
2005-11-05,29.31,10.06,19.93,0.0,0.49,6.57,30.8
2005-11-06,30.95,13.73,22.26,0.67,0.48,12.2,18.01
2005-11-07,21.36,14.21,18.07,15.96,0.5,13.11,17.38
2005-11-08,24.51,13.32,17.96,2.86,0.51,14.08,17.71
2005-11-09,22.86,12.5,17.01,0.94,0.5,12.22,19.86
2005-11-10,16.28,8.46,12.2,8.13,0.51,7.58,21.67
2005-11-11,19.64,7.95,13.01,0.18,0.51,7.24,20.67
2005-11-12,19.91,7.18,13.2,0.19,0.5,7.8,21.76
2005-11-13,24.02,5.49,14.74,0.0,0.5,5.06,31.62
2005-11-14,30.29,9.59,18.53,1.06,0.49,8.11,22.77
2005-11-15,22.29,8.72,15.02,0.05,0.49,5.09,31.97
2005-11-16,27.33,5.49,17.01,0.0,0.48,4.72,33.01
2005-11-17,31.86,11.25,21.72,0.0,0.47,6.04,32.3
2005-11-18,25.39,13.35,19.73,0.1,0.47,11.58,12.56
2005-11-19,21.89,10.42,15.56,0.02,0.47,9.14,27.3
2005-11-20,23.96,10.06,16.33,0.08,0.47,9.53,26.14
2005-11-21,25.72,8.86,17.0,0.0,0.46,9.51,29.99
2005-11-22,24.4,9.39,16.8,0.0,0.46,8.08,27.22
2005-11-23,26.25,7.68,17.11,0.0,0.46,3.26,32.82
2005-11-24,28.13,10.16,19.53,0.28,0.45,9.02,21.29
2005-11-25,34.19,11.65,21.75,0.39,0.45,8.93,23.66
2005-11-26,19.89,8.54,13.77,0.03,0.44,3.92,22.78
2005-11-27,21.14,7.75,14.47,0.04,0.44,6.57,24.22
2005-11-28,25.45,8.57,16.6,0.01,0.44,7.13,28.33
2005-11-29,28.45,8.63,19.36,0.0,0.44,10.04,30.77
2005-11-30,31.17,15.38,22.64,0.05,0.43,10.67,23.59
2005-12-01,32.36,14.17,21.85,2.22,0.43,11.33,26.94
2005-12-02,20.07,11.25,15.71,6.76,0.44,10.33,20.06
2005-12-03,17.48,10.5,14.23,0.17,0.44,8.18,20.54
2005-12-04,24.9,11.28,17.43,0.0,0.44,8.34,31.23
2005-12-05,30.99,12.74,21.92,0.0,0.44,7.07,32.58
2005-12-06,25.27,12.32,19.48,0.99,0.43,9.68,21.24
2005-12-07,23.36,11.66,17.21,0.92,0.43,9.15,25.68
2005-12-08,21.44,10.16,15.67,0.73,0.43,8.17,23.4
2005-12-09,24.86,9.64,16.25,0.13,0.43,9.39,24.43
2005-12-10,27.2,10.31,18.64,0.0,0.43,6.19,34.07
2005-12-11,34.84,11.52,24.22,0.01,0.42,6.3,33.73
2005-12-12,29.02,12.83,20.81,3.91,0.42,9.84,11.83
2005-12-13,23.03,10.11,17.05,0.07,0.42,7.16,29.19
2005-12-14,27.51,12.44,19.69,0.04,0.42,6.52,33.68
2005-12-15,30.98,13.33,20.88,6.97,0.42,7.3,10.02
2005-12-16,23.25,9.89,16.69,1.99,0.43,7.77,27.18
2005-12-17,19.4,12.32,15.38,4.15,0.44,7.48,27.0
2005-12-18,20.8,11.9,15.65,0.25,0.43,9.0,20.63
2005-12-19,27.65,9.3,18.81,0.0,0.43,8.92,33.54
2005-12-20,38.09,15.98,27.33,0.0,0.43,8.63,31.92
2005-12-21,26.01,12.02,20.9,0.05,0.42,9.66,30.93
2005-12-22,29.51,9.25,19.64,0.01,0.42,5.78,34.45
2005-12-23,33.58,14.91,23.0,1.21,0.42,10.09,12.21
2005-12-24,20.25,13.2,16.64,0.21,0.42,5.32,26.87
2005-12-25,22.82,13.05,17.57,0.42,0.42,9.73,20.03
2005-12-26,26.89,13.64,19.8,0.1,0.41,10.16,27.5
2005-12-27,37.29,16.08,25.86,0.11,0.41,8.87,19.63
2005-12-28,24.69,13.31,18.64,0.0,0.41,9.46,29.81
2005-12-29,31.23,13.25,23.01,0.0,0.41,9.8,32.78
2005-12-30,41.12,18.67,29.77,0.0,0.4,7.31,33.33
2005-12-31,43.74,20.72,31.4,0.1,0.4,11.64,25.87
2006-01-01,21.92,11.73,18.67,8.9,0.41,13.97,9.92
2006-01-02,26.45,9.77,17.06,0.01,0.41,6.87,32.73
2006-01-03,26.53,11.61,18.51,0.17,0.41,7.33,29.19
2006-01-04,26.69,12.19,18.02,0.0,0.41,4.9,26.46
2006-01-05,29.59,11.7,20.11,0.0,0.41,5.03,31.27
2006-01-06,31.03,11.4,21.2,0.0,0.4,6.02,34.01
2006-01-07,33.93,11.42,23.2,0.12,0.4,4.33,34.13
2006-01-08,37.49,14.7,27.27,0.48,0.4,8.56,32.55
2006-01-09,34.76,19.86,26.08,0.48,0.4,14.47,22.88
2006-01-10,35.18,17.87,24.25,0.19,0.39,12.94,17.2
2006-01-11,30.7,14.83,22.34,0.6,0.39,11.43,29.42
2006-01-12,29.08,12.6,19.8,0.0,0.39,8.16,32.39
2006-01-13,30.66,13.48,21.25,0.0,0.39,6.74,33.55
2006-01-14,31.41,12.66,21.92,0.0,0.39,6.08,25.27
2006-01-15,31.15,14.66,22.72,0.0,0.39,7.99,25.72
2006-01-16,34.0,16.76,25.55,0.14,0.39,10.3,28.06
2006-01-17,34.85,17.28,25.27,0.0,0.39,10.85,30.67
2006-01-18,34.08,14.66,23.97,0.0,0.38,5.47,32.46
2006-01-19,39.3,18.3,30.05,0.14,0.38,12.3,26.42
2006-01-20,42.37,22.21,32.46,0.02,0.38,12.59,29.48
2006-01-21,43.06,24.38,34.31,0.02,0.38,12.55,30.19
2006-01-22,42.68,17.69,29.69,0.08,0.38,13.85,21.25
2006-01-23,28.65,16.53,20.57,0.0,0.38,8.42,31.31
2006-01-24,29.31,13.87,20.83,0.0,0.38,4.21,32.74
2006-01-25,34.26,11.12,22.97,0.0,0.38,0.98,32.24
2006-01-26,41.26,19.97,29.64,0.22,0.38,7.52,21.07
2006-01-27,34.31,18.13,25.13,0.02,0.38,12.19,22.51
2006-01-28,36.79,19.38,26.25,3.78,0.38,15.98,11.07
2006-01-29,26.78,16.91,22.65,15.12,0.41,17.8,13.98
2006-01-30,25.53,15.07,19.46,0.18,0.41,8.02,27.92
2006-01-31,28.42,14.21,20.89,0.22,0.41,7.07,26.24
2006-02-01,25.29,13.99,19.17,11.95,0.41,13.33,9.0
2006-02-02,25.26,13.09,18.54,0.13,0.42,9.92,23.8
2006-02-03,25.36,13.23,19.11,0.0,0.42,8.24,23.45
2006-02-04,29.62,14.03,20.52,0.0,0.42,10.16,26.89
2006-02-05,30.5,12.72,20.82,0.0,0.41,8.87,31.22
2006-02-06,23.46,10.96,17.33,0.38,0.41,7.52,27.04
2006-02-07,26.79,8.83,17.94,0.0,0.41,4.84,30.99
2006-02-08,34.12,12.72,22.03,7.17,0.41,5.0,24.82
2006-02-09,20.71,11.32,16.37,5.3,0.43,7.91,25.04
2006-02-10,23.83,10.98,16.32,0.09,0.42,7.19,27.74
2006-02-11,24.77,11.33,17.36,0.01,0.42,8.29,25.82
2006-02-12,25.81,10.74,17.67,0.02,0.42,9.64,29.16
2006-02-13,23.47,9.79,16.23,0.0,0.42,6.61,27.57
2006-02-14,28.57,11.24,20.21,0.0,0.41,11.0,26.14
2006-02-15,30.64,14.37,22.43,0.0,0.41,12.08,23.79
2006-02-16,35.7,15.08,25.34,0.0,0.41,10.68,28.45
2006-02-17,26.53,16.44,20.99,0.01,0.41,12.62,26.23
2006-02-18,27.22,14.93,19.67,0.02,0.4,11.59,21.68
2006-02-19,25.47,13.09,18.71,0.0,0.4,10.09,21.93
2006-02-20,26.51,9.99,17.76,0.0,0.4,7.93,27.89
2006-02-21,29.68,11.06,20.11,0.0,0.4,10.26,27.94
2006-02-22,32.13,13.34,22.35,0.04,0.4,11.14,27.78
2006-02-23,31.83,14.87,24.55,1.05,0.4,11.87,24.57
2006-02-24,29.61,21.14,24.76,3.53,0.4,16.23,17.74
2006-02-25,28.12,14.37,21.62,2.24,0.41,15.32,19.69
2006-02-26,25.4,12.96,18.13,0.29,0.4,10.04,20.78
2006-02-27,27.89,9.86,18.33,0.02,0.4,7.72,27.46
2006-02-28,29.11,10.75,19.57,0.0,0.4,7.21,27.13
2006-03-01,31.52,11.08,20.91,0.0,0.4,5.57,25.93
2006-03-02,35.65,14.3,25.27,0.0,0.39,8.1,26.76
2006-03-03,35.82,20.6,28.38,0.1,0.39,11.17,21.01
2006-03-04,37.37,19.63,28.29,0.02,0.39,9.99,23.76
2006-03-05,35.09,14.32,24.08,0.0,0.39,12.04,25.09
2006-03-06,25.66,12.77,17.79,0.0,0.39,8.42,24.94
2006-03-07,24.88,13.13,17.64,0.0,0.39,7.73,20.62
2006-03-08,29.63,10.63,19.46,0.0,0.39,7.59,24.59
2006-03-09,28.94,11.17,19.08,0.0,0.39,8.3,25.15
2006-03-10,31.94,10.74,21.24,0.0,0.38,8.15,24.86
2006-03-11,35.61,15.52,25.71,0.49,0.38,7.0,24.8
2006-03-12,36.57,18.98,25.66,10.49,0.39,8.13,11.3
2006-03-13,22.96,14.07,18.4,0.73,0.4,10.09,20.11
2006-03-14,24.42,11.36,17.48,0.07,0.4,8.06,22.93
2006-03-15,24.75,10.59,16.91,0.1,0.4,8.56,21.8
2006-03-16,21.94,12.17,16.38,0.22,0.4,9.07,17.98
2006-03-17,24.61,11.52,17.01,0.01,0.4,9.73,18.89
2006-03-18,24.09,10.55,16.86,0.0,0.39,9.77,16.87
2006-03-19,25.52,10.89,17.73,0.0,0.39,8.97,21.85
2006-03-20,25.99,10.1,17.64,0.01,0.39,7.94,23.16
2006-03-21,29.76,9.3,19.03,0.31,0.39,7.4,23.0
2006-03-22,33.07,15.4,23.6,0.12,0.39,9.66,21.04
2006-03-23,32.23,16.54,23.91,0.0,0.39,9.45,21.56
2006-03-24,32.65,15.03,23.73,0.0,0.39,7.02,22.07
2006-03-25,34.34,18.32,25.72,0.0,0.39,6.0,21.54
2006-03-26,33.71,16.5,23.12,0.2,0.38,8.88,14.29
2006-03-27,20.56,13.8,17.46,6.64,0.4,13.24,7.86
2006-03-28,27.23,11.51,18.36,0.0,0.4,9.1,20.83
2006-03-29,26.95,11.89,17.85,0.01,0.39,10.7,18.76
2006-03-30,23.93,10.57,15.98,0.0,0.39,8.82,18.88
2006-03-31,18.41,11.44,14.86,1.18,0.39,10.35,13.14
2006-04-01,19.68,8.82,13.6,0.05,0.39,4.83,13.0
2006-04-02,19.61,7.37,13.48,0.0,0.39,4.87,13.85
2006-04-03,21.21,8.99,14.79,1.27,0.39,7.37,7.41
2006-04-04,22.96,10.68,15.96,0.2,0.39,10.3,17.22
2006-04-05,16.79,9.07,12.94,6.43,0.4,7.47,9.08
2006-04-06,17.14,7.98,12.86,0.54,0.4,6.25,12.33
2006-04-07,18.75,10.49,14.25,0.31,0.4,7.55,12.02
2006-04-08,19.52,7.89,13.26,0.0,0.4,5.23,15.52
2006-04-09,19.87,7.6,13.42,0.0,0.4,5.39,18.66
2006-04-10,23.73,8.81,15.51,0.02,0.4,1.81,8.37
2006-04-11,23.42,11.44,17.07,0.87,0.4,8.79,17.17
2006-04-12,20.75,11.51,14.69,0.06,0.4,7.46,11.87
2006-04-13,21.9,10.99,15.85,0.17,0.4,10.8,11.13
2006-04-14,17.57,8.21,12.92,6.61,0.4,9.23,7.86
2006-04-15,17.08,6.48,11.34,0.14,0.41,4.81,12.99
2006-04-16,19.27,4.27,11.37,0.0,0.41,3.21,17.76
2006-04-17,21.86,7.22,13.57,5.8,0.41,1.89,9.83
2006-04-18,19.15,8.94,13.78,0.71,0.41,7.51,11.88
2006-04-19,20.43,10.53,14.44,7.49,0.42,10.16,10.52
2006-04-20,16.34,10.28,13.23,4.39,0.43,7.52,12.28
2006-04-21,16.52,6.65,11.04,0.27,0.43,5.04,13.96
2006-04-22,15.39,6.85,10.67,0.31,0.43,7.13,8.42
2006-04-23,16.46,6.76,11.5,0.3,0.43,8.1,8.93
2006-04-24,17.67,5.39,10.62,0.01,0.43,6.23,12.61
2006-04-25,17.5,6.59,11.52,0.0,0.43,6.08,12.07
2006-04-26,22.16,6.1,13.18,0.0,0.43,3.28,15.77
2006-04-27,24.8,7.97,15.07,0.06,0.42,3.82,11.4
2006-04-28,16.89,9.45,12.62,6.58,0.43,8.22,3.84
2006-04-29,18.35,9.2,13.28,0.91,0.44,10.74,6.09
2006-04-30,18.32,10.19,13.63,1.61,0.44,10.21,9.14
2006-05-01,17.99,7.54,12.14,1.49,0.44,9.03,9.05
2006-05-02,19.42,6.73,13.2,3.81,0.44,10.6,8.38
2006-05-03,15.53,11.4,13.33,0.96,0.44,9.41,9.98
2006-05-04,16.76,11.13,14.37,1.27,0.44,10.81,6.09
2006-05-05,16.56,6.77,11.71,4.74,0.45,9.93,7.97
2006-05-06,15.88,4.78,11.63,7.01,0.45,8.57,7.36
2006-05-07,12.06,6.64,9.51,6.19,0.47,4.6,10.35
2006-05-08,14.6,5.25,10.45,0.92,0.47,7.48,10.08
2006-05-09,18.02,8.14,13.31,4.95,0.47,10.9,8.59
2006-05-10,14.51,7.71,10.28,0.37,0.48,5.77,8.47
2006-05-11,15.29,6.2,10.55,0.04,0.48,5.5,7.07
2006-05-12,16.97,5.94,11.08,0.04,0.47,8.1,7.68
2006-05-13,16.03,7.51,11.33,0.3,0.47,8.33,5.8
2006-05-14,17.03,9.53,12.82,0.01,0.47,9.54,5.88
2006-05-15,19.07,7.58,12.55,0.01,0.47,9.35,10.44
2006-05-16,20.22,6.99,12.9,0.0,0.47,7.93,11.25
2006-05-17,17.61,9.38,12.78,0.03,0.47,8.22,8.23
2006-05-18,16.35,8.21,11.9,0.06,0.47,9.32,7.88
2006-05-19,18.91,6.13,11.3,0.43,0.47,8.31,10.76
2006-05-20,14.95,4.18,8.49,0.01,0.47,3.71,11.36
2006-05-21,13.99,5.71,9.06,0.45,0.47,6.94,9.57
2006-05-22,14.08,5.32,8.8,0.13,0.47,5.27,6.05
2006-05-23,12.39,3.34,7.0,0.01,0.47,3.94,7.27
2006-05-24,14.38,1.86,6.95,0.0,0.47,4.4,11.44
2006-05-25,14.46,4.45,8.62,0.01,0.46,4.62,10.23
2006-05-26,15.74,5.14,9.16,0.0,0.46,2.36,11.2
2006-05-27,14.88,3.46,8.38,0.13,0.46,6.08,9.24
2006-05-28,15.69,6.13,10.07,0.94,0.46,7.72,7.99
2006-05-29,12.71,4.45,7.72,0.7,0.46,4.87,5.78
2006-05-30,14.49,3.35,7.83,0.0,0.46,3.01,11.51
2006-05-31,15.44,3.95,9.48,3.12,0.46,2.76,6.47
2006-06-01,13.12,5.01,9.18,0.65,0.47,7.39,7.94
2006-06-02,15.76,3.06,8.61,0.09,0.47,6.09,10.26
2006-06-03,14.77,5.07,8.94,0.5,0.47,7.03,7.93
2006-06-04,13.52,5.05,8.85,0.57,0.47,6.73,6.5
2006-06-05,13.75,6.05,9.5,0.15,0.47,6.04,8.19
2006-06-06,14.03,6.29,9.46,0.01,0.47,5.35,9.56
2006-06-07,14.84,1.91,8.15,0.01,0.47,2.46,10.91
2006-06-08,13.5,3.44,6.85,0.0,0.46,1.97,6.67
2006-06-09,15.28,1.31,7.05,0.09,0.46,2.13,10.09
2006-06-10,14.06,2.51,7.66,0.69,0.46,3.74,9.42
2006-06-11,11.82,2.23,6.44,0.03,0.46,3.16,7.97
2006-06-12,11.71,2.11,7.05,0.62,0.46,4.99,7.01
2006-06-13,12.0,3.99,7.46,0.26,0.46,5.1,6.89
2006-06-14,13.74,1.61,7.07,0.0,0.46,2.34,10.09
2006-06-15,14.34,1.12,7.13,0.48,0.46,4.51,6.48
2006-06-16,12.52,3.75,7.59,0.28,0.46,6.17,6.58
2006-06-17,13.3,3.04,7.14,0.01,0.46,5.33,8.17
2006-06-18,13.96,3.68,7.15,0.0,0.46,4.42,9.87
2006-06-19,15.98,1.59,7.1,0.01,0.46,1.87,10.5
2006-06-20,15.47,1.27,7.67,0.76,0.46,4.69,8.3
2006-06-21,16.99,7.27,10.77,0.3,0.46,7.72,7.28
2006-06-22,13.42,7.78,10.12,0.75,0.46,6.99,6.14
2006-06-23,14.56,5.08,8.79,0.96,0.46,7.07,8.69
2006-06-24,12.36,5.11,7.85,0.84,0.46,5.59,5.64
2006-06-25,13.31,4.63,8.34,1.04,0.46,6.84,8.07
2006-06-26,13.77,5.08,8.38,0.06,0.46,4.13,8.67
2006-06-27,12.21,2.5,7.26,0.48,0.46,5.04,7.03
2006-06-28,16.58,4.57,8.85,0.0,0.46,1.48,10.22
2006-06-29,16.06,1.41,7.55,0.42,0.46,0.97,9.71
2006-06-30,15.47,4.87,10.3,2.4,0.46,8.57,7.85
2006-07-01,12.41,4.99,9.64,6.75,0.47,8.49,3.35
2006-07-02,11.95,3.1,7.29,0.32,0.48,5.52,8.63
2006-07-03,12.9,5.36,8.7,0.35,0.48,6.64,7.31
2006-07-04,15.17,4.52,8.29,0.04,0.47,5.02,8.78
2006-07-05,16.45,4.2,9.43,0.75,0.47,6.29,8.96
2006-07-06,14.49,6.35,9.86,0.52,0.47,5.53,8.21
2006-07-07,13.51,8.59,10.33,0.96,0.47,7.79,6.41
2006-07-08,11.99,7.93,9.68,1.38,0.48,8.52,5.81
2006-07-09,13.82,5.25,8.78,0.01,0.48,2.9,7.34
2006-07-10,17.56,5.33,10.44,1.61,0.47,2.23,4.89
2006-07-11,12.7,3.99,8.96,1.27,0.48,6.09,8.28
2006-07-12,11.53,1.03,5.63,0.03,0.48,2.33,9.73
2006-07-13,13.33,3.33,7.6,0.03,0.47,4.1,8.5
2006-07-14,9.47,4.85,6.69,4.07,0.47,4.39,3.13
2006-07-15,11.07,6.53,8.82,3.57,0.49,7.94,3.41
2006-07-16,14.91,8.45,11.38,2.11,0.49,10.15,4.18
2006-07-17,14.74,6.86,11.12,0.33,0.49,8.94,6.92
2006-07-18,15.31,5.4,9.39,0.04,0.49,6.33,9.44
2006-07-19,13.38,3.28,7.13,0.01,0.49,3.13,11.46
2006-07-20,12.44,1.2,5.64,0.0,0.48,1.69,11.86
2006-07-21,14.45,1.11,7.19,0.04,0.48,1.77,9.24
2006-07-22,15.77,4.22,8.5,0.15,0.48,3.52,7.21
2006-07-23,15.83,4.35,9.28,0.74,0.48,5.52,6.69
2006-07-24,14.08,4.61,8.26,0.1,0.48,5.91,11.61
2006-07-25,14.78,4.08,8.95,0.0,0.48,4.08,8.9
2006-07-26,16.26,4.25,9.82,0.03,0.48,2.4,12.08
2006-07-27,16.88,2.62,9.14,0.0,0.48,2.36,10.43
2006-07-28,16.17,4.88,10.41,1.8,0.48,3.26,7.25
2006-07-29,13.08,6.53,9.28,2.12,0.48,6.63,9.7
2006-07-30,14.45,6.91,10.28,6.24,0.48,8.1,8.13
2006-07-31,12.68,3.37,7.48,0.34,0.49,4.08,11.32
2006-08-01,11.76,2.87,6.95,0.12,0.49,3.59,7.84
2006-08-02,16.26,5.95,9.41,1.89,0.49,6.29,8.05
2006-08-03,15.22,6.46,10.65,1.08,0.49,7.39,10.52
2006-08-04,16.36,7.02,11.02,0.66,0.49,8.78,10.58
2006-08-05,17.4,4.98,9.97,0.01,0.49,7.26,10.68
2006-08-06,17.17,4.36,9.78,0.05,0.49,6.65,12.88
2006-08-07,18.88,5.69,10.68,0.07,0.48,5.47,14.01
2006-08-08,19.01,5.19,11.79,0.03,0.48,1.51,13.55
2006-08-09,15.5,3.19,10.08,0.67,0.48,5.81,12.87
2006-08-10,14.39,3.66,7.82,0.05,0.48,4.22,13.86
2006-08-11,14.53,4.07,8.43,0.05,0.48,3.62,12.78
2006-08-12,18.32,2.77,9.45,0.0,0.48,2.14,14.64
2006-08-13,21.33,5.65,12.12,0.0,0.48,2.2,12.16
2006-08-14,16.94,6.68,10.73,0.33,0.47,6.46,12.25
2006-08-15,17.22,5.04,10.37,0.02,0.47,4.56,15.23
2006-08-16,21.08,6.91,13.16,1.9,0.47,3.63,14.95
2006-08-17,14.85,6.98,10.24,0.94,0.47,5.64,11.6
2006-08-18,14.43,4.79,9.68,1.92,0.47,6.21,11.63
2006-08-19,17.69,4.4,10.4,0.04,0.47,4.26,14.44
2006-08-20,22.05,5.52,13.12,0.08,0.47,1.33,15.18
2006-08-21,18.14,7.9,13.16,1.02,0.47,6.98,11.28
2006-08-22,13.9,6.36,10.43,1.18,0.47,6.92,11.5
2006-08-23,13.92,5.63,9.86,6.18,0.47,6.75,5.39
2006-08-24,15.43,7.57,11.6,0.48,0.48,9.6,8.58
2006-08-25,14.6,4.3,8.97,0.04,0.48,4.73,9.47
2006-08-26,15.37,2.95,8.61,0.0,0.48,3.69,13.91
2006-08-27,15.11,5.5,9.82,0.43,0.47,6.15,12.3
2006-08-28,17.32,7.11,10.94,0.63,0.47,8.13,10.94
2006-08-29,17.91,6.69,11.32,0.53,0.47,8.29,9.13
2006-08-30,21.09,4.82,12.73,0.0,0.47,5.47,17.96
2006-08-31,23.82,6.03,13.73,0.14,0.47,2.74,16.79
2006-09-01,24.83,9.31,15.19,0.03,0.46,6.58,17.12
2006-09-02,26.0,7.66,15.29,1.7,0.46,7.25,14.5
2006-09-03,14.8,5.85,11.03,1.52,0.46,7.09,12.52
2006-09-04,15.92,4.42,9.6,0.48,0.46,3.69,7.91
2006-09-05,20.6,4.32,11.43,6.67,0.46,5.49,17.39
2006-09-06,14.52,5.89,9.73,1.0,0.47,5.03,13.74
2006-09-07,14.85,6.22,9.9,0.75,0.47,7.32,12.91
2006-09-08,14.54,6.63,9.51,2.51,0.47,6.58,13.37
2006-09-09,15.78,6.21,10.04,0.34,0.47,5.31,12.46
2006-09-10,17.77,4.21,10.03,0.03,0.47,3.33,19.98
2006-09-11,19.48,3.45,10.98,0.01,0.47,2.35,20.7
2006-09-12,22.0,4.83,12.95,0.0,0.46,1.12,20.57
2006-09-13,19.34,9.11,13.8,0.1,0.46,3.39,10.81
2006-09-14,19.77,6.58,12.93,0.41,0.46,7.14,18.31
2006-09-15,20.91,5.04,11.78,0.03,0.46,6.03,20.9
2006-09-16,23.96,5.13,14.26,0.0,0.46,6.39,20.75
2006-09-17,27.91,11.24,18.52,0.02,0.45,5.88,12.13
2006-09-18,28.9,12.23,19.45,0.39,0.45,9.38,13.7
2006-09-19,25.08,9.92,16.21,3.17,0.45,6.25,12.5
2006-09-20,16.6,8.82,12.52,1.07,0.45,7.1,12.31
2006-09-21,20.69,6.78,14.19,0.67,0.45,5.12,20.8
2006-09-22,18.53,10.16,14.07,1.6,0.45,3.14,14.77
2006-09-23,21.0,7.92,14.2,7.21,0.45,5.39,15.55
2006-09-24,13.1,5.3,10.43,6.23,0.47,5.3,14.07
2006-09-25,16.43,3.92,9.67,0.1,0.47,2.32,17.71
2006-09-26,22.04,4.85,13.42,0.0,0.46,1.18,20.75
2006-09-27,17.47,5.19,11.76,0.0,0.46,2.49,22.76
2006-09-28,19.76,2.43,10.51,0.0,0.46,3.2,23.02
2006-09-29,18.78,5.92,12.24,0.0,0.45,6.59,19.01
2006-09-30,21.66,5.33,12.77,0.0,0.45,4.04,24.05
2006-10-01,26.75,8.36,15.66,0.19,0.45,5.72,11.27
2006-10-02,22.54,6.03,13.5,0.0,0.45,6.0,24.05
2006-10-03,26.97,7.54,16.83,0.04,0.44,6.5,24.25
2006-10-04,33.46,12.87,21.12,0.45,0.44,5.27,21.82
2006-10-05,18.47,5.75,12.81,0.11,0.44,3.88,23.74
2006-10-06,21.65,4.85,12.3,0.0,0.44,3.5,23.88
2006-10-07,28.38,5.82,16.14,0.01,0.43,3.59,24.58
2006-10-08,17.49,5.07,11.51,0.01,0.43,1.56,24.34
2006-10-09,19.56,3.14,11.07,0.0,0.43,2.8,25.72
2006-10-10,24.48,4.79,14.69,0.0,0.43,2.61,25.26
2006-10-11,31.06,10.49,20.25,0.0,0.42,-2.49,26.46
2006-10-12,36.27,13.43,22.12,0.0,0.42,0.98,25.94
2006-10-13,24.54,10.74,16.33,0.0,0.42,8.47,22.6
2006-10-14,20.5,7.21,13.91,0.01,0.42,6.46,22.31
2006-10-15,19.44,6.31,12.33,0.0,0.42,3.31,20.39
2006-10-16,23.9,5.38,14.87,0.0,0.41,1.25,27.26
2006-10-17,29.56,10.6,19.37,0.85,0.41,5.0,21.71
2006-10-18,21.1,10.66,15.24,0.16,0.41,8.36,21.07
2006-10-19,24.75,10.71,16.36,0.17,0.41,9.16,24.19
2006-10-20,18.16,6.38,12.46,0.25,0.41,4.03,20.18
2006-10-21,19.3,3.72,11.34,0.0,0.41,-0.16,26.37
2006-10-22,23.87,4.17,13.86,0.0,0.41,-0.13,28.77
2006-10-23,28.5,7.83,18.34,0.0,0.4,-1.48,27.79
2006-10-24,31.35,11.28,20.99,0.11,0.4,-0.64,21.26
2006-10-25,21.88,7.51,14.73,0.18,0.4,3.41,27.74
2006-10-26,20.8,4.52,12.51,0.0,0.4,1.98,27.31
2006-10-27,17.07,6.17,11.57,0.6,0.4,5.04,22.15
2006-10-28,17.44,5.88,11.24,0.23,0.4,1.6,19.8
2006-10-29,20.14,3.14,11.77,0.0,0.4,1.23,27.79
2006-10-30,24.36,5.04,14.66,0.01,0.4,2.83,29.17
2006-10-31,27.99,8.08,17.34,0.0,0.39,3.77,28.73
2006-11-01,27.43,7.3,17.73,1.06,0.39,5.84,22.09
2006-11-02,23.05,9.68,16.4,0.53,0.39,8.61,21.9
2006-11-03,24.15,10.34,15.95,0.07,0.39,7.13,26.72
2006-11-04,25.55,10.15,16.76,0.01,0.39,9.72,26.86
2006-11-05,24.98,9.86,16.21,0.0,0.39,5.74,29.46
2006-11-06,23.56,10.14,15.85,0.01,0.39,7.43,23.26
2006-11-07,22.81,9.53,15.37,0.01,0.39,5.08,26.51
2006-11-08,22.64,6.17,13.99,0.0,0.39,3.56,31.34
2006-11-09,26.95,6.8,17.18,0.0,0.39,4.7,30.18
2006-11-10,27.52,9.58,18.48,0.0,0.39,2.53,31.27
2006-11-11,32.93,9.99,21.7,1.13,0.39,8.85,16.68
2006-11-12,27.15,13.1,19.87,0.56,0.39,10.93,25.46
2006-11-13,19.79,6.94,13.89,0.7,0.39,3.78,29.39
2006-11-14,17.54,5.37,11.71,1.99,0.39,5.47,15.34
2006-11-15,14.94,5.17,10.27,1.62,0.39,1.84,24.92
2006-11-16,21.56,3.79,12.66,0.1,0.39,2.87,27.32
2006-11-17,27.45,6.14,17.7,0.0,0.39,3.78,32.14
2006-11-18,31.87,13.44,23.03,0.0,0.39,0.37,27.44
2006-11-19,36.25,15.45,25.69,0.06,0.38,1.08,24.26
2006-11-20,36.05,18.99,26.37,0.02,0.38,7.24,28.37
2006-11-21,30.79,13.92,21.49,0.29,0.38,8.52,10.7
2006-11-22,25.38,13.62,18.02,0.51,0.38,10.0,20.15
2006-11-23,26.9,12.31,18.69,0.02,0.38,8.45,27.62
2006-11-24,34.84,9.15,21.78,0.0,0.38,3.75,32.66
2006-11-25,36.13,14.84,23.29,0.0,0.38,6.19,27.28
2006-11-26,30.6,11.35,20.51,0.0,0.38,0.34,33.15
2006-11-27,34.23,11.65,22.79,0.0,0.38,1.0,32.53
2006-11-28,34.47,12.98,22.7,0.0,0.38,0.81,32.65
2006-11-29,31.86,11.49,21.98,0.0,0.38,3.07,32.24
2006-11-30,40.53,13.92,24.34,0.0,0.38,3.01,30.9
2006-12-01,26.56,11.46,17.94,0.09,0.38,7.91,29.08
2006-12-02,21.72,9.95,15.09,0.0,0.38,2.37,28.47
2006-12-03,24.18,9.43,15.98,0.06,0.38,5.64,27.59
2006-12-04,30.31,8.03,19.0,0.0,0.38,1.88,34.19
2006-12-05,35.55,12.61,24.45,0.0,0.38,-0.98,33.48
2006-12-06,27.13,12.1,19.03,0.0,0.38,2.16,34.46
2006-12-07,31.65,8.13,20.4,0.0,0.38,-3.25,34.83
2006-12-08,38.17,12.7,26.4,0.0,0.38,-0.38,33.77
2006-12-09,43.42,21.18,31.43,0.0,0.38,-0.6,33.23
2006-12-10,34.87,17.59,24.24,0.05,0.38,12.04,22.37
2006-12-11,21.66,9.75,16.36,0.0,0.38,2.94,34.06
2006-12-12,27.05,6.87,17.27,0.0,0.37,-0.94,33.24
2006-12-13,32.75,11.77,21.35,0.04,0.37,0.99,30.5
2006-12-14,24.83,11.49,16.56,1.06,0.38,7.14,12.48
2006-12-15,25.51,8.01,16.82,0.0,0.38,0.54,33.22
2006-12-16,28.04,8.49,18.15,0.2,0.38,0.44,35.16
2006-12-17,32.84,9.48,21.45,0.0,0.38,-1.5,34.47
2006-12-18,34.11,12.12,24.09,0.0,0.38,0.57,33.59
2006-12-19,33.69,14.92,23.04,0.0,0.38,7.37,32.07
2006-12-20,36.86,14.45,25.73,0.0,0.38,2.33,32.42
2006-12-21,40.02,20.27,29.36,3.53,0.38,8.63,18.61
2006-12-22,27.26,12.91,21.68,4.17,0.39,14.81,9.67
2006-12-23,25.37,10.16,16.78,0.04,0.39,3.61,32.47
2006-12-24,20.39,7.85,13.13,0.95,0.39,4.7,20.64
2006-12-25,18.89,7.12,12.85,0.14,0.39,2.43,26.65
2006-12-26,22.65,8.12,14.76,0.09,0.39,6.59,21.47
2006-12-27,23.69,8.38,15.42,0.06,0.38,6.78,24.92
2006-12-28,26.57,10.25,18.3,0.02,0.38,5.52,32.83
2006-12-29,28.77,11.43,21.08,0.28,0.38,6.92,28.47
2006-12-30,30.16,15.79,23.2,2.12,0.38,9.31,21.89
2006-12-31,35.33,17.89,25.75,0.36,0.38,11.59,30.14
2007-01-01,32.51,18.13,25.35,0.75,0.38,13.21,22.81
2007-01-02,33.12,18.66,26.3,0.05,0.38,13.34,30.03
2007-01-03,34.68,19.76,27.74,0.0,0.38,12.25,31.92
2007-01-04,36.74,22.59,29.8,0.0,0.38,12.02,30.39
2007-01-05,37.62,25.97,30.78,2.1,0.38,14.8,12.8
2007-01-06,35.62,19.04,26.09,2.73,0.39,16.26,22.81
2007-01-07,24.77,13.0,19.11,0.87,0.39,10.51,21.87
2007-01-08,27.94,11.01,19.28,0.0,0.38,4.77,33.33
2007-01-09,32.46,10.85,21.44,0.0,0.38,4.71,33.92
2007-01-10,40.54,15.81,29.49,0.01,0.38,4.69,32.79
2007-01-11,29.59,15.23,22.05,0.0,0.38,10.9,32.26
2007-01-12,26.26,14.34,19.9,0.0,0.38,10.76,27.69
2007-01-13,28.63,13.18,20.33,0.0,0.38,6.52,32.87
2007-01-14,32.58,13.11,22.53,0.0,0.38,9.6,32.58
2007-01-15,35.24,13.27,24.38,0.0,0.38,5.23,32.61
2007-01-16,41.13,17.36,29.75,0.0,0.38,8.16,27.79
2007-01-17,32.12,18.6,24.69,0.0,0.38,12.51,22.98
2007-01-18,35.98,18.28,27.26,4.66,0.38,13.8,18.52
2007-01-19,29.62,21.25,24.83,24.36,0.4,19.8,11.77
2007-01-20,26.18,15.52,21.9,31.81,0.49,18.27,10.65
2007-01-21,22.27,12.38,16.77,4.26,0.49,11.66,18.52
2007-01-22,26.57,12.25,18.23,0.37,0.48,9.95,27.98
2007-01-23,27.21,11.26,18.48,0.0,0.47,10.18,31.75
2007-01-24,26.81,12.25,18.94,0.03,0.47,9.82,28.97
2007-01-25,29.26,10.35,19.71,0.0,0.46,8.1,31.86
2007-01-26,29.67,12.61,19.53,0.24,0.46,10.54,31.28
2007-01-27,22.04,12.45,15.96,0.13,0.45,5.91,22.92
2007-01-28,24.17,13.02,17.65,0.26,0.45,10.79,26.39
2007-01-29,27.61,13.8,19.61,0.07,0.45,12.5,26.33
2007-01-30,27.2,13.0,19.6,0.06,0.45,13.5,25.76
2007-01-31,27.38,11.22,18.75,0.0,0.44,6.25,31.57
2007-02-01,30.76,10.2,20.41,0.0,0.44,6.18,31.52
2007-02-02,36.85,13.92,25.47,0.0,0.44,6.49,30.83
2007-02-03,38.01,15.7,26.37,0.0,0.43,8.4,30.4
2007-02-04,39.19,15.21,27.07,0.0,0.43,10.91,30.28
2007-02-05,36.22,16.66,26.14,0.0,0.42,10.73,29.73
2007-02-06,26.99,12.44,18.62,0.0,0.42,6.29,29.71
2007-02-07,26.21,10.04,17.27,0.0,0.42,6.9,30.35
2007-02-08,27.23,10.41,18.6,0.0,0.42,7.87,29.21
2007-02-09,28.28,10.77,18.76,0.0,0.41,8.33,26.51
2007-02-10,26.72,11.57,18.51,0.06,0.41,10.31,26.57
2007-02-11,28.73,13.4,21.26,0.1,0.41,13.54,20.99
2007-02-12,32.94,15.37,24.8,0.0,0.41,13.37,25.99
2007-02-13,35.73,19.04,26.9,0.09,0.41,11.82,27.69
2007-02-14,34.86,16.57,25.18,0.04,0.4,13.66,27.43
2007-02-15,37.1,19.41,28.51,0.38,0.4,13.77,26.32
2007-02-16,38.65,22.17,30.38,0.55,0.4,12.54,21.5
2007-02-17,40.37,23.27,31.78,0.06,0.4,13.02,26.97
2007-02-18,36.9,18.58,27.79,0.18,0.39,12.34,14.63
2007-02-19,36.32,15.91,25.67,0.0,0.39,12.27,28.06
2007-02-20,31.25,18.87,24.19,0.77,0.39,14.58,23.77
2007-02-21,33.59,17.53,24.56,0.03,0.39,13.61,25.51
2007-02-22,34.01,16.14,24.83,0.0,0.39,12.79,24.72
2007-02-23,35.35,18.45,24.6,0.82,0.39,13.5,20.29
2007-02-24,30.47,16.16,22.2,0.05,0.39,10.84,26.56
2007-02-25,27.86,13.68,19.93,0.02,0.39,8.73,25.75
2007-02-26,30.79,12.31,22.05,0.04,0.39,8.39,26.92
2007-02-27,33.1,19.68,25.8,0.0,0.39,10.73,25.81
2007-02-28,32.12,17.21,24.51,0.0,0.38,11.24,26.24
2007-03-01,32.77,16.64,24.31,0.0,0.38,13.57,25.81
2007-03-02,35.03,16.84,26.18,0.0,0.38,10.89,23.67
2007-03-03,27.33,17.01,22.24,0.0,0.38,12.19,21.07
2007-03-04,24.5,13.63,18.41,0.01,0.38,8.74,21.61
2007-03-05,26.14,13.56,18.7,0.01,0.38,5.92,25.56
2007-03-06,23.29,12.71,16.57,0.0,0.38,6.0,21.57
2007-03-07,29.9,11.31,18.94,0.0,0.38,8.45,22.89
2007-03-08,27.65,12.53,19.13,0.0,0.38,7.96,24.36
2007-03-09,29.35,9.69,19.31,0.0,0.38,4.8,25.51
2007-03-10,36.03,14.15,24.34,0.01,0.38,4.68,25.19
2007-03-11,25.84,13.26,19.4,0.0,0.38,11.19,17.59
2007-03-12,26.52,11.64,17.78,0.0,0.38,6.17,24.81
2007-03-13,30.05,10.47,19.46,0.0,0.38,4.85,24.96
2007-03-14,33.16,11.65,22.28,0.01,0.38,4.32,23.81
2007-03-15,36.68,18.4,25.92,0.3,0.38,8.76,12.84
2007-03-16,27.85,13.15,20.79,1.61,0.38,12.55,15.89
2007-03-17,26.27,10.78,18.24,0.0,0.38,8.09,23.52
2007-03-18,26.7,10.79,18.57,0.0,0.38,6.18,19.47
2007-03-19,30.1,13.62,21.92,0.03,0.38,8.52,21.68
2007-03-20,25.01,15.01,20.21,0.39,0.38,15.4,10.34
2007-03-21,29.77,12.39,20.44,0.06,0.38,10.41,20.62
2007-03-22,35.6,16.69,26.85,0.01,0.38,11.62,17.74
2007-03-23,35.77,15.58,24.35,6.47,0.38,11.37,6.29
2007-03-24,19.95,9.5,14.9,0.22,0.39,4.65,19.23
2007-03-25,22.1,7.06,14.51,0.0,0.39,4.11,22.04
2007-03-26,26.63,8.44,17.56,0.11,0.39,5.52,22.02
2007-03-27,30.79,13.4,23.0,0.09,0.39,8.06,20.84
2007-03-28,22.22,13.54,18.04,0.85,0.39,10.09,11.36
2007-03-29,19.11,11.63,15.15,1.71,0.39,7.39,14.91
2007-03-30,20.38,11.59,15.12,0.32,0.39,7.95,16.02
2007-03-31,24.33,12.73,17.25,0.13,0.39,11.15,12.24
2007-04-01,26.26,10.26,17.28,0.04,0.39,10.09,19.18
2007-04-02,23.41,10.74,16.57,0.0,0.39,10.28,13.21
2007-04-03,23.6,10.07,15.91,0.0,0.39,8.68,16.37
2007-04-04,21.97,8.28,14.6,0.0,0.38,7.4,18.59
2007-04-05,22.68,9.54,15.35,0.05,0.38,8.73,14.74
2007-04-06,21.73,7.52,14.09,0.0,0.38,6.08,17.3
2007-04-07,25.78,8.84,16.52,0.01,0.38,4.55,19.5
2007-04-08,27.01,10.71,18.45,0.0,0.38,2.7,18.42
2007-04-09,29.5,14.37,21.47,0.0,0.38,3.16,18.61
2007-04-10,30.27,16.7,22.1,0.0,0.38,3.02,16.61
2007-04-11,31.29,15.5,22.07,0.0,0.38,4.61,18.04
2007-04-12,30.25,12.71,20.64,0.0,0.38,6.18,17.91
2007-04-13,31.66,13.1,21.42,0.0,0.38,1.8,17.9
2007-04-14,27.76,14.34,20.16,0.0,0.38,7.66,16.04
2007-04-15,23.74,11.17,16.37,0.0,0.38,10.93,11.16
2007-04-16,25.43,9.92,17.22,0.0,0.38,8.5,14.15
2007-04-17,25.91,12.81,17.39,0.01,0.38,8.09,14.02
2007-04-18,22.56,10.5,16.24,0.01,0.38,9.71,12.21
2007-04-19,24.47,12.88,17.34,0.01,0.38,9.58,15.38
2007-04-20,26.38,11.16,17.89,0.07,0.38,9.61,15.76
2007-04-21,21.75,10.7,15.57,0.09,0.38,10.42,13.08
2007-04-22,21.88,9.13,14.8,0.01,0.38,8.85,13.42
2007-04-23,23.26,10.27,16.11,0.01,0.38,7.91,15.31
2007-04-24,24.75,9.81,17.07,0.0,0.38,6.83,12.86
2007-04-25,26.07,12.59,18.82,0.03,0.38,5.88,13.43
2007-04-26,22.35,15.16,17.98,6.28,0.38,8.39,4.33
2007-04-27,19.94,12.26,15.43,20.2,0.42,12.66,4.15
2007-04-28,17.56,9.92,13.41,3.24,0.43,11.14,7.47
2007-04-29,19.6,9.77,14.06,2.93,0.44,11.43,11.43
2007-04-30,21.34,12.39,15.35,0.66,0.44,10.84,11.1
2007-05-01,24.74,12.79,18.53,1.16,0.43,6.72,11.83
2007-05-02,19.15,14.25,16.84,1.42,0.43,12.07,8.48
2007-05-03,18.13,14.2,16.13,9.1,0.44,10.9,8.1
2007-05-04,19.88,12.1,15.69,0.67,0.45,10.73,8.98
2007-05-05,21.77,13.76,17.15,4.5,0.45,13.96,8.68
2007-05-06,19.17,12.98,15.94,0.88,0.45,12.87,9.79
2007-05-07,24.29,13.36,17.46,5.23,0.45,11.25,8.42
2007-05-08,18.22,8.88,13.29,0.29,0.46,7.79,10.07
2007-05-09,18.0,7.89,12.58,0.24,0.46,7.49,9.46
2007-05-10,18.42,6.35,11.42,0.0,0.46,8.53,8.58
2007-05-11,19.48,6.89,12.37,0.01,0.45,8.78,10.08
2007-05-12,21.98,6.29,13.5,0.0,0.45,7.24,12.21
2007-05-13,23.66,10.82,16.5,0.16,0.45,10.21,9.55
2007-05-14,23.62,13.04,17.77,2.6,0.45,11.66,7.57
2007-05-15,21.77,13.41,16.4,7.76,0.46,14.44,6.41
2007-05-16,21.8,10.08,14.86,0.01,0.47,9.29,10.35
2007-05-17,22.17,9.8,14.99,5.49,0.47,9.94,8.06
2007-05-18,19.12,9.06,13.44,0.65,0.47,10.45,10.4
2007-05-19,16.91,11.62,13.72,2.67,0.47,9.89,8.42
2007-05-20,16.16,11.76,13.18,2.39,0.47,8.85,8.1
2007-05-21,14.37,9.09,11.36,10.43,0.49,7.25,7.22
2007-05-22,15.81,8.37,12.24,2.18,0.49,8.97,9.37
2007-05-23,17.19,9.98,12.94,1.74,0.49,10.0,9.11
2007-05-24,19.61,7.55,12.84,0.1,0.49,6.81,11.36
2007-05-25,21.14,7.53,12.63,0.04,0.49,5.25,11.42
2007-05-26,20.29,6.29,11.71,0.0,0.49,2.97,11.91
2007-05-27,19.61,8.19,12.65,1.42,0.49,4.6,8.1
2007-05-28,18.32,12.73,14.88,5.62,0.49,11.95,6.77
2007-05-29,16.19,7.63,12.54,20.97,0.51,9.66,4.34
2007-05-30,13.51,7.65,10.55,1.38,0.53,6.78,9.23
2007-05-31,15.7,8.63,11.97,8.86,0.54,10.32,8.15
2007-06-01,15.16,6.33,10.68,4.14,0.54,9.45,6.47
2007-06-02,13.79,5.41,9.38,1.62,0.55,7.35,9.57
2007-06-03,13.85,7.56,10.41,2.07,0.55,8.58,8.76
2007-06-04,13.73,5.06,8.92,0.56,0.55,7.3,7.79
2007-06-05,13.19,5.16,8.82,0.23,0.54,7.15,6.57
2007-06-06,13.85,6.23,9.26,0.31,0.54,7.26,8.21
2007-06-07,13.92,5.84,10.19,0.14,0.54,7.44,7.43
2007-06-08,13.37,4.35,8.64,0.04,0.54,7.22,5.96
2007-06-09,13.73,5.14,8.68,0.06,0.54,7.24,10.59
2007-06-10,13.22,7.24,9.5,1.28,0.54,8.27,6.35
2007-06-11,12.67,3.96,8.21,0.62,0.54,5.7,9.32
2007-06-12,12.49,3.84,7.76,0.08,0.54,4.99,6.93
2007-06-13,13.24,3.49,8.56,0.4,0.54,5.83,8.41
2007-06-14,12.69,2.56,6.23,0.0,0.54,3.95,10.69
2007-06-15,12.4,0.73,5.2,0.02,0.54,3.17,10.7
2007-06-16,11.69,2.46,5.9,0.05,0.54,4.65,9.49
2007-06-17,12.47,3.05,6.97,0.26,0.53,5.69,6.79
2007-06-18,11.39,2.01,5.99,0.65,0.53,4.46,8.77
2007-06-19,12.05,3.46,6.62,0.02,0.53,3.8,10.16
2007-06-20,12.54,4.73,8.34,1.37,0.53,6.27,8.24
2007-06-21,12.83,2.81,8.39,0.81,0.53,5.8,8.43
2007-06-22,11.61,2.28,6.57,0.01,0.53,4.42,5.75
2007-06-23,12.23,2.52,6.84,0.0,0.53,4.07,6.99
2007-06-24,12.2,0.17,5.65,0.0,0.53,1.02,8.63
2007-06-25,9.96,4.01,6.76,3.88,0.53,3.75,7.1
2007-06-26,12.78,4.7,8.09,1.76,0.54,6.53,9.3
2007-06-27,13.33,4.35,8.23,0.34,0.54,5.99,8.9
2007-06-28,14.01,4.32,8.37,0.02,0.54,6.26,6.16
2007-06-29,14.61,4.59,9.19,2.19,0.54,8.09,6.55
2007-06-30,13.72,7.33,10.06,0.65,0.54,6.75,8.61
2007-07-01,14.52,6.39,9.78,1.14,0.54,7.67,6.37
2007-07-02,12.63,7.39,10.15,0.71,0.54,9.09,4.02
2007-07-03,17.05,7.64,11.93,3.04,0.54,9.98,10.36
2007-07-04,14.7,9.21,11.28,13.21,0.55,8.44,7.93
2007-07-05,11.09,4.7,8.26,5.77,0.57,5.75,9.08
2007-07-06,11.39,6.83,9.64,8.97,0.58,7.61,6.19
2007-07-07,12.32,6.53,9.5,5.6,0.59,7.6,7.6
2007-07-08,14.54,4.79,9.67,0.23,0.58,7.59,10.18
2007-07-09,13.26,4.24,7.72,0.96,0.58,6.37,10.91
2007-07-10,14.32,5.16,8.15,0.7,0.58,5.79,6.65
2007-07-11,12.73,6.62,9.13,1.79,0.58,6.89,8.5
2007-07-12,13.19,4.84,8.73,0.87,0.58,7.08,8.78
2007-07-13,11.85,3.48,6.67,0.62,0.58,4.97,7.49
2007-07-14,10.97,2.91,6.76,2.59,0.58,5.88,8.58
2007-07-15,11.37,5.1,7.41,1.14,0.58,5.7,8.7
2007-07-16,13.41,3.82,7.88,0.07,0.58,4.75,9.18
2007-07-17,10.09,3.46,6.73,12.72,0.6,3.55,7.68
2007-07-18,11.6,1.59,5.63,0.19,0.6,2.92,10.05
2007-07-19,10.68,2.98,6.98,0.08,0.6,5.05,6.9
2007-07-20,11.84,4.17,6.97,0.22,0.6,4.49,10.2
2007-07-21,13.21,2.11,6.4,0.01,0.6,3.52,11.77
2007-07-22,12.13,1.8,5.6,0.0,0.59,2.22,9.79
2007-07-23,11.15,2.54,6.66,0.0,0.59,2.46,6.21
2007-07-24,17.77,3.88,9.37,0.0,0.59,3.95,11.31
2007-07-25,19.1,6.26,10.95,0.3,0.59,6.5,9.78
2007-07-26,16.2,6.64,10.66,1.11,0.58,8.6,11.33
2007-07-27,14.52,7.77,10.61,4.62,0.59,8.73,9.72
2007-07-28,13.72,7.43,9.97,1.36,0.59,6.67,7.98
2007-07-29,15.68,8.02,10.56,7.81,0.6,8.84,6.6
2007-07-30,15.3,5.96,10.92,0.38,0.6,8.27,11.04
2007-07-31,17.0,6.79,11.48,3.83,0.6,7.12,9.84
2007-08-01,15.89,9.03,11.57,0.69,0.6,8.06,9.77
2007-08-02,14.1,7.4,10.17,3.48,0.6,7.18,9.56
2007-08-03,11.54,5.68,7.93,1.92,0.6,4.79,11.85
2007-08-04,12.89,5.96,9.37,2.72,0.6,7.71,9.23
2007-08-05,12.46,7.99,9.99,0.87,0.6,8.2,9.02
2007-08-06,15.83,7.13,10.45,0.33,0.6,8.43,10.2
2007-08-07,17.52,5.28,11.07,2.47,0.6,6.68,11.62
2007-08-08,14.67,8.67,11.27,0.57,0.6,8.39,11.13
2007-08-09,15.98,10.44,12.67,1.17,0.6,9.48,7.87
2007-08-10,17.96,9.19,13.08,0.15,0.59,8.67,11.78
2007-08-11,14.88,7.24,12.23,4.43,0.59,10.77,6.65
2007-08-12,12.61,3.33,7.78,0.59,0.6,5.47,12.06
2007-08-13,12.28,2.58,6.78,0.06,0.59,3.9,12.55
2007-08-14,12.44,1.56,5.94,0.0,0.59,1.56,15.35
2007-08-15,14.42,1.61,7.86,0.15,0.59,1.68,13.08
2007-08-16,15.87,7.27,10.67,5.41,0.58,6.13,5.54
2007-08-17,12.3,4.56,8.57,1.89,0.59,6.87,8.34
2007-08-18,13.57,4.73,8.84,1.19,0.59,7.42,12.47
2007-08-19,13.44,4.83,8.47,0.4,0.59,5.68,9.33
2007-08-20,15.02,2.1,8.64,0.0,0.59,5.91,13.26
2007-08-21,13.18,5.21,8.45,0.01,0.59,6.51,9.45
2007-08-22,16.23,5.68,10.34,0.0,0.58,7.35,12.63
2007-08-23,17.45,5.19,10.56,0.0,0.58,6.37,16.31
2007-08-24,19.76,5.9,12.16,0.0,0.58,6.93,16.52
2007-08-25,19.68,7.81,12.76,0.03,0.57,9.95,11.89
2007-08-26,20.18,6.12,12.81,0.01,0.57,8.44,16.65
2007-08-27,22.51,6.94,14.09,0.03,0.56,6.47,15.8
2007-08-28,15.97,7.18,11.12,0.21,0.56,7.95,13.18
2007-08-29,17.31,5.33,10.69,0.03,0.55,7.23,15.83
2007-08-30,23.75,6.31,15.16,0.4,0.55,6.49,17.19
2007-08-31,12.97,4.82,9.43,0.47,0.55,4.6,13.04
2007-09-01,16.07,5.93,9.72,0.02,0.54,5.21,16.09
2007-09-02,16.45,3.77,9.86,0.93,0.54,7.04,15.68
2007-09-03,14.15,3.28,8.25,0.04,0.54,4.5,14.47
2007-09-04,15.7,2.43,8.15,0.02,0.54,3.01,19.16
2007-09-05,19.1,2.96,10.46,0.0,0.53,3.52,17.76
2007-09-06,20.78,5.75,12.9,0.0,0.53,5.41,16.12
2007-09-07,21.5,8.31,13.94,0.02,0.52,5.87,18.43
2007-09-08,22.02,7.28,14.1,0.14,0.52,5.73,18.76
2007-09-09,22.19,9.86,15.0,1.87,0.52,7.6,4.33
2007-09-10,17.01,10.12,12.82,4.03,0.52,10.05,10.91
2007-09-11,13.79,8.08,11.34,0.81,0.52,9.3,9.46
2007-09-12,17.89,7.73,12.1,0.07,0.52,7.72,17.75
2007-09-13,22.56,8.19,14.55,1.93,0.51,6.5,18.77
2007-09-14,15.41,6.23,10.92,3.17,0.52,6.25,14.31
2007-09-15,19.27,4.7,11.75,0.07,0.52,4.4,20.3
2007-09-16,17.09,9.81,12.26,5.07,0.52,6.04,12.57
2007-09-17,16.98,7.99,11.54,0.04,0.52,6.2,17.17
2007-09-18,22.63,5.33,14.31,0.09,0.51,4.79,18.13
2007-09-19,18.97,9.44,13.62,1.47,0.51,6.38,15.19
2007-09-20,16.79,5.52,10.77,0.0,0.5,5.64,14.93
2007-09-21,20.78,5.7,13.05,0.02,0.5,7.59,19.14
2007-09-22,22.2,6.0,13.38,0.0,0.5,5.17,22.62
2007-09-23,23.21,6.18,13.8,0.32,0.49,4.74,20.27
2007-09-24,18.01,4.67,10.47,0.01,0.49,4.79,21.84
2007-09-25,25.07,5.03,14.74,0.61,0.49,4.78,21.5
2007-09-26,17.03,10.06,13.16,9.42,0.5,8.22,16.43
2007-09-27,18.0,8.97,13.16,8.69,0.5,9.74,12.99
2007-09-28,13.2,7.59,10.85,4.18,0.51,4.53,16.38
2007-09-29,14.87,6.63,11.51,1.12,0.51,7.58,15.32
2007-09-30,16.5,10.82,13.62,1.21,0.51,10.88,11.92
2007-10-01,18.64,7.67,13.02,1.7,0.51,9.34,20.95
2007-10-02,27.02,4.74,16.14,0.02,0.5,7.58,23.42
2007-10-03,16.02,8.08,12.27,0.63,0.5,5.14,18.36
2007-10-04,18.49,7.44,13.08,0.33,0.49,7.64,17.28
2007-10-05,22.46,7.8,14.12,0.3,0.49,9.15,19.07
2007-10-06,17.28,4.8,10.88,0.04,0.49,4.13,20.87
2007-10-07,17.31,4.08,9.84,0.2,0.48,3.37,16.95
2007-10-08,17.63,3.52,9.79,0.01,0.48,3.6,20.8
2007-10-09,21.69,3.01,12.33,0.0,0.48,3.22,25.81
2007-10-10,24.88,8.96,16.06,0.27,0.47,6.35,14.42
2007-10-11,16.77,9.23,12.53,2.35,0.47,9.65,10.26
2007-10-12,14.26,6.12,10.05,2.95,0.48,4.45,20.05
2007-10-13,16.23,6.74,11.15,0.35,0.48,6.04,15.39
2007-10-14,20.94,6.41,13.14,0.58,0.48,8.24,15.87
2007-10-15,28.56,7.81,17.46,0.0,0.47,6.39,26.29
2007-10-16,17.33,4.97,11.23,0.0,0.47,2.85,25.15
2007-10-17,22.08,2.44,12.24,0.0,0.46,0.36,27.11
2007-10-18,27.73,7.84,16.96,0.03,0.46,1.76,18.22
2007-10-19,22.21,6.25,13.89,0.0,0.46,6.17,27.29
2007-10-20,29.88,6.63,18.58,0.01,0.45,5.28,28.39
2007-10-21,33.61,16.22,22.65,0.04,0.45,6.92,14.32
2007-10-22,20.77,12.13,17.24,5.89,0.45,13.0,6.74
2007-10-23,21.92,8.33,14.17,1.56,0.46,7.36,22.73
2007-10-24,22.15,5.17,13.34,0.0,0.46,6.79,22.89
2007-10-25,21.69,6.99,14.25,0.0,0.45,8.37,21.02
2007-10-26,25.79,8.32,16.64,0.0,0.45,8.81,27.29
2007-10-27,29.62,11.48,20.51,6.61,0.45,7.52,15.75
2007-10-28,19.28,9.94,14.06,6.07,0.46,6.74,18.98
2007-10-29,17.73,9.23,13.08,3.1,0.47,6.91,22.99
2007-10-30,19.82,9.73,14.15,1.83,0.46,8.66,19.58
2007-10-31,19.58,9.28,14.69,0.6,0.46,9.02,16.32
2007-11-01,22.3,12.57,16.6,7.36,0.46,12.05,9.63
2007-11-02,21.2,10.81,15.38,1.68,0.47,11.06,14.28
2007-11-03,16.65,7.11,11.71,32.66,0.51,9.89,6.99
2007-11-04,14.76,7.24,10.84,10.01,0.54,8.35,14.26
2007-11-05,19.72,5.73,12.56,1.28,0.54,8.27,22.05
2007-11-06,22.29,6.54,14.17,2.7,0.53,8.27,26.75
2007-11-07,22.77,8.19,15.73,0.96,0.53,9.29,27.48
2007-11-08,25.15,9.29,17.31,0.0,0.52,9.35,27.99
2007-11-09,27.68,10.25,19.21,0.0,0.51,9.85,27.73
2007-11-10,28.24,12.95,19.85,0.0,0.5,9.17,30.9
2007-11-11,28.89,10.38,19.23,0.0,0.49,8.54,30.91
2007-11-12,27.62,9.48,18.43,0.0,0.49,9.09,31.19
2007-11-13,30.16,9.63,19.88,0.01,0.48,9.3,30.56
2007-11-14,29.15,12.8,19.87,0.0,0.48,9.64,30.78
2007-11-15,31.36,10.32,20.96,0.0,0.47,9.89,31.47
2007-11-16,34.96,14.09,24.68,0.0,0.46,8.54,31.69
2007-11-17,30.88,15.52,22.57,0.01,0.46,12.29,27.52
2007-11-18,31.04,12.5,21.52,0.0,0.46,8.38,30.86
2007-11-19,36.17,15.86,24.79,0.15,0.45,9.24,25.71
2007-11-20,26.84,13.76,20.12,0.93,0.45,12.14,12.37
2007-11-21,19.06,12.01,14.51,5.04,0.46,8.2,17.17
2007-11-22,23.22,11.63,16.24,0.13,0.46,9.14,29.89
2007-11-23,24.59,10.98,17.03,0.01,0.45,8.82,31.5
2007-11-24,26.64,8.49,17.01,0.0,0.45,8.79,32.56
2007-11-25,28.9,9.31,18.52,0.0,0.45,8.91,32.83
2007-11-26,28.86,10.6,18.71,0.0,0.44,7.39,33.03
2007-11-27,33.09,8.91,21.21,0.0,0.44,6.59,32.28
2007-11-28,33.66,17.32,24.77,0.0,0.43,9.86,32.46
2007-11-29,33.39,14.59,24.45,0.53,0.43,12.45,29.03
2007-11-30,32.51,15.64,23.54,0.0,0.43,12.16,28.99
2007-12-01,33.76,12.95,24.11,0.0,0.42,9.44,32.94
2007-12-02,30.31,17.13,23.41,0.69,0.42,11.87,13.56
2007-12-03,22.95,13.84,17.82,0.39,0.42,10.08,23.37
2007-12-04,22.02,11.24,16.63,0.19,0.42,9.14,19.79
2007-12-05,28.09,10.5,19.18,0.0,0.42,7.96,32.57
2007-12-06,35.31,15.28,26.04,0.37,0.41,6.59,25.98
2007-12-07,23.27,11.15,18.07,0.08,0.41,7.65,29.38
2007-12-08,27.29,9.48,17.8,0.0,0.41,6.96,33.64
2007-12-09,20.63,9.19,14.97,1.25,0.41,7.15,22.84
2007-12-10,21.53,8.38,15.08,0.05,0.41,5.26,25.8
2007-12-11,25.01,10.4,17.3,0.03,0.41,8.28,26.24
2007-12-12,29.8,10.0,20.45,0.0,0.41,7.49,34.1
2007-12-13,33.93,14.72,24.94,0.0,0.4,8.05,25.82
2007-12-14,37.72,17.48,26.76,0.2,0.4,10.56,25.6
2007-12-15,25.49,14.07,18.81,1.27,0.4,9.0,22.44
2007-12-16,26.54,10.34,18.25,0.07,0.4,6.62,33.9
2007-12-17,27.34,10.37,19.16,0.0,0.4,5.31,33.22
2007-12-18,30.04,15.34,22.38,0.67,0.4,8.59,11.13
2007-12-19,32.42,19.5,26.7,1.56,0.4,14.8,23.32
2007-12-20,32.12,16.91,24.21,0.03,0.39,14.05,31.34
2007-12-21,26.12,13.79,19.12,15.68,0.41,13.77,7.51
2007-12-22,18.17,10.37,13.77,5.25,0.43,6.34,26.84
2007-12-23,17.84,10.15,14.18,0.12,0.43,7.99,17.1
2007-12-24,24.08,10.13,16.57,0.23,0.43,6.64,27.78
2007-12-25,26.76,7.2,17.33,0.0,0.42,3.59,34.72
2007-12-26,30.4,9.14,19.43,0.0,0.42,3.32,34.83
2007-12-27,32.13,10.46,20.96,0.0,0.41,2.13,34.68
2007-12-28,37.72,12.88,26.05,0.0,0.41,3.05,34.57
2007-12-29,40.45,18.25,28.17,0.0,0.41,4.19,33.67
2007-12-30,41.14,14.83,27.8,0.0,0.4,10.2,33.25
2007-12-31,43.64,22.43,32.72,0.0,0.4,9.32,30.28
2008-01-01,41.14,19.95,31.02,0.0,0.39,10.31,33.11
2008-01-02,32.4,14.33,22.49,0.0,0.39,5.82,34.08
2008-01-03,33.6,12.38,23.4,0.0,0.39,9.56,34.14
2008-01-04,39.88,20.34,29.86,0.0,0.39,9.89,32.48
2008-01-05,40.9,20.93,30.32,0.0,0.39,9.13,26.19
2008-01-06,28.28,13.33,20.68,0.0,0.39,8.7,33.19
2008-01-07,29.52,10.68,19.43,0.0,0.38,5.99,34.06
2008-01-08,30.89,11.92,21.14,0.0,0.38,8.9,33.57
2008-01-09,36.01,13.21,24.76,0.0,0.38,6.99,33.92
2008-01-10,42.54,17.78,30.85,0.0,0.38,2.7,33.81
2008-01-11,28.81,13.88,22.9,0.0,0.38,6.29,32.66
2008-01-12,28.3,11.12,18.82,0.02,0.38,5.91,33.82
2008-01-13,24.51,12.42,18.43,0.22,0.38,7.1,30.26
2008-01-14,29.58,9.57,19.88,0.0,0.38,2.84,33.84
2008-01-15,35.92,12.38,23.09,0.0,0.38,4.13,33.67
2008-01-16,27.89,13.42,19.91,0.0,0.38,7.62,31.54
2008-01-17,30.61,11.93,20.79,0.28,0.38,7.36,33.03
2008-01-18,27.24,13.81,20.81,7.28,0.39,14.36,9.34
2008-01-19,25.03,16.87,21.06,2.03,0.4,16.1,15.82
2008-01-20,27.16,13.21,19.78,0.88,0.4,10.64,22.96
2008-01-21,25.23,9.93,17.21,0.01,0.39,6.51,31.02
2008-01-22,27.91,11.66,19.47,0.01,0.39,7.63,32.27
2008-01-23,32.19,12.01,22.25,0.0,0.39,7.16,31.31
2008-01-24,28.59,13.25,20.8,0.17,0.39,9.75,26.48
2008-01-25,34.83,15.8,25.76,0.0,0.39,11.6,27.95
2008-01-26,36.57,17.55,26.24,0.04,0.39,11.48,29.64
2008-01-27,26.87,15.52,20.2,0.02,0.38,11.63,30.29
2008-01-28,31.5,13.18,21.28,0.0,0.38,9.58,31.51
2008-01-29,33.62,12.87,23.07,0.0,0.38,9.42,20.59
2008-01-30,33.48,17.91,25.61,0.04,0.38,11.63,25.6
2008-01-31,29.25,15.08,21.19,0.47,0.38,9.08,27.79
2008-02-01,29.4,11.53,20.48,0.0,0.38,4.0,31.99
2008-02-02,33.27,11.76,22.87,0.0,0.38,5.59,31.5
2008-02-03,34.29,15.06,24.6,0.0,0.38,9.74,28.34
2008-02-04,35.44,16.13,24.52,0.0,0.38,11.72,29.19
2008-02-05,24.04,15.31,19.38,0.04,0.38,12.57,17.21
2008-02-06,22.67,13.26,17.25,0.09,0.38,10.66,17.52
2008-02-07,22.95,12.21,17.14,0.16,0.38,5.79,24.88
2008-02-08,21.25,11.18,15.61,0.07,0.38,5.76,18.7
2008-02-09,24.78,9.65,17.04,0.0,0.38,3.94,24.48
2008-02-10,27.66,10.87,19.01,0.0,0.38,5.68,29.96
2008-02-11,31.38,11.2,21.28,0.0,0.38,6.23,27.69
2008-02-12,27.0,12.21,18.46,0.0,0.38,8.22,28.81
2008-02-13,26.28,9.68,17.54,0.0,0.38,4.42,29.89
2008-02-14,29.32,11.8,20.2,0.0,0.38,7.94,29.39
2008-02-15,33.68,12.99,23.48,0.0,0.38,5.74,28.58
2008-02-16,36.84,15.37,26.59,0.0,0.38,6.15,29.1
2008-02-17,37.24,18.81,28.38,0.0,0.38,4.24,28.85
2008-02-18,36.43,19.32,28.19,0.0,0.38,2.62,28.94
2008-02-19,39.34,20.94,29.39,1.07,0.38,8.69,24.05
2008-02-20,27.09,13.91,20.11,2.93,0.38,9.29,19.45
2008-02-21,27.6,12.18,19.53,0.02,0.38,5.88,28.56
2008-02-22,22.12,13.65,17.58,0.59,0.38,10.21,20.52
2008-02-23,22.02,12.9,16.96,0.17,0.38,8.89,17.76
2008-02-24,23.63,12.71,17.26,0.07,0.38,10.06,15.83
2008-02-25,24.85,10.61,17.25,0.01,0.38,9.49,23.83
2008-02-26,27.49,11.53,18.66,0.01,0.38,8.43,26.92
2008-02-27,25.22,11.1,17.2,0.0,0.38,8.37,20.22
2008-02-28,23.55,9.37,15.66,0.01,0.38,4.88,23.89
2008-02-29,24.18,8.52,15.97,0.0,0.38,3.76,26.93
2008-03-01,26.39,8.65,17.38,0.0,0.38,2.82,26.96
2008-03-02,31.37,10.9,21.16,0.0,0.38,-0.63,27.02
2008-03-03,34.46,14.39,24.67,0.01,0.38,-2.44,25.38
2008-03-04,32.54,16.94,23.81,0.29,0.38,10.19,24.44
2008-03-05,36.62,15.05,25.38,0.01,0.38,6.96,25.45
2008-03-06,34.96,17.68,25.84,0.0,0.38,7.83,23.58
2008-03-07,36.84,16.22,25.77,0.0,0.38,5.73,18.59
2008-03-08,39.15,20.11,28.77,0.0,0.38,4.02,24.54
2008-03-09,39.69,20.21,29.94,0.0,0.38,3.66,24.52
2008-03-10,39.33,20.57,28.23,0.0,0.38,6.69,24.12
2008-03-11,35.43,17.05,25.5,0.0,0.38,10.09,22.5
2008-03-12,37.43,16.92,26.39,0.0,0.38,6.57,22.46
2008-03-13,40.91,22.14,30.7,0.0,0.37,4.6,22.11
2008-03-14,37.11,19.82,29.05,0.0,0.37,5.13,19.77
2008-03-15,35.07,17.91,26.53,0.0,0.37,7.58,14.67
2008-03-16,40.05,22.09,30.46,0.0,0.37,4.8,22.45
2008-03-17,40.78,23.52,30.72,0.0,0.37,4.64,22.8
2008-03-18,26.44,13.97,21.16,0.01,0.37,11.94,12.83
2008-03-19,27.93,10.32,18.19,0.0,0.37,4.0,20.98
2008-03-20,19.08,9.75,14.46,0.12,0.37,7.0,14.09
2008-03-21,22.89,8.03,15.16,0.0,0.37,4.16,22.42
2008-03-22,26.91,8.85,18.11,0.0,0.37,3.79,22.07
2008-03-23,31.02,13.08,21.77,0.14,0.37,2.82,22.16
2008-03-24,32.49,15.03,22.1,0.04,0.37,10.51,19.58
2008-03-25,22.43,13.37,16.7,3.75,0.38,10.71,15.63
2008-03-26,18.43,8.36,13.83,2.35,0.39,5.4,15.86
2008-03-27,18.57,6.83,12.35,0.23,0.39,4.94,15.46
2008-03-28,18.53,7.58,12.61,0.14,0.38,5.01,13.48
2008-03-29,17.42,8.81,12.88,3.6,0.39,6.49,13.39
2008-03-30,19.74,10.69,15.41,1.24,0.39,8.95,13.58
2008-03-31,21.39,11.96,15.72,0.77,0.39,9.37,15.17
2008-04-01,25.49,9.17,17.92,0.01,0.39,7.09,19.25
2008-04-02,21.42,10.64,16.61,6.77,0.4,4.63,11.52
2008-04-03,16.47,9.79,13.06,0.39,0.4,6.08,13.24
2008-04-04,17.28,11.88,14.34,0.76,0.4,10.93,10.99
2008-04-05,21.45,11.41,15.49,0.16,0.4,8.86,10.32
2008-04-06,24.09,10.41,16.44,0.0,0.4,6.75,16.5
2008-04-07,24.67,9.47,16.32,0.0,0.4,5.19,19.05
2008-04-08,28.22,10.97,19.23,0.0,0.39,4.75,18.45
2008-04-09,26.44,15.41,19.89,0.27,0.39,7.12,9.32
2008-04-10,28.01,14.98,20.32,0.09,0.39,8.16,16.85
2008-04-11,27.01,11.69,17.36,4.4,0.39,11.91,6.48
2008-04-12,18.73,10.32,14.43,0.43,0.4,8.83,11.63
2008-04-13,18.55,8.93,12.94,0.29,0.4,7.62,9.2
2008-04-14,20.18,9.6,14.42,0.37,0.4,9.03,9.31
2008-04-15,22.34,7.9,14.47,0.03,0.4,8.1,17.03
2008-04-16,21.16,7.72,13.92,0.02,0.4,7.28,17.37
2008-04-17,23.18,7.94,14.72,0.0,0.39,8.44,17.21
2008-04-18,23.76,9.43,15.33,0.01,0.39,7.67,16.83
2008-04-19,25.83,9.73,16.98,0.0,0.39,6.08,16.65
2008-04-20,24.57,10.77,16.48,0.0,0.39,4.4,16.73
2008-04-21,22.79,8.29,14.49,0.0,0.39,5.81,16.29
2008-04-22,22.9,8.23,14.3,0.09,0.39,5.81,16.13
2008-04-23,24.64,8.21,15.85,0.01,0.39,2.87,15.42
2008-04-24,26.59,9.07,17.25,0.0,0.39,2.29,14.94
2008-04-25,19.22,10.85,14.79,1.15,0.39,7.86,8.16
2008-04-26,14.85,7.36,11.05,5.79,0.4,7.07,5.5
2008-04-27,12.17,6.17,8.73,4.97,0.41,4.36,12.17
2008-04-28,14.74,5.48,9.8,1.48,0.41,4.97,12.75
2008-04-29,16.92,4.48,10.47,0.02,0.41,3.8,10.22
2008-04-30,20.54,8.0,12.81,0.55,0.41,4.89,7.41
2008-05-01,19.89,10.11,13.75,3.15,0.41,8.32,11.29
2008-05-02,16.66,9.92,12.73,1.62,0.41,8.48,10.89
2008-05-03,18.72,9.44,12.83,0.05,0.41,8.59,11.23
2008-05-04,21.88,8.66,13.99,0.0,0.41,7.34,11.14
2008-05-05,18.72,10.0,13.46,0.09,0.41,10.32,9.93
2008-05-06,18.92,9.08,13.78,3.57,0.41,11.69,7.92
2008-05-07,18.59,7.2,11.91,0.11,0.42,9.15,8.0
2008-05-08,19.61,8.56,12.86,0.12,0.41,9.9,7.22
2008-05-09,17.14,8.42,12.19,0.36,0.41,10.37,7.07
2008-05-10,19.22,9.83,13.16,0.29,0.41,10.76,7.31
2008-05-11,20.11,8.27,13.68,0.08,0.41,9.68,7.28
2008-05-12,21.17,7.32,13.28,0.0,0.41,8.86,12.56
2008-05-13,21.54,9.82,14.56,0.07,0.41,7.43,11.35
2008-05-14,23.93,7.51,14.54,0.04,0.41,4.33,12.72
2008-05-15,21.34,10.39,14.27,1.7,0.41,6.76,5.45
2008-05-16,15.83,8.73,11.19,22.67,0.43,9.6,4.41
2008-05-17,13.42,8.96,10.61,5.01,0.46,6.96,10.0
2008-05-18,17.02,10.12,12.79,1.09,0.46,7.9,10.15
2008-05-19,16.86,11.9,13.73,2.91,0.46,12.04,8.46
2008-05-20,18.03,10.04,13.89,2.44,0.46,11.81,6.88
2008-05-21,16.41,6.09,10.48,0.03,0.46,5.81,11.35
2008-05-22,15.83,3.75,8.77,0.01,0.46,3.87,10.68
2008-05-23,13.93,2.84,8.17,0.0,0.46,3.79,9.37
2008-05-24,19.04,5.13,11.11,0.0,0.46,4.57,10.6
2008-05-25,18.06,8.32,12.39,0.17,0.46,8.12,6.34
2008-05-26,16.48,10.31,12.71,3.89,0.46,12.18,5.67
2008-05-27,17.14,6.76,10.87,0.32,0.47,8.01,6.6
2008-05-28,17.64,5.85,10.54,0.01,0.46,6.32,11.28
2008-05-29,18.73,6.36,11.0,0.02,0.46,3.1,11.02
2008-05-30,17.28,6.77,10.95,0.02,0.46,3.19,8.57
2008-05-31,17.95,7.13,11.28,0.01,0.46,8.72,7.62
2008-06-01,18.72,5.64,11.54,0.0,0.46,6.17,10.76
2008-06-02,19.29,4.73,10.97,0.02,0.46,5.71,10.24
2008-06-03,18.67,5.39,11.2,0.0,0.46,7.01,9.86
2008-06-04,17.11,7.38,11.71,0.3,0.46,9.08,8.21
2008-06-05,18.53,9.5,13.12,0.62,0.46,10.11,8.78
2008-06-06,17.06,6.56,11.45,0.04,0.46,8.05,7.63
2008-06-07,16.14,5.82,10.15,0.05,0.46,8.24,4.81
2008-06-08,16.05,7.77,10.84,1.18,0.46,7.81,4.87
2008-06-09,13.67,8.54,10.82,5.93,0.47,9.53,2.57
2008-06-10,16.3,7.83,11.72,0.55,0.47,8.05,5.26
2008-06-11,16.88,10.15,12.84,4.39,0.47,8.04,8.57
2008-06-12,16.0,8.15,11.8,12.21,0.48,9.47,6.63
2008-06-13,14.3,6.34,9.8,0.46,0.5,5.8,6.52
2008-06-14,14.15,7.58,10.01,0.13,0.49,7.18,7.15
2008-06-15,14.75,4.42,8.73,0.08,0.49,5.51,9.14
2008-06-16,16.36,2.28,8.23,0.07,0.49,4.56,10.71
2008-06-17,14.41,5.63,9.55,0.01,0.49,5.24,8.01
2008-06-18,15.11,7.37,10.07,0.38,0.49,7.92,9.21
2008-06-19,14.71,4.6,9.82,0.33,0.49,6.55,8.41
2008-06-20,15.38,3.9,9.67,0.49,0.49,8.24,7.97
2008-06-21,15.72,8.21,11.67,0.13,0.49,8.62,8.32
2008-06-22,15.94,7.86,11.15,0.75,0.48,9.29,7.01
2008-06-23,15.38,7.39,11.31,0.37,0.49,8.39,7.83
2008-06-24,13.57,6.63,10.31,0.31,0.48,8.4,4.63
2008-06-25,16.98,6.45,11.71,0.33,0.48,6.01,10.45
2008-06-26,15.49,9.45,11.9,0.47,0.48,6.04,7.98
2008-06-27,15.56,8.59,11.58,0.18,0.48,8.37,8.43
2008-06-28,13.44,7.87,10.36,0.02,0.48,3.28,5.41
2008-06-29,17.22,8.49,11.65,0.74,0.48,2.53,2.49
2008-06-30,14.16,9.38,11.62,3.38,0.48,6.19,7.71
2008-07-01,14.58,10.26,12.32,2.75,0.49,7.42,7.36
2008-07-02,14.98,8.42,11.71,0.14,0.49,6.35,5.48
2008-07-03,12.95,6.24,9.58,0.09,0.48,6.35,6.62
2008-07-04,14.49,4.28,8.14,0.0,0.48,4.22,4.74
2008-07-05,14.8,3.89,8.53,0.03,0.48,3.25,6.69
2008-07-06,12.06,6.96,9.36,6.87,0.48,5.02,7.22
2008-07-07,10.13,5.54,7.73,8.49,0.51,6.5,5.02
2008-07-08,11.67,4.4,7.84,0.92,0.51,5.13,9.02
2008-07-09,13.68,5.73,9.59,2.65,0.51,7.54,6.69
2008-07-10,10.9,6.73,8.9,4.98,0.51,5.0,8.53
2008-07-11,12.46,5.02,8.53,0.99,0.52,5.23,8.45
2008-07-12,11.12,4.69,7.64,0.16,0.51,2.41,5.93
2008-07-13,17.14,3.46,9.99,0.0,0.51,4.16,10.06
2008-07-14,14.42,6.87,10.4,8.02,0.52,8.29,4.83
2008-07-15,15.44,10.01,11.69,6.53,0.53,10.48,6.02
2008-07-16,13.99,6.18,10.16,0.94,0.53,6.87,7.8
2008-07-17,13.38,5.11,8.85,7.44,0.53,5.81,8.66
2008-07-18,11.97,5.16,8.61,0.41,0.54,5.78,9.72
2008-07-19,16.71,6.06,10.26,1.44,0.54,5.91,4.69
2008-07-20,14.15,6.75,9.56,1.37,0.54,7.13,8.12
2008-07-21,12.69,4.58,9.06,1.03,0.54,5.37,9.42
2008-07-22,11.86,3.74,7.0,0.14,0.54,4.36,9.39
2008-07-23,12.42,2.21,6.25,0.01,0.54,2.97,10.58
2008-07-24,13.55,0.26,6.31,0.01,0.54,1.97,12.22
2008-07-25,15.16,2.4,8.1,0.08,0.53,2.46,11.8
2008-07-26,10.84,3.56,7.49,7.25,0.54,6.1,7.76
2008-07-27,10.44,1.71,6.15,1.43,0.55,4.19,10.99
2008-07-28,13.61,1.02,6.0,0.13,0.54,3.74,12.31
2008-07-29,10.12,1.87,5.79,1.07,0.54,3.06,5.17
2008-07-30,14.86,4.88,8.18,0.71,0.54,5.86,9.81
2008-07-31,16.19,3.82,9.75,3.23,0.54,7.88,10.15
2008-08-01,11.12,7.87,9.63,8.79,0.56,6.73,9.23
2008-08-02,12.92,7.18,9.38,1.15,0.56,6.94,10.7
2008-08-03,16.55,4.71,9.82,1.2,0.56,5.13,8.46
2008-08-04,13.89,6.51,9.89,2.14,0.56,7.48,11.15
2008-08-05,15.61,5.51,9.59,0.05,0.56,7.27,11.64
2008-08-06,11.54,5.29,7.86,10.79,0.56,7.08,7.02
2008-08-07,12.08,4.39,7.45,0.62,0.57,3.77,12.9
2008-08-08,11.98,3.79,7.24,4.58,0.58,5.16,9.95
2008-08-09,10.6,5.02,6.89,9.32,0.58,5.23,7.93
2008-08-10,8.96,4.32,6.35,2.83,0.59,3.58,12.5
2008-08-11,11.99,4.08,7.52,2.83,0.59,5.12,12.16
2008-08-12,12.56,3.21,7.87,3.43,0.59,5.89,10.99
2008-08-13,11.94,1.94,6.64,0.11,0.59,3.38,10.08
2008-08-14,12.01,5.85,8.64,0.64,0.59,5.99,9.37
2008-08-15,12.88,7.77,9.65,2.05,0.59,7.86,10.82
2008-08-16,13.27,6.75,9.3,0.89,0.59,7.52,11.37
2008-08-17,12.78,5.14,8.35,0.94,0.59,6.32,10.94
2008-08-18,13.69,5.24,8.22,0.29,0.59,6.15,12.02
2008-08-19,12.83,5.08,8.96,1.03,0.59,7.05,10.23
2008-08-20,15.44,7.32,9.82,3.79,0.58,6.02,10.89
2008-08-21,10.09,3.12,6.96,3.22,0.59,4.66,11.25
2008-08-22,11.43,1.67,6.05,0.99,0.59,3.46,13.46
2008-08-23,13.09,3.22,7.61,0.85,0.59,6.19,12.65
2008-08-24,13.53,4.53,8.33,0.38,0.59,5.75,10.49
2008-08-25,14.97,3.58,8.4,0.0,0.59,4.07,11.46
2008-08-26,14.03,3.46,7.96,0.27,0.58,4.44,14.68
2008-08-27,13.71,2.65,8.09,0.0,0.58,4.93,11.55
2008-08-28,15.29,4.67,8.84,0.0,0.58,5.69,16.95
2008-08-29,17.52,5.13,10.78,0.0,0.57,5.63,13.11
2008-08-30,13.99,8.51,11.51,6.68,0.58,8.3,4.54
2008-08-31,13.06,5.74,9.7,4.59,0.59,6.91,13.73
2008-09-01,13.49,6.9,10.19,6.45,0.59,8.21,10.93
2008-09-02,14.72,5.08,9.46,0.65,0.59,6.67,14.03
2008-09-03,14.7,4.47,8.47,0.0,0.59,4.85,16.45
2008-09-04,16.86,1.64,9.86,0.17,0.58,6.13,17.32
2008-09-05,16.76,7.76,12.14,1.3,0.58,9.0,14.03
2008-09-06,17.98,6.1,11.24,0.01,0.58,7.35,17.57
2008-09-07,17.16,5.39,10.43,0.13,0.57,7.1,16.34
2008-09-08,14.81,4.75,9.14,0.01,0.57,5.64,17.1
2008-09-09,15.04,2.3,8.72,0.0,0.57,4.86,19.0
2008-09-10,19.21,4.88,11.71,1.6,0.56,6.08,16.25
2008-09-11,19.69,8.29,13.44,0.76,0.56,8.84,14.15
2008-09-12,19.16,8.89,14.2,0.5,0.56,10.1,15.95
2008-09-13,23.7,9.34,16.03,0.23,0.55,8.66,20.11
2008-09-14,15.03,9.51,12.25,1.29,0.55,6.41,15.33
2008-09-15,12.28,5.97,10.25,7.63,0.55,4.91,12.04
2008-09-16,14.94,3.79,8.73,0.04,0.55,3.44,14.68
2008-09-17,18.26,3.05,10.67,0.0,0.55,3.71,21.06
2008-09-18,21.69,8.92,13.48,0.43,0.54,5.05,12.83
2008-09-19,19.56,7.05,12.03,0.83,0.54,10.68,14.95
2008-09-20,15.73,6.09,11.08,0.77,0.54,6.67,17.69
2008-09-21,19.77,5.82,12.24,0.01,0.53,6.96,21.24
2008-09-22,14.19,6.01,10.11,6.5,0.54,5.45,6.71
2008-09-23,16.0,5.81,10.42,0.58,0.54,6.01,17.57
2008-09-24,18.25,6.11,12.27,0.08,0.53,6.77,15.62
2008-09-25,22.18,6.94,14.42,0.0,0.53,4.59,23.12
2008-09-26,24.21,9.06,15.2,0.0,0.52,6.2,22.97
2008-09-27,28.97,7.25,16.34,0.11,0.51,9.22,22.25
2008-09-28,17.62,8.41,12.62,0.99,0.51,8.5,16.5
2008-09-29,15.85,3.91,9.25,0.09,0.51,3.51,17.76
2008-09-30,19.32,3.96,11.55,0.0,0.5,4.13,22.83
2008-10-01,24.65,8.07,15.19,0.06,0.5,5.39,11.51
2008-10-02,23.16,10.96,15.57,0.02,0.5,9.62,19.08
2008-10-03,18.32,7.7,13.16,2.2,0.5,9.13,5.44
2008-10-04,18.16,4.49,10.6,0.0,0.49,4.09,24.21
2008-10-05,19.95,3.88,11.34,0.17,0.49,4.69,25.38
2008-10-06,14.81,4.08,9.8,3.27,0.49,3.96,20.96
2008-10-07,16.17,3.67,10.22,0.91,0.49,5.82,14.41
2008-10-08,16.14,6.05,10.52,1.07,0.49,7.48,16.78
2008-10-09,21.4,5.58,12.68,0.04,0.49,7.24,22.53
2008-10-10,24.71,6.07,15.27,0.0,0.48,6.96,25.21
2008-10-11,27.36,9.0,18.14,0.01,0.48,5.99,25.26
2008-10-12,29.76,12.67,20.42,0.04,0.47,5.3,22.54
2008-10-13,18.22,6.63,13.49,0.0,0.47,5.98,23.57
2008-10-14,18.64,5.22,11.37,0.0,0.47,4.69,19.74
2008-10-15,20.35,6.67,12.98,0.03,0.46,7.77,17.83
2008-10-16,23.94,7.28,15.06,0.0,0.46,7.76,26.1
2008-10-17,28.74,8.73,18.94,0.01,0.46,7.77,25.08
2008-10-18,33.06,14.17,22.0,0.0,0.45,6.33,24.37
2008-10-19,22.72,8.2,15.39,0.0,0.45,8.33,22.8
2008-10-20,19.67,6.36,12.3,0.0,0.45,3.94,25.35
2008-10-21,19.26,4.54,11.6,0.0,0.45,4.02,26.64
2008-10-22,22.01,4.51,13.02,0.0,0.44,3.11,28.44
2008-10-23,23.62,5.74,15.13,0.0,0.44,2.71,24.01
2008-10-24,28.99,11.91,19.81,0.0,0.44,3.62,24.52
2008-10-25,30.67,14.69,22.26,0.0,0.43,6.83,17.85
2008-10-26,27.88,13.97,20.7,0.41,0.43,9.88,12.32
2008-10-27,21.83,8.26,15.2,0.58,0.43,9.4,14.06
2008-10-28,23.83,7.79,15.55,0.0,0.43,7.44,23.26
2008-10-29,25.71,7.75,17.18,0.02,0.43,6.21,25.61
2008-10-30,31.69,14.37,21.59,0.09,0.42,8.45,24.5
2008-10-31,21.66,10.82,16.05,0.43,0.42,10.25,10.95
2008-11-01,25.59,10.63,17.09,0.02,0.42,5.41,28.34
2008-11-02,25.41,11.99,16.86,6.38,0.43,10.63,12.87
2008-11-03,21.61,9.69,15.12,0.14,0.43,7.6,19.83
2008-11-04,23.75,7.83,15.71,0.11,0.43,2.72,30.32
2008-11-05,24.76,11.83,16.7,0.86,0.42,7.31,18.51
2008-11-06,26.1,10.93,18.41,0.01,0.42,8.42,29.35
2008-11-07,23.14,11.25,17.11,1.66,0.42,9.16,8.25
2008-11-08,18.11,10.49,14.13,0.68,0.42,8.11,20.09
2008-11-09,24.51,10.68,16.77,0.54,0.42,10.81,21.99
2008-11-10,27.64,9.49,18.33,0.0,0.42,9.79,27.18
2008-11-11,34.0,13.09,22.74,0.0,0.42,7.5,29.26
2008-11-12,36.46,15.75,27.03,0.0,0.41,5.52,26.43
2008-11-13,31.41,13.12,23.28,0.03,0.41,10.96,23.95
2008-11-14,22.69,12.01,15.94,0.02,0.41,6.52,26.51
2008-11-15,20.91,10.19,15.0,0.0,0.41,5.13,24.7
2008-11-16,23.48,10.03,15.85,0.0,0.4,2.26,32.51
2008-11-17,25.85,6.99,16.95,0.0,0.4,1.98,32.32
2008-11-18,26.78,11.72,18.35,0.01,0.4,5.08,15.48
2008-11-19,24.85,10.96,18.54,0.01,0.4,8.93,17.42
2008-11-20,21.66,9.94,15.06,0.0,0.4,6.4,22.25
2008-11-21,19.45,8.65,13.23,2.62,0.4,5.49,16.76
2008-11-22,16.3,6.65,10.9,1.47,0.4,2.48,24.29
2008-11-23,24.25,6.54,15.28,0.06,0.4,6.25,26.4
2008-11-24,26.95,9.55,17.45,0.05,0.4,4.45,27.2
2008-11-25,28.44,9.2,19.69,0.0,0.4,5.74,25.75
2008-11-26,33.8,14.92,22.67,0.04,0.39,7.14,27.59
2008-11-27,28.33,12.19,18.43,0.61,0.39,11.36,14.42
2008-11-28,22.39,11.4,15.63,0.37,0.39,9.69,10.17
2008-11-29,21.05,9.38,15.32,1.27,0.39,7.54,24.78
2008-11-30,24.23,8.11,15.8,2.0,0.39,8.73,29.51
2008-12-01,21.55,8.92,15.09,0.07,0.4,5.27,27.94
2008-12-02,22.94,9.78,15.68,0.37,0.39,8.27,23.1
2008-12-03,24.29,10.87,16.94,0.11,0.39,6.4,28.31
2008-12-04,26.58,9.61,18.53,9.59,0.4,9.81,9.47
2008-12-05,25.29,14.09,19.38,0.64,0.41,13.27,19.93
2008-12-06,22.37,9.12,16.31,0.08,0.41,9.39,20.76
2008-12-07,22.12,8.74,14.77,0.0,0.4,4.61,29.26
2008-12-08,26.55,7.43,17.07,0.0,0.4,3.93,33.93
2008-12-09,18.98,11.52,15.38,3.38,0.41,7.96,14.45
2008-12-10,26.99,8.43,17.8,0.0,0.4,4.22,33.16
2008-12-11,28.28,10.33,19.71,0.59,0.4,5.68,25.61
2008-12-12,21.72,16.11,18.58,48.16,0.45,15.37,6.93
2008-12-13,17.65,10.53,14.63,0.83,0.5,10.33,13.65
2008-12-14,20.88,10.03,14.59,0.1,0.48,6.98,21.27
2008-12-15,22.28,10.29,15.64,0.06,0.48,8.77,30.42
2008-12-16,22.47,11.82,16.84,1.46,0.47,12.39,20.84
2008-12-17,24.16,13.26,18.72,3.5,0.47,12.85,18.25
2008-12-18,22.31,10.96,16.77,0.99,0.47,9.52,25.66
2008-12-19,24.0,8.98,16.19,0.0,0.47,5.88,33.81
2008-12-20,28.37,9.06,19.31,0.0,0.46,7.87,33.84
2008-12-21,30.71,13.85,23.44,0.0,0.46,4.92,25.61
2008-12-22,26.22,14.26,20.95,0.0,0.45,11.51,21.12
2008-12-23,27.29,13.51,19.72,0.0,0.45,8.49,30.38
2008-12-24,30.43,10.44,20.09,0.0,0.45,8.19,32.81
2008-12-25,29.9,11.55,20.79,0.02,0.44,9.95,30.02
2008-12-26,32.15,16.18,24.22,0.02,0.44,11.59,28.45
2008-12-27,27.15,13.31,19.78,0.0,0.44,10.6,32.78
2008-12-28,24.14,13.51,18.36,0.27,0.43,12.03,19.56
2008-12-29,23.06,13.03,17.0,0.03,0.43,7.46,27.96
2008-12-30,22.34,14.03,17.52,2.85,0.43,10.45,25.64
2008-12-31,23.14,13.01,16.73,0.05,0.43,8.69,25.59
2009-01-01,21.77,8.86,15.74,0.07,0.43,6.03,27.64
2009-01-02,23.87,7.0,15.52,0.0,0.43,2.94,33.07
2009-01-03,27.52,8.15,18.45,0.0,0.43,3.99,31.99
2009-01-04,32.17,11.08,21.61,0.0,0.42,3.72,32.78
2009-01-05,30.2,11.12,19.96,0.0,0.42,5.7,33.69
2009-01-06,31.04,12.57,20.99,0.02,0.42,10.74,32.62
2009-01-07,24.95,13.3,18.02,0.32,0.41,9.1,25.44
2009-01-08,24.62,10.38,17.05,0.0,0.41,3.84,32.76
2009-01-09,22.93,8.54,16.64,0.0,0.41,3.51,25.2
2009-01-10,28.82,10.18,19.04,0.0,0.41,5.39,33.8
2009-01-11,28.32,12.14,19.15,0.0,0.41,6.42,33.24
2009-01-12,32.72,11.5,22.65,0.0,0.4,8.75,33.19
2009-01-13,40.62,18.74,29.86,0.0,0.4,3.6,33.34
2009-01-14,32.28,13.46,23.04,0.0,0.4,10.48,32.39
2009-01-15,27.0,12.17,18.24,0.0,0.4,8.24,29.93
2009-01-16,24.68,11.92,18.06,0.0,0.4,5.94,32.43
2009-01-17,28.77,9.83,19.42,0.0,0.39,4.94,32.61
2009-01-18,33.68,11.73,23.12,0.0,0.39,3.36,33.37
2009-01-19,38.18,16.95,27.24,0.0,0.39,1.71,32.78
2009-01-20,34.21,16.46,24.5,0.0,0.39,6.26,28.24
2009-01-21,29.82,13.46,21.28,0.0,0.39,8.53,31.08
2009-01-22,25.79,12.59,19.03,0.02,0.39,9.02,19.32
2009-01-23,28.43,11.4,19.55,0.39,0.39,8.18,30.9
2009-01-24,25.11,12.0,18.25,0.59,0.39,7.23,30.45
2009-01-25,29.72,9.73,19.39,0.0,0.39,6.8,32.26
2009-01-26,35.09,11.84,23.64,0.0,0.38,7.57,32.1
2009-01-27,41.67,16.77,29.76,0.08,0.38,5.4,31.15
2009-01-28,45.4,24.49,34.78,0.0,0.38,2.75,30.14
2009-01-29,44.53,28.88,36.0,0.0,0.38,11.12,24.93
2009-01-30,44.77,26.2,34.89,0.0,0.38,8.17,29.49
2009-01-31,42.77,22.9,31.34,0.02,0.38,13.72,25.28
2009-02-01,38.54,20.63,29.99,0.01,0.38,13.92,26.02
2009-02-02,36.68,22.19,29.05,0.0,0.38,14.41,27.37
2009-02-03,37.4,18.96,28.13,0.0,0.38,11.9,29.44
2009-02-04,39.42,20.71,29.27,0.0,0.38,10.36,30.04
2009-02-05,35.4,17.55,25.47,0.0,0.38,12.8,29.5
2009-02-06,39.54,18.02,29.89,0.06,0.38,11.33,27.76
2009-02-07,45.5,19.03,29.39,0.02,0.38,9.5,27.88
2009-02-08,26.07,13.68,19.17,0.14,0.38,8.07,21.59
2009-02-09,25.29,12.1,17.37,0.01,0.38,3.17,28.11
2009-02-10,22.35,11.19,16.02,0.11,0.38,4.84,19.72
2009-02-11,23.58,9.48,16.29,0.0,0.38,4.8,25.96
2009-02-12,26.69,11.49,18.83,0.0,0.38,5.17,29.75
2009-02-13,29.1,11.29,20.61,0.0,0.38,5.46,29.61
2009-02-14,32.58,14.37,23.18,0.0,0.38,4.06,28.01
2009-02-15,29.9,15.13,21.78,0.0,0.38,9.34,21.73
2009-02-16,32.69,14.42,23.76,0.0,0.38,7.67,28.8
2009-02-17,34.73,19.6,27.07,0.0,0.38,5.71,23.79
2009-02-18,35.06,20.02,27.34,0.0,0.38,5.74,20.51
2009-02-19,36.15,16.17,25.54,0.03,0.38,7.88,23.6
2009-02-20,26.46,14.78,19.52,0.1,0.38,10.32,20.9
2009-02-21,29.14,16.04,21.27,0.0,0.38,8.81,23.16
2009-02-22,30.82,12.85,21.24,0.0,0.38,6.62,28.28
2009-02-23,30.89,12.12,21.08,0.0,0.37,5.68,25.91
2009-02-24,27.77,9.82,18.32,0.0,0.37,3.64,27.97
2009-02-25,29.87,9.94,19.72,0.0,0.37,4.06,27.79
2009-02-26,34.65,13.88,24.45,0.0,0.37,3.94,23.94
2009-02-27,36.27,14.75,25.17,0.0,0.37,3.35,25.63
2009-02-28,27.67,13.74,18.96,0.0,0.37,8.21,26.95
2009-03-01,25.38,12.69,18.78,0.0,0.37,6.23,24.33
2009-03-02,31.73,12.84,22.48,0.14,0.37,9.44,21.1
2009-03-03,29.42,13.68,20.97,5.65,0.38,10.92,8.85
2009-03-04,19.52,13.68,16.25,0.28,0.39,6.81,17.63
2009-03-05,19.51,12.2,16.02,0.37,0.39,10.68,20.92
2009-03-06,22.62,12.36,16.37,0.07,0.39,10.57,14.23
2009-03-07,21.79,12.27,16.43,0.07,0.38,9.58,16.44
2009-03-08,26.29,9.74,17.68,0.0,0.38,6.23,25.12
2009-03-09,29.1,10.78,19.29,0.0,0.38,5.67,25.24
2009-03-10,30.61,11.78,21.31,1.82,0.38,10.92,18.27
2009-03-11,26.38,17.42,21.23,6.79,0.4,16.11,14.74
2009-03-12,30.92,16.08,22.53,0.39,0.4,13.54,22.64
2009-03-13,30.83,14.23,22.26,5.73,0.4,12.19,20.52
2009-03-14,20.76,13.08,17.06,0.91,0.4,9.28,17.75
2009-03-15,19.4,13.27,15.49,2.36,0.4,8.52,14.99
2009-03-16,20.25,12.48,15.7,0.14,0.4,10.31,13.59
2009-03-17,23.82,11.95,16.62,0.01,0.4,8.92,20.89
2009-03-18,26.89,9.81,18.59,0.0,0.4,6.69,20.26
2009-03-19,29.25,11.96,20.02,0.0,0.4,8.38,22.72
2009-03-20,27.83,9.43,18.46,0.01,0.4,8.75,22.66
2009-03-21,35.25,15.95,23.85,0.06,0.39,9.79,16.83
2009-03-22,22.99,11.97,17.74,0.01,0.39,10.1,15.93
2009-03-23,23.85,9.28,15.95,0.0,0.39,5.61,22.28
2009-03-24,22.68,11.22,16.44,1.66,0.39,9.36,9.86
2009-03-25,26.73,15.04,19.69,0.0,0.39,13.04,16.05
2009-03-26,24.51,10.4,17.4,0.0,0.39,10.24,19.94
2009-03-27,24.29,8.01,15.11,0.0,0.39,6.62,21.57
2009-03-28,28.84,8.66,17.91,0.0,0.39,2.49,21.92
2009-03-29,29.8,12.36,19.97,0.0,0.39,1.48,21.27
2009-03-30,26.39,11.08,17.8,0.02,0.39,9.28,19.78
2009-03-31,31.41,10.8,20.86,0.0,0.39,6.82,20.31
2009-04-01,32.08,16.93,23.86,0.0,0.38,6.77,19.49
2009-04-02,33.91,17.58,24.55,0.03,0.38,10.24,18.12
2009-04-03,21.41,10.84,16.39,0.75,0.38,9.05,15.07
2009-04-04,21.49,8.73,14.74,0.05,0.38,7.77,12.46
2009-04-05,20.88,10.46,14.98,0.3,0.38,7.97,13.69
2009-04-06,19.49,8.24,13.33,0.01,0.38,4.74,12.24
2009-04-07,21.99,7.78,14.56,0.01,0.38,8.37,11.83
2009-04-08,22.77,8.6,15.05,0.01,0.38,8.97,17.1
2009-04-09,24.37,8.35,15.4,0.02,0.38,7.79,17.7
2009-04-10,21.17,8.4,14.2,0.01,0.38,8.63,16.05
2009-04-11,25.11,9.03,16.13,0.01,0.38,8.53,18.04
2009-04-12,26.49,8.58,16.76,0.02,0.38,5.28,18.34
2009-04-13,28.74,10.55,18.85,0.0,0.38,-0.1,17.98
2009-04-14,22.79,10.49,15.66,2.67,0.39,10.43,16.77
2009-04-15,17.81,9.46,13.7,0.2,0.39,4.9,13.36
2009-04-16,19.13,9.69,14.43,3.27,0.39,9.38,11.9
2009-04-17,21.42,10.68,15.56,0.46,0.39,11.25,11.13
2009-04-18,22.55,10.53,15.72,0.04,0.39,11.22,9.94
2009-04-19,23.33,9.4,15.3,0.03,0.39,9.62,15.9
2009-04-20,25.06,7.93,15.81,0.0,0.39,6.39,16.76
2009-04-21,24.88,10.59,16.88,0.0,0.39,3.67,15.16
2009-04-22,25.47,10.77,17.21,0.0,0.39,2.81,16.59
2009-04-23,24.32,11.8,17.16,17.77,0.42,9.44,7.2
2009-04-24,17.9,13.04,14.83,10.38,0.43,12.3,10.7
2009-04-25,16.91,9.7,12.49,11.22,0.45,8.72,7.23
2009-04-26,13.94,6.88,10.66,0.8,0.46,3.38,12.32
2009-04-27,15.0,6.59,9.93,1.35,0.45,6.84,8.93
2009-04-28,15.29,5.3,10.14,0.01,0.45,3.19,10.56
2009-04-29,17.02,6.55,10.6,0.05,0.45,2.23,14.19
2009-04-30,19.51,4.43,11.16,0.63,0.45,5.88,12.6
2009-05-01,16.63,7.66,12.2,2.39,0.45,9.65,6.4
2009-05-02,18.47,4.8,10.82,0.0,0.45,6.23,13.46
2009-05-03,18.81,8.24,12.22,0.83,0.45,9.67,10.09
2009-05-04,18.93,8.11,12.88,0.51,0.45,10.06,7.15
2009-05-05,17.92,8.6,12.82,0.01,0.45,8.98,8.48
2009-05-06,18.27,7.88,12.17,0.25,0.45,8.93,11.32
2009-05-07,19.13,7.61,12.66,0.11,0.45,10.0,7.68
2009-05-08,18.88,7.76,12.69,0.0,0.45,8.79,9.77
2009-05-09,17.5,8.91,12.82,0.04,0.45,10.2,5.92
2009-05-10,18.23,8.43,12.21,0.02,0.44,8.72,11.93
2009-05-11,18.73,6.81,11.38,0.03,0.44,7.67,11.78
2009-05-12,16.23,6.13,10.46,1.09,0.44,7.76,9.35
2009-05-13,16.71,9.8,12.26,2.01,0.45,9.81,8.66
2009-05-14,17.21,11.03,13.52,1.33,0.45,9.59,8.4
2009-05-15,18.04,12.5,14.49,2.07,0.45,12.14,6.11
2009-05-16,16.18,11.04,13.29,0.2,0.45,9.63,9.13
2009-05-17,17.55,9.83,13.06,0.08,0.45,9.16,8.7
2009-05-18,17.17,9.47,12.53,0.0,0.45,7.81,5.69
2009-05-19,18.27,7.43,12.32,0.02,0.45,7.91,8.29
2009-05-20,20.72,9.09,14.0,0.02,0.45,10.16,8.55
2009-05-21,22.06,9.61,14.41,0.0,0.45,8.78,11.61
2009-05-22,21.39,8.45,13.87,0.0,0.44,6.96,12.06
2009-05-23,18.85,10.8,14.62,0.66,0.44,9.72,7.59
2009-05-24,20.76,13.68,16.43,1.82,0.45,11.93,4.32
2009-05-25,16.92,10.14,13.67,2.67,0.45,12.4,5.1
2009-05-26,16.64,8.74,11.6,0.11,0.45,8.22,9.91
2009-05-27,16.37,7.28,11.33,0.14,0.45,7.98,8.88
2009-05-28,15.06,7.08,10.46,0.1,0.45,6.29,7.43
2009-05-29,16.42,6.82,10.79,0.05,0.45,6.56,9.51
2009-05-30,16.09,5.72,9.32,0.43,0.45,5.19,11.36
2009-05-31,16.51,6.43,10.78,1.56,0.45,7.06,9.23
2009-06-01,14.41,9.5,11.37,4.06,0.46,9.64,3.78
2009-06-02,16.37,10.79,12.62,0.86,0.46,9.59,4.06
2009-06-03,16.6,8.32,11.78,1.02,0.46,9.39,5.29
2009-06-04,16.54,5.38,10.25,4.0,0.46,7.41,7.96
2009-06-05,16.82,5.43,10.25,0.85,0.46,6.68,9.22
2009-06-06,11.84,8.07,9.55,11.02,0.47,8.33,4.41
2009-06-07,13.86,7.07,9.98,11.44,0.49,8.68,7.04
2009-06-08,12.35,8.77,10.0,1.93,0.51,6.84,8.26
2009-06-09,13.0,4.34,9.15,1.47,0.5,4.99,8.6
2009-06-10,12.54,2.32,6.83,0.0,0.5,2.96,7.62
2009-06-11,13.02,1.29,6.42,0.05,0.5,2.59,9.35
2009-06-12,10.17,2.79,6.36,2.93,0.5,1.11,6.3
2009-06-13,14.66,6.03,9.63,2.07,0.5,6.02,7.27
2009-06-14,13.87,7.09,9.58,0.15,0.5,7.01,5.76
2009-06-15,16.31,4.46,9.17,0.1,0.5,6.02,10.24
2009-06-16,16.19,3.93,9.5,0.03,0.5,5.64,9.58
2009-06-17,16.07,2.62,8.43,0.07,0.5,4.47,9.92
2009-06-18,15.42,3.65,8.26,0.02,0.5,5.07,10.34
2009-06-19,15.53,4.44,9.03,0.86,0.5,5.47,9.94
2009-06-20,16.55,6.95,10.89,0.76,0.5,6.84,5.25
2009-06-21,17.89,4.18,9.77,1.54,0.5,6.05,10.17
2009-06-22,16.08,4.69,9.6,1.31,0.5,5.67,7.51
2009-06-23,13.8,5.66,9.34,0.66,0.5,5.2,8.02
2009-06-24,14.79,5.64,9.32,2.97,0.5,7.71,8.06
2009-06-25,15.06,7.31,10.21,0.41,0.5,8.19,7.61
2009-06-26,13.32,7.2,9.7,0.18,0.5,8.23,5.02
2009-06-27,14.75,7.54,10.56,0.38,0.5,7.98,6.16
2009-06-28,16.72,7.3,10.78,0.7,0.5,8.13,6.55
2009-06-29,18.14,9.69,13.79,7.83,0.5,9.49,8.58
2009-06-30,16.55,10.64,12.89,10.71,0.53,9.78,3.86
2009-07-01,14.5,9.79,11.32,7.76,0.54,8.05,8.02
2009-07-02,12.1,8.48,10.13,2.78,0.54,7.79,4.22
2009-07-03,14.0,9.05,11.01,1.71,0.54,8.81,8.05
2009-07-04,13.46,6.8,10.69,1.05,0.54,9.22,6.47
2009-07-05,12.01,2.74,7.15,0.02,0.54,4.62,6.51
2009-07-06,11.98,2.91,6.97,0.01,0.54,5.38,6.86
2009-07-07,12.59,1.28,5.95,0.01,0.54,3.15,10.22
2009-07-08,14.31,1.7,6.9,0.0,0.54,3.49,9.73
2009-07-09,16.04,3.03,9.17,0.05,0.53,5.22,10.75
2009-07-10,12.5,8.41,10.32,24.05,0.56,7.59,2.88
2009-07-11,13.24,9.66,10.86,11.65,0.58,9.25,3.79
2009-07-12,13.16,8.56,10.47,6.45,0.6,9.23,7.07
2009-07-13,12.17,7.42,9.68,1.82,0.6,7.92,6.63
2009-07-14,10.92,6.48,8.25,2.59,0.6,6.53,9.18
2009-07-15,12.27,4.65,8.03,0.43,0.6,7.08,9.77
2009-07-16,13.75,4.41,8.24,0.02,0.59,6.21,11.0
2009-07-17,13.61,3.63,7.8,0.14,0.59,5.54,9.73
2009-07-18,14.95,6.41,10.0,2.55,0.59,6.89,8.87
2009-07-19,16.55,7.7,10.87,0.03,0.59,7.9,9.85
2009-07-20,18.02,7.99,11.41,0.0,0.59,4.5,8.96
2009-07-21,17.46,7.77,11.29,7.04,0.59,6.32,6.87
2009-07-22,11.56,4.25,8.9,7.24,0.6,7.81,4.81
2009-07-23,12.31,2.13,7.0,2.62,0.61,3.68,11.37
2009-07-24,13.87,2.99,7.62,0.08,0.61,4.09,8.26
2009-07-25,15.52,4.45,8.82,0.04,0.6,4.01,11.17
2009-07-26,12.57,3.74,7.67,4.23,0.6,5.33,7.71
2009-07-27,14.61,7.94,10.53,2.89,0.61,8.68,10.17
2009-07-28,14.83,7.91,10.83,2.6,0.61,9.57,8.97
2009-07-29,14.73,7.89,10.79,1.86,0.61,9.3,9.53
2009-07-30,13.91,7.64,10.44,3.72,0.61,9.72,6.61
2009-07-31,14.86,8.01,10.42,0.75,0.61,8.83,10.15
2009-08-01,14.86,8.42,11.45,1.24,0.61,9.99,9.15
2009-08-02,15.72,9.11,11.77,1.37,0.61,8.6,7.98
2009-08-03,12.35,6.46,9.43,0.02,0.61,5.24,9.89
2009-08-04,14.96,7.85,10.82,2.34,0.61,9.24,9.73
2009-08-05,14.47,6.18,10.66,3.28,0.61,9.42,11.08
2009-08-06,18.92,8.47,12.86,0.09,0.61,8.17,7.71
2009-08-07,13.55,4.16,9.31,0.1,0.61,4.46,13.53
2009-08-08,14.9,2.05,7.34,0.01,0.6,2.52,13.59
2009-08-09,10.76,2.48,7.02,4.59,0.61,3.61,4.99
2009-08-10,13.1,6.54,9.25,0.18,0.61,5.39,4.03
2009-08-11,16.08,5.35,9.29,0.25,0.61,6.9,13.56
2009-08-12,16.46,5.64,9.9,0.24,0.6,8.51,12.46
2009-08-13,17.09,6.32,10.68,0.02,0.6,9.22,9.91
2009-08-14,18.71,5.13,11.46,0.07,0.6,8.12,14.62
2009-08-15,21.25,7.54,14.73,2.36,0.59,7.8,9.89
2009-08-16,16.88,10.25,13.16,3.98,0.6,8.47,10.06
2009-08-17,14.89,6.45,10.49,0.0,0.59,5.96,12.07
2009-08-18,18.22,5.58,11.04,0.43,0.59,7.81,14.98
2009-08-19,18.74,6.84,12.01,2.52,0.59,7.83,12.44
2009-08-20,18.85,7.36,12.95,1.38,0.59,9.56,14.92
2009-08-21,14.65,6.52,11.02,2.03,0.59,6.88,12.84
2009-08-22,14.12,5.94,9.58,4.28,0.59,7.22,12.16
2009-08-23,17.24,6.82,12.03,3.66,0.59,7.93,13.13
2009-08-24,12.8,7.55,10.12,8.93,0.6,7.73,8.93
2009-08-25,12.79,7.44,9.5,0.19,0.6,4.67,9.98
2009-08-26,15.94,8.04,11.97,0.92,0.6,6.96,13.67
2009-08-27,14.74,9.15,11.23,2.81,0.59,9.12,11.83
2009-08-28,20.12,8.06,13.11,1.33,0.59,9.89,13.62
2009-08-29,14.82,7.68,10.94,3.62,0.6,8.75,8.48
2009-08-30,14.2,6.29,10.19,0.9,0.59,6.46,13.03
2009-08-31,14.96,6.0,11.17,2.0,0.59,8.82,12.41
2009-09-01,15.18,5.37,10.13,2.02,0.59,6.85,12.81
2009-09-02,19.78,8.08,13.37,1.68,0.59,7.05,16.74
2009-09-03,16.28,8.28,12.1,1.14,0.59,7.94,13.89
2009-09-04,14.06,7.75,10.37,2.75,0.59,7.32,14.8
2009-09-05,13.58,5.68,10.22,1.87,0.59,7.19,12.54
2009-09-06,17.0,5.36,9.84,1.17,0.59,5.32,7.95
2009-09-07,14.88,8.14,10.96,1.03,0.58,8.8,12.33
2009-09-08,15.09,5.21,10.13,0.09,0.58,6.36,11.47
2009-09-09,15.3,4.99,9.75,0.05,0.58,6.89,11.36
2009-09-10,16.91,4.88,10.58,0.0,0.57,6.07,18.17
2009-09-11,23.65,8.01,13.68,2.03,0.57,7.04,12.57
2009-09-12,26.32,9.09,16.87,0.85,0.56,10.92,15.99
2009-09-13,16.95,6.91,11.79,0.68,0.56,7.17,17.01
2009-09-14,15.74,5.47,10.1,0.17,0.55,4.46,16.16
2009-09-15,20.0,3.38,11.68,0.0,0.55,4.11,19.83
2009-09-16,22.85,8.65,14.24,6.16,0.55,7.11,7.12
2009-09-17,16.8,6.48,12.49,9.4,0.57,10.2,11.18
2009-09-18,18.91,4.83,11.35,0.0,0.57,5.82,21.03
2009-09-19,18.35,8.24,13.02,0.2,0.56,8.07,16.87
2009-09-20,16.42,7.87,11.24,0.19,0.55,7.54,15.56
2009-09-21,18.6,5.53,12.2,18.26,0.56,9.48,8.86
2009-09-22,17.36,9.31,12.75,1.94,0.58,9.67,14.23
2009-09-23,15.95,9.37,12.3,1.19,0.58,8.86,15.91
2009-09-24,17.92,10.56,13.93,2.37,0.58,9.8,15.19
2009-09-25,14.07,7.16,10.85,7.67,0.58,7.18,11.22
2009-09-26,12.83,6.02,8.72,7.62,0.59,5.25,14.91
2009-09-27,13.53,5.65,9.5,0.61,0.59,5.55,12.74
2009-09-28,15.42,5.58,10.09,0.25,0.58,7.3,13.93
2009-09-29,20.35,4.73,12.65,0.0,0.58,7.25,20.14
2009-09-30,22.29,10.03,14.78,0.0,0.57,7.14,11.73
2009-10-01,15.31,7.17,11.32,0.02,0.56,7.53,15.43
2009-10-02,15.66,5.9,10.25,0.16,0.56,6.0,13.71
2009-10-03,17.16,5.25,10.97,0.39,0.56,7.3,14.21
2009-10-04,16.09,5.89,10.72,0.13,0.55,7.47,14.25
2009-10-05,16.14,7.92,11.56,0.68,0.55,7.79,16.57
2009-10-06,15.11,4.65,9.72,0.69,0.55,5.06,20.08
2009-10-07,15.86,3.09,9.12,0.07,0.54,3.74,18.39
2009-10-08,16.57,3.34,9.82,0.0,0.54,4.67,14.03
2009-10-09,17.78,4.52,11.06,0.0,0.53,4.96,23.01
2009-10-10,20.7,5.12,12.88,0.0,0.53,5.21,24.16
2009-10-11,24.46,7.46,16.1,0.81,0.52,6.28,20.85
2009-10-12,15.31,9.25,12.32,3.98,0.52,7.22,14.84
2009-10-13,13.96,8.77,11.4,13.88,0.53,9.02,14.68
2009-10-14,15.83,9.2,11.69,2.8,0.54,8.4,15.62
2009-10-15,14.26,7.87,10.88,3.02,0.54,6.08,23.12
2009-10-16,16.74,7.19,11.75,1.16,0.54,8.2,18.09
2009-10-17,17.76,5.69,11.3,0.17,0.54,6.89,15.72
2009-10-18,18.43,5.55,11.31,0.0,0.53,6.63,16.19
2009-10-19,25.12,6.36,15.85,0.01,0.52,7.59,27.56
2009-10-20,24.24,11.47,16.67,0.0,0.52,8.48,19.81
2009-10-21,20.38,7.65,13.47,0.0,0.51,7.05,27.33
2009-10-22,22.86,5.53,13.98,0.0,0.51,7.47,28.09
2009-10-23,23.1,7.38,14.95,0.0,0.5,7.19,27.22
2009-10-24,24.19,9.35,15.83,0.0,0.5,7.64,26.58
2009-10-25,18.7,6.75,12.27,0.0,0.49,4.4,20.37
2009-10-26,21.49,5.3,13.15,0.0,0.49,4.71,28.84
2009-10-27,26.36,6.13,16.26,0.0,0.48,7.34,28.62
2009-10-28,28.72,10.81,19.76,0.0,0.48,11.39,22.34
2009-10-29,32.3,16.78,24.37,0.06,0.47,13.6,23.42
2009-10-30,34.76,16.45,25.31,0.1,0.47,13.75,25.39
2009-10-31,32.28,13.56,21.72,0.04,0.46,13.74,24.64
2009-11-01,29.89,12.06,20.84,0.06,0.46,10.67,22.24
2009-11-02,38.23,14.7,22.37,0.04,0.45,12.43,21.33
2009-11-03,18.61,11.34,14.73,0.74,0.45,7.72,17.09
2009-11-04,19.2,8.05,13.53,0.15,0.45,6.19,17.92
2009-11-05,22.62,5.83,14.23,0.0,0.45,4.92,27.86
2009-11-06,27.98,6.77,17.56,0.0,0.45,4.26,30.84
2009-11-07,34.11,10.95,23.57,0.0,0.44,7.67,30.21
2009-11-08,35.34,17.79,26.55,0.0,0.44,10.11,30.18
2009-11-09,37.03,18.5,28.26,0.0,0.43,11.48,27.72
2009-11-10,38.92,19.87,29.25,0.0,0.43,10.86,28.62
2009-11-11,39.58,20.67,29.59,0.0,0.42,11.03,29.68
2009-11-12,36.69,19.7,27.96,0.0,0.42,9.92,27.03
2009-11-13,35.49,14.92,25.27,0.0,0.42,8.49,30.72
2009-11-14,38.22,21.01,27.96,0.0,0.41,7.73,30.07
2009-11-15,38.92,16.28,26.79,0.0,0.41,9.13,26.69
2009-11-16,26.59,14.08,19.94,0.0,0.41,9.94,28.41
2009-11-17,28.87,11.79,20.21,0.0,0.41,8.87,30.72
2009-11-18,37.76,15.25,26.29,0.0,0.4,8.4,22.83
2009-11-19,40.17,15.95,29.63,0.01,0.4,8.76,30.99
2009-11-20,28.62,18.07,23.65,0.12,0.4,13.6,12.48
2009-11-21,26.76,14.66,19.36,7.6,0.4,12.42,7.82
2009-11-22,21.15,11.72,16.15,7.3,0.42,8.4,25.1
2009-11-23,24.65,9.51,16.8,0.0,0.42,4.84,30.35
2009-11-24,29.03,9.67,19.11,0.0,0.42,7.37,32.29
2009-11-25,34.37,14.12,24.74,0.24,0.41,10.63,28.25
2009-11-26,27.41,15.73,21.26,8.36,0.42,16.04,13.27
2009-11-27,33.06,13.19,21.09,9.72,0.43,12.22,24.44
2009-11-28,19.14,11.8,15.13,15.1,0.45,10.27,16.95
2009-11-29,21.83,11.49,16.57,2.61,0.47,10.91,24.0
2009-11-30,25.31,10.66,17.84,0.1,0.46,9.04,23.2
2009-12-01,27.17,9.81,18.79,0.0,0.45,4.51,33.75
2009-12-02,31.76,11.35,22.81,0.0,0.45,4.4,33.27
2009-12-03,22.77,10.5,18.57,0.0,0.44,5.89,27.48
2009-12-04,24.6,7.96,15.8,0.0,0.44,4.8,33.17
2009-12-05,24.09,11.47,17.18,0.0,0.44,9.48,21.76
2009-12-06,26.35,10.18,17.56,0.0,0.43,9.46,32.32
2009-12-07,24.24,11.46,17.88,0.84,0.43,10.83,16.1
2009-12-08,21.46,10.11,15.37,6.95,0.44,8.3,23.04
2009-12-09,24.31,8.26,16.07,0.01,0.44,7.76,30.27
2009-12-10,18.62,11.29,15.1,2.41,0.44,7.91,21.61
2009-12-11,22.04,9.61,15.55,0.03,0.44,6.56,24.12
2009-12-12,24.39,13.17,17.65,0.21,0.44,10.7,20.39
2009-12-13,26.21,12.04,18.27,0.27,0.43,10.99,24.83
2009-12-14,30.21,10.3,20.33,0.0,0.43,7.91,33.67
2009-12-15,37.1,13.58,26.21,0.0,0.43,7.46,33.5
2009-12-16,40.59,18.46,28.05,0.01,0.42,8.12,30.14
2009-12-17,19.79,9.89,16.04,11.82,0.43,10.77,10.48
2009-12-18,23.57,9.15,16.7,0.1,0.44,8.65,30.4
2009-12-19,24.91,12.16,18.06,0.12,0.44,8.4,31.1
2009-12-20,28.52,9.93,19.12,0.0,0.43,6.69,29.8
2009-12-21,32.33,12.26,21.94,0.0,0.43,7.52,31.92
2009-12-22,34.43,12.33,23.47,0.0,0.42,7.58,31.8
2009-12-23,38.7,19.59,29.01,0.05,0.42,10.01,18.98
2009-12-24,25.96,11.35,20.06,0.43,0.42,12.2,14.67
2009-12-25,25.5,9.45,17.01,0.0,0.42,5.71,33.02
2009-12-26,28.24,10.07,19.21,0.0,0.41,7.15,33.71
2009-12-27,31.3,12.59,21.37,0.0,0.41,7.95,31.11
2009-12-28,33.68,13.72,23.62,0.0,0.41,7.56,33.66
2009-12-29,35.03,13.74,24.73,0.0,0.4,6.39,34.06
2009-12-30,39.63,16.88,29.7,0.0,0.4,9.38,33.39
2009-12-31,38.75,17.64,28.58,4.36,0.4,13.08,25.83
2010-01-01,28.92,14.17,20.46,0.03,0.41,11.17,30.5
2010-01-02,24.67,13.19,17.49,0.01,0.4,6.93,26.14
2010-01-03,26.17,11.91,18.52,0.0,0.4,6.99,27.44
2010-01-04,31.22,11.6,21.07,0.0,0.4,6.95,33.66
2010-01-05,30.32,11.98,20.45,0.0,0.4,7.3,33.64
2010-01-06,31.22,11.43,21.12,0.0,0.39,4.72,33.6
2010-01-07,34.46,11.8,24.2,0.0,0.39,4.46,34.09
2010-01-08,38.11,16.88,28.06,0.0,0.39,3.07,31.65
2010-01-09,42.46,19.47,31.15,0.0,0.39,3.36,32.98
2010-01-10,43.88,19.71,32.51,0.0,0.38,7.37,32.9
2010-01-11,43.5,25.72,34.27,0.0,0.38,9.45,24.1
2010-01-12,24.6,14.33,20.48,12.05,0.4,13.0,11.07
2010-01-13,25.24,13.33,18.79,0.14,0.4,7.04,25.23
2010-01-14,27.7,11.24,19.4,0.0,0.4,6.42,32.21
2010-01-15,31.74,12.06,21.46,0.0,0.4,7.33,33.01
2010-01-16,26.2,12.83,18.08,0.14,0.39,9.59,25.45
2010-01-17,21.39,12.75,16.41,0.75,0.39,6.4,25.25
2010-01-18,22.96,10.82,16.45,0.04,0.39,3.44,29.65
2010-01-19,25.71,10.09,17.25,0.0,0.39,8.33,27.13
2010-01-20,29.61,12.32,20.84,0.0,0.39,10.49,30.91
2010-01-21,34.78,13.08,24.92,0.0,0.39,9.68,21.65
2010-01-22,36.15,15.58,24.96,0.0,0.39,10.23,15.04
2010-01-23,28.55,14.45,20.75,0.0,0.39,7.71,25.45
2010-01-24,30.18,10.84,20.42,0.0,0.38,3.64,32.62
2010-01-25,33.97,11.86,23.28,0.0,0.38,4.04,31.85
2010-01-26,31.03,16.71,23.18,0.0,0.38,9.6,28.5
2010-01-27,31.32,13.53,21.91,0.0,0.38,4.43,31.84
2010-01-28,31.66,12.77,21.36,0.71,0.38,5.91,30.27
2010-01-29,30.57,11.08,20.72,0.0,0.38,6.91,31.66
2010-01-30,35.33,12.04,24.82,0.0,0.38,4.07,32.22
2010-01-31,33.99,15.56,24.66,0.0,0.38,6.99,28.77
2010-02-01,34.11,13.64,23.82,0.0,0.38,7.33,31.07
2010-02-02,38.47,20.29,29.9,0.0,0.38,10.44,23.43
2010-02-03,34.52,22.61,28.13,1.64,0.38,12.25,18.89
2010-02-04,24.85,15.86,21.43,15.74,0.4,17.05,8.38
2010-02-05,27.04,12.89,18.88,0.03,0.41,7.63,30.05
2010-02-06,30.22,10.61,20.45,0.0,0.41,6.26,31.01
2010-02-07,36.23,14.98,25.82,0.01,0.4,9.82,30.23
2010-02-08,38.93,19.74,29.89,0.0,0.4,12.19,27.42
2010-02-09,37.64,22.3,30.44,0.13,0.39,17.38,23.76
2010-02-10,39.67,23.47,31.2,0.59,0.39,16.4,24.9
2010-02-11,30.83,16.92,23.31,6.38,0.4,17.06,6.53
2010-02-12,28.27,15.49,21.37,1.49,0.4,13.05,18.15
2010-02-13,29.18,14.69,21.65,0.01,0.4,10.57,26.42
2010-02-14,28.72,13.98,20.46,0.03,0.4,11.65,26.7
2010-02-15,31.28,15.53,23.3,0.0,0.4,13.42,21.02
2010-02-16,32.74,15.42,23.85,0.0,0.39,7.62,29.15
2010-02-17,32.49,17.26,23.6,0.0,0.39,9.85,28.59
2010-02-18,31.12,14.4,22.3,0.0,0.39,8.53,29.01
2010-02-19,36.01,14.1,25.09,0.0,0.39,7.2,28.4
2010-02-20,36.48,19.43,27.45,0.0,0.39,8.26,19.95
2010-02-21,29.38,15.88,21.64,0.0,0.38,11.93,26.37
2010-02-22,24.72,11.88,18.67,0.13,0.38,9.93,21.75
2010-02-23,26.96,9.48,18.27,0.0,0.38,4.42,27.99
2010-02-24,30.04,11.69,20.6,0.0,0.38,5.23,27.75
2010-02-25,32.65,11.97,22.31,0.0,0.38,3.74,26.42
2010-02-26,36.54,18.12,27.0,0.0,0.38,9.14,24.49
2010-02-27,30.77,15.35,22.34,0.0,0.38,10.8,25.18
2010-02-28,25.27,11.97,17.67,0.0,0.38,5.3,27.38
2010-03-01,25.38,10.88,16.96,0.0,0.38,4.5,25.15
2010-03-02,29.32,10.08,18.93,0.01,0.38,6.53,26.26
2010-03-03,33.01,12.04,22.45,0.0,0.38,6.49,26.36
2010-03-04,29.76,17.06,23.66,0.29,0.38,7.45,19.01
2010-03-05,31.61,16.02,22.48,0.25,0.38,13.7,20.55
2010-03-06,24.33,15.02,19.04,1.31,0.38,9.07,17.66
2010-03-07,27.73,12.8,19.02,4.4,0.38,10.24,18.85
2010-03-08,20.61,14.06,16.7,10.93,0.41,13.0,10.39
2010-03-09,19.3,12.59,15.45,0.34,0.41,7.05,14.87
2010-03-10,22.97,11.02,16.14,0.01,0.41,5.27,14.61
2010-03-11,24.66,9.69,16.8,0.0,0.4,6.59,19.19
2010-03-12,28.02,11.03,19.37,0.0,0.4,8.27,23.22
2010-03-13,29.82,14.34,21.84,0.0,0.4,8.57,23.48
2010-03-14,29.81,15.71,22.29,0.0,0.4,8.0,20.39
2010-03-15,33.28,17.42,23.96,0.01,0.39,11.41,21.2
2010-03-16,34.31,17.47,25.51,0.0,0.39,9.43,21.94
2010-03-17,33.86,20.25,26.78,0.02,0.39,9.25,17.91
2010-03-18,34.63,20.47,26.46,1.55,0.39,11.27,11.8
2010-03-19,28.05,13.86,21.37,0.18,0.39,14.47,13.89
2010-03-20,27.96,12.23,19.1,0.02,0.39,9.79,20.14
2010-03-21,25.44,12.09,18.53,0.04,0.39,10.44,20.38
2010-03-22,24.95,8.94,15.94,0.0,0.39,6.27,23.08
2010-03-23,26.0,9.28,16.88,0.0,0.39,9.44,22.13
2010-03-24,29.24,11.3,19.95,0.0,0.39,10.13,20.93
2010-03-25,32.84,14.55,23.08,0.0,0.38,5.48,21.05
2010-03-26,27.63,15.53,20.88,0.19,0.38,7.89,11.37
2010-03-27,26.64,14.44,20.2,0.1,0.38,11.58,8.06
2010-03-28,23.32,17.92,19.32,12.74,0.4,12.43,3.99
2010-03-29,24.1,12.06,18.32,1.74,0.41,12.51,17.94
2010-03-30,24.21,9.3,16.21,0.02,0.41,8.0,20.56
2010-03-31,24.97,9.41,16.49,0.02,0.41,8.1,20.42
2010-04-01,24.36,11.11,16.72,0.03,0.4,8.99,20.01
2010-04-02,23.93,10.19,16.37,0.04,0.4,8.97,15.15
2010-04-03,22.71,7.83,15.16,0.0,0.4,8.23,19.62
2010-04-04,25.83,11.75,17.89,0.0,0.4,9.31,18.65
2010-04-05,29.48,12.08,20.92,0.05,0.4,7.28,17.81
2010-04-06,22.33,13.04,18.32,24.11,0.43,14.67,4.02
2010-04-07,21.31,13.32,16.97,0.54,0.45,13.67,10.75
2010-04-08,24.52,14.05,18.12,0.07,0.44,12.92,10.74
2010-04-09,19.31,13.12,15.84,6.78,0.44,13.38,4.93
2010-04-10,21.96,12.88,16.47,2.66,0.45,12.94,12.54
2010-04-11,17.96,8.01,13.36,0.56,0.45,5.68,17.36
2010-04-12,19.13,8.21,13.12,0.02,0.45,6.37,13.18
2010-04-13,19.92,6.74,12.63,0.01,0.45,6.88,15.67
2010-04-14,20.15,8.29,13.63,0.01,0.44,9.21,9.78
2010-04-15,21.26,9.29,14.69,0.01,0.44,8.96,17.35
2010-04-16,23.83,10.39,16.01,0.06,0.44,8.91,16.94
2010-04-17,26.99,12.81,19.26,0.17,0.44,8.0,14.04
2010-04-18,22.93,16.19,18.65,9.99,0.45,14.78,12.71
2010-04-19,21.9,16.58,18.56,2.37,0.46,14.84,8.3
2010-04-20,26.41,14.23,19.55,0.17,0.46,14.3,9.95
2010-04-21,28.29,13.71,20.19,0.03,0.45,12.93,15.86
2010-04-22,28.96,15.9,21.27,0.13,0.45,13.48,14.42
2010-04-23,20.81,17.65,18.85,2.88,0.45,13.9,4.97
2010-04-24,19.5,11.96,15.77,2.5,0.46,11.12,9.41
2010-04-25,19.68,9.26,14.01,0.17,0.46,7.85,13.72
2010-04-26,22.38,7.24,14.3,0.79,0.45,6.39,12.71
2010-04-27,18.43,8.52,13.12,1.58,0.46,7.69,10.82
2010-04-28,17.76,8.64,14.33,1.7,0.46,11.06,8.53
2010-04-29,16.77,10.06,13.5,0.77,0.46,9.44,8.99
2010-04-30,19.04,9.3,13.25,0.04,0.46,8.4,6.77
2010-05-01,24.74,8.98,15.54,0.0,0.46,7.94,14.41
2010-05-02,20.06,8.65,14.06,0.0,0.45,8.05,11.71
2010-05-03,23.1,7.93,15.1,0.01,0.45,7.89,11.98
2010-05-04,17.18,10.04,13.51,5.47,0.46,6.7,7.2
2010-05-05,15.6,9.57,12.22,0.88,0.46,7.26,9.36
2010-05-06,18.68,10.3,13.43,1.53,0.46,10.71,9.78
2010-05-07,19.94,12.41,15.23,2.07,0.46,13.19,8.09
2010-05-08,21.14,11.23,15.16,0.45,0.46,12.97,8.38
2010-05-09,22.62,9.46,15.08,0.13,0.46,10.37,12.21
2010-05-10,22.6,8.43,14.64,5.26,0.46,5.32,12.67
2010-05-11,14.36,5.64,9.67,0.96,0.47,4.28,11.32
2010-05-12,14.93,5.08,9.43,0.22,0.47,5.41,9.79
2010-05-13,16.29,4.83,9.88,0.02,0.47,5.67,10.75
2010-05-14,17.56,5.47,10.79,0.05,0.46,5.88,12.37
2010-05-15,18.54,4.61,10.88,0.0,0.46,4.33,12.63
2010-05-16,19.13,7.16,11.7,0.0,0.46,5.5,11.46
2010-05-17,19.03,4.83,11.7,0.0,0.46,5.29,12.32
2010-05-18,17.92,4.69,11.03,0.21,0.46,6.39,9.36
2010-05-19,19.03,6.53,12.53,0.01,0.46,5.17,10.83
2010-05-20,19.53,8.33,13.22,0.01,0.46,4.63,10.58
2010-05-21,18.07,6.21,10.74,0.07,0.46,6.3,11.0
2010-05-22,16.98,3.78,9.47,0.0,0.46,4.14,11.68
2010-05-23,17.0,5.01,10.06,0.61,0.46,3.08,8.66
2010-05-24,14.76,9.3,11.75,1.72,0.46,9.82,2.82
2010-05-25,16.2,9.1,12.17,2.49,0.46,10.65,5.58
2010-05-26,18.53,8.65,12.73,0.29,0.46,10.85,6.89
2010-05-27,18.28,9.3,13.0,0.26,0.46,9.66,6.96
2010-05-28,17.84,10.31,12.76,1.97,0.46,8.5,4.6
2010-05-29,14.54,8.87,11.41,9.13,0.48,10.39,5.86
2010-05-30,18.55,10.32,14.04,1.22,0.48,11.93,5.46
2010-05-31,17.81,7.55,11.6,0.07,0.48,8.33,9.79
2010-06-01,16.67,6.2,10.65,0.0,0.48,7.74,9.26
2010-06-02,16.59,6.23,10.1,0.01,0.48,7.12,9.02
2010-06-03,16.25,4.65,9.86,0.0,0.47,6.77,8.87
2010-06-04,16.63,6.16,10.17,0.28,0.47,7.1,9.78
2010-06-05,14.89,6.91,10.33,1.56,0.48,7.73,8.2
2010-06-06,14.72,4.8,8.67,0.15,0.48,5.77,8.06
2010-06-07,11.32,3.89,6.82,0.9,0.47,4.6,7.46
2010-06-08,13.05,3.75,7.99,1.99,0.48,4.47,7.38
2010-06-09,13.87,7.55,9.63,0.81,0.48,5.44,7.38
2010-06-10,14.28,7.33,10.48,0.51,0.48,8.12,7.5
2010-06-11,14.71,7.36,10.86,0.95,0.48,8.63,7.5
2010-06-12,13.5,4.28,8.24,0.05,0.48,4.62,6.39
2010-06-13,13.46,4.88,8.21,0.01,0.48,4.05,6.24
2010-06-14,13.47,3.38,7.5,0.0,0.48,2.68,9.03
2010-06-15,13.11,2.18,6.19,0.0,0.47,1.67,9.39
2010-06-16,16.85,3.14,10.44,6.17,0.47,5.68,3.92
2010-06-17,13.63,8.42,11.18,3.73,0.49,6.58,8.89
2010-06-18,16.32,7.94,11.83,2.93,0.49,9.37,7.28
2010-06-19,15.94,10.99,12.39,1.55,0.49,11.07,7.88
2010-06-20,16.48,9.4,12.0,0.96,0.49,10.35,8.44
2010-06-21,15.86,7.3,10.78,0.48,0.49,8.23,7.35
2010-06-22,13.1,4.58,8.61,0.0,0.49,5.42,6.63
2010-06-23,15.79,4.48,9.66,0.0,0.49,6.73,6.44
2010-06-24,16.91,8.72,12.0,0.03,0.49,8.53,5.62
2010-06-25,13.63,5.72,9.86,7.8,0.5,7.27,6.96
2010-06-26,11.82,3.41,6.52,0.7,0.5,3.11,8.38
2010-06-27,12.48,1.04,6.47,0.52,0.5,3.65,9.89
2010-06-28,12.87,2.89,7.74,4.78,0.5,3.21,7.56
2010-06-29,7.89,5.2,6.66,15.67,0.52,5.92,2.03
2010-06-30,12.69,4.92,7.94,2.06,0.54,6.67,8.74
2010-07-01,11.94,4.93,8.14,1.21,0.54,6.56,7.38
2010-07-02,11.8,4.14,7.33,1.81,0.54,6.17,7.53
2010-07-03,13.45,3.73,8.46,0.03,0.54,5.66,7.82
2010-07-04,13.58,4.71,8.75,0.03,0.54,4.23,5.7
2010-07-05,11.86,2.88,6.64,0.0,0.53,1.84,7.06
2010-07-06,14.02,0.22,6.63,0.07,0.53,4.19,9.57
2010-07-07,14.6,5.29,8.75,0.21,0.53,7.25,9.19
2010-07-08,14.06,4.84,8.27,0.02,0.53,6.15,9.28
2010-07-09,13.63,3.11,8.58,0.03,0.53,5.29,9.38
2010-07-10,15.31,8.59,11.3,8.86,0.54,7.84,4.41
2010-07-11,15.67,7.46,10.52,0.8,0.54,7.98,9.16
2010-07-12,16.07,4.91,10.09,0.0,0.54,5.47,9.92
2010-07-13,17.4,7.99,10.64,3.17,0.54,6.73,8.29
2010-07-14,13.58,8.27,10.04,13.15,0.55,7.76,7.36
2010-07-15,12.47,7.1,9.48,0.29,0.56,7.31,8.83
2010-07-16,13.21,6.62,9.08,0.12,0.56,7.07,7.78
2010-07-17,14.31,5.9,9.26,0.93,0.56,5.84,6.68
2010-07-18,9.82,4.2,6.68,9.09,0.57,5.78,3.93
2010-07-19,11.24,4.45,7.28,1.52,0.57,5.85,10.18
2010-07-20,13.31,4.66,8.24,0.87,0.57,6.55,9.16
2010-07-21,13.26,4.32,7.36,0.26,0.57,6.51,9.77
2010-07-22,13.38,5.46,9.21,0.14,0.57,8.2,8.28
2010-07-23,12.73,7.95,9.91,0.01,0.57,8.06,4.46
2010-07-24,13.38,8.6,10.47,0.01,0.57,7.34,7.23
2010-07-25,14.59,5.47,9.1,0.25,0.57,6.38,9.91
2010-07-26,14.73,3.69,7.83,0.21,0.56,5.09,11.92
2010-07-27,13.97,2.58,7.18,0.01,0.56,3.43,11.21
2010-07-28,15.56,4.81,9.25,0.01,0.56,5.88,11.58
2010-07-29,14.68,7.07,10.38,0.82,0.56,9.34,4.48
2010-07-30,17.88,7.63,11.5,1.82,0.56,9.03,8.99
2010-07-31,14.42,8.36,11.27,12.97,0.57,9.64,7.9
2010-08-01,10.52,6.5,8.18,5.57,0.59,5.37,8.02
2010-08-02,13.96,5.42,8.63,0.36,0.58,5.24,8.97
2010-08-03,11.17,5.69,8.67,0.67,0.58,7.81,7.85
2010-08-04,11.02,4.92,8.16,8.77,0.59,6.03,5.63
2010-08-05,11.78,2.83,7.06,0.46,0.59,4.72,8.47
2010-08-06,11.59,4.69,7.94,0.13,0.59,5.2,10.05
2010-08-07,14.29,3.11,8.27,0.01,0.59,3.92,11.98
2010-08-08,15.03,3.55,8.49,1.64,0.59,4.98,10.69
2010-08-09,14.51,5.42,9.06,1.46,0.59,5.78,10.34
2010-08-10,11.13,3.87,8.02,2.84,0.59,6.3,7.54
2010-08-11,13.4,8.01,10.28,5.88,0.6,7.42,8.71
2010-08-12,13.13,4.73,8.89,0.46,0.6,6.64,9.82
2010-08-13,13.07,4.69,8.15,0.03,0.59,5.43,9.22
2010-08-14,12.0,6.27,8.65,5.38,0.6,6.86,4.46
2010-08-15,12.33,8.08,10.07,6.42,0.61,7.58,8.44
2010-08-16,11.64,3.17,7.48,3.94,0.61,3.49,13.49
2010-08-17,13.29,0.76,7.31,0.09,0.61,2.69,13.49
2010-08-18,16.25,5.76,9.99,5.44,0.61,7.6,6.79
2010-08-19,11.76,6.24,8.84,6.35,0.62,5.62,11.4
2010-08-20,11.82,5.99,8.51,4.25,0.62,5.59,12.12
2010-08-21,13.76,6.68,9.48,1.78,0.62,6.61,13.48
2010-08-22,15.66,3.39,8.72,0.0,0.62,4.12,16.28
2010-08-23,11.85,5.4,7.63,3.31,0.62,6.38,7.37
2010-08-24,11.72,5.34,7.74,10.67,0.63,5.72,7.76
2010-08-25,10.44,5.64,7.77,10.59,0.64,6.39,8.37
2010-08-26,13.49,6.78,9.77,7.56,0.66,7.26,12.3
2010-08-27,12.4,6.93,9.21,1.28,0.65,7.12,11.94
2010-08-28,14.03,6.25,9.69,0.13,0.65,7.63,10.23
2010-08-29,15.94,5.9,10.84,0.04,0.65,6.81,10.83
2010-08-30,18.18,3.74,11.15,0.06,0.64,6.13,16.67
2010-08-31,15.43,7.53,11.16,5.69,0.64,7.31,6.57
2010-09-01,13.7,8.29,10.76,5.55,0.66,9.38,5.84
2010-09-02,14.02,5.26,9.29,0.23,0.65,6.37,15.48
2010-09-03,13.62,4.69,9.72,14.72,0.65,6.65,5.16
2010-09-04,16.6,8.99,13.35,12.79,0.69,11.32,8.5
2010-09-05,13.64,7.72,9.86,3.95,0.69,7.87,13.62
2010-09-06,13.76,4.07,8.63,0.35,0.69,5.33,14.2
2010-09-07,14.96,1.51,8.32,0.0,0.68,4.78,15.13
2010-09-08,16.16,6.22,11.16,0.89,0.68,7.54,9.19
2010-09-09,17.97,8.48,11.92,3.09,0.67,9.5,14.72
2010-09-10,15.08,7.75,10.3,0.97,0.67,7.71,16.51
2010-09-11,16.12,8.06,11.09,0.13,0.67,8.33,9.65
2010-09-12,17.28,5.47,10.91,0.0,0.67,7.27,17.86
2010-09-13,17.01,5.86,11.36,1.62,0.66,9.21,12.72
2010-09-14,15.83,6.84,9.89,0.66,0.66,6.69,18.01
2010-09-15,13.74,6.65,9.8,1.47,0.66,7.58,14.6
2010-09-16,13.22,4.17,8.83,0.39,0.66,5.56,13.09
2010-09-17,14.52,4.03,9.11,0.0,0.65,5.38,13.7
2010-09-18,13.97,7.06,9.93,0.46,0.65,7.32,13.55
2010-09-19,15.51,5.92,10.12,0.15,0.65,7.58,15.63
2010-09-20,15.44,6.85,10.72,0.43,0.64,8.89,10.1
2010-09-21,17.26,7.21,11.59,0.21,0.64,9.2,12.91
2010-09-22,16.35,6.11,10.66,0.25,0.64,8.46,10.78
2010-09-23,15.94,4.3,9.5,0.0,0.63,6.54,12.16
2010-09-24,16.4,6.22,10.35,0.0,0.63,7.15,14.0
2010-09-25,17.16,6.25,11.65,0.03,0.62,8.96,16.29
2010-09-26,17.85,5.37,11.36,0.0,0.62,8.41,19.84
2010-09-27,15.01,7.47,11.09,2.25,0.62,6.83,17.9
2010-09-28,12.98,4.53,8.33,1.71,0.61,4.39,18.07
2010-09-29,14.57,3.28,8.59,0.09,0.61,4.0,17.97
2010-09-30,13.68,4.75,9.05,0.05,0.61,4.75,17.32
2010-10-01,18.38,4.63,11.21,0.01,0.6,5.52,20.85
2010-10-02,20.24,5.74,12.68,0.0,0.6,6.95,24.35
2010-10-03,23.49,8.57,16.0,0.11,0.59,11.42,22.58
2010-10-04,21.18,7.89,15.14,0.01,0.58,11.59,20.51
2010-10-05,19.87,6.9,12.89,0.07,0.58,8.82,22.18
2010-10-06,19.32,5.51,11.71,0.23,0.57,7.4,20.02
2010-10-07,15.75,3.25,9.62,0.0,0.57,4.05,20.97
2010-10-08,18.1,6.57,11.82,0.31,0.56,8.79,16.11
2010-10-09,19.36,6.4,12.62,0.05,0.56,9.26,17.72
2010-10-10,22.56,7.89,15.03,0.0,0.55,9.35,25.14
2010-10-11,25.91,13.52,19.38,0.14,0.54,11.54,20.23
2010-10-12,22.52,11.23,16.62,3.4,0.54,13.16,7.48
2010-10-13,17.31,6.86,12.61,0.79,0.54,9.47,14.27
2010-10-14,21.55,6.73,14.06,1.02,0.54,9.46,18.75
2010-10-15,12.05,5.74,9.06,9.16,0.55,4.39,14.33
2010-10-16,13.48,4.71,9.15,0.77,0.55,4.72,19.62
2010-10-17,13.47,6.9,10.42,0.53,0.55,7.69,16.69
2010-10-18,14.77,6.01,10.54,0.36,0.54,7.5,16.15
2010-10-19,19.29,5.77,12.09,0.05,0.54,8.12,21.6
2010-10-20,22.54,7.0,14.55,0.0,0.53,8.5,26.55
2010-10-21,26.31,9.27,18.08,0.07,0.53,8.72,27.41
2010-10-22,26.63,12.21,17.38,1.02,0.52,10.4,12.83
2010-10-23,18.57,6.59,12.76,0.12,0.52,6.42,20.47
2010-10-24,19.07,4.02,11.41,0.0,0.51,3.67,27.25
2010-10-25,22.74,4.36,13.54,0.0,0.51,4.8,26.4
2010-10-26,19.89,7.43,13.27,1.24,0.5,7.42,20.01
2010-10-27,20.9,6.32,13.34,0.12,0.5,5.93,28.57
2010-10-28,26.54,7.45,17.16,0.0,0.49,7.17,25.43
2010-10-29,26.14,12.69,18.48,6.92,0.49,11.12,13.61
2010-10-30,17.65,8.72,13.36,4.76,0.51,9.19,14.36
2010-10-31,14.48,6.26,10.23,1.42,0.51,4.33,19.18
2010-11-01,17.99,4.78,11.1,0.04,0.5,5.4,22.55
2010-11-02,19.05,8.09,13.28,0.59,0.5,8.94,17.05
2010-11-03,18.26,7.4,12.09,0.07,0.49,6.01,13.02
2010-11-04,19.17,4.56,12.0,0.0,0.49,4.43,19.83
2010-11-05,23.29,6.09,15.2,0.0,0.49,6.37,23.78
2010-11-06,26.1,10.43,18.71,0.43,0.48,8.5,25.72
2010-11-07,20.98,11.4,16.1,0.61,0.48,10.6,22.32
2010-11-08,22.75,9.7,15.72,0.03,0.48,8.79,28.66
2010-11-09,29.38,7.38,18.82,0.0,0.47,8.29,30.86
2010-11-10,25.5,13.21,18.63,0.28,0.47,10.17,14.18
2010-11-11,30.47,12.92,21.95,0.06,0.46,11.29,23.18
2010-11-12,29.45,12.98,20.99,2.26,0.46,14.03,8.0
2010-11-13,18.15,10.99,14.31,6.05,0.47,10.52,6.87
2010-11-14,21.76,8.49,14.72,0.27,0.47,8.28,20.95
2010-11-15,21.18,6.87,14.03,0.0,0.47,6.42,23.97
2010-11-16,21.25,7.44,14.1,0.0,0.46,5.53,23.42
2010-11-17,22.52,6.96,14.54,0.02,0.46,7.2,29.41
2010-11-18,21.05,8.88,15.06,0.57,0.46,7.83,22.14
2010-11-19,24.2,5.7,15.41,0.0,0.46,3.29,31.72
2010-11-20,29.52,8.02,19.32,0.0,0.45,6.72,32.38
2010-11-21,31.43,10.21,21.19,0.0,0.45,9.79,29.06
2010-11-22,35.46,15.4,26.5,0.0,0.44,11.19,22.47
2010-11-23,34.63,19.53,27.31,0.0,0.44,12.59,28.91
2010-11-24,27.61,14.6,22.1,14.6,0.44,16.33,8.13
2010-11-25,26.75,13.75,19.38,0.54,0.46,12.46,15.25
2010-11-26,29.27,11.83,21.12,4.34,0.46,12.24,25.33
2010-11-27,21.75,11.13,16.47,4.71,0.46,10.94,12.62
2010-11-28,21.07,10.04,14.53,0.73,0.46,7.39,24.9
2010-11-29,24.26,9.31,16.06,0.24,0.46,7.36,28.16
2010-11-30,26.7,12.15,19.49,2.22,0.46,11.33,22.83
2010-12-01,26.98,14.82,20.16,8.17,0.46,14.23,18.51
2010-12-02,26.99,14.38,20.92,4.5,0.47,13.87,23.11
2010-12-03,31.76,15.51,23.39,0.18,0.47,11.75,30.99
2010-12-04,36.52,17.39,26.9,0.65,0.46,12.76,24.45
2010-12-05,33.94,19.91,26.08,8.7,0.46,17.47,21.3
2010-12-06,27.62,19.66,22.81,13.39,0.48,19.4,25.67
2010-12-07,24.82,20.07,22.45,24.55,0.52,20.67,19.3
2010-12-08,23.11,13.65,18.8,21.89,0.56,14.86,20.58
2010-12-09,22.27,12.21,17.08,2.25,0.56,12.39,23.82
2010-12-10,17.83,10.25,14.05,0.44,0.54,7.0,20.98
2010-12-11,20.25,11.3,15.41,4.32,0.54,10.75,23.04
2010-12-12,18.1,11.47,14.34,0.5,0.54,8.59,24.13
2010-12-13,22.11,11.12,16.07,0.07,0.53,10.93,20.46
2010-12-14,29.67,11.95,21.54,0.07,0.53,12.35,31.24
2010-12-15,20.94,11.79,17.51,0.13,0.52,8.97,31.27
2010-12-16,20.74,11.05,15.43,0.07,0.51,7.53,26.17
2010-12-17,20.08,12.25,15.35,4.32,0.51,10.05,24.16
2010-12-18,18.74,10.98,14.27,3.26,0.51,8.35,23.71
2010-12-19,14.1,9.34,11.82,14.86,0.53,7.42,22.05
2010-12-20,17.66,8.81,13.14,1.3,0.54,8.08,22.27
2010-12-21,20.42,8.86,14.14,0.69,0.53,7.64,24.12
2010-12-22,24.58,6.72,15.63,0.0,0.53,7.86,32.5
2010-12-23,26.0,8.27,16.86,0.0,0.52,7.91,34.06
2010-12-24,29.29,8.23,19.35,0.0,0.51,7.18,33.89
2010-12-25,30.66,13.19,21.75,0.01,0.5,10.21,25.19
2010-12-26,23.0,9.45,15.92,0.01,0.5,8.18,26.31
2010-12-27,21.39,8.45,14.99,0.01,0.49,6.3,27.91
2010-12-28,25.94,8.17,17.6,0.0,0.49,6.12,33.38
2010-12-29,30.54,13.56,20.9,0.0,0.48,7.7,33.02
2010-12-30,32.96,11.66,22.78,0.0,0.48,9.48,33.22
2010-12-31,37.88,15.11,26.77,0.0,0.47,12.07,32.78
2011-01-01,27.7,12.4,19.11,0.01,0.46,9.81,25.41
2011-01-02,26.96,9.71,18.03,0.01,0.46,7.0,34.14
2011-01-03,26.53,9.39,17.79,0.0,0.46,5.56,34.59
2011-01-04,27.55,9.32,18.17,0.0,0.45,5.6,32.75
2011-01-05,28.4,10.38,19.41,0.0,0.45,7.06,32.89
2011-01-06,33.56,11.98,24.08,0.0,0.45,10.19,29.24
2011-01-07,38.75,21.65,28.8,0.0,0.44,11.32,31.42
2011-01-08,29.32,17.57,23.67,0.33,0.44,14.71,10.59
2011-01-09,32.67,14.65,22.84,0.02,0.44,13.22,28.51
2011-01-10,27.26,15.98,22.19,1.32,0.43,15.41,17.33
2011-01-11,28.31,17.57,22.83,5.38,0.44,17.84,16.64
2011-01-12,29.05,17.65,23.11,3.37,0.45,17.71,25.22
2011-01-13,23.85,16.74,20.31,49.41,0.49,17.97,7.6
2011-01-14,26.78,15.14,20.05,2.71,0.54,15.37,27.62
2011-01-15,31.05,13.19,22.05,0.0,0.53,13.48,31.9
2011-01-16,25.75,13.94,19.23,0.02,0.51,12.17,32.22
2011-01-17,23.55,12.01,17.47,0.02,0.51,10.53,24.25
2011-01-18,25.3,10.92,17.37,0.01,0.5,9.55,23.61
2011-01-19,26.75,9.78,18.6,0.0,0.49,10.77,30.65
2011-01-20,33.37,13.33,23.75,0.0,0.49,10.78,32.58
2011-01-21,31.08,15.27,23.27,0.0,0.48,13.03,31.56
2011-01-22,30.17,12.62,20.74,0.0,0.48,10.18,32.81
2011-01-23,31.38,12.2,21.37,0.0,0.47,9.01,31.41
2011-01-24,26.2,13.85,19.59,0.46,0.47,8.16,26.28
2011-01-25,31.65,12.42,20.47,1.86,0.46,8.18,24.51
2011-01-26,28.88,12.18,20.36,0.81,0.46,9.62,29.11
2011-01-27,28.61,13.15,20.35,0.48,0.46,9.79,30.06
2011-01-28,29.74,11.72,20.48,0.0,0.46,8.72,32.43
2011-01-29,34.38,12.58,24.22,0.0,0.45,9.96,30.74
2011-01-30,40.29,20.82,29.75,0.0,0.45,10.35,30.13
2011-01-31,40.88,21.8,31.48,0.0,0.44,14.58,24.88
2011-02-01,31.65,18.36,26.09,0.0,0.44,14.5,27.35
2011-02-02,34.31,16.46,24.06,0.0,0.43,13.65,28.67
2011-02-03,31.54,16.59,23.72,0.06,0.43,12.27,21.72
2011-02-04,34.09,17.63,25.01,0.85,0.43,17.43,24.91
2011-02-05,23.54,11.13,17.1,0.9,0.43,9.96,11.56
2011-02-06,22.48,9.49,15.71,0.13,0.43,2.99,26.34
2011-02-07,27.1,7.9,17.42,0.0,0.43,3.57,30.98
2011-02-08,29.04,10.77,19.53,0.0,0.42,8.11,29.79
2011-02-09,29.17,12.05,21.17,0.0,0.42,9.37,23.02
2011-02-10,34.64,17.57,25.53,1.18,0.42,13.11,17.48
2011-02-11,27.61,14.22,21.72,8.33,0.43,15.96,8.89
2011-02-12,26.1,11.65,17.84,0.25,0.43,7.27,23.02
2011-02-13,27.34,9.06,18.18,0.01,0.43,8.43,26.3
2011-02-14,30.65,11.75,21.28,0.0,0.43,10.12,27.96
2011-02-15,31.79,18.16,23.76,3.46,0.43,16.6,21.91
2011-02-16,30.83,18.76,24.44,3.71,0.43,16.65,22.73
2011-02-17,29.78,17.75,23.79,1.96,0.43,16.72,14.88
2011-02-18,23.61,20.3,21.63,31.59,0.46,18.32,8.45
2011-02-19,24.97,14.64,20.16,0.47,0.49,14.95,18.21
2011-02-20,21.35,10.54,16.38,0.53,0.48,8.57,20.78
2011-02-21,23.18,10.92,16.59,0.09,0.48,8.04,20.27
2011-02-22,26.53,9.12,17.6,0.02,0.47,8.9,28.01
2011-02-23,30.22,10.73,20.16,0.01,0.47,10.39,28.2
2011-02-24,32.35,14.05,23.02,0.0,0.46,11.0,26.63
2011-02-25,30.86,16.76,23.22,0.03,0.46,12.74,16.19
2011-02-26,34.72,18.65,24.99,1.45,0.46,14.32,10.39
2011-02-27,29.88,17.87,23.33,0.31,0.45,15.4,23.22
2011-02-28,24.67,12.93,18.72,0.9,0.45,12.05,18.35
2011-03-01,21.46,9.3,15.57,0.09,0.45,5.76,24.31
2011-03-02,22.67,7.46,14.46,0.0,0.45,6.1,22.48
2011-03-03,23.61,10.32,16.3,0.0,0.45,8.35,18.35
2011-03-04,21.96,9.18,15.05,0.0,0.44,7.36,20.64
2011-03-05,24.43,8.47,15.99,0.0,0.44,4.77,26.55
2011-03-06,32.35,11.34,21.89,0.0,0.44,10.62,25.8
2011-03-07,34.88,19.11,26.46,0.09,0.43,11.71,22.88
2011-03-08,26.74,18.93,21.83,17.44,0.45,17.35,6.96
2011-03-09,24.1,13.96,19.37,8.8,0.48,15.55,8.04
2011-03-10,24.88,12.58,17.52,0.15,0.48,10.92,16.15
2011-03-11,27.73,9.96,19.67,0.0,0.47,11.27,23.8
2011-03-12,31.24,17.1,23.85,0.02,0.47,13.71,19.62
2011-03-13,30.02,14.72,21.75,0.05,0.46,13.64,15.92
2011-03-14,27.34,10.61,18.61,0.0,0.46,8.05,24.14
2011-03-15,29.7,13.0,20.44,0.0,0.46,12.7,19.2
2011-03-16,24.77,9.25,16.59,0.0,0.45,7.92,23.07
2011-03-17,22.96,9.51,15.34,0.0,0.45,6.4,22.34
2011-03-18,21.49,9.91,15.27,0.0,0.45,7.64,22.55
2011-03-19,25.63,9.28,16.74,0.0,0.45,7.3,23.64
2011-03-20,27.92,14.35,20.68,6.44,0.45,14.46,12.95
2011-03-21,26.72,15.97,20.49,11.36,0.47,16.67,6.16
2011-03-22,20.72,13.72,16.9,2.39,0.48,13.29,9.31
2011-03-23,20.8,13.6,16.2,7.99,0.48,13.1,11.0
2011-03-24,18.86,13.22,15.44,2.1,0.49,11.37,12.15
2011-03-25,20.59,10.59,14.87,0.16,0.48,8.75,13.39
2011-03-26,21.76,10.52,15.15,0.0,0.48,9.44,15.74
2011-03-27,22.83,9.32,15.47,0.0,0.48,10.63,16.87
2011-03-28,26.6,9.31,18.05,0.0,0.48,10.33,20.04
2011-03-29,28.65,12.7,19.87,0.0,0.47,10.94,18.2
2011-03-30,19.27,9.38,14.4,0.27,0.47,8.89,13.93
2011-03-31,21.21,6.89,13.65,0.0,0.47,6.12,20.28
2011-04-01,20.18,8.13,13.7,0.01,0.47,8.38,18.67
2011-04-02,20.67,7.56,13.15,0.0,0.46,6.47,19.12
2011-04-03,20.82,7.41,13.4,0.01,0.46,8.14,12.56
2011-04-04,22.46,8.73,14.73,0.01,0.46,9.52,15.39
2011-04-05,23.14,8.04,15.35,0.0,0.46,8.67,19.32
2011-04-06,27.24,9.71,18.37,0.03,0.46,8.62,19.61
2011-04-07,27.71,12.5,19.28,0.01,0.45,9.01,19.11
2011-04-08,28.63,13.81,20.82,0.0,0.45,9.02,18.93
2011-04-09,19.77,11.68,16.13,5.8,0.46,11.21,7.34
2011-04-10,14.95,9.21,11.54,1.94,0.46,6.72,12.01
2011-04-11,16.27,8.6,12.45,2.54,0.46,9.15,12.3
2011-04-12,18.45,8.24,12.85,0.13,0.46,8.79,9.9
2011-04-13,18.39,8.48,12.45,0.03,0.46,8.63,12.01
2011-04-14,20.94,7.68,13.52,0.01,0.46,7.77,15.79
2011-04-15,22.08,8.48,14.92,0.11,0.46,9.27,13.25
2011-04-16,21.92,8.51,14.35,0.01,0.46,8.19,17.57
2011-04-17,22.08,7.58,13.49,0.13,0.45,7.35,17.24
2011-04-18,23.57,7.93,14.58,0.18,0.45,6.7,13.85
2011-04-19,21.21,11.12,15.66,2.59,0.45,12.68,7.74
2011-04-20,20.68,10.67,15.84,3.76,0.46,12.57,9.39
2011-04-21,19.69,8.04,13.74,2.29,0.46,10.63,10.54
2011-04-22,18.31,9.25,13.65,1.26,0.46,8.75,13.65
2011-04-23,18.56,7.96,12.71,0.1,0.46,9.63,9.0
2011-04-24,19.88,10.02,14.01,0.08,0.46,8.43,13.96
2011-04-25,23.11,8.0,14.72,0.0,0.46,6.32,15.62
2011-04-26,24.66,8.59,15.74,0.0,0.46,8.26,15.54
2011-04-27,24.72,11.43,16.95,0.0,0.46,10.64,15.09
2011-04-28,23.41,10.11,16.13,0.0,0.45,7.14,14.72
2011-04-29,25.14,12.45,17.73,0.2,0.45,7.58,13.59
2011-04-30,18.32,11.81,14.53,5.35,0.45,10.6,4.5
2011-05-01,17.38,10.97,14.24,2.1,0.46,11.82,6.02
2011-05-02,19.55,6.99,12.37,0.15,0.46,6.88,14.11
2011-05-03,17.93,7.06,11.62,0.32,0.46,8.85,11.4
2011-05-04,17.47,7.07,11.51,0.39,0.46,9.21,8.69
2011-05-05,16.13,5.94,9.97,0.03,0.46,6.1,11.34
2011-05-06,15.25,5.29,9.8,0.0,0.46,5.17,8.99
2011-05-07,16.97,5.57,10.37,0.15,0.46,4.73,10.16
2011-05-08,17.54,4.86,10.75,0.25,0.46,7.1,10.24
2011-05-09,15.56,4.49,9.45,0.0,0.46,4.52,10.0
2011-05-10,14.74,4.65,9.09,5.22,0.46,6.24,8.3
2011-05-11,13.46,8.41,10.75,2.6,0.47,7.8,7.87
2011-05-12,16.13,9.62,12.24,2.05,0.47,10.43,9.41
2011-05-13,15.91,9.06,11.97,0.96,0.47,8.09,9.59
2011-05-14,15.83,7.92,10.92,0.01,0.47,4.42,7.44
2011-05-15,16.62,7.01,10.63,0.0,0.47,5.06,6.58
2011-05-16,14.79,6.48,10.41,0.0,0.47,5.65,5.51
2011-05-17,15.91,4.29,9.81,0.0,0.47,4.05,11.72
2011-05-18,17.54,7.87,11.32,0.0,0.46,3.12,8.93
2011-05-19,19.01,8.38,12.09,0.0,0.46,3.2,8.02
2011-05-20,22.28,9.98,14.19,0.0,0.46,3.72,10.93
2011-05-21,19.3,11.23,14.99,0.27,0.46,6.88,7.23
2011-05-22,17.88,11.83,14.39,8.72,0.47,10.77,6.78
2011-05-23,14.55,8.67,11.4,4.52,0.48,8.75,9.95
2011-05-24,14.01,6.54,9.74,0.61,0.48,5.36,9.09
2011-05-25,13.97,4.89,9.24,0.12,0.48,5.94,6.77
2011-05-26,15.69,6.95,10.2,0.58,0.48,8.29,8.35
2011-05-27,15.18,7.02,10.03,1.26,0.48,8.79,8.98
2011-05-28,14.86,7.2,10.46,2.17,0.48,8.32,8.59
2011-05-29,15.3,7.87,10.94,0.81,0.48,7.57,6.95
2011-05-30,15.73,4.74,10.06,0.0,0.48,6.01,10.55
2011-05-31,15.01,2.93,8.46,0.04,0.48,4.02,10.04
2011-06-01,17.14,2.1,9.1,0.0,0.48,3.95,11.16
2011-06-02,20.3,6.69,12.9,0.04,0.48,8.22,10.51
2011-06-03,16.61,9.14,12.22,1.25,0.48,8.4,7.38
2011-06-04,16.01,6.62,10.8,1.18,0.48,6.55,9.61
2011-06-05,15.85,4.32,9.79,4.79,0.48,6.52,7.84
2011-06-06,13.47,3.53,8.17,0.03,0.48,2.27,7.32
2011-06-07,12.44,3.84,8.69,2.31,0.49,4.25,8.57
2011-06-08,11.7,3.42,6.84,0.52,0.49,3.0,9.18
2011-06-09,13.81,4.85,9.37,0.33,0.48,7.42,8.0
2011-06-10,13.89,7.54,9.99,0.08,0.48,7.61,5.84
2011-06-11,13.61,7.37,9.78,0.05,0.48,6.7,6.52
2011-06-12,15.19,6.2,10.25,0.1,0.48,6.81,6.71
2011-06-13,13.9,4.51,8.84,0.01,0.48,5.16,9.25
2011-06-14,14.09,4.89,8.74,0.13,0.48,6.22,10.17
2011-06-15,15.36,5.18,8.51,0.02,0.48,5.06,10.5
2011-06-16,14.51,5.19,9.17,3.9,0.48,3.71,6.78
2011-06-17,14.32,8.85,10.88,2.43,0.49,7.24,7.79
2011-06-18,16.61,9.84,12.31,2.1,0.49,10.64,7.85
2011-06-19,16.85,8.24,11.51,3.22,0.49,9.67,5.68
2011-06-20,15.1,6.63,11.22,20.31,0.5,9.13,4.31
2011-06-21,10.79,6.57,8.55,4.31,0.54,5.13,8.17
2011-06-22,14.82,7.43,10.71,2.45,0.54,9.04,6.44
2011-06-23,15.75,8.85,11.82,1.43,0.53,10.38,7.06
2011-06-24,17.27,7.2,10.92,0.6,0.53,8.45,8.46
2011-06-25,16.4,5.39,9.75,0.0,0.53,5.09,10.41
2011-06-26,14.55,5.98,8.84,0.19,0.53,5.81,6.55
2011-06-27,15.78,4.58,9.25,0.1,0.53,6.99,9.7
2011-06-28,15.38,3.89,8.08,0.02,0.53,5.34,10.55
2011-06-29,17.85,3.25,9.42,0.05,0.53,5.77,10.4
2011-06-30,17.95,9.29,12.35,0.03,0.52,8.4,5.93
2011-07-01,18.66,8.6,12.16,0.22,0.52,7.03,8.92
2011-07-02,16.43,8.58,12.05,18.58,0.53,8.55,1.75
2011-07-03,15.62,9.28,11.53,2.26,0.56,7.8,10.0
2011-07-04,12.36,8.48,10.06,6.84,0.56,6.7,6.52
2011-07-05,12.66,8.02,10.07,5.22,0.56,7.13,6.81
2011-07-06,12.44,7.66,10.1,9.32,0.57,8.61,5.5
2011-07-07,11.95,4.41,7.61,0.3,0.58,4.97,8.52
2011-07-08,11.22,7.32,9.12,1.5,0.58,7.79,7.86
2011-07-09,13.67,7.35,9.52,0.27,0.58,6.29,6.55
2011-07-10,13.1,6.8,9.98,1.31,0.57,6.82,6.79
2011-07-11,12.23,3.65,8.55,0.06,0.57,6.04,6.53
2011-07-12,12.94,9.0,10.31,0.77,0.57,8.28,4.85
2011-07-13,12.35,3.44,8.62,0.71,0.57,7.1,7.13
2011-07-14,12.72,3.85,7.99,0.15,0.57,5.75,7.39
2011-07-15,12.3,4.11,6.99,0.01,0.57,4.32,10.01
2011-07-16,13.81,1.11,7.4,0.02,0.57,3.72,11.1
2011-07-17,9.71,6.33,7.53,5.99,0.58,6.61,3.3
2011-07-18,12.55,5.25,8.34,0.52,0.58,5.67,6.69
2011-07-19,13.47,4.02,8.22,0.07,0.57,6.51,7.11
2011-07-20,14.56,4.73,8.28,0.06,0.57,6.73,11.5
2011-07-21,13.39,3.84,7.26,0.0,0.57,5.12,11.58
2011-07-22,12.58,5.47,8.33,0.04,0.57,6.79,11.7
2011-07-23,14.36,4.76,8.89,5.59,0.57,6.08,3.88
2011-07-24,13.97,7.15,10.39,5.19,0.58,9.55,7.59
2011-07-25,13.98,4.96,9.78,1.39,0.58,8.4,9.15
2011-07-26,12.91,4.4,8.16,0.25,0.58,5.52,9.13
2011-07-27,14.4,2.29,7.57,0.0,0.58,3.97,10.67
2011-07-28,17.18,5.01,9.85,0.01,0.58,5.08,11.76
2011-07-29,15.52,6.02,10.65,0.13,0.57,4.52,7.85
2011-07-30,17.31,6.48,11.39,2.12,0.57,8.46,10.4
2011-07-31,18.7,6.03,11.32,0.01,0.57,6.77,12.35
2011-08-01,18.73,9.47,12.99,0.07,0.57,8.47,10.12
2011-08-02,20.45,8.06,12.98,0.02,0.57,10.29,10.24
2011-08-03,22.48,8.56,14.69,0.36,0.56,10.37,12.58
2011-08-04,14.53,9.27,11.92,13.13,0.57,10.75,3.68
2011-08-05,13.68,6.13,9.38,7.39,0.59,6.98,8.64
2011-08-06,11.83,6.14,8.58,1.19,0.59,6.84,10.04
2011-08-07,12.39,5.62,8.32,3.22,0.59,6.75,9.99
2011-08-08,12.44,4.64,8.8,4.62,0.6,7.86,9.75
2011-08-09,13.09,4.88,8.37,1.11,0.6,6.82,10.73
2011-08-10,14.98,7.26,10.35,2.77,0.6,8.82,9.41
2011-08-11,16.16,6.56,10.56,0.01,0.6,8.54,14.14
2011-08-12,15.83,7.55,10.71,0.02,0.6,7.73,11.82
2011-08-13,14.12,6.78,10.32,0.01,0.59,6.9,11.33
2011-08-14,17.14,4.69,10.8,0.03,0.59,8.05,12.86
2011-08-15,15.44,9.93,11.93,6.42,0.6,10.32,7.24
2011-08-16,16.44,9.35,12.58,9.71,0.6,11.22,4.88
2011-08-17,12.82,8.55,10.79,5.07,0.62,7.6,11.64
2011-08-18,14.62,8.59,11.26,1.39,0.62,8.42,10.97
2011-08-19,16.9,10.22,12.73,0.25,0.61,11.01,9.42
2011-08-20,18.55,8.17,13.26,0.05,0.61,10.99,11.64
2011-08-21,18.99,8.56,13.21,0.02,0.6,8.94,15.22
2011-08-22,18.23,5.87,11.22,0.0,0.6,6.31,16.71
2011-08-23,20.04,5.78,11.91,0.0,0.6,6.69,16.62
2011-08-24,20.39,7.05,12.59,0.0,0.59,6.42,16.57
2011-08-25,16.15,6.93,11.0,0.28,0.59,7.02,13.79
2011-08-26,14.27,6.13,9.63,0.83,0.58,6.47,11.17
2011-08-27,15.25,4.77,9.23,0.44,0.58,6.39,12.79
2011-08-28,16.6,6.04,10.61,0.74,0.58,7.11,16.03
2011-08-29,14.33,3.84,9.5,0.59,0.58,5.68,12.57
2011-08-30,13.77,3.75,8.54,0.01,0.57,5.02,9.9
2011-08-31,15.05,6.59,10.22,0.07,0.57,7.61,11.18
2011-09-01,17.04,5.14,10.43,0.12,0.57,7.48,14.66
2011-09-02,19.86,5.92,12.1,0.0,0.57,6.43,18.18
2011-09-03,22.31,8.74,15.06,0.23,0.56,7.62,13.8
2011-09-04,16.86,8.17,12.25,0.62,0.55,8.48,17.21
2011-09-05,18.52,4.66,11.15,0.0,0.55,6.58,17.15
2011-09-06,12.73,5.67,9.39,6.19,0.56,5.24,14.51
2011-09-07,12.94,4.7,8.42,2.12,0.56,6.13,13.87
2011-09-08,14.31,3.96,8.33,0.41,0.56,5.32,16.51
2011-09-09,13.52,6.02,9.4,1.06,0.55,5.56,16.57
2011-09-10,15.08,6.57,9.81,2.06,0.55,7.31,14.82
2011-09-11,14.95,4.3,9.07,0.57,0.55,5.68,16.61
2011-09-12,14.95,4.42,9.05,0.36,0.55,5.93,11.53
2011-09-13,19.24,6.56,11.99,0.42,0.55,7.35,19.72
2011-09-14,16.22,6.48,11.42,0.07,0.54,7.44,13.2
2011-09-15,19.28,3.97,11.87,0.03,0.54,7.27,18.55
2011-09-16,20.84,9.46,14.37,0.01,0.53,9.41,19.93
2011-09-17,23.87,8.34,13.87,0.0,0.53,9.18,17.01
2011-09-18,21.07,7.11,13.45,0.0,0.53,8.84,20.81
2011-09-19,23.07,9.94,13.89,4.9,0.52,7.36,7.75
2011-09-20,15.64,8.52,11.49,1.92,0.53,6.32,19.02
2011-09-21,19.35,9.48,13.77,0.26,0.53,10.31,14.5
2011-09-22,25.15,9.18,16.14,0.04,0.52,7.36,19.23
2011-09-23,16.33,7.26,11.27,0.01,0.51,3.83,13.22
2011-09-24,14.86,5.4,9.84,0.26,0.51,4.52,13.37
2011-09-25,18.52,2.34,10.65,0.0,0.51,3.9,23.09
2011-09-26,20.6,6.34,13.4,0.25,0.51,5.56,15.43
2011-09-27,26.01,10.18,17.63,0.0,0.5,7.4,20.04
2011-09-28,18.36,9.24,13.1,10.05,0.5,11.0,7.53
2011-09-29,14.4,8.83,10.89,7.31,0.52,7.63,19.14
2011-09-30,12.9,6.54,9.13,7.36,0.53,7.27,11.24
2011-10-01,15.11,5.22,10.15,0.94,0.53,5.73,20.94
2011-10-02,17.34,3.24,10.08,0.0,0.53,5.01,22.14
2011-10-03,19.8,3.87,11.78,0.0,0.52,4.37,24.59
2011-10-04,23.62,7.23,15.15,1.23,0.52,8.08,20.24
2011-10-05,17.51,11.05,13.95,4.28,0.52,11.98,6.3
2011-10-06,20.72,11.17,15.06,0.49,0.52,11.92,11.7
2011-10-07,17.49,9.02,13.06,0.22,0.52,11.05,11.28
2011-10-08,18.3,8.13,12.84,0.43,0.51,9.37,18.19
2011-10-09,17.16,5.04,11.82,2.17,0.51,6.67,19.16
2011-10-10,14.58,5.07,10.56,1.09,0.51,6.8,17.22
2011-10-11,17.59,6.91,12.34,0.39,0.51,7.32,16.53
2011-10-12,19.01,5.72,11.95,0.01,0.51,6.5,16.69
2011-10-13,23.14,7.3,15.0,0.03,0.5,7.23,24.03
2011-10-14,23.42,11.99,16.59,0.46,0.5,9.52,15.64
2011-10-15,18.42,10.19,13.87,1.47,0.49,8.8,20.57
2011-10-16,18.06,5.6,12.25,0.37,0.49,4.65,24.53
2011-10-17,22.48,3.62,12.95,0.0,0.49,1.94,27.49
2011-10-18,27.76,6.98,17.1,0.0,0.48,1.61,28.17
2011-10-19,32.17,14.89,23.64,0.01,0.47,11.12,24.78
2011-10-20,22.49,13.35,18.72,3.18,0.47,13.06,9.85
2011-10-21,22.52,12.29,16.73,0.35,0.48,11.71,13.18
2011-10-22,24.52,13.27,18.36,0.18,0.47,13.02,16.57
2011-10-23,30.67,13.41,21.65,0.88,0.47,14.29,19.36
2011-10-24,17.96,8.52,14.54,0.56,0.47,9.59,11.66
2011-10-25,20.55,5.16,12.66,0.01,0.47,3.72,21.42
2011-10-26,22.36,5.85,14.04,0.0,0.46,5.03,28.26
2011-10-27,27.0,10.36,17.83,0.06,0.46,8.72,25.3
2011-10-28,24.35,13.42,19.07,5.29,0.46,13.85,9.78
2011-10-29,19.2,8.16,13.84,1.06,0.47,8.86,20.12
2011-10-30,19.65,5.68,12.36,0.18,0.46,4.38,25.95
2011-10-31,21.23,4.85,12.46,0.04,0.46,5.26,26.57
2011-11-01,22.24,5.07,13.42,0.0,0.46,7.71,18.01
2011-11-02,19.72,10.27,14.6,0.54,0.46,9.92,13.94
2011-11-03,23.5,9.83,15.81,0.16,0.45,9.7,19.75
2011-11-04,29.16,7.68,19.21,0.0,0.45,7.18,30.09
2011-11-05,33.64,14.03,23.78,0.0,0.45,6.99,27.36
2011-11-06,25.12,11.76,19.22,0.04,0.44,12.47,24.71
2011-11-07,31.75,9.32,20.58,0.61,0.44,12.36,23.69
2011-11-08,30.66,16.42,23.36,2.78,0.44,15.37,18.79
2011-11-09,29.92,14.18,20.55,1.84,0.44,12.48,26.15
2011-11-10,22.16,11.39,16.18,0.04,0.44,7.16,24.65
2011-11-11,23.63,10.25,17.01,0.0,0.43,6.82,23.24
2011-11-12,28.46,12.14,21.08,0.0,0.43,6.65,29.12
2011-11-13,25.77,15.21,20.05,0.34,0.43,11.95,12.07
2011-11-14,23.93,11.55,17.42,0.04,0.43,10.85,26.07
2011-11-15,27.69,9.85,18.28,0.92,0.43,10.13,26.64
2011-11-16,26.47,9.36,18.08,0.03,0.43,4.43,31.33
2011-11-17,32.43,13.02,22.85,0.05,0.42,10.31,23.98
2011-11-18,34.94,18.24,26.27,0.03,0.42,11.86,23.42
2011-11-19,18.63,9.66,15.95,4.65,0.43,10.62,11.95
2011-11-20,21.7,8.8,14.69,0.3,0.42,6.35,25.8
2011-11-21,23.73,7.96,15.39,0.01,0.42,7.1,25.68
2011-11-22,21.14,10.61,14.78,0.55,0.42,7.52,21.39
2011-11-23,23.78,9.51,16.02,0.04,0.42,4.59,24.93
2011-11-24,27.73,7.52,18.01,0.32,0.42,5.74,31.21
2011-11-25,21.83,13.87,18.1,16.94,0.43,13.31,14.01
2011-11-26,24.09,12.37,17.59,2.44,0.45,12.52,25.64
2011-11-27,24.94,10.95,17.9,0.35,0.45,9.79,31.15
2011-11-28,30.45,13.06,20.87,1.89,0.44,12.13,19.1
2011-11-29,31.73,14.13,22.58,1.65,0.44,11.39,12.05
2011-11-30,19.63,8.99,14.53,1.6,0.44,5.09,28.42
2011-12-01,23.14,8.74,16.09,0.05,0.44,5.3,21.49
2011-12-02,26.14,8.17,17.17,0.0,0.43,5.86,33.37
2011-12-03,24.61,9.34,16.2,0.0,0.43,7.44,30.62
2011-12-04,24.12,7.87,15.4,0.0,0.43,3.67,33.62
2011-12-05,27.62,7.14,17.75,0.0,0.43,2.92,34.06
2011-12-06,30.51,10.5,21.16,0.0,0.42,5.31,33.52
2011-12-07,32.98,13.98,23.34,0.0,0.42,6.35,32.77
2011-12-08,32.3,14.57,24.43,0.02,0.42,9.35,24.55
2011-12-09,24.11,17.88,20.48,1.2,0.42,15.25,13.64
2011-12-10,26.04,13.52,20.21,0.31,0.42,13.95,20.06
2011-12-11,24.25,10.57,16.77,0.07,0.41,7.26,28.72
2011-12-12,22.86,9.54,15.83,0.07,0.41,8.34,19.08
2011-12-13,25.03,9.71,16.86,0.0,0.41,4.81,29.08
2011-12-14,26.64,8.27,17.58,0.0,0.41,3.4,32.35
2011-12-15,29.19,11.82,19.8,0.0,0.41,5.45,33.44
2011-12-16,33.5,11.22,23.12,0.0,0.4,6.66,32.96
2011-12-17,31.37,18.82,23.95,18.04,0.41,13.99,11.75
2011-12-18,27.96,15.8,21.72,3.87,0.44,15.31,19.86
2011-12-19,24.66,12.6,18.33,0.71,0.44,10.76,28.12
2011-12-20,29.19,10.57,20.45,0.0,0.43,8.86,24.76
2011-12-21,29.35,12.49,20.58,0.0,0.43,6.57,34.29
2011-12-22,32.66,11.43,21.81,0.0,0.42,6.95,34.25
2011-12-23,33.49,12.68,23.44,0.0,0.42,10.15,31.68
2011-12-24,36.11,16.86,26.96,0.07,0.41,11.02,30.83
2011-12-25,34.37,15.92,25.17,0.01,0.41,12.17,31.4
2011-12-26,25.51,13.89,18.85,0.0,0.41,9.08,31.9
2011-12-27,27.45,13.29,19.7,0.0,0.41,9.92,24.42
2011-12-28,30.08,11.57,20.02,0.0,0.41,5.99,34.42
2011-12-29,31.41,10.38,21.37,0.0,0.4,7.24,33.57
2011-12-30,34.8,13.63,24.74,0.0,0.4,7.85,34.0
2011-12-31,38.46,18.16,28.63,0.0,0.4,5.41,34.14
2012-01-01,40.85,19.03,30.76,0.0,0.39,7.8,33.14
2012-01-02,42.53,22.76,31.31,0.0,0.39,8.4,30.05
2012-01-03,38.14,19.96,28.85,0.01,0.39,12.08,28.31
2012-01-04,28.85,15.08,21.38,0.04,0.39,7.16,33.95
2012-01-05,25.2,13.07,18.65,0.0,0.39,4.23,31.12
2012-01-06,28.27,11.08,20.77,0.0,0.39,2.56,30.31
2012-01-07,31.34,19.68,24.69,3.85,0.39,9.41,11.91
2012-01-08,22.27,13.77,18.4,1.56,0.39,10.64,23.2
2012-01-09,22.93,11.91,17.02,0.51,0.39,8.46,22.09
2012-01-10,22.27,13.47,17.15,0.91,0.39,7.84,24.09
2012-01-11,21.82,10.67,16.6,0.3,0.39,4.84,29.38
2012-01-12,26.38,9.69,17.85,0.01,0.39,7.86,27.27
2012-01-13,25.96,12.85,18.45,0.0,0.39,8.66,26.15
2012-01-14,27.93,10.58,18.94,0.0,0.39,6.64,33.31
2012-01-15,30.63,10.61,21.07,0.0,0.39,6.18,33.37
2012-01-16,36.87,14.25,26.8,0.0,0.38,4.5,33.33
2012-01-17,39.24,21.56,29.23,0.11,0.38,9.74,22.73
2012-01-18,32.69,16.1,24.11,0.25,0.38,9.8,29.57
2012-01-19,33.62,12.71,23.23,0.0,0.38,5.61,33.05
2012-01-20,33.26,14.2,23.54,0.0,0.38,6.95,32.32
2012-01-21,32.68,13.9,23.19,0.0,0.38,7.56,32.63
2012-01-22,38.46,16.87,28.89,0.88,0.38,10.77,30.04
2012-01-23,37.54,23.81,30.54,0.35,0.38,9.15,31.65
2012-01-24,39.01,21.34,30.6,0.0,0.38,8.01,29.4
2012-01-25,37.67,18.22,27.64,0.0,0.38,10.36,31.06
2012-01-26,33.48,14.99,23.42,0.0,0.38,7.19,31.84
2012-01-27,36.35,15.08,26.79,0.0,0.38,10.76,31.03
2012-01-28,37.64,24.33,30.91,0.41,0.38,15.43,27.33
2012-01-29,35.34,22.79,28.23,0.24,0.38,16.42,20.33
2012-01-30,25.35,13.58,20.49,0.4,0.38,12.47,21.9
2012-01-31,25.89,12.92,18.46,0.03,0.38,3.46,27.12
2012-02-01,28.23,10.73,19.37,0.0,0.38,5.7,26.99
2012-02-02,30.69,12.7,21.65,0.0,0.38,6.97,31.28
2012-02-03,31.63,14.96,22.21,0.0,0.38,9.35,30.04
2012-02-04,30.65,14.76,23.07,0.45,0.38,10.13,22.45
2012-02-05,21.74,12.34,18.01,2.58,0.38,10.27,20.43
2012-02-06,23.2,12.49,17.09,0.11,0.38,7.29,23.26
2012-02-07,23.49,11.9,17.06,0.03,0.38,7.15,17.22
2012-02-08,25.44,10.36,17.35,0.0,0.38,4.42,26.28
2012-02-09,21.86,11.2,16.31,0.02,0.38,6.06,20.48
2012-02-10,26.87,10.87,18.77,0.96,0.38,10.58,20.69
2012-02-11,26.56,12.67,18.67,0.0,0.38,8.54,22.29
2012-02-12,27.99,11.04,19.82,0.0,0.38,9.57,23.34
2012-02-13,30.01,13.01,21.7,0.0,0.38,8.33,28.98
2012-02-14,34.12,14.64,25.0,0.0,0.38,7.87,27.97
2012-02-15,36.54,17.01,26.29,0.0,0.38,6.9,18.47
2012-02-16,30.01,15.88,21.75,0.0,0.38,11.23,25.42
2012-02-17,32.24,14.78,23.07,0.0,0.38,10.0,27.58
2012-02-18,33.2,15.79,25.13,0.0,0.38,8.42,26.08
2012-02-19,35.41,21.13,27.38,0.01,0.38,10.27,17.06
2012-02-20,31.75,16.13,23.47,0.24,0.38,12.1,27.09
2012-02-21,25.24,13.75,19.43,0.01,0.38,8.47,26.07
2012-02-22,30.68,12.91,21.78,0.0,0.38,9.37,27.69
2012-02-23,32.61,14.73,23.07,0.0,0.38,6.28,27.74
2012-02-24,39.42,17.03,28.54,0.0,0.38,4.76,27.44
2012-02-25,40.01,23.45,32.02,0.0,0.38,7.53,26.76
2012-02-26,37.33,22.18,28.8,0.27,0.38,14.4,18.97
2012-02-27,28.04,19.05,22.4,0.19,0.38,13.67,14.66
2012-02-28,29.58,16.52,22.14,0.03,0.38,9.9,20.45
2012-02-29,22.71,15.84,18.77,3.16,0.38,8.56,6.94
2012-03-01,26.9,14.74,19.33,1.53,0.38,11.8,13.26
2012-03-02,24.71,12.93,18.68,0.41,0.38,11.61,14.46
2012-03-03,23.58,15.45,19.21,4.44,0.39,15.7,9.98
2012-03-04,23.59,14.42,18.28,1.43,0.39,12.2,20.99
2012-03-05,24.93,12.78,18.14,0.34,0.39,10.76,13.72
2012-03-06,25.91,11.1,17.97,0.03,0.39,9.86,17.81
2012-03-07,27.25,10.46,18.54,0.0,0.39,5.3,25.82
2012-03-08,28.87,11.62,19.65,0.0,0.39,8.0,25.15
2012-03-09,27.21,12.58,19.17,0.0,0.39,7.8,23.45
2012-03-10,25.55,11.92,17.78,0.0,0.38,6.5,22.74
2012-03-11,26.01,10.23,17.94,0.0,0.38,6.6,22.9
2012-03-12,29.67,11.83,20.68,0.0,0.38,6.83,24.33
2012-03-13,33.51,15.04,23.74,0.0,0.38,5.66,23.3
2012-03-14,31.88,20.24,25.32,1.55,0.38,11.71,18.36
2012-03-15,25.56,17.5,21.72,7.25,0.4,14.4,18.97
2012-03-16,23.24,12.34,18.02,1.33,0.4,11.14,15.15
2012-03-17,25.7,10.56,17.7,0.0,0.4,8.49,22.39
2012-03-18,28.05,10.85,19.0,0.0,0.39,9.22,23.46
2012-03-19,30.54,13.72,21.68,0.0,0.39,9.65,22.97
2012-03-20,32.74,16.63,24.39,2.92,0.39,11.29,20.64
2012-03-21,19.98,10.22,15.27,9.06,0.41,6.75,20.67
2012-03-22,19.73,9.26,14.18,1.4,0.41,7.97,12.36
2012-03-23,17.66,11.72,14.23,0.78,0.41,6.65,15.29
2012-03-24,20.53,11.41,15.93,1.03,0.41,10.7,13.83
2012-03-25,22.81,8.81,15.39,0.0,0.41,8.22,14.83
2012-03-26,22.5,8.46,15.62,0.0,0.41,8.16,17.75
2012-03-27,24.05,12.5,17.4,0.0,0.4,8.39,13.21
2012-03-28,27.49,12.15,18.86,0.0,0.4,9.0,20.2
2012-03-29,30.02,14.18,21.03,0.01,0.4,8.64,20.13
2012-03-30,28.88,13.03,21.18,0.0,0.4,9.23,19.29
2012-03-31,22.9,14.31,19.06,0.02,0.4,10.31,16.52
2012-04-01,23.4,13.8,17.55,0.09,0.4,7.81,15.82
2012-04-02,30.59,12.52,20.95,0.15,0.4,9.72,15.51
2012-04-03,25.44,14.16,18.96,0.08,0.39,14.29,16.66
2012-04-04,29.0,12.6,20.16,0.04,0.39,13.11,17.25
2012-04-05,31.96,14.12,23.14,0.0,0.39,10.22,19.0
2012-04-06,26.59,11.87,18.62,0.1,0.39,9.0,13.73
2012-04-07,20.32,8.85,14.16,0.05,0.39,6.32,11.68
2012-04-08,17.88,12.47,14.69,1.55,0.39,8.56,12.83
2012-04-09,16.43,6.94,13.02,0.44,0.39,5.9,12.75
2012-04-10,19.4,5.75,11.97,0.02,0.39,3.8,12.75
2012-04-11,21.01,5.79,12.88,0.0,0.39,5.48,18.23
2012-04-12,24.05,7.06,15.4,0.0,0.39,3.43,18.39
2012-04-13,25.96,8.21,16.8,0.0,0.39,0.05,18.5
2012-04-14,27.91,11.42,18.97,0.0,0.39,4.1,17.39
2012-04-15,29.07,12.06,19.43,0.0,0.39,6.38,17.24
2012-04-16,24.77,10.6,16.71,0.03,0.39,8.65,16.58
2012-04-17,26.29,9.33,16.91,0.0,0.38,6.38,17.12
2012-04-18,27.66,11.9,18.77,0.0,0.38,6.71,16.58
2012-04-19,29.53,13.7,20.28,0.0,0.38,8.09,16.17
2012-04-20,29.38,13.24,20.11,0.0,0.38,10.18,10.86
2012-04-21,27.43,16.42,19.92,2.85,0.38,9.52,6.25
2012-04-22,21.04,13.09,16.88,2.2,0.39,10.25,11.18
2012-04-23,14.3,8.68,12.14,13.63,0.41,7.51,9.86
2012-04-24,14.58,9.85,11.88,2.36,0.42,7.13,9.45
2012-04-25,18.74,8.86,12.93,1.45,0.42,9.69,10.48
2012-04-26,18.42,10.0,13.42,0.25,0.42,10.35,7.73
2012-04-27,20.69,8.3,13.52,0.11,0.42,9.64,9.9
2012-04-28,20.16,8.42,13.77,0.52,0.42,10.31,12.47
2012-04-29,18.23,7.84,12.35,0.28,0.41,5.45,14.89
2012-04-30,21.4,8.52,13.49,0.0,0.41,4.35,11.23
2012-05-01,19.8,10.86,14.18,9.23,0.42,9.56,5.88
2012-05-02,16.19,6.58,10.93,0.04,0.43,3.78,10.92
2012-05-03,16.78,6.03,10.94,1.45,0.43,8.28,11.32
2012-05-04,17.22,8.4,11.64,1.19,0.43,8.6,9.91
2012-05-05,15.0,8.61,11.02,0.23,0.43,7.12,7.95
2012-05-06,17.62,6.89,12.13,0.63,0.43,6.94,9.96
2012-05-07,21.92,10.91,15.01,0.24,0.43,9.06,12.07
2012-05-08,25.17,10.1,17.58,0.46,0.43,9.6,12.15
2012-05-09,21.27,10.96,15.64,0.79,0.43,12.38,10.1
2012-05-10,19.33,9.86,13.81,0.1,0.43,10.07,12.34
2012-05-11,17.06,9.05,12.91,1.8,0.43,6.71,10.6
2012-05-12,15.6,5.98,10.92,0.26,0.43,4.66,9.3
2012-05-13,15.03,9.26,11.72,1.21,0.43,8.81,8.39
2012-05-14,17.54,7.4,11.59,0.09,0.43,8.07,8.53
2012-05-15,17.01,6.09,10.42,0.05,0.43,6.46,11.4
2012-05-16,18.14,5.28,11.09,0.0,0.43,4.85,12.61
2012-05-17,19.85,6.42,12.15,0.03,0.43,2.66,9.18
2012-05-18,18.73,8.27,12.58,1.48,0.43,6.94,9.58
2012-05-19,16.53,4.89,10.74,1.01,0.43,6.99,9.41
2012-05-20,15.67,3.78,9.03,0.0,0.43,2.84,8.88
2012-05-21,16.25,3.22,9.7,1.43,0.43,4.71,9.4
2012-05-22,17.0,8.99,12.19,4.53,0.43,10.04,6.42
2012-05-23,21.67,8.1,13.03,0.71,0.44,7.33,10.33
2012-05-24,12.22,7.11,8.87,22.45,0.45,6.9,2.21
2012-05-25,12.83,6.62,10.01,0.68,0.48,6.81,9.96
2012-05-26,15.89,5.99,11.18,2.02,0.48,9.16,8.83
2012-05-27,15.91,5.58,10.3,0.01,0.47,6.15,7.94
2012-05-28,15.2,7.93,10.41,0.46,0.47,7.27,7.61
2012-05-29,14.85,7.45,10.49,0.49,0.47,8.54,6.84
2012-05-30,16.68,6.62,10.37,0.14,0.47,8.47,7.04
2012-05-31,18.77,4.61,10.6,0.1,0.47,5.42,11.25
2012-06-01,19.51,5.97,11.91,0.0,0.47,5.93,10.27
2012-06-02,17.0,6.63,11.39,0.18,0.47,6.75,8.39
2012-06-03,12.03,4.71,8.04,4.16,0.47,6.54,8.58
2012-06-04,13.03,5.48,9.41,7.77,0.49,8.07,3.38
2012-06-05,15.0,4.87,10.41,0.08,0.49,5.55,7.1
2012-06-06,13.75,2.9,7.81,0.01,0.49,4.71,7.63
2012-06-07,13.46,3.71,7.63,0.01,0.48,4.88,8.51
2012-06-08,13.88,2.2,7.58,0.07,0.48,5.02,6.44
2012-06-09,13.14,3.91,7.99,0.08,0.48,5.52,5.93
2012-06-10,12.78,5.01,8.08,0.05,0.48,5.9,6.48
2012-06-11,13.68,4.13,7.84,0.02,0.48,4.32,10.22
2012-06-12,12.7,3.57,8.05,0.03,0.48,2.52,7.0
2012-06-13,16.98,6.13,11.12,3.06,0.48,2.97,3.92
2012-06-14,13.28,7.64,9.83,9.33,0.49,6.92,6.0
2012-06-15,13.93,6.61,9.82,0.88,0.5,7.35,8.87
2012-06-16,13.21,7.38,10.02,4.12,0.5,8.71,7.23
2012-06-17,14.65,9.09,11.1,0.82,0.5,9.47,8.41
2012-06-18,16.27,9.66,12.13,4.44,0.51,10.85,8.08
2012-06-19,13.36,3.15,8.42,0.01,0.51,5.13,8.62
2012-06-20,17.03,5.77,10.83,9.68,0.51,6.45,5.09
2012-06-21,10.53,5.34,9.07,20.4,0.54,8.46,2.16
2012-06-22,11.56,3.32,7.08,3.0,0.56,4.7,8.25
2012-06-23,12.64,4.19,8.94,1.19,0.56,7.28,8.38
2012-06-24,15.65,9.97,11.84,1.27,0.56,9.8,8.34
2012-06-25,14.32,8.17,11.06,1.39,0.56,9.75,7.05
2012-06-26,11.91,3.33,6.98,0.26,0.56,5.17,9.85
2012-06-27,12.29,0.77,5.64,0.0,0.56,2.48,9.64
2012-06-28,13.64,2.73,7.69,0.32,0.55,3.18,6.17
2012-06-29,11.92,7.87,9.39,9.3,0.56,6.93,7.41
2012-06-30,11.81,7.2,8.71,7.75,0.58,6.53,7.01
2012-07-01,11.96,7.47,8.86,1.29,0.58,6.69,8.41
2012-07-02,13.03,5.39,8.33,0.11,0.58,6.19,6.98
2012-07-03,11.83,6.11,8.81,1.84,0.58,8.41,7.23
2012-07-04,12.63,4.19,7.75,1.3,0.58,6.1,6.62
2012-07-05,12.87,2.4,6.82,0.0,0.58,4.51,9.1
2012-07-06,12.04,1.87,5.94,0.03,0.57,3.43,9.55
2012-07-07,14.23,0.89,6.19,0.01,0.57,1.98,10.58
2012-07-08,14.57,3.66,8.54,0.09,0.57,4.01,5.67
2012-07-09,14.53,7.42,10.56,1.96,0.57,8.2,5.12
2012-07-10,14.05,8.32,10.45,9.77,0.59,9.28,3.52
2012-07-11,12.7,8.39,9.97,1.03,0.59,8.02,5.65
2012-07-12,15.83,6.05,10.05,1.3,0.59,7.32,7.24
2012-07-13,13.85,7.49,9.97,4.39,0.59,8.85,4.73
2012-07-14,10.4,5.48,7.64,2.57,0.59,6.04,7.5
2012-07-15,14.54,6.13,10.28,1.68,0.59,8.87,6.91
2012-07-16,16.05,7.02,11.17,0.36,0.6,8.9,7.67
2012-07-17,15.83,4.43,9.85,3.36,0.59,5.99,11.02
2012-07-18,11.69,4.14,8.04,1.71,0.6,5.17,9.98
2012-07-19,12.25,4.68,8.49,1.39,0.6,6.93,8.7
2012-07-20,15.76,7.71,10.94,1.56,0.6,9.67,8.89
2012-07-21,15.8,6.37,9.89,0.57,0.6,9.02,8.84
2012-07-22,14.97,7.51,10.62,0.3,0.6,8.83,7.85
2012-07-23,14.39,6.7,10.05,0.03,0.59,7.11,6.1
2012-07-24,15.7,6.83,10.17,0.0,0.59,5.62,10.4
2012-07-25,13.99,7.25,9.88,6.25,0.59,6.71,6.02
2012-07-26,12.68,8.25,10.0,9.64,0.61,8.58,7.78
2012-07-27,12.38,6.94,9.51,2.63,0.61,7.48,8.43
2012-07-28,13.83,6.87,10.03,0.92,0.61,8.47,9.79
2012-07-29,12.33,4.92,8.46,0.36,0.61,6.08,9.46
2012-07-30,12.6,5.56,8.76,0.2,0.61,6.82,8.66
2012-07-31,12.83,3.86,7.69,0.08,0.61,6.27,8.97
2012-08-01,13.26,3.55,7.71,0.05,0.61,4.44,13.01
2012-08-02,12.45,5.56,8.33,1.86,0.6,4.72,7.57
2012-08-03,14.49,6.44,10.05,2.17,0.61,7.72,11.26
2012-08-04,13.29,4.61,9.57,1.8,0.61,6.36,10.41
2012-08-05,14.22,6.19,10.01,3.68,0.61,7.24,9.4
2012-08-06,13.05,4.23,7.92,0.18,0.61,4.93,9.56
2012-08-07,16.49,3.71,9.54,0.0,0.6,4.66,13.76
2012-08-08,15.46,7.1,10.34,3.09,0.6,7.52,7.95
2012-08-09,12.57,7.1,9.04,0.55,0.6,5.73,11.83
2012-08-10,13.66,5.63,9.22,0.38,0.6,6.63,8.94
2012-08-11,14.08,4.75,8.69,0.23,0.6,6.57,10.26
2012-08-12,14.5,4.85,8.87,0.12,0.6,6.3,10.69
2012-08-13,14.12,3.93,8.9,0.05,0.6,5.29,9.56
2012-08-14,13.4,5.47,8.87,5.28,0.6,6.43,11.4
2012-08-15,12.96,5.7,8.61,4.2,0.6,6.85,8.57
2012-08-16,12.92,5.88,8.91,13.28,0.61,7.06,9.43
2012-08-17,10.5,5.58,7.84,8.54,0.64,6.22,9.16
2012-08-18,12.83,3.84,8.39,0.63,0.63,6.34,11.81
2012-08-19,14.13,6.86,9.59,1.36,0.63,8.26,10.05
2012-08-20,14.86,6.46,10.02,0.05,0.63,6.97,9.17
2012-08-21,11.86,4.98,8.6,1.58,0.63,5.53,7.93
2012-08-22,18.4,4.99,11.51,2.38,0.63,8.85,12.15
2012-08-23,10.65,5.92,8.08,8.54,0.64,6.69,9.83
2012-08-24,11.37,6.27,8.28,2.57,0.64,5.61,12.5
2012-08-25,13.99,6.96,9.86,2.13,0.64,7.95,12.38
2012-08-26,12.56,4.2,8.09,0.13,0.64,5.16,12.32
2012-08-27,14.94,3.1,8.62,0.01,0.63,5.14,12.45
2012-08-28,19.53,5.92,11.86,0.42,0.63,5.57,8.87
2012-08-29,14.73,7.37,10.62,5.81,0.63,7.89,11.26
2012-08-30,12.18,5.51,8.48,0.48,0.63,3.5,14.7
2012-08-31,13.3,6.67,9.59,1.01,0.63,8.0,13.49
2012-09-01,16.23,6.64,10.41,0.11,0.63,7.5,10.82
2012-09-02,19.76,5.07,11.21,0.01,0.62,6.85,18.05
2012-09-03,19.03,4.48,11.4,0.06,0.62,8.23,11.81
2012-09-04,21.98,7.82,14.57,0.0,0.61,5.09,17.77
2012-09-05,16.13,9.94,12.86,4.31,0.6,6.48,10.66
2012-09-06,16.58,8.28,11.5,7.14,0.61,8.65,10.08
2012-09-07,13.02,7.39,10.22,2.73,0.62,5.98,14.36
2012-09-08,13.53,8.41,10.71,0.39,0.61,7.4,10.85
2012-09-09,16.51,5.35,10.17,0.03,0.61,6.8,18.87
2012-09-10,18.54,3.78,10.25,0.0,0.6,6.67,19.71
2012-09-11,20.49,4.66,12.59,0.02,0.6,7.01,19.8
2012-09-12,18.97,6.78,11.6,0.82,0.59,6.38,9.44
2012-09-13,13.66,6.45,9.36,0.86,0.59,5.23,19.0
2012-09-14,12.87,8.33,10.39,0.59,0.59,8.81,10.83
2012-09-15,15.33,7.89,11.19,0.28,0.59,8.82,10.23
2012-09-16,16.6,5.45,10.85,1.87,0.59,8.73,12.43
2012-09-17,15.28,5.29,9.5,1.01,0.59,6.9,13.48
2012-09-18,17.18,5.62,10.36,0.01,0.58,7.49,18.34
2012-09-19,16.21,4.57,10.74,1.68,0.58,8.47,9.84
2012-09-20,19.98,10.3,13.94,0.16,0.58,10.97,17.06
2012-09-21,18.45,8.01,13.1,0.14,0.57,9.16,21.34
2012-09-22,22.01,6.18,14.34,0.1,0.57,8.34,21.38
2012-09-23,15.57,6.6,11.7,1.08,0.56,6.5,17.53
2012-09-24,13.55,4.57,8.5,0.12,0.55,3.99,14.0
2012-09-25,19.01,2.35,11.11,0.0,0.55,4.81,22.64
2012-09-26,23.53,7.62,15.01,0.02,0.54,4.59,17.98
2012-09-27,24.27,10.1,16.88,0.0,0.54,9.35,21.48
2012-09-28,15.82,6.8,12.23,7.67,0.54,7.83,14.72
2012-09-29,12.82,4.78,8.65,1.13,0.54,3.1,18.12
2012-09-30,15.02,5.55,9.5,0.62,0.54,6.21,14.59
2012-10-01,17.82,5.14,10.76,0.33,0.54,7.64,16.74
2012-10-02,20.56,4.81,12.19,0.01,0.53,7.1,24.16
2012-10-03,25.86,6.63,16.11,0.03,0.53,7.17,24.29
2012-10-04,25.48,9.81,16.37,0.0,0.52,7.36,24.64
2012-10-05,19.0,8.05,13.03,0.27,0.51,7.6,18.69
2012-10-06,16.11,4.92,10.47,8.76,0.53,6.98,14.72
2012-10-07,17.29,3.56,10.18,0.06,0.52,5.71,13.65
2012-10-08,17.92,4.73,10.68,0.01,0.52,5.04,18.8
2012-10-09,17.89,4.53,10.51,0.96,0.51,6.38,18.8
2012-10-10,11.78,4.49,7.77,9.34,0.52,4.76,10.8
2012-10-11,13.1,2.84,8.24,1.0,0.53,4.32,23.13
2012-10-12,16.05,5.9,10.65,0.29,0.53,6.21,16.82
2012-10-13,18.88,6.79,12.21,0.3,0.52,8.44,21.9
2012-10-14,25.84,6.14,16.65,0.0,0.52,6.88,25.3
2012-10-15,21.69,11.42,16.3,0.0,0.51,7.88,21.56
2012-10-16,19.13,6.4,12.86,0.05,0.51,8.23,14.46
2012-10-17,19.85,6.09,12.47,0.01,0.5,5.95,27.04
2012-10-18,25.04,8.01,16.38,0.05,0.5,7.24,20.44
2012-10-19,25.47,9.01,17.09,0.0,0.49,9.39,26.15
2012-10-20,22.25,8.12,14.52,0.06,0.49,8.96,23.25
2012-10-21,18.41,5.78,11.82,0.0,0.48,5.44,25.76
2012-10-22,22.27,6.07,14.05,0.0,0.48,2.3,25.69
2012-10-23,26.12,10.83,17.89,0.0,0.48,0.36,22.46
2012-10-24,29.02,13.36,19.8,0.08,0.47,3.49,16.18
2012-10-25,18.96,9.02,14.22,0.28,0.47,8.69,15.51
2012-10-26,17.96,7.04,12.03,0.47,0.47,6.1,21.53
2012-10-27,20.26,6.43,12.76,0.01,0.46,5.91,26.84
2012-10-28,23.03,4.96,14.06,0.0,0.46,6.31,27.65
2012-10-29,28.95,8.02,18.62,0.03,0.46,5.52,28.64
2012-10-30,32.37,12.11,22.78,0.0,0.45,4.42,29.38
2012-10-31,27.87,13.52,18.68,1.61,0.45,8.89,10.41
2012-11-01,18.77,9.76,13.38,0.54,0.45,6.9,19.05
2012-11-02,22.4,9.62,15.33,0.02,0.45,6.52,23.16
2012-11-03,25.85,9.64,18.31,0.0,0.45,6.08,21.13
2012-11-04,34.27,13.54,22.92,0.01,0.44,6.86,24.75
2012-11-05,30.51,14.33,23.07,3.13,0.44,13.23,10.2
2012-11-06,23.87,11.02,17.15,1.48,0.44,9.74,24.45
2012-11-07,24.44,9.42,15.97,0.19,0.44,8.29,24.54
2012-11-08,20.27,9.42,14.36,0.58,0.44,7.29,23.19
2012-11-09,19.82,6.85,13.77,0.07,0.44,4.74,26.4
2012-11-10,23.73,4.65,15.02,0.0,0.43,1.87,31.39
2012-11-11,31.19,10.38,21.46,0.0,0.43,-0.17,30.53
2012-11-12,22.3,9.36,16.57,0.0,0.43,4.1,31.45
2012-11-13,21.92,6.39,14.63,0.0,0.42,3.2,31.28
2012-11-14,25.37,8.82,16.54,0.0,0.42,2.96,29.51
2012-11-15,22.12,8.54,14.9,0.27,0.42,5.0,11.16
2012-11-16,23.85,7.69,15.39,0.01,0.42,5.58,30.15
2012-11-17,23.04,7.29,14.16,0.02,0.42,5.43,29.59
2012-11-18,23.06,9.5,15.58,0.07,0.42,5.78,27.51
2012-11-19,28.36,7.43,18.45,0.0,0.41,2.07,32.55
2012-11-20,34.18,14.4,23.53,0.08,0.41,3.44,27.91
2012-11-21,22.12,10.0,16.04,0.15,0.41,5.82,28.56
2012-11-22,26.74,8.09,17.45,0.0,0.41,6.57,32.04
2012-11-23,30.77,11.51,21.53,0.0,0.4,8.17,27.15
2012-11-24,33.49,15.71,24.02,0.0,0.4,9.0,24.81
2012-11-25,32.02,12.62,21.54,0.03,0.4,7.59,28.29
2012-11-26,29.02,16.61,21.97,4.42,0.4,12.21,13.12
2012-11-27,32.41,13.19,23.01,0.32,0.4,12.55,31.24
2012-11-28,36.69,15.64,26.9,0.0,0.4,11.91,30.93
2012-11-29,40.8,21.37,29.33,0.6,0.4,11.08,25.11
2012-11-30,34.56,17.99,25.18,6.32,0.4,12.84,19.86
2012-12-01,24.5,13.16,18.1,0.29,0.4,8.23,29.22
2012-12-02,23.36,10.8,16.74,0.17,0.4,6.65,24.22
2012-12-03,20.66,9.7,14.96,1.59,0.4,8.53,18.66
2012-12-04,18.97,9.94,14.45,0.91,0.4,5.07,24.88
2012-12-05,19.45,10.46,15.56,0.18,0.4,8.04,18.0
2012-12-06,27.07,9.58,17.99,0.0,0.4,7.55,27.93
2012-12-07,33.91,14.45,24.95,0.0,0.4,6.17,18.56
2012-12-08,30.49,12.41,22.49,0.02,0.39,8.06,31.69
2012-12-09,26.07,10.11,17.69,0.0,0.39,3.32,34.3
2012-12-10,29.61,8.65,18.77,0.0,0.39,3.3,34.88
2012-12-11,34.75,10.35,23.54,0.0,0.39,5.23,34.28
2012-12-12,38.52,20.05,29.86,0.0,0.39,8.44,29.81
2012-12-13,37.0,22.01,28.37,0.13,0.38,13.76,23.32
2012-12-14,24.33,18.06,21.66,9.1,0.39,17.13,7.87
2012-12-15,25.11,16.35,19.9,0.6,0.4,13.18,19.02
2012-12-16,22.25,11.32,16.76,0.3,0.4,7.56,23.17
2012-12-17,24.25,10.16,16.75,0.0,0.4,6.11,28.64
2012-12-18,30.89,12.02,22.23,0.18,0.4,9.0,32.19
2012-12-19,33.14,12.94,22.33,0.95,0.39,10.41,14.98
2012-12-20,25.27,12.18,18.31,0.36,0.39,7.73,29.8
2012-12-21,28.64,9.88,19.31,0.0,0.39,6.32,34.16
2012-12-22,33.53,11.16,23.07,0.0,0.39,4.4,34.0
2012-12-23,38.87,17.25,29.22,0.0,0.39,3.4,19.29
2012-12-24,26.45,13.15,20.13,0.0,0.38,7.8,29.99
2012-12-25,27.8,11.13,18.88,0.0,0.38,5.59,34.06
2012-12-26,28.76,9.51,19.45,0.0,0.38,2.17,33.74
2012-12-27,28.19,12.11,19.56,0.0,0.38,6.87,33.41
2012-12-28,27.22,13.16,19.4,0.0,0.38,8.1,31.62
2012-12-29,28.74,11.21,20.06,0.0,0.38,9.76,29.59
2012-12-30,31.08,11.01,20.83,0.0,0.38,4.72,34.45
2012-12-31,32.99,11.39,21.53,0.0,0.38,6.25,34.09
2013-01-01,29.08,11.59,19.95,0.0,0.38,9.55,33.7
2013-01-02,34.16,12.24,23.37,0.0,0.38,6.5,33.38
2013-01-03,40.87,18.76,30.73,0.0,0.38,3.04,33.5
2013-01-04,45.0,20.38,33.31,0.0,0.38,3.91,33.13
2013-01-05,35.55,16.29,25.24,0.0,0.38,7.19,32.76
2013-01-06,36.4,13.95,24.67,0.0,0.38,4.39,34.39
2013-01-07,40.73,14.71,27.21,0.0,0.38,4.58,33.72
2013-01-08,30.5,13.67,21.12,0.0,0.38,10.13,28.83
2013-01-09,24.69,12.22,17.79,0.0,0.38,4.0,29.09
2013-01-10,32.91,10.11,22.43,0.01,0.38,2.46,31.81
2013-01-11,34.35,15.0,24.95,0.0,0.38,4.23,32.88
2013-01-12,27.68,15.15,19.75,0.07,0.38,9.39,14.76
2013-01-13,23.23,12.16,17.31,1.77,0.38,7.32,15.71
2013-01-14,28.81,9.5,19.6,0.0,0.38,2.69,30.07
2013-01-15,34.12,13.43,24.25,0.0,0.38,1.45,33.37
2013-01-16,36.64,13.91,26.43,0.0,0.38,3.53,32.26
2013-01-17,42.73,22.15,31.97,0.0,0.38,2.65,31.97
2013-01-18,27.81,15.82,21.88,0.08,0.38,10.6,24.42
2013-01-19,28.52,12.86,20.21,0.0,0.38,6.54,32.17
2013-01-20,30.9,12.33,21.06,0.0,0.38,7.68,32.82
2013-01-21,31.18,13.2,21.03,0.0,0.38,8.28,32.51
2013-01-22,29.28,11.28,20.09,0.04,0.38,10.18,29.19
2013-01-23,30.84,13.19,22.03,0.0,0.38,6.12,32.48
2013-01-24,34.84,15.44,26.45,0.02,0.38,3.73,29.88
2013-01-25,25.86,13.57,20.52,0.16,0.38,5.51,31.65
2013-01-26,27.22,11.53,18.67,0.0,0.38,6.29,29.82
2013-01-27,28.32,11.33,19.3,0.0,0.38,7.57,31.48
2013-01-28,24.86,13.31,17.94,0.3,0.38,9.51,20.01
2013-01-29,23.69,12.61,16.88,0.02,0.38,4.41,28.1
2013-01-30,26.11,13.06,18.84,0.07,0.38,10.29,24.25
2013-01-31,20.88,11.29,16.42,6.89,0.39,10.7,14.81
2013-02-01,21.05,10.68,15.5,0.21,0.39,5.4,22.05
2013-02-02,23.13,10.47,16.65,0.4,0.39,10.63,16.01
2013-02-03,27.44,12.62,19.45,0.04,0.39,11.7,24.9
2013-02-04,29.56,11.46,20.46,0.0,0.38,8.75,30.67
2013-02-05,33.91,11.85,22.89,0.0,0.38,5.16,30.98
2013-02-06,36.72,16.27,25.98,0.0,0.38,2.57,27.53
2013-02-07,29.54,14.97,21.06,0.0,0.38,12.53,29.49
2013-02-08,29.41,13.87,20.7,0.04,0.38,11.52,28.45
2013-02-09,27.45,13.39,19.13,0.0,0.38,12.32,26.94
2013-02-10,28.2,13.91,20.05,0.0,0.38,6.05,27.48
2013-02-11,30.33,11.56,20.27,0.0,0.38,5.09,30.49
2013-02-12,31.99,12.07,21.81,0.0,0.38,7.48,29.8
2013-02-13,36.05,13.85,25.09,0.0,0.38,7.14,29.22
2013-02-14,38.21,16.76,27.85,6.63,0.38,13.41,24.06
2013-02-15,28.96,21.34,25.06,1.29,0.39,16.98,22.81
2013-02-16,36.23,19.93,28.43,0.03,0.39,13.55,25.25
2013-02-17,38.31,22.04,30.58,0.0,0.39,11.35,25.02
2013-02-18,39.66,19.89,29.78,0.0,0.38,8.99,25.34
2013-02-19,28.62,13.99,20.77,0.01,0.38,7.79,26.65
2013-02-20,29.02,11.71,20.38,0.0,0.38,6.97,26.78
2013-02-21,31.82,15.45,24.0,0.0,0.38,10.15,23.96
2013-02-22,29.35,19.98,24.81,0.51,0.38,13.9,15.43
2013-02-23,35.66,20.55,27.78,0.01,0.38,10.32,26.68
2013-02-24,34.86,22.02,28.28,0.01,0.38,11.54,18.69
2013-02-25,26.51,21.1,23.93,0.64,0.38,13.61,10.94
2013-02-26,35.2,19.34,26.43,0.01,0.38,12.37,25.08
2013-02-27,21.48,14.54,18.84,2.7,0.38,12.66,7.96
2013-02-28,24.14,12.57,17.23,0.09,0.38,4.98,25.0
2013-03-01,28.5,10.6,19.32,0.0,0.38,5.73,26.84
2013-03-02,30.06,12.07,20.49,0.0,0.38,4.65,26.98
2013-03-03,31.44,14.58,22.89,0.0,0.38,7.16,26.66
2013-03-04,34.22,18.75,26.18,0.0,0.38,8.91,25.42
2013-03-05,35.66,20.15,28.07,0.01,0.38,10.61,20.84
2013-03-06,36.85,21.47,29.58,0.0,0.38,11.42,19.12
2013-03-07,37.13,24.37,30.27,0.17,0.38,13.14,13.94
2013-03-08,38.1,24.4,30.62,0.06,0.38,11.98,17.9
2013-03-09,34.09,24.43,28.38,0.08,0.38,12.0,15.05
2013-03-10,37.82,23.51,29.69,0.01,0.38,13.13,15.23
2013-03-11,39.18,23.46,30.67,0.0,0.38,11.52,20.48
2013-03-12,38.78,23.9,31.13,0.0,0.38,9.52,23.07
2013-03-13,24.06,15.99,19.89,0.0,0.38,8.57,17.46
2013-03-14,25.71,15.1,19.39,0.0,0.38,9.22,22.81
2013-03-15,25.44,12.73,18.66,0.0,0.38,9.83,21.62
2013-03-16,23.64,11.62,17.25,0.69,0.38,9.18,17.32
2013-03-17,22.74,9.09,15.45,0.02,0.38,3.8,20.22
2013-03-18,24.75,9.03,16.94,0.02,0.38,6.38,22.75
2013-03-19,25.72,11.09,18.71,0.0,0.38,5.68,22.35
2013-03-20,29.99,12.92,22.32,0.02,0.38,0.02,20.49
2013-03-21,22.51,15.19,19.23,1.69,0.38,9.2,15.0
2013-03-22,20.85,14.3,16.5,0.64,0.38,7.61,11.44
2013-03-23,25.22,13.63,18.77,0.7,0.38,12.04,16.5
2013-03-24,24.45,13.53,18.28,0.77,0.38,12.7,14.82
2013-03-25,24.63,12.8,17.87,0.08,0.38,11.72,11.77
2013-03-26,34.01,14.24,24.7,0.0,0.38,9.04,19.71
2013-03-27,27.61,16.5,23.43,1.28,0.38,10.05,4.98
2013-03-28,20.95,11.32,16.56,1.57,0.38,6.81,17.44
2013-03-29,21.01,10.45,15.22,0.37,0.38,9.18,12.36
2013-03-30,18.83,12.68,15.82,3.16,0.39,12.78,10.24
2013-03-31,20.87,10.95,15.28,1.7,0.39,10.07,13.18
2013-04-01,21.81,11.21,16.28,0.24,0.39,11.18,12.7
2013-04-02,23.01,11.41,17.41,0.83,0.39,11.4,14.74
2013-04-03,21.88,8.07,14.53,0.0,0.39,6.3,17.62
2013-04-04,23.35,7.96,15.13,0.0,0.39,6.24,19.66
2013-04-05,28.2,8.93,18.92,0.0,0.39,5.69,19.37
2013-04-06,30.61,12.97,21.22,0.01,0.39,7.56,18.46
2013-04-07,28.8,16.1,21.18,0.03,0.38,7.92,18.28
2013-04-08,26.62,12.9,18.59,0.01,0.38,9.27,18.12
2013-04-09,26.56,10.4,17.27,0.0,0.38,8.49,17.3
2013-04-10,28.25,9.13,18.23,0.01,0.38,6.44,18.2
2013-04-11,27.91,13.94,20.47,0.01,0.38,9.99,14.82
2013-04-12,31.15,14.79,22.58,0.0,0.38,6.8,16.37
2013-04-13,26.21,16.54,20.85,0.17,0.38,9.19,7.42
2013-04-14,22.54,12.25,17.16,0.18,0.38,11.28,12.98
2013-04-15,21.03,9.96,14.54,0.29,0.38,6.97,12.51
2013-04-16,20.16,7.05,13.48,0.04,0.38,4.88,16.92
2013-04-17,20.74,10.15,14.29,0.03,0.38,5.68,15.23
2013-04-18,21.68,8.16,14.04,0.13,0.38,7.26,14.27
2013-04-19,19.62,6.23,12.18,0.0,0.38,0.27,16.71
2013-04-20,20.61,5.56,12.5,0.0,0.38,1.47,16.96
2013-04-21,12.96,8.55,10.98,10.79,0.39,2.74,3.67
2013-04-22,20.49,11.04,15.34,3.74,0.4,10.66,11.86
2013-04-23,18.41,7.98,12.91,0.08,0.41,7.52,8.82
2013-04-24,18.9,11.05,14.39,2.68,0.41,10.93,11.05
2013-04-25,21.12,10.93,15.9,0.21,0.41,11.75,11.19
2013-04-26,23.04,12.22,16.54,0.06,0.41,12.56,12.17
2013-04-27,27.52,12.52,19.58,0.02,0.41,5.69,12.78
2013-04-28,19.29,12.39,15.49,0.42,0.4,9.54,9.19
2013-04-29,19.09,11.16,14.37,0.21,0.4,7.53,9.8
2013-04-30,19.76,10.56,14.48,0.05,0.4,8.02,8.1
2013-05-01,19.41,7.12,12.91,0.09,0.4,6.41,13.21
2013-05-02,18.63,4.32,10.64,0.0,0.4,1.43,15.09
2013-05-03,21.35,7.7,14.46,0.54,0.4,2.67,7.76
2013-05-04,17.86,7.21,11.72,0.03,0.4,4.87,14.56
2013-05-05,16.37,5.55,10.27,0.15,0.4,3.71,11.54
2013-05-06,16.46,6.39,11.41,3.08,0.4,5.84,5.25
2013-05-07,25.35,9.74,16.54,0.1,0.4,7.23,13.17
2013-05-08,26.77,13.96,18.37,0.03,0.4,8.4,11.04
2013-05-09,27.11,13.33,18.98,0.0,0.4,7.31,12.78
2013-05-10,25.8,13.62,18.2,0.0,0.4,7.37,11.4
2013-05-11,26.55,14.06,19.56,0.0,0.4,6.45,9.31
2013-05-12,17.94,10.61,14.49,12.95,0.41,11.42,8.21
2013-05-13,13.87,8.87,11.08,12.53,0.43,7.58,6.14
2013-05-14,14.97,7.48,11.03,6.04,0.45,7.43,9.12
2013-05-15,15.71,9.87,12.12,2.79,0.45,9.0,10.19
2013-05-16,14.85,8.75,11.31,0.46,0.45,7.75,11.32
2013-05-17,14.61,7.63,10.88,0.66,0.45,8.23,9.11
2013-05-18,15.65,7.74,10.73,0.24,0.45,6.98,9.61
2013-05-19,18.98,4.75,11.03,1.14,0.45,7.28,9.68
2013-05-20,17.36,7.99,12.21,7.68,0.46,9.71,6.44
2013-05-21,18.09,7.07,11.66,0.15,0.46,5.28,8.19
2013-05-22,14.75,8.98,11.16,4.26,0.47,8.36,6.18
2013-05-23,16.76,5.25,9.66,0.04,0.47,6.12,11.83
2013-05-24,16.1,5.81,9.82,0.14,0.47,8.38,8.2
2013-05-25,18.25,8.12,12.16,0.66,0.47,10.42,9.2
2013-05-26,16.85,8.64,12.0,0.53,0.47,9.63,6.24
2013-05-27,15.9,7.17,10.8,0.09,0.46,7.26,6.91
2013-05-28,17.7,6.49,11.04,0.0,0.46,5.92,8.98
2013-05-29,19.24,6.86,11.93,0.09,0.46,6.06,6.02
2013-05-30,20.56,11.03,14.43,0.34,0.46,10.74,6.36
2013-05-31,18.9,10.55,13.94,18.0,0.48,12.49,1.73
2013-06-01,17.18,8.14,13.51,16.48,0.51,11.89,3.08
2013-06-02,16.18,7.33,11.05,1.14,0.52,9.05,8.12
2013-06-03,15.89,8.83,11.32,0.74,0.52,10.07,9.26
2013-06-04,14.18,8.14,10.88,0.23,0.52,9.33,6.19
2013-06-05,15.97,8.85,11.19,0.13,0.52,7.63,4.33
2013-06-06,16.64,7.72,12.16,7.93,0.51,9.8,6.39
2013-06-07,14.31,8.4,11.06,3.79,0.53,6.96,9.51
2013-06-08,15.19,5.97,9.42,0.0,0.53,5.39,5.92
2013-06-09,14.78,5.91,9.94,0.0,0.53,4.53,6.94
2013-06-10,18.49,7.26,11.57,0.51,0.53,8.77,8.51
2013-06-11,18.76,10.05,13.68,3.85,0.52,11.31,5.93
2013-06-12,12.53,9.26,10.86,21.47,0.56,10.06,1.66
2013-06-13,14.77,8.37,10.92,1.63,0.57,9.42,7.42
2013-06-14,12.43,7.04,9.22,0.38,0.57,7.51,7.44
2013-06-15,14.37,5.54,9.72,0.41,0.56,8.03,8.75
2013-06-16,13.69,3.74,7.58,0.33,0.56,5.84,8.86
2013-06-17,12.21,4.88,7.72,1.16,0.56,6.34,8.41
2013-06-18,13.11,4.12,7.33,0.49,0.56,6.09,9.69
2013-06-19,13.9,3.16,7.15,0.01,0.56,4.68,10.35
2013-06-20,13.29,1.28,6.39,0.01,0.56,3.44,9.83
2013-06-21,10.46,6.27,8.11,5.66,0.56,6.2,4.18
2013-06-22,14.43,6.03,9.06,0.59,0.57,6.64,8.79
2013-06-23,13.49,4.4,8.08,0.0,0.56,4.85,10.25
2013-06-24,14.96,3.08,7.35,0.41,0.56,4.28,10.54
2013-06-25,14.58,2.96,7.85,0.03,0.56,5.39,10.51
2013-06-26,15.57,2.48,7.8,0.06,0.56,4.76,10.58
2013-06-27,16.61,4.44,9.75,0.06,0.56,6.39,8.86
2013-06-28,14.71,6.19,9.82,0.52,0.56,8.09,7.88
2013-06-29,14.64,5.1,8.93,0.7,0.56,7.95,8.17
2013-06-30,16.14,7.52,11.63,1.94,0.56,10.7,6.26
2013-07-01,17.21,10.88,13.05,1.19,0.56,11.5,5.94
2013-07-02,16.03,7.99,11.32,0.1,0.56,9.58,7.98
2013-07-03,16.39,6.0,10.05,0.01,0.56,5.36,10.78
2013-07-04,13.04,6.52,9.54,8.27,0.56,6.62,5.95
2013-07-05,12.92,7.18,9.33,2.41,0.57,5.46,8.74
2013-07-06,12.96,7.61,9.66,6.19,0.58,8.2,7.42
2013-07-07,12.52,6.77,8.84,3.97,0.58,7.41,8.19
2013-07-08,13.02,4.99,8.45,0.96,0.58,6.51,9.79
2013-07-09,13.04,2.26,7.12,0.01,0.58,5.06,8.43
2013-07-10,13.05,1.76,6.63,0.14,0.58,3.29,11.07
2013-07-11,15.39,2.33,7.8,0.03,0.58,4.88,8.94
2013-07-12,14.33,7.0,10.34,4.69,0.58,9.1,3.87
2013-07-13,14.32,11.72,13.15,14.01,0.6,12.23,3.0
2013-07-14,16.61,9.71,12.73,8.53,0.61,11.58,5.54
2013-07-15,15.99,8.87,11.48,1.36,0.62,10.39,7.01
2013-07-16,16.13,8.44,11.57,0.32,0.62,9.95,7.12
2013-07-17,16.77,8.52,11.71,0.06,0.61,8.18,7.77
2013-07-18,15.97,11.2,13.23,12.88,0.62,10.25,6.98
2013-07-19,13.46,7.29,10.71,10.98,0.64,8.83,6.71
2013-07-20,9.16,5.17,7.11,13.93,0.66,5.14,6.74
2013-07-21,10.74,4.82,7.45,3.35,0.66,5.36,8.39
2013-07-22,10.95,4.5,7.24,5.99,0.67,6.07,7.45
2013-07-23,12.71,5.2,8.71,0.23,0.67,6.93,9.09
2013-07-24,13.08,3.96,8.28,0.01,0.67,5.91,10.81
2013-07-25,13.44,4.21,7.98,1.23,0.66,5.95,7.98
2013-07-26,15.53,7.08,10.26,0.02,0.66,7.85,10.81
2013-07-27,13.58,5.52,9.64,0.07,0.66,5.38,5.14
2013-07-28,17.57,8.68,11.96,1.94,0.66,8.83,8.22
2013-07-29,15.43,7.33,10.67,2.89,0.66,9.55,7.51
2013-07-30,13.18,4.6,8.6,0.11,0.66,5.76,9.74
2013-07-31,13.39,4.19,8.86,0.0,0.66,5.85,8.07
2013-08-01,15.02,4.07,9.19,0.01,0.65,5.1,12.86
2013-08-02,11.81,7.22,9.32,5.23,0.66,6.2,9.78
2013-08-03,13.57,7.75,10.02,9.26,0.66,8.44,5.8
2013-08-04,13.86,7.66,10.52,2.7,0.67,8.33,8.9
2013-08-05,17.34,9.34,12.75,4.23,0.67,10.7,7.89
2013-08-06,14.22,6.52,10.4,1.0,0.67,6.98,12.09
2013-08-07,12.49,4.45,8.28,5.7,0.68,6.33,10.75
2013-08-08,12.9,4.46,8.78,0.93,0.68,5.38,9.83
2013-08-09,15.06,7.86,10.65,1.95,0.68,9.01,6.88
2013-08-10,15.47,5.85,10.28,0.25,0.68,7.72,11.55
2013-08-11,17.09,5.24,10.68,0.4,0.67,8.6,13.55
2013-08-12,13.17,7.53,10.39,9.25,0.67,6.59,13.57
2013-08-13,15.34,6.83,10.94,1.05,0.68,8.32,12.12
2013-08-14,12.63,5.16,9.18,8.02,0.69,6.11,11.92
2013-08-15,13.93,5.44,9.22,0.07,0.69,5.55,13.26
2013-08-16,14.43,3.04,8.3,13.54,0.69,4.17,8.24
2013-08-17,12.24,8.29,9.97,4.26,0.7,7.97,8.83
2013-08-18,13.77,6.65,10.46,8.02,0.71,7.86,9.72
2013-08-19,10.01,4.44,7.14,3.84,0.71,4.1,12.84
2013-08-20,10.92,3.79,7.6,1.52,0.71,5.7,12.0
2013-08-21,12.16,7.32,9.18,7.58,0.71,7.76,8.68
2013-08-22,12.88,6.48,10.18,4.21,0.72,8.65,10.13
2013-08-23,13.71,9.94,11.36,1.87,0.72,10.24,7.84
2013-08-24,13.61,9.12,11.23,0.53,0.72,10.25,9.95
2013-08-25,14.17,7.54,10.34,0.93,0.72,9.48,9.94
2013-08-26,15.58,6.43,10.68,0.01,0.72,8.86,9.73
2013-08-27,20.88,8.69,13.92,0.04,0.72,10.39,14.29
2013-08-28,19.36,8.05,13.7,0.01,0.71,11.0,14.72
2013-08-29,17.03,10.67,13.4,4.6,0.71,10.89,8.25
2013-08-30,16.79,8.95,12.58,2.21,0.72,10.49,13.25
2013-08-31,21.56,8.03,14.34,0.0,0.71,10.09,16.94
2013-09-01,23.95,11.08,16.06,0.03,0.7,12.73,16.94
2013-09-02,21.68,9.25,14.78,0.04,0.7,12.03,16.78
2013-09-03,23.06,10.4,16.1,0.0,0.69,12.14,14.7
2013-09-04,19.94,11.48,16.22,0.32,0.69,10.62,8.68
2013-09-05,18.39,9.72,14.25,0.71,0.69,11.89,5.87
2013-09-06,12.69,6.45,10.15,3.2,0.69,9.15,4.71
2013-09-07,17.19,5.65,10.53,0.01,0.69,8.42,17.06
2013-09-08,16.81,6.69,12.31,0.12,0.68,9.92,10.98
2013-09-09,20.88,11.58,14.94,1.31,0.68,10.83,11.8
2013-09-10,14.87,8.7,10.81,0.42,0.67,7.5,14.08
2013-09-11,15.64,6.66,10.86,1.05,0.67,8.55,15.19
2013-09-12,15.97,6.73,10.68,3.96,0.67,8.0,14.24
2013-09-13,15.86,6.85,10.42,4.18,0.68,8.79,10.33
2013-09-14,16.91,7.19,12.14,1.87,0.68,10.57,12.21
2013-09-15,21.14,7.27,13.88,1.66,0.67,11.3,7.98
2013-09-16,18.78,10.47,14.3,5.6,0.67,11.86,11.13
2013-09-17,17.28,9.51,12.82,3.27,0.68,11.28,13.23
2013-09-18,13.99,8.57,10.93,4.32,0.68,7.69,14.42
2013-09-19,14.75,8.21,10.98,5.29,0.68,7.51,15.8
2013-09-20,15.94,8.25,11.45,1.96,0.68,7.88,19.66
2013-09-21,20.12,6.85,13.36,0.67,0.68,10.02,14.54
2013-09-22,20.0,8.03,13.94,0.14,0.67,10.68,19.56
2013-09-23,24.39,9.33,15.15,0.02,0.66,10.61,16.51
2013-09-24,21.6,9.41,15.61,0.04,0.65,11.83,16.45
2013-09-25,18.83,9.3,14.15,5.73,0.65,10.7,14.35
2013-09-26,14.88,5.69,10.75,1.34,0.65,5.97,18.68
2013-09-27,20.89,5.48,11.03,1.05,0.65,6.49,17.67
2013-09-28,16.35,8.41,11.92,1.35,0.64,7.54,18.99
2013-09-29,22.29,7.99,14.98,0.04,0.64,9.62,20.38
2013-09-30,20.99,11.9,16.5,5.16,0.63,12.67,6.85
2013-10-01,14.14,9.07,11.42,1.72,0.64,6.77,19.73
2013-10-02,15.07,7.15,11.4,5.42,0.64,7.78,14.83
2013-10-03,16.3,5.69,10.25,0.04,0.63,6.14,18.04
2013-10-04,20.86,4.08,12.79,0.0,0.63,7.74,22.66
2013-10-05,21.59,7.98,14.86,0.0,0.62,8.62,22.44
2013-10-06,15.29,6.9,11.24,0.22,0.61,8.71,15.84
2013-10-07,18.8,4.5,11.32,0.03,0.61,8.36,20.65
2013-10-08,22.11,6.61,14.64,0.03,0.6,10.02,24.8
2013-10-09,27.22,11.39,18.85,0.01,0.59,11.03,14.82
2013-10-10,15.93,9.04,12.72,0.33,0.59,9.2,9.4
2013-10-11,18.72,8.31,12.84,0.0,0.58,7.8,19.99
2013-10-12,23.48,7.24,14.62,0.0,0.57,8.38,26.48
2013-10-13,14.59,6.28,10.78,1.04,0.57,6.09,19.52
2013-10-14,15.82,6.32,11.03,0.58,0.57,5.84,20.5
2013-10-15,19.58,8.94,13.16,0.0,0.56,7.14,23.06
2013-10-16,25.49,9.96,16.23,2.66,0.55,6.84,17.75
2013-10-17,13.93,5.42,10.1,3.01,0.55,4.71,22.74
2013-10-18,22.97,4.81,13.66,0.0,0.55,4.99,27.69
2013-10-19,27.01,8.78,17.33,0.01,0.54,3.4,28.3
2013-10-20,27.73,14.23,19.35,0.36,0.53,9.32,14.56
2013-10-21,21.13,12.39,15.82,4.51,0.53,12.93,8.75
2013-10-22,24.29,10.71,15.99,18.21,0.55,13.23,7.93
2013-10-23,15.34,7.1,11.8,1.72,0.56,7.46,17.43
2013-10-24,15.2,5.22,9.84,0.04,0.55,3.43,20.69
2013-10-25,14.5,5.12,10.57,0.1,0.55,6.71,14.5
2013-10-26,17.65,7.94,11.94,0.01,0.55,7.15,20.24
2013-10-27,17.75,6.88,12.47,3.64,0.54,9.26,12.21
2013-10-28,19.28,8.96,13.53,2.92,0.55,10.6,12.58
2013-10-29,18.74,7.69,12.67,0.0,0.54,7.78,20.32
2013-10-30,18.41,8.81,12.7,0.0,0.54,8.1,18.85
2013-10-31,20.49,7.63,13.39,0.0,0.53,8.3,24.4
2013-11-01,26.05,7.45,16.88,0.0,0.53,7.96,28.66
2013-11-02,27.57,11.14,18.09,0.02,0.52,8.53,27.52
2013-11-03,18.26,6.43,12.81,0.0,0.51,5.98,26.73
2013-11-04,21.47,4.47,13.14,0.0,0.51,5.73,30.29
2013-11-05,27.21,6.79,17.28,0.0,0.5,5.64,30.61
2013-11-06,32.16,11.43,21.87,0.0,0.49,4.93,30.04
2013-11-07,22.66,11.63,16.47,3.67,0.49,12.76,14.8
2013-11-08,16.19,8.52,12.47,2.8,0.5,8.11,14.33
2013-11-09,17.57,6.24,11.85,0.19,0.5,4.66,22.53
2013-11-10,18.49,4.68,11.88,0.4,0.49,5.19,21.71
2013-11-11,21.22,5.97,14.0,0.08,0.49,6.43,25.09
2013-11-12,17.77,7.49,12.9,1.5,0.49,8.86,18.53
2013-11-13,19.29,7.6,13.09,0.06,0.48,7.1,20.37
2013-11-14,21.62,7.8,14.43,0.0,0.48,6.84,22.3
2013-11-15,20.13,7.53,13.92,0.0,0.48,7.57,21.03
2013-11-16,22.93,7.55,14.9,0.0,0.47,7.36,29.18
2013-11-17,25.21,6.49,16.17,0.0,0.47,7.11,31.87
2013-11-18,31.02,8.87,20.08,0.0,0.46,6.21,32.74
2013-11-19,28.1,12.39,19.89,0.0,0.46,7.54,27.34
2013-11-20,18.88,8.88,13.43,0.4,0.46,7.68,14.6
2013-11-21,20.01,6.82,12.94,0.08,0.46,5.49,22.1
2013-11-22,19.37,8.92,13.51,1.24,0.46,7.94,18.2
2013-11-23,19.09,9.33,13.78,0.4,0.45,8.63,19.2
2013-11-24,22.76,8.71,14.91,0.02,0.45,6.78,26.33
2013-11-25,28.48,7.16,18.46,0.0,0.45,6.83,32.62
2013-11-26,33.05,12.78,24.05,0.0,0.44,6.5,26.81
2013-11-27,34.16,16.52,25.17,0.02,0.44,8.47,22.35
2013-11-28,18.52,9.06,15.18,3.02,0.44,10.74,10.7
2013-11-29,23.5,8.18,15.43,0.0,0.44,6.08,29.3
2013-11-30,27.66,6.93,17.66,0.0,0.44,4.3,33.74
2013-12-01,30.97,13.17,21.69,1.4,0.43,5.43,15.44
2013-12-02,33.81,13.32,23.37,0.0,0.43,9.27,29.57
2013-12-03,32.9,11.41,20.52,0.45,0.43,8.78,22.31
2013-12-04,19.52,9.74,15.26,3.14,0.43,7.38,25.08
2013-12-05,16.57,8.26,11.97,1.55,0.43,4.29,25.26
2013-12-06,22.67,6.8,15.11,0.23,0.43,8.18,21.84
2013-12-07,30.52,10.84,21.23,0.0,0.43,8.33,31.77
2013-12-08,34.09,15.65,24.02,0.57,0.42,8.52,12.99
2013-12-09,23.01,13.16,16.51,1.69,0.42,9.04,19.69
2013-12-10,19.3,11.33,15.14,1.15,0.42,7.42,23.3
2013-12-11,21.69,11.34,15.96,0.53,0.42,9.69,23.46
2013-12-12,23.25,10.84,16.58,0.2,0.42,9.94,25.22
2013-12-13,21.3,11.12,16.41,0.37,0.42,11.5,25.56
2013-12-14,25.77,8.91,16.41,0.0,0.42,5.8,30.96
2013-12-15,28.28,9.37,17.93,0.0,0.42,6.92,29.72
2013-12-16,30.72,9.99,20.43,0.0,0.41,7.73,34.0
2013-12-17,34.41,10.76,23.05,0.0,0.41,6.48,33.72
2013-12-18,38.52,15.09,27.63,0.0,0.41,6.83,32.78
2013-12-19,42.72,21.63,31.49,0.0,0.4,5.83,32.24
2013-12-20,36.63,17.49,26.44,1.11,0.4,10.79,27.94
2013-12-21,28.48,15.14,21.7,3.05,0.4,11.22,10.11
2013-12-22,26.8,13.7,21.46,0.69,0.41,12.75,15.9
2013-12-23,22.32,10.87,16.42,0.37,0.4,8.13,23.35
2013-12-24,28.33,8.92,18.63,0.0,0.4,6.31,33.94
2013-12-25,33.31,12.9,23.57,0.0,0.4,5.07,32.54
2013-12-26,27.71,13.54,20.49,0.0,0.4,7.08,33.93
2013-12-27,31.81,10.0,21.77,0.0,0.4,4.49,33.44
2013-12-28,30.45,11.55,21.65,0.0,0.39,4.29,33.13
2013-12-29,26.58,9.15,17.93,0.0,0.39,3.11,34.45
2013-12-30,29.17,9.54,18.95,0.0,0.39,1.7,34.69
2013-12-31,33.31,9.72,23.01,0.0,0.39,0.04,34.24
2014-01-01,29.84,15.35,23.43,3.34,0.39,7.87,9.49
2014-01-02,19.36,13.38,16.12,11.83,0.41,11.63,8.85
2014-01-03,22.23,12.88,17.19,0.04,0.41,8.93,26.08
2014-01-04,21.39,13.43,16.87,0.08,0.41,7.3,23.65
2014-01-05,22.82,13.09,16.75,1.72,0.41,7.91,23.66
2014-01-06,22.07,10.28,15.8,0.02,0.41,4.32,24.37
2014-01-07,23.77,8.34,16.48,0.0,0.41,6.47,25.05
2014-01-08,28.92,9.9,19.81,0.0,0.4,6.7,33.12
2014-01-09,35.77,14.05,26.22,0.0,0.4,10.55,29.96
2014-01-10,37.92,18.79,28.42,0.0,0.4,11.68,30.8
2014-01-11,32.35,16.02,23.1,0.0,0.4,9.43,32.77
2014-01-12,36.3,13.67,24.82,0.0,0.39,9.49,33.61
2014-01-13,40.91,16.03,29.45,0.0,0.39,4.96,33.49
2014-01-14,45.5,22.3,33.82,0.0,0.39,6.55,26.9
2014-01-15,42.77,25.92,35.03,0.28,0.39,13.32,23.19
2014-01-16,44.07,27.69,35.89,0.01,0.38,8.55,29.69
2014-01-17,42.29,22.22,33.39,0.13,0.38,6.6,26.96
2014-01-18,33.26,16.28,25.04,0.89,0.38,12.59,26.53
2014-01-19,30.99,13.59,21.52,0.05,0.38,6.36,32.29
2014-01-20,31.5,12.53,21.5,0.06,0.38,7.73,32.59
2014-01-21,28.96,12.1,19.93,0.0,0.38,7.76,31.89
2014-01-22,31.93,12.56,22.48,0.0,0.38,8.07,32.03
2014-01-23,35.25,15.2,25.65,0.02,0.38,4.44,28.1
2014-01-24,30.86,14.31,21.99,0.02,0.38,9.78,30.83
2014-01-25,28.89,11.95,20.12,0.0,0.38,5.07,32.35
2014-01-26,33.88,12.61,24.07,0.0,0.38,3.39,32.21
2014-01-27,39.76,18.43,29.64,0.0,0.38,0.31,32.42
2014-01-28,43.64,20.03,30.25,0.0,0.38,4.37,31.64
2014-01-29,33.78,17.36,24.86,0.0,0.38,7.0,31.15
2014-01-30,39.16,16.44,26.9,0.0,0.38,8.3,30.42
2014-01-31,39.1,17.69,27.72,0.0,0.38,7.82,31.27
2014-02-01,43.3,18.16,31.17,0.0,0.38,9.18,30.7
2014-02-02,45.29,25.05,34.64,0.01,0.38,5.94,23.75
2014-02-03,30.51,13.71,23.46,0.01,0.38,10.15,13.4
2014-02-04,30.6,12.93,20.93,0.0,0.38,1.81,32.03
2014-02-05,36.13,12.63,25.09,0.0,0.38,7.88,30.82
2014-02-06,37.84,18.18,27.68,0.0,0.38,6.27,30.6
2014-02-07,38.18,15.77,27.25,0.0,0.38,7.34,28.91
2014-02-08,43.81,20.83,32.22,0.02,0.38,6.06,23.41
2014-02-09,26.74,14.6,22.46,0.0,0.37,5.92,29.66
2014-02-10,32.91,12.25,22.48,0.0,0.37,2.02,30.72
2014-02-11,39.94,15.56,27.54,0.0,0.37,0.79,30.23
2014-02-12,37.6,21.36,28.8,0.0,0.37,2.24,21.13
2014-02-13,27.21,22.33,25.07,3.2,0.38,13.82,7.64
2014-02-14,26.3,20.67,23.4,4.46,0.39,17.63,9.19
2014-02-15,31.16,16.52,23.41,0.09,0.39,15.66,21.33
2014-02-16,27.92,14.49,20.15,0.1,0.39,8.87,26.24
2014-02-17,29.33,11.81,20.14,0.0,0.39,7.5,26.81
2014-02-18,29.09,12.8,20.12,0.03,0.38,9.08,26.15
2014-02-19,17.56,11.7,15.09,7.8,0.39,9.78,17.21
2014-02-20,20.43,11.25,15.13,0.41,0.4,6.27,22.82
2014-02-21,22.62,11.76,16.47,0.04,0.4,5.86,16.62
2014-02-22,26.71,9.75,17.94,0.0,0.39,8.92,26.88
2014-02-23,29.77,11.01,19.84,0.0,0.39,7.43,27.98
2014-02-24,33.01,12.37,22.02,0.0,0.39,8.32,27.46
2014-02-25,25.47,13.48,18.26,0.02,0.39,10.65,22.98
2014-02-26,24.51,11.39,17.31,0.32,0.39,8.46,21.57
2014-02-27,26.75,10.69,18.24,0.01,0.39,6.53,24.63
2014-02-28,27.96,10.33,18.56,0.0,0.38,6.09,27.11
2014-03-01,29.47,11.33,19.92,0.0,0.38,8.66,26.43
2014-03-02,30.37,12.08,20.7,0.0,0.38,7.59,26.64
2014-03-03,32.72,12.25,22.52,0.0,0.38,5.54,26.36
2014-03-04,36.27,18.1,26.59,0.0,0.38,8.19,22.34
2014-03-05,27.21,12.63,19.89,0.0,0.38,9.33,22.83
2014-03-06,24.72,9.93,16.69,0.0,0.38,3.55,25.95
2014-03-07,26.56,9.79,17.9,0.0,0.38,6.9,25.12
2014-03-08,30.44,13.05,21.95,0.0,0.38,9.81,24.55
2014-03-09,36.69,17.3,26.72,0.0,0.38,6.54,23.5
2014-03-10,35.88,18.0,26.31,0.05,0.38,9.84,13.21
2014-03-11,31.09,15.1,22.58,0.49,0.38,14.79,8.13
2014-03-12,25.39,12.85,18.24,0.44,0.38,7.26,23.77
2014-03-13,25.91,12.04,18.48,0.0,0.38,6.5,19.43
2014-03-14,28.29,12.25,20.19,0.01,0.38,6.9,18.25
2014-03-15,23.76,11.99,18.02,2.36,0.38,9.68,11.73
2014-03-16,20.63,12.09,16.12,1.96,0.39,9.04,15.55
2014-03-17,23.15,13.92,17.89,3.89,0.39,13.25,15.15
2014-03-18,24.89,11.23,17.54,0.24,0.39,12.01,18.38
2014-03-19,25.43,10.06,16.91,0.0,0.39,7.28,22.96
2014-03-20,30.67,12.01,21.21,0.24,0.39,6.06,22.34
2014-03-21,20.27,10.04,15.9,3.81,0.39,9.3,14.37
2014-03-22,21.52,7.43,14.33,0.0,0.39,4.71,20.98
2014-03-23,20.67,9.57,14.33,0.04,0.39,6.25,12.26
2014-03-24,23.28,10.22,15.99,0.38,0.39,9.25,13.79
2014-03-25,22.64,9.31,16.06,0.53,0.39,9.3,13.54
2014-03-26,29.15,12.97,20.77,4.28,0.39,13.28,19.04
2014-03-27,27.01,16.11,20.93,1.13,0.4,14.2,12.85
2014-03-28,27.5,14.06,19.9,0.04,0.4,13.22,14.53
2014-03-29,26.85,13.32,19.12,0.02,0.39,12.34,16.93
2014-03-30,29.73,12.37,20.93,0.0,0.39,9.05,20.05
2014-03-31,31.95,17.61,23.37,0.04,0.39,9.84,9.34
2014-04-01,35.25,21.13,27.48,0.13,0.39,11.54,18.61
2014-04-02,24.17,12.04,18.6,0.48,0.39,10.84,15.54
2014-04-03,21.65,12.05,16.61,0.04,0.39,8.51,12.21
2014-04-04,21.8,10.08,14.97,0.0,0.39,6.05,20.01
2014-04-05,22.98,8.0,15.0,0.0,0.39,8.93,14.26
2014-04-06,25.73,10.34,17.85,0.0,0.39,9.13,17.39
2014-04-07,26.75,14.27,20.03,0.06,0.38,7.07,8.74
2014-04-08,23.41,18.1,20.29,2.84,0.39,15.52,6.3
2014-04-09,21.38,16.92,18.92,1.24,0.39,16.24,6.29
2014-04-10,25.21,15.29,19.09,0.35,0.39,15.25,7.81
2014-04-11,22.06,12.41,16.54,0.04,0.39,10.36,12.86
2014-04-12,22.57,10.85,16.05,0.0,0.39,10.19,15.91
2014-04-13,23.39,10.95,16.92,0.03,0.39,10.56,14.14
2014-04-14,23.42,11.14,16.56,0.01,0.39,7.76,17.26
2014-04-15,22.91,9.28,15.52,0.03,0.39,8.61,16.32
2014-04-16,22.92,10.55,15.65,0.05,0.39,8.41,14.51
2014-04-17,23.49,11.24,16.2,0.2,0.39,9.65,14.67
2014-04-18,19.89,9.38,14.58,0.87,0.39,7.81,15.49
2014-04-19,19.09,9.45,13.47,0.0,0.39,5.73,9.24
2014-04-20,21.82,10.97,15.24,0.0,0.39,8.28,12.52
2014-04-21,24.66,12.47,18.42,0.77,0.39,8.49,7.35
2014-04-22,19.93,9.24,15.12,1.64,0.39,9.87,13.18
2014-04-23,18.92,7.93,13.33,0.01,0.39,7.51,14.18
2014-04-24,19.03,7.55,13.72,1.07,0.39,5.89,15.57
2014-04-25,20.04,6.19,13.55,0.26,0.39,5.13,13.23
2014-04-26,19.37,7.5,14.49,0.09,0.39,7.37,9.49
2014-04-27,18.72,5.4,11.36,0.0,0.39,2.39,15.68
2014-04-28,25.19,9.62,18.1,0.02,0.39,7.12,9.52
2014-04-29,20.84,11.18,15.45,27.93,0.43,10.96,8.26
2014-04-30,17.41,8.12,11.72,0.22,0.44,6.05,11.58
2014-05-01,16.24,6.21,11.58,2.28,0.44,6.47,8.61
2014-05-02,12.04,8.43,10.31,9.63,0.45,7.84,9.76
2014-05-03,15.14,6.48,10.45,0.56,0.46,4.81,9.04
2014-05-04,16.31,6.41,10.76,0.03,0.45,5.09,10.27
2014-05-05,17.31,7.78,12.39,2.62,0.45,9.3,10.21
2014-05-06,16.63,5.93,10.67,0.0,0.45,5.96,10.91
2014-05-07,16.9,6.05,10.31,0.07,0.45,6.25,9.44
2014-05-08,16.67,3.86,10.03,0.0,0.45,3.65,13.55
2014-05-09,15.8,9.83,12.54,4.64,0.45,8.85,6.63
2014-05-10,19.4,8.45,13.1,1.21,0.46,10.56,10.29
2014-05-11,20.22,9.13,13.57,0.62,0.46,10.03,11.9
2014-05-12,20.91,7.43,13.12,0.0,0.46,7.7,11.92
2014-05-13,20.04,7.42,12.39,0.03,0.45,6.22,12.51
2014-05-14,22.83,8.75,14.76,0.01,0.45,4.5,11.48
2014-05-15,23.98,11.7,16.94,0.0,0.45,8.04,11.56
2014-05-16,24.21,13.19,17.99,0.03,0.45,8.66,10.4
2014-05-17,23.77,13.97,17.85,0.01,0.45,9.71,5.92
2014-05-18,24.55,13.78,17.49,0.04,0.45,11.42,7.03
2014-05-19,20.24,12.54,15.54,0.1,0.45,11.69,8.56
2014-05-20,21.39,10.55,14.69,0.11,0.45,11.98,7.75
2014-05-21,24.96,10.11,16.5,0.04,0.44,11.33,11.38
2014-05-22,22.21,15.33,17.6,2.32,0.44,12.1,4.65
2014-05-23,20.39,12.06,15.87,0.75,0.45,13.02,6.97
2014-05-24,21.46,10.03,15.19,0.81,0.45,11.21,10.53
2014-05-25,19.46,12.61,15.36,0.42,0.45,10.86,8.64
2014-05-26,18.66,13.84,16.18,7.39,0.46,12.46,4.47
2014-05-27,17.74,11.95,14.0,4.63,0.47,11.52,6.83
2014-05-28,17.81,10.22,13.36,1.69,0.47,10.45,8.92
2014-05-29,18.98,9.07,13.23,0.06,0.47,8.94,10.04
2014-05-30,17.63,7.98,12.12,0.1,0.47,7.12,7.76
2014-05-31,15.4,6.82,10.66,2.43,0.47,7.33,2.75
2014-06-01,16.82,6.99,10.76,4.04,0.47,8.96,2.93
2014-06-02,17.97,5.73,10.8,0.35,0.47,7.58,5.69
2014-06-03,17.53,8.09,11.3,0.65,0.47,9.72,7.41
2014-06-04,17.11,8.58,11.58,2.67,0.47,10.7,5.74
2014-06-05,15.88,6.33,10.03,0.1,0.48,7.34,9.01
2014-06-06,16.4,5.23,9.87,0.12,0.48,8.33,8.0
2014-06-07,17.27,7.68,11.75,0.82,0.48,10.29,8.32
2014-06-08,14.62,5.52,9.23,0.17,0.48,6.6,8.48
2014-06-09,13.76,2.3,7.47,0.0,0.47,2.69,8.52
2014-06-10,17.73,4.35,10.36,0.01,0.47,6.03,8.26
2014-06-11,15.59,8.56,11.18,0.0,0.47,6.97,5.95
2014-06-12,15.45,9.71,11.8,0.09,0.47,8.86,4.41
2014-06-13,14.93,7.99,10.47,0.9,0.47,6.94,6.75
2014-06-14,14.78,7.08,10.06,2.49,0.48,8.41,5.71
2014-06-15,13.5,6.46,9.72,1.26,0.48,9.11,7.53
2014-06-16,16.14,9.74,12.14,3.39,0.48,9.86,7.42
2014-06-17,15.5,8.34,11.59,0.13,0.48,7.71,4.96
2014-06-18,15.11,4.0,8.89,0.02,0.48,6.33,7.71
2014-06-19,13.63,6.56,8.93,0.02,0.48,6.0,4.22
2014-06-20,16.27,6.37,10.5,3.85,0.48,8.7,7.75
2014-06-21,15.93,9.18,11.81,4.17,0.49,10.58,8.07
2014-06-22,15.03,8.02,11.75,0.29,0.49,8.44,6.4
2014-06-23,12.64,6.88,9.68,14.96,0.5,6.06,5.14
2014-06-24,14.23,7.4,11.3,9.11,0.53,8.56,8.35
2014-06-25,14.19,10.23,12.37,4.49,0.53,9.45,8.14
2014-06-26,15.76,8.53,12.28,1.86,0.53,9.44,7.84
2014-06-27,16.7,7.08,10.75,2.85,0.53,6.13,8.84
2014-06-28,9.8,8.45,9.13,15.73,0.55,7.34,5.81
2014-06-29,11.29,5.67,8.14,2.34,0.56,5.85,7.71
2014-06-30,13.72,5.59,9.37,2.28,0.56,7.99,7.11
2014-07-01,14.8,7.68,10.45,0.26,0.56,8.53,5.52
2014-07-02,15.35,6.75,10.21,0.06,0.56,8.14,8.89
2014-07-03,15.0,4.95,8.87,0.0,0.55,4.42,10.66
2014-07-04,13.85,5.89,9.54,3.21,0.55,7.22,8.27
2014-07-05,11.7,8.3,9.82,1.28,0.56,7.81,7.41
2014-07-06,12.84,6.96,9.83,2.07,0.56,8.07,8.19
2014-07-07,15.58,5.94,9.94,0.01,0.56,6.62,6.75
2014-07-08,15.14,7.66,10.63,4.02,0.55,4.55,5.6
2014-07-09,9.26,6.54,8.03,10.65,0.57,7.01,3.81
2014-07-10,12.53,6.29,9.21,2.06,0.58,7.1,7.29
2014-07-11,13.41,7.3,10.37,8.4,0.58,9.14,6.87
2014-07-12,11.31,2.91,6.65,0.24,0.59,3.89,10.08
2014-07-13,12.28,2.81,6.71,0.04,0.59,3.95,9.04
2014-07-14,9.75,2.66,5.88,0.03,0.58,4.77,5.13
2014-07-15,10.75,3.43,6.93,1.77,0.58,5.05,4.77
2014-07-16,14.2,7.95,10.43,6.1,0.59,8.25,8.92
2014-07-17,9.6,3.87,7.53,8.33,0.6,5.01,7.37
2014-07-18,12.24,3.75,7.44,0.06,0.6,4.52,8.17
2014-07-19,11.75,4.99,7.73,0.12,0.6,6.6,8.47
2014-07-20,12.48,4.95,7.49,0.0,0.6,5.64,8.78
2014-07-21,13.66,4.52,7.71,0.07,0.6,5.09,8.22
2014-07-22,15.09,2.49,7.47,0.01,0.59,4.1,11.71
2014-07-23,13.29,4.75,8.25,4.3,0.59,4.52,8.56
2014-07-24,12.77,8.26,10.04,6.46,0.6,8.86,5.32
2014-07-25,14.55,7.44,10.52,1.64,0.61,9.51,7.62
2014-07-26,14.83,5.98,10.16,0.27,0.61,8.68,10.52
2014-07-27,16.59,4.82,9.88,0.0,0.6,6.97,8.18
2014-07-28,15.78,5.69,10.2,0.34,0.6,7.86,11.53
2014-07-29,16.27,8.54,12.43,3.01,0.6,10.86,5.44
2014-07-30,16.57,10.77,13.03,1.54,0.6,11.18,7.02
2014-07-31,14.33,6.47,10.08,12.68,0.61,6.79,5.02
2014-08-01,10.15,2.85,6.99,5.55,0.63,3.5,10.02
2014-08-02,11.87,1.82,6.18,0.08,0.62,1.29,12.19
2014-08-03,12.41,0.24,6.09,0.0,0.62,0.15,12.72
2014-08-04,12.87,0.47,5.94,0.15,0.62,0.94,13.56
2014-08-05,14.14,3.66,8.18,0.53,0.62,6.73,9.21
2014-08-06,13.45,4.95,8.91,0.89,0.62,8.27,7.68
2014-08-07,14.78,7.92,11.26,0.31,0.62,8.38,6.8
2014-08-08,15.24,3.99,9.55,0.0,0.61,5.49,11.16
2014-08-09,15.54,5.18,10.29,1.33,0.61,6.86,7.39
2014-08-10,12.32,3.49,7.9,1.07,0.61,4.97,11.62
2014-08-11,11.52,2.44,6.08,0.37,0.61,3.47,11.96
2014-08-12,11.78,0.96,5.85,0.06,0.61,3.65,10.74
2014-08-13,13.63,2.34,7.32,0.16,0.61,5.61,10.17
2014-08-14,13.66,3.86,7.94,0.19,0.61,6.09,11.81
2014-08-15,16.58,1.16,8.25,0.04,0.6,4.48,14.7
2014-08-16,13.43,5.36,8.5,0.06,0.6,5.99,12.14
2014-08-17,14.53,4.34,8.43,0.04,0.6,5.78,13.09
2014-08-18,13.34,3.05,7.68,0.03,0.6,4.28,8.33
2014-08-19,13.19,2.23,7.73,0.05,0.59,5.2,8.79
2014-08-20,12.99,4.06,8.0,0.01,0.59,5.64,8.73
2014-08-21,15.38,4.21,9.28,0.0,0.59,5.07,15.11
2014-08-22,18.64,6.38,11.41,0.03,0.59,6.2,14.8
2014-08-23,17.56,7.03,10.7,1.05,0.58,7.26,9.06
2014-08-24,15.44,6.19,9.9,0.08,0.58,7.08,11.56
2014-08-25,16.26,3.59,9.57,0.02,0.58,7.25,12.97
2014-08-26,17.03,5.73,10.62,0.13,0.57,7.47,17.14
2014-08-27,19.72,5.1,11.69,0.01,0.57,7.68,16.76
2014-08-28,20.35,5.8,12.59,0.0,0.57,8.01,17.09
2014-08-29,21.08,7.37,13.39,0.02,0.56,8.62,17.14
2014-08-30,21.99,6.83,14.09,0.0,0.56,8.56,17.43
2014-08-31,21.4,10.36,14.39,0.11,0.55,7.43,9.7
2014-09-01,14.67,7.57,10.97,5.95,0.56,8.21,12.96
2014-09-02,13.98,3.91,8.85,1.72,0.56,5.98,16.67
2014-09-03,13.19,3.34,7.83,0.04,0.56,3.72,11.66
2014-09-04,15.72,4.95,9.3,0.02,0.56,4.29,14.74
2014-09-05,16.92,3.71,9.58,0.0,0.55,5.64,18.36
2014-09-06,19.0,4.0,10.84,0.0,0.55,4.73,19.26
2014-09-07,20.64,5.66,13.06,0.0,0.54,5.36,19.47
2014-09-08,20.44,9.96,15.83,1.88,0.54,8.0,13.29
2014-09-09,18.15,9.58,13.28,1.1,0.53,8.52,18.57
2014-09-10,17.24,9.65,13.03,1.49,0.53,9.39,13.87
2014-09-11,14.93,5.18,10.69,1.66,0.53,6.31,16.23
2014-09-12,16.59,5.41,10.12,0.02,0.53,5.73,14.14
2014-09-13,19.17,4.11,11.06,0.0,0.53,5.78,20.1
2014-09-14,19.62,6.04,12.77,0.13,0.52,6.85,15.76
2014-09-15,19.39,9.47,13.69,0.01,0.52,8.8,13.84
2014-09-16,17.03,8.41,12.08,0.46,0.52,7.36,16.88
2014-09-17,15.59,5.88,10.72,0.87,0.51,5.34,15.39
2014-09-18,15.12,5.86,9.86,0.67,0.51,5.12,15.04
2014-09-19,17.17,3.45,9.8,0.0,0.51,4.43,20.27
2014-09-20,18.61,3.72,10.71,0.0,0.51,4.84,22.06
2014-09-21,20.31,4.69,11.81,0.0,0.5,5.53,22.37
2014-09-22,24.33,5.79,14.62,0.0,0.5,3.75,22.94
2014-09-23,25.28,8.78,17.19,1.28,0.49,7.15,20.48
2014-09-24,20.19,10.63,15.38,1.98,0.49,12.14,10.19
2014-09-25,18.25,9.31,12.71,0.16,0.49,8.77,12.1
2014-09-26,19.05,9.05,13.59,0.91,0.49,9.98,15.43
2014-09-27,27.66,8.91,18.04,0.0,0.49,8.94,22.51
2014-09-28,28.31,11.18,18.57,0.01,0.48,8.1,16.14
2014-09-29,21.8,9.23,15.07,0.07,0.48,9.83,20.92
2014-09-30,18.44,7.78,13.04,2.25,0.48,7.73,17.23
2014-10-01,18.09,5.34,11.16,0.04,0.48,4.65,17.96
2014-10-02,18.16,6.14,11.67,0.0,0.47,8.0,15.22
2014-10-03,23.33,5.93,14.06,0.0,0.47,6.95,24.28
2014-10-04,29.44,9.86,17.97,0.0,0.47,7.18,23.31
2014-10-05,23.16,10.75,15.98,0.0,0.46,7.67,24.46
2014-10-06,27.42,12.31,19.05,0.75,0.46,9.27,5.83
2014-10-07,17.78,8.59,13.22,0.14,0.46,5.16,16.69
2014-10-08,20.85,8.43,13.56,0.15,0.46,7.77,17.78
2014-10-09,26.44,5.76,16.72,0.0,0.45,5.95,25.68
2014-10-10,29.68,11.33,19.12,0.01,0.45,5.66,23.39
2014-10-11,22.95,8.91,14.73,0.0,0.45,7.21,25.59
2014-10-12,23.32,7.76,14.03,0.33,0.44,8.25,23.65
2014-10-13,14.26,5.64,10.1,1.54,0.44,3.05,21.62
2014-10-14,17.98,6.02,11.28,0.09,0.44,3.09,16.75
2014-10-15,19.08,4.2,11.58,0.01,0.44,4.41,19.08
2014-10-16,16.8,6.43,11.87,1.23,0.44,6.57,18.64
2014-10-17,23.61,5.35,14.47,0.0,0.44,3.46,27.28
2014-10-18,31.54,10.78,20.47,0.0,0.44,3.33,25.24
2014-10-19,29.5,11.85,19.42,0.0,0.43,5.96,22.43
2014-10-20,27.45,9.31,17.78,0.0,0.43,5.99,25.81
2014-10-21,35.08,11.8,23.06,0.0,0.43,5.52,26.3
2014-10-22,36.53,13.63,24.99,0.0,0.42,8.38,26.48
2014-10-23,30.51,11.52,20.11,0.0,0.42,10.43,25.89
2014-10-24,29.3,11.79,19.8,0.0,0.42,10.21,25.33
2014-10-25,27.67,12.04,18.69,0.0,0.42,9.92,26.37
2014-10-26,27.74,11.26,19.9,1.58,0.42,12.05,15.54
2014-10-27,18.84,10.92,14.57,0.5,0.42,6.2,23.36
2014-10-28,20.31,10.97,15.42,0.38,0.41,8.28,20.02
2014-10-29,24.62,10.33,16.1,0.05,0.41,8.72,21.93
2014-10-30,26.25,9.26,17.12,0.0,0.41,7.28,26.15
2014-10-31,35.22,13.61,21.8,1.72,0.41,6.75,24.18
2014-11-01,16.3,10.14,13.18,0.72,0.41,4.54,24.22
2014-11-02,20.52,8.87,13.97,0.24,0.41,3.77,24.83
2014-11-03,25.65,7.42,16.68,0.0,0.41,2.22,25.98
2014-11-04,24.66,10.6,17.08,0.01,0.41,5.5,25.16
2014-11-05,22.68,7.03,14.18,0.0,0.4,3.76,28.64
2014-11-06,26.33,7.43,16.81,0.0,0.4,2.51,25.95
2014-11-07,35.59,14.04,24.99,0.0,0.4,2.89,27.33
2014-11-08,24.58,9.56,17.38,0.32,0.4,7.62,18.06
2014-11-09,25.02,8.46,15.35,0.0,0.4,4.65,31.39
2014-11-10,25.22,7.87,15.97,0.0,0.4,6.41,27.22
2014-11-11,27.49,6.78,17.54,0.0,0.39,2.49,30.52
2014-11-12,33.85,12.95,23.09,0.0,0.39,1.73,30.35
2014-11-13,36.4,15.78,25.86,0.0,0.39,6.46,18.91
2014-11-14,23.59,15.45,20.11,0.1,0.39,9.33,12.76
2014-11-15,20.67,11.98,15.74,3.13,0.39,8.3,14.83
2014-11-16,20.42,9.78,14.66,0.56,0.39,7.6,19.76
2014-11-17,21.59,8.83,15.58,1.29,0.39,7.78,22.83
2014-11-18,25.43,7.41,15.98,0.02,0.39,5.81,30.09
2014-11-19,33.09,8.97,21.9,0.0,0.39,4.39,30.56
2014-11-20,24.56,13.14,20.32,5.47,0.4,10.94,7.95
2014-11-21,26.8,12.19,18.81,0.25,0.4,7.12,28.76
2014-11-22,28.76,12.47,20.21,1.97,0.4,8.46,21.32
2014-11-23,28.93,10.76,19.87,0.08,0.4,8.45,26.14
2014-11-24,23.37,12.95,17.16,5.01,0.4,8.16,23.6
2014-11-25,22.49,9.89,16.14,0.08,0.4,6.0,25.38
2014-11-26,22.42,8.2,16.22,0.0,0.4,7.81,20.88
2014-11-27,28.01,8.79,18.18,0.0,0.4,3.18,33.77
2014-11-28,30.91,9.16,20.16,0.0,0.39,3.3,32.94
2014-11-29,35.2,11.95,24.27,0.02,0.39,2.91,31.88
2014-11-30,38.99,16.48,25.76,0.01,0.39,7.46,28.87
2014-12-01,26.38,14.47,19.74,0.0,0.39,12.04,13.39
2014-12-02,29.3,13.29,20.68,0.0,0.39,8.4,26.87
2014-12-03,32.22,16.79,23.2,4.87,0.39,12.37,24.03
2014-12-04,27.89,14.9,20.84,0.04,0.39,13.62,30.22
2014-12-05,25.41,14.29,19.16,1.65,0.39,12.47,18.57
2014-12-06,25.79,12.54,18.91,0.07,0.39,10.8,23.86
2014-12-07,24.23,13.18,19.44,0.38,0.39,11.24,19.01
2014-12-08,29.81,12.5,20.89,0.0,0.39,9.0,31.83
2014-12-09,31.89,12.16,22.26,0.0,0.39,8.58,31.1
2014-12-10,29.04,15.14,22.01,0.58,0.39,9.12,13.06
2014-12-11,28.72,13.18,20.22,0.01,0.38,6.5,34.05
2014-12-12,32.38,10.68,22.58,0.0,0.38,6.5,33.93
2014-12-13,35.84,16.33,26.04,0.0,0.38,4.45,33.6
2014-12-14,32.49,14.08,22.56,0.1,0.38,8.38,33.33
2014-12-15,33.18,11.86,21.78,0.0,0.38,6.55,33.06
2014-12-16,25.15,10.94,16.75,0.29,0.38,7.71,28.0
2014-12-17,24.45,10.14,17.02,0.0,0.38,4.05,30.48
2014-12-18,21.73,10.08,16.29,0.99,0.38,6.65,22.71
2014-12-19,25.37,12.47,18.04,0.0,0.38,5.54,31.85
2014-12-20,30.28,10.45,20.48,0.0,0.38,7.64,33.53
2014-12-21,36.58,15.45,27.16,0.0,0.38,6.36,30.58
2014-12-22,30.68,18.39,24.14,0.45,0.38,11.26,11.56
2014-12-23,25.29,12.32,19.42,0.01,0.38,9.43,18.38
2014-12-24,27.52,9.9,18.36,0.0,0.38,5.71,32.72
2014-12-25,23.61,10.92,16.07,0.18,0.38,6.89,22.97
2014-12-26,24.08,11.07,16.83,0.01,0.38,3.09,32.18
2014-12-27,28.6,8.62,18.8,0.0,0.38,2.98,34.12
2014-12-28,31.68,11.53,21.48,0.0,0.38,6.12,33.99
2014-12-29,21.7,14.18,17.36,2.61,0.38,8.38,25.47
2014-12-30,24.29,11.38,18.02,0.74,0.38,8.53,27.01
2014-12-31,29.3,9.94,19.19,0.0,0.38,6.08,31.68
2015-01-01,33.83,14.84,23.99,0.0,0.38,6.31,28.52
2015-01-02,42.94,20.89,31.79,0.0,0.38,2.09,30.85
2015-01-03,42.06,19.85,29.54,0.35,0.38,6.5,18.74
2015-01-04,32.89,15.23,23.48,0.0,0.38,3.65,34.46
2015-01-05,34.76,13.71,24.81,0.0,0.38,6.32,33.02
2015-01-06,39.02,16.57,28.6,0.0,0.38,7.91,32.18
2015-01-07,43.24,24.36,32.93,1.38,0.38,13.31,24.16
2015-01-08,27.11,18.2,23.51,10.47,0.4,18.28,13.45
2015-01-09,22.28,14.57,18.23,3.79,0.4,12.15,8.68
2015-01-10,25.01,13.67,18.77,0.82,0.4,10.38,12.83
2015-01-11,32.53,14.61,23.43,0.02,0.4,12.69,25.46
2015-01-12,33.8,17.48,25.58,6.73,0.4,16.01,21.96
2015-01-13,24.38,17.27,21.09,22.6,0.45,17.27,10.19
2015-01-14,23.15,14.0,18.84,0.74,0.45,13.23,18.12
2015-01-15,24.3,11.6,17.59,0.18,0.44,10.07,21.39
2015-01-16,24.64,10.06,17.59,0.07,0.44,10.75,29.94
2015-01-17,24.28,15.59,18.87,0.05,0.44,8.7,28.11
2015-01-18,25.34,12.95,18.92,0.01,0.43,7.44,25.6
2015-01-19,28.34,10.27,19.83,0.0,0.43,6.53,30.73
2015-01-20,26.89,17.62,21.78,0.06,0.43,10.45,10.97
2015-01-21,32.95,16.86,24.02,0.01,0.42,14.24,29.77
2015-01-22,35.83,14.48,24.09,0.0,0.42,13.24,29.9
2015-01-23,27.66,13.92,20.32,0.04,0.42,11.08,29.15
2015-01-24,26.08,11.74,18.55,1.4,0.42,10.57,30.41
2015-01-25,21.5,12.09,16.36,0.17,0.42,5.48,23.94
2015-01-26,24.43,9.81,16.88,0.08,0.41,5.01,26.61
2015-01-27,25.3,9.22,17.34,0.02,0.41,6.06,28.79
2015-01-28,28.74,10.97,19.86,0.0,0.41,6.33,32.24
2015-01-29,29.41,11.46,20.28,0.0,0.41,5.94,32.14
2015-01-30,27.22,11.09,18.88,0.0,0.4,5.34,31.9
2015-01-31,25.93,11.3,18.04,0.0,0.4,8.93,25.24
2015-02-01,25.54,13.45,17.95,0.02,0.4,7.83,23.66
2015-02-02,26.94,11.49,18.58,0.0,0.4,7.76,30.87
2015-02-03,29.45,9.98,18.84,0.0,0.4,7.43,30.59
2015-02-04,26.75,10.88,17.91,0.0,0.4,7.46,27.84
2015-02-05,31.25,9.98,21.02,0.0,0.39,7.77,30.41
2015-02-06,37.82,15.89,28.01,0.0,0.39,8.32,27.0
2015-02-07,39.33,19.54,29.81,0.0,0.39,11.11,22.94
2015-02-08,31.87,15.58,22.57,0.34,0.39,10.7,29.55
2015-02-09,30.79,11.83,20.93,0.01,0.39,4.07,30.85
2015-02-10,34.81,12.06,23.67,0.0,0.39,6.71,29.82
2015-02-11,34.75,18.09,24.68,0.02,0.38,9.37,18.49
2015-02-12,33.81,15.46,24.08,0.0,0.38,9.98,27.55
2015-02-13,33.01,20.68,26.27,0.68,0.38,13.17,12.97
2015-02-14,38.04,20.09,28.94,0.0,0.38,11.79,27.29
2015-02-15,39.54,17.15,26.77,0.01,0.38,11.8,17.66
2015-02-16,28.05,14.77,20.33,0.0,0.38,12.09,23.36
2015-02-17,30.24,13.2,21.14,0.0,0.38,10.32,27.59
2015-02-18,31.62,13.91,22.64,0.0,0.38,9.18,28.33
2015-02-19,35.24,16.37,25.87,0.0,0.38,8.12,28.25
2015-02-20,37.63,19.48,28.65,0.0,0.38,8.19,26.53
2015-02-21,39.49,21.36,30.35,0.02,0.38,11.09,22.6
2015-02-22,39.96,24.98,31.23,0.11,0.38,10.22,18.78
2015-02-23,27.71,13.44,21.46,1.34,0.38,9.63,26.3
2015-02-24,27.3,11.89,18.83,0.0,0.38,3.96,28.02
2015-02-25,28.7,11.49,19.58,0.0,0.38,6.32,27.39
2015-02-26,30.75,13.76,21.32,0.0,0.38,11.07,24.95
2015-02-27,33.0,15.83,23.94,0.15,0.38,13.77,22.07
2015-02-28,34.58,14.72,24.63,2.76,0.38,12.55,20.34
2015-03-01,26.62,14.36,19.51,0.06,0.38,7.55,24.28
2015-03-02,26.82,13.36,19.11,0.0,0.38,7.0,19.85
2015-03-03,25.5,12.78,18.59,0.0,0.38,7.63,25.85
2015-03-04,23.98,11.76,17.2,0.57,0.38,11.08,15.98
2015-03-05,23.98,11.42,16.59,0.02,0.38,4.34,26.02
2015-03-06,21.36,12.84,16.88,0.22,0.38,11.12,11.92
2015-03-07,25.58,13.6,18.31,0.14,0.38,12.11,16.0
2015-03-08,25.33,12.9,17.95,0.36,0.38,11.87,16.34
2015-03-09,24.48,11.46,17.88,1.38,0.38,11.06,17.72
2015-03-10,24.06,8.73,15.94,0.0,0.38,5.52,25.14
2015-03-11,25.25,9.75,16.99,0.01,0.38,9.82,24.07
2015-03-12,25.0,11.63,17.42,0.03,0.38,8.61,20.8
2015-03-13,26.49,8.46,16.99,0.0,0.38,4.14,24.73
2015-03-14,28.56,11.64,18.84,0.02,0.38,5.46,22.08
2015-03-15,25.2,11.7,17.82,0.07,0.38,5.44,24.16
2015-03-16,30.99,11.38,21.5,0.0,0.38,3.44,16.75
2015-03-17,28.96,17.15,22.41,1.36,0.38,10.55,16.48
2015-03-18,27.0,16.29,20.81,0.9,0.38,12.2,18.56
2015-03-19,27.64,14.36,20.9,0.05,0.38,9.76,19.87
2015-03-20,22.85,11.04,17.04,0.03,0.38,5.03,20.89
2015-03-21,24.55,8.56,16.12,0.0,0.38,3.07,23.42
2015-03-22,30.35,9.14,20.28,0.01,0.38,1.5,22.71
2015-03-23,22.94,11.51,18.59,0.49,0.38,9.19,15.01
2015-03-24,20.96,9.47,14.26,0.17,0.38,4.92,11.98
2015-03-25,20.9,8.26,13.59,3.22,0.38,5.04,15.38
2015-03-26,16.38,10.3,13.1,0.64,0.39,5.84,13.8
2015-03-27,17.59,9.2,13.48,0.43,0.39,8.0,11.5
2015-03-28,23.01,7.66,14.89,0.0,0.39,7.46,15.27
2015-03-29,26.5,11.77,18.09,0.0,0.39,7.03,19.74
2015-03-30,25.71,11.27,17.62,0.0,0.38,9.69,19.45
2015-03-31,30.08,10.49,20.5,0.02,0.38,6.6,20.48
2015-04-01,29.23,14.19,20.85,3.61,0.38,6.44,9.37
2015-04-02,21.42,9.33,14.6,0.01,0.39,3.92,20.4
2015-04-03,21.37,6.45,13.41,0.0,0.39,2.28,20.46
2015-04-04,22.92,6.88,14.31,0.0,0.39,5.29,19.05
2015-04-05,20.02,8.42,13.09,0.41,0.39,8.03,13.69
2015-04-06,13.86,8.17,11.42,13.18,0.4,8.8,10.71
2015-04-07,17.81,9.58,12.8,1.04,0.41,7.22,11.5
2015-04-08,19.08,9.29,13.47,0.18,0.41,8.24,11.87
2015-04-09,20.89,7.55,13.67,0.0,0.41,7.88,11.26
2015-04-10,22.19,7.77,14.69,0.0,0.41,7.76,18.32
2015-04-11,24.03,8.58,15.24,0.01,0.41,7.0,13.75
2015-04-12,19.82,10.55,14.62,0.02,0.4,8.21,8.86
2015-04-13,24.95,9.48,16.68,0.1,0.4,7.75,12.5
2015-04-14,28.88,14.18,20.73,0.79,0.4,11.41,11.41
2015-04-15,24.61,12.44,17.73,0.02,0.4,12.88,14.46
2015-04-16,17.66,11.97,14.35,0.53,0.4,10.63,7.88
2015-04-17,16.13,9.9,13.04,2.42,0.4,9.57,5.78
2015-04-18,18.91,8.47,12.67,2.88,0.41,9.24,9.95
2015-04-19,16.94,6.26,11.03,0.11,0.41,1.5,15.58
2015-04-20,18.19,4.32,10.68,0.06,0.41,3.22,12.48
2015-04-21,20.14,6.07,12.36,0.0,0.41,5.7,15.78
2015-04-22,22.15,6.94,14.07,0.0,0.41,7.84,15.9
2015-04-23,19.04,9.53,14.18,0.0,0.41,10.66,7.84
2015-04-24,18.59,7.44,12.61,4.86,0.41,9.07,7.37
2015-04-25,16.18,5.46,10.89,1.24,0.41,7.08,10.54
2015-04-26,16.73,8.36,11.79,0.42,0.42,7.63,9.08
2015-04-27,17.14,7.7,11.93,0.53,0.41,8.56,10.34
2015-04-28,17.72,7.4,11.53,0.13,0.41,6.77,11.21
2015-04-29,17.68,7.1,11.2,0.01,0.41,5.85,8.78
2015-04-30,21.44,6.37,12.82,0.07,0.41,6.2,14.96
2015-05-01,23.35,8.57,15.8,0.01,0.41,8.13,13.16
2015-05-02,20.47,10.51,15.52,0.12,0.41,10.24,11.74
2015-05-03,20.33,10.02,14.4,0.05,0.41,9.27,9.9
2015-05-04,25.3,10.2,17.38,1.95,0.41,6.74,10.25
2015-05-05,15.28,10.05,12.71,3.47,0.42,6.1,11.41
2015-05-06,15.76,10.08,12.37,3.19,0.42,7.09,9.56
2015-05-07,15.84,8.78,11.65,1.03,0.42,6.58,9.97
2015-05-08,15.02,10.6,12.8,1.69,0.42,9.87,8.79
2015-05-09,18.26,11.56,14.52,3.46,0.42,10.93,8.74
2015-05-10,16.27,12.16,14.03,8.49,0.44,10.72,10.0
2015-05-11,16.69,13.18,14.3,2.31,0.44,11.82,10.06
2015-05-12,14.88,7.44,12.09,2.8,0.44,6.12,8.59
2015-05-13,13.92,4.95,9.33,1.03,0.45,4.33,9.94
2015-05-14,15.13,7.74,10.8,1.03,0.44,8.55,9.23
2015-05-15,17.11,6.44,10.86,0.22,0.44,7.97,6.91
2015-05-16,17.22,5.86,10.52,0.01,0.44,6.33,10.48
2015-05-17,21.49,4.76,12.25,0.0,0.44,5.37,12.73
2015-05-18,22.0,7.83,14.2,0.22,0.44,7.86,10.06
2015-05-19,20.51,11.71,15.04,13.27,0.47,11.06,10.18
2015-05-20,15.02,8.31,11.66,3.33,0.47,8.33,7.01
2015-05-21,14.09,6.42,9.68,0.81,0.47,6.82,9.39
2015-05-22,16.21,5.59,10.24,0.05,0.47,6.76,10.13
2015-05-23,15.25,4.84,9.2,0.03,0.46,4.92,10.81
2015-05-24,15.41,4.36,9.28,0.02,0.46,4.39,9.34
2015-05-25,19.74,6.45,11.91,0.0,0.46,5.98,11.16
2015-05-26,18.64,8.39,12.87,0.01,0.46,7.22,8.33
2015-05-27,20.24,9.49,13.67,0.04,0.46,9.2,9.96
2015-05-28,18.17,8.5,12.66,2.74,0.46,9.2,8.9
2015-05-29,13.67,8.06,10.5,2.24,0.47,8.12,8.51
2015-05-30,14.78,9.46,11.62,1.83,0.47,9.19,9.2
2015-05-31,14.93,5.07,10.83,5.72,0.48,8.03,7.19
2015-06-01,12.5,3.4,7.08,0.19,0.48,1.71,9.07
2015-06-02,12.49,3.23,6.63,0.05,0.48,2.17,9.13
2015-06-03,13.11,1.3,6.26,0.02,0.47,1.76,10.3
2015-06-04,13.94,4.25,8.71,8.07,0.48,5.31,5.53
2015-06-05,16.66,7.72,11.63,0.42,0.49,8.51,7.67
2015-06-06,18.51,8.68,12.43,0.48,0.49,8.87,8.65
2015-06-07,18.92,9.14,12.6,0.01,0.48,7.27,8.69
2015-06-08,17.2,7.82,12.43,1.88,0.48,10.01,6.07
2015-06-09,14.38,4.44,9.38,0.73,0.48,4.99,8.75
2015-06-10,13.17,2.6,7.09,0.03,0.48,3.87,7.14
2015-06-11,14.57,3.71,7.77,0.03,0.48,4.18,10.7
2015-06-12,16.54,4.26,9.57,0.0,0.48,5.97,9.99
2015-06-13,19.1,10.61,13.3,0.01,0.48,8.7,5.0
2015-06-14,18.53,7.59,12.05,0.32,0.48,8.18,6.5
2015-06-15,12.83,9.12,10.99,2.12,0.48,10.31,3.57
2015-06-16,16.37,7.07,11.09,0.36,0.48,9.65,6.06
2015-06-17,15.07,6.29,10.51,1.93,0.48,9.41,6.17
2015-06-18,15.1,7.0,10.76,0.73,0.49,8.6,6.93
2015-06-19,12.73,5.18,8.04,0.13,0.49,5.42,7.49
2015-06-20,12.74,3.3,7.29,0.0,0.48,2.95,7.85
2015-06-21,12.64,0.33,5.87,0.0,0.48,0.93,9.58
2015-06-22,13.17,5.07,8.8,0.29,0.48,2.08,3.3
2015-06-23,16.87,6.27,10.91,0.85,0.48,6.23,9.26
2015-06-24,14.39,8.43,10.5,0.42,0.48,8.07,8.0
2015-06-25,15.22,7.0,9.91,0.1,0.48,7.83,6.38
2015-06-26,15.27,5.04,9.26,0.02,0.48,7.05,5.71
2015-06-27,14.43,4.66,8.92,0.06,0.48,6.6,6.2
2015-06-28,16.08,5.69,10.67,0.0,0.48,8.18,5.98
2015-06-29,14.99,4.5,9.43,0.18,0.48,6.17,7.84
2015-06-30,13.74,6.58,9.43,0.44,0.48,6.47,6.28
2015-07-01,12.93,5.24,8.64,0.26,0.48,6.72,5.92
2015-07-02,13.52,2.94,8.92,0.47,0.48,4.4,8.05
2015-07-03,10.16,-0.05,5.27,0.01,0.48,1.53,7.27
2015-07-04,13.96,5.15,8.3,0.03,0.48,5.12,5.43
2015-07-05,16.83,4.42,9.64,0.0,0.48,4.79,7.57
2015-07-06,14.6,7.8,9.94,0.8,0.47,7.14,7.93
2015-07-07,15.19,7.78,10.77,0.31,0.48,8.24,6.31
2015-07-08,15.09,6.54,10.46,0.03,0.47,7.28,6.5
2015-07-09,17.32,8.4,11.7,0.0,0.47,4.37,5.86
2015-07-10,14.35,5.84,9.26,0.36,0.47,5.94,7.1
2015-07-11,10.82,6.78,8.32,3.56,0.48,4.98,6.83
2015-07-12,12.58,6.63,9.24,1.1,0.48,5.9,8.94
2015-07-13,13.99,6.83,9.37,0.35,0.48,6.31,7.98
2015-07-14,11.33,4.57,7.52,1.32,0.48,4.02,6.1
2015-07-15,11.92,3.6,7.23,1.99,0.48,5.13,8.5
2015-07-16,11.86,4.82,7.82,0.09,0.48,5.46,8.54
2015-07-17,11.8,5.37,7.93,0.2,0.48,5.9,8.67
2015-07-18,11.99,3.32,6.76,0.01,0.48,2.62,7.4
2015-07-19,12.02,-0.16,5.65,0.0,0.48,0.98,9.59
2015-07-20,13.18,-0.63,5.66,0.0,0.48,0.17,11.96
2015-07-21,13.99,3.15,9.27,0.0,0.48,3.2,4.59
2015-07-22,14.97,6.09,10.13,0.0,0.47,5.15,9.78
2015-07-23,16.27,2.77,9.04,0.02,0.47,3.8,11.68
2015-07-24,14.07,5.92,9.37,4.96,0.47,7.02,7.81
2015-07-25,14.63,6.78,10.65,2.79,0.48,6.07,8.81
2015-07-26,10.73,4.45,7.78,0.89,0.48,1.77,10.58
2015-07-27,12.11,4.01,7.79,0.83,0.48,5.44,10.21
2015-07-28,14.09,6.09,9.39,0.17,0.48,6.48,9.38
2015-07-29,12.35,5.47,7.89,0.0,0.48,2.73,5.04
2015-07-30,13.45,3.14,7.71,0.68,0.48,3.7,4.99
2015-07-31,13.11,2.42,7.98,0.0,0.48,2.93,11.41
2015-08-01,11.11,6.52,8.7,0.08,0.48,3.97,6.33
2015-08-02,12.53,6.15,9.36,0.75,0.48,5.62,10.88
2015-08-03,11.64,4.38,8.44,0.57,0.48,3.41,10.64
2015-08-04,12.23,3.96,8.24,0.44,0.48,5.13,9.99
2015-08-05,11.01,6.71,8.84,0.63,0.48,5.87,10.22
2015-08-06,12.15,6.31,9.1,0.15,0.48,7.1,9.89
2015-08-07,14.6,7.38,10.1,0.04,0.48,8.21,9.96
2015-08-08,14.23,7.18,10.17,0.01,0.48,6.16,10.03
2015-08-09,17.23,5.35,11.05,0.05,0.47,2.94,12.18
2015-08-10,13.99,7.88,10.31,1.45,0.47,5.91,11.29
2015-08-11,16.12,6.74,9.98,1.85,0.47,5.15,9.78
2015-08-12,13.73,6.91,9.5,0.23,0.47,5.3,12.66
2015-08-13,15.02,7.74,10.89,0.49,0.47,8.55,11.37
2015-08-14,15.03,6.73,10.94,0.55,0.47,9.57,8.44
2015-08-15,16.64,6.45,9.9,0.1,0.47,7.29,10.62
2015-08-16,16.79,6.24,10.48,0.1,0.47,7.89,10.54
2015-08-17,13.4,3.72,9.48,0.19,0.47,5.17,11.22
2015-08-18,13.45,2.92,7.43,0.03,0.47,2.1,10.22
2015-08-19,16.29,2.43,9.32,0.01,0.47,1.72,11.82
2015-08-20,21.69,7.49,14.72,0.44,0.47,4.57,12.74
2015-08-21,19.25,9.34,14.21,1.34,0.46,7.55,7.45
2015-08-22,16.41,6.67,11.17,0.79,0.46,8.82,11.37
2015-08-23,16.41,5.63,10.23,1.48,0.46,7.05,12.39
2015-08-24,13.47,5.37,8.3,0.71,0.46,2.91,15.1
2015-08-25,15.44,3.79,9.01,0.03,0.46,1.99,15.99
2015-08-26,16.55,5.3,10.61,0.0,0.46,4.34,11.53
2015-08-27,15.46,6.5,9.86,0.5,0.46,6.25,11.5
2015-08-28,15.27,5.95,9.58,0.51,0.46,5.94,11.22
2015-08-29,14.55,2.96,8.0,0.03,0.46,0.86,17.67
2015-08-30,15.47,1.76,8.11,0.01,0.46,4.35,11.92
2015-08-31,16.96,2.6,9.05,0.0,0.46,3.6,17.49
2015-09-01,21.11,4.69,12.6,0.0,0.46,3.82,13.09
2015-09-02,12.51,5.58,9.74,6.28,0.46,6.33,7.79
2015-09-03,16.69,5.32,10.78,0.57,0.47,7.37,10.12
2015-09-04,16.01,2.61,8.57,0.0,0.46,4.15,16.47
2015-09-05,16.99,3.22,10.13,0.0,0.46,4.35,13.89
2015-09-06,16.95,8.82,11.42,2.33,0.46,5.16,8.59
2015-09-07,14.28,6.86,10.15,0.53,0.46,4.55,15.15
2015-09-08,15.06,9.98,11.86,0.34,0.46,9.52,15.21
2015-09-09,17.91,5.87,11.83,0.06,0.46,7.35,10.45
2015-09-10,18.94,5.37,11.29,0.0,0.46,4.99,19.51
2015-09-11,23.54,6.61,14.57,0.0,0.46,5.06,18.23
2015-09-12,26.38,11.48,17.46,0.0,0.45,6.1,18.8
2015-09-13,28.01,12.21,19.18,0.0,0.45,3.5,19.73
2015-09-14,24.22,10.97,16.49,0.87,0.45,6.87,14.76
2015-09-15,17.7,6.08,11.72,0.28,0.45,5.88,14.92
2015-09-16,17.59,4.33,10.8,0.13,0.44,5.24,13.88
2015-09-17,17.98,5.73,11.0,0.05,0.44,6.77,13.7
2015-09-18,17.61,7.22,11.73,0.0,0.44,7.93,11.34
2015-09-19,21.43,6.36,13.01,0.0,0.44,6.83,16.88
2015-09-20,24.76,6.73,15.28,0.02,0.44,5.06,20.12
2015-09-21,15.84,8.83,11.97,0.6,0.44,6.04,14.49
2015-09-22,16.37,4.52,9.8,0.01,0.44,1.79,18.04
2015-09-23,17.71,2.4,9.81,0.0,0.43,2.02,18.38
2015-09-24,18.12,3.55,10.59,0.0,0.43,3.79,18.26
2015-09-25,20.41,4.5,11.88,0.0,0.43,3.14,22.94
2015-09-26,22.97,4.49,13.29,0.0,0.43,3.34,23.39
2015-09-27,25.03,5.91,14.75,0.0,0.43,2.52,23.59
2015-09-28,19.57,5.7,11.99,0.0,0.43,4.11,18.46
2015-09-29,17.42,6.35,11.49,0.0,0.42,5.61,12.93
2015-09-30,20.9,6.02,12.77,0.0,0.42,3.83,23.34
2015-10-01,24.65,7.25,15.09,0.0,0.42,4.11,22.9
2015-10-02,30.76,8.29,18.98,0.0,0.42,5.99,23.17
2015-10-03,33.6,14.4,22.65,0.0,0.42,2.15,23.85
2015-10-04,30.77,12.88,19.9,0.0,0.41,7.09,21.55
2015-10-05,36.48,13.25,24.07,0.0,0.41,4.38,22.99
2015-10-06,22.82,9.34,16.99,0.0,0.41,5.67,17.36
2015-10-07,21.08,6.23,13.43,0.0,0.41,2.13,25.38
2015-10-08,25.6,6.51,16.17,0.0,0.41,3.55,22.96
2015-10-09,34.26,14.68,24.28,0.0,0.4,6.6,21.1
2015-10-10,30.13,15.86,22.06,0.0,0.4,9.57,15.51
2015-10-11,26.95,10.57,17.63,0.25,0.4,10.06,18.43
2015-10-12,21.64,8.82,14.35,0.53,0.4,6.31,17.64
2015-10-13,22.1,6.39,13.74,0.02,0.4,2.78,25.53
2015-10-14,30.05,6.4,18.72,0.0,0.4,2.7,27.09
2015-10-15,36.32,15.7,24.14,0.0,0.4,1.58,23.65
2015-10-16,25.5,12.3,18.98,0.0,0.39,8.3,17.73
2015-10-17,24.59,8.35,15.7,0.01,0.39,4.18,27.57
2015-10-18,28.15,7.88,17.75,0.01,0.39,4.13,27.47
2015-10-19,33.75,10.99,22.18,0.0,0.39,5.95,25.67
2015-10-20,28.12,13.97,21.55,1.09,0.39,9.65,11.97
2015-10-21,20.42,9.91,15.93,1.05,0.39,9.6,13.99
2015-10-22,22.49,6.92,13.97,0.01,0.39,2.6,27.22
2015-10-23,23.77,5.89,14.75,0.02,0.39,2.28,26.6
2015-10-24,30.02,8.18,19.71,0.0,0.39,4.01,22.24
2015-10-25,29.21,13.31,19.93,0.09,0.39,8.08,19.97
2015-10-26,23.61,8.94,16.36,0.02,0.39,5.02,25.05
2015-10-27,27.53,8.05,18.14,0.0,0.39,4.91,28.71
2015-10-28,29.06,13.55,20.87,0.0,0.38,6.47,17.24
2015-10-29,32.91,13.83,23.66,0.0,0.38,6.92,27.61
2015-10-30,33.12,18.71,25.05,0.64,0.38,3.84,18.7
2015-10-31,29.76,12.97,20.71,0.27,0.38,9.37,28.56
2015-11-01,26.5,11.45,17.88,0.02,0.38,10.0,22.29
2015-11-02,25.17,11.29,17.8,1.97,0.38,8.2,15.97
2015-11-03,28.67,10.87,19.6,0.53,0.38,6.27,15.62
2015-11-04,22.89,16.13,19.0,2.22,0.39,12.49,11.4
2015-11-05,24.32,14.15,18.64,10.71,0.41,15.38,7.05
2015-11-06,23.55,10.02,16.38,0.1,0.41,9.61,14.69
2015-11-07,26.68,9.5,17.81,0.0,0.4,5.79,27.8
2015-11-08,34.33,12.2,22.89,0.0,0.4,3.16,29.92
2015-11-09,36.32,17.24,25.64,0.0,0.4,6.27,24.9
2015-11-10,21.65,11.16,17.58,0.3,0.39,10.15,12.59
2015-11-11,24.12,10.17,16.44,0.0,0.39,3.0,24.97
2015-11-12,28.47,12.03,19.32,0.23,0.39,6.05,30.52
2015-11-13,25.0,10.22,16.33,1.0,0.39,7.51,20.82
2015-11-14,24.28,7.61,15.84,0.07,0.39,6.81,21.53
2015-11-15,27.3,9.31,17.87,0.0,0.39,5.28,31.77
2015-11-16,31.63,9.83,20.92,0.0,0.39,3.42,31.57
2015-11-17,33.54,15.09,23.59,0.0,0.39,2.68,30.85
2015-11-18,39.02,13.66,26.15,0.01,0.38,6.28,27.0
2015-11-19,32.07,19.74,25.37,0.03,0.38,10.29,27.3
2015-11-20,24.46,12.59,18.54,0.34,0.38,8.45,16.06
2015-11-21,24.17,10.27,16.39,0.05,0.38,5.45,30.16
2015-11-22,23.65,8.68,15.5,0.02,0.38,7.45,22.89
2015-11-23,24.66,10.64,16.72,0.02,0.38,8.39,25.9
2015-11-24,27.2,11.33,18.22,0.0,0.38,6.11,31.39
2015-11-25,35.08,12.49,21.06,0.57,0.38,5.38,12.3
2015-11-26,18.61,7.97,13.47,0.25,0.38,0.93,31.42
2015-11-27,20.52,7.57,14.23,0.1,0.38,5.16,17.97
2015-11-28,24.25,8.82,15.72,0.0,0.38,5.84,21.71
2015-11-29,26.11,9.9,17.63,0.0,0.38,3.91,30.43
2015-11-30,33.36,12.45,20.88,0.02,0.38,7.09,24.03
2015-12-01,18.94,9.52,14.22,0.38,0.38,5.16,21.43
2015-12-02,22.22,7.62,14.68,0.0,0.38,3.08,29.99
2015-12-03,30.81,8.27,20.04,0.0,0.38,4.31,33.45
2015-12-04,36.3,14.13,25.96,0.0,0.38,1.16,32.76
2015-12-05,40.1,19.31,30.28,0.0,0.38,1.23,32.33
2015-12-06,41.06,23.94,30.42,0.0,0.38,4.92,23.28
2015-12-07,39.59,21.13,29.61,1.11,0.38,11.64,14.51
2015-12-08,28.65,15.33,22.04,1.81,0.38,12.45,30.86
2015-12-09,26.5,13.37,19.57,2.46,0.39,9.67,27.02
2015-12-10,26.68,11.24,18.3,0.07,0.38,8.93,28.47
2015-12-11,20.98,9.12,15.59,0.16,0.38,5.28,25.67
2015-12-12,25.46,8.11,16.75,0.01,0.38,3.07,33.51
2015-12-13,27.95,10.39,19.68,0.0,0.38,1.91,29.02
2015-12-14,34.71,12.6,24.81,0.0,0.38,2.94,28.79
2015-12-15,35.51,17.85,27.21,0.0,0.38,7.24,30.07
2015-12-16,38.44,20.75,29.69,0.0,0.38,7.32,32.69
2015-12-17,41.58,20.86,31.77,0.0,0.38,5.08,32.23
2015-12-18,42.28,23.91,32.5,0.0,0.38,8.0,31.5
2015-12-19,41.11,24.12,33.14,0.0,0.38,10.56,16.56
2015-12-20,27.02,14.09,20.98,7.06,0.39,11.93,17.62
2015-12-21,26.72,13.61,19.51,0.86,0.39,6.26,25.68
2015-12-22,29.79,10.98,20.2,13.53,0.41,5.96,34.62
2015-12-23,32.76,12.12,22.52,0.09,0.41,4.06,35.02
2015-12-24,37.35,15.1,27.52,0.0,0.4,4.4,34.77
2015-12-25,37.96,13.44,27.3,4.11,0.4,10.66,17.7
2015-12-26,22.74,10.44,16.25,0.13,0.4,4.49,30.39
2015-12-27,25.96,8.89,17.64,0.06,0.4,5.32,32.8
2015-12-28,30.81,10.98,21.15,0.0,0.4,4.07,34.46
2015-12-29,34.5,13.33,24.42,0.0,0.39,4.97,34.21
2015-12-30,35.31,17.27,28.17,0.0,0.39,4.94,27.16
2015-12-31,40.33,21.34,30.43,0.0,0.39,3.77,32.76
2016-01-01,36.05,18.58,26.93,0.0,0.39,8.62,26.18
2016-01-02,30.5,14.29,21.46,0.0,0.38,9.06,33.83
2016-01-03,31.9,15.22,23.95,1.7,0.38,12.6,26.68
2016-01-04,30.38,19.65,25.2,0.85,0.39,11.62,30.69
2016-01-05,33.79,18.37,25.91,0.01,0.38,9.38,31.94
2016-01-06,32.67,15.44,23.88,0.09,0.38,10.28,32.7
2016-01-07,31.09,14.75,22.2,0.0,0.38,6.82,33.9
2016-01-08,28.96,12.31,21.02,0.0,0.38,5.17,30.61
2016-01-09,34.75,15.23,24.99,0.0,0.38,4.59,31.97
2016-01-10,34.67,15.59,25.77,0.0,0.38,7.41,20.28
2016-01-11,36.25,21.32,28.07,0.24,0.38,11.7,14.99
2016-01-12,38.85,17.74,28.93,0.0,0.38,10.32,31.84
2016-01-13,40.07,16.85,28.28,0.4,0.38,11.15,17.03
2016-01-14,23.44,12.61,18.3,0.83,0.38,5.14,23.68
2016-01-15,28.13,11.53,19.47,0.03,0.38,3.08,33.42
2016-01-16,30.18,11.65,22.05,0.0,0.38,3.88,28.27
2016-01-17,36.47,17.59,27.28,0.0,0.38,2.32,32.94
2016-01-18,38.1,20.57,28.47,0.0,0.38,2.36,32.47
2016-01-19,39.17,17.66,29.47,0.54,0.38,8.51,21.26
2016-01-20,35.54,19.46,27.78,0.1,0.38,14.03,30.77
2016-01-21,34.95,18.47,26.38,0.07,0.38,13.04,27.07
2016-01-22,28.34,16.8,23.59,16.82,0.4,17.46,22.42
2016-01-23,28.2,15.22,20.77,0.52,0.41,12.03,27.23
2016-01-24,28.77,13.63,21.0,0.16,0.4,12.03,26.52
2016-01-25,31.2,14.94,22.57,0.02,0.4,10.52,31.29
2016-01-26,31.2,13.34,22.64,0.0,0.4,9.76,28.36
2016-01-27,32.44,16.89,24.53,0.0,0.39,11.03,28.62
2016-01-28,25.44,12.76,18.47,0.42,0.39,11.29,19.65
2016-01-29,17.06,12.16,14.61,0.11,0.39,7.39,11.72
2016-01-30,25.86,11.11,18.64,1.58,0.39,7.57,22.1
2016-01-31,22.44,12.14,17.54,6.61,0.4,12.37,11.88
2016-02-01,30.07,12.3,21.72,0.09,0.4,10.89,28.44
2016-02-02,24.97,17.29,21.04,3.95,0.41,11.85,6.35
2016-02-03,26.37,13.98,19.62,0.09,0.4,10.36,25.1
2016-02-04,29.06,13.98,20.22,0.0,0.4,7.62,31.17
2016-02-05,32.9,11.36,22.34,0.01,0.4,9.59,30.87
2016-02-06,35.43,15.56,25.6,0.0,0.4,8.53,30.2
2016-02-07,35.37,16.52,25.25,0.0,0.39,10.54,29.83
2016-02-08,32.69,14.38,23.04,0.0,0.39,8.95,30.4
2016-02-09,33.81,13.54,23.34,0.0,0.39,7.98,30.59
2016-02-10,34.12,14.32,23.91,0.0,0.39,8.4,28.36
2016-02-11,32.94,14.76,23.39,0.0,0.38,9.85,28.76
2016-02-12,34.45,15.54,24.13,0.0,0.38,7.43,28.69
2016-02-13,30.06,14.59,21.09,0.0,0.38,11.15,21.19
2016-02-14,25.2,13.16,18.73,0.05,0.38,9.55,25.63
2016-02-15,24.41,11.48,17.65,0.31,0.38,10.51,20.85
2016-02-16,24.91,12.14,17.62,0.11,0.38,5.88,25.99
2016-02-17,25.87,11.03,18.11,0.03,0.38,10.61,18.31
2016-02-18,28.58,13.67,19.95,0.03,0.38,12.97,26.5
2016-02-19,23.21,12.59,17.82,0.23,0.38,10.84,13.44
2016-02-20,26.72,9.78,18.46,0.0,0.38,6.65,26.0
2016-02-21,32.97,12.59,22.9,0.0,0.38,5.94,26.24
2016-02-22,38.38,20.17,28.69,0.0,0.38,3.52,13.3
2016-02-23,41.37,22.54,28.6,0.3,0.38,9.83,17.57
2016-02-24,30.83,19.87,24.08,4.53,0.38,16.77,7.23
2016-02-25,26.81,14.11,20.17,0.26,0.39,12.59,24.29
2016-02-26,26.45,13.58,19.25,0.04,0.39,10.52,21.28
2016-02-27,28.42,12.82,19.37,0.02,0.38,10.68,26.72
2016-02-28,28.39,12.18,19.76,0.01,0.38,10.36,25.96
2016-02-29,30.89,13.99,21.74,0.0,0.38,9.02,24.17
2016-03-01,34.53,16.1,24.81,0.0,0.38,6.01,21.85
2016-03-02,34.94,19.46,26.29,0.01,0.38,7.24,23.51
2016-03-03,33.46,16.85,24.12,0.0,0.38,10.16,25.62
2016-03-04,36.17,16.93,25.31,0.09,0.38,10.53,25.17
2016-03-05,33.57,16.37,24.58,0.0,0.38,12.29,20.06
2016-03-06,40.74,18.2,28.92,0.21,0.38,14.33,19.64
2016-03-07,37.69,21.83,28.22,0.12,0.38,15.22,19.38
2016-03-08,40.72,21.02,30.0,0.44,0.38,12.06,21.99
2016-03-09,29.47,20.34,24.64,1.9,0.38,16.61,8.48
2016-03-10,29.01,19.94,23.67,5.67,0.39,17.73,11.56
2016-03-11,32.1,18.23,24.2,0.03,0.39,16.76,20.69
2016-03-12,32.31,18.53,24.31,0.0,0.39,14.62,19.52
2016-03-13,33.92,17.11,24.77,0.0,0.39,13.73,21.61
2016-03-14,28.01,14.66,20.19,1.67,0.39,9.55,18.8
2016-03-15,27.89,12.62,19.99,2.83,0.39,9.82,23.89
2016-03-16,33.52,14.66,24.15,0.09,0.39,9.8,23.38
2016-03-17,34.38,18.48,26.02,2.06,0.39,13.62,18.5
2016-03-18,19.88,13.05,15.92,3.88,0.4,7.51,19.15
2016-03-19,22.15,10.84,15.99,0.29,0.4,7.47,14.47
2016-03-20,23.34,9.32,15.98,0.0,0.39,6.6,17.83
2016-03-21,26.52,9.38,17.77,0.0,0.39,6.38,22.73
2016-03-22,29.07,11.19,20.43,0.01,0.39,5.95,22.19
2016-03-23,22.42,14.56,18.66,0.01,0.39,7.57,9.94
2016-03-24,27.35,13.15,19.32,0.0,0.39,11.16,17.79
2016-03-25,24.24,12.11,16.84,0.02,0.39,9.3,19.59
2016-03-26,22.42,11.59,16.44,0.12,0.39,10.9,13.33
2016-03-27,20.52,11.44,15.42,0.01,0.39,7.68,15.28
2016-03-28,18.37,10.87,14.44,0.59,0.39,6.02,8.21
2016-03-29,20.18,10.06,14.43,1.63,0.39,7.15,11.75
2016-03-30,20.44,8.98,14.53,0.35,0.39,7.47,12.79
2016-03-31,24.55,10.59,17.03,0.0,0.39,11.24,18.12
2016-04-01,23.93,13.92,18.46,0.0,0.39,7.94,12.89
2016-04-02,22.17,10.0,16.71,0.04,0.39,7.73,18.27
2016-04-03,22.29,7.92,14.68,0.0,0.39,5.18,19.5
2016-04-04,26.26,8.36,17.23,0.0,0.38,4.28,19.91
2016-04-05,27.0,13.26,18.68,1.7,0.38,6.93,15.99
2016-04-06,19.31,9.25,14.49,1.51,0.39,8.03,14.73
2016-04-07,19.16,8.87,13.73,0.0,0.39,7.45,13.68
2016-04-08,21.73,9.69,14.53,0.05,0.39,9.67,11.14
2016-04-09,22.1,10.59,15.56,0.01,0.39,11.51,12.95
2016-04-10,22.52,11.82,16.48,0.0,0.39,11.7,12.02
2016-04-11,22.54,12.25,16.93,0.02,0.39,11.84,14.69
2016-04-12,23.29,12.32,16.62,0.01,0.39,10.04,14.41
2016-04-13,22.15,9.56,15.2,0.01,0.39,9.17,14.09
2016-04-14,24.38,9.85,16.0,0.0,0.38,8.18,14.54
2016-04-15,28.84,12.08,19.26,0.0,0.38,7.48,15.81
2016-04-16,21.83,12.17,16.12,0.03,0.38,10.67,8.95
2016-04-17,21.81,8.26,13.98,0.0,0.38,4.95,17.36
2016-04-18,23.9,6.73,15.89,0.0,0.38,2.8,14.38
2016-04-19,28.81,12.99,20.25,0.0,0.38,1.96,15.3
2016-04-20,31.02,16.77,22.4,0.09,0.38,6.44,11.85
2016-04-21,22.77,11.44,17.48,0.17,0.38,12.41,8.78
2016-04-22,20.4,9.93,13.93,0.07,0.38,6.24,14.04
2016-04-23,22.0,9.79,15.1,0.0,0.38,7.34,14.49
2016-04-24,23.8,8.83,15.77,0.0,0.38,7.29,15.67
2016-04-25,27.5,10.84,18.18,0.0,0.38,1.9,15.49
2016-04-26,28.18,12.64,19.45,0.0,0.38,2.66,15.26
2016-04-27,25.41,15.72,20.01,0.0,0.38,3.27,7.89
2016-04-28,23.54,14.19,19.06,0.25,0.38,12.03,6.47
2016-04-29,20.4,12.26,17.35,2.61,0.38,10.84,5.55
2016-04-30,25.75,11.29,17.63,0.08,0.38,6.66,14.39
2016-05-01,17.35,10.83,13.79,1.06,0.39,6.4,12.63
2016-05-02,18.67,9.82,14.61,0.13,0.39,8.6,10.98
2016-05-03,17.7,10.96,14.37,1.69,0.39,9.16,8.13
2016-05-04,18.33,10.21,13.97,0.07,0.39,7.08,10.08
2016-05-05,23.77,11.22,16.57,0.0,0.39,7.91,13.0
2016-05-06,23.21,10.89,16.27,0.0,0.39,10.22,11.05
2016-05-07,25.53,12.69,18.48,0.56,0.39,9.59,9.37
2016-05-08,18.12,14.17,16.25,3.76,0.39,14.19,2.57
2016-05-09,16.73,9.96,13.81,3.96,0.4,10.38,6.41
2016-05-10,18.01,13.28,14.74,0.63,0.4,8.3,10.66
2016-05-11,16.61,13.43,14.9,1.04,0.4,10.16,7.12
2016-05-12,20.5,13.68,16.51,1.02,0.4,13.27,7.67
2016-05-13,22.22,10.31,14.94,0.04,0.4,9.68,12.71
2016-05-14,23.78,9.1,15.01,0.0,0.4,4.61,11.93
2016-05-15,20.44,10.65,14.25,0.0,0.4,8.39,11.07
2016-05-16,22.5,8.26,14.62,1.2,0.4,9.01,9.33
2016-05-17,17.25,10.68,14.27,0.07,0.4,7.88,6.54
2016-05-18,19.01,10.37,14.06,0.15,0.4,9.83,8.79
2016-05-19,17.97,12.48,14.81,0.87,0.4,11.93,6.8
2016-05-20,17.71,11.13,13.99,0.22,0.4,11.05,7.03
2016-05-21,20.56,11.86,14.87,0.0,0.4,8.53,10.6
2016-05-22,22.44,10.78,14.92,4.68,0.4,8.82,5.11
2016-05-23,17.27,10.77,13.43,0.85,0.41,8.19,9.62
2016-05-24,19.75,10.41,13.95,0.92,0.41,8.65,10.11
2016-05-25,11.25,9.98,10.65,5.97,0.41,5.1,2.52
2016-05-26,15.9,7.48,10.95,3.45,0.42,7.19,10.14
2016-05-27,14.35,7.16,9.96,5.79,0.43,8.11,5.48
2016-05-28,15.41,4.44,9.02,0.07,0.43,5.12,9.43
2016-05-29,15.15,2.34,8.44,0.0,0.43,2.99,10.41
2016-05-30,16.99,4.49,10.07,1.23,0.43,3.76,8.31
2016-05-31,15.62,7.67,10.67,0.45,0.43,4.37,7.51
2016-06-01,17.45,7.82,10.98,0.02,0.43,4.24,9.83
2016-06-02,16.26,7.16,10.42,0.0,0.43,6.18,9.19
2016-06-03,16.46,6.78,10.96,0.04,0.43,6.5,10.42
2016-06-04,16.3,5.23,9.54,0.01,0.43,6.3,8.69
2016-06-05,14.08,6.08,9.98,0.33,0.43,8.03,5.43
2016-06-06,15.2,10.11,12.04,1.29,0.43,8.37,8.67
2016-06-07,14.31,9.5,11.79,1.09,0.43,9.46,7.26
2016-06-08,14.32,9.67,11.5,3.1,0.43,9.67,2.5
2016-06-09,15.7,8.07,10.89,1.31,0.44,7.45,7.54
2016-06-10,15.95,8.87,11.57,3.84,0.44,8.72,7.82
2016-06-11,14.51,4.24,9.72,0.25,0.44,4.57,8.75
2016-06-12,14.17,3.98,7.78,0.0,0.44,1.65,9.92
2016-06-13,13.54,1.99,6.52,0.0,0.44,-1.19,10.62
2016-06-14,17.5,3.92,9.24,0.0,0.44,3.25,10.34
2016-06-15,17.73,4.44,10.1,0.0,0.44,4.81,10.46
2016-06-16,14.76,8.93,11.37,2.4,0.44,8.95,4.13
2016-06-17,15.36,9.74,11.99,0.75,0.44,10.65,4.91
2016-06-18,13.46,8.11,10.21,0.63,0.44,7.44,6.59
2016-06-19,15.01,6.33,9.15,0.19,0.44,6.25,10.16
2016-06-20,14.82,6.87,9.83,0.17,0.44,7.56,6.56
2016-06-21,15.83,7.5,11.08,4.04,0.44,7.5,7.2
2016-06-22,15.33,9.43,11.86,0.38,0.45,6.81,8.59
2016-06-23,13.16,7.04,8.94,4.53,0.45,6.68,4.48
2016-06-24,10.58,3.09,6.6,3.57,0.46,2.75,9.2
2016-06-25,12.44,3.74,7.56,0.32,0.46,3.81,7.88
2016-06-26,13.35,4.56,7.99,0.21,0.46,2.78,6.12
2016-06-27,14.31,6.24,9.04,0.59,0.46,5.81,9.23
2016-06-28,14.88,6.36,9.83,3.93,0.46,8.46,8.11
2016-06-29,15.21,4.52,9.28,0.05,0.46,3.99,8.04
2016-06-30,13.24,7.54,9.38,3.07,0.47,4.94,5.52
2016-07-01,13.05,6.97,10.11,0.31,0.47,7.79,6.27
2016-07-02,16.68,10.18,12.43,0.22,0.46,9.86,7.74
2016-07-03,15.14,8.55,11.08,0.23,0.46,7.8,8.51
2016-07-04,10.42,7.78,9.14,7.84,0.47,7.05,2.77
2016-07-05,12.75,6.27,8.76,0.46,0.48,7.13,7.57
2016-07-06,14.9,6.01,10.15,0.5,0.48,8.21,7.54
2016-07-07,14.39,6.07,10.07,0.13,0.48,6.89,9.72
2016-07-08,14.88,5.62,9.63,0.01,0.47,6.38,8.74
2016-07-09,15.13,3.06,8.97,0.0,0.47,4.75,7.49
2016-07-10,11.63,8.19,10.05,2.26,0.47,7.63,1.92
2016-07-11,13.74,5.96,9.9,0.31,0.48,7.49,6.03
2016-07-12,10.4,6.47,8.57,3.59,0.48,4.12,5.13
2016-07-13,11.81,6.62,8.68,0.36,0.48,3.11,9.75
2016-07-14,13.06,5.97,9.81,0.14,0.48,6.29,8.57
2016-07-15,15.51,6.56,10.32,0.0,0.48,5.89,7.25
2016-07-16,15.43,1.79,7.63,0.0,0.48,3.41,11.73
2016-07-17,13.45,2.48,7.73,0.0,0.47,3.03,9.66
2016-07-18,18.57,6.21,11.24,0.05,0.47,7.26,8.7
2016-07-19,15.47,8.82,11.13,1.37,0.47,8.99,2.8
2016-07-20,18.14,7.86,12.47,5.2,0.48,9.51,9.83
2016-07-21,21.76,9.53,15.7,0.2,0.48,10.86,7.03
2016-07-22,16.65,9.34,13.15,3.56,0.48,8.53,6.47
2016-07-23,11.43,5.34,7.93,0.58,0.48,2.89,9.83
2016-07-24,9.73,4.74,7.79,4.54,0.49,5.64,5.55
2016-07-25,13.02,7.46,9.45,4.44,0.49,5.29,6.98
2016-07-26,11.56,4.15,8.53,3.47,0.5,4.7,6.18
2016-07-27,13.03,7.55,9.79,0.16,0.5,5.03,8.54
2016-07-28,14.88,8.56,10.86,0.01,0.5,8.31,7.51
2016-07-29,13.36,7.69,10.49,0.76,0.5,9.42,6.12
2016-07-30,18.49,6.35,11.79,0.76,0.5,6.73,6.42
2016-07-31,17.12,6.72,11.67,0.05,0.49,8.58,12.35
2016-08-01,14.39,7.38,11.23,3.58,0.5,7.7,6.21
2016-08-02,14.34,5.73,9.07,0.29,0.5,5.25,11.01
2016-08-03,14.26,4.34,8.67,0.1,0.5,5.62,9.09
2016-08-04,14.8,4.03,8.77,0.01,0.49,4.25,9.16
2016-08-05,13.84,2.31,8.19,0.0,0.49,2.6,8.14
2016-08-06,16.28,3.7,9.19,0.0,0.49,3.54,11.0
2016-08-07,17.35,5.03,10.4,0.0,0.49,3.09,10.99
2016-08-08,20.06,7.44,12.96,0.0,0.49,3.26,13.0
2016-08-09,16.82,9.44,12.63,3.51,0.49,6.39,7.03
2016-08-10,12.07,5.49,9.43,3.84,0.49,6.31,8.16
2016-08-11,13.71,4.86,8.86,0.12,0.49,5.32,10.41
2016-08-12,17.13,7.51,10.85,1.37,0.49,6.82,10.82
2016-08-13,15.47,6.58,10.97,0.25,0.49,7.77,9.67
2016-08-14,15.41,8.27,11.42,0.18,0.49,8.4,9.23
2016-08-15,19.15,4.91,10.87,0.22,0.49,4.56,15.49
2016-08-16,20.46,6.88,12.92,0.73,0.49,4.27,12.85
2016-08-17,19.51,9.33,13.35,0.03,0.49,8.38,14.31
2016-08-18,23.89,11.42,16.54,0.65,0.48,6.33,14.69
2016-08-19,13.11,6.92,9.61,3.49,0.48,5.88,12.53
2016-08-20,13.29,6.49,9.84,2.9,0.49,6.61,11.68
2016-08-21,14.0,6.87,9.85,1.49,0.49,7.41,8.78
2016-08-22,13.29,4.93,8.67,0.56,0.49,5.85,13.65
2016-08-23,15.29,3.78,8.21,0.36,0.49,3.51,15.93
2016-08-24,14.84,1.95,7.21,0.0,0.49,1.97,15.95
2016-08-25,14.52,1.75,7.23,0.06,0.49,4.02,14.27
2016-08-26,15.26,3.81,8.27,0.05,0.48,4.94,11.02
2016-08-27,16.5,3.5,9.43,0.0,0.48,3.52,12.3
2016-08-28,19.91,5.84,12.56,0.0,0.48,2.31,15.78
2016-08-29,21.49,8.33,14.97,0.12,0.48,3.14,10.78
2016-08-30,15.11,10.31,12.37,2.33,0.48,9.38,6.39
2016-08-31,16.79,9.01,11.93,1.59,0.48,9.81,12.2
2016-09-01,17.41,7.56,11.97,0.18,0.48,8.05,12.94
2016-09-02,16.61,5.76,10.55,0.55,0.48,6.57,14.68
2016-09-03,14.11,5.99,9.65,6.48,0.49,7.19,13.51
2016-09-04,15.83,8.11,11.29,0.22,0.49,7.87,10.63
2016-09-05,18.96,7.55,12.5,0.0,0.48,8.65,14.74
2016-09-06,22.21,7.55,14.08,0.0,0.48,7.27,18.03
2016-09-07,23.18,8.23,15.8,0.01,0.48,7.44,19.07
2016-09-08,20.0,12.33,15.36,14.5,0.49,11.72,2.93
2016-09-09,17.18,8.54,12.99,0.78,0.5,9.74,16.25
2016-09-10,16.67,6.9,10.97,0.49,0.5,7.48,11.86
2016-09-11,16.02,6.72,10.81,3.15,0.5,8.32,12.07
2016-09-12,12.5,6.39,8.93,1.26,0.5,6.36,7.07
2016-09-13,11.82,5.86,8.54,6.17,0.51,7.3,6.31
2016-09-14,13.86,6.68,9.35,4.24,0.51,7.46,13.34
2016-09-15,14.13,6.71,10.2,0.23,0.51,7.12,13.04
2016-09-16,16.25,6.2,10.61,0.08,0.51,6.38,14.71
2016-09-17,20.06,7.8,12.79,7.23,0.51,7.07,15.37
2016-09-18,15.0,4.68,9.5,0.18,0.52,5.15,15.77
2016-09-19,16.02,4.89,9.84,0.08,0.51,4.98,13.88
2016-09-20,20.11,6.2,12.45,2.89,0.51,6.64,12.0
2016-09-21,13.19,7.6,10.37,1.83,0.51,7.73,12.07
2016-09-22,16.43,3.31,9.7,0.02,0.51,4.5,13.38
2016-09-23,18.57,3.19,10.65,0.0,0.51,4.79,19.12
2016-09-24,15.2,7.57,10.75,4.06,0.51,7.02,6.51
2016-09-25,16.23,6.37,10.52,0.1,0.51,5.35,15.47
2016-09-26,17.48,4.52,9.77,1.68,0.51,5.52,12.47
2016-09-27,16.63,4.19,10.4,0.01,0.51,5.72,16.74
2016-09-28,21.1,5.23,12.38,4.52,0.5,6.85,13.16
2016-09-29,11.05,6.63,8.22,0.59,0.51,5.66,14.95
2016-09-30,13.73,6.11,10.15,2.12,0.51,8.26,8.23
2016-10-01,17.11,8.69,12.39,0.24,0.51,6.63,16.19
2016-10-02,21.38,8.61,13.7,3.11,0.5,6.2,13.65
2016-10-03,14.25,8.03,10.62,3.39,0.51,6.78,16.29
2016-10-04,14.31,8.91,11.86,0.8,0.51,6.67,20.24
2016-10-05,18.48,8.11,12.28,0.01,0.51,8.24,16.13
2016-10-06,28.22,8.01,18.53,0.0,0.5,9.22,23.67
2016-10-07,24.6,9.56,16.87,0.0,0.49,8.17,17.22
2016-10-08,21.66,5.31,14.03,0.0,0.49,3.78,25.72
2016-10-09,26.58,12.35,16.14,0.03,0.48,6.85,7.74
2016-10-10,14.52,8.47,11.81,0.09,0.48,3.3,22.4
2016-10-11,14.9,8.25,11.33,0.19,0.48,4.91,17.94
2016-10-12,18.45,6.5,12.39,0.08,0.48,7.25,20.05
2016-10-13,20.17,4.48,12.43,0.0,0.47,3.5,26.46
2016-10-14,24.93,6.16,15.3,0.0,0.47,2.72,27.12
2016-10-15,27.15,10.99,18.65,0.0,0.47,1.27,18.94
2016-10-16,16.45,8.17,12.37,1.22,0.46,8.23,7.94
2016-10-17,16.04,7.88,11.95,0.4,0.46,7.16,14.45
2016-10-18,14.61,6.86,10.91,0.35,0.46,4.39,20.91
2016-10-19,18.11,4.0,11.56,0.0,0.46,2.27,22.94
2016-10-20,28.23,7.66,19.13,0.02,0.46,4.26,26.62
2016-10-21,15.93,5.43,11.43,2.19,0.46,4.27,16.88
2016-10-22,16.29,4.39,9.87,0.14,0.46,1.82,22.82
2016-10-23,19.28,2.58,10.88,0.0,0.45,2.99,19.0
2016-10-24,23.81,3.89,13.99,0.0,0.45,3.05,28.25
2016-10-25,27.86,10.22,18.08,0.0,0.45,3.9,19.19
2016-10-26,19.97,9.83,14.52,0.02,0.44,7.57,22.82
2016-10-27,22.0,6.05,13.78,0.0,0.44,2.84,29.45
2016-10-28,22.93,5.48,14.13,0.0,0.44,3.69,29.3
2016-10-29,29.42,6.75,19.18,0.0,0.44,4.01,28.67
2016-10-30,20.3,8.22,14.58,0.11,0.43,4.32,22.02
2016-10-31,18.09,7.5,12.43,0.0,0.43,3.15,21.55
2016-11-01,19.11,9.66,13.74,0.19,0.43,5.62,21.16
2016-11-02,17.27,7.77,12.69,0.0,0.43,6.27,14.09
2016-11-03,24.45,7.6,15.19,0.0,0.43,6.45,29.02
2016-11-04,27.6,7.86,16.15,0.0,0.42,4.45,29.67
2016-11-05,19.98,9.02,13.3,0.0,0.42,4.34,28.66
2016-11-06,23.66,10.05,15.91,0.0,0.42,8.15,16.61
2016-11-07,22.35,7.6,15.46,0.01,0.42,7.37,15.27
2016-11-08,21.48,4.69,12.93,0.0,0.42,4.67,23.02
2016-11-09,22.99,6.0,14.17,0.0,0.42,5.75,26.82
2016-11-10,24.94,6.58,15.83,0.0,0.41,5.76,29.6
2016-11-11,31.44,9.14,19.37,0.69,0.41,9.48,25.31
2016-11-12,19.13,11.15,15.45,0.15,0.41,9.73,17.09
2016-11-13,17.54,10.67,13.1,0.38,0.41,8.47,11.94
2016-11-14,21.33,10.24,14.52,0.02,0.41,6.81,20.06
2016-11-15,22.36,9.02,15.04,0.0,0.41,7.88,17.69
2016-11-16,28.88,6.85,18.66,0.0,0.41,6.69,31.25
2016-11-17,35.66,15.11,24.48,0.0,0.4,5.84,27.38
2016-11-18,26.74,10.87,18.56,0.0,0.4,8.97,20.55
2016-11-19,30.74,9.27,20.0,0.0,0.4,6.31,29.49
2016-11-20,35.95,14.86,26.63,0.0,0.4,10.66,24.49
2016-11-21,34.9,15.02,24.74,0.07,0.4,11.05,21.43
2016-11-22,24.9,11.47,16.46,0.25,0.39,5.09,18.56
2016-11-23,21.07,8.33,14.36,0.36,0.39,3.38,30.13
2016-11-24,22.82,6.06,14.02,0.0,0.39,3.97,32.38
2016-11-25,23.23,9.5,15.44,0.0,0.39,6.37,28.57
2016-11-26,23.97,9.03,15.62,0.0,0.39,6.92,29.85
2016-11-27,26.99,7.24,16.76,0.0,0.39,4.67,32.43
2016-11-28,29.28,8.27,19.05,0.0,0.39,2.63,32.27
2016-11-29,29.02,10.98,19.45,0.0,0.39,5.63,33.01
2016-11-30,25.6,9.9,16.52,0.0,0.39,7.4,27.33
2016-12-01,24.92,9.63,16.67,0.0,0.39,6.38,28.31
2016-12-02,25.62,9.92,16.83,0.0,0.38,4.74,30.16
2016-12-03,30.53,7.86,19.73,0.0,0.38,3.27,33.53
2016-12-04,32.27,15.29,24.14,0.23,0.38,11.76,10.96
2016-12-05,24.62,11.41,17.4,3.28,0.39,6.33,25.41
2016-12-06,25.17,10.2,16.36,0.73,0.39,4.47,32.54
2016-12-07,30.47,8.93,21.45,0.23,0.39,9.26,29.34
2016-12-08,25.4,11.35,17.07,0.64,0.39,7.27,26.96
2016-12-09,22.37,10.02,15.54,0.0,0.39,4.26,25.68
2016-12-10,25.91,8.12,16.68,0.0,0.38,6.42,32.88
2016-12-11,29.91,9.1,19.58,0.0,0.38,4.31,33.96
2016-12-12,37.62,14.85,26.15,0.0,0.38,2.53,33.82
2016-12-13,36.22,16.35,25.1,0.02,0.38,6.06,18.29
2016-12-14,23.65,11.62,17.13,3.42,0.39,4.44,20.33
2016-12-15,26.79,7.88,17.34,2.04,0.39,3.17,32.56
2016-12-16,29.17,8.88,18.48,3.71,0.39,5.69,34.32
2016-12-17,21.09,9.1,15.67,0.0,0.39,4.06,32.13
2016-12-18,26.09,7.28,17.15,0.0,0.39,1.92,34.66
2016-12-19,34.0,13.9,23.14,0.16,0.39,2.57,26.75
2016-12-20,22.94,12.31,17.11,0.03,0.39,7.48,29.81
2016-12-21,26.55,13.47,19.1,0.0,0.38,8.03,30.98
2016-12-22,32.58,11.37,22.87,0.0,0.38,6.84,33.74
2016-12-23,37.98,17.05,26.97,0.0,0.38,7.15,26.56
2016-12-24,34.15,14.97,24.87,0.0,0.38,8.17,33.86
2016-12-25,40.32,16.17,29.08,0.0,0.38,3.87,34.12
2016-12-26,28.78,21.01,24.21,0.02,0.38,12.94,13.24
2016-12-27,34.08,20.73,26.7,0.36,0.38,15.46,10.93
2016-12-28,34.96,21.53,27.95,1.92,0.38,17.23,25.71
2016-12-29,32.25,17.31,23.81,5.13,0.39,10.86,28.59
2016-12-30,24.63,14.1,19.28,2.4,0.39,12.59,24.1
2016-12-31,27.28,13.42,19.64,0.0,0.39,11.51,18.96
2017-01-01,25.04,14.03,18.49,0.0,0.39,10.85,20.04
2017-01-02,28.86,12.32,19.86,0.0,0.39,7.73,29.08
2017-01-03,31.45,11.41,21.22,0.0,0.39,7.51,33.49
2017-01-04,35.95,14.0,25.42,0.0,0.38,8.25,33.35
2017-01-05,38.88,17.19,29.17,0.0,0.38,12.82,29.85
2017-01-06,40.53,23.56,32.61,0.0,0.38,10.99,30.52
2017-01-07,39.42,22.12,32.01,0.0,0.38,11.31,23.95
2017-01-08,29.8,15.9,23.58,0.0,0.38,10.68,31.84
2017-01-09,30.37,14.58,21.01,0.01,0.38,9.03,23.8
2017-01-10,30.93,14.05,20.96,0.0,0.38,10.36,33.09
2017-01-11,28.06,14.26,20.61,0.0,0.38,10.15,29.44
2017-01-12,35.74,11.82,24.83,0.0,0.38,6.13,32.76
2017-01-13,25.84,15.5,21.68,0.51,0.38,11.52,19.55
2017-01-14,22.64,14.85,18.36,0.02,0.38,8.85,18.57
2017-01-15,29.61,13.01,20.36,0.0,0.38,8.34,32.39
2017-01-16,36.95,12.56,25.37,0.0,0.38,5.44,33.17
2017-01-17,40.23,18.9,28.46,0.0,0.38,4.81,27.8
2017-01-18,29.56,15.15,21.59,0.08,0.38,5.44,23.11
2017-01-19,33.62,12.6,24.08,4.15,0.38,8.11,22.52
2017-01-20,25.55,13.11,19.84,1.27,0.39,9.97,26.8
2017-01-21,29.61,10.54,20.24,0.07,0.39,7.54,32.64
2017-01-22,35.09,15.47,25.95,0.0,0.38,7.22,29.95
2017-01-23,31.87,18.71,25.16,0.07,0.38,12.44,13.32
2017-01-24,26.29,14.58,20.06,0.0,0.38,6.32,31.6
2017-01-25,29.27,11.32,19.39,0.04,0.38,5.38,32.2
2017-01-26,30.02,11.66,20.26,0.0,0.38,10.27,28.46
2017-01-27,33.02,12.39,22.51,0.0,0.38,8.11,31.83
2017-01-28,34.35,14.8,24.2,0.0,0.38,6.06,31.6
2017-01-29,37.11,13.68,25.93,0.0,0.38,3.97,31.07
2017-01-30,29.86,15.17,23.92,0.01,0.38,11.84,12.01
2017-01-31,25.85,14.33,18.75,0.0,0.38,7.56,27.57
2017-02-01,26.27,13.45,18.51,0.0,0.38,6.65,16.03
2017-02-02,27.75,12.94,19.52,0.0,0.38,8.68,28.84
2017-02-03,30.73,11.46,20.54,0.0,0.38,8.43,30.84
2017-02-04,35.32,13.84,23.85,0.0,0.38,8.39,23.96
2017-02-05,28.83,17.92,23.46,1.76,0.38,16.51,10.8
2017-02-06,25.25,13.17,19.29,0.1,0.38,10.03,14.68
2017-02-07,30.95,11.11,21.14,0.0,0.38,5.28,31.01
2017-02-08,42.34,19.26,31.74,0.0,0.38,13.63,29.13
2017-02-09,43.48,24.11,32.71,0.0,0.38,14.79,28.32
2017-02-10,41.4,22.36,30.13,0.0,0.38,15.15,28.2
2017-02-11,31.4,16.08,23.73,0.01,0.38,10.61,24.69
2017-02-12,22.97,13.64,17.77,0.0,0.38,5.79,23.45
2017-02-13,23.45,13.34,17.47,0.02,0.38,10.0,17.41
2017-02-14,29.87,11.6,20.63,0.0,0.38,7.44,26.29
2017-02-15,34.49,16.31,23.49,0.0,0.38,7.12,28.0
2017-02-16,25.86,12.95,18.93,0.0,0.38,10.23,22.4
2017-02-17,24.09,12.23,17.52,0.04,0.38,9.2,16.0
2017-02-18,20.19,12.24,15.7,0.01,0.38,5.09,23.75
2017-02-19,18.8,11.03,15.05,0.07,0.38,6.41,20.57
2017-02-20,23.35,8.93,15.87,0.0,0.38,3.89,22.5
2017-02-21,30.16,9.5,20.32,0.0,0.37,3.9,27.92
2017-02-22,33.87,17.08,23.01,0.0,0.37,4.46,25.63
2017-02-23,26.24,12.77,19.53,0.0,0.37,10.33,15.45
2017-02-24,27.03,10.29,18.17,0.0,0.37,7.56,26.81
2017-02-25,26.83,11.38,18.42,0.0,0.37,5.15,26.59
2017-02-26,30.12,9.65,19.73,0.0,0.37,6.04,27.39
2017-02-27,35.89,15.76,26.67,0.0,0.37,7.09,25.79
2017-02-28,37.37,20.56,28.74,0.0,0.37,4.75,26.0
2017-03-01,38.1,21.3,30.12,0.0,0.37,6.9,23.64
2017-03-02,37.79,20.69,28.37,0.0,0.37,7.84,25.99
2017-03-03,33.87,16.88,24.63,0.0,0.37,9.8,26.34
2017-03-04,34.07,15.92,24.11,0.0,0.37,10.34,25.53
2017-03-05,31.06,16.72,22.86,0.0,0.37,11.98,19.49
2017-03-06,30.58,14.54,21.87,0.0,0.37,8.17,25.31
2017-03-07,32.9,15.32,24.18,0.0,0.37,7.32,25.41
2017-03-08,35.05,17.88,26.26,0.27,0.37,6.53,24.06
2017-03-09,34.88,18.48,25.67,0.0,0.37,7.6,24.5
2017-03-10,33.54,15.65,23.86,0.0,0.37,7.6,23.29
2017-03-11,32.3,17.78,22.06,0.07,0.37,9.93,6.3
2017-03-12,24.26,14.26,19.49,0.14,0.37,11.47,16.59
2017-03-13,28.5,15.04,21.61,0.01,0.37,12.49,17.6
2017-03-14,33.31,15.62,24.78,0.0,0.37,11.45,23.24
2017-03-15,34.75,21.34,28.07,0.0,0.37,11.81,21.45
2017-03-16,24.37,12.48,19.38,0.0,0.37,9.28,21.25
2017-03-17,28.6,10.12,18.71,0.0,0.37,3.16,24.18
2017-03-18,33.83,11.94,23.12,0.0,0.37,3.3,24.0
2017-03-19,35.51,17.96,26.4,0.0,0.37,8.64,23.08
2017-03-20,29.94,19.83,25.66,0.01,0.37,13.57,9.07
2017-03-21,31.13,18.65,25.19,1.69,0.37,16.36,13.48
2017-03-22,27.5,16.09,20.67,0.14,0.38,13.18,12.21
2017-03-23,29.34,14.62,21.06,0.0,0.38,10.92,21.04
2017-03-24,31.59,15.43,23.56,0.0,0.38,11.27,17.19
2017-03-25,30.99,19.25,24.5,0.0,0.38,13.86,19.26
2017-03-26,32.47,17.25,24.96,0.0,0.38,13.74,11.24
2017-03-27,24.43,13.77,20.15,0.03,0.38,10.58,15.62
2017-03-28,25.07,13.8,18.25,0.0,0.37,9.94,19.38
2017-03-29,24.25,10.99,16.23,0.08,0.37,10.25,12.09
2017-03-30,19.78,8.82,13.97,0.01,0.37,4.49,18.1
2017-03-31,21.16,7.85,13.99,0.0,0.37,5.93,11.32
2017-04-01,19.73,11.28,15.42,0.0,0.37,7.4,11.85
2017-04-02,21.52,10.49,14.97,0.0,0.37,5.38,12.13
2017-04-03,23.23,7.46,14.82,0.0,0.37,2.97,20.41
2017-04-04,27.52,10.72,18.73,0.0,0.37,5.24,16.34
2017-04-05,27.59,13.58,20.21,0.0,0.37,3.99,17.49
2017-04-06,28.53,12.84,20.46,0.0,0.37,4.07,19.12
2017-04-07,29.75,16.04,21.93,0.0,0.37,5.22,18.75
2017-04-08,30.02,15.05,20.6,0.04,0.37,7.83,14.12
2017-04-09,15.54,11.02,13.24,1.71,0.38,5.56,14.13
2017-04-10,19.11,9.75,13.61,0.19,0.38,6.63,10.27
2017-04-11,23.01,9.07,15.28,0.11,0.38,9.34,10.06
2017-04-12,24.06,8.81,16.3,0.0,0.38,7.74,18.0
2017-04-13,26.54,9.89,17.24,0.0,0.38,7.15,17.86
2017-04-14,24.22,9.21,16.08,0.0,0.38,8.28,16.21
2017-04-15,23.64,8.49,15.55,0.0,0.38,6.41,15.29
2017-04-16,21.33,10.4,15.53,0.0,0.38,8.03,16.1
2017-04-17,24.97,10.81,16.78,0.0,0.38,6.6,16.1
2017-04-18,27.13,11.54,19.13,0.0,0.38,4.0,15.84
2017-04-19,30.3,14.08,22.13,0.0,0.38,7.23,7.73
2017-04-20,21.85,15.05,19.19,4.74,0.38,14.93,2.52
2017-04-21,25.2,13.37,18.14,0.55,0.39,14.18,7.45
2017-04-22,23.67,12.03,17.01,0.97,0.39,12.28,10.47
2017-04-23,24.59,12.11,17.73,1.5,0.39,11.49,14.04
2017-04-24,23.63,14.31,17.55,3.33,0.39,12.9,4.17
2017-04-25,20.28,11.71,15.5,4.38,0.4,11.61,11.14
2017-04-26,14.78,7.15,10.88,0.74,0.4,4.2,13.01
2017-04-27,16.65,6.23,11.52,0.4,0.4,7.39,10.37
2017-04-28,18.89,10.68,14.19,0.11,0.4,11.65,9.93
2017-04-29,21.35,10.93,14.82,0.14,0.4,11.93,10.07
2017-04-30,18.75,11.43,14.89,0.08,0.4,11.27,7.12
2017-05-01,17.73,8.15,13.73,1.08,0.4,9.38,6.56
2017-05-02,16.95,7.61,11.32,0.15,0.4,5.63,11.26
2017-05-03,17.1,7.03,10.85,0.35,0.4,4.78,9.57
2017-05-04,17.88,4.55,10.79,0.0,0.4,2.28,14.33
2017-05-05,19.62,7.61,11.94,0.0,0.4,2.14,12.33
2017-05-06,17.13,6.87,11.07,0.08,0.4,4.66,8.67
2017-05-07,16.93,5.19,10.15,0.0,0.4,3.42,10.09
2017-05-08,17.62,5.02,10.49,0.0,0.4,5.52,10.81
2017-05-09,18.01,6.82,11.06,0.0,0.39,6.56,13.21
2017-05-10,20.05,4.84,12.0,0.0,0.39,5.76,13.12
2017-05-11,18.54,8.98,12.53,0.0,0.39,5.64,9.76
2017-05-12,19.39,7.69,12.1,0.0,0.39,5.95,9.96
2017-05-13,17.86,7.14,11.09,0.0,0.39,6.01,10.4
2017-05-14,16.97,5.93,10.19,0.0,0.39,5.5,12.33
2017-05-15,17.49,5.26,10.27,0.0,0.39,4.88,12.11
2017-05-16,15.65,7.15,11.92,0.04,0.39,3.81,4.9
2017-05-17,16.62,11.24,13.48,1.55,0.39,6.66,4.09
2017-05-18,17.58,10.68,13.09,2.6,0.39,8.46,3.09
2017-05-19,14.37,9.62,11.99,2.48,0.4,10.15,4.68
2017-05-20,19.45,8.52,13.33,0.6,0.4,8.82,9.05
2017-05-21,22.66,9.66,14.83,0.14,0.4,6.79,11.44
2017-05-22,22.37,9.58,15.1,1.36,0.4,6.84,9.62
2017-05-23,18.6,9.68,13.66,3.09,0.4,9.44,10.05
2017-05-24,17.79,9.64,13.2,0.49,0.41,9.54,8.14
2017-05-25,18.63,10.11,13.76,1.7,0.41,11.05,7.47
2017-05-26,18.56,7.8,12.73,0.05,0.41,8.81,9.0
2017-05-27,20.07,10.1,13.83,2.43,0.41,6.97,8.04
2017-05-28,13.84,8.37,10.59,1.48,0.41,5.69,8.83
2017-05-29,14.06,7.26,10.81,1.04,0.41,8.02,7.98
2017-05-30,14.07,4.27,10.03,0.7,0.41,4.21,9.76
2017-05-31,14.7,3.4,7.95,0.08,0.41,3.55,9.44
2017-06-01,15.22,2.29,8.33,0.0,0.41,3.1,9.95
2017-06-02,15.05,1.48,7.49,0.0,0.41,2.61,11.0
2017-06-03,16.23,1.32,8.01,0.01,0.41,1.68,10.91
2017-06-04,14.96,1.22,7.97,0.03,0.41,2.83,10.03
2017-06-05,15.61,4.72,9.88,1.78,0.41,8.39,6.99
2017-06-06,14.97,3.98,9.04,0.02,0.41,4.05,10.43
2017-06-07,14.71,2.54,7.33,0.0,0.41,3.07,10.88
2017-06-08,14.59,3.15,7.8,0.09,0.41,5.85,7.14
2017-06-09,14.44,4.62,9.36,0.06,0.41,7.1,7.16
2017-06-10,15.36,5.32,9.27,0.01,0.41,6.98,6.48
2017-06-11,14.79,4.34,9.14,0.67,0.41,7.77,7.58
2017-06-12,17.73,9.72,12.59,0.27,0.41,10.57,5.39
2017-06-13,18.0,7.78,12.18,0.04,0.41,8.75,8.41
2017-06-14,18.13,6.29,11.03,0.0,0.41,6.27,8.5
2017-06-15,18.95,7.71,12.01,0.0,0.41,4.47,8.73
2017-06-16,16.54,6.3,10.07,0.0,0.41,4.44,6.28
2017-06-17,16.55,3.55,9.07,0.0,0.41,7.24,9.31
2017-06-18,17.36,7.21,11.03,0.33,0.41,9.79,8.25
2017-06-19,17.77,7.63,11.5,0.08,0.41,8.31,6.74
2017-06-20,18.3,5.06,10.13,0.0,0.41,5.74,10.2
2017-06-21,16.52,6.67,10.74,0.03,0.41,8.57,5.59
2017-06-22,17.25,5.97,10.51,0.0,0.41,3.15,9.3
2017-06-23,17.66,3.51,9.63,0.27,0.41,4.39,7.49
2017-06-24,12.74,6.68,8.96,0.75,0.41,6.6,6.69
2017-06-25,14.23,6.7,10.22,0.46,0.41,7.7,8.37
2017-06-26,14.15,7.39,10.17,0.13,0.41,6.41,7.32
2017-06-27,12.86,6.17,9.22,0.01,0.41,6.07,7.84
2017-06-28,14.4,6.15,9.31,2.51,0.41,6.74,7.39
2017-06-29,12.7,4.62,8.53,1.87,0.41,7.05,7.67
2017-06-30,13.29,2.91,6.76,0.01,0.42,1.49,10.34
2017-07-01,14.4,1.52,6.65,0.0,0.41,-0.79,10.49
2017-07-02,16.04,3.12,8.14,0.0,0.41,-2.89,10.54
2017-07-03,13.65,5.37,9.85,3.2,0.41,3.73,6.67
2017-07-04,15.28,8.74,11.24,0.92,0.42,9.58,6.11
2017-07-05,15.11,6.29,9.84,0.39,0.42,7.12,8.42
2017-07-06,14.81,4.98,9.0,1.07,0.42,5.92,7.15
2017-07-07,12.74,2.75,7.63,0.33,0.42,5.82,9.17
2017-07-08,14.66,6.84,10.02,2.28,0.42,6.34,6.84
2017-07-09,13.47,6.2,9.2,0.92,0.42,5.53,8.33
2017-07-10,14.22,6.92,9.58,2.15,0.42,7.22,8.44
2017-07-11,15.87,5.64,9.94,0.08,0.43,5.67,10.22
2017-07-12,16.04,6.68,10.2,0.0,0.42,1.62,9.63
2017-07-13,17.79,8.43,12.06,0.44,0.42,4.32,8.25
2017-07-14,14.38,6.26,10.12,0.85,0.42,6.09,9.14
2017-07-15,13.36,3.82,8.08,0.12,0.42,3.17,8.42
2017-07-16,14.25,5.85,9.33,1.14,0.42,3.47,6.04
2017-07-17,15.07,6.43,10.21,2.14,0.42,6.84,8.21
2017-07-18,12.62,8.94,10.58,4.93,0.43,8.71,6.45
2017-07-19,13.25,5.4,9.52,0.46,0.44,5.55,7.82
2017-07-20,13.32,5.61,8.83,0.0,0.43,3.7,9.79
2017-07-21,15.63,2.69,8.38,0.0,0.43,1.44,11.75
2017-07-22,18.74,6.5,11.21,0.0,0.43,1.06,10.84
2017-07-23,16.58,7.83,11.14,0.56,0.43,8.91,9.06
2017-07-24,16.45,8.36,10.98,0.42,0.43,7.48,9.98
2017-07-25,17.79,6.09,11.32,0.72,0.43,7.27,10.46
2017-07-26,15.46,5.98,10.94,0.21,0.43,6.48,10.51
2017-07-27,15.18,5.56,9.4,4.21,0.43,5.74,5.63
2017-07-28,15.19,5.56,10.7,0.01,0.44,4.32,8.12
2017-07-29,22.89,9.55,13.6,4.32,0.44,3.69,5.11
2017-07-30,14.06,6.03,10.11,3.11,0.45,7.47,11.13
2017-07-31,12.76,4.66,8.58,3.68,0.45,6.33,10.16
2017-08-01,15.86,5.21,10.02,0.12,0.45,5.96,10.29
2017-08-02,16.44,4.8,9.8,0.01,0.45,3.38,9.09
2017-08-03,12.9,4.62,8.23,1.38,0.45,4.73,3.7
2017-08-04,13.44,3.71,8.56,4.01,0.45,6.57,7.19
2017-08-05,14.4,8.01,10.42,2.75,0.46,6.43,9.84
2017-08-06,10.94,7.13,8.6,3.78,0.46,5.85,7.99
2017-08-07,14.5,6.02,10.1,0.61,0.46,5.14,11.42
2017-08-08,16.66,5.75,10.77,0.04,0.46,6.95,9.59
2017-08-09,16.75,5.56,11.21,0.0,0.46,3.27,8.59
2017-08-10,19.83,8.12,12.75,1.01,0.46,3.93,10.12
2017-08-11,15.75,8.55,11.9,0.42,0.46,6.03,10.61
2017-08-12,16.93,6.15,11.97,0.21,0.46,7.16,10.01
2017-08-13,22.96,5.74,13.02,0.0,0.45,1.32,14.4
2017-08-14,21.8,9.06,15.0,0.0,0.45,7.65,14.17
2017-08-15,18.38,11.93,14.46,4.02,0.45,12.05,3.33
2017-08-16,15.85,11.22,12.78,1.55,0.46,7.1,12.25
2017-08-17,14.26,9.06,11.26,4.9,0.46,6.85,10.2
2017-08-18,12.55,5.55,9.47,1.98,0.46,4.32,13.12
2017-08-19,13.9,3.19,7.7,0.16,0.46,2.15,14.85
2017-08-20,14.62,2.53,8.35,0.29,0.46,1.08,10.17
2017-08-21,14.35,5.23,9.15,0.35,0.46,5.48,11.47
2017-08-22,16.48,5.98,10.34,0.73,0.46,7.6,11.1
2017-08-23,16.0,5.45,10.2,4.0,0.46,8.36,11.28
2017-08-24,15.45,5.21,9.16,0.53,0.47,4.48,13.81
2017-08-25,15.72,5.37,9.6,0.0,0.46,5.68,12.21
2017-08-26,14.53,6.16,9.94,0.73,0.46,6.99,10.77
2017-08-27,13.4,2.52,7.94,0.11,0.46,1.96,14.58
2017-08-28,13.24,1.32,7.36,0.01,0.46,3.3,13.46
2017-08-29,13.32,4.28,8.01,0.0,0.46,4.79,12.7
2017-08-30,16.96,4.28,10.0,0.0,0.46,5.49,14.06
2017-08-31,17.3,4.33,10.45,0.0,0.46,2.77,18.15
2017-09-01,22.09,6.78,13.83,0.0,0.45,1.28,14.32
2017-09-02,22.58,11.34,15.38,0.02,0.45,7.09,6.36
2017-09-03,14.71,8.82,11.88,2.17,0.45,6.89,14.21
2017-09-04,11.78,7.27,9.21,1.54,0.45,3.17,14.5
2017-09-05,12.06,7.28,9.58,1.71,0.46,5.42,14.57
2017-09-06,14.81,8.24,10.83,1.11,0.46,6.53,14.65
2017-09-07,16.03,9.08,11.73,0.85,0.45,6.58,15.56
2017-09-08,15.31,5.02,9.53,0.16,0.45,4.1,15.27
2017-09-09,15.86,4.83,9.58,0.02,0.45,3.96,11.21
2017-09-10,19.64,2.59,11.26,0.0,0.45,3.82,19.22
2017-09-11,23.82,11.2,15.78,0.04,0.45,5.99,13.43
2017-09-12,22.43,11.49,15.92,0.12,0.45,11.21,13.59
2017-09-13,12.81,7.6,10.37,1.09,0.45,4.54,16.31
2017-09-14,14.82,6.93,10.77,0.5,0.45,6.03,14.18
2017-09-15,16.71,8.28,11.99,1.38,0.45,8.9,11.16
2017-09-16,16.83,4.23,10.11,0.08,0.44,2.06,21.5
2017-09-17,22.29,4.46,13.2,0.0,0.44,-0.24,21.09
2017-09-18,18.67,9.95,12.77,1.92,0.44,3.53,10.49
2017-09-19,17.6,6.42,11.3,0.05,0.44,4.08,15.65
2017-09-20,22.3,5.55,13.63,0.0,0.44,2.83,17.94
2017-09-21,21.9,8.32,14.82,0.0,0.44,5.04,18.05
2017-09-22,28.55,6.25,17.35,0.0,0.43,6.48,21.13
2017-09-23,24.18,12.15,16.96,0.21,0.43,8.58,19.55
2017-09-24,17.02,9.74,13.04,2.79,0.43,8.01,16.93
2017-09-25,16.81,5.31,11.11,0.15,0.43,6.45,18.16
2017-09-26,20.37,3.1,12.23,0.0,0.43,2.88,18.7
2017-09-27,23.19,8.34,15.08,0.04,0.43,5.2,19.39
2017-09-28,17.25,9.37,12.41,0.06,0.43,6.53,17.38
2017-09-29,18.07,8.43,12.88,1.15,0.43,6.62,18.39
2017-09-30,19.24,7.68,12.82,0.09,0.43,5.25,19.74
2017-10-01,17.98,7.02,12.4,0.0,0.43,7.07,14.29
2017-10-02,21.49,6.9,13.04,0.01,0.42,6.58,19.16
2017-10-03,26.1,6.58,15.63,0.0,0.42,4.58,24.34
2017-10-04,29.97,9.87,18.52,0.06,0.42,5.81,13.41
2017-10-05,17.97,6.12,13.33,0.04,0.42,7.37,16.38
2017-10-06,21.37,5.44,13.25,0.0,0.42,5.8,22.43
2017-10-07,25.86,9.56,17.81,0.0,0.42,6.18,15.36
2017-10-08,26.49,12.41,18.97,0.17,0.41,9.11,24.59
2017-10-09,19.86,7.5,13.56,0.44,0.41,5.78,24.07
2017-10-10,24.99,7.0,16.06,0.0,0.41,4.13,25.27
2017-10-11,22.87,11.34,16.54,1.91,0.41,7.83,6.77
2017-10-12,17.33,10.64,13.43,0.01,0.41,6.2,16.75
2017-10-13,19.88,8.96,14.27,0.02,0.41,8.16,16.58
2017-10-14,23.68,6.85,14.9,0.0,0.41,7.23,23.89
2017-10-15,26.05,7.48,16.57,0.0,0.41,6.32,26.63
2017-10-16,32.03,10.26,21.59,0.0,0.41,8.64,26.72
2017-10-17,33.71,17.74,25.36,0.0,0.4,5.54,27.18
2017-10-18,34.88,18.27,26.72,0.02,0.4,9.66,25.72
2017-10-19,23.71,12.45,18.38,0.8,0.4,9.16,17.39
2017-10-20,21.81,7.91,14.19,0.04,0.4,2.68,27.0
2017-10-21,20.47,6.93,13.43,0.0,0.4,5.58,13.27
2017-10-22,19.37,9.51,13.86,0.0,0.4,8.55,17.31
2017-10-23,24.23,8.51,15.83,0.0,0.4,8.29,18.14
2017-10-24,26.71,11.0,18.69,0.34,0.4,8.29,13.43
2017-10-25,27.37,13.88,20.0,1.32,0.39,10.5,23.13
2017-10-26,24.6,10.51,16.77,1.71,0.4,7.78,24.46
2017-10-27,32.26,9.72,19.99,0.01,0.4,8.29,24.27
2017-10-28,22.12,10.02,15.39,0.0,0.39,6.91,24.32
2017-10-29,29.8,10.68,16.69,0.19,0.39,6.38,23.07
2017-10-30,15.91,6.99,11.65,0.32,0.39,2.9,23.66
2017-10-31,19.05,7.62,13.43,0.06,0.39,5.79,17.44
2017-11-01,21.62,10.85,14.71,0.01,0.39,8.85,17.59
2017-11-02,22.04,8.43,14.3,0.01,0.39,6.48,14.98
2017-11-03,19.5,6.2,12.34,0.0,0.39,1.18,24.48
2017-11-04,21.4,3.19,12.63,0.0,0.39,0.24,30.41
2017-11-05,23.75,6.92,15.01,0.0,0.39,0.83,29.47
2017-11-06,21.44,6.32,13.46,0.0,0.39,3.26,28.99
2017-11-07,23.11,8.49,15.23,0.01,0.39,4.09,25.56
2017-11-08,27.2,5.65,16.73,0.0,0.39,3.22,31.51
2017-11-09,29.55,10.58,20.58,0.0,0.39,3.92,28.46
2017-11-10,33.27,14.58,23.76,0.0,0.38,5.54,22.4
2017-11-11,35.72,17.59,26.47,0.0,0.38,6.03,21.17
2017-11-12,35.44,16.13,26.34,0.0,0.38,6.82,22.22
2017-11-13,37.07,18.7,28.73,0.0,0.38,6.2,24.89
2017-11-14,38.04,21.05,29.44,0.0,0.38,7.71,21.74
2017-11-15,22.33,13.39,18.85,3.3,0.38,14.74,3.91
2017-11-16,16.24,12.52,13.91,1.14,0.39,10.51,8.4
2017-11-17,22.5,12.21,17.0,0.05,0.39,10.71,17.64
2017-11-18,28.32,11.13,20.57,0.0,0.39,10.1,23.81
2017-11-19,32.44,15.13,24.49,0.0,0.38,12.17,27.37
2017-11-20,34.77,18.23,27.1,0.0,0.38,10.94,28.88
2017-11-21,36.44,19.67,28.25,0.0,0.38,7.04,29.48
2017-11-22,37.29,20.47,28.98,0.0,0.38,5.18,30.57
2017-11-23,35.67,18.87,27.47,0.03,0.38,8.08,20.75
2017-11-24,31.02,20.25,25.39,0.66,0.38,13.16,21.1
2017-11-25,32.72,19.47,25.51,0.34,0.38,14.17,22.2
2017-11-26,29.7,14.36,22.45,0.02,0.38,13.48,11.15
2017-11-27,31.67,13.5,22.08,0.0,0.38,8.55,32.79
2017-11-28,36.06,14.71,26.31,0.0,0.38,10.18,32.35
2017-11-29,38.81,24.39,30.93,0.35,0.38,15.37,24.42
2017-11-30,35.55,19.7,27.13,0.54,0.38,17.62,17.06
2017-12-01,25.43,14.53,19.52,2.02,0.38,12.23,13.98
2017-12-02,21.9,12.16,16.53,0.06,0.38,5.84,19.5
2017-12-03,21.96,11.79,15.99,0.04,0.38,4.77,21.77
2017-12-04,24.68,10.9,17.34,0.02,0.38,6.34,24.85
2017-12-05,26.53,9.01,17.73,0.0,0.38,4.5,32.52
2017-12-06,26.15,11.11,17.67,0.0,0.38,7.0,29.8
2017-12-07,21.17,9.26,14.47,0.39,0.38,7.55,14.44
2017-12-08,23.47,9.9,16.44,0.01,0.38,5.74,28.86
2017-12-09,25.53,12.32,18.31,0.01,0.38,10.23,22.59
2017-12-10,29.55,10.72,19.66,0.0,0.38,8.5,33.85
2017-12-11,31.74,11.43,21.53,0.0,0.38,7.94,33.81
2017-12-12,36.21,12.97,25.41,0.0,0.38,4.8,33.01
2017-12-13,41.4,19.3,28.91,0.0,0.38,4.08,21.98
2017-12-14,26.79,13.01,20.1,0.0,0.38,8.92,29.39
2017-12-15,28.43,10.64,18.91,0.0,0.38,6.4,33.61
2017-12-16,30.53,11.97,20.92,0.0,0.38,9.16,31.96
2017-12-17,35.46,15.02,25.97,0.0,0.38,7.53,21.06
2017-12-18,35.77,23.13,29.07,0.0,0.38,9.47,10.32
2017-12-19,31.98,16.6,24.64,0.0,0.38,10.76,27.88
2017-12-20,24.82,14.64,19.14,0.0,0.38,9.12,25.0
2017-12-21,28.18,13.9,19.65,0.0,0.38,8.96,28.18
2017-12-22,31.9,12.3,21.14,0.0,0.38,7.67,33.1
2017-12-23,33.22,14.5,22.23,0.0,0.37,7.78,18.31
2017-12-24,26.34,12.29,18.98,0.0,0.37,4.87,31.48
2017-12-25,30.55,11.38,21.09,0.0,0.37,4.97,34.28
2017-12-26,33.92,12.61,23.52,0.0,0.37,1.91,34.86
2017-12-27,40.89,17.58,28.21,0.01,0.37,4.12,23.9
2017-12-28,32.4,18.56,24.43,0.0,0.37,12.71,17.27
2017-12-29,25.75,15.21,19.97,0.01,0.37,10.51,16.28
2017-12-30,23.76,12.37,18.2,0.04,0.37,9.22,26.46
2017-12-31,27.06,10.86,18.45,0.0,0.37,9.32,29.74
2018-01-01,27.53,13.72,19.51,0.0,0.37,11.14,26.45
2018-01-02,24.76,14.21,18.42,0.01,0.37,9.09,25.18
2018-01-03,28.35,12.29,19.73,0.0,0.37,8.31,30.04
2018-01-04,31.84,13.08,22.35,0.0,0.37,7.73,33.32
2018-01-05,37.9,13.54,26.83,0.0,0.37,5.21,33.2
2018-01-06,43.24,18.95,30.05,0.0,0.37,4.9,33.08
2018-01-07,32.22,17.07,23.56,0.0,0.37,6.9,27.17
2018-01-08,30.44,14.66,20.99,0.03,0.37,6.95,31.71
2018-01-09,27.69,14.41,20.48,0.31,0.37,5.99,32.13
2018-01-10,31.43,12.08,22.12,0.0,0.37,3.57,27.77
2018-01-11,38.35,17.5,28.43,0.05,0.37,8.41,24.01
2018-01-12,27.5,14.36,21.76,0.27,0.37,13.59,9.37
2018-01-13,22.71,13.21,17.55,0.52,0.37,7.38,22.54
2018-01-14,28.64,10.82,19.31,0.01,0.37,3.88,32.69
2018-01-15,32.92,14.05,22.64,0.0,0.37,8.93,29.51
2018-01-16,34.84,12.38,23.94,0.0,0.37,3.32,32.96
2018-01-17,38.76,16.2,28.44,0.0,0.37,1.78,33.42
2018-01-18,43.41,21.03,32.61,0.0,0.37,-2.37,33.32
2018-01-19,44.35,22.29,32.95,0.0,0.37,3.06,32.39
2018-01-20,36.8,21.18,27.24,0.0,0.37,12.6,19.72
2018-01-21,37.17,21.2,29.37,0.0,0.37,9.95,26.17
2018-01-22,33.39,14.98,24.41,0.0,0.37,10.8,31.21
2018-01-23,32.71,12.72,22.04,0.0,0.37,8.44,32.46
2018-01-24,33.47,13.96,23.42,0.0,0.37,7.83,32.38
2018-01-25,37.78,14.99,26.23,0.0,0.37,6.76,31.98
2018-01-26,33.53,19.04,26.4,0.0,0.37,10.85,18.66
2018-01-27,38.95,19.36,29.7,0.0,0.37,10.12,29.09
2018-01-28,42.72,25.63,33.87,0.0,0.37,10.01,28.05
2018-01-29,28.82,16.69,24.94,0.33,0.37,14.47,16.71
2018-01-30,24.33,13.82,18.51,0.0,0.37,5.83,23.61
2018-01-31,26.26,12.09,18.37,0.04,0.37,4.81,24.03
2018-02-01,28.88,10.72,19.3,0.04,0.37,4.74,31.62
2018-02-02,31.59,12.97,21.89,0.03,0.37,8.42,30.91
2018-02-03,33.38,14.59,24.19,0.0,0.37,7.68,31.18
2018-02-04,36.44,17.25,27.34,0.0,0.37,8.15,30.06
2018-02-05,35.37,20.17,27.76,0.0,0.37,6.8,27.33
2018-02-06,37.68,16.37,26.93,0.0,0.37,4.79,30.21
2018-02-07,39.28,19.22,29.49,0.0,0.37,7.09,29.17
2018-02-08,37.0,23.04,29.26,0.0,0.37,7.77,21.69
2018-02-09,38.64,23.94,30.6,0.0,0.37,9.69,25.2
2018-02-10,37.99,17.27,26.96,0.01,0.37,10.38,21.77
2018-02-11,26.91,14.39,19.52,0.0,0.37,6.91,23.89
2018-02-12,27.53,14.53,20.1,0.0,0.37,8.73,24.32
2018-02-13,29.88,13.39,21.31,0.0,0.37,10.14,29.21
2018-02-14,23.57,13.03,18.57,0.09,0.37,6.55,28.9
2018-02-15,23.83,12.32,17.63,0.01,0.37,10.74,15.42
2018-02-16,27.12,12.66,18.81,0.0,0.37,8.54,27.24
2018-02-17,27.26,10.8,19.3,0.0,0.37,10.05,26.63
2018-02-18,27.43,15.22,20.43,0.0,0.37,12.16,10.39
2018-02-19,29.55,14.83,22.06,0.0,0.37,11.1,28.02
2018-02-20,34.92,16.85,26.9,0.0,0.37,11.96,23.89
2018-02-21,32.93,21.82,27.37,0.23,0.37,11.14,8.49
2018-02-22,27.24,21.81,23.69,1.98,0.38,16.59,8.13
2018-02-23,38.26,22.88,28.39,0.1,0.38,17.89,18.57
2018-02-24,27.3,16.17,21.93,0.05,0.38,14.11,18.47
2018-02-25,25.61,12.9,18.66,0.0,0.38,6.17,22.49
2018-02-26,30.76,10.47,20.68,0.0,0.38,6.72,27.46
2018-02-27,35.82,14.87,26.35,0.0,0.38,5.91,27.06
2018-02-28,23.95,15.58,19.61,0.0,0.37,10.13,14.48
2018-03-01,29.99,15.34,21.78,0.0,0.37,9.08,24.81
2018-03-02,32.99,17.61,23.91,0.0,0.37,8.51,23.12
2018-03-03,27.79,15.33,20.43,0.0,0.37,11.32,25.12
2018-03-04,24.97,12.19,17.6,0.0,0.37,7.71,21.72
2018-03-05,25.93,11.1,18.05,0.0,0.37,6.65,22.97
2018-03-06,29.17,11.47,19.85,0.0,0.37,7.04,26.04
2018-03-07,34.04,14.06,24.19,0.0,0.37,6.82,25.33
2018-03-08,34.71,16.94,25.81,0.0,0.37,2.99,25.66
2018-03-09,36.43,17.33,26.78,0.0,0.37,3.81,25.51
2018-03-10,37.36,18.77,27.5,0.0,0.37,5.15,25.28
2018-03-11,32.25,13.8,22.75,0.0,0.37,11.05,23.36
2018-03-12,26.82,12.25,18.29,0.0,0.37,8.98,24.35
2018-03-13,27.45,12.42,19.22,0.0,0.37,8.97,22.87
2018-03-14,26.78,12.73,18.65,0.0,0.37,9.74,23.2
2018-03-15,26.13,12.55,18.03,0.0,0.37,8.82,18.96
2018-03-16,27.58,12.16,19.1,0.0,0.37,9.86,10.85
2018-03-17,33.33,16.48,23.88,0.0,0.37,9.6,9.05
2018-03-18,20.44,13.44,17.19,0.05,0.37,5.84,22.11
2018-03-19,23.64,13.47,17.97,0.02,0.37,11.79,14.44
2018-03-20,23.28,11.85,17.12,0.0,0.37,4.7,16.29
2018-03-21,27.99,9.26,18.88,0.0,0.37,6.45,22.54
2018-03-22,29.89,18.55,22.52,0.18,0.37,11.6,18.81
2018-03-23,32.66,18.99,25.7,0.01,0.37,10.69,20.35
2018-03-24,31.8,17.51,23.96,0.13,0.37,12.86,14.77
2018-03-25,21.04,10.74,16.77,0.31,0.37,9.12,16.02
2018-03-26,20.13,10.14,14.2,0.01,0.37,4.45,13.84
2018-03-27,26.93,9.46,18.7,0.0,0.37,2.64,12.36
2018-03-28,26.76,13.49,19.75,0.0,0.37,8.33,18.39
2018-03-29,24.47,13.83,17.84,0.0,0.37,10.51,18.5
2018-03-30,24.78,11.55,17.57,0.0,0.37,10.82,16.4
2018-03-31,24.32,9.75,16.41,0.0,0.37,6.77,19.89
2018-04-01,26.77,13.43,18.81,0.0,0.37,6.62,15.24
2018-04-02,23.85,11.33,17.13,0.0,0.37,10.44,15.05
2018-04-03,25.21,12.37,17.98,0.09,0.37,8.76,18.87
2018-04-04,26.78,9.26,17.26,0.01,0.37,7.93,19.8
2018-04-05,24.0,9.37,15.98,0.0,0.37,8.67,18.6
2018-04-06,25.48,11.41,17.35,0.02,0.37,9.88,18.28
2018-04-07,29.16,11.35,20.17,0.0,0.37,5.53,19.01
2018-04-08,34.85,15.77,22.59,0.0,0.37,4.98,15.5
2018-04-09,33.77,17.14,23.92,0.0,0.37,8.37,17.13
2018-04-10,32.13,17.75,23.62,0.0,0.37,8.14,9.65
2018-04-11,35.64,17.08,24.9,0.01,0.37,9.67,17.25
2018-04-12,25.8,14.65,19.81,0.43,0.37,10.85,15.5
2018-04-13,22.71,12.73,17.04,1.21,0.37,10.56,13.97
2018-04-14,17.19,12.49,14.66,2.64,0.38,7.02,12.28
2018-04-15,19.38,14.07,16.51,1.19,0.38,12.29,13.4
2018-04-16,20.32,10.93,16.33,0.21,0.38,11.13,12.22
2018-04-17,20.18,7.94,13.25,0.0,0.38,4.07,17.16
2018-04-18,20.37,8.17,13.95,0.0,0.38,3.93,16.55
2018-04-19,28.39,11.86,19.2,0.0,0.38,5.1,16.31
2018-04-20,30.46,12.54,20.75,0.01,0.38,6.49,15.32
2018-04-21,30.73,15.01,21.45,0.0,0.38,7.08,14.93
2018-04-22,28.73,12.5,19.54,0.03,0.38,8.28,15.62
2018-04-23,32.01,13.33,21.01,0.0,0.38,6.15,13.94
2018-04-24,23.88,12.65,18.87,0.73,0.38,12.3,9.08
2018-04-25,21.81,11.8,15.27,0.13,0.38,10.75,11.85
2018-04-26,20.97,9.36,14.28,0.07,0.38,8.17,11.81
2018-04-27,21.4,7.28,13.54,0.0,0.38,6.08,15.32
2018-04-28,23.34,7.96,14.75,0.0,0.38,7.02,13.71
2018-04-29,22.0,8.2,14.05,0.0,0.38,7.25,14.87
2018-04-30,23.37,7.46,14.78,0.02,0.38,3.77,14.93
2018-05-01,24.9,9.08,16.26,0.0,0.38,-0.45,11.63
2018-05-02,23.93,13.26,17.84,0.0,0.38,0.05,11.4
2018-05-03,18.32,12.55,14.83,4.82,0.38,7.09,3.06
2018-05-04,17.98,11.76,14.53,0.53,0.39,6.76,12.45
2018-05-05,20.54,11.03,14.8,0.67,0.39,10.89,12.52
2018-05-06,22.26,9.9,15.36,0.08,0.39,9.11,10.45
2018-05-07,20.52,12.19,15.14,0.31,0.39,5.01,4.69
2018-05-08,18.64,7.53,12.37,0.01,0.39,5.92,12.3
2018-05-09,17.53,7.57,12.64,3.52,0.39,8.64,8.45
2018-05-10,13.08,8.92,10.49,3.85,0.4,5.34,8.5
2018-05-11,16.28,8.04,11.19,0.35,0.4,5.84,10.26
2018-05-12,18.44,6.58,11.81,0.0,0.4,6.94,8.48
2018-05-13,19.0,7.63,12.23,0.0,0.4,7.86,11.78
2018-05-14,18.09,6.39,11.05,0.0,0.4,7.92,6.32
2018-05-15,17.1,5.67,11.06,0.13,0.39,6.03,7.34
2018-05-16,16.99,4.71,9.71,0.01,0.39,4.34,7.11
2018-05-17,15.53,5.77,10.99,0.04,0.39,7.45,5.57
2018-05-18,18.01,9.95,13.62,0.5,0.39,9.92,9.78
2018-05-19,17.02,8.29,11.77,0.18,0.39,8.05,7.2
2018-05-20,16.13,11.48,13.7,0.25,0.39,10.97,3.1
2018-05-21,17.56,12.37,14.16,0.16,0.39,10.55,4.93
2018-05-22,17.3,11.68,14.13,0.08,0.39,10.37,5.89
2018-05-23,17.49,9.68,13.25,0.02,0.39,9.29,3.85
2018-05-24,16.85,7.51,12.72,0.0,0.39,7.36,5.89
2018-05-25,18.03,5.1,10.57,0.0,0.39,5.13,11.73
2018-05-26,17.94,6.58,11.71,0.0,0.39,3.76,8.83
2018-05-27,20.37,12.75,15.92,0.12,0.39,9.61,4.11
2018-05-28,21.51,13.63,17.35,1.69,0.39,12.51,8.37
2018-05-29,15.48,7.39,12.04,9.53,0.4,7.4,6.21
2018-05-30,16.49,5.44,11.41,0.53,0.41,6.77,8.86
2018-05-31,16.74,5.11,9.98,0.0,0.41,2.31,11.37
2018-06-01,16.51,4.42,9.17,0.0,0.41,1.07,9.73
2018-06-02,18.46,4.94,11.64,0.0,0.41,1.92,10.19
2018-06-03,18.93,5.45,11.14,0.01,0.41,5.6,9.97
2018-06-04,16.16,6.22,10.38,0.03,0.41,7.6,7.92
2018-06-05,16.24,5.78,9.19,0.0,0.41,5.38,10.83
2018-06-06,18.21,4.75,10.55,0.0,0.41,4.42,10.35
2018-06-07,17.09,10.38,13.49,0.13,0.4,4.1,4.12
2018-06-08,15.96,10.23,12.27,2.04,0.4,7.54,4.92
2018-06-09,16.06,8.85,11.88,1.17,0.41,8.93,9.16
2018-06-10,17.63,8.13,11.88,0.0,0.41,5.84,8.97
2018-06-11,15.94,8.64,12.36,1.35,0.41,8.61,5.24
2018-06-12,15.49,9.91,12.17,0.96,0.41,8.42,6.77
2018-06-13,14.73,8.76,10.93,1.55,0.41,6.52,7.07
2018-06-14,14.88,9.37,11.64,4.8,0.41,7.63,6.86
2018-06-15,13.79,8.68,10.66,1.04,0.42,5.3,8.86
2018-06-16,12.13,6.02,8.54,3.65,0.42,5.17,7.24
2018-06-17,13.39,6.1,9.24,0.98,0.43,4.77,8.21
2018-06-18,12.94,3.8,7.73,0.02,0.43,4.26,7.09
2018-06-19,11.42,2.05,6.84,0.0,0.42,3.43,7.67
2018-06-20,12.8,3.44,6.84,0.01,0.42,1.3,7.84
2018-06-21,13.68,4.07,7.91,0.2,0.42,3.28,9.35
2018-06-22,15.76,2.62,7.88,0.0,0.42,2.35,9.73
2018-06-23,13.59,4.71,8.56,0.66,0.42,5.0,7.53
2018-06-24,12.15,5.48,8.25,0.04,0.42,5.11,6.59
2018-06-25,13.33,4.32,7.93,0.0,0.42,2.91,5.95
2018-06-26,14.63,3.09,8.35,0.04,0.42,4.34,7.44
2018-06-27,14.24,3.89,7.98,0.22,0.42,4.32,9.46
2018-06-28,13.55,3.28,7.17,0.0,0.42,3.26,7.64
2018-06-29,13.78,4.93,8.9,3.14,0.42,4.01,4.6
2018-06-30,13.8,6.49,9.22,0.51,0.43,5.52,8.55
2018-07-01,13.66,3.89,8.25,0.13,0.43,4.24,8.29
2018-07-02,13.02,2.2,7.07,0.0,0.43,1.27,9.95
2018-07-03,16.86,6.25,10.11,0.0,0.42,-0.85,6.58
2018-07-04,17.33,4.86,10.54,0.0,0.42,-1.28,5.4
2018-07-05,18.53,9.91,12.74,0.88,0.42,5.27,2.59
2018-07-06,14.0,9.44,11.28,3.57,0.42,6.52,8.96
2018-07-07,13.02,9.2,10.65,1.07,0.43,4.79,9.09
2018-07-08,12.88,8.75,10.85,0.66,0.43,8.34,8.35
2018-07-09,15.64,7.0,10.57,0.06,0.43,8.17,7.1
2018-07-10,11.99,5.44,8.28,0.16,0.43,6.86,4.79
2018-07-11,11.33,5.29,8.31,3.94,0.43,6.44,8.58
2018-07-12,11.88,3.17,5.92,0.06,0.43,3.06,7.05
2018-07-13,12.89,0.12,5.54,0.0,0.43,0.31,10.54
2018-07-14,15.29,1.13,6.87,0.01,0.43,-1.15,11.19
2018-07-15,16.47,2.62,9.08,0.03,0.43,1.75,11.05
2018-07-16,15.8,7.95,11.28,0.0,0.43,4.03,9.13
2018-07-17,14.07,8.13,10.24,3.5,0.43,3.12,5.62
2018-07-18,16.52,8.01,11.26,0.45,0.43,5.02,10.93
2018-07-19,11.26,5.91,8.4,1.96,0.44,3.94,3.37
2018-07-20,13.43,6.2,8.91,0.14,0.44,2.94,10.21
2018-07-21,12.94,4.66,8.96,0.14,0.44,5.26,7.61
2018-07-22,16.27,5.38,10.31,0.0,0.43,0.65,11.9
2018-07-23,17.35,8.0,12.15,3.5,0.43,2.72,4.48
2018-07-24,15.67,8.76,11.36,6.77,0.45,8.06,6.91
2018-07-25,14.55,7.07,9.96,1.55,0.45,6.9,8.07
2018-07-26,17.39,5.38,10.48,0.09,0.45,6.79,10.87
2018-07-27,21.18,6.75,12.45,0.0,0.45,4.81,11.86
2018-07-28,19.4,5.83,11.96,1.46,0.45,7.8,10.85
2018-07-29,12.88,6.6,9.91,1.07,0.45,4.76,10.05
2018-07-30,13.66,7.4,10.57,1.28,0.45,5.55,7.22
2018-07-31,15.31,9.54,11.87,3.28,0.45,7.59,8.86
2018-08-01,15.46,6.32,10.55,0.15,0.45,5.72,10.42
2018-08-02,19.57,6.27,13.14,0.0,0.45,2.58,11.75
2018-08-03,13.03,7.67,10.11,2.14,0.45,4.73,4.57
2018-08-04,16.72,7.17,11.44,1.14,0.45,4.57,7.32
2018-08-05,17.84,8.48,11.98,0.3,0.45,1.87,6.03
2018-08-06,11.11,7.24,8.8,1.9,0.45,5.83,6.91
2018-08-07,13.57,7.19,10.02,4.54,0.45,6.24,9.39
2018-08-08,15.23,8.61,11.24,0.73,0.46,6.96,10.6
2018-08-09,17.91,7.69,12.32,0.02,0.46,4.88,12.42
2018-08-10,17.95,6.68,11.34,6.24,0.46,3.91,8.76
2018-08-11,10.01,4.85,7.58,2.18,0.47,4.74,9.1
2018-08-12,13.56,4.84,9.54,0.53,0.47,6.42,11.14
2018-08-13,15.52,9.16,11.94,0.04,0.47,7.46,8.79
2018-08-14,19.08,6.02,12.09,0.0,0.46,3.95,15.11
2018-08-15,15.95,8.18,11.94,1.02,0.46,5.51,10.85
2018-08-16,14.33,6.58,9.57,0.43,0.46,4.95,11.13
2018-08-17,15.91,5.48,10.26,2.59,0.46,6.17,12.5
2018-08-18,12.08,7.51,9.31,1.6,0.46,4.63,12.83
2018-08-19,13.38,3.82,8.12,0.64,0.46,3.23,13.46
2018-08-20,11.74,5.02,8.57,0.1,0.46,5.5,8.23
2018-08-21,11.6,6.99,9.29,1.28,0.46,7.62,9.47
2018-08-22,17.32,4.51,9.71,0.06,0.46,4.23,16.16
2018-08-23,18.53,4.53,10.64,0.0,0.46,2.21,15.65
2018-08-24,19.46,4.76,11.07,0.0,0.46,2.41,16.61
2018-08-25,19.36,5.53,10.89,0.0,0.46,3.7,15.98
2018-08-26,16.78,5.64,10.39,0.11,0.46,7.4,10.89
2018-08-27,14.66,2.19,7.9,0.0,0.46,1.93,14.24
2018-08-28,15.31,2.87,8.16,0.0,0.45,1.73,17.4
2018-08-29,20.33,4.47,11.81,0.0,0.45,0.98,16.81
2018-08-30,19.47,9.91,13.22,1.64,0.45,4.5,2.22
2018-08-31,15.33,8.63,11.02,1.04,0.45,8.75,14.02
2018-09-01,14.01,3.82,9.63,0.79,0.45,5.65,12.97
2018-09-02,14.33,2.6,8.14,0.23,0.45,2.17,13.04
2018-09-03,15.0,1.91,8.04,0.03,0.45,3.05,13.59
2018-09-04,18.74,2.19,9.54,0.02,0.45,1.57,17.7
2018-09-05,21.08,6.1,13.76,0.0,0.45,3.44,12.84
2018-09-06,15.62,7.85,12.03,1.29,0.45,5.0,13.02
2018-09-07,16.34,5.67,9.88,0.16,0.45,3.87,18.16
2018-09-08,17.69,3.79,10.98,0.26,0.44,5.54,17.32
2018-09-09,19.04,8.9,12.79,0.22,0.44,9.79,11.96
2018-09-10,22.64,7.62,14.39,0.04,0.44,7.93,16.57
2018-09-11,26.65,9.58,15.15,0.88,0.44,3.54,14.14
2018-09-12,16.55,8.36,11.85,0.08,0.44,3.99,14.8
2018-09-13,20.29,7.65,12.74,0.01,0.44,5.61,18.66
2018-09-14,25.18,7.49,16.18,0.0,0.43,1.52,19.69
2018-09-15,12.25,6.4,9.56,1.36,0.43,2.55,17.2
2018-09-16,15.13,5.49,9.46,0.27,0.43,3.3,16.59
2018-09-17,20.38,4.14,12.06,0.0,0.43,0.78,21.26
2018-09-18,16.48,7.27,11.17,1.39,0.43,2.46,15.77
2018-09-19,14.49,6.98,10.15,0.89,0.43,4.08,16.85
2018-09-20,18.25,7.57,11.33,0.66,0.43,7.17,13.94
2018-09-21,20.31,7.24,12.39,0.02,0.43,8.43,15.02
2018-09-22,21.91,5.68,13.13,0.0,0.43,7.66,20.89
2018-09-23,18.44,6.79,12.29,0.08,0.43,4.94,17.59
2018-09-24,18.11,3.07,10.22,0.0,0.43,2.08,19.14
2018-09-25,18.86,3.53,10.58,0.0,0.43,2.56,22.27
2018-09-26,21.0,3.26,12.49,0.0,0.42,1.07,21.4
2018-09-27,19.97,6.69,13.05,0.0,0.42,5.92,14.59
2018-09-28,15.16,4.69,10.53,0.35,0.42,3.78,16.67
2018-09-29,17.79,3.56,9.87,0.02,0.42,2.12,19.49
2018-09-30,22.24,3.66,12.91,0.0,0.42,3.09,24.37
2018-10-01,25.66,7.82,16.18,0.0,0.42,0.8,20.84
2018-10-02,29.84,12.6,19.93,0.08,0.41,3.68,16.72
2018-10-03,19.89,8.37,14.73,0.49,0.41,8.83,12.27
2018-10-04,19.35,6.31,11.73,0.0,0.41,3.84,18.63
2018-10-05,23.12,4.83,13.75,0.0,0.41,5.07,24.73
2018-10-06,26.48,8.57,17.15,0.0,0.41,3.42,21.4
2018-10-07,25.47,13.29,18.57,0.0,0.41,8.33,16.18
2018-10-08,28.72,14.86,20.08,0.68,0.41,8.4,6.85
2018-10-09,19.59,9.87,14.91,1.4,0.41,10.5,7.65
2018-10-10,21.09,6.2,13.07,0.01,0.41,2.44,22.31
2018-10-11,24.3,5.23,14.67,0.0,0.41,4.47,25.79
2018-10-12,25.88,8.39,17.21,0.01,0.4,5.15,24.4
2018-10-13,25.81,12.42,18.96,0.1,0.4,8.09,18.33
2018-10-14,27.93,16.3,21.7,0.01,0.4,10.08,11.4
2018-10-15,29.0,16.53,21.94,0.42,0.4,12.58,6.47
2018-10-16,20.08,13.15,16.07,0.02,0.4,11.14,13.93
2018-10-17,15.78,12.41,14.03,0.09,0.4,10.55,8.64
2018-10-18,22.39,9.24,14.89,0.13,0.4,8.3,13.06
2018-10-19,31.22,9.31,19.0,0.32,0.4,5.54,13.29
2018-10-20,20.05,8.08,13.85,0.04,0.4,4.77,24.65
2018-10-21,24.46,7.84,15.54,0.01,0.4,5.7,26.02
2018-10-22,30.82,11.21,19.13,0.0,0.39,2.6,24.75
2018-10-23,18.82,6.66,13.39,0.07,0.39,4.86,22.39
2018-10-24,21.31,4.45,13.0,0.0,0.39,0.3,26.84
2018-10-25,27.19,7.97,16.03,0.0,0.39,1.28,26.7
2018-10-26,23.09,6.5,14.25,0.0,0.39,6.31,23.73
2018-10-27,24.42,7.52,15.34,0.0,0.39,6.7,24.92
2018-10-28,23.34,8.14,14.56,0.0,0.39,2.48,27.04
2018-10-29,26.3,5.73,15.25,0.0,0.39,2.84,29.78
2018-10-30,28.72,7.58,18.2,0.0,0.39,4.69,27.4
2018-10-31,32.11,11.63,21.36,0.15,0.39,8.61,19.53
2018-11-01,33.57,18.93,25.85,0.32,0.39,10.81,16.13
2018-11-02,24.95,13.58,20.05,0.09,0.38,11.8,26.8
2018-11-03,21.72,10.22,15.51,0.0,0.38,6.04,20.51
2018-11-04,25.48,9.33,16.67,0.79,0.38,8.01,20.0
2018-11-05,26.88,15.61,20.09,1.49,0.39,13.21,17.53
2018-11-06,21.21,9.13,15.93,3.04,0.39,8.96,19.36
2018-11-07,16.39,7.24,11.89,0.92,0.39,2.99,26.31
2018-11-08,19.32,8.1,13.34,0.01,0.39,4.09,21.56
2018-11-09,22.81,9.35,15.16,0.01,0.39,5.71,27.24
2018-11-10,25.39,9.13,16.51,0.0,0.39,5.79,27.2
2018-11-11,28.55,7.32,19.11,0.0,0.39,2.83,30.6
2018-11-12,34.63,17.08,24.72,0.0,0.38,3.83,19.25
2018-11-13,32.83,13.21,22.18,0.61,0.38,11.43,12.91
2018-11-14,23.18,10.04,16.25,0.17,0.38,8.84,19.03
2018-11-15,25.13,8.74,16.7,0.0,0.38,3.45,29.2
2018-11-16,25.27,7.9,16.46,0.0,0.38,0.55,32.04
2018-11-17,27.95,7.09,17.61,0.0,0.38,1.37,32.79
2018-11-18,31.84,9.03,21.33,0.0,0.38,2.31,33.02
2018-11-19,33.06,18.26,26.32,0.0,0.38,2.62,22.03
2018-11-20,20.5,8.99,15.53,0.35,0.38,9.32,8.79
2018-11-21,16.68,8.54,12.4,0.39,0.38,5.36,18.47
2018-11-22,15.21,8.47,11.75,0.24,0.38,5.55,22.01
2018-11-23,19.66,8.25,13.77,0.04,0.38,3.94,21.21
2018-11-24,25.48,7.35,16.73,0.01,0.38,6.14,24.51
2018-11-25,25.34,8.95,16.5,0.0,0.38,6.91,19.24
2018-11-26,27.4,9.81,18.16,0.0,0.38,7.44,29.36
2018-11-27,22.8,11.28,16.86,0.41,0.38,7.92,15.94
2018-11-28,24.88,11.45,17.2,0.06,0.38,8.49,18.21
2018-11-29,27.0,10.21,17.28,0.0,0.38,7.06,29.24
2018-11-30,25.18,8.6,16.74,0.0,0.38,6.87,31.95
2018-12-01,35.43,11.88,21.95,0.27,0.38,7.47,18.7
2018-12-02,20.35,11.65,15.59,0.02,0.38,6.01,26.03
2018-12-03,21.46,12.35,16.27,0.02,0.38,10.74,17.39
2018-12-04,28.14,10.95,19.44,0.0,0.38,8.47,28.09
2018-12-05,34.7,14.01,24.82,0.0,0.38,6.84,33.04
2018-12-06,39.22,19.78,29.79,0.0,0.38,3.38,31.93
2018-12-07,40.53,21.1,29.77,0.0,0.38,5.79,18.94
2018-12-08,32.56,19.34,24.44,0.01,0.38,13.1,16.92
2018-12-09,29.39,15.77,22.59,0.36,0.38,12.01,22.73
2018-12-10,31.79,11.7,21.86,0.0,0.38,4.29,33.95
2018-12-11,34.78,12.75,24.44,0.0,0.38,1.99,32.64
2018-12-12,35.23,17.06,26.87,1.37,0.38,7.88,20.74
2018-12-13,20.17,12.95,16.47,1.86,0.38,10.06,15.6
2018-12-14,25.36,14.18,19.21,1.76,0.38,11.9,18.13
2018-12-15,26.8,12.54,19.46,2.57,0.39,10.97,22.76
2018-12-16,29.6,14.11,20.77,0.69,0.39,12.03,24.74
2018-12-17,31.93,13.74,22.78,0.01,0.39,11.95,26.51
2018-12-18,28.09,15.6,21.55,0.06,0.38,9.78,11.59
2018-12-19,34.15,17.49,25.09,0.16,0.38,11.84,20.01
2018-12-20,28.8,14.53,21.43,0.01,0.38,9.92,26.58
2018-12-21,23.07,12.14,17.24,0.0,0.38,7.79,21.37
2018-12-22,26.8,11.38,18.23,0.0,0.38,5.83,30.91
2018-12-23,32.25,10.04,21.23,0.0,0.38,3.04,32.57
2018-12-24,37.52,14.45,26.14,0.0,0.38,1.09,34.49
2018-12-25,37.68,15.45,26.61,0.0,0.38,4.4,33.72
2018-12-26,39.3,15.15,26.75,0.0,0.38,5.2,33.79
2018-12-27,42.73,19.56,29.61,0.0,0.38,2.99,29.15
2018-12-28,39.0,19.69,29.66,0.0,0.38,9.51,19.09
2018-12-29,29.78,18.29,23.89,0.02,0.38,13.0,16.1
2018-12-30,32.52,16.33,23.43,0.0,0.38,6.43,32.71
2018-12-31,35.14,15.76,23.87,0.0,0.38,4.91,33.97
2019-01-01,33.41,13.74,23.12,0.01,0.37,7.1,33.6
2019-01-02,34.48,14.51,24.63,0.79,0.38,9.53,33.26
2019-01-03,39.76,16.44,29.35,0.37,0.38,6.73,33.08
2019-01-04,37.48,14.73,26.11,0.0,0.38,7.46,27.11
2019-01-05,23.96,13.46,18.39,0.0,0.38,7.03,27.83
2019-01-06,29.4,11.43,20.16,0.0,0.38,8.36,32.3
2019-01-07,30.1,13.03,21.3,0.0,0.38,8.76,28.87
2019-01-08,28.67,13.8,20.01,0.0,0.38,9.95,32.79
2019-01-09,26.36,12.2,18.38,0.0,0.37,4.18,33.64
2019-01-10,27.44,10.48,18.94,0.0,0.37,2.54,26.24
2019-01-11,38.27,14.97,27.36,0.0,0.37,1.93,32.25
2019-01-12,34.82,16.02,25.23,0.0,0.37,5.43,32.82
2019-01-13,36.79,12.87,24.59,0.0,0.37,4.23,33.56
2019-01-14,42.24,15.38,29.35,0.0,0.37,2.75,33.23
2019-01-15,44.42,22.67,31.85,0.0,0.37,5.65,28.09
2019-01-16,38.68,19.74,28.8,0.0,0.37,9.07,16.14
2019-01-17,38.24,24.72,30.88,0.04,0.37,14.13,13.38
2019-01-18,31.97,15.23,24.55,0.06,0.37,12.52,17.06
2019-01-19,31.13,13.43,21.59,0.0,0.37,5.73,32.23
2019-01-20,35.98,14.72,25.41,0.0,0.37,9.87,31.62
2019-01-21,38.9,18.29,28.59,0.0,0.37,11.33,29.88
2019-01-22,40.99,19.19,30.29,0.0,0.37,9.21,31.32
2019-01-23,40.1,20.71,29.84,0.0,0.37,8.52,31.57
2019-01-24,45.43,21.48,34.48,0.0,0.37,7.5,31.35
2019-01-25,33.63,19.01,26.22,0.0,0.37,12.16,16.61
2019-01-26,29.18,16.18,21.06,0.0,0.37,11.94,28.88
2019-01-27,26.83,14.87,20.5,0.35,0.37,9.12,28.65
2019-01-28,31.81,13.49,21.7,0.03,0.37,9.36,31.79
2019-01-29,33.71,14.4,23.5,0.43,0.37,7.67,31.66
2019-01-30,39.97,15.83,26.42,0.26,0.37,6.85,31.1
2019-01-31,26.54,13.28,19.73,0.23,0.37,4.57,29.77
2019-02-01,30.11,10.74,20.45,0.03,0.37,0.77,31.99
2019-02-02,36.88,13.29,25.4,0.0,0.37,1.36,31.75
2019-02-03,42.17,19.57,28.81,0.0,0.37,3.67,27.56
2019-02-04,31.84,16.04,23.1,0.0,0.37,10.97,28.65
2019-02-05,32.21,13.69,22.85,0.0,0.37,6.51,30.24
2019-02-06,29.63,18.11,23.59,1.65,0.38,12.94,11.65
2019-02-07,31.71,15.84,22.71,0.07,0.38,13.42,28.5
2019-02-08,25.31,14.97,18.45,0.21,0.38,9.26,24.35
2019-02-09,22.39,13.75,17.42,0.07,0.38,6.85,25.46
2019-02-10,23.17,13.75,17.94,0.02,0.38,9.59,20.87
2019-02-11,25.58,14.94,19.82,0.05,0.38,13.26,20.3
2019-02-12,19.39,12.98,16.28,0.15,0.38,5.89,22.35
2019-02-13,22.42,11.33,16.25,0.04,0.38,4.19,24.16
2019-02-14,27.01,11.57,18.63,0.0,0.38,8.56,22.61
2019-02-15,31.41,12.73,21.69,0.0,0.38,9.24,27.88
2019-02-16,33.03,13.59,22.95,0.0,0.37,8.1,28.14
2019-02-17,34.6,17.71,25.19,0.0,0.37,7.75,19.68
2019-02-18,25.39,15.1,19.55,0.0,0.37,9.55,26.85
2019-02-19,24.03,14.64,17.85,0.0,0.37,6.06,25.11
2019-02-20,25.61,13.63,18.62,0.0,0.37,9.82,20.57
2019-02-21,28.58,10.91,19.39,0.0,0.37,7.27,27.44
2019-02-22,31.82,12.49,21.91,0.0,0.37,8.28,27.64
2019-02-23,32.73,13.79,22.98,0.0,0.37,6.9,28.37
2019-02-24,37.84,16.29,27.35,0.0,0.37,5.72,28.16
2019-02-25,37.53,20.93,29.04,0.0,0.37,3.49,24.94
2019-02-26,37.41,18.21,27.45,0.0,0.37,7.14,26.5
2019-02-27,39.11,16.18,26.86,0.0,0.37,7.25,26.9
2019-02-28,38.34,19.78,28.97,0.0,0.37,7.11,20.09
2019-03-01,40.93,22.36,31.65,0.0,0.37,6.17,25.93
2019-03-02,40.31,24.88,31.92,0.0,0.37,6.33,25.81
2019-03-03,35.32,17.79,26.18,0.0,0.37,10.49,16.44
2019-03-04,32.64,15.4,22.76,0.0,0.37,6.04,25.34
2019-03-05,27.24,14.74,19.33,0.02,0.37,11.35,19.45
2019-03-06,20.36,9.65,15.33,0.02,0.37,2.48,22.62
2019-03-07,24.78,8.68,16.44,0.0,0.37,-0.54,25.4
2019-03-08,25.07,13.03,19.04,0.0,0.37,2.12,12.24
2019-03-09,29.93,14.81,21.1,0.0,0.37,10.31,22.34
2019-03-10,24.95,12.81,18.75,0.2,0.37,13.82,10.2
2019-03-11,24.88,12.84,18.14,0.15,0.37,11.48,14.73
2019-03-12,21.52,10.76,16.76,0.01,0.37,6.14,17.68
2019-03-13,21.61,9.51,15.13,0.0,0.37,3.38,20.1
2019-03-14,26.4,10.29,17.57,0.0,0.37,5.3,23.95
2019-03-15,27.11,9.93,18.31,0.0,0.37,9.14,20.85
2019-03-16,30.87,11.88,20.89,0.0,0.37,7.82,23.19
2019-03-17,33.11,13.36,22.43,0.0,0.37,9.36,23.13
2019-03-18,32.51,14.06,22.38,0.0,0.37,8.17,21.01
2019-03-19,32.78,15.1,23.59,0.0,0.37,7.46,22.47
2019-03-20,32.12,15.01,22.79,0.0,0.37,11.52,21.79
2019-03-21,29.27,14.68,21.94,0.0,0.37,12.31,15.22
2019-03-22,34.33,15.91,25.26,0.0,0.37,12.54,21.13
2019-03-23,26.72,16.28,21.01,0.0,0.37,13.73,19.45
2019-03-24,29.05,15.37,20.65,1.61,0.37,13.1,15.49
2019-03-25,18.23,13.22,15.14,0.37,0.38,3.93,17.21
2019-03-26,20.43,11.22,15.97,0.11,0.38,7.36,17.39
2019-03-27,24.99,9.1,16.93,0.0,0.38,8.1,20.86
2019-03-28,29.39,13.2,20.3,0.0,0.38,6.95,20.11
2019-03-29,22.21,9.91,15.94,0.08,0.38,5.91,10.57
2019-03-30,17.42,8.21,13.21,0.01,0.38,5.29,14.39
2019-03-31,19.91,11.95,15.8,0.02,0.38,10.26,13.73
2019-04-01,23.07,9.91,15.82,0.0,0.38,8.29,15.62
2019-04-02,27.93,10.72,19.1,0.0,0.38,4.81,19.84
2019-04-03,24.97,13.35,18.52,0.01,0.38,7.29,8.5
2019-04-04,30.35,13.94,21.23,0.0,0.38,8.54,18.11
2019-04-05,32.68,16.35,23.35,0.0,0.37,9.44,13.33
2019-04-06,23.43,10.76,17.08,0.01,0.37,7.59,17.13
2019-04-07,23.5,8.88,16.45,0.02,0.37,9.74,14.47
2019-04-08,21.4,13.8,16.77,1.08,0.38,11.73,10.98
2019-04-09,18.76,8.26,13.48,0.09,0.38,3.72,14.55
2019-04-10,19.49,6.53,12.43,0.02,0.38,4.41,14.79
2019-04-11,20.32,6.29,12.95,0.0,0.38,4.18,17.54
2019-04-12,25.32,7.97,15.97,0.0,0.38,1.41,18.63
2019-04-13,22.67,13.57,17.2,0.06,0.38,7.12,8.11
2019-04-14,22.84,13.28,16.63,0.1,0.38,11.29,11.84
2019-04-15,26.31,12.75,19.79,0.01,0.38,6.84,10.01
2019-04-16,34.15,16.51,24.88,0.0,0.38,3.93,16.13
2019-04-17,31.78,13.61,22.51,1.02,0.38,8.46,5.12
2019-04-18,20.63,10.05,14.66,0.0,0.38,2.04,14.43
2019-04-19,29.29,10.12,19.07,0.0,0.38,4.14,13.27
2019-04-20,32.78,18.08,25.15,0.0,0.38,5.49,14.51
2019-04-21,24.42,10.92,17.82,0.81,0.38,8.84,7.63
2019-04-22,20.94,9.69,14.12,0.11,0.38,5.71,15.59
2019-04-23,22.59,7.38,14.27,0.01,0.38,5.46,16.09
2019-04-24,22.1,8.5,14.11,0.0,0.38,8.99,12.64
2019-04-25,21.77,10.02,15.55,0.01,0.38,10.01,9.81
2019-04-26,16.65,8.99,13.64,0.03,0.38,4.78,9.54
2019-04-27,19.48,8.8,13.59,0.0,0.38,6.04,10.36
2019-04-28,19.98,11.48,15.15,0.05,0.38,9.44,8.42
2019-04-29,20.29,10.08,13.93,0.01,0.38,6.53,12.48
2019-04-30,23.94,10.55,17.17,0.09,0.38,2.1,9.9
2019-05-01,20.73,11.02,15.58,3.71,0.38,8.64,10.81
2019-05-02,19.75,8.99,13.02,0.13,0.38,6.67,11.74
2019-05-03,17.34,7.79,12.25,2.0,0.39,9.03,9.15
2019-05-04,17.68,8.02,12.41,0.09,0.39,7.83,10.85
2019-05-05,17.91,7.53,11.62,0.01,0.39,7.6,11.26
2019-05-06,18.92,5.87,11.59,0.01,0.39,6.53,13.86
2019-05-07,20.55,7.87,12.25,8.82,0.39,6.5,9.15
2019-05-08,16.3,10.75,12.93,0.24,0.4,7.12,9.38
2019-05-09,12.08,8.46,10.59,5.15,0.41,6.95,3.78
2019-05-10,14.79,7.11,10.01,0.12,0.41,3.82,11.44
2019-05-11,17.47,7.73,12.62,0.3,0.41,9.63,9.07
2019-05-12,18.64,8.84,13.07,0.07,0.41,9.36,8.64
2019-05-13,19.44,6.73,12.0,0.0,0.41,7.69,10.4
2019-05-14,20.49,8.09,13.31,0.0,0.41,10.02,8.9
2019-05-15,19.4,8.09,12.5,0.01,0.4,8.87,8.35
2019-05-16,20.47,5.72,12.39,0.0,0.4,6.51,12.58
2019-05-17,20.12,6.28,12.1,0.0,0.4,5.42,12.53
2019-05-18,23.31,7.04,14.52,0.0,0.4,4.94,10.75
2019-05-19,26.5,13.4,18.76,1.98,0.4,9.77,5.25
2019-05-20,19.83,12.49,15.87,0.6,0.4,10.78,9.34
2019-05-21,20.99,11.86,14.93,0.03,0.4,8.51,9.7
2019-05-22,22.37,8.87,14.02,0.07,0.4,8.07,11.85
2019-05-23,25.05,7.42,14.52,0.0,0.4,9.31,10.85
2019-05-24,25.47,9.93,16.05,0.01,0.4,11.07,9.31
2019-05-25,17.24,9.98,12.51,1.91,0.4,9.94,5.95
2019-05-26,14.44,9.38,12.21,4.72,0.4,7.75,8.11
2019-05-27,13.95,8.68,11.08,0.33,0.41,4.5,9.23
2019-05-28,15.15,11.42,12.93,0.99,0.41,8.88,7.63
2019-05-29,11.3,5.33,9.08,1.5,0.41,3.05,8.92
2019-05-30,14.23,4.72,9.4,0.14,0.41,5.06,8.15
2019-05-31,15.23,7.16,11.78,0.05,0.41,9.53,7.32
2019-06-01,17.23,5.95,10.13,0.01,0.41,7.84,4.72
2019-06-02,15.71,6.81,10.55,1.37,0.41,7.71,7.25
2019-06-03,12.84,4.82,8.36,0.4,0.41,3.94,9.42
2019-06-04,13.56,3.79,7.67,0.14,0.41,3.78,7.58
2019-06-05,13.11,2.95,8.21,0.09,0.41,5.05,5.82
2019-06-06,13.96,5.21,9.8,0.02,0.41,8.02,5.32
2019-06-07,17.29,6.11,10.61,0.0,0.41,6.75,9.94
2019-06-08,17.49,3.93,9.74,0.0,0.41,3.37,10.14
2019-06-09,15.87,6.19,10.96,0.53,0.41,4.04,3.95
2019-06-10,17.78,8.19,12.61,0.38,0.41,7.86,9.13
2019-06-11,20.27,6.8,12.76,0.01,0.41,4.66,10.19
2019-06-12,16.42,7.89,12.57,4.06,0.42,9.58,3.76
2019-06-13,16.76,8.49,11.74,0.32,0.42,8.55,8.47
2019-06-14,16.69,9.23,11.87,0.67,0.42,9.31,8.6
2019-06-15,16.09,8.03,11.29,0.02,0.42,7.88,7.67
2019-06-16,17.65,7.76,11.64,0.04,0.42,5.26,8.91
2019-06-17,17.38,5.58,10.94,1.03,0.42,4.91,9.48
2019-06-18,12.89,4.29,8.79,0.45,0.42,4.84,9.42
2019-06-19,12.99,4.63,7.71,0.17,0.42,2.2,9.03
2019-06-20,12.87,2.67,7.0,0.01,0.42,1.63,10.3
2019-06-21,12.96,0.58,5.58,0.0,0.42,2.22,10.05
2019-06-22,12.85,1.16,5.77,0.0,0.41,2.42,9.41
2019-06-23,12.84,2.5,6.51,0.05,0.41,2.86,10.36
2019-06-24,14.11,0.3,6.58,0.0,0.41,1.4,8.83
2019-06-25,17.5,4.36,9.94,0.0,0.41,3.04,10.29
2019-06-26,18.56,5.11,10.65,0.0,0.41,5.57,10.16
2019-06-27,20.09,6.71,12.84,0.0,0.41,6.18,10.15
2019-06-28,21.56,10.02,16.21,0.01,0.41,7.78,8.54
2019-06-29,17.35,8.8,12.16,7.03,0.42,8.88,1.65
2019-06-30,14.85,8.9,11.16,0.14,0.42,5.09,6.66
2019-07-01,13.47,5.43,8.56,0.0,0.42,2.72,7.32
2019-07-02,16.38,5.25,9.82,0.03,0.42,6.99,7.59
2019-07-03,16.13,5.42,10.31,0.01,0.42,7.01,6.41
2019-07-04,15.69,4.78,8.95,0.0,0.42,5.9,10.68
2019-07-05,19.67,6.3,11.73,0.0,0.42,6.82,10.47
2019-07-06,20.6,8.45,13.76,0.0,0.42,7.92,9.8
2019-07-07,16.42,7.07,12.34,2.82,0.42,9.3,6.25
2019-07-08,14.86,6.4,9.45,0.28,0.42,8.48,7.36
2019-07-09,14.55,7.6,10.64,0.42,0.42,7.93,8.17
2019-07-10,15.15,6.27,10.22,6.11,0.43,5.93,5.75
2019-07-11,16.36,9.51,12.39,0.42,0.43,7.69,7.67
2019-07-12,13.63,7.84,10.92,2.06,0.43,6.82,7.06
2019-07-13,12.52,5.51,8.63,0.38,0.43,3.89,10.0
2019-07-14,13.6,7.6,11.01,0.43,0.43,6.89,7.45
2019-07-15,14.9,9.54,11.75,0.14,0.43,8.89,7.5
2019-07-16,13.58,8.82,10.84,0.06,0.43,8.67,8.25
2019-07-17,15.05,8.02,11.24,1.46,0.43,8.9,7.52
2019-07-18,15.15,6.69,10.39,0.85,0.43,7.32,7.34
2019-07-19,16.74,8.02,11.39,0.73,0.43,7.09,7.74
2019-07-20,18.87,6.3,11.75,0.0,0.43,-0.31,11.69
2019-07-21,15.65,8.25,11.6,0.24,0.43,5.06,10.71
2019-07-22,18.81,7.14,12.07,2.19,0.43,4.72,11.08
2019-07-23,14.57,7.6,10.77,2.88,0.44,7.54,6.92
2019-07-24,15.75,7.03,11.42,0.44,0.44,8.26,9.47
2019-07-25,17.65,8.81,12.7,0.06,0.44,8.29,8.91
2019-07-26,15.91,6.63,11.2,0.28,0.44,7.72,6.5
2019-07-27,14.07,5.82,9.07,0.22,0.44,5.96,7.52
2019-07-28,14.78,3.68,9.71,0.08,0.44,6.62,8.03
2019-07-29,15.94,6.0,10.64,0.07,0.43,6.98,9.91
2019-07-30,13.77,5.3,8.19,0.04,0.43,3.56,7.27
2019-07-31,14.58,3.99,8.03,0.0,0.43,3.46,6.39
2019-08-01,15.34,3.75,8.55,0.03,0.43,5.08,8.91
2019-08-02,15.92,5.47,9.4,0.03,0.43,7.19,7.0
2019-08-03,16.07,6.86,10.27,0.01,0.43,6.95,4.92
2019-08-04,15.33,5.11,9.91,0.0,0.43,5.03,7.5
2019-08-05,19.47,4.49,11.12,0.0,0.43,2.08,11.98
2019-08-06,18.97,7.47,11.3,0.01,0.43,2.78,9.75
2019-08-07,14.79,5.26,9.14,3.05,0.43,6.27,5.84
2019-08-08,12.51,5.98,9.74,2.87,0.43,5.13,7.78
2019-08-09,10.91,5.61,8.0,4.85,0.44,4.38,9.65
2019-08-10,12.56,5.24,8.43,1.13,0.44,4.93,11.57
2019-08-11,13.09,3.63,8.71,0.36,0.44,3.54,12.61
2019-08-12,13.96,1.87,7.26,0.03,0.44,3.17,10.62
2019-08-13,13.39,4.54,8.3,0.0,0.44,4.84,9.9
2019-08-14,17.31,3.34,9.38,0.0,0.44,0.95,15.09
2019-08-15,20.02,5.8,12.22,0.0,0.44,-0.48,8.18
2019-08-16,16.85,4.1,11.3,0.04,0.44,4.88,10.61
2019-08-17,17.59,2.18,10.14,0.01,0.44,4.46,15.34
2019-08-18,12.72,6.17,9.69,2.56,0.44,5.7,8.78
2019-08-19,13.56,6.5,9.6,0.15,0.44,3.62,12.27
2019-08-20,14.72,9.22,12.04,0.05,0.44,8.14,10.16
2019-08-21,15.85,11.41,13.2,0.04,0.44,10.0,11.01
2019-08-22,15.57,6.28,11.62,0.07,0.44,6.88,9.52
2019-08-23,18.95,6.13,11.25,0.02,0.43,4.99,15.86
2019-08-24,18.58,6.37,10.71,0.25,0.43,4.2,7.86
2019-08-25,15.07,4.71,9.1,0.1,0.43,3.6,13.68
2019-08-26,15.68,4.17,8.88,0.03,0.43,4.98,11.65
2019-08-27,17.14,4.15,9.72,0.0,0.43,6.26,14.19
2019-08-28,13.31,3.34,8.8,3.63,0.44,5.5,8.75
2019-08-29,15.53,1.51,7.78,0.01,0.44,2.05,16.26
2019-08-30,17.83,1.4,8.93,0.0,0.43,0.98,18.4
2019-08-31,21.04,6.16,13.17,0.0,0.43,2.04,16.32
2019-09-01,16.58,6.67,11.97,0.99,0.43,6.59,14.61
2019-09-02,20.9,2.6,11.47,1.67,0.43,6.01,8.04
2019-09-03,21.11,6.8,12.34,0.14,0.43,8.62,15.49
2019-09-04,19.99,5.68,12.5,0.01,0.43,7.35,11.15
2019-09-05,18.64,7.92,12.87,0.03,0.43,7.93,16.7
2019-09-06,13.39,7.98,10.22,1.44,0.43,5.58,13.08
2019-09-07,13.56,7.77,10.12,1.12,0.43,6.21,13.98
2019-09-08,14.77,7.68,10.62,3.04,0.44,5.89,14.63
2019-09-09,16.45,4.14,9.43,0.0,0.43,2.89,15.84
2019-09-10,17.62,4.57,10.38,0.0,0.43,4.25,16.53
2019-09-11,23.52,4.5,13.4,0.0,0.43,1.26,19.18
2019-09-12,20.73,6.42,14.2,0.0,0.43,5.15,17.61
2019-09-13,20.43,6.21,11.55,0.0,0.43,7.76,16.28
2019-09-14,24.59,6.25,15.13,0.0,0.43,4.55,20.09
2019-09-15,24.42,11.19,17.42,0.68,0.42,9.44,10.1
2019-09-16,16.04,3.7,10.09,0.23,0.42,1.7,18.07
2019-09-17,16.48,1.06,8.41,0.0,0.42,-1.18,21.83
2019-09-18,21.85,3.1,12.01,0.0,0.42,-0.49,21.8
2019-09-19,26.92,9.81,19.27,0.0,0.42,2.25,16.5
2019-09-20,21.53,10.46,16.55,0.39,0.42,7.04,10.76
2019-09-21,13.76,7.54,10.45,4.02,0.42,6.45,16.57
2019-09-22,14.89,6.47,10.3,4.55,0.42,5.62,13.56
2019-09-23,16.72,6.6,10.79,0.26,0.43,5.6,17.63
2019-09-24,17.6,5.85,10.68,0.12,0.43,5.63,16.09
2019-09-25,19.49,5.73,11.84,0.0,0.43,5.68,18.7
2019-09-26,24.19,7.02,14.92,0.0,0.42,2.73,21.76
2019-09-27,18.16,4.74,12.9,0.0,0.42,2.21,17.41
2019-09-28,19.23,3.49,10.39,0.0,0.42,2.53,20.66
2019-09-29,19.58,5.11,11.77,0.0,0.42,4.88,13.5
2019-09-30,19.94,5.03,11.76,0.0,0.42,3.26,24.04
2019-10-01,26.32,5.18,15.04,0.0,0.42,0.62,24.66
2019-10-02,31.3,10.82,19.57,0.0,0.41,1.57,20.56
2019-10-03,23.71,9.51,15.26,0.0,0.41,10.0,16.29
2019-10-04,24.8,9.71,16.66,0.01,0.41,8.24,16.04
2019-10-05,33.03,12.05,21.97,0.0,0.41,8.29,15.4
2019-10-06,19.34,10.26,16.05,0.0,0.41,10.45,7.86
2019-10-07,18.84,7.11,12.53,0.05,0.41,6.38,13.46
2019-10-08,17.66,5.93,11.83,0.02,0.41,2.59,19.03
2019-10-09,19.19,4.66,11.63,0.0,0.41,4.54,15.04
2019-10-10,20.78,7.17,13.29,0.0,0.4,4.94,16.81
2019-10-11,20.64,6.33,13.26,0.0,0.4,4.6,23.06
2019-10-12,24.11,7.06,15.42,0.0,0.4,3.48,25.45
2019-10-13,27.35,12.28,17.42,0.02,0.4,5.48,12.62
2019-10-14,23.51,7.41,14.85,0.0,0.4,8.58,24.44
2019-10-15,22.97,7.33,14.17,0.23,0.4,7.87,20.72
2019-10-16,20.97,10.09,14.23,0.54,0.4,7.08,19.64
2019-10-17,17.73,6.35,12.09,0.04,0.4,3.36,19.46
2019-10-18,20.53,6.74,12.43,0.07,0.4,5.67,19.75
2019-10-19,16.97,9.05,12.53,0.03,0.4,3.46,22.49
2019-10-20,19.06,7.09,12.32,0.0,0.4,5.64,19.89
2019-10-21,26.41,5.39,15.48,0.0,0.4,3.85,27.98
2019-10-22,31.31,8.76,19.75,0.0,0.39,4.28,28.17
2019-10-23,34.25,12.75,23.3,0.0,0.39,1.9,27.39
2019-10-24,36.79,16.4,26.48,0.0,0.39,-0.92,28.58
2019-10-25,20.28,12.14,15.92,0.15,0.39,6.16,22.85
2019-10-26,18.56,11.77,14.09,0.18,0.39,3.92,24.9
2019-10-27,20.64,7.7,14.53,0.09,0.39,5.92,18.08
2019-10-28,26.72,6.42,15.85,0.0,0.39,1.98,29.62
2019-10-29,33.66,9.74,21.75,0.0,0.39,-0.51,29.25
2019-10-30,36.48,14.29,25.07,0.0,0.38,-0.12,28.9
2019-10-31,36.45,19.52,27.47,0.0,0.38,5.55,28.52
2019-11-01,33.02,13.09,24.22,1.03,0.38,10.9,20.42
2019-11-02,24.12,11.19,16.7,0.68,0.38,7.36,18.68
2019-11-03,21.18,9.3,14.92,0.06,0.38,6.22,26.16
2019-11-04,18.53,9.26,13.54,0.21,0.38,5.25,21.54
2019-11-05,23.01,7.52,14.97,0.01,0.38,5.15,26.44
2019-11-06,21.05,11.5,15.24,0.02,0.38,6.81,25.49
2019-11-07,18.69,11.93,14.57,0.31,0.38,7.86,17.97
2019-11-08,16.79,7.26,12.03,0.42,0.38,3.51,25.37
2019-11-09,17.86,7.65,12.42,0.14,0.38,5.76,13.83
2019-11-10,22.96,10.2,15.24,0.0,0.38,6.23,26.05
2019-11-11,33.67,8.98,21.67,0.0,0.38,0.73,28.65
2019-11-12,17.77,10.3,13.52,0.01,0.38,2.33,22.55
2019-11-13,17.0,11.09,13.84,0.03,0.38,6.28,13.45
2019-11-14,21.72,10.99,15.15,0.52,0.38,8.18,18.67
2019-11-15,20.64,7.78,14.27,0.77,0.38,7.14,18.22
2019-11-16,19.54,6.0,12.85,0.0,0.38,4.1,20.23
2019-11-17,22.66,9.06,15.07,0.0,0.38,4.17,25.68
2019-11-18,31.66,9.26,19.92,0.0,0.38,3.09,32.26
2019-11-19,30.6,9.4,20.22,0.0,0.38,8.07,29.67
2019-11-20,43.05,14.78,29.9,0.0,0.38,3.39,23.78
2019-11-21,28.15,11.65,20.0,0.0,0.38,6.86,17.53
2019-11-22,24.77,11.07,16.41,0.0,0.38,5.84,31.71
2019-11-23,23.12,9.11,16.0,0.0,0.38,7.26,27.21
2019-11-24,27.4,7.35,17.06,0.0,0.38,1.23,33.18
2019-11-25,28.58,11.78,17.85,0.01,0.38,3.03,12.66
2019-11-26,20.68,8.36,14.24,0.02,0.38,3.0,30.37
2019-11-27,25.62,6.42,15.59,0.0,0.38,4.02,32.54
2019-11-28,28.33,8.24,17.89,0.0,0.38,7.17,27.03
2019-11-29,21.95,8.58,14.18,0.06,0.38,7.19,18.07
2019-11-30,20.19,6.78,13.53,0.22,0.38,5.34,24.43
2019-12-01,16.4,9.95,12.95,2.12,0.38,7.3,17.34
2019-12-02,17.1,9.54,13.14,0.35,0.38,5.47,20.64
2019-12-03,20.05,12.06,15.22,0.11,0.38,8.21,23.55
2019-12-04,23.56,11.68,16.09,0.03,0.38,8.58,27.49
2019-12-05,23.69,11.27,16.72,0.04,0.38,8.92,23.39
2019-12-06,23.69,9.41,15.9,0.02,0.38,7.0,26.76
2019-12-07,28.12,7.49,17.89,0.0,0.38,4.88,32.9
2019-12-08,37.83,11.31,25.75,0.0,0.38,2.04,32.5
2019-12-09,34.33,13.99,24.47,0.12,0.38,4.77,23.29
2019-12-10,28.62,11.91,19.27,0.0,0.38,5.34,29.21
2019-12-11,28.35,10.16,18.45,0.0,0.38,6.2,33.06
2019-12-12,24.97,11.19,17.33,0.0,0.38,7.17,28.41
2019-12-13,24.57,10.47,17.22,0.07,0.38,9.29,26.1
2019-12-14,25.19,12.12,17.77,0.08,0.38,9.23,27.97
2019-12-15,27.21,11.52,18.2,0.0,0.38,6.43,31.06
2019-12-16,32.46,11.04,22.03,0.0,0.38,4.56,33.49
2019-12-17,39.47,15.69,28.49,0.0,0.38,5.65,32.19
2019-12-18,44.12,23.96,33.13,0.0,0.38,2.8,31.6
2019-12-19,42.48,21.05,31.84,0.0,0.37,4.49,33.23
2019-12-20,48.17,20.23,32.71,0.39,0.37,7.84,25.86
2019-12-21,25.77,13.78,20.04,0.06,0.37,5.2,31.8
2019-12-22,32.75,10.17,21.43,0.0,0.37,0.44,33.34
2019-12-23,35.7,13.16,24.69,0.0,0.37,0.82,27.22
2019-12-24,36.61,13.76,25.49,0.0,0.37,5.12,32.59
2019-12-25,36.11,18.1,26.47,0.0,0.37,7.94,33.19
2019-12-26,35.97,14.23,25.12,0.0,0.37,3.93,34.38
2019-12-27,40.24,15.38,28.43,0.0,0.37,4.63,33.35
2019-12-28,39.28,23.38,30.6,0.0,0.37,7.51,26.75
2019-12-29,42.23,22.19,32.6,0.0,0.37,8.68,32.83
2019-12-30,43.1,15.3,28.94,0.28,0.37,9.73,21.87
2019-12-31,26.01,13.7,18.94,0.01,0.37,5.14,33.64
2020-01-01,28.17,11.97,19.74,0.0,0.37,7.51,34.03
2020-01-02,33.34,12.19,22.88,0.0,0.37,6.14,34.14
2020-01-03,40.34,15.62,28.85,0.0,0.37,1.32,33.76
2020-01-04,24.76,14.16,20.1,0.03,0.37,7.94,20.3
2020-01-05,20.34,12.38,16.14,0.43,0.37,3.81,12.07
2020-01-06,30.91,9.82,20.5,0.01,0.37,2.8,33.57
2020-01-07,33.43,12.94,23.72,0.0,0.37,3.27,33.46
2020-01-08,36.76,16.93,27.26,0.0,0.37,2.44,33.11
2020-01-09,40.75,19.05,30.49,0.0,0.37,2.72,33.07
2020-01-10,26.76,15.25,20.29,2.13,0.38,9.96,7.8
2020-01-11,26.04,13.27,18.75,0.01,0.38,6.04,31.11
2020-01-12,31.04,11.22,21.43,0.02,0.38,7.52,32.52
2020-01-13,36.48,15.72,26.33,0.0,0.38,6.2,32.8
2020-01-14,39.16,17.33,28.34,0.0,0.38,8.02,31.57
2020-01-15,31.61,14.64,22.85,0.0,0.38,11.33,25.06
2020-01-16,26.89,13.1,19.1,0.0,0.37,6.38,30.11
2020-01-17,27.81,9.71,18.6,0.0,0.37,4.18,33.26
2020-01-18,29.74,11.86,20.49,0.0,0.37,8.58,29.39
2020-01-19,24.86,13.26,19.4,0.41,0.37,10.79,21.75
2020-01-20,27.74,13.95,19.48,0.42,0.38,11.49,16.79
2020-01-21,28.33,12.23,19.88,0.0,0.38,5.54,31.56
2020-01-22,27.68,14.09,20.04,3.49,0.38,8.64,11.69
2020-01-23,20.43,12.15,16.26,1.37,0.38,7.78,26.97
2020-01-24,24.44,12.19,17.94,0.41,0.38,9.64,20.61
2020-01-25,27.31,13.19,20.2,0.0,0.38,13.26,26.3
2020-01-26,28.32,13.78,20.56,0.0,0.38,12.61,25.47
2020-01-27,29.1,11.88,20.13,0.0,0.38,8.79,28.98
2020-01-28,32.0,13.19,22.01,0.0,0.38,8.36,30.22
2020-01-29,38.64,14.22,26.91,0.0,0.38,3.14,32.32
2020-01-30,43.0,21.04,32.49,0.0,0.38,-1.39,32.05
2020-01-31,36.9,24.6,30.2,11.38,0.38,15.84,16.0
2020-02-01,24.61,13.74,19.82,11.75,0.42,15.14,10.18
2020-02-02,24.41,13.78,18.38,0.58,0.42,9.47,26.55
2020-02-03,23.17,11.31,17.29,0.07,0.41,5.14,26.87
2020-02-04,26.15,8.69,17.36,0.0,0.41,3.43,31.5
2020-02-05,28.48,10.3,19.12,0.0,0.41,6.35,30.4
2020-02-06,33.57,11.38,23.11,0.59,0.4,9.92,29.67
2020-02-07,27.3,19.09,23.52,3.12,0.41,16.26,20.44
2020-02-08,32.65,17.27,24.92,0.03,0.41,14.45,26.99
2020-02-09,29.29,19.69,23.27,0.83,0.41,15.13,19.77
2020-02-10,33.04,17.36,24.58,0.0,0.4,12.57,27.11
2020-02-11,30.26,15.76,22.03,0.03,0.4,15.06,24.77
2020-02-12,30.64,15.75,22.69,0.04,0.4,15.24,20.15
2020-02-13,35.29,17.28,25.88,0.0,0.4,15.86,27.43
2020-02-14,30.77,17.05,23.52,0.81,0.4,15.77,22.58
2020-02-15,29.21,15.05,21.0,0.58,0.4,12.51,15.93
2020-02-16,28.54,12.79,19.73,0.0,0.39,10.03,25.58
2020-02-17,31.82,12.93,22.04,0.02,0.39,10.31,27.17
2020-02-18,22.52,13.7,18.33,1.8,0.39,11.65,19.71
2020-02-19,23.46,11.51,17.02,1.12,0.39,9.17,21.01
2020-02-20,23.66,9.36,16.17,0.05,0.39,7.68,18.83
2020-02-21,26.14,9.9,17.76,0.06,0.39,7.71,23.15
2020-02-22,27.37,10.77,18.9,0.0,0.39,6.86,28.19
2020-02-23,33.51,11.71,22.18,0.0,0.39,6.86,28.19
2020-02-24,35.31,15.72,25.39,0.02,0.39,10.72,20.0
2020-02-25,29.78,14.95,21.69,0.09,0.39,10.92,25.55
2020-02-26,22.61,10.18,16.91,0.29,0.38,5.91,24.91
2020-02-27,22.06,9.1,15.77,0.11,0.38,8.15,14.36
2020-02-28,24.37,12.94,17.65,0.3,0.38,11.04,17.34
2020-02-29,27.85,11.95,19.21,0.19,0.38,10.86,24.39
2020-03-01,30.51,14.92,20.88,4.37,0.38,10.28,14.28
2020-03-02,23.7,11.09,16.35,0.84,0.39,5.93,24.88
2020-03-03,23.92,9.58,16.1,6.0,0.4,8.05,21.8
2020-03-04,22.2,11.69,16.25,141.7,0.51,12.48,12.11
2020-03-05,22.65,13.78,16.94,2.22,0.54,13.52,16.29
2020-03-06,23.81,12.12,17.47,0.01,0.53,12.44,16.97
2020-03-07,24.21,9.67,16.35,0.0,0.52,9.86,24.33
2020-03-08,24.7,9.24,16.74,0.04,0.51,10.01,25.34
2020-03-09,24.93,10.39,17.36,0.01,0.5,8.91,23.27
2020-03-10,28.48,10.9,19.66,0.0,0.5,10.57,24.99
2020-03-11,30.88,17.23,23.59,0.0,0.49,13.91,19.77
2020-03-12,30.79,19.23,24.26,0.02,0.49,14.12,16.72
2020-03-13,24.12,10.23,18.58,0.01,0.48,9.89,11.47
2020-03-14,21.68,8.45,14.49,0.0,0.48,5.16,23.87
2020-03-15,23.46,8.78,15.7,0.0,0.48,8.11,23.64
2020-03-16,27.25,9.75,18.62,0.0,0.47,8.99,23.53
2020-03-17,30.39,15.42,22.56,0.0,0.47,9.46,20.32
2020-03-18,31.61,18.11,23.73,0.0,0.47,11.41,13.5
2020-03-19,32.2,14.43,21.86,0.0,0.46,11.9,12.99
2020-03-20,23.19,11.75,16.96,0.05,0.46,11.9,15.77
2020-03-21,22.39,10.65,16.01,0.29,0.46,10.08,14.77
2020-03-22,22.27,10.83,16.02,0.05,0.46,8.68,20.27
2020-03-23,22.11,8.19,14.95,0.0,0.46,5.99,21.0
2020-03-24,21.41,10.45,15.12,0.04,0.46,6.7,15.3
2020-03-25,21.37,7.65,13.98,1.03,0.45,7.22,18.98
2020-03-26,24.36,8.12,15.92,0.01,0.45,8.18,21.53
2020-03-27,26.06,11.16,18.73,0.0,0.45,8.05,17.71
2020-03-28,30.26,16.36,22.79,0.0,0.45,12.04,18.71
2020-03-29,27.0,13.85,19.7,0.75,0.45,11.35,16.2
2020-03-30,22.32,11.57,16.07,0.61,0.45,10.24,15.29
2020-03-31,23.75,9.79,16.28,0.11,0.45,11.24,15.95
2020-04-01,24.22,11.17,16.42,7.54,0.45,11.59,7.64
2020-04-02,22.56,12.92,16.95,2.06,0.46,12.07,15.49
2020-04-03,25.85,12.06,17.53,7.52,0.46,10.56,16.36
2020-04-04,15.5,11.38,12.93,2.56,0.47,7.07,14.44
2020-04-05,17.87,11.37,14.53,1.65,0.47,10.59,10.98
2020-04-06,19.98,10.11,14.57,0.48,0.47,9.56,11.95
2020-04-07,18.63,9.2,13.79,0.04,0.47,7.74,8.59
2020-04-08,21.69,7.13,14.05,0.0,0.47,8.72,16.6
2020-04-09,24.27,8.47,16.1,0.0,0.46,9.85,17.51
2020-04-10,20.63,9.86,15.84,0.49,0.46,10.89,11.97
2020-04-11,17.32,7.01,13.13,0.09,0.46,6.14,15.08
2020-04-12,18.54,6.82,12.31,0.0,0.46,5.58,14.77
2020-04-13,22.4,7.13,14.74,0.0,0.46,5.76,17.73
2020-04-14,26.45,10.24,17.52,0.0,0.46,5.21,16.22
2020-04-15,25.51,13.36,18.85,0.15,0.45,6.18,8.89
2020-04-16,19.38,12.99,15.59,0.21,0.45,9.87,12.02
2020-04-17,19.38,10.55,14.85,0.01,0.45,8.56,11.77
2020-04-18,18.41,10.5,13.55,0.04,0.45,8.85,11.87
2020-04-19,18.38,9.81,14.32,0.29,0.45,9.26,12.66
2020-04-20,19.67,11.08,15.69,0.11,0.45,8.04,14.59
2020-04-21,20.98,9.41,14.61,1.37,0.45,10.75,10.6
2020-04-22,20.32,9.7,13.91,0.44,0.45,9.96,9.58
2020-04-23,18.76,9.72,14.1,0.94,0.45,11.59,4.99
2020-04-24,21.1,11.6,14.86,0.02,0.45,10.93,13.38
2020-04-25,22.84,10.26,15.84,3.31,0.45,11.21,10.5
2020-04-26,19.26,8.68,14.08,0.58,0.45,9.16,13.14
2020-04-27,18.71,8.98,12.79,0.06,0.45,6.57,11.31
2020-04-28,20.06,7.96,14.05,0.6,0.45,7.99,5.81
2020-04-29,16.21,8.54,12.1,5.27,0.46,8.75,5.2
2020-04-30,13.69,8.74,10.61,2.61,0.46,5.68,11.57
2020-05-01,14.54,8.98,11.78,2.26,0.46,6.69,10.5
2020-05-02,13.33,5.53,10.69,1.18,0.47,7.13,9.07
2020-05-03,15.07,5.25,9.92,0.02,0.46,6.3,7.05
2020-05-04,16.98,6.83,10.99,0.0,0.46,6.88,8.15
2020-05-05,19.14,5.18,11.49,0.0,0.46,5.06,13.94
2020-05-06,20.63,8.3,13.48,0.0,0.46,3.89,11.38
2020-05-07,21.56,12.11,15.31,0.55,0.46,7.35,10.79
2020-05-08,17.39,10.27,13.98,3.0,0.46,10.18,9.37
2020-05-09,13.87,8.36,10.7,5.89,0.47,6.46,11.68
2020-05-10,14.42,7.1,10.05,1.06,0.47,6.45,10.11
2020-05-11,17.54,6.86,11.4,0.07,0.47,7.4,10.64
2020-05-12,18.39,8.45,12.13,4.05,0.47,6.8,10.63
2020-05-13,14.76,5.06,9.66,0.05,0.48,4.98,9.58
2020-05-14,14.74,3.52,8.37,0.0,0.47,3.19,10.38
2020-05-15,15.61,3.78,9.08,0.0,0.47,2.88,12.7
2020-05-16,17.42,2.34,9.55,0.0,0.47,1.42,12.96
2020-05-17,18.73,3.73,10.65,0.0,0.47,3.26,12.53
2020-05-18,19.89,5.32,12.78,0.0,0.47,7.26,10.49
2020-05-19,20.85,10.02,13.98,4.72,0.47,8.32,10.41
2020-05-20,15.51,6.45,10.85,7.85,0.48,7.43,9.06
2020-05-21,13.55,5.84,9.64,0.11,0.49,5.4,9.36
2020-05-22,13.56,7.13,10.18,1.16,0.49,9.09,6.47
2020-05-23,15.06,6.99,10.74,0.68,0.49,9.36,8.0
2020-05-24,13.74,6.67,9.52,0.38,0.49,6.12,6.64
2020-05-25,15.11,5.21,8.58,0.11,0.49,5.27,11.05
2020-05-26,16.35,3.98,9.96,0.0,0.48,4.13,9.6
2020-05-27,17.26,7.38,11.52,1.41,0.48,7.64,9.35
2020-05-28,15.59,6.66,10.32,0.8,0.48,8.65,8.39
2020-05-29,18.06,5.04,10.4,0.28,0.48,6.09,11.09
2020-05-30,18.62,5.71,11.71,3.02,0.48,4.64,10.3
2020-05-31,13.59,8.31,10.9,7.49,0.49,7.56,6.38
2020-06-01,12.31,7.33,9.41,0.8,0.5,4.96,9.0
2020-06-02,14.94,7.44,11.2,0.79,0.5,9.57,7.92
2020-06-03,14.15,4.29,9.61,0.01,0.5,4.98,8.68
2020-06-04,15.01,3.19,8.22,0.0,0.49,3.67,11.01
2020-06-05,14.67,1.74,7.63,0.04,0.49,2.74,10.44
2020-06-06,13.84,3.53,7.82,0.02,0.49,4.38,7.9
2020-06-07,12.86,3.22,7.51,0.02,0.49,4.77,6.16
2020-06-08,12.62,1.4,6.03,0.0,0.49,3.41,9.62
2020-06-09,12.76,0.4,5.74,0.0,0.49,2.53,9.49
2020-06-10,15.31,1.5,7.31,0.0,0.49,2.98,10.69
2020-06-11,15.88,4.04,9.22,0.01,0.49,3.36,10.02
2020-06-12,17.03,5.15,10.3,0.0,0.49,4.25,9.7
2020-06-13,15.42,8.3,10.6,4.42,0.49,7.63,2.42
2020-06-14,15.18,8.12,11.86,6.21,0.5,9.69,6.47
2020-06-15,16.53,11.06,13.23,2.65,0.51,11.45,7.23
2020-06-16,15.56,10.08,12.68,1.3,0.51,10.92,7.44
2020-06-17,15.71,7.21,10.52,0.08,0.51,7.57,6.63
2020-06-18,16.99,5.74,10.53,0.0,0.5,5.65,9.41
2020-06-19,17.71,5.62,10.42,1.72,0.5,6.44,6.46
2020-06-20,13.72,8.18,10.31,4.89,0.51,8.18,6.74
2020-06-21,11.31,6.87,8.84,2.78,0.52,7.62,7.25
2020-06-22,13.04,7.14,10.2,2.5,0.52,8.34,7.89
2020-06-23,15.53,9.34,12.01,0.84,0.52,10.65,7.21
2020-06-24,13.91,7.51,10.77,1.04,0.52,9.59,7.85
2020-06-25,15.11,5.64,9.34,0.36,0.52,7.0,8.75
2020-06-26,14.22,7.02,10.23,0.14,0.52,4.99,7.97
2020-06-27,15.16,4.37,8.9,0.05,0.52,4.11,8.82
2020-06-28,15.73,2.41,8.31,0.0,0.51,3.21,10.36
2020-06-29,14.37,2.37,7.53,0.0,0.51,3.29,10.57
2020-06-30,14.41,4.29,7.77,0.0,0.51,3.25,8.72
2020-07-01,19.11,4.8,10.83,5.39,0.51,5.46,9.82
2020-07-02,12.75,7.29,9.5,0.9,0.52,6.18,7.7
2020-07-03,12.42,7.2,9.58,1.89,0.52,6.42,7.74
2020-07-04,13.65,6.32,9.52,0.61,0.52,7.69,7.58
2020-07-05,12.47,4.41,8.36,0.15,0.52,6.92,5.61
2020-07-06,13.02,3.84,7.83,0.03,0.52,7.09,4.84
2020-07-07,13.11,5.09,8.6,0.03,0.52,6.65,4.61
2020-07-08,14.1,4.81,9.24,0.0,0.52,5.61,7.23
2020-07-09,14.92,2.48,7.7,0.0,0.52,3.05,8.28
2020-07-10,14.75,5.51,9.07,0.4,0.51,5.31,6.09
2020-07-11,11.37,6.49,8.66,2.74,0.51,7.04,6.26
2020-07-12,14.18,5.11,8.74,0.2,0.52,6.98,8.71
2020-07-13,15.67,5.19,8.62,0.07,0.52,6.46,10.75
2020-07-14,13.66,4.15,7.31,0.1,0.52,5.61,11.32
2020-07-15,13.99,3.11,7.39,0.03,0.51,4.28,10.81
2020-07-16,15.89,2.76,7.97,0.0,0.51,4.27,10.91
2020-07-17,16.75,2.76,8.76,0.0,0.51,4.8,11.54
2020-07-18,14.87,5.14,8.7,0.04,0.51,3.27,6.35
2020-07-19,14.16,7.84,10.04,1.89,0.51,6.61,8.35
2020-07-20,14.15,6.23,9.48,0.51,0.51,6.65,9.75
2020-07-21,12.92,5.24,8.6,0.16,0.51,6.36,7.68
2020-07-22,13.3,5.41,8.24,0.14,0.51,6.09,6.91
2020-07-23,12.37,3.27,7.02,0.0,0.51,3.5,11.4
2020-07-24,15.64,1.9,7.85,0.0,0.51,3.36,12.09
2020-07-25,16.27,4.69,8.6,0.22,0.51,5.18,11.09
2020-07-26,15.17,2.85,7.98,0.06,0.5,5.25,10.96
2020-07-27,14.7,3.21,9.27,0.0,0.5,6.03,11.75
2020-07-28,14.41,2.18,7.04,0.0,0.5,5.1,9.24
2020-07-29,14.53,3.58,8.0,0.21,0.5,6.97,9.04
2020-07-30,14.99,6.32,9.63,0.1,0.5,6.2,12.35
2020-07-31,17.26,3.36,9.86,0.01,0.5,5.38,11.24
2020-08-01,20.01,5.77,11.21,0.0,0.5,4.59,12.81
2020-08-02,17.22,6.26,10.71,0.0,0.5,8.16,10.79
2020-08-03,13.84,5.0,8.52,0.77,0.5,5.15,9.88
2020-08-04,11.99,1.92,6.52,0.43,0.49,2.02,12.32
2020-08-05,13.0,1.97,6.38,0.02,0.49,1.37,12.37
2020-08-06,11.91,1.4,6.77,0.55,0.49,4.35,9.28
2020-08-07,9.47,4.94,7.18,1.56,0.49,5.22,3.8
2020-08-08,11.7,6.45,8.88,1.16,0.5,7.22,5.99
2020-08-09,15.61,5.61,10.02,0.05,0.49,7.05,8.83
2020-08-10,16.0,5.26,9.37,0.11,0.49,5.57,14.58
2020-08-11,15.89,7.51,10.64,1.73,0.49,6.37,5.96
2020-08-12,14.44,7.83,10.34,2.57,0.49,8.98,7.36
2020-08-13,17.24,8.16,11.65,0.56,0.5,9.28,11.11
2020-08-14,16.58,6.76,10.92,0.41,0.5,8.38,12.31
2020-08-15,14.94,7.58,10.49,1.49,0.5,8.75,12.16
2020-08-16,14.92,6.5,10.06,0.67,0.5,7.63,12.31
2020-08-17,15.71,4.15,10.03,1.45,0.49,6.91,8.2
2020-08-18,13.47,7.97,10.03,5.42,0.5,7.98,10.37
2020-08-19,12.25,7.78,9.7,6.17,0.51,7.03,11.19
2020-08-20,13.78,7.68,9.99,1.89,0.51,6.83,12.91
2020-08-21,10.84,6.41,8.16,1.68,0.51,4.58,13.5
2020-08-22,12.26,5.84,8.49,1.8,0.51,5.07,13.5
2020-08-23,13.12,4.68,8.63,0.57,0.51,4.61,14.03
2020-08-24,12.98,3.06,6.98,0.09,0.51,2.89,12.4
2020-08-25,14.26,3.39,7.54,0.14,0.51,3.05,13.92
2020-08-26,18.21,1.1,9.47,0.0,0.5,3.48,16.86
2020-08-27,17.97,5.19,11.07,0.46,0.5,6.36,14.85
2020-08-28,17.92,4.15,10.02,0.03,0.5,5.25,17.7
2020-08-29,22.93,5.54,13.44,0.05,0.5,3.41,17.75
2020-08-30,14.79,7.02,11.05,0.61,0.49,5.4,9.26
2020-08-31,14.37,4.1,8.26,0.14,0.49,3.51,12.29
2020-09-01,17.26,2.44,9.78,0.0,0.49,1.2,16.61
2020-09-02,19.5,8.25,12.6,0.01,0.49,5.09,16.73
2020-09-03,15.97,7.34,11.07,0.6,0.49,6.56,12.86
2020-09-04,15.5,7.29,11.23,2.68,0.49,8.17,12.31
2020-09-05,17.76,5.6,11.16,0.08,0.49,6.36,16.98
2020-09-06,22.22,4.2,13.5,0.0,0.48,5.31,18.19
2020-09-07,23.77,8.57,17.03,0.0,0.48,3.9,17.85
2020-09-08,19.53,8.49,14.77,0.01,0.48,6.58,10.22
2020-09-09,17.24,4.43,10.46,0.01,0.47,4.14,19.93
2020-09-10,21.29,3.52,12.04,0.0,0.47,2.47,19.9
2020-09-11,24.91,10.1,17.0,0.16,0.47,7.2,10.32
2020-09-12,19.1,9.38,13.78,9.88,0.48,10.18,2.52
2020-09-13,17.39,8.47,11.79,0.12,0.48,7.22,20.39
2020-09-14,18.92,6.04,12.31,0.1,0.48,7.41,17.34
2020-09-15,18.96,5.22,11.44,0.0,0.48,5.9,20.7
2020-09-16,24.74,8.5,14.94,0.3,0.47,5.8,17.28
2020-09-17,18.25,10.31,13.75,1.28,0.47,10.09,7.31
2020-09-18,24.09,9.76,16.39,0.77,0.47,12.17,14.21
2020-09-19,21.34,13.82,16.99,7.35,0.48,14.07,13.9
2020-09-20,24.1,10.25,16.9,1.96,0.48,11.3,17.18
2020-09-21,19.86,7.58,13.36,0.41,0.48,6.16,19.37
2020-09-22,16.7,9.84,12.51,1.17,0.48,7.64,18.31
2020-09-23,13.29,7.95,10.58,1.53,0.48,6.59,16.82
2020-09-24,12.3,6.04,8.68,6.86,0.48,5.98,12.14
2020-09-25,11.15,4.51,7.58,2.6,0.49,4.13,17.11
2020-09-26,14.57,6.52,9.88,0.23,0.49,4.47,16.65
2020-09-27,16.6,5.78,10.5,0.06,0.49,5.57,16.68
2020-09-28,19.63,4.63,11.68,0.0,0.48,4.02,23.38
2020-09-29,20.72,7.13,13.04,1.15,0.48,5.23,14.28
2020-09-30,16.02,9.11,12.24,1.22,0.48,9.2,10.95
2020-10-01,20.87,6.41,13.02,0.0,0.48,4.61,23.01
2020-10-02,31.17,10.71,20.51,0.03,0.47,8.11,23.85
2020-10-03,28.35,16.08,20.71,0.01,0.47,10.18,11.94
2020-10-04,22.59,6.49,15.38,4.93,0.47,11.38,10.02
2020-10-05,15.93,5.99,10.48,2.52,0.48,5.26,19.23
2020-10-06,17.57,3.91,10.47,0.1,0.47,2.71,22.53
2020-10-07,13.84,3.84,9.16,18.03,0.49,6.08,6.7
2020-10-08,14.43,7.82,11.29,6.58,0.51,9.38,12.94
2020-10-09,18.61,7.33,12.45,0.15,0.51,7.83,22.74
2020-10-10,20.96,5.43,12.05,0.03,0.5,7.08,23.85
2020-10-11,20.24,5.17,12.29,0.0,0.5,5.51,25.29
2020-10-12,28.13,8.75,17.01,0.02,0.49,8.72,19.43
2020-10-13,23.99,9.53,16.07,0.24,0.49,11.0,23.15
2020-10-14,29.86,8.69,19.08,0.01,0.48,10.17,22.57
2020-10-15,25.38,10.68,19.23,0.51,0.48,10.52,7.17
2020-10-16,19.97,9.16,14.24,2.1,0.48,11.16,11.95
2020-10-17,17.87,8.03,13.06,0.4,0.48,8.15,17.67
2020-10-18,18.32,6.7,11.95,0.26,0.48,5.91,16.89
2020-10-19,19.98,6.7,12.76,0.09,0.47,7.37,14.64
2020-10-20,22.55,6.0,13.84,0.0,0.47,7.04,23.4
2020-10-21,23.61,8.1,15.29,0.0,0.47,7.42,22.73
2020-10-22,22.32,8.09,15.47,0.57,0.46,9.1,18.5
2020-10-23,20.57,11.13,15.76,10.57,0.47,13.13,14.55
2020-10-24,17.34,7.87,11.95,3.0,0.48,5.6,18.86
2020-10-25,16.29,4.72,10.44,0.01,0.48,2.69,16.98
2020-10-26,17.96,5.72,12.3,0.0,0.48,5.68,18.24
2020-10-27,20.05,9.69,14.35,0.0,0.47,7.77,20.72
2020-10-28,24.22,7.68,15.57,0.0,0.47,7.56,27.15
2020-10-29,18.23,10.26,14.17,18.58,0.49,9.95,10.26
2020-10-30,19.39,11.37,14.99,0.42,0.5,10.75,21.63
2020-10-31,21.31,8.57,14.63,0.0,0.5,8.49,19.92
2020-11-01,25.58,5.51,15.8,0.0,0.49,7.36,29.84
2020-11-02,31.02,11.51,21.41,0.0,0.48,9.29,29.82
2020-11-03,33.18,16.3,24.37,0.01,0.47,11.48,27.65
2020-11-04,19.75,8.45,15.33,0.7,0.47,9.36,16.95
2020-11-05,19.9,6.26,12.58,0.02,0.47,4.4,20.78
2020-11-06,17.51,7.02,12.31,0.06,0.47,6.14,15.98
2020-11-07,22.6,7.42,14.33,0.01,0.46,5.25,29.13
2020-11-08,27.12,6.47,16.98,0.0,0.46,4.78,31.49
2020-11-09,32.86,12.02,23.09,0.0,0.45,8.88,26.08
2020-11-10,37.03,20.08,27.86,1.79,0.45,14.52,26.78
2020-11-11,29.06,15.53,21.78,0.08,0.45,9.18,24.96
2020-11-12,20.12,13.06,15.86,0.69,0.44,10.08,17.02
2020-11-13,18.21,11.87,14.46,0.33,0.44,7.75,17.93
2020-11-14,26.58,8.52,18.35,0.02,0.44,7.64,30.03
2020-11-15,37.04,13.83,25.46,0.04,0.44,8.18,23.47
2020-11-16,21.17,9.59,15.79,0.45,0.43,7.48,30.98
2020-11-17,25.2,8.08,16.7,0.0,0.43,5.9,31.45
2020-11-18,33.11,11.77,23.12,0.0,0.43,4.55,28.79
2020-11-19,38.2,13.83,24.78,0.0,0.42,6.74,29.51
2020-11-20,30.95,11.56,21.25,0.0,0.42,9.04,27.47
2020-11-21,36.54,15.42,25.5,0.23,0.42,9.72,17.56
2020-11-22,37.15,18.3,24.47,3.92,0.42,14.57,16.94
2020-11-23,26.15,11.81,18.87,1.05,0.42,11.14,26.81
2020-11-24,26.34,11.25,17.87,0.02,0.42,8.19,30.75
2020-11-25,33.3,12.27,22.46,0.0,0.42,7.92,32.18
2020-11-26,30.21,13.6,21.62,0.0,0.41,8.55,31.07
2020-11-27,39.15,16.01,26.9,0.0,0.41,9.57,28.47
2020-11-28,28.01,15.51,22.23,4.27,0.41,12.16,13.89
2020-11-29,23.84,12.6,17.75,0.09,0.42,8.04,26.7
2020-11-30,31.82,11.53,21.75,0.0,0.41,6.95,30.69
2020-12-01,21.81,10.79,17.8,0.77,0.41,7.33,26.19
2020-12-02,23.46,9.65,15.89,0.02,0.41,2.72,28.99
2020-12-03,28.38,7.46,17.48,0.0,0.41,3.64,34.09
2020-12-04,30.78,8.52,20.55,0.02,0.4,5.52,33.5
2020-12-05,22.33,12.66,18.35,3.2,0.41,7.4,13.44
2020-12-06,19.22,11.64,14.83,2.3,0.41,7.09,24.56
2020-12-07,17.82,9.14,13.39,1.0,0.41,5.5,25.75
2020-12-08,22.45,8.06,14.73,0.03,0.41,6.28,20.41
2020-12-09,27.2,8.83,17.29,0.01,0.41,7.62,33.0
2020-12-10,25.73,10.47,17.21,0.02,0.4,5.25,31.29
2020-12-11,29.79,8.36,19.24,0.0,0.4,2.16,34.7
2020-12-12,34.39,12.04,24.61,0.0,0.4,9.78,27.88
2020-12-13,32.28,19.91,25.59,0.0,0.4,7.16,16.56
2020-12-14,37.19,21.54,29.08,0.0,0.39,11.93,20.4
2020-12-15,35.45,18.5,27.11,0.09,0.39,14.54,30.32
2020-12-16,26.68,15.49,20.64,6.74,0.4,13.39,14.35
2020-12-17,23.43,11.47,17.64,0.25,0.4,11.21,18.31
2020-12-18,22.76,10.76,16.03,0.01,0.4,4.99,30.26
2020-12-19,24.63,8.83,16.52,0.99,0.4,6.51,29.23
2020-12-20,28.57,8.59,19.43,0.06,0.4,3.91,34.55
2020-12-21,19.47,11.65,15.92,8.45,0.41,8.93,9.84
2020-12-22,23.01,10.62,16.36,0.3,0.41,7.83,28.07
2020-12-23,25.04,9.01,16.83,0.14,0.41,8.54,24.66
2020-12-24,25.48,10.65,17.41,0.0,0.4,6.91,30.03
2020-12-25,27.94,9.83,18.83,0.0,0.4,4.28,31.96
2020-12-26,34.45,11.05,23.8,0.0,0.4,5.75,31.83
2020-12-27,28.21,9.21,19.0,0.18,0.4,7.12,11.86
2020-12-28,20.87,7.62,14.36,0.0,0.4,3.38,26.36
2020-12-29,25.81,9.07,17.59,0.0,0.4,9.18,30.36
2020-12-30,27.56,12.01,19.33,0.0,0.39,10.95,29.26
2020-12-31,29.21,12.04,20.31,0.0,0.39,8.96,32.41
2021-01-01,35.24,13.83,25.25,0.24,0.39,8.8,29.63
2021-01-02,31.7,15.42,24.34,3.87,0.39,12.53,29.08
2021-01-03,28.54,14.43,20.51,2.39,0.4,12.57,24.56
2021-01-04,24.13,12.5,18.21,0.02,0.4,9.94,20.86
2021-01-05,23.4,10.54,16.93,0.02,0.39,9.45,25.2
2021-01-06,26.48,12.76,18.76,0.02,0.39,8.8,29.64
2021-01-07,31.07,10.98,21.13,0.0,0.39,8.05,33.37
2021-01-08,34.69,14.22,24.69,0.0,0.39,8.77,32.92
2021-01-09,37.46,15.95,27.39,0.0,0.39,8.15,33.09
2021-01-10,39.35,19.12,29.65,0.0,0.39,7.69,30.56
2021-01-11,38.16,16.48,27.74,0.0,0.38,8.11,21.45
2021-01-12,31.64,14.42,22.31,0.0,0.38,6.24,34.13
2021-01-13,31.67,12.85,20.56,0.0,0.38,8.15,23.4
2021-01-14,24.02,12.02,17.19,0.08,0.38,7.82,29.11
2021-01-15,20.31,12.48,15.85,0.36,0.38,6.41,28.25
2021-01-16,20.47,11.74,15.98,0.15,0.38,8.53,21.8
2021-01-17,26.5,12.03,17.82,0.03,0.38,7.82,31.41
2021-01-18,26.37,11.58,18.14,0.0,0.38,9.82,27.33
2021-01-19,29.76,12.3,19.9,0.0,0.38,3.59,33.3
2021-01-20,32.17,10.0,21.49,0.0,0.38,1.74,33.58
2021-01-21,35.42,14.27,24.83,0.0,0.38,2.43,32.99
2021-01-22,32.76,13.32,22.93,0.0,0.38,3.82,31.86
2021-01-23,38.26,14.7,27.26,0.0,0.38,7.69,31.37
2021-01-24,42.21,22.82,31.43,0.0,0.38,4.49,24.65
2021-01-25,32.73,18.73,23.94,4.77,0.38,15.24,8.3
2021-01-26,26.69,13.67,20.39,0.58,0.39,10.46,25.97
2021-01-27,28.86,10.56,19.65,0.19,0.39,3.42,32.24
2021-01-28,33.63,13.43,24.56,0.28,0.38,9.73,25.86
2021-01-29,27.51,15.11,22.19,11.17,0.4,15.32,28.39
2021-01-30,26.25,13.61,18.93,13.28,0.43,12.07,26.03
2021-01-31,28.67,10.92,19.78,0.0,0.42,8.2,31.87
2021-02-01,25.86,12.23,18.54,0.13,0.42,9.13,24.69
2021-02-02,26.49,11.74,18.6,0.6,0.41,7.83,30.33
2021-02-03,29.14,10.87,20.21,0.0,0.41,9.18,30.69
2021-02-04,28.55,17.29,21.83,0.59,0.41,10.72,7.41
2021-02-05,24.15,11.13,16.68,2.09,0.41,7.41,22.59
2021-02-06,23.98,13.18,17.57,0.26,0.41,11.31,22.08
2021-02-07,25.35,12.12,18.02,0.03,0.41,8.86,23.48
2021-02-08,24.99,9.29,17.42,0.0,0.41,7.64,23.15
2021-02-09,30.47,11.4,20.98,0.0,0.4,7.46,28.14
2021-02-10,35.84,14.69,25.19,0.0,0.4,6.2,30.03
2021-02-11,35.74,17.85,25.43,0.66,0.4,11.65,13.39
2021-02-12,22.87,14.01,17.73,0.14,0.4,10.13,18.88
2021-02-13,24.98,12.87,18.16,0.6,0.4,9.48,23.89
2021-02-14,28.48,10.7,19.29,0.0,0.4,8.24,29.28
2021-02-15,31.78,11.85,21.84,0.0,0.39,9.49,29.14
2021-02-16,36.28,16.66,27.14,0.0,0.39,9.98,26.25
2021-02-17,37.38,22.56,29.56,0.0,0.39,10.19,27.95
2021-02-18,36.05,22.66,28.79,0.0,0.39,9.37,28.32
2021-02-19,37.88,20.52,28.19,0.0,0.38,8.83,20.85
2021-02-20,31.85,15.55,23.36,0.0,0.38,12.07,26.69
2021-02-21,26.04,13.8,18.58,0.0,0.38,9.64,27.03
2021-02-22,24.06,11.66,17.62,0.0,0.38,7.22,19.23
2021-02-23,23.28,10.65,16.27,0.0,0.38,3.94,23.19
2021-02-24,24.66,10.62,16.84,0.0,0.38,4.49,24.67
2021-02-25,22.61,9.35,16.14,0.08,0.38,9.55,20.04
2021-02-26,25.11,11.49,17.72,0.01,0.38,5.18,25.26
2021-02-27,28.11,11.13,18.85,0.0,0.38,6.99,25.06
2021-02-28,28.56,12.28,19.08,0.0,0.38,8.73,25.33
2021-03-01,24.22,10.18,16.84,0.01,0.38,8.19,23.68
2021-03-02,24.61,7.95,15.98,0.0,0.38,3.4,24.95
2021-03-03,24.87,8.87,16.16,0.0,0.38,5.65,25.76
2021-03-04,26.18,9.54,16.99,0.03,0.38,8.91,25.4
2021-03-05,26.94,12.49,18.46,0.03,0.38,7.32,25.77
2021-03-06,27.34,9.13,18.44,0.0,0.38,3.07,25.71
2021-03-07,27.94,13.88,20.88,0.68,0.38,7.69,14.81
2021-03-08,24.67,12.44,18.56,0.76,0.38,11.13,15.26
2021-03-09,26.38,10.29,17.74,0.25,0.38,9.06,23.68
2021-03-10,27.94,10.71,19.56,1.02,0.38,7.61,21.39
2021-03-11,29.53,13.7,21.35,2.69,0.39,9.98,19.86
2021-03-12,31.99,15.0,23.48,0.09,0.39,10.29,23.82
2021-03-13,20.86,9.9,16.9,2.65,0.39,8.7,10.99
2021-03-14,20.76,7.68,13.88,0.0,0.39,4.12,22.55
2021-03-15,25.02,9.98,17.05,0.14,0.39,10.76,13.52
2021-03-16,25.6,12.14,18.62,0.0,0.39,11.11,21.86
2021-03-17,30.64,12.12,22.08,0.0,0.39,10.82,20.29
2021-03-18,31.06,15.79,23.44,0.0,0.38,10.65,20.8
2021-03-19,32.01,15.0,23.65,0.0,0.38,10.4,22.2
2021-03-20,31.39,18.27,24.22,0.0,0.38,11.48,20.71
2021-03-21,27.52,16.32,21.47,2.21,0.38,12.18,17.65
2021-03-22,28.17,16.07,21.64,1.95,0.39,15.19,16.96
2021-03-23,25.09,16.0,19.55,6.61,0.4,15.67,12.75
2021-03-24,24.42,15.15,18.52,1.25,0.4,13.76,11.68
2021-03-25,20.15,12.78,16.05,0.74,0.4,10.81,17.26
2021-03-26,22.51,12.06,16.74,0.21,0.4,11.27,12.48
2021-03-27,20.94,11.61,15.96,0.3,0.4,9.81,17.56
2021-03-28,22.74,11.71,16.46,0.12,0.4,10.24,13.6
2021-03-29,25.94,10.48,17.76,0.03,0.39,11.48,19.03
2021-03-30,26.33,11.45,18.41,0.0,0.39,10.78,17.7
2021-03-31,29.55,11.72,19.96,0.0,0.39,9.76,20.26
2021-04-01,31.72,14.32,21.78,0.0,0.39,5.6,20.28
2021-04-02,32.8,14.4,23.14,0.0,0.39,5.64,20.29
2021-04-03,34.29,16.29,23.71,0.0,0.39,6.4,19.81
2021-04-04,30.05,14.5,20.76,0.0,0.39,10.72,19.05
2021-04-05,25.03,11.22,17.1,0.0,0.38,7.62,19.71
2021-04-06,25.89,9.43,17.15,0.0,0.38,9.0,19.12
2021-04-07,28.57,10.23,18.24,0.0,0.38,7.77,18.97
2021-04-08,30.76,12.67,20.76,1.34,0.38,7.32,11.6
2021-04-09,21.16,12.05,15.98,0.46,0.39,8.02,12.71
2021-04-10,19.59,11.58,15.35,0.5,0.39,6.79,13.13
2021-04-11,18.23,8.45,12.94,0.14,0.39,4.2,10.8
2021-04-12,20.36,7.11,13.59,0.03,0.39,5.35,17.37
2021-04-13,21.89,12.56,17.26,1.23,0.38,2.61,7.92
2021-04-14,19.35,14.17,16.49,0.22,0.39,8.19,13.4
2021-04-15,19.72,11.69,15.33,1.49,0.39,9.36,12.94
2021-04-16,19.86,7.98,13.16,0.12,0.39,5.72,15.98
2021-04-17,19.8,7.57,13.41,0.59,0.39,7.81,12.4
2021-04-18,20.94,10.04,14.39,0.74,0.39,10.29,10.13
2021-04-19,20.71,10.39,14.54,0.37,0.39,10.1,9.04
2021-04-20,15.82,5.25,11.18,0.89,0.39,5.38,11.84
2021-04-21,16.91,4.75,10.58,0.31,0.39,3.71,9.67
2021-04-22,16.74,10.39,13.46,1.74,0.39,9.24,9.02
2021-04-23,18.36,11.07,14.09,0.14,0.39,8.87,10.71
2021-04-24,19.87,10.68,14.39,0.26,0.39,10.17,12.38
2021-04-25,20.34,9.28,13.99,0.15,0.39,10.06,10.65
2021-04-26,20.21,8.63,13.19,0.01,0.39,9.15,7.85
2021-04-27,20.01,8.12,13.1,0.01,0.39,8.5,13.72
2021-04-28,20.71,7.32,12.93,0.02,0.39,7.06,14.0
2021-04-29,24.14,7.98,15.64,0.05,0.39,6.33,14.62
2021-04-30,26.24,9.61,16.82,0.04,0.39,3.33,14.73
2021-05-01,23.29,14.3,18.39,0.0,0.39,7.86,8.71
2021-05-02,22.73,10.66,16.56,0.01,0.39,10.2,12.88
2021-05-03,17.95,8.31,13.08,0.74,0.39,9.96,8.3
2021-05-04,17.6,6.7,11.02,0.0,0.39,3.18,13.9
2021-05-05,17.55,4.79,10.8,0.0,0.39,7.03,10.72
2021-05-06,17.71,6.51,11.59,0.0,0.39,6.13,9.41
2021-05-07,22.71,10.0,14.65,0.03,0.39,7.07,11.7
2021-05-08,18.97,9.74,13.56,0.44,0.39,10.85,8.62
2021-05-09,19.07,8.33,13.36,0.03,0.39,8.51,8.78
2021-05-10,17.44,9.06,12.6,1.82,0.39,7.83,8.37
2021-05-11,16.26,7.01,10.61,0.1,0.39,3.73,7.35
2021-05-12,18.47,5.7,10.88,0.02,0.39,5.95,13.13
2021-05-13,15.71,7.97,11.05,0.96,0.39,6.0,6.26
2021-05-14,14.48,10.11,12.27,0.72,0.39,6.97,9.07
2021-05-15,15.66,8.15,11.39,0.17,0.39,4.23,8.82
2021-05-16,17.06,10.03,12.92,0.47,0.39,7.42,9.22
2021-05-17,15.82,10.02,12.61,0.71,0.39,9.18,8.76
2021-05-18,17.55,8.42,12.03,0.23,0.39,7.48,8.58
2021-05-19,19.94,7.21,12.47,0.0,0.39,2.94,8.7
2021-05-20,20.82,10.14,14.95,0.09,0.39,5.64,8.9
2021-05-21,21.88,6.9,13.13,0.03,0.39,5.26,12.12
2021-05-22,22.88,6.84,13.59,0.0,0.39,2.46,11.93
2021-05-23,22.91,7.93,14.42,0.0,0.39,1.96,10.06
2021-05-24,22.38,11.25,17.14,0.0,0.39,5.86,8.2
2021-05-25,18.02,12.05,15.1,3.96,0.39,7.86,6.59
2021-05-26,15.56,10.87,12.65,0.46,0.39,5.96,9.01
2021-05-27,16.42,8.94,12.2,0.35,0.39,8.64,8.64
2021-05-28,16.51,5.97,10.7,0.14,0.39,6.96,7.73
2021-05-29,15.13,2.8,7.83,0.0,0.39,2.51,11.27
2021-05-30,16.08,2.6,7.52,0.01,0.39,1.11,11.56
2021-05-31,15.47,2.08,8.23,0.0,0.39,-4.0,7.18
2021-06-01,15.06,6.05,9.22,0.0,0.39,2.01,4.4
2021-06-02,17.47,7.36,10.74,0.67,0.39,9.93,6.01
2021-06-03,18.2,7.32,11.79,0.55,0.39,9.82,4.39
2021-06-04,14.89,5.85,10.15,0.67,0.39,5.04,8.77
2021-06-05,14.04,3.73,9.72,2.48,0.39,7.04,5.82
2021-06-06,19.13,10.66,13.92,0.99,0.4,9.87,8.04
2021-06-07,20.86,9.7,13.94,7.52,0.4,6.63,6.57
2021-06-08,10.56,6.18,8.29,5.31,0.42,5.73,6.89
2021-06-09,13.63,6.27,9.34,2.13,0.42,4.52,7.72
2021-06-10,17.14,7.99,11.13,0.17,0.42,7.14,8.02
2021-06-11,17.99,8.85,11.86,0.37,0.42,8.59,8.27
2021-06-12,14.97,7.74,10.54,0.18,0.42,8.92,6.13
2021-06-13,16.78,6.99,11.37,0.0,0.42,7.25,7.62
2021-06-14,18.42,7.47,12.04,0.03,0.42,7.01,8.63
2021-06-15,17.29,9.41,12.63,3.74,0.42,8.25,4.46
2021-06-16,11.42,7.62,9.78,7.49,0.43,8.79,3.58
2021-06-17,15.11,8.05,10.71,2.19,0.44,9.25,6.38
2021-06-18,15.26,9.16,11.17,3.44,0.45,9.2,7.86
2021-06-19,16.21,6.18,10.9,0.39,0.44,8.74,7.42
2021-06-20,15.16,5.57,9.11,0.22,0.44,5.64,10.09
2021-06-21,15.22,3.04,8.03,0.0,0.44,3.99,10.46
2021-06-22,12.98,5.52,9.12,0.03,0.44,5.33,3.57
2021-06-23,14.42,7.82,11.33,2.67,0.45,8.35,4.93
2021-06-24,13.0,5.26,8.31,2.45,0.45,6.5,4.67
2021-06-25,14.99,7.95,10.84,1.61,0.45,8.7,7.32
2021-06-26,12.56,6.75,9.83,1.54,0.45,7.59,7.1
2021-06-27,16.26,7.23,11.69,1.04,0.45,8.74,7.75
2021-06-28,16.65,6.8,10.3,0.07,0.45,6.38,4.91
2021-06-29,16.44,5.62,9.6,0.0,0.45,4.49,6.75
2021-06-30,17.93,5.24,10.23,0.25,0.45,5.24,10.01
2021-07-01,15.45,7.16,10.3,0.5,0.45,7.17,7.94
2021-07-02,9.99,6.17,8.2,4.11,0.45,5.59,5.15
2021-07-03,10.83,5.79,7.98,2.65,0.46,5.91,8.02
2021-07-04,13.52,5.73,9.19,0.51,0.46,6.68,9.02
2021-07-05,11.58,4.21,8.11,0.09,0.46,5.69,6.27
2021-07-06,14.53,4.46,8.45,0.0,0.46,3.47,8.02
2021-07-07,13.89,3.13,7.67,0.0,0.46,2.76,9.24
2021-07-08,13.09,3.44,7.09,0.0,0.46,1.88,9.53
2021-07-09,15.11,0.99,7.61,0.0,0.46,2.98,10.59
2021-07-10,16.17,7.79,10.83,0.01,0.46,7.0,10.16
2021-07-11,17.5,5.08,10.6,0.03,0.45,2.35,9.51
2021-07-12,14.64,5.35,10.0,1.91,0.45,7.06,7.37
2021-07-13,15.12,8.59,10.49,0.44,0.46,7.39,5.91
2021-07-14,16.69,8.45,11.71,2.06,0.46,8.82,6.71
2021-07-15,16.0,9.62,11.72,4.96,0.46,9.17,7.83
2021-07-16,13.35,8.54,10.6,6.74,0.48,7.67,5.83
2021-07-17,13.49,7.71,9.93,3.07,0.48,6.15,8.57
2021-07-18,14.04,5.83,9.49,1.39,0.48,6.35,8.5
2021-07-19,13.53,6.6,9.28,3.71,0.48,7.27,7.89
2021-07-20,11.26,5.69,9.04,2.36,0.49,4.83,9.95
2021-07-21,12.34,3.08,7.74,0.79,0.49,4.82,9.06
2021-07-22,9.56,4.11,5.7,2.22,0.49,2.35,3.34
2021-07-23,10.79,2.92,6.51,0.22,0.49,4.65,8.13
2021-07-24,14.17,6.59,8.61,6.55,0.49,5.2,6.96
2021-07-25,12.87,5.5,9.79,2.12,0.5,6.69,5.78
2021-07-26,15.77,7.84,11.49,1.29,0.5,9.03,8.71
2021-07-27,19.37,5.18,11.66,1.11,0.5,5.04,5.66
2021-07-28,13.18,8.94,11.11,2.47,0.5,6.33,10.35
2021-07-29,15.69,6.6,10.26,0.6,0.5,3.87,12.47
2021-07-30,17.83,5.38,11.78,0.0,0.5,2.04,6.79
2021-07-31,14.49,8.15,10.62,9.69,0.5,8.93,3.56
2021-08-01,13.99,5.57,9.18,1.08,0.51,5.55,11.19
2021-08-02,16.57,4.92,10.21,4.01,0.51,5.31,10.25
2021-08-03,13.07,7.7,9.74,2.34,0.52,6.35,10.54
2021-08-04,15.56,7.28,10.82,0.74,0.52,8.64,10.18
2021-08-05,14.32,8.4,10.79,0.35,0.51,9.22,10.14
2021-08-06,12.96,8.66,10.4,0.27,0.51,8.75,8.36
2021-08-07,16.13,6.81,10.55,0.17,0.51,7.97,9.75
2021-08-08,16.86,4.51,9.92,0.0,0.51,6.23,10.62
2021-08-09,17.93,5.36,10.59,0.0,0.51,4.09,13.59
2021-08-10,19.25,6.43,12.62,0.01,0.51,1.85,6.14
2021-08-11,13.54,8.8,10.75,3.49,0.51,5.94,6.18
2021-08-12,15.92,7.75,11.16,0.47,0.51,8.3,12.09
2021-08-13,16.41,6.77,11.0,0.18,0.51,8.45,11.38
2021-08-14,17.05,5.72,10.07,0.21,0.5,6.77,12.68
2021-08-15,18.06,6.22,11.62,0.08,0.5,6.61,15.0
2021-08-16,13.22,7.93,10.81,0.34,0.5,8.34,13.01
2021-08-17,13.62,7.82,10.21,0.61,0.5,7.94,9.39
2021-08-18,15.56,6.47,10.6,0.13,0.5,7.43,10.4
2021-08-19,20.32,4.4,11.75,0.0,0.5,4.42,15.44
2021-08-20,18.57,8.68,12.9,0.07,0.49,6.53,11.07
2021-08-21,17.93,7.19,11.58,0.46,0.49,8.74,14.25
2021-08-22,21.32,6.56,13.19,1.62,0.49,8.02,14.83
2021-08-23,11.88,5.58,8.81,0.89,0.49,4.63,12.89
2021-08-24,13.2,4.59,8.48,0.28,0.49,4.07,13.75
2021-08-25,14.43,4.34,8.83,0.25,0.49,5.36,14.06
2021-08-26,13.67,3.98,8.15,0.38,0.49,4.16,11.76
2021-08-27,15.67,3.97,8.62,0.05,0.49,2.58,16.75
2021-08-28,17.89,4.78,10.48,0.42,0.48,2.33,12.0
2021-08-29,15.1,6.76,10.04,0.61,0.48,6.11,14.89
2021-08-30,18.79,7.58,12.36,0.18,0.48,5.85,16.24
2021-08-31,21.11,10.07,14.9,0.02,0.48,6.88,13.04
2021-09-01,25.22,7.87,16.45,0.01,0.48,8.26,17.62
2021-09-02,29.13,11.29,19.64,0.0,0.47,5.3,18.18
2021-09-03,15.18,6.5,12.16,3.71,0.47,8.76,6.36
2021-09-04,14.28,4.76,8.87,1.53,0.47,5.58,13.39
2021-09-05,14.02,4.69,9.58,0.64,0.47,6.43,13.79
2021-09-06,17.98,6.55,11.31,0.09,0.47,6.72,18.51
2021-09-07,16.68,7.28,11.41,0.06,0.47,7.23,12.52
2021-09-08,22.02,3.66,12.32,0.01,0.47,6.18,19.55
2021-09-09,25.19,8.65,15.32,0.0,0.47,4.38,19.97
2021-09-10,25.11,9.03,16.49,0.0,0.46,5.57,14.21
2021-09-11,18.89,9.11,13.92,0.54,0.46,6.64,10.52
2021-09-12,13.25,6.17,9.02,2.92,0.46,5.22,15.78
2021-09-13,16.68,4.47,10.02,0.14,0.46,4.84,17.23
2021-09-14,16.94,3.43,9.85,0.01,0.46,4.44,12.63
2021-09-15,17.76,4.51,10.63,0.0,0.46,4.5,14.97
2021-09-16,20.79,4.64,12.41,0.0,0.46,4.72,21.19
2021-09-17,23.09,9.94,15.28,0.45,0.45,5.11,18.91
2021-09-18,16.02,9.04,11.81,0.65,0.45,4.81,17.15
2021-09-19,17.65,7.76,12.26,2.54,0.45,7.89,11.86
2021-09-20,12.58,6.39,9.39,2.0,0.46,3.45,16.95
2021-09-21,14.66,6.24,10.46,0.19,0.46,4.45,14.72
2021-09-22,19.59,9.53,13.04,0.2,0.45,9.06,13.46
2021-09-23,19.56,8.28,12.89,0.03,0.45,8.63,19.3
2021-09-24,17.08,8.29,11.97,0.19,0.45,6.89,16.63
2021-09-25,16.4,5.07,10.18,0.07,0.45,3.08,17.35
2021-09-26,18.69,2.67,10.46,0.0,0.45,2.34,23.7
2021-09-27,22.9,5.84,14.13,0.0,0.44,1.2,22.82
2021-09-28,24.22,9.24,15.96,0.6,0.44,6.25,8.86
2021-09-29,21.22,11.89,15.37,2.07,0.44,10.59,11.07
2021-09-30,16.48,10.83,13.11,1.88,0.44,10.79,7.32
2021-10-01,19.81,10.7,14.26,0.47,0.45,10.25,12.65
2021-10-02,21.77,10.47,15.55,0.03,0.44,9.37,13.76
2021-10-03,20.15,11.96,14.5,2.45,0.44,9.39,13.08
2021-10-04,13.9,9.58,11.77,2.37,0.45,7.71,18.91
2021-10-05,19.18,7.46,12.9,0.03,0.44,5.37,21.12
2021-10-06,23.91,6.39,13.41,1.28,0.44,5.72,11.71
2021-10-07,17.78,6.74,11.12,0.01,0.44,4.33,20.5
2021-10-08,22.82,4.43,13.09,0.0,0.44,4.23,24.4
2021-10-09,22.48,7.69,13.56,0.05,0.44,4.49,19.69
2021-10-10,16.53,5.09,10.32,2.4,0.44,3.51,22.45
2021-10-11,18.06,3.78,10.3,0.63,0.44,2.2,24.18
2021-10-12,20.3,4.01,12.19,0.0,0.44,1.71,24.86
2021-10-13,15.0,6.84,10.8,3.15,0.44,3.94,11.27
2021-10-14,16.27,4.88,10.99,5.55,0.44,4.4,18.15
2021-10-15,16.23,5.43,11.2,0.89,0.45,7.07,16.3
2021-10-16,17.13,7.03,12.04,0.3,0.45,7.51,15.79
2021-10-17,21.63,6.95,13.35,0.05,0.44,6.18,21.48
2021-10-18,22.79,7.44,14.13,0.0,0.44,6.44,25.28
2021-10-19,21.99,5.24,13.35,0.0,0.44,4.91,27.61
2021-10-20,22.88,7.76,15.96,0.01,0.44,4.76,22.87
2021-10-21,25.79,11.75,18.24,0.0,0.43,9.91,24.84
2021-10-22,25.39,9.06,16.48,0.08,0.43,9.51,22.43
2021-10-23,18.73,7.53,13.09,0.79,0.43,7.41,22.89
2021-10-24,20.33,6.87,12.7,0.24,0.43,4.9,22.56
2021-10-25,21.55,3.98,12.85,0.0,0.43,3.36,28.27
2021-10-26,27.16,6.1,16.6,0.0,0.42,2.4,28.32
2021-10-27,32.53,10.47,20.49,0.02,0.42,3.06,18.16
2021-10-28,30.57,12.69,20.44,9.06,0.42,11.81,13.14
2021-10-29,18.66,5.92,11.79,2.01,0.44,3.4,22.33
2021-10-30,18.31,4.54,11.15,0.22,0.43,3.97,20.57
2021-10-31,23.51,4.32,13.88,0.0,0.43,3.38,30.07
2021-11-01,28.45,7.95,18.75,0.0,0.43,4.7,30.17
2021-11-02,33.4,11.52,23.21,0.23,0.42,7.86,21.41
2021-11-03,23.53,10.74,18.58,1.05,0.42,13.14,13.11
2021-11-04,26.71,10.22,17.46,0.12,0.42,7.07,30.75
2021-11-05,29.78,7.93,19.77,0.02,0.42,6.0,30.39
2021-11-06,23.2,11.76,18.27,0.49,0.42,9.43,17.92
2021-11-07,22.93,8.35,14.74,0.0,0.42,5.43,16.65
2021-11-08,22.55,6.31,14.21,0.02,0.41,4.73,17.95
2021-11-09,22.61,8.13,14.79,1.11,0.41,6.29,24.22
2021-11-10,20.44,7.18,12.96,0.42,0.41,2.71,28.62
2021-11-11,21.1,5.7,12.7,4.97,0.41,3.6,20.6
2021-11-12,16.07,8.41,11.92,1.49,0.42,6.97,15.73
2021-11-13,17.98,8.41,12.26,0.53,0.42,4.75,23.46
2021-11-14,15.87,8.63,11.89,1.17,0.42,4.61,25.09
2021-11-15,17.66,5.81,11.69,0.73,0.42,4.55,20.7
2021-11-16,21.42,5.21,12.94,0.01,0.42,3.81,18.15
2021-11-17,24.31,7.01,16.41,0.0,0.41,5.47,26.16
2021-11-18,32.24,13.39,21.19,0.0,0.41,6.44,22.11
2021-11-19,23.01,11.82,16.39,0.0,0.41,7.64,12.73
2021-11-20,23.64,9.25,15.61,0.03,0.41,5.02,29.59
2021-11-21,25.24,6.84,16.09,0.07,0.41,4.94,31.43
2021-11-22,27.97,8.25,19.25,0.0,0.4,5.68,30.73
2021-11-23,21.93,15.72,19.05,2.18,0.4,12.75,12.3
2021-11-24,26.82,15.77,21.32,1.06,0.41,15.53,17.99
2021-11-25,27.28,12.03,19.16,7.23,0.41,10.01,28.41
2021-11-26,22.13,9.4,15.72,6.35,0.43,7.71,29.63
2021-11-27,24.96,9.43,17.36,0.0,0.43,5.28,32.93
2021-11-28,29.53,9.14,19.56,0.0,0.42,5.66,33.5
2021-11-29,31.76,11.44,21.51,0.0,0.42,5.33,33.45
2021-11-30,34.34,13.87,24.68,0.76,0.41,6.21,30.47
2021-12-01,35.58,16.93,25.05,1.58,0.41,10.26,31.71
2021-12-02,29.04,10.87,19.05,0.0,0.41,10.47,31.42
2021-12-03,26.05,9.64,16.78,0.0,0.41,6.34,32.84
2021-12-04,24.48,9.66,16.72,0.02,0.41,7.51,26.49
2021-12-05,27.09,9.56,18.49,0.0,0.4,5.66,32.35
2021-12-06,29.61,12.45,20.09,0.01,0.4,7.55,32.8
2021-12-07,21.58,10.06,15.63,0.12,0.4,5.79,25.66
2021-12-08,22.23,7.67,14.47,0.03,0.4,2.9,29.67
2021-12-09,24.77,7.34,15.95,0.02,0.4,5.51,28.97
2021-12-10,25.61,7.98,16.69,0.0,0.4,5.23,29.07
2021-12-11,28.52,8.77,19.15,0.0,0.39,5.27,34.07
2021-12-12,34.55,13.25,24.86,0.0,0.39,5.21,33.82
2021-12-13,28.48,13.8,20.94,0.0,0.39,8.79,16.93
2021-12-14,31.25,11.94,21.1,0.0,0.39,8.38,33.4
2021-12-15,28.6,13.33,20.05,0.05,0.39,7.27,32.68
2021-12-16,30.3,11.41,21.04,0.0,0.39,5.83,33.97
2021-12-17,36.91,15.24,26.98,0.0,0.38,4.07,28.87
2021-12-18,29.76,15.83,23.54,0.0,0.38,7.68,33.2
2021-12-19,21.6,11.18,17.02,1.03,0.38,6.25,25.53
2021-12-20,25.75,10.95,18.13,0.04,0.38,9.29,31.93
2021-12-21,27.69,11.47,19.08,0.05,0.38,10.77,28.05
2021-12-22,29.89,11.3,19.73,0.0,0.38,8.37,33.21
2021-12-23,30.9,11.19,20.82,0.0,0.38,7.6,33.47
2021-12-24,34.45,13.92,23.26,0.0,0.38,7.44,33.0
2021-12-25,29.02,12.01,19.63,0.02,0.38,8.75,31.8
2021-12-26,27.7,11.35,18.33,0.01,0.38,5.76,33.7
2021-12-27,28.11,10.71,18.39,0.0,0.38,4.34,34.26
2021-12-28,31.68,10.45,21.1,0.0,0.38,4.91,34.53
2021-12-29,34.63,13.23,24.53,0.0,0.38,6.24,33.65
2021-12-30,38.45,15.34,27.48,0.0,0.38,6.12,33.89
2021-12-31,40.59,20.54,30.54,0.0,0.38,4.58,32.44
2022-01-01,32.12,20.31,26.28,0.0,0.38,9.62,18.83
2022-01-02,34.09,16.02,25.14,0.0,0.38,11.98,31.26
2022-01-03,30.07,12.37,20.47,0.0,0.38,6.45,33.96
2022-01-04,30.0,12.08,19.69,0.0,0.38,6.72,31.43
2022-01-05,27.08,13.88,19.64,0.09,0.38,12.26,11.44
2022-01-06,32.21,14.24,22.92,0.21,0.38,11.69,28.8
2022-01-07,27.83,15.95,20.78,2.26,0.38,14.39,12.88
2022-01-08,28.79,15.32,21.3,0.03,0.38,11.95,20.06
2022-01-09,33.4,12.99,23.32,0.0,0.38,7.52,33.35
2022-01-10,39.15,17.82,29.43,0.31,0.38,6.6,26.81
2022-01-11,38.52,20.73,29.6,0.1,0.38,11.86,29.33
2022-01-12,36.97,20.44,29.33,0.05,0.38,10.72,25.66
2022-01-13,36.09,15.76,26.83,4.58,0.39,13.45,29.88
2022-01-14,29.99,14.81,21.09,0.44,0.39,12.48,26.66
2022-01-15,30.7,16.68,22.87,0.03,0.38,12.28,27.71
2022-01-16,38.15,15.84,25.05,0.0,0.38,11.04,30.19
2022-01-17,28.45,14.06,20.61,0.01,0.38,9.98,28.67
2022-01-18,28.44,12.12,19.8,0.21,0.38,7.29,28.28
2022-01-19,33.89,12.35,23.33,1.67,0.38,8.3,32.34
2022-01-20,34.67,17.9,26.31,0.0,0.38,7.11,32.65
2022-01-21,35.68,19.26,27.81,0.0,0.38,6.95,30.67
2022-01-22,36.74,22.14,29.66,0.0,0.38,10.15,26.73
2022-01-23,31.12,24.24,27.48,0.0,0.38,14.6,17.92
2022-01-24,37.62,22.62,30.79,0.2,0.38,13.26,17.52
2022-01-25,37.73,24.56,31.24,0.15,0.38,13.62,25.61
2022-01-26,35.88,25.22,30.41,0.62,0.38,16.67,20.35
2022-01-27,39.77,23.05,30.17,0.05,0.38,17.62,28.93
2022-01-28,29.02,17.75,22.97,7.16,0.39,14.5,21.88
2022-01-29,30.73,15.52,22.24,12.22,0.41,13.81,27.09
2022-01-30,33.0,14.69,23.85,0.0,0.41,11.75,31.35
2022-01-31,35.68,18.55,26.58,0.0,0.4,13.58,29.85
2022-02-01,22.36,11.88,18.08,12.15,0.41,9.73,29.55
2022-02-02,23.42,9.9,16.35,0.28,0.42,6.17,28.63
2022-02-03,24.89,12.0,17.73,0.01,0.41,8.09,28.78
2022-02-04,28.92,10.78,19.99,0.0,0.41,7.67,30.8
2022-02-05,30.41,13.89,22.94,0.0,0.41,9.86,26.76
2022-02-06,31.57,18.47,25.2,0.0,0.4,9.13,25.4
2022-02-07,33.03,18.1,25.55,0.0,0.4,7.55,30.57
2022-02-08,33.6,18.97,26.05,0.0,0.4,10.27,23.88
2022-02-09,27.72,15.23,21.33,0.0,0.4,12.2,24.18
2022-02-10,27.0,14.25,19.72,0.0,0.39,8.38,26.58
2022-02-11,27.27,11.84,19.2,0.0,0.39,7.22,27.43
2022-02-12,31.84,11.28,21.64,0.0,0.39,7.47,29.86
2022-02-13,35.24,18.4,25.81,0.0,0.39,5.68,19.52
2022-02-14,34.81,17.11,25.1,0.0,0.39,10.63,28.94
2022-02-15,34.12,15.62,24.11,0.0,0.39,10.56,25.9
2022-02-16,24.05,15.25,20.08,0.11,0.38,12.44,12.17
2022-02-17,26.39,14.55,18.87,0.07,0.38,10.52,21.27
2022-02-18,25.11,13.38,18.92,0.11,0.38,8.69,20.95
2022-02-19,28.06,10.53,18.64,0.0,0.38,5.79,28.95
2022-02-20,22.51,11.11,16.12,0.48,0.38,10.63,15.63
2022-02-21,24.51,10.42,16.98,0.0,0.38,4.83,25.44
2022-02-22,28.0,9.96,18.9,0.0,0.38,5.02,28.44
2022-02-23,34.93,12.53,24.12,0.0,0.38,6.15,27.27
2022-02-24,34.19,16.98,24.38,0.0,0.38,10.67,26.86
2022-02-25,31.06,14.42,21.08,0.0,0.38,8.53,26.63
2022-02-26,33.19,12.47,23.06,0.19,0.38,9.08,26.13
2022-02-27,31.37,20.38,24.92,4.99,0.38,14.84,11.75
2022-02-28,27.89,18.39,22.43,1.31,0.39,15.53,8.98
2022-03-01,27.72,17.65,21.98,2.82,0.39,15.55,15.04
2022-03-02,30.86,17.19,23.81,0.1,0.39,15.07,20.06
2022-03-03,33.73,19.14,26.44,0.0,0.39,14.4,23.48
2022-03-04,29.11,15.56,22.48,2.33,0.39,13.99,8.34
2022-03-05,25.65,14.69,19.18,0.62,0.39,13.2,18.81
2022-03-06,25.38,12.9,18.37,0.24,0.39,9.56,23.58
2022-03-07,28.34,12.76,19.28,0.0,0.39,10.76,24.63
2022-03-08,25.39,12.97,17.99,0.0,0.39,8.05,23.18
2022-03-09,26.64,11.87,18.56,0.0,0.39,8.12,22.32
2022-03-10,26.5,11.14,18.28,0.0,0.39,6.58,25.1
2022-03-11,26.07,10.4,18.03,0.0,0.38,6.41,24.29
2022-03-12,28.93,11.28,19.91,0.0,0.38,5.26,24.55
2022-03-13,32.89,14.06,23.23,0.0,0.38,4.24,24.06
2022-03-14,29.77,19.35,23.44,1.64,0.38,14.92,14.63
2022-03-15,27.73,18.03,22.76,1.08,0.39,15.4,20.86
2022-03-16,31.07,16.96,23.27,2.18,0.39,16.6,17.85
2022-03-17,31.29,16.31,23.35,0.08,0.39,14.27,22.2
2022-03-18,28.53,14.14,20.48,0.0,0.39,11.82,22.52
2022-03-19,31.44,12.07,21.28,0.0,0.39,9.4,23.14
2022-03-20,30.27,15.35,21.92,0.0,0.38,9.5,20.57
2022-03-21,30.69,14.11,21.71,0.0,0.38,10.99,20.71
2022-03-22,24.49,15.14,19.23,0.01,0.38,11.04,11.4
2022-03-23,24.75,10.92,17.33,0.01,0.38,7.83,16.87
2022-03-24,23.35,10.38,16.51,0.01,0.38,6.96,15.71
2022-03-25,25.8,9.64,17.54,0.0,0.38,8.88,18.16
2022-03-26,28.21,10.98,19.28,0.0,0.38,6.69,21.91
2022-03-27,31.82,13.69,22.63,0.0,0.38,6.44,20.12
2022-03-28,28.68,15.34,21.18,0.0,0.38,10.73,20.18
2022-03-29,26.17,11.86,18.02,0.0,0.38,9.49,19.85
2022-03-30,23.65,10.1,16.22,0.15,0.38,8.87,14.74
2022-03-31,22.64,11.63,16.08,0.0,0.38,4.85,20.41
2022-04-01,24.3,9.53,16.22,0.0,0.38,4.2,20.69
2022-04-02,24.52,9.97,16.98,0.0,0.38,7.79,14.76
2022-04-03,23.82,11.75,17.23,0.0,0.38,9.59,12.46
2022-04-04,24.07,10.45,16.06,0.0,0.38,9.06,18.66
2022-04-05,23.29,9.25,16.2,0.11,0.38,8.57,11.61
2022-04-06,23.03,12.96,17.03,0.24,0.38,10.17,8.06
2022-04-07,26.6,11.46,18.65,0.02,0.38,10.41,17.5
2022-04-08,25.95,11.96,18.61,0.0,0.38,10.72,15.36
2022-04-09,27.21,14.27,20.11,0.0,0.38,11.37,13.42
2022-04-10,30.51,15.37,21.24,0.01,0.38,9.52,14.59
2022-04-11,23.3,13.79,17.7,0.0,0.38,6.1,15.36
2022-04-12,21.73,10.42,15.08,0.0,0.38,4.26,11.35
2022-04-13,24.71,7.67,15.66,0.0,0.38,4.79,18.19
2022-04-14,23.83,11.68,17.26,0.0,0.38,3.45,13.58
2022-04-15,23.16,14.53,18.4,0.01,0.38,10.97,11.34
2022-04-16,28.46,12.74,20.5,0.0,0.38,11.42,16.0
2022-04-17,26.29,15.78,19.88,2.81,0.38,9.67,6.55
2022-04-18,18.05,12.82,15.32,1.77,0.38,12.33,6.84
2022-04-19,19.94,9.62,13.63,0.33,0.39,7.81,15.38
2022-04-20,21.29,10.82,15.83,0.36,0.39,9.95,10.94
2022-04-21,20.17,10.69,15.21,0.17,0.39,7.26,7.45
2022-04-22,19.55,8.31,13.31,0.0,0.39,4.75,12.88
2022-04-23,23.48,7.67,14.95,0.03,0.38,7.31,14.98
2022-04-24,25.09,10.76,16.72,1.78,0.39,9.07,14.92
2022-04-25,22.87,11.22,16.9,0.01,0.39,8.75,12.5
2022-04-26,21.71,14.62,17.47,14.18,0.4,11.47,6.67
2022-04-27,21.86,14.22,17.06,1.05,0.42,13.22,6.87
2022-04-28,26.17,14.43,19.36,0.03,0.41,12.58,12.4
2022-04-29,21.58,12.64,16.81,4.09,0.41,12.33,4.45
2022-04-30,20.03,11.47,15.01,0.03,0.42,8.43,11.72
2022-05-01,20.69,10.63,14.91,0.56,0.42,11.44,11.09
2022-05-02,21.58,11.32,15.58,0.24,0.42,11.5,7.88
2022-05-03,23.27,10.01,15.54,0.89,0.41,7.4,13.67
2022-05-04,15.47,8.65,12.13,1.3,0.42,6.58,10.6
2022-05-05,12.54,6.68,9.47,7.59,0.42,6.36,9.86
2022-05-06,14.62,6.73,10.1,1.21,0.43,6.87,11.05
2022-05-07,14.77,8.26,11.45,1.17,0.43,8.84,9.65
2022-05-08,16.79,9.18,12.4,0.03,0.43,6.54,9.0
2022-05-09,17.98,5.42,11.3,0.0,0.43,4.69,10.61
2022-05-10,19.47,5.41,12.22,0.05,0.43,5.81,13.23
2022-05-11,18.56,10.04,13.72,5.92,0.44,11.77,6.4
2022-05-12,20.38,10.82,14.82,0.53,0.44,11.54,4.92
2022-05-13,19.48,11.45,15.15,0.02,0.44,12.19,8.1
2022-05-14,22.05,14.54,16.67,0.16,0.44,11.66,8.96
2022-05-15,20.2,11.18,14.93,1.25,0.44,11.27,7.79
2022-05-16,16.32,10.49,12.9,1.38,0.44,7.99,9.23
2022-05-17,15.81,10.1,12.39,0.85,0.44,7.78,9.25
2022-05-18,16.21,7.38,11.86,0.31,0.44,6.45,9.59
2022-05-19,17.23,7.13,10.87,0.03,0.44,6.2,9.99
2022-05-20,17.27,5.91,10.12,0.0,0.44,5.28,11.99
2022-05-21,19.07,5.28,10.96,0.0,0.43,6.23,11.85
2022-05-22,20.14,7.42,12.1,0.89,0.43,7.08,11.46
2022-05-23,20.6,6.62,12.61,0.04,0.43,6.82,11.19
2022-05-24,20.62,7.66,13.93,0.0,0.43,8.18,10.72
2022-05-25,18.76,13.06,14.83,5.78,0.43,11.29,4.36
2022-05-26,18.41,9.73,13.16,0.54,0.44,10.86,7.69
2022-05-27,16.2,8.98,11.56,0.76,0.44,9.47,7.22
2022-05-28,15.86,8.04,11.22,4.26,0.45,9.11,7.68
2022-05-29,15.71,6.01,10.57,1.21,0.45,6.37,9.29
2022-05-30,13.6,8.04,10.52,3.65,0.46,7.85,6.27
2022-05-31,11.7,7.23,9.29,2.03,0.46,4.04,8.97
2022-06-01,13.96,4.66,8.68,0.13,0.46,3.62,9.23
2022-06-02,12.09,5.95,8.36,0.03,0.46,3.55,6.11
2022-06-03,14.65,5.56,9.82,1.37,0.45,5.69,7.11
2022-06-04,14.27,7.87,11.02,5.77,0.46,8.87,6.53
2022-06-05,11.56,7.42,9.55,8.79,0.48,6.94,4.25
2022-06-06,12.21,7.8,9.4,1.5,0.48,5.68,7.79
2022-06-07,13.47,7.06,9.79,1.95,0.48,6.12,7.96
2022-06-08,12.0,6.25,9.19,0.3,0.48,6.84,7.89
2022-06-09,13.19,8.6,10.36,0.27,0.48,8.18,7.25
2022-06-10,14.52,8.72,10.83,0.41,0.48,8.88,7.61
2022-06-11,14.2,5.14,10.06,0.02,0.48,5.99,8.55
2022-06-12,14.14,7.64,11.32,0.01,0.48,6.88,6.67
2022-06-13,13.74,6.32,9.21,0.01,0.48,6.25,4.71
2022-06-14,14.79,4.88,9.98,0.65,0.48,4.44,8.39
2022-06-15,16.27,9.74,12.33,1.96,0.48,10.12,6.91
2022-06-16,14.85,10.23,11.94,0.43,0.48,10.19,5.08
2022-06-17,15.77,8.73,11.99,0.12,0.48,8.58,6.68
2022-06-18,16.43,5.81,10.51,0.0,0.48,6.15,9.62
2022-06-19,13.67,6.83,9.53,0.0,0.48,5.56,3.77
2022-06-20,12.83,9.1,10.25,3.54,0.48,7.55,4.91
2022-06-21,15.83,8.64,11.63,0.7,0.48,8.6,8.54
2022-06-22,16.47,10.16,12.25,0.72,0.48,11.4,5.87
2022-06-23,18.11,9.02,13.13,0.28,0.48,8.83,8.69
2022-06-24,15.34,9.26,12.09,1.63,0.48,8.57,7.84
2022-06-25,15.85,9.49,11.68,1.43,0.48,9.26,7.74
2022-06-26,13.66,4.28,9.66,0.85,0.48,7.26,7.34
2022-06-27,13.44,4.13,7.67,0.0,0.48,3.17,8.97
2022-06-28,14.66,2.99,7.31,0.0,0.48,0.66,10.3
2022-06-29,15.3,3.3,7.92,2.0,0.48,4.1,7.12
2022-06-30,14.25,5.88,9.17,0.82,0.48,7.65,7.87
2022-07-01,13.16,5.41,8.46,0.01,0.48,5.23,4.57
2022-07-02,13.09,3.29,7.66,0.02,0.48,4.14,7.33
2022-07-03,13.8,4.07,8.76,0.01,0.48,4.87,7.53
2022-07-04,15.64,6.1,9.84,0.05,0.48,7.31,10.33
2022-07-05,15.53,4.71,9.24,0.03,0.48,5.7,10.11
2022-07-06,14.76,2.21,7.85,0.01,0.48,5.47,9.66
2022-07-07,14.08,6.74,9.98,0.08,0.48,6.32,8.81
2022-07-08,14.33,6.55,9.96,1.04,0.48,6.98,8.4
2022-07-09,13.3,5.23,8.14,0.1,0.48,5.22,7.91
2022-07-10,14.49,4.07,7.85,0.01,0.48,4.86,10.78
2022-07-11,12.56,5.26,8.0,1.45,0.48,4.2,6.31
2022-07-12,11.85,4.88,8.1,1.68,0.48,6.93,5.73
2022-07-13,13.61,4.93,7.79,0.07,0.48,5.84,9.2
2022-07-14,14.63,5.47,8.74,0.0,0.48,7.14,7.3
2022-07-15,13.12,5.06,8.45,0.0,0.48,4.32,7.04
2022-07-16,14.48,6.11,10.08,0.87,0.48,3.65,6.31
2022-07-17,13.68,5.89,9.89,2.35,0.48,7.42,6.93
2022-07-18,12.3,4.26,7.66,0.14,0.48,4.17,9.02
2022-07-19,11.84,1.82,5.64,0.0,0.48,1.99,6.93
2022-07-20,14.55,0.07,6.25,0.01,0.48,1.7,11.25
2022-07-21,17.07,4.38,9.43,0.01,0.48,3.69,11.42
2022-07-22,14.77,6.28,10.48,0.41,0.48,7.5,4.9
2022-07-23,16.04,7.26,11.44,1.16,0.48,9.83,8.4
2022-07-24,20.06,6.08,12.5,0.3,0.48,8.41,9.41
2022-07-25,16.58,8.81,12.15,2.5,0.48,8.55,7.17
2022-07-26,14.04,8.35,10.77,0.13,0.48,5.59,10.27
2022-07-27,15.02,9.36,11.26,2.08,0.48,8.94,9.37
2022-07-28,13.18,3.61,8.94,1.2,0.48,6.81,6.72
2022-07-29,13.52,3.06,6.86,0.02,0.48,2.56,12.81
2022-07-30,13.91,3.31,8.92,0.01,0.48,2.33,8.02
2022-07-31,13.12,7.97,10.28,2.36,0.48,5.89,6.81
2022-08-01,15.63,7.77,10.82,0.64,0.48,7.71,9.46
2022-08-02,16.38,5.56,11.09,2.59,0.48,3.85,9.35
2022-08-03,18.58,9.77,13.69,1.62,0.48,7.34,12.33
2022-08-04,18.45,8.4,12.63,0.89,0.48,7.79,10.91
2022-08-05,12.59,9.57,10.77,4.1,0.48,8.63,8.11
2022-08-06,14.04,9.09,10.64,3.0,0.49,8.64,10.45
2022-08-07,14.42,5.46,9.46,0.3,0.49,6.24,10.97
2022-08-08,14.83,4.97,9.29,0.14,0.49,5.08,11.6
2022-08-09,15.96,5.69,9.85,0.04,0.49,3.55,10.69
2022-08-10,14.52,6.52,9.55,2.12,0.49,3.83,5.49
2022-08-11,16.94,7.55,11.42,2.41,0.49,5.91,12.15
2022-08-12,12.55,7.81,9.86,3.92,0.49,8.45,8.04
2022-08-13,13.35,7.36,9.72,2.81,0.5,7.84,8.18
2022-08-14,15.46,5.89,9.48,0.33,0.5,7.02,10.81
2022-08-15,14.74,7.72,10.33,0.86,0.5,7.17,10.67
2022-08-16,15.97,7.88,10.8,0.28,0.49,6.69,9.62
2022-08-17,16.37,6.7,12.22,0.52,0.49,5.69,3.19
2022-08-18,15.9,8.18,11.36,3.07,0.49,8.21,9.24
2022-08-19,15.11,6.24,10.89,3.95,0.49,7.21,9.82
2022-08-20,14.84,5.26,10.6,0.78,0.5,6.58,11.82
2022-08-21,16.14,3.27,9.66,0.02,0.5,5.21,14.2
2022-08-22,13.25,5.71,8.47,7.41,0.5,7.05,5.46
2022-08-23,13.15,4.39,8.67,0.36,0.51,4.08,13.09
2022-08-24,15.17,7.83,10.86,0.69,0.51,7.39,9.97
2022-08-25,16.14,7.24,11.17,0.33,0.5,8.55,9.99
2022-08-26,17.44,6.76,11.21,0.08,0.5,7.76,9.24
2022-08-27,18.67,7.02,12.19,0.04,0.5,6.63,9.76
2022-08-28,21.43,8.59,14.41,0.0,0.5,6.54,15.63
2022-08-29,19.12,8.37,12.44,9.08,0.5,8.36,9.28
2022-08-30,15.19,7.64,11.21,1.01,0.51,6.64,10.3
2022-08-31,16.55,6.32,10.16,0.01,0.51,6.16,9.97
2022-09-01,13.4,5.06,8.94,2.6,0.51,6.78,12.89
2022-09-02,14.47,2.48,7.9,0.01,0.51,3.34,14.54
2022-09-03,16.5,3.64,9.71,0.04,0.5,5.98,15.27
2022-09-04,15.72,5.31,9.24,0.0,0.5,5.33,9.89
2022-09-05,16.07,4.52,9.89,0.0,0.5,5.1,14.5
2022-09-06,17.59,6.14,10.92,0.0,0.5,5.04,16.28
2022-09-07,21.55,7.4,13.94,1.25,0.49,7.9,13.85
2022-09-08,15.72,10.54,13.09,11.45,0.51,10.93,7.06
2022-09-09,17.22,9.94,12.97,2.06,0.51,10.26,12.34
2022-09-10,14.23,6.86,10.69,0.27,0.51,7.12,11.1
2022-09-11,15.85,7.15,10.98,1.18,0.51,7.38,12.78
2022-09-12,14.97,5.78,9.76,0.2,0.51,5.47,15.42
2022-09-13,16.65,3.38,9.92,0.0,0.51,4.3,18.84
2022-09-14,17.42,6.8,12.36,5.78,0.51,7.58,5.43
2022-09-15,18.47,5.55,12.16,0.04,0.51,6.52,19.51
2022-09-16,14.13,8.8,11.05,3.5,0.51,8.31,13.26
2022-09-17,15.08,8.62,11.59,4.22,0.51,8.57,15.7
2022-09-18,16.02,7.38,11.55,2.59,0.51,7.73,15.91
2022-09-19,17.84,7.66,11.88,0.17,0.51,5.78,14.42
2022-09-20,21.91,7.03,13.18,3.06,0.51,6.97,11.0
2022-09-21,19.38,9.98,14.16,0.86,0.51,11.34,9.43
2022-09-22,20.26,8.16,13.31,0.01,0.51,10.02,11.9
2022-09-23,14.74,5.9,10.43,0.42,0.51,8.44,12.55
2022-09-24,16.75,5.52,10.25,0.01,0.5,3.96,22.88
2022-09-25,19.78,4.08,11.89,1.76,0.5,6.18,18.67
2022-09-26,17.24,7.24,11.79,3.32,0.51,9.28,11.53
2022-09-27,16.93,6.81,11.18,1.48,0.51,7.47,18.52
2022-09-28,18.18,6.99,12.42,0.14,0.5,7.83,16.98
2022-09-29,18.95,4.85,12.0,0.0,0.5,7.34,15.01
2022-09-30,20.75,7.35,13.72,0.0,0.5,8.76,20.68
2022-10-01,22.58,8.26,15.38,0.08,0.49,9.02,21.76
2022-10-02,24.51,9.25,16.85,0.0,0.49,8.47,21.99
2022-10-03,22.7,11.45,17.09,0.0,0.48,8.71,15.23
2022-10-04,18.09,11.32,14.83,7.18,0.48,10.33,7.58
2022-10-05,16.85,10.4,13.74,12.42,0.51,12.28,5.24
2022-10-06,22.99,12.68,16.72,1.46,0.51,12.9,16.7
2022-10-07,17.63,9.53,13.31,2.81,0.51,8.21,21.65
2022-10-08,15.83,5.55,10.64,0.2,0.51,4.28,20.91
2022-10-09,18.31,5.33,11.06,0.07,0.5,4.69,19.64
2022-10-10,21.38,5.8,13.91,0.0,0.5,4.93,22.72
2022-10-11,23.86,10.34,17.12,0.0,0.49,5.59,13.87
2022-10-12,22.57,11.57,15.59,5.93,0.49,9.06,6.54
2022-10-13,15.55,10.36,12.12,13.1,0.51,9.08,9.47
2022-10-14,17.46,9.32,12.76,3.63,0.52,8.35,19.49
2022-10-15,18.28,7.84,12.62,0.22,0.52,7.9,17.9
2022-10-16,19.71,7.58,13.12,0.29,0.51,8.05,23.74
2022-10-17,21.81,5.95,14.24,0.1,0.51,7.45,24.92
2022-10-18,23.95,10.41,16.34,0.43,0.5,9.22,22.96
2022-10-19,24.97,8.91,16.96,0.01,0.5,8.68,27.2
2022-10-20,26.29,9.68,18.1,18.38,0.52,13.83,23.28
2022-10-21,25.42,14.8,19.62,2.97,0.52,16.47,20.69
2022-10-22,23.02,12.76,17.48,0.23,0.52,13.16,14.52
2022-10-23,15.49,11.9,13.72,19.72,0.53,11.92,5.28
2022-10-24,16.36,11.79,14.11,13.72,0.57,13.23,9.88
2022-10-25,21.59,12.36,16.34,0.57,0.57,13.81,12.04
2022-10-26,17.35,12.61,14.46,0.6,0.56,11.7,14.92
2022-10-27,16.81,10.57,13.4,1.9,0.56,10.07,20.03
2022-10-28,17.15,9.61,13.12,1.29,0.55,9.08,21.5
2022-10-29,17.71,7.4,12.13,0.66,0.55,7.75,19.17
2022-10-30,21.39,5.22,14.27,13.5,0.55,11.31,15.48
2022-10-31,14.45,6.84,11.46,4.91,0.57,8.48,14.69
2022-11-01,11.95,6.58,8.69,6.03,0.57,5.45,21.11
2022-11-02,14.68,6.59,10.78,0.83,0.57,7.12,17.39
2022-11-03,17.61,7.11,11.83,0.13,0.57,7.36,16.09
2022-11-04,19.16,5.89,13.22,0.01,0.56,8.74,19.61
2022-11-05,22.96,8.85,16.79,0.0,0.55,10.34,25.97
2022-11-06,26.01,11.88,19.2,7.19,0.55,11.79,27.35
2022-11-07,27.19,12.62,20.43,0.02,0.54,12.77,29.01
2022-11-08,29.27,15.45,22.38,0.08,0.54,14.15,29.75
2022-11-09,29.84,16.56,23.66,0.09,0.52,14.56,23.06
2022-11-10,24.59,12.94,19.04,6.67,0.52,15.91,21.99
2022-11-11,23.81,12.25,17.47,2.2,0.53,13.06,19.54
2022-11-12,22.6,12.3,17.64,12.36,0.53,14.2,8.41
2022-11-13,21.78,12.65,17.35,12.4,0.55,13.7,24.03
2022-11-14,17.12,8.2,13.11,10.79,0.57,9.36,17.24
2022-11-15,15.69,5.6,10.47,0.29,0.57,4.6,23.33
2022-11-16,17.71,5.42,11.47,0.22,0.56,6.09,20.46
2022-11-17,20.6,5.71,13.68,0.0,0.55,7.97,30.22
2022-11-18,24.56,9.43,17.15,0.13,0.54,10.42,25.41
2022-11-19,23.54,11.26,16.61,7.54,0.54,11.98,15.12
2022-11-20,17.18,9.79,12.67,2.9,0.55,6.96,23.69
2022-11-21,14.39,8.34,11.09,1.26,0.54,4.44,26.5
2022-11-22,15.65,9.5,12.44,0.92,0.54,8.89,19.69
2022-11-23,19.5,8.4,13.86,0.26,0.54,9.31,22.12
2022-11-24,22.41,7.12,14.6,0.02,0.53,9.17,29.64
2022-11-25,27.69,8.27,18.91,0.0,0.52,9.92,30.14
2022-11-26,25.48,12.92,18.95,0.22,0.52,12.74,14.55
2022-11-27,19.65,10.38,14.72,0.12,0.51,8.2,22.37
2022-11-28,16.54,9.84,13.47,0.25,0.51,8.42,18.44
2022-11-29,21.51,9.94,15.22,0.05,0.51,9.05,18.88
2022-11-30,23.03,8.21,15.64,0.01,0.5,9.73,23.61
2022-12-01,25.59,8.5,17.15,0.0,0.5,10.21,30.59
2022-12-02,28.47,8.72,18.87,0.0,0.49,8.02,33.56
2022-12-03,32.73,12.66,22.95,0.0,0.48,8.53,33.59
2022-12-04,35.59,15.81,23.72,0.01,0.48,9.56,28.15
2022-12-05,23.48,9.34,16.89,0.02,0.47,7.58,28.77
2022-12-06,25.33,6.9,16.84,0.0,0.47,4.92,31.31
2022-12-07,20.63,9.33,14.68,0.34,0.47,6.63,23.88
2022-12-08,20.88,8.83,14.28,0.02,0.46,3.87,22.64
2022-12-09,23.34,7.69,15.36,0.0,0.46,4.31,29.11
2022-12-10,29.34,11.15,21.34,0.08,0.46,8.49,23.97
2022-12-11,22.61,11.23,18.07,1.96,0.45,10.85,10.27
2022-12-12,18.95,10.45,14.34,1.18,0.46,6.86,27.0
2022-12-13,18.47,8.53,13.63,2.25,0.46,6.1,23.68
2022-12-14,20.6,7.98,14.04,0.17,0.46,4.87,23.05
2022-12-15,23.12,7.16,15.21,0.02,0.45,5.72,25.05
2022-12-16,25.01,10.4,17.15,0.0,0.45,7.32,29.69
2022-12-17,27.84,9.51,19.29,0.0,0.45,8.02,33.99
2022-12-18,31.16,11.57,21.88,0.0,0.44,8.15,33.21
2022-12-19,32.28,12.89,23.25,0.0,0.44,7.82,33.24
2022-12-20,33.76,15.34,24.42,0.75,0.43,7.83,27.21
2022-12-21,23.95,15.49,19.59,14.42,0.45,13.64,10.6
2022-12-22,28.95,13.83,20.57,2.6,0.46,13.21,30.5
2022-12-23,27.56,12.28,18.73,0.69,0.46,11.95,20.78
2022-12-24,27.35,12.02,18.62,2.41,0.45,8.46,32.46
2022-12-25,34.59,12.26,24.06,0.0,0.45,7.95,33.58
2022-12-26,38.55,15.93,27.86,0.0,0.44,8.27,33.31
2022-12-27,40.82,23.46,32.73,0.0,0.44,13.37,29.24
2022-12-28,28.12,11.86,19.54,0.82,0.43,8.02,29.25
2022-12-29,26.34,10.06,18.19,0.0,0.43,5.11,33.06
2022-12-30,28.18,10.87,19.41,0.0,0.43,8.24,33.21
2022-12-31,32.52,12.64,22.88,0.0,0.42,10.53,33.19
2023-01-01,39.37,16.75,28.53,0.0,0.42,11.32,31.95
2023-01-02,31.73,13.36,23.66,0.08,0.42,11.05,33.32
2023-01-03,26.02,12.28,18.13,4.34,0.42,8.79,29.34
2023-01-04,24.25,10.88,17.08,0.0,0.42,6.29,30.2
2023-01-05,28.06,10.86,19.39,0.0,0.42,7.82,33.24
2023-01-06,30.71,12.33,21.82,0.0,0.41,7.56,33.42
2023-01-07,34.96,15.15,26.25,0.0,0.41,7.95,33.12
2023-01-08,38.11,18.75,28.11,0.01,0.41,9.46,30.31
2023-01-09,33.75,16.1,24.05,0.05,0.4,10.94,33.15
2023-01-10,31.94,13.44,22.44,0.01,0.4,7.63,33.73
2023-01-11,35.0,13.75,24.03,0.0,0.4,6.41,31.86
2023-01-12,34.81,13.55,24.05,0.1,0.4,7.81,32.71
2023-01-13,36.57,15.3,26.11,0.0,0.39,10.3,31.83
2023-01-14,40.65,17.42,27.59,0.0,0.39,10.26,31.49
2023-01-15,29.12,14.13,20.79,0.0,0.39,5.08,32.96
2023-01-16,35.32,13.32,24.01,0.0,0.39,6.76,28.96
2023-01-17,39.24,20.72,26.32,2.03,0.39,12.74,18.32
2023-01-18,23.56,12.56,18.9,0.5,0.39,9.9,19.21
2023-01-19,26.1,11.08,18.07,0.01,0.39,3.78,32.5
2023-01-20,26.02,10.39,19.0,0.0,0.39,6.41,28.27
2023-01-21,29.91,14.64,21.35,0.0,0.39,8.93,31.46
2023-01-22,31.54,13.76,22.62,0.0,0.39,8.78,32.1
2023-01-23,33.27,13.99,23.94,0.18,0.38,10.04,26.49
2023-01-24,29.78,15.95,22.91,0.89,0.38,11.61,28.8
2023-01-25,30.73,13.99,21.13,0.0,0.38,10.3,31.55
2023-01-26,28.12,13.45,20.29,0.02,0.38,7.26,31.41
2023-01-27,35.96,12.11,25.28,0.0,0.38,4.7,32.03
2023-01-28,30.24,18.48,24.32,0.67,0.38,10.25,12.43
2023-01-29,24.7,17.22,20.46,5.19,0.39,15.12,11.79
2023-01-30,30.04,13.7,20.97,0.08,0.39,10.46,29.99
2023-01-31,28.63,10.94,19.05,0.16,0.39,8.79,31.08
2023-02-01,23.96,11.86,17.17,0.2,0.39,9.1,22.2
2023-02-02,17.84,11.53,14.57,3.75,0.39,7.28,17.17
2023-02-03,17.18,11.38,13.69,2.55,0.4,6.16,23.74
2023-02-04,22.91,11.47,16.82,0.82,0.4,9.53,19.15
2023-02-05,25.93,10.2,17.78,0.01,0.4,9.73,22.99
2023-02-06,29.12,10.4,19.62,0.01,0.39,9.89,30.2
2023-02-07,31.35,12.05,21.47,0.01,0.39,8.96,30.22
2023-02-08,32.75,12.45,22.65,0.0,0.39,6.88,30.45
2023-02-09,34.91,13.82,24.71,0.0,0.39,6.31,30.14
2023-02-10,34.78,15.9,23.69,0.0,0.38,10.1,29.65
2023-02-11,24.8,15.59,19.33,0.05,0.38,13.04,10.95
2023-02-12,25.5,12.24,18.45,0.02,0.38,7.14,29.02
2023-02-13,26.83,10.01,18.17,0.0,0.38,6.87,28.77
2023-02-14,29.51,11.08,20.81,0.0,0.38,5.92,29.33
2023-02-15,35.16,15.32,25.99,0.0,0.38,2.64,26.76
2023-02-16,39.96,20.84,30.44,0.0,0.38,2.52,26.11
2023-02-17,32.83,14.93,24.54,0.0,0.38,9.33,27.27
2023-02-18,29.35,12.89,20.19,0.0,0.38,9.54,28.15
2023-02-19,32.17,13.72,22.13,0.0,0.38,9.46,28.31
2023-02-20,35.2,14.88,24.96,0.01,0.38,9.02,26.3
2023-02-21,32.72,18.08,24.02,0.0,0.38,9.01,24.65
2023-02-22,36.17,14.73,25.61,0.0,0.38,5.33,25.89
2023-02-23,37.22,22.46,29.53,0.0,0.38,10.39,25.99
2023-02-24,40.04,22.03,28.74,0.18,0.38,11.56,19.79
2023-02-25,26.89,14.76,20.28,1.42,0.38,12.25,10.39
2023-02-26,25.55,12.94,18.53,1.92,0.38,10.4,18.9
2023-02-27,27.93,12.31,19.77,0.21,0.38,10.5,20.84
2023-02-28,23.03,11.93,17.21,0.07,0.38,9.2,14.28
2023-03-01,25.47,11.27,17.59,0.13,0.38,9.16,21.61
2023-03-02,25.49,11.68,17.9,0.02,0.38,10.27,15.59
2023-03-03,27.6,11.58,18.83,0.02,0.38,7.7,25.65
2023-03-04,31.32,11.26,19.95,0.0,0.38,7.51,25.37
2023-03-05,31.64,12.46,19.75,2.41,0.38,12.05,13.07
2023-03-06,24.06,12.66,18.04,0.82,0.39,10.07,17.91
2023-03-07,21.35,14.64,17.21,1.8,0.39,8.46,13.96
2023-03-08,20.7,11.89,15.53,0.8,0.39,7.32,15.87
2023-03-09,19.97,11.92,16.13,0.47,0.39,11.05,16.27
2023-03-10,26.7,12.34,18.32,0.09,0.39,10.85,21.18
2023-03-11,26.44,12.18,17.86,0.01,0.39,10.19,20.77
2023-03-12,24.76,11.98,17.57,0.4,0.39,9.71,20.26
2023-03-13,26.59,9.78,18.25,0.0,0.39,8.17,22.08
2023-03-14,29.8,12.4,20.58,0.0,0.38,8.27,17.55
2023-03-15,32.38,12.52,21.16,0.0,0.38,8.43,20.64
2023-03-16,27.82,14.19,20.09,0.37,0.38,14.04,16.5
2023-03-17,30.75,13.9,22.17,0.08,0.38,12.89,21.1
2023-03-18,28.51,15.6,22.6,0.0,0.38,11.97,18.71
2023-03-19,25.94,14.21,19.07,0.0,0.38,10.99,17.54
2023-03-20,24.76,13.19,18.1,0.0,0.38,5.06,19.9
2023-03-21,23.46,14.59,18.34,1.66,0.38,9.7,16.92
2023-03-22,29.0,13.9,21.6,0.26,0.38,11.22,19.0
2023-03-23,31.12,16.52,23.27,0.33,0.38,12.58,20.76
2023-03-24,27.24,13.53,19.64,0.0,0.38,10.97,19.46
2023-03-25,22.52,10.8,16.43,0.0,0.38,7.23,20.73
2023-03-26,20.19,11.43,15.95,1.25,0.38,8.16,8.46
2023-03-27,24.88,13.55,18.37,3.07,0.39,12.33,7.44
2023-03-28,25.55,11.27,18.13,1.02,0.39,11.57,9.3
2023-03-29,22.0,11.24,16.03,0.96,0.39,9.46,17.43
2023-03-30,21.88,10.24,15.16,0.37,0.39,9.76,13.67
2023-03-31,20.63,9.41,15.38,0.7,0.39,10.33,13.35
2023-04-01,20.39,9.02,13.86,0.01,0.39,4.74,12.36
2023-04-02,20.86,6.79,13.53,0.0,0.39,5.15,17.96
2023-04-03,24.12,7.39,15.31,0.0,0.39,5.61,20.12
2023-04-04,26.49,11.57,18.05,0.0,0.39,4.95,18.58
2023-04-05,25.75,10.91,18.08,0.0,0.39,7.81,18.87
2023-04-06,27.15,14.03,19.21,6.58,0.39,9.97,5.49
2023-04-07,21.44,13.23,16.38,1.08,0.4,11.82,13.15
2023-04-08,19.62,11.55,14.9,0.78,0.4,9.35,13.09
2023-04-09,16.73,9.93,13.14,0.09,0.4,7.24,10.62
2023-04-10,20.57,8.63,13.69,0.04,0.4,8.55,13.62
2023-04-11,19.53,7.8,13.91,4.48,0.4,8.2,10.4
2023-04-12,21.12,13.63,16.71,1.78,0.41,12.87,10.96
2023-04-13,22.8,13.43,17.24,0.78,0.41,12.37,7.67
2023-04-14,23.59,10.75,17.64,0.03,0.4,10.56,12.71
2023-04-15,20.69,12.2,16.28,2.7,0.4,10.95,5.27
2023-04-16,18.42,10.35,13.4,1.65,0.41,7.24,14.89
2023-04-17,21.64,9.84,15.41,0.97,0.41,10.78,11.05
2023-04-18,24.85,11.64,16.78,0.73,0.41,8.36,14.65
2023-04-19,19.24,9.58,13.91,0.06,0.41,7.22,12.61
2023-04-20,18.98,11.76,14.78,0.32,0.41,10.27,11.57
2023-04-21,21.97,11.61,15.88,0.27,0.41,12.37,11.08
2023-04-22,23.72,9.82,15.78,0.06,0.41,11.57,13.27
2023-04-23,24.22,9.65,16.23,0.06,0.4,10.4,14.23
2023-04-24,27.47,10.59,18.22,0.02,0.4,8.62,15.76
2023-04-25,27.55,13.45,20.22,0.0,0.4,10.14,14.41
2023-04-26,26.26,15.03,20.91,0.08,0.4,9.97,10.17
2023-04-27,24.71,15.3,18.95,2.16,0.4,11.3,14.44
2023-04-28,16.85,9.76,13.49,1.37,0.4,8.66,9.73
2023-04-29,16.69,8.57,12.01,0.06,0.4,5.89,13.01
2023-04-30,17.1,8.47,12.62,0.56,0.4,10.16,9.64
2023-05-01,18.76,11.42,14.21,0.6,0.4,11.63,9.2
2023-05-02,19.05,12.1,15.12,1.47,0.4,10.2,9.43
2023-05-03,16.87,11.4,14.09,1.05,0.41,6.57,9.92
2023-05-04,18.94,9.92,13.27,0.04,0.41,6.1,8.3
2023-05-05,15.95,9.21,12.04,3.25,0.41,7.64,3.83
2023-05-06,13.49,4.61,9.03,0.83,0.41,3.14,10.13
2023-05-07,14.13,3.96,8.38,0.26,0.41,3.34,11.86
2023-05-08,15.17,5.64,10.52,0.11,0.41,6.85,10.02
2023-05-09,16.28,8.14,11.48,3.8,0.41,9.98,8.6
2023-05-10,18.26,7.85,12.13,1.13,0.42,8.21,6.97
2023-05-11,20.26,6.26,12.23,0.0,0.42,6.06,13.13
2023-05-12,17.65,8.11,12.41,0.56,0.42,8.5,10.09
2023-05-13,20.34,6.06,12.42,0.07,0.42,6.66,12.53
2023-05-14,22.36,6.81,13.71,0.0,0.41,4.18,12.78
2023-05-15,22.74,8.0,13.59,0.0,0.41,5.61,12.48
2023-05-16,16.46,5.88,11.27,0.07,0.41,6.67,8.74
2023-05-17,15.25,2.78,8.56,0.01,0.41,1.73,12.07
2023-05-18,16.23,5.9,9.91,0.21,0.41,5.21,8.23
2023-05-19,15.39,7.83,10.78,1.57,0.41,8.84,9.1
2023-05-20,15.76,8.66,12.26,1.03,0.41,8.12,9.68
2023-05-21,17.28,5.97,12.17,0.12,0.41,6.99,6.83
2023-05-22,17.5,5.96,11.21,0.0,0.41,6.9,8.92
2023-05-23,15.92,8.81,11.62,0.03,0.41,7.21,7.4
2023-05-24,20.45,7.06,13.25,0.01,0.41,4.66,9.88
2023-05-25,16.44,7.57,11.94,2.67,0.41,6.46,4.44
2023-05-26,14.2,6.73,10.82,0.32,0.42,7.04,9.47
2023-05-27,15.56,10.95,12.79,1.45,0.42,8.15,6.52
2023-05-28,17.24,11.53,13.55,3.04,0.42,10.14,8.93
2023-05-29,18.7,11.05,13.66,0.47,0.42,11.13,7.37
2023-05-30,18.92,11.64,14.5,0.18,0.42,12.55,5.49
2023-05-31,20.69,11.96,15.15,0.16,0.42,10.57,5.24
2023-06-01,16.39,9.7,12.74,0.23,0.42,8.22,8.03
2023-06-02,19.83,9.45,13.58,0.32,0.42,8.32,4.41
2023-06-03,22.54,10.63,15.5,0.08,0.42,10.73,8.49
2023-06-04,21.34,10.35,15.08,2.24,0.42,10.16,5.83
2023-06-05,18.38,12.67,14.98,0.77,0.42,12.11,5.71
2023-06-06,20.37,9.05,14.08,0.03,0.42,8.43,9.56
2023-06-07,19.62,11.87,15.62,8.98,0.43,13.42,3.29
2023-06-08,16.02,9.48,12.88,5.8,0.44,8.73,8.21
2023-06-09,14.71,8.82,11.19,0.55,0.45,5.49,7.86
2023-06-10,14.44,7.95,10.73,1.37,0.45,9.17,7.8
2023-06-11,17.44,5.87,11.33,0.02,0.45,5.72,5.53
2023-06-12,18.39,8.96,12.95,1.37,0.44,5.16,8.21
2023-06-13,14.13,9.99,11.35,3.09,0.45,8.51,6.91
2023-06-14,15.29,8.84,11.64,0.44,0.45,8.0,7.57
2023-06-15,16.57,9.66,12.21,3.09,0.45,9.89,7.58
2023-06-16,18.96,8.17,12.54,0.0,0.45,1.85,10.35
2023-06-17,14.8,8.0,10.66,6.95,0.46,4.0,4.06
2023-06-18,14.68,7.33,10.79,3.35,0.46,6.25,8.54
2023-06-19,11.76,4.49,8.16,4.84,0.48,4.66,9.07
2023-06-20,11.55,3.51,6.53,0.42,0.47,2.34,7.26
2023-06-21,11.55,2.99,6.55,0.68,0.47,2.64,4.57
2023-06-22,8.62,5.54,7.12,3.16,0.47,5.17,4.06
2023-06-23,14.87,6.93,10.61,1.4,0.48,7.77,7.31
2023-06-24,13.86,6.77,9.64,3.51,0.48,5.08,7.26
2023-06-25,13.97,6.98,10.69,5.49,0.49,8.54,6.74
2023-06-26,14.59,9.17,11.31,1.19,0.49,8.17,8.96
2023-06-27,14.58,7.26,10.27,3.33,0.49,8.25,4.85
2023-06-28,13.72,5.88,9.17,1.06,0.49,6.58,7.08
2023-06-29,12.48,4.6,8.9,0.37,0.49,6.55,8.64
2023-06-30,13.59,8.96,11.11,0.92,0.49,9.69,7.71
2023-07-01,13.41,6.98,10.05,0.39,0.49,7.93,8.47
2023-07-02,14.54,5.24,8.77,0.02,0.49,6.33,7.29
2023-07-03,12.14,5.14,8.02,0.25,0.49,6.1,4.23
2023-07-04,12.53,5.31,8.33,2.12,0.49,6.89,4.74
2023-07-05,16.89,4.48,9.75,0.05,0.49,4.92,9.61
2023-07-06,10.78,7.55,9.02,2.34,0.49,6.43,3.62
2023-07-07,15.06,8.25,11.54,2.79,0.5,7.35,6.85
2023-07-08,13.66,10.16,11.65,3.07,0.5,6.75,8.68
2023-07-09,15.85,10.59,12.22,0.78,0.5,9.82,7.19
2023-07-10,16.93,10.83,12.85,0.37,0.5,9.45,6.55
2023-07-11,17.18,7.83,12.28,0.37,0.5,9.85,6.81
2023-07-12,17.16,5.39,10.25,0.0,0.5,4.66,9.67
2023-07-13,16.46,5.49,10.02,0.0,0.49,3.5,9.06
2023-07-14,17.32,6.32,10.23,0.0,0.49,2.92,9.83
2023-07-15,12.91,4.3,8.01,0.78,0.49,5.08,6.67
2023-07-16,14.4,4.65,8.73,0.08,0.49,5.44,6.93
2023-07-17,15.29,2.39,7.37,0.0,0.49,2.61,11.7
2023-07-18,14.67,3.88,8.27,0.0,0.49,5.1,10.58
2023-07-19,12.94,0.68,6.9,0.0,0.49,1.77,11.08
2023-07-20,14.79,6.18,9.76,1.62,0.49,5.04,6.78
2023-07-21,13.61,5.92,8.94,0.27,0.49,5.93,10.16
2023-07-22,14.59,5.71,9.21,2.97,0.49,7.05,8.34
2023-07-23,13.94,5.52,9.08,0.47,0.49,6.06,8.79
2023-07-24,14.15,7.51,10.33,0.44,0.49,9.05,8.19
2023-07-25,15.35,5.6,9.84,0.02,0.49,6.83,7.24
2023-07-26,17.2,4.06,9.44,0.0,0.49,5.97,12.14
2023-07-27,20.04,4.45,11.7,4.72,0.49,6.82,5.38
2023-07-28,17.25,10.07,12.84,0.42,0.5,10.75,10.06
2023-07-29,16.79,8.27,11.8,0.21,0.49,8.72,10.3
2023-07-30,16.59,7.18,10.69,0.94,0.49,8.41,8.6
2023-07-31,16.44,9.64,12.74,0.16,0.49,8.61,7.71
2023-08-01,16.99,8.93,12.75,0.11,0.49,9.45,8.77
2023-08-02,18.04,6.02,11.0,0.02,0.49,5.94,12.94
2023-08-03,20.97,7.03,13.97,0.03,0.49,5.53,13.11
2023-08-04,16.79,7.84,13.1,0.3,0.48,6.94,9.99
2023-08-05,14.44,5.63,9.91,0.14,0.48,5.67,8.95
2023-08-06,13.38,5.14,8.8,0.05,0.48,6.47,8.27
2023-08-07,15.55,3.66,8.32,0.03,0.48,5.56,12.19
2023-08-08,16.66,3.44,8.81,0.0,0.48,4.2,14.1
2023-08-09,19.51,4.9,11.93,2.58,0.48,3.73,13.86
2023-08-10,13.5,6.41,10.8,0.17,0.48,6.62,10.09
2023-08-11,13.35,6.89,9.56,1.07,0.48,6.99,8.61
2023-08-12,14.37,7.48,10.13,2.92,0.49,8.49,6.07
2023-08-13,14.9,6.6,9.74,0.1,0.49,6.36,9.82
2023-08-14,15.3,4.11,8.69,0.09,0.48,3.57,14.92
2023-08-15,15.72,1.99,8.07,0.01,0.48,2.16,15.21
2023-08-16,18.18,3.31,10.15,0.04,0.48,1.53,14.43
2023-08-17,12.34,6.82,9.29,6.74,0.48,5.83,6.97
2023-08-18,13.67,7.59,9.97,0.56,0.49,5.26,13.32
2023-08-19,15.57,9.06,12.49,0.24,0.49,10.88,9.05
2023-08-20,16.73,10.21,12.85,0.15,0.49,11.05,7.83
2023-08-21,18.95,9.58,13.5,0.39,0.49,10.27,10.2
2023-08-22,14.25,6.38,9.93,1.95,0.49,5.98,13.62
2023-08-23,16.86,7.33,10.89,0.16,0.49,7.49,12.13
2023-08-24,20.31,4.88,11.58,0.0,0.48,4.59,16.18
2023-08-25,21.21,7.46,13.24,0.03,0.48,6.21,14.61
2023-08-26,20.18,6.87,12.39,0.01,0.48,7.96,13.72
2023-08-27,18.39,7.24,11.43,0.0,0.48,7.98,13.46
2023-08-28,20.17,6.92,13.05,0.0,0.48,7.73,12.99
2023-08-29,25.9,13.04,18.17,0.06,0.47,8.32,10.73
2023-08-30,16.0,8.95,12.07,0.16,0.47,6.86,12.07
2023-08-31,16.41,9.34,12.11,0.17,0.47,8.47,13.81
2023-09-01,17.27,8.2,11.8,0.06,0.47,7.25,9.96
2023-09-02,19.66,5.2,12.14,0.0,0.47,6.05,17.1
2023-09-03,22.6,7.66,14.71,0.01,0.47,3.92,18.3
2023-09-04,16.6,6.57,12.12,0.14,0.46,2.89,15.28
2023-09-05,16.76,5.9,10.7,0.98,0.46,2.97,17.53
2023-09-06,22.56,5.4,14.0,0.0,0.46,3.34,18.48
2023-09-07,16.67,8.12,12.62,5.79,0.46,4.46,6.71
2023-09-08,12.15,5.93,9.21,0.88,0.47,2.95,15.46
2023-09-09,13.31,5.17,9.83,2.76,0.47,6.49,11.47
2023-09-10,18.57,7.46,11.87,0.59,0.47,8.58,14.56
2023-09-11,22.2,5.77,13.63,0.0,0.47,7.05,18.78
2023-09-12,24.85,8.35,15.11,0.0,0.46,5.62,19.55
2023-09-13,27.31,10.18,18.01,0.0,0.46,5.15,17.59
2023-09-14,28.5,12.76,19.87,0.0,0.46,4.96,15.56
2023-09-15,21.75,9.42,14.88,0.03,0.45,8.72,19.95
2023-09-16,24.3,8.0,15.09,0.0,0.45,7.93,20.89
2023-09-17,28.41,10.4,18.55,0.0,0.45,9.4,19.99
2023-09-18,25.09,10.73,17.01,0.03,0.45,10.64,14.79
2023-09-19,22.21,10.95,16.25,0.41,0.44,8.59,21.12
2023-09-20,16.81,10.79,13.37,1.94,0.44,7.39,14.9
2023-09-21,18.17,6.42,12.03,0.9,0.44,5.18,18.84
2023-09-22,20.23,4.66,12.3,0.0,0.44,3.53,21.72
2023-09-23,22.74,6.61,14.04,0.0,0.44,3.44,21.88
2023-09-24,27.82,8.74,17.19,0.0,0.44,4.53,22.73
2023-09-25,23.68,10.33,16.22,0.0,0.43,9.72,18.82
2023-09-26,23.69,7.93,14.93,0.0,0.43,7.31,22.65
2023-09-27,20.83,6.64,12.76,0.01,0.43,6.36,19.6
2023-09-28,24.7,7.5,14.87,0.0,0.43,6.61,23.42
2023-09-29,30.16,9.59,19.3,0.0,0.43,4.01,23.34
2023-09-30,31.39,11.99,21.34,0.0,0.42,1.32,23.33
2023-10-01,21.38,8.86,15.85,0.0,0.42,5.29,22.62
2023-10-02,30.95,8.76,19.68,2.92,0.42,6.35,23.69
2023-10-03,19.57,7.69,14.7,3.15,0.42,8.25,13.76
2023-10-04,15.47,5.96,10.34,2.16,0.43,4.66,19.29
2023-10-05,16.81,8.0,12.43,1.19,0.43,7.96,14.08
2023-10-06,19.43,5.73,12.23,0.01,0.43,3.67,20.54
2023-10-07,20.38,4.64,12.24,0.0,0.43,3.24,22.0
2023-10-08,21.8,5.45,13.83,0.0,0.42,4.59,24.19
2023-10-09,23.76,6.71,14.72,0.0,0.42,4.61,25.89
2023-10-10,24.89,5.48,15.05,0.0,0.42,3.12,25.99
2023-10-11,32.19,11.27,20.89,0.16,0.42,5.84,24.58
2023-10-12,18.34,10.82,13.95,1.41,0.42,7.48,21.86
2023-10-13,16.75,11.23,13.78,0.56,0.42,9.25,16.84
2023-10-14,18.44,11.8,14.45,0.22,0.42,8.99,14.12
2023-10-15,18.86,10.84,13.85,1.3,0.42,9.69,12.31
2023-10-16,19.3,7.2,13.24,0.07,0.42,4.4,19.25
2023-10-17,23.46,5.18,14.17,0.0,0.41,3.24,26.68
2023-10-18,28.42,8.23,18.43,0.0,0.41,3.18,27.31
2023-10-19,31.68,11.87,21.53,0.0,0.41,3.41,26.8
2023-10-20,33.3,14.85,21.71,0.0,0.41,5.34,20.38
2023-10-21,18.29,10.14,14.2,1.01,0.4,7.49,20.9
2023-10-22,17.48,9.8,12.97,0.28,0.4,5.7,19.78
2023-10-23,25.11,6.52,16.26,0.0,0.4,1.12,26.32
2023-10-24,18.36,9.2,14.65,0.26,0.4,4.38,19.42
2023-10-25,13.96,5.57,10.35,0.97,0.4,1.59,23.17
2023-10-26,20.04,5.22,12.07,0.11,0.4,3.44,20.85
2023-10-27,24.69,4.87,14.85,0.0,0.4,0.97,28.18
2023-10-28,29.69,8.27,17.01,0.0,0.4,1.2,26.28
2023-10-29,24.28,7.64,14.16,0.01,0.4,5.86,25.88
2023-10-30,19.05,10.28,14.18,0.99,0.4,8.01,19.74
2023-10-31,20.21,6.05,12.75,0.02,0.4,3.3,19.59
2023-11-01,23.91,5.37,14.7,0.0,0.4,4.04,28.12
2023-11-02,22.68,6.83,14.67,0.0,0.39,5.2,28.95
2023-11-03,26.13,8.16,16.58,0.01,0.39,5.66,30.08
2023-11-04,24.54,7.75,15.48,0.01,0.39,3.68,30.75
2023-11-05,29.33,7.84,18.71,0.0,0.39,5.85,30.65
2023-11-06,31.63,12.58,21.39,0.0,0.39,6.06,29.46
2023-11-07,31.11,10.96,20.17,0.0,0.39,7.23,29.1
2023-11-08,27.61,10.31,18.24,0.0,0.39,8.49,24.37
2023-11-09,29.43,10.18,19.49,0.0,0.39,7.3,30.06
2023-11-10,39.39,13.54,27.27,0.0,0.38,5.32,29.09
2023-11-11,24.75,10.12,17.68,0.0,0.38,5.58,29.13
2023-11-12,22.49,9.12,15.09,0.0,0.38,4.93,30.02
2023-11-13,25.88,7.71,16.5,0.06,0.38,6.03,29.0
2023-11-14,24.23,11.55,16.77,0.5,0.38,7.37,13.82
2023-11-15,25.27,8.99,16.55,0.02,0.38,6.96,24.44
2023-11-16,23.49,9.04,15.72,0.53,0.38,5.91,26.34
2023-11-17,26.22,6.94,16.17,0.14,0.38,5.4,32.05
2023-11-18,29.53,8.27,19.06,0.0,0.38,4.17,31.97
2023-11-19,28.92,10.44,19.57,0.0,0.38,6.92,29.68
2023-11-20,29.05,12.87,19.77,0.04,0.38,8.19,26.88
2023-11-21,29.38,11.1,19.48,0.66,0.38,7.57,30.47
2023-11-22,29.3,10.76,19.46,1.72,0.38,7.26,30.97
2023-11-23,30.47,11.25,21.31,0.36,0.38,7.82,22.22
2023-11-24,24.98,14.7,18.89,24.28,0.41,15.5,19.69
2023-11-25,20.0,13.57,16.57,5.37,0.44,13.11,9.45
2023-11-26,23.48,12.29,17.36,0.37,0.43,10.92,19.01
2023-11-27,26.44,9.56,17.63,0.36,0.43,8.14,29.69
2023-11-28,24.96,9.58,18.06,5.22,0.43,10.78,22.98
2023-11-29,26.52,13.46,19.35,2.27,0.43,12.52,20.23
2023-11-30,27.66,12.38,19.78,0.01,0.43,9.06,30.68
2023-12-01,26.56,11.48,18.89,0.08,0.43,10.43,24.46
2023-12-02,24.91,11.61,18.05,0.07,0.42,9.82,17.06
2023-12-03,28.89,8.82,19.0,0.0,0.42,5.63,33.14
2023-12-04,36.02,15.17,24.19,0.0,0.42,6.15,32.58
2023-12-05,31.96,13.88,21.77,0.0,0.41,8.29,26.76
2023-12-06,28.93,11.99,20.53,0.0,0.41,4.06,24.38
2023-12-07,30.94,14.93,21.85,0.01,0.41,10.45,16.44
2023-12-08,37.58,18.4,26.23,0.9,0.41,15.19,14.09
2023-12-09,17.55,13.06,15.74,5.2,0.41,11.08,6.71
2023-12-10,22.12,11.91,16.39,1.46,0.42,7.98,11.05
2023-12-11,28.65,15.18,22.73,0.88,0.42,16.66,17.13
2023-12-12,31.91,17.69,24.34,0.96,0.42,17.38,19.6
2023-12-13,31.22,16.32,22.38,0.19,0.41,12.46,22.96
2023-12-14,24.8,11.87,18.06,0.19,0.41,11.19,16.13
2023-12-15,23.35,11.58,16.57,0.04,0.41,8.29,27.03
2023-12-16,22.33,10.52,16.07,0.05,0.41,8.6,25.08
2023-12-17,28.73,10.33,19.72,0.0,0.41,7.25,30.55
2023-12-18,34.55,14.61,22.19,1.43,0.4,10.14,11.22
2023-12-19,24.26,11.24,17.25,0.01,0.4,6.09,33.13
2023-12-20,25.47,8.94,16.78,0.0,0.4,3.89,33.27
2023-12-21,28.89,10.13,19.81,0.0,0.4,7.95,31.54
2023-12-22,30.97,13.44,22.86,0.0,0.4,9.05,31.15
2023-12-23,32.95,14.22,23.84,0.0,0.4,7.26,33.02
2023-12-24,26.06,12.14,17.79,6.66,0.4,9.64,22.22
2023-12-25,21.55,12.32,16.45,6.37,0.41,12.2,7.52
2023-12-26,26.18,14.46,19.91,2.56,0.42,13.85,21.4
2023-12-27,28.82,13.79,21.08,0.17,0.42,13.35,19.86
2023-12-28,28.57,13.74,20.6,0.17,0.41,10.57,21.0
2023-12-29,27.62,12.4,18.22,0.01,0.41,7.61,32.72
2023-12-30,24.23,12.08,17.36,0.03,0.41,8.0,24.15
2023-12-31,29.02,9.99,19.88,0.0,0.41,7.51,33.56
2024-01-01,33.01,13.62,23.64,0.0,0.4,10.02,27.93
2024-01-02,36.07,17.17,26.83,1.25,0.4,14.6,28.97
2024-01-03,34.42,19.15,25.7,0.49,0.4,13.31,23.15
2024-01-04,32.08,18.34,23.51,0.76,0.4,13.64,24.79
2024-01-05,34.79,16.31,26.28,0.0,0.4,13.65,31.77
2024-01-06,32.34,22.39,26.53,12.62,0.41,19.31,12.14
2024-01-07,28.56,17.22,23.25,29.15,0.45,20.05,12.47
2024-01-08,26.66,15.36,20.52,5.91,0.48,14.89,14.34
2024-01-09,30.35,13.33,20.91,0.0,0.47,12.93,24.86
2024-01-10,28.59,12.24,19.98,0.0,0.46,11.74,32.59
2024-01-11,32.75,12.36,22.82,0.0,0.46,10.58,33.54
2024-01-12,37.37,16.76,27.04,0.0,0.45,10.54,33.15
2024-01-13,29.03,15.34,22.56,0.55,0.45,12.47,21.18
2024-01-14,30.02,14.03,20.81,0.0,0.44,7.93,31.16
2024-01-15,34.14,12.61,25.06,0.0,0.44,14.16,29.09
2024-01-16,36.25,17.83,27.34,3.23,0.44,15.33,28.99
2024-01-17,22.55,14.49,17.55,4.65,0.44,9.01,28.61
2024-01-18,23.55,13.44,17.4,0.27,0.44,7.89,25.17
2024-01-19,29.09,12.2,20.72,0.0,0.44,6.99,32.12
2024-01-20,34.36,15.73,24.09,0.0,0.43,6.95,28.66
2024-01-21,26.78,13.12,19.37,0.0,0.43,10.02,31.87
2024-01-22,30.36,11.4,20.81,0.0,0.43,7.42,32.42
2024-01-23,38.59,14.91,26.45,0.05,0.42,9.05,31.71
2024-01-24,32.13,18.6,23.83,0.22,0.42,10.86,25.64
2024-01-25,26.95,15.37,20.44,4.29,0.42,10.42,8.14
2024-01-26,23.98,13.33,18.42,0.07,0.42,9.84,26.22
2024-01-27,24.04,12.27,17.93,0.01,0.42,10.02,26.7
2024-01-28,29.63,12.87,21.14,0.02,0.42,12.28,27.13
2024-01-29,31.74,15.9,23.19,0.0,0.42,10.86,31.3
2024-01-30,30.54,13.17,20.93,0.0,0.41,9.22,30.63
2024-01-31,28.79,12.34,19.79,0.0,0.41,9.92,30.81
2024-02-01,27.9,13.29,19.93,0.0,0.41,11.84,30.7
2024-02-02,29.26,13.31,20.65,0.02,0.41,10.64,29.83
2024-02-03,34.93,13.09,23.95,0.0,0.4,6.7,30.99
2024-02-04,39.95,16.02,27.35,0.44,0.4,8.14,29.68
2024-02-05,26.22,12.65,19.24,1.73,0.4,8.43,22.23
2024-02-06,25.55,11.74,18.1,0.0,0.4,6.83,30.46
2024-02-07,28.62,11.28,19.79,0.0,0.4,9.18,28.24
2024-02-08,30.14,12.77,20.92,0.0,0.4,7.75,30.19
2024-02-09,30.77,13.35,21.57,0.0,0.39,7.95,29.75
2024-02-10,31.4,13.5,22.11,0.0,0.39,8.38,29.21
2024-02-11,36.29,16.39,25.91,0.0,0.39,7.21,29.28
2024-02-12,38.36,16.59,27.32,0.0,0.39,9.46,28.97
2024-02-13,31.19,15.39,22.25,0.0,0.39,9.86,27.26
2024-02-14,25.02,12.57,18.11,0.0,0.39,3.27,28.28
2024-02-15,27.56,10.04,18.93,0.0,0.39,4.78,28.08
2024-02-16,31.26,12.6,22.03,0.0,0.38,7.46,29.03
2024-02-17,33.7,14.34,23.88,0.0,0.38,7.76,24.7
2024-02-18,29.46,14.52,22.11,0.0,0.38,7.93,25.61
2024-02-19,34.6,14.34,24.47,0.0,0.38,7.75,27.97
2024-02-20,28.71,18.14,23.36,0.0,0.38,8.99,9.85
2024-02-21,38.27,23.14,30.19,0.0,0.38,9.22,26.41
2024-02-22,35.45,15.94,26.09,0.0,0.38,10.5,26.63
2024-02-23,23.19,14.14,17.89,0.0,0.38,7.42,14.33
2024-02-24,29.21,11.23,19.99,0.0,0.38,5.25,27.94
2024-02-25,31.84,13.78,21.99,0.0,0.38,6.12,20.91
2024-02-26,28.79,15.0,21.35,0.0,0.38,8.11,21.14
2024-02-27,36.0,14.91,25.92,0.0,0.38,6.6,26.29
2024-02-28,37.63,17.19,25.65,0.0,0.38,9.91,23.0
2024-02-29,27.36,16.46,20.73,0.45,0.38,12.07,22.66
2024-03-01,28.25,15.03,19.88,4.03,0.39,11.39,23.82
2024-03-02,27.02,12.77,18.98,1.53,0.39,9.29,24.7
2024-03-03,26.82,9.87,17.97,0.0,0.39,8.01,26.32
2024-03-04,28.89,10.87,20.01,0.0,0.39,2.93,26.51
2024-03-05,34.27,14.27,24.36,0.0,0.38,1.4,24.77
2024-03-06,34.15,18.55,25.26,0.0,0.38,9.18,24.35
2024-03-07,31.99,15.39,22.66,0.0,0.38,8.39,25.04
2024-03-08,34.61,13.68,24.42,0.0,0.38,4.56,25.47
2024-03-09,40.59,21.17,31.38,0.0,0.38,7.94,23.01
2024-03-10,40.21,26.07,32.81,0.0,0.38,9.07,23.17
2024-03-11,38.47,25.1,31.19,0.0,0.38,8.5,20.64
2024-03-12,32.51,21.92,26.76,0.02,0.38,12.82,10.56
2024-03-13,31.93,18.76,23.94,0.02,0.38,12.67,9.9
2024-03-14,27.71,14.83,20.01,0.03,0.38,8.17,11.32
2024-03-15,30.57,12.73,21.65,0.0,0.38,9.54,23.28
2024-03-16,33.66,18.91,26.31,0.98,0.38,10.8,20.27
2024-03-17,30.93,19.42,24.74,7.53,0.39,13.99,17.34
2024-03-18,32.31,18.68,25.22,0.0,0.39,13.47,20.3
2024-03-19,24.37,14.44,18.91,0.33,0.39,11.74,15.85
2024-03-20,21.97,10.83,15.86,0.0,0.39,3.26,22.4
2024-03-21,23.67,7.84,15.48,0.0,0.39,2.84,22.88
2024-03-22,25.1,8.73,16.79,0.0,0.39,5.49,22.54
2024-03-23,24.82,10.66,16.61,0.0,0.38,7.44,19.76
2024-03-24,23.79,8.33,15.46,0.0,0.38,8.35,20.39
2024-03-25,24.26,11.03,16.49,0.05,0.38,10.65,20.25
2024-03-26,24.57,11.13,16.81,0.08,0.38,10.58,16.17
2024-03-27,25.77,9.79,17.5,0.01,0.38,8.39,21.21
2024-03-28,25.53,10.16,17.53,0.0,0.38,8.06,20.99
2024-03-29,29.53,10.87,19.72,0.0,0.38,5.18,20.9
2024-03-30,33.87,14.24,23.21,0.0,0.38,2.74,20.32
2024-03-31,35.32,14.63,24.53,0.82,0.38,8.47,19.41
2024-04-01,20.44,14.07,17.99,13.11,0.4,13.71,10.74
2024-04-02,19.89,13.67,15.92,1.34,0.41,10.75,12.57
2024-04-03,21.4,12.32,16.01,1.05,0.41,9.89,12.42
2024-04-04,22.52,9.17,15.36,0.0,0.41,7.08,15.83
2024-04-05,23.32,8.43,15.67,0.0,0.4,7.41,19.47
2024-04-06,24.24,11.24,16.78,0.0,0.4,10.21,16.56
2024-04-07,22.78,10.12,16.12,0.0,0.4,10.4,9.28
2024-04-08,19.34,9.37,13.11,3.6,0.4,10.14,9.04
2024-04-09,18.74,9.97,13.27,0.13,0.41,6.23,11.85
2024-04-10,19.19,10.05,14.35,0.01,0.41,10.19,11.17
2024-04-11,21.99,9.65,14.85,0.02,0.4,9.81,12.29
2024-04-12,20.31,8.3,13.35,0.03,0.4,8.78,13.36
2024-04-13,21.61,9.44,14.4,0.03,0.4,9.82,10.11
2024-04-14,22.49,9.01,14.56,0.0,0.4,9.21,17.25
2024-04-15,22.5,9.46,14.88,0.06,0.4,9.97,15.84
2024-04-16,21.67,9.23,14.79,0.48,0.4,10.01,12.81
2024-04-17,21.02,9.16,14.31,0.26,0.4,8.97,9.63
2024-04-18,16.89,8.03,12.88,1.03,0.4,10.08,8.94
2024-04-19,19.96,9.48,14.27,0.21,0.4,8.38,13.04
2024-04-20,21.27,6.82,13.03,0.0,0.4,6.38,16.84
2024-04-21,20.53,6.05,12.14,0.0,0.4,6.23,16.09
2024-04-22,25.23,6.71,15.46,0.0,0.4,3.11,16.6
2024-04-23,26.5,10.42,15.49,1.3,0.4,5.11,11.73
2024-04-24,17.99,8.59,12.27,0.03,0.4,5.84,11.64
2024-04-25,19.34,8.73,13.16,0.12,0.4,8.26,12.02
2024-04-26,18.2,7.75,12.35,0.04,0.4,7.59,9.13
2024-04-27,16.87,5.39,11.25,0.0,0.4,5.99,12.39
2024-04-28,22.44,8.0,14.83,0.0,0.39,3.11,14.75
2024-04-29,19.67,8.76,14.44,0.17,0.39,7.14,11.66
2024-04-30,17.79,6.61,11.46,0.02,0.39,4.96,11.5
2024-05-01,19.9,7.09,12.49,0.0,0.39,6.87,14.07
2024-05-02,19.86,7.0,12.3,0.03,0.39,6.07,14.54
2024-05-03,21.01,6.77,12.82,3.1,0.4,6.06,13.16
2024-05-04,21.74,7.35,13.57,0.06,0.4,6.3,13.18
2024-05-05,21.51,8.22,13.82,0.0,0.4,7.45,13.29
2024-05-06,21.29,8.79,13.63,0.0,0.39,8.1,13.85
2024-05-07,22.35,7.26,13.56,0.0,0.39,7.12,13.77
2024-05-08,22.17,7.65,13.36,0.03,0.39,5.83,13.5
2024-05-09,21.92,8.68,14.5,0.34,0.39,7.04,11.72
2024-05-10,21.08,9.79,14.56,1.17,0.39,9.04,10.86
2024-05-11,21.55,7.85,14.82,0.16,0.39,10.14,7.77
2024-05-12,20.85,10.03,14.37,0.08,0.39,10.65,9.92
2024-05-13,20.21,8.22,13.14,0.09,0.39,10.42,6.68
2024-05-14,17.77,7.46,12.08,0.0,0.39,5.76,12.62
2024-05-15,20.52,7.24,13.22,0.0,0.39,5.13,10.58
2024-05-16,21.91,8.04,14.0,0.0,0.39,5.17,12.03
2024-05-17,19.26,7.53,12.68,0.05,0.39,8.92,8.51
2024-05-18,15.47,4.79,9.07,0.0,0.39,3.63,12.53
2024-05-19,16.69,5.42,12.1,0.42,0.39,9.02,7.71
2024-05-20,17.2,8.79,12.19,0.29,0.39,7.69,8.54
2024-05-21,16.7,5.26,10.18,0.0,0.39,4.76,6.35
2024-05-22,16.2,3.05,8.26,0.0,0.39,4.22,11.65
2024-05-23,17.18,4.91,9.96,0.0,0.39,3.72,11.25
2024-05-24,15.29,5.92,9.87,0.0,0.39,3.48,8.31
2024-05-25,18.34,6.18,11.45,0.0,0.39,4.05,10.98
2024-05-26,20.1,4.24,11.6,0.0,0.39,2.92,10.55
2024-05-27,21.71,5.02,12.53,0.03,0.39,2.83,11.2
2024-05-28,22.24,7.51,13.47,0.03,0.39,1.92,11.07
2024-05-29,22.14,7.15,13.83,0.0,0.39,2.03,9.23
2024-05-30,15.47,12.41,13.68,7.12,0.4,8.84,2.84
2024-05-31,16.14,7.49,12.17,0.65,0.4,6.86,7.79
2024-06-01,16.34,5.62,10.08,0.06,0.4,5.19,9.24
2024-06-02,14.91,3.17,8.1,0.01,0.4,3.98,7.85
2024-06-03,13.29,1.58,6.71,0.0,0.4,2.63,5.97
2024-06-04,13.09,5.58,8.68,0.03,0.4,1.39,6.73
2024-06-05,17.05,5.57,10.28,0.23,0.4,6.89,9.44
2024-06-06,17.77,6.18,10.41,0.06,0.4,7.75,7.79
2024-06-07,17.0,5.64,9.57,0.03,0.4,7.25,7.79
2024-06-08,14.5,5.77,9.62,0.16,0.4,8.44,5.82
2024-06-09,14.38,8.34,11.19,0.41,0.4,8.18,6.06
2024-06-10,16.37,6.86,11.58,0.01,0.4,6.71,5.81
2024-06-11,17.62,11.75,13.81,1.06,0.4,9.67,7.79
2024-06-12,15.25,8.7,11.27,0.11,0.4,6.03,6.48
2024-06-13,14.7,7.01,9.97,0.01,0.4,4.46,3.86
2024-06-14,9.64,6.05,8.28,3.03,0.4,6.18,2.56
2024-06-15,14.17,5.02,8.09,0.7,0.4,5.33,8.76
2024-06-16,14.13,4.27,7.56,0.0,0.4,4.15,10.14
2024-06-17,13.74,1.83,7.76,0.0,0.4,3.13,8.85
2024-06-18,14.09,1.76,7.38,0.05,0.4,2.41,9.63
2024-06-19,15.13,6.85,10.48,1.34,0.4,4.48,6.75
2024-06-20,11.38,4.01,8.25,1.78,0.41,6.54,5.59
2024-06-21,14.09,3.89,7.78,0.08,0.41,4.18,8.2
2024-06-22,13.85,2.64,7.09,0.01,0.41,3.61,5.72
2024-06-23,14.02,1.58,7.24,0.0,0.4,2.74,8.51
2024-06-24,13.3,6.44,9.26,2.86,0.4,4.39,6.71
2024-06-25,14.05,6.8,8.93,5.15,0.41,6.77,6.51
2024-06-26,13.73,6.63,9.27,2.92,0.42,7.33,8.06
2024-06-27,14.57,6.31,9.65,0.25,0.42,7.35,6.79
2024-06-28,16.33,5.57,10.56,0.92,0.42,4.05,4.71
2024-06-29,12.36,6.63,9.43,5.16,0.43,5.47,5.0
2024-06-30,12.74,5.0,7.96,0.39,0.43,4.81,7.95
2024-07-01,11.9,4.12,7.38,0.31,0.43,4.56,6.47
2024-07-02,13.73,1.81,6.6,0.0,0.43,2.68,8.65
2024-07-03,14.52,0.44,6.29,0.0,0.43,1.29,10.75
2024-07-04,15.3,1.93,7.11,0.02,0.43,2.52,10.8
2024-07-05,17.28,5.31,9.57,0.0,0.43,5.5,10.31
2024-07-06,16.93,4.25,8.93,0.02,0.42,3.94,10.79
2024-07-07,18.19,3.14,9.7,1.0,0.42,4.7,9.23
2024-07-08,12.52,7.77,10.21,5.51,0.44,9.46,2.99
2024-07-09,16.8,5.73,10.19,0.1,0.44,8.33,8.54
2024-07-10,16.16,5.14,9.76,0.09,0.43,5.28,10.44
2024-07-11,12.29,7.01,10.01,3.01,0.44,7.47,3.92
2024-07-12,15.08,5.83,9.67,0.62,0.44,8.02,9.11
2024-07-13,12.78,5.55,8.98,0.9,0.44,7.36,8.37
2024-07-14,12.21,5.38,8.07,0.97,0.44,6.34,9.45
2024-07-15,11.51,7.18,8.74,2.66,0.44,6.61,8.33
2024-07-16,11.97,7.41,9.34,0.67,0.44,5.74,6.67
2024-07-17,13.51,6.72,10.04,2.45,0.45,8.55,6.88
2024-07-18,12.44,5.54,8.35,0.23,0.45,5.48,6.37
2024-07-19,13.07,5.62,9.72,8.1,0.45,5.59,2.3
2024-07-20,13.34,8.96,10.46,0.75,0.46,5.34,9.19
2024-07-21,15.39,8.39,11.43,3.07,0.46,9.57,8.14
2024-07-22,17.05,8.21,11.67,0.75,0.46,7.94,9.17
2024-07-23,19.06,5.69,11.25,0.0,0.46,1.01,11.12
2024-07-24,17.46,7.86,12.41,0.47,0.46,2.6,9.24
2024-07-25,15.86,5.46,10.38,1.58,0.46,6.2,10.4
2024-07-26,17.71,5.73,11.2,0.09,0.46,5.61,10.72
2024-07-27,12.08,4.98,8.57,2.79,0.46,3.86,9.34
2024-07-28,13.18,3.31,7.32,0.21,0.46,3.36,10.48
2024-07-29,14.16,3.69,7.69,0.0,0.46,2.89,11.92
2024-07-30,15.9,1.57,7.78,0.0,0.46,0.45,13.02
2024-07-31,16.99,3.15,8.74,0.0,0.46,3.19,12.86
2024-08-01,16.65,3.57,9.2,0.0,0.46,1.34,12.07
2024-08-02,16.21,4.92,9.16,0.47,0.45,1.72,7.21
2024-08-03,15.46,5.27,9.08,0.07,0.45,4.97,12.52
2024-08-04,13.92,4.66,8.72,0.05,0.45,2.85,8.89
2024-08-05,16.42,3.88,9.46,0.31,0.45,4.45,8.3
2024-08-06,16.05,5.05,9.87,0.18,0.45,7.31,10.32
2024-08-07,18.2,4.97,10.94,0.0,0.45,5.32,12.8
2024-08-08,14.79,7.21,10.58,0.95,0.45,5.83,4.52
2024-08-09,16.78,6.17,10.51,0.36,0.45,7.48,10.65
2024-08-10,17.64,5.98,10.79,0.62,0.45,6.34,12.52
2024-08-11,19.31,5.19,11.1,0.01,0.45,3.41,14.43
2024-08-12,22.58,8.43,14.47,0.0,0.45,5.47,13.11
2024-08-13,23.25,10.05,15.89,0.02,0.45,6.96,10.2
2024-08-14,22.88,10.95,15.93,0.86,0.45,9.99,13.86
2024-08-15,24.39,12.16,17.77,5.84,0.45,9.6,6.33
2024-08-16,17.12,10.28,12.82,4.18,0.46,9.57,11.01
2024-08-17,17.29,7.66,12.45,2.92,0.46,9.49,11.77
2024-08-18,18.16,6.28,11.39,0.17,0.46,8.16,8.94
2024-08-19,20.5,6.68,13.03,0.38,0.46,6.39,13.3
2024-08-20,20.21,10.94,14.16,0.49,0.46,8.77,8.07
2024-08-21,17.19,11.17,13.51,1.19,0.46,9.39,12.3
2024-08-22,18.03,7.94,12.42,0.84,0.46,9.1,13.33
2024-08-23,22.6,9.44,15.83,1.2,0.46,9.82,6.09
2024-08-24,22.34,10.24,15.91,0.06,0.46,9.32,16.28
2024-08-25,20.6,11.17,15.46,1.06,0.45,10.72,11.5
2024-08-26,17.71,10.54,13.31,0.2,0.45,9.12,12.15
2024-08-27,23.21,9.95,16.24,0.55,0.45,6.52,15.51
2024-08-28,16.3,11.66,13.59,0.62,0.45,6.53,12.78
2024-08-29,19.57,9.93,15.72,0.13,0.45,7.24,15.65
2024-08-30,17.43,11.88,14.34,0.79,0.45,7.33,13.91
2024-08-31,17.5,11.56,14.26,1.77,0.45,8.1,13.42
2024-09-01,18.62,12.8,15.2,4.23,0.45,10.16,11.19
2024-09-02,14.84,7.34,11.38,0.37,0.45,2.86,14.69
2024-09-03,20.04,6.4,12.41,0.06,0.45,5.23,17.94
2024-09-04,23.09,8.91,15.63,0.98,0.45,1.03,12.85
2024-09-05,24.58,14.58,18.86,1.0,0.44,5.58,4.49
2024-09-06,18.4,10.55,14.83,1.84,0.45,9.22,3.01
2024-09-07,18.61,9.09,13.13,0.15,0.44,7.01,14.48
2024-09-08,18.15,9.45,13.3,2.67,0.44,9.5,12.28
2024-09-09,15.57,8.66,12.24,0.51,0.45,8.74,12.44
2024-09-10,20.8,8.33,13.81,0.06,0.45,8.85,15.53
2024-09-11,16.34,6.26,11.63,1.75,0.45,7.89,11.59
2024-09-12,18.09,3.89,10.35,0.0,0.45,4.85,17.86
2024-09-13,18.69,7.65,12.33,0.0,0.44,6.97,14.72
2024-09-14,15.78,4.84,10.81,0.05,0.44,3.43,16.45
2024-09-15,17.2,2.99,9.35,0.01,0.44,1.94,20.33
2024-09-16,17.56,2.5,9.21,0.0,0.44,3.53,12.74
2024-09-17,17.59,3.91,9.02,0.01,0.44,4.73,20.23
2024-09-18,19.73,3.46,11.48,0.1,0.44,4.64,21.51
2024-09-19,15.33,9.24,11.83,0.43,0.44,7.1,14.89
2024-09-20,16.21,10.6,12.75,1.88,0.44,8.3,15.97
2024-09-21,16.32,10.21,12.8,0.55,0.44,8.32,15.81
2024-09-22,19.59,9.88,13.75,0.49,0.44,9.26,15.45
2024-09-23,20.23,9.12,14.26,0.39,0.43,9.95,13.95
2024-09-24,24.72,10.86,16.48,2.11,0.43,8.81,12.06
2024-09-25,15.51,5.37,11.37,4.75,0.44,7.67,10.37
2024-09-26,18.28,2.69,10.18,0.0,0.44,1.93,23.18
2024-09-27,21.67,3.19,12.16,0.0,0.44,0.89,23.33
2024-09-28,23.89,7.66,16.33,1.35,0.44,5.08,15.7
2024-09-29,19.04,11.11,14.58,2.34,0.44,7.93,20.36
2024-09-30,20.61,8.95,13.82,0.13,0.44,8.81,19.23
2024-10-01,21.0,8.2,13.72,0.01,0.44,8.06,18.18
2024-10-02,23.74,6.68,14.72,0.02,0.43,5.73,24.36
2024-10-03,27.74,9.24,19.0,0.8,0.43,6.83,22.06
2024-10-04,20.56,11.37,16.41,1.83,0.43,9.71,15.16
2024-10-05,17.94,10.92,14.08,0.62,0.43,10.05,12.66
2024-10-06,20.89,11.74,15.99,0.25,0.43,9.57,17.73
2024-10-07,19.15,6.25,13.67,0.73,0.43,8.67,14.8
2024-10-08,19.41,3.62,11.24,0.0,0.43,1.52,25.32
2024-10-09,24.54,5.05,14.7,0.0,0.43,0.22,25.94
2024-10-10,21.79,7.18,14.55,0.0,0.42,3.14,26.3
2024-10-11,21.54,5.88,13.12,0.0,0.42,5.46,22.08
2024-10-12,25.09,5.43,14.99,0.0,0.42,3.08,24.9
2024-10-13,23.92,10.33,16.35,0.07,0.42,3.39,8.18
2024-10-14,27.89,11.19,19.33,0.03,0.42,10.01,24.72
2024-10-15,23.53,14.77,18.13,0.65,0.42,11.46,13.68
2024-10-16,31.76,14.77,22.91,1.04,0.41,13.58,21.25
2024-10-17,31.19,19.04,23.24,9.76,0.41,13.21,9.29
2024-10-18,18.92,8.73,15.65,2.52,0.43,12.72,6.22
2024-10-19,24.19,8.12,15.14,0.08,0.43,8.23,19.84
2024-10-20,25.54,8.71,16.71,0.0,0.43,8.84,23.04
2024-10-21,30.01,10.35,20.32,0.0,0.43,8.38,24.03
2024-10-22,25.85,11.52,19.14,0.01,0.42,7.9,16.98
2024-10-23,21.29,8.77,14.18,0.18,0.42,6.06,25.08
2024-10-24,18.93,9.55,13.63,0.14,0.42,4.61,24.54
2024-10-25,21.32,9.23,14.48,0.14,0.42,5.9,20.18
2024-10-26,24.69,9.21,17.52,0.0,0.42,4.48,20.78
2024-10-27,28.13,10.69,18.55,0.0,0.41,7.27,28.0
2024-10-28,24.49,9.84,16.15,0.0,0.41,5.86,28.76
2024-10-29,25.85,7.2,15.89,0.0,0.41,5.58,29.03
2024-10-30,26.7,7.62,16.46,0.0,0.41,5.67,28.85
2024-10-31,22.28,8.74,15.21,0.05,0.41,7.53,21.36
2024-11-01,23.26,6.93,14.84,0.0,0.41,2.55,29.04
2024-11-02,31.62,9.0,21.75,0.02,0.4,2.34,23.3
2024-11-03,23.44,11.79,17.38,0.04,0.4,6.98,28.39
2024-11-04,23.39,10.88,16.37,0.0,0.4,6.57,25.97
2024-11-05,30.61,8.64,19.79,0.04,0.4,8.44,19.48
2024-11-06,25.28,11.96,19.82,0.01,0.4,11.09,23.27
2024-11-07,21.42,10.04,14.96,0.42,0.4,7.83,24.14
2024-11-08,20.19,9.22,14.77,0.33,0.4,5.33,26.39
2024-11-09,23.94,8.57,15.15,0.0,0.4,5.74,18.87
2024-11-10,25.95,7.74,17.3,0.0,0.39,6.32,29.31
2024-11-11,28.99,12.84,21.49,4.81,0.39,10.33,20.7
2024-11-12,27.87,13.98,20.65,9.07,0.41,14.32,20.07
2024-11-13,22.91,10.29,16.55,0.02,0.41,8.29,25.89
2024-11-14,24.08,8.11,15.52,0.0,0.41,5.34,29.11
2024-11-15,28.16,7.84,18.66,0.0,0.41,5.39,30.88
2024-11-16,35.28,15.31,24.86,0.45,0.4,3.6,24.2
2024-11-17,20.84,13.61,16.39,1.91,0.4,8.6,26.71
2024-11-18,22.99,10.32,16.29,0.15,0.4,7.67,24.74
2024-11-19,25.54,8.71,16.88,0.01,0.4,5.93,31.47
2024-11-20,29.11,8.9,19.22,0.0,0.4,5.73,31.97
2024-11-21,34.75,13.31,24.36,0.0,0.4,5.55,30.61
2024-11-22,39.23,18.48,29.49,0.0,0.39,9.13,23.45
2024-11-23,31.81,20.31,25.34,2.04,0.39,14.16,10.98
2024-11-24,28.36,18.56,22.76,1.17,0.39,15.54,16.89
2024-11-25,32.21,16.25,24.25,0.06,0.39,13.22,22.23
2024-11-26,32.2,18.99,25.44,6.31,0.39,17.28,22.14
2024-11-27,24.66,14.37,19.25,3.67,0.41,12.47,20.59
2024-11-28,27.09,14.17,19.4,0.16,0.41,11.03,16.07
2024-11-29,31.65,12.83,22.8,0.0,0.4,11.68,31.63
2024-11-30,22.44,13.64,19.25,13.06,0.42,15.31,14.77
2024-12-01,23.12,13.58,17.93,1.18,0.42,12.51,21.22
2024-12-02,35.42,12.46,23.47,5.65,0.42,13.34,27.02
2024-12-03,23.84,11.3,19.17,0.59,0.43,11.56,24.03
2024-12-04,31.35,9.07,20.74,0.0,0.42,4.07,34.27
2024-12-05,39.31,15.83,28.19,0.0,0.42,8.07,31.91
2024-12-06,28.24,20.26,23.49,4.97,0.42,15.36,15.47
2024-12-07,28.53,12.86,21.04,2.16,0.42,13.9,23.05
2024-12-08,24.63,11.35,17.77,0.01,0.42,7.07,31.86
2024-12-09,28.15,10.02,18.8,0.11,0.42,6.58,24.09
2024-12-10,27.1,11.33,18.28,0.36,0.42,7.56,32.9
2024-12-11,25.36,10.24,17.57,0.0,0.41,9.28,33.0
2024-12-12,28.3,12.15,20.05,0.01,0.41,12.89,27.93
2024-12-13,28.84,13.47,20.44,0.02,0.41,9.98,31.08
2024-12-14,29.42,11.66,20.46,0.0,0.41,7.62,24.06
2024-12-15,38.63,15.38,28.39,0.0,0.4,10.77,30.69
2024-12-16,41.9,17.0,29.01,0.1,0.4,12.46,27.98
2024-12-17,25.42,15.07,19.14,0.0,0.4,7.79,33.37
2024-12-18,29.58,12.32,20.83,0.0,0.4,5.16,34.45
2024-12-19,35.14,12.69,25.11,0.0,0.39,4.92,34.29
2024-12-20,33.43,14.7,23.91,0.0,0.39,6.48,34.1
2024-12-21,28.85,13.21,20.03,0.0,0.39,5.42,34.35
2024-12-22,23.71,10.98,16.25,0.71,0.39,6.6,28.38
2024-12-23,22.07,11.32,16.05,0.05,0.39,4.89,27.63
2024-12-24,29.16,10.31,19.89,0.01,0.39,8.85,31.48
2024-12-25,37.56,15.53,27.68,0.0,0.39,6.44,33.44
2024-12-26,31.35,15.83,23.95,0.09,0.38,7.98,12.35
2024-12-27,20.41,13.89,16.68,0.02,0.38,6.63,25.86
2024-12-28,22.46,12.45,17.31,0.91,0.39,9.5,24.06
2024-12-29,25.12,12.04,18.81,0.27,0.39,11.14,23.88
2024-12-30,28.54,12.95,20.78,0.0,0.39,11.16,26.17
2024-12-31,31.25,13.31,21.34,0.0,0.38,8.91,33.59
2025-01-01,27.46,11.41,19.12,0.0,0.38,9.45,33.08
2025-01-02,29.72,11.36,20.24,0.0,0.38,4.27,34.18
2025-01-03,35.0,11.79,23.82,0.0,0.38,2.59,34.39
2025-01-04,37.59,18.58,29.23,0.0,0.38,2.02,20.14
2025-01-05,37.44,18.16,28.57,2.95,0.38,9.22,17.91
2025-01-06,24.94,13.18,19.16,1.74,0.39,8.11,23.95
2025-01-07,29.93,10.7,20.5,0.0,0.39,5.67,34.22
2025-01-08,35.08,14.79,26.04,0.0,0.38,9.22,31.09
2025-01-09,34.62,21.61,27.76,0.0,0.38,10.55,19.54
2025-01-10,35.6,19.69,28.14,0.0,0.38,10.46,29.36
2025-01-11,38.22,20.21,29.4,0.0,0.38,9.77,29.33
2025-01-12,35.51,22.31,28.85,0.0,0.38,12.08,28.79
2025-01-13,36.99,20.2,28.52,0.0,0.38,11.14,30.1
2025-01-14,39.4,18.99,28.57,0.0,0.38,11.7,31.91
2025-01-15,24.84,14.76,19.82,0.08,0.38,9.3,27.09
2025-01-16,26.39,14.39,19.54,0.04,0.38,9.79,20.6
2025-01-17,32.51,14.61,23.08,0.09,0.38,9.28,30.46
2025-01-18,36.61,14.51,26.08,0.0,0.38,4.99,33.24
2025-01-19,39.57,19.57,29.59,0.0,0.38,3.77,28.32
2025-01-20,33.39,21.04,27.9,0.0,0.38,7.97,22.78
2025-01-21,34.85,17.08,24.41,0.0,0.38,12.15,31.06
2025-01-22,31.42,15.66,22.51,0.0,0.38,7.76,31.25
2025-01-23,23.78,12.96,17.75,0.0,0.38,6.28,15.38
2025-01-24,29.1,10.84,19.68,0.0,0.38,9.27,31.85
2025-01-25,31.74,14.56,22.48,0.0,0.38,10.75,28.17
2025-01-26,35.45,17.26,26.38,0.0,0.38,10.45,26.72
2025-01-27,41.17,16.65,28.51,0.0,0.38,10.42,27.27
2025-01-28,29.39,15.4,21.46,0.0,0.38,8.12,30.46
2025-01-29,29.15,12.41,20.1,0.0,0.38,5.68,31.99
2025-01-30,29.0,12.28,20.11,0.0,0.38,6.84,31.31
2025-01-31,32.44,12.33,22.38,0.0,0.38,6.65,31.8
2025-02-01,38.24,14.12,26.44,0.0,0.37,4.35,31.66
2025-02-02,41.92,21.4,31.46,0.17,0.37,8.9,28.62
2025-02-03,42.01,27.37,33.9,1.19,0.38,12.8,27.95
2025-02-04,36.71,17.72,28.49,0.12,0.38,12.47,26.6
2025-02-05,31.87,15.46,22.85,0.01,0.38,6.74,30.65
2025-02-06,37.93,14.91,25.81,0.0,0.38,9.26,29.85
2025-02-07,31.78,15.99,22.87,2.21,0.38,12.01,28.6
2025-02-08,28.42,14.83,20.55,4.28,0.39,8.42,28.89
2025-02-09,29.18,14.37,21.39,0.0,0.39,12.08,21.63
2025-02-10,34.5,15.61,25.16,0.0,0.38,11.23,29.41
2025-02-11,37.15,18.32,28.63,0.0,0.38,9.33,29.48
2025-02-12,40.72,21.52,31.75,0.0,0.38,6.68,28.89
2025-02-13,29.25,16.8,23.62,0.02,0.38,12.31,17.06
2025-02-14,24.84,15.24,18.74,0.72,0.38,9.75,22.69
2025-02-15,21.31,10.6,16.43,0.29,0.38,4.79,23.91
2025-02-16,24.91,9.88,16.81,0.1,0.38,3.53,28.34
2025-02-17,28.67,10.21,19.1,0.0,0.38,3.46,26.34
2025-02-18,26.4,11.85,18.4,0.07,0.38,7.47,24.66
2025-02-19,24.85,10.82,17.11,0.04,0.38,8.12,26.38
2025-02-20,28.38,10.05,19.12,0.0,0.38,5.73,28.56
2025-02-21,33.92,11.89,23.42,0.0,0.38,3.78,28.07
2025-02-22,39.52,19.18,29.12,0.0,0.38,1.72,23.57
2025-02-23,26.05,15.22,20.65,0.29,0.38,11.4,26.45
2025-02-24,29.98,14.53,21.52,0.06,0.38,9.93,26.05
2025-02-25,34.33,14.02,24.09,0.0,0.38,6.78,27.41
2025-02-26,33.18,17.15,24.76,0.03,0.38,7.01,24.75
2025-02-27,31.38,15.23,22.0,0.07,0.38,11.85,20.66
2025-02-28,30.49,14.42,21.95,0.0,0.38,12.3,25.78
2025-03-01,28.47,12.83,19.53,0.0,0.38,11.78,25.46
2025-03-02,27.55,14.75,20.25,0.02,0.38,9.06,22.82
2025-03-03,29.62,11.67,19.98,0.0,0.38,3.68,26.63
2025-03-04,34.88,12.96,23.36,0.0,0.38,1.72,26.22
2025-03-05,35.0,16.21,24.76,0.01,0.37,5.3,25.81
2025-03-06,30.91,16.08,22.28,0.02,0.37,10.14,24.3
2025-03-07,35.87,16.15,26.2,0.0,0.37,11.46,24.69
2025-03-08,36.93,20.51,28.83,0.0,0.37,8.33,24.41
2025-03-09,36.43,22.99,29.11,0.59,0.38,10.35,13.33
2025-03-10,38.33,22.92,30.44,0.9,0.38,14.14,23.27
2025-03-11,36.83,23.04,28.61,0.56,0.38,15.25,13.71
2025-03-12,34.43,16.98,25.17,0.01,0.38,14.92,22.47
2025-03-13,32.7,14.77,22.74,0.01,0.38,10.2,23.51
2025-03-14,37.03,16.04,26.32,0.0,0.38,5.13,23.47
2025-03-15,40.35,21.04,29.03,0.01,0.38,9.09,18.65
2025-03-16,23.84,11.85,18.49,1.61,0.38,8.16,13.65
2025-03-17,24.26,11.2,17.09,0.02,0.38,4.1,21.91
2025-03-18,26.99,10.32,18.5,0.0,0.38,5.3,22.76
2025-03-19,32.76,14.27,23.03,0.0,0.38,1.42,22.27
2025-03-20,28.48,14.35,21.35,9.59,0.39,11.26,7.85
2025-03-21,24.46,12.38,17.36,0.01,0.4,7.51,20.41
2025-03-22,25.82,10.27,17.64,0.0,0.39,7.49,21.41
2025-03-23,27.15,11.71,19.46,0.0,0.39,10.08,20.09
2025-03-24,27.85,12.2,19.3,0.0,0.39,9.75,22.03
2025-03-25,29.3,11.45,19.65,0.17,0.39,9.46,22.02
2025-03-26,29.66,13.74,20.52,0.01,0.39,9.46,21.09
2025-03-27,30.67,12.47,20.57,0.01,0.38,9.43,21.23
2025-03-28,32.03,14.83,23.17,2.73,0.39,12.72,17.72
2025-03-29,28.38,14.88,21.34,1.1,0.39,11.84,18.77
2025-03-30,27.02,12.62,19.03,0.05,0.39,9.19,18.71
2025-03-31,25.05,11.9,17.77,0.0,0.39,7.13,20.18
2025-04-01,25.45,10.58,17.92,0.0,0.38,6.12,19.56
2025-04-02,25.91,12.09,18.32,0.0,0.38,6.53,18.68
2025-04-03,22.01,10.23,15.78,0.25,0.38,9.19,14.33
2025-04-04,20.15,8.17,14.14,0.52,0.38,6.86,12.25
2025-04-05,21.43,8.67,14.26,0.18,0.38,5.87,19.0
2025-04-06,22.57,10.9,16.0,0.3,0.38,9.65,12.82
2025-04-07,21.03,10.25,15.18,0.09,0.38,8.41,12.17
2025-04-08,22.13,9.47,14.95,0.0,0.38,7.74,12.72
2025-04-09,18.7,10.41,14.91,0.0,0.38,8.98,8.26
2025-04-10,30.49,13.46,20.84,0.0,0.38,8.64,16.69
2025-04-11,26.93,14.39,19.57,0.0,0.38,10.88,17.9
2025-04-12,33.8,13.41,23.24,0.0,0.38,7.68,16.56
2025-04-13,34.01,18.35,24.88,0.0,0.38,6.98,14.95
2025-04-14,31.87,16.79,23.41,0.0,0.38,9.87,15.88
2025-04-15,32.75,17.24,24.62,0.0,0.38,9.44,14.27
2025-04-16,33.69,20.08,25.85,0.0,0.38,7.88,14.5
2025-04-17,32.06,18.51,23.89,0.0,0.38,10.87,12.88
2025-04-18,28.06,15.88,21.16,0.0,0.38,12.93,13.7
2025-04-19,27.95,16.61,22.95,1.11,0.38,10.39,6.87
2025-04-20,19.21,14.06,15.95,5.79,0.38,10.26,10.92
2025-04-21,20.64,12.62,15.76,0.36,0.39,10.25,10.4
2025-04-22,22.21,10.59,15.54,0.03,0.39,9.43,12.65
2025-04-23,25.14,10.89,17.51,0.0,0.39,10.63,15.63
2025-04-24,27.47,14.06,19.66,0.0,0.39,9.22,14.87
2025-04-25,23.66,15.75,18.71,0.35,0.39,10.72,8.36
2025-04-26,22.42,11.56,16.41,0.12,0.39,11.14,11.92
2025-04-27,21.01,8.73,14.62,0.06,0.39,9.83,10.95
2025-04-28,19.87,11.23,14.95,0.01,0.39,10.51,10.08
2025-04-29,20.62,9.67,14.61,0.1,0.39,8.92,11.84
2025-04-30,19.94,7.94,13.2,0.01,0.39,6.44,14.54
2025-05-01,19.93,7.7,12.85,0.0,0.38,6.05,14.1
2025-05-02,21.61,6.4,13.01,0.0,0.38,2.07,14.99
2025-05-03,23.57,8.04,15.51,0.0,0.38,1.67,11.35
2025-05-04,24.35,13.33,18.23,0.0,0.38,6.07,12.14
2025-05-05,27.29,15.47,20.37,0.0,0.38,7.0,13.16
2025-05-06,22.86,13.4,17.43,0.41,0.38,13.74,10.59
2025-05-07,19.11,9.02,14.75,0.8,0.38,8.59,10.42
2025-05-08,19.66,8.64,12.8,0.01,0.38,5.64,10.44
2025-05-09,20.63,6.75,12.72,0.0,0.38,4.79,13.43
2025-05-10,22.79,7.27,14.01,0.0,0.38,3.86,13.33
2025-05-11,24.66,8.49,15.26,0.0,0.38,4.46,12.97
2025-05-12,24.16,10.6,15.5,0.0,0.38,3.82,12.96
2025-05-13,24.69,8.86,15.55,0.04,0.38,5.03,12.87
2025-05-14,21.11,9.71,14.54,0.1,0.38,10.71,8.24
2025-05-15,19.37,8.36,12.81,0.58,0.38,9.65,6.94
2025-05-16,15.74,9.36,12.08,1.68,0.38,10.4,8.4
2025-05-17,14.95,5.71,11.1,2.21,0.39,6.36,8.1
2025-05-18,15.14,3.72,8.38,0.01,0.39,1.74,11.23
2025-05-19,15.97,2.42,8.43,0.0,0.39,1.64,12.56
2025-05-20,18.76,2.55,9.98,0.0,0.39,-0.57,12.36
2025-05-21,18.41,3.56,10.37,0.0,0.39,1.65,11.6
2025-05-22,17.26,3.45,9.47,0.0,0.39,0.83,11.93
2025-05-23,18.48,5.16,10.21,0.0,0.39,4.19,11.57
2025-05-24,21.21,6.11,12.36,1.14,0.38,4.19,9.75
2025-05-25,20.1,7.7,13.49,0.06,0.39,6.02,10.93
2025-05-26,17.38,9.67,12.64,5.68,0.39,5.63,4.87
2025-05-27,17.22,9.32,12.29,0.65,0.4,7.85,9.28
2025-05-28,18.0,8.31,12.75,0.03,0.4,7.46,6.4
2025-05-29,19.86,7.38,12.53,0.0,0.4,7.05,11.14
2025-05-30,18.82,5.84,10.98,0.0,0.39,8.18,10.06
2025-05-31,19.0,6.35,11.18,0.0,0.39,6.7,10.79
2025-06-01,16.89,5.54,10.24,0.0,0.39,3.54,8.26
2025-06-02,18.63,8.09,12.06,0.14,0.39,5.44,9.1
2025-06-03,14.42,4.67,10.23,2.46,0.4,6.04,8.12
2025-06-04,14.4,2.83,7.46,0.01,0.4,3.7,10.71
2025-06-05,14.07,3.76,8.77,0.01,0.4,1.4,6.71
2025-06-06,14.24,7.42,10.36,3.94,0.4,5.27,3.87
2025-06-07,14.05,8.3,10.64,11.86,0.42,7.14,4.94
2025-06-08,10.4,5.81,8.15,0.99,0.42,4.54,9.23
2025-06-09,13.02,6.9,10.1,1.09,0.42,7.21,7.29
2025-06-10,14.87,6.89,10.11,1.18,0.42,7.39,8.99
2025-06-11,14.05,7.53,9.89,0.16,0.42,6.77,7.64
2025-06-12,14.96,6.39,9.88,0.65,0.42,5.23,9.11
2025-06-13,15.37,4.57,8.8,0.02,0.42,3.47,9.8
2025-06-14,13.65,5.46,8.84,2.71,0.42,3.16,3.95
2025-06-15,15.18,7.49,10.29,0.13,0.43,5.9,7.7
2025-06-16,15.05,7.47,9.92,3.17,0.43,5.16,5.78
2025-06-17,12.79,8.54,10.09,0.78,0.43,6.64,8.25
2025-06-18,14.44,7.49,10.04,0.15,0.43,5.63,6.35
2025-06-19,18.2,6.46,11.01,0.0,0.43,3.85,9.03
2025-06-20,17.78,5.34,10.0,0.0,0.43,2.0,10.14
2025-06-21,17.38,4.15,9.05,0.0,0.43,0.01,10.29
2025-06-22,19.5,4.92,11.42,0.16,0.43,3.3,9.9
2025-06-23,18.93,9.05,13.29,0.95,0.43,4.82,9.7
2025-06-24,11.81,8.64,10.08,7.9,0.43,7.28,4.67
2025-06-25,13.77,6.15,10.48,1.69,0.44,5.17,8.63
2025-06-26,12.51,5.55,8.88,0.12,0.44,5.08,6.73
2025-06-27,14.71,4.38,9.51,0.0,0.44,5.57,8.28
2025-06-28,13.98,4.51,8.97,0.25,0.44,6.44,6.93
2025-06-29,14.41,5.95,9.6,1.26,0.44,7.41,7.53
2025-06-30,13.19,3.78,7.51,0.03,0.44,4.69,9.93
2025-07-01,13.96,3.92,7.68,0.05,0.44,6.22,9.95
2025-07-02,13.99,5.65,8.94,0.11,0.44,5.92,9.23
2025-07-03,14.57,4.36,8.51,0.01,0.44,3.09,10.24
2025-07-04,17.07,5.19,10.1,0.0,0.44,2.26,7.74
2025-07-05,16.94,6.56,9.95,0.12,0.44,2.19,5.86
2025-07-06,16.59,3.8,9.55,0.02,0.44,5.68,8.21
2025-07-07,15.4,4.85,9.82,0.0,0.44,7.69,6.55
2025-07-08,13.55,6.59,9.83,2.13,0.44,4.73,7.43
2025-07-09,12.63,5.47,8.28,8.29,0.44,6.14,3.59
2025-07-10,12.86,6.66,9.9,0.93,0.45,6.8,8.38
2025-07-11,16.0,9.02,11.69,1.4,0.45,9.94,7.41
2025-07-12,17.53,8.4,11.92,0.27,0.45,7.89,9.91
2025-07-13,15.85,7.97,10.59,1.2,0.45,4.11,4.61
2025-07-14,12.41,5.99,9.11,3.53,0.45,6.2,7.3
2025-07-15,14.37,6.64,9.66,1.18,0.46,5.95,9.66
2025-07-16,14.38,8.16,10.81,2.94,0.46,8.52,8.29
2025-07-17,13.97,6.39,9.76,6.9,0.48,6.44,9.25
2025-07-18,15.36,5.95,9.25,0.17,0.47,4.36,9.77
2025-07-19,14.17,3.95,7.85,2.17,0.47,3.37,8.44
2025-07-20,14.12,5.57,9.22,0.01,0.47,3.37,9.52
2025-07-21,16.13,6.95,11.01,0.45,0.47,0.67,11.46
2025-07-22,10.73,6.22,8.55,3.75,0.47,5.88,6.72
2025-07-23,13.16,4.51,8.15,0.36,0.48,4.3,10.94
2025-07-24,14.25,3.4,8.27,0.0,0.47,2.24,10.11
2025-07-25,7.78,6.01,6.99,8.24,0.48,3.33,2.06
2025-07-26,12.29,5.89,8.58,7.86,0.5,7.18,7.66
2025-07-27,12.33,9.52,10.7,5.79,0.51,9.15,6.77
2025-07-28,14.1,7.48,10.41,2.76,0.51,8.22,8.93
2025-07-29,13.4,4.42,8.36,0.44,0.51,5.27,10.57
2025-07-30,13.19,3.74,7.73,0.83,0.51,5.47,11.83
2025-07-31,14.72,4.75,8.73,0.01,0.51,4.7,12.83
2025-08-01,13.29,5.93,8.65,0.36,0.5,5.96,11.05
2025-08-02,13.91,3.76,7.69,0.3,0.5,4.56,12.33
2025-08-03,17.35,2.75,9.65,0.0,0.5,2.31,12.88
2025-08-04,16.73,7.32,11.15,2.7,0.5,5.31,6.23
2025-08-05,15.68,8.46,11.11,0.66,0.5,6.79,11.91
2025-08-06,14.58,3.55,9.27,1.7,0.5,5.45,11.43
2025-08-07,13.8,1.62,6.89,0.0,0.5,3.08,10.7
2025-08-08,14.61,2.35,7.88,0.0,0.5,5.2,13.23
2025-08-09,15.96,5.5,10.01,0.02,0.5,7.27,6.71
2025-08-10,18.96,8.47,12.16,0.03,0.5,7.2,12.97
2025-08-11,18.7,7.81,13.17,0.85,0.5,8.2,10.39
2025-08-12,17.45,7.42,12.45,2.09,0.5,9.02,13.2
2025-08-13,16.55,5.86,9.92,0.08,0.5,6.59,14.46
2025-08-14,18.7,4.27,11.17,0.0,0.49,4.29,14.68
2025-08-15,15.55,7.6,11.21,1.57,0.49,5.11,11.67
2025-08-16,12.24,5.78,8.9,1.68,0.49,4.75,11.82
2025-08-17,12.16,5.55,8.7,1.21,0.5,5.27,11.91
2025-08-18,15.06,3.56,8.0,0.04,0.49,4.22,13.64
2025-08-19,15.07,2.02,7.79,0.0,0.49,2.24,16.3
2025-08-20,18.92,3.24,10.44,0.0,0.49,2.68,16.18
2025-08-21,19.63,5.39,12.46,0.0,0.49,5.85,13.83
2025-08-22,19.3,7.18,12.86,0.1,0.49,6.73,11.05
2025-08-23,17.84,6.57,11.33,0.04,0.48,6.94,13.89
2025-08-24,19.08,4.61,11.36,0.0,0.48,4.41,16.61
2025-08-25,18.05,9.64,13.96,0.45,0.48,4.37,6.79
2025-08-26,18.7,10.34,13.54,1.19,0.48,9.21,12.59
2025-08-27,14.26,9.32,11.09,3.94,0.48,6.89,13.16
2025-08-28,14.5,8.73,10.91,1.67,0.48,6.91,14.16
2025-08-29,11.23,6.69,8.76,6.12,0.49,5.98,9.2
2025-08-30,13.28,4.75,9.17,0.17,0.49,4.18,12.22
2025-08-31,13.99,7.73,10.55,0.48,0.49,8.25,12.91
2025-09-01,16.75,6.39,10.53,0.2,0.49,6.88,13.91
2025-09-02,18.24,6.19,12.14,0.08,0.49,6.32,14.95
2025-09-03,16.39,8.15,11.58,0.32,0.48,7.43,14.26
2025-09-04,14.91,3.48,9.81,1.01,0.48,5.16,14.51
2025-09-05,14.48,1.54,8.21,0.0,0.48,0.51,16.63
2025-09-06,21.82,6.25,14.42,0.0,0.48,4.55,9.2
2025-09-07,23.21,10.96,17.13,0.17,0.48,8.77,15.39
2025-09-08,18.68,7.37,12.7,0.09,0.47,8.93,15.38
2025-09-09,18.22,6.07,11.46,5.27,0.47,7.83,14.87
2025-09-10,14.34,4.52,9.22,1.92,0.48,6.26,12.85
2025-09-11,15.83,5.82,9.78,0.25,0.48,6.64,16.11
2025-09-12,17.82,6.39,11.05,0.18,0.48,7.84,15.61
2025-09-13,18.71,6.38,11.91,0.01,0.48,7.07,19.21
2025-09-14,23.31,7.96,14.97,0.0,0.47,3.85,20.53
2025-09-15,27.7,10.04,16.63,0.63,0.47,5.06,15.82
2025-09-16,16.4,9.25,12.79,2.93,0.47,7.74,15.36
2025-09-17,16.69,6.72,11.03,0.16,0.47,3.76,17.2
2025-09-18,23.17,5.13,14.18,0.04,0.46,3.28,20.59
2025-09-19,18.34,7.83,13.17,2.88,0.46,7.17,19.2
2025-09-20,15.04,7.11,11.32,0.29,0.46,5.94,14.94
2025-09-21,15.77,8.92,12.39,0.87,0.46,8.77,15.87
2025-09-22,17.81,7.07,11.66,0.01,0.46,4.64,18.59
2025-09-23,16.53,8.6,12.4,0.06,0.46,8.22,11.67
2025-09-24,19.34,12.24,14.21,0.05,0.46,8.95,13.3
2025-09-25,18.03,11.33,13.78,0.04,0.46,8.3,13.87
2025-09-26,22.09,7.68,14.02,0.0,0.46,7.05,15.74
2025-09-27,17.4,6.72,11.86,0.93,0.45,6.97,15.86
2025-09-28,19.57,6.8,12.53,0.13,0.45,5.82,18.04
2025-09-29,22.81,8.33,15.33,7.01,0.45,7.32,10.55
2025-09-30,16.98,10.13,13.09,3.91,0.47,8.94,17.82
2025-10-01,16.23,9.68,12.16,3.18,0.47,7.9,16.09
2025-10-02,16.45,9.04,12.39,0.52,0.47,5.44,18.71
2025-10-03,19.83,10.06,14.04,0.14,0.47,9.0,13.32
2025-10-04,28.43,6.79,17.85,0.0,0.46,6.55,24.11
2025-10-05,28.65,11.65,19.05,2.02,0.46,6.87,8.66
2025-10-06,17.99,6.93,12.13,0.01,0.46,4.28,14.65
2025-10-07,18.11,7.01,12.08,0.03,0.46,5.44,13.79
2025-10-08,20.13,7.65,13.45,0.69,0.45,8.72,19.99
2025-10-09,19.08,10.62,14.52,0.29,0.45,7.16,22.55
2025-10-10,19.73,11.76,15.27,1.53,0.45,9.11,17.1
2025-10-11,19.05,9.66,14.17,1.25,0.45,8.96,18.57
2025-10-12,18.24,7.61,13.02,4.25,0.45,8.09,22.09
2025-10-13,19.64,6.75,11.91,0.31,0.45,5.47,20.84
2025-10-14,21.41,7.39,14.26,0.06,0.45,7.05,25.4
2025-10-15,27.31,6.52,17.14,0.0,0.45,5.45,26.97
2025-10-16,31.93,10.98,19.62,0.07,0.44,7.13,14.49
2025-10-17,22.19,9.66,15.01,0.04,0.44,7.31,26.61
2025-10-18,26.2,8.68,17.64,0.11,0.44,7.16,25.36
2025-10-19,29.87,14.17,21.35,0.23,0.43,7.02,10.5
2025-10-20,20.17,11.09,14.79,0.71,0.43,7.94,11.53
2025-10-21,23.19,10.68,17.19,4.55,0.43,10.09,9.45
2025-10-22,17.29,9.85,14.68,1.03,0.44,9.18,17.64
2025-10-23,21.66,9.32,13.98,0.04,0.44,7.01,22.29
2025-10-24,22.86,8.14,14.89,0.07,0.43,7.2,24.15
2025-10-25,18.94,10.31,14.66,4.72,0.44,10.63,9.16
2025-10-26,21.14,11.78,16.76,4.16,0.45,12.21,21.1
2025-10-27,19.62,6.78,13.17,1.36,0.45,4.11,26.61
2025-10-28,21.82,3.91,12.73,2.71,0.45,3.79,30.0
2025-10-29,24.84,6.1,16.27,0.1,0.44,5.07,23.9
2025-10-30,26.42,10.11,18.51,0.04,0.44,6.64,20.3
2025-10-31,25.76,12.24,18.04,1.26,0.44,11.03,20.44
2025-11-01,28.55,9.23,19.34,0.0,0.44,7.73,29.09
2025-11-02,30.06,11.83,19.26,3.78,0.43,9.1,9.59
2025-11-03,15.92,7.67,11.5,0.86,0.44,5.9,21.41
2025-11-04,13.92,6.94,11.46,1.39,0.44,6.31,12.79
2025-11-05,20.68,8.77,14.59,0.12,0.44,7.38,18.05
2025-11-06,22.02,7.02,15.22,0.42,0.43,7.93,13.75
2025-11-07,26.85,9.36,17.61,0.98,0.43,8.21,20.11
2025-11-08,18.37,7.8,12.54,0.04,0.43,3.97,22.83
2025-11-09,18.37,7.32,12.82,0.09,0.43,7.26,22.34
2025-11-10,18.94,9.61,13.79,1.25,0.43,7.03,16.19
2025-11-11,17.7,6.2,11.66,0.4,0.43,2.43,29.36
2025-11-12,22.92,4.9,13.86,0.0,0.43,2.84,31.26
2025-11-13,24.89,8.09,16.22,0.0,0.42,3.79,20.9
2025-11-14,26.22,9.8,17.26,0.61,0.42,8.34,24.11
2025-11-15,23.96,12.59,17.52,0.07,0.42,9.01,26.56
2025-11-16,18.43,11.5,13.98,2.5,0.42,8.73,15.9
2025-11-17,18.98,10.81,14.46,0.26,0.42,9.24,17.16
2025-11-18,19.8,12.12,15.47,0.15,0.42,11.56,17.52
2025-11-19,20.97,10.69,15.06,0.05,0.42,7.8,20.54
2025-11-20,21.31,8.42,14.49,0.01,0.42,2.5,26.04
2025-11-21,24.21,5.44,15.21,0.0,0.42,1.06,31.44
2025-11-22,22.13,11.1,16.52,0.42,0.41,7.54,11.72
2025-11-23,29.19,11.93,21.05,0.02,0.41,11.99,23.05
2025-11-24,37.06,14.81,23.84,0.52,0.41,12.49,29.39
2025-11-25,24.7,13.89,18.28,1.23,0.41,10.82,26.42
2025-11-26,21.66,12.58,16.19,0.53,0.41,8.16,28.22
2025-11-27,21.2,10.75,15.11,0.15,0.41,7.13,22.71
2025-11-28,25.46,8.42,15.09,7.96,0.41,8.64,11.07
2025-11-29,20.77,10.4,14.92,0.67,0.42,8.61,22.69
2025-11-30,19.11,10.74,14.45,1.18,0.42,7.46,24.12
2025-12-01,18.56,10.71,13.66,1.43,0.42,5.43,26.39
2025-12-02,22.76,10.51,15.24,0.3,0.42,7.62,26.03
2025-12-03,33.63,9.8,22.1,0.0,0.42,5.13,32.27
2025-12-04,34.83,14.26,23.88,0.0,0.41,4.02,24.87
2025-12-05,32.02,12.28,20.59,0.0,0.41,6.58,31.27
2025-12-06,21.43,9.77,15.37,1.22,0.41,7.6,17.94
2025-12-07,23.03,7.33,14.99,0.0,0.41,2.57,30.93
2025-12-08,28.21,10.46,19.29,0.0,0.41,6.41,31.68
2025-12-09,28.02,12.26,19.68,0.0,0.4,5.83,32.36
2025-12-10,28.78,12.12,18.91,0.04,0.4,7.31,15.85
2025-12-11,32.14,12.24,22.07,0.0,0.4,5.9,33.12
2025-12-12,37.18,14.21,26.37,0.0,0.4,6.74,28.49
2025-12-13,32.39,12.53,22.17,0.0,0.39,7.69,33.02
2025-12-14,22.45,11.71,16.64,0.0,0.39,6.41,28.95
2025-12-15,24.07,10.65,16.86,0.0,0.39,3.52,32.19
2025-12-16,30.34,8.77,20.26,0.0,0.39,5.12,34.2
2025-12-17,37.81,14.84,26.7,0.0,0.39,5.03,34.09
2025-12-18,41.22,20.02,31.21,0.0,0.39,1.93,34.06
2025-12-19,34.46,15.06,24.8,0.8,0.39,8.78,17.83
2025-12-20,29.01,13.06,20.29,2.41,0.39,7.62,33.4
2025-12-21,23.2,10.55,17.37,14.68,0.41,9.48,17.56
2025-12-22,23.62,10.54,16.39,0.2,0.41,8.39,21.0
2025-12-23,23.01,11.26,16.79,0.06,0.41,7.37,30.68
2025-12-24,23.53,11.28,16.76,0.0,0.41,7.41,22.93
2025-12-25,23.6,9.68,15.94,0.0,0.4,4.12,33.53
2025-12-26,26.58,8.09,16.94,0.0,0.4,4.98,33.95
2025-12-27,30.5,9.04,20.17,0.0,0.4,5.68,34.36
2025-12-28,35.63,13.45,25.67,0.0,0.4,4.52,34.38
2025-12-29,40.18,17.88,29.27,0.0,0.39,3.0,33.36
2025-12-30,24.83,11.7,19.39,0.0,0.39,9.18,14.75
2025-12-31,26.49,10.33,17.66,0.0,0.39,2.52,34.31
2026-01-01,29.72,9.09,19.45,0.0,0.39,6.1,33.94
2026-01-02,33.09,12.53,22.97,0.0,0.39,6.3,33.86
2026-01-03,31.83,15.66,22.42,0.0,0.39,9.54,28.97
2026-01-04,30.56,12.42,21.13,0.0,0.38,7.21,31.37
2026-01-05,32.97,11.63,22.63,0.0,0.38,6.18,33.56
2026-01-06,38.67,16.54,27.85,0.0,0.38,6.73,33.07
2026-01-07,44.32,22.52,32.48,0.0,0.38,5.16,31.61
2026-01-08,40.7,20.81,30.79,0.0,0.38,8.28,25.22
2026-01-09,34.38,16.72,25.14,0.37,0.38,10.73,20.02
2026-01-10,24.27,13.09,18.16,0.0,0.38,7.41,22.48
2026-01-11,27.5,12.91,19.37,0.0,0.38,4.94,31.54
2026-01-12,29.65,11.33,20.47,0.0,0.38,5.82,32.64
2026-01-13,31.68,12.67,21.82,0.01,0.38,9.04,32.47
2026-01-14,33.66,14.13,23.55,0.0,0.38,7.82,31.53
2026-01-15,27.48,14.47,20.71,0.44,0.38,12.11,23.53
2026-01-16,29.48,14.71,21.95,0.13,0.38,11.12,27.7
2026-01-17,33.3,14.61,25.15,0.0,0.38,9.51,30.0
2026-01-18,36.1,22.61,29.11,0.0,0.38,8.44,28.35
2026-01-19,35.8,20.24,27.78,0.22,0.38,11.02,24.99
2026-01-20,35.63,19.07,26.71,0.01,0.38,11.58,27.32
2026-01-21,28.24,12.61,19.77,0.0,0.38,9.51,28.29
2026-01-22,28.17,10.83,19.37,0.0,0.38,2.93,32.88
2026-01-23,33.83,12.45,23.76,0.0,0.38,0.44,33.07
2026-01-24,42.17,20.38,29.89,0.0,0.38,2.76,28.58
2026-01-25,37.71,18.26,27.12,0.0,0.38,5.89,30.4
2026-01-26,43.09,17.03,30.42,0.0,0.38,3.52,31.48
2026-01-27,46.81,22.39,33.3,0.0,0.38,5.93,30.28
2026-01-28,33.96,19.86,26.0,0.0,0.38,10.59,27.74
2026-01-29,35.6,19.29,26.66,0.0,0.37,6.64,20.01
2026-01-30,40.81,20.32,29.16,0.0,0.37,11.1,19.74
2026-01-31,34.88,14.23,25.19,0.0,0.37,11.69,20.73
2026-02-01,24.17,12.48,17.98,0.0,0.37,5.92,26.63
2026-02-02,28.71,9.96,19.4,0.0,0.37,-1.03,31.21
2026-02-03,34.34,12.59,23.19,0.0,0.37,-2.42,31.93
2026-02-04,33.33,16.6,24.4,0.0,0.37,1.05,26.09
2026-02-05,31.51,14.32,21.88,0.01,0.37,8.3,29.24
2026-02-06,32.87,12.39,22.33,1.06,0.38,5.26,30.82
2026-02-07,36.86,14.67,25.88,0.05,0.38,6.82,26.47
2026-02-08,32.6,16.39,23.42,37.47,0.44,12.93,28.24
2026-02-09,29.43,14.76,21.0,0.47,0.44,9.93,29.84
2026-02-10,33.67,12.42,23.1,0.1,0.43,11.43,29.41
2026-02-11,27.81,12.54,21.68,1.11,0.43,12.11,10.73
2026-02-12,23.53,10.85,16.45,0.0,0.42,4.8,27.02
2026-02-13,27.72,9.34,18.35,0.0,0.42,6.31,29.38
2026-02-14,32.09,11.91,21.62,0.0,0.42,9.34,28.77
2026-02-15,35.27,14.67,25.59,0.0,0.41,10.95,28.31
2026-02-16,37.19,23.1,29.72,0.0,0.41,12.54,21.98
2026-02-17,31.04,13.34,21.64,2.82,0.41,11.9,10.24
2026-02-18,24.06,12.58,17.78,0.07,0.41,9.87,25.92
2026-02-19,30.38,12.49,21.19,0.01,0.41,12.51,27.54
2026-02-20,35.26,15.59,24.45,0.0,0.41,9.55,28.51
2026-02-21,35.78,14.5,25.54,1.72,0.4,11.43,25.63
2026-02-22,28.15,13.34,21.67,2.19,0.41,13.75,7.8
2026-02-23,27.36,10.94,19.09,0.0,0.41,7.24,28.14
2026-02-24,25.6,15.97,20.16,15.21,0.42,11.48,13.84
2026-02-25,27.87,13.96,19.72,8.72,0.44,10.17,27.21
2026-02-26,30.31,11.55,21.37,11.38,0.46,12.51,22.65
2026-02-27,33.66,19.33,25.89,3.48,0.46,16.54,19.73
2026-02-28,29.3,20.59,24.17,8.26,0.46,18.37,4.94
2026-03-01,29.0,21.44,24.4,50.16,0.49,21.48,6.62
2026-03-02,25.35,13.22,19.88,11.64,0.58,16.01,10.93
2026-03-03,24.89,12.15,17.19,1.83,0.56,10.5,26.33
2026-03-04,25.51,10.13,17.29,0.0,0.55,11.13,26.13
2026-03-05,25.62,11.41,17.64,0.0,0.54,12.96,25.89
2026-03-06,26.16,12.5,18.32,0.0,0.53,13.2,23.79
2026-03-07,24.84,11.22,17.32,0.0,0.53,11.49,21.88
2026-03-08,24.7,10.73,16.79,0.0,0.52,8.46,25.63
2026-03-09,26.2,9.93,17.61,0.0,0.52,11.36,23.86
2026-03-10,30.26,11.73,21.15,0.0,0.51,12.56,24.23
2026-03-11,22.5,12.94,17.57,0.75,0.51,10.8,17.54
2026-03-12,20.73,9.94,15.09,0.17,0.51,7.3,16.16
2026-03-13,22.96,8.57,15.36,0.0,0.5,7.25,22.33
2026-03-14,25.35,10.71,17.98,0.0,0.5,7.93,23.8
2026-03-15,30.46,11.99,21.04,0.0,0.49,10.05,15.63
2026-03-16,19.73,15.41,17.15,5.58,0.5,13.94,7.49
2026-03-17,24.63,14.17,18.98,6.69,0.51,14.16,18.37
2026-03-18,24.71,14.69,19.13,20.17,0.53,15.16,15.24
2026-03-19,26.32,13.39,18.88,0.47,0.54,13.27,20.76
2026-03-20,26.72,12.02,18.7,0.0,0.53,12.88,20.09
2026-03-21,26.26,11.57,18.27,0.0,0.52,12.5,22.22
2026-03-22,27.05,12.62,18.66,0.0,0.52,11.89,20.64
2026-03-23,30.63,14.29,22.84,0.02,0.51,13.0,20.06
2026-03-24,28.96,18.55,22.52,0.5,0.51,15.07,11.74
2026-03-25,27.01,13.76,19.88,1.8,0.51,15.47,14.46
2026-03-26,17.78,9.6,13.33,1.82,0.51,7.5,15.86
2026-03-27,19.13,8.4,13.1,0.04,0.51,5.67,18.11
2026-03-28,22.0,10.16,15.5,0.13,0.5,11.31,11.88
2026-03-29,24.4,9.77,17.3,0.02,0.5,11.07,20.25
2026-03-30,26.08,12.34,19.65,0.0,0.5,11.37,15.55
2026-03-31,28.8,14.25,20.81,0.0,0.49,8.55,19.83
2026-04-01,23.43,13.13,17.6,0.39,0.49,11.41,16.9
2026-04-02,22.88,11.54,16.08,0.24,0.49,10.27,17.9
2026-04-03,19.71,11.03,14.82,0.01,0.49,8.58,17.29
2026-04-04,22.06,8.14,14.66,0.0,0.48,5.07,19.77
2026-04-05,24.18,10.42,16.77,5.52,0.48,9.62,12.11
2026-04-06,26.91,14.03,19.51,1.02,0.49,14.82,16.23
2026-04-07,18.84,9.13,14.55,0.03,0.49,9.41,13.81
2026-04-08,20.06,7.17,13.92,2.55,0.49,8.9,7.4
2026-04-09,22.04,13.78,18.24,2.77,0.49,14.32,11.9
2026-04-10,17.83,9.32,14.29,1.79,0.49,7.6,12.58
2026-04-11,16.02,8.17,12.38,0.51,0.49,6.22,13.0
2026-04-12,14.73,10.66,12.6,0.63,0.49,8.9,11.55
2026-04-13,19.24,10.53,14.16,0.19,0.49,11.27,9.66
2026-04-14,20.32,9.91,13.99,0.39,0.49,11.58,11.81
2026-04-15,22.37,9.39,15.16,0.09,0.49,11.04,15.63
2026-04-16,23.4,11.32,15.89,0.02,0.48,11.57,13.02
2026-04-17,18.9,6.66,13.36,0.01,0.48,6.63,15.03
2026-04-18,18.96,4.61,11.21,0.0,0.48,3.2,17.72
2026-04-19,24.19,8.87,14.92,0.0,0.48,7.69,11.05
2026-04-20,22.55,11.82,15.9,0.0,0.48,11.54,9.68
2026-04-21,28.01,11.24,18.85,0.0,0.47,10.29,15.89
2026-04-22,28.03,14.39,19.73,0.0,0.47,9.12,13.67
2026-04-23,26.33,11.94,18.01,0.0,0.47,7.71,15.52
2026-04-24,25.52,10.76,17.06,0.0,0.46,5.78,12.28
2026-04-25,27.32,11.36,17.99,0.0,0.46,6.66,14.16
2026-04-26,23.08,11.17,16.41,0.03,0.46,11.16,11.81
2026-04-27,21.95,8.74,14.4,0.01,0.46,9.12,15.0
2026-04-28,24.28,10.63,16.35,0.0,0.46,9.2,11.8
2026-04-29,26.75,11.56,18.16,0.0,0.46,9.77,12.64
2026-04-30,26.95,15.25,19.4,0.0,0.45,6.07,10.27
2026-05-01,27.27,14.36,20.25,0.06,0.45,9.26,11.96
2026-05-02,25.13,13.06,19.04,8.69,0.46,11.59,5.36
2026-05-03,18.26,10.49,14.0,0.57,0.47,9.46,10.46
2026-05-04,18.32,11.37,14.26,1.72,0.47,10.77,10.22
2026-05-05,18.02,11.0,13.76,0.15,0.46,10.33,8.32
2026-05-06,17.98,8.45,12.8,1.22,0.46,9.01,9.41
2026-05-07,16.07,5.53,11.02,0.0,0.46,4.52,10.04
2026-05-08,15.91,10.72,13.45,0.31,0.46,10.51,8.67
2026-05-09,17.24,9.8,13.21,0.22,0.46,10.72,10.98
2026-05-10,19.62,7.83,12.7,0.01,0.46,9.64,8.91
2026-05-11,21.57,7.53,13.43,0.01,0.46,8.93,12.82
2026-05-12,24.15,9.01,15.69,0.0,0.46,9.26,11.82
2026-05-13,19.83,13.35,15.81,0.0,0.46,10.08,7.3
2026-05-14,22.22,12.21,16.08,0.0,0.46,9.68,10.0
2026-05-15,20.97,12.48,16.03,0.01,0.46,10.19,6.81
2026-05-16,17.35,13.64,14.91,6.78,0.46,12.45,4.52
2026-05-17,21.13,9.96,14.53,0.62,0.47,10.63,9.15
2026-05-18,20.6,7.67,12.98,0.05,0.47,9.9,11.38
2026-05-19,17.56,10.37,13.56,0.83,0.47,9.68,9.84
2026-05-20,18.05,9.54,13.3,0.2,0.46,9.62,9.55
2026-05-21,18.13,7.84,12.2,0.0,0.46,7.94,10.77
2026-05-22,17.08,5.88,11.3,0.0,0.46,7.09,8.8
2026-05-23,19.38,8.44,13.42,0.0,0.46,7.36,4.27
2026-05-24,19.76,10.01,13.45,1.93,0.46,9.75,8.16
2026-05-25,16.88,10.56,13.09,1.05,0.46,11.05,7.31
2026-05-26,17.88,10.51,13.57,1.76,0.47,11.54,9.04
2026-05-27,19.44,11.18,14.44,0.11,0.47,11.44,4.51
2026-05-28,18.07,9.13,12.69,0.01,0.46,9.29,6.2
2026-05-29,16.98,7.18,11.71,0.22,0.46,9.9,5.9
2026-05-30,15.6,9.98,12.36,1.64,0.46,9.34,8.54
2026-05-31,15.37,7.87,11.03,0.21,0.47,6.46,8.06
2026-06-01,17.26,8.32,12.28,6.98,0.47,8.96,2.19
2026-06-02,16.54,11.07,13.33,5.74,0.49,10.91,8.16
2026-06-03,14.18,9.62,11.35,0.94,0.48,6.97,8.38
2026-06-04,14.44,8.77,10.9,1.05,0.48,6.64,8.38
2026-06-05,15.51,6.74,10.99,0.48,0.48,7.64,8.68
2026-06-06,17.16,8.9,12.27,1.79,0.48,10.98,8.13
2026-06-07,17.7,7.27,11.56,0.24,0.48,8.26,8.44
2026-06-08,16.95,7.8,11.35,0.0,0.48,6.27,7.23
2026-06-09,18.27,6.11,12.12,0.05,0.48,7.21,8.69
2026-06-10,17.73,9.69,12.99,0.77,0.48,7.8,8.76
2026-06-11,18.28,5.53,11.87,0.02,0.48,7.86,9.59
2026-06-12,21.5,10.22,15.74,0.0,0.48,7.74,4.51
2026-06-13,16.29,6.28,12.64,4.65,0.48,9.13,3.07
2026-06-14,14.51,4.98,8.32,0.0,0.48,3.48,9.55
2026-06-15,18.75,5.15,12.12,5.63,0.48,8.75,5.25
2026-06-16,15.32,13.72,14.29,8.0,0.5,13.18,1.93
2026-06-17,18.56,12.69,15.29,1.34,0.51,11.52,2.04
2026-06-18,14.59,8.53,12.09,2.0,0.51,8.21,9.13
2026-06-19,14.91,9.62,11.78,6.14,0.51,9.55,6.53
2026-06-20,13.97,5.76,9.53,1.0,0.52,7.11,7.87
2026-06-21,14.7,4.91,8.93,0.12,0.51,6.12,8.63
2026-06-22,14.29,4.75,8.45,0.22,0.51,6.12,8.56
2026-06-23,15.6,5.27,9.11,0.62,0.51,6.8,7.23
2026-06-24,16.32,3.63,9.26,0.56,0.51,7.39,7.05
2026-06-25,16.28,5.82,9.98,0.04,0.51,8.28,8.01
2026-06-26,14.75,4.52,8.28,0.0,0.51,6.55,6.22
2026-06-27,15.46,4.14,8.33,0.0,0.51,6.55,9.13
2026-06-28,16.07,5.84,10.33,0.0,0.51,6.93,8.72
2026-06-29,14.7,8.82,12.01,4.34,0.51,10.78,5.31
2026-06-30,16.51,8.78,12.39,2.68,0.52,10.08,7.94
2026-07-01,15.83,10.65,12.12,13.53,0.38,9.14,2.31
2026-07-02,13.78,9.09,11.02,9.5,0.41,7.17,7.61
2026-07-03,13.78,9.27,10.88,1.05,0.4,6.79,7.69
2026-07-04,14.17,5.69,10.11,0.43,0.4,7.07,7.65
2026-07-05,13.4,4.56,8.06,0.01,0.4,4.31,6.52
2026-07-06,15.81,3.38,8.51,0.0,0.39,4.27,10.13
2026-07-07,15.49,3.7,8.55,0.0,0.39,3.14,10.06
2026-07-08,16.48,3.69,9.13,0.0,0.39,4.11,9.97
2026-07-09,16.43,5.62,10.04,0.0,0.39,4.7,9.08
2026-07-10,17.18,7.26,11.45,0.0,0.39,5.61,8.14
2026-07-11,14.14,8.18,10.44,7.35,0.4,5.76,3.33
2026-07-12,15.02,8.43,11.64,0.91,0.4,7.91,8.23
2026-07-13,15.5,10.83,12.39,2.11,0.4,10.09,6.59
2026-07-14,16.45,6.9,11.54,0.4,0.4,8.54,9.41
2026-07-15,15.1,7.2,11.2,0.14,0.4,7.71,6.81
2026-07-16,16.06,6.88,11.36,0.0,0.4,6.9,7.08
2026-07-17,16.63,3.94,10.2,0.0,0.4,5.29,10.9
2026-07-18,17.19,4.33,9.75,0.0,0.39,4.19,7.99
2026-07-19,16.39,4.6,9.96,0.0,0.39,2.44,8.94
2026-07-20,16.67,7.55,11.29,0.0,0.39,4.4,7.3
2026-07-21,15.58,7.52,11.39,0.0,0.39,3.85,7.49
2026-07-22,15.28,8.06,10.45,1.6,0.39,6.62,8.82
2026-07-23,13.1,4.36,8.1,0.01,0.39,3.11,10.13
2026-07-24,13.8,3.13,8.79,0.09,0.39,5.01,8.53
2026-07-25,15.06,7.83,11.77,1.46,0.39,9.85,8.75
2026-07-26,15.12,7.31,10.9,0.65,0.39,8.97,9.11
2026-07-27,16.22,8.35,12.17,0.02,0.39,6.51,7.65
2026-07-28,14.67,7.56,10.38,1.58,0.39,5.82,9.75
