harvest_year,source_year,month,stage,point,eta_daily,eta_daily_p75,eta_daily_p90,eta_month_mm,landsat_fraction,blended_fraction,interpolated_fraction,active2_fraction,active3_fraction,active4_fraction,n_pixels
2001,2000,9,pre,Hillston,1.759767730890004,2.671671616752067,3.297563238269955,52.79303192670012,0.9184777467173512,0.081522253282649,0.0,0.4076045194607777,0.1714698367956199,0.0021908528045248,26798
2001,2000,10,pre,Hillston,1.6644163530908775,2.452993884525716,3.766024745812937,51.59690694581721,1.0,0.0,0.0,0.3211867654713854,0.1885224658116517,0.05805605925467,26798
2001,2000,11,establish,Hillston,1.2504111061774783,1.4841863054282216,2.5472794423891805,37.512333185324366,1.0,0.0,0.0,0.1813705495231444,0.0633494834841203,0.0211138543828716,26798
2001,2000,12,flower,Hillston,2.1177652264967617,3.0328441901945733,3.9065833933213177,65.65072202139962,1.0,0.0,0.0,0.4206079502861075,0.2528461505629379,0.0930551418158073,26798
2001,2001,1,flower,Hillston,2.6410554977790417,4.734320579528808,5.608458884060383,81.87272043115026,0.999998973289842,1.026710158108964e-06,0.0,0.4355442363205171,0.3812123481550677,0.3262678073709869,26798
2001,2001,2,flower,Hillston,2.5032389655275527,4.343602717156504,5.09240743449788,70.09069103477148,0.332139562765212,0.6678604372347879,0.0,0.4742551694489778,0.3954080828197215,0.2949638546688838,26798
2001,2001,3,boll,Hillston,1.7009976674507647,3.0471509524754117,3.9220005414617343,52.7309276909737,1.0,0.0,0.0,0.351734179459842,0.2552281181297507,0.0855869987986024,26798
2001,2001,4,boll,Hillston,1.4821418006535594,2.5169748535027376,3.3899172237238933,44.46425401960675,0.058778716533099,0.941221283466901,0.0,0.3192366028624973,0.1640056539461678,0.0350461645555305,26798
2001,2000,9,pre,Moree,1.815958053459909,2.4214356876886547,3.0781056608294466,54.478741603797296,1.0,0.0,0.0,0.388660729820136,0.1139736206499758,0.0117160859490358,42084
2001,2000,10,pre,Moree,1.5716706046902489,2.14089251345378,2.672346086923495,48.72178874539772,1.0,0.0,0.0,0.293510770490071,0.0542014976980844,0.0065143961087889,42084
2001,2000,11,establish,Moree,1.6165900125456196,2.0782156541559296,2.7973816898950923,48.49770037636857,0.8606776525562441,0.1393223474437558,0.0,0.2720369886297325,0.070260108825652,0.0227265899389571,42084
2001,2000,12,flower,Moree,2.484650380696644,3.4226502137478296,4.17015550364727,77.02416180159598,1.0,0.0,0.0,0.5938827850449567,0.3482496672608755,0.1259367866324461,42084
2001,2001,1,flower,Moree,3.921440726507651,6.0300515387124465,7.468797924567242,121.5646625217372,0.7292847959582199,0.27071520404178,0.0,0.6698015881817875,0.56271766323684,0.4606577925626478,42084
2001,2001,2,flower,Moree,3.750868330397335,5.844329487852246,6.844185475533062,105.02431325112538,0.7561380904101409,0.2438619095898593,0.0,0.670262617062355,0.5786015401134902,0.4635487225447523,42084
2001,2001,3,boll,Moree,2.2523161158318157,3.2973374249395344,4.140342802896987,69.82179959078628,0.9999761343149524,2.3865685047642923e-05,0.0,0.5091981625855877,0.3152797381176264,0.114474519263211,42084
2001,2001,4,boll,Moree,1.3323138624175148,1.7347446175335306,2.42171932355454,39.96941587252545,0.9999045372598094,9.54627401905717e-05,0.0,0.1842643337070418,0.0238410706352212,0.0042441611197667,42084
2001,2000,9,pre,Narrabri,2.2968194377595843,3.234363607540252,3.765123449175784,68.90458313278751,0.999613921576982,0.0003860784230178,0.0,0.5593015376303178,0.3210297241453446,0.0391615458104218,18264
2001,2000,10,pre,Narrabri,1.837663190572525,2.452422016956767,3.296373564397449,56.96755890774827,1.0,0.0,0.0,0.3723154301811238,0.1471309182199384,0.0188278659077179,18264
2001,2000,11,establish,Narrabri,1.9347979198149032,2.454022169899206,3.3592657180235106,58.04393759444711,0.9998896918791378,0.0001103081208622,0.0,0.3873644859327946,0.1484706211623318,0.0504659652944696,18264
2001,2000,12,flower,Narrabri,2.172725372903924,2.9063753175545126,3.593963944373463,67.35448656002164,0.9998896918791378,0.0001103081208622,0.0,0.5119918986255392,0.2229582345336659,0.0578434156758221,18264
2001,2001,1,flower,Narrabri,3.035511827133604,4.028934108101456,6.034472401669495,94.10086664114174,0.8359370015181427,0.1640629984818574,0.0,0.6323804514111112,0.4195926256209428,0.2550131255849304,18264
2001,2001,2,flower,Narrabri,2.919028248120798,4.094031338457629,5.592688859267779,81.73279094738236,0.3822187202397882,0.6177812797602118,0.0,0.6352620888508123,0.4125439366978464,0.264776692023836,18264
2001,2001,3,boll,Narrabri,2.30091012566357,3.203980846192436,3.9536588847256984,71.32821389557068,1.0,0.0,0.0,0.5598031151445912,0.3049024605848536,0.0938177056646248,18264
2001,2001,4,boll,Narrabri,1.544555095850095,2.110497048621366,2.7038674123148843,46.33665287550286,1.0,0.0,0.0,0.2731352358095632,0.0477954273174384,0.0023729223411362,18264
2001,2000,9,pre,Warren,1.6150765933615383,2.5155939800742124,3.1411377347257763,48.45229780084617,1.0,0.0,0.0,0.3804826531743628,0.1322518844515843,0.0049633363073959,22634
2001,2000,10,pre,Warren,2.4769182038091557,3.045607193257094,3.548561207831852,76.78446431808386,0.9897188033632512,0.0102811966367487,0.0,0.7155141102298602,0.2726675534401516,0.0320453220729089,22634
2001,2000,11,establish,Warren,2.04641527064722,2.5784543796821877,3.798426595356751,61.3924581194166,0.915495376068308,0.0845046239316922,0.0,0.3835930801081785,0.1777816319713933,0.085526313502812,22634
2001,2000,12,flower,Warren,2.362716622156801,2.9673333379071765,3.905937837342084,73.24421528686084,0.9999556844972554,4.43155027446068e-05,0.0,0.5169193113753204,0.2379181167683953,0.0915704267183206,22634
2001,2001,1,flower,Warren,2.688051317808929,3.8287053061003737,4.860929101308187,83.32959085207678,1.0,0.0,0.0,0.5845854345543442,0.3857864368146086,0.2202131175973559,22634
2001,2001,2,flower,Warren,2.9784312810462543,5.484977959901211,5.891621405051415,83.3960758692951,1.0,0.0,0.0,0.497654580293956,0.4456912644933417,0.403480661235961,22634
2001,2001,3,boll,Warren,2.3193409555300115,4.266151565745909,4.64015456854579,71.89956962143039,1.0,0.0,0.0,0.4603235483544697,0.40272555982645,0.309360094567545,22634
2001,2001,4,boll,Warren,1.2418641748632104,1.9854483384402988,2.328191523041044,37.255925245896314,0.0,1.0,0.0,0.2479450640697897,0.0021271441317411,0.000221577513723,22634
2002,2001,9,pre,Hillston,1.848319767168462,2.711883309455364,3.367247565582522,55.44959301505388,1.0,0.0,0.0,0.4152172819373962,0.1879516149637431,0.0006358269336289,26798
2002,2001,10,pre,Hillston,2.208236209149998,3.4217793242684724,4.078023946547178,68.45532248364998,0.9995137794036956,0.0004862205963044,0.0,0.4890814508235902,0.3278171129995734,0.1195782920031159,26798
2002,2001,11,establish,Hillston,1.574621345854776,2.4833685584843344,3.17003146392196,47.238640375643286,1.0,0.0,0.0,0.3147459193038084,0.1304941277312507,0.0264429201220963,26798
2002,2001,12,flower,Hillston,1.6548528584775273,2.109650660943533,3.171364095475939,51.30043861280336,0.9531267211145732,0.0468732788854269,0.0,0.2775853185140923,0.1161125585279792,0.0477050607863749,26798
2002,2002,1,flower,Hillston,2.889629126725432,4.02900868924098,5.156741957331812,89.57850292848838,0.9997304937164874,0.0002695062835125,0.0,0.649942410206319,0.4370316007214736,0.2587488609396194,18600
2002,2002,2,flower,Hillston,2.7800251655817547,4.734699028509635,5.265823428038804,77.84070463628913,1.0,0.0,0.0,0.5447753511878253,0.463426940439957,0.3756731579985343,18600
2002,2002,3,boll,Hillston,2.6105356624050375,4.422300249685745,4.890314726250348,80.92660553455616,1.0,0.0,0.0,0.5245625913018592,0.4549223790196863,0.3448412164097409,18600
2002,2002,4,boll,Hillston,1.3204446209214853,2.08542216707159,2.6012230971280266,39.61333862764456,1.0,0.0,0.0,0.2794775932475888,0.0170478049188807,0.0004312100536201,18600
2002,2001,9,pre,Moree,2.1606972743549497,3.0156476104867793,3.4534995517478633,64.82091823064852,0.9999045372598094,9.54627401905717e-05,0.0,0.5639749636797031,0.2527438752462961,0.0089964273537438,42084
2002,2001,10,pre,Moree,2.4054773222911203,3.328194265655606,3.796704016010014,74.5697969910247,0.0,1.0,0.0,0.6240371248981147,0.3655257090986379,0.0587288649470832,42084
2002,2001,11,establish,Moree,1.6134335039480228,2.171651723674492,2.671553385076486,48.4030051184407,0.040346204050484,0.9596537959495158,0.0,0.326390010030139,0.0504675942837285,0.009090860593795,42084
2002,2001,12,flower,Moree,2.6682575611728954,4.172584149847387,4.9220144955192024,82.71598439635976,0.9999761343149524,2.3865685047642927e-05,0.0,0.548820908810902,0.4127896861306772,0.2794641769984025,42084
2002,2002,1,flower,Moree,4.790858736158259,6.703246470902781,7.014979401413275,148.51662082090598,1.0,0.0,0.0,0.7955139960449555,0.7278429122899494,0.6719882032029324,21287
2002,2002,2,flower,Moree,3.996672862586797,5.609147408570785,5.796549919304478,111.9068401524302,0.996373526577793,0.003626473422207,0.0,0.7615418727009016,0.6879605699741297,0.6100869707191128,21287
2002,2002,3,boll,Moree,3.7318081949773614,5.296978656905433,5.546810963223045,115.68605404429822,1.0,0.0,0.0,0.753837902271205,0.6782053841725444,0.5640847813523726,21287
2002,2002,4,boll,Moree,1.3197658406264106,1.6415775415888532,2.1721478283315943,39.59297521879232,0.995101906027149,0.004898093972851,0.0,0.142081109998225,0.010307052498074,0.003814861651932,21287
2002,2001,9,pre,Narrabri,2.6318418223382127,3.422686475027284,3.734543749554319,78.95525467014639,0.8251562211725407,0.1748437788274592,0.0,0.7323219881070543,0.3974366988196815,0.0046329410762136,18264
2002,2001,10,pre,Narrabri,2.899574550627087,3.736993588846477,4.234587210088463,89.8868110694397,0.0260878705839171,0.9739121294160829,0.0,0.7799052345096575,0.482655778317879,0.1648444558165147,18264
2002,2001,11,establish,Narrabri,1.9820122501507285,2.4829782970686014,2.9208116393158403,59.460367504521855,0.0230543972602058,0.976945602739794,0.0,0.5270716676187052,0.0852971603445333,0.0072085275531301,18264
2002,2001,12,flower,Narrabri,1.9078965636502936,2.485115886072474,3.5140908161239897,59.144793473159105,0.9999448459395688,5.515406043111442e-05,0.0,0.3843212795395955,0.1496617325772108,0.0648231079507714,18264
2002,2002,1,flower,Narrabri,4.078320535917329,5.966255894440116,7.029295460122531,126.42793661343724,1.0,0.0,0.0,0.7277372851063463,0.6320258989034678,0.544801669992008,6429
2002,2002,2,flower,Narrabri,3.6681571894504184,5.282824889473293,5.720676647292243,102.70840130461173,0.8868091918466687,0.1131908081533311,0.0,0.7277249804201681,0.6322400004429686,0.5282284881785803,6429
2002,2002,3,boll,Narrabri,3.5532375782103336,5.046965154801726,5.421546672608313,110.15036492452036,1.0,0.0,0.0,0.7334306634010028,0.6202730779003529,0.512407122690641,6429
2002,2002,4,boll,Narrabri,1.4714180452034047,2.0145363596186248,2.422503229729076,44.14254135610214,1.0,0.0,0.0,0.2526145920042918,0.0156189534003077,0.0029808102266707,6429
2002,2001,9,pre,Warren,2.1409239511514286,2.9836993886695806,3.29631241548951,64.22771853454287,1.0,0.0,0.0,0.6073896709078631,0.2385715532010217,0.0013737805850828,22634
2002,2001,10,pre,Warren,1.94851119084569,2.608283303751026,3.235312634535295,60.40384691621639,0.9206309345844093,0.0793690654155907,0.0,0.4796115667980607,0.1391315621266853,0.0226453956887793,22634
2002,2001,11,establish,Warren,1.2294081954935645,1.4214847119483858,2.109009285165806,36.88224586480694,1.0,0.0,0.0,0.1137657159282429,0.0206953397817313,0.0046531277881837,22634
2002,2001,12,flower,Warren,1.2828221947584242,1.4837564485520025,2.328135132789612,39.76748803751115,1.0,0.0,0.0,0.1479868422927694,0.032500642140324,0.0142252763810187,22634
2002,2002,1,flower,Warren,3.182844343836463,4.779946327209473,5.470125963813381,98.66817465893035,1.0,0.0,0.0,0.6325991339811584,0.5593913118617272,0.4266380269534762,7362
2002,2002,2,flower,Warren,3.371913625905349,5.154132757431421,5.716549228668213,94.41358152534976,0.7720694521934771,0.227930547806523,0.0,0.6580063004524249,0.6061795852966686,0.4764261094332899,7362
2002,2002,3,boll,Warren,2.9200645982002755,4.014804570071669,4.453542568279425,90.52200254420856,1.0,0.0,0.0,0.7177224493888903,0.5414415298599413,0.2597699150729737,7362
2002,2002,4,boll,Warren,1.6125184261301115,1.9836339334423625,3.0459991296132407,48.375552783903345,0.0,1.0,0.0,0.2481360539282883,0.1034342052906305,0.0216264683009154,7362
2003,2002,9,pre,Hillston,1.1658292293434072,1.8271527592244727,2.952829695621958,34.97487688030222,1.0,0.0,0.0,0.2312289930420876,0.0927858346651875,0.0013475314175628,18600
2003,2002,10,pre,Hillston,1.4765556363319523,2.2672538046251263,3.548192936640519,45.77322472629054,1.0,0.0,0.0,0.2821026901377398,0.1682258221685511,0.0603808218905897,18600
2003,2002,11,establish,Hillston,1.3010547433044988,1.484207153978292,2.29951741865703,39.03164229913495,1.0,0.0,0.0,0.1293091148293348,0.064088594219291,0.0350897181133376,18600
2003,2002,12,flower,Hillston,1.9091830406035604,2.8435764593247117,4.281929011778398,59.184674258710366,0.0294954018000483,0.9705045981999516,0.0,0.3890214343103271,0.2296447188499881,0.1236754823052743,18600
2003,2003,1,flower,Hillston,1.9834426896769788,2.7826143290465635,5.096514306417325,61.48672337998638,1.0,0.0,0.0,0.3391541063644044,0.2349008564757932,0.1769047927710636,22349
2003,2003,2,flower,Hillston,2.037583496842282,2.84483963474875,5.466140111287435,57.05233791158388,0.0,1.0,0.0,0.3301112516163033,0.239452802539155,0.1908002070697467,22349
2003,2003,3,boll,Hillston,1.5572433938844992,2.1403617497001375,3.516924587885539,48.274545210419504,0.9669421909182364,0.0330578090817638,0.0,0.2718833514129449,0.1535716277156137,0.0458413580482533,22349
2003,2003,4,boll,Hillston,0.8745365943722815,1.1323055474654489,1.7578788482914527,26.23609783116845,1.0,0.0,0.0,0.0688068916301571,0.0042611829888298,0.0,22349
2003,2002,9,pre,Moree,2.214180014254131,2.7967943167075133,3.36024904589281,66.42540042762393,1.0,0.0,0.0,0.595878065533616,0.1840730310982793,0.017755590651585,21287
2003,2002,10,pre,Moree,2.1900571476409647,2.953307043422352,3.860137528022834,67.89177157686991,0.9998587088277062,0.0001412911722937,0.0,0.496477232451313,0.2402376572926284,0.080362170830816,21287
2003,2002,11,establish,Moree,2.296561180120188,3.047154410753606,3.95311979580951,68.89683540360564,0.9992464470811,0.0007535529189001,0.0,0.528814256777959,0.2620049937656424,0.0947517070836375,21287
2003,2002,12,flower,Moree,2.5537168965534,3.5784118542525096,4.454426829407855,79.1652237931554,0.9996703205979812,0.0003296794020188,0.0,0.5873148970208986,0.3836766400996166,0.1714118645060136,21287
2003,2003,1,flower,Moree,3.268086047073589,5.53205353911937,7.156659160726969,101.31066745928123,1.0,0.0,0.0,0.5378113118403913,0.4149608145073876,0.336011634051418,30529
2003,2003,2,flower,Moree,2.2760277177507846,3.8458408915891056,4.969102577010132,63.72877609702197,0.6201902061155105,0.3798097938844894,0.0,0.4198103560903789,0.323725759061766,0.2317028416928792,30529
2003,2003,3,boll,Moree,2.0189948893828773,2.70235332970314,3.766831431431737,62.5888415708692,0.8803179712723106,0.1196820287276893,0.0,0.4290616087392583,0.1920287715311315,0.0745646192486401,30529
2003,2003,4,boll,Moree,1.0378337820532426,1.2886001957939994,1.9298269297896316,31.13501346159728,0.9997369495378952,0.0002630504621048,0.0,0.088678823896226,0.0117359189990259,0.0002274612819377,30529
2003,2002,9,pre,Narrabri,2.1762968035316823,2.7662283002657886,3.140769440607787,65.28890410595046,1.0,0.0,0.0,0.6146412230365873,0.1581908912099628,0.0056478509557972,6429
2003,2002,10,pre,Narrabri,2.3075319645353907,3.0145785081184515,3.639609789848328,71.53349090059712,0.9995293457536836,0.0004706542463164,0.0,0.5824564706345587,0.2569396891959317,0.0561432068596164,6429
2003,2002,11,establish,Narrabri,2.916425287054152,3.672597623674046,4.234534691541623,87.49275861162455,1.0,0.0,0.0,0.7874993001709735,0.4928672810396474,0.1554549442382383,6429
2003,2002,12,flower,Narrabri,2.820808421300889,3.658203223394969,4.595128375748817,87.44506106032755,0.9665835485115328,0.0334164514884671,0.0,0.6935874743216579,0.3951699184876064,0.1895764542447167,6429
2003,2003,1,flower,Narrabri,3.2954928490410076,5.280676231785295,6.720049708880419,102.16027832027126,1.0,0.0,0.0,0.5847406453074614,0.4241817974104372,0.3366930896669973,12361
2003,2003,2,flower,Narrabri,2.357585823536627,3.859636398424609,5.0783668413554155,66.01240305902554,0.9541989594003576,0.0458010405996424,0.0,0.443539997228737,0.331537772538192,0.2342795628316675,12361
2003,2003,3,boll,Narrabri,2.062955496460549,2.7040074529984777,3.6392196595035537,63.95162039027703,1.0,0.0,0.0,0.4592888350423322,0.1882679574479932,0.0580851596948282,12361
2003,2003,4,boll,Narrabri,1.1628148972098276,1.4764479427110582,1.9609459347195095,34.88444691629483,1.0,0.0,0.0,0.0902737310191687,0.0097157407416296,0.0,12361
2003,2002,9,pre,Warren,1.2082481982641484,1.7351248924221312,2.3906335300869412,36.24744594792445,1.0,0.0,0.0,0.1860692367022156,0.0295153686874128,0.003264372573723,7362
2003,2002,10,pre,Warren,1.717176274924206,2.391353713141547,4.203206814252413,53.2324645226504,1.0,0.0,0.0,0.2782546914687863,0.2095551172240458,0.1252702975166232,7362
2003,2002,11,establish,Warren,1.4640787710475776,1.7018872367011175,3.361640603918778,43.922363131427325,1.0,0.0,0.0,0.2214327395233376,0.1339752910465514,0.0424368434584,7362
2003,2002,12,flower,Warren,1.250466774642318,1.514950110898852,2.1050651488096817,38.76447001391186,1.0,0.0,0.0,0.1129462242623958,0.0239333982651886,0.0065234112053322,7362
2003,2003,1,flower,Warren,2.5780415035240583,4.405080707705751,6.781329747173872,79.91928660924583,0.9892410612795642,0.0107589387204357,0.0,0.3360055781372014,0.2867999095059713,0.260323789986957,21396
2003,2003,2,flower,Warren,1.9561853261880129,3.2040457010269163,5.140762069008567,54.77318913326436,1.0,0.0,0.0,0.3006950801498849,0.2576705359418794,0.2125032827976989,21396
2003,2003,3,boll,Warren,1.3617978748474036,1.8910849993879144,3.07836357563261,42.21573412026951,1.0,0.0,0.0,0.2364105039969727,0.1173068359564165,0.0026244003438184,21396
2003,2003,4,boll,Warren,0.869522204546738,1.0391642466262356,1.4923458165871992,26.085666136402136,1.0,0.0,0.0,0.0450680111143722,0.0048738863528057,0.0,21396
2004,2003,9,pre,Hillston,1.8408830082811776,2.8358787276915143,3.320406031895833,55.226490248435304,1.0,0.0,0.0,0.4633255943096981,0.2008689119392455,0.0010316548288745,22349
2004,2003,10,pre,Hillston,1.9360132609802336,3.141322736988742,3.89041968521319,60.01641109038724,0.9889086112131822,0.0110913887868178,0.0,0.4146372910942947,0.2703308560131757,0.0767012937989365,22349
2004,2003,11,establish,Hillston,1.772590587166043,2.485120318401819,4.01716194152832,53.17771761498127,1.0,0.0,0.0,0.3136304557873901,0.1967391264196687,0.1004742094208291,22349
2004,2003,12,flower,Hillston,1.2179880737118185,1.2034141479199716,2.45061805898493,37.75763028506636,1.0,0.0,0.0,0.1400500013984068,0.06418687217911,0.0301422628262487,22349
2004,2004,1,flower,Hillston,2.281480316546079,4.045610870633807,6.328144669532776,70.72588981292847,1.0,0.0,0.0,0.3057638035016466,0.2791884565409138,0.2520238557673044,17003
2004,2004,2,flower,Hillston,2.2762561424990353,4.110193490982056,6.108494673343683,66.01142813247203,1.0,0.0,0.0,0.3270358661464904,0.2778920981525853,0.2526720349614686,17003
2004,2004,3,boll,Hillston,1.7022645829412215,2.546228434358324,4.642180820502857,52.77020207117784,1.0,0.0,0.0,0.2839024870439262,0.2302214646908716,0.1816669505098432,17003
2004,2004,4,boll,Hillston,1.5875876254995032,2.2582708804503726,2.6959018386327305,47.627628764985104,0.9967001786478912,0.0032998213521087,0.0,0.3457025026187133,0.0477295588430013,0.0002357015251506,17003
2004,2003,9,pre,Moree,2.9383225621577593,3.7348548424786823,4.109698525287711,88.14967686473278,0.9998110936632432,0.0001889063367566,0.0,0.8120976391736809,0.5123090853245436,0.1442892389408556,30529
2004,2003,10,pre,Moree,1.9499456647826217,2.3904601309190694,2.891070191774344,60.448315608261275,1.0,0.0,0.0,0.4343940542343,0.0818491828543708,0.0172402499185704,30529
2004,2003,11,establish,Moree,1.4421467928451612,1.70332947568517,2.515666399216153,43.26440378535483,1.0,0.0,0.0,0.1848420781708605,0.0593029214332742,0.0188525945157073,30529
2004,2003,12,flower,Moree,1.672421397719587,2.095252600425465,3.156666764673197,51.8450633293072,0.9531494232360724,0.0468505767639274,0.0,0.2659601354761458,0.1122197771137329,0.0480277275818467,30529
2004,2004,1,flower,Moree,2.536861388658785,3.5310824950111104,6.0927790602048235,78.64270304842235,0.9559124550640704,0.0440875449359296,0.0,0.4254324539538087,0.3036939732704507,0.2157343988627059,39128
2004,2004,2,flower,Moree,2.537259625340556,3.765994569150413,6.360096615239193,73.58052913487612,1.0,0.0,0.0,0.4379508552333451,0.3156791673681227,0.2318507920972702,39128
2004,2004,3,boll,Moree,2.037234196886403,2.98507204447707,4.5791045116341635,63.15426010347851,1.0,0.0,0.0,0.3906991651516221,0.2493667787588441,0.1440181334691392,39128
2004,2004,4,boll,Moree,1.291982057146553,1.765914421448414,2.5475169213612876,38.75946171439658,1.0,0.0,0.0,0.1943933395564303,0.0452791654372329,0.0022987645724356,39128
2004,2003,9,pre,Narrabri,2.963322045377947,3.859720099200584,4.109103254115207,88.89966136133842,1.0,0.0,0.0,0.7990504744267789,0.5428174528125279,0.1647938241156839,12361
2004,2003,10,pre,Narrabri,1.8815532537870248,2.234337204391202,2.858615123885098,58.32815086739777,1.0,0.0,0.0,0.3645852433767295,0.0772206344528147,0.0087313983773711,12361
2004,2003,11,establish,Narrabri,1.5927245349708683,2.016519506385202,2.8583535337835384,47.78173604912607,1.0,0.0,0.0,0.2511634664339574,0.0876195907171011,0.0339498913415312,12361
2004,2003,12,flower,Narrabri,1.7985722453809256,2.216915379732083,3.342426073551178,55.755739606808696,0.9507518410818292,0.0492481589181706,0.0,0.2940694012567966,0.1290448518990351,0.064080495908867,12361
2004,2004,1,flower,Narrabri,2.490795608983111,3.4244892032522904,5.856517895408299,77.21466387847644,1.0,0.0,0.0,0.4360152611558402,0.2920397863869627,0.2102792285769757,13223
2004,2004,2,flower,Narrabri,2.570905758283735,3.6738560145812698,6.204373142936013,74.55626699022832,1.0,0.0,0.0,0.4496878617843113,0.3186716059088741,0.2267885777427296,13223
2004,2004,3,boll,Narrabri,2.7792290120952097,3.6407635649856256,4.3928049283513655,86.15609937495151,1.0,0.0,0.0,0.7288957653708147,0.4357770677583814,0.1730949921261352,13223
2004,2004,4,boll,Narrabri,1.5896216037905506,2.140289476362841,2.7963171932855837,47.688648113716525,1.0,0.0,0.0,0.2943549063645276,0.058774445533709,0.0032106672291426,13223
2004,2003,9,pre,Warren,2.88411579523738,3.296957052964723,3.515140032680917,86.52347385712139,0.9988283927036524,0.0011716072963475,0.0,0.912936805064578,0.5109883899689832,0.0023900788845489,21396
2004,2003,10,pre,Warren,2.5705097415075686,3.140202745010978,3.6087309771021943,79.68580198673463,0.8721856384653286,0.1278143615346714,0.0,0.7583028363188339,0.3032448651898105,0.0468174275620478,21396
2004,2003,11,establish,Warren,1.5593335568344275,1.9854991527704091,2.827572878416594,46.78000670503282,1.0,0.0,0.0,0.2474146072873422,0.0743267668802882,0.0118566658390371,21396
2004,2003,12,flower,Warren,1.034770294091705,1.0302483366512167,1.532545882794592,32.07787911684285,0.9969069567376424,0.0030930432623575,0.0,0.0537402942673209,0.0261034105626232,0.0107319228345435,21396
2004,2004,1,flower,Warren,1.732474324622998,1.4850423915045603,5.20138586362203,53.706704063312955,1.0,0.0,0.0,0.1957445181478709,0.169945875127056,0.1543286363753253,11654
2004,2004,2,flower,Warren,1.764467193145356,1.326215673184049,6.077777936723497,51.16954860121532,1.0,0.0,0.0,0.1903086836652243,0.1685653457346378,0.1562268642899003,11654
2004,2004,3,boll,Warren,1.2454252948469478,1.3580702711720158,3.1721326410770416,38.608184140255375,0.985590724466635,0.0144092755333648,0.0,0.1721892353897356,0.109979129643891,0.0416429247191908,11654
2004,2004,4,boll,Warren,0.7179043447357552,0.8581420533318337,1.4216817200183869,21.537130342072658,1.0,0.0,0.0,0.0199858698756305,0.0036783664276907,0.0001407598596191,11654
2005,2004,9,pre,Hillston,1.5211192955498012,2.4144204538695666,3.148475834492887,45.63357886649402,1.0,0.0,0.0,0.3120556477436085,0.1372831979243476,0.0,17003
2005,2004,10,pre,Hillston,2.175478095500806,3.7335137040907393,4.735674662010692,67.43982096052494,0.9538025010704776,0.0461974989295222,0.0,0.4189553015165544,0.3245924270024288,0.2143760830427311,17003
2005,2004,11,establish,Hillston,1.3653500191217995,1.8901149928241108,2.8885315929849944,40.96050057365399,1.0,0.0,0.0,0.2340809616252498,0.0821419815149923,0.0101351655814768,17003
2005,2004,12,flower,Hillston,1.465018313202773,1.2650608757756792,3.859322839313083,45.41556770928595,1.0,0.0,0.0,0.184789995718089,0.1503775730460979,0.0882112957876209,17003
2005,2005,1,flower,Hillston,1.4284416709620449,1.1555777540658057,4.03357728322347,44.281691799823406,1.0,0.0,0.0,0.1365597939823456,0.1169492730220866,0.1004218526028982,35103
2005,2005,2,flower,Hillston,1.1916434110517695,0.8910010640530039,3.3863723278045654,33.36601550944955,1.0,0.0,0.0,0.1198037884457051,0.1044181741959641,0.0929144770387816,35103
2005,2005,3,boll,Hillston,1.2343445512236089,1.2036732211334416,3.2039731979370116,38.26468108793188,1.0,0.0,0.0,0.1329631045485863,0.103790180802768,0.078156632298674,35103
2005,2005,4,boll,Hillston,0.5651648813616332,0.5233983140951073,1.225745741959576,16.954946440848996,1.0,0.0,0.0,0.0314853051225118,0.00216943172195,0.0,35103
2005,2004,9,pre,Moree,2.8894184810683043,3.609065580693745,4.077791206107652,86.68255443204912,0.9201305522887986,0.0798694477112016,0.0,0.8078450847087405,0.5026273175454932,0.1233052167614914,39128
2005,2004,10,pre,Moree,2.452196087012894,2.9529670411757287,3.389030077828355,76.01807869739972,1.0,0.0,0.0,0.7313308597830042,0.2253314241660114,0.0251171557349137,39128
2005,2004,11,establish,Moree,1.4329994520721736,1.6397384767282313,2.6708752590170115,42.98998356216521,1.0,0.0,0.0,0.1839950955398255,0.0763577423955624,0.0389187942156172,39128
2005,2004,12,flower,Moree,2.821261981554351,3.8892255969669502,5.98370880687338,87.45912142818489,1.0,0.0,0.0,0.4922941404935556,0.3368588163524646,0.2409393497446901,39128
2005,2005,1,flower,Moree,3.514767460341707,6.046673966550279,6.890505856734055,108.95779127059292,1.0,0.0,0.0,0.5972500749898725,0.4962423889144867,0.4211707619898756,20363
2005,2005,2,flower,Moree,3.381612296598114,5.829323768615723,6.514979321223039,94.68514430474718,1.0,0.0,0.0,0.5885955092662742,0.4966387915652628,0.4200731653766347,20363
2005,2005,3,boll,Moree,2.5251534480278117,4.202705586050439,4.859155554166982,78.2797568888622,1.0,0.0,0.0,0.5286401398367848,0.4076948113192961,0.2901474130813261,20363
2005,2005,4,boll,Moree,1.314904171650407,1.734202297989297,2.3266662874947324,39.44712514951222,1.0,0.0,0.0,0.1691228426882555,0.0315871645169569,0.0027558778144394,20363
2005,2004,9,pre,Narrabri,2.9201408912475477,3.860106281727597,4.015299752541622,87.60422673742644,1.0,0.0,0.0,0.758419162853575,0.552488237141152,0.1239911985292531,13223
2005,2004,10,pre,Narrabri,2.5175222097041328,3.0461963409826387,3.515701521420992,78.04318850082811,1.0,0.0,0.0,0.7387075356600984,0.2688673139934276,0.0456932836053432,13223
2005,2004,11,establish,Narrabri,1.8317299817313848,2.2956547203816866,2.891149471440513,54.951899451941536,1.0,0.0,0.0,0.3577338250204337,0.0881839895686272,0.0223757978729779,13223
2005,2004,12,flower,Narrabri,2.598262271544444,3.6087492275551383,5.013578091898272,80.54613041787773,1.0,0.0,0.0,0.5176367979137254,0.3360624204523937,0.2057895077456298,13223
2005,2005,1,flower,Narrabri,2.7063278437729226,4.015429363552645,5.078184362785963,83.89616315696061,1.0,0.0,0.0,0.5698716436974876,0.3919934425978734,0.2532498275877454,15547
2005,2005,2,flower,Narrabri,2.79204387260072,3.920127132310452,6.483866118980219,78.17722843282017,1.0,0.0,0.0,0.5334061650288034,0.3508745539908497,0.2445169078738541,15547
2005,2005,3,boll,Narrabri,1.9979058942419028,2.797385099729646,4.390748902540782,61.935082721499,1.0,0.0,0.0,0.3608636292365292,0.2296895814557076,0.1432065747389595,15547
2005,2005,4,boll,Narrabri,1.1983323483225987,1.4517679539279875,2.1723736897309784,35.94997044967795,1.0,0.0,0.0,0.1221517559279858,0.0248707067436456,0.0018909895634814,15547
2005,2004,9,pre,Warren,2.2437686559019374,2.671596227718404,2.921115930028003,67.31305967705812,1.0,0.0,0.0,0.7038771220563933,0.0672030203817569,0.0003451323481045,11654
2005,2004,10,pre,Warren,1.2923969216186395,1.5459563395838096,1.8914756316682615,40.064304570177825,0.8499628475178217,0.1500371524821783,0.0,0.078581898552745,0.0099225550080057,0.0025022095237579,11654
2005,2004,11,establish,Warren,1.094307597252809,1.1722771069977027,1.6717842242080838,32.82922791758427,1.0,0.0,0.0,0.0584999330037206,0.0152721064036261,0.0068163638750647,11654
2005,2004,12,flower,Warren,1.2159924516643326,1.2661077038012911,2.078919688860575,37.695766001594315,1.0,0.0,0.0,0.1090902446649983,0.0478553069850726,0.0208487007458919,11654
2005,2005,1,flower,Warren,1.3296414886763204,1.4533639272253838,2.295577480437908,41.218886148965936,1.0,0.0,0.0,0.1289230635874201,0.0609988065400337,0.0306627244080005,18652
2005,2005,2,flower,Warren,1.2124347739209689,1.203523214998835,2.045912045016685,33.94817366978713,1.0,0.0,0.0,0.1036549050781774,0.0532763065955312,0.0337356988294789,18652
2005,2005,3,boll,Warren,0.867572535766419,0.8280049355500819,1.3893997787471095,26.894748608758995,1.0,0.0,0.0,0.0590419127495139,0.0322261675347176,0.020311652672494,18652
2005,2005,4,boll,Warren,0.6296670953162773,0.6408158939387988,1.0789854258907086,18.890012859488316,1.0,0.0,0.0,0.0220038499390584,0.0051624278929247,0.0001078236639115,18652
2006,2005,9,pre,Hillston,2.420533180824952,2.921558775593457,3.1401826139852296,72.61599542474855,0.9636545185579884,0.0363454814420116,0.0,0.7648752436832651,0.1944410830815109,0.0003425418508342,35103
2006,2005,10,pre,Hillston,2.3583390116728884,3.0782604648376823,3.6409874708965577,73.10850936185952,0.999348051065602,0.0006519489343981,0.0,0.6484096710982551,0.2745833386972103,0.0321682619303352,35103
2006,2005,11,establish,Hillston,1.4220227325117072,1.546262058051857,2.4206753454710306,42.6606819753512,1.0,0.0,0.0,0.1503568424133976,0.0672446593975405,0.0262644523836043,35103
2006,2005,12,flower,Hillston,1.5984669450057705,1.717307267155051,3.2198100296350627,49.55247529517889,0.464730894756255,0.5352691052437447,0.0,0.2058713464301485,0.1128719055793462,0.067482535682842,35103
2006,2006,1,flower,Hillston,1.7507337333998716,1.3276484823801762,5.673947334289551,54.272745735396015,0.9996260271192668,0.0003739728807332,0.0,0.1714975469028904,0.1456156904355152,0.1273377658896769,21448
2006,2006,2,flower,Hillston,1.5969226588715126,1.3287001867294312,5.510635733604431,44.713834448402366,1.0,0.0,0.0,0.1641440301554133,0.1347704768942505,0.1203257743759281,21448
2006,2006,3,boll,Hillston,1.141354437221644,0.8897785799607791,4.0470498258417305,35.38198755387096,1.0,0.0,0.0,0.1342562641832423,0.1181754303117119,0.1013466506787149,21448
2006,2006,4,boll,Hillston,0.8514493141410978,1.132007268547865,2.1484095672281778,25.543479424232935,0.2538846891286266,0.7461153108713733,0.0,0.1321262686434188,0.019162993696907,0.0,21448
2006,2005,9,pre,Moree,2.6269672100872197,3.1707568481786925,3.484116815402011,78.80901630261658,1.0,0.0,0.0,0.8145894729680838,0.3497829159154794,0.0126850780977002,20363
2006,2005,10,pre,Moree,2.3469316719676354,2.95323451461955,3.5155241908815507,72.75488183099672,0.6947508248885976,0.3052491751114025,0.0,0.6166927456188906,0.2297898428150425,0.0456334634188578,20363
2006,2005,11,establish,Moree,2.091220914972179,2.7649994878225583,3.858086634399299,62.736627449165354,0.9842289340305588,0.0157710659694412,0.0,0.4153120815642422,0.2109169405987438,0.0896055532706407,20363
2006,2005,12,flower,Moree,2.661603417383964,3.6556281335509144,5.658484170603198,82.5097059389029,0.9250945877412432,0.0749054122587568,0.0,0.5203294065440647,0.3377752592175696,0.2128421316296459,20363
2006,2006,1,flower,Moree,3.3862288706113324,5.906586074829102,7.156872708002727,104.97309498895127,0.8891280453554332,0.1108719546445666,0.0,0.5425378056371978,0.4431784559893046,0.3814510868069626,21886
2006,2006,2,flower,Moree,3.561681859929393,6.608399811864339,7.015622632338269,99.727092078023,1.0,0.0,0.0,0.5939081829822156,0.4797722731621297,0.3902855470654709,21886
2006,2006,3,boll,Moree,2.3425362833575236,4.234675742210226,4.577741708026054,72.61862478408324,1.0,0.0,0.0,0.4811644048124587,0.3733727662717077,0.2882770104566353,21886
2006,2006,4,boll,Moree,1.238479966706694,1.6093996261913297,2.2025082553785587,37.15439900120084,1.0,0.0,0.0,0.1460878492627187,0.0208704635888326,0.0028894825532989,21886
2006,2005,9,pre,Narrabri,3.132962562041894,3.7964436874941945,4.046093594097922,93.9888768612568,0.9892294925024572,0.0107705074975428,0.0,0.9165807686080945,0.5921168400562427,0.1344252138740556,15547
2006,2005,10,pre,Narrabri,2.394100395890275,2.9845077132048363,3.7332653149861934,74.21711227259851,0.9989368442119836,0.0010631557880164,0.0,0.6525897531668402,0.2445232817095137,0.0581658395552592,15547
2006,2005,11,establish,Narrabri,2.0472465714117125,2.7356581021163424,3.546939717365824,61.41739714235137,0.989260086913623,0.0107399130863769,0.0,0.4234577548546318,0.1934428528268598,0.0624301905649385,15547
2006,2005,12,flower,Narrabri,3.0723829369606546,4.094581637399558,5.4693290876305625,95.24387104578028,0.7354960182648634,0.2645039817351365,0.0,0.6564143095160092,0.4355476463337059,0.2652815896856041,15547
2006,2006,1,flower,Narrabri,3.1416290225014887,5.045003593311332,6.1715538424830285,97.39049969754612,0.8735279141536991,0.126472085846301,0.0,0.5929302034342651,0.4310820411547553,0.3384477170842809,9230
2006,2006,2,flower,Narrabri,3.0925275549279805,5.731385350227356,6.6722753307093745,86.59077153798344,1.0,0.0,0.0,0.4977361788212304,0.3918483515046842,0.3336332265644622,9230
2006,2006,3,boll,Narrabri,2.230841899078494,3.3914408180252194,4.20331222563982,69.15609887143331,0.9882658888938584,0.0117341111061415,0.0,0.5191956037831273,0.3284187828348683,0.1406773057087515,9230
2006,2006,4,boll,Narrabri,1.2923777145499518,1.671289510171051,2.4847251904392587,38.77133143649856,1.0,0.0,0.0,0.1705538104789461,0.021708428089273,0.0012063104875472,9230
2006,2005,9,pre,Warren,2.6845576041441,3.3523043506989327,3.632740269188119,80.53672812432298,1.0,0.0,0.0,0.7637997904838216,0.4636635309712903,0.004400896839181,18652
2006,2005,10,pre,Warren,3.0328507102587174,3.6722546372108886,3.98354780461107,94.01837201802026,1.0,0.0,0.0,0.8994370970486969,0.5521880275563458,0.0974615983906789,18652
2006,2005,11,establish,Warren,2.157777979643185,2.6407406427605435,3.672268142966235,64.73333938929554,0.8351549542330831,0.1648450457669169,0.0,0.4610956364186052,0.1789796710109737,0.0695919297158846,18652
2006,2005,12,flower,Warren,1.5143573685336975,1.655542137853047,2.346125083885051,46.945078424544626,0.8285605857996234,0.1714394142003765,0.0,0.1499497351449118,0.0504760626180642,0.0243336867553428,18652
2006,2006,1,flower,Warren,1.9514562778497544,1.8894757270812987,5.579296875,60.49514461334239,0.8604709196658494,0.1395290803341506,0.0,0.2328147995592362,0.1669272364023938,0.1423935935923897,5239
2006,2006,2,flower,Warren,1.6687971923079516,1.5482804256936775,5.051867416926792,46.72632138462265,1.0,0.0,0.0,0.1902642628106354,0.1504436951394223,0.1276350740894966,5239
2006,2006,3,boll,Warren,1.1381148987399503,1.234022631979825,2.7074594100316367,35.28156186093846,0.8725400588386507,0.1274599411613493,0.0,0.1448852916902807,0.0818021103142019,0.0359931991298975,5239
2006,2006,4,boll,Warren,0.7207746069868556,0.804294909610123,1.304035551407758,21.623238209605667,1.0,0.0,0.0,0.0372078549749026,0.0030907579422407,0.0,5239
2007,2006,9,pre,Hillston,2.1506876998186244,2.788821546804338,3.4146894352776664,64.52063099455872,1.0,0.0,0.0,0.557352682641297,0.1943214417901128,0.0012621584724747,21448
2007,2006,10,pre,Hillston,1.4901756282797245,1.7971766243924152,3.4844864833922613,46.19544447667145,1.0,0.0,0.0,0.2255173795646918,0.1335209675045064,0.0667182284831311,21448
2007,2006,11,establish,Hillston,1.4100795805940225,1.7024688081882784,3.015818992209928,42.30238741782067,0.9882167378162292,0.0117832621837706,0.0,0.2097146421931968,0.1019591229309354,0.0148302245615488,21448
2007,2006,12,flower,Hillston,1.271393989404539,1.578367635546572,2.2971987824034987,39.41321367154071,1.0,0.0,0.0,0.1485953743587694,0.0351534507889269,0.0114529194724562,21448
2007,2007,1,flower,Hillston,2.0930404452157036,2.9222648338838058,4.35740579366684,64.88425380168682,1.0,0.0,0.0,0.3933766352908948,0.2379034206941481,0.1272439567943419,21546
2007,2007,2,flower,Hillston,1.4178566520886442,1.0461899735538134,4.8273701667785645,39.69998625848207,1.0,0.0,0.0,0.1531983206675746,0.1376180421540234,0.1186426581733402,21546
2007,2007,3,boll,Hillston,1.1254755413476036,1.1085497958105317,3.389231707368578,34.889741781775705,0.9416145819369446,0.0583854180630553,0.0,0.1504078230233564,0.1126430882382713,0.065623202933196,21546
2007,2007,4,boll,Hillston,0.5883957606253408,0.6495453957716624,1.100675140755086,17.65187281876023,1.0,0.0,0.0,0.0253005119742442,0.0080459348741622,0.0,21546
2007,2006,9,pre,Moree,2.5202862510846056,3.4530126634127822,4.076899003291476,75.60858753253818,1.0,0.0,0.0,0.6289006890332219,0.3697129348994993,0.124812696240651,21886
2007,2006,10,pre,Moree,2.4944424147836943,3.3285057014889188,4.202930796052345,77.32771485829454,0.9874330441332712,0.0125669558667287,0.0,0.5898519358274071,0.3357109287190823,0.1320985449346462,21886
2007,2006,11,establish,Moree,1.48592559647599,1.7346547461938169,2.765890881072643,44.577767894279695,1.0,0.0,0.0,0.188865860561288,0.0819294656894406,0.02208561106036,21886
2007,2006,12,flower,Moree,1.762213804780944,2.578532066261908,3.328473742559945,54.62862794820924,1.0,0.0,0.0,0.3791085645054272,0.1511261427755112,0.0426213515224146,21886
2007,2007,1,flower,Moree,2.891886776834114,5.1068732102712,6.328333015741182,89.64849008185756,0.9965623974126356,0.0034376025873644,0.0,0.4931419791346929,0.3773172152411787,0.3187999011605926,26572
2007,2007,2,flower,Moree,2.892695599945778,5.452422944510856,6.515871042456792,80.99547679848182,1.0,0.0,0.0,0.4728419766459308,0.371995856803742,0.3123066024487047,26572
2007,2007,3,boll,Moree,2.3267388797498914,3.673529140019821,5.047481652164234,72.12890527224663,1.0,0.0,0.0,0.4565109570712248,0.3082995474008436,0.2292379469846277,26572
2007,2007,4,boll,Moree,1.2322492138067864,1.5780381380477,2.04703751643215,36.96747641420358,1.0,0.0,0.0,0.1112137396257138,0.0142401631679807,0.0026034228774118,26572
2007,2006,9,pre,Narrabri,2.495760044017577,3.360244316958643,3.8279752789987582,74.87280132052729,1.0,0.0,0.0,0.6463329881407422,0.3539181652727079,0.0635026783963338,9230
2007,2006,10,pre,Narrabri,2.3238431408263263,2.9533767726686264,3.703782824466104,72.03913736561613,0.9707526689350752,0.0292473310649248,0.0,0.5868891897378029,0.2381648254483777,0.0717528960052845,9230
2007,2006,11,establish,Narrabri,1.4961960963761236,1.9843320090160472,2.830310344696045,44.88588289128371,1.0,0.0,0.0,0.245924347775228,0.0829021292992819,0.019173240807957,9230
2007,2006,12,flower,Narrabri,1.3454246076187264,1.6717083230905323,2.706036785374517,41.70816283618052,1.0,0.0,0.0,0.1933348012619599,0.0762736574473868,0.0244749861521576,9230
2007,2007,1,flower,Narrabri,1.6727987018929271,1.7359332543187396,4.0456649880660205,51.856759758680745,1.0,0.0,0.0,0.2159989015400009,0.1435868191113101,0.1016135998606934,15077
2007,2007,2,flower,Narrabri,1.71703550552923,1.8576601479224903,4.298589633061336,48.07699415481843,1.0,0.0,0.0,0.2325549769233966,0.1526420119915217,0.1117909264468449,15077
2007,2007,3,boll,Narrabri,1.876111882714436,2.454703494953055,3.73194505818824,58.159468364147514,1.0,0.0,0.0,0.3541252486396825,0.1646971896153443,0.0831696778745009,15077
2007,2007,4,boll,Narrabri,1.066288476173657,1.38294789694643,2.0241472780091097,31.988654285209716,1.0,0.0,0.0,0.1036448039106859,0.0163698422226349,0.0015427365647767,15077
2007,2006,9,pre,Warren,2.228937191407122,2.6309189796447754,3.0686269799868264,66.86811574221366,1.0,0.0,0.0,0.6169001020731829,0.1168196762220595,0.0107334687293767,5239
2007,2006,10,pre,Warren,1.659588958500386,1.7667908132076264,3.2646254130772183,51.44725771351197,1.0,0.0,0.0,0.2033188065705665,0.1199908600154237,0.0623165050382661,5239
2007,2006,11,establish,Warren,1.2245724303224237,1.2965409031936102,1.9827109707726376,36.73717290967271,1.0,0.0,0.0,0.0972002784087407,0.0370161858904494,0.0165075938539616,5239
2007,2006,12,flower,Warren,1.0980296572580417,1.0773808527548463,1.5156181906208848,34.03891937499929,1.0,0.0,0.0,0.0521580435622488,0.0289660843434168,0.0172742701917743,5239
2007,2007,1,flower,Warren,2.1473791950554255,2.3890554984410604,6.14127779006958,66.56875504671821,1.0,0.0,0.0,0.3383418630519829,0.1737355291158099,0.1357414969761327,4686
2007,2007,2,flower,Warren,1.8754952066937065,1.9528472026189168,5.484142422676086,52.513865787423775,0.9847776681960464,0.0152223318039535,0.0,0.2422978196038073,0.1492486364641478,0.1254503430805022,4686
2007,2007,3,boll,Warren,1.258186194087237,1.5774271653758154,2.9215263639177596,39.00377201670434,1.0,0.0,0.0,0.1561026794835253,0.0868585159718876,0.0308734616868916,4686
2007,2007,4,boll,Warren,0.7235956583502728,0.8833092334223729,1.303682701928275,21.707869750508188,1.0,0.0,0.0,0.0315435637828734,0.0010719951974615,0.0,4686
2008,2007,9,pre,Hillston,1.1817847203184888,1.757529379417168,2.695299239719615,35.45354160955465,1.0,0.0,0.0,0.1955108370708675,0.0512182163686214,4.650829407030194e-05,21546
2008,2007,10,pre,Hillston,1.4538238749046666,2.169693069942927,3.4520689762196786,45.068540122044695,1.0,0.0,0.0,0.278422176030063,0.1394159980871412,0.0444619291312086,21546
2008,2007,11,establish,Hillston,1.0207124284151945,1.109004105177498,2.1068195485054177,30.621372852455828,0.9938143968886498,0.0061856031113501,0.0,0.107758258277154,0.0453920950126146,0.0184172844518395,21546
2008,2007,12,flower,Hillston,1.2500224586954067,1.2354749602042825,2.1104841246679698,38.7506962195576,0.9992558672948753,0.0007441327051248,0.0,0.1064728055061443,0.0726924636318819,0.0432527134853808,21546
2008,2008,1,flower,Hillston,1.6858725483829302,1.4858313906260665,5.267356285682092,52.26204899987085,1.0,0.0,0.0,0.1715738468004434,0.1445824901188517,0.1249591743923258,15246
2008,2008,2,flower,Hillston,1.3189406319875523,1.109418284610607,4.01414528347197,38.24927832763902,1.0,0.0,0.0,0.1591523098221586,0.1297501511416114,0.1013324397383146,15246
2008,2008,3,boll,Hillston,1.0180826778005332,0.7653448435724998,3.0442791902101956,31.560563011816537,1.0,0.0,0.0,0.1264030303989598,0.101398069556798,0.0735710265198514,15246
2008,2008,4,boll,Hillston,0.5637112106470514,0.6021282884207639,1.209569646466163,16.911336319411546,0.9993437018151664,0.0006562981848336,0.0,0.0271051150336294,0.0011813367327005,0.0,15246
2008,2007,9,pre,Moree,2.1801904890004105,2.67187676803609,3.2961548483648966,65.40571467001232,1.0,0.0,0.0,0.543148912114701,0.1611433432133235,0.0089971711071317,26572
2008,2007,10,pre,Moree,2.2092548203825397,2.858333127152026,3.7031416044396863,68.48689943185875,0.9494655383488604,0.0505344616511395,0.0,0.5001143645420144,0.2201806307945195,0.0622574197700146,26572
2008,2007,11,establish,Moree,1.0125078858503664,1.140130154697182,1.7654306005548548,30.37523657551099,0.9017038242791776,0.0982961757208225,0.0,0.066930366807973,0.010695603068525,0.0030839909788301,26572
2008,2007,12,flower,Moree,1.6280796098162502,2.015196168873648,4.079436946559596,50.47046790430375,0.9048392200456744,0.0951607799543252,0.0,0.2531370253130802,0.1664356660934612,0.1049472441700748,26572
2008,2008,1,flower,Moree,2.4030811767875506,3.859242964599092,5.953495633681377,74.49551648041403,0.741376486087139,0.2586235139128614,0.0,0.4091818931065988,0.3121451668035251,0.2425943091290941,26042
2008,2008,2,flower,Moree,2.4180482335461053,3.859943134183405,5.953334291692766,70.12339877283706,0.9665910898088204,0.0334089101911796,0.0,0.3870860890124526,0.307799749333061,0.2398398137315554,26042
2008,2008,3,boll,Moree,1.8750808401877672,2.6717024658658115,4.547880980985385,58.12750604582076,1.0,0.0,0.0,0.3453204556492694,0.2207352997621777,0.1647010840574437,26042
2008,2008,4,boll,Moree,1.3629777941002876,1.9528669335625388,2.7642100986681486,40.88933382300863,0.917469104105963,0.0825308958940368,0.0,0.2403303278889183,0.0676797713230856,0.0026556672216558,26042
2008,2007,9,pre,Narrabri,2.545169968583217,3.1424518802502885,3.5147397028963088,76.3550990574965,1.0,0.0,0.0,0.7664012756445431,0.3055425934703708,0.0082502868464149,15077
2008,2007,10,pre,Narrabri,2.2492270585546876,2.827270665589501,3.546391117011937,69.72603881519534,0.9701992747428378,0.0298007252571622,0.0,0.5164082462360121,0.2012925317872123,0.0444660605846984,15077
2008,2007,11,establish,Narrabri,1.4280925296681417,1.7958827310488028,2.4532785329474023,42.84277589004425,0.8556222160378316,0.1443777839621683,0.0,0.1983406835809165,0.0385531577305437,0.0034879261464518,15077
2008,2007,12,flower,Narrabri,2.4608561060340417,3.608657257527298,4.609945131672753,76.28653928705529,0.8462950385697294,0.1537049614302707,0.0,0.5699781623206126,0.3584080852548054,0.1819119201322781,15077
2008,2008,1,flower,Narrabri,2.3221837817095543,3.4836078836176245,4.70418778114511,71.9876972329962,0.3610333490397319,0.6389666509602682,0.0,0.4697671625401073,0.3149106517099517,0.1845551327586639,12014
2008,2008,2,flower,Narrabri,2.1517934740779223,3.231993055343628,4.670932113391222,62.402010748259755,0.924332775030258,0.075667224969742,0.0,0.4277809234570443,0.2769407631197922,0.1594041071572342,12014
2008,2008,3,boll,Narrabri,1.642643779988782,2.1721072723604227,3.642983357111613,50.921957179652225,1.0,0.0,0.0,0.2880672286653652,0.1448011160782046,0.0861924918135347,12014
2008,2008,4,boll,Narrabri,1.1062240162132144,1.5476072757851844,2.265407075753083,33.18672048639643,0.8766810136038531,0.123318986396147,0.0,0.1470412576733676,0.0219609108655281,0.0002524242628221,12014
2008,2007,9,pre,Warren,1.5197703976778718,1.8203243159112477,2.27206437928336,45.59311193033615,1.0,0.0,0.0,0.1698242180110327,0.0085759615796921,0.0,4686
2008,2007,10,pre,Warren,1.3604537149380376,1.5157267010730249,2.0488543936184476,42.17406516307917,0.8848441739373165,0.1151558260626835,0.0,0.1099598022820465,0.0238251983611505,0.0047167788688306,4686
2008,2007,11,establish,Warren,1.1998649787069144,1.3272950516806707,2.173462737690319,35.99594936120744,0.8868040333924402,0.1131959666075598,0.0,0.1183230463833404,0.0416203186390117,0.0102911538956305,4686
2008,2007,12,flower,Warren,1.6561353360926312,2.205708074569702,3.514536597511985,51.34019541887158,0.644984617919892,0.3550153820801078,0.0,0.2783757128768063,0.1561556486579881,0.0600847002323076,4686
2008,2008,1,flower,Warren,1.3373895581459354,1.391806273663624,2.798338876830207,41.459076302524,1.0,0.0,0.0,0.1668877469123596,0.0880470107639947,0.0298981759134972,8460
2008,2008,2,flower,Warren,1.3348210064843014,1.3904038182108325,3.2356593079037137,38.70980918804474,1.0,0.0,0.0,0.1765406796182003,0.1132157288785392,0.0523218078486201,8460
2008,2008,3,boll,Warren,0.9866446977794164,0.984075537043302,2.0462544626659818,30.585985631161908,1.0,0.0,0.0,0.1030123831302822,0.0275253048092514,0.0043898115428547,8460
2008,2008,4,boll,Warren,0.5838428915053668,0.5852507944498715,1.132775868065501,17.515286745161003,0.8267120148699922,0.1732879851300077,0.0,0.0176778897266312,0.0020169404386089,0.0,8460
2009,2008,9,pre,Hillston,1.7862313784356978,2.610209253311157,3.2651597782969475,53.586941353070934,1.0,0.0,0.0,0.4098736587388421,0.155608299624057,0.0003281490924168,15246
2009,2008,10,pre,Hillston,2.215498909212928,3.2334745973348618,4.3910487735972685,68.68046618560076,1.0,0.0,0.0,0.4619338044782186,0.2800424354685158,0.1525236981553388,15246
2009,2008,11,establish,Hillston,1.4571657935697857,2.0469228581684393,3.14193334904584,43.71497380709358,1.0,0.0,0.0,0.2564157008145047,0.1159678892601049,0.0250705906606452,15246
2009,2008,12,flower,Hillston,1.0455348796063322,1.0157088581646714,2.080180062188042,32.411581267796294,1.0,0.0,0.0,0.1081579408605845,0.0376058859909678,0.0161449353469076,15246
2009,2009,1,flower,Hillston,1.7190654073077218,1.5880376184195804,5.034969560561642,53.29102762653939,0.9994500246769972,0.0005499753230026,0.0,0.2212734049547385,0.1789253050835333,0.1426269337653575,10928
2009,2009,2,flower,Hillston,1.5440608833108798,1.1395536637306214,5.425269944327218,43.233704732704616,1.0,0.0,0.0,0.200466005234471,0.1700340373616569,0.1424436086576899,10928
2009,2009,3,boll,Hillston,0.9674183941097426,0.7985586101358587,3.2017501177995102,29.989970217402025,1.0,0.0,0.0,0.167100835638976,0.1223695093680927,0.0040331523686862,10928
2009,2009,4,boll,Hillston,0.6528174923968977,0.6487572376544659,1.8059632437569757,19.584524771906928,1.0,0.0,0.0,0.0780048333125445,0.0013749383075066,0.0,10928
2009,2008,9,pre,Moree,2.7213309232223115,3.4841906146580266,3.7341302318172263,81.63992769666933,1.0,0.0,0.0,0.7697365458434292,0.4634917535896238,0.0122176710218561,26042
2009,2008,10,pre,Moree,3.1292141301049257,3.9216856418641384,4.484125335840708,97.00563803325272,1.0,0.0,0.0,0.8360741277809026,0.5612518598284018,0.2312098774983959,26042
2009,2008,11,establish,Moree,1.4252902607280975,1.7049551860851244,2.796734185779796,42.75870782184294,1.0,0.0,0.0,0.1928642430290625,0.0811530437415924,0.0362625359914385,26042
2009,2008,12,flower,Moree,1.9591881176871804,2.671942981208954,3.8912993193602423,60.7348316483026,0.979834820944199,0.020165179055801,0.0,0.3442625106043843,0.2064983001251521,0.0890828715055399,26042
2009,2009,1,flower,Moree,2.7413447811649756,4.6092705726623535,6.421795937811236,84.98168821611428,1.0,0.0,0.0,0.4513514087828777,0.3442640024806186,0.27373524651149,28163
2009,2009,2,flower,Moree,2.9187768706196633,5.234042521885463,6.484365608225438,81.72575237735059,1.0,0.0,0.0,0.4678085751904011,0.371270788672922,0.3139303855388202,28163
2009,2009,3,boll,Moree,2.034508380519691,3.1408613212406635,4.202737812168342,63.06975979611044,0.9654111376762988,0.0345888623237011,0.0,0.4392873309777892,0.2728708604744211,0.1224064574376203,28163
2009,2009,4,boll,Moree,0.8810233224492879,1.1087130089807469,1.6096348507321816,26.43069967347865,0.943648684883408,0.0563513151165921,0.0,0.047021454053052,0.0042109286467011,7.129821751660199e-05,28163
2009,2008,9,pre,Narrabri,2.7435910881622756,3.4614848849687694,3.6480964602539463,82.30773264486827,1.0,0.0,0.0,0.8013285765383362,0.4977766866890252,0.0012621213141108,12014
2009,2008,10,pre,Narrabri,2.7501169542832073,3.4246771526461086,4.420878686710539,85.25362558277945,1.0,0.0,0.0,0.7261866580083495,0.351463334798384,0.1691443840386034,12014
2009,2008,11,establish,Narrabri,1.3879572168306036,1.8271554741375808,2.483145246950086,41.6387165049181,0.9983171715811856,0.0016828284188144,0.0,0.2005974370853148,0.0433493301023027,0.0148600348708445,12014
2009,2008,12,flower,Narrabri,2.045247578584215,2.921250627929927,3.858033252615535,63.40267493611066,0.9959612117948454,0.0040387882051546,0.0,0.4112123227915681,0.2330196013214492,0.0883244044437229,12014
2009,2009,1,flower,Narrabri,2.049751133024439,2.885828591965057,4.923490626471383,63.542285123757594,0.9439828652200656,0.0560171347799346,0.0,0.3389543169369879,0.2418295635544791,0.1609361214009616,9546
2009,2009,2,flower,Narrabri,1.9839225752525496,2.484633720838106,5.450596075791579,55.5498321070714,1.0,0.0,0.0,0.3049047104044568,0.2090631564880839,0.1645956469159637,9546
2009,2009,3,boll,Narrabri,1.5395131681089225,2.109500688314438,3.6720782279968263,47.7249082113766,0.9102523985288856,0.0897476014711143,0.0,0.2657023857051911,0.1507473018365688,0.070540280096049,9546
2009,2009,4,boll,Narrabri,0.8846466088186272,1.1318158538086809,1.6799654039469631,26.539398264558823,0.8952183804628316,0.1047816195371683,0.0,0.0601879480511719,0.0024340119239608,0.0,9546
2009,2008,9,pre,Warren,2.7266953400786567,3.1795909225940706,3.367385174246395,81.8008602023597,1.0,0.0,0.0,0.8519253987935579,0.4189001509797398,0.0010677919969106,8460
2009,2008,10,pre,Warren,2.4422802376300754,2.9528057417237616,3.329341099812434,75.71068736653233,1.0,0.0,0.0,0.7158379840831528,0.2130535826864157,0.0122202861868659,8460
2009,2008,11,establish,Warren,1.6233434804094165,2.1406777814814917,2.767885908167413,48.70030441228249,1.0,0.0,0.0,0.2919371235684259,0.0643048069250614,0.0041525244324301,8460
2009,2008,12,flower,Warren,1.8000504893450626,2.453125703601275,3.2982703506946565,55.80156516969694,1.0,0.0,0.0,0.3402929797910477,0.1435861526686657,0.0358298884052677,8460
2009,2009,1,flower,Warren,1.278310412774275,1.2342529956288697,1.7350635878985636,39.627622796002534,1.0,0.0,0.0,0.0704770322500863,0.0460524881821744,0.0384526933343771,17703
2009,2009,2,flower,Warren,1.332463686116465,1.3588757284580455,2.3279797455167213,37.30898321126103,0.9023885641436474,0.0976114358563525,0.0,0.1341309299862505,0.0614406826782059,0.0419123014367326,17703
2009,2009,3,boll,Warren,0.9708992688886434,0.9835850170236458,1.734355996955525,30.097877335547945,1.0,0.0,0.0,0.0747428813920457,0.0389070796637318,0.025521699115737,17703
2009,2009,4,boll,Warren,0.5634272561595284,0.5700279332125188,1.024107361993482,16.902817684785855,1.0,0.0,0.0,0.0133847133140309,0.0018715912684873,0.0,17703
2010,2009,9,pre,Hillston,1.798217969479823,2.8204305020589677,3.1018083681763726,53.94653908439468,1.0,0.0,0.0,0.4191077962416915,0.1551023870726323,0.0,10928
2010,2009,10,pre,Hillston,2.130080351474435,3.4835557289745496,3.9526498098985865,66.03249089570753,1.0,0.0,0.0,0.4899963802277761,0.3512728334117557,0.0894238307542606,10928
2010,2009,11,establish,Hillston,2.09460492475779,3.262549581655292,4.3908532574063255,62.83814774273369,1.0,0.0,0.0,0.4211236535040437,0.2764916463061967,0.1598950805246549,10928
2010,2009,12,flower,Hillston,1.3140524631924488,1.233671650432405,2.947666311264038,40.73562635896592,0.9941335965546384,0.0058664034453617,0.0,0.143635221857529,0.0970706445099701,0.0484894909780682,10928
2010,2010,1,flower,Hillston,1.239161728260947,1.0929604621490585,1.7802901504384108,38.41401357608938,1.0,0.0,0.0,0.0871886095836745,0.0597859524773635,0.0489690443774259,44477
2010,2010,2,flower,Hillston,1.232662938686399,1.2341623299137705,1.9206461988332617,34.51456228321916,1.0,0.0,0.0,0.0946487412353439,0.0543324279769783,0.0406986167260153,44477
2010,2010,3,boll,Hillston,1.377456534153985,1.6404035779039206,2.2023088297194127,42.70115255877353,0.999797182973126,0.0002028170268738,0.0,0.1340683292772873,0.0546252091578206,0.0353352331264629,44477
2010,2010,4,boll,Hillston,0.9228279627729524,1.0546185738564775,1.47695641445978,27.684838883188583,0.9302312962491311,0.0697687037508689,0.0,0.057382283495254,0.0096901468395274,0.0,44477
2010,2009,9,pre,Moree,2.53200621202307,3.1093995487594253,3.390205071947555,75.96018636069212,1.0,0.0,0.0,0.7558174452478618,0.3166040686956927,0.0025576488028749,28163
2010,2009,10,pre,Moree,2.009993019035132,2.5471896102134317,2.985133974980086,62.30978359008908,1.0,0.0,0.0,0.5003209817792512,0.094511658936169,0.0049809493958804,28163
2010,2009,11,establish,Moree,1.3913425723872803,1.671980750073408,2.4851722244946464,41.740277171618416,0.8836695486990591,0.1163304513009408,0.0,0.1753056806225704,0.0491104918262884,0.0139645248029722,28163
2010,2009,12,flower,Moree,1.373226533213857,1.6412103240725102,2.484824127621121,42.57002252962957,0.9150892751543608,0.0849107248456393,0.0,0.1740743184659307,0.0516204686837258,0.0171024851762617,28163
2010,2010,1,flower,Moree,2.374398679653898,3.0790002606131814,6.485660694740914,73.60635906927082,1.0,0.0,0.0,0.3415410693697433,0.255977888117622,0.2089367574756884,30683
2010,2010,2,flower,Moree,1.7959734883359646,2.359316634577374,5.204533861087648,50.287257673406984,1.0,0.0,0.0,0.2833046434054762,0.2098040637256443,0.1691852851787383,30683
2010,2010,3,boll,Moree,1.634060662709755,2.295711622996764,4.204079058346332,50.655880544002414,0.9612681482774172,0.0387318517225826,0.0,0.279575957947388,0.1960979559468991,0.1258911895723072,30683
2010,2010,4,boll,Moree,1.1181049128319802,1.5395390917273128,2.570534210938674,33.54314738495941,0.9945705781849188,0.0054294218150811,0.0,0.1749942737769781,0.0483764152753174,0.0004580978417432,30683
2010,2009,9,pre,Narrabri,2.568488131758759,3.257694162428379,3.460795310192762,77.05464395276277,1.0,0.0,0.0,0.7483700627738523,0.4618546963357434,0.0009524394485064,9546
2010,2009,10,pre,Narrabri,1.7306211534412166,2.3602761565725645,2.7350246558473468,53.64925575667771,1.0,0.0,0.0,0.4009081167761314,0.0446588274744127,0.0024340119239608,9546
2010,2009,11,establish,Narrabri,1.3111090235367702,1.5157045656396653,2.4849709838427447,39.3332707061031,0.9258798755977128,0.0741201244022871,0.0,0.1526820611868682,0.0631307576935942,0.0271032311560166,9546
2010,2009,12,flower,Narrabri,1.1017286821962808,1.1405922906739372,1.7345686107873917,34.15358914808471,0.9946028431251304,0.0053971568748697,0.0,0.0697077774669841,0.0241284660288296,0.0106884871443499,9546
2010,2010,1,flower,Narrabri,2.5804735337876337,3.6712654436470222,5.4840247259284025,79.99467954741665,1.0,0.0,0.0,0.4886931638094846,0.3326332069372036,0.2134437830232702,15751
2010,2010,2,flower,Narrabri,1.775608262445468,2.419273536713397,4.20166031519572,49.717031348473114,1.0,0.0,0.0,0.3118195366658445,0.1813099655370044,0.1075744249511887,15751
2010,2010,3,boll,Narrabri,1.6448870949299303,2.329649895429611,3.704099561228897,50.99149994282784,0.923507570456759,0.076492429543241,0.0,0.3211131432050234,0.1484995461694137,0.0786259607169066,15751
2010,2010,4,boll,Narrabri,1.1337511325112417,1.5236353421785174,2.523035214497493,34.01253397533724,1.0,0.0,0.0,0.1645860447220281,0.0396387237289353,0.0,15751
2010,2009,9,pre,Warren,2.1364466436585854,2.617050335311182,2.913554249142489,64.09339930975757,1.0,0.0,0.0,0.5990052876067519,0.0630556112819477,0.0005671488692386,17703
2010,2009,10,pre,Warren,1.2586310192651082,1.578236991983985,2.1408106234608866,39.017561597218354,1.0,0.0,0.0,0.1290697379594294,0.0221755207872293,0.0016447317207919,17703
2010,2009,11,establish,Warren,1.0518107025463106,1.140566097294118,1.4212628086661077,31.55432107638932,1.0,0.0,0.0,0.0268615049150677,0.0104922540809141,0.0051043398231474,17703
2010,2009,12,flower,Warren,0.9064712713231644,0.8901229274965697,1.2016938499041967,28.100609411018095,1.0,0.0,0.0,0.0212680825964475,0.0116265518193913,0.0073729353001018,17703
2010,2010,1,flower,Warren,2.273952866457485,3.391203846540385,4.827512130622148,70.49253886018201,0.9987134651428936,0.0012865348571063,0.0,0.403925907364445,0.2927871642501393,0.1842590147833786,37482
2010,2010,2,flower,Warren,1.827895561732211,2.671745459408183,3.953040380272429,51.1810757285019,0.8641138549713637,0.1358861450286358,0.0,0.3193238376409827,0.2143985113194045,0.0964552180760669,37482
2010,2010,3,boll,Warren,1.2149258891804562,1.703130158256082,2.6085426950129875,37.66270256459414,1.0,0.0,0.0,0.2019666324992159,0.0583818797031047,0.018470499251203,37482
2010,2010,4,boll,Warren,0.7726831329866449,1.0153914579375791,1.4835403096084818,23.18049398959935,0.8674007202913453,0.1325992797086544,0.0,0.0301837474490031,0.0024692219659429,2.6802809523048728e-05,37482
2011,2010,9,pre,Hillston,2.101012885280162,2.507569295381021,2.773067983966129,63.030386558404864,1.0,0.0,0.0,0.6692198340382294,0.0163522663985298,0.0,44477
2011,2010,10,pre,Hillston,2.770744910564049,3.3591180748151204,3.890268465039348,85.89309222748548,1.0,0.0,0.0,0.8493723453725637,0.4122562285153139,0.0793229322516896,44477
2011,2010,11,establish,Hillston,1.9409650560416192,2.2652087227484667,2.734375487256556,58.22895168124856,0.9974678360474876,0.0025321639525123,0.0,0.4155447806739322,0.0655313744242691,0.0219943798032065,44477
2011,2010,12,flower,Hillston,1.943896395143937,2.4214460143272767,2.890848715716304,60.260788249462074,1.0,0.0,0.0,0.4659751681260361,0.082505878158842,0.0246674993800603,44477
2011,2011,1,flower,Hillston,2.5776189988234015,3.482182887884287,6.797303797323493,79.90618896352545,1.0,0.0,0.0,0.3520301438339062,0.2636856587280169,0.239632382427194,15562
2011,2011,2,flower,Hillston,2.350026913169959,3.389075607061386,5.8921878401157075,65.80075356875884,0.9992282452162552,0.0007717547837447,0.0,0.3775926294896077,0.2682710422977106,0.226997293814108,15562
2011,2011,3,boll,Hillston,1.723125135968289,2.674832344055176,4.4227372114998955,53.41687921501696,1.0,0.0,0.0,0.2878640299218913,0.2331985704881979,0.1760244035924428,15562
2011,2011,4,boll,Hillston,1.1602850898953996,1.945895607272784,2.8364328779615797,34.80855269686199,1.0,0.0,0.0,0.2451607696362412,0.0246961530798312,0.0,15562
2011,2010,9,pre,Moree,2.1445489779349045,2.7967874737999376,3.2344139010478097,64.33646933804712,0.2417627399640322,0.7582372600359677,0.0,0.5975379486583957,0.1783743172641935,0.0036809508930662,30683
2011,2010,10,pre,Moree,2.256427640484394,3.0148094413539863,3.6725506844771014,69.94925685501619,0.8994058201523271,0.1005941798476728,0.0,0.6099136479152379,0.2511892900060887,0.02711900727503,30683
2011,2010,11,establish,Moree,1.7264986791152723,2.3592916947217253,2.9840905724138818,51.794960373458174,0.9982657724562578,0.0017342275437422,0.0,0.3521531560952355,0.095194014701476,0.0130068990561516,30683
2011,2010,12,flower,Moree,1.3943400883361778,1.765659988968492,2.9831331717109113,43.224542738421526,1.0,0.0,0.0,0.2129438945630715,0.09846819524207,0.0220658159563049,30683
2011,2011,1,flower,Moree,2.572971260732517,3.827844882497982,6.5459013986151104,79.76210908270801,1.0,0.0,0.0,0.3866273262988277,0.2989144519775415,0.2410510413386071,25982
2011,2011,2,flower,Moree,2.664810212860484,4.479761494530572,6.516167858846827,74.61468596009354,1.0,0.0,0.0,0.4179784248353552,0.3251938197147015,0.2671682422112165,25982
2011,2011,3,boll,Moree,1.5878493007993084,2.4531200605890024,3.983772829174995,49.22332832477856,1.0,0.0,0.0,0.2822424858391953,0.2231456976827718,0.0996382011784529,25982
2011,2011,4,boll,Moree,1.0631462948054675,1.367947023426787,1.9611691034757175,31.89438884416404,1.0,0.0,0.0,0.0944562878458814,0.0231731902708368,0.0053216496401562,25982
2011,2010,9,pre,Narrabri,2.540391103874912,3.078022702028134,3.264961364312043,76.21173311624736,0.8765909813540175,0.1234090186459825,0.0,0.7925928921138963,0.3177266176787482,0.0028179187485025,15751
2011,2010,10,pre,Narrabri,2.632100004688295,3.3594459540703716,3.766953762388729,81.59510014533714,0.8577237344606349,0.1422762655393652,0.0,0.7672916485628363,0.3894077397830354,0.042614867861712,15751
2011,2010,11,establish,Narrabri,2.075001981672393,2.7026898541920623,3.23354279200236,62.25005945017177,0.9994236075287154,0.0005763924712846,0.0,0.4966820388069102,0.1559007268823923,0.0307650423365921,15751
2011,2010,12,flower,Narrabri,1.9778870605772845,2.639912962008023,3.9222747907042503,61.31449887789582,1.0,0.0,0.0,0.3807749125867539,0.1952380689269958,0.0955560768342466,15751
2011,2011,1,flower,Narrabri,2.4242502901047067,3.388874039930456,5.046271764315092,75.1517589932459,1.0,0.0,0.0,0.4364796183806839,0.304449396749326,0.1799074035723269,7857
2011,2011,2,flower,Narrabri,2.4896274773690767,3.3914882029805864,5.576190292835236,69.70956936633415,0.8610482812684681,0.138951718731532,0.0,0.4919692853830791,0.3003645870690291,0.1980079544432849,7857
2011,2011,3,boll,Narrabri,1.6038320695874784,2.1396728193058685,3.7342539691925047,49.718794157211825,1.0,0.0,0.0,0.270596037729559,0.1581998753393064,0.0689720139773529,7857
2011,2011,4,boll,Narrabri,1.1995705796970668,1.5857464529219127,2.257265031337738,35.98711739091201,1.0,0.0,0.0,0.131625629996151,0.0436605390312227,0.0002576051609931,7857
2011,2010,9,pre,Warren,2.6290279908760743,3.0468622051025025,3.265702916466016,78.87083972628223,0.9477774059252916,0.0522225940747081,0.0,0.8607969284610938,0.2871595202318116,0.0004165471927052,37482
2011,2010,10,pre,Warren,2.682259920167267,3.2348514112928375,3.984028349805979,83.15005752518528,0.9160919653795992,0.0839080346204007,0.0,0.7965518553430296,0.3210776873653027,0.0970958577781963,37482
2011,2010,11,establish,Warren,1.5305738842599323,1.8583727045974563,2.5774354424969905,45.91721652779797,1.0,0.0,0.0,0.2025263382274913,0.0673546194589658,0.019253246398333,37482
2011,2010,12,flower,Warren,2.466243833648665,3.20402542977106,6.358782144693228,76.4535588431086,0.999973197190477,2.680280952304873e-05,0.0,0.39032857932076,0.269928256762086,0.194899625054972,37482
2011,2011,1,flower,Warren,2.1277150956407063,2.5139950633049013,5.140984846995427,65.95916796486189,1.0,0.0,0.0,0.3196145670180897,0.2064501155100039,0.1582402515858609,5150
2011,2011,2,flower,Warren,1.8264077015193023,2.640959208764291,4.358208043234689,51.13941564254048,0.0047034013584529,0.9952965986415472,0.0,0.3460466067111082,0.2017905203406737,0.1290399681521319,5150
2011,2011,3,boll,Warren,1.303178018842419,1.5745404440423716,3.5774845242500306,40.39851858411499,1.0,0.0,0.0,0.2036772605914911,0.1438456915460203,0.0129343537357456,5150
2011,2011,4,boll,Warren,0.9746639971085193,1.2047114199095057,2.45591812384756,29.239919913255576,0.8494358223958758,0.1505641776041242,0.0,0.1509007935836998,0.0266526076979002,0.000979875283011,5150
2012,2011,9,pre,Hillston,1.3245632849611575,1.8821293765848333,2.5709215927124025,39.73689854883472,1.0,0.0,0.0,0.2123304220187188,0.0166716687810057,0.0,15562
2012,2011,10,pre,Hillston,1.522303290306525,2.0784102756286336,3.2021623665178325,47.19140199950227,1.0,0.0,0.0,0.2704049694955094,0.1235221274202457,0.0115763217561708,15562
2012,2011,11,establish,Hillston,1.5312680650390913,2.0163347010026897,2.671135128185313,45.93804195117273,0.5143089894299858,0.485691010570014,0.0,0.2549055609219695,0.0465625386192651,0.0013505708715532,15562
2012,2011,12,flower,Hillston,1.438071975876391,1.5150580979012824,3.54660564661026,44.580231252168126,0.7527169047084609,0.2472830952915392,0.0,0.1961543408684511,0.1337065162837737,0.0774327299690541,15562
2012,2012,1,flower,Hillston,2.8521611640115383,4.953262063254297,5.921403692318843,88.41699608435768,0.0994226849255099,0.9005773150744899,0.0,0.4874622932541691,0.4229792689850473,0.3620324278014145,18383
2012,2012,2,flower,Hillston,2.788627888088818,5.327759262862479,5.702775999008556,80.87020875457571,1.0,0.0,0.0,0.4644053877040097,0.418564116858421,0.369452362956072,18383
2012,2012,3,boll,Hillston,2.722345519502107,4.515872731889997,4.827689955172375,84.3927111045653,0.9948044208380644,0.0051955791619355,0.0,0.5609117850253772,0.436279233415872,0.352064294704297,18383
2012,2012,4,boll,Hillston,1.142359927458792,1.663391837286293,2.163149330989424,34.27079782376376,0.9609722355226616,0.0390277644773383,0.0,0.1399606430496463,0.0188597856273171,0.0,18383
2012,2011,9,pre,Moree,2.5341073409447232,3.179583294060448,3.491817618523404,76.02322022834173,1.0,0.0,0.0,0.7521753851311475,0.3364109168914521,0.0039420188289369,25982
2012,2011,10,pre,Moree,2.1699019028407927,2.7337528169039,3.3594390056571184,67.26695898806457,0.9102623132390908,0.0897376867609093,0.0,0.5625210854813372,0.1711668224175836,0.0600262922501516,25982
2012,2011,11,establish,Moree,1.559806138564745,2.0151982576074734,3.014903703769604,46.79418415694236,1.0,0.0,0.0,0.2520594434008846,0.1026451082744202,0.0068792093289292,25982
2012,2011,12,flower,Moree,1.9455207166137631,2.593112555253251,3.71726454789428,60.3111422150267,0.442141742326855,0.5578582576731449,0.0,0.365899824526359,0.1861290648185504,0.0784940669661247,25982
2012,2012,1,flower,Moree,2.286326863189265,3.57676441082056,5.235522434275637,70.87613275886721,0.9729413528017916,0.0270586471982083,0.0,0.3861807603807914,0.2973913270553557,0.2138213613540149,28939
2012,2012,2,flower,Moree,2.6014815276133443,4.046020149981119,5.889500765733316,75.442964300787,0.1994024052312187,0.8005975947687812,0.0,0.4496508250148181,0.3322079071615893,0.2550060020613469,28939
2012,2012,3,boll,Moree,2.0121763499038634,3.172896061254584,4.296795429446672,62.37746684701979,0.980352463674132,0.0196475363258679,0.0,0.4027395404594425,0.2677086651377481,0.1627395078173686,28939
2012,2012,4,boll,Moree,1.2589786610993294,1.7030816333831869,2.3567016825956455,37.76935983297988,0.9135833734332146,0.0864166265667855,0.0,0.1668638338605481,0.032649962448014,0.0004855508499588,28939
2012,2011,9,pre,Narrabri,2.3872278188900657,3.1408570524901096,3.484070963674891,71.61683456670197,0.9147033954380652,0.0852966045619348,0.0,0.6506591156364312,0.3012828737017457,0.0056673135418487,7857
2012,2011,10,pre,Narrabri,2.483932869852338,3.235065711787807,3.673041643910141,77.00191896542248,0.8548465632945984,0.1451534367054017,0.0,0.700515311343618,0.3284541568886145,0.0414400835650938,7857
2012,2011,11,establish,Narrabri,2.0926472023980356,2.7961855293953257,3.3596022748071976,62.779416071941064,1.0,0.0,0.0,0.4888977226693551,0.1898489423540262,0.0285941728702367,7857
2012,2011,12,flower,Narrabri,2.390987331654541,3.327622969945272,4.577690760294597,74.12060728129079,0.8479013261109601,0.1520986738890398,0.0,0.4887764967112407,0.2996538998895833,0.1577897275143526,7857
2012,2012,1,flower,Narrabri,2.9101296834500037,4.547652403513591,5.3274309111184,90.2140201869501,0.9057893899582554,0.0942106100417445,0.0,0.5816095169657175,0.4657417210187657,0.3396375368670882,8671
2012,2012,2,flower,Narrabri,3.226353456844807,4.891642130758876,5.924456350100076,93.5642502484994,0.3940225490357416,0.6059774509642585,0.0,0.6372475073002777,0.4945748468175908,0.3768854098669401,8671
2012,2012,3,boll,Narrabri,1.987512647206492,2.671696217656728,3.9839990126869713,61.61289206340126,0.5735933823005064,0.4264066176994936,0.0,0.4355838485126084,0.2014501816612634,0.0959938525901586,8671
2012,2012,4,boll,Narrabri,1.0885252808108488,1.3974272633859857,1.8979601232629073,32.655758424325455,0.9413760726425634,0.0586239273574365,0.0,0.0826558748722336,0.0164989934119221,0.0,8671
2012,2011,9,pre,Warren,2.1919043058735235,2.820410472105396,3.195377579441777,65.7571291762057,1.0,0.0,0.0,0.6363932596877003,0.1864437520846366,0.0005879251698066,5150
2012,2011,10,pre,Warren,2.190842736980551,2.7341965998536883,3.232261139154434,67.91612484639708,0.4819618409666258,0.5180381590333742,0.0,0.5938382368085732,0.1628614202735043,0.0154558994640274,5150
2012,2011,11,establish,Warren,1.174953066221572,1.452273459602604,2.014990576933634,35.24859198664717,0.8297545470055782,0.1702454529944219,0.0,0.1035194046047221,0.0184216553206075,0.0039195011320441,5150
2012,2011,12,flower,Warren,1.9168061396821512,2.4795582735979997,3.454072012342849,59.42099033014669,0.4939770332604254,0.5060229667395745,0.0,0.3755619872946681,0.1598756826464471,0.0534658380892508,5150
2012,2012,1,flower,Warren,2.7380772072070187,4.268012682596843,5.4850568404564495,84.88039342341759,0.0951398318577269,0.9048601681422732,0.0,0.5336324806658347,0.4281684057960406,0.2894828728392035,5383
2012,2012,2,flower,Warren,2.853795483597024,4.920466478480849,5.328009229439956,82.76006902431371,0.8045574827703581,0.1954425172296419,0.0,0.5164595693596027,0.4387481196540529,0.3721932062323174,5383
2012,2012,3,boll,Warren,3.310244324537148,4.952694588237339,5.202703475952148,102.61757406065158,0.8628480241269889,0.1371519758730112,0.0,0.7099146844495847,0.590410693175122,0.4528026762218132,5383
2012,2012,4,boll,Warren,1.4101998079061469,2.3280339516126194,2.890801889854565,42.3059942371844,0.8762767137225909,0.1237232862774091,0.0,0.311725672623993,0.0612251620483052,0.0001866620794155,5383
2013,2012,9,pre,Hillston,1.4070115675249362,2.1109265804290773,2.7047588213664073,42.210347025748064,0.9746133562252898,0.0253866437747103,0.0,0.2808863992366307,0.0337169702586973,0.001199177120812,18383
2013,2012,10,pre,Hillston,1.9443110729276532,2.828308410644531,3.891025296572981,60.27364326075726,0.9828092295169432,0.0171907704830567,0.0,0.3970120610284963,0.219766414832346,0.0911656771139718,18383
2013,2012,11,establish,Hillston,1.7604645357787267,2.202120915952935,2.9536285008056256,52.8139360733618,0.7082399927493604,0.2917600072506395,0.0,0.3163820420126681,0.0914305221144506,0.0238200182634034,18383
2013,2012,12,flower,Hillston,1.564010880687476,1.859628727941802,2.8286143002971524,48.484337301311754,0.9854944457364871,0.0,0.0145055542635128,0.2222972984527408,0.0806958561910885,0.0295978716636797,18383
2013,2013,1,flower,Hillston,2.3245581188397444,3.591364379656517,6.090616902218589,72.06130168403209,0.9952390354854525,0.0047609645145477,0.0,0.3222628877608346,0.2686457705404647,0.2363094958031743,29309
2013,2013,2,flower,Hillston,1.9842162776786656,3.206323400775957,5.452556427568197,55.55805577500266,0.9850057164549854,0.0149942835450144,0.0,0.2952859655098502,0.2566147406925134,0.2183638887872361,29309
2013,2013,3,boll,Hillston,1.612272599823186,2.328996687302629,3.983813938498497,49.98045059451877,0.6694256319970272,0.3305743680029726,0.0,0.2978327336719105,0.1801072728401163,0.0981495683067778,29309
2013,2013,4,boll,Hillston,0.7219599299561362,0.9610595850296962,1.4763103233629495,21.658797898684092,0.9791015949908064,0.0208984050091936,0.0,0.0345040906600672,0.0075542460009949,0.0,29309
2013,2012,9,pre,Moree,2.545448684994188,3.2338461898229096,3.515167558867719,76.36346054982565,0.9980231143965964,0.0019768856034036,0.0,0.7231183680486323,0.3837633427877473,0.0025318008604994,28939
2013,2012,10,pre,Moree,2.422805311460666,2.984922755670543,3.577709780643638,75.10696465528065,1.0,0.0,0.0,0.6927946974038941,0.2387779949986902,0.0458181831040816,28939
2013,2012,11,establish,Moree,1.533157726877208,1.8598674253864296,2.6087383573641723,45.99473180631624,0.9080320447239936,0.0919679552760064,0.0,0.2133821894507889,0.0643354876195413,0.0144971610916271,28939
2013,2012,12,flower,Moree,1.8331624309195784,2.3434495341453108,3.5917727214838164,56.82803535850693,0.8921085610095322,0.0370869723578757,0.0708044666325919,0.2996391418725179,0.1590097428430212,0.0721301428607568,28939
2013,2013,1,flower,Moree,2.5933383358246305,3.343014136491002,7.343250515211874,80.39348841056353,0.9280376937370484,0.0719623062629514,0.0,0.3182729467932513,0.2606645370788927,0.2317187666452438,47105
2013,2013,2,flower,Moree,2.2405724459649115,3.4094138051581195,5.780444127505588,62.736028487017514,0.7568036349156738,0.2427225008658662,0.0004738642184601,0.3385943382800176,0.2690786999246266,0.224203833692808,47105
2013,2013,3,boll,Moree,1.790015677625873,2.7349333569060925,4.546819138955237,55.490486006402065,0.92883072854345,0.07116927145655,0.0,0.3106485576449509,0.2337987688393847,0.17330695347033,47105
2013,2013,4,boll,Moree,1.1134153095093853,1.5778154241354512,2.234913225906749,33.40245928528156,1.0,0.0,0.0,0.1376435494177582,0.0348331591566671,0.002619841155563,47105
2013,2012,9,pre,Narrabri,2.6216167661893977,3.233551801208028,3.48457325217419,78.64850298568194,0.9974355317363232,0.0025644682636767,0.0,0.7828498784963165,0.4020592543019983,0.0024479015244186,8671
2013,2012,10,pre,Narrabri,2.359337299011885,2.8901487810482474,3.420895576477051,73.13945626936845,0.9092050239807496,0.0907949760192504,0.0,0.6630238417837363,0.2092459823330535,0.0326885135592259,8671
2013,2012,11,establish,Narrabri,2.0279633101099095,2.5146061432851474,3.1116843300030053,60.838899303297275,0.8730281936086686,0.1269718063913314,0.0,0.4614031526960286,0.1169726657853306,0.0304275759420878,8671
2013,2012,12,flower,Narrabri,1.888816243509266,2.2209811708282787,3.21421584104742,58.55330354878726,0.8834085760207132,0.0156981113445493,0.1008933126347374,0.309655657280987,0.1260566432070389,0.054220447360289,8671
2013,2013,1,flower,Narrabri,2.255337388640807,2.6592098201500605,5.5935642579022575,69.91545904786501,0.8530006163865371,0.1469993836134627,0.0,0.3314452377401077,0.2239449097793408,0.1630843766678826,11016
2013,2013,2,flower,Narrabri,2.142448266680094,2.6517101249637927,4.469911598023915,59.98855146704262,0.220932343041571,0.7790676569584291,0.0,0.3762441393860214,0.2156091354594775,0.1308349611568658,11016
2013,2013,3,boll,Narrabri,2.0023871789552583,3.1706971997241187,4.453432830897245,62.07400254761302,0.8598013546127458,0.1401986453872542,0.0,0.3810149352434727,0.2654243093505658,0.1562642303524545,11016
2013,2013,4,boll,Narrabri,1.2893503718348556,1.7982618541887498,2.419607186745325,38.68051115504567,1.0,0.0,0.0,0.1966287430207253,0.0383363673448116,0.0013747396530624,11016
2013,2012,9,pre,Warren,1.9428984243387613,2.578887170903823,2.9524039363861085,58.28695273016284,0.4550997178108564,0.5449002821891435,0.0,0.5525395192902449,0.0921568986278507,0.0119463730825961,5383
2013,2012,10,pre,Warren,1.6752706861016118,2.2323207990178524,2.8931218573921607,51.93339126914996,0.8675841168870622,0.1324158831129379,0.0,0.3293304687414218,0.0815713287046017,0.0164262629885696,5383
2013,2012,11,establish,Warren,1.3406787134711635,1.6389259978344566,2.203827917575836,40.22036140413491,0.0018893130469473,0.9981106869530528,0.0,0.1406348706724592,0.0346671741923205,0.0069064969383758,5383
2013,2012,12,flower,Warren,1.6411625789577702,2.28258364200592,3.095270304452806,50.87603994769088,0.8600429688786733,0.0024266070324023,0.1375304240889243,0.2860973351243133,0.1126414148253611,0.0342433414708239,5383
2013,2013,1,flower,Warren,2.971735424091556,5.091991405675907,5.904153912155716,92.12379814683824,0.8351434851466748,0.1648565148533253,0.0,0.4945750573129425,0.4501442372436866,0.4036630668389796,9994
2013,2013,2,flower,Warren,2.8302466538025115,5.423457083878694,5.766819678553353,79.24690630647031,1.0,0.0,0.0,0.4702531849930264,0.4381953451889024,0.4054614056102499,9994
2013,2013,3,boll,Warren,1.89242368645677,3.233907684203117,3.82746964339153,58.66513428015987,0.996083976553474,0.0039160234465259,0.0,0.4339135112062455,0.2930012450946343,0.0520923653884167,9994
2013,2013,4,boll,Warren,0.9144621736884052,1.1406562172784345,1.6103095604527382,27.43386521065216,0.8945859253116477,0.1054140746883522,0.0,0.0550105805480149,0.0104427291907357,0.0012049302912387,9994
2014,2013,9,pre,Hillston,2.228107259219844,2.961030654026666,3.3511177869943474,66.84321777659531,1.0,0.0,0.0,0.6481229397739395,0.2345127233180826,0.0008203706064428,29309
2014,2013,10,pre,Hillston,1.97401571035269,2.6099485926734887,3.7033611271116462,61.19448702093341,1.0,0.0,0.0,0.4106932091410197,0.1813690618137187,0.0661411737170952,29309
2014,2013,11,establish,Hillston,1.6552149303658978,1.8592224406418336,3.170116686820984,49.65644791097693,1.0,0.0,0.0,0.2171417778691088,0.1142693145334416,0.0469320351102533,29309
2014,2013,12,flower,Hillston,1.433039423514043,1.5466410313963823,2.20315107667136,44.42422212893532,1.0,0.0,0.0,0.1267365348966487,0.0532557252015839,0.0262518594061723,29309
2014,2014,1,flower,Hillston,2.335739909365679,2.779515965510223,6.093069400854699,72.40793719033606,1.0,0.0,0.0,0.3036780210740882,0.2433451707798971,0.2163240958380767,27614
2014,2014,2,flower,Hillston,2.1494635658852315,2.794015323414522,6.609178541812437,60.1849798447865,0.9998911668141012,0.0001088331858987,0.0,0.2669423394667828,0.2460660004273658,0.2269839151664521,27614
2014,2014,3,boll,Hillston,1.7689585642505865,2.828200574905153,4.641137649502244,54.837715491768186,1.0,0.0,0.0,0.3228948318605524,0.2385580755219795,0.1876646902180732,27614
2014,2014,4,boll,Hillston,0.9185669703196244,1.42980691996114,2.210695491896735,27.557009109588737,1.0,0.0,0.0,0.136928081608102,0.0046435492650132,0.0,27614
2014,2013,9,pre,Moree,2.938453062322213,3.796657068541812,4.265927173074171,88.15359186966639,1.0,0.0,0.0,0.7886946884562261,0.5179891132476113,0.1823635547827006,47105
2014,2013,10,pre,Moree,2.4057452906679178,3.046191752335612,3.889697680414459,74.5781040107054,1.0,0.0,0.0,0.6159131916205889,0.2626343305135611,0.0846782899279729,47105
2014,2013,11,establish,Moree,1.494251930844162,1.577988781782077,2.484705907146947,44.827557925324825,1.0,0.0,0.0,0.1600433543532711,0.061396898534859,0.0193969925216918,47105
2014,2013,12,flower,Moree,1.578644204749812,1.9684803656169347,3.405874154425615,48.93797034724417,1.0,0.0,0.0,0.2461451601547338,0.1454785727581004,0.049272597102028,47105
2014,2014,1,flower,Moree,2.918095101186695,5.719476458761427,6.968750227759866,90.46094813678756,0.9993195624227404,0.0006804375772597,0.0,0.4078238763612561,0.3668785766708468,0.3386683660094323,37482
2014,2014,2,flower,Moree,2.512729624781958,5.484600425106813,5.953659857555176,70.35642949389484,1.0,0.0,0.0,0.3858573844446045,0.3529384322722424,0.3222746116194488,37482
2014,2014,3,boll,Moree,2.1015604559744103,4.453136221806806,4.984350038829603,65.14837413520674,0.9999732069823656,2.6793017634533783e-05,0.0,0.372574036725347,0.3215463668930765,0.2790197538089427,37482
2014,2014,4,boll,Moree,0.9831853857122071,1.3913922893047297,2.1723083411100492,29.495561571366213,1.0,0.0,0.0,0.1221760553428166,0.0258033571125742,0.0009891351686725,37482
2014,2013,9,pre,Narrabri,2.7122344368935813,3.578060423266934,3.9518898770187856,81.36703310680745,1.0,0.0,0.0,0.712128797830607,0.4579974805424921,0.0815775901263143,11016
2014,2013,10,pre,Narrabri,2.191950998316381,2.7971417608992812,3.516946626746136,67.95048094780783,1.0,0.0,0.0,0.5266187334784149,0.1871425003010051,0.0470588658128305,11016
2014,2013,11,establish,Narrabri,1.7862199583127265,1.921372592449188,3.044625683945429,53.58659874938179,1.0,0.0,0.0,0.2349884719544125,0.105675608165055,0.0371851801268354,11016
2014,2013,12,flower,Narrabri,1.6517977831053137,2.029267946595609,3.030232131034777,51.2057312762647,1.0,0.0,0.0,0.2579547108643967,0.1013900145380964,0.026122209862544,11016
2014,2014,1,flower,Narrabri,2.202661881698658,2.720094545214784,5.342482150068655,68.2825183326584,1.0,0.0,0.0,0.3166983923361818,0.2329506424448077,0.1852436841778569,15319
2014,2014,2,flower,Narrabri,2.0828762961868152,2.4796692530314126,6.140229047240299,58.32053629323083,1.0,0.0,0.0,0.2826069189547081,0.2254872649024436,0.1928177567192899,15319
2014,2014,3,boll,Narrabri,1.761381059202848,2.2967518199573864,4.953319922744666,54.60281283528829,0.9273874428420682,0.0726125571579317,0.0,0.2795612546812605,0.2027919451283855,0.1692371355858559,15319
2014,2014,4,boll,Narrabri,1.1589784590830798,1.5228021296753818,2.5401944897391577,34.7693537724924,1.0,0.0,0.0,0.1657983488858083,0.0548123874945687,0.0004616602180794,15319
2014,2013,9,pre,Warren,2.6671685344220597,3.39143962202401,3.7342869937765086,80.0150560326618,1.0,0.0,0.0,0.7960529476296344,0.4801442451190479,0.0342149012862827,9994
2014,2013,10,pre,Warren,2.792735153615813,3.5166845887965703,4.237705743568523,86.5747897620902,0.9997991782847936,0.0002008217152064,0.0,0.788335093476602,0.4329731930573964,0.1343658719639497,9994
2014,2013,11,establish,Warren,1.5654977636548175,1.671228848746871,2.297105428150722,46.96493290964453,1.0,0.0,0.0,0.1475059124275565,0.0590490658640098,0.0363487304523686,9994
2014,2013,12,flower,Warren,1.5737968028804563,1.6709151056505018,2.9200364351272583,48.78770088929414,1.0,0.0,0.0,0.1910125588387937,0.0914006566476319,0.0312277767146039,9994
2014,2014,1,flower,Warren,2.042857819785478,1.715387426295567,6.532092466515347,63.32859241334983,1.0,0.0,0.0,0.2324383362515452,0.2022549184332442,0.1871599117990458,23915
2014,2014,2,flower,Warren,1.674953878829748,1.389304856731467,5.451309633255005,46.89870860723294,0.9864879013887872,0.0135120986112125,0.0,0.2140861665875487,0.1915201638573622,0.1774472871017564,23915
2014,2014,3,boll,Warren,1.4454565073481989,2.1400180622591143,3.484657251274717,44.809151727794166,1.0,0.0,0.0,0.2686678031726424,0.1684872032603948,0.0139628976252587,23915
2014,2014,4,boll,Warren,0.909355982585211,1.1792456963159157,2.1156348364693778,27.280679477556337,0.9999579540056396,4.20459943605604e-05,0.0,0.1148630611429552,0.0102010177768815,0.0,23915
2015,2014,9,pre,Hillston,1.5680484368250525,2.1792604598132046,2.7266824110498966,47.041453104751554,0.987583058215369,0.0124169417846309,0.0,0.3136051725496812,0.0696532389751982,0.0,27614
2015,2014,10,pre,Hillston,1.790731737500589,2.2960738369396756,3.6090639475229622,55.51268386251825,1.0,0.0,0.0,0.3228094724990631,0.1406124761811815,0.0827132212830479,27614
2015,2014,11,establish,Hillston,1.157726937768144,1.172680213879542,2.0153841278769753,34.73180813304433,1.0,0.0,0.0,0.1017227510866958,0.0505348759856516,0.0144748137245333,27614
2015,2014,12,flower,Hillston,1.2984392495675072,1.2645926831777532,2.454797108968099,40.25161673659275,0.999165612241443,0.000834387758557,0.0,0.1313205406206706,0.0693917547978363,0.0329939539964257,27614
2015,2015,1,flower,Hillston,1.4865170489683068,1.3585992751802718,4.389884757754973,46.082028518017495,0.984572264826216,0.015427735173784,0.0,0.1849787601351009,0.1504148189337001,0.1161675606301533,27529
2015,2015,2,flower,Hillston,1.5907931213291204,1.2647793812411172,5.828250610346463,44.54220739721539,1.0,0.0,0.0,0.1824654105957818,0.1585016448252944,0.1384108253055883,27529
2015,2015,3,boll,Hillston,1.1661638717721,0.9540474743129098,4.2970473902943835,36.151080024935105,1.0,0.0,0.0,0.1594110382819696,0.1356521178454094,0.1132196993309859,27529
2015,2015,4,boll,Hillston,0.5430376597897038,0.570594555593214,1.335834503173828,16.291129793691116,1.0,0.0,0.0,0.0313195106478918,0.0,0.0,27529
2015,2014,9,pre,Moree,2.2065776169048723,2.8586315357888523,3.4212717314710273,66.1973285071462,1.0,0.0,0.0,0.6001854497102941,0.2029782277837288,0.0066156688719246,37482
2015,2014,10,pre,Moree,2.0435295574353955,2.547052549137738,3.077606034797491,63.34941628049729,1.0,0.0,0.0,0.4788974515637403,0.1144585104868396,0.0159867106632532,37482
2015,2014,11,establish,Moree,1.5752677730176412,1.9212576484970727,2.73301653065663,47.258033190529225,1.0,0.0,0.0,0.223244676463805,0.074181775389405,0.0165152160699266,37482
2015,2014,12,flower,Moree,1.4125346026767087,1.6405701751191193,2.7650265084707595,43.78857268297797,0.996436528654607,0.0035634713453929,0.0,0.1880238363293355,0.0822161082774138,0.0336589648123622,37482
2015,2015,1,flower,Moree,1.8716355398251376,2.1093937293081493,4.953616762161255,58.020701734579255,0.999721734560524,0.000278265439476,0.0,0.2667148411435349,0.1753799032552909,0.1298145013468774,54121
2015,2015,2,flower,Moree,1.7655879474630027,2.014808746650284,4.85694047080146,49.4364625289641,0.8698725318764882,0.1301274681235117,0.0,0.2517756608749625,0.1728114223125087,0.122586292840874,54121
2015,2015,3,boll,Moree,1.4457163794780512,1.7032925060817177,3.922166734933853,44.81720776381958,1.0,0.0,0.0,0.2078060112318843,0.131867263675164,0.0968676550655077,54121
2015,2015,4,boll,Moree,0.7933233055433914,0.9924362524848348,1.7111840542926584,23.799699166301743,0.9999814489707016,1.8551029298404437e-05,0.0,0.0679242664050025,0.0102587192020176,0.0,54121
2015,2014,9,pre,Narrabri,2.789859974065935,3.453028787681871,3.765788820473952,83.69579922197805,1.0,0.0,0.0,0.79824051850779,0.4921939335002381,0.0289283793010697,15319
2015,2014,10,pre,Narrabri,2.405272400607835,3.014934144095292,3.5770981510005764,74.56344441884288,1.0,0.0,0.0,0.6776556454449525,0.2529623843909706,0.0487484740642651,15319
2015,2014,11,establish,Narrabri,1.672929282041803,1.9841788376153529,2.702422942055596,50.1878784612541,1.0,0.0,0.0,0.2455828039974343,0.0740940079865924,0.0149709813577207,15319
2015,2014,12,flower,Narrabri,1.2280069172237835,1.3280557137266182,2.0170985109665813,38.068214433937285,0.9998680970805488,0.0001319029194512,0.0,0.1021122571434483,0.04272283834392,0.0156116157331733,15319
2015,2015,1,flower,Narrabri,1.9495607564187565,2.485471610879483,4.044377838693014,60.436383448981445,1.0,0.0,0.0,0.3340937333887994,0.188987941115226,0.1030520922578586,25355
2015,2015,2,flower,Narrabri,1.7532894029247763,2.015520171919138,3.609324272689187,49.092103281893735,0.9448451682305302,0.0551548317694696,0.0,0.2507661496496589,0.1267786298252398,0.0889384608603708,25355
2015,2015,3,boll,Narrabri,1.6440534509847191,2.1715457515357026,3.327808881486475,50.9656569805263,1.0,0.0,0.0,0.2798834963492543,0.1336896680025972,0.0610686333341795,25355
2015,2015,4,boll,Narrabri,1.1630793288522363,1.6798899019547446,2.350473919948402,34.8923798655671,0.9998411398805404,0.0001588601194596,0.0,0.1680367832819348,0.021588622998927,0.0,25355
2015,2014,9,pre,Warren,2.616265059142001,3.054593553077729,3.398720585066697,78.48795177426003,0.9994534020733128,0.0005465979266872,0.0,0.8239004931253152,0.2900329393266408,0.0008366328446489,23915
2015,2014,10,pre,Warren,1.8124708291254747,2.2349468898720097,2.703631082320596,56.186595702889726,1.0,0.0,0.0,0.3434508087423351,0.043219489818851,0.0039480364273304,23915
2015,2014,11,establish,Warren,1.3372418004192932,1.4527800748669175,1.7025266016381269,40.117254012578805,0.9999159080112788,8.40919887211208e-05,0.0,0.0443182918048069,0.008333516082263,0.0044989213965799,23915
2015,2014,12,flower,Warren,0.9439643653974308,0.9834882051086424,1.4529111020199887,29.26289532732035,0.9828861260914852,0.0171138739085148,0.0,0.0422379219583474,0.0155149719190467,0.0076944169679825,23915
2015,2015,1,flower,Warren,1.4288513869521866,1.733571844639672,2.7975256510129887,44.29439299551778,1.0,0.0,0.0,0.2025013630816082,0.0830336186604459,0.0400201513764769,31388
2015,2015,2,flower,Warren,1.3066867479850464,1.4221899206710094,2.171878081075439,36.5872289435813,1.0,0.0,0.0,0.1223707534245973,0.0538072147303497,0.0381499569377996,31388
2015,2015,3,boll,Warren,0.958251391913058,0.9516472129496736,1.5481756161717537,29.705793149304803,0.9999359436424632,6.405635753696523e-05,0.0,0.067155931637548,0.0402297789465341,0.031102752803125,31388
2015,2015,4,boll,Warren,0.6251862077090635,0.6953655246900724,1.225352806526155,18.755586231271906,0.9999359436424632,6.405635753696523e-05,0.0,0.019004139673506,0.0010249017205914,0.0,31388
2016,2015,9,pre,Hillston,2.07673444027518,2.7732321687269397,3.2419102635003822,62.302033208255395,1.0,0.0,0.0,0.6039211334052386,0.1643467266899633,0.0,27529
2016,2015,10,pre,Hillston,1.855107670720707,2.203398769848967,3.8910704234550737,57.50833779234193,0.999454363925995,0.000545636074005,0.0,0.2896413166761933,0.1593257336094846,0.0962502034544968,27529
2016,2015,11,establish,Hillston,1.42318902782268,1.7340193041600287,2.6720406196929596,42.69567083468038,1.0,0.0,0.0,0.1902087353981724,0.064676062638736,0.0213889341009993,27529
2016,2015,12,flower,Hillston,1.5851973819455316,1.7657821640768885,3.01479356876318,49.141118840311464,1.0,0.0,0.0,0.194501072513679,0.1000696559725324,0.0507077791442058,27529
2016,2016,1,flower,Hillston,1.4155838362530422,1.2969433620805688,3.296944167878893,43.88309892384433,0.9997699780643032,0.0002300219356966,0.0,0.1382794040024094,0.1064609518855866,0.0866073873886501,56658
2016,2016,2,flower,Hillston,1.4984898202965045,1.390197482387305,3.4509337343731707,43.456204788598654,1.0,0.0,0.0,0.1383557310398955,0.1054499655799755,0.093920627791271,56658
2016,2016,3,boll,Hillston,0.8821786814662884,0.8269292731272732,1.7964343737672877,27.347539125454944,1.0,0.0,0.0,0.0942119195216043,0.0699266684517941,0.0209496901434525,56658
2016,2016,4,boll,Hillston,0.6126021591957096,0.6399827789755802,1.2966056041337743,18.378064775871284,0.1969281281716919,0.803071871828308,0.0,0.046996152909146,0.0029902851640569,1.7693995053591642e-05,56658
2016,2015,9,pre,Moree,3.082839010646898,3.7029104661425696,3.953282881551194,92.48517031940696,0.9999443469121048,5.56530878952133e-05,0.0,0.8652256081609395,0.6391620376392381,0.0768986723864946,54121
2016,2015,10,pre,Moree,2.835396067428535,3.421901710379718,4.046875959262252,87.8972780902846,1.0,0.0,0.0,0.8187423304224949,0.4173328304913156,0.1067827073561305,54121
2016,2015,11,establish,Moree,1.246952382203079,1.3282622109879312,1.9515422998261027,37.40857146609238,1.0,0.0,0.0,0.0945009802218383,0.0301526975233575,0.0114063367988111,54121
2016,2015,12,flower,Moree,1.4081631952852216,1.3589501827272574,2.8912262761629757,43.65305905384186,0.9961207979008672,0.0038792020991326,0.0,0.1567860247166639,0.0953322118326758,0.0620154362023555,54121
2016,2016,1,flower,Moree,1.6306372886363747,1.9213032817457831,3.9515121141308,50.54975594772759,0.9052223088802076,0.0947776911197926,0.0,0.2397102236284597,0.1453357710665089,0.0981024822506139,74562
2016,2016,2,flower,Moree,1.7054487106131062,1.8900976815223691,4.138799679821844,49.458012607780056,1.0,0.0,0.0,0.2399556617085077,0.1534290508409488,0.1035488952620314,74562
2016,2016,3,boll,Moree,1.2070637303999734,1.3281827028005728,2.9215317041363393,37.41897564239917,0.8792234527092981,0.120776547290702,0.0,0.1596495784076997,0.0966398317864856,0.0524465646878219,74562
2016,2016,4,boll,Moree,0.8796418896956862,1.047250979343768,1.8898895560777649,26.38925669087059,0.999986537597244,1.3462402755917509e-05,0.0,0.087391636236797,0.0293216939334876,0.0004981089019689,74562
2016,2015,9,pre,Narrabri,3.000423798301569,3.828128021603667,4.015887278422563,90.01271394904704,1.0,0.0,0.0,0.8408419399437105,0.5594168774548365,0.1006972246046914,25355
2016,2015,10,pre,Narrabri,2.8288424785353854,3.7345174302732738,4.452878262593679,87.69411683459691,1.0,0.0,0.0,0.7010029836110867,0.4352052402658072,0.1850257828416431,25355
2016,2015,11,establish,Narrabri,1.6797578445693857,2.047181879828139,2.7963341340516656,50.39273533708156,1.0,0.0,0.0,0.2595107762450545,0.0801570783941983,0.0303710956816056,25355
2016,2015,12,flower,Narrabri,1.6147890072386597,2.0166199530951037,2.8288680815094387,50.05845922439846,0.970869882192762,0.0291301178072382,0.0,0.2524334021779099,0.0849403254420867,0.035519409513821,25355
2016,2016,1,flower,Narrabri,2.148278007201514,2.7187205980490954,3.5941009681767677,66.59661822324694,0.4634102130585588,0.5365897869414412,0.0,0.5020544097457386,0.1871022320229715,0.0682881309784832,42360
2016,2016,2,flower,Narrabri,2.2477282340399647,2.9838957140032787,3.983268553648538,65.18411878715897,1.0,0.0,0.0,0.5122477955998531,0.2463145581647453,0.0989909635033137,42360
2016,2016,3,boll,Narrabri,1.2475562852854312,1.4841193636753975,2.35902922044693,38.67424484384836,0.9377759429834346,0.0622240570165654,0.0,0.1448128098369484,0.0506775206840512,0.0138560298935689,42360
2016,2016,4,boll,Narrabri,1.0579623928788042,1.2580073863404444,2.0844779527979584,31.738871786364125,1.0,0.0,0.0,0.1122859673535563,0.0243516786582917,0.0005700613290979,42360
2016,2015,9,pre,Warren,2.831402310862698,3.3043755664101035,3.585519593623907,84.94206932588092,0.9985907601341868,0.0014092398658132,0.0,0.8918105705298804,0.4678126223429329,0.0019857470836459,31388
2016,2015,10,pre,Warren,2.3672198846148835,2.85944745277154,3.516057551160257,73.38381642306138,0.9998398591061576,0.0001601408938424,0.0,0.6268248682856847,0.2101450449455829,0.0447379649094249,31388
2016,2015,11,establish,Warren,1.462418200106785,1.64143308023415,2.6400351921717324,43.872546003203546,0.9994555209609358,0.0005444790390642,0.0,0.1826504234816037,0.0733197860417177,0.0354423826252028,31388
2016,2015,12,flower,Warren,1.3608634764759575,1.4220242155320917,2.0775364212280456,42.186767770754685,1.0,0.0,0.0,0.1111286114754578,0.0338472537218313,0.0155461011721183,31388
2016,2016,1,flower,Warren,1.4086146133736692,1.6096253373981848,2.3898301758080422,43.66705301458374,0.8449166710061112,0.1550833289938887,0.0,0.1558196614922352,0.0545848239649258,0.0276675731572062,50633
2016,2016,2,flower,Warren,1.779794460712104,2.4852954317338627,3.3906748930665693,51.61403936065099,1.0,0.0,0.0,0.347439274330877,0.1512811983395601,0.052617462287636,50633
2016,2016,3,boll,Warren,0.9341086792341284,1.1090342405650746,1.5775367826895563,28.957369056257985,0.999960362088436,3.963791156393323e-05,0.0,0.0547464067455953,0.0224155498749851,0.0032131579213257,50633
2016,2016,4,boll,Warren,0.7006237903609103,0.8045397150434079,1.1482143024711626,21.01871371082731,0.999980181044218,1.9818955781966615e-05,0.0,0.0170408822311014,0.0025789513363028,3.963791156393323e-05,50633
2017,2016,9,pre,Hillston,2.454652066320785,3.015278255666234,3.2655163261098488,73.63956198962356,0.9881911664776648,0.0118088335223352,0.0,0.782354979149188,0.2540970792487671,0.0020878914163238,56658
2017,2016,10,pre,Hillston,2.6506955595746913,3.390426219680178,4.015309015250305,82.17156234681549,0.9532043096465788,0.0467956903534212,0.0,0.742175455181492,0.394070596542288,0.1023670471476967,56658
2017,2016,11,establish,Hillston,2.268860641542489,2.641035404698561,3.920645775733056,68.0658192462747,1.0,0.0,0.0,0.4974913037483722,0.1831854450723229,0.0961123239785759,56658
2017,2016,12,flower,Hillston,1.356015211038058,1.5303699649119844,2.093658907567502,42.03647154217978,0.9984252344402303,0.0015747655597696,0.0,0.1145234462434573,0.0322970920300764,0.0181704839321524,56658
2017,2017,1,flower,Hillston,2.7609336143366594,5.079724698696497,6.359940433559743,85.58894204443642,1.0,0.0,0.0,0.4384449574592837,0.3861647252732443,0.3350765787711901,17191
2017,2017,2,flower,Hillston,2.807069327519776,5.641111130807914,6.32829157804651,78.59794117055372,1.0,0.0,0.0,0.4362556220921641,0.3893099676316416,0.3527248831155304,17191
2017,2017,3,boll,Hillston,2.1108295333707066,4.0803533666274125,4.6407790042071,65.4357155344919,1.0,0.0,0.0,0.4025316345826821,0.3471333411450463,0.2593742269658964,17191
2017,2017,4,boll,Hillston,1.1364956275235043,2.0076541677117348,2.5080738249625867,34.09486882570513,1.0,0.0,0.0,0.2531287395435538,0.0,0.0,17191
2017,2016,9,pre,Moree,2.8297774617432623,3.265487964357514,3.5783602040412235,84.89332385229785,0.3498447151437407,0.6501552848562594,0.0,0.8969513781831259,0.4244339759158144,0.0207390690173042,74562
2017,2016,10,pre,Moree,3.201630823577691,3.8588337069620655,4.733722833323491,99.2505555309084,1.0,0.0,0.0,0.871318435398496,0.5722359007859985,0.2213535247553261,74562
2017,2016,11,establish,Moree,1.6698871608719013,1.8903852140484056,2.641118100645454,50.09661482615703,0.9980748764059038,0.0019251235940962,0.0,0.2140415394843562,0.0690429092178444,0.0229075717357329,74562
2017,2016,12,flower,Moree,1.4614209959752067,1.421815188538743,2.515360953578719,45.304050875231376,1.0,0.0,0.0,0.1414169448148658,0.0747584119031714,0.0306641330600659,74562
2017,2017,1,flower,Moree,2.383657508747433,2.0302304895051355,7.59230795298053,73.8933827711704,1.0,0.0,0.0,0.2533206721883298,0.2087442892045211,0.1865175956857246,49576
2017,2017,2,flower,Moree,2.188983428586936,2.140467702776984,7.015545099684336,61.29153600043423,1.0,0.0,0.0,0.2577332807894228,0.2127624214590686,0.1839659657750479,49576
2017,2017,3,boll,Moree,1.3245384921129828,1.3281953543494325,4.109253210805573,41.06069325550246,1.0,0.0,0.0,0.1971357428204788,0.1538371995800193,0.1110375482246937,49576
2017,2017,4,boll,Moree,1.080631667338107,1.4295449134000795,2.9449298562425557,32.41895002014322,1.0,0.0,0.0,0.1872346882553004,0.0963367932328567,0.000202478801065,49576
2017,2016,9,pre,Narrabri,2.554544182936793,2.9531813180467217,3.2031238405207856,76.63632548810381,0.8566890968412175,0.1433109031587824,0.0,0.8513350845642202,0.2232949787004781,0.004584056893611,42360
2017,2016,10,pre,Narrabri,3.2928079777826005,4.047024128521204,4.57730278549426,102.0770473112606,0.976896401692784,0.0231035983072159,0.0,0.8842418747864017,0.628874146573014,0.2682271754010712,42360
2017,2016,11,establish,Narrabri,1.789385735573327,2.0159655167232073,2.7664400563326095,53.681572067199795,1.0,0.0,0.0,0.2543994622794051,0.077798561004992,0.0296848259454658,42360
2017,2016,12,flower,Narrabri,1.6390024603384192,1.7965465624356909,2.5774438368258985,50.80907627049099,1.0,0.0,0.0,0.1910378907283716,0.0650582491833079,0.0288962411068802,42360
2017,2017,1,flower,Narrabri,2.3484843422156487,2.7022699222230075,5.6390989025433855,72.80301460868512,1.0,0.0,0.0,0.3457446431940152,0.2231353884223111,0.1706076023272481,19019
2017,2017,2,flower,Narrabri,2.190673706483486,2.483618353707076,5.108460609729473,61.33886378153759,0.9999469035614592,5.309643854076827e-05,0.0,0.344657519642559,0.1954850536648827,0.1324016955879149,19019
2017,2017,3,boll,Narrabri,1.5702937804822936,2.0780969639896125,3.4225962729681108,48.679107194951094,0.99930974629897,0.0006902537010299,0.0,0.2657861958421532,0.1284584000856206,0.0752443164947521,19019
2017,2017,4,boll,Narrabri,1.4095576795072111,2.257452153390454,2.960487076730439,42.28673038521634,1.0,0.0,0.0,0.3086456410322613,0.0922553742965762,0.0,19019
2017,2016,9,pre,Warren,2.6214159089343876,3.046473634406659,3.3276977734665696,78.64247726803164,0.9430023930417588,0.056997606958241,0.0,0.8505372491444817,0.2841968309878311,0.0064016781603656,50633
2017,2016,10,pre,Warren,3.2593714386400645,3.796934542730873,4.3279348546660525,101.040514597842,1.0,0.0,0.0,0.9259661740943708,0.6408812207233219,0.1811628208824953,50633
2017,2016,11,establish,Warren,2.4470824415240258,2.984786680967027,3.828987090994227,73.41247324572078,0.9998216293979624,0.0001783706020376,0.0,0.6067466834337624,0.2489769144139768,0.080991212041842,50633
2017,2016,12,flower,Warren,1.4320230836426284,1.5469531052493757,2.3602630859030818,44.39271559292147,1.0,0.0,0.0,0.1430999333927642,0.0567924224748513,0.0265456648171565,50633
2017,2017,1,flower,Warren,2.750075746573762,4.1086525599161785,6.639072284895993,85.25234814378665,0.9998282642091164,0.0001717357908837,0.0,0.4201788880814688,0.3178755407151886,0.2539898265064428,5839
2017,2017,2,flower,Warren,2.5997790143329764,3.7372694492340086,7.018709301948547,72.79381240132334,0.9994847926273488,0.0005152073726511,0.0,0.386776613491429,0.2984667024505687,0.2328851814910572,5839
2017,2017,3,boll,Warren,1.9896714242484967,2.9872720779911166,4.923268293079577,61.67981415170341,0.9998282642091164,0.0001717357908837,0.0,0.3793569538515624,0.2448198087469415,0.1660092440998653,5839
2017,2017,4,boll,Warren,1.1838333837244153,1.851673362039437,2.461604038874308,35.51500151173246,1.0,0.0,0.0,0.202648233242796,0.0164866359248376,0.0,5839
2018,2017,9,pre,Hillston,1.2819072741282669,1.8045405944188435,2.961620154204192,38.45721822384801,1.0,0.0,0.0,0.211648543263985,0.0961628728465539,0.0,17191
2018,2017,10,pre,Hillston,2.0104188690932947,2.5784326496690806,4.077876405282454,62.3229849418921,0.9997670190845632,0.0002329809154368,0.0,0.3624865550596717,0.1838943490935786,0.1062968574300697,17191
2018,2017,11,establish,Hillston,1.395135627798912,1.640860014491611,2.8311217772333244,41.85406883396736,1.0,0.0,0.0,0.1902871626830356,0.085038034134445,0.0272587671061097,17191
2018,2017,12,flower,Hillston,1.5369847227434237,1.7031765239579335,3.268653500464654,47.64652640504611,1.0,0.0,0.0,0.2055476410568106,0.117597345479405,0.0615896470590385,17191
2018,2018,1,flower,Hillston,3.3771179857846496,6.107557365486214,6.607847084035853,104.69065755932412,0.999276563135864,0.000723436864136,0.0,0.5341066594963935,0.4903029514017496,0.4455400196131772,12457
2018,2018,2,flower,Hillston,3.1027645943496514,5.768049782621646,6.077017484110505,86.87740864179024,0.9998392362524142,0.0001607637475857,0.0,0.5234158702819387,0.483229346507975,0.4281775348739123,12457
2018,2018,3,boll,Hillston,2.250414397040145,4.046918117484686,4.3908478639212,69.76284630824448,1.0,0.0,0.0,0.4732575810351736,0.4035806814932871,0.2600753950453874,12457
2018,2018,4,boll,Hillston,1.0929561490944284,1.632304702232133,2.196275821546229,32.78868447283286,1.0,0.0,0.0,0.1391098164550837,0.0090027698648039,0.0,12457
2018,2017,9,pre,Moree,2.422905657823948,3.171430485115204,3.547051021557358,72.68716973471845,1.0,0.0,0.0,0.6649653947848291,0.3102689863379216,0.0168050258573369,49576
2018,2017,10,pre,Moree,1.302019793636776,1.6717248813261982,2.390221936460385,40.36261360274006,0.9945735681314566,0.0054264318685434,0.0,0.1669730713517031,0.0388988774019444,0.0066624259930056,49576
2018,2017,11,establish,Moree,1.245166140266462,1.327248491541406,2.17222864754144,37.35498420799384,1.0,0.0,0.0,0.1209974407473579,0.0377331553319695,0.0133282663344214,49576
2018,2017,12,flower,Moree,1.6911199481749144,2.0156999010637366,3.4839940494908004,52.424718393422346,0.9968413307033852,0.0031586692966148,0.0,0.2527812845429827,0.1385787941490137,0.0694158470708582,49576
2018,2018,1,flower,Moree,5.133683018470385,7.847209938934872,8.154957300465316,159.14417357258193,1.0,0.0,0.0,0.7326862530988264,0.6780449137810687,0.6286294278398127,12336
2018,2018,2,flower,Moree,4.291200049797623,6.484142400634606,6.609070527375605,120.15360139433344,1.0,0.0,0.0,0.716858253667436,0.6539060991025275,0.5896124211866983,12336
2018,2018,3,boll,Moree,2.955836955702152,4.483919403769753,4.953594019202838,91.6309456267667,0.9963426038365848,0.0036573961634153,0.0,0.6591035857462585,0.5621776471420674,0.3579161351888363,12336
2018,2018,4,boll,Moree,1.4501840470741645,1.921658799205482,2.4219776616580244,43.50552141222493,1.0,0.0,0.0,0.2140945689499655,0.0247823251669015,0.0028379481864095,12336
2018,2017,9,pre,Narrabri,2.2090120014475625,3.039128226056651,3.3985449724587817,66.27036004342686,1.0,0.0,0.0,0.543327110291922,0.2619243148789547,0.0011681216478969,19019
2018,2017,10,pre,Narrabri,1.5407907532403733,1.8592028996572103,2.795402749890526,47.76451335045158,0.9999469035614592,5.309643854076829e-05,0.0,0.2113577654686583,0.0814139144318618,0.0212025531266306,19019
2018,2017,11,establish,Narrabri,1.4479025165607395,1.7964961791946958,2.5761868836234227,43.43707549682218,0.9997345178072962,0.0002654821927038,0.0,0.1966052844074292,0.0619735384008019,0.0198466158412287,19019
2018,2017,12,flower,Narrabri,1.8449994111725891,2.454258253977543,3.422388417293769,57.194981746350265,0.9748533184857644,0.0251466815142354,0.0,0.3536152011563779,0.1526907817503168,0.0572213030407393,19019
2018,2018,1,flower,Narrabri,4.17772316825471,6.173901285893562,7.050605010986328,129.509418215896,1.0,0.0,0.0,0.7203149845572692,0.6419120170380868,0.5542460306025415,3047
2018,2018,2,flower,Narrabri,4.115903065335377,6.234989796888111,6.421616488558875,115.24528582939055,0.9969939722266612,0.0030060277733389,0.0,0.7342946509733242,0.6640099231661921,0.56100992054656,3047
2018,2018,3,boll,Narrabri,3.2191235444619313,4.671715746467872,4.859504047462907,99.79282987831984,1.0,0.0,0.0,0.7092758551133908,0.6051900150104915,0.4665525380305082,3047
2018,2018,4,boll,Narrabri,1.5709253594377308,2.039285237972553,2.646963506937027,47.12776078313191,1.0,0.0,0.0,0.2617719715088819,0.0516512850605003,0.0003340030859265,3047
2018,2017,9,pre,Warren,1.5213816863526572,2.1104847719503,2.829724437312076,45.64145059057971,1.0,0.0,0.0,0.278855148605337,0.0647336175841286,0.0005152073726511,5839
2018,2017,10,pre,Warren,1.684167487026197,2.1417412352054677,3.0134506085339714,52.2091920978121,1.0,0.0,0.0,0.281848065682542,0.1002997631393033,0.027477726541396,5839
2018,2017,11,establish,Warren,1.4723506694269743,1.7350611170132957,3.0502342616810516,44.17052008280923,0.9998282642091164,0.0001717357908837,0.0,0.2061240309555446,0.1037257237990112,0.0310013408861162,5839
2018,2017,12,flower,Warren,2.1132236851930566,2.921831227335637,4.450084761569374,65.50993424098476,1.0,0.0,0.0,0.3714988628396748,0.2420107499870356,0.1448763131895107,5839
2018,2018,1,flower,Warren,5.617588715903714,7.234079967110844,7.453401363257206,174.14525019301513,0.8427840242554323,0.1572159757445676,0.0,0.8651314322789744,0.8312682288583679,0.7834369344921903,2560
2018,2018,2,flower,Warren,5.022234859355718,6.26523118381351,6.328715637686172,140.6225760619601,1.0,0.0,0.0,0.8461665008740626,0.8097049404145993,0.7636617461881795,2560
2018,2018,3,boll,Warren,3.3818088769591976,4.454566844995471,4.673067734159273,104.83607518573513,1.0,0.0,0.0,0.7929647561311233,0.6752853195902284,0.4822335415606439,2560
2018,2018,4,boll,Warren,1.2044825005676674,1.4309834968752977,1.77154253079341,36.13447501703002,0.9968635216809064,0.0031364783190936,0.0,0.0439106964673106,0.0,0.0,2560
2019,2018,9,pre,Hillston,1.357139332117535,2.461516692088201,3.3358065252718716,40.71417996352604,1.0,0.0,0.0,0.2945995674509521,0.1736248473926484,0.000723436864136,12457
2019,2018,10,pre,Hillston,1.6265621145689175,2.516379788517952,4.234327576377175,50.423425551636456,0.9999196181262072,8.03818737928928e-05,0.0,0.2975736967812891,0.1959710083070726,0.1184025000969311,12457
2019,2018,11,establish,Hillston,1.2043135107123606,1.2345728771186169,2.8913436496959015,36.12940532137081,1.0,0.0,0.0,0.1567446538961409,0.0931625917259627,0.037457953187488,12457
2019,2018,12,flower,Hillston,1.328891943333803,1.5140602054267094,2.516204754511515,41.19565024334788,1.0,0.0,0.0,0.1657474237609449,0.0630997709274208,0.0304647301675063,12457
2019,2019,1,flower,Hillston,2.3331594239217925,4.454450165783918,5.7032736095029914,72.32794214157556,0.998929315809009,0.001070684190991,0.0,0.3616477283860352,0.3224606869957637,0.2787767720033299,14014
2019,2019,2,flower,Hillston,2.4067986881768193,5.043272018432617,6.5146542770761835,67.39036326895094,1.0,0.0,0.0,0.3314544342000883,0.2995480453085557,0.2771350562438103,14014
2019,2019,3,boll,Hillston,1.6460919810543324,3.2014944228259,4.359758460963214,51.02885141268431,0.9906907858458068,0.009309214154193,0.0,0.3083276556746822,0.2589334249969628,0.160816765486852,14014
2019,2019,4,boll,Hillston,0.9745208390938944,1.4298158502578735,2.116455578804016,29.235625172816828,0.9880497648413624,0.0119502351586376,0.0,0.1171328504944181,0.0159175049727332,0.0,14014
2019,2018,9,pre,Moree,2.265748251586824,3.233742499755601,3.8593192714102127,67.97244754760474,1.0,0.0,0.0,0.5397366929744207,0.281512093471253,0.0604788304491696,12336
2019,2018,10,pre,Moree,1.981932507983436,2.671610631440815,3.8878108994353258,61.43990774748652,0.9740731249749002,0.0259268750250997,0.0,0.4124624937609123,0.1925100351301267,0.0909673310856681,12336
2019,2018,11,establish,Moree,1.6262905910255712,1.9511411723308776,2.9197302807209105,48.78871773076715,0.9997561735891056,0.0002438264108943,0.0,0.2381084425133817,0.0922667824284345,0.0363205734032238,12336
2019,2018,12,flower,Moree,1.6984014648286478,1.9510693606020089,3.234145662363838,52.65044540968808,1.0,0.0,0.0,0.2438850567239037,0.1216754348556388,0.0533336010642943,12336
2019,2019,1,flower,Moree,3.699782741023847,5.720128993145766,6.6582790335335185,114.69326497173924,1.0,0.0,0.0,0.6935757275319309,0.5938264170528761,0.4535434223527886,4724
2019,2019,2,flower,Moree,4.585926701768397,6.797963753552504,7.015600913543447,128.4059476495151,1.0,0.0,0.0,0.7856388340857899,0.6841395211114846,0.6023102694538063,4724
2019,2019,3,boll,Moree,3.0973274740594783,4.544766569137574,4.890805676176742,96.01715169584382,0.9946975922494186,0.0053024077505813,0.0,0.7078818315805584,0.5490250223740814,0.3807536322532778,4724
2019,2019,4,boll,Moree,1.552862243188012,2.2258073538541794,2.6649932015326714,46.585867295640355,1.0,0.0,0.0,0.3082399832319152,0.0351755492046804,0.0010604815501162,4724
2019,2018,9,pre,Narrabri,1.6282446522309384,2.350166018803914,2.992527106946165,48.84733956692815,1.0,0.0,0.0,0.3489585652799207,0.0981969072624059,0.0033400308592655,3047
2019,2018,10,pre,Narrabri,1.2146209089748463,1.516439520395719,2.08064867997348,37.65324817822024,0.9077365593228776,0.0922634406771225,0.0,0.1113841349844001,0.027409210102349,0.0090180833200168,3047
2019,2018,11,establish,Narrabri,1.6309288850989403,2.0767311384086184,2.606140380407961,48.92786655296821,0.9993319938281467,0.0006680061718531,0.0,0.279213481674364,0.0567320614146537,0.020040185155593,3047
2019,2018,12,flower,Narrabri,2.163646605162118,2.701561314719064,3.7329291105270386,67.07304476002565,1.0,0.0,0.0,0.4114577466449063,0.2060890727288445,0.0838452530957501,3047
2019,2019,1,flower,Narrabri,2.844218003326691,4.421874237060547,5.48755419254303,88.17075810312743,1.0,0.0,0.0,0.513597109262172,0.401773968157447,0.3197703313473153,679
2019,2019,2,flower,Narrabri,2.4858200521564577,3.3428397178649902,6.575708389282227,69.60296146038083,1.0,0.0,0.0,0.3361710587093416,0.258640347543399,0.2332937688929947,679
2019,2019,3,boll,Narrabri,2.154005728521261,3.305480718612671,5.232569482591417,66.77417758415909,1.0,0.0,0.0,0.3704634886481239,0.272059124475966,0.2064562150278607,679
2019,2019,4,boll,Narrabri,0.9635271298888411,1.181732813517253,1.5399184768850154,28.905813896665236,1.0,0.0,0.0,0.0178917025767559,0.0029819504294593,0.0,679
2019,2018,9,pre,Warren,0.6317166533207341,0.6796773404491191,0.8834555745124817,18.95149959962202,0.9113944874856053,0.0886055125143947,0.0,0.0101935545370542,0.0007841195797734,0.0,2560
2019,2018,10,pre,Warren,0.7863437876737795,0.8051211446523666,1.132030367851257,24.376657417887166,1.0,0.0,0.0,0.0325409625605963,0.0058808968483005,0.0,2560
2019,2018,11,establish,Warren,1.0908453798980315,1.2428021774842188,1.4448201537132264,32.72536139694095,1.0,0.0,0.0,0.0328146356688309,0.0023523587393202,0.0003920597898867,2560
2019,2018,12,flower,Warren,2.660722332058093,5.487383604049683,6.296119962419782,82.48239229380088,1.0,0.0,0.0,0.3538946912029471,0.3120795927498151,0.2948289619948002,2560
2019,2019,1,flower,Warren,6.269997158008143,7.828862965106964,7.950462058738426,194.3699118982524,1.0,0.0,0.0,0.8518204911092294,0.825571549534293,0.8052497883149873,1181
2019,2019,2,flower,Warren,5.461356319077029,6.765956423336402,6.796700988848185,152.91797693415683,1.0,0.0,0.0,0.8357324301439458,0.8120237087214225,0.7917019475021169,1181
2019,2019,3,boll,Warren,3.811990416272024,4.767852820520815,4.8588042736053465,118.17170290443272,0.9669771380186284,0.0330228619813717,0.0,0.825571549534293,0.7756138865368332,0.6985605419136325,1181
2019,2019,4,boll,Warren,1.1368474881089814,1.4259924173355103,1.5341925621032717,34.105424643269444,1.0,0.0,0.0,0.0,0.0,0.0,1181
2020,2019,9,pre,Hillston,1.6468572415022795,2.3290045034317743,3.0473139649238146,49.405717245068395,0.8803688863932695,0.1196311136067305,0.0,0.3106221388939119,0.1089953707254508,0.010492705071712,14014
2020,2019,10,pre,Hillston,1.9869900035421717,3.0784284273783364,4.420689541718056,61.59669010980731,1.0,0.0,0.0,0.3407630885194103,0.2567500689996478,0.1481113130870918,14014
2020,2019,11,establish,Hillston,1.2570628891551403,1.266375053858926,2.7353363309587753,37.71188667465421,1.0,0.0,0.0,0.1436858184309956,0.0798730406479304,0.0220560943344151,14014
2020,2019,12,flower,Hillston,1.3846511205175245,1.3910053293340017,2.2370324908076107,42.924184736043244,1.0,0.0,0.0,0.1314800186536979,0.065811388272915,0.0311212204848058,14014
2020,2020,1,flower,Hillston,1.414838273054594,1.202347190379444,2.1716947623661587,43.85998646469244,1.0,0.0,0.0,0.1076189309716447,0.0842714187336702,0.0724692366820474,35363
2020,2020,2,flower,Hillston,1.3950276764971368,1.3278007590540084,3.670683360681301,40.45580261841695,0.918558508654274,0.0814414913457259,0.0,0.1652535553588568,0.1251868872399194,0.0894221266489756,35363
2020,2020,3,boll,Hillston,1.0079028967953263,1.04587150848415,1.9855650335164177,31.244989800655137,1.0,0.0,0.0,0.0993390982554523,0.0738296290796767,0.0440427038732505,35363
2020,2020,4,boll,Hillston,0.9209567558839182,1.305014261028223,1.710823193192482,27.62870267651754,1.0,0.0,0.0,0.0457395266456858,0.002550735745555,0.0,35363
2020,2019,9,pre,Moree,1.8391990057641965,2.5174009524858914,3.3297562739428352,55.17597017292589,1.0,0.0,0.0,0.3984948647740468,0.1532815873786892,0.0140798679846026,4724
2020,2019,10,pre,Moree,1.7100579535027414,2.295496824809483,3.265175774787877,53.011796558584976,1.0,0.0,0.0,0.3242611562659072,0.1410922876791174,0.0166250237048817,4724
2020,2019,11,establish,Moree,2.044404178431894,2.765238146412143,3.8545064131418862,61.33212535295684,1.0,0.0,0.0,0.4033730799045816,0.2151055823748798,0.0812328867389069,4724
2020,2019,12,flower,Moree,1.951991509158732,2.47083245732393,3.464554204940796,60.51173678392069,1.0,0.0,0.0,0.3852633820295371,0.1563149804871394,0.0651135671771395,4724
2020,2020,1,flower,Moree,1.8809345198107563,1.8600916385650632,4.88625556230545,58.30897011413343,0.9854211294809432,0.0145788705190568,0.0,0.2348274068360204,0.1586082974638797,0.1209067125603598,17496
2020,2020,2,flower,Moree,1.912605715683482,2.4532959584532112,4.798985481262207,55.46556575482097,0.9671179731566012,0.0328820268433988,0.0,0.3075221074604787,0.1971827688869751,0.1329553826238861,17496
2020,2020,3,boll,Moree,1.5774168284737986,1.8274949541557617,4.484763396413703,48.89992168268776,1.0,0.0,0.0,0.2357000682688193,0.1720277459967754,0.1176492567297007,17496
2020,2020,4,boll,Moree,1.0080664051781978,1.4306446827691175,2.2887166261672975,30.24199215534594,1.0,0.0,0.0,0.139831783648391,0.0212943344983074,0.0,17496
2020,2019,9,pre,Narrabri,1.60055578933953,1.9217295135770525,2.4500594938586566,48.01667368018589,1.0,0.0,0.0,0.2358664320086067,0.0268375538651339,0.0029819504294593,679
2020,2019,10,pre,Narrabri,1.3922829375379582,1.7581692337989807,2.3043311834335327,43.1607710636767,1.0,0.0,0.0,0.1714621496939115,0.0119278017178373,0.0074548760736483,679
2020,2019,11,establish,Narrabri,1.6247454612656254,1.9562481774224176,2.831579566001892,48.74236383796876,1.0,0.0,0.0,0.2293412228335545,0.0894585128837799,0.0223646282209449,679
2020,2019,12,flower,Narrabri,1.6475835133902568,2.043347978591919,3.2076075871785483,51.075088915097965,1.0,0.0,0.0,0.2549567617187728,0.1267328932520215,0.0432382812271603,679
2020,2020,1,flower,Narrabri,2.0279443375663853,2.5165288692865615,4.169907251993815,62.86627446455793,0.9789544056754887,0.0210455943245111,0.0,0.3325641765892428,0.188532039728046,0.1104806787246452,16809
2020,2020,2,flower,Narrabri,2.208215384380306,2.98447473257099,4.702930479176982,64.03824614702889,0.9432568569309728,0.056743143069027,0.0,0.4130195537136928,0.249212422801461,0.152520188309115,16809
2020,2020,3,boll,Narrabri,2.0079054375800385,2.8607111491146204,4.078445560053775,62.24506856498118,0.9999400992660868,5.99007339131881e-05,0.0,0.4110792397445832,0.2307240025529458,0.111771011004587,16809
2020,2020,4,boll,Narrabri,1.328505465350278,1.8827989283731903,2.4135023429989815,39.85516396050834,0.989351998558624,0.010648001441376,0.0,0.2128688857500382,0.0091103143660987,0.0,16809
2020,2019,9,pre,Warren,0.7307860195939567,0.9649432843381708,1.113557008596567,21.9235805878187,0.933107535986452,0.0668924640135478,0.0,0.0,0.0,0.0,1181
2020,2019,10,pre,Warren,0.7054894198359927,0.8239741482232746,0.9870461026827494,21.87017201491577,1.0,0.0,0.0,0.0,0.0,0.0,1181
2020,2019,11,establish,Warren,0.6774879372493379,0.6913223000509399,0.7534338235855103,20.324638117480134,1.0,0.0,0.0,0.0008467400508044,0.0,0.0,1181
2020,2019,12,flower,Warren,0.8280304921672669,0.8397284944852194,0.940999068997123,25.668945257185275,1.0,0.0,0.0,0.0016934801016088,0.0,0.0,1181
2020,2020,1,flower,Warren,1.1239974028559072,1.1396804937116047,1.4531165094549443,34.843919488533125,1.0,0.0,0.0,0.0406706541724205,0.0124990074240838,0.0045875822110121,25617
2020,2020,2,flower,Warren,1.1578220191371646,1.2653162618420215,1.952149824947289,33.57683855497777,0.9984081923721944,0.0015918076278057,0.0,0.0923561747898158,0.0283542653578948,0.0114575130662924,25617
2020,2020,3,boll,Warren,1.4955847650833332,1.9830285082124683,3.764902718365192,46.36312771758334,1.0,0.0,0.0,0.2486583522210738,0.1751831600146033,0.0730606525704759,25617
2020,2020,4,boll,Warren,1.387053348725585,2.241519181627926,2.86725943582552,41.61160046176755,1.0,0.0,0.0,0.3033958613923218,0.0724146526782962,0.0,25617
2021,2020,9,pre,Hillston,2.1629049226251937,2.891138211975223,3.266011820699936,64.88714767875581,0.9431074785571482,0.0568925214428517,0.0,0.569601076043712,0.196325073321149,0.0009636112816541,35363
2021,2020,10,pre,Hillston,1.791529898682799,2.2659157756403694,3.54703647591347,55.53742685916677,1.0,0.0,0.0,0.3232904735632633,0.1543486321165527,0.0583574995632073,35363
2021,2020,11,establish,Hillston,1.2576718753614315,1.3596266079173638,2.203562466652839,37.73015626084293,0.969465192404387,0.0305348075956131,0.0,0.1216686502017693,0.0457451949473425,0.0142201017093374,35363
2021,2020,12,flower,Hillston,1.0645165244936283,1.0463129056036675,1.5773193201009374,33.00001225930247,1.0,0.0,0.0,0.0700125280580932,0.0457996551005156,0.024203648074489,35363
2021,2021,1,flower,Hillston,1.4212177517143227,1.296076645805368,2.422642008824782,44.05775030314398,1.0,0.0,0.0,0.1255109070703636,0.0868429349185395,0.0747666420994815,37799
2021,2021,2,flower,Hillston,1.3735378797260966,1.577930740515391,2.452232580572012,38.45906063233069,0.999946917394202,5.3082605798056885e-05,0.0,0.1428569495591385,0.0777733033420079,0.0541971323527345,37799
2021,2021,3,boll,Hillston,0.9135622036160136,1.077693498968673,1.5783458187693993,28.320428312096404,1.0,0.0,0.0,0.0739808113665887,0.0548608730922917,0.0098202820726405,37799
2021,2021,4,boll,Hillston,0.6314407807073652,0.8354546253383159,1.1794053316116333,18.943223421220956,0.9996815043652116,0.0003184956347883,0.0,0.0227722297202848,0.0027868368043979,0.0,37799
2021,2020,9,pre,Moree,3.121501811511449,3.7967445217707874,3.9843471570832096,93.64505434534348,1.0,0.0,0.0,0.8384993374570732,0.6889339012422764,0.0791578423271631,17496
2021,2020,10,pre,Moree,2.705599406031056,3.2970214922722723,3.8580552667379377,83.87358158696274,1.0,0.0,0.0,0.7608840148098096,0.3949651689467582,0.0820778930797295,17496
2021,2020,11,establish,Moree,1.328901435906282,1.2959277720409972,1.797119046993835,39.867043077188455,1.0,0.0,0.0,0.0825517007444295,0.0429283249424734,0.022729262699002,17496
2021,2020,12,flower,Moree,1.2284874554252148,1.2652463841038435,2.1727157686207743,38.083111118181655,1.0,0.0,0.0,0.1213010645929272,0.0512770185725852,0.0172191384083348,17496
2021,2021,1,flower,Moree,1.7736758770273795,2.047135736529347,4.357744116585411,54.98395218784877,1.0,0.0,0.0,0.2529052186853717,0.1762349075264337,0.1177551288281684,55930
2021,2021,2,flower,Moree,1.5665944491054715,1.7347720422137252,3.547959388056888,43.8646445749532,0.9943330315219844,0.0056669684780156,0.0,0.2183304471816649,0.1328943520692141,0.0819353415224734,55930
2021,2021,3,boll,Moree,1.4672686530752994,2.0163639429352163,3.422549154087827,45.48532824533429,1.0,0.0,0.0,0.2527012584935028,0.1368929712207102,0.0649250052168907,55930
2021,2021,4,boll,Moree,0.9108225155366458,1.23410671918342,1.9207431727150583,27.32467546609937,0.9817204372968448,0.0182795627031552,0.0,0.0861795152320891,0.019328289693852,0.0002692021165972,55930
2021,2020,9,pre,Narrabri,3.129669094436321,3.8670867222661585,4.007817925501676,93.89007283308965,1.0,0.0,0.0,0.8208578113963143,0.6714444744861633,0.1048610502642327,16809
2021,2020,10,pre,Narrabri,2.653225744322365,3.2657400224916566,4.1097465275159974,82.24999807399331,1.0,0.0,0.0,0.7083421520524928,0.339069396292215,0.1136074970349136,16809
2021,2020,11,establish,Narrabri,1.4988890725519644,1.7021163447809284,2.298568190755071,44.96667217655893,1.0,0.0,0.0,0.1738016270918569,0.0316776222368437,0.0124020358732575,16809
2021,2020,12,flower,Narrabri,1.287503354872206,1.548639936902487,2.451637808991163,39.91260400103838,1.0,0.0,0.0,0.1704161785539869,0.0507725667793348,0.0132406461480421,16809
2021,2021,1,flower,Narrabri,1.903262241301397,2.672280733973622,4.200573325827957,59.00112948034331,1.0,0.0,0.0,0.3156259111389285,0.2174617953373012,0.1179743656529294,20351
2021,2021,2,flower,Narrabri,1.7614615369663609,2.390699332844503,3.705102358374707,49.3209230350581,0.9874638946013926,0.0125361053986074,0.0,0.2985620040974526,0.1706468454669502,0.0830725451244591,20351
2021,2021,3,boll,Narrabri,1.6556297431738587,2.609617591101949,3.73313385864784,51.32452203838963,1.0,0.0,0.0,0.3206798894387578,0.2036569957975843,0.0665484210812765,20351
2021,2021,4,boll,Narrabri,0.951091935135669,1.461003909399221,2.055044425679576,28.53275805407007,0.98613125065602,0.0138687493439799,0.0,0.1109943125493229,0.0034696170398043,4.9565957711491143e-05,20351
2021,2020,9,pre,Warren,3.1149890725946996,3.734694018564512,3.9217878582020096,93.449672177841,0.9965142730496862,0.0034857269503137,0.0,0.8744843404926278,0.6625082151496037,0.0356680715551625,25617
2021,2020,10,pre,Warren,2.3370361489711455,2.6711860697968564,3.704379449719968,72.44812061810552,1.0,0.0,0.0,0.6004873106176671,0.1615709316636248,0.0835812661259988,25617
2021,2020,11,establish,Warren,1.4529321620419442,1.4837522479523513,1.8591220831995217,43.58796486125832,0.9998825035859444,0.0001174964140555,0.0,0.0807817796698028,0.0244039284042896,0.0116991102680039,25617
2021,2020,12,flower,Warren,1.1941686929668274,1.266176146181191,1.98357265525394,37.01922948197164,0.948952953360682,0.0510470466393184,0.0,0.0972222158226354,0.0292824102338915,0.0102390829320408,25617
2021,2021,1,flower,Warren,1.949445702181472,2.5150259528362655,3.734213182266722,60.43281676762562,0.999852033323256,0.0001479666767438,0.0,0.3409110646772982,0.1802412069593466,0.0766855193620682,40709
2021,2021,2,flower,Warren,1.7260898782767802,2.328620754460826,3.79610058265285,48.33051659174985,1.0,0.0,0.0,0.2794081835823525,0.1836944397217607,0.0816994620782683,40709
2021,2021,3,boll,Warren,1.108180255088028,1.327433500335807,2.2351599824734225,34.35358790772887,1.0,0.0,0.0,0.1315282559293535,0.0407387076764531,0.0210883461638817,40709
2021,2021,4,boll,Warren,0.8883328595095289,1.1475853484530982,2.1179029039434485,26.649985785285875,1.0,0.0,0.0,0.1203410080650542,0.0134465926369073,0.0,40709
2022,2021,9,pre,Hillston,2.477013912853396,3.1713823121318634,3.546446512482733,74.31041738560191,0.9845199672303376,0.0154800327696619,0.0,0.7319399184005855,0.3319346934068384,0.0039015715261571,37799
2022,2021,10,pre,Hillston,2.5077849340702723,3.2972467267984924,4.14010761890091,77.74133295617844,0.9972499046854976,0.0027500953145024,0.0,0.6693082722371619,0.3229412509821582,0.1202556250128152,37799
2022,2021,11,establish,Hillston,1.5015576921662916,1.7339267988440283,2.860934320043345,45.046730764988745,0.9974520349216932,0.0025479650783067,0.0,0.1917474866687198,0.0922852550988704,0.0403693217094222,37799
2022,2021,12,flower,Hillston,1.6459398570910584,1.9849700689812608,2.577356482629722,51.0241355698228,0.9997080456681108,0.0002919543318893,0.0,0.2469797298345165,0.0586523242323032,0.0328782211123678,37799
2022,2022,1,flower,Hillston,1.8980519662137905,2.0471701023312527,4.546973135933947,58.83961095262752,0.9989030745429104,0.0010969254570895,0.0,0.2586055096998673,0.1543034813051683,0.1230199924870043,44783
2022,2022,2,flower,Hillston,1.8390251463368212,2.1401187361503133,5.391098762045101,51.492704097430995,1.0,0.0,0.0,0.2739222586674009,0.162876794333456,0.133631594051723,44783
2022,2022,3,boll,Hillston,1.2594284364932322,1.4218118445678327,4.04736640487892,39.042281531290186,1.0,0.0,0.0,0.1596384280860674,0.1266745671051061,0.1026408820562396,44783
2022,2022,4,boll,Hillston,0.7861268909115575,0.8358517023140952,2.414449540051547,23.58380672734673,0.9994851166221824,0.0005148833778175,0.0,0.1185362493261085,0.001880443640725,0.0,44783
2022,2021,9,pre,Moree,3.390299231313936,4.015939844226076,4.203051136921721,101.70897693941812,1.0,0.0,0.0,0.9132115601371136,0.7414173966501404,0.2746182520442646,55930
2022,2021,10,pre,Moree,3.2923550734703553,4.140135123306218,4.8601635338696285,102.063007277581,1.0,0.0,0.0,0.8739269832366258,0.5886749308783976,0.2862033739294816,55930
2022,2021,11,establish,Moree,1.7426591701004928,2.2652167548924527,3.2350859375766094,52.279775103014785,0.9904565914226224,0.0095434085773776,0.0,0.3333890505470082,0.1247868288729651,0.0451602913857786,55930
2022,2021,12,flower,Moree,2.1442941740522956,2.453820959867611,4.358867015313665,66.47311939562118,0.9999641063844537,3.5893615546299075e-05,0.0,0.319547135179227,0.2026833644704583,0.1238862510209446,55930
2022,2022,1,flower,Moree,2.252004516691269,2.890742395744949,4.859409482059376,69.81214001742934,1.0,0.0,0.0,0.3491736135352542,0.2418112583696025,0.1708928840616411,47234
2022,2022,2,flower,Moree,1.7050936825416776,1.7341833280829282,3.8294852502418286,47.74262311116696,1.0,0.0,0.0,0.2216026676241593,0.1431255700780447,0.0945104125659593,47234
2022,2022,3,boll,Moree,1.3862487598947555,1.4536285605923882,3.171042365687234,42.97371155673743,1.0,0.0,0.0,0.1858377056648578,0.1081838831761379,0.074793407543449,47234
2022,2022,4,boll,Moree,0.8400784899359646,0.9449227827750584,1.8355788985888164,25.202354698078945,1.0,0.0,0.0,0.0794254112465229,0.0122405593744706,0.0,47234
2022,2021,9,pre,Narrabri,3.085778826786602,3.827835466811937,4.046699375106673,92.57336480359808,1.0,0.0,0.0,0.8600051315344457,0.63786800293897,0.1397064140293042,20351
2022,2021,10,pre,Narrabri,2.9226834620784925,3.5450859816889455,4.201546671019498,90.6031873244333,1.0,0.0,0.0,0.8376215337845456,0.4880687936617774,0.1353832906353384,20351
2022,2021,11,establish,Narrabri,2.078641692711657,2.57626661721846,3.2961014915596354,62.359250781349715,0.9643855959383127,0.0356144040616872,0.0,0.4935811112882096,0.1446464878145494,0.0391067631291475,20351
2022,2021,12,flower,Narrabri,2.3424790031170897,3.1088884111474324,4.638324726195562,72.61684909662978,0.9998513021268656,0.0001486978731344,0.0,0.4221678400516264,0.2602486850442984,0.1545470448970388,20351
2022,2022,1,flower,Narrabri,2.206050318121028,2.952199040232478,4.1115470932376,68.38755986175185,1.0,0.0,0.0,0.4153088815380318,0.2422233344220977,0.1116063006933333,20066
2022,2022,2,flower,Narrabri,2.0978263029246365,2.8892790227362704,4.361572239134047,58.739136481889815,0.9999497341726216,5.026582737847547e-05,0.0,0.3843940178540277,0.2343097191047006,0.1332886131737074,20066
2022,2022,3,boll,Narrabri,1.760491243700034,2.6092368566411897,3.733725731490088,54.57522855470106,0.998944417625052,0.0010555823749479,0.0,0.3533922238567925,0.183424932126349,0.0690910696548354,20066
2022,2022,4,boll,Narrabri,0.9579741424417394,1.3049701641863114,1.9128675730520608,28.73922427325218,1.0,0.0,0.0,0.0902244004518799,0.0032678701422759,0.0,20066
2022,2021,9,pre,Warren,3.0038098973162115,3.5148615703615462,3.734619520532868,90.11429691948636,0.9984788445369254,0.0015211554630747,0.0,0.900570745189197,0.6062337877360963,0.0103146313124953,40709
2022,2021,10,pre,Warren,3.1139888179981816,3.6410147788359537,4.170885700520461,96.53365335794362,1.0,0.0,0.0,0.9144371570050228,0.5734937911054813,0.1423951027478669,40709
2022,2021,11,establish,Warren,1.1797363655723505,1.3907771851579245,1.9518851263006936,35.3920909671705,0.9999506777744188,4.932222558129144e-05,0.0,0.0921099332447854,0.027931853318409,0.0069853810857581,40709
2022,2021,12,flower,Warren,2.226162654244777,2.921823386740374,4.23460408449173,69.01104228158808,1.0,0.0,0.0,0.4293703795470983,0.2389190850514393,0.1146862632572823,40709
2022,2022,1,flower,Warren,2.085903070465623,2.484442010501457,3.733602543134947,64.66299518443431,1.0,0.0,0.0,0.4059661880564668,0.1569357156542739,0.0877331738838363,28583
2022,2022,2,flower,Warren,1.6403830756329505,1.7647684172953366,3.2014163732528687,45.93072611772261,0.9998243796572964,0.0001756203427034,0.0,0.1935867858570941,0.1066088483176053,0.0808601512483713,28583
2022,2022,3,boll,Warren,1.292359045099398,1.4843350127054298,2.7010827502294443,40.063130398081334,0.99025313985068,0.0097468601493199,0.0,0.1635408311787128,0.0856118178854236,0.058275375176705,28583
2022,2022,4,boll,Warren,0.9287646185190592,1.133288542054734,2.0696887425013952,27.862938555571773,1.0,0.0,0.0,0.106125375844751,0.0413585218359447,0.0,28583
2023,2022,9,pre,Hillston,1.950642955693514,2.4533111315922733,2.828056170280742,58.519288670805416,0.9511968690174436,0.0488031309825563,0.0,0.4919696189836667,0.0566991507014046,0.0029997553316327,44783
2023,2022,10,pre,Hillston,2.6327931798269164,3.359696884636623,3.9845599431289753,81.61658857463443,0.9198909061763092,0.0801090938236907,0.0,0.749227477407681,0.3515213728397393,0.0954215411227653,44783
2023,2022,11,establish,Hillston,2.4691408737551996,3.140622707488628,4.609462651713141,74.07422621265596,0.9981796041393988,0.001820395860601,0.0,0.5548010175465056,0.2806647289259726,0.1472351377135262,44783
2023,2022,12,flower,Hillston,2.3135043334467853,2.5307226365322437,6.155486404121696,71.71863433685034,0.9813298809956588,0.018670119004341,0.0,0.364794039186795,0.1908436967695962,0.1468073411747189,44783
2023,2023,1,flower,Hillston,1.661641523809947,1.7031632408873598,2.8594289869070053,51.51088723810834,1.0,0.0,0.0,0.1858541741942132,0.0928789642683986,0.0582632110198069,39207
2023,2023,2,flower,Hillston,1.5255240897505231,1.5154560884135364,3.2661474158124224,42.71467451301466,1.0,0.0,0.0,0.1737899815489054,0.1093227353497065,0.0827554249466338,39207
2023,2023,3,boll,Hillston,1.0411593746406789,0.9522659924030304,2.3894567166344594,32.275940613861046,0.999590955955982,0.0004090440440179,0.0,0.1204132427608227,0.0771853077795765,0.0415435357205731,39207
2023,2023,4,boll,Hillston,0.6309672143211513,0.6019516313882699,1.5070820183648064,18.92901642963454,0.9999744347472488,2.5565252751121963e-05,0.0,0.070227749307332,0.0009459143517915,0.0,39207
2023,2022,9,pre,Moree,3.0578227019390947,3.5859649596006973,3.7887919374726344,91.73468105817284,1.0,0.0,0.0,0.91526839132919,0.6203124651630528,0.0158681774906483,47234
2023,2022,10,pre,Moree,3.0401188917676105,3.6090377599775127,4.110028712043398,94.24368564479592,1.0,0.0,0.0,0.8931627572193799,0.5182064749884445,0.1221270645518858,47234
2023,2022,11,establish,Moree,1.5535819745503856,1.703080070438889,2.6094555181450816,46.60745923651156,1.0,0.0,0.0,0.1852434601378803,0.0670680493073208,0.0205278843661264,47234
2023,2022,12,flower,Moree,1.59404094880724,1.6400938409980297,2.6106502405354672,49.415269413024426,1.0,0.0,0.0,0.1756022569849431,0.0710197030286472,0.0288499007178199,47234
2023,2023,1,flower,Moree,2.803696509270712,4.45379938984985,6.14003561625576,86.91459178739207,1.0,0.0,0.0,0.445805296637435,0.3537541595425882,0.2810234945213538,27422
2023,2023,2,flower,Moree,2.813182019086242,5.234870575569771,6.703176174250387,78.7690965344148,1.0,0.0,0.0,0.408869104250547,0.3401292158457891,0.2898418397128307,27422
2023,2023,3,boll,Moree,2.258710799865605,4.045952320098877,5.016335711123777,70.02003479583375,1.0,0.0,0.0,0.4137515397201847,0.3145553540896806,0.2525721370396925,27422
2023,2023,4,boll,Moree,1.240131801221119,1.7730634921305888,2.898852562082225,37.203954036633576,1.0,0.0,0.0,0.2193044141709411,0.0846961006011803,0.0019045419447355,27422
2023,2022,9,pre,Narrabri,3.17431022289175,3.7965306885877808,4.046953990839175,95.22930668675252,0.9994951733964068,0.0005048266035932,0.0,0.9056437485376096,0.6593660316154314,0.1296107315767365,20066
2023,2022,10,pre,Narrabri,3.2229549722981914,3.952802128830508,4.483301601518049,99.91160414124394,1.0,0.0,0.0,0.8804623431090182,0.6205146865905949,0.2293288684137228,20066
2023,2022,11,establish,Narrabri,1.864052217430156,2.329022264549983,3.1409972160985236,55.92156652290468,1.0,0.0,0.0,0.3338041237296298,0.1168948570962239,0.0429778737712715,20066
2023,2022,12,flower,Narrabri,1.8240983773777648,2.171812567900869,3.2046416368297703,56.5470496987107,1.0,0.0,0.0,0.2859376518446869,0.1214254836706039,0.0439118325560528,20066
2023,2023,1,flower,Narrabri,2.4639527103939813,3.390429147454195,5.7361116255483315,76.38253402221342,1.0,0.0,0.0,0.4110425591955055,0.287404376491111,0.2047848952053564,15435
2023,2023,2,flower,Narrabri,2.364258253720841,3.10781341570395,6.134217047691346,66.19923110418355,1.0,0.0,0.0,0.4149331725712527,0.2648831482004053,0.1801865011159283,15435
2023,2023,3,boll,Narrabri,2.0841159792593027,2.983455396280056,4.702386974524139,64.60759535703838,1.0,0.0,0.0,0.4143959877889229,0.2473830840665965,0.1529783740796798,15435
2023,2023,4,boll,Narrabri,1.0501307628735634,1.4601363758204482,2.241479980683886,31.5039228862069,1.0,0.0,0.0,0.1336135553218234,0.0279920987147584,0.0,15435
2023,2022,9,pre,Warren,2.450667374886258,2.9133621923186075,3.2106927691045284,73.52002124658775,0.999894627794378,0.000105372205622,0.0,0.7852832632160506,0.2029067852675606,0.0,28583
2023,2022,10,pre,Warren,2.662034735979686,3.2347015605098712,3.671903874418607,82.52307681537027,0.994134280553704,0.0058657194462959,0.0,0.7992426699856846,0.3597926385186514,0.0445603217309581,28583
2023,2022,11,establish,Warren,2.129156206621473,2.514930204775186,3.702831175367711,63.874686198644184,0.999894627794378,0.000105372205622,0.0,0.3789603248163665,0.1658095705235511,0.0840711798202171,28583
2023,2022,12,flower,Warren,1.8107077867307584,2.04616414466405,2.889996310559715,56.13194138865351,0.9995785111775116,0.0004214888224883,0.0,0.2628469035516494,0.0882999799310714,0.0315108349486961,28583
2023,2023,1,flower,Warren,2.0421034625694388,2.2958909213542937,4.580201496949067,63.30520733965259,1.0,0.0,0.0,0.2941571047962702,0.1825136750253178,0.1265358946369205,18365
2023,2023,2,flower,Warren,1.9925951178533128,1.98417089114318,5.9210216578315285,55.792663299892745,1.0,0.0,0.0,0.2465108212561215,0.1694873505479871,0.1349544280156443,18365
2023,2023,3,boll,Warren,1.3338538860812026,1.235478961190512,3.94841980934143,41.349470468517275,0.9998906683976788,0.000109331602321,0.0,0.1626153234028796,0.1183795427280764,0.0996971300240015,18365
2023,2023,4,boll,Warren,0.9210534514290856,0.9774241080650916,2.3054390320411096,27.631603542872575,1.0,0.0,0.0,0.126579412902158,0.0344261634383116,0.0,18365
2024,2023,9,pre,Hillston,2.490458478868257,3.1719004428836164,3.5163896295225943,74.7137543660477,0.99976991272524,0.00023008727476,0.0,0.7356827566681198,0.3395661085354258,0.0102005358476976,39207
2024,2023,10,pre,Hillston,2.2708531942991117,3.171887281522878,3.985485566929816,70.39644902327248,0.9870654859463296,0.0129345140536705,0.0,0.5050003629263331,0.2850883595288614,0.0989697102885404,39207
2024,2023,11,establish,Hillston,1.537148302730993,1.7662118817335808,2.766727371447227,46.1144490819298,1.0,0.0,0.0,0.1993251575320848,0.0780108148037049,0.0249104815130138,39207
2024,2023,12,flower,Hillston,1.3898410745836918,1.6092601351819549,2.485639117859505,43.08507331209442,1.0,0.0,0.0,0.172414570950895,0.0496150374215146,0.0186450897270192,39207
2024,2024,1,flower,Hillston,1.7012428392176746,2.109597001600703,3.9526479874017104,52.73852801574795,1.0,0.0,0.0,0.2681025536142922,0.1474847334520846,0.0976810324456463,42687
2024,2024,2,flower,Hillston,1.8017570894074395,1.953856861120776,5.640257312030327,52.25095559281575,0.9999295230646136,7.047693538646926e-05,0.0,0.2428548594307582,0.1624876607783878,0.1425748402868273,42687
2024,2024,3,boll,Hillston,1.1331873268778774,1.0793129811563678,3.859241134112643,35.1288071332142,1.0,0.0,0.0,0.1513053203637347,0.1257073604176656,0.0887304616515647,42687
2024,2024,4,boll,Hillston,0.5992297551798196,0.7265264015131789,1.382683465647143,17.976892655394575,0.9998825384410226,0.0001174615589774,0.0,0.0156693719675916,0.0027720927918677,0.0,42687
2024,2023,9,pre,Moree,2.7093101290512536,3.390958859667074,3.82797116341048,81.27930387153762,1.0,0.0,0.0,0.7728784896494034,0.4236002909381722,0.0609841224973801,27422
2024,2023,10,pre,Moree,1.909564420547912,2.298037739586991,3.139656920030893,59.19649703698528,1.0,0.0,0.0,0.3527407019285569,0.1149606509569246,0.0306558001489162,27422
2024,2023,11,establish,Moree,1.5715444970781651,1.7338418710115024,2.7968253260073452,47.14633491234496,0.9978695270990754,0.0021304729009247,0.0,0.1935333475814903,0.0822125836504697,0.0253661718879267,27422
2024,2023,12,flower,Moree,1.9335101567300592,2.39003126048601,4.1416578494327165,59.93881485863184,1.0,0.0,0.0,0.2873886288217233,0.1906939139687092,0.1113359887761292,27422
2024,2024,1,flower,Moree,2.2257183161795027,2.673046531029118,6.609526402300751,68.99726780156458,1.0,0.0,0.0,0.3088619346770397,0.2269016816033512,0.1791144909805825,46215
2024,2024,2,flower,Moree,2.133953742199844,2.7333139265780955,6.452350567664015,61.884658523795466,1.0,0.0,0.0,0.3060060891178945,0.2340297459691067,0.1869085073342086,46215
2024,2024,3,boll,Moree,1.5577619336782085,1.9839042517500864,4.484280843992491,48.290619944024456,0.9980003540720028,0.0019996459279972,0.0,0.2476868332862119,0.1801999765258956,0.13032688073902,46215
2024,2024,4,boll,Moree,0.9869504471353996,1.1636297291664393,2.5395714516909615,29.60851341406199,1.0,0.0,0.0,0.1404393271540921,0.070453339165776,0.0,46215
2024,2023,9,pre,Narrabri,2.96765789846958,3.8284207106304824,4.108461507708764,89.02973695408738,1.0,0.0,0.0,0.7931764192811883,0.5619188835586568,0.1512264949590826,15435
2024,2023,10,pre,Narrabri,2.1863691284209064,2.7034368937292497,3.327935327481094,67.7774429810481,1.0,0.0,0.0,0.5556799466406711,0.1625450860675714,0.038795054000667,15435
2024,2023,11,establish,Narrabri,1.6837645358611486,1.891277641581992,2.7310462221503258,50.51293607583444,0.9836497267899746,0.0163502732100254,0.0,0.2136605012698494,0.0760139555167902,0.0261894256176085,15435
2024,2023,12,flower,Narrabri,1.6521746881266073,1.8918278885283264,3.2655809382174876,51.21741533192484,1.0,0.0,0.0,0.2360780893255689,0.1231351171083348,0.0501785485236397,15435
2024,2024,1,flower,Narrabri,2.347765070670902,3.390018168091774,5.297438579682863,72.78071719079797,1.0,0.0,0.0,0.4298588803340358,0.2954605811068053,0.1869718723797221,22317
2024,2024,2,flower,Narrabri,2.1634403043522443,2.953226607394173,4.7344642880950465,62.73976882621509,1.0,0.0,0.0,0.4016724808507262,0.2451710758152605,0.1477482607020644,22317
2024,2024,3,boll,Narrabri,1.497757554705977,1.9845136185162515,3.266522396032615,46.430484195885285,0.8972913054932354,0.1027086945067645,0.0,0.2472352527930745,0.12293387551839,0.0531257790015183,22317
2024,2024,4,boll,Narrabri,0.9065798229969584,1.1635388130794266,1.9311873443198928,27.197394689908755,0.993137704806581,0.0068622951934189,0.0,0.0925193546468148,0.0122552872957599,0.0,22317
2024,2023,9,pre,Warren,2.487619556188411,3.235168971875538,3.608992132686433,74.62858668565237,1.0,0.0,0.0,0.7187766093826237,0.3486066008847713,0.0130719864994764,18365
2024,2023,10,pre,Warren,1.5345035562541882,1.8596504460212664,2.327766497929891,47.56961024387985,1.0,0.0,0.0,0.1837799922310249,0.027394426403539,0.0048721163253948,18365
2024,2023,11,establish,Warren,1.238478801479041,1.3275876049011472,1.8912216424942017,37.15436404437123,1.0,0.0,0.0,0.0839904662842776,0.0140013051192057,0.0051454453311975,18365
2024,2023,12,flower,Warren,1.5974268348930163,1.8595370138224103,2.8000352749457726,49.5202318816835,1.0,0.0,0.0,0.2181709980560412,0.0815045657734632,0.0255771636724099,18365
2024,2024,1,flower,Warren,2.044928761545933,2.1713447963723933,5.767381410510494,63.392791607923954,0.984857940695077,0.015142059304923,0.0,0.2741566255449597,0.1826389476635852,0.1420041430865589,29142
2024,2024,2,flower,Warren,2.1259492461762197,2.4839249744134793,6.641317402874982,61.65252813911037,1.0,0.0,0.0,0.292745353223682,0.2079652610222948,0.150914402079493,29142
2024,2024,3,boll,Warren,1.3706045551836836,1.5468234965000611,4.109810117947853,42.4887412106942,1.0,0.0,0.0,0.1949175938947744,0.1350898502491341,0.105914646792542,29142
2024,2024,4,boll,Warren,0.6010682815853877,0.7266111022098524,1.2110568633376415,18.032048447561635,0.99975866696555,0.0002413330344499,0.0,0.0119976994269388,0.0010687605811353,0.0,29142
2025,2024,9,pre,Hillston,2.2451947974104125,2.984469541927832,3.2970673843050724,67.35584392231237,0.9210224406853672,0.0789775593146325,0.0,0.6542470644974511,0.2424015960031746,0.0004463539241143,42687
2025,2024,10,pre,Hillston,2.456644388369592,3.2651158153099424,4.014961921784943,76.15597603945734,0.9862628937092656,0.0137371062907344,0.0,0.616804465197522,0.3236403133598013,0.1010030295869544,42687
2025,2024,11,establish,Hillston,1.379671469817423,1.578173985425075,2.3916087713767222,41.39014409452269,0.9999765076882046,2.3492311795489755e-05,0.0,0.1403755913959178,0.0557237635789017,0.0162801720742744,42687
2025,2024,12,flower,Hillston,1.5100122814738683,1.530729429913217,2.9689022291414013,46.81038072568992,0.999925377362532,7.462263746802626e-05,0.0,0.174615129140923,0.0976414179590892,0.0489344854700051,42687
2025,2025,1,flower,Hillston,1.6404391090018449,1.358804928397807,4.577945232391357,50.85361237905718,0.9999295230646136,7.047693538646926e-05,0.0,0.1672166170794634,0.1286912525225445,0.112199281135259,42687
2025,2025,2,flower,Hillston,1.477624519587125,1.1388728337365848,4.391674465603298,41.373486548439494,0.9999295230646136,7.047693538646926e-05,0.0,0.1524886879912369,0.1244622678925047,0.107594788023343,42687
2025,2025,3,boll,Hillston,1.0932981539182192,0.8894697469378313,3.107836692229561,33.89224277146477,0.9995771383876813,0.0004228616123188,0.0,0.1272961777087441,0.1033426795883594,0.0656845037801893,42687
2025,2025,4,boll,Hillston,0.6159040778013347,0.6013826233486748,1.2259006065480849,18.477122334040036,0.999953015376409,4.69846235909795e-05,0.0,0.0370238833896918,0.0070476935386469,2.349231179548975e-05,42687
2025,2024,9,pre,Moree,3.02522556328259,3.765081180106801,4.141423841356945,90.75676689847768,1.0,0.0,0.0,0.8561171223134659,0.5540700082346885,0.1596616694554596,46215
2025,2024,10,pre,Moree,2.2939261711272088,2.9530531623501783,3.578572001472647,71.11171130494347,1.0,0.0,0.0,0.5890522198243331,0.2372345493470593,0.0498886940479507,46215
2025,2024,11,establish,Moree,1.3306824217722235,1.4212704021361569,2.0164141522413614,39.920472653166705,1.0,0.0,0.0,0.1021317026814604,0.0357956225483348,0.0112371407040714,46215
2025,2024,12,flower,Moree,1.7883374902291158,1.841928635799169,3.5931652884634113,55.43846219710258,1.0,0.0,0.0,0.2239885571838644,0.1359609214975319,0.0764462251654161,46215
2025,2025,1,flower,Moree,1.8238823303287917,1.640321029178896,3.890710960734974,56.54035224019253,1.0,0.0,0.0,0.2020544188381989,0.1265533801048186,0.097738789133416,46215
2025,2025,2,flower,Moree,1.7659924248334762,1.6393306035936976,4.169452834358452,49.44778789533733,1.0,0.0,0.0,0.2113112622769182,0.1420553240487596,0.1043689876907558,46215
2025,2025,3,boll,Moree,1.183148890340436,1.1721125329624522,2.8591529702487057,36.67761560055352,1.0,0.0,0.0,0.1432622714631007,0.093924119318344,0.0562135758229339,46215
2025,2025,4,boll,Moree,1.178760881978481,1.6407848547688104,2.5468145349110407,35.36282645935443,0.9999347941545218,6.520584547817067e-05,0.0,0.1807262260552841,0.0511649386549372,0.0091374272432749,46215
2025,2024,9,pre,Narrabri,3.055907686678414,3.703684590612801,3.921334137310035,91.67723060035242,0.9998670386044824,0.0001329613955174,0.0,0.8706949543363472,0.6325092205452444,0.0687205041697826,22317
2025,2024,10,pre,Narrabri,2.3624108249166844,3.1392904780577933,3.82747485919203,73.23473557241721,0.9998645599632878,0.0001354400367122,0.0,0.5912695883472704,0.289487941056496,0.0768187560903755,22317
2025,2024,11,establish,Narrabri,1.4262204075852731,1.546394587646933,2.2028401200155012,42.7866122275582,1.0,0.0,0.0,0.1277353576041879,0.0499393086998889,0.0149150463435085,22317
2025,2024,12,flower,Narrabri,2.0151315911558383,2.5462990121187263,4.106937279506417,62.469079325831,1.0,0.0,0.0,0.3212660686767738,0.1965643908491399,0.1084701189181227,22317
2025,2025,1,flower,Narrabri,1.8144652727815804,2.077583346764247,3.5781069783603443,56.248423456229006,1.0,0.0,0.0,0.2642128827022004,0.1386645718607655,0.0829232952614045,22317
2025,2025,2,flower,Narrabri,1.6227130776295104,1.7653253321843612,3.2668801387151083,45.43596617362629,0.999954853321096,4.5146678904072335e-05,0.0,0.2086906117569742,0.1134295258571849,0.0724211154735196,22317
2025,2025,3,boll,Narrabri,1.2334291594664797,1.2968172516314005,2.4535114417473474,38.23630394346087,1.0,0.0,0.0,0.1410194580415618,0.0707800779568064,0.0436862281029755,22317
2025,2025,4,boll,Narrabri,1.4564635775916694,2.139866368988552,3.0458181137623996,43.693907327750075,0.9431151845808688,0.0568848154191311,0.0,0.2766508812631721,0.1062354468352709,0.0139503237813583,22317
2025,2024,9,pre,Warren,2.6955708925779507,3.2420984205924377,3.4455860050195675,80.8671267773385,0.9885194427897396,0.0114805572102604,0.0,0.8303079950321899,0.4408727305568722,0.0007929513989068,29142
2025,2024,10,pre,Warren,1.7613656021365631,2.140520762423473,2.515245976842974,54.602333666233456,1.0,0.0,0.0,0.3339051416509992,0.0323552562875705,0.0041716138812057,29142
2025,2024,11,establish,Warren,1.2584208856265056,1.35843041561033,1.82776437441508,37.75262656879516,1.0,0.0,0.0,0.0723999103349756,0.0190997858693221,0.0042405661767628,29142
2025,2024,12,flower,Warren,1.8807092934502865,2.1550332590476753,3.659405743034141,58.30198809695888,1.0,0.0,0.0,0.2829792745623624,0.1520783438686131,0.0773575803855325,29142
2025,2025,1,flower,Warren,1.619296114405123,1.482786795338329,2.609132362032148,50.198179546558805,0.9999655238522216,3.4476147778559836e-05,0.0,0.1559076298824647,0.0784332361962236,0.0525761253623037,29142
2025,2025,2,flower,Warren,1.3080930120013083,1.171266866279832,1.921752365859779,36.62660433603663,1.0,0.0,0.0,0.0925668343784788,0.0565408823568381,0.0445431829298993,29142
2025,2025,3,boll,Warren,0.9521077262401064,0.8587085537676853,1.4533148300080072,29.515339513443312,1.0,0.0,0.0,0.0633326834692144,0.0439570884176637,0.0349243376996811,29142
2025,2025,4,boll,Warren,0.7274812774624624,0.7421634325089009,1.3830237801808505,21.824438323873867,0.9954146723454516,0.0045853276545484,0.0,0.0388602969707769,0.0044474230634342,0.0002068568866713,29142
2026,2025,9,pre,Hillston,1.585777476266822,2.288945901607351,2.89836277280535,47.573324288004656,0.9929523064613531,0.0070476935386469255,0.0,0.3417662441274978,0.0820586451016457,0.0,42687
2026,2025,10,pre,Hillston,1.6372353016951193,2.0467311245518496,3.766571627722846,50.754294352548705,0.9969225071547908,0.0030774928452091573,0.0,0.2557070886438625,0.16316792442661485,0.06972518140901358,42687
2026,2025,11,establish,Hillston,1.0365464355213005,1.0776593403767813,1.9832083306277088,31.096393065639013,0.9999765076882046,2.349231179548975e-05,0.0,0.09964904328711797,0.04134646876006196,0.008034370634057495,42687
2026,2025,12,flower,Hillston,1.2030431173638414,1.3282416799422085,1.952528461566946,37.29433663827908,1.0,0.0,0.0,0.09231944200692517,0.04343728450986055,0.01818304932970907,42687
2026,2026,1,flower,Hillston,1.7064139936710903,1.2798744296812146,5.406390446882981,52.89883380380382,1.0,0.0,0.0,0.1718915871267659,0.13719510088566014,0.12495560644020999,42687
2026,2026,2,flower,Hillston,1.1581852561798418,0.8585499579358835,4.0167346444240835,32.429187173035565,0.9996241230112721,0.000375876988727836,0.0,0.13745351631541053,0.1217136674124324,0.10014772518417281,42687
2026,2026,3,boll,Hillston,0.9847996146342703,0.7964431985564854,3.2351913849512735,30.528788053662378,0.999283530553594,0.0007164694464059757,0.0,0.1247206833222551,0.1033896642119504,0.06768135028280597,42687
2026,2026,4,boll,Hillston,0.5649328073100084,0.5389991535246609,1.3200101510132893,16.947984219300256,0.9998355538174316,0.00016444618256842826,0.0,0.031009851570046473,0.0035708313929144423,0.0,42687
2026,2025,9,pre,Moree,2.2319575838193058,3.0234325426285005,3.2577223758403195,66.95872751457915,1.0,0.0,0.0,0.6617457420369813,0.2614135587415596,0.0,46215
2026,2025,10,pre,Moree,2.7454843769276454,3.51588194372835,4.172566092776242,85.110015684757,1.0,0.0,0.0,0.7395276215797085,0.46219053966318163,0.13053767035453315,46215
2026,2025,11,establish,Moree,1.6971356765253751,1.9213580414132665,3.547143002146298,50.914070295761256,1.0,0.0,0.0,0.23948308556106482,0.14753244459612738,0.07384037796547023,46215
2026,2025,12,flower,Moree,2.1769682751807835,2.905349353162304,5.217745367307017,67.48601653060427,0.9783534492656331,0.021646550734366988,0.0,0.3393486933302603,0.24280594135207262,0.1696271683181077,46215
2026,2026,1,flower,Moree,2.4492912015534984,3.280761198871397,6.283826799103708,75.92802724815847,1.0,0.0,0.0,0.37986419625442286,0.2772303659445809,0.17877797767607562,46215
2026,2026,2,flower,Moree,1.5417632262723604,1.5485219878258465,4.921730934045254,43.169370335626084,1.0,0.0,0.0,0.2099623110213136,0.15369520673960801,0.11975390205843349,46215
2026,2026,3,boll,Moree,1.3581787918060324,1.4222723524785732,3.767034474541159,42.103542545987004,1.0,0.0,0.0,0.18908143886201906,0.13486861704027345,0.09240733759248256,46215
2026,2026,4,boll,Moree,0.845651388630954,1.0458963660927967,1.7657363175231489,25.36954165892862,1.0,0.0,0.0,0.0640288160399902,0.012259636550288581,0.000782470145738048,46215
2026,2025,9,pre,Narrabri,2.392687623320535,3.2579217155995233,3.553900153378799,71.78062869961607,0.9998194132843837,0.00018058671561628934,0.0,0.6893972227887688,0.3616927065628753,0.0,22317
2026,2025,10,pre,Narrabri,2.6742096565205546,3.5787554214030135,4.233975244361801,82.9004993521372,0.9999097066421918,9.029335780814467e-05,0.0,0.6976183444943005,0.42564696076098535,0.1448799417023591,22317
2026,2025,11,establish,Narrabri,1.5076504523093124,1.639667929490001,2.451460169655976,45.22951356927936,1.0,0.0,0.0,0.16510919476737598,0.05672334964987422,0.026373627540961318,22317
2026,2025,12,flower,Narrabri,1.9296795533710442,2.3589115142822266,4.0144279304893695,59.82006615450237,1.0,0.0,0.0,0.31919941305776506,0.1730415547737213,0.10060893132322614,22317
2026,2026,1,flower,Narrabri,2.284037588067262,2.8468774998281883,4.905910955043167,70.80516523008512,0.9999548533210959,4.5146678904072335e-05,0.0,0.3633016987898566,0.2339031729440025,0.15516205356131166,22317
2026,2026,2,flower,Narrabri,2.0897939898401168,2.922345535663805,4.701103448867798,58.51423171552326,1.0,0.0,0.0,0.3448965485983638,0.24269101825413011,0.13992088885489606,22317
2026,2026,3,boll,Narrabri,1.454413394225845,1.8908728503581114,2.891300422151609,45.086815221001196,1.0,0.0,0.0,0.23002392242844516,0.09287326920026287,0.042926878668388964,22317
2026,2026,4,boll,Narrabri,1.083978630984992,1.4216296014984726,2.0471890782846986,32.51935892954976,1.0,0.0,0.0,0.10613063572189363,0.020905568019579848,0.0003617045686314501,22317
2026,2025,9,pre,Warren,2.458857085182253,3.01581179711171,3.234290901886579,73.7657125554676,0.9989312394188646,0.001068760581135355,0.0,0.7775831490324101,0.27474920968501243,6.895229555711969e-05,29142
2026,2025,10,pre,Warren,1.917716394169847,2.3900832519391817,2.827496699302183,59.44920821926525,1.0,0.0,0.0,0.4664007631802313,0.07096435058159233,0.005624208907609061,29142
2026,2025,11,establish,Warren,1.1157914007713376,1.2032288471176762,1.484062705569797,33.47374202314013,0.9999655238522215,3.4476147778559836e-05,0.0,0.031269866035153776,0.005654088235683813,0.002344378048942069,29142
2026,2025,12,flower,Warren,1.2362049474309773,1.1717715887380302,2.0471735140856575,38.3223533703603,1.0,0.0,0.0,0.10274541000792545,0.04520972178695147,0.007524588253395089,29142
2026,2026,1,flower,Warren,1.664948823733114,1.2795038950349793,2.7793467309739857,51.61341353572652,1.0,0.0,0.0,0.12992180809683823,0.09609651590810579,0.08354719811670999,29142
2026,2026,2,flower,Warren,1.2815571411378606,1.0150476252180098,2.637423594792684,35.8835999518601,0.9324516272606551,0.06754837273934491,0.0,0.11798751774169605,0.09310358067918822,0.08220587316725475,29142
2026,2026,3,boll,Warren,1.0674097073631503,0.9532289881240178,2.173581852231707,33.089700928257656,1.0,0.0,0.0,0.1069909786061307,0.08113386777221081,0.07105534057161182,29142
2026,2026,4,boll,Warren,0.6242665586353476,0.61745961415462,1.2426800105109144,18.72799675906043,1.0,0.0,0.0,0.02727063289284083,0.0013790459111423933,0.0001034284433356795,29142
